seconds,worker,moves,phase,hard,objective,surrogate,soft,lecturerConflicts,groupConflicts,roomConflicts,groupTravel,lecturerTravel,abstractRoomOverflow,lecturerWindows,groupWindows,mixedOnlineDays
0.0667011,1,0,start,987,6.5084e+07,6.50701e+07,1994,0,0,0,631,356,0,1394,370,230
0.0683507,0,0,start,1003,6.56687e+07,6.56622e+07,1932,0,0,0,632,371,0,1341,375,216
0.320818,0,20480,repair,790,3.28637e+08,3.28611e+08,7724,83,194,157,224,132,0,4159,3380,185
0.324048,1,19456,repair,787,2.99986e+08,2.99896e+08,7504,66,201,161,221,138,0,4139,3166,199
0.578726,1,41984,repair,770,3.35376e+08,3.35287e+08,7855,63,192,146,233,136,0,4267,3397,191
0.57942,0,39936,repair,783,3.38753e+08,3.38658e+08,7832,78,180,159,227,139,0,4213,3440,179
0.830841,1,63488,repair,754,3.46513e+08,3.46486e+08,8075,65,188,184,191,126,0,4458,3428,189
0.84059,0,60416,repair,768,3.58206e+08,3.58137e+08,8246,60,194,185,210,119,0,4574,3469,203
1.08849,1,87040,repair,754,3.46513e+08,3.46486e+08,8075,65,188,184,191,126,0,4458,3428,189
1.09295,0,79872,repair,768,3.58206e+08,3.58137e+08,8246,60,194,185,210,119,0,4574,3469,203
1.34303,0,98304,repair,768,3.58206e+08,3.58137e+08,8246,60,194,185,210,119,0,4574,3469,203
1.35007,1,109568,repair,754,3.46513e+08,3.46486e+08,8075,65,188,184,191,126,0,4458,3428,189
1.60477,1,132096,repair,754,3.46513e+08,3.46486e+08,8075,65,188,184,191,126,0,4458,3428,189
1.60542,0,116736,repair,768,3.58206e+08,3.58137e+08,8246,60,194,185,210,119,0,4574,3469,203
1.8576,0,135168,repair,768,3.58206e+08,3.58137e+08,8246,60,194,185,210,119,0,4574,3469,203
1.86325,1,153600,repair,754,3.46513e+08,3.46486e+08,8075,65,188,184,191,126,0,4458,3428,189
2.11727,0,153600,repair,768,3.58206e+08,3.58137e+08,8246,60,194,185,210,119,0,4574,3469,203
2.12207,1,175104,repair,754,3.46513e+08,3.46486e+08,8075,65,188,184,191,126,0,4458,3428,189
2.37322,1,195584,repair,754,3.46513e+08,3.46486e+08,8075,65,188,184,191,126,0,4458,3428,189
2.38048,0,171008,repair,768,3.58206e+08,3.58137e+08,8246,60,194,185,210,119,0,4574,3469,203
2.6248,1,214016,repair,754,3.46513e+08,3.46486e+08,8075,65,188,184,191,126,0,4458,3428,189
2.63115,0,187392,repair,768,3.58206e+08,3.58137e+08,8246,60,194,185,210,119,0,4574,3469,203
2.88869,1,233472,repair,754,3.46513e+08,3.46486e+08,8075,65,188,184,191,126,0,4458,3428,189
2.89137,0,208896,repair,768,3.58206e+08,3.58137e+08,8246,60,194,185,210,119,0,4574,3469,203
3.14991,1,247808,repair,754,3.46513e+08,3.46486e+08,8075,65,188,184,191,126,0,4458,3428,189
3.1513,0,230400,repair,768,3.58206e+08,3.58137e+08,8246,60,194,185,210,119,0,4574,3469,203
3.40517,0,250880,repair,768,3.58206e+08,3.58137e+08,8246,60,194,185,210,119,0,4574,3469,203
3.40771,1,264192,repair,754,3.46513e+08,3.46486e+08,8075,65,188,184,191,126,0,4458,3428,189
3.65854,0,269312,repair,768,3.58206e+08,3.58137e+08,8246,60,194,185,210,119,0,4574,3469,203
3.66156,1,283648,repair,754,3.46513e+08,3.46486e+08,8075,65,188,184,191,126,0,4458,3428,189
3.90868,0,288768,repair,768,3.58206e+08,3.58137e+08,8246,60,194,185,210,119,0,4574,3469,203
3.92021,1,304128,repair,754,3.46513e+08,3.46486e+08,8075,65,188,184,191,126,0,4458,3428,189
4.16518,0,309248,repair,768,3.58206e+08,3.58137e+08,8246,60,194,185,210,119,0,4574,3469,203
4.17545,1,325632,repair,754,3.46513e+08,3.46486e+08,8075,65,188,184,191,126,0,4458,3428,189
4.42517,0,330752,repair,768,3.58206e+08,3.58137e+08,8246,60,194,185,210,119,0,4574,3469,203
4.42806,1,346112,repair,754,3.46513e+08,3.46486e+08,8075,65,188,184,191,126,0,4458,3428,189
4.67801,0,352256,repair,768,3.58206e+08,3.58137e+08,8246,60,194,185,210,119,0,4574,3469,203
4.68222,1,366592,repair,754,3.46513e+08,3.46486e+08,8075,65,188,184,191,126,0,4458,3428,189
4.93317,0,374784,repair,768,3.58206e+08,3.58137e+08,8246,60,194,185,210,119,0,4574,3469,203
4.93948,1,388096,repair,754,3.46513e+08,3.46486e+08,8075,65,188,184,191,126,0,4458,3428,189
5.19125,0,394240,repair,768,3.58206e+08,3.58137e+08,8246,60,194,185,210,119,0,4574,3469,203
5.19649,1,408576,repair,754,3.46513e+08,3.46486e+08,8075,65,188,184,191,126,0,4458,3428,189
5.44414,0,415744,repair,768,3.58206e+08,3.58137e+08,8246,60,194,185,210,119,0,4574,3469,203
5.44955,1,430080,repair,754,3.46513e+08,3.46486e+08,8075,65,188,184,191,126,0,4458,3428,189
5.69734,0,437248,repair,768,3.58206e+08,3.58137e+08,8246,60,194,185,210,119,0,4574,3469,203
5.70284,1,450560,repair,754,3.46513e+08,3.46486e+08,8075,65,188,184,191,126,0,4458,3428,189
5.95651,0,460800,repair,768,3.58206e+08,3.58137e+08,8246,60,194,185,210,119,0,4574,3469,203
5.95799,1,473088,repair,754,3.46513e+08,3.46486e+08,8075,65,188,184,191,126,0,4458,3428,189
6.21096,0,481280,repair,768,3.58206e+08,3.58137e+08,8246,60,194,185,210,119,0,4574,3469,203
6.21205,1,495616,repair,754,3.46513e+08,3.46486e+08,8075,65,188,184,191,126,0,4458,3428,189
6.4727,0,500736,repair,768,3.58206e+08,3.58137e+08,8246,60,194,185,210,119,0,4574,3469,203
6.47961,1,515072,repair,754,3.46513e+08,3.46486e+08,8075,65,188,184,191,126,0,4458,3428,189
6.73031,0,520192,repair,768,3.58206e+08,3.58137e+08,8246,60,194,185,210,119,0,4574,3469,203
6.73679,1,533504,repair,754,3.46513e+08,3.46486e+08,8075,65,188,184,191,126,0,4458,3428,189
6.99332,0,539648,repair,768,3.58206e+08,3.58137e+08,8246,60,194,185,210,119,0,4574,3469,203
6.99593,1,551936,repair,754,3.46513e+08,3.46486e+08,8075,65,188,184,191,126,0,4458,3428,189
7.2462,0,556032,repair,768,3.58206e+08,3.58137e+08,8246,60,194,185,210,119,0,4574,3469,203
7.24768,1,569344,repair,754,3.46513e+08,3.46486e+08,8075,65,188,184,191,126,0,4458,3428,189
7.49985,1,586752,repair,754,3.46513e+08,3.46486e+08,8075,65,188,184,191,126,0,4458,3428,189
7.5039,0,574464,repair,768,3.58206e+08,3.58137e+08,8246,60,194,185,210,119,0,4574,3469,203
7.7614,1,607232,repair,754,3.46513e+08,3.46486e+08,8075,65,188,184,191,126,0,4458,3428,189
7.76171,0,592896,repair,768,3.58206e+08,3.58137e+08,8246,60,194,185,210,119,0,4574,3469,203
8.01835,0,609280,repair,768,3.58206e+08,3.58137e+08,8246,60,194,185,210,119,0,4574,3469,203
8.02285,1,629760,repair,750,3.13947e+08,3.1392e+08,7707,65,185,156,219,125,0,4284,3238,185
8.27155,0,627712,repair,768,3.58206e+08,3.58137e+08,8246,60,194,185,210,119,0,4574,3469,203
8.27969,1,652288,repair,746,3.1829e+08,3.18203e+08,7718,66,189,162,210,119,0,4252,3284,182
8.52348,0,646144,repair,767,2.96157e+08,2.96157e+08,7478,61,189,165,231,121,0,4164,3134,180
8.53675,1,674816,repair,746,3.1829e+08,3.18203e+08,7718,66,189,162,210,119,0,4252,3284,182
8.77493,0,664576,repair,767,2.96157e+08,2.96157e+08,7478,61,189,165,231,121,0,4164,3134,180
8.79359,1,693248,repair,746,3.1829e+08,3.18203e+08,7718,66,189,162,210,119,0,4252,3284,182
9.03145,0,681984,repair,767,2.96157e+08,2.96157e+08,7478,61,189,165,231,121,0,4164,3134,180
9.0482,1,710656,repair,746,3.1829e+08,3.18203e+08,7718,66,189,162,210,119,0,4252,3284,182
9.28477,0,699392,repair,767,2.96157e+08,2.96157e+08,7478,61,189,165,231,121,0,4164,3134,180
9.30902,1,728064,repair,746,3.1829e+08,3.18203e+08,7718,66,189,162,210,119,0,4252,3284,182
9.55132,0,718848,repair,767,2.96157e+08,2.96157e+08,7478,61,189,165,231,121,0,4164,3134,180
9.5682,1,746496,repair,746,3.1829e+08,3.18203e+08,7718,66,189,162,210,119,0,4252,3284,182
9.80588,0,737280,repair,755,3.18711e+08,3.18624e+08,7700,71,192,153,222,117,0,4202,3298,200
9.82146,1,764928,repair,746,3.1829e+08,3.18203e+08,7718,66,189,162,210,119,0,4252,3284,182
10.0563,0,755712,repair,755,3.18711e+08,3.18624e+08,7700,71,192,153,222,117,0,4202,3298,200
10.0832,1,784384,repair,746,3.1829e+08,3.18203e+08,7718,66,189,162,210,119,0,4252,3284,182
10.3149,0,776192,repair,755,3.18711e+08,3.18624e+08,7700,71,192,153,222,117,0,4202,3298,200
10.3476,1,803840,repair,746,3.1829e+08,3.18203e+08,7718,66,189,162,210,119,0,4252,3284,182
10.5732,0,797696,repair,754,2.99929e+08,2.99839e+08,7484,67,180,167,218,122,0,4130,3181,173
10.6051,1,823296,repair,744,3.16927e+08,3.16927e+08,7785,61,171,158,219,135,0,4357,3238,190
10.826,0,817152,repair,754,2.99929e+08,2.99839e+08,7484,67,180,167,218,122,0,4130,3181,173
10.8555,1,841728,repair,744,3.16927e+08,3.16927e+08,7785,61,171,158,219,135,0,4357,3238,190
11.0863,0,839680,repair,754,2.99929e+08,2.99839e+08,7484,67,180,167,218,122,0,4130,3181,173
11.1112,1,861184,repair,744,3.16927e+08,3.16927e+08,7785,61,171,158,219,135,0,4357,3238,190
11.3409,0,861184,repair,754,2.99929e+08,2.99839e+08,7484,67,180,167,218,122,0,4130,3181,173
11.3704,1,880640,repair,744,3.16927e+08,3.16927e+08,7785,61,171,158,219,135,0,4357,3238,190
11.6006,0,883712,repair,754,2.99929e+08,2.99839e+08,7484,67,180,167,218,122,0,4130,3181,173
11.6304,1,899072,repair,744,3.16927e+08,3.16927e+08,7785,61,171,158,219,135,0,4357,3238,190
11.8512,0,905216,repair,754,2.99929e+08,2.99839e+08,7484,67,180,167,218,122,0,4130,3181,173
11.8882,1,917504,repair,744,3.16927e+08,3.16927e+08,7785,61,171,158,219,135,0,4357,3238,190
12.1101,0,926720,repair,754,2.99929e+08,2.99839e+08,7484,67,180,167,218,122,0,4130,3181,173
12.1411,1,934912,repair,744,3.16927e+08,3.16927e+08,7785,61,171,158,219,135,0,4357,3238,190
12.3605,0,946176,repair,754,2.99929e+08,2.99839e+08,7484,67,180,167,218,122,0,4130,3181,173
12.4034,1,954368,repair,744,3.16927e+08,3.16927e+08,7785,61,171,158,219,135,0,4357,3238,190
12.6189,0,967680,repair,754,2.99929e+08,2.99839e+08,7484,67,180,167,218,122,0,4130,3181,173
12.6558,1,972800,repair,744,3.16927e+08,3.16927e+08,7785,61,171,158,219,135,0,4357,3238,190
12.8729,0,989184,repair,754,2.99929e+08,2.99839e+08,7484,67,180,167,218,122,0,4130,3181,173
12.9172,1,992256,repair,739,3.12451e+08,3.12359e+08,7609,63,197,160,198,121,0,4162,3270,177
13.1238,0,1010688,repair,754,2.99929e+08,2.99839e+08,7484,67,180,167,218,122,0,4130,3181,173
13.176,1,1010688,repair,739,3.12451e+08,3.12359e+08,7609,63,197,160,198,121,0,4162,3270,177
13.3774,0,1030144,repair,754,2.99929e+08,2.99839e+08,7484,67,180,167,218,122,0,4130,3181,173
13.4287,1,1032192,repair,739,3.12451e+08,3.12359e+08,7609,63,197,160,198,121,0,4162,3270,177
13.6315,0,1048576,repair,754,2.99929e+08,2.99839e+08,7484,67,180,167,218,122,0,4130,3181,173
13.6807,1,1051648,repair,739,3.12451e+08,3.12359e+08,7609,63,197,160,198,121,0,4162,3270,177
13.8937,0,1069056,repair,754,2.99929e+08,2.99839e+08,7484,67,180,167,218,122,0,4130,3181,173
13.9416,1,1073152,repair,739,3.12451e+08,3.12359e+08,7609,63,197,160,198,121,0,4162,3270,177
14.1485,0,1088512,repair,744,3.21423e+08,3.21397e+08,7688,79,190,179,187,109,0,4176,3336,176
14.201,1,1095680,repair,739,3.12451e+08,3.12359e+08,7609,63,197,160,198,121,0,4162,3270,177
14.3997,0,1106944,repair,744,3.21423e+08,3.21397e+08,7688,79,190,179,187,109,0,4176,3336,176
14.458,1,1118208,repair,739,3.12451e+08,3.12359e+08,7609,63,197,160,198,121,0,4162,3270,177
14.6584,0,1126400,repair,735,3.31776e+08,3.31771e+08,7861,60,204,162,207,102,0,4307,3368,186
14.7156,1,1140736,repair,739,3.12451e+08,3.12359e+08,7609,63,197,160,198,121,0,4162,3270,177
14.913,0,1145856,repair,735,3.31776e+08,3.31771e+08,7861,60,204,162,207,102,0,4307,3368,186
14.9714,1,1164288,repair,739,3.12451e+08,3.12359e+08,7609,63,197,160,198,121,0,4162,3270,177
15.1712,0,1165312,repair,735,3.31776e+08,3.31771e+08,7861,60,204,162,207,102,0,4307,3368,186
15.2255,1,1186816,repair,739,3.12451e+08,3.12359e+08,7609,63,197,160,198,121,0,4162,3270,177
15.4339,0,1184768,repair,735,3.31776e+08,3.31771e+08,7861,60,204,162,207,102,0,4307,3368,186
15.4865,1,1209344,repair,728,3.07631e+08,3.07631e+08,7561,80,173,162,188,125,0,4131,3248,182
15.69,0,1204224,repair,735,3.31776e+08,3.31771e+08,7861,60,204,162,207,102,0,4307,3368,186
15.7388,1,1232896,repair,728,3.07631e+08,3.07631e+08,7561,80,173,162,188,125,0,4131,3248,182
15.9531,0,1224704,repair,735,3.31776e+08,3.31771e+08,7861,60,204,162,207,102,0,4307,3368,186
15.9964,1,1256448,repair,728,3.07631e+08,3.07631e+08,7561,80,173,162,188,125,0,4131,3248,182
16.2139,0,1245184,repair,735,3.31776e+08,3.31771e+08,7861,60,204,162,207,102,0,4307,3368,186
16.2528,1,1278976,repair,728,3.07631e+08,3.07631e+08,7561,80,173,162,188,125,0,4131,3248,182
16.4761,0,1264640,repair,735,3.31776e+08,3.31771e+08,7861,60,204,162,207,102,0,4307,3368,186
16.5108,1,1301504,repair,728,3.07631e+08,3.07631e+08,7561,80,173,162,188,125,0,4131,3248,182
16.7262,0,1283072,repair,735,3.31776e+08,3.31771e+08,7861,60,204,162,207,102,0,4307,3368,186
16.7658,1,1323008,repair,728,3.07631e+08,3.07631e+08,7561,80,173,162,188,125,0,4131,3248,182
16.9833,0,1302528,repair,735,3.04214e+08,3.04143e+08,7393,66,184,154,185,146,0,3941,3277,175
17.0243,1,1346560,repair,728,3.07631e+08,3.07631e+08,7561,80,173,162,188,125,0,4131,3248,182
17.2358,0,1319936,repair,735,3.04214e+08,3.04143e+08,7393,66,184,154,185,146,0,3941,3277,175
17.276,1,1369088,repair,728,3.07631e+08,3.07631e+08,7561,80,173,162,188,125,0,4131,3248,182
17.4953,0,1339392,repair,735,3.04214e+08,3.04143e+08,7393,66,184,154,185,146,0,3941,3277,175
17.5281,1,1390592,repair,728,3.07631e+08,3.07631e+08,7561,80,173,162,188,125,0,4131,3248,182
17.7498,0,1358848,repair,735,3.00846e+08,3.00783e+08,7587,71,169,162,221,112,0,4253,3151,183
17.7791,1,1413120,repair,727,3.04989e+08,3.04989e+08,7580,70,188,156,196,117,0,4195,3205,180
18.0121,0,1378304,repair,735,3.00846e+08,3.00783e+08,7587,71,169,162,221,112,0,4253,3151,183
18.0306,1,1435648,repair,727,3.04989e+08,3.04989e+08,7580,70,188,156,196,117,0,4195,3205,180
18.2685,0,1396736,repair,735,3.00846e+08,3.00783e+08,7587,71,169,162,221,112,0,4253,3151,183
18.2927,1,1458176,repair,727,3.04989e+08,3.04989e+08,7580,70,188,156,196,117,0,4195,3205,180
18.5336,0,1416192,repair,735,3.00846e+08,3.00783e+08,7587,71,169,162,221,112,0,4253,3151,183
18.5476,1,1479680,repair,727,3.03587e+08,3.03502e+08,7599,69,192,144,208,114,0,4253,3173,173
18.792,0,1435648,repair,735,3.00846e+08,3.00783e+08,7587,71,169,162,221,112,0,4253,3151,183
18.8085,1,1502208,repair,727,3.03587e+08,3.03502e+08,7599,69,192,144,208,114,0,4253,3173,173
19.0497,0,1454080,repair,735,3.00846e+08,3.00783e+08,7587,71,169,162,221,112,0,4253,3151,183
19.0753,1,1523712,repair,727,3.03587e+08,3.03502e+08,7599,69,192,144,208,114,0,4253,3173,173
19.3119,0,1472512,repair,735,3.00846e+08,3.00783e+08,7587,71,169,162,221,112,0,4253,3151,183
19.3333,1,1545216,repair,727,3.03587e+08,3.03502e+08,7599,69,192,144,208,114,0,4253,3173,173
19.5714,0,1489920,repair,735,3.00846e+08,3.00783e+08,7587,71,169,162,221,112,0,4253,3151,183
19.5843,1,1563648,repair,727,3.03587e+08,3.03502e+08,7599,69,192,144,208,114,0,4253,3173,173
19.8272,0,1508352,repair,735,3.00846e+08,3.00783e+08,7587,71,169,162,221,112,0,4253,3151,183
19.8417,1,1584128,repair,727,3.03587e+08,3.03502e+08,7599,69,192,144,208,114,0,4253,3173,173
20.0854,0,1525760,repair,733,3.14907e+08,3.14836e+08,7612,61,178,144,206,144,0,4126,3299,187
20.0954,1,1604608,repair,725,2.95874e+08,2.95811e+08,7441,55,192,151,211,116,0,4115,3158,168
20.3446,0,1543168,repair,733,3.14907e+08,3.14836e+08,7612,61,178,144,206,144,0,4126,3299,187
20.3524,1,1625088,repair,725,2.95874e+08,2.95811e+08,7441,55,192,151,211,116,0,4115,3158,168
20.6023,0,1562624,repair,733,3.14907e+08,3.14836e+08,7612,61,178,144,206,144,0,4126,3299,187
20.605,1,1644544,repair,712,3.16026e+08,3.15999e+08,7714,54,195,139,204,120,0,4232,3275,207
20.855,0,1580032,repair,733,3.14907e+08,3.14836e+08,7612,61,178,144,206,144,0,4126,3299,187
20.8565,1,1664000,repair,712,3.16026e+08,3.15999e+08,7714,54,195,139,204,120,0,4232,3275,207
21.1114,0,1602560,repair,733,3.14907e+08,3.14836e+08,7612,61,178,144,206,144,0,4126,3299,187
21.1115,1,1685504,repair,712,3.16026e+08,3.15999e+08,7714,54,195,139,204,120,0,4232,3275,207
21.3643,0,1624064,repair,733,3.14907e+08,3.14836e+08,7612,61,178,144,206,144,0,4126,3299,187
21.3731,1,1707008,repair,712,3.16026e+08,3.15999e+08,7714,54,195,139,204,120,0,4232,3275,207
21.626,0,1645568,repair,733,3.14907e+08,3.14836e+08,7612,61,178,144,206,144,0,4126,3299,187
21.6296,1,1728512,repair,712,3.16026e+08,3.15999e+08,7714,54,195,139,204,120,0,4232,3275,207
21.887,1,1746944,repair,712,3.16026e+08,3.15999e+08,7714,54,195,139,204,120,0,4232,3275,207
21.887,0,1665024,repair,733,3.14907e+08,3.14836e+08,7612,61,178,144,206,144,0,4126,3299,187
22.1407,1,1764352,repair,712,3.16026e+08,3.15999e+08,7714,54,195,139,204,120,0,4232,3275,207
22.1454,0,1687552,repair,733,3.14907e+08,3.14836e+08,7612,61,178,144,206,144,0,4126,3299,187
22.3917,1,1781760,repair,712,3.16026e+08,3.15999e+08,7714,54,195,139,204,120,0,4232,3275,207
22.3982,0,1708032,repair,733,3.14907e+08,3.14836e+08,7612,61,178,144,206,144,0,4126,3299,187
22.6456,1,1798144,repair,712,3.16026e+08,3.15999e+08,7714,54,195,139,204,120,0,4232,3275,207
22.6494,0,1727488,repair,733,3.14907e+08,3.14836e+08,7612,61,178,144,206,144,0,4126,3299,187
22.8976,1,1815552,repair,712,3.16026e+08,3.15999e+08,7714,54,195,139,204,120,0,4232,3275,207
22.9086,0,1746944,repair,733,3.14907e+08,3.14836e+08,7612,61,178,144,206,144,0,4126,3299,187
23.1589,0,1764352,repair,733,3.14907e+08,3.14836e+08,7612,61,178,144,206,144,0,4126,3299,187
23.1614,1,1833984,repair,712,3.16026e+08,3.15999e+08,7714,54,195,139,204,120,0,4232,3275,207
23.4192,0,1782784,repair,731,3.08496e+08,3.08475e+08,7579,59,183,159,221,109,0,4167,3239,173
23.4196,1,1852416,repair,712,3.16026e+08,3.15999e+08,7714,54,195,139,204,120,0,4232,3275,207
23.6712,0,1801216,repair,731,3.08496e+08,3.08475e+08,7579,59,183,159,221,109,0,4167,3239,173
23.6792,1,1870848,repair,712,3.16026e+08,3.15999e+08,7714,54,195,139,204,120,0,4232,3275,207
23.9352,0,1820672,repair,731,3.08496e+08,3.08475e+08,7579,59,183,159,221,109,0,4167,3239,173
23.9399,1,1889280,repair,712,3.16026e+08,3.15999e+08,7714,54,195,139,204,120,0,4232,3275,207
24.1906,0,1839104,repair,731,3.08496e+08,3.08475e+08,7579,59,183,159,221,109,0,4167,3239,173
24.1941,1,1906688,repair,692,3.16292e+08,3.16266e+08,7595,55,168,141,201,127,0,4065,3337,193
24.4416,0,1856512,repair,731,3.08496e+08,3.08475e+08,7579,59,183,159,221,109,0,4167,3239,173
24.4507,1,1924096,repair,692,3.16292e+08,3.16266e+08,7595,55,168,141,201,127,0,4065,3337,193
24.6922,0,1873920,repair,731,3.08496e+08,3.08475e+08,7579,59,183,159,221,109,0,4167,3239,173
24.7051,1,1941504,repair,692,3.16292e+08,3.16266e+08,7595,55,168,141,201,127,0,4065,3337,193
24.9542,0,1892352,repair,731,3.08496e+08,3.08475e+08,7579,59,183,159,221,109,0,4167,3239,173
24.9599,1,1958912,repair,692,3.16292e+08,3.16266e+08,7595,55,168,141,201,127,0,4065,3337,193
25.2086,0,1909760,repair,731,3.08496e+08,3.08475e+08,7579,59,183,159,221,109,0,4167,3239,173
25.2216,1,1976320,repair,692,3.16292e+08,3.16266e+08,7595,55,168,141,201,127,0,4065,3337,193
25.4733,0,1928192,repair,731,3.08496e+08,3.08475e+08,7579,59,183,159,221,109,0,4167,3239,173
25.4817,1,1993728,repair,692,3.16292e+08,3.16266e+08,7595,55,168,141,201,127,0,4065,3337,193
25.7365,1,2011136,repair,692,3.16292e+08,3.16266e+08,7595,55,168,141,201,127,0,4065,3337,193
25.7369,0,1946624,repair,729,2.80462e+08,2.80457e+08,7309,66,156,157,215,135,0,4109,3038,162
25.9928,1,2028544,repair,692,3.16292e+08,3.16266e+08,7595,55,168,141,201,127,0,4065,3337,193
25.9952,0,1965056,repair,729,2.80462e+08,2.80457e+08,7309,66,156,157,215,135,0,4109,3038,162
26.2483,0,1982464,repair,729,2.80462e+08,2.80457e+08,7309,66,156,157,215,135,0,4109,3038,162
26.2595,1,2046976,repair,692,3.16292e+08,3.16266e+08,7595,55,168,141,201,127,0,4065,3337,193
26.51,0,2000896,repair,727,2.84389e+08,2.84307e+08,7340,59,159,150,221,138,0,4039,3087,214
26.5199,1,2065408,repair,692,3.16292e+08,3.16266e+08,7595,55,168,141,201,127,0,4065,3337,193
26.763,0,2018304,repair,718,3.15133e+08,3.15062e+08,7716,53,177,169,202,117,0,4265,3262,189
26.7783,1,2083840,repair,692,3.16292e+08,3.16266e+08,7595,55,168,141,201,127,0,4065,3337,193
27.017,0,2036736,repair,718,3.15133e+08,3.15062e+08,7716,53,177,169,202,117,0,4265,3262,189
27.0393,1,2102272,repair,692,3.16292e+08,3.16266e+08,7595,55,168,141,201,127,0,4065,3337,193
27.2812,0,2055168,repair,718,3.15133e+08,3.15062e+08,7716,53,177,169,202,117,0,4265,3262,189
27.2972,1,2120704,repair,692,3.16292e+08,3.16266e+08,7595,55,168,141,201,127,0,4065,3337,193
27.5472,0,2073600,repair,718,3.15133e+08,3.15062e+08,7716,53,177,169,202,117,0,4265,3262,189
27.5663,1,2137088,repair,692,3.16292e+08,3.16266e+08,7595,55,168,141,201,127,0,4065,3337,193
27.8097,0,2091008,repair,718,3.15133e+08,3.15062e+08,7716,53,177,169,202,117,0,4265,3262,189
27.8224,1,2150400,repair,692,3.16292e+08,3.16266e+08,7595,55,168,141,201,127,0,4065,3337,193
28.069,0,2107392,repair,718,3.15133e+08,3.15062e+08,7716,53,177,169,202,117,0,4265,3262,189
28.0871,1,2165760,repair,692,3.16292e+08,3.16266e+08,7595,55,168,141,201,127,0,4065,3337,193
28.3274,0,2123776,repair,718,3.15133e+08,3.15062e+08,7716,53,177,169,202,117,0,4265,3262,189
28.3453,1,2185216,repair,692,3.16292e+08,3.16266e+08,7595,55,168,141,201,127,0,4065,3337,193
28.584,0,2141184,repair,718,3.15133e+08,3.15062e+08,7716,53,177,169,202,117,0,4265,3262,189
28.5965,1,2202624,repair,692,3.16292e+08,3.16266e+08,7595,55,168,141,201,127,0,4065,3337,193
28.8405,0,2158592,repair,718,3.15133e+08,3.15062e+08,7716,53,177,169,202,117,0,4265,3262,189
28.861,1,2221056,repair,692,3.16292e+08,3.16266e+08,7595,55,168,141,201,127,0,4065,3337,193
29.1051,0,2176000,repair,718,3.15133e+08,3.15062e+08,7716,53,177,169,202,117,0,4265,3262,189
29.1213,1,2240512,repair,692,3.16292e+08,3.16266e+08,7595,55,168,141,201,127,0,4065,3337,193
29.3596,0,2193408,repair,718,3.15133e+08,3.15062e+08,7716,53,177,169,202,117,0,4265,3262,189
29.3776,1,2257920,repair,692,3.16292e+08,3.16266e+08,7595,55,168,141,201,127,0,4065,3337,193
29.6125,0,2210816,repair,718,3.15133e+08,3.15062e+08,7716,53,177,169,202,117,0,4265,3262,189
29.6307,1,2276352,repair,692,3.16292e+08,3.16266e+08,7595,55,168,141,201,127,0,4065,3337,193
29.8641,0,2227200,repair,718,3.15133e+08,3.15062e+08,7716,53,177,169,202,117,0,4265,3262,189
29.8939,1,2294784,repair,692,3.16292e+08,3.16266e+08,7595,55,168,141,201,127,0,4065,3337,193
30.1272,0,2245632,repair,718,3.15133e+08,3.15062e+08,7716,53,177,169,202,117,0,4265,3262,189
30.1526,1,2312192,repair,692,3.16292e+08,3.16266e+08,7595,55,168,141,201,127,0,4065,3337,193
30.3801,0,2264064,repair,718,3.15133e+08,3.15062e+08,7716,53,177,169,202,117,0,4265,3262,189
30.4138,1,2330624,repair,690,3.08333e+08,3.08267e+08,7476,53,162,162,200,113,0,4024,3295,157
30.6335,0,2282496,repair,718,3.15133e+08,3.15062e+08,7716,53,177,169,202,117,0,4265,3262,189
30.6685,1,2349056,repair,690,3.08333e+08,3.08267e+08,7476,53,162,162,200,113,0,4024,3295,157
30.8922,0,2301952,repair,718,3.15133e+08,3.15062e+08,7716,53,177,169,202,117,0,4265,3262,189
30.9233,1,2367488,repair,690,3.08333e+08,3.08267e+08,7476,53,162,162,200,113,0,4024,3295,157
31.1516,0,2320384,repair,718,3.15133e+08,3.15062e+08,7716,53,177,169,202,117,0,4265,3262,189
31.1737,1,2385920,repair,690,3.08333e+08,3.08267e+08,7476,53,162,162,200,113,0,4024,3295,157
31.4027,0,2338816,repair,718,3.15133e+08,3.15062e+08,7716,53,177,169,202,117,0,4265,3262,189
31.4279,1,2405376,repair,690,3.08333e+08,3.08267e+08,7476,53,162,162,200,113,0,4024,3295,157
31.6545,0,2359296,repair,703,2.82617e+08,2.82556e+08,7356,51,159,138,227,128,0,4115,3053,188
31.68,1,2423808,repair,690,3.08333e+08,3.08267e+08,7476,53,162,162,200,113,0,4024,3295,157
31.9176,0,2380800,repair,703,2.82617e+08,2.82556e+08,7356,51,159,138,227,128,0,4115,3053,188
31.9392,1,2442240,repair,690,3.08333e+08,3.08267e+08,7476,53,162,162,200,113,0,4024,3295,157
32.1775,0,2399232,repair,703,2.82617e+08,2.82556e+08,7356,51,159,138,227,128,0,4115,3053,188
32.1972,1,2460672,repair,690,2.98413e+08,2.98323e+08,7550,70,166,146,190,118,0,4213,3156,181
32.4359,0,2417664,repair,703,2.82617e+08,2.82556e+08,7356,51,159,138,227,128,0,4115,3053,188
32.4592,1,2480128,repair,690,2.98413e+08,2.98323e+08,7550,70,166,146,190,118,0,4213,3156,181
32.6933,0,2436096,repair,703,2.82617e+08,2.82556e+08,7356,51,159,138,227,128,0,4115,3053,188
32.718,1,2498560,repair,690,2.98413e+08,2.98323e+08,7550,70,166,146,190,118,0,4213,3156,181
32.9555,0,2455552,repair,703,2.82617e+08,2.82556e+08,7356,51,159,138,227,128,0,4115,3053,188
32.9739,1,2516992,repair,690,2.98413e+08,2.98323e+08,7550,70,166,146,190,118,0,4213,3156,181
33.2121,0,2473984,repair,703,2.82617e+08,2.82556e+08,7356,51,159,138,227,128,0,4115,3053,188
33.2239,1,2535424,repair,690,2.98413e+08,2.98323e+08,7550,70,166,146,190,118,0,4213,3156,181
33.4643,0,2492416,repair,700,2.59143e+08,2.5906e+08,7128,68,143,146,234,109,0,4089,2868,171
33.4827,1,2553856,repair,690,2.98413e+08,2.98323e+08,7550,70,166,146,190,118,0,4213,3156,181
33.7165,0,2511872,repair,700,2.59143e+08,2.5906e+08,7128,68,143,146,234,109,0,4089,2868,171
33.7403,1,2573312,repair,690,2.98413e+08,2.98323e+08,7550,70,166,146,190,118,0,4213,3156,181
33.9747,0,2530304,repair,700,2.59143e+08,2.5906e+08,7128,68,143,146,234,109,0,4089,2868,171
33.9913,1,2591744,repair,690,2.98413e+08,2.98323e+08,7550,70,166,146,190,118,0,4213,3156,181
34.2331,0,2548736,repair,694,2.71658e+08,2.71658e+08,7161,64,164,129,208,129,0,3958,3019,184
34.2509,1,2611200,repair,690,2.98413e+08,2.98323e+08,7550,70,166,146,190,118,0,4213,3156,181
34.493,0,2567168,repair,694,2.71658e+08,2.71658e+08,7161,64,164,129,208,129,0,3958,3019,184
34.5076,1,2630656,repair,690,2.98413e+08,2.98323e+08,7550,70,166,146,190,118,0,4213,3156,181
34.7495,0,2585600,repair,694,2.71658e+08,2.71658e+08,7161,64,164,129,208,129,0,3958,3019,184
34.7694,1,2650112,repair,690,2.98413e+08,2.98323e+08,7550,70,166,146,190,118,0,4213,3156,181
35.005,0,2604032,repair,694,2.71658e+08,2.71658e+08,7161,64,164,129,208,129,0,3958,3019,184
35.0252,1,2669568,repair,690,2.98413e+08,2.98323e+08,7550,70,166,146,190,118,0,4213,3156,181
35.2658,0,2621440,repair,694,2.71658e+08,2.71658e+08,7161,64,164,129,208,129,0,3958,3019,184
35.2839,1,2689024,repair,690,2.98413e+08,2.98323e+08,7550,70,166,146,190,118,0,4213,3156,181
35.521,0,2638848,repair,694,2.71658e+08,2.71658e+08,7161,64,164,129,208,129,0,3958,3019,184
35.5348,1,2709504,repair,690,2.98413e+08,2.98323e+08,7550,70,166,146,190,118,0,4213,3156,181
35.7753,0,2656256,repair,694,2.71658e+08,2.71658e+08,7161,64,164,129,208,129,0,3958,3019,184
35.7851,1,2731008,repair,690,2.98413e+08,2.98323e+08,7550,70,166,146,190,118,0,4213,3156,181
36.0381,0,2675712,repair,694,2.71658e+08,2.71658e+08,7161,64,164,129,208,129,0,3958,3019,184
36.045,1,2754560,repair,680,2.99152e+08,2.99083e+08,7456,62,159,139,215,105,0,4066,3209,181
36.2958,0,2694144,repair,677,2.85284e+08,2.85197e+08,7395,59,167,140,190,121,0,4161,3071,163
36.308,1,2776064,repair,680,2.99152e+08,2.99083e+08,7456,62,159,139,215,105,0,4066,3209,181
36.5554,0,2712576,repair,677,2.85284e+08,2.85197e+08,7395,59,167,140,190,121,0,4161,3071,163
36.5588,1,2795520,repair,680,2.99152e+08,2.99083e+08,7456,62,159,139,215,105,0,4066,3209,181
36.8103,1,2814976,repair,680,2.99152e+08,2.99083e+08,7456,62,159,139,215,105,0,4066,3209,181
36.813,0,2731008,repair,677,2.85284e+08,2.85197e+08,7395,59,167,140,190,121,0,4161,3071,163
37.0699,1,2834432,repair,680,2.99152e+08,2.99083e+08,7456,62,159,139,215,105,0,4066,3209,181
37.0819,0,2749440,repair,677,2.85284e+08,2.85197e+08,7395,59,167,140,190,121,0,4161,3071,163
37.3284,1,2854912,repair,680,2.99152e+08,2.99083e+08,7456,62,159,139,215,105,0,4066,3209,181
37.3373,0,2767872,repair,677,2.85284e+08,2.85197e+08,7395,59,167,140,190,121,0,4161,3071,163
37.5856,1,2874368,repair,680,2.99152e+08,2.99083e+08,7456,62,159,139,215,105,0,4066,3209,181
37.6004,0,2786304,repair,677,2.85284e+08,2.85197e+08,7395,59,167,140,190,121,0,4161,3071,163
37.8481,1,2893824,repair,680,2.99152e+08,2.99083e+08,7456,62,159,139,215,105,0,4066,3209,181
37.8601,0,2804736,repair,677,2.85284e+08,2.85197e+08,7395,59,167,140,190,121,0,4161,3071,163
38.102,1,2913280,repair,680,2.99152e+08,2.99083e+08,7456,62,159,139,215,105,0,4066,3209,181
38.1154,0,2822144,repair,675,3.00632e+08,3.00547e+08,7583,66,158,129,190,132,0,4199,3177,207
38.356,1,2934784,repair,680,2.99152e+08,2.99083e+08,7456,62,159,139,215,105,0,4066,3209,181
38.376,0,2843648,repair,675,3.00632e+08,3.00547e+08,7583,66,158,129,190,132,0,4199,3177,207
38.6172,1,2955264,repair,680,2.99152e+08,2.99083e+08,7456,62,159,139,215,105,0,4066,3209,181
38.628,0,2864128,repair,675,3.00632e+08,3.00547e+08,7583,66,158,129,190,132,0,4199,3177,207
38.8735,1,2975744,repair,680,2.99152e+08,2.99083e+08,7456,62,159,139,215,105,0,4066,3209,181
38.8824,0,2885632,repair,675,3.00632e+08,3.00547e+08,7583,66,158,129,190,132,0,4199,3177,207
39.1292,1,2995200,repair,680,2.99152e+08,2.99083e+08,7456,62,159,139,215,105,0,4066,3209,181
39.1439,0,2908160,repair,661,2.85595e+08,2.85534e+08,7392,40,144,139,229,109,0,4128,3082,182
39.384,1,3014656,repair,680,2.99152e+08,2.99083e+08,7456,62,159,139,215,105,0,4066,3209,181
39.4011,0,2930688,repair,661,2.85595e+08,2.85534e+08,7392,40,144,139,229,109,0,4128,3082,182
39.6432,1,3034112,repair,680,2.99152e+08,2.99083e+08,7456,62,159,139,215,105,0,4066,3209,181
39.6535,0,2952192,repair,659,2.81869e+08,2.81787e+08,7269,50,149,159,188,113,0,3985,3106,178
39.9035,1,3052544,repair,680,2.99152e+08,2.99083e+08,7456,62,159,139,215,105,0,4066,3209,181
39.9122,0,2972672,repair,659,2.81869e+08,2.81787e+08,7269,50,149,159,188,113,0,3985,3106,178
40.1571,1,3070976,repair,680,2.99152e+08,2.99083e+08,7456,62,159,139,215,105,0,4066,3209,181
40.1674,0,2994176,repair,659,2.81869e+08,2.81787e+08,7269,50,149,159,188,113,0,3985,3106,178
40.4133,1,3090432,repair,679,2.99866e+08,2.99802e+08,7568,64,166,160,181,108,0,4213,3171,184
40.4248,0,3016704,repair,659,2.81869e+08,2.81787e+08,7269,50,149,159,188,113,0,3985,3106,178
40.6681,1,3108864,repair,679,2.99866e+08,2.99802e+08,7568,64,166,160,181,108,0,4213,3171,184
40.6868,0,3038208,repair,659,2.81869e+08,2.81787e+08,7269,50,149,159,188,113,0,3985,3106,178
40.9209,1,3126272,repair,679,2.99866e+08,2.99802e+08,7568,64,166,160,181,108,0,4213,3171,184
40.942,0,3059712,repair,659,2.81869e+08,2.81787e+08,7269,50,149,159,188,113,0,3985,3106,178
41.174,1,3143680,repair,679,2.99866e+08,2.99802e+08,7568,64,166,160,181,108,0,4213,3171,184
41.2,0,3081216,repair,659,2.81869e+08,2.81787e+08,7269,50,149,159,188,113,0,3985,3106,178
41.4295,1,3162112,repair,679,2.99866e+08,2.99802e+08,7568,64,166,160,181,108,0,4213,3171,184
41.4603,0,3101696,repair,659,2.81869e+08,2.81787e+08,7269,50,149,159,188,113,0,3985,3106,178
41.6898,1,3180544,repair,679,2.99866e+08,2.99802e+08,7568,64,166,160,181,108,0,4213,3171,184
41.7186,0,3122176,repair,659,2.81869e+08,2.81787e+08,7269,50,149,159,188,113,0,3985,3106,178
41.9426,1,3197952,repair,679,2.99866e+08,2.99802e+08,7568,64,166,160,181,108,0,4213,3171,184
41.9783,0,3144704,repair,654,2.85819e+08,2.85751e+08,7355,55,158,145,180,116,0,4062,3113,180
42.2006,1,3216384,repair,679,2.99866e+08,2.99802e+08,7568,64,166,160,181,108,0,4213,3171,184
42.2391,0,3166208,repair,654,2.85819e+08,2.85751e+08,7355,55,158,145,180,116,0,4062,3113,180
42.4537,1,3233792,repair,679,2.99866e+08,2.99802e+08,7568,64,166,160,181,108,0,4213,3171,184
42.4946,0,3187712,repair,654,2.85819e+08,2.85751e+08,7355,55,158,145,180,116,0,4062,3113,180
42.7058,1,3251200,repair,679,2.99866e+08,2.99802e+08,7568,64,166,160,181,108,0,4213,3171,184
42.7454,0,3208192,repair,654,2.85819e+08,2.85751e+08,7355,55,158,145,180,116,0,4062,3113,180
42.967,1,3269632,repair,679,2.99866e+08,2.99802e+08,7568,64,166,160,181,108,0,4213,3171,184
43.0028,0,3229696,repair,654,2.85819e+08,2.85751e+08,7355,55,158,145,180,116,0,4062,3113,180
43.2174,1,3287040,repair,679,2.99866e+08,2.99802e+08,7568,64,166,160,181,108,0,4213,3171,184
43.2564,0,3250176,repair,654,2.85819e+08,2.85751e+08,7355,55,158,145,180,116,0,4062,3113,180
43.4703,1,3308544,repair,679,2.99866e+08,2.99802e+08,7568,64,166,160,181,108,0,4213,3171,184
43.5179,0,3271680,repair,654,2.85819e+08,2.85751e+08,7355,55,158,145,180,116,0,4062,3113,180
43.7218,1,3330048,repair,679,2.99866e+08,2.99802e+08,7568,64,166,160,181,108,0,4213,3171,184
43.7769,0,3293184,repair,654,2.85819e+08,2.85751e+08,7355,55,158,145,180,116,0,4062,3113,180
43.9778,1,3351552,repair,679,2.99866e+08,2.99802e+08,7568,64,166,160,181,108,0,4213,3171,184
44.03,0,3313664,repair,654,2.85819e+08,2.85751e+08,7355,55,158,145,180,116,0,4062,3113,180
44.2352,1,3373056,repair,679,2.99866e+08,2.99802e+08,7568,64,166,160,181,108,0,4213,3171,184
44.2807,0,3334144,repair,654,2.85819e+08,2.85751e+08,7355,55,158,145,180,116,0,4062,3113,180
44.4967,1,3395584,repair,679,2.99866e+08,2.99802e+08,7568,64,166,160,181,108,0,4213,3171,184
44.5356,0,3355648,repair,654,2.85819e+08,2.85751e+08,7355,55,158,145,180,116,0,4062,3113,180
44.7529,1,3417088,repair,679,2.99866e+08,2.99802e+08,7568,64,166,160,181,108,0,4213,3171,184
44.7965,0,3378176,repair,654,2.85819e+08,2.85751e+08,7355,55,158,145,180,116,0,4062,3113,180
45.0089,1,3437568,repair,679,2.99866e+08,2.99802e+08,7568,64,166,160,181,108,0,4213,3171,184
45.0469,0,3397632,repair,654,2.85819e+08,2.85751e+08,7355,55,158,145,180,116,0,4062,3113,180
45.2614,1,3458048,repair,679,2.99866e+08,2.99802e+08,7568,64,166,160,181,108,0,4213,3171,184
45.3073,0,3419136,repair,654,2.85819e+08,2.85751e+08,7355,55,158,145,180,116,0,4062,3113,180
45.5188,1,3476480,repair,679,2.99866e+08,2.99802e+08,7568,64,166,160,181,108,0,4213,3171,184
45.5582,0,3439616,repair,654,2.85819e+08,2.85751e+08,7355,55,158,145,180,116,0,4062,3113,180
45.7766,1,3495936,repair,679,2.99866e+08,2.99802e+08,7568,64,166,160,181,108,0,4213,3171,184
45.8118,0,3461120,repair,654,2.85819e+08,2.85751e+08,7355,55,158,145,180,116,0,4062,3113,180
46.0372,1,3515392,repair,673,2.99195e+08,2.99131e+08,7553,60,178,140,192,103,0,4210,3165,178
46.0646,0,3483648,repair,654,2.85819e+08,2.85751e+08,7355,55,158,145,180,116,0,4062,3113,180
46.289,1,3533824,repair,673,2.99195e+08,2.99131e+08,7553,60,178,140,192,103,0,4210,3165,178
46.3185,0,3506176,repair,654,2.85819e+08,2.85751e+08,7355,55,158,145,180,116,0,4062,3113,180
46.5528,1,3553280,repair,673,2.99195e+08,2.99131e+08,7553,60,178,140,192,103,0,4210,3165,178
46.5779,0,3528704,repair,654,2.85819e+08,2.85751e+08,7355,55,158,145,180,116,0,4062,3113,180
46.8144,1,3572736,repair,673,2.99195e+08,2.99131e+08,7553,60,178,140,192,103,0,4210,3165,178
46.83,0,3548160,repair,654,2.85819e+08,2.85751e+08,7355,55,158,145,180,116,0,4062,3113,180
47.0757,1,3592192,repair,673,2.99195e+08,2.99131e+08,7553,60,178,140,192,103,0,4210,3165,178
47.0872,0,3571712,repair,654,2.85819e+08,2.85751e+08,7355,55,158,145,180,116,0,4062,3113,180
47.3291,1,3610624,repair,673,2.99195e+08,2.99131e+08,7553,60,178,140,192,103,0,4210,3165,178
47.3488,0,3595264,repair,650,2.71686e+08,2.71605e+08,7120,50,177,133,173,117,0,3915,3046,159
47.5925,1,3630080,repair,673,2.99195e+08,2.99131e+08,7553,60,178,140,192,103,0,4210,3165,178
47.5989,0,3617792,repair,650,2.71686e+08,2.71605e+08,7120,50,177,133,173,117,0,3915,3046,159
47.8436,1,3648512,repair,673,2.99195e+08,2.99131e+08,7553,60,178,140,192,103,0,4210,3165,178
47.8588,0,3641344,repair,650,2.71686e+08,2.71605e+08,7120,50,177,133,173,117,0,3915,3046,159
48.105,1,3667968,repair,673,2.99195e+08,2.99131e+08,7553,60,178,140,192,103,0,4210,3165,178
48.1179,0,3664896,repair,650,2.71686e+08,2.71605e+08,7120,50,177,133,173,117,0,3915,3046,159
48.367,1,3687424,repair,673,2.99195e+08,2.99131e+08,7553,60,178,140,192,103,0,4210,3165,178
48.3722,0,3688448,repair,650,2.71686e+08,2.71605e+08,7120,50,177,133,173,117,0,3915,3046,159
48.6233,1,3706880,repair,672,2.91829e+08,2.91765e+08,7354,54,147,147,202,122,0,4004,3175,175
48.6346,0,3712000,repair,650,2.71686e+08,2.71605e+08,7120,50,177,133,173,117,0,3915,3046,159
48.885,1,3726336,repair,672,2.91829e+08,2.91765e+08,7354,54,147,147,202,122,0,4004,3175,175
48.8873,0,3734528,repair,650,2.71686e+08,2.71605e+08,7120,50,177,133,173,117,0,3915,3046,159
49.1412,1,3745792,repair,672,2.91829e+08,2.91765e+08,7354,54,147,147,202,122,0,4004,3175,175
49.1436,0,3757056,repair,650,2.71686e+08,2.71605e+08,7120,50,177,133,173,117,0,3915,3046,159
49.3938,0,3777536,repair,650,2.71686e+08,2.71605e+08,7120,50,177,133,173,117,0,3915,3046,159
49.3999,1,3765248,repair,672,2.91829e+08,2.91765e+08,7354,54,147,147,202,122,0,4004,3175,175
49.6523,1,3781632,repair,672,2.91829e+08,2.91765e+08,7354,54,147,147,202,122,0,4004,3175,175
49.6553,0,3795968,repair,650,2.71686e+08,2.71605e+08,7120,50,177,133,173,117,0,3915,3046,159
49.9077,0,3816448,repair,650,2.71686e+08,2.71605e+08,7120,50,177,133,173,117,0,3915,3046,159
49.9158,1,3799040,repair,671,2.93648e+08,2.93585e+08,7405,51,171,137,195,117,0,4072,3167,166
50.1661,0,3837952,repair,650,2.71686e+08,2.71605e+08,7120,50,177,133,173,117,0,3915,3046,159
50.1713,1,3817472,repair,671,2.93648e+08,2.93585e+08,7405,51,171,137,195,117,0,4072,3167,166
50.4215,1,3834880,repair,671,2.93648e+08,2.93585e+08,7405,51,171,137,195,117,0,4072,3167,166
50.4292,0,3860480,repair,650,2.71686e+08,2.71605e+08,7120,50,177,133,173,117,0,3915,3046,159
50.6834,1,3851264,repair,671,2.93648e+08,2.93585e+08,7405,51,171,137,195,117,0,4072,3167,166
50.6869,0,3881984,repair,650,2.71686e+08,2.71605e+08,7120,50,177,133,173,117,0,3915,3046,159
50.9383,0,3902464,repair,650,2.71686e+08,2.71605e+08,7120,50,177,133,173,117,0,3915,3046,159
50.946,1,3866624,repair,671,2.93648e+08,2.93585e+08,7405,51,171,137,195,117,0,4072,3167,166
51.1958,0,3921920,repair,650,2.71686e+08,2.71605e+08,7120,50,177,133,173,117,0,3915,3046,159
51.2095,1,3885056,repair,671,2.93648e+08,2.93585e+08,7405,51,171,137,195,117,0,4072,3167,166
51.448,0,3941376,repair,650,2.71686e+08,2.71605e+08,7120,50,177,133,173,117,0,3915,3046,159
51.4655,1,3903488,repair,667,2.81913e+08,2.81826e+08,7321,67,170,146,168,116,0,4060,3080,181
51.7099,0,3963904,repair,650,2.71686e+08,2.71605e+08,7120,50,177,133,173,117,0,3915,3046,159
51.729,1,3921920,repair,667,2.81913e+08,2.81826e+08,7321,67,170,146,168,116,0,4060,3080,181
51.9705,0,3985408,repair,650,2.71686e+08,2.71605e+08,7120,50,177,133,173,117,0,3915,3046,159
51.984,1,3939328,repair,667,2.81913e+08,2.81826e+08,7321,67,170,146,168,116,0,4060,3080,181
52.2302,0,4006912,repair,650,2.71686e+08,2.71605e+08,7120,50,177,133,173,117,0,3915,3046,159
52.2349,1,3957760,repair,665,2.9942e+08,2.99356e+08,7486,56,164,134,190,121,0,4100,3204,182
52.4855,1,3976192,repair,657,2.91942e+08,2.91922e+08,7382,47,148,149,213,100,0,4056,3162,164
52.49,0,4028416,repair,650,2.71686e+08,2.71605e+08,7120,50,177,133,173,117,0,3915,3046,159
52.7444,1,3995648,repair,657,2.91942e+08,2.91922e+08,7382,47,148,149,213,100,0,4056,3162,164
52.7515,0,4051968,repair,642,2.76468e+08,2.76408e+08,7310,52,169,125,195,101,0,4140,3011,159
53.0029,1,4014080,repair,657,2.91942e+08,2.91922e+08,7382,47,148,149,213,100,0,4056,3162,164
53.0036,0,4074496,repair,642,2.76468e+08,2.76408e+08,7310,52,169,125,195,101,0,4140,3011,159
53.2628,1,4033536,repair,656,2.8582e+08,2.858e+08,7342,56,158,131,212,99,0,4034,3117,191
53.264,0,4097024,repair,642,2.76468e+08,2.76408e+08,7310,52,169,125,195,101,0,4140,3011,159
53.5172,0,4118528,repair,642,2.76468e+08,2.76408e+08,7310,52,169,125,195,101,0,4140,3011,159
53.5229,1,4052992,repair,656,2.8582e+08,2.858e+08,7342,56,158,131,212,99,0,4034,3117,191
53.7769,0,4141056,repair,642,2.76468e+08,2.76408e+08,7310,52,169,125,195,101,0,4140,3011,159
53.7817,1,4072448,repair,656,2.8582e+08,2.858e+08,7342,56,158,131,212,99,0,4034,3117,191
54.0321,0,4163584,repair,642,2.76468e+08,2.76408e+08,7310,52,169,125,195,101,0,4140,3011,159
54.0412,1,4091904,repair,656,2.8582e+08,2.858e+08,7342,56,158,131,212,99,0,4034,3117,191
54.2894,0,4186112,repair,642,2.76468e+08,2.76408e+08,7310,52,169,125,195,101,0,4140,3011,159
54.2972,1,4111360,repair,656,2.8582e+08,2.858e+08,7342,56,158,131,212,99,0,4034,3117,191
54.5483,1,4129792,repair,656,2.8582e+08,2.858e+08,7342,56,158,131,212,99,0,4034,3117,191
54.5505,0,4209664,repair,642,2.76468e+08,2.76408e+08,7310,52,169,125,195,101,0,4140,3011,159
54.8029,1,4148224,repair,656,2.8582e+08,2.858e+08,7342,56,158,131,212,99,0,4034,3117,191
54.8038,0,4232192,repair,642,2.76468e+08,2.76408e+08,7310,52,169,125,195,101,0,4140,3011,159
55.0602,1,4167680,repair,656,2.8582e+08,2.858e+08,7342,56,158,131,212,99,0,4034,3117,191
55.064,0,4254720,repair,642,2.76468e+08,2.76408e+08,7310,52,169,125,195,101,0,4140,3011,159
55.3131,1,4186112,repair,656,2.8582e+08,2.858e+08,7342,56,158,131,212,99,0,4034,3117,191
55.3242,0,4277248,repair,642,2.76468e+08,2.76408e+08,7310,52,169,125,195,101,0,4140,3011,159
55.5639,1,4202496,repair,656,2.8582e+08,2.858e+08,7342,56,158,131,212,99,0,4034,3117,191
55.5842,0,4300800,repair,642,2.76468e+08,2.76408e+08,7310,52,169,125,195,101,0,4140,3011,159
55.8193,1,4220928,repair,656,2.8582e+08,2.858e+08,7342,56,158,131,212,99,0,4034,3117,191
55.8382,0,4321280,repair,642,2.76468e+08,2.76408e+08,7310,52,169,125,195,101,0,4140,3011,159
56.0835,1,4239360,repair,656,2.8582e+08,2.858e+08,7342,56,158,131,212,99,0,4034,3117,191
56.0938,0,4342784,repair,642,2.76468e+08,2.76408e+08,7310,52,169,125,195,101,0,4140,3011,159
56.3384,1,4256768,repair,656,2.8582e+08,2.858e+08,7342,56,158,131,212,99,0,4034,3117,191
56.3461,0,4364288,repair,642,2.76468e+08,2.76408e+08,7310,52,169,125,195,101,0,4140,3011,159
56.5927,1,4274176,repair,654,2.73733e+08,2.73712e+08,7347,44,162,128,210,110,0,4227,2953,167
56.6016,0,4386816,repair,642,2.76468e+08,2.76408e+08,7310,52,169,125,195,101,0,4140,3011,159
56.8526,0,4408320,repair,642,2.76468e+08,2.76408e+08,7310,52,169,125,195,101,0,4140,3011,159
56.8558,1,4292608,repair,654,2.73733e+08,2.73712e+08,7347,44,162,128,210,110,0,4227,2953,167
57.1081,0,4429824,repair,642,2.76468e+08,2.76408e+08,7310,52,169,125,195,101,0,4140,3011,159
57.1129,1,4310016,repair,654,2.73733e+08,2.73712e+08,7347,44,162,128,210,110,0,4227,2953,167
57.3692,0,4452352,repair,642,2.76468e+08,2.76408e+08,7310,52,169,125,195,101,0,4140,3011,159
57.3701,1,4328448,repair,654,2.73733e+08,2.73712e+08,7347,44,162,128,210,110,0,4227,2953,167
57.6222,0,4473856,repair,642,2.76468e+08,2.76408e+08,7310,52,169,125,195,101,0,4140,3011,159
57.6301,1,4346880,repair,654,2.73733e+08,2.73712e+08,7347,44,162,128,210,110,0,4227,2953,167
57.8785,0,4495360,repair,642,2.76468e+08,2.76408e+08,7310,52,169,125,195,101,0,4140,3011,159
57.8893,1,4365312,repair,654,2.73733e+08,2.73712e+08,7347,44,162,128,210,110,0,4227,2953,167
58.1379,0,4516864,repair,642,2.76468e+08,2.76408e+08,7310,52,169,125,195,101,0,4140,3011,159
58.144,1,4383744,repair,645,2.97469e+08,2.97448e+08,7495,45,179,133,191,97,0,4156,3174,165
58.3944,0,4536320,repair,642,2.76468e+08,2.76408e+08,7310,52,169,125,195,101,0,4140,3011,159
58.3976,1,4402176,repair,645,2.97469e+08,2.97448e+08,7495,45,179,133,191,97,0,4156,3174,165
58.6452,0,4557824,repair,642,2.76468e+08,2.76408e+08,7310,52,169,125,195,101,0,4140,3011,159
58.6525,1,4420608,repair,645,2.97469e+08,2.97448e+08,7495,45,179,133,191,97,0,4156,3174,165
58.9024,0,4580352,repair,642,2.76468e+08,2.76408e+08,7310,52,169,125,195,101,0,4140,3011,159
58.9084,1,4439040,repair,645,2.97469e+08,2.97448e+08,7495,45,179,133,191,97,0,4156,3174,165
59.1611,0,4602880,repair,639,2.67279e+08,2.6722e+08,7169,55,163,121,178,122,0,4051,2967,151
59.1651,1,4455424,repair,645,2.97469e+08,2.97448e+08,7495,45,179,133,191,97,0,4156,3174,165
59.4149,0,4624384,repair,639,2.67279e+08,2.6722e+08,7169,55,163,121,178,122,0,4051,2967,151
59.4303,1,4473856,repair,645,2.97469e+08,2.97448e+08,7495,45,179,133,191,97,0,4156,3174,165
59.6685,0,4643840,repair,639,2.67279e+08,2.6722e+08,7169,55,163,121,178,122,0,4051,2967,151
59.684,1,4491264,repair,645,2.97469e+08,2.97448e+08,7495,45,179,133,191,97,0,4156,3174,165
59.9244,0,4665344,repair,639,2.67279e+08,2.6722e+08,7169,55,163,121,178,122,0,4051,2967,151
59.9471,1,4510720,repair,645,2.97469e+08,2.97448e+08,7495,45,179,133,191,97,0,4156,3174,165
60.1855,0,4687872,repair,639,2.67279e+08,2.6722e+08,7169,55,163,121,178,122,0,4051,2967,151
60.2036,1,4528128,repair,645,2.97469e+08,2.97448e+08,7495,45,179,133,191,97,0,4156,3174,165
60.444,0,4709376,repair,637,2.68847e+08,2.68781e+08,7050,57,159,135,184,102,0,3823,3055,172
60.4644,1,4546560,repair,645,2.97469e+08,2.97448e+08,7495,45,179,133,191,97,0,4156,3174,165
60.7022,0,4731904,repair,637,2.68847e+08,2.68781e+08,7050,57,159,135,184,102,0,3823,3055,172
60.7226,1,4564992,repair,645,2.97469e+08,2.97448e+08,7495,45,179,133,191,97,0,4156,3174,165
60.959,0,4753408,repair,630,2.68387e+08,2.68308e+08,7201,41,146,120,206,117,0,4060,2971,170
60.9735,1,4583424,repair,638,2.89357e+08,2.89332e+08,7368,36,153,139,191,119,0,4066,3142,160
61.2096,0,4774912,repair,630,2.68387e+08,2.68308e+08,7201,41,146,120,206,117,0,4060,2971,170
61.2338,1,4601856,repair,638,2.89357e+08,2.89332e+08,7368,36,153,139,191,119,0,4066,3142,160
61.4596,0,4795392,repair,630,2.68387e+08,2.68308e+08,7201,41,146,120,206,117,0,4060,2971,170
61.4918,1,4619264,repair,638,2.89357e+08,2.89332e+08,7368,36,153,139,191,119,0,4066,3142,160
61.7241,0,4816896,repair,630,2.68387e+08,2.68308e+08,7201,41,146,120,206,117,0,4060,2971,170
61.7553,1,4636672,repair,638,2.89357e+08,2.89332e+08,7368,36,153,139,191,119,0,4066,3142,160
61.9791,0,4838400,repair,630,2.68387e+08,2.68308e+08,7201,41,146,120,206,117,0,4060,2971,170
62.0076,1,4654080,repair,638,2.89357e+08,2.89332e+08,7368,36,153,139,191,119,0,4066,3142,160
62.2303,0,4859904,repair,630,2.68387e+08,2.68308e+08,7201,41,146,120,206,117,0,4060,2971,170
62.2718,1,4672512,repair,638,2.89357e+08,2.89332e+08,7368,36,153,139,191,119,0,4066,3142,160
62.4858,0,4882432,repair,630,2.68387e+08,2.68308e+08,7201,41,146,120,206,117,0,4060,2971,170
62.5219,1,4689920,repair,638,2.89357e+08,2.89332e+08,7368,36,153,139,191,119,0,4066,3142,160
62.7416,0,4903936,repair,630,2.68387e+08,2.68308e+08,7201,41,146,120,206,117,0,4060,2971,170
62.7819,1,4707328,repair,638,2.89357e+08,2.89332e+08,7368,36,153,139,191,119,0,4066,3142,160
63.0023,0,4926464,repair,630,2.68387e+08,2.68308e+08,7201,41,146,120,206,117,0,4060,2971,170
63.0391,1,4724736,repair,638,2.89357e+08,2.89332e+08,7368,36,153,139,191,119,0,4066,3142,160
63.2548,0,4947968,repair,630,2.68387e+08,2.68308e+08,7201,41,146,120,206,117,0,4060,2971,170
63.2971,1,4742144,repair,638,2.89357e+08,2.89332e+08,7368,36,153,139,191,119,0,4066,3142,160
63.5167,0,4970496,repair,630,2.68387e+08,2.68308e+08,7201,41,146,120,206,117,0,4060,2971,170
63.5584,1,4759552,repair,638,2.89357e+08,2.89332e+08,7368,36,153,139,191,119,0,4066,3142,160
63.7763,0,4992000,repair,630,2.68387e+08,2.68308e+08,7201,41,146,120,206,117,0,4060,2971,170
63.8203,1,4777984,repair,638,2.89357e+08,2.89332e+08,7368,36,153,139,191,119,0,4066,3142,160
64.0273,0,5014528,repair,630,2.68387e+08,2.68308e+08,7201,41,146,120,206,117,0,4060,2971,170
64.0764,1,4796416,repair,638,2.89357e+08,2.89332e+08,7368,36,153,139,191,119,0,4066,3142,160
64.2803,0,5037056,repair,630,2.68387e+08,2.68308e+08,7201,41,146,120,206,117,0,4060,2971,170
64.337,1,4814848,repair,638,2.89357e+08,2.89332e+08,7368,36,153,139,191,119,0,4066,3142,160
64.5366,0,5058560,repair,630,2.68387e+08,2.68308e+08,7201,41,146,120,206,117,0,4060,2971,170
64.593,1,4832256,repair,630,3.1092e+08,3.10828e+08,7644,62,173,123,164,108,0,4190,3271,183
64.7989,0,5079040,repair,630,2.68387e+08,2.68308e+08,7201,41,146,120,206,117,0,4060,2971,170
64.8538,1,4849664,repair,630,3.1092e+08,3.10828e+08,7644,62,173,123,164,108,0,4190,3271,183
65.0623,0,5100544,repair,630,2.68387e+08,2.68308e+08,7201,41,146,120,206,117,0,4060,2971,170
65.1147,1,4867072,repair,630,3.1092e+08,3.10828e+08,7644,62,173,123,164,108,0,4190,3271,183
65.3216,0,5121024,repair,630,2.68387e+08,2.68308e+08,7201,41,146,120,206,117,0,4060,2971,170
65.3698,1,4883456,repair,630,3.1092e+08,3.10828e+08,7644,62,173,123,164,108,0,4190,3271,183
65.5832,0,5141504,repair,630,2.68387e+08,2.68308e+08,7201,41,146,120,206,117,0,4060,2971,170
65.6272,1,4900864,repair,630,3.1092e+08,3.10828e+08,7644,62,173,123,164,108,0,4190,3271,183
65.8342,0,5163008,repair,630,2.68387e+08,2.68308e+08,7201,41,146,120,206,117,0,4060,2971,170
65.8863,1,4919296,repair,630,3.1092e+08,3.10828e+08,7644,62,173,123,164,108,0,4190,3271,183
66.0952,0,5185536,repair,630,2.68387e+08,2.68308e+08,7201,41,146,120,206,117,0,4060,2971,170
66.1394,1,4936704,repair,630,3.1092e+08,3.10828e+08,7644,62,173,123,164,108,0,4190,3271,183
66.3515,0,5207040,repair,630,2.68387e+08,2.68308e+08,7201,41,146,120,206,117,0,4060,2971,170
66.3953,1,4954112,repair,630,3.1092e+08,3.10828e+08,7644,62,173,123,164,108,0,4190,3271,183
66.6136,0,5229568,repair,630,2.68387e+08,2.68308e+08,7201,41,146,120,206,117,0,4060,2971,170
66.6538,1,4971520,repair,630,3.1092e+08,3.10828e+08,7644,62,173,123,164,108,0,4190,3271,183
66.8686,0,5250048,repair,630,2.68387e+08,2.68308e+08,7201,41,146,120,206,117,0,4060,2971,170
66.9063,1,4987904,repair,630,3.1092e+08,3.10828e+08,7644,62,173,123,164,108,0,4190,3271,183
67.1271,0,5266432,repair,630,2.68387e+08,2.68308e+08,7201,41,146,120,206,117,0,4060,2971,170
67.1618,1,5007360,repair,630,3.1092e+08,3.10828e+08,7644,62,173,123,164,108,0,4190,3271,183
67.3825,0,5283840,repair,630,2.68387e+08,2.68308e+08,7201,41,146,120,206,117,0,4060,2971,170
67.4191,1,5026816,repair,630,2.86444e+08,2.86439e+08,7447,58,152,149,171,100,0,4194,3081,172
67.6352,0,5302272,repair,626,2.69666e+08,2.69641e+08,7203,46,142,131,197,110,0,4058,2987,158
67.6836,1,5046272,repair,630,2.86444e+08,2.86439e+08,7447,58,152,149,171,100,0,4194,3081,172
67.8985,0,5321728,repair,626,2.69666e+08,2.69641e+08,7203,46,142,131,197,110,0,4058,2987,158
67.9443,1,5065728,repair,630,2.86444e+08,2.86439e+08,7447,58,152,149,171,100,0,4194,3081,172
68.1589,0,5340160,repair,626,2.69666e+08,2.69641e+08,7203,46,142,131,197,110,0,4058,2987,158
68.1967,1,5084160,repair,630,2.86444e+08,2.86439e+08,7447,58,152,149,171,100,0,4194,3081,172
68.4187,0,5360640,repair,626,2.69666e+08,2.69641e+08,7203,46,142,131,197,110,0,4058,2987,158
68.456,1,5103616,repair,630,2.86444e+08,2.86439e+08,7447,58,152,149,171,100,0,4194,3081,172
68.6815,0,5381120,repair,626,2.69666e+08,2.69641e+08,7203,46,142,131,197,110,0,4058,2987,158
68.7111,1,5122048,repair,630,2.86444e+08,2.86439e+08,7447,58,152,149,171,100,0,4194,3081,172
68.9394,0,5398528,repair,626,2.69666e+08,2.69641e+08,7203,46,142,131,197,110,0,4058,2987,158
68.9755,1,5141504,repair,630,2.75811e+08,2.75725e+08,7275,56,147,130,177,120,0,4091,3028,156
69.1974,0,5417984,repair,626,2.69666e+08,2.69641e+08,7203,46,142,131,197,110,0,4058,2987,158
69.2295,1,5159936,repair,630,2.75811e+08,2.75725e+08,7275,56,147,130,177,120,0,4091,3028,156
69.4604,0,5436416,repair,626,2.69666e+08,2.69641e+08,7203,46,142,131,197,110,0,4058,2987,158
69.4964,1,5179392,repair,630,2.75811e+08,2.75725e+08,7275,56,147,130,177,120,0,4091,3028,156
69.7128,0,5453824,repair,626,2.69666e+08,2.69641e+08,7203,46,142,131,197,110,0,4058,2987,158
69.7488,1,5197824,repair,630,2.75811e+08,2.75725e+08,7275,56,147,130,177,120,0,4091,3028,156
69.9642,0,5473280,repair,626,2.69666e+08,2.69641e+08,7203,46,142,131,197,110,0,4058,2987,158
70.0079,1,5216256,repair,630,2.75811e+08,2.75725e+08,7275,56,147,130,177,120,0,4091,3028,156
70.2179,0,5494784,repair,626,2.69666e+08,2.69641e+08,7203,46,142,131,197,110,0,4058,2987,158
70.2623,1,5234688,repair,630,2.75811e+08,2.75725e+08,7275,56,147,130,177,120,0,4091,3028,156
70.4782,0,5516288,repair,626,2.69666e+08,2.69641e+08,7203,46,142,131,197,110,0,4058,2987,158
70.5237,1,5253120,repair,630,2.75811e+08,2.75725e+08,7275,56,147,130,177,120,0,4091,3028,156
70.7294,0,5537792,repair,626,2.69666e+08,2.69641e+08,7203,46,142,131,197,110,0,4058,2987,158
70.7862,1,5272576,repair,630,2.75811e+08,2.75725e+08,7275,56,147,130,177,120,0,4091,3028,156
70.9844,0,5557248,repair,626,2.69666e+08,2.69641e+08,7203,46,142,131,197,110,0,4058,2987,158
71.0466,1,5291008,repair,630,2.75811e+08,2.75725e+08,7275,56,147,130,177,120,0,4091,3028,156
71.2368,0,5574656,repair,626,2.69666e+08,2.69641e+08,7203,46,142,131,197,110,0,4058,2987,158
71.3109,1,5309440,repair,630,2.75811e+08,2.75725e+08,7275,56,147,130,177,120,0,4091,3028,156
71.4973,0,5593088,repair,626,2.69666e+08,2.69641e+08,7203,46,142,131,197,110,0,4058,2987,158
71.5618,1,5325824,repair,630,2.75811e+08,2.75725e+08,7275,56,147,130,177,120,0,4091,3028,156
71.7569,0,5610496,repair,626,2.69666e+08,2.69641e+08,7203,46,142,131,197,110,0,4058,2987,158
71.8138,1,5343232,repair,630,2.75811e+08,2.75725e+08,7275,56,147,130,177,120,0,4091,3028,156
72.0085,0,5628928,repair,626,2.69666e+08,2.69641e+08,7203,46,142,131,197,110,0,4058,2987,158
72.0694,1,5360640,repair,630,2.75811e+08,2.75725e+08,7275,56,147,130,177,120,0,4091,3028,156
72.2718,0,5646336,repair,626,2.69666e+08,2.69641e+08,7203,46,142,131,197,110,0,4058,2987,158
72.3282,1,5378048,repair,630,2.75811e+08,2.75725e+08,7275,56,147,130,177,120,0,4091,3028,156
72.5313,0,5664768,repair,626,2.69666e+08,2.69641e+08,7203,46,142,131,197,110,0,4058,2987,158
72.5832,1,5395456,repair,630,2.75811e+08,2.75725e+08,7275,56,147,130,177,120,0,4091,3028,156
72.7866,0,5685248,repair,626,2.69666e+08,2.69641e+08,7203,46,142,131,197,110,0,4058,2987,158
72.8346,1,5412864,repair,630,2.75811e+08,2.75725e+08,7275,56,147,130,177,120,0,4091,3028,156
73.0419,0,5706752,repair,626,2.69666e+08,2.69641e+08,7203,46,142,131,197,110,0,4058,2987,158
73.0979,1,5431296,repair,630,2.75811e+08,2.75725e+08,7275,56,147,130,177,120,0,4091,3028,156
73.2927,0,5727232,repair,626,2.69666e+08,2.69641e+08,7203,46,142,131,197,110,0,4058,2987,158
73.3589,1,5449728,repair,630,2.75811e+08,2.75725e+08,7275,56,147,130,177,120,0,4091,3028,156
73.5499,0,5749760,repair,623,2.59986e+08,2.59962e+08,7021,52,140,114,203,114,0,3910,2954,157
73.6171,1,5468160,repair,630,2.75811e+08,2.75725e+08,7275,56,147,130,177,120,0,4091,3028,156
73.8006,0,5772288,repair,623,2.59986e+08,2.59962e+08,7021,52,140,114,203,114,0,3910,2954,157
73.8737,1,5486592,repair,630,2.75811e+08,2.75725e+08,7275,56,147,130,177,120,0,4091,3028,156
74.0618,0,5795840,repair,623,2.54817e+08,2.54817e+08,6973,62,138,122,195,106,0,3899,2916,158
74.1318,1,5505024,repair,630,2.75811e+08,2.75725e+08,7275,56,147,130,177,120,0,4091,3028,156
74.3176,0,5817344,repair,623,2.54817e+08,2.54817e+08,6973,62,138,122,195,106,0,3899,2916,158
74.3915,1,5522432,repair,630,2.75811e+08,2.75725e+08,7275,56,147,130,177,120,0,4091,3028,156
74.572,0,5838848,repair,623,2.54817e+08,2.54817e+08,6973,62,138,122,195,106,0,3899,2916,158
74.651,1,5540864,repair,630,2.75811e+08,2.75725e+08,7275,56,147,130,177,120,0,4091,3028,156
74.8334,0,5861376,repair,614,2.70475e+08,2.7045e+08,7231,45,141,143,185,100,0,4068,2994,169
74.9112,1,5559296,repair,630,2.75811e+08,2.75725e+08,7275,56,147,130,177,120,0,4091,3028,156
75.0843,0,5880832,repair,614,2.70475e+08,2.7045e+08,7231,45,141,143,185,100,0,4068,2994,169
75.1705,1,5576704,repair,630,2.75811e+08,2.75725e+08,7275,56,147,130,177,120,0,4091,3028,156
75.3457,0,5900288,repair,614,2.70475e+08,2.7045e+08,7231,45,141,143,185,100,0,4068,2994,169
75.4343,1,5595136,repair,630,2.75811e+08,2.75725e+08,7275,56,147,130,177,120,0,4091,3028,156
75.6025,0,5919744,repair,614,2.70475e+08,2.7045e+08,7231,45,141,143,185,100,0,4068,2994,169
75.6962,1,5613568,repair,630,2.75811e+08,2.75725e+08,7275,56,147,130,177,120,0,4091,3028,156
75.8559,0,5938176,repair,614,2.70475e+08,2.7045e+08,7231,45,141,143,185,100,0,4068,2994,169
75.9551,1,5633024,repair,630,2.75811e+08,2.75725e+08,7275,56,147,130,177,120,0,4091,3028,156
76.1123,0,5956608,repair,614,2.70475e+08,2.7045e+08,7231,45,141,143,185,100,0,4068,2994,169
76.2076,1,5651456,repair,630,2.75811e+08,2.75725e+08,7275,56,147,130,177,120,0,4091,3028,156
76.3639,0,5979136,repair,613,2.88504e+08,2.88483e+08,7520,43,152,132,175,111,0,4272,3071,177
76.4585,1,5669888,repair,630,2.75811e+08,2.75725e+08,7275,56,147,130,177,120,0,4091,3028,156
76.6199,0,6000640,repair,613,2.88504e+08,2.88483e+08,7520,43,152,132,175,111,0,4272,3071,177
76.7101,1,5688320,repair,630,2.75811e+08,2.75725e+08,7275,56,147,130,177,120,0,4091,3028,156
76.8825,0,6021120,repair,613,2.88504e+08,2.88483e+08,7520,43,152,132,175,111,0,4272,3071,177
76.9701,1,5707776,repair,630,2.75811e+08,2.75725e+08,7275,56,147,130,177,120,0,4091,3028,156
77.1415,0,6042624,repair,613,2.65472e+08,2.65388e+08,7148,51,141,126,185,110,0,4017,2969,162
77.2256,1,5726208,repair,622,2.79453e+08,2.79393e+08,7378,57,149,107,189,120,0,4168,3028,182
77.3934,0,6064128,repair,613,2.65472e+08,2.65388e+08,7148,51,141,126,185,110,0,4017,2969,162
77.4824,1,5747712,repair,622,2.79453e+08,2.79393e+08,7378,57,149,107,189,120,0,4168,3028,182
77.6537,0,6086656,repair,613,2.65472e+08,2.65388e+08,7148,51,141,126,185,110,0,4017,2969,162
77.7401,1,5770240,repair,622,2.79453e+08,2.79393e+08,7378,57,149,107,189,120,0,4168,3028,182
77.9063,0,6108160,repair,613,2.65472e+08,2.65388e+08,7148,51,141,126,185,110,0,4017,2969,162
77.9931,1,5791744,repair,621,2.71343e+08,2.71323e+08,7269,46,147,136,173,119,0,4102,2987,180
78.1612,0,6128640,repair,613,2.65472e+08,2.65388e+08,7148,51,141,126,185,110,0,4017,2969,162
78.2534,1,5813248,repair,621,2.71343e+08,2.71323e+08,7269,46,147,136,173,119,0,4102,2987,180
78.4162,0,6150144,repair,613,2.65472e+08,2.65388e+08,7148,51,141,126,185,110,0,4017,2969,162
78.5148,1,5835776,repair,620,2.72157e+08,2.72096e+08,7235,57,161,118,176,108,0,4052,3010,173
78.6791,0,6171648,repair,610,2.56115e+08,2.56053e+08,7050,36,154,132,183,105,0,4000,2895,155
78.7703,1,5857280,repair,620,2.72157e+08,2.72096e+08,7235,57,161,118,176,108,0,4052,3010,173
78.9386,0,6191104,repair,610,2.56115e+08,2.56053e+08,7050,36,154,132,183,105,0,4000,2895,155
79.0277,1,5877760,repair,620,2.72157e+08,2.72096e+08,7235,57,161,118,176,108,0,4052,3010,173
79.1949,0,6211584,repair,603,2.59947e+08,2.59863e+08,6998,54,134,117,191,107,0,3866,2974,158
79.2816,1,5898240,repair,620,2.72157e+08,2.72096e+08,7235,57,161,118,176,108,0,4052,3010,173
79.4464,0,6230016,repair,603,2.59947e+08,2.59863e+08,6998,54,134,117,191,107,0,3866,2974,158
79.5389,1,5919744,repair,620,2.72157e+08,2.72096e+08,7235,57,161,118,176,108,0,4052,3010,173
79.7093,0,6248448,repair,603,2.59947e+08,2.59863e+08,6998,54,134,117,191,107,0,3866,2974,158
79.7894,1,5939200,repair,606,2.84507e+08,2.84446e+08,7467,36,128,131,195,116,0,4278,3038,151
79.9638,0,6264832,repair,603,2.59947e+08,2.59863e+08,6998,54,134,117,191,107,0,3866,2974,158
80.0458,1,5959680,repair,606,2.84507e+08,2.84446e+08,7467,36,128,131,195,116,0,4278,3038,151
80.2156,0,6283264,repair,603,2.59947e+08,2.59863e+08,6998,54,134,117,191,107,0,3866,2974,158
80.3052,1,5980160,repair,606,2.84507e+08,2.84446e+08,7467,36,128,131,195,116,0,4278,3038,151
80.468,0,6302720,repair,603,2.59947e+08,2.59863e+08,6998,54,134,117,191,107,0,3866,2974,158
80.5662,1,6001664,repair,606,2.84507e+08,2.84446e+08,7467,36,128,131,195,116,0,4278,3038,151
80.7243,0,6323200,repair,591,2.72352e+08,2.72328e+08,7207,45,131,133,169,113,0,4026,3030,151
80.8168,1,6021120,repair,606,2.84507e+08,2.84446e+08,7467,36,128,131,195,116,0,4278,3038,151
80.9748,0,6343680,repair,591,2.72352e+08,2.72328e+08,7207,45,131,133,169,113,0,4026,3030,151
81.0778,1,6042624,repair,606,2.84507e+08,2.84446e+08,7467,36,128,131,195,116,0,4278,3038,151
81.236,0,6364160,repair,590,2.74602e+08,2.74536e+08,7175,54,139,94,202,101,0,3965,3063,147
81.3385,1,6063104,repair,606,2.84507e+08,2.84446e+08,7467,36,128,131,195,116,0,4278,3038,151
81.4887,0,6384640,repair,590,2.74602e+08,2.74536e+08,7175,54,139,94,202,101,0,3965,3063,147
81.5946,1,6084608,repair,606,2.84507e+08,2.84446e+08,7467,36,128,131,195,116,0,4278,3038,151
81.751,0,6405120,repair,590,2.74602e+08,2.74536e+08,7175,54,139,94,202,101,0,3965,3063,147
81.8519,1,6106112,repair,606,2.84507e+08,2.84446e+08,7467,36,128,131,195,116,0,4278,3038,151
82.0116,0,6426624,repair,590,2.74602e+08,2.74536e+08,7175,54,139,94,202,101,0,3965,3063,147
82.102,1,6126592,repair,606,2.84507e+08,2.84446e+08,7467,36,128,131,195,116,0,4278,3038,151
82.2695,0,6447104,repair,590,2.74602e+08,2.74536e+08,7175,54,139,94,202,101,0,3965,3063,147
82.3592,1,6147072,repair,606,2.84507e+08,2.84446e+08,7467,36,128,131,195,116,0,4278,3038,151
82.5288,0,6467584,repair,590,2.74602e+08,2.74536e+08,7175,54,139,94,202,101,0,3965,3063,147
82.6176,1,6169600,repair,606,2.84507e+08,2.84446e+08,7467,36,128,131,195,116,0,4278,3038,151
82.7858,0,6488064,repair,590,2.74602e+08,2.74536e+08,7175,54,139,94,202,101,0,3965,3063,147
82.8776,1,6191104,repair,606,2.84507e+08,2.84446e+08,7467,36,128,131,195,116,0,4278,3038,151
83.0398,0,6509568,repair,590,2.74602e+08,2.74536e+08,7175,54,139,94,202,101,0,3965,3063,147
83.1291,1,6212608,repair,606,2.84507e+08,2.84446e+08,7467,36,128,131,195,116,0,4278,3038,151
83.2981,0,6530048,repair,590,2.74602e+08,2.74536e+08,7175,54,139,94,202,101,0,3965,3063,147
83.3886,1,6234112,repair,606,2.84507e+08,2.84446e+08,7467,36,128,131,195,116,0,4278,3038,151
83.558,0,6551552,repair,590,2.74602e+08,2.74536e+08,7175,54,139,94,202,101,0,3965,3063,147
83.643,1,6256640,repair,606,2.84507e+08,2.84446e+08,7467,36,128,131,195,116,0,4278,3038,151
83.8139,0,6572032,repair,589,2.6759e+08,2.67571e+08,7107,55,134,139,165,96,0,3915,3028,164
83.9017,1,6277120,repair,606,2.84507e+08,2.84446e+08,7467,36,128,131,195,116,0,4278,3038,151
84.0673,0,6592512,repair,589,2.6759e+08,2.67571e+08,7107,55,134,139,165,96,0,3915,3028,164
84.1599,1,6298624,repair,606,2.84507e+08,2.84446e+08,7467,36,128,131,195,116,0,4278,3038,151
84.3238,0,6609920,repair,589,2.6759e+08,2.67571e+08,7107,55,134,139,165,96,0,3915,3028,164
84.4123,1,6317056,repair,606,2.84507e+08,2.84446e+08,7467,36,128,131,195,116,0,4278,3038,151
84.5859,0,6629376,repair,584,2.74316e+08,2.7423e+08,7165,41,124,122,192,105,0,3900,3083,182
84.6637,1,6335488,repair,606,2.84507e+08,2.84446e+08,7467,36,128,131,195,116,0,4278,3038,151
84.8498,0,6647808,repair,584,2.74316e+08,2.7423e+08,7165,41,124,122,192,105,0,3900,3083,182
84.9255,1,6353920,repair,606,2.84507e+08,2.84446e+08,7467,36,128,131,195,116,0,4278,3038,151
85.1016,0,6665216,repair,584,2.74316e+08,2.7423e+08,7165,41,124,122,192,105,0,3900,3083,182
85.1892,1,6373376,repair,606,2.84507e+08,2.84446e+08,7467,36,128,131,195,116,0,4278,3038,151
85.3659,0,6683648,repair,584,2.74316e+08,2.7423e+08,7165,41,124,122,192,105,0,3900,3083,182
85.4518,1,6391808,repair,606,2.84507e+08,2.84446e+08,7467,36,128,131,195,116,0,4278,3038,151
85.6284,0,6703104,repair,584,2.74316e+08,2.7423e+08,7165,41,124,122,192,105,0,3900,3083,182
85.7034,1,6410240,repair,606,2.84507e+08,2.84446e+08,7467,36,128,131,195,116,0,4278,3038,151
85.8791,0,6721536,repair,584,2.74316e+08,2.7423e+08,7165,41,124,122,192,105,0,3900,3083,182
85.9676,1,6429696,repair,606,2.84507e+08,2.84446e+08,7467,36,128,131,195,116,0,4278,3038,151
86.135,0,6739968,repair,584,2.74316e+08,2.7423e+08,7165,41,124,122,192,105,0,3900,3083,182
86.2256,1,6449152,repair,606,2.84507e+08,2.84446e+08,7467,36,128,131,195,116,0,4278,3038,151
86.3892,0,6758400,repair,584,2.74316e+08,2.7423e+08,7165,41,124,122,192,105,0,3900,3083,182
86.4828,1,6468608,repair,606,2.84507e+08,2.84446e+08,7467,36,128,131,195,116,0,4278,3038,151
86.6411,0,6776832,repair,578,2.70383e+08,2.70318e+08,7227,57,112,115,192,102,0,4058,3002,167
86.7379,1,6487040,repair,606,2.84507e+08,2.84446e+08,7467,36,128,131,195,116,0,4278,3038,151
86.8987,0,6796288,repair,578,2.70383e+08,2.70318e+08,7227,57,112,115,192,102,0,4058,3002,167
86.9965,1,6505472,repair,606,2.84507e+08,2.84446e+08,7467,36,128,131,195,116,0,4278,3038,151
87.1566,0,6814720,repair,578,2.70383e+08,2.70318e+08,7227,57,112,115,192,102,0,4058,3002,167
87.2556,1,6523904,repair,606,2.84507e+08,2.84446e+08,7467,36,128,131,195,116,0,4278,3038,151
87.4075,0,6833152,repair,578,2.70383e+08,2.70318e+08,7227,57,112,115,192,102,0,4058,3002,167
87.5076,1,6542336,repair,606,2.84507e+08,2.84446e+08,7467,36,128,131,195,116,0,4278,3038,151
87.6659,0,6856704,repair,578,2.70383e+08,2.70318e+08,7227,57,112,115,192,102,0,4058,3002,167
87.7626,1,6560768,repair,606,2.84507e+08,2.84446e+08,7467,36,128,131,195,116,0,4278,3038,151
87.9246,0,6879232,repair,573,2.75041e+08,2.75041e+08,7349,44,130,119,180,100,0,4163,3005,181
88.0127,1,6579200,repair,606,2.84507e+08,2.84446e+08,7467,36,128,131,195,116,0,4278,3038,151
88.1776,0,6900736,repair,573,2.75041e+08,2.75041e+08,7349,44,130,119,180,100,0,4163,3005,181
88.2633,1,6597632,repair,606,2.84507e+08,2.84446e+08,7467,36,128,131,195,116,0,4278,3038,151
88.4283,0,6923264,repair,573,2.75041e+08,2.75041e+08,7349,44,130,119,180,100,0,4163,3005,181
88.5224,1,6617088,repair,606,2.84507e+08,2.84446e+08,7467,36,128,131,195,116,0,4278,3038,151
88.6819,0,6945792,repair,573,2.75041e+08,2.75041e+08,7349,44,130,119,180,100,0,4163,3005,181
88.7808,1,6635520,repair,606,2.84507e+08,2.84446e+08,7467,36,128,131,195,116,0,4278,3038,151
88.9345,0,6967296,repair,573,2.75041e+08,2.75041e+08,7349,44,130,119,180,100,0,4163,3005,181
89.04,1,6653952,repair,606,2.84507e+08,2.84446e+08,7467,36,128,131,195,116,0,4278,3038,151
89.1895,0,6987776,repair,573,2.75041e+08,2.75041e+08,7349,44,130,119,180,100,0,4163,3005,181
89.3012,1,6673408,repair,606,2.84507e+08,2.84446e+08,7467,36,128,131,195,116,0,4278,3038,151
89.4509,0,7011328,repair,573,2.75041e+08,2.75041e+08,7349,44,130,119,180,100,0,4163,3005,181
89.552,1,6691840,repair,606,2.84507e+08,2.84446e+08,7467,36,128,131,195,116,0,4278,3038,151
89.7021,0,7033856,repair,573,2.75041e+08,2.75041e+08,7349,44,130,119,180,100,0,4163,3005,181
89.8191,1,6710272,repair,606,2.84507e+08,2.84446e+08,7467,36,128,131,195,116,0,4278,3038,151
89.9582,0,7055360,repair,573,2.75041e+08,2.75041e+08,7349,44,130,119,180,100,0,4163,3005,181
90.0753,1,6729728,repair,606,2.84507e+08,2.84446e+08,7467,36,128,131,195,116,0,4278,3038,151
90.2164,0,7077888,repair,573,2.71216e+08,2.71156e+08,7303,41,134,131,172,95,0,4169,2974,160
90.3329,1,6748160,repair,606,2.84507e+08,2.84446e+08,7467,36,128,131,195,116,0,4278,3038,151
90.4756,0,7099392,repair,573,2.71216e+08,2.71156e+08,7303,41,134,131,172,95,0,4169,2974,160
90.5901,1,6766592,repair,606,2.84507e+08,2.84446e+08,7467,36,128,131,195,116,0,4278,3038,151
90.727,0,7120896,repair,573,2.71216e+08,2.71156e+08,7303,41,134,131,172,95,0,4169,2974,160
90.8405,1,6785024,repair,606,2.84507e+08,2.84446e+08,7467,36,128,131,195,116,0,4278,3038,151
90.9858,0,7143424,repair,573,2.71216e+08,2.71156e+08,7303,41,134,131,172,95,0,4169,2974,160
91.1023,1,6803456,repair,606,2.84507e+08,2.84446e+08,7467,36,128,131,195,116,0,4278,3038,151
91.2455,0,7164928,repair,573,2.71216e+08,2.71156e+08,7303,41,134,131,172,95,0,4169,2974,160
91.3639,1,6822912,repair,606,2.84507e+08,2.84446e+08,7467,36,128,131,195,116,0,4278,3038,151
91.5033,0,7185408,repair,573,2.71216e+08,2.71156e+08,7303,41,134,131,172,95,0,4169,2974,160
91.6254,1,6843392,repair,606,2.84507e+08,2.84446e+08,7467,36,128,131,195,116,0,4278,3038,151
91.7639,0,7204864,repair,573,2.71216e+08,2.71156e+08,7303,41,134,131,172,95,0,4169,2974,160
91.8766,1,6861824,repair,606,2.84507e+08,2.84446e+08,7467,36,128,131,195,116,0,4278,3038,151
92.0154,0,7225344,repair,573,2.71216e+08,2.71156e+08,7303,41,134,131,172,95,0,4169,2974,160
92.1345,1,6880256,repair,606,2.84507e+08,2.84446e+08,7467,36,128,131,195,116,0,4278,3038,151
92.272,0,7245824,repair,573,2.71216e+08,2.71156e+08,7303,41,134,131,172,95,0,4169,2974,160
92.3918,1,6899712,repair,603,2.76635e+08,2.76574e+08,7217,48,150,110,180,115,0,3955,3080,182
92.5283,0,7267328,repair,573,2.71216e+08,2.71156e+08,7303,41,134,131,172,95,0,4169,2974,160
92.649,1,6918144,repair,603,2.76635e+08,2.76574e+08,7217,48,150,110,180,115,0,3955,3080,182
92.7842,0,7285760,repair,573,2.71216e+08,2.71156e+08,7303,41,134,131,172,95,0,4169,2974,160
92.9004,1,6937600,repair,603,2.76635e+08,2.76574e+08,7217,48,150,110,180,115,0,3955,3080,182
93.0453,0,7303168,repair,573,2.71216e+08,2.71156e+08,7303,41,134,131,172,95,0,4169,2974,160
93.1627,1,6957056,repair,603,2.76635e+08,2.76574e+08,7217,48,150,110,180,115,0,3955,3080,182
93.2988,0,7320576,repair,573,2.71216e+08,2.71156e+08,7303,41,134,131,172,95,0,4169,2974,160
93.4153,1,6976512,repair,600,2.75487e+08,2.75421e+08,7307,44,141,131,192,92,0,4106,3023,178
93.5552,0,7339008,repair,573,2.71216e+08,2.71156e+08,7303,41,134,131,172,95,0,4169,2974,160
93.6776,1,6996992,repair,600,2.75487e+08,2.75421e+08,7307,44,141,131,192,92,0,4106,3023,178
93.8132,0,7357440,repair,573,2.71216e+08,2.71156e+08,7303,41,134,131,172,95,0,4169,2974,160
93.9289,1,7016448,repair,600,2.75487e+08,2.75421e+08,7307,44,141,131,192,92,0,4106,3023,178
94.074,0,7375872,repair,573,2.71216e+08,2.71156e+08,7303,41,134,131,172,95,0,4169,2974,160
94.1895,1,7035904,repair,600,2.75487e+08,2.75421e+08,7307,44,141,131,192,92,0,4106,3023,178
94.3259,0,7393280,repair,573,2.71216e+08,2.71156e+08,7303,41,134,131,172,95,0,4169,2974,160
94.4472,1,7056384,repair,600,2.75487e+08,2.75421e+08,7307,44,141,131,192,92,0,4106,3023,178
94.5816,0,7411712,repair,573,2.71216e+08,2.71156e+08,7303,41,134,131,172,95,0,4169,2974,160
94.6988,1,7077888,repair,600,2.75487e+08,2.75421e+08,7307,44,141,131,192,92,0,4106,3023,178
94.84,0,7431168,repair,573,2.71216e+08,2.71156e+08,7303,41,134,131,172,95,0,4169,2974,160
94.9509,1,7100416,repair,600,2.75487e+08,2.75421e+08,7307,44,141,131,192,92,0,4106,3023,178
95.0963,0,7449600,repair,573,2.71216e+08,2.71156e+08,7303,41,134,131,172,95,0,4169,2974,160
95.2017,1,7122944,repair,600,2.75487e+08,2.75421e+08,7307,44,141,131,192,92,0,4106,3023,178
95.3509,0,7469056,repair,573,2.71216e+08,2.71156e+08,7303,41,134,131,172,95,0,4169,2974,160
95.4603,1,7145472,repair,600,2.75487e+08,2.75421e+08,7307,44,141,131,192,92,0,4106,3023,178
95.6022,0,7491584,repair,573,2.71216e+08,2.71156e+08,7303,41,134,131,172,95,0,4169,2974,160
95.7196,1,7169024,repair,600,2.75487e+08,2.75421e+08,7307,44,141,131,192,92,0,4106,3023,178
95.8658,0,7513088,repair,573,2.71216e+08,2.71156e+08,7303,41,134,131,172,95,0,4169,2974,160
95.9752,1,7191552,repair,600,2.75487e+08,2.75421e+08,7307,44,141,131,192,92,0,4106,3023,178
96.1167,0,7531520,repair,573,2.71216e+08,2.71156e+08,7303,41,134,131,172,95,0,4169,2974,160
96.2324,1,7215104,repair,600,2.75487e+08,2.75421e+08,7307,44,141,131,192,92,0,4106,3023,178
96.3687,0,7549952,repair,573,2.71216e+08,2.71156e+08,7303,41,134,131,172,95,0,4169,2974,160
96.4878,1,7237632,repair,600,2.75487e+08,2.75421e+08,7307,44,141,131,192,92,0,4106,3023,178
96.6285,0,7568384,repair,573,2.71216e+08,2.71156e+08,7303,41,134,131,172,95,0,4169,2974,160
96.7401,1,7259136,repair,600,2.75487e+08,2.75421e+08,7307,44,141,131,192,92,0,4106,3023,178
96.888,0,7586816,repair,573,2.71216e+08,2.71156e+08,7303,41,134,131,172,95,0,4169,2974,160
96.9924,1,7281664,repair,592,2.72174e+08,2.72153e+08,7239,35,159,144,155,99,0,4069,3013,157
97.1471,0,7604224,repair,573,2.71216e+08,2.71156e+08,7303,41,134,131,172,95,0,4169,2974,160
97.2509,1,7304192,repair,592,2.72174e+08,2.72153e+08,7239,35,159,144,155,99,0,4069,3013,157
97.4096,0,7622656,repair,573,2.71216e+08,2.71156e+08,7303,41,134,131,172,95,0,4169,2974,160
97.5049,1,7326720,repair,592,2.72174e+08,2.72153e+08,7239,35,159,144,155,99,0,4069,3013,157
97.6694,0,7645184,repair,573,2.71216e+08,2.71156e+08,7303,41,134,131,172,95,0,4169,2974,160
97.7677,1,7350272,repair,592,2.72174e+08,2.72153e+08,7239,35,159,144,155,99,0,4069,3013,157
97.9253,0,7665664,repair,573,2.47102e+08,2.47025e+08,6994,44,146,101,174,108,0,4020,2815,159
98.0258,1,7371776,repair,592,2.72174e+08,2.72153e+08,7239,35,159,144,155,99,0,4069,3013,157
98.1867,0,7686144,repair,573,2.47102e+08,2.47025e+08,6994,44,146,101,174,108,0,4020,2815,159
98.2825,1,7393280,repair,592,2.72174e+08,2.72153e+08,7239,35,159,144,155,99,0,4069,3013,157
98.4498,0,7707648,repair,573,2.47102e+08,2.47025e+08,6994,44,146,101,174,108,0,4020,2815,159
98.5442,1,7414784,repair,592,2.72174e+08,2.72153e+08,7239,35,159,144,155,99,0,4069,3013,157
98.7097,0,7728128,repair,572,2.57605e+08,2.57521e+08,7043,42,138,100,186,106,0,3923,2937,183
98.8036,1,7436288,repair,592,2.72174e+08,2.72153e+08,7239,35,159,144,155,99,0,4069,3013,157
98.962,0,7748608,repair,572,2.57605e+08,2.57521e+08,7043,42,138,100,186,106,0,3923,2937,183
99.0624,1,7457792,repair,592,2.72174e+08,2.72153e+08,7239,35,159,144,155,99,0,4069,3013,157
99.2203,0,7768064,repair,570,2.57246e+08,2.57246e+08,7079,49,138,123,169,91,0,3997,2915,167
99.3206,1,7479296,repair,592,2.72174e+08,2.72153e+08,7239,35,159,144,155,99,0,4069,3013,157
99.4711,0,7787520,repair,570,2.57246e+08,2.57246e+08,7079,49,138,123,169,91,0,3997,2915,167
99.5723,1,7499776,repair,592,2.72174e+08,2.72153e+08,7239,35,159,144,155,99,0,4069,3013,157
99.7213,0,7806976,repair,570,2.57246e+08,2.57246e+08,7079,49,138,123,169,91,0,3997,2915,167
99.8328,1,7521280,repair,592,2.72174e+08,2.72153e+08,7239,35,159,144,155,99,0,4069,3013,157
99.9849,0,7828480,repair,570,2.57246e+08,2.57246e+08,7079,49,138,123,169,91,0,3997,2915,167
100.093,1,7542784,repair,592,2.72174e+08,2.72153e+08,7239,35,159,144,155,99,0,4069,3013,157
100.241,0,7848960,repair,570,2.57246e+08,2.57246e+08,7079,49,138,123,169,91,0,3997,2915,167
100.345,1,7564288,repair,592,2.72174e+08,2.72153e+08,7239,35,159,144,155,99,0,4069,3013,157
100.503,0,7870464,repair,570,2.57246e+08,2.57246e+08,7079,49,138,123,169,91,0,3997,2915,167
100.603,1,7585792,repair,588,2.73449e+08,2.73369e+08,7256,57,152,107,186,86,0,4067,3021,168
100.759,0,7890944,repair,570,2.57246e+08,2.57246e+08,7079,49,138,123,169,91,0,3997,2915,167
100.86,1,7607296,repair,588,2.73449e+08,2.73369e+08,7256,57,152,107,186,86,0,4067,3021,168
101.02,0,7912448,repair,570,2.57246e+08,2.57246e+08,7079,49,138,123,169,91,0,3997,2915,167
101.119,1,7628800,repair,588,2.73449e+08,2.73369e+08,7256,57,152,107,186,86,0,4067,3021,168
101.282,0,7932928,repair,570,2.57246e+08,2.57246e+08,7079,49,138,123,169,91,0,3997,2915,167
101.386,1,7647232,repair,588,2.73449e+08,2.73369e+08,7256,57,152,107,186,86,0,4067,3021,168
101.546,0,7954432,repair,570,2.57246e+08,2.57246e+08,7079,49,138,123,169,91,0,3997,2915,167
101.643,1,7667712,repair,588,2.73449e+08,2.73369e+08,7256,57,152,107,186,86,0,4067,3021,168
101.797,0,7971840,repair,570,2.57246e+08,2.57246e+08,7079,49,138,123,169,91,0,3997,2915,167
101.901,1,7690240,repair,588,2.73449e+08,2.73369e+08,7256,57,152,107,186,86,0,4067,3021,168
102.048,0,7992320,repair,570,2.57246e+08,2.57246e+08,7079,49,138,123,169,91,0,3997,2915,167
102.162,1,7711744,repair,588,2.73449e+08,2.73369e+08,7256,57,152,107,186,86,0,4067,3021,168
102.302,0,8012800,repair,564,2.61355e+08,2.61336e+08,7006,50,134,114,167,99,0,3854,2999,153
102.419,1,7733248,repair,588,2.73449e+08,2.73369e+08,7256,57,152,107,186,86,0,4067,3021,168
102.56,0,8034304,repair,564,2.61355e+08,2.61336e+08,7006,50,134,114,167,99,0,3854,2999,153
102.678,1,7754752,repair,588,2.73449e+08,2.73369e+08,7256,57,152,107,186,86,0,4067,3021,168
102.812,0,8055808,repair,564,2.61355e+08,2.61336e+08,7006,50,134,114,167,99,0,3854,2999,153
102.929,1,7776256,repair,588,2.73449e+08,2.73369e+08,7256,57,152,107,186,86,0,4067,3021,168
103.071,0,8079360,repair,564,2.61355e+08,2.61336e+08,7006,50,134,114,167,99,0,3854,2999,153
103.179,1,7797760,repair,588,2.73449e+08,2.73369e+08,7256,57,152,107,186,86,0,4067,3021,168
103.333,0,8100864,repair,564,2.61355e+08,2.61336e+08,7006,50,134,114,167,99,0,3854,2999,153
103.432,1,7819264,repair,588,2.73449e+08,2.73369e+08,7256,57,152,107,186,86,0,4067,3021,168
103.586,0,8121344,repair,564,2.61355e+08,2.61336e+08,7006,50,134,114,167,99,0,3854,2999,153
103.683,1,7840768,repair,588,2.73449e+08,2.73369e+08,7256,57,152,107,186,86,0,4067,3021,168
103.84,0,8142848,repair,564,2.61355e+08,2.61336e+08,7006,50,134,114,167,99,0,3854,2999,153
103.942,1,7863296,repair,588,2.73449e+08,2.73369e+08,7256,57,152,107,186,86,0,4067,3021,168
104.097,0,8164352,repair,564,2.61355e+08,2.61336e+08,7006,50,134,114,167,99,0,3854,2999,153
104.199,1,7884800,repair,588,2.73449e+08,2.73369e+08,7256,57,152,107,186,86,0,4067,3021,168
104.348,0,8185856,repair,564,2.61355e+08,2.61336e+08,7006,50,134,114,167,99,0,3854,2999,153
104.456,1,7906304,repair,588,2.73449e+08,2.73369e+08,7256,57,152,107,186,86,0,4067,3021,168
104.602,0,8206336,repair,564,2.61355e+08,2.61336e+08,7006,50,134,114,167,99,0,3854,2999,153
104.716,1,7926784,repair,588,2.73449e+08,2.73369e+08,7256,57,152,107,186,86,0,4067,3021,168
104.852,0,8226816,repair,564,2.61355e+08,2.61336e+08,7006,50,134,114,167,99,0,3854,2999,153
104.977,1,7945216,repair,588,2.73449e+08,2.73369e+08,7256,57,152,107,186,86,0,4067,3021,168
105.113,0,8247296,repair,564,2.61355e+08,2.61336e+08,7006,50,134,114,167,99,0,3854,2999,153
105.237,1,7964672,repair,588,2.73449e+08,2.73369e+08,7256,57,152,107,186,86,0,4067,3021,168
105.365,0,8267776,repair,564,2.61355e+08,2.61336e+08,7006,50,134,114,167,99,0,3854,2999,153
105.492,1,7983104,repair,588,2.73449e+08,2.73369e+08,7256,57,152,107,186,86,0,4067,3021,168
105.619,0,8288256,repair,564,2.61355e+08,2.61336e+08,7006,50,134,114,167,99,0,3854,2999,153
105.748,1,8000512,repair,588,2.73449e+08,2.73369e+08,7256,57,152,107,186,86,0,4067,3021,168
105.871,0,8308736,repair,564,2.61355e+08,2.61336e+08,7006,50,134,114,167,99,0,3854,2999,153
106.012,1,8017920,repair,588,2.73449e+08,2.73369e+08,7256,57,152,107,186,86,0,4067,3021,168
106.137,0,8327168,repair,564,2.61355e+08,2.61336e+08,7006,50,134,114,167,99,0,3854,2999,153
106.269,1,8035328,repair,581,2.73032e+08,2.72951e+08,7241,50,145,116,171,99,0,4050,3027,164
106.401,0,8346624,repair,564,2.61355e+08,2.61336e+08,7006,50,134,114,167,99,0,3854,2999,153
106.532,1,8053760,repair,581,2.73032e+08,2.72951e+08,7241,50,145,116,171,99,0,4050,3027,164
106.654,0,8365056,repair,563,2.48607e+08,2.48607e+08,7031,55,115,107,188,98,0,4066,2816,149
106.785,1,8071168,repair,581,2.73032e+08,2.72951e+08,7241,50,145,116,171,99,0,4050,3027,164
106.905,0,8386560,repair,563,2.48607e+08,2.48607e+08,7031,55,115,107,188,98,0,4066,2816,149
107.044,1,8089600,repair,581,2.73032e+08,2.72951e+08,7241,50,145,116,171,99,0,4050,3027,164
107.164,0,8409088,repair,563,2.48607e+08,2.48607e+08,7031,55,115,107,188,98,0,4066,2816,149
107.309,1,8107008,repair,581,2.73032e+08,2.72951e+08,7241,50,145,116,171,99,0,4050,3027,164
107.422,0,8430592,repair,563,2.48607e+08,2.48607e+08,7031,55,115,107,188,98,0,4066,2816,149
107.567,1,8124416,repair,581,2.73032e+08,2.72951e+08,7241,50,145,116,171,99,0,4050,3027,164
107.707,0,8450048,repair,563,2.48607e+08,2.48607e+08,7031,55,115,107,188,98,0,4066,2816,149
107.835,1,8140800,repair,581,2.73032e+08,2.72951e+08,7241,50,145,116,171,99,0,4050,3027,164
107.957,0,8470528,repair,563,2.48607e+08,2.48607e+08,7031,55,115,107,188,98,0,4066,2816,149
108.086,1,8157184,repair,581,2.73032e+08,2.72951e+08,7241,50,145,116,171,99,0,4050,3027,164
108.214,0,8492032,repair,563,2.48607e+08,2.48607e+08,7031,55,115,107,188,98,0,4066,2816,149
108.351,1,8175616,repair,581,2.73032e+08,2.72951e+08,7241,50,145,116,171,99,0,4050,3027,164
108.466,0,8512512,repair,563,2.48607e+08,2.48607e+08,7031,55,115,107,188,98,0,4066,2816,149
108.605,1,8194048,repair,579,2.56445e+08,2.56382e+08,7016,37,137,133,185,87,0,3946,2924,146
108.724,0,8535040,repair,563,2.48607e+08,2.48607e+08,7031,55,115,107,188,98,0,4066,2816,149
108.869,1,8212480,repair,579,2.56445e+08,2.56382e+08,7016,37,137,133,185,87,0,3946,2924,146
108.977,0,8556544,repair,562,2.6417e+08,2.64112e+08,7232,31,134,128,180,89,0,4157,2919,156
109.121,1,8229888,repair,579,2.56445e+08,2.56382e+08,7016,37,137,133,185,87,0,3946,2924,146
109.227,0,8578048,repair,562,2.6417e+08,2.64112e+08,7232,31,134,128,180,89,0,4157,2919,156
109.372,1,8247296,repair,579,2.56445e+08,2.56382e+08,7016,37,137,133,185,87,0,3946,2924,146
109.483,0,8599552,repair,562,2.6417e+08,2.64112e+08,7232,31,134,128,180,89,0,4157,2919,156
109.628,1,8265728,repair,579,2.56445e+08,2.56382e+08,7016,37,137,133,185,87,0,3946,2924,146
109.743,0,8621056,repair,560,2.52564e+08,2.52506e+08,7026,51,124,109,184,92,0,3996,2876,154
109.891,1,8284160,repair,579,2.56445e+08,2.56382e+08,7016,37,137,133,185,87,0,3946,2924,146
110.003,0,8642560,repair,560,2.52564e+08,2.52506e+08,7026,51,124,109,184,92,0,3996,2876,154
110.144,1,8301568,repair,579,2.56445e+08,2.56382e+08,7016,37,137,133,185,87,0,3946,2924,146
110.26,0,8663040,repair,554,2.59043e+08,2.58983e+08,6987,50,117,105,187,95,0,3829,2986,172
110.405,1,8320000,repair,579,2.56445e+08,2.56382e+08,7016,37,137,133,185,87,0,3946,2924,146
110.515,0,8683520,repair,554,2.59043e+08,2.58983e+08,6987,50,117,105,187,95,0,3829,2986,172
110.66,1,8337408,repair,579,2.56445e+08,2.56382e+08,7016,37,137,133,185,87,0,3946,2924,146
110.772,0,8704000,repair,554,2.59043e+08,2.58983e+08,6987,50,117,105,187,95,0,3829,2986,172
110.923,1,8356864,repair,574,2.58419e+08,2.58361e+08,7111,49,127,116,179,103,0,4053,2905,153
111.028,0,8724480,repair,554,2.59043e+08,2.58983e+08,6987,50,117,105,187,95,0,3829,2986,172
111.176,1,8373248,repair,574,2.58419e+08,2.58361e+08,7111,49,127,116,179,103,0,4053,2905,153
111.285,0,8744960,repair,554,2.59043e+08,2.58983e+08,6987,50,117,105,187,95,0,3829,2986,172
111.427,1,8389632,repair,574,2.58419e+08,2.58361e+08,7111,49,127,116,179,103,0,4053,2905,153
111.537,0,8765440,repair,554,2.59043e+08,2.58983e+08,6987,50,117,105,187,95,0,3829,2986,172
111.691,1,8408064,repair,574,2.58419e+08,2.58361e+08,7111,49,127,116,179,103,0,4053,2905,153
111.79,0,8785920,repair,554,2.59043e+08,2.58983e+08,6987,50,117,105,187,95,0,3829,2986,172
111.945,1,8425472,repair,557,2.97162e+08,2.97135e+08,7536,55,140,104,164,94,0,4171,3184,181
112.053,0,8806400,repair,554,2.59043e+08,2.58983e+08,6987,50,117,105,187,95,0,3829,2986,172
112.197,1,8441856,repair,557,2.97162e+08,2.97135e+08,7536,55,140,104,164,94,0,4171,3184,181
112.31,0,8824832,repair,554,2.59043e+08,2.58983e+08,6987,50,117,105,187,95,0,3829,2986,172
112.451,1,8459264,repair,557,2.97162e+08,2.97135e+08,7536,55,140,104,164,94,0,4171,3184,181
112.562,0,8843264,repair,554,2.59043e+08,2.58983e+08,6987,50,117,105,187,95,0,3829,2986,172
112.712,1,8477696,repair,557,2.97162e+08,2.97135e+08,7536,55,140,104,164,94,0,4171,3184,181
112.816,0,8860672,repair,554,2.59043e+08,2.58983e+08,6987,50,117,105,187,95,0,3829,2986,172
112.973,1,8495104,repair,557,2.97162e+08,2.97135e+08,7536,55,140,104,164,94,0,4171,3184,181
113.08,0,8878080,repair,554,2.59043e+08,2.58983e+08,6987,50,117,105,187,95,0,3829,2986,172
113.227,1,8512512,repair,557,2.97162e+08,2.97135e+08,7536,55,140,104,164,94,0,4171,3184,181
113.332,0,8894464,repair,554,2.59043e+08,2.58983e+08,6987,50,117,105,187,95,0,3829,2986,172
113.49,1,8531968,repair,557,2.97162e+08,2.97135e+08,7536,55,140,104,164,94,0,4171,3184,181
113.588,0,8915968,repair,554,2.59043e+08,2.58983e+08,6987,50,117,105,187,95,0,3829,2986,172
113.753,1,8550400,repair,557,2.97162e+08,2.97135e+08,7536,55,140,104,164,94,0,4171,3184,181
113.839,0,8937472,repair,554,2.59043e+08,2.58983e+08,6987,50,117,105,187,95,0,3829,2986,172
114.011,1,8568832,repair,557,2.97162e+08,2.97135e+08,7536,55,140,104,164,94,0,4171,3184,181
114.097,0,8958976,repair,554,2.59043e+08,2.58983e+08,6987,50,117,105,187,95,0,3829,2986,172
114.266,1,8586240,repair,557,2.97162e+08,2.97135e+08,7536,55,140,104,164,94,0,4171,3184,181
114.355,0,8981504,repair,554,2.59043e+08,2.58983e+08,6987,50,117,105,187,95,0,3829,2986,172
114.529,1,8603648,repair,557,2.97162e+08,2.97135e+08,7536,55,140,104,164,94,0,4171,3184,181
114.606,0,9000960,repair,554,2.59043e+08,2.58983e+08,6987,50,117,105,187,95,0,3829,2986,172
114.789,1,8621056,repair,557,2.97162e+08,2.97135e+08,7536,55,140,104,164,94,0,4171,3184,181
114.865,0,9019392,repair,554,2.59043e+08,2.58983e+08,6987,50,117,105,187,95,0,3829,2986,172
115.045,1,8638464,repair,557,2.97162e+08,2.97135e+08,7536,55,140,104,164,94,0,4171,3184,181
115.12,0,9035776,repair,554,2.59043e+08,2.58983e+08,6987,50,117,105,187,95,0,3829,2986,172
115.307,1,8655872,repair,557,2.97162e+08,2.97135e+08,7536,55,140,104,164,94,0,4171,3184,181
115.383,0,9054208,repair,554,2.59043e+08,2.58983e+08,6987,50,117,105,187,95,0,3829,2986,172
115.566,1,8673280,repair,557,2.97162e+08,2.97135e+08,7536,55,140,104,164,94,0,4171,3184,181
115.641,0,9071616,repair,552,2.53561e+08,2.53539e+08,6826,50,115,104,170,113,0,3690,2987,149
115.828,1,8692736,repair,557,2.97162e+08,2.97135e+08,7536,55,140,104,164,94,0,4171,3184,181
115.899,0,9092096,repair,552,2.53561e+08,2.53539e+08,6826,50,115,104,170,113,0,3690,2987,149
116.09,1,8711168,repair,557,2.97162e+08,2.97135e+08,7536,55,140,104,164,94,0,4171,3184,181
116.158,0,9113600,repair,546,2.6178e+08,2.61721e+08,7119,55,119,107,167,98,0,4025,2950,144
116.345,1,8727552,repair,557,2.97162e+08,2.97135e+08,7536,55,140,104,164,94,0,4171,3184,181
116.419,0,9135104,repair,546,2.6178e+08,2.61721e+08,7119,55,119,107,167,98,0,4025,2950,144
116.608,1,8741888,repair,557,2.97162e+08,2.97135e+08,7536,55,140,104,164,94,0,4171,3184,181
116.67,0,9155584,repair,546,2.6178e+08,2.61721e+08,7119,55,119,107,167,98,0,4025,2950,144
116.868,1,8759296,repair,554,2.64136e+08,2.64076e+08,7164,46,135,116,147,110,0,4002,2973,189
116.928,0,9176064,repair,546,2.6178e+08,2.61721e+08,7119,55,119,107,167,98,0,4025,2950,144
117.128,1,8776704,repair,554,2.64136e+08,2.64076e+08,7164,46,135,116,147,110,0,4002,2973,189
117.189,0,9196544,repair,546,2.6178e+08,2.61721e+08,7119,55,119,107,167,98,0,4025,2950,144
117.378,1,8793088,repair,554,2.64136e+08,2.64076e+08,7164,46,135,116,147,110,0,4002,2973,189
117.444,0,9217024,repair,546,2.6178e+08,2.61721e+08,7119,55,119,107,167,98,0,4025,2950,144
117.64,1,8810496,repair,554,2.64136e+08,2.64076e+08,7164,46,135,116,147,110,0,4002,2973,189
117.695,0,9238528,repair,546,2.6178e+08,2.61721e+08,7119,55,119,107,167,98,0,4025,2950,144
117.892,1,8827904,repair,554,2.64136e+08,2.64076e+08,7164,46,135,116,147,110,0,4002,2973,189
117.956,0,9261056,repair,546,2.6178e+08,2.61721e+08,7119,55,119,107,167,98,0,4025,2950,144
118.148,1,8845312,repair,551,2.68845e+08,2.68785e+08,7197,38,140,120,161,92,0,4023,3007,167
118.214,0,9283584,repair,546,2.6178e+08,2.61721e+08,7119,55,119,107,167,98,0,4025,2950,144
118.409,1,8863744,repair,551,2.68845e+08,2.68785e+08,7197,38,140,120,161,92,0,4023,3007,167
118.47,0,9305088,repair,546,2.6178e+08,2.61721e+08,7119,55,119,107,167,98,0,4025,2950,144
118.668,1,8883200,repair,551,2.68845e+08,2.68785e+08,7197,38,140,120,161,92,0,4023,3007,167
118.727,0,9325568,repair,546,2.6178e+08,2.61721e+08,7119,55,119,107,167,98,0,4025,2950,144
118.922,1,8901632,repair,550,2.70041e+08,2.70037e+08,7167,37,135,117,163,98,0,3991,3029,147
118.982,0,9344000,repair,546,2.6178e+08,2.61721e+08,7119,55,119,107,167,98,0,4025,2950,144
119.188,1,8919040,repair,550,2.70041e+08,2.70037e+08,7167,37,135,117,163,98,0,3991,3029,147
119.244,0,9361408,repair,546,2.6178e+08,2.61721e+08,7119,55,119,107,167,98,0,4025,2950,144
119.442,1,8933376,repair,550,2.70041e+08,2.70037e+08,7167,37,135,117,163,98,0,3991,3029,147
119.501,0,9379840,repair,546,2.6178e+08,2.61721e+08,7119,55,119,107,167,98,0,4025,2950,144
119.702,1,8950784,repair,538,2.86237e+08,2.86149e+08,7400,41,127,116,163,91,0,4134,3116,150
119.757,0,9397248,repair,546,2.6178e+08,2.61721e+08,7119,55,119,107,167,98,0,4025,2950,144
119.965,1,8969216,repair,538,2.86237e+08,2.86149e+08,7400,41,127,116,163,91,0,4134,3116,150
120.008,0,9414656,repair,546,2.6178e+08,2.61721e+08,7119,55,119,107,167,98,0,4025,2950,144
120.225,1,8987648,repair,538,2.86237e+08,2.86149e+08,7400,41,127,116,163,91,0,4134,3116,150
120.267,0,9433088,repair,546,2.6178e+08,2.61721e+08,7119,55,119,107,167,98,0,4025,2950,144
120.484,1,9006080,repair,538,2.86237e+08,2.86149e+08,7400,41,127,116,163,91,0,4134,3116,150
120.522,0,9451520,repair,546,2.6178e+08,2.61721e+08,7119,55,119,107,167,98,0,4025,2950,144
120.739,1,9026560,repair,538,2.86237e+08,2.86149e+08,7400,41,127,116,163,91,0,4134,3116,150
120.773,0,9469952,repair,546,2.6178e+08,2.61721e+08,7119,55,119,107,167,98,0,4025,2950,144
120.99,1,9048064,repair,538,2.86237e+08,2.86149e+08,7400,41,127,116,163,91,0,4134,3116,150
121.026,0,9488384,repair,546,2.6178e+08,2.61721e+08,7119,55,119,107,167,98,0,4025,2950,144
121.246,1,9067520,repair,538,2.86237e+08,2.86149e+08,7400,41,127,116,163,91,0,4134,3116,150
121.283,0,9505792,repair,546,2.6178e+08,2.61721e+08,7119,55,119,107,167,98,0,4025,2950,144
121.5,1,9085952,repair,538,2.86237e+08,2.86149e+08,7400,41,127,116,163,91,0,4134,3116,150
121.543,0,9524224,repair,539,2.5656e+08,2.5656e+08,6957,55,120,106,168,90,0,3814,2975,168
121.756,1,9103360,repair,538,2.86237e+08,2.86149e+08,7400,41,127,116,163,91,0,4134,3116,150
121.794,0,9542656,repair,539,2.5656e+08,2.5656e+08,6957,55,120,106,168,90,0,3814,2975,168
122.02,1,9121792,repair,538,2.86237e+08,2.86149e+08,7400,41,127,116,163,91,0,4134,3116,150
122.063,0,9559040,repair,539,2.5656e+08,2.5656e+08,6957,55,120,106,168,90,0,3814,2975,168
122.278,1,9139200,repair,538,2.86237e+08,2.86149e+08,7400,41,127,116,163,91,0,4134,3116,150
122.315,0,9576448,repair,539,2.5656e+08,2.5656e+08,6957,55,120,106,168,90,0,3814,2975,168
122.534,1,9156608,repair,538,2.86237e+08,2.86149e+08,7400,41,127,116,163,91,0,4134,3116,150
122.568,0,9592832,repair,539,2.5656e+08,2.5656e+08,6957,55,120,106,168,90,0,3814,2975,168
122.787,1,9175040,repair,538,2.86237e+08,2.86149e+08,7400,41,127,116,163,91,0,4134,3116,150
122.826,0,9612288,repair,539,2.5656e+08,2.5656e+08,6957,55,120,106,168,90,0,3814,2975,168
123.04,1,9193472,repair,538,2.86237e+08,2.86149e+08,7400,41,127,116,163,91,0,4134,3116,150
123.085,0,9630720,repair,539,2.5656e+08,2.5656e+08,6957,55,120,106,168,90,0,3814,2975,168
123.295,1,9211904,repair,538,2.86237e+08,2.86149e+08,7400,41,127,116,163,91,0,4134,3116,150
123.335,0,9648128,repair,539,2.5656e+08,2.5656e+08,6957,55,120,106,168,90,0,3814,2975,168
123.555,1,9230336,repair,538,2.86237e+08,2.86149e+08,7400,41,127,116,163,91,0,4134,3116,150
123.597,0,9667584,repair,539,2.5248e+08,2.52402e+08,7036,41,132,99,166,101,0,4010,2874,152
123.818,1,9249792,repair,538,2.86237e+08,2.86149e+08,7400,41,127,116,163,91,0,4134,3116,150
123.856,0,9686016,repair,539,2.5248e+08,2.52402e+08,7036,41,132,99,166,101,0,4010,2874,152
124.077,1,9268224,repair,538,2.86237e+08,2.86149e+08,7400,41,127,116,163,91,0,4134,3116,150
124.112,0,9702400,repair,539,2.5248e+08,2.52402e+08,7036,41,132,99,166,101,0,4010,2874,152
124.329,1,9286656,repair,538,2.86237e+08,2.86149e+08,7400,41,127,116,163,91,0,4134,3116,150
124.373,0,9722880,repair,539,2.5248e+08,2.52402e+08,7036,41,132,99,166,101,0,4010,2874,152
124.594,1,9306112,repair,538,2.86237e+08,2.86149e+08,7400,41,127,116,163,91,0,4134,3116,150
124.625,0,9743360,repair,539,2.5248e+08,2.52402e+08,7036,41,132,99,166,101,0,4010,2874,152
124.848,1,9324544,repair,538,2.86237e+08,2.86149e+08,7400,41,127,116,163,91,0,4134,3116,150
124.887,0,9761792,repair,528,2.68729e+08,2.68729e+08,7084,40,118,103,176,91,0,3871,3059,154
125.106,1,9342976,repair,538,2.86237e+08,2.86149e+08,7400,41,127,116,163,91,0,4134,3116,150
125.145,0,9780224,repair,528,2.68729e+08,2.68729e+08,7084,40,118,103,176,91,0,3871,3059,154
125.361,1,9361408,repair,538,2.86237e+08,2.86149e+08,7400,41,127,116,163,91,0,4134,3116,150
125.4,0,9798656,repair,528,2.68729e+08,2.68729e+08,7084,40,118,103,176,91,0,3871,3059,154
125.612,1,9378816,repair,538,2.86237e+08,2.86149e+08,7400,41,127,116,163,91,0,4134,3116,150
125.652,0,9817088,repair,528,2.68729e+08,2.68729e+08,7084,40,118,103,176,91,0,3871,3059,154
125.875,1,9397248,repair,538,2.86237e+08,2.86149e+08,7400,41,127,116,163,91,0,4134,3116,150
125.905,0,9835520,repair,528,2.68729e+08,2.68729e+08,7084,40,118,103,176,91,0,3871,3059,154
126.128,1,9414656,repair,538,2.86237e+08,2.86149e+08,7400,41,127,116,163,91,0,4134,3116,150
126.159,0,9853952,repair,528,2.68729e+08,2.68729e+08,7084,40,118,103,176,91,0,3871,3059,154
126.391,1,9434112,repair,538,2.86237e+08,2.86149e+08,7400,41,127,116,163,91,0,4134,3116,150
126.413,0,9872384,repair,528,2.68729e+08,2.68729e+08,7084,40,118,103,176,91,0,3871,3059,154
126.646,1,9452544,repair,533,2.7348e+08,2.7348e+08,7189,41,124,119,150,99,0,3975,3067,147
126.673,0,9892864,repair,528,2.68729e+08,2.68729e+08,7084,40,118,103,176,91,0,3871,3059,154
126.907,1,9472000,repair,533,2.7348e+08,2.7348e+08,7189,41,124,119,150,99,0,3975,3067,147
126.933,0,9915392,repair,528,2.68729e+08,2.68729e+08,7084,40,118,103,176,91,0,3871,3059,154
127.164,1,9490432,repair,533,2.7348e+08,2.7348e+08,7189,41,124,119,150,99,0,3975,3067,147
127.195,0,9936896,repair,528,2.68729e+08,2.68729e+08,7084,40,118,103,176,91,0,3871,3059,154
127.418,1,9508864,repair,533,2.7348e+08,2.7348e+08,7189,41,124,119,150,99,0,3975,3067,147
127.456,0,9958400,repair,528,2.68729e+08,2.68729e+08,7084,40,118,103,176,91,0,3871,3059,154
127.693,1,9526272,repair,533,2.7348e+08,2.7348e+08,7189,41,124,119,150,99,0,3975,3067,147
127.712,0,9978880,repair,528,2.68729e+08,2.68729e+08,7084,40,118,103,176,91,0,3871,3059,154
127.953,1,9544704,repair,533,2.7348e+08,2.7348e+08,7189,41,124,119,150,99,0,3975,3067,147
127.968,0,10000384,repair,528,2.68729e+08,2.68729e+08,7084,40,118,103,176,91,0,3871,3059,154
128.211,1,9563136,repair,533,2.7348e+08,2.7348e+08,7189,41,124,119,150,99,0,3975,3067,147
128.229,0,10022912,repair,528,2.68729e+08,2.68729e+08,7084,40,118,103,176,91,0,3871,3059,154
128.473,1,9581568,repair,533,2.7348e+08,2.7348e+08,7189,41,124,119,150,99,0,3975,3067,147
128.486,0,10044416,repair,528,2.68729e+08,2.68729e+08,7084,40,118,103,176,91,0,3871,3059,154
128.73,1,9600000,repair,533,2.7348e+08,2.7348e+08,7189,41,124,119,150,99,0,3975,3067,147
128.737,0,10065920,repair,528,2.68729e+08,2.68729e+08,7084,40,118,103,176,91,0,3871,3059,154
128.98,1,9618432,repair,533,2.7348e+08,2.7348e+08,7189,41,124,119,150,99,0,3975,3067,147
128.991,0,10089472,repair,528,2.68729e+08,2.68729e+08,7084,40,118,103,176,91,0,3871,3059,154
129.233,1,9636864,repair,533,2.7348e+08,2.7348e+08,7189,41,124,119,150,99,0,3975,3067,147
129.25,0,10112000,repair,528,2.68729e+08,2.68729e+08,7084,40,118,103,176,91,0,3871,3059,154
129.485,1,9655296,repair,533,2.7348e+08,2.7348e+08,7189,41,124,119,150,99,0,3975,3067,147
129.509,0,10136576,repair,528,2.68729e+08,2.68729e+08,7084,40,118,103,176,91,0,3871,3059,154
129.737,1,9672704,repair,533,2.7348e+08,2.7348e+08,7189,41,124,119,150,99,0,3975,3067,147
129.765,0,10159104,repair,528,2.68729e+08,2.68729e+08,7084,40,118,103,176,91,0,3871,3059,154
129.988,1,9691136,repair,533,2.7348e+08,2.7348e+08,7189,41,124,119,150,99,0,3975,3067,147
130.024,0,10181632,repair,528,2.68729e+08,2.68729e+08,7084,40,118,103,176,91,0,3871,3059,154
130.238,1,9709568,repair,533,2.7348e+08,2.7348e+08,7189,41,124,119,150,99,0,3975,3067,147
130.287,0,10204160,repair,528,2.68729e+08,2.68729e+08,7084,40,118,103,176,91,0,3871,3059,154
130.49,1,9729024,repair,529,2.8572e+08,2.85699e+08,7404,32,120,131,161,85,0,4136,3113,155
130.541,0,10225664,repair,528,2.68729e+08,2.68729e+08,7084,40,118,103,176,91,0,3871,3059,154
130.75,1,9748480,repair,529,2.8572e+08,2.85699e+08,7404,32,120,131,161,85,0,4136,3113,155
130.801,0,10249216,repair,528,2.68729e+08,2.68729e+08,7084,40,118,103,176,91,0,3871,3059,154
131.01,1,9767936,repair,529,2.8572e+08,2.85699e+08,7404,32,120,131,161,85,0,4136,3113,155
131.052,0,10270720,repair,528,2.68729e+08,2.68729e+08,7084,40,118,103,176,91,0,3871,3059,154
131.261,1,9786368,repair,529,2.8572e+08,2.85699e+08,7404,32,120,131,161,85,0,4136,3113,155
131.312,0,10292224,repair,528,2.68729e+08,2.68729e+08,7084,40,118,103,176,91,0,3871,3059,154
131.521,1,9804800,repair,529,2.8572e+08,2.85699e+08,7404,32,120,131,161,85,0,4136,3113,155
131.57,0,10314752,repair,528,2.68729e+08,2.68729e+08,7084,40,118,103,176,91,0,3871,3059,154
131.781,1,9823232,repair,529,2.8572e+08,2.85699e+08,7404,32,120,131,161,85,0,4136,3113,155
131.821,0,10336256,repair,528,2.68729e+08,2.68729e+08,7084,40,118,103,176,91,0,3871,3059,154
132.042,1,9841664,repair,529,2.8572e+08,2.85699e+08,7404,32,120,131,161,85,0,4136,3113,155
132.081,0,10357760,repair,528,2.68729e+08,2.68729e+08,7084,40,118,103,176,91,0,3871,3059,154
132.293,1,9858048,repair,529,2.8572e+08,2.85699e+08,7404,32,120,131,161,85,0,4136,3113,155
132.336,0,10380288,repair,528,2.68729e+08,2.68729e+08,7084,40,118,103,176,91,0,3871,3059,154
132.554,1,9876480,repair,529,2.8572e+08,2.85699e+08,7404,32,120,131,161,85,0,4136,3113,155
132.589,0,10400768,repair,528,2.68729e+08,2.68729e+08,7084,40,118,103,176,91,0,3871,3059,154
132.804,1,9893888,repair,528,2.62984e+08,2.62959e+08,7158,48,117,108,161,94,0,4048,2955,155
132.845,0,10423296,repair,528,2.68729e+08,2.68729e+08,7084,40,118,103,176,91,0,3871,3059,154
133.068,1,9911296,repair,528,2.62984e+08,2.62959e+08,7158,48,117,108,161,94,0,4048,2955,155
133.104,0,10443776,repair,528,2.68729e+08,2.68729e+08,7084,40,118,103,176,91,0,3871,3059,154
133.33,1,9929728,repair,528,2.62984e+08,2.62959e+08,7158,48,117,108,161,94,0,4048,2955,155
133.363,0,10464256,repair,528,2.68729e+08,2.68729e+08,7084,40,118,103,176,91,0,3871,3059,154
133.583,1,9949184,repair,528,2.62984e+08,2.62959e+08,7158,48,117,108,161,94,0,4048,2955,155
133.622,0,10485760,repair,528,2.68729e+08,2.68729e+08,7084,40,118,103,176,91,0,3871,3059,154
133.833,1,9967616,repair,528,2.62984e+08,2.62959e+08,7158,48,117,108,161,94,0,4048,2955,155
133.875,0,10507264,repair,528,2.68729e+08,2.68729e+08,7084,40,118,103,176,91,0,3871,3059,154
134.097,1,9988096,repair,528,2.62984e+08,2.62959e+08,7158,48,117,108,161,94,0,4048,2955,155
134.126,0,10527744,repair,528,2.68729e+08,2.68729e+08,7084,40,118,103,176,91,0,3871,3059,154
134.357,1,10007552,repair,528,2.62984e+08,2.62959e+08,7158,48,117,108,161,94,0,4048,2955,155
134.387,0,10550272,repair,528,2.68729e+08,2.68729e+08,7084,40,118,103,176,91,0,3871,3059,154
134.61,1,10027008,repair,528,2.62984e+08,2.62959e+08,7158,48,117,108,161,94,0,4048,2955,155
134.649,0,10570752,repair,528,2.68729e+08,2.68729e+08,7084,40,118,103,176,91,0,3871,3059,154
134.871,1,10044416,repair,525,2.6662e+08,2.66555e+08,7218,45,120,108,177,75,0,4054,2980,184
134.904,0,10589184,repair,528,2.68729e+08,2.68729e+08,7084,40,118,103,176,91,0,3871,3059,154
135.121,1,10061824,repair,525,2.6662e+08,2.66555e+08,7218,45,120,108,177,75,0,4054,2980,184
135.167,0,10605568,repair,528,2.68729e+08,2.68729e+08,7084,40,118,103,176,91,0,3871,3059,154
135.377,1,10079232,repair,525,2.6662e+08,2.66555e+08,7218,45,120,108,177,75,0,4054,2980,184
135.425,0,10621952,repair,528,2.68729e+08,2.68729e+08,7084,40,118,103,176,91,0,3871,3059,154
135.636,1,10096640,repair,525,2.6662e+08,2.66555e+08,7218,45,120,108,177,75,0,4054,2980,184
135.676,0,10639360,repair,528,2.68729e+08,2.68729e+08,7084,40,118,103,176,91,0,3871,3059,154
135.898,1,10115072,repair,525,2.6662e+08,2.66555e+08,7218,45,120,108,177,75,0,4054,2980,184
135.929,0,10657792,repair,528,2.68729e+08,2.68729e+08,7084,40,118,103,176,91,0,3871,3059,154
136.16,1,10134528,repair,525,2.6662e+08,2.66555e+08,7218,45,120,108,177,75,0,4054,2980,184
136.187,0,10676224,repair,528,2.68729e+08,2.68729e+08,7084,40,118,103,176,91,0,3871,3059,154
136.424,1,10153984,repair,525,2.6662e+08,2.66555e+08,7218,45,120,108,177,75,0,4054,2980,184
136.441,0,10694656,repair,528,2.68729e+08,2.68729e+08,7084,40,118,103,176,91,0,3871,3059,154
136.681,1,10171392,repair,525,2.6662e+08,2.66555e+08,7218,45,120,108,177,75,0,4054,2980,184
136.693,0,10712064,repair,528,2.68729e+08,2.68729e+08,7084,40,118,103,176,91,0,3871,3059,154
136.945,1,10190848,repair,525,2.6662e+08,2.66555e+08,7218,45,120,108,177,75,0,4054,2980,184
136.947,0,10730496,repair,528,2.68729e+08,2.68729e+08,7084,40,118,103,176,91,0,3871,3059,154
137.201,0,10749952,repair,528,2.68729e+08,2.68729e+08,7084,40,118,103,176,91,0,3871,3059,154
137.205,1,10209280,repair,525,2.6662e+08,2.66555e+08,7218,45,120,108,177,75,0,4054,2980,184
137.453,0,10768384,repair,528,2.68729e+08,2.68729e+08,7084,40,118,103,176,91,0,3871,3059,154
137.466,1,10227712,repair,525,2.6662e+08,2.66555e+08,7218,45,120,108,177,75,0,4054,2980,184
137.704,0,10785792,repair,528,2.68729e+08,2.68729e+08,7084,40,118,103,176,91,0,3871,3059,154
137.72,1,10245120,repair,525,2.6662e+08,2.66555e+08,7218,45,120,108,177,75,0,4054,2980,184
137.968,0,10805248,repair,528,2.68729e+08,2.68729e+08,7084,40,118,103,176,91,0,3871,3059,154
137.972,1,10263552,repair,525,2.6662e+08,2.66555e+08,7218,45,120,108,177,75,0,4054,2980,184
138.229,0,10823680,repair,527,2.48109e+08,2.48052e+08,6905,38,114,93,184,98,0,3857,2888,160
138.235,1,10283008,repair,525,2.6662e+08,2.66555e+08,7218,45,120,108,177,75,0,4054,2980,184
138.488,0,10844160,repair,527,2.48109e+08,2.48052e+08,6905,38,114,93,184,98,0,3857,2888,160
138.497,1,10302464,repair,525,2.6662e+08,2.66555e+08,7218,45,120,108,177,75,0,4054,2980,184
138.738,0,10864640,repair,525,2.46777e+08,2.46753e+08,6910,52,134,96,154,89,0,3885,2871,154
138.758,1,10321920,repair,525,2.6662e+08,2.66555e+08,7218,45,120,108,177,75,0,4054,2980,184
138.994,0,10886144,repair,525,2.46777e+08,2.46753e+08,6910,52,134,96,154,89,0,3885,2871,154
139.018,1,10340352,repair,525,2.6662e+08,2.66555e+08,7218,45,120,108,177,75,0,4054,2980,184
139.253,0,10906624,repair,525,2.46777e+08,2.46753e+08,6910,52,134,96,154,89,0,3885,2871,154
139.27,1,10357760,repair,525,2.6662e+08,2.66555e+08,7218,45,120,108,177,75,0,4054,2980,184
139.514,0,10928128,repair,523,2.4409e+08,2.44033e+08,6933,46,112,92,169,104,0,3979,2815,139
139.527,1,10376192,repair,525,2.6662e+08,2.66555e+08,7218,45,120,108,177,75,0,4054,2980,184
139.765,0,10948608,repair,523,2.4409e+08,2.44033e+08,6933,46,112,92,169,104,0,3979,2815,139
139.778,1,10393600,repair,525,2.6662e+08,2.66555e+08,7218,45,120,108,177,75,0,4054,2980,184
140.018,0,10969088,repair,523,2.4409e+08,2.44033e+08,6933,46,112,92,169,104,0,3979,2815,139
140.029,1,10409984,repair,525,2.6662e+08,2.66555e+08,7218,45,120,108,177,75,0,4054,2980,184
140.269,0,10988544,repair,523,2.4409e+08,2.44033e+08,6933,46,112,92,169,104,0,3979,2815,139
140.28,1,10427392,repair,525,2.6662e+08,2.66555e+08,7218,45,120,108,177,75,0,4054,2980,184
140.52,0,11009024,repair,523,2.4409e+08,2.44033e+08,6933,46,112,92,169,104,0,3979,2815,139
140.535,1,10444800,repair,525,2.6662e+08,2.66555e+08,7218,45,120,108,177,75,0,4054,2980,184
140.778,0,11030528,repair,523,2.4409e+08,2.44033e+08,6933,46,112,92,169,104,0,3979,2815,139
140.785,1,10462208,repair,525,2.6662e+08,2.66555e+08,7218,45,120,108,177,75,0,4054,2980,184
141.035,0,11052032,repair,523,2.4409e+08,2.44033e+08,6933,46,112,92,169,104,0,3979,2815,139
141.042,1,10480640,repair,525,2.6662e+08,2.66555e+08,7218,45,120,108,177,75,0,4054,2980,184
141.294,0,11072512,repair,514,2.5707e+08,2.57046e+08,6962,43,110,98,159,104,0,3826,2980,156
141.306,1,10499072,repair,523,2.53376e+08,2.53314e+08,7064,41,107,105,173,97,0,4027,2879,158
141.549,0,11092992,repair,514,2.5707e+08,2.57046e+08,6962,43,110,98,159,104,0,3826,2980,156
141.58,1,10517504,repair,523,2.53376e+08,2.53314e+08,7064,41,107,105,173,97,0,4027,2879,158
141.805,0,11113472,repair,514,2.5707e+08,2.57046e+08,6962,43,110,98,159,104,0,3826,2980,156
141.843,1,10535936,repair,523,2.53376e+08,2.53314e+08,7064,41,107,105,173,97,0,4027,2879,158
142.06,0,11133952,repair,514,2.5707e+08,2.57046e+08,6962,43,110,98,159,104,0,3826,2980,156
142.101,1,10554368,repair,523,2.53376e+08,2.53314e+08,7064,41,107,105,173,97,0,4027,2879,158
142.313,0,11154432,repair,514,2.5707e+08,2.57046e+08,6962,43,110,98,159,104,0,3826,2980,156
142.357,1,10572800,repair,523,2.53376e+08,2.53314e+08,7064,41,107,105,173,97,0,4027,2879,158
142.575,0,11174912,repair,514,2.5707e+08,2.57046e+08,6962,43,110,98,159,104,0,3826,2980,156
142.61,1,10590208,repair,523,2.53376e+08,2.53314e+08,7064,41,107,105,173,97,0,4027,2879,158
142.832,0,11195392,repair,514,2.5707e+08,2.57046e+08,6962,43,110,98,159,104,0,3826,2980,156
142.868,1,10607616,repair,523,2.53376e+08,2.53314e+08,7064,41,107,105,173,97,0,4027,2879,158
143.092,0,11215872,repair,514,2.5707e+08,2.57046e+08,6962,43,110,98,159,104,0,3826,2980,156
143.126,1,10625024,repair,523,2.53376e+08,2.53314e+08,7064,41,107,105,173,97,0,4027,2879,158
143.349,0,11236352,repair,514,2.5707e+08,2.57046e+08,6962,43,110,98,159,104,0,3826,2980,156
143.378,1,10642432,repair,523,2.53376e+08,2.53314e+08,7064,41,107,105,173,97,0,4027,2879,158
143.609,0,11257856,repair,514,2.5707e+08,2.57046e+08,6962,43,110,98,159,104,0,3826,2980,156
143.644,1,10660864,repair,523,2.53376e+08,2.53314e+08,7064,41,107,105,173,97,0,4027,2879,158
143.869,0,11279360,repair,514,2.55946e+08,2.55863e+08,7035,40,120,99,167,88,0,3954,2928,153
143.895,1,10678272,repair,523,2.53376e+08,2.53314e+08,7064,41,107,105,173,97,0,4027,2879,158
144.134,0,11299840,repair,514,2.55946e+08,2.55863e+08,7035,40,120,99,167,88,0,3954,2928,153
144.156,1,10696704,repair,523,2.53376e+08,2.53314e+08,7064,41,107,105,173,97,0,4027,2879,158
144.386,0,11320320,repair,514,2.55946e+08,2.55863e+08,7035,40,120,99,167,88,0,3954,2928,153
144.41,1,10714112,repair,523,2.53376e+08,2.53314e+08,7064,41,107,105,173,97,0,4027,2879,158
144.642,0,11340800,repair,514,2.55946e+08,2.55863e+08,7035,40,120,99,167,88,0,3954,2928,153
144.664,1,10732544,repair,523,2.53376e+08,2.53314e+08,7064,41,107,105,173,97,0,4027,2879,158
144.9,0,11362304,repair,514,2.55946e+08,2.55863e+08,7035,40,120,99,167,88,0,3954,2928,153
144.917,1,10749952,repair,523,2.53376e+08,2.53314e+08,7064,41,107,105,173,97,0,4027,2879,158
145.153,0,11381760,repair,514,2.55946e+08,2.55863e+08,7035,40,120,99,167,88,0,3954,2928,153
145.176,1,10768384,repair,520,2.68602e+08,2.68582e+08,7196,55,116,109,147,93,0,4040,3008,148
145.412,0,11402240,repair,514,2.55946e+08,2.55863e+08,7035,40,120,99,167,88,0,3954,2928,153
145.43,1,10786816,repair,519,2.71609e+08,2.71589e+08,7200,41,115,118,149,96,0,4006,3044,150
145.663,0,11422720,repair,514,2.55946e+08,2.55863e+08,7035,40,120,99,167,88,0,3954,2928,153
145.681,1,10804224,repair,519,2.71609e+08,2.71589e+08,7200,41,115,118,149,96,0,4006,3044,150
145.915,0,11443200,repair,514,2.55946e+08,2.55863e+08,7035,40,120,99,167,88,0,3954,2928,153
145.932,1,10821632,repair,519,2.71609e+08,2.71589e+08,7200,41,115,118,149,96,0,4006,3044,150
146.17,0,11462656,repair,514,2.55946e+08,2.55863e+08,7035,40,120,99,167,88,0,3954,2928,153
146.193,1,10840064,repair,519,2.71609e+08,2.71589e+08,7200,41,115,118,149,96,0,4006,3044,150
146.425,0,11483136,repair,514,2.55946e+08,2.55863e+08,7035,40,120,99,167,88,0,3954,2928,153
146.452,1,10858496,repair,519,2.71609e+08,2.71589e+08,7200,41,115,118,149,96,0,4006,3044,150
146.679,0,11502592,repair,514,2.55946e+08,2.55863e+08,7035,40,120,99,167,88,0,3954,2928,153
146.712,1,10875904,repair,519,2.71609e+08,2.71589e+08,7200,41,115,118,149,96,0,4006,3044,150
146.933,0,11523072,repair,514,2.55946e+08,2.55863e+08,7035,40,120,99,167,88,0,3954,2928,153
146.962,1,10893312,repair,514,2.56161e+08,2.56103e+08,7076,26,114,113,157,104,0,3989,2917,170
147.194,0,11542528,repair,514,2.55946e+08,2.55863e+08,7035,40,120,99,167,88,0,3954,2928,153
147.214,1,10910720,repair,513,2.58391e+08,2.58333e+08,7098,24,118,110,156,105,0,3994,2934,170
147.457,0,11563008,repair,514,2.55946e+08,2.55863e+08,7035,40,120,99,167,88,0,3954,2928,153
147.465,1,10928128,repair,513,2.58391e+08,2.58333e+08,7098,24,118,110,156,105,0,3994,2934,170
147.713,0,11583488,repair,514,2.55946e+08,2.55863e+08,7035,40,120,99,167,88,0,3954,2928,153
147.718,1,10945536,repair,513,2.58391e+08,2.58333e+08,7098,24,118,110,156,105,0,3994,2934,170
147.971,1,10963968,repair,513,2.58391e+08,2.58333e+08,7098,24,118,110,156,105,0,3994,2934,170
147.971,0,11604992,repair,514,2.55946e+08,2.55863e+08,7035,40,120,99,167,88,0,3954,2928,153
148.223,1,10981376,repair,513,2.58391e+08,2.58333e+08,7098,24,118,110,156,105,0,3994,2934,170
148.229,0,11624448,repair,514,2.55946e+08,2.55863e+08,7035,40,120,99,167,88,0,3954,2928,153
148.484,1,10998784,repair,512,2.54909e+08,2.54889e+08,7046,41,122,115,145,89,0,3992,2910,144
148.487,0,11644928,repair,514,2.55946e+08,2.55863e+08,7035,40,120,99,167,88,0,3954,2928,153
148.735,1,11016192,repair,512,2.54909e+08,2.54889e+08,7046,41,122,115,145,89,0,3992,2910,144
148.742,0,11664384,repair,514,2.55946e+08,2.55863e+08,7035,40,120,99,167,88,0,3954,2928,153
148.995,1,11033600,repair,512,2.54909e+08,2.54889e+08,7046,41,122,115,145,89,0,3992,2910,144
149.003,0,11684864,repair,514,2.55946e+08,2.55863e+08,7035,40,120,99,167,88,0,3954,2928,153
149.255,1,11051008,repair,512,2.54909e+08,2.54889e+08,7046,41,122,115,145,89,0,3992,2910,144
149.26,0,11705344,repair,514,2.55946e+08,2.55863e+08,7035,40,120,99,167,88,0,3954,2928,153
149.515,1,11069440,repair,512,2.54909e+08,2.54889e+08,7046,41,122,115,145,89,0,3992,2910,144
149.519,0,11725824,repair,513,2.58282e+08,2.58262e+08,7028,39,128,102,153,91,0,3926,2959,143
149.769,1,11087872,repair,512,2.54909e+08,2.54889e+08,7046,41,122,115,145,89,0,3992,2910,144
149.77,0,11746304,repair,513,2.58282e+08,2.58262e+08,7028,39,128,102,153,91,0,3926,2959,143
150.026,0,11767808,repair,513,2.58282e+08,2.58262e+08,7028,39,128,102,153,91,0,3926,2959,143
150.028,1,11106304,repair,512,2.54909e+08,2.54889e+08,7046,41,122,115,145,89,0,3992,2910,144
150.278,0,11788288,repair,512,2.63818e+08,2.63754e+08,7194,53,121,114,153,71,0,4064,2959,171
150.288,1,11124736,repair,512,2.54909e+08,2.54889e+08,7046,41,122,115,145,89,0,3992,2910,144
150.531,0,11804672,repair,512,2.63818e+08,2.63754e+08,7194,53,121,114,153,71,0,4064,2959,171
150.544,1,11142144,repair,512,2.54909e+08,2.54889e+08,7046,41,122,115,145,89,0,3992,2910,144
150.79,0,11825152,repair,512,2.63818e+08,2.63754e+08,7194,53,121,114,153,71,0,4064,2959,171
150.807,1,11160576,repair,512,2.54909e+08,2.54889e+08,7046,41,122,115,145,89,0,3992,2910,144
151.043,0,11845632,repair,512,2.63818e+08,2.63754e+08,7194,53,121,114,153,71,0,4064,2959,171
151.059,1,11177984,repair,512,2.54909e+08,2.54889e+08,7046,41,122,115,145,89,0,3992,2910,144
151.306,0,11866112,repair,512,2.63818e+08,2.63754e+08,7194,53,121,114,153,71,0,4064,2959,171
151.313,1,11195392,repair,512,2.54909e+08,2.54889e+08,7046,41,122,115,145,89,0,3992,2910,144
151.566,0,11882496,repair,510,2.56742e+08,2.56742e+08,7072,37,112,109,168,84,0,3985,2925,162
151.571,1,11213824,repair,512,2.54909e+08,2.54889e+08,7046,41,122,115,145,89,0,3992,2910,144
151.827,0,11897856,repair,510,2.56742e+08,2.56742e+08,7072,37,112,109,168,84,0,3985,2925,162
151.831,1,11231232,repair,512,2.54909e+08,2.54889e+08,7046,41,122,115,145,89,0,3992,2910,144
152.09,1,11248640,repair,512,2.54909e+08,2.54889e+08,7046,41,122,115,145,89,0,3992,2910,144
152.095,0,11913216,repair,510,2.56742e+08,2.56742e+08,7072,37,112,109,168,84,0,3985,2925,162
152.354,1,11267072,repair,512,2.54909e+08,2.54889e+08,7046,41,122,115,145,89,0,3992,2910,144
152.357,0,11929600,repair,510,2.56742e+08,2.56742e+08,7072,37,112,109,168,84,0,3985,2925,162
152.607,1,11284480,repair,512,2.54909e+08,2.54889e+08,7046,41,122,115,145,89,0,3992,2910,144
152.614,0,11947008,repair,510,2.56742e+08,2.56742e+08,7072,37,112,109,168,84,0,3985,2925,162
152.869,1,11301888,repair,512,2.54909e+08,2.54889e+08,7046,41,122,115,145,89,0,3992,2910,144
152.871,0,11963392,repair,510,2.56742e+08,2.56742e+08,7072,37,112,109,168,84,0,3985,2925,162
153.123,1,11319296,repair,512,2.54909e+08,2.54889e+08,7046,41,122,115,145,89,0,3992,2910,144
153.138,0,11980800,repair,510,2.56742e+08,2.56742e+08,7072,37,112,109,168,84,0,3985,2925,162
153.387,1,11336704,repair,512,2.54909e+08,2.54889e+08,7046,41,122,115,145,89,0,3992,2910,144
153.392,0,11998208,repair,510,2.56742e+08,2.56742e+08,7072,37,112,109,168,84,0,3985,2925,162
153.642,0,12014592,repair,510,2.56742e+08,2.56742e+08,7072,37,112,109,168,84,0,3985,2925,162
153.644,1,11355136,repair,512,2.54909e+08,2.54889e+08,7046,41,122,115,145,89,0,3992,2910,144
153.896,1,11373568,repair,512,2.54909e+08,2.54889e+08,7046,41,122,115,145,89,0,3992,2910,144
153.898,0,12035072,repair,510,2.56742e+08,2.56742e+08,7072,37,112,109,168,84,0,3985,2925,162
154.153,0,12054528,repair,510,2.56742e+08,2.56742e+08,7072,37,112,109,168,84,0,3985,2925,162
154.154,1,11390976,repair,512,2.54909e+08,2.54889e+08,7046,41,122,115,145,89,0,3992,2910,144
154.405,1,11408384,repair,512,2.54909e+08,2.54889e+08,7046,41,122,115,145,89,0,3992,2910,144
154.414,0,12075008,repair,510,2.56742e+08,2.56742e+08,7072,37,112,109,168,84,0,3985,2925,162
154.656,1,11426816,repair,512,2.54909e+08,2.54889e+08,7046,41,122,115,145,89,0,3992,2910,144
154.668,0,12093440,repair,510,2.56742e+08,2.56742e+08,7072,37,112,109,168,84,0,3985,2925,162
154.912,1,11444224,repair,505,2.5374e+08,2.53658e+08,7017,37,118,99,171,80,0,3972,2905,140
154.925,0,12111872,repair,510,2.56742e+08,2.56742e+08,7072,37,112,109,168,84,0,3985,2925,162
155.172,1,11463680,repair,505,2.5374e+08,2.53658e+08,7017,37,118,99,171,80,0,3972,2905,140
155.19,0,12130304,repair,510,2.56742e+08,2.56742e+08,7072,37,112,109,168,84,0,3985,2925,162
155.433,1,11482112,repair,505,2.5374e+08,2.53658e+08,7017,37,118,99,171,80,0,3972,2905,140
155.446,0,12147712,repair,510,2.56742e+08,2.56742e+08,7072,37,112,109,168,84,0,3985,2925,162
155.687,1,11500544,repair,505,2.5374e+08,2.53658e+08,7017,37,118,99,171,80,0,3972,2905,140
155.706,0,12165120,repair,510,2.56742e+08,2.56742e+08,7072,37,112,109,168,84,0,3985,2925,162
155.944,1,11518976,repair,505,2.5374e+08,2.53658e+08,7017,37,118,99,171,80,0,3972,2905,140
155.962,0,12183552,repair,510,2.56742e+08,2.56742e+08,7072,37,112,109,168,84,0,3985,2925,162
156.197,1,11537408,repair,505,2.5374e+08,2.53658e+08,7017,37,118,99,171,80,0,3972,2905,140
156.22,0,12201984,repair,510,2.56742e+08,2.56742e+08,7072,37,112,109,168,84,0,3985,2925,162
156.456,1,11555840,repair,505,2.5374e+08,2.53658e+08,7017,37,118,99,171,80,0,3972,2905,140
156.476,0,12220416,repair,508,2.56828e+08,2.56745e+08,7053,32,127,106,161,82,0,3968,2932,153
156.717,1,11574272,repair,505,2.5374e+08,2.53658e+08,7017,37,118,99,171,80,0,3972,2905,140
156.738,0,12238848,repair,508,2.56828e+08,2.56745e+08,7053,32,127,106,161,82,0,3968,2932,153
156.98,1,11592704,repair,505,2.5374e+08,2.53658e+08,7017,37,118,99,171,80,0,3972,2905,140
156.996,0,12257280,repair,506,2.50624e+08,2.506e+08,6994,43,105,101,168,89,0,3936,2889,169
157.234,1,11611136,repair,505,2.5374e+08,2.53658e+08,7017,37,118,99,171,80,0,3972,2905,140
157.26,0,12275712,repair,506,2.50624e+08,2.506e+08,6994,43,105,101,168,89,0,3936,2889,169
157.489,1,11629568,repair,505,2.5374e+08,2.53658e+08,7017,37,118,99,171,80,0,3972,2905,140
157.523,0,12294144,repair,506,2.50624e+08,2.506e+08,6994,43,105,101,168,89,0,3936,2889,169
157.743,1,11648000,repair,501,2.52736e+08,2.52716e+08,6977,36,111,104,153,97,0,3900,2922,155
157.776,0,12312576,repair,506,2.50624e+08,2.506e+08,6994,43,105,101,168,89,0,3936,2889,169
158.006,1,11667456,repair,501,2.52736e+08,2.52716e+08,6977,36,111,104,153,97,0,3900,2922,155
158.035,0,12331008,repair,506,2.50624e+08,2.506e+08,6994,43,105,101,168,89,0,3936,2889,169
158.265,1,11685888,repair,501,2.52736e+08,2.52716e+08,6977,36,111,104,153,97,0,3900,2922,155
158.298,0,12349440,repair,506,2.50624e+08,2.506e+08,6994,43,105,101,168,89,0,3936,2889,169
158.528,1,11705344,repair,501,2.52736e+08,2.52716e+08,6977,36,111,104,153,97,0,3900,2922,155
158.556,0,12366848,repair,499,2.46963e+08,2.46886e+08,6863,48,127,85,156,83,0,3833,2895,135
158.778,1,11722752,repair,501,2.52736e+08,2.52716e+08,6977,36,111,104,153,97,0,3900,2922,155
158.822,0,12384256,repair,499,2.46963e+08,2.46886e+08,6863,48,127,85,156,83,0,3833,2895,135
159.042,1,11741184,repair,501,2.52736e+08,2.52716e+08,6977,36,111,104,153,97,0,3900,2922,155
159.082,0,12399616,repair,499,2.46963e+08,2.46886e+08,6863,48,127,85,156,83,0,3833,2895,135
159.305,1,11759616,repair,501,2.52736e+08,2.52716e+08,6977,36,111,104,153,97,0,3900,2922,155
159.333,0,12416000,repair,499,2.46963e+08,2.46886e+08,6863,48,127,85,156,83,0,3833,2895,135
159.557,1,11778048,repair,501,2.52736e+08,2.52716e+08,6977,36,111,104,153,97,0,3900,2922,155
159.587,0,12433408,repair,499,2.46963e+08,2.46886e+08,6863,48,127,85,156,83,0,3833,2895,135
159.812,1,11794432,repair,501,2.52736e+08,2.52716e+08,6977,36,111,104,153,97,0,3900,2922,155
159.843,0,12450816,repair,499,2.46963e+08,2.46886e+08,6863,48,127,85,156,83,0,3833,2895,135
160.07,1,11810816,repair,501,2.52736e+08,2.52716e+08,6977,36,111,104,153,97,0,3900,2922,155
160.096,0,12468224,repair,499,2.46963e+08,2.46886e+08,6863,48,127,85,156,83,0,3833,2895,135
160.32,1,11829248,repair,501,2.52736e+08,2.52716e+08,6977,36,111,104,153,97,0,3900,2922,155
160.349,0,12485632,repair,499,2.46963e+08,2.46886e+08,6863,48,127,85,156,83,0,3833,2895,135
160.579,1,11847680,repair,501,2.52736e+08,2.52716e+08,6977,36,111,104,153,97,0,3900,2922,155
160.602,0,12504064,repair,499,2.46963e+08,2.46886e+08,6863,48,127,85,156,83,0,3833,2895,135
160.832,1,11866112,repair,501,2.52736e+08,2.52716e+08,6977,36,111,104,153,97,0,3900,2922,155
160.86,0,12522496,repair,499,2.46963e+08,2.46886e+08,6863,48,127,85,156,83,0,3833,2895,135
161.085,1,11883520,repair,501,2.52736e+08,2.52716e+08,6977,36,111,104,153,97,0,3900,2922,155
161.129,0,12540928,repair,499,2.46963e+08,2.46886e+08,6863,48,127,85,156,83,0,3833,2895,135
161.35,1,11901952,repair,501,2.52736e+08,2.52716e+08,6977,36,111,104,153,97,0,3900,2922,155
161.386,0,12558336,repair,499,2.46963e+08,2.46886e+08,6863,48,127,85,156,83,0,3833,2895,135
161.609,1,11919360,repair,501,2.52736e+08,2.52716e+08,6977,36,111,104,153,97,0,3900,2922,155
161.637,0,12575744,repair,499,2.46963e+08,2.46886e+08,6863,48,127,85,156,83,0,3833,2895,135
161.865,1,11936768,repair,501,2.52736e+08,2.52716e+08,6977,36,111,104,153,97,0,3900,2922,155
161.898,0,12594176,repair,499,2.46963e+08,2.46886e+08,6863,48,127,85,156,83,0,3833,2895,135
162.121,1,11954176,repair,501,2.52736e+08,2.52716e+08,6977,36,111,104,153,97,0,3900,2922,155
162.153,0,12611584,repair,499,2.46963e+08,2.46886e+08,6863,48,127,85,156,83,0,3833,2895,135
162.382,1,11972608,repair,501,2.52736e+08,2.52716e+08,6977,36,111,104,153,97,0,3900,2922,155
162.406,0,12628992,repair,499,2.46963e+08,2.46886e+08,6863,48,127,85,156,83,0,3833,2895,135
162.648,1,11990016,repair,501,2.52736e+08,2.52716e+08,6977,36,111,104,153,97,0,3900,2922,155
162.658,0,12646400,repair,499,2.46963e+08,2.46886e+08,6863,48,127,85,156,83,0,3833,2895,135
162.904,1,12007424,repair,501,2.52736e+08,2.52716e+08,6977,36,111,104,153,97,0,3900,2922,155
162.918,0,12664832,repair,499,2.46963e+08,2.46886e+08,6863,48,127,85,156,83,0,3833,2895,135
163.162,1,12023808,repair,501,2.52736e+08,2.52716e+08,6977,36,111,104,153,97,0,3900,2922,155
163.173,0,12682240,repair,499,2.46963e+08,2.46886e+08,6863,48,127,85,156,83,0,3833,2895,135
163.417,1,12040192,repair,501,2.52736e+08,2.52716e+08,6977,36,111,104,153,97,0,3900,2922,155
163.431,0,12700672,repair,499,2.46963e+08,2.46886e+08,6863,48,127,85,156,83,0,3833,2895,135
163.681,1,12057600,repair,501,2.52736e+08,2.52716e+08,6977,36,111,104,153,97,0,3900,2922,155
163.692,0,12718080,repair,499,2.46963e+08,2.46886e+08,6863,48,127,85,156,83,0,3833,2895,135
163.935,1,12073984,repair,501,2.52736e+08,2.52716e+08,6977,36,111,104,153,97,0,3900,2922,155
163.946,0,12735488,repair,499,2.46963e+08,2.46886e+08,6863,48,127,85,156,83,0,3833,2895,135
164.191,1,12092416,repair,501,2.52736e+08,2.52716e+08,6977,36,111,104,153,97,0,3900,2922,155
164.202,0,12753920,repair,499,2.46963e+08,2.46886e+08,6863,48,127,85,156,83,0,3833,2895,135
164.454,1,12110848,repair,501,2.52736e+08,2.52716e+08,6977,36,111,104,153,97,0,3900,2922,155
164.461,0,12772352,repair,499,2.46227e+08,2.46146e+08,6851,34,128,92,160,85,0,3802,2897,152
164.713,1,12128256,repair,501,2.52736e+08,2.52716e+08,6977,36,111,104,153,97,0,3900,2922,155
164.725,0,12789760,repair,499,2.46227e+08,2.46146e+08,6851,34,128,92,160,85,0,3802,2897,152
164.964,1,12145664,repair,501,2.52736e+08,2.52716e+08,6977,36,111,104,153,97,0,3900,2922,155
164.986,0,12808192,repair,499,2.46227e+08,2.46146e+08,6851,34,128,92,160,85,0,3802,2897,152
165.215,1,12164096,repair,501,2.52736e+08,2.52716e+08,6977,36,111,104,153,97,0,3900,2922,155
165.239,0,12825600,repair,499,2.46227e+08,2.46146e+08,6851,34,128,92,160,85,0,3802,2897,152
165.476,1,12181504,repair,501,2.52736e+08,2.52716e+08,6977,36,111,104,153,97,0,3900,2922,155
165.491,0,12841984,repair,499,2.46227e+08,2.46146e+08,6851,34,128,92,160,85,0,3802,2897,152
165.726,1,12197888,repair,501,2.52736e+08,2.52716e+08,6977,36,111,104,153,97,0,3900,2922,155
165.744,0,12859392,repair,499,2.46227e+08,2.46146e+08,6851,34,128,92,160,85,0,3802,2897,152
165.988,1,12215296,repair,501,2.52736e+08,2.52716e+08,6977,36,111,104,153,97,0,3900,2922,155
165.997,0,12876800,repair,499,2.46227e+08,2.46146e+08,6851,34,128,92,160,85,0,3802,2897,152
166.249,0,12893184,repair,499,2.46227e+08,2.46146e+08,6851,34,128,92,160,85,0,3802,2897,152
166.254,1,12233728,repair,501,2.52736e+08,2.52716e+08,6977,36,111,104,153,97,0,3900,2922,155
166.512,0,12911616,repair,499,2.46227e+08,2.46146e+08,6851,34,128,92,160,85,0,3802,2897,152
166.514,1,12251136,repair,499,2.43241e+08,2.43161e+08,6831,33,130,84,164,88,0,3828,2862,141
166.767,0,12928000,repair,499,2.46227e+08,2.46146e+08,6851,34,128,92,160,85,0,3802,2897,152
166.774,1,12268544,repair,499,2.43241e+08,2.43161e+08,6831,33,130,84,164,88,0,3828,2862,141
167.028,0,12945408,repair,499,2.46227e+08,2.46146e+08,6851,34,128,92,160,85,0,3802,2897,152
167.034,1,12286976,repair,499,2.43241e+08,2.43161e+08,6831,33,130,84,164,88,0,3828,2862,141
167.287,1,12304384,repair,499,2.43241e+08,2.43161e+08,6831,33,130,84,164,88,0,3828,2862,141
167.293,0,12963840,repair,499,2.46227e+08,2.46146e+08,6851,34,128,92,160,85,0,3802,2897,152
167.546,1,12322816,repair,499,2.43241e+08,2.43161e+08,6831,33,130,84,164,88,0,3828,2862,141
167.547,0,12980224,repair,499,2.46227e+08,2.46146e+08,6851,34,128,92,160,85,0,3802,2897,152
167.797,1,12340224,repair,499,2.43241e+08,2.43161e+08,6831,33,130,84,164,88,0,3828,2862,141
167.8,0,12998656,repair,499,2.46227e+08,2.46146e+08,6851,34,128,92,160,85,0,3802,2897,152
168.056,0,13017088,repair,499,2.46227e+08,2.46146e+08,6851,34,128,92,160,85,0,3802,2897,152
168.056,1,12358656,repair,499,2.43241e+08,2.43161e+08,6831,33,130,84,164,88,0,3828,2862,141
168.317,1,12377088,repair,499,2.43241e+08,2.43161e+08,6831,33,130,84,164,88,0,3828,2862,141
168.318,0,13035520,repair,499,2.46227e+08,2.46146e+08,6851,34,128,92,160,85,0,3802,2897,152
168.576,1,12395520,repair,498,2.42762e+08,2.427e+08,6938,33,123,97,152,93,0,3957,2814,167
168.578,0,13054976,repair,499,2.46227e+08,2.46146e+08,6851,34,128,92,160,85,0,3802,2897,152
168.829,0,13073408,repair,498,2.39237e+08,2.39176e+08,6783,35,106,103,148,106,0,3802,2839,142
168.83,1,12413952,repair,498,2.42762e+08,2.427e+08,6938,33,123,97,152,93,0,3957,2814,167
169.085,1,12432384,repair,498,2.42762e+08,2.427e+08,6938,33,123,97,152,93,0,3957,2814,167
169.088,0,13091840,repair,497,2.36644e+08,2.36569e+08,6720,30,114,109,136,108,0,3730,2840,150
169.338,0,13107200,repair,497,2.36644e+08,2.36569e+08,6720,30,114,109,136,108,0,3730,2840,150
169.347,1,12450816,repair,498,2.42762e+08,2.427e+08,6938,33,123,97,152,93,0,3957,2814,167
169.594,0,13128704,repair,497,2.36644e+08,2.36569e+08,6720,30,114,109,136,108,0,3730,2840,150
169.612,1,12469248,repair,497,2.60767e+08,2.60767e+08,7103,33,125,103,154,82,0,3984,2962,157
169.852,0,13150208,repair,497,2.36644e+08,2.36569e+08,6720,30,114,109,136,108,0,3730,2840,150
169.862,1,12486656,repair,497,2.60767e+08,2.60767e+08,7103,33,125,103,154,82,0,3984,2962,157
170.112,0,13171712,repair,497,2.36644e+08,2.36569e+08,6720,30,114,109,136,108,0,3730,2840,150
170.13,1,12505088,repair,497,2.60767e+08,2.60767e+08,7103,33,125,103,154,82,0,3984,2962,157
170.365,0,13189120,repair,488,2.2702e+08,2.26966e+08,6658,30,98,93,163,104,0,3778,2737,143
170.39,1,12523520,repair,497,2.60767e+08,2.60767e+08,7103,33,125,103,154,82,0,3984,2962,157
170.621,0,13204480,repair,488,2.2702e+08,2.26966e+08,6658,30,98,93,163,104,0,3778,2737,143
170.647,1,12541952,repair,497,2.60767e+08,2.60767e+08,7103,33,125,103,154,82,0,3984,2962,157
170.883,0,13222912,repair,488,2.2702e+08,2.26966e+08,6658,30,98,93,163,104,0,3778,2737,143
170.901,1,12560384,repair,497,2.35161e+08,2.35082e+08,6823,43,125,101,143,85,0,3920,2763,140
171.139,0,13240320,repair,488,2.2702e+08,2.26966e+08,6658,30,98,93,163,104,0,3778,2737,143
171.164,1,12578816,repair,497,2.35161e+08,2.35082e+08,6823,43,125,101,143,85,0,3920,2763,140
171.401,0,13260800,repair,488,2.2702e+08,2.26966e+08,6658,30,98,93,163,104,0,3778,2737,143
171.423,1,12595200,repair,497,2.35161e+08,2.35082e+08,6823,43,125,101,143,85,0,3920,2763,140
171.652,0,13280256,repair,488,2.2702e+08,2.26966e+08,6658,30,98,93,163,104,0,3778,2737,143
171.68,1,12612608,repair,497,2.35161e+08,2.35082e+08,6823,43,125,101,143,85,0,3920,2763,140
171.904,0,13298688,repair,488,2.2702e+08,2.26966e+08,6658,30,98,93,163,104,0,3778,2737,143
171.93,1,12632064,repair,497,2.35161e+08,2.35082e+08,6823,43,125,101,143,85,0,3920,2763,140
172.166,0,13320192,repair,488,2.2702e+08,2.26966e+08,6658,30,98,93,163,104,0,3778,2737,143
172.189,1,12650496,repair,484,2.56064e+08,2.55986e+08,7073,36,110,95,163,80,0,3987,2922,164
172.429,0,13341696,repair,488,2.2702e+08,2.26966e+08,6658,30,98,93,163,104,0,3778,2737,143
172.456,1,12667904,repair,484,2.56064e+08,2.55986e+08,7073,36,110,95,163,80,0,3987,2922,164
172.69,0,13364224,repair,488,2.2702e+08,2.26966e+08,6658,30,98,93,163,104,0,3778,2737,143
172.714,1,12687360,repair,484,2.56064e+08,2.55986e+08,7073,36,110,95,163,80,0,3987,2922,164
172.946,0,13385728,repair,488,2.2702e+08,2.26966e+08,6658,30,98,93,163,104,0,3778,2737,143
172.973,1,12709888,repair,484,2.56064e+08,2.55986e+08,7073,36,110,95,163,80,0,3987,2922,164
173.207,0,13407232,repair,488,2.2702e+08,2.26966e+08,6658,30,98,93,163,104,0,3778,2737,143
173.226,1,12731392,repair,484,2.56064e+08,2.55986e+08,7073,36,110,95,163,80,0,3987,2922,164
173.469,0,13427712,repair,488,2.2702e+08,2.26966e+08,6658,30,98,93,163,104,0,3778,2737,143
173.482,1,12750848,repair,484,2.56064e+08,2.55986e+08,7073,36,110,95,163,80,0,3987,2922,164
173.733,0,13446144,repair,488,2.2702e+08,2.26966e+08,6658,30,98,93,163,104,0,3778,2737,143
173.743,1,12768256,repair,484,2.56064e+08,2.55986e+08,7073,36,110,95,163,80,0,3987,2922,164
173.995,0,13462528,repair,488,2.2702e+08,2.26966e+08,6658,30,98,93,163,104,0,3778,2737,143
174.001,1,12789760,repair,484,2.56064e+08,2.55986e+08,7073,36,110,95,163,80,0,3987,2922,164
174.253,0,13479936,repair,488,2.2702e+08,2.26966e+08,6658,30,98,93,163,104,0,3778,2737,143
174.257,1,12810240,repair,484,2.56064e+08,2.55986e+08,7073,36,110,95,163,80,0,3987,2922,164
174.512,0,13498368,repair,488,2.2702e+08,2.26966e+08,6658,30,98,93,163,104,0,3778,2737,143
174.515,1,12831744,repair,484,2.56064e+08,2.55986e+08,7073,36,110,95,163,80,0,3987,2922,164
174.763,0,13516800,repair,488,2.2702e+08,2.26966e+08,6658,30,98,93,163,104,0,3778,2737,143
174.773,1,12854272,repair,482,2.52638e+08,2.52556e+08,6972,42,130,97,136,77,0,3922,2919,131
175.015,0,13535232,repair,488,2.2702e+08,2.26966e+08,6658,30,98,93,163,104,0,3778,2737,143
175.026,1,12875776,repair,482,2.52638e+08,2.52556e+08,6972,42,130,97,136,77,0,3922,2919,131
175.268,0,13552640,repair,487,2.6184e+08,2.6176e+08,7087,28,101,117,157,84,0,3955,2984,148
175.281,1,12894208,repair,482,2.52638e+08,2.52556e+08,6972,42,130,97,136,77,0,3922,2919,131
175.521,0,13570048,repair,483,2.35766e+08,2.35705e+08,6687,21,107,87,162,106,0,3713,2837,137
175.538,1,12912640,repair,482,2.52638e+08,2.52556e+08,6972,42,130,97,136,77,0,3922,2919,131
175.781,0,13588480,repair,483,2.35766e+08,2.35705e+08,6687,21,107,87,162,106,0,3713,2837,137
175.798,1,12931072,repair,482,2.52638e+08,2.52556e+08,6972,42,130,97,136,77,0,3922,2919,131
176.031,0,13607936,repair,482,2.41003e+08,2.40978e+08,6897,21,119,99,148,95,0,3933,2810,154
176.06,1,12949504,repair,482,2.52638e+08,2.52556e+08,6972,42,130,97,136,77,0,3922,2919,131
176.283,0,13626368,repair,482,2.41003e+08,2.40978e+08,6897,21,119,99,148,95,0,3933,2810,154
176.317,1,12968960,repair,482,2.52638e+08,2.52556e+08,6972,42,130,97,136,77,0,3922,2919,131
176.535,0,13644800,repair,482,2.41003e+08,2.40978e+08,6897,21,119,99,148,95,0,3933,2810,154
176.579,1,12988416,repair,482,2.52638e+08,2.52556e+08,6972,42,130,97,136,77,0,3922,2919,131
176.79,0,13662208,repair,482,2.41003e+08,2.40978e+08,6897,21,119,99,148,95,0,3933,2810,154
176.844,1,13006848,repair,482,2.52638e+08,2.52556e+08,6972,42,130,97,136,77,0,3922,2919,131
177.042,0,13679616,repair,482,2.41003e+08,2.40978e+08,6897,21,119,99,148,95,0,3933,2810,154
177.096,1,13024256,repair,482,2.52638e+08,2.52556e+08,6972,42,130,97,136,77,0,3922,2919,131
177.294,0,13696000,repair,482,2.41003e+08,2.40978e+08,6897,21,119,99,148,95,0,3933,2810,154
177.349,1,13041664,repair,482,2.52638e+08,2.52556e+08,6972,42,130,97,136,77,0,3922,2919,131
177.554,0,13714432,repair,482,2.41003e+08,2.40978e+08,6897,21,119,99,148,95,0,3933,2810,154
177.605,1,13060096,repair,482,2.52638e+08,2.52556e+08,6972,42,130,97,136,77,0,3922,2919,131
177.808,0,13731840,repair,482,2.41003e+08,2.40978e+08,6897,21,119,99,148,95,0,3933,2810,154
177.856,1,13077504,repair,482,2.52638e+08,2.52556e+08,6972,42,130,97,136,77,0,3922,2919,131
178.061,0,13747200,repair,482,2.41003e+08,2.40978e+08,6897,21,119,99,148,95,0,3933,2810,154
178.118,1,13095936,repair,482,2.52638e+08,2.52556e+08,6972,42,130,97,136,77,0,3922,2919,131
178.316,0,13762560,repair,482,2.41003e+08,2.40978e+08,6897,21,119,99,148,95,0,3933,2810,154
178.373,1,13114368,repair,482,2.52638e+08,2.52556e+08,6972,42,130,97,136,77,0,3922,2919,131
178.569,0,13779968,repair,482,2.41003e+08,2.40978e+08,6897,21,119,99,148,95,0,3933,2810,154
178.627,1,13131776,repair,482,2.52638e+08,2.52556e+08,6972,42,130,97,136,77,0,3922,2919,131
178.831,0,13798400,repair,482,2.39674e+08,2.39613e+08,6817,46,102,94,165,75,0,3836,2833,148
178.879,1,13150208,repair,482,2.52638e+08,2.52556e+08,6972,42,130,97,136,77,0,3922,2919,131
179.087,0,13816832,repair,481,2.39618e+08,2.39614e+08,6782,37,118,99,140,87,0,3793,2849,140
179.14,1,13168640,repair,482,2.52638e+08,2.52556e+08,6972,42,130,97,136,77,0,3922,2919,131
179.344,0,13834240,repair,481,2.39618e+08,2.39614e+08,6782,37,118,99,140,87,0,3793,2849,140
179.393,1,13187072,repair,482,2.52638e+08,2.52556e+08,6972,42,130,97,136,77,0,3922,2919,131
179.608,0,13852672,repair,481,2.39618e+08,2.39614e+08,6782,37,118,99,140,87,0,3793,2849,140
179.645,1,13203456,repair,482,2.52638e+08,2.52556e+08,6972,42,130,97,136,77,0,3922,2919,131
179.859,0,13869056,repair,481,2.39618e+08,2.39614e+08,6782,37,118,99,140,87,0,3793,2849,140
179.903,1,13220864,repair,482,2.52638e+08,2.52556e+08,6972,42,130,97,136,77,0,3922,2919,131
180.006,1,13228032,end,482,2.52638e+08,2.52556e+08,6972,42,130,97,136,77,0,3922,2919,131
180.01,0,13879296,end,481,2.39618e+08,2.39614e+08,6782,37,118,99,140,87,0,3793,2849,140
