seconds,worker,moves,phase,hard,objective,surrogate,soft,lecturerConflicts,groupConflicts,roomConflicts,groupTravel,lecturerTravel,abstractRoomOverflow,lecturerWindows,groupWindows,mixedOnlineDays
0.0600119,0,0,start,1103,8.1987e+07,8.19694e+07,2235,0,0,0,714,389,0,1490,508,237
0.0653969,1,0,start,1063,8.03852e+07,8.0377e+07,2390,0,0,0,702,361,0,1639,513,238
0.313266,0,21504,repair,910,3.76038e+08,3.76009e+08,8289,72,199,192,280,167,0,4493,3583,213
0.319262,1,19456,repair,872,3.73556e+08,3.73527e+08,8331,63,182,162,300,165,0,4564,3545,222
0.575764,0,43008,repair,898,3.83324e+08,3.83253e+08,8477,75,205,181,278,159,0,4708,3568,201
0.580369,1,38912,repair,867,3.75578e+08,3.75571e+08,8477,73,188,163,289,154,0,4752,3501,224
0.826214,0,63488,repair,898,3.83324e+08,3.83253e+08,8477,75,205,181,278,159,0,4708,3568,201
0.839386,1,60416,repair,860,3.77902e+08,3.77831e+08,8378,63,179,169,289,160,0,4618,3566,194
1.07925,0,86016,repair,898,3.83324e+08,3.83253e+08,8477,75,205,181,278,159,0,4708,3568,201
1.09114,1,79872,repair,860,3.77902e+08,3.77831e+08,8378,63,179,169,289,160,0,4618,3566,194
1.33998,0,106496,repair,898,3.83324e+08,3.83253e+08,8477,75,205,181,278,159,0,4708,3568,201
1.353,1,99328,repair,860,3.77902e+08,3.77831e+08,8378,63,179,169,289,160,0,4618,3566,194
1.60012,0,126976,repair,898,3.83324e+08,3.83253e+08,8477,75,205,181,278,159,0,4708,3568,201
1.61593,1,118784,repair,860,3.77902e+08,3.77831e+08,8378,63,179,169,289,160,0,4618,3566,194
1.85345,0,148480,repair,898,3.83324e+08,3.83253e+08,8477,75,205,181,278,159,0,4708,3568,201
1.87903,1,138240,repair,860,3.77902e+08,3.77831e+08,8378,63,179,169,289,160,0,4618,3566,194
2.11223,0,171008,repair,898,3.83324e+08,3.83253e+08,8477,75,205,181,278,159,0,4708,3568,201
2.13827,1,158720,repair,860,3.77902e+08,3.77831e+08,8378,63,179,169,289,160,0,4618,3566,194
2.37218,0,192512,repair,898,3.83324e+08,3.83253e+08,8477,75,205,181,278,159,0,4708,3568,201
2.39376,1,178176,repair,860,3.77902e+08,3.77831e+08,8378,63,179,169,289,160,0,4618,3566,194
2.63406,0,215040,repair,898,3.83324e+08,3.83253e+08,8477,75,205,181,278,159,0,4708,3568,201
2.65596,1,198656,repair,860,3.77902e+08,3.77831e+08,8378,63,179,169,289,160,0,4618,3566,194
2.8885,0,234496,repair,898,3.83324e+08,3.83253e+08,8477,75,205,181,278,159,0,4708,3568,201
2.91519,1,219136,repair,860,3.77902e+08,3.77831e+08,8378,63,179,169,289,160,0,4618,3566,194
3.15398,0,253952,repair,898,3.83324e+08,3.83253e+08,8477,75,205,181,278,159,0,4708,3568,201
3.17216,1,239616,repair,860,3.77902e+08,3.77831e+08,8378,63,179,169,289,160,0,4618,3566,194
3.40645,0,273408,repair,898,3.65494e+08,3.65417e+08,8130,78,206,184,266,164,0,4372,3551,207
3.42481,1,259072,repair,860,3.77902e+08,3.77831e+08,8378,63,179,169,289,160,0,4618,3566,194
3.66865,0,293888,repair,898,3.65494e+08,3.65417e+08,8130,78,206,184,266,164,0,4372,3551,207
3.67791,1,278528,repair,860,3.77902e+08,3.77831e+08,8378,63,179,169,289,160,0,4618,3566,194
3.92994,0,314368,repair,898,3.65494e+08,3.65417e+08,8130,78,206,184,266,164,0,4372,3551,207
3.9333,1,299008,repair,860,3.77902e+08,3.77831e+08,8378,63,179,169,289,160,0,4618,3566,194
4.18409,1,319488,repair,860,3.77902e+08,3.77831e+08,8378,63,179,169,289,160,0,4618,3566,194
4.19026,0,334848,repair,898,3.65494e+08,3.65417e+08,8130,78,206,184,266,164,0,4372,3551,207
4.44058,1,338944,repair,856,3.48003e+08,3.47929e+08,8072,65,185,156,282,168,0,4477,3397,198
4.44394,0,354304,repair,898,3.65494e+08,3.65417e+08,8130,78,206,184,266,164,0,4372,3551,207
4.69207,1,359424,repair,856,3.48003e+08,3.47929e+08,8072,65,185,156,282,168,0,4477,3397,198
4.69674,0,373760,repair,898,3.65494e+08,3.65417e+08,8130,78,206,184,266,164,0,4372,3551,207
4.94967,0,394240,repair,898,3.65494e+08,3.65417e+08,8130,78,206,184,266,164,0,4372,3551,207
4.95219,1,379904,repair,856,3.48003e+08,3.47929e+08,8072,65,185,156,282,168,0,4477,3397,198
5.20335,0,414720,repair,897,3.57933e+08,3.57904e+08,8144,71,216,195,254,161,0,4477,3466,201
5.20851,1,400384,repair,849,3.57167e+08,3.57091e+08,8084,78,207,151,254,159,0,4366,3502,216
5.45847,0,435200,repair,897,3.57933e+08,3.57904e+08,8144,71,216,195,254,161,0,4477,3466,201
5.46115,1,419840,repair,849,3.57167e+08,3.57091e+08,8084,78,207,151,254,159,0,4366,3502,216
5.7087,0,454656,repair,890,3.51858e+08,3.51852e+08,8045,90,209,187,260,144,0,4387,3453,205
5.72572,1,440320,repair,849,3.57167e+08,3.57091e+08,8084,78,207,151,254,159,0,4366,3502,216
5.96429,0,474112,repair,890,3.51858e+08,3.51852e+08,8045,90,209,187,260,144,0,4387,3453,205
5.98506,1,460800,repair,849,3.57167e+08,3.57091e+08,8084,78,207,151,254,159,0,4366,3502,216
6.2232,0,497664,repair,890,3.51858e+08,3.51852e+08,8045,90,209,187,260,144,0,4387,3453,205
6.24502,1,481280,repair,849,3.57167e+08,3.57091e+08,8084,78,207,151,254,159,0,4366,3502,216
6.47999,0,521216,repair,886,3.69255e+08,3.69232e+08,8318,70,205,197,247,167,0,4620,3505,193
6.50327,1,499712,repair,849,3.57167e+08,3.57091e+08,8084,78,207,151,254,159,0,4366,3502,216
6.74048,0,541696,repair,886,3.69255e+08,3.69232e+08,8318,70,205,197,247,167,0,4620,3505,193
6.7548,1,519168,repair,849,3.57167e+08,3.57091e+08,8084,78,207,151,254,159,0,4366,3502,216
6.99894,0,561152,repair,886,3.69255e+08,3.69232e+08,8318,70,205,197,247,167,0,4620,3505,193
7.01161,1,539648,repair,849,3.57167e+08,3.57091e+08,8084,78,207,151,254,159,0,4366,3502,216
7.25576,0,584704,repair,876,3.8064e+08,3.80568e+08,8368,72,211,173,258,162,0,4577,3598,193
7.26628,1,560128,repair,849,3.57167e+08,3.57091e+08,8084,78,207,151,254,159,0,4366,3502,216
7.50694,0,607232,repair,876,3.8064e+08,3.80568e+08,8368,72,211,173,258,162,0,4577,3598,193
7.52231,1,580608,repair,844,3.59041e+08,3.58972e+08,8188,64,219,145,278,138,0,4556,3454,178
7.76331,0,628736,repair,876,3.8064e+08,3.80568e+08,8368,72,211,173,258,162,0,4577,3598,193
7.78394,1,600064,repair,844,3.59041e+08,3.58972e+08,8188,64,219,145,278,138,0,4556,3454,178
8.01879,0,649216,repair,876,3.8064e+08,3.80568e+08,8368,72,211,173,258,162,0,4577,3598,193
8.04222,1,619520,repair,844,3.59041e+08,3.58972e+08,8188,64,219,145,278,138,0,4556,3454,178
8.26995,0,669696,repair,876,3.8064e+08,3.80568e+08,8368,72,211,173,258,162,0,4577,3598,193
8.30252,1,641024,repair,844,3.59041e+08,3.58972e+08,8188,64,219,145,278,138,0,4556,3454,178
8.52423,0,690176,repair,876,3.8064e+08,3.80568e+08,8368,72,211,173,258,162,0,4577,3598,193
8.56369,1,662528,repair,844,3.59041e+08,3.58972e+08,8188,64,219,145,278,138,0,4556,3454,178
8.7767,0,712704,repair,876,3.8064e+08,3.80568e+08,8368,72,211,173,258,162,0,4577,3598,193
8.81508,1,681984,repair,844,3.59041e+08,3.58972e+08,8188,64,219,145,278,138,0,4556,3454,178
9.028,0,735232,repair,876,3.8064e+08,3.80568e+08,8368,72,211,173,258,162,0,4577,3598,193
9.06938,1,701440,repair,844,3.59041e+08,3.58972e+08,8188,64,219,145,278,138,0,4556,3454,178
9.28061,0,756736,repair,876,3.8064e+08,3.80568e+08,8368,72,211,173,258,162,0,4577,3598,193
9.32423,1,719872,repair,844,3.59041e+08,3.58972e+08,8188,64,219,145,278,138,0,4556,3454,178
9.54098,0,778240,repair,876,3.8064e+08,3.80568e+08,8368,72,211,173,258,162,0,4577,3598,193
9.57438,1,738304,repair,844,3.59041e+08,3.58972e+08,8188,64,219,145,278,138,0,4556,3454,178
9.79159,0,799744,repair,876,3.8064e+08,3.80568e+08,8368,72,211,173,258,162,0,4577,3598,193
9.82836,1,757760,repair,844,3.59041e+08,3.58972e+08,8188,64,219,145,278,138,0,4556,3454,178
10.043,0,821248,repair,876,3.8064e+08,3.80568e+08,8368,72,211,173,258,162,0,4577,3598,193
10.0786,1,779264,repair,844,3.59041e+08,3.58972e+08,8188,64,219,145,278,138,0,4556,3454,178
10.302,0,842752,repair,876,3.8064e+08,3.80568e+08,8368,72,211,173,258,162,0,4577,3598,193
10.3313,1,800768,repair,844,3.59041e+08,3.58972e+08,8188,64,219,145,278,138,0,4556,3454,178
10.5557,0,863232,repair,876,3.8064e+08,3.80568e+08,8368,72,211,173,258,162,0,4577,3598,193
10.5903,1,823296,repair,843,3.49261e+08,3.4917e+08,8000,57,211,161,264,150,0,4356,3450,194
10.8137,0,885760,repair,876,3.8064e+08,3.80568e+08,8368,72,211,173,258,162,0,4577,3598,193
10.8417,1,844800,repair,843,3.49261e+08,3.4917e+08,8000,57,211,161,264,150,0,4356,3450,194
11.0758,0,905216,repair,876,3.8064e+08,3.80568e+08,8368,72,211,173,258,162,0,4577,3598,193
11.1009,1,866304,repair,843,3.36552e+08,3.36525e+08,7863,85,187,179,246,146,0,4278,3389,196
11.3365,0,924672,repair,876,3.8064e+08,3.80568e+08,8368,72,211,173,258,162,0,4577,3598,193
11.3536,1,883712,repair,843,3.36552e+08,3.36525e+08,7863,85,187,179,246,146,0,4278,3389,196
11.5891,0,943104,repair,876,3.8064e+08,3.80568e+08,8368,72,211,173,258,162,0,4577,3598,193
11.6055,1,902144,repair,838,3.44309e+08,3.44213e+08,8029,74,188,167,253,156,0,4456,3388,185
11.8497,0,962560,repair,876,3.8064e+08,3.80568e+08,8368,72,211,173,258,162,0,4577,3598,193
11.8578,1,919552,repair,825,3.56662e+08,3.5664e+08,8051,61,180,187,247,150,0,4331,3521,199
12.1054,0,982016,repair,876,3.8064e+08,3.80568e+08,8368,72,211,173,258,162,0,4577,3598,193
12.1093,1,939008,repair,825,3.56662e+08,3.5664e+08,8051,61,180,187,247,150,0,4331,3521,199
12.3575,0,1001472,repair,876,3.8064e+08,3.80568e+08,8368,72,211,173,258,162,0,4577,3598,193
12.3701,1,957440,repair,825,3.56662e+08,3.5664e+08,8051,61,180,187,247,150,0,4331,3521,199
12.616,0,1020928,repair,862,3.53804e+08,3.53713e+08,8022,70,179,160,276,177,0,4371,3475,176
12.6239,1,976896,repair,825,3.56662e+08,3.5664e+08,8051,61,180,187,247,150,0,4331,3521,199
12.8722,0,1040384,repair,862,3.53804e+08,3.53713e+08,8022,70,179,160,276,177,0,4371,3475,176
12.8823,1,998400,repair,825,3.56662e+08,3.5664e+08,8051,61,180,187,247,150,0,4331,3521,199
13.1268,0,1061888,repair,862,3.53804e+08,3.53713e+08,8022,70,179,160,276,177,0,4371,3475,176
13.1366,1,1020928,repair,825,3.56662e+08,3.5664e+08,8051,61,180,187,247,150,0,4331,3521,199
13.3914,0,1084416,repair,862,3.53804e+08,3.53713e+08,8022,70,179,160,276,177,0,4371,3475,176
13.3944,1,1042432,repair,825,3.56662e+08,3.5664e+08,8051,61,180,187,247,150,0,4331,3521,199
13.6479,1,1061888,repair,825,3.56662e+08,3.5664e+08,8051,61,180,187,247,150,0,4331,3521,199
13.6535,0,1102848,repair,862,3.53804e+08,3.53713e+08,8022,70,179,160,276,177,0,4371,3475,176
13.8991,1,1084416,repair,825,3.56662e+08,3.5664e+08,8051,61,180,187,247,150,0,4331,3521,199
13.9065,0,1126400,repair,862,3.53804e+08,3.53713e+08,8022,70,179,160,276,177,0,4371,3475,176
14.157,1,1107968,repair,825,3.56662e+08,3.5664e+08,8051,61,180,187,247,150,0,4331,3521,199
14.1636,0,1149952,repair,862,3.53804e+08,3.53713e+08,8022,70,179,160,276,177,0,4371,3475,176
14.4176,0,1172480,repair,862,3.53804e+08,3.53713e+08,8022,70,179,160,276,177,0,4371,3475,176
14.4199,1,1130496,repair,825,3.56662e+08,3.5664e+08,8051,61,180,187,247,150,0,4331,3521,199
14.6706,0,1195008,repair,862,3.53804e+08,3.53713e+08,8022,70,179,160,276,177,0,4371,3475,176
14.6759,1,1153024,repair,825,3.56662e+08,3.5664e+08,8051,61,180,187,247,150,0,4331,3521,199
14.9284,0,1215488,repair,862,3.53804e+08,3.53713e+08,8022,70,179,160,276,177,0,4371,3475,176
14.933,1,1176576,repair,825,3.56662e+08,3.5664e+08,8051,61,180,187,247,150,0,4331,3521,199
15.1847,0,1235968,repair,862,3.53804e+08,3.53713e+08,8022,70,179,160,276,177,0,4371,3475,176
15.1936,1,1201152,repair,825,3.56662e+08,3.5664e+08,8051,61,180,187,247,150,0,4331,3521,199
15.4477,1,1222656,repair,825,3.56662e+08,3.5664e+08,8051,61,180,187,247,150,0,4331,3521,199
15.4486,0,1256448,repair,862,3.53804e+08,3.53713e+08,8022,70,179,160,276,177,0,4371,3475,176
15.7001,1,1244160,repair,825,3.56662e+08,3.5664e+08,8051,61,180,187,247,150,0,4331,3521,199
15.7097,0,1276928,repair,859,3.5413e+08,3.54055e+08,8028,77,179,153,270,180,0,4335,3487,206
15.958,1,1266688,repair,825,3.56662e+08,3.5664e+08,8051,61,180,187,247,150,0,4331,3521,199
15.9681,0,1297408,repair,859,3.5413e+08,3.54055e+08,8028,77,179,153,270,180,0,4335,3487,206
16.2129,1,1290240,repair,825,3.56662e+08,3.5664e+08,8051,61,180,187,247,150,0,4331,3521,199
16.2207,0,1317888,repair,859,3.5413e+08,3.54055e+08,8028,77,179,153,270,180,0,4335,3487,206
16.4674,1,1311744,repair,825,3.56662e+08,3.5664e+08,8051,61,180,187,247,150,0,4331,3521,199
16.4737,0,1338368,repair,859,3.5413e+08,3.54055e+08,8028,77,179,153,270,180,0,4335,3487,206
16.7222,1,1332224,repair,825,3.56662e+08,3.5664e+08,8051,61,180,187,247,150,0,4331,3521,199
16.7244,0,1357824,repair,859,3.5413e+08,3.54055e+08,8028,77,179,153,270,180,0,4335,3487,206
16.9825,1,1354752,repair,825,3.56662e+08,3.5664e+08,8051,61,180,187,247,150,0,4331,3521,199
16.9827,0,1381376,repair,859,3.5413e+08,3.54055e+08,8028,77,179,153,270,180,0,4335,3487,206
17.234,0,1404928,repair,859,3.5413e+08,3.54055e+08,8028,77,179,153,270,180,0,4335,3487,206
17.2407,1,1377280,repair,825,3.56662e+08,3.5664e+08,8051,61,180,187,247,150,0,4331,3521,199
17.4903,0,1428480,repair,859,3.5413e+08,3.54055e+08,8028,77,179,153,270,180,0,4335,3487,206
17.494,1,1398784,repair,825,3.56662e+08,3.5664e+08,8051,61,180,187,247,150,0,4331,3521,199
17.7439,0,1452032,repair,859,3.5413e+08,3.54055e+08,8028,77,179,153,270,180,0,4335,3487,206
17.7515,1,1423360,repair,825,3.56662e+08,3.5664e+08,8051,61,180,187,247,150,0,4331,3521,199
17.9963,0,1474560,repair,859,3.49819e+08,3.49819e+08,8070,66,202,167,262,162,0,4453,3421,196
18.0065,1,1446912,repair,825,3.56662e+08,3.5664e+08,8051,61,180,187,247,150,0,4331,3521,199
18.2472,0,1497088,repair,859,3.49819e+08,3.49819e+08,8070,66,202,167,262,162,0,4453,3421,196
18.2658,1,1469440,repair,825,3.56662e+08,3.5664e+08,8051,61,180,187,247,150,0,4331,3521,199
18.5027,0,1520640,repair,859,3.49819e+08,3.49819e+08,8070,66,202,167,262,162,0,4453,3421,196
18.5161,1,1492992,repair,825,3.56662e+08,3.5664e+08,8051,61,180,187,247,150,0,4331,3521,199
18.7603,0,1543168,repair,859,3.49819e+08,3.49819e+08,8070,66,202,167,262,162,0,4453,3421,196
18.7768,1,1516544,repair,825,3.56662e+08,3.5664e+08,8051,61,180,187,247,150,0,4331,3521,199
19.0158,0,1562624,repair,854,3.49074e+08,3.49051e+08,8154,71,191,174,278,140,0,4579,3375,200
19.0311,1,1537024,repair,825,3.56662e+08,3.5664e+08,8051,61,180,187,247,150,0,4331,3521,199
19.2706,0,1581056,repair,854,3.49074e+08,3.49051e+08,8154,71,191,174,278,140,0,4579,3375,200
19.2864,1,1554432,repair,825,3.56662e+08,3.5664e+08,8051,61,180,187,247,150,0,4331,3521,199
19.5216,0,1599488,repair,854,3.49074e+08,3.49051e+08,8154,71,191,174,278,140,0,4579,3375,200
19.5366,1,1572864,repair,825,3.56662e+08,3.5664e+08,8051,61,180,187,247,150,0,4331,3521,199
19.7807,0,1617920,repair,854,3.49074e+08,3.49051e+08,8154,71,191,174,278,140,0,4579,3375,200
19.7946,1,1589248,repair,825,3.56662e+08,3.5664e+08,8051,61,180,187,247,150,0,4331,3521,199
20.0327,0,1635328,repair,854,3.49074e+08,3.49051e+08,8154,71,191,174,278,140,0,4579,3375,200
20.0557,1,1608704,repair,818,3.43205e+08,3.43109e+08,7890,66,179,158,269,146,0,4228,3452,210
20.2906,0,1654784,repair,854,3.49074e+08,3.49051e+08,8154,71,191,174,278,140,0,4579,3375,200
20.3129,1,1628160,repair,818,3.43205e+08,3.43109e+08,7890,66,179,158,269,146,0,4228,3452,210
20.5499,0,1673216,repair,847,3.58745e+08,3.58718e+08,8093,67,197,159,266,158,0,4404,3504,185
20.5674,1,1647616,repair,818,3.43205e+08,3.43109e+08,7890,66,179,158,269,146,0,4228,3452,210
20.812,0,1692672,repair,847,3.58745e+08,3.58718e+08,8093,67,197,159,266,158,0,4404,3504,185
20.8195,1,1666048,repair,818,3.43205e+08,3.43109e+08,7890,66,179,158,269,146,0,4228,3452,210
21.0638,0,1710080,repair,847,3.58745e+08,3.58718e+08,8093,67,197,159,266,158,0,4404,3504,185
21.0711,1,1685504,repair,818,3.43205e+08,3.43109e+08,7890,66,179,158,269,146,0,4228,3452,210
21.3138,0,1728512,repair,847,3.58745e+08,3.58718e+08,8093,67,197,159,266,158,0,4404,3504,185
21.3274,1,1704960,repair,818,3.43205e+08,3.43109e+08,7890,66,179,158,269,146,0,4228,3452,210
21.5691,0,1746944,repair,847,3.58745e+08,3.58718e+08,8093,67,197,159,266,158,0,4404,3504,185
21.5851,1,1723392,repair,818,3.43205e+08,3.43109e+08,7890,66,179,158,269,146,0,4228,3452,210
21.83,0,1769472,repair,847,3.58745e+08,3.58718e+08,8093,67,197,159,266,158,0,4404,3504,185
21.8355,1,1742848,repair,818,3.43205e+08,3.43109e+08,7890,66,179,158,269,146,0,4228,3452,210
22.0855,0,1793024,repair,847,3.58745e+08,3.58718e+08,8093,67,197,159,266,158,0,4404,3504,185
22.0883,1,1763328,repair,818,3.43205e+08,3.43109e+08,7890,66,179,158,269,146,0,4228,3452,210
22.3398,0,1816576,repair,847,3.58745e+08,3.58718e+08,8093,67,197,159,266,158,0,4404,3504,185
22.3527,1,1781760,repair,818,3.43205e+08,3.43109e+08,7890,66,179,158,269,146,0,4228,3452,210
22.5945,0,1839104,repair,847,3.58745e+08,3.58718e+08,8093,67,197,159,266,158,0,4404,3504,185
22.6143,1,1801216,repair,810,3.66127e+08,3.66098e+08,8298,64,211,173,220,142,0,4563,3516,219
22.8538,0,1861632,repair,847,3.58745e+08,3.58718e+08,8093,67,197,159,266,158,0,4404,3504,185
22.8774,1,1819648,repair,810,3.66127e+08,3.66098e+08,8298,64,211,173,220,142,0,4563,3516,219
23.1086,0,1884160,repair,847,3.58745e+08,3.58718e+08,8093,67,197,159,266,158,0,4404,3504,185
23.1372,1,1839104,repair,810,3.66127e+08,3.66098e+08,8298,64,211,173,220,142,0,4563,3516,219
23.3637,0,1906688,repair,847,3.58745e+08,3.58718e+08,8093,67,197,159,266,158,0,4404,3504,185
23.388,1,1857536,repair,810,3.66127e+08,3.66098e+08,8298,64,211,173,220,142,0,4563,3516,219
23.6259,0,1930240,repair,847,3.58745e+08,3.58718e+08,8093,67,197,159,266,158,0,4404,3504,185
23.65,1,1876992,repair,810,3.66127e+08,3.66098e+08,8298,64,211,173,220,142,0,4563,3516,219
23.884,0,1953792,repair,847,3.58745e+08,3.58718e+08,8093,67,197,159,266,158,0,4404,3504,185
23.9025,1,1895424,repair,810,3.66127e+08,3.66098e+08,8298,64,211,173,220,142,0,4563,3516,219
24.1411,0,1977344,repair,847,3.58745e+08,3.58718e+08,8093,67,197,159,266,158,0,4404,3504,185
24.1528,1,1913856,repair,810,3.66127e+08,3.66098e+08,8298,64,211,173,220,142,0,4563,3516,219
24.3981,0,1999872,repair,847,3.58745e+08,3.58718e+08,8093,67,197,159,266,158,0,4404,3504,185
24.4059,1,1933312,repair,810,3.66127e+08,3.66098e+08,8298,64,211,173,220,142,0,4563,3516,219
24.659,1,1952768,repair,810,3.66127e+08,3.66098e+08,8298,64,211,173,220,142,0,4563,3516,219
24.6598,0,2023424,repair,847,3.58745e+08,3.58718e+08,8093,67,197,159,266,158,0,4404,3504,185
24.9099,1,1971200,repair,810,3.40744e+08,3.40744e+08,7958,52,178,155,263,162,0,4369,3391,198
24.9195,0,2046976,repair,843,3.51979e+08,3.51911e+08,8125,84,203,178,242,136,0,4516,3426,183
25.1685,1,1991680,repair,810,3.40744e+08,3.40744e+08,7958,52,178,155,263,162,0,4369,3391,198
25.1704,0,2069504,repair,843,3.51979e+08,3.51911e+08,8125,84,203,178,242,136,0,4516,3426,183
25.423,1,2010112,repair,810,3.40744e+08,3.40744e+08,7958,52,178,155,263,162,0,4369,3391,198
25.4273,0,2093056,repair,843,3.51979e+08,3.51911e+08,8125,84,203,178,242,136,0,4516,3426,183
25.6781,0,2115584,repair,841,3.41277e+08,3.41249e+08,7987,58,195,157,276,155,0,4428,3368,191
25.6837,1,2029568,repair,810,3.40744e+08,3.40744e+08,7958,52,178,155,263,162,0,4369,3391,198
25.94,0,2139136,repair,841,3.41277e+08,3.41249e+08,7987,58,195,157,276,155,0,4428,3368,191
25.94,1,2048000,repair,810,3.40744e+08,3.40744e+08,7958,52,178,155,263,162,0,4369,3391,198
26.1942,1,2067456,repair,810,3.40744e+08,3.40744e+08,7958,52,178,155,263,162,0,4369,3391,198
26.1953,0,2162688,repair,841,3.41277e+08,3.41249e+08,7987,58,195,157,276,155,0,4428,3368,191
26.4513,0,2186240,repair,841,3.41277e+08,3.41249e+08,7987,58,195,157,276,155,0,4428,3368,191
26.4541,1,2086912,repair,810,3.40744e+08,3.40744e+08,7958,52,178,155,263,162,0,4369,3391,198
26.7032,0,2208768,repair,841,3.41277e+08,3.41249e+08,7987,58,195,157,276,155,0,4428,3368,191
26.7123,1,2106368,repair,810,3.40744e+08,3.40744e+08,7958,52,178,155,263,162,0,4369,3391,198
26.9633,0,2232320,repair,840,3.49802e+08,3.49706e+08,8153,70,224,175,230,141,0,4566,3391,196
26.9766,1,2125824,repair,803,3.34787e+08,3.3476e+08,7943,74,165,162,262,140,0,4441,3331,171
27.2249,0,2254848,repair,840,3.49802e+08,3.49706e+08,8153,70,224,175,230,141,0,4566,3391,196
27.2387,1,2145280,repair,803,3.34787e+08,3.3476e+08,7943,74,165,162,262,140,0,4441,3331,171
27.4752,0,2277376,repair,840,3.49802e+08,3.49706e+08,8153,70,224,175,230,141,0,4566,3391,196
27.502,1,2164736,repair,803,3.34787e+08,3.3476e+08,7943,74,165,162,262,140,0,4441,3331,171
27.7282,0,2299904,repair,840,3.49802e+08,3.49706e+08,8153,70,224,175,230,141,0,4566,3391,196
27.7573,1,2185216,repair,803,3.34787e+08,3.3476e+08,7943,74,165,162,262,140,0,4441,3331,171
27.979,0,2322432,repair,840,3.49802e+08,3.49706e+08,8153,70,224,175,230,141,0,4566,3391,196
28.0091,1,2205696,repair,803,3.34787e+08,3.3476e+08,7943,74,165,162,262,140,0,4441,3331,171
28.239,0,2345984,repair,840,3.49802e+08,3.49706e+08,8153,70,224,175,230,141,0,4566,3391,196
28.267,1,2228224,repair,803,3.34787e+08,3.3476e+08,7943,74,165,162,262,140,0,4441,3331,171
28.5006,0,2369536,repair,840,3.49802e+08,3.49706e+08,8153,70,224,175,230,141,0,4566,3391,196
28.5202,1,2249728,repair,803,3.34787e+08,3.3476e+08,7943,74,165,162,262,140,0,4441,3331,171
28.7624,0,2393088,repair,831,3.28001e+08,3.27914e+08,7926,57,180,165,279,150,0,4497,3249,180
28.7702,1,2270208,repair,803,3.34787e+08,3.3476e+08,7943,74,165,162,262,140,0,4441,3331,171
29.021,0,2416640,repair,831,3.28001e+08,3.27914e+08,7926,57,180,165,279,150,0,4497,3249,180
29.03,1,2289664,repair,803,3.34787e+08,3.3476e+08,7943,74,165,162,262,140,0,4441,3331,171
29.2854,0,2440192,repair,831,3.28001e+08,3.27914e+08,7926,57,180,165,279,150,0,4497,3249,180
29.2887,1,2308096,repair,798,3.41493e+08,3.41403e+08,8051,51,181,176,245,145,0,4473,3369,209
29.5386,0,2462720,repair,831,3.28001e+08,3.27914e+08,7926,57,180,165,279,150,0,4497,3249,180
29.5393,1,2326528,repair,798,3.41493e+08,3.41403e+08,8051,51,181,176,245,145,0,4473,3369,209
29.7921,1,2343936,repair,798,3.41493e+08,3.41403e+08,8051,51,181,176,245,145,0,4473,3369,209
29.7995,0,2486272,repair,831,3.28001e+08,3.27914e+08,7926,57,180,165,279,150,0,4497,3249,180
30.0432,1,2362368,repair,798,3.41493e+08,3.41403e+08,8051,51,181,176,245,145,0,4473,3369,209
30.0557,0,2508800,repair,829,3.4051e+08,3.40414e+08,7892,72,209,170,234,144,0,4272,3421,199
30.2952,1,2380800,repair,798,3.41493e+08,3.41403e+08,8051,51,181,176,245,145,0,4473,3369,209
30.3058,0,2530304,repair,829,3.28609e+08,3.28538e+08,7864,62,190,176,257,144,0,4393,3294,177
30.5504,1,2400256,repair,798,3.41493e+08,3.41403e+08,8051,51,181,176,245,145,0,4473,3369,209
30.5588,0,2552832,repair,823,3.51417e+08,3.51412e+08,8111,63,194,180,236,150,0,4502,3431,178
30.8063,1,2418688,repair,798,3.41493e+08,3.41403e+08,8051,51,181,176,245,145,0,4473,3369,209
30.8198,0,2575360,repair,823,3.51417e+08,3.51412e+08,8111,63,194,180,236,150,0,4502,3431,178
31.0583,1,2436096,repair,798,3.41493e+08,3.41403e+08,8051,51,181,176,245,145,0,4473,3369,209
31.0787,0,2597888,repair,823,3.51417e+08,3.51412e+08,8111,63,194,180,236,150,0,4502,3431,178
31.3145,1,2454528,repair,798,3.41493e+08,3.41403e+08,8051,51,181,176,245,145,0,4473,3369,209
31.3305,0,2619392,repair,823,3.51417e+08,3.51412e+08,8111,63,194,180,236,150,0,4502,3431,178
31.577,1,2473984,repair,798,3.41493e+08,3.41403e+08,8051,51,181,176,245,145,0,4473,3369,209
31.5821,0,2641920,repair,823,3.51417e+08,3.51412e+08,8111,63,194,180,236,150,0,4502,3431,178
31.8376,1,2493440,repair,798,3.41493e+08,3.41403e+08,8051,51,181,176,245,145,0,4473,3369,209
31.8449,0,2660352,repair,821,3.36965e+08,3.36898e+08,7908,59,198,148,258,158,0,4350,3367,191
32.0972,1,2509824,repair,798,3.41493e+08,3.41403e+08,8051,51,181,176,245,145,0,4473,3369,209
32.1005,0,2678784,repair,821,3.36965e+08,3.36898e+08,7908,59,198,148,258,158,0,4350,3367,191
32.352,1,2531328,repair,798,3.41493e+08,3.41403e+08,8051,51,181,176,245,145,0,4473,3369,209
32.3566,0,2697216,repair,821,3.36965e+08,3.36898e+08,7908,59,198,148,258,158,0,4350,3367,191
32.6071,0,2715648,repair,821,3.36965e+08,3.36898e+08,7908,59,198,148,258,158,0,4350,3367,191
32.6257,1,2553856,repair,798,3.41493e+08,3.41403e+08,8051,51,181,176,245,145,0,4473,3369,209
32.8638,0,2734080,repair,821,3.36965e+08,3.36898e+08,7908,59,198,148,258,158,0,4350,3367,191
32.8809,1,2575360,repair,798,3.41493e+08,3.41403e+08,8051,51,181,176,245,145,0,4473,3369,209
33.122,0,2752512,repair,821,3.36965e+08,3.36898e+08,7908,59,198,148,258,158,0,4350,3367,191
33.14,1,2594816,repair,798,3.41493e+08,3.41403e+08,8051,51,181,176,245,145,0,4473,3369,209
33.3903,1,2611200,repair,795,3.40784e+08,3.40757e+08,7957,69,210,156,229,131,0,4364,3401,192
33.3916,0,2770944,repair,821,3.36965e+08,3.36898e+08,7908,59,198,148,258,158,0,4350,3367,191
33.6474,0,2789376,repair,821,3.36965e+08,3.36898e+08,7908,59,198,148,258,158,0,4350,3367,191
33.6539,1,2627584,repair,795,3.40784e+08,3.40757e+08,7957,69,210,156,229,131,0,4364,3401,192
33.9019,0,2808832,repair,821,3.36965e+08,3.36898e+08,7908,59,198,148,258,158,0,4350,3367,191
33.9109,1,2644992,repair,795,3.40784e+08,3.40757e+08,7957,69,210,156,229,131,0,4364,3401,192
34.1637,0,2830336,repair,821,3.36965e+08,3.36898e+08,7908,59,198,148,258,158,0,4350,3367,191
34.1721,1,2664448,repair,791,3.28459e+08,3.28389e+08,7958,64,215,152,240,120,0,4540,3250,168
34.4165,0,2851840,repair,821,3.36965e+08,3.36898e+08,7908,59,198,148,258,158,0,4350,3367,191
34.4343,1,2683904,repair,791,3.28459e+08,3.28389e+08,7958,64,215,152,240,120,0,4540,3250,168
34.677,0,2874368,repair,821,3.36965e+08,3.36898e+08,7908,59,198,148,258,158,0,4350,3367,191
34.7009,1,2702336,repair,791,3.28459e+08,3.28389e+08,7958,64,215,152,240,120,0,4540,3250,168
34.928,0,2895872,repair,818,3.25533e+08,3.25468e+08,7847,67,185,165,248,153,0,4404,3270,173
34.9611,1,2720768,repair,791,3.28459e+08,3.28389e+08,7958,64,215,152,240,120,0,4540,3250,168
35.1856,0,2918400,repair,818,3.25533e+08,3.25468e+08,7847,67,185,165,248,153,0,4404,3270,173
35.2115,1,2742272,repair,791,3.28459e+08,3.28389e+08,7958,64,215,152,240,120,0,4540,3250,168
35.4443,0,2939904,repair,812,3.395e+08,3.39405e+08,7939,59,194,126,295,138,0,4389,3369,181
35.4635,1,2763776,repair,791,3.28459e+08,3.28389e+08,7958,64,215,152,240,120,0,4540,3250,168
35.7023,0,2961408,repair,812,3.395e+08,3.39405e+08,7939,59,194,126,295,138,0,4389,3369,181
35.7136,1,2784256,repair,791,3.28459e+08,3.28389e+08,7958,64,215,152,240,120,0,4540,3250,168
35.964,0,2982912,repair,812,3.395e+08,3.39405e+08,7939,59,194,126,295,138,0,4389,3369,181
35.9778,1,2802688,repair,791,3.28459e+08,3.28389e+08,7958,64,215,152,240,120,0,4540,3250,168
36.2206,0,3005440,repair,812,3.395e+08,3.39405e+08,7939,59,194,126,295,138,0,4389,3369,181
36.2295,1,2821120,repair,790,3.34356e+08,3.34333e+08,7943,60,188,143,240,159,0,4434,3330,179
36.4769,0,3026944,repair,812,3.395e+08,3.39405e+08,7939,59,194,126,295,138,0,4389,3369,181
36.4839,1,2838528,repair,790,3.34356e+08,3.34333e+08,7943,60,188,143,240,159,0,4434,3330,179
36.7321,0,3049472,repair,812,3.395e+08,3.39405e+08,7939,59,194,126,295,138,0,4389,3369,181
36.7344,1,2856960,repair,790,3.34356e+08,3.34333e+08,7943,60,188,143,240,159,0,4434,3330,179
36.9883,0,3070976,repair,812,3.395e+08,3.39405e+08,7939,59,194,126,295,138,0,4389,3369,181
36.9982,1,2876416,repair,790,3.34356e+08,3.34333e+08,7943,60,188,143,240,159,0,4434,3330,179
37.2493,0,3092480,repair,812,3.395e+08,3.39405e+08,7939,59,194,126,295,138,0,4389,3369,181
37.255,1,2894848,repair,790,3.34356e+08,3.34333e+08,7943,60,188,143,240,159,0,4434,3330,179
37.5086,0,3115008,repair,812,3.395e+08,3.39405e+08,7939,59,194,126,295,138,0,4389,3369,181
37.5103,1,2912256,repair,790,3.34356e+08,3.34333e+08,7943,60,188,143,240,159,0,4434,3330,179
37.766,0,3136512,repair,812,3.395e+08,3.39405e+08,7939,59,194,126,295,138,0,4389,3369,181
37.7695,1,2929664,repair,790,3.34356e+08,3.34333e+08,7943,60,188,143,240,159,0,4434,3330,179
38.0228,0,3159040,repair,812,3.395e+08,3.39405e+08,7939,59,194,126,295,138,0,4389,3369,181
38.0279,1,2948096,repair,790,3.34356e+08,3.34333e+08,7943,60,188,143,240,159,0,4434,3330,179
38.2733,0,3180544,repair,810,3.38317e+08,3.38312e+08,7978,66,187,185,236,136,0,4452,3356,170
38.2861,1,2968576,repair,790,3.34356e+08,3.34333e+08,7943,60,188,143,240,159,0,4434,3330,179
38.5236,0,3201024,repair,810,3.38317e+08,3.38312e+08,7978,66,187,185,236,136,0,4452,3356,170
38.5471,1,2989056,repair,790,3.34356e+08,3.34333e+08,7943,60,188,143,240,159,0,4434,3330,179
38.7759,0,3222528,repair,810,3.38317e+08,3.38312e+08,7978,66,187,185,236,136,0,4452,3356,170
38.7998,1,3009536,repair,790,3.25833e+08,3.25804e+08,7967,61,187,156,222,164,0,4544,3229,194
39.0305,0,3244032,repair,810,3.27915e+08,3.2791e+08,7849,69,173,164,258,146,0,4361,3303,185
39.057,1,3031040,repair,790,3.25833e+08,3.25804e+08,7967,61,187,156,222,164,0,4544,3229,194
39.2884,0,3266560,repair,810,3.27915e+08,3.2791e+08,7849,69,173,164,258,146,0,4361,3303,185
39.3163,1,3051520,repair,790,3.25833e+08,3.25804e+08,7967,61,187,156,222,164,0,4544,3229,194
39.5411,0,3287040,repair,810,3.27915e+08,3.2791e+08,7849,69,173,164,258,146,0,4361,3303,185
39.572,1,3069952,repair,790,3.21216e+08,3.2121e+08,7706,55,159,148,289,139,0,4197,3301,208
39.7951,0,3308544,repair,809,3.32267e+08,3.32267e+08,7895,66,189,177,255,122,0,4353,3338,204
39.8229,1,3087360,repair,790,3.21216e+08,3.2121e+08,7706,55,159,148,289,139,0,4197,3301,208
40.0481,0,3328000,repair,809,3.32267e+08,3.32267e+08,7895,66,189,177,255,122,0,4353,3338,204
40.085,1,3106816,repair,790,3.21216e+08,3.2121e+08,7706,55,159,148,289,139,0,4197,3301,208
40.3099,0,3347456,repair,809,3.32267e+08,3.32267e+08,7895,66,189,177,255,122,0,4353,3338,204
40.3447,1,3128320,repair,790,3.21216e+08,3.2121e+08,7706,55,159,148,289,139,0,4197,3301,208
40.574,0,3367936,repair,809,3.32267e+08,3.32267e+08,7895,66,189,177,255,122,0,4353,3338,204
40.5993,1,3150848,repair,790,3.21216e+08,3.2121e+08,7706,55,159,148,289,139,0,4197,3301,208
40.8352,0,3387392,repair,809,3.32267e+08,3.32267e+08,7895,66,189,177,255,122,0,4353,3338,204
40.8547,1,3169280,repair,786,3.32079e+08,3.32011e+08,7831,65,208,158,232,123,0,4299,3361,171
41.0923,0,3405824,repair,809,3.32267e+08,3.32267e+08,7895,66,189,177,255,122,0,4353,3338,204
41.114,1,3189760,repair,786,3.32079e+08,3.32011e+08,7831,65,208,158,232,123,0,4299,3361,171
41.3545,0,3424256,repair,809,3.32267e+08,3.32267e+08,7895,66,189,177,255,122,0,4353,3338,204
41.3732,1,3210240,repair,786,3.32079e+08,3.32011e+08,7831,65,208,158,232,123,0,4299,3361,171
41.6184,0,3441664,repair,809,3.32267e+08,3.32267e+08,7895,66,189,177,255,122,0,4353,3338,204
41.64,1,3226624,repair,786,3.32079e+08,3.32011e+08,7831,65,208,158,232,123,0,4299,3361,171
41.8721,0,3459072,repair,809,3.32267e+08,3.32267e+08,7895,66,189,177,255,122,0,4353,3338,204
41.8908,1,3241984,repair,786,3.32079e+08,3.32011e+08,7831,65,208,158,232,123,0,4299,3361,171
42.1318,0,3478528,repair,809,3.32267e+08,3.32267e+08,7895,66,189,177,255,122,0,4353,3338,204
42.1485,1,3260416,repair,786,3.32079e+08,3.32011e+08,7831,65,208,158,232,123,0,4299,3361,171
42.3841,0,3500032,repair,809,3.32267e+08,3.32267e+08,7895,66,189,177,255,122,0,4353,3338,204
42.4093,1,3278848,repair,786,3.32079e+08,3.32011e+08,7831,65,208,158,232,123,0,4299,3361,171
42.6425,0,3520512,repair,809,3.32267e+08,3.32267e+08,7895,66,189,177,255,122,0,4353,3338,204
42.6726,1,3297280,repair,780,3.24628e+08,3.24628e+08,7864,62,174,135,266,143,0,4414,3262,188
42.8994,0,3539968,repair,809,3.32267e+08,3.32267e+08,7895,66,189,177,255,122,0,4353,3338,204
42.9357,1,3315712,repair,780,3.24628e+08,3.24628e+08,7864,62,174,135,266,143,0,4414,3262,188
43.159,0,3558400,repair,805,3.29418e+08,3.29418e+08,7929,70,192,175,230,138,0,4460,3286,183
43.1969,1,3338240,repair,780,3.24628e+08,3.24628e+08,7864,62,174,135,266,143,0,4414,3262,188
43.4099,0,3575808,repair,805,3.29418e+08,3.29418e+08,7929,70,192,175,230,138,0,4460,3286,183
43.4546,1,3360768,repair,780,3.24628e+08,3.24628e+08,7864,62,174,135,266,143,0,4414,3262,188
43.6682,0,3594240,repair,805,3.29418e+08,3.29418e+08,7929,70,192,175,230,138,0,4460,3286,183
43.7081,1,3383296,repair,780,3.24628e+08,3.24628e+08,7864,62,174,135,266,143,0,4414,3262,188
43.9291,0,3615744,repair,794,3.43501e+08,3.43406e+08,7987,67,192,158,239,138,0,4386,3415,186
43.9596,1,3404800,repair,780,3.24628e+08,3.24628e+08,7864,62,174,135,266,143,0,4414,3262,188
44.1822,0,3637248,repair,794,3.43501e+08,3.43406e+08,7987,67,192,158,239,138,0,4386,3415,186
44.2137,1,3426304,repair,780,3.24628e+08,3.24628e+08,7864,62,174,135,266,143,0,4414,3262,188
44.4428,0,3658752,repair,794,3.43501e+08,3.43406e+08,7987,67,192,158,239,138,0,4386,3415,186
44.4751,1,3448832,repair,780,3.24628e+08,3.24628e+08,7864,62,174,135,266,143,0,4414,3262,188
44.6965,0,3678208,repair,794,3.43501e+08,3.43406e+08,7987,67,192,158,239,138,0,4386,3415,186
44.7262,1,3470336,repair,780,3.24628e+08,3.24628e+08,7864,62,174,135,266,143,0,4414,3262,188
44.9528,0,3695616,repair,794,3.43501e+08,3.43406e+08,7987,67,192,158,239,138,0,4386,3415,186
44.9779,1,3490816,repair,773,3.22608e+08,3.22581e+08,7828,63,177,153,241,139,0,4370,3268,190
45.2057,0,3714048,repair,794,3.43501e+08,3.43406e+08,7987,67,192,158,239,138,0,4386,3415,186
45.2341,1,3510272,repair,773,3.22608e+08,3.22581e+08,7828,63,177,153,241,139,0,4370,3268,190
45.4652,0,3732480,repair,794,3.43501e+08,3.43406e+08,7987,67,192,158,239,138,0,4386,3415,186
45.4896,1,3532800,repair,773,3.22608e+08,3.22581e+08,7828,63,177,153,241,139,0,4370,3268,190
45.7223,0,3749888,repair,794,3.43501e+08,3.43406e+08,7987,67,192,158,239,138,0,4386,3415,186
45.7462,1,3554304,repair,773,3.22608e+08,3.22581e+08,7828,63,177,153,241,139,0,4370,3268,190
45.9821,0,3768320,repair,794,3.43501e+08,3.43406e+08,7987,67,192,158,239,138,0,4386,3415,186
46.0016,1,3576832,repair,773,3.22608e+08,3.22581e+08,7828,63,177,153,241,139,0,4370,3268,190
46.2427,0,3787776,repair,794,3.43501e+08,3.43406e+08,7987,67,192,158,239,138,0,4386,3415,186
46.2599,1,3599360,repair,768,3.3276e+08,3.32738e+08,7924,73,190,155,217,133,0,4392,3341,191
46.5058,0,3806208,repair,794,3.43501e+08,3.43406e+08,7987,67,192,158,239,138,0,4386,3415,186
46.5164,1,3621888,repair,768,3.3276e+08,3.32738e+08,7924,73,190,155,217,133,0,4392,3341,191
46.7614,0,3823616,repair,794,3.43501e+08,3.43406e+08,7987,67,192,158,239,138,0,4386,3415,186
46.7764,1,3644416,repair,768,3.3276e+08,3.32738e+08,7924,73,190,155,217,133,0,4392,3341,191
47.015,0,3841024,repair,794,3.43501e+08,3.43406e+08,7987,67,192,158,239,138,0,4386,3415,186
47.0338,1,3665920,repair,768,3.3276e+08,3.32738e+08,7924,73,190,155,217,133,0,4392,3341,191
47.2724,0,3859456,repair,794,3.43501e+08,3.43406e+08,7987,67,192,158,239,138,0,4386,3415,186
47.2879,1,3687424,repair,768,3.3276e+08,3.32738e+08,7924,73,190,155,217,133,0,4392,3341,191
47.5297,0,3877888,repair,794,3.43501e+08,3.43406e+08,7987,67,192,158,239,138,0,4386,3415,186
47.5474,1,3709952,repair,766,3.3964e+08,3.39566e+08,7881,57,180,144,237,148,0,4266,3429,186
47.7814,0,3896320,repair,794,3.43501e+08,3.43406e+08,7987,67,192,158,239,138,0,4386,3415,186
47.8004,1,3731456,repair,766,3.3964e+08,3.39566e+08,7881,57,180,144,237,148,0,4266,3429,186
48.0335,0,3914752,repair,794,3.43501e+08,3.43406e+08,7987,67,192,158,239,138,0,4386,3415,186
48.0645,1,3750912,repair,766,3.3964e+08,3.39566e+08,7881,57,180,144,237,148,0,4266,3429,186
48.2865,0,3932160,repair,794,3.43501e+08,3.43406e+08,7987,67,192,158,239,138,0,4386,3415,186
48.3248,1,3768320,repair,766,3.3964e+08,3.39566e+08,7881,57,180,144,237,148,0,4266,3429,186
48.5449,0,3949568,repair,794,3.43501e+08,3.43406e+08,7987,67,192,158,239,138,0,4386,3415,186
48.5888,1,3786752,repair,766,3.3964e+08,3.39566e+08,7881,57,180,144,237,148,0,4266,3429,186
48.808,0,3968000,repair,794,3.43501e+08,3.43406e+08,7987,67,192,158,239,138,0,4386,3415,186
48.8433,1,3805184,repair,766,3.3964e+08,3.39566e+08,7881,57,180,144,237,148,0,4266,3429,186
49.0631,0,3986432,repair,794,3.43501e+08,3.43406e+08,7987,67,192,158,239,138,0,4386,3415,186
49.1008,1,3823616,repair,766,3.3964e+08,3.39566e+08,7881,57,180,144,237,148,0,4266,3429,186
49.3173,0,4003840,repair,794,3.43501e+08,3.43406e+08,7987,67,192,158,239,138,0,4386,3415,186
49.3528,1,3842048,repair,766,3.3964e+08,3.39566e+08,7881,57,180,144,237,148,0,4266,3429,186
49.5786,0,4022272,repair,794,3.43501e+08,3.43406e+08,7987,67,192,158,239,138,0,4386,3415,186
49.6039,1,3860480,repair,766,3.3964e+08,3.39566e+08,7881,57,180,144,237,148,0,4266,3429,186
49.8322,0,4039680,repair,793,3.31326e+08,3.31253e+08,7834,75,188,154,237,139,0,4307,3352,175
49.8577,1,3878912,repair,766,3.3964e+08,3.39566e+08,7881,57,180,144,237,148,0,4266,3429,186
50.0937,0,4059136,repair,793,3.31326e+08,3.31253e+08,7834,75,188,154,237,139,0,4307,3352,175
50.1145,1,3897344,repair,766,3.3964e+08,3.39566e+08,7881,57,180,144,237,148,0,4266,3429,186
50.3493,0,4078592,repair,793,3.31326e+08,3.31253e+08,7834,75,188,154,237,139,0,4307,3352,175
50.3732,1,3916800,repair,766,3.3964e+08,3.39566e+08,7881,57,180,144,237,148,0,4266,3429,186
50.6117,0,4098048,repair,793,3.31326e+08,3.31253e+08,7834,75,188,154,237,139,0,4307,3352,175
50.6264,1,3937280,repair,766,3.3964e+08,3.39566e+08,7881,57,180,144,237,148,0,4266,3429,186
50.8695,0,4118528,repair,793,3.31326e+08,3.31253e+08,7834,75,188,154,237,139,0,4307,3352,175
50.8804,1,3957760,repair,759,3.22071e+08,3.22e+08,7726,41,165,162,239,152,0,4234,3311,181
51.1274,0,4142080,repair,793,3.31326e+08,3.31253e+08,7834,75,188,154,237,139,0,4307,3352,175
51.1436,1,3979264,repair,759,3.22071e+08,3.22e+08,7726,41,165,162,239,152,0,4234,3311,181
51.3846,0,4164608,repair,782,3.53722e+08,3.53722e+08,8134,65,206,154,250,107,0,4480,3458,196
51.3945,1,3996672,repair,755,3.34759e+08,3.34685e+08,7812,64,168,147,249,127,0,4232,3408,172
51.6452,0,4186112,repair,782,3.53722e+08,3.53722e+08,8134,65,206,154,250,107,0,4480,3458,196
51.6585,1,4013056,repair,755,3.34759e+08,3.34685e+08,7812,64,168,147,249,127,0,4232,3408,172
51.9079,0,4207616,repair,782,3.53722e+08,3.53722e+08,8134,65,206,154,250,107,0,4480,3458,196
51.9187,1,4032512,repair,755,3.34759e+08,3.34685e+08,7812,64,168,147,249,127,0,4232,3408,172
52.1588,0,4230144,repair,782,3.53722e+08,3.53722e+08,8134,65,206,154,250,107,0,4480,3458,196
52.1842,1,4050944,repair,755,3.34759e+08,3.34685e+08,7812,64,168,147,249,127,0,4232,3408,172
52.417,0,4251648,repair,782,3.53722e+08,3.53722e+08,8134,65,206,154,250,107,0,4480,3458,196
52.4348,1,4069376,repair,755,3.34759e+08,3.34685e+08,7812,64,168,147,249,127,0,4232,3408,172
52.6736,0,4272128,repair,782,3.53722e+08,3.53722e+08,8134,65,206,154,250,107,0,4480,3458,196
52.6925,1,4088832,repair,755,3.34759e+08,3.34685e+08,7812,64,168,147,249,127,0,4232,3408,172
52.9299,0,4292608,repair,780,3.29241e+08,3.29212e+08,7973,73,200,152,235,120,0,4518,3267,188
52.9522,1,4108288,repair,755,3.34759e+08,3.34685e+08,7812,64,168,147,249,127,0,4232,3408,172
53.1813,0,4313088,repair,780,3.29241e+08,3.29212e+08,7973,73,200,152,235,120,0,4518,3267,188
53.2133,1,4128768,repair,755,3.34759e+08,3.34685e+08,7812,64,168,147,249,127,0,4232,3408,172
53.4351,0,4332544,repair,780,3.29241e+08,3.29212e+08,7973,73,200,152,235,120,0,4518,3267,188
53.4701,1,4149248,repair,752,3.31778e+08,3.31751e+08,7836,65,170,141,246,130,0,4296,3366,174
53.687,0,4352000,repair,780,3.29241e+08,3.29212e+08,7973,73,200,152,235,120,0,4518,3267,188
53.7236,1,4169728,repair,752,3.31778e+08,3.31751e+08,7836,65,170,141,246,130,0,4296,3366,174
53.9451,0,4373504,repair,780,3.29241e+08,3.29212e+08,7973,73,200,152,235,120,0,4518,3267,188
53.9822,1,4191232,repair,752,3.31778e+08,3.31751e+08,7836,65,170,141,246,130,0,4296,3366,174
54.1996,0,4395008,repair,780,3.29241e+08,3.29212e+08,7973,73,200,152,235,120,0,4518,3267,188
54.239,1,4212736,repair,752,3.31778e+08,3.31751e+08,7836,65,170,141,246,130,0,4296,3366,174
54.4584,0,4414464,repair,780,3.29241e+08,3.29212e+08,7973,73,200,152,235,120,0,4518,3267,188
54.4921,1,4233216,repair,752,3.31778e+08,3.31751e+08,7836,65,170,141,246,130,0,4296,3366,174
54.7209,0,4434944,repair,780,3.29241e+08,3.29212e+08,7973,73,200,152,235,120,0,4518,3267,188
54.7449,1,4253696,repair,752,3.31778e+08,3.31751e+08,7836,65,170,141,246,130,0,4296,3366,174
54.9771,0,4455424,repair,780,3.29241e+08,3.29212e+08,7973,73,200,152,235,120,0,4518,3267,188
54.9972,1,4274176,repair,752,3.31778e+08,3.31751e+08,7836,65,170,141,246,130,0,4296,3366,174
55.2316,0,4474880,repair,780,3.29241e+08,3.29212e+08,7973,73,200,152,235,120,0,4518,3267,188
55.2504,1,4294656,repair,752,3.31778e+08,3.31751e+08,7836,65,170,141,246,130,0,4296,3366,174
55.4879,0,4496384,repair,780,3.29241e+08,3.29212e+08,7973,73,200,152,235,120,0,4518,3267,188
55.5091,1,4316160,repair,752,3.31778e+08,3.31751e+08,7836,65,170,141,246,130,0,4296,3366,174
55.7441,0,4516864,repair,780,3.29241e+08,3.29212e+08,7973,73,200,152,235,120,0,4518,3267,188
55.7701,1,4334592,repair,742,3.11364e+08,3.11273e+08,7655,58,174,131,247,132,0,4253,3225,177
56.0033,0,4539392,repair,780,3.29241e+08,3.29212e+08,7973,73,200,152,235,120,0,4518,3267,188
56.029,1,4354048,repair,742,3.11364e+08,3.11273e+08,7655,58,174,131,247,132,0,4253,3225,177
56.2599,0,4561920,repair,779,3.31937e+08,3.3191e+08,7936,64,186,158,246,125,0,4446,3313,177
56.2791,1,4373504,repair,742,3.11364e+08,3.11273e+08,7655,58,174,131,247,132,0,4253,3225,177
56.5185,0,4583424,repair,779,3.31937e+08,3.3191e+08,7936,64,186,158,246,125,0,4446,3313,177
56.534,1,4395008,repair,742,3.11364e+08,3.11273e+08,7655,58,174,131,247,132,0,4253,3225,177
56.7723,0,4603904,repair,776,3.37118e+08,3.37118e+08,8021,67,173,137,260,139,0,4496,3331,194
56.7871,1,4416512,repair,742,3.11364e+08,3.11273e+08,7655,58,174,131,247,132,0,4253,3225,177
57.0335,0,4625408,repair,776,3.37118e+08,3.37118e+08,8021,67,173,137,260,139,0,4496,3331,194
57.039,1,4436992,repair,742,3.11364e+08,3.11273e+08,7655,58,174,131,247,132,0,4253,3225,177
57.2921,0,4646912,repair,770,3.46102e+08,3.46096e+08,8097,76,222,132,211,129,0,4502,3398,197
57.2959,1,4458496,repair,742,3.11364e+08,3.11273e+08,7655,58,174,131,247,132,0,4253,3225,177
57.5483,0,4669440,repair,770,3.46102e+08,3.46096e+08,8097,76,222,132,211,129,0,4502,3398,197
57.5514,1,4480000,repair,740,3.34351e+08,3.34346e+08,7987,54,186,138,241,121,0,4496,3321,170
57.8017,0,4690944,repair,770,3.46102e+08,3.46096e+08,8097,76,222,132,211,129,0,4502,3398,197
57.8091,1,4499456,repair,740,3.34351e+08,3.34346e+08,7987,54,186,138,241,121,0,4496,3321,170
58.0554,0,4713472,repair,770,3.46102e+08,3.46096e+08,8097,76,222,132,211,129,0,4502,3398,197
58.0718,1,4518912,repair,740,3.34351e+08,3.34346e+08,7987,54,186,138,241,121,0,4496,3321,170
58.3096,0,4733952,repair,770,3.46102e+08,3.46096e+08,8097,76,222,132,211,129,0,4502,3398,197
58.3323,1,4537344,repair,738,3.17908e+08,3.17838e+08,7754,49,183,157,225,124,0,4321,3258,175
58.5707,0,4755456,repair,770,3.46102e+08,3.46096e+08,8097,76,222,132,211,129,0,4502,3398,197
58.5931,1,4556800,repair,738,3.17908e+08,3.17838e+08,7754,49,183,157,225,124,0,4321,3258,175
58.8229,0,4775936,repair,770,3.46102e+08,3.46096e+08,8097,76,222,132,211,129,0,4502,3398,197
58.8502,1,4577280,repair,738,3.17908e+08,3.17838e+08,7754,49,183,157,225,124,0,4321,3258,175
59.0758,0,4795392,repair,770,3.46102e+08,3.46096e+08,8097,76,222,132,211,129,0,4502,3398,197
59.1012,1,4596736,repair,738,3.17908e+08,3.17838e+08,7754,49,183,157,225,124,0,4321,3258,175
59.3313,0,4813824,repair,770,3.46102e+08,3.46096e+08,8097,76,222,132,211,129,0,4502,3398,197
59.3622,1,4618240,repair,738,3.17908e+08,3.17838e+08,7754,49,183,157,225,124,0,4321,3258,175
59.5863,0,4832256,repair,770,3.46102e+08,3.46096e+08,8097,76,222,132,211,129,0,4502,3398,197
59.6147,1,4639744,repair,738,3.17908e+08,3.17838e+08,7754,49,183,157,225,124,0,4321,3258,175
59.8443,0,4850688,repair,770,3.46102e+08,3.46096e+08,8097,76,222,132,211,129,0,4502,3398,197
59.8697,1,4661248,repair,738,3.17908e+08,3.17838e+08,7754,49,183,157,225,124,0,4321,3258,175
60.1037,0,4869120,repair,770,3.46102e+08,3.46096e+08,8097,76,222,132,211,129,0,4502,3398,197
60.1302,1,4681728,repair,738,3.17908e+08,3.17838e+08,7754,49,183,157,225,124,0,4321,3258,175
60.3546,0,4887552,repair,770,3.46102e+08,3.46096e+08,8097,76,222,132,211,129,0,4502,3398,197
60.3912,1,4702208,repair,733,3.22813e+08,3.22791e+08,7858,68,157,151,214,143,0,4421,3266,171
60.6132,0,4905984,repair,770,3.46102e+08,3.46096e+08,8097,76,222,132,211,129,0,4502,3398,197
60.6433,1,4722688,repair,733,3.22813e+08,3.22791e+08,7858,68,157,151,214,143,0,4421,3266,171
60.8754,0,4925440,repair,770,3.46102e+08,3.46096e+08,8097,76,222,132,211,129,0,4502,3398,197
60.9016,1,4744192,repair,733,3.22813e+08,3.22791e+08,7858,68,157,151,214,143,0,4421,3266,171
61.1376,0,4943872,repair,770,3.46102e+08,3.46096e+08,8097,76,222,132,211,129,0,4502,3398,197
61.1528,1,4765696,repair,729,3.22984e+08,3.22978e+08,7902,70,156,141,236,126,0,4441,3256,205
61.3987,0,4963328,repair,770,3.46102e+08,3.46096e+08,8097,76,222,132,211,129,0,4502,3398,197
61.4153,1,4788224,repair,729,3.22984e+08,3.22978e+08,7902,70,156,141,236,126,0,4441,3256,205
61.6587,0,4981760,repair,770,3.46102e+08,3.46096e+08,8097,76,222,132,211,129,0,4502,3398,197
61.6789,1,4810752,repair,729,3.22984e+08,3.22978e+08,7902,70,156,141,236,126,0,4441,3256,205
61.9195,0,5000192,repair,770,3.46102e+08,3.46096e+08,8097,76,222,132,211,129,0,4502,3398,197
61.9351,1,4832256,repair,729,3.22984e+08,3.22978e+08,7902,70,156,141,236,126,0,4441,3256,205
62.1733,0,5017600,repair,770,3.46102e+08,3.46096e+08,8097,76,222,132,211,129,0,4502,3398,197
62.1864,1,4853760,repair,729,3.22984e+08,3.22978e+08,7902,70,156,141,236,126,0,4441,3256,205
62.4334,0,5036032,repair,770,3.46102e+08,3.46096e+08,8097,76,222,132,211,129,0,4502,3398,197
62.4472,1,4876288,repair,729,3.22984e+08,3.22978e+08,7902,70,156,141,236,126,0,4441,3256,205
62.6867,0,5053440,repair,764,3.33241e+08,3.33236e+08,7974,67,149,158,235,155,0,4470,3319,185
62.706,1,4898816,repair,729,3.22984e+08,3.22978e+08,7902,70,156,141,236,126,0,4441,3256,205
62.9418,0,5071872,repair,764,3.33241e+08,3.33236e+08,7974,67,149,158,235,155,0,4470,3319,185
62.9626,1,4920320,repair,729,3.22984e+08,3.22978e+08,7902,70,156,141,236,126,0,4441,3256,205
63.2001,0,5090304,repair,763,3.35053e+08,3.35026e+08,7908,55,174,154,249,131,0,4348,3370,190
63.2178,1,4943872,repair,729,3.22984e+08,3.22978e+08,7902,70,156,141,236,126,0,4441,3256,205
63.4569,0,5108736,repair,763,3.35053e+08,3.35026e+08,7908,55,174,154,249,131,0,4348,3370,190
63.4703,1,4965376,repair,715,3.33488e+08,3.3346e+08,7958,53,162,145,216,139,0,4414,3349,195
63.7169,0,5130240,repair,763,3.35053e+08,3.35026e+08,7908,55,174,154,249,131,0,4348,3370,190
63.7259,1,4986880,repair,715,3.33488e+08,3.3346e+08,7958,53,162,145,216,139,0,4414,3349,195
63.9698,0,5149696,repair,763,3.35053e+08,3.35026e+08,7908,55,174,154,249,131,0,4348,3370,190
63.9802,1,5009408,repair,715,3.33488e+08,3.3346e+08,7958,53,162,145,216,139,0,4414,3349,195
64.2219,0,5169152,repair,763,3.35053e+08,3.35026e+08,7908,55,174,154,249,131,0,4348,3370,190
64.2379,1,5032960,repair,715,3.33488e+08,3.3346e+08,7958,53,162,145,216,139,0,4414,3349,195
64.4761,0,5188608,repair,763,3.35053e+08,3.35026e+08,7908,55,174,154,249,131,0,4348,3370,190
64.4956,1,5055488,repair,715,3.33488e+08,3.3346e+08,7958,53,162,145,216,139,0,4414,3349,195
64.7336,0,5208064,repair,763,3.35053e+08,3.35026e+08,7908,55,174,154,249,131,0,4348,3370,190
64.7526,1,5078016,repair,715,3.33488e+08,3.3346e+08,7958,53,162,145,216,139,0,4414,3349,195
64.995,0,5228544,repair,761,3.29123e+08,3.2905e+08,7757,66,174,161,224,136,0,4189,3381,187
65.0055,1,5100544,repair,715,3.33488e+08,3.3346e+08,7958,53,162,145,216,139,0,4414,3349,195
65.2542,0,5248000,repair,761,3.29123e+08,3.2905e+08,7757,66,174,161,224,136,0,4189,3381,187
65.2652,1,5123072,repair,715,3.33488e+08,3.3346e+08,7958,53,162,145,216,139,0,4414,3349,195
65.5136,0,5267456,repair,760,3.30784e+08,3.3069e+08,7963,71,166,158,225,140,0,4493,3296,174
65.524,1,5144576,repair,715,3.33488e+08,3.3346e+08,7958,53,162,145,216,139,0,4414,3349,195
65.7709,0,5285888,repair,760,3.30784e+08,3.3069e+08,7963,71,166,158,225,140,0,4493,3296,174
65.7795,1,5165056,repair,715,3.33488e+08,3.3346e+08,7958,53,162,145,216,139,0,4414,3349,195
66.0324,0,5305344,repair,760,3.30784e+08,3.3069e+08,7963,71,166,158,225,140,0,4493,3296,174
66.0382,1,5186560,repair,715,3.33488e+08,3.3346e+08,7958,53,162,145,216,139,0,4414,3349,195
66.2887,0,5324800,repair,760,3.30784e+08,3.3069e+08,7963,71,166,158,225,140,0,4493,3296,174
66.2907,1,5210112,repair,715,3.33488e+08,3.3346e+08,7958,53,162,145,216,139,0,4414,3349,195
66.5395,0,5343232,repair,760,3.30784e+08,3.3069e+08,7963,71,166,158,225,140,0,4493,3296,174
66.5507,1,5233664,repair,715,3.33488e+08,3.3346e+08,7958,53,162,145,216,139,0,4414,3349,195
66.7939,0,5361664,repair,760,3.30784e+08,3.3069e+08,7963,71,166,158,225,140,0,4493,3296,174
66.8079,1,5256192,repair,715,3.33488e+08,3.3346e+08,7958,53,162,145,216,139,0,4414,3349,195
67.0542,0,5382144,repair,760,3.30784e+08,3.3069e+08,7963,71,166,158,225,140,0,4493,3296,174
67.0608,1,5278720,repair,715,3.33488e+08,3.3346e+08,7958,53,162,145,216,139,0,4414,3349,195
67.3064,0,5402624,repair,760,3.30784e+08,3.3069e+08,7963,71,166,158,225,140,0,4493,3296,174
67.3135,1,5300224,repair,715,3.33488e+08,3.3346e+08,7958,53,162,145,216,139,0,4414,3349,195
67.5659,0,5426176,repair,760,3.30784e+08,3.3069e+08,7963,71,166,158,225,140,0,4493,3296,174
67.5743,1,5324800,repair,715,3.33488e+08,3.3346e+08,7958,53,162,145,216,139,0,4414,3349,195
67.8259,0,5448704,repair,760,3.30784e+08,3.3069e+08,7963,71,166,158,225,140,0,4493,3296,174
67.8291,1,5347328,repair,715,3.33488e+08,3.3346e+08,7958,53,162,145,216,139,0,4414,3349,195
68.084,1,5368832,repair,714,3.17018e+08,3.17018e+08,7753,62,155,147,230,120,0,4311,3260,182
68.085,0,5468160,repair,760,3.28416e+08,3.28328e+08,7894,54,181,158,224,143,0,4444,3294,156
68.3374,1,5389312,repair,714,3.17018e+08,3.17018e+08,7753,62,155,147,230,120,0,4311,3260,182
68.3417,0,5488640,repair,757,3.23269e+08,3.23199e+08,7865,66,184,148,220,139,0,4426,3260,179
68.5879,1,5409792,repair,714,3.17018e+08,3.17018e+08,7753,62,155,147,230,120,0,4311,3260,182
68.5932,0,5509120,repair,755,3.29835e+08,3.29741e+08,7872,49,168,148,256,134,0,4369,3325,178
68.8414,1,5431296,repair,714,3.17018e+08,3.17018e+08,7753,62,155,147,230,120,0,4311,3260,182
68.8444,0,5530624,repair,755,3.29835e+08,3.29741e+08,7872,49,168,148,256,134,0,4369,3325,178
69.0946,0,5551104,repair,752,3.33144e+08,3.33144e+08,7999,42,194,151,223,142,0,4500,3307,192
69.101,1,5453824,repair,714,3.17018e+08,3.17018e+08,7753,62,155,147,230,120,0,4311,3260,182
69.3578,0,5572608,repair,752,3.33144e+08,3.33144e+08,7999,42,194,151,223,142,0,4500,3307,192
69.3617,1,5475328,repair,714,3.17018e+08,3.17018e+08,7753,62,155,147,230,120,0,4311,3260,182
69.6138,1,5496832,repair,714,3.17018e+08,3.17018e+08,7753,62,155,147,230,120,0,4311,3260,182
69.616,0,5593088,repair,752,3.33144e+08,3.33144e+08,7999,42,194,151,223,142,0,4500,3307,192
69.8705,0,5614592,repair,752,3.33144e+08,3.33144e+08,7999,42,194,151,223,142,0,4500,3307,192
69.8719,1,5519360,repair,713,3.11849e+08,3.11785e+08,7691,56,150,150,208,149,0,4249,3240,202
70.122,0,5636096,repair,752,3.33144e+08,3.33144e+08,7999,42,194,151,223,142,0,4500,3307,192
70.1279,1,5539840,repair,713,3.11849e+08,3.11785e+08,7691,56,150,150,208,149,0,4249,3240,202
70.3736,0,5657600,repair,752,3.28711e+08,3.28645e+08,7888,51,171,149,247,134,0,4404,3307,177
70.3822,1,5561344,repair,713,3.11849e+08,3.11785e+08,7691,56,150,150,208,149,0,4249,3240,202
70.6241,0,5679104,repair,752,3.28711e+08,3.28645e+08,7888,51,171,149,247,134,0,4404,3307,177
70.6357,1,5583872,repair,713,3.11849e+08,3.11785e+08,7691,56,150,150,208,149,0,4249,3240,202
70.877,0,5700608,repair,752,3.28711e+08,3.28645e+08,7888,51,171,149,247,134,0,4404,3307,177
70.8874,1,5606400,repair,713,3.11849e+08,3.11785e+08,7691,56,150,150,208,149,0,4249,3240,202
71.1363,0,5723136,repair,752,3.28711e+08,3.28645e+08,7888,51,171,149,247,134,0,4404,3307,177
71.138,1,5629952,repair,713,3.11849e+08,3.11785e+08,7691,56,150,150,208,149,0,4249,3240,202
71.3914,1,5653504,repair,713,3.11849e+08,3.11785e+08,7691,56,150,150,208,149,0,4249,3240,202
71.3916,0,5745664,repair,752,3.28711e+08,3.28645e+08,7888,51,171,149,247,134,0,4404,3307,177
71.6474,1,5676032,repair,713,3.11849e+08,3.11785e+08,7691,56,150,150,208,149,0,4249,3240,202
71.6512,0,5768192,repair,752,3.28711e+08,3.28645e+08,7888,51,171,149,247,134,0,4404,3307,177
71.9109,1,5695488,repair,713,3.11849e+08,3.11785e+08,7691,56,150,150,208,149,0,4249,3240,202
71.9116,0,5790720,repair,752,3.28711e+08,3.28645e+08,7888,51,171,149,247,134,0,4404,3307,177
72.1634,0,5812224,repair,752,3.28711e+08,3.28645e+08,7888,51,171,149,247,134,0,4404,3307,177
72.1719,1,5711872,repair,713,3.11849e+08,3.11785e+08,7691,56,150,150,208,149,0,4249,3240,202
72.4168,0,5833728,repair,748,3.32325e+08,3.32325e+08,7866,55,188,147,235,123,0,4311,3365,190
72.4319,1,5730304,repair,713,3.11849e+08,3.11785e+08,7691,56,150,150,208,149,0,4249,3240,202
72.6759,0,5855232,repair,748,3.32325e+08,3.32325e+08,7866,55,188,147,235,123,0,4311,3365,190
72.6923,1,5749760,repair,713,3.11849e+08,3.11785e+08,7691,56,150,150,208,149,0,4249,3240,202
72.9339,0,5876736,repair,748,3.32325e+08,3.32325e+08,7866,55,188,147,235,123,0,4311,3365,190
72.9513,1,5768192,repair,713,3.11849e+08,3.11785e+08,7691,56,150,150,208,149,0,4249,3240,202
73.1849,0,5897216,repair,748,3.32325e+08,3.32325e+08,7866,55,188,147,235,123,0,4311,3365,190
73.2041,1,5786624,repair,713,3.11849e+08,3.11785e+08,7691,56,150,150,208,149,0,4249,3240,202
73.4498,0,5917696,repair,748,3.32325e+08,3.32325e+08,7866,55,188,147,235,123,0,4311,3365,190
73.4676,1,5805056,repair,713,3.11849e+08,3.11785e+08,7691,56,150,150,208,149,0,4249,3240,202
73.7016,0,5939200,repair,748,3.32325e+08,3.32325e+08,7866,55,188,147,235,123,0,4311,3365,190
73.7273,1,5823488,repair,713,3.11849e+08,3.11785e+08,7691,56,150,150,208,149,0,4249,3240,202
73.9601,0,5958656,repair,748,3.32325e+08,3.32325e+08,7866,55,188,147,235,123,0,4311,3365,190
73.9827,1,5841920,repair,713,3.11849e+08,3.11785e+08,7691,56,150,150,208,149,0,4249,3240,202
74.2132,0,5977088,repair,748,3.32325e+08,3.32325e+08,7866,55,188,147,235,123,0,4311,3365,190
74.2478,1,5860352,repair,713,3.11849e+08,3.11785e+08,7691,56,150,150,208,149,0,4249,3240,202
74.467,0,5995520,repair,748,3.32325e+08,3.32325e+08,7866,55,188,147,235,123,0,4311,3365,190
74.4978,1,5877760,repair,713,3.11849e+08,3.11785e+08,7691,56,150,150,208,149,0,4249,3240,202
74.718,0,6013952,repair,748,3.32325e+08,3.32325e+08,7866,55,188,147,235,123,0,4311,3365,190
74.7579,1,5896192,repair,713,3.11849e+08,3.11785e+08,7691,56,150,150,208,149,0,4249,3240,202
74.9736,0,6033408,repair,748,3.32325e+08,3.32325e+08,7866,55,188,147,235,123,0,4311,3365,190
75.0182,1,5913600,repair,713,3.11849e+08,3.11785e+08,7691,56,150,150,208,149,0,4249,3240,202
75.2246,0,6054912,repair,748,3.32325e+08,3.32325e+08,7866,55,188,147,235,123,0,4311,3365,190
75.2737,1,5932032,repair,711,3.17953e+08,3.17953e+08,7768,49,144,160,221,137,0,4311,3268,189
75.4781,0,6076416,repair,748,3.32325e+08,3.32325e+08,7866,55,188,147,235,123,0,4311,3365,190
75.5242,1,5950464,repair,711,3.17953e+08,3.17953e+08,7768,49,144,160,221,137,0,4311,3268,189
75.7361,0,6095872,repair,748,3.32325e+08,3.32325e+08,7866,55,188,147,235,123,0,4311,3365,190
75.7823,1,5968896,repair,706,3.12937e+08,3.12915e+08,7745,64,162,133,222,125,0,4363,3213,169
75.9878,0,6113280,repair,748,3.32325e+08,3.32325e+08,7866,55,188,147,235,123,0,4311,3365,190
76.0352,1,5987328,repair,706,3.12937e+08,3.12915e+08,7745,64,162,133,222,125,0,4363,3213,169
76.2446,0,6129664,repair,748,3.32325e+08,3.32325e+08,7866,55,188,147,235,123,0,4311,3365,190
76.2901,1,6004736,repair,706,3.12937e+08,3.12915e+08,7745,64,162,133,222,125,0,4363,3213,169
76.4969,0,6147072,repair,748,3.32325e+08,3.32325e+08,7866,55,188,147,235,123,0,4311,3365,190
76.5463,1,6024192,repair,706,3.12937e+08,3.12915e+08,7745,64,162,133,222,125,0,4363,3213,169
76.7547,0,6166528,repair,748,3.32325e+08,3.32325e+08,7866,55,188,147,235,123,0,4311,3365,190
76.8047,1,6041600,repair,706,3.12937e+08,3.12915e+08,7745,64,162,133,222,125,0,4363,3213,169
77.0054,0,6184960,repair,748,3.32325e+08,3.32325e+08,7866,55,188,147,235,123,0,4311,3365,190
77.0662,1,6060032,repair,702,3.5318e+08,3.53175e+08,8071,56,169,150,207,120,0,4379,3509,183
77.2625,0,6203392,repair,737,3.23759e+08,3.23759e+08,7736,47,184,137,213,156,0,4216,3333,187
77.3358,1,6076416,repair,702,3.5318e+08,3.53175e+08,8071,56,169,150,207,120,0,4379,3509,183
77.5132,0,6220800,repair,737,3.23759e+08,3.23759e+08,7736,47,184,137,213,156,0,4216,3333,187
77.5946,1,6092800,repair,702,3.5318e+08,3.53175e+08,8071,56,169,150,207,120,0,4379,3509,183
77.7704,0,6240256,repair,737,3.23759e+08,3.23759e+08,7736,47,184,137,213,156,0,4216,3333,187
77.8555,1,6110208,repair,702,3.5318e+08,3.53175e+08,8071,56,169,150,207,120,0,4379,3509,183
78.0327,0,6259712,repair,737,3.23759e+08,3.23759e+08,7736,47,184,137,213,156,0,4216,3333,187
78.1058,1,6127616,repair,702,3.5318e+08,3.53175e+08,8071,56,169,150,207,120,0,4379,3509,183
78.285,0,6277120,repair,737,3.23759e+08,3.23759e+08,7736,47,184,137,213,156,0,4216,3333,187
78.3659,1,6148096,repair,702,3.5318e+08,3.53175e+08,8071,56,169,150,207,120,0,4379,3509,183
78.5411,0,6294528,repair,737,3.23759e+08,3.23759e+08,7736,47,184,137,213,156,0,4216,3333,187
78.6219,1,6166528,repair,702,3.5318e+08,3.53175e+08,8071,56,169,150,207,120,0,4379,3509,183
78.8071,0,6312960,repair,737,3.23759e+08,3.23759e+08,7736,47,184,137,213,156,0,4216,3333,187
78.8818,1,6182912,repair,702,3.5318e+08,3.53175e+08,8071,56,169,150,207,120,0,4379,3509,183
79.0647,0,6331392,repair,737,3.23759e+08,3.23759e+08,7736,47,184,137,213,156,0,4216,3333,187
79.1434,1,6203392,repair,702,3.5318e+08,3.53175e+08,8071,56,169,150,207,120,0,4379,3509,183
79.3228,0,6349824,repair,737,3.23759e+08,3.23759e+08,7736,47,184,137,213,156,0,4216,3333,187
79.3957,1,6220800,repair,702,3.5318e+08,3.53175e+08,8071,56,169,150,207,120,0,4379,3509,183
79.5729,0,6368256,repair,737,3.23759e+08,3.23759e+08,7736,47,184,137,213,156,0,4216,3333,187
79.6582,1,6239232,repair,702,3.5318e+08,3.53175e+08,8071,56,169,150,207,120,0,4379,3509,183
79.8293,0,6386688,repair,737,3.23759e+08,3.23759e+08,7736,47,184,137,213,156,0,4216,3333,187
79.9169,1,6259712,repair,702,3.5318e+08,3.53175e+08,8071,56,169,150,207,120,0,4379,3509,183
80.0892,0,6405120,repair,737,3.23759e+08,3.23759e+08,7736,47,184,137,213,156,0,4216,3333,187
80.1787,1,6278144,repair,702,3.5318e+08,3.53175e+08,8071,56,169,150,207,120,0,4379,3509,183
80.3404,0,6422528,repair,737,3.23759e+08,3.23759e+08,7736,47,184,137,213,156,0,4216,3333,187
80.4397,1,6297600,repair,702,3.5318e+08,3.53175e+08,8071,56,169,150,207,120,0,4379,3509,183
80.5969,0,6440960,repair,737,3.23759e+08,3.23759e+08,7736,47,184,137,213,156,0,4216,3333,187
80.6981,1,6315008,repair,702,3.5318e+08,3.53175e+08,8071,56,169,150,207,120,0,4379,3509,183
80.853,0,6458368,repair,737,3.23759e+08,3.23759e+08,7736,47,184,137,213,156,0,4216,3333,187
80.9588,1,6332416,repair,702,3.5318e+08,3.53175e+08,8071,56,169,150,207,120,0,4379,3509,183
81.1083,0,6476800,repair,737,3.23759e+08,3.23759e+08,7736,47,184,137,213,156,0,4216,3333,187
81.2277,1,6349824,repair,702,3.5318e+08,3.53175e+08,8071,56,169,150,207,120,0,4379,3509,183
81.3604,0,6494208,repair,737,3.23759e+08,3.23759e+08,7736,47,184,137,213,156,0,4216,3333,187
81.4857,1,6367232,repair,702,3.5318e+08,3.53175e+08,8071,56,169,150,207,120,0,4379,3509,183
81.6173,0,6510592,repair,737,3.23759e+08,3.23759e+08,7736,47,184,137,213,156,0,4216,3333,187
81.7464,1,6383616,repair,702,3.5318e+08,3.53175e+08,8071,56,169,150,207,120,0,4379,3509,183
81.8767,0,6526976,repair,737,3.23759e+08,3.23759e+08,7736,47,184,137,213,156,0,4216,3333,187
81.9979,1,6401024,repair,702,3.5318e+08,3.53175e+08,8071,56,169,150,207,120,0,4379,3509,183
82.139,0,6544384,repair,737,3.23759e+08,3.23759e+08,7736,47,184,137,213,156,0,4216,3333,187
82.2497,1,6417408,repair,702,3.5318e+08,3.53175e+08,8071,56,169,150,207,120,0,4379,3509,183
82.3958,0,6560768,repair,737,3.23759e+08,3.23759e+08,7736,47,184,137,213,156,0,4216,3333,187
82.5066,1,6433792,repair,702,3.5318e+08,3.53175e+08,8071,56,169,150,207,120,0,4379,3509,183
82.6489,0,6577152,repair,737,3.23759e+08,3.23759e+08,7736,47,184,137,213,156,0,4216,3333,187
82.7582,1,6450176,repair,702,3.5318e+08,3.53175e+08,8071,56,169,150,207,120,0,4379,3509,183
82.8991,0,6594560,repair,737,3.23759e+08,3.23759e+08,7736,47,184,137,213,156,0,4216,3333,187
83.0118,1,6466560,repair,702,3.5318e+08,3.53175e+08,8071,56,169,150,207,120,0,4379,3509,183
83.153,0,6611968,repair,737,3.14998e+08,3.14907e+08,7754,55,173,140,240,129,0,4344,3225,185
83.2659,1,6484992,repair,702,3.5318e+08,3.53175e+08,8071,56,169,150,207,120,0,4379,3509,183
83.4154,0,6630400,repair,737,3.14998e+08,3.14907e+08,7754,55,173,140,240,129,0,4344,3225,185
83.5219,1,6503424,repair,700,3.25452e+08,3.25359e+08,7887,50,153,137,238,122,0,4407,3292,188
83.6667,0,6647808,repair,737,3.14998e+08,3.14907e+08,7754,55,173,140,240,129,0,4344,3225,185
83.7759,1,6521856,repair,700,3.25452e+08,3.25359e+08,7887,50,153,137,238,122,0,4407,3292,188
83.9318,0,6666240,repair,737,3.14998e+08,3.14907e+08,7754,55,173,140,240,129,0,4344,3225,185
84.0284,1,6540288,repair,696,3.16888e+08,3.16824e+08,7832,43,165,144,211,133,0,4430,3222,180
84.1862,0,6683648,repair,735,3.27757e+08,3.27691e+08,7878,62,167,154,222,130,0,4366,3319,193
84.2955,1,6559744,repair,696,3.16888e+08,3.16824e+08,7832,43,165,144,211,133,0,4430,3222,180
84.4486,0,6702080,repair,735,3.27757e+08,3.27691e+08,7878,62,167,154,222,130,0,4366,3319,193
84.5507,1,6577152,repair,696,3.16888e+08,3.16824e+08,7832,43,165,144,211,133,0,4430,3222,180
84.7029,0,6719488,repair,735,3.27757e+08,3.27691e+08,7878,62,167,154,222,130,0,4366,3319,193
84.8075,1,6595584,repair,696,3.16888e+08,3.16824e+08,7832,43,165,144,211,133,0,4430,3222,180
84.9595,0,6737920,repair,735,3.27757e+08,3.27691e+08,7878,62,167,154,222,130,0,4366,3319,193
85.0713,1,6614016,repair,693,3.30618e+08,3.30545e+08,7836,54,137,142,226,134,0,4281,3376,179
85.218,0,6756352,repair,735,3.27757e+08,3.27691e+08,7878,62,167,154,222,130,0,4366,3319,193
85.3271,1,6632448,repair,693,3.30618e+08,3.30545e+08,7836,54,137,142,226,134,0,4281,3376,179
85.4706,0,6773760,repair,735,3.27757e+08,3.27691e+08,7878,62,167,154,222,130,0,4366,3319,193
85.5845,1,6650880,repair,693,3.30618e+08,3.30545e+08,7836,54,137,142,226,134,0,4281,3376,179
85.7207,0,6791168,repair,735,3.27757e+08,3.27691e+08,7878,62,167,154,222,130,0,4366,3319,193
85.836,1,6669312,repair,693,3.30618e+08,3.30545e+08,7836,54,137,142,226,134,0,4281,3376,179
85.9731,0,6809600,repair,735,3.27757e+08,3.27691e+08,7878,62,167,154,222,130,0,4366,3319,193
86.0937,1,6687744,repair,693,3.30618e+08,3.30545e+08,7836,54,137,142,226,134,0,4281,3376,179
86.2312,0,6828032,repair,734,3.24046e+08,3.23958e+08,7782,67,175,146,223,123,0,4258,3325,199
86.3486,1,6705152,repair,693,3.30618e+08,3.30545e+08,7836,54,137,142,226,134,0,4281,3376,179
86.4897,0,6845440,repair,734,3.24046e+08,3.23958e+08,7782,67,175,146,223,123,0,4258,3325,199
86.6017,1,6723584,repair,693,3.30618e+08,3.30545e+08,7836,54,137,142,226,134,0,4281,3376,179
86.7441,0,6862848,repair,733,3.05958e+08,3.05895e+08,7718,45,157,157,226,148,0,4376,3145,197
86.8634,1,6740992,repair,693,3.14028e+08,3.14006e+08,7824,55,166,134,207,131,0,4460,3191,173
87.004,0,6880256,repair,730,3.10059e+08,3.10053e+08,7711,56,168,151,223,132,0,4330,3196,185
87.1194,1,6757376,repair,693,3.14028e+08,3.14006e+08,7824,55,166,134,207,131,0,4460,3191,173
87.2603,0,6897664,repair,730,3.10059e+08,3.10053e+08,7711,56,168,151,223,132,0,4330,3196,185
87.3726,1,6773760,repair,693,3.14028e+08,3.14006e+08,7824,55,166,134,207,131,0,4460,3191,173
87.5127,0,6915072,repair,730,3.10059e+08,3.10053e+08,7711,56,168,151,223,132,0,4330,3196,185
87.636,1,6791168,repair,690,3.09211e+08,3.09141e+08,7586,65,164,133,202,126,0,4160,3256,170
87.7778,0,6933504,repair,730,3.10059e+08,3.10053e+08,7711,56,168,151,223,132,0,4330,3196,185
87.8944,1,6808576,repair,690,3.09211e+08,3.09141e+08,7586,65,164,133,202,126,0,4160,3256,170
88.0295,0,6950912,repair,730,3.10059e+08,3.10053e+08,7711,56,168,151,223,132,0,4330,3196,185
88.1544,1,6824960,repair,690,3.09211e+08,3.09141e+08,7586,65,164,133,202,126,0,4160,3256,170
88.2813,0,6967296,repair,730,3.10059e+08,3.10053e+08,7711,56,168,151,223,132,0,4330,3196,185
88.414,1,6840320,repair,690,3.09211e+08,3.09141e+08,7586,65,164,133,202,126,0,4160,3256,170
88.5376,0,6984704,repair,730,3.10059e+08,3.10053e+08,7711,56,168,151,223,132,0,4330,3196,185
88.6661,1,6857728,repair,690,3.09211e+08,3.09141e+08,7586,65,164,133,202,126,0,4160,3256,170
88.7931,0,7002112,repair,730,3.10059e+08,3.10053e+08,7711,56,168,151,223,132,0,4330,3196,185
88.9328,1,6875136,repair,690,3.09211e+08,3.09141e+08,7586,65,164,133,202,126,0,4160,3256,170
89.0554,0,7018496,repair,730,3.10059e+08,3.10053e+08,7711,56,168,151,223,132,0,4330,3196,185
89.19,1,6892544,repair,690,3.09211e+08,3.09141e+08,7586,65,164,133,202,126,0,4160,3256,170
89.3169,0,7035904,repair,730,3.10059e+08,3.10053e+08,7711,56,168,151,223,132,0,4330,3196,185
89.4533,1,6909952,repair,690,3.09211e+08,3.09141e+08,7586,65,164,133,202,126,0,4160,3256,170
89.5776,0,7052288,repair,730,3.10059e+08,3.10053e+08,7711,56,168,151,223,132,0,4330,3196,185
89.7113,1,6927360,repair,690,3.09211e+08,3.09141e+08,7586,65,164,133,202,126,0,4160,3256,170
89.838,0,7069696,repair,730,3.10059e+08,3.10053e+08,7711,56,168,151,223,132,0,4330,3196,185
89.9742,1,6939648,repair,690,3.09211e+08,3.09141e+08,7586,65,164,133,202,126,0,4160,3256,170
90.1004,0,7081984,repair,730,3.10059e+08,3.10053e+08,7711,56,168,151,223,132,0,4330,3196,185
90.2266,1,6953984,repair,690,3.09211e+08,3.09141e+08,7586,65,164,133,202,126,0,4160,3256,170
90.3593,0,7099392,repair,730,3.10059e+08,3.10053e+08,7711,56,168,151,223,132,0,4330,3196,185
90.4823,1,6970368,repair,690,3.09211e+08,3.09141e+08,7586,65,164,133,202,126,0,4160,3256,170
90.6152,0,7116800,repair,730,3.10059e+08,3.10053e+08,7711,56,168,151,223,132,0,4330,3196,185
90.7374,1,6987776,repair,690,3.09211e+08,3.09141e+08,7586,65,164,133,202,126,0,4160,3256,170
90.8755,0,7135232,repair,730,3.06472e+08,3.06467e+08,7579,42,186,151,202,149,0,4193,3213,173
90.9878,1,7005184,repair,689,3.25159e+08,3.25137e+08,7861,60,146,134,224,125,0,4409,3296,156
91.1365,0,7153664,repair,713,3.15451e+08,3.15451e+08,7837,64,171,125,216,137,0,4462,3195,180
91.2469,1,7024640,repair,684,3.10632e+08,3.10546e+08,7725,44,163,148,210,119,0,4371,3199,155
91.3918,0,7172096,repair,713,3.15451e+08,3.15451e+08,7837,64,171,125,216,137,0,4462,3195,180
91.4974,1,7042048,repair,684,3.10632e+08,3.10546e+08,7725,44,163,148,210,119,0,4371,3199,155
91.6463,0,7190528,repair,713,3.15451e+08,3.15451e+08,7837,64,171,125,216,137,0,4462,3195,180
91.7478,1,7058432,repair,684,3.10632e+08,3.10546e+08,7725,44,163,148,210,119,0,4371,3199,155
91.9078,0,7207936,repair,713,3.15451e+08,3.15451e+08,7837,64,171,125,216,137,0,4462,3195,180
92.013,1,7077888,repair,684,3.10632e+08,3.10546e+08,7725,44,163,148,210,119,0,4371,3199,155
92.168,0,7226368,repair,713,3.15451e+08,3.15451e+08,7837,64,171,125,216,137,0,4462,3195,180
92.271,1,7097344,repair,684,3.10632e+08,3.10546e+08,7725,44,163,148,210,119,0,4371,3199,155
92.4272,0,7244800,repair,713,3.15451e+08,3.15451e+08,7837,64,171,125,216,137,0,4462,3195,180
92.5244,1,7115776,repair,684,3.10632e+08,3.10546e+08,7725,44,163,148,210,119,0,4371,3199,155
92.6838,0,7263232,repair,713,3.15451e+08,3.15451e+08,7837,64,171,125,216,137,0,4462,3195,180
92.7773,1,7133184,repair,684,3.10632e+08,3.10546e+08,7725,44,163,148,210,119,0,4371,3199,155
92.9424,0,7281664,repair,713,3.15451e+08,3.15451e+08,7837,64,171,125,216,137,0,4462,3195,180
93.0351,1,7151616,repair,684,3.10632e+08,3.10546e+08,7725,44,163,148,210,119,0,4371,3199,155
93.1936,0,7299072,repair,713,3.15451e+08,3.15451e+08,7837,64,171,125,216,137,0,4462,3195,180
93.2865,1,7169024,repair,682,3.13452e+08,3.1336e+08,7667,48,148,137,215,134,0,4222,3268,177
93.4568,0,7317504,repair,713,3.15451e+08,3.15451e+08,7837,64,171,125,216,137,0,4462,3195,180
93.5409,1,7186432,repair,677,3.30025e+08,3.3002e+08,7980,49,149,153,195,131,0,4539,3295,146
93.7142,0,7334912,repair,713,3.15451e+08,3.15451e+08,7837,64,171,125,216,137,0,4462,3195,180
93.7976,1,7204864,repair,677,3.30025e+08,3.3002e+08,7980,49,149,153,195,131,0,4539,3295,146
93.9733,0,7353344,repair,713,3.15451e+08,3.15451e+08,7837,64,171,125,216,137,0,4462,3195,180
94.0516,1,7223296,repair,677,3.30025e+08,3.3002e+08,7980,49,149,153,195,131,0,4539,3295,146
94.2395,0,7371776,repair,713,3.15451e+08,3.15451e+08,7837,64,171,125,216,137,0,4462,3195,180
94.311,1,7238656,repair,677,3.30025e+08,3.3002e+08,7980,49,149,153,195,131,0,4539,3295,146
94.4921,0,7390208,repair,713,3.15451e+08,3.15451e+08,7837,64,171,125,216,137,0,4462,3195,180
94.5736,1,7257088,repair,677,3.30025e+08,3.3002e+08,7980,49,149,153,195,131,0,4539,3295,146
94.7519,0,7407616,repair,713,3.15451e+08,3.15451e+08,7837,64,171,125,216,137,0,4462,3195,180
94.8379,1,7276544,repair,677,3.30025e+08,3.3002e+08,7980,49,149,153,195,131,0,4539,3295,146
95.0076,0,7426048,repair,713,3.15451e+08,3.15451e+08,7837,64,171,125,216,137,0,4462,3195,180
95.0964,1,7294976,repair,677,3.30025e+08,3.3002e+08,7980,49,149,153,195,131,0,4539,3295,146
95.2661,0,7444480,repair,713,3.15451e+08,3.15451e+08,7837,64,171,125,216,137,0,4462,3195,180
95.3488,1,7313408,repair,677,3.30025e+08,3.3002e+08,7980,49,149,153,195,131,0,4539,3295,146
95.5271,0,7462912,repair,713,3.15451e+08,3.15451e+08,7837,64,171,125,216,137,0,4462,3195,180
95.6106,1,7332864,repair,677,3.30025e+08,3.3002e+08,7980,49,149,153,195,131,0,4539,3295,146
95.7862,0,7481344,repair,713,3.15451e+08,3.15451e+08,7837,64,171,125,216,137,0,4462,3195,180
95.8704,1,7351296,repair,677,3.30025e+08,3.3002e+08,7980,49,149,153,195,131,0,4539,3295,146
96.0482,0,7499776,repair,713,3.15451e+08,3.15451e+08,7837,64,171,125,216,137,0,4462,3195,180
96.1245,1,7369728,repair,677,3.30025e+08,3.3002e+08,7980,49,149,153,195,131,0,4539,3295,146
96.309,0,7518208,repair,713,3.15451e+08,3.15451e+08,7837,64,171,125,216,137,0,4462,3195,180
96.3798,1,7388160,repair,665,3.08679e+08,3.08652e+08,7637,47,162,127,225,104,0,4230,3230,177
96.5718,0,7536640,repair,713,3.15451e+08,3.15451e+08,7837,64,171,125,216,137,0,4462,3195,180
96.6341,1,7406592,repair,665,3.08679e+08,3.08652e+08,7637,47,162,127,225,104,0,4230,3230,177
96.8337,0,7555072,repair,713,3.15451e+08,3.15451e+08,7837,64,171,125,216,137,0,4462,3195,180
96.8918,1,7426048,repair,665,3.08679e+08,3.08652e+08,7637,47,162,127,225,104,0,4230,3230,177
97.0885,0,7573504,repair,713,3.15451e+08,3.15451e+08,7837,64,171,125,216,137,0,4462,3195,180
97.148,1,7444480,repair,665,3.08679e+08,3.08652e+08,7637,47,162,127,225,104,0,4230,3230,177
97.34,0,7591936,repair,713,3.15451e+08,3.15451e+08,7837,64,171,125,216,137,0,4462,3195,180
97.4024,1,7461888,repair,665,3.08679e+08,3.08652e+08,7637,47,162,127,225,104,0,4230,3230,177
97.6016,0,7611392,repair,713,3.15451e+08,3.15451e+08,7837,64,171,125,216,137,0,4462,3195,180
97.6661,1,7481344,repair,665,3.08679e+08,3.08652e+08,7637,47,162,127,225,104,0,4230,3230,177
97.8542,0,7627776,repair,712,3.0723e+08,3.0714e+08,7815,50,166,127,231,138,0,4531,3103,181
97.927,1,7499776,repair,665,3.08679e+08,3.08652e+08,7637,47,162,127,225,104,0,4230,3230,177
98.1091,0,7646208,repair,712,3.0723e+08,3.0714e+08,7815,50,166,127,231,138,0,4531,3103,181
98.1783,1,7518208,repair,665,3.08679e+08,3.08652e+08,7637,47,162,127,225,104,0,4230,3230,177
98.3593,0,7663616,repair,712,3.0723e+08,3.0714e+08,7815,50,166,127,231,138,0,4531,3103,181
98.4352,1,7535616,repair,665,3.08679e+08,3.08652e+08,7637,47,162,127,225,104,0,4230,3230,177
98.6171,0,7682048,repair,712,3.0723e+08,3.0714e+08,7815,50,166,127,231,138,0,4531,3103,181
98.6857,1,7554048,repair,665,3.08679e+08,3.08652e+08,7637,47,162,127,225,104,0,4230,3230,177
98.8792,0,7700480,repair,712,3.0723e+08,3.0714e+08,7815,50,166,127,231,138,0,4531,3103,181
98.9423,1,7572480,repair,665,3.08679e+08,3.08652e+08,7637,47,162,127,225,104,0,4230,3230,177
99.1348,0,7719936,repair,712,3.0723e+08,3.0714e+08,7815,50,166,127,231,138,0,4531,3103,181
99.2051,1,7591936,repair,661,2.95178e+08,2.95115e+08,7475,46,140,123,218,134,0,4150,3152,173
99.3969,0,7739392,repair,707,3.14775e+08,3.14748e+08,7738,48,150,150,227,132,0,4305,3245,188
99.4616,1,7610368,repair,661,2.95178e+08,2.95115e+08,7475,46,140,123,218,134,0,4150,3152,173
99.661,0,7758848,repair,707,3.14775e+08,3.14748e+08,7738,48,150,150,227,132,0,4305,3245,188
99.7156,1,7628800,repair,661,2.95178e+08,2.95115e+08,7475,46,140,123,218,134,0,4150,3152,173
99.9115,0,7776256,repair,707,3.14775e+08,3.14748e+08,7738,48,150,150,227,132,0,4305,3245,188
99.9744,1,7648256,repair,661,2.95178e+08,2.95115e+08,7475,46,140,123,218,134,0,4150,3152,173
100.166,0,7794688,repair,707,3.14775e+08,3.14748e+08,7738,48,150,150,227,132,0,4305,3245,188
100.227,1,7666688,repair,661,2.95178e+08,2.95115e+08,7475,46,140,123,218,134,0,4150,3152,173
100.418,0,7812096,repair,700,3.21258e+08,3.21192e+08,7827,55,147,151,213,134,0,4360,3280,187
100.485,1,7685120,repair,661,2.95178e+08,2.95115e+08,7475,46,140,123,218,134,0,4150,3152,173
100.669,0,7829504,repair,700,3.21258e+08,3.21192e+08,7827,55,147,151,213,134,0,4360,3280,187
100.747,1,7703552,repair,661,2.95178e+08,2.95115e+08,7475,46,140,123,218,134,0,4150,3152,173
100.92,0,7845888,repair,700,3.21258e+08,3.21192e+08,7827,55,147,151,213,134,0,4360,3280,187
101.001,1,7721984,repair,661,2.95178e+08,2.95115e+08,7475,46,140,123,218,134,0,4150,3152,173
101.178,0,7865344,repair,700,3.21258e+08,3.21192e+08,7827,55,147,151,213,134,0,4360,3280,187
101.263,1,7742464,repair,661,2.95178e+08,2.95115e+08,7475,46,140,123,218,134,0,4150,3152,173
101.431,0,7883776,repair,700,3.21258e+08,3.21192e+08,7827,55,147,151,213,134,0,4360,3280,187
101.523,1,7761920,repair,661,2.95178e+08,2.95115e+08,7475,46,140,123,218,134,0,4150,3152,173
101.694,0,7903232,repair,700,3.21258e+08,3.21192e+08,7827,55,147,151,213,134,0,4360,3280,187
101.778,1,7780352,repair,661,2.95178e+08,2.95115e+08,7475,46,140,123,218,134,0,4150,3152,173
101.947,0,7924736,repair,696,3.14785e+08,3.14757e+08,7824,47,156,139,237,117,0,4425,3204,195
102.035,1,7799808,repair,661,2.95178e+08,2.95115e+08,7475,46,140,123,218,134,0,4150,3152,173
102.2,0,7945216,repair,696,3.14785e+08,3.14757e+08,7824,47,156,139,237,117,0,4425,3204,195
102.285,1,7818240,repair,661,2.95178e+08,2.95115e+08,7475,46,140,123,218,134,0,4150,3152,173
102.454,0,7965696,repair,696,3.14785e+08,3.14757e+08,7824,47,156,139,237,117,0,4425,3204,195
102.547,1,7837696,repair,661,2.95178e+08,2.95115e+08,7475,46,140,123,218,134,0,4150,3152,173
102.714,0,7987200,repair,696,3.14785e+08,3.14757e+08,7824,47,156,139,237,117,0,4425,3204,195
102.807,1,7856128,repair,661,2.95178e+08,2.95115e+08,7475,46,140,123,218,134,0,4150,3152,173
102.965,0,8004608,repair,696,3.14785e+08,3.14757e+08,7824,47,156,139,237,117,0,4425,3204,195
103.071,1,7875584,repair,661,2.95178e+08,2.95115e+08,7475,46,140,123,218,134,0,4150,3152,173
103.227,0,8026112,repair,696,3.14785e+08,3.14757e+08,7824,47,156,139,237,117,0,4425,3204,195
103.33,1,7896064,repair,661,2.95178e+08,2.95115e+08,7475,46,140,123,218,134,0,4150,3152,173
103.485,0,8046592,repair,696,3.14785e+08,3.14757e+08,7824,47,156,139,237,117,0,4425,3204,195
103.588,1,7916544,repair,661,2.95178e+08,2.95115e+08,7475,46,140,123,218,134,0,4150,3152,173
103.753,0,8068096,repair,696,3.14785e+08,3.14757e+08,7824,47,156,139,237,117,0,4425,3204,195
103.846,1,7937024,repair,661,2.95178e+08,2.95115e+08,7475,46,140,123,218,134,0,4150,3152,173
104.011,0,8089600,repair,696,3.14785e+08,3.14757e+08,7824,47,156,139,237,117,0,4425,3204,195
104.1,1,7958528,repair,661,2.95178e+08,2.95115e+08,7475,46,140,123,218,134,0,4150,3152,173
104.262,0,8111104,repair,693,3.15011e+08,3.14925e+08,7616,51,157,144,232,109,0,4122,3308,186
104.352,1,7980032,repair,661,2.95178e+08,2.95115e+08,7475,46,140,123,218,134,0,4150,3152,173
104.519,0,8132608,repair,693,3.15011e+08,3.14925e+08,7616,51,157,144,232,109,0,4122,3308,186
104.607,1,8000512,repair,661,2.95178e+08,2.95115e+08,7475,46,140,123,218,134,0,4150,3152,173
104.771,0,8152064,repair,693,3.15011e+08,3.14925e+08,7616,51,157,144,232,109,0,4122,3308,186
104.857,1,8019968,repair,661,2.95178e+08,2.95115e+08,7475,46,140,123,218,134,0,4150,3152,173
105.022,0,8172544,repair,693,3.15011e+08,3.14925e+08,7616,51,157,144,232,109,0,4122,3308,186
105.117,1,8041472,repair,650,3.05432e+08,3.05341e+08,7644,54,155,123,185,133,0,4240,3206,198
105.279,0,8195072,repair,693,3.15011e+08,3.14925e+08,7616,51,157,144,232,109,0,4122,3308,186
105.367,1,8064000,repair,650,3.05432e+08,3.05341e+08,7644,54,155,123,185,133,0,4240,3206,198
105.539,0,8217600,repair,693,3.15011e+08,3.14925e+08,7616,51,157,144,232,109,0,4122,3308,186
105.618,1,8082432,repair,648,3.09018e+08,3.08933e+08,7684,35,145,128,215,125,0,4288,3217,179
105.795,0,8239104,repair,686,3.22666e+08,3.226e+08,7798,61,161,142,203,119,0,4307,3312,179
105.88,1,8100864,repair,648,3.09018e+08,3.08933e+08,7684,35,145,128,215,125,0,4288,3217,179
106.056,0,8259584,repair,686,3.22666e+08,3.226e+08,7798,61,161,142,203,119,0,4307,3312,179
106.139,1,8117248,repair,648,3.09018e+08,3.08933e+08,7684,35,145,128,215,125,0,4288,3217,179
106.31,0,8280064,repair,686,3.22666e+08,3.226e+08,7798,61,161,142,203,119,0,4307,3312,179
106.402,1,8134656,repair,648,3.09018e+08,3.08933e+08,7684,35,145,128,215,125,0,4288,3217,179
106.56,0,8301568,repair,686,3.22666e+08,3.226e+08,7798,61,161,142,203,119,0,4307,3312,179
106.666,1,8154112,repair,648,3.09018e+08,3.08933e+08,7684,35,145,128,215,125,0,4288,3217,179
106.82,0,8324096,repair,686,3.22666e+08,3.226e+08,7798,61,161,142,203,119,0,4307,3312,179
106.926,1,8173568,repair,648,3.09018e+08,3.08933e+08,7684,35,145,128,215,125,0,4288,3217,179
107.082,0,8345600,repair,686,3.22666e+08,3.226e+08,7798,61,161,142,203,119,0,4307,3312,179
107.176,1,8189952,repair,648,3.09018e+08,3.08933e+08,7684,35,145,128,215,125,0,4288,3217,179
107.338,0,8367104,repair,686,3.22666e+08,3.226e+08,7798,61,161,142,203,119,0,4307,3312,179
107.428,1,8206336,repair,648,3.09018e+08,3.08933e+08,7684,35,145,128,215,125,0,4288,3217,179
107.599,0,8389632,repair,686,3.22666e+08,3.226e+08,7798,61,161,142,203,119,0,4307,3312,179
107.687,1,8224768,repair,648,3.09018e+08,3.08933e+08,7684,35,145,128,215,125,0,4288,3217,179
107.858,0,8410112,repair,686,3.22666e+08,3.226e+08,7798,61,161,142,203,119,0,4307,3312,179
107.938,1,8243200,repair,648,3.09018e+08,3.08933e+08,7684,35,145,128,215,125,0,4288,3217,179
108.112,0,8431616,repair,686,3.22666e+08,3.226e+08,7798,61,161,142,203,119,0,4307,3312,179
108.202,1,8262656,repair,648,3.09018e+08,3.08933e+08,7684,35,145,128,215,125,0,4288,3217,179
108.367,0,8453120,repair,686,3.22666e+08,3.226e+08,7798,61,161,142,203,119,0,4307,3312,179
108.455,1,8281088,repair,648,3.09018e+08,3.08933e+08,7684,35,145,128,215,125,0,4288,3217,179
108.628,0,8476672,repair,686,3.22666e+08,3.226e+08,7798,61,161,142,203,119,0,4307,3312,179
108.716,1,8299520,repair,648,3.09018e+08,3.08933e+08,7684,35,145,128,215,125,0,4288,3217,179
108.889,0,8499200,repair,686,3.22666e+08,3.226e+08,7798,61,161,142,203,119,0,4307,3312,179
108.971,1,8316928,repair,648,3.09018e+08,3.08933e+08,7684,35,145,128,215,125,0,4288,3217,179
109.146,0,8522752,repair,686,3.22666e+08,3.226e+08,7798,61,161,142,203,119,0,4307,3312,179
109.224,1,8335360,repair,645,3.00863e+08,3.00857e+08,7625,45,131,139,209,121,0,4290,3156,179
109.399,0,8545280,repair,686,3.22666e+08,3.226e+08,7798,61,161,142,203,119,0,4307,3312,179
109.479,1,8353792,repair,645,3.00863e+08,3.00857e+08,7625,45,131,139,209,121,0,4290,3156,179
109.659,0,8567808,repair,686,3.22666e+08,3.226e+08,7798,61,161,142,203,119,0,4307,3312,179
109.729,1,8372224,repair,645,3.00863e+08,3.00857e+08,7625,45,131,139,209,121,0,4290,3156,179
109.914,0,8590336,repair,686,3.22666e+08,3.226e+08,7798,61,161,142,203,119,0,4307,3312,179
109.979,1,8389632,repair,645,3.00863e+08,3.00857e+08,7625,45,131,139,209,121,0,4290,3156,179
110.165,0,8610816,repair,686,3.22666e+08,3.226e+08,7798,61,161,142,203,119,0,4307,3312,179
110.237,1,8407040,repair,645,3.00863e+08,3.00857e+08,7625,45,131,139,209,121,0,4290,3156,179
110.425,0,8632320,repair,686,3.22666e+08,3.226e+08,7798,61,161,142,203,119,0,4307,3312,179
110.488,1,8424448,repair,645,3.00863e+08,3.00857e+08,7625,45,131,139,209,121,0,4290,3156,179
110.681,0,8653824,repair,686,3.22666e+08,3.226e+08,7798,61,161,142,203,119,0,4307,3312,179
110.746,1,8442880,repair,645,3.00863e+08,3.00857e+08,7625,45,131,139,209,121,0,4290,3156,179
110.937,0,8675328,repair,686,3.22666e+08,3.226e+08,7798,61,161,142,203,119,0,4307,3312,179
111.008,1,8461312,repair,645,3.00863e+08,3.00857e+08,7625,45,131,139,209,121,0,4290,3156,179
111.191,0,8696832,repair,686,3.22666e+08,3.226e+08,7798,61,161,142,203,119,0,4307,3312,179
111.261,1,8478720,repair,645,3.00863e+08,3.00857e+08,7625,45,131,139,209,121,0,4290,3156,179
111.453,0,8718336,repair,686,3.22666e+08,3.226e+08,7798,61,161,142,203,119,0,4307,3312,179
111.518,1,8496128,repair,645,3.00863e+08,3.00857e+08,7625,45,131,139,209,121,0,4290,3156,179
111.712,0,8738816,repair,682,3.07552e+08,3.07488e+08,7690,55,142,125,220,140,0,4317,3189,184
111.775,1,8512512,repair,645,3.00863e+08,3.00857e+08,7625,45,131,139,209,121,0,4290,3156,179
111.966,0,8758272,repair,682,3.07552e+08,3.07488e+08,7690,55,142,125,220,140,0,4317,3189,184
112.033,1,8529920,repair,645,3.00863e+08,3.00857e+08,7625,45,131,139,209,121,0,4290,3156,179
112.229,0,8778752,repair,682,3.07552e+08,3.07488e+08,7690,55,142,125,220,140,0,4317,3189,184
112.287,1,8548352,repair,645,3.00863e+08,3.00857e+08,7625,45,131,139,209,121,0,4290,3156,179
112.483,0,8797184,repair,682,3.07552e+08,3.07488e+08,7690,55,142,125,220,140,0,4317,3189,184
112.547,1,8565760,repair,639,3.18441e+08,3.18349e+08,7777,42,150,122,222,103,0,4329,3278,170
112.736,0,8814592,repair,682,3.07552e+08,3.07488e+08,7690,55,142,125,220,140,0,4317,3189,184
112.797,1,8583168,repair,639,3.18441e+08,3.18349e+08,7777,42,150,122,222,103,0,4329,3278,170
112.989,0,8830976,repair,682,3.07552e+08,3.07488e+08,7690,55,142,125,220,140,0,4317,3189,184
113.061,1,8602624,repair,639,3.18441e+08,3.18349e+08,7777,42,150,122,222,103,0,4329,3278,170
113.249,0,8850432,repair,682,3.07552e+08,3.07488e+08,7690,55,142,125,220,140,0,4317,3189,184
113.315,1,8622080,repair,639,3.18441e+08,3.18349e+08,7777,42,150,122,222,103,0,4329,3278,170
113.505,0,8872960,repair,682,3.07552e+08,3.07488e+08,7690,55,142,125,220,140,0,4317,3189,184
113.565,1,8640512,repair,639,3.18441e+08,3.18349e+08,7777,42,150,122,222,103,0,4329,3278,170
113.763,0,8894464,repair,682,3.07552e+08,3.07488e+08,7690,55,142,125,220,140,0,4317,3189,184
113.818,1,8658944,repair,639,3.18441e+08,3.18349e+08,7777,42,150,122,222,103,0,4329,3278,170
114.024,0,8916992,repair,682,3.07552e+08,3.07488e+08,7690,55,142,125,220,140,0,4317,3189,184
114.076,1,8676352,repair,639,3.18441e+08,3.18349e+08,7777,42,150,122,222,103,0,4329,3278,170
114.28,0,8938496,repair,682,3.07552e+08,3.07488e+08,7690,55,142,125,220,140,0,4317,3189,184
114.326,1,8697856,repair,639,3.18441e+08,3.18349e+08,7777,42,150,122,222,103,0,4329,3278,170
114.538,0,8960000,repair,682,3.07552e+08,3.07488e+08,7690,55,142,125,220,140,0,4317,3189,184
114.589,1,8719360,repair,639,3.18441e+08,3.18349e+08,7777,42,150,122,222,103,0,4329,3278,170
114.799,0,8981504,repair,679,3.14491e+08,3.14485e+08,7781,54,144,134,228,119,0,4357,3230,194
114.848,1,8739840,repair,639,3.18441e+08,3.18349e+08,7777,42,150,122,222,103,0,4329,3278,170
115.05,0,9004032,repair,679,3.14491e+08,3.14485e+08,7781,54,144,134,228,119,0,4357,3230,194
115.111,1,8761344,repair,639,3.18441e+08,3.18349e+08,7777,42,150,122,222,103,0,4329,3278,170
115.302,0,9025536,repair,679,3.14491e+08,3.14485e+08,7781,54,144,134,228,119,0,4357,3230,194
115.37,1,8783872,repair,634,3.1264e+08,3.12614e+08,7724,63,167,121,177,106,0,4332,3239,153
115.558,0,9048064,repair,679,3.14491e+08,3.14485e+08,7781,54,144,134,228,119,0,4357,3230,194
115.626,1,8804352,repair,634,3.1264e+08,3.12614e+08,7724,63,167,121,177,106,0,4332,3239,153
115.819,0,9069568,repair,679,3.14491e+08,3.14485e+08,7781,54,144,134,228,119,0,4357,3230,194
115.878,1,8824832,repair,634,3.1264e+08,3.12614e+08,7724,63,167,121,177,106,0,4332,3239,153
116.083,0,9092096,repair,679,3.14491e+08,3.14485e+08,7781,54,144,134,228,119,0,4357,3230,194
116.135,1,8846336,repair,634,3.1264e+08,3.12614e+08,7724,63,167,121,177,106,0,4332,3239,153
116.336,0,9113600,repair,679,3.14491e+08,3.14485e+08,7781,54,144,134,228,119,0,4357,3230,194
116.387,1,8867840,repair,634,3.1264e+08,3.12614e+08,7724,63,167,121,177,106,0,4332,3239,153
116.587,0,9135104,repair,679,3.14491e+08,3.14485e+08,7781,54,144,134,228,119,0,4357,3230,194
116.641,1,8889344,repair,634,3.1264e+08,3.12614e+08,7724,63,167,121,177,106,0,4332,3239,153
116.842,0,9156608,repair,679,3.14491e+08,3.14485e+08,7781,54,144,134,228,119,0,4357,3230,194
116.899,1,8910848,repair,634,3.1264e+08,3.12614e+08,7724,63,167,121,177,106,0,4332,3239,153
117.092,0,9177088,repair,679,3.14491e+08,3.14485e+08,7781,54,144,134,228,119,0,4357,3230,194
117.151,1,8932352,repair,634,3.1264e+08,3.12614e+08,7724,63,167,121,177,106,0,4332,3239,153
117.347,0,9197568,repair,679,3.14491e+08,3.14485e+08,7781,54,144,134,228,119,0,4357,3230,194
117.414,1,8955904,repair,634,3.1264e+08,3.12614e+08,7724,63,167,121,177,106,0,4332,3239,153
117.597,0,9219072,repair,679,3.14491e+08,3.14485e+08,7781,54,144,134,228,119,0,4357,3230,194
117.666,1,8977408,repair,634,3.1264e+08,3.12614e+08,7724,63,167,121,177,106,0,4332,3239,153
117.853,0,9240576,repair,679,3.14491e+08,3.14485e+08,7781,54,144,134,228,119,0,4357,3230,194
117.923,1,8998912,repair,634,3.1264e+08,3.12614e+08,7724,63,167,121,177,106,0,4332,3239,153
118.105,0,9264128,repair,679,3.14491e+08,3.14485e+08,7781,54,144,134,228,119,0,4357,3230,194
118.182,1,9020416,repair,634,3.1264e+08,3.12614e+08,7724,63,167,121,177,106,0,4332,3239,153
118.364,0,9286656,repair,679,3.14491e+08,3.14485e+08,7781,54,144,134,228,119,0,4357,3230,194
118.432,1,9039872,repair,634,3.1264e+08,3.12614e+08,7724,63,167,121,177,106,0,4332,3239,153
118.62,0,9310208,repair,679,3.14491e+08,3.14485e+08,7781,54,144,134,228,119,0,4357,3230,194
118.682,1,9061376,repair,634,3.1264e+08,3.12614e+08,7724,63,167,121,177,106,0,4332,3239,153
118.881,0,9332736,repair,679,3.01001e+08,3.00937e+08,7483,47,142,114,236,140,0,4067,3215,201
118.942,1,9083904,repair,634,3.1264e+08,3.12614e+08,7724,63,167,121,177,106,0,4332,3239,153
119.138,0,9356288,repair,679,3.01001e+08,3.00937e+08,7483,47,142,114,236,140,0,4067,3215,201
119.195,1,9105408,repair,634,3.1264e+08,3.12614e+08,7724,63,167,121,177,106,0,4332,3239,153
119.391,0,9378816,repair,664,3.19312e+08,3.1924e+08,7662,44,127,124,239,130,0,4161,3332,169
119.451,1,9127936,repair,634,3.1264e+08,3.12614e+08,7724,63,167,121,177,106,0,4332,3239,153
119.645,0,9401344,repair,664,3.19312e+08,3.1924e+08,7662,44,127,124,239,130,0,4161,3332,169
119.71,1,9150464,repair,634,3.1264e+08,3.12614e+08,7724,63,167,121,177,106,0,4332,3239,153
119.908,0,9423872,repair,664,3.19312e+08,3.1924e+08,7662,44,127,124,239,130,0,4161,3332,169
119.969,1,9171968,repair,634,3.1264e+08,3.12614e+08,7724,63,167,121,177,106,0,4332,3239,153
120.161,0,9445376,repair,664,3.19312e+08,3.1924e+08,7662,44,127,124,239,130,0,4161,3332,169
120.223,1,9192448,repair,634,3.1264e+08,3.12614e+08,7724,63,167,121,177,106,0,4332,3239,153
120.422,0,9466880,repair,664,3.19312e+08,3.1924e+08,7662,44,127,124,239,130,0,4161,3332,169
120.481,1,9213952,repair,634,3.1264e+08,3.12614e+08,7724,63,167,121,177,106,0,4332,3239,153
120.676,0,9487360,repair,664,3.19312e+08,3.1924e+08,7662,44,127,124,239,130,0,4161,3332,169
120.738,1,9234432,repair,634,3.1264e+08,3.12614e+08,7724,63,167,121,177,106,0,4332,3239,153
120.935,0,9506816,repair,664,3.19312e+08,3.1924e+08,7662,44,127,124,239,130,0,4161,3332,169
120.995,1,9254912,repair,634,3.1264e+08,3.12614e+08,7724,63,167,121,177,106,0,4332,3239,153
121.195,0,9529344,repair,664,3.19312e+08,3.1924e+08,7662,44,127,124,239,130,0,4161,3332,169
121.248,1,9275392,repair,634,3.1264e+08,3.12614e+08,7724,63,167,121,177,106,0,4332,3239,153
121.447,0,9550848,repair,664,3.19312e+08,3.1924e+08,7662,44,127,124,239,130,0,4161,3332,169
121.502,1,9296896,repair,634,3.1264e+08,3.12614e+08,7724,63,167,121,177,106,0,4332,3239,153
121.703,0,9572352,repair,664,3.19312e+08,3.1924e+08,7662,44,127,124,239,130,0,4161,3332,169
121.763,1,9318400,repair,634,3.1264e+08,3.12614e+08,7724,63,167,121,177,106,0,4332,3239,153
121.964,0,9592832,repair,664,3.19312e+08,3.1924e+08,7662,44,127,124,239,130,0,4161,3332,169
122.017,1,9338880,repair,634,3.1264e+08,3.12614e+08,7724,63,167,121,177,106,0,4332,3239,153
122.216,0,9613312,repair,664,3.19312e+08,3.1924e+08,7662,44,127,124,239,130,0,4161,3332,169
122.27,1,9360384,repair,634,3.1264e+08,3.12614e+08,7724,63,167,121,177,106,0,4332,3239,153
122.467,0,9633792,repair,664,3.19312e+08,3.1924e+08,7662,44,127,124,239,130,0,4161,3332,169
122.524,1,9381888,repair,634,3.1264e+08,3.12614e+08,7724,63,167,121,177,106,0,4332,3239,153
122.727,0,9654272,repair,659,3.24987e+08,3.24921e+08,7874,50,141,122,229,117,0,4393,3302,179
122.779,1,9403392,repair,634,3.1264e+08,3.12614e+08,7724,63,167,121,177,106,0,4332,3239,153
122.981,0,9674752,repair,659,3.24987e+08,3.24921e+08,7874,50,141,122,229,117,0,4393,3302,179
123.03,1,9423872,repair,634,3.1264e+08,3.12614e+08,7724,63,167,121,177,106,0,4332,3239,153
123.235,0,9696256,repair,659,3.24987e+08,3.24921e+08,7874,50,141,122,229,117,0,4393,3302,179
123.288,1,9445376,repair,632,2.99294e+08,2.9921e+08,7560,39,141,121,212,119,0,4211,3170,179
123.495,0,9717760,repair,659,3.24987e+08,3.24921e+08,7874,50,141,122,229,117,0,4393,3302,179
123.541,1,9465856,repair,632,2.99294e+08,2.9921e+08,7560,39,141,121,212,119,0,4211,3170,179
123.758,0,9737216,repair,659,3.24987e+08,3.24921e+08,7874,50,141,122,229,117,0,4393,3302,179
123.8,1,9486336,repair,632,2.99294e+08,2.9921e+08,7560,39,141,121,212,119,0,4211,3170,179
124.015,0,9754624,repair,659,3.24987e+08,3.24921e+08,7874,50,141,122,229,117,0,4393,3302,179
124.052,1,9507840,repair,632,2.99294e+08,2.9921e+08,7560,39,141,121,212,119,0,4211,3170,179
124.267,0,9777152,repair,659,3.24987e+08,3.24921e+08,7874,50,141,122,229,117,0,4393,3302,179
124.315,1,9530368,repair,632,2.99294e+08,2.9921e+08,7560,39,141,121,212,119,0,4211,3170,179
124.526,0,9798656,repair,659,3.24987e+08,3.24921e+08,7874,50,141,122,229,117,0,4393,3302,179
124.569,1,9551872,repair,632,2.99294e+08,2.9921e+08,7560,39,141,121,212,119,0,4211,3170,179
124.787,0,9821184,repair,659,3.24987e+08,3.24921e+08,7874,50,141,122,229,117,0,4393,3302,179
124.82,1,9571328,repair,632,2.99294e+08,2.9921e+08,7560,39,141,121,212,119,0,4211,3170,179
125.039,0,9843712,repair,659,3.24987e+08,3.24921e+08,7874,50,141,122,229,117,0,4393,3302,179
125.071,1,9591808,repair,632,2.99294e+08,2.9921e+08,7560,39,141,121,212,119,0,4211,3170,179
125.291,0,9865216,repair,659,3.24987e+08,3.24921e+08,7874,50,141,122,229,117,0,4393,3302,179
125.328,1,9612288,repair,632,2.99294e+08,2.9921e+08,7560,39,141,121,212,119,0,4211,3170,179
125.549,0,9886720,repair,659,3.24987e+08,3.24921e+08,7874,50,141,122,229,117,0,4393,3302,179
125.578,1,9632768,repair,632,2.99294e+08,2.9921e+08,7560,39,141,121,212,119,0,4211,3170,179
125.81,0,9908224,repair,659,3.24987e+08,3.24921e+08,7874,50,141,122,229,117,0,4393,3302,179
125.833,1,9653248,repair,632,2.99294e+08,2.9921e+08,7560,39,141,121,212,119,0,4211,3170,179
126.071,0,9929728,repair,659,3.24987e+08,3.24921e+08,7874,50,141,122,229,117,0,4393,3302,179
126.098,1,9673728,repair,632,2.99294e+08,2.9921e+08,7560,39,141,121,212,119,0,4211,3170,179
126.326,0,9950208,repair,659,3.24987e+08,3.24921e+08,7874,50,141,122,229,117,0,4393,3302,179
126.36,1,9691136,repair,632,2.99294e+08,2.9921e+08,7560,39,141,121,212,119,0,4211,3170,179
126.576,0,9970688,repair,659,3.24987e+08,3.24921e+08,7874,50,141,122,229,117,0,4393,3302,179
126.616,1,9709568,repair,632,2.91544e+08,2.91539e+08,7440,55,129,121,215,112,0,4131,3137,172
126.841,0,9991168,repair,659,3.24987e+08,3.24921e+08,7874,50,141,122,229,117,0,4393,3302,179
126.878,1,9728000,repair,632,2.91544e+08,2.91539e+08,7440,55,129,121,215,112,0,4131,3137,172
127.099,0,10010624,repair,659,3.24987e+08,3.24921e+08,7874,50,141,122,229,117,0,4393,3302,179
127.138,1,9744384,repair,632,2.91544e+08,2.91539e+08,7440,55,129,121,215,112,0,4131,3137,172
127.36,0,10030080,repair,659,3.24987e+08,3.24921e+08,7874,50,141,122,229,117,0,4393,3302,179
127.389,1,9761792,repair,632,2.91544e+08,2.91539e+08,7440,55,129,121,215,112,0,4131,3137,172
127.618,0,10050560,repair,659,3.24987e+08,3.24921e+08,7874,50,141,122,229,117,0,4393,3302,179
127.642,1,9780224,repair,632,2.91544e+08,2.91539e+08,7440,55,129,121,215,112,0,4131,3137,172
127.879,0,10067968,repair,659,3.24987e+08,3.24921e+08,7874,50,141,122,229,117,0,4393,3302,179
127.902,1,9800704,repair,632,2.91544e+08,2.91539e+08,7440,55,129,121,215,112,0,4131,3137,172
128.133,0,10086400,repair,659,3.24987e+08,3.24921e+08,7874,50,141,122,229,117,0,4393,3302,179
128.166,1,9821184,repair,632,2.91544e+08,2.91539e+08,7440,55,129,121,215,112,0,4131,3137,172
128.386,0,10103808,repair,659,3.24987e+08,3.24921e+08,7874,50,141,122,229,117,0,4393,3302,179
128.427,1,9837568,repair,632,2.91544e+08,2.91539e+08,7440,55,129,121,215,112,0,4131,3137,172
128.648,0,10122240,repair,659,3.24987e+08,3.24921e+08,7874,50,141,122,229,117,0,4393,3302,179
128.687,1,9852928,repair,632,2.91544e+08,2.91539e+08,7440,55,129,121,215,112,0,4131,3137,172
128.908,0,10140672,repair,659,3.24987e+08,3.24921e+08,7874,50,141,122,229,117,0,4393,3302,179
128.948,1,9870336,repair,632,2.91544e+08,2.91539e+08,7440,55,129,121,215,112,0,4131,3137,172
129.17,0,10161152,repair,659,3.24987e+08,3.24921e+08,7874,50,141,122,229,117,0,4393,3302,179
129.199,1,9887744,repair,632,2.91544e+08,2.91539e+08,7440,55,129,121,215,112,0,4131,3137,172
129.43,0,10181632,repair,659,3.24987e+08,3.24921e+08,7874,50,141,122,229,117,0,4393,3302,179
129.45,1,9903104,repair,632,2.91544e+08,2.91539e+08,7440,55,129,121,215,112,0,4131,3137,172
129.685,0,10200064,repair,659,3.24987e+08,3.24921e+08,7874,50,141,122,229,117,0,4393,3302,179
129.703,1,9922560,repair,632,2.91544e+08,2.91539e+08,7440,55,129,121,215,112,0,4131,3137,172
129.942,0,10218496,repair,659,3.24987e+08,3.24921e+08,7874,50,141,122,229,117,0,4393,3302,179
129.955,1,9944064,repair,627,2.87254e+08,2.87171e+08,7411,53,147,126,203,98,0,4169,3094,148
130.204,0,10237952,repair,659,3.24987e+08,3.24921e+08,7874,50,141,122,229,117,0,4393,3302,179
130.208,1,9965568,repair,618,3.03181e+08,3.03091e+08,7577,48,150,119,180,121,0,4210,3208,159
130.461,1,9987072,repair,618,3.03181e+08,3.03091e+08,7577,48,150,119,180,121,0,4210,3208,159
130.467,0,10257408,repair,659,3.24987e+08,3.24921e+08,7874,50,141,122,229,117,0,4393,3302,179
130.712,1,10008576,repair,618,3.03181e+08,3.03091e+08,7577,48,150,119,180,121,0,4210,3208,159
130.726,0,10276864,repair,659,3.24987e+08,3.24921e+08,7874,50,141,122,229,117,0,4393,3302,179
130.967,1,10030080,repair,618,3.03181e+08,3.03091e+08,7577,48,150,119,180,121,0,4210,3208,159
130.98,0,10296320,repair,659,3.24987e+08,3.24921e+08,7874,50,141,122,229,117,0,4393,3302,179
131.224,1,10052608,repair,618,3.03181e+08,3.03091e+08,7577,48,150,119,180,121,0,4210,3208,159
131.239,0,10318848,repair,659,3.24987e+08,3.24921e+08,7874,50,141,122,229,117,0,4393,3302,179
131.483,1,10074112,repair,618,3.03181e+08,3.03091e+08,7577,48,150,119,180,121,0,4210,3208,159
131.491,0,10340352,repair,659,3.24987e+08,3.24921e+08,7874,50,141,122,229,117,0,4393,3302,179
131.742,1,10096640,repair,618,3.03181e+08,3.03091e+08,7577,48,150,119,180,121,0,4210,3208,159
131.757,0,10362880,repair,659,3.24987e+08,3.24921e+08,7874,50,141,122,229,117,0,4393,3302,179
131.999,1,10119168,repair,618,3.03181e+08,3.03091e+08,7577,48,150,119,180,121,0,4210,3208,159
132.014,0,10385408,repair,659,3.24987e+08,3.24921e+08,7874,50,141,122,229,117,0,4393,3302,179
132.255,1,10140672,repair,618,3.03181e+08,3.03091e+08,7577,48,150,119,180,121,0,4210,3208,159
132.276,0,10406912,repair,659,3.24987e+08,3.24921e+08,7874,50,141,122,229,117,0,4393,3302,179
132.507,1,10162176,repair,618,3.03181e+08,3.03091e+08,7577,48,150,119,180,121,0,4210,3208,159
132.534,0,10428416,repair,659,3.24987e+08,3.24921e+08,7874,50,141,122,229,117,0,4393,3302,179
132.766,1,10184704,repair,618,3.03181e+08,3.03091e+08,7577,48,150,119,180,121,0,4210,3208,159
132.79,0,10448896,repair,659,3.24987e+08,3.24921e+08,7874,50,141,122,229,117,0,4393,3302,179
133.025,1,10206208,repair,617,3.04854e+08,3.04833e+08,7612,49,157,117,192,102,0,4237,3211,164
133.047,0,10471424,repair,659,3.24987e+08,3.24921e+08,7874,50,141,122,229,117,0,4393,3302,179
133.283,1,10229760,repair,617,3.04854e+08,3.04833e+08,7612,49,157,117,192,102,0,4237,3211,164
133.315,0,10493952,repair,659,3.24987e+08,3.24921e+08,7874,50,141,122,229,117,0,4393,3302,179
133.534,1,10250240,repair,617,3.04854e+08,3.04833e+08,7612,49,157,117,192,102,0,4237,3211,164
133.574,0,10515456,repair,659,3.24987e+08,3.24921e+08,7874,50,141,122,229,117,0,4393,3302,179
133.791,1,10272768,repair,617,3.04854e+08,3.04833e+08,7612,49,157,117,192,102,0,4237,3211,164
133.826,0,10536960,repair,659,3.24987e+08,3.24921e+08,7874,50,141,122,229,117,0,4393,3302,179
134.05,1,10295296,repair,617,3.04854e+08,3.04833e+08,7612,49,157,117,192,102,0,4237,3211,164
134.086,0,10559488,repair,659,3.24987e+08,3.24921e+08,7874,50,141,122,229,117,0,4393,3302,179
134.307,1,10317824,repair,617,3.04854e+08,3.04833e+08,7612,49,157,117,192,102,0,4237,3211,164
134.347,0,10580992,repair,659,3.24987e+08,3.24921e+08,7874,50,141,122,229,117,0,4393,3302,179
134.563,1,10340352,repair,617,3.04854e+08,3.04833e+08,7612,49,157,117,192,102,0,4237,3211,164
134.605,0,10602496,repair,659,3.24987e+08,3.24921e+08,7874,50,141,122,229,117,0,4393,3302,179
134.817,1,10362880,repair,617,3.04854e+08,3.04833e+08,7612,49,157,117,192,102,0,4237,3211,164
134.867,0,10624000,repair,659,3.24987e+08,3.24921e+08,7874,50,141,122,229,117,0,4393,3302,179
135.069,1,10384384,repair,614,2.94364e+08,2.94358e+08,7544,48,139,110,203,114,0,4238,3126,180
135.118,0,10645504,repair,659,3.24987e+08,3.24921e+08,7874,50,141,122,229,117,0,4393,3302,179
135.321,1,10405888,repair,614,2.94364e+08,2.94358e+08,7544,48,139,110,203,114,0,4238,3126,180
135.377,0,10668032,repair,659,3.24987e+08,3.24921e+08,7874,50,141,122,229,117,0,4393,3302,179
135.577,1,10428416,repair,614,2.94364e+08,2.94358e+08,7544,48,139,110,203,114,0,4238,3126,180
135.634,0,10690560,repair,659,3.24987e+08,3.24921e+08,7874,50,141,122,229,117,0,4393,3302,179
135.83,1,10449920,repair,614,2.94364e+08,2.94358e+08,7544,48,139,110,203,114,0,4238,3126,180
135.889,0,10712064,repair,659,3.24987e+08,3.24921e+08,7874,50,141,122,229,117,0,4393,3302,179
136.089,1,10472448,repair,614,2.94364e+08,2.94358e+08,7544,48,139,110,203,114,0,4238,3126,180
136.14,0,10733568,repair,659,3.24987e+08,3.24921e+08,7874,50,141,122,229,117,0,4393,3302,179
136.339,1,10493952,repair,614,2.94364e+08,2.94358e+08,7544,48,139,110,203,114,0,4238,3126,180
136.392,0,10755072,repair,649,3.01058e+08,3.00974e+08,7657,52,144,122,218,113,0,4366,3130,161
136.594,1,10515456,repair,614,2.94364e+08,2.94358e+08,7544,48,139,110,203,114,0,4238,3126,180
136.653,0,10777600,repair,649,3.01058e+08,3.00974e+08,7657,52,144,122,218,113,0,4366,3130,161
136.852,1,10537984,repair,614,2.94364e+08,2.94358e+08,7544,48,139,110,203,114,0,4238,3126,180
136.908,0,10798080,repair,649,2.9498e+08,2.94891e+08,7582,41,131,117,235,125,0,4309,3096,177
137.108,1,10560512,repair,614,2.94364e+08,2.94358e+08,7544,48,139,110,203,114,0,4238,3126,180
137.161,0,10819584,repair,649,2.9498e+08,2.94891e+08,7582,41,131,117,235,125,0,4309,3096,177
137.359,1,10582016,repair,614,2.94364e+08,2.94358e+08,7544,48,139,110,203,114,0,4238,3126,180
137.416,0,10840064,repair,649,2.9498e+08,2.94891e+08,7582,41,131,117,235,125,0,4309,3096,177
137.615,1,10604544,repair,613,3.04422e+08,3.04332e+08,7555,41,119,122,193,138,0,4149,3236,170
137.677,0,10861568,repair,649,2.9498e+08,2.94891e+08,7582,41,131,117,235,125,0,4309,3096,177
137.875,1,10627072,repair,613,3.04422e+08,3.04332e+08,7555,41,119,122,193,138,0,4149,3236,170
137.932,0,10883072,repair,649,2.9498e+08,2.94891e+08,7582,41,131,117,235,125,0,4309,3096,177
138.133,1,10648576,repair,613,3.04422e+08,3.04332e+08,7555,41,119,122,193,138,0,4149,3236,170
138.19,0,10904576,repair,649,2.9498e+08,2.94891e+08,7582,41,131,117,235,125,0,4309,3096,177
138.385,1,10670080,repair,613,3.04422e+08,3.04332e+08,7555,41,119,122,193,138,0,4149,3236,170
138.444,0,10926080,repair,649,2.9498e+08,2.94891e+08,7582,41,131,117,235,125,0,4309,3096,177
138.641,1,10692608,repair,613,3.04422e+08,3.04332e+08,7555,41,119,122,193,138,0,4149,3236,170
138.709,0,10948608,repair,649,2.9498e+08,2.94891e+08,7582,41,131,117,235,125,0,4309,3096,177
138.898,1,10715136,repair,613,3.04422e+08,3.04332e+08,7555,41,119,122,193,138,0,4149,3236,170
138.969,0,10971136,repair,649,2.9498e+08,2.94891e+08,7582,41,131,117,235,125,0,4309,3096,177
139.154,1,10735616,repair,613,3.04422e+08,3.04332e+08,7555,41,119,122,193,138,0,4149,3236,170
139.22,0,10990592,repair,649,2.9498e+08,2.94891e+08,7582,41,131,117,235,125,0,4309,3096,177
139.413,1,10757120,repair,613,3.04422e+08,3.04332e+08,7555,41,119,122,193,138,0,4149,3236,170
139.484,0,11011072,repair,649,2.9498e+08,2.94891e+08,7582,41,131,117,235,125,0,4309,3096,177
139.666,1,10778624,repair,613,3.04422e+08,3.04332e+08,7555,41,119,122,193,138,0,4149,3236,170
139.736,0,11028480,repair,649,2.9498e+08,2.94891e+08,7582,41,131,117,235,125,0,4309,3096,177
139.918,1,10797056,repair,613,3.04422e+08,3.04332e+08,7555,41,119,122,193,138,0,4149,3236,170
139.987,0,11044864,repair,649,2.9498e+08,2.94891e+08,7582,41,131,117,235,125,0,4309,3096,177
140.177,1,10816512,repair,613,3.04422e+08,3.04332e+08,7555,41,119,122,193,138,0,4149,3236,170
140.248,0,11062272,repair,649,2.9498e+08,2.94891e+08,7582,41,131,117,235,125,0,4309,3096,177
140.436,1,10836992,repair,613,3.04422e+08,3.04332e+08,7555,41,119,122,193,138,0,4149,3236,170
140.506,0,11079680,repair,649,2.9498e+08,2.94891e+08,7582,41,131,117,235,125,0,4309,3096,177
140.69,1,10858496,repair,613,3.04422e+08,3.04332e+08,7555,41,119,122,193,138,0,4149,3236,170
140.768,0,11099136,repair,649,2.9498e+08,2.94891e+08,7582,41,131,117,235,125,0,4309,3096,177
140.945,1,10878976,repair,613,3.04422e+08,3.04332e+08,7555,41,119,122,193,138,0,4149,3236,170
141.024,0,11120640,repair,649,2.9498e+08,2.94891e+08,7582,41,131,117,235,125,0,4309,3096,177
141.197,1,10900480,repair,613,3.04422e+08,3.04332e+08,7555,41,119,122,193,138,0,4149,3236,170
141.279,0,11140096,repair,649,2.9498e+08,2.94891e+08,7582,41,131,117,235,125,0,4309,3096,177
141.449,1,10921984,repair,613,3.04422e+08,3.04332e+08,7555,41,119,122,193,138,0,4149,3236,170
141.532,0,11157504,repair,649,2.9498e+08,2.94891e+08,7582,41,131,117,235,125,0,4309,3096,177
141.705,1,10943488,repair,613,3.04422e+08,3.04332e+08,7555,41,119,122,193,138,0,4149,3236,170
141.791,0,11174912,repair,645,3.06661e+08,3.0664e+08,7569,41,143,130,211,120,0,4128,3252,189
141.964,1,10963968,repair,613,3.04422e+08,3.04332e+08,7555,41,119,122,193,138,0,4149,3236,170
142.045,0,11190272,repair,645,3.06661e+08,3.0664e+08,7569,41,143,130,211,120,0,4128,3252,189
142.22,1,10985472,repair,610,2.76705e+08,2.76685e+08,7310,54,128,120,197,111,0,4131,3024,155
142.303,0,11208704,repair,645,3.06661e+08,3.0664e+08,7569,41,143,130,211,120,0,4128,3252,189
142.476,1,11005952,repair,610,2.76705e+08,2.76685e+08,7310,54,128,120,197,111,0,4131,3024,155
142.553,0,11225088,repair,645,3.06661e+08,3.0664e+08,7569,41,143,130,211,120,0,4128,3252,189
142.733,1,11026432,repair,610,2.76705e+08,2.76685e+08,7310,54,128,120,197,111,0,4131,3024,155
142.807,0,11243520,repair,645,3.06661e+08,3.0664e+08,7569,41,143,130,211,120,0,4128,3252,189
142.987,1,11046912,repair,610,2.76705e+08,2.76685e+08,7310,54,128,120,197,111,0,4131,3024,155
143.06,0,11261952,repair,645,2.9834e+08,2.98278e+08,7589,46,139,107,233,120,0,4310,3125,154
143.24,1,11067392,repair,610,2.76705e+08,2.76685e+08,7310,54,128,120,197,111,0,4131,3024,155
143.322,0,11281408,repair,645,2.9834e+08,2.98278e+08,7589,46,139,107,233,120,0,4310,3125,154
143.494,1,11088896,repair,610,2.76705e+08,2.76685e+08,7310,54,128,120,197,111,0,4131,3024,155
143.58,0,11300864,repair,645,2.9834e+08,2.98278e+08,7589,46,139,107,233,120,0,4310,3125,154
143.753,1,11107328,repair,610,2.76705e+08,2.76685e+08,7310,54,128,120,197,111,0,4131,3024,155
143.832,0,11319296,repair,645,2.9834e+08,2.98278e+08,7589,46,139,107,233,120,0,4310,3125,154
144.016,1,11125760,repair,610,2.76705e+08,2.76685e+08,7310,54,128,120,197,111,0,4131,3024,155
144.09,0,11338752,repair,645,2.9834e+08,2.98278e+08,7589,46,139,107,233,120,0,4310,3125,154
144.268,1,11145216,repair,610,2.76705e+08,2.76685e+08,7310,54,128,120,197,111,0,4131,3024,155
144.344,0,11357184,repair,645,2.9834e+08,2.98278e+08,7589,46,139,107,233,120,0,4310,3125,154
144.52,1,11165696,repair,610,2.76705e+08,2.76685e+08,7310,54,128,120,197,111,0,4131,3024,155
144.6,0,11375616,repair,645,2.9834e+08,2.98278e+08,7589,46,139,107,233,120,0,4310,3125,154
144.784,1,11187200,repair,610,2.76705e+08,2.76685e+08,7310,54,128,120,197,111,0,4131,3024,155
144.861,0,11394048,repair,645,2.9834e+08,2.98278e+08,7589,46,139,107,233,120,0,4310,3125,154
145.042,1,11208704,repair,610,2.76705e+08,2.76685e+08,7310,54,128,120,197,111,0,4131,3024,155
145.12,0,11413504,repair,645,2.9834e+08,2.98278e+08,7589,46,139,107,233,120,0,4310,3125,154
145.301,1,11230208,repair,601,2.86132e+08,2.86132e+08,7443,45,145,116,195,100,0,4169,3086,188
145.376,0,11430912,repair,645,2.9834e+08,2.98278e+08,7589,46,139,107,233,120,0,4310,3125,154
145.553,1,11250688,repair,601,2.86132e+08,2.86132e+08,7443,45,145,116,195,100,0,4169,3086,188
145.639,0,11450368,repair,645,2.9834e+08,2.98278e+08,7589,46,139,107,233,120,0,4310,3125,154
145.808,1,11272192,repair,593,3.16719e+08,3.16698e+08,7765,42,155,109,179,108,0,4294,3286,185
145.893,0,11467776,repair,644,2.93276e+08,2.93276e+08,7545,38,140,134,229,103,0,4257,3103,185
146.068,1,11292672,repair,593,3.16719e+08,3.16698e+08,7765,42,155,109,179,108,0,4294,3286,185
146.153,0,11486208,repair,644,2.93276e+08,2.93276e+08,7545,38,140,134,229,103,0,4257,3103,185
146.325,1,11310080,repair,593,3.16719e+08,3.16698e+08,7765,42,155,109,179,108,0,4294,3286,185
146.417,0,11504640,repair,644,2.93276e+08,2.93276e+08,7545,38,140,134,229,103,0,4257,3103,185
146.577,1,11330560,repair,593,3.16719e+08,3.16698e+08,7765,42,155,109,179,108,0,4294,3286,185
146.676,0,11523072,repair,644,2.93276e+08,2.93276e+08,7545,38,140,134,229,103,0,4257,3103,185
146.833,1,11352064,repair,593,3.16719e+08,3.16698e+08,7765,42,155,109,179,108,0,4294,3286,185
146.93,0,11540480,repair,644,2.93276e+08,2.93276e+08,7545,38,140,134,229,103,0,4257,3103,185
147.089,1,11372544,repair,593,3.16719e+08,3.16698e+08,7765,42,155,109,179,108,0,4294,3286,185
147.19,0,11560960,repair,633,2.95563e+08,2.95537e+08,7551,50,139,120,220,104,0,4281,3119,151
147.347,1,11394048,repair,593,3.16719e+08,3.16698e+08,7765,42,155,109,179,108,0,4294,3286,185
147.453,0,11580416,repair,633,2.95563e+08,2.95537e+08,7551,50,139,120,220,104,0,4281,3119,151
147.597,1,11415552,repair,593,3.16719e+08,3.16698e+08,7765,42,155,109,179,108,0,4294,3286,185
147.716,0,11599872,repair,633,2.95563e+08,2.95537e+08,7551,50,139,120,220,104,0,4281,3119,151
147.849,1,11437056,repair,593,3.16719e+08,3.16698e+08,7765,42,155,109,179,108,0,4294,3286,185
147.971,0,11618304,repair,633,2.95563e+08,2.95537e+08,7551,50,139,120,220,104,0,4281,3119,151
148.111,1,11459584,repair,593,3.16719e+08,3.16698e+08,7765,42,155,109,179,108,0,4294,3286,185
148.232,0,11637760,repair,633,2.95563e+08,2.95537e+08,7551,50,139,120,220,104,0,4281,3119,151
148.367,1,11482112,repair,593,3.16719e+08,3.16698e+08,7765,42,155,109,179,108,0,4294,3286,185
148.492,0,11656192,repair,633,2.95563e+08,2.95537e+08,7551,50,139,120,220,104,0,4281,3119,151
148.627,1,11504640,repair,593,3.16719e+08,3.16698e+08,7765,42,155,109,179,108,0,4294,3286,185
148.751,0,11675648,repair,633,2.95563e+08,2.95537e+08,7551,50,139,120,220,104,0,4281,3119,151
148.883,1,11526144,repair,593,3.16719e+08,3.16698e+08,7765,42,155,109,179,108,0,4294,3286,185
149.011,0,11694080,repair,633,2.94972e+08,2.94903e+08,7497,45,122,118,209,139,0,4163,3151,183
149.141,1,11546624,repair,593,3.16719e+08,3.16698e+08,7765,42,155,109,179,108,0,4294,3286,185
149.265,0,11713536,repair,633,2.94972e+08,2.94903e+08,7497,45,122,118,209,139,0,4163,3151,183
149.403,1,11568128,repair,593,3.16719e+08,3.16698e+08,7765,42,155,109,179,108,0,4294,3286,185
149.521,0,11731968,repair,633,2.94972e+08,2.94903e+08,7497,45,122,118,209,139,0,4163,3151,183
149.657,1,11589632,repair,593,3.16719e+08,3.16698e+08,7765,42,155,109,179,108,0,4294,3286,185
149.78,0,11750400,repair,633,2.94972e+08,2.94903e+08,7497,45,122,118,209,139,0,4163,3151,183
149.914,1,11611136,repair,593,3.16719e+08,3.16698e+08,7765,42,155,109,179,108,0,4294,3286,185
150.041,0,11768832,repair,633,2.94972e+08,2.94903e+08,7497,45,122,118,209,139,0,4163,3151,183
150.166,1,11632640,repair,593,3.16719e+08,3.16698e+08,7765,42,155,109,179,108,0,4294,3286,185
150.301,0,11788288,repair,633,2.94972e+08,2.94903e+08,7497,45,122,118,209,139,0,4163,3151,183
150.423,1,11654144,repair,593,3.16719e+08,3.16698e+08,7765,42,155,109,179,108,0,4294,3286,185
150.556,0,11806720,repair,633,2.94972e+08,2.94903e+08,7497,45,122,118,209,139,0,4163,3151,183
150.677,1,11676672,repair,593,3.16719e+08,3.16698e+08,7765,42,155,109,179,108,0,4294,3286,185
150.812,0,11826176,repair,633,2.94972e+08,2.94903e+08,7497,45,122,118,209,139,0,4163,3151,183
150.939,1,11699200,repair,593,3.16719e+08,3.16698e+08,7765,42,155,109,179,108,0,4294,3286,185
151.062,0,11844608,repair,632,2.91538e+08,2.91512e+08,7485,44,160,131,194,103,0,4183,3120,182
151.197,1,11720704,repair,593,3.16719e+08,3.16698e+08,7765,42,155,109,179,108,0,4294,3286,185
151.325,0,11864064,repair,632,2.91538e+08,2.91512e+08,7485,44,160,131,194,103,0,4183,3120,182
151.452,1,11742208,repair,593,3.16719e+08,3.16698e+08,7765,42,155,109,179,108,0,4294,3286,185
151.584,0,11883520,repair,632,2.91538e+08,2.91512e+08,7485,44,160,131,194,103,0,4183,3120,182
151.706,1,11763712,repair,593,3.16719e+08,3.16698e+08,7765,42,155,109,179,108,0,4294,3286,185
151.839,0,11901952,repair,632,2.91538e+08,2.91512e+08,7485,44,160,131,194,103,0,4183,3120,182
151.957,1,11785216,repair,593,3.16719e+08,3.16698e+08,7765,42,155,109,179,108,0,4294,3286,185
152.091,0,11920384,repair,632,2.91538e+08,2.91512e+08,7485,44,160,131,194,103,0,4183,3120,182
152.211,1,11806720,repair,590,3.05847e+08,3.05842e+08,7636,43,144,109,179,115,0,4244,3221,171
152.343,0,11938816,repair,632,2.91538e+08,2.91512e+08,7485,44,160,131,194,103,0,4183,3120,182
152.463,1,11828224,repair,590,3.05847e+08,3.05842e+08,7636,43,144,109,179,115,0,4244,3221,171
152.596,0,11957248,repair,632,2.91538e+08,2.91512e+08,7485,44,160,131,194,103,0,4183,3120,182
152.718,1,11849728,repair,590,3.05847e+08,3.05842e+08,7636,43,144,109,179,115,0,4244,3221,171
152.848,0,11975680,repair,632,2.91538e+08,2.91512e+08,7485,44,160,131,194,103,0,4183,3120,182
152.976,1,11873280,repair,590,3.05847e+08,3.05842e+08,7636,43,144,109,179,115,0,4244,3221,171
153.106,0,11995136,repair,632,2.91538e+08,2.91512e+08,7485,44,160,131,194,103,0,4183,3120,182
153.231,1,11895808,repair,590,3.05847e+08,3.05842e+08,7636,43,144,109,179,115,0,4244,3221,171
153.37,0,12013568,repair,632,2.91538e+08,2.91512e+08,7485,44,160,131,194,103,0,4183,3120,182
153.483,1,11916288,repair,590,3.05847e+08,3.05842e+08,7636,43,144,109,179,115,0,4244,3221,171
153.624,0,12032000,repair,632,2.91538e+08,2.91512e+08,7485,44,160,131,194,103,0,4183,3120,182
153.74,1,11936768,repair,590,3.05847e+08,3.05842e+08,7636,43,144,109,179,115,0,4244,3221,171
153.874,0,12049408,repair,629,2.77659e+08,2.77578e+08,7391,48,147,124,192,118,0,4231,2992,168
153.996,1,11958272,repair,590,3.05847e+08,3.05842e+08,7636,43,144,109,179,115,0,4244,3221,171
154.132,0,12067840,repair,629,2.77659e+08,2.77578e+08,7391,48,147,124,192,118,0,4231,2992,168
154.257,1,11980800,repair,590,3.05847e+08,3.05842e+08,7636,43,144,109,179,115,0,4244,3221,171
154.392,0,12086272,repair,629,2.77659e+08,2.77578e+08,7391,48,147,124,192,118,0,4231,2992,168
154.514,1,12002304,repair,590,3.05847e+08,3.05842e+08,7636,43,144,109,179,115,0,4244,3221,171
154.648,0,12104704,repair,629,2.77659e+08,2.77578e+08,7391,48,147,124,192,118,0,4231,2992,168
154.767,1,12023808,repair,590,3.05847e+08,3.05842e+08,7636,43,144,109,179,115,0,4244,3221,171
154.913,0,12123136,repair,629,2.77659e+08,2.77578e+08,7391,48,147,124,192,118,0,4231,2992,168
155.025,1,12046336,repair,590,3.05847e+08,3.05842e+08,7636,43,144,109,179,115,0,4244,3221,171
155.166,0,12141568,repair,627,2.89452e+08,2.89385e+08,7427,47,139,127,198,116,0,4155,3116,156
155.276,1,12067840,repair,590,3.05847e+08,3.05842e+08,7636,43,144,109,179,115,0,4244,3221,171
155.426,0,12160000,repair,627,2.89452e+08,2.89385e+08,7427,47,139,127,198,116,0,4155,3116,156
155.535,1,12090368,repair,588,2.81e+08,2.80995e+08,7378,40,134,115,195,104,0,4172,3048,158
155.681,0,12178432,repair,625,3.03407e+08,3.03343e+08,7605,31,139,118,224,113,0,4248,3190,167
155.787,1,12112896,repair,588,2.81e+08,2.80995e+08,7378,40,134,115,195,104,0,4172,3048,158
155.943,0,12195840,repair,620,2.97053e+08,2.96986e+08,7606,49,153,94,200,124,0,4340,3111,155
156.047,1,12135424,repair,583,2.89973e+08,2.89973e+08,7442,39,115,114,202,113,0,4134,3132,176
156.2,0,12213248,repair,620,2.97053e+08,2.96986e+08,7606,49,153,94,200,124,0,4340,3111,155
156.306,1,12157952,repair,583,2.89973e+08,2.89973e+08,7442,39,115,114,202,113,0,4134,3132,176
156.455,0,12231680,repair,620,2.97053e+08,2.96986e+08,7606,49,153,94,200,124,0,4340,3111,155
156.563,1,12179456,repair,583,2.88484e+08,2.88484e+08,7403,48,119,92,215,109,0,4113,3125,165
156.712,0,12250112,repair,620,2.97053e+08,2.96986e+08,7606,49,153,94,200,124,0,4340,3111,155
156.819,1,12201984,repair,583,2.88484e+08,2.88484e+08,7403,48,119,92,215,109,0,4113,3125,165
156.968,0,12267520,repair,620,2.97053e+08,2.96986e+08,7606,49,153,94,200,124,0,4340,3111,155
157.071,1,12224512,repair,583,2.88484e+08,2.88484e+08,7403,48,119,92,215,109,0,4113,3125,165
157.229,0,12285952,repair,620,2.97053e+08,2.96986e+08,7606,49,153,94,200,124,0,4340,3111,155
157.329,1,12247040,repair,583,2.88484e+08,2.88484e+08,7403,48,119,92,215,109,0,4113,3125,165
157.48,0,12303360,repair,618,3.03092e+08,3.03029e+08,7661,59,150,111,203,95,0,4305,3172,184
157.585,1,12268544,repair,583,2.88484e+08,2.88484e+08,7403,48,119,92,215,109,0,4113,3125,165
157.74,0,12322816,repair,618,3.03092e+08,3.03029e+08,7661,59,150,111,203,95,0,4305,3172,184
157.839,1,12290048,repair,582,2.77522e+08,2.77517e+08,7342,48,116,114,178,126,0,4161,3026,155
157.992,0,12340224,repair,618,3.03092e+08,3.03029e+08,7661,59,150,111,203,95,0,4305,3172,184
158.098,1,12312576,repair,582,2.77522e+08,2.77517e+08,7342,48,116,114,178,126,0,4161,3026,155
158.259,0,12359680,repair,618,3.03092e+08,3.03029e+08,7661,59,150,111,203,95,0,4305,3172,184
158.349,1,12335104,repair,582,2.77522e+08,2.77517e+08,7342,48,116,114,178,126,0,4161,3026,155
158.513,0,12377088,repair,618,3.03092e+08,3.03029e+08,7661,59,150,111,203,95,0,4305,3172,184
158.605,1,12357632,repair,575,2.83103e+08,2.83078e+08,7286,42,125,108,201,99,0,4012,3120,154
158.778,0,12395520,repair,618,3.03092e+08,3.03029e+08,7661,59,150,111,203,95,0,4305,3172,184
158.863,1,12381184,repair,575,2.83103e+08,2.83078e+08,7286,42,125,108,201,99,0,4012,3120,154
159.042,0,12414976,repair,618,3.03092e+08,3.03029e+08,7661,59,150,111,203,95,0,4305,3172,184
159.115,1,12403712,repair,575,2.83103e+08,2.83078e+08,7286,42,125,108,201,99,0,4012,3120,154
159.293,0,12433408,repair,618,3.03092e+08,3.03029e+08,7661,59,150,111,203,95,0,4305,3172,184
159.372,1,12426240,repair,575,2.83103e+08,2.83078e+08,7286,42,125,108,201,99,0,4012,3120,154
159.548,0,12451840,repair,605,3.13227e+08,3.13206e+08,7779,40,128,133,197,107,0,4367,3235,177
159.622,1,12448768,repair,575,2.83103e+08,2.83078e+08,7286,42,125,108,201,99,0,4012,3120,154
159.81,0,12470272,repair,605,3.13227e+08,3.13206e+08,7779,40,128,133,197,107,0,4367,3235,177
159.877,1,12470272,repair,575,2.83103e+08,2.83078e+08,7286,42,125,108,201,99,0,4012,3120,154
160.064,0,12488704,repair,605,3.13227e+08,3.13206e+08,7779,40,128,133,197,107,0,4367,3235,177
160.13,1,12490752,repair,575,2.83103e+08,2.83078e+08,7286,42,125,108,201,99,0,4012,3120,154
160.322,0,12508160,repair,605,3.13227e+08,3.13206e+08,7779,40,128,133,197,107,0,4367,3235,177
160.38,1,12508160,repair,575,2.83103e+08,2.83078e+08,7286,42,125,108,201,99,0,4012,3120,154
160.585,0,12524544,repair,605,3.13227e+08,3.13206e+08,7779,40,128,133,197,107,0,4367,3235,177
160.631,1,12525568,repair,575,2.83103e+08,2.83078e+08,7286,42,125,108,201,99,0,4012,3120,154
160.842,0,12541952,repair,605,3.13227e+08,3.13206e+08,7779,40,128,133,197,107,0,4367,3235,177
160.894,1,12544000,repair,575,2.83103e+08,2.83078e+08,7286,42,125,108,201,99,0,4012,3120,154
161.104,0,12562432,repair,605,3.13227e+08,3.13206e+08,7779,40,128,133,197,107,0,4367,3235,177
161.156,1,12562432,repair,563,2.98012e+08,2.98012e+08,7576,54,135,103,176,95,0,4251,3164,161
161.356,0,12583936,repair,605,3.13227e+08,3.13206e+08,7779,40,128,133,197,107,0,4367,3235,177
161.413,1,12581888,repair,563,2.98012e+08,2.98012e+08,7576,54,135,103,176,95,0,4251,3164,161
161.614,0,12606464,repair,605,3.13227e+08,3.13206e+08,7779,40,128,133,197,107,0,4367,3235,177
161.669,1,12604416,repair,563,2.98012e+08,2.98012e+08,7576,54,135,103,176,95,0,4251,3164,161
161.874,0,12627968,repair,605,3.13227e+08,3.13206e+08,7779,40,128,133,197,107,0,4367,3235,177
161.923,1,12626944,repair,563,2.98012e+08,2.98012e+08,7576,54,135,103,176,95,0,4251,3164,161
162.128,0,12649472,repair,605,3.13227e+08,3.13206e+08,7779,40,128,133,197,107,0,4367,3235,177
162.183,1,12648448,repair,563,2.98012e+08,2.98012e+08,7576,54,135,103,176,95,0,4251,3164,161
162.38,0,12670976,repair,605,3.13227e+08,3.13206e+08,7779,40,128,133,197,107,0,4367,3235,177
162.437,1,12666880,repair,563,2.98012e+08,2.98012e+08,7576,54,135,103,176,95,0,4251,3164,161
162.64,0,12693504,repair,605,3.13227e+08,3.13206e+08,7779,40,128,133,197,107,0,4367,3235,177
162.691,1,12685312,repair,563,2.98012e+08,2.98012e+08,7576,54,135,103,176,95,0,4251,3164,161
162.891,0,12715008,repair,605,3.13227e+08,3.13206e+08,7779,40,128,133,197,107,0,4367,3235,177
162.945,1,12703744,repair,563,2.98012e+08,2.98012e+08,7576,54,135,103,176,95,0,4251,3164,161
163.155,0,12736512,repair,605,3.13227e+08,3.13206e+08,7779,40,128,133,197,107,0,4367,3235,177
163.2,1,12723200,repair,563,2.98012e+08,2.98012e+08,7576,54,135,103,176,95,0,4251,3164,161
163.41,0,12756992,repair,605,3.13227e+08,3.13206e+08,7779,40,128,133,197,107,0,4367,3235,177
163.462,1,12742656,repair,563,2.98012e+08,2.98012e+08,7576,54,135,103,176,95,0,4251,3164,161
163.664,0,12775424,repair,603,3.02317e+08,3.02317e+08,7527,51,145,111,174,122,0,4135,3228,164
163.726,1,12762112,repair,563,2.98012e+08,2.98012e+08,7576,54,135,103,176,95,0,4251,3164,161
163.919,0,12792832,repair,603,3.02317e+08,3.02317e+08,7527,51,145,111,174,122,0,4135,3228,164
163.987,1,12781568,repair,563,2.98012e+08,2.98012e+08,7576,54,135,103,176,95,0,4251,3164,161
164.182,0,12813312,repair,603,3.00328e+08,3.00306e+08,7605,50,127,123,187,116,0,4280,3166,159
164.249,1,12801024,repair,563,2.98012e+08,2.98012e+08,7576,54,135,103,176,95,0,4251,3164,161
164.444,0,12834816,repair,603,3.00328e+08,3.00306e+08,7605,50,127,123,187,116,0,4280,3166,159
164.507,1,12820480,repair,563,2.98012e+08,2.98012e+08,7576,54,135,103,176,95,0,4251,3164,161
164.698,0,12855296,repair,603,3.00328e+08,3.00306e+08,7605,50,127,123,187,116,0,4280,3166,159
164.76,1,12838912,repair,563,2.98012e+08,2.98012e+08,7576,54,135,103,176,95,0,4251,3164,161
164.955,0,12875776,repair,603,3.00328e+08,3.00306e+08,7605,50,127,123,187,116,0,4280,3166,159
165.024,1,12858368,repair,563,2.98012e+08,2.98012e+08,7576,54,135,103,176,95,0,4251,3164,161
165.207,0,12897280,repair,603,3.00328e+08,3.00306e+08,7605,50,127,123,187,116,0,4280,3166,159
165.276,1,12876800,repair,563,2.98012e+08,2.98012e+08,7576,54,135,103,176,95,0,4251,3164,161
165.468,0,12918784,repair,603,3.00328e+08,3.00306e+08,7605,50,127,123,187,116,0,4280,3166,159
165.54,1,12896256,repair,563,2.98012e+08,2.98012e+08,7576,54,135,103,176,95,0,4251,3164,161
165.734,0,12938240,repair,603,3.00328e+08,3.00306e+08,7605,50,127,123,187,116,0,4280,3166,159
165.803,1,12915712,repair,563,2.98012e+08,2.98012e+08,7576,54,135,103,176,95,0,4251,3164,161
165.989,0,12956672,repair,603,3.00328e+08,3.00306e+08,7605,50,127,123,187,116,0,4280,3166,159
166.06,1,12935168,repair,563,2.98012e+08,2.98012e+08,7576,54,135,103,176,95,0,4251,3164,161
166.245,0,12979200,repair,603,3.00328e+08,3.00306e+08,7605,50,127,123,187,116,0,4280,3166,159
166.319,1,12954624,repair,563,2.98012e+08,2.98012e+08,7576,54,135,103,176,95,0,4251,3164,161
166.498,0,13001728,repair,603,3.00328e+08,3.00306e+08,7605,50,127,123,187,116,0,4280,3166,159
166.582,1,12974080,repair,563,2.98012e+08,2.98012e+08,7576,54,135,103,176,95,0,4251,3164,161
166.766,0,13024256,repair,603,3.00328e+08,3.00306e+08,7605,50,127,123,187,116,0,4280,3166,159
166.839,1,12992512,repair,563,2.98012e+08,2.98012e+08,7576,54,135,103,176,95,0,4251,3164,161
167.019,0,13044736,repair,603,3.00328e+08,3.00306e+08,7605,50,127,123,187,116,0,4280,3166,159
167.092,1,13010944,repair,563,2.98012e+08,2.98012e+08,7576,54,135,103,176,95,0,4251,3164,161
167.272,0,13066240,repair,603,3.00328e+08,3.00306e+08,7605,50,127,123,187,116,0,4280,3166,159
167.357,1,13029376,repair,563,2.98012e+08,2.98012e+08,7576,54,135,103,176,95,0,4251,3164,161
167.534,0,13085696,repair,603,3.00328e+08,3.00306e+08,7605,50,127,123,187,116,0,4280,3166,159
167.608,1,13047808,repair,563,2.98012e+08,2.98012e+08,7576,54,135,103,176,95,0,4251,3164,161
167.793,0,13104128,repair,603,3.00328e+08,3.00306e+08,7605,50,127,123,187,116,0,4280,3166,159
167.859,1,13066240,repair,563,2.98012e+08,2.98012e+08,7576,54,135,103,176,95,0,4251,3164,161
168.045,0,13122560,repair,603,3.00328e+08,3.00306e+08,7605,50,127,123,187,116,0,4280,3166,159
168.111,1,13084672,repair,558,3.00977e+08,3.00977e+08,7649,50,114,116,189,89,0,4327,3163,159
168.306,0,13140992,repair,603,3.00328e+08,3.00306e+08,7605,50,127,123,187,116,0,4280,3166,159
168.362,1,13102080,repair,558,3.00977e+08,3.00977e+08,7649,50,114,116,189,89,0,4327,3163,159
168.567,0,13159424,repair,603,3.00328e+08,3.00306e+08,7605,50,127,123,187,116,0,4280,3166,159
168.614,1,13120512,repair,558,3.00977e+08,3.00977e+08,7649,50,114,116,189,89,0,4327,3163,159
168.83,0,13178880,repair,603,3.00328e+08,3.00306e+08,7605,50,127,123,187,116,0,4280,3166,159
168.872,1,13137920,repair,558,3.00977e+08,3.00977e+08,7649,50,114,116,189,89,0,4327,3163,159
169.088,0,13199360,repair,603,3.00328e+08,3.00306e+08,7605,50,127,123,187,116,0,4280,3166,159
169.131,1,13156352,repair,558,3.00977e+08,3.00977e+08,7649,50,114,116,189,89,0,4327,3163,159
169.341,0,13219840,repair,603,3.00328e+08,3.00306e+08,7605,50,127,123,187,116,0,4280,3166,159
169.387,1,13174784,repair,558,3.00977e+08,3.00977e+08,7649,50,114,116,189,89,0,4327,3163,159
169.595,0,13241344,repair,603,3.00328e+08,3.00306e+08,7605,50,127,123,187,116,0,4280,3166,159
169.64,1,13193216,repair,558,3.00977e+08,3.00977e+08,7649,50,114,116,189,89,0,4327,3163,159
169.847,0,13262848,repair,603,3.00328e+08,3.00306e+08,7605,50,127,123,187,116,0,4280,3166,159
169.896,1,13211648,repair,558,3.00977e+08,3.00977e+08,7649,50,114,116,189,89,0,4327,3163,159
170.109,0,13284352,repair,603,3.00328e+08,3.00306e+08,7605,50,127,123,187,116,0,4280,3166,159
170.146,1,13229056,repair,558,3.00977e+08,3.00977e+08,7649,50,114,116,189,89,0,4327,3163,159
170.367,0,13305856,repair,603,3.00328e+08,3.00306e+08,7605,50,127,123,187,116,0,4280,3166,159
170.401,1,13247488,repair,558,3.00977e+08,3.00977e+08,7649,50,114,116,189,89,0,4327,3163,159
170.628,0,13328384,repair,603,3.00328e+08,3.00306e+08,7605,50,127,123,187,116,0,4280,3166,159
170.663,1,13266944,repair,558,3.00977e+08,3.00977e+08,7649,50,114,116,189,89,0,4327,3163,159
170.888,0,13348864,repair,603,3.00328e+08,3.00306e+08,7605,50,127,123,187,116,0,4280,3166,159
170.918,1,13288448,repair,558,3.00977e+08,3.00977e+08,7649,50,114,116,189,89,0,4327,3163,159
171.146,0,13371392,repair,603,3.00328e+08,3.00306e+08,7605,50,127,123,187,116,0,4280,3166,159
171.177,1,13312000,repair,558,3.00977e+08,3.00977e+08,7649,50,114,116,189,89,0,4327,3163,159
171.407,0,13394944,repair,603,3.00328e+08,3.00306e+08,7605,50,127,123,187,116,0,4280,3166,159
171.429,1,13334528,repair,558,3.00977e+08,3.00977e+08,7649,50,114,116,189,89,0,4327,3163,159
171.658,0,13414400,repair,603,3.00328e+08,3.00306e+08,7605,50,127,123,187,116,0,4280,3166,159
171.682,1,13355008,repair,558,3.00977e+08,3.00977e+08,7649,50,114,116,189,89,0,4327,3163,159
171.921,0,13435904,repair,603,3.00328e+08,3.00306e+08,7605,50,127,123,187,116,0,4280,3166,159
171.94,1,13374464,repair,558,3.00977e+08,3.00977e+08,7649,50,114,116,189,89,0,4327,3163,159
172.176,0,13457408,repair,603,3.00328e+08,3.00306e+08,7605,50,127,123,187,116,0,4280,3166,159
172.194,1,13392896,repair,558,3.00977e+08,3.00977e+08,7649,50,114,116,189,89,0,4327,3163,159
172.432,0,13478912,repair,603,3.00328e+08,3.00306e+08,7605,50,127,123,187,116,0,4280,3166,159
172.45,1,13411328,repair,558,3.00977e+08,3.00977e+08,7649,50,114,116,189,89,0,4327,3163,159
172.69,0,13501440,repair,603,3.00328e+08,3.00306e+08,7605,50,127,123,187,116,0,4280,3166,159
172.712,1,13430784,repair,558,3.00977e+08,3.00977e+08,7649,50,114,116,189,89,0,4327,3163,159
172.951,0,13522944,repair,602,2.8185e+08,2.81823e+08,7507,46,124,115,208,109,0,4356,2986,165
172.97,1,13450240,repair,558,3.00977e+08,3.00977e+08,7649,50,114,116,189,89,0,4327,3163,159
173.206,0,13545472,repair,602,2.8185e+08,2.81823e+08,7507,46,124,115,208,109,0,4356,2986,165
173.226,1,13472768,repair,558,3.00977e+08,3.00977e+08,7649,50,114,116,189,89,0,4327,3163,159
173.469,0,13566976,repair,602,2.8185e+08,2.81823e+08,7507,46,124,115,208,109,0,4356,2986,165
173.477,1,13495296,repair,558,3.00977e+08,3.00977e+08,7649,50,114,116,189,89,0,4327,3163,159
173.727,0,13585408,repair,602,2.8185e+08,2.81823e+08,7507,46,124,115,208,109,0,4356,2986,165
173.74,1,13515776,repair,558,3.00977e+08,3.00977e+08,7649,50,114,116,189,89,0,4327,3163,159
173.987,0,13603840,repair,602,2.8185e+08,2.81823e+08,7507,46,124,115,208,109,0,4356,2986,165
174.002,1,13535232,repair,558,3.00977e+08,3.00977e+08,7649,50,114,116,189,89,0,4327,3163,159
174.25,0,13623296,repair,602,2.8185e+08,2.81823e+08,7507,46,124,115,208,109,0,4356,2986,165
174.255,1,13553664,repair,558,3.00977e+08,3.00977e+08,7649,50,114,116,189,89,0,4327,3163,159
174.502,0,13641728,repair,602,2.8185e+08,2.81823e+08,7507,46,124,115,208,109,0,4356,2986,165
174.506,1,13572096,repair,558,3.00977e+08,3.00977e+08,7649,50,114,116,189,89,0,4327,3163,159
174.761,0,13661184,repair,602,2.8185e+08,2.81823e+08,7507,46,124,115,208,109,0,4356,2986,165
174.77,1,13591552,repair,558,3.00977e+08,3.00977e+08,7649,50,114,116,189,89,0,4327,3163,159
175.02,0,13682688,repair,602,2.8185e+08,2.81823e+08,7507,46,124,115,208,109,0,4356,2986,165
175.02,1,13609984,repair,558,3.00977e+08,3.00977e+08,7649,50,114,116,189,89,0,4327,3163,159
175.273,0,13705216,repair,602,2.8185e+08,2.81823e+08,7507,46,124,115,208,109,0,4356,2986,165
175.28,1,13628416,repair,558,3.00977e+08,3.00977e+08,7649,50,114,116,189,89,0,4327,3163,159
175.534,0,13727744,repair,599,2.88825e+08,2.88742e+08,7442,49,136,116,187,111,0,4178,3109,155
175.535,1,13646848,repair,558,3.00977e+08,3.00977e+08,7649,50,114,116,189,89,0,4327,3163,159
175.786,1,13664256,repair,558,3.00977e+08,3.00977e+08,7649,50,114,116,189,89,0,4327,3163,159
175.787,0,13748224,repair,597,2.90939e+08,2.9085e+08,7479,47,133,121,208,88,0,4203,3116,160
176.039,1,13680640,repair,557,2.81772e+08,2.81751e+08,7351,35,128,107,173,114,0,4115,3080,156
176.042,0,13769728,repair,597,2.79631e+08,2.79605e+08,7374,64,132,111,195,95,0,4174,3035,165
176.291,1,13698048,repair,557,2.81772e+08,2.81751e+08,7351,35,128,107,173,114,0,4115,3080,156
176.304,0,13791232,repair,589,3.06615e+08,3.06593e+08,7705,51,122,113,204,99,0,4332,3197,176
176.547,1,13715456,repair,557,2.81772e+08,2.81751e+08,7351,35,128,107,173,114,0,4115,3080,156
176.564,0,13812736,repair,589,3.06615e+08,3.06593e+08,7705,51,122,113,204,99,0,4332,3197,176
176.808,1,13733888,repair,557,2.81772e+08,2.81751e+08,7351,35,128,107,173,114,0,4115,3080,156
176.815,0,13833216,repair,589,3.06615e+08,3.06593e+08,7705,51,122,113,204,99,0,4332,3197,176
177.068,1,13751296,repair,557,2.81772e+08,2.81751e+08,7351,35,128,107,173,114,0,4115,3080,156
177.079,0,13853696,repair,587,3.02551e+08,3.02482e+08,7655,43,128,133,184,99,0,4279,3185,191
177.331,0,13870080,repair,587,3.02551e+08,3.02482e+08,7655,43,128,133,184,99,0,4279,3185,191
177.334,1,13769728,repair,557,2.81772e+08,2.81751e+08,7351,35,128,107,173,114,0,4115,3080,156
177.582,0,13886464,repair,587,3.02551e+08,3.02482e+08,7655,43,128,133,184,99,0,4279,3185,191
177.589,1,13787136,repair,557,2.81772e+08,2.81751e+08,7351,35,128,107,173,114,0,4115,3080,156
177.833,0,13903872,repair,587,3.02551e+08,3.02482e+08,7655,43,128,133,184,99,0,4279,3185,191
177.845,1,13805568,repair,547,2.91108e+08,2.91041e+08,7594,39,114,114,183,97,0,4346,3078,170
178.087,0,13921280,repair,587,3.02551e+08,3.02482e+08,7655,43,128,133,184,99,0,4279,3185,191
178.106,1,13822976,repair,547,2.91108e+08,2.91041e+08,7594,39,114,114,183,97,0,4346,3078,170
178.351,0,13941760,repair,587,3.02551e+08,3.02482e+08,7655,43,128,133,184,99,0,4279,3185,191
178.358,1,13840384,repair,547,2.91108e+08,2.91041e+08,7594,39,114,114,183,97,0,4346,3078,170
178.613,0,13962240,repair,587,3.02551e+08,3.02482e+08,7655,43,128,133,184,99,0,4279,3185,191
178.622,1,13858816,repair,547,2.91108e+08,2.91041e+08,7594,39,114,114,183,97,0,4346,3078,170
178.866,0,13983744,repair,587,3.02551e+08,3.02482e+08,7655,43,128,133,184,99,0,4279,3185,191
178.881,1,13876224,repair,547,2.91108e+08,2.91041e+08,7594,39,114,114,183,97,0,4346,3078,170
179.124,0,14003200,repair,587,3.02551e+08,3.02482e+08,7655,43,128,133,184,99,0,4279,3185,191
179.142,1,13895680,repair,547,2.91108e+08,2.91041e+08,7594,39,114,114,183,97,0,4346,3078,170
179.384,0,14020608,repair,587,3.02551e+08,3.02482e+08,7655,43,128,133,184,99,0,4279,3185,191
179.406,1,13914112,repair,547,2.91108e+08,2.91041e+08,7594,39,114,114,183,97,0,4346,3078,170
179.642,0,14039040,repair,587,3.02551e+08,3.02482e+08,7655,43,128,133,184,99,0,4279,3185,191
179.664,1,13932544,repair,547,2.91108e+08,2.91041e+08,7594,39,114,114,183,97,0,4346,3078,170
179.893,0,14056448,repair,587,3.02551e+08,3.02482e+08,7655,43,128,133,184,99,0,4279,3185,191
179.926,1,13954048,repair,547,2.91108e+08,2.91041e+08,7594,39,114,114,183,97,0,4346,3078,170
180.009,1,13960192,end,547,2.91108e+08,2.91041e+08,7594,39,114,114,183,97,0,4346,3078,170
180.016,0,14063616,end,587,3.02551e+08,3.02482e+08,7655,43,128,133,184,99,0,4279,3185,191
