seconds,worker,moves,phase,hard,objective,surrogate,soft,lecturerConflicts,groupConflicts,roomConflicts,groupTravel,lecturerTravel,abstractRoomOverflow,lecturerWindows,groupWindows,mixedOnlineDays
0.0534056,0,0,start,1080,7.69327e+07,7.69191e+07,2134,0,0,0,671,409,0,1444,477,213
0.0612605,1,0,start,1079,7.84116e+07,7.83954e+07,2240,0,0,0,671,408,0,1541,479,220
0.31323,0,23552,repair,728,2.68366e+08,2.68309e+08,7244,52,149,129,262,136,0,4191,2898,155
0.323054,1,19456,repair,763,2.7944e+08,2.79414e+08,7285,58,177,140,245,143,0,4079,3023,183
0.567049,0,46080,repair,565,2.73954e+08,2.73888e+08,7346,35,116,104,221,89,0,4169,2988,189
0.590374,1,37888,repair,620,2.58893e+08,2.58868e+08,7110,43,133,100,231,113,0,4039,2894,177
0.822035,0,68608,repair,432,2.60615e+08,2.60532e+08,7182,35,87,88,134,88,0,4116,2928,138
0.845907,1,56320,repair,516,2.43199e+08,2.43143e+08,7004,36,99,87,194,100,0,4069,2770,165
1.08065,0,90112,repair,359,2.04988e+08,2.04933e+08,6425,15,63,62,150,69,0,3737,2564,124
1.09885,1,73728,repair,414,2.4885e+08,2.48768e+08,7054,31,78,75,140,90,0,4047,2850,157
1.33274,0,110592,repair,291,1.78008e+08,1.77942e+08,6010,13,58,41,108,71,0,3493,2392,125
1.34977,1,90112,repair,340,2.21751e+08,2.21674e+08,6682,15,71,57,115,82,0,3847,2687,148
1.58307,0,131072,repair,212,1.73409e+08,1.73359e+08,6078,9,44,36,79,44,0,3651,2293,134
1.6041,1,107520,repair,291,1.92129e+08,1.92107e+08,6310,13,44,46,128,60,0,3713,2453,144
1.83623,0,151552,repair,158,1.60804e+08,1.60804e+08,5851,8,18,23,74,35,0,3538,2204,109
1.86503,1,124928,repair,239,1.77403e+08,1.77352e+08,6120,13,43,34,110,39,0,3656,2329,135
2.10203,0,169984,repair,125,1.45642e+08,1.45639e+08,5554,5,16,21,54,29,0,3360,2104,90
2.12042,1,142336,repair,178,1.80512e+08,1.80446e+08,6151,10,34,28,67,39,0,3660,2370,121
2.36439,0,186368,repair,88,1.3866e+08,1.38619e+08,5472,1,12,9,45,21,0,3339,2029,104
2.38442,1,159744,repair,135,1.66611e+08,1.66562e+08,5932,9,10,24,56,36,0,3562,2262,108
2.61483,0,202752,repair,48,1.39686e+08,1.39666e+08,5508,0,10,13,16,9,0,3373,2030,105
2.63975,1,175104,repair,116,1.38063e+08,1.3806e+08,5432,3,13,11,65,24,0,3290,2039,103
2.87082,0,218112,repair,37,1.16768e+08,1.16732e+08,5096,1,7,6,14,9,0,3187,1812,97
2.88994,1,192512,repair,69,1.45423e+08,1.4542e+08,5544,5,15,13,21,15,0,3340,2113,91
3.1248,0,234496,repair,23,1.04911e+08,1.04877e+08,4844,0,2,3,14,4,0,3050,1705,89
3.14257,1,210944,repair,52,1.20099e+08,1.20099e+08,5158,1,4,4,28,15,0,3246,1832,80
3.38029,0,250880,repair,9,9.7807e+07,9.77743e+07,4678,0,1,3,3,2,0,2973,1635,70
3.39579,1,229376,repair,31,1.09421e+08,1.09421e+08,4899,1,2,5,12,11,0,3064,1765,70
3.63701,0,269312,repair,2,9.86091e+07,9.8559e+07,4672,0,0,1,0,1,0,2935,1664,73
3.65529,1,248832,repair,13,1.02924e+08,1.02875e+08,4787,1,0,1,7,4,0,3040,1682,65
3.89412,0,287744,repair,1,6.8077e+07,6.8077e+07,3960,0,0,0,0,1,0,2586,1314,60
3.90546,1,267264,repair,5,9.99014e+07,9.98533e+07,4706,1,0,1,3,0,0,2985,1662,59
4.14714,0,306176,repair,1,5.86597e+07,5.86581e+07,3696,0,0,0,0,1,0,2442,1199,55
4.16067,1,287744,repair,2,7.10289e+07,7.10289e+07,4041,0,1,0,0,1,0,2649,1339,53
4.39816,0,322560,windows,0,5.11444e+07,5.11217e+07,3442,0,0,0,0,0,0,2255,1132,55
4.41943,1,306176,windows,0,6.11539e+07,6.11151e+07,3718,0,0,0,0,0,0,2399,1271,48
4.65913,0,335872,windows,0,4.16184e+07,4.16184e+07,3125,0,0,0,0,0,0,2080,998,47
4.68408,1,321536,windows,0,5.10889e+07,5.1065e+07,3432,0,0,0,0,0,0,2258,1130,44
4.90939,0,348160,windows,0,3.54524e+07,3.5443e+07,2876,0,0,0,0,0,0,1894,934,48
4.95239,1,335872,windows,0,4.07114e+07,4.07103e+07,3069,0,0,0,0,0,0,2025,1004,40
5.17289,0,362496,windows,0,3.05384e+07,3.05373e+07,2699,0,0,0,0,0,0,1832,828,39
5.21817,1,350208,windows,0,3.30744e+07,3.30744e+07,2808,0,0,0,0,0,0,1908,861,39
5.43214,0,376832,windows,0,2.61863e+07,2.61768e+07,2502,0,0,0,0,0,0,1707,761,34
5.47258,1,363520,windows,0,2.85413e+07,2.85399e+07,2611,0,0,0,0,0,0,1754,809,48
5.68341,0,391168,windows,0,2.26876e+07,2.26648e+07,2332,0,0,0,0,0,0,1604,700,28
5.7261,1,377856,windows,0,2.43558e+07,2.434e+07,2419,0,0,0,0,0,0,1649,732,38
5.93702,0,404480,windows,0,1.8619e+07,1.85986e+07,2082,0,0,0,0,0,0,1379,674,29
5.98409,1,392192,windows,0,2.04305e+07,2.04217e+07,2241,0,0,0,0,0,0,1577,631,33
6.19117,0,418816,windows,0,1.57104e+07,1.56923e+07,1951,0,0,0,0,0,0,1356,570,25
6.23714,1,405504,windows,0,1.71247e+07,1.7111e+07,1987,0,0,0,0,0,0,1312,652,23
6.45053,0,433152,windows,0,1.36758e+07,1.36686e+07,1831,0,0,0,0,0,0,1291,516,24
6.49053,1,418816,windows,0,1.47307e+07,1.47235e+07,1872,0,0,0,0,0,0,1269,577,26
6.70663,0,447488,windows,0,1.1907e+07,1.19063e+07,1695,0,0,0,0,0,0,1167,504,24
6.74146,1,433152,windows,0,1.26705e+07,1.26537e+07,1757,0,0,0,0,0,0,1236,501,20
6.96982,0,461824,windows,0,1.00674e+07,1.0062e+07,1557,0,0,0,0,0,0,1083,458,16
7.00763,1,447488,windows,0,1.10219e+07,1.10219e+07,1641,0,0,0,0,0,0,1163,461,17
7.22898,0,475136,windows,0,8.4363e+06,8.42231e+06,1426,0,0,0,0,0,0,981,425,20
7.26056,1,460800,windows,0,9.41635e+06,9.41579e+06,1511,0,0,0,0,0,0,1052,440,19
7.49017,0,489472,windows,0,7.17575e+06,7.1711e+06,1324,0,0,0,0,0,0,930,377,17
7.52585,1,475136,windows,0,7.77286e+06,7.76496e+06,1373,0,0,0,0,0,0,964,395,14
7.74646,0,503808,windows,0,6.24244e+06,6.23103e+06,1234,0,0,0,0,0,0,860,356,18
7.78539,1,489472,windows,0,6.60767e+06,6.60729e+06,1268,0,0,0,0,0,0,894,361,13
8.00385,0,518144,windows,0,5.33826e+06,5.33826e+06,1151,0,0,0,0,0,0,821,313,17
8.04457,1,503808,windows,0,5.6895e+06,5.67873e+06,1181,0,0,0,0,0,0,839,329,13
8.26072,0,532480,windows,0,4.41392e+06,4.41392e+06,1041,0,0,0,0,0,0,725,298,18
8.30584,1,518144,windows,0,4.93916e+06,4.93916e+06,1104,0,0,0,0,0,0,801,294,9
8.52688,0,545792,windows,0,3.66602e+06,3.66065e+06,950,0,0,0,0,0,0,665,269,16
8.56981,1,532480,windows,0,4.0178e+06,4.0178e+06,987,0,0,0,0,0,0,703,278,6
8.78309,0,559104,windows,0,3.16939e+06,3.16093e+06,887,0,0,0,0,0,0,628,244,15
8.82615,1,545792,windows,0,3.4151e+06,3.4117e+06,910,0,0,0,0,0,0,647,257,6
9.04234,0,572416,windows,0,2.71517e+06,2.71517e+06,819,0,0,0,0,0,0,578,228,13
9.09061,1,560128,windows,0,2.87375e+06,2.86606e+06,840,0,0,0,0,0,0,610,225,5
9.30223,0,585728,windows,0,2.37197e+06,2.36751e+06,771,0,0,0,0,0,0,554,204,13
9.3428,1,574464,windows,0,2.45717e+06,2.45697e+06,777,0,0,0,0,0,0,558,212,7
9.55872,0,599040,windows,0,1.93426e+06,1.93391e+06,690,0,0,0,0,0,0,482,196,12
9.60889,1,588800,windows,0,2.12123e+06,2.12123e+06,727,0,0,0,0,0,0,540,182,5
9.81874,0,612352,windows,0,1.59758e+06,1.59729e+06,627,0,0,0,0,0,0,440,177,10
9.87279,1,603136,windows,0,1.70668e+06,1.70432e+06,650,0,0,0,0,0,0,472,172,6
10.0777,0,625664,windows,0,1.36696e+06,1.36696e+06,584,0,0,0,0,0,0,419,156,9
10.1387,1,617472,windows,0,1.4269e+06,1.4269e+06,594,0,0,0,0,0,0,429,159,6
10.3351,0,638976,windows,0,1.16232e+06,1.16037e+06,540,0,0,0,0,0,0,389,142,9
10.3912,1,631808,windows,0,1.20175e+06,1.20175e+06,546,0,0,0,0,0,0,398,143,5
10.5874,0,652288,windows,0,1.0141e+06,1.01215e+06,497,0,0,0,0,0,0,344,145,8
10.6613,1,647168,windows,0,1.01759e+06,1.01574e+06,502,0,0,0,0,0,0,370,129,3
10.8495,0,665600,windows,0,895720,894111,467,0,0,0,0,0,0,322,137,8
10.9181,1,661504,windows,0,889480,889480,468,0,0,0,0,0,0,344,122,2
11.1158,0,678912,windows,0,685135,685135,409,0,0,0,0,0,0,283,119,7
11.1817,1,674816,windows,0,669910,667535,400,0,0,0,0,0,0,278,119,3
11.3758,0,692224,windows,0,574340,573091,372,0,0,0,0,0,0,250,114,8
11.4424,1,688128,windows,0,564040,562105,375,0,0,0,0,0,0,274,97,4
11.6359,0,705536,windows,0,496535,496535,341,0,0,0,0,0,0,223,111,7
11.698,1,701440,windows,0,490555,488718,350,0,0,0,0,0,0,259,88,3
11.9037,0,718848,windows,0,448930,447801,331,0,0,0,0,0,0,226,98,7
11.9488,1,714752,windows,0,431125,428196,325,0,0,0,0,0,0,235,88,2
12.1756,0,733184,windows,0,389145,386256,308,0,0,0,0,0,0,207,93,8
12.207,1,729088,windows,0,369560,368085,304,0,0,0,0,0,0,228,74,2
12.433,0,744448,windows,0,291940,290991,272,0,0,0,0,0,0,190,74,8
12.4675,1,743424,windows,0,278325,275886,255,0,0,0,0,0,0,177,78,0
12.6945,0,757760,windows,0,257645,257645,253,0,0,0,0,0,0,171,74,8
12.7281,1,756736,windows,0,229700,229700,233,0,0,0,0,0,0,164,69,0
12.9456,0,772096,windows,0,225275,225275,234,0,0,0,0,0,0,155,72,7
12.9918,1,772096,windows,0,193800,192969,218,0,0,0,0,0,0,156,60,2
13.2038,0,786432,windows,0,193715,192991,218,0,0,0,0,0,0,145,66,7
13.2504,1,786432,windows,0,168370,167661,203,0,0,0,0,0,0,142,58,3
13.467,0,800768,windows,0,173900,173900,208,0,0,0,0,0,0,142,60,6
13.5073,1,800768,windows,0,147020,147020,192,0,0,0,0,0,0,142,48,2
13.732,0,815104,windows,0,129650,128016,180,0,0,0,0,0,0,124,51,5
13.7606,1,815104,windows,0,109280,109228,163,0,0,0,0,0,0,114,47,2
13.9907,0,829440,windows,0,102855,101406,161,0,0,0,0,0,0,111,45,5
14.0175,1,829440,windows,0,93280,93227.5,151,0,0,0,0,0,0,106,43,2
14.2442,0,842752,windows,0,92155,90816.2,154,0,0,0,0,0,0,109,40,5
14.2835,1,843776,windows,0,78470,77183.8,138,0,0,0,0,0,0,98,39,1
14.5021,0,857088,windows,0,84770,84770,147,0,0,0,0,0,0,102,40,5
14.5525,1,857088,windows,0,70905,70358.8,134,0,0,0,0,0,0,99,33,2
14.7662,0,871424,windows,0,79630,78875,143,0,0,0,0,0,0,100,38,5
14.8159,1,871424,windows,0,57935,57488.8,119,0,0,0,0,0,0,85,33,1
15.0217,0,884736,windows,0,64255,64255,127,0,0,0,0,0,0,85,37,5
15.0755,1,885760,windows,0,43735,43318.8,105,0,0,0,0,0,0,79,25,1
15.2788,0,898048,windows,0,57090,56701.2,119,0,0,0,0,0,0,78,36,5
15.3255,1,899072,windows,0,37730,37368.8,96,0,0,0,0,0,0,68,27,1
15.5363,0,911360,windows,0,54050,53315,114,0,0,0,0,0,0,72,37,5
15.5916,1,913408,windows,0,33830,33295,90,0,0,0,0,0,0,62,27,1
15.7888,0,924672,windows,0,49055,48360,109,0,0,0,0,0,0,69,35,5
15.853,1,927744,windows,0,30530,30035,86,0,0,0,0,0,0,60,25,1
16.0433,0,937984,windows,0,46315,46315,106,0,0,0,0,0,0,67,34,5
16.1076,1,942080,windows,0,27710,27411.2,83,0,0,0,0,0,0,60,22,1
16.3065,0,952320,windows,0,39230,38931.2,97,0,0,0,0,0,0,60,32,5
16.3704,1,956416,windows,0,23070,23047.5,73,0,0,0,0,0,0,48,24,1
16.5661,0,965632,windows,0,32795,31936.2,88,0,0,0,0,0,0,53,30,5
16.6216,1,970752,windows,0,18955,18932.5,66,0,0,0,0,0,0,43,22,1
16.8224,0,978944,windows,0,30475,29920,86,0,0,0,0,0,0,53,28,5
16.886,1,986112,windows,0,17640,17431.2,63,0,0,0,0,0,0,42,21,0
17.0734,0,993280,windows,0,27830,27295,82,0,0,0,0,0,0,50,27,5
17.1422,1,1000448,windows,0,17225,16810,62,0,0,0,0,0,0,41,21,0
17.3235,0,1007616,windows,0,25275,25021.2,80,0,0,0,0,0,0,51,24,5
17.3946,1,1014784,windows,0,16000,16000,60,0,0,0,0,0,0,40,20,0
17.5894,0,1022976,windows,0,24770,24770,79,0,0,0,0,0,0,50,24,5
17.6467,1,1029120,windows,0,16000,16000,60,0,0,0,0,0,0,40,20,0
17.8568,0,1038336,windows,0,21590,21175,74,0,0,0,0,0,0,50,21,3
17.9116,1,1044480,windows,0,14480,14301.2,56,0,0,0,0,0,0,36,20,0
18.1158,0,1053696,windows,0,19640,19006.2,70,0,0,0,0,0,0,48,20,2
18.1712,1,1059840,windows,0,13700,13700,55,0,0,0,0,0,0,36,19,0
18.383,0,1069056,windows,0,19165,18536.2,69,0,0,0,0,0,0,47,20,2
18.427,1,1074176,windows,0,13700,13700,55,0,0,0,0,0,0,36,19,0
18.6506,0,1084416,windows,0,19165,18536.2,69,0,0,0,0,0,0,47,20,2
18.689,1,1089536,windows,0,12025,12025,50,0,0,0,0,0,0,31,19,0
18.9114,0,1098752,windows,0,16120,15921.2,62,0,0,0,0,0,0,40,20,2
18.9458,1,1104896,windows,0,10240,10081.2,48,0,0,0,0,0,0,32,16,0
19.1759,0,1114112,windows,0,15340,14756.2,60,0,0,0,0,0,0,38,20,2
19.2022,1,1119232,windows,0,10240,10081.2,48,0,0,0,0,0,0,32,16,0
19.4388,0,1128448,windows,0,14600,14026.2,58,0,0,0,0,0,0,36,20,2
19.4686,1,1134592,windows,0,9925,9925,47,0,0,0,0,0,0,31,16,0
19.6973,0,1142784,windows,0,14185,13626.2,58,0,0,0,0,0,0,37,19,2
19.7214,1,1148928,windows,0,9925,9925,47,0,0,0,0,0,0,31,16,0
19.96,0,1157120,windows,0,13820,13445,57,0,0,0,0,0,0,36,19,2
19.9889,1,1163264,windows,0,8705,8705,44,0,0,0,0,0,0,29,15,0
20.2229,0,1171456,windows,0,13465,13090,56,0,0,0,0,0,0,35,19,2
20.2501,1,1177600,windows,0,8420,8420,43,0,0,0,0,0,0,28,15,0
20.4897,0,1186816,windows,0,13120,12745,55,0,0,0,0,0,0,34,19,2
20.5018,1,1191936,windows,0,8145,8145,42,0,0,0,0,0,0,27,15,0
20.7522,1,1208320,windows,0,8145,8145,42,0,0,0,0,0,0,27,15,0
20.7539,0,1201152,windows,0,12785,12410,54,0,0,0,0,0,0,33,19,2
21.0095,0,1215488,windows,0,12460,12085,53,0,0,0,0,0,0,32,19,2
21.0138,1,1226752,windows,0,7565,7565,41,0,0,0,0,0,0,27,14,0
21.2615,0,1230848,windows,0,12025,11690,54,0,0,0,0,0,0,35,17,2
21.2705,1,1244160,windows,0,7300,7300,41,0,0,0,0,0,0,28,13,0
21.5257,1,1261568,windows,0,7025,6891.25,40,0,0,0,0,0,0,27,13,0
21.528,0,1246208,windows,0,11630,11315,53,0,0,0,0,0,0,36,16,1
21.7796,0,1261568,windows,0,11255,10920,51,0,0,0,0,0,0,33,17,1
21.7895,1,1280000,windows,0,7025,6891.25,40,0,0,0,0,0,0,27,13,0
22.0402,0,1277952,windows,0,10595,10280,50,0,0,0,0,0,0,33,16,1
22.0428,1,1296384,windows,0,6800,6800,40,0,0,0,0,0,0,28,12,0
22.298,0,1294336,windows,0,10270,9955,49,0,0,0,0,0,0,32,16,1
22.303,1,1312768,windows,0,6525,6525,39,0,0,0,0,0,0,27,12,0
22.5591,1,1330176,windows,0,6505,6505,38,0,0,0,0,0,0,25,13,0
22.5618,0,1310720,windows,0,9335,9040,47,0,0,0,0,0,0,31,15,1
22.8116,1,1346560,windows,0,5525,5525,35,0,0,0,0,0,0,23,12,0
22.8236,0,1327104,windows,0,8620,8365,47,0,0,0,0,0,0,32,13,2
23.0766,1,1364992,windows,0,5300,5300,34,0,0,0,0,0,0,22,12,0
23.0781,0,1346560,windows,0,8215,7960,45,0,0,0,0,0,0,31,13,1
23.3312,0,1364992,windows,0,7715,7480,44,0,0,0,0,0,0,31,12,1
23.3345,1,1382400,windows,0,5085,5085,33,0,0,0,0,0,0,21,12,0
23.5868,1,1400832,windows,0,5085,5085,33,0,0,0,0,0,0,21,12,0
23.5885,0,1384448,windows,0,7705,7450,44,0,0,0,0,0,0,29,13,2
23.8381,1,1419264,windows,0,5085,5085,33,0,0,0,0,0,0,21,12,0
23.8417,0,1403904,windows,0,7145,6890,42,0,0,0,0,0,0,27,13,2
24.099,1,1437696,windows,0,5085,5085,33,0,0,0,0,0,0,21,12,0
24.1024,0,1423360,windows,0,7115,6880,42,0,0,0,0,0,0,29,12,1
24.3598,0,1441792,windows,0,6555,6320,40,0,0,0,0,0,0,27,12,1
24.3621,1,1455104,windows,0,5085,5085,33,0,0,0,0,0,0,21,12,0
24.6111,0,1460224,windows,0,6290,6055,39,0,0,0,0,0,0,26,12,1
24.6235,1,1472512,windows,0,5085,5085,33,0,0,0,0,0,0,21,12,0
24.872,0,1478656,windows,0,6035,5676.25,38,0,0,0,0,0,0,25,12,1
24.8834,1,1489920,windows,0,5085,5085,33,0,0,0,0,0,0,21,12,0
25.1302,0,1497088,windows,0,5790,5555,37,0,0,0,0,0,0,24,12,1
25.1473,1,1507328,windows,0,4880,4546.25,32,0,0,0,0,0,0,20,12,0
25.3952,0,1516544,windows,0,5790,5555,37,0,0,0,0,0,0,24,12,1
25.4119,1,1523712,windows,0,4880,4546.25,32,0,0,0,0,0,0,20,12,0
25.655,0,1534976,windows,0,5790,5555,37,0,0,0,0,0,0,24,12,1
25.6652,1,1539072,windows,0,4880,4546.25,32,0,0,0,0,0,0,20,12,0
25.9152,0,1553408,windows,0,5790,5555,37,0,0,0,0,0,0,24,12,1
25.9278,1,1555456,windows,0,4880,4546.25,32,0,0,0,0,0,0,20,12,0
26.1686,0,1569792,windows,0,5790,5555,37,0,0,0,0,0,0,24,12,1
26.1936,1,1570816,windows,0,4880,4546.25,32,0,0,0,0,0,0,20,12,0
26.4218,0,1587200,windows,0,4880,4546.25,32,0,0,0,0,0,0,20,12,0
26.4589,1,1586176,windows,0,4880,4546.25,32,0,0,0,0,0,0,20,12,0
26.6808,0,1606656,windows,0,4880,4546.25,32,0,0,0,0,0,0,20,12,0
26.7202,1,1600512,windows,0,4880,4546.25,32,0,0,0,0,0,0,20,12,0
26.941,0,1626112,windows,0,4625,4521.25,32,0,0,0,0,0,0,21,11,0
26.982,1,1615872,windows,0,4880,4546.25,32,0,0,0,0,0,0,20,12,0
27.2003,0,1644544,windows,0,4625,4521.25,32,0,0,0,0,0,0,21,11,0
27.2402,1,1631232,windows,0,4880,4546.25,32,0,0,0,0,0,0,20,12,0
27.4635,0,1661952,windows,0,4625,4521.25,32,0,0,0,0,0,0,21,11,0
27.5025,1,1646592,windows,0,4625,4521.25,32,0,0,0,0,0,0,21,11,0
27.7193,0,1680384,windows,0,4000,3706.25,30,0,0,0,0,0,0,20,10,0
27.768,1,1662976,windows,0,4205,4101.25,31,0,0,0,0,0,0,21,10,0
27.9792,0,1697792,windows,0,4000,3706.25,30,0,0,0,0,0,0,20,10,0
28.0215,1,1678336,windows,0,4000,4000,30,0,0,0,0,0,0,20,10,0
28.2314,0,1715200,windows,0,4000,3706.25,30,0,0,0,0,0,0,20,10,0
28.2843,1,1693696,windows,0,3620,3620,29,0,0,0,0,0,0,20,9,0
28.4921,0,1733632,windows,0,3825,3546.25,30,0,0,0,0,0,0,21,9,0
28.5344,1,1709056,windows,0,3240,3240,27,0,0,0,0,0,0,18,9,0
28.746,0,1751040,windows,0,3620,3445,29,0,0,0,0,0,0,20,9,0
28.7918,1,1725440,windows,0,3240,3240,27,0,0,0,0,0,0,18,9,0
29.0044,0,1768448,windows,0,3620,3445,29,0,0,0,0,0,0,20,9,0
29.0545,1,1742848,windows,0,3240,3240,27,0,0,0,0,0,0,18,9,0
29.2627,0,1788928,windows,0,3620,3445,29,0,0,0,0,0,0,20,9,0
29.3103,1,1758208,windows,0,3240,3240,27,0,0,0,0,0,0,18,9,0
29.529,0,1809408,windows,0,3240,3240,27,0,0,0,0,0,0,18,9,0
29.5655,1,1774592,windows,0,3240,3240,27,0,0,0,0,0,0,18,9,0
29.7821,0,1827840,windows,0,3240,3240,27,0,0,0,0,0,0,18,9,0
29.8307,1,1790976,windows,0,3240,3240,27,0,0,0,0,0,0,18,9,0
30.0446,0,1844224,windows,0,3240,3240,27,0,0,0,0,0,0,18,9,0
30.083,1,1806336,windows,0,3240,3240,27,0,0,0,0,0,0,18,9,0
30.3014,0,1860608,windows,0,3240,3240,27,0,0,0,0,0,0,18,9,0
30.3385,1,1821696,windows,0,3240,3240,27,0,0,0,0,0,0,18,9,0
30.5544,0,1876992,windows,0,3240,3240,27,0,0,0,0,0,0,18,9,0
30.6039,1,1838080,windows,0,3240,3240,27,0,0,0,0,0,0,18,9,0
30.8045,0,1891328,windows,0,3240,3240,27,0,0,0,0,0,0,18,9,0
30.8688,1,1854464,windows,0,3240,3240,27,0,0,0,0,0,0,18,9,0
31.0635,0,1906688,windows,0,3240,3240,27,0,0,0,0,0,0,18,9,0
31.1332,1,1870848,windows,0,3240,3240,27,0,0,0,0,0,0,18,9,0
31.3262,0,1923072,windows,0,3240,3240,27,0,0,0,0,0,0,18,9,0
31.3977,1,1886208,windows,0,3240,3240,27,0,0,0,0,0,0,18,9,0
31.5856,0,1940480,windows,0,3240,3240,27,0,0,0,0,0,0,18,9,0
31.6551,1,1902592,windows,0,3240,3240,27,0,0,0,0,0,0,18,9,0
31.842,0,1959936,windows,0,3240,3240,27,0,0,0,0,0,0,18,9,0
31.9113,1,1918976,windows,0,3240,3240,27,0,0,0,0,0,0,18,9,0
32.1002,0,1978368,repair,0,3240,3240,27,0,0,0,0,0,0,18,9,0
32.1759,1,1936384,windows,0,3240,3240,27,0,0,0,0,0,0,18,9,0
32.3672,0,1993728,windows,0,3240,3240,27,0,0,0,0,0,0,18,9,0
32.4289,1,1952768,windows,0,3240,3240,27,0,0,0,0,0,0,18,9,0
32.6261,0,2008064,windows,0,3240,3240,27,0,0,0,0,0,0,18,9,0
32.697,1,1968128,repair,0,3240,3240,27,0,0,0,0,0,0,18,9,0
32.8873,0,2022400,windows,0,3240,3240,27,0,0,0,0,0,0,18,9,0
32.9474,1,1983488,repair,0,3240,3240,27,0,0,0,0,0,0,18,9,0
33.1479,0,2037760,windows,0,3240,3240,27,0,0,0,0,0,0,18,9,0
33.2096,1,1998848,windows,0,3240,3240,27,0,0,0,0,0,0,18,9,0
33.4117,0,2053120,windows,0,3240,3240,27,0,0,0,0,0,0,18,9,0
33.4733,1,2014208,windows,0,3240,3240,27,0,0,0,0,0,0,18,9,0
33.6783,0,2068480,windows,0,3240,3240,27,0,0,0,0,0,0,18,9,0
33.7391,1,2029568,windows,0,3240,3240,27,0,0,0,0,0,0,18,9,0
33.9299,0,2083840,windows,0,3240,3240,27,0,0,0,0,0,0,18,9,0
33.9962,1,2044928,windows,0,3240,3240,27,0,0,0,0,0,0,18,9,0
34.1929,0,2098176,windows,0,3240,3240,27,0,0,0,0,0,0,18,9,0
34.2593,1,2059264,windows,0,3240,3240,27,0,0,0,0,0,0,18,9,0
34.4433,0,2113536,windows,0,3240,3240,27,0,0,0,0,0,0,18,9,0
34.5157,1,2073600,windows,0,3240,3240,27,0,0,0,0,0,0,18,9,0
34.6994,0,2127872,windows,0,3240,3240,27,0,0,0,0,0,0,18,9,0
34.7696,1,2087936,windows,0,3240,3240,27,0,0,0,0,0,0,18,9,0
34.9652,0,2143232,windows,0,3240,3240,27,0,0,0,0,0,0,18,9,0
35.0322,1,2103296,windows,0,3240,3240,27,0,0,0,0,0,0,18,9,0
35.2257,0,2159616,windows,0,3240,3240,27,0,0,0,0,0,0,18,9,0
35.3004,1,2118656,windows,0,3240,3240,27,0,0,0,0,0,0,18,9,0
35.4915,0,2176000,windows,0,3240,3240,27,0,0,0,0,0,0,18,9,0
35.5558,1,2132992,windows,0,3240,3240,27,0,0,0,0,0,0,18,9,0
35.7429,0,2192384,windows,0,3240,3240,27,0,0,0,0,0,0,18,9,0
35.8064,1,2149376,windows,0,3240,3240,27,0,0,0,0,0,0,18,9,0
35.9994,0,2209792,windows,0,3240,3240,27,0,0,0,0,0,0,18,9,0
36.0583,1,2165760,windows,0,3240,3240,27,0,0,0,0,0,0,18,9,0
36.262,0,2224128,windows,0,3240,3240,27,0,0,0,0,0,0,18,9,0
36.3167,1,2181120,windows,0,3240,3240,27,0,0,0,0,0,0,18,9,0
36.5247,0,2239488,windows,0,3240,3240,27,0,0,0,0,0,0,18,9,0
36.5705,1,2197504,windows,0,3240,3240,27,0,0,0,0,0,0,18,9,0
36.775,0,2253824,windows,0,3240,3240,27,0,0,0,0,0,0,18,9,0
36.8307,1,2212864,windows,0,3240,3240,27,0,0,0,0,0,0,18,9,0
37.0333,0,2269184,windows,0,3240,3240,27,0,0,0,0,0,0,18,9,0
37.0945,1,2229248,windows,0,3240,3240,27,0,0,0,0,0,0,18,9,0
37.287,0,2283520,windows,0,3240,3240,27,0,0,0,0,0,0,18,9,0
37.3495,1,2243584,windows,0,3240,3240,27,0,0,0,0,0,0,18,9,0
37.5484,0,2297856,windows,0,3240,3240,27,0,0,0,0,0,0,18,9,0
37.609,1,2258944,windows,0,3240,3240,27,0,0,0,0,0,0,18,9,0
37.811,0,2316288,windows,0,3240,3240,27,0,0,0,0,0,0,18,9,0
37.875,1,2275328,windows,0,3240,3240,27,0,0,0,0,0,0,18,9,0
38.0717,0,2334720,windows,0,3240,3240,27,0,0,0,0,0,0,18,9,0
38.1373,1,2290688,windows,0,3240,3240,27,0,0,0,0,0,0,18,9,0
38.3228,0,2353152,windows,0,3240,3240,27,0,0,0,0,0,0,18,9,0
38.3945,1,2305024,windows,0,3240,3240,27,0,0,0,0,0,0,18,9,0
38.5736,0,2370560,windows,0,3240,3240,27,0,0,0,0,0,0,18,9,0
38.6461,1,2319360,windows,0,3240,3240,27,0,0,0,0,0,0,18,9,0
38.8285,0,2387968,windows,0,3240,3240,27,0,0,0,0,0,0,18,9,0
38.9059,1,2334720,windows,0,3240,3240,27,0,0,0,0,0,0,18,9,0
39.0863,0,2405376,windows,0,3240,3240,27,0,0,0,0,0,0,18,9,0
39.1696,1,2350080,windows,0,3240,3240,27,0,0,0,0,0,0,18,9,0
39.3374,0,2420736,windows,0,3240,3240,27,0,0,0,0,0,0,18,9,0
39.4349,1,2365440,windows,0,3240,3240,27,0,0,0,0,0,0,18,9,0
39.5988,0,2437120,windows,0,3240,3240,27,0,0,0,0,0,0,18,9,0
39.6907,1,2381824,windows,0,3240,3240,27,0,0,0,0,0,0,18,9,0
39.863,0,2453504,windows,0,3240,3240,27,0,0,0,0,0,0,18,9,0
39.9444,1,2397184,windows,0,3240,3240,27,0,0,0,0,0,0,18,9,0
40.1311,0,2468864,repair,0,3240,3240,27,0,0,0,0,0,0,18,9,0
40.1947,1,2412544,windows,0,3240,3240,27,0,0,0,0,0,0,18,9,0
40.3905,0,2483200,repair,0,3240,3240,27,0,0,0,0,0,0,18,9,0
40.449,1,2427904,windows,0,3240,3240,27,0,0,0,0,0,0,18,9,0
40.6562,0,2499584,windows,0,3240,3240,27,0,0,0,0,0,0,18,9,0
40.705,1,2442240,windows,0,3240,3240,27,0,0,0,0,0,0,18,9,0
40.9079,0,2513920,windows,0,3240,3240,27,0,0,0,0,0,0,18,9,0
40.9667,1,2457600,windows,0,3240,3240,27,0,0,0,0,0,0,18,9,0
41.1661,0,2527232,windows,0,3240,3240,27,0,0,0,0,0,0,18,9,0
41.2286,1,2472960,repair,0,3240,3240,27,0,0,0,0,0,0,18,9,0
41.421,0,2541568,windows,0,3240,3240,27,0,0,0,0,0,0,18,9,0
41.4798,1,2487296,repair,0,3240,3240,27,0,0,0,0,0,0,18,9,0
41.6899,0,2555904,windows,0,3240,3240,27,0,0,0,0,0,0,18,9,0
41.7416,1,2502656,windows,0,3240,3240,27,0,0,0,0,0,0,18,9,0
41.9567,0,2569216,windows,0,3240,3240,27,0,0,0,0,0,0,18,9,0
42.0009,1,2516992,windows,0,3240,3240,27,0,0,0,0,0,0,18,9,0
42.2117,0,2582528,windows,0,3240,3240,27,0,0,0,0,0,0,18,9,0
42.2602,1,2532352,windows,0,3240,3240,27,0,0,0,0,0,0,18,9,0
42.4654,0,2595840,windows,0,3240,3240,27,0,0,0,0,0,0,18,9,0
42.524,1,2549760,windows,0,3240,3240,27,0,0,0,0,0,0,18,9,0
42.7204,0,2609152,windows,0,3240,3240,27,0,0,0,0,0,0,18,9,0
42.784,1,2565120,windows,0,3240,3240,27,0,0,0,0,0,0,18,9,0
42.9831,0,2623488,windows,0,3240,3240,27,0,0,0,0,0,0,18,9,0
43.042,1,2579456,windows,0,3240,3240,27,0,0,0,0,0,0,18,9,0
43.2398,0,2637824,windows,0,3240,3240,27,0,0,0,0,0,0,18,9,0
43.2986,1,2593792,windows,0,3240,3240,27,0,0,0,0,0,0,18,9,0
43.5056,0,2653184,windows,0,3240,3240,27,0,0,0,0,0,0,18,9,0
43.5599,1,2609152,windows,0,3240,3240,27,0,0,0,0,0,0,18,9,0
43.7643,0,2668544,windows,0,3240,3240,27,0,0,0,0,0,0,18,9,0
43.8156,1,2624512,windows,0,3240,3240,27,0,0,0,0,0,0,18,9,0
44.0256,0,2682880,windows,0,3240,3240,27,0,0,0,0,0,0,18,9,0
44.0687,1,2639872,windows,0,3240,3240,27,0,0,0,0,0,0,18,9,0
44.2922,0,2698240,windows,0,3240,3240,27,0,0,0,0,0,0,18,9,0
44.3281,1,2654208,windows,0,3240,3240,27,0,0,0,0,0,0,18,9,0
44.5456,0,2712576,windows,0,3240,3240,27,0,0,0,0,0,0,18,9,0
44.5962,1,2669568,windows,0,3240,3240,27,0,0,0,0,0,0,18,9,0
44.8112,0,2726912,windows,0,3240,3240,27,0,0,0,0,0,0,18,9,0
44.8487,1,2684928,windows,0,3240,3240,27,0,0,0,0,0,0,18,9,0
45.0687,0,2741248,windows,0,3240,3240,27,0,0,0,0,0,0,18,9,0
45.1024,1,2699264,windows,0,3240,3240,27,0,0,0,0,0,0,18,9,0
45.3322,0,2755584,windows,0,3240,3240,27,0,0,0,0,0,0,18,9,0
45.3585,1,2712576,windows,0,3240,3240,27,0,0,0,0,0,0,18,9,0
45.5962,0,2769920,windows,0,3240,3240,27,0,0,0,0,0,0,18,9,0
45.625,1,2727936,windows,0,3240,3240,27,0,0,0,0,0,0,18,9,0
45.8542,0,2784256,windows,0,3240,3240,27,0,0,0,0,0,0,18,9,0
45.8868,1,2743296,windows,0,3240,3240,27,0,0,0,0,0,0,18,9,0
46.1078,0,2797568,windows,0,3240,3240,27,0,0,0,0,0,0,18,9,0
46.1446,1,2758656,windows,0,3240,3240,27,0,0,0,0,0,0,18,9,0
46.3586,0,2810880,windows,0,3240,3240,27,0,0,0,0,0,0,18,9,0
46.3971,1,2772992,windows,0,3240,3240,27,0,0,0,0,0,0,18,9,0
46.6231,0,2824192,repair,0,3240,3240,27,0,0,0,0,0,0,18,9,0
46.6554,1,2788352,windows,0,3240,3240,27,0,0,0,0,0,0,18,9,0
46.8817,0,2837504,repair,0,3240,3240,27,0,0,0,0,0,0,18,9,0
46.914,1,2802688,windows,0,3240,3240,27,0,0,0,0,0,0,18,9,0
47.1344,0,2850816,windows,0,3240,3240,27,0,0,0,0,0,0,18,9,0
47.1685,1,2817024,windows,0,3240,3240,27,0,0,0,0,0,0,18,9,0
47.3868,0,2864128,windows,0,3240,3240,27,0,0,0,0,0,0,18,9,0
47.4217,1,2830336,windows,0,3240,3240,27,0,0,0,0,0,0,18,9,0
47.6496,0,2878464,windows,0,3240,3240,27,0,0,0,0,0,0,18,9,0
47.6762,1,2843648,windows,0,3240,3240,27,0,0,0,0,0,0,18,9,0
47.9147,0,2892800,windows,0,3240,3240,27,0,0,0,0,0,0,18,9,0
47.9275,1,2856960,windows,0,3240,3240,27,0,0,0,0,0,0,18,9,0
48.1669,0,2906112,windows,0,3240,3240,27,0,0,0,0,0,0,18,9,0
48.1855,1,2871296,windows,0,3240,3240,27,0,0,0,0,0,0,18,9,0
48.4347,0,2920448,windows,0,3240,3240,27,0,0,0,0,0,0,18,9,0
48.4413,1,2884608,windows,0,3240,3240,27,0,0,0,0,0,0,18,9,0
48.6853,0,2933760,windows,0,3240,3240,27,0,0,0,0,0,0,18,9,0
48.6939,1,2898944,windows,0,3240,3240,27,0,0,0,0,0,0,18,9,0
48.948,0,2948096,windows,0,3240,3240,27,0,0,0,0,0,0,18,9,0
48.95,1,2913280,windows,0,3240,3240,27,0,0,0,0,0,0,18,9,0
49.2086,1,2927616,windows,0,3240,3240,27,0,0,0,0,0,0,18,9,0
49.2096,0,2961408,windows,0,3240,3240,27,0,0,0,0,0,0,18,9,0
49.4619,0,2974720,windows,0,3240,3240,27,0,0,0,0,0,0,18,9,0
49.4652,1,2941952,windows,0,3240,3240,27,0,0,0,0,0,0,18,9,0
49.7225,0,2989056,windows,0,3240,3240,27,0,0,0,0,0,0,18,9,0
49.724,1,2957312,windows,0,3240,3240,27,0,0,0,0,0,0,18,9,0
49.9784,0,3003392,windows,0,3240,3240,27,0,0,0,0,0,0,18,9,0
49.9841,1,2972672,windows,0,3240,3240,27,0,0,0,0,0,0,18,9,0
50.2403,0,3014656,repair,1069,7.67994e+07,7.67761e+07,2191,0,1,1,683,384,0,1508,465,218
50.2539,1,2988032,windows,0,3240,3240,27,0,0,0,0,0,0,18,9,0
50.5047,0,3030016,repair,690,2.53394e+08,2.53312e+08,7005,54,140,121,247,128,0,3981,2852,172
50.5125,1,3002368,windows,0,3240,3240,27,0,0,0,0,0,0,18,9,0
50.7607,0,3045376,repair,561,2.73406e+08,2.73406e+08,7264,28,117,93,214,109,0,4067,3019,178
50.7712,1,3016704,windows,0,3240,3240,27,0,0,0,0,0,0,18,9,0
51.025,0,3062784,repair,480,2.38179e+08,2.38119e+08,6869,30,89,81,182,98,0,3948,2777,144
51.0344,1,3027968,repair,1070,8.42719e+07,8.42627e+07,2984,17,47,48,602,356,0,1834,950,200
51.2832,0,3079168,repair,386,2.35885e+08,2.3581e+08,6897,18,85,74,139,70,0,4013,2752,132
51.2961,1,3044352,repair,698,2.68481e+08,2.68481e+08,7159,47,146,125,234,146,0,4009,2970,180
51.5349,0,3092480,repair,336,2.09028e+08,2.08976e+08,6465,18,59,61,135,63,0,3722,2613,130
51.5584,1,3061760,repair,574,2.72565e+08,2.72545e+08,7213,42,117,96,211,108,0,4000,3034,179
51.7957,0,3108864,repair,277,1.90245e+08,1.90227e+08,6256,16,50,37,116,58,0,3675,2452,129
51.8097,1,3078144,repair,491,2.23534e+08,2.23456e+08,6627,40,96,74,171,110,0,3774,2703,150
52.0474,0,3124224,repair,228,1.82759e+08,1.82756e+08,6205,15,38,36,86,53,0,3715,2367,123
52.0677,1,3094528,repair,387,2.57265e+08,2.57245e+08,7129,30,79,78,125,75,0,4059,2925,145
52.3122,0,3139584,repair,192,1.61422e+08,1.61378e+08,5874,8,29,34,83,38,0,3574,2194,106
52.3184,1,3109888,repair,326,2.15709e+08,2.1569e+08,6626,24,55,50,123,74,0,3872,2624,130
52.5762,0,3153920,repair,149,1.54356e+08,1.54296e+08,5682,6,24,19,66,34,0,3380,2194,108
52.583,1,3126272,repair,262,2.12992e+08,2.1292e+08,6564,15,51,44,95,57,0,3801,2633,130
52.8311,0,3170304,repair,114,1.44689e+08,1.4463e+08,5529,5,20,13,43,33,0,3336,2103,90
52.8391,1,3141632,repair,238,1.71946e+08,1.71942e+08,5964,7,42,42,99,48,0,3527,2323,114
53.0976,1,3158016,repair,170,1.76012e+08,1.76008e+08,6062,5,31,34,60,40,0,3608,2344,110
53.0985,0,3186688,repair,86,1.31967e+08,1.31964e+08,5317,3,20,16,31,16,0,3241,1988,88
53.3512,1,3173376,repair,136,1.59086e+08,1.59041e+08,5772,9,27,22,49,29,0,3433,2229,110
53.354,0,3202048,repair,61,1.27549e+08,1.27549e+08,5216,2,12,5,28,14,0,3167,1963,86
53.6159,1,3189760,repair,107,1.47952e+08,1.47935e+08,5623,4,16,13,49,25,0,3406,2113,104
53.6169,0,3217408,repair,34,1.22756e+08,1.2274e+08,5163,2,7,4,11,10,0,3205,1887,71
53.874,1,3206144,repair,83,1.28883e+08,1.28828e+08,5367,2,15,14,33,19,0,3370,1892,105
53.8803,0,3233792,repair,19,1.11212e+08,1.11161e+08,4933,3,4,0,8,4,0,3079,1784,70
54.1349,0,3249152,repair,10,9.71878e+07,9.71387e+07,4687,1,1,1,4,3,0,3018,1605,64
54.1386,1,3222528,repair,53,1.25113e+08,1.25111e+08,5210,2,6,9,23,13,0,3211,1914,85
54.3872,0,3263488,repair,5,8.86229e+07,8.86059e+07,4562,0,1,0,2,2,0,3056,1446,60
54.3979,1,3237888,repair,40,1.03718e+08,1.03683e+08,4818,0,7,7,21,5,0,3066,1681,71
54.6505,1,3253248,repair,25,9.88733e+07,9.88397e+07,4666,1,4,4,15,1,0,2908,1679,79
54.6514,0,3278848,repair,2,7.50259e+07,7.50259e+07,4187,1,0,1,0,0,0,2804,1335,48
54.9079,1,3268608,repair,12,9.39096e+07,9.39074e+07,4632,0,3,4,4,1,0,2994,1564,74
54.9084,0,3293184,repair,1,6.51404e+07,6.51154e+07,3897,1,0,0,0,0,0,2599,1251,47
55.163,0,3305472,windows,0,5.62121e+07,5.62121e+07,3605,0,0,0,0,0,0,2377,1181,47
55.1647,1,3283968,repair,7,8.17535e+07,8.17393e+07,4338,0,2,1,4,0,0,2847,1434,57
55.4185,0,3318784,windows,0,4.71535e+07,4.71198e+07,3313,0,0,0,0,0,0,2200,1070,43
55.4247,1,3300352,repair,2,8.69014e+07,8.68554e+07,4457,0,0,0,2,0,0,2908,1492,57
55.6764,0,3334144,windows,0,3.90224e+07,3.89932e+07,3034,0,0,0,0,0,0,2036,955,43
55.6856,1,3317760,repair,2,5.92945e+07,5.92823e+07,3708,0,0,0,1,1,0,2451,1208,49
55.9431,0,3347456,windows,0,3.15745e+07,3.15732e+07,2705,0,0,0,0,0,0,1777,887,41
55.944,1,3335168,repair,2,5.07437e+07,5.07206e+07,3458,0,0,0,1,1,0,2326,1087,45
56.1954,0,3360768,windows,0,2.67684e+07,2.67599e+07,2513,0,0,0,0,0,0,1700,784,29
56.2052,1,3352576,repair,1,4.46063e+07,4.45863e+07,3258,0,0,0,1,0,0,2216,1000,42
56.4534,0,3374080,windows,0,2.28916e+07,2.28763e+07,2318,0,0,0,0,0,0,1563,730,25
56.4739,1,3366912,windows,0,3.76973e+07,3.76688e+07,2991,0,0,0,0,0,0,2042,917,32
56.7174,0,3387392,windows,0,2.00508e+07,2.00376e+07,2191,0,0,0,0,0,0,1510,657,24
56.7413,1,3381248,windows,0,3.16922e+07,3.16831e+07,2719,0,0,0,0,0,0,1820,869,30
56.9722,0,3400704,windows,0,1.75438e+07,1.75438e+07,2052,0,0,0,0,0,0,1415,613,24
57.0001,1,3394560,windows,0,2.67713e+07,2.67463e+07,2508,0,0,0,0,0,0,1691,789,28
57.2353,0,3415040,windows,0,1.43154e+07,1.43087e+07,1830,0,0,0,0,0,0,1229,581,20
57.2544,1,3407872,windows,0,2.35621e+07,2.35398e+07,2382,0,0,0,0,0,0,1658,700,24
57.4972,0,3431424,windows,0,1.15844e+07,1.15778e+07,1685,0,0,0,0,0,0,1183,478,24
57.5144,1,3421184,windows,0,2.01209e+07,2.0107e+07,2191,0,0,0,0,0,0,1506,662,23
57.761,0,3447808,windows,0,9.90608e+06,9.90555e+06,1529,0,0,0,0,0,0,1034,477,18
57.7791,1,3434496,windows,0,1.67649e+07,1.67643e+07,1998,0,0,0,0,0,0,1368,608,22
58.0239,0,3465216,windows,0,8.22076e+06,8.22017e+06,1403,0,0,0,0,0,0,957,426,20
58.0413,1,3448832,windows,0,1.42819e+07,1.42754e+07,1863,0,0,0,0,0,0,1314,531,18
58.2782,0,3478528,windows,0,6.81344e+06,6.80912e+06,1272,0,0,0,0,0,0,864,392,16
58.3174,1,3463168,windows,0,1.21837e+07,1.21837e+07,1711,0,0,0,0,0,0,1186,507,18
58.5398,0,3492864,windows,0,5.69918e+06,5.68829e+06,1177,0,0,0,0,0,0,824,339,14
58.584,1,3477504,windows,0,1.07853e+07,1.07847e+07,1625,0,0,0,0,0,0,1147,458,20
58.804,0,3509248,windows,0,4.73208e+06,4.73169e+06,1072,0,0,0,0,0,0,749,310,13
58.8346,1,3490816,windows,0,9.22973e+06,9.2247e+06,1481,0,0,0,0,0,0,1006,456,19
59.0642,0,3525632,windows,0,3.99232e+06,3.98877e+06,991,0,0,0,0,0,0,710,271,10
59.1067,1,3505152,windows,0,7.62269e+06,7.6148e+06,1360,0,0,0,0,0,0,948,395,17
59.3184,0,3540992,windows,0,3.33413e+06,3.33387e+06,911,0,0,0,0,0,0,666,236,9
59.3591,1,3517440,windows,0,6.67712e+06,6.67218e+06,1281,0,0,0,0,0,0,919,350,12
59.5815,0,3556352,windows,0,2.60208e+06,2.60208e+06,798,0,0,0,0,0,0,565,224,9
59.6244,1,3531776,windows,0,5.70933e+06,5.70889e+06,1173,0,0,0,0,0,0,810,348,15
59.8342,0,3571712,windows,0,2.14147e+06,2.14121e+06,723,0,0,0,0,0,0,508,206,9
59.8773,1,3545088,windows,0,5.08358e+06,5.08358e+06,1119,0,0,0,0,0,0,796,309,14
60.097,0,3588096,windows,0,1.8157e+06,1.81192e+06,665,0,0,0,0,0,0,469,189,7
60.1362,1,3558400,windows,0,4.33126e+06,4.32516e+06,1029,0,0,0,0,0,0,729,289,11
60.3629,0,3603456,windows,0,1.55149e+06,1.55123e+06,618,0,0,0,0,0,0,436,173,9
60.3948,1,3571712,windows,0,3.61662e+06,3.61112e+06,942,0,0,0,0,0,0,671,261,10
60.6174,0,3618816,windows,0,1.18536e+06,1.18513e+06,541,0,0,0,0,0,0,383,150,8
60.6599,1,3586048,windows,0,3.07813e+06,3.07787e+06,867,0,0,0,0,0,0,614,244,9
60.8707,0,3634176,windows,0,960305,955764,488,0,0,0,0,0,0,351,131,6
60.9223,1,3600384,windows,0,2.62042e+06,2.62015e+06,805,0,0,0,0,0,0,579,217,9
61.1313,0,3650560,windows,0,772745,770458,440,0,0,0,0,0,0,327,109,4
61.1834,1,3614720,windows,0,2.23232e+06,2.22932e+06,747,0,0,0,0,0,0,542,195,10
61.3917,0,3665920,windows,0,648395,646941,400,0,0,0,0,0,0,291,106,3
61.4358,1,3628032,windows,0,1.83734e+06,1.83495e+06,674,0,0,0,0,0,0,478,186,10
61.6605,0,3679232,windows,0,532945,531591,364,0,0,0,0,0,0,271,91,2
61.6918,1,3641344,windows,0,1.4819e+06,1.4761e+06,603,0,0,0,0,0,0,423,171,9
61.9259,0,3694592,windows,0,388605,388605,311,0,0,0,0,0,0,231,78,2
61.9513,1,3654656,windows,0,1.29332e+06,1.29332e+06,569,0,0,0,0,0,0,407,152,10
62.1872,0,3710976,windows,0,313925,311414,279,0,0,0,0,0,0,205,72,2
62.2049,1,3667968,windows,0,1.11674e+06,1.11639e+06,529,0,0,0,0,0,0,372,145,12
62.4402,0,3726336,windows,0,279005,278001,265,0,0,0,0,0,0,201,62,2
62.4707,1,3682304,windows,0,943180,941431,488,0,0,0,0,0,0,350,128,10
62.7081,0,3740672,windows,0,246155,246072,250,0,0,0,0,0,0,189,58,3
62.7377,1,3695616,windows,0,790910,790588,447,0,0,0,0,0,0,316,120,11
62.9658,0,3755008,windows,0,176030,176030,211,0,0,0,0,0,0,156,52,3
63.0032,1,3709952,windows,0,627845,626129,397,0,0,0,0,0,0,273,112,12
63.2196,0,3771392,windows,0,143410,141786,191,0,0,0,0,0,0,142,46,3
63.2546,1,3722240,windows,0,534400,532799,369,0,0,0,0,0,0,262,97,10
63.4758,0,3787776,windows,0,121665,120991,176,0,0,0,0,0,0,135,39,2
63.5146,1,3736576,windows,0,467315,465298,346,0,0,0,0,0,0,249,88,9
63.7317,0,3804160,windows,0,98630,97815,156,0,0,0,0,0,0,114,41,1
63.7754,1,3749888,windows,0,405055,403018,319,0,0,0,0,0,0,221,89,9
63.9822,0,3820544,windows,0,76640,76131.2,139,0,0,0,0,0,0,102,35,2
64.0418,1,3764224,windows,0,326095,325892,287,0,0,0,0,0,0,203,77,7
64.2339,0,3835904,windows,0,59515,59515,122,0,0,0,0,0,0,85,34,3
64.3075,1,3777536,windows,0,255110,255110,254,0,0,0,0,0,0,178,69,7
64.4974,0,3852288,windows,0,52295,52295,115,0,0,0,0,0,0,81,31,3
64.5734,1,3791872,windows,0,217040,214694,234,0,0,0,0,0,0,160,66,8
64.7596,0,3868672,windows,0,44470,44470,106,0,0,0,0,0,0,74,29,3
64.8291,1,3805184,windows,0,184930,184201,215,0,0,0,0,0,0,146,62,7
65.0173,0,3885056,windows,0,39710,39710,101,0,0,0,0,0,0,72,26,3
65.0792,1,3817472,windows,0,169090,167915,206,0,0,0,0,0,0,140,59,7
65.2686,0,3900416,windows,0,29795,29360,88,0,0,0,0,0,0,63,22,3
65.3413,1,3831808,windows,0,144445,142524,189,0,0,0,0,0,0,127,56,6
65.5214,0,3915776,windows,0,24745,24451.2,80,0,0,0,0,0,0,59,19,2
65.5939,1,3845120,windows,0,100055,98997.5,161,0,0,0,0,0,0,111,43,7
65.7761,0,3932160,windows,0,22720,22720,77,0,0,0,0,0,0,58,17,2
65.861,1,3859456,windows,0,81525,81412.5,145,0,0,0,0,0,0,105,36,4
66.0338,0,3948544,windows,0,22060,22060,76,0,0,0,0,0,0,58,16,2
66.1275,1,3873792,windows,0,74605,74492.5,139,0,0,0,0,0,0,101,34,4
66.2854,0,3965952,windows,0,20865,20581.2,74,0,0,0,0,0,0,57,15,2
66.3931,1,3888128,windows,0,66230,66147.5,130,0,0,0,0,0,0,94,33,3
66.5376,0,3982336,windows,0,15110,14881.2,62,0,0,0,0,0,0,46,15,1
66.6499,1,3902464,windows,0,61460,61347.5,126,0,0,0,0,0,0,90,32,4
66.8004,0,3999744,windows,0,13970,13761.2,59,0,0,0,0,0,0,42,16,1
66.9122,1,3916800,windows,0,47360,46273.8,110,0,0,0,0,0,0,76,30,4
67.0634,0,4017152,windows,0,13775,13561.2,59,0,0,0,0,0,0,43,15,1
67.1695,1,3930112,windows,0,45125,44417.5,107,0,0,0,0,0,0,73,30,4
67.3267,0,4034560,windows,0,12935,12731.2,57,0,0,0,0,0,0,41,15,1
67.425,1,3944448,windows,0,38425,38312.5,98,0,0,0,0,0,0,65,29,4
67.5923,0,4051968,windows,0,10420,10006.2,51,0,0,0,0,0,0,40,11,0
67.6913,1,3958784,windows,0,35695,35308.8,93,0,0,0,0,0,0,61,29,3
67.8502,0,4068352,windows,0,9265,8866.25,48,0,0,0,0,0,0,37,11,0
67.9568,1,3973120,windows,0,35300,34888.8,93,0,0,0,0,0,0,60,29,4
68.1086,0,4084736,windows,0,8840,8665,47,0,0,0,0,0,0,38,9,0
68.2118,1,3987456,windows,0,25985,25618.8,80,0,0,0,0,0,0,51,25,4
68.364,0,4101120,windows,0,7065,6726.25,42,0,0,0,0,0,0,33,9,0
68.4768,1,4001792,windows,0,22580,22467.5,74,0,0,0,0,0,0,46,24,4
68.6277,0,4117504,windows,0,7065,6726.25,42,0,0,0,0,0,0,33,9,0
68.7278,1,4016128,windows,0,20135,19818.8,71,0,0,0,0,0,0,47,21,3
68.8927,0,4134912,windows,0,6120,6120,39,0,0,0,0,0,0,30,9,0
68.9779,1,4030464,windows,0,19985,19698.8,70,0,0,0,0,0,0,47,21,2
69.1513,0,4151296,windows,0,6120,6120,39,0,0,0,0,0,0,30,9,0
69.2346,1,4046848,windows,0,19165,18878.8,69,0,0,0,0,0,0,47,20,2
69.4107,0,4168704,windows,0,5645,5450,37,0,0,0,0,0,0,27,10,0
69.496,1,4063232,windows,0,16120,15868.8,62,0,0,0,0,0,0,40,20,2
69.6729,0,4187136,windows,0,4500,4325,33,0,0,0,0,0,0,24,9,0
69.7549,1,4080640,windows,0,15250,15250,60,0,0,0,0,0,0,40,19,1
69.9231,0,4205568,windows,0,3280,3181.25,28,0,0,0,0,0,0,20,8,0
70.01,1,4098048,windows,0,14855,14855,59,0,0,0,0,0,0,39,19,1
70.1858,0,4222976,windows,0,3085,3085,27,0,0,0,0,0,0,19,8,0
70.2732,1,4115456,windows,0,13730,13730,56,0,0,0,0,0,0,36,19,1
70.4369,0,4238336,windows,0,3085,3085,27,0,0,0,0,0,0,19,8,0
70.5236,1,4131840,windows,0,12990,12990,55,0,0,0,0,0,0,36,18,1
70.6957,0,4256768,windows,0,3085,3085,27,0,0,0,0,0,0,19,8,0
70.7787,1,4148224,windows,0,11955,11791.2,52,0,0,0,0,0,0,33,18,1
70.9521,0,4275200,windows,0,2900,2656.25,26,0,0,0,0,0,0,18,8,0
71.036,1,4165632,windows,0,11955,11791.2,52,0,0,0,0,0,0,33,18,1
71.2103,0,4293632,windows,0,2560,2326.25,24,0,0,0,0,0,0,16,8,0
71.3002,1,4183040,windows,0,11630,11630,51,0,0,0,0,0,0,32,18,1
71.4679,0,4308992,windows,0,2560,2326.25,24,0,0,0,0,0,0,16,8,0
71.5639,1,4200448,windows,0,11315,11315,50,0,0,0,0,0,0,31,18,1
71.7304,0,4326400,windows,0,2560,2326.25,24,0,0,0,0,0,0,16,8,0
71.8199,1,4217856,windows,0,10900,10741.2,49,0,0,0,0,0,0,32,17,0
71.9866,0,4342784,windows,0,2560,2326.25,24,0,0,0,0,0,0,16,8,0
72.0846,1,4234240,windows,0,10900,10741.2,49,0,0,0,0,0,0,32,17,0
72.2441,0,4360192,windows,0,2560,2326.25,24,0,0,0,0,0,0,16,8,0
72.3347,1,4250624,windows,0,10585,10431.2,48,0,0,0,0,0,0,31,17,0
72.4958,0,4378624,windows,0,2560,2326.25,24,0,0,0,0,0,0,16,8,0
72.5972,1,4267008,windows,0,10240,10081.2,48,0,0,0,0,0,0,32,16,0
72.7583,0,4398080,windows,0,2560,2326.25,24,0,0,0,0,0,0,16,8,0
72.8558,1,4284416,windows,0,9620,9461.25,47,0,0,0,0,0,0,32,15,0
73.0121,0,4418560,windows,0,2560,2326.25,24,0,0,0,0,0,0,16,8,0
73.1166,1,4301824,windows,0,9620,9461.25,47,0,0,0,0,0,0,32,15,0
73.2671,0,4436992,windows,0,2560,2326.25,24,0,0,0,0,0,0,16,8,0
73.3727,1,4317184,windows,0,9305,9151.25,46,0,0,0,0,0,0,31,15,0
73.538,0,4452352,windows,0,2560,2326.25,24,0,0,0,0,0,0,16,8,0
73.6301,1,4332544,windows,0,9305,9151.25,46,0,0,0,0,0,0,31,15,0
73.7908,0,4469760,windows,0,2560,2326.25,24,0,0,0,0,0,0,16,8,0
73.8941,1,4347904,windows,0,9000,8556.25,45,0,0,0,0,0,0,30,15,0
74.051,0,4485120,windows,0,2560,2326.25,24,0,0,0,0,0,0,16,8,0
74.1567,1,4362240,windows,0,9000,8556.25,45,0,0,0,0,0,0,30,15,0
74.3166,0,4501504,windows,0,2560,2326.25,24,0,0,0,0,0,0,16,8,0
74.4111,1,4376576,windows,0,9000,8556.25,45,0,0,0,0,0,0,30,15,0
74.5764,0,4518912,windows,0,2560,2326.25,24,0,0,0,0,0,0,16,8,0
74.6643,1,4390912,windows,0,8705,8266.25,44,0,0,0,0,0,0,29,15,0
74.8364,0,4535296,windows,0,2560,2326.25,24,0,0,0,0,0,0,16,8,0
74.934,1,4406272,windows,0,8420,7986.25,43,0,0,0,0,0,0,28,15,0
75.1011,0,4552704,windows,0,2560,2326.25,24,0,0,0,0,0,0,16,8,0
75.1876,1,4420608,windows,0,8420,7986.25,43,0,0,0,0,0,0,28,15,0
75.3618,0,4570112,windows,0,2560,2326.25,24,0,0,0,0,0,0,16,8,0
75.4546,1,4435968,windows,0,8420,7986.25,43,0,0,0,0,0,0,28,15,0
75.623,0,4585472,windows,0,2560,2326.25,24,0,0,0,0,0,0,16,8,0
75.7198,1,4451328,windows,0,8420,7986.25,43,0,0,0,0,0,0,28,15,0
75.877,0,4601856,windows,0,2560,2326.25,24,0,0,0,0,0,0,16,8,0
75.9728,1,4465664,windows,0,8145,7716.25,42,0,0,0,0,0,0,27,15,0
76.1419,0,4618240,windows,0,2560,2326.25,24,0,0,0,0,0,0,16,8,0
76.2344,1,4481024,windows,0,8145,7716.25,42,0,0,0,0,0,0,27,15,0
76.4064,0,4634624,windows,0,2560,2326.25,24,0,0,0,0,0,0,16,8,0
76.4987,1,4496384,windows,0,8145,7716.25,42,0,0,0,0,0,0,27,15,0
76.6599,0,4651008,windows,0,2560,2326.25,24,0,0,0,0,0,0,16,8,0
76.7514,1,4511744,windows,0,8145,7716.25,42,0,0,0,0,0,0,27,15,0
76.9201,0,4668416,windows,0,2560,2326.25,24,0,0,0,0,0,0,16,8,0
77.0146,1,4527104,windows,0,7880,7456.25,41,0,0,0,0,0,0,26,15,0
77.186,0,4685824,windows,0,2560,2326.25,24,0,0,0,0,0,0,16,8,0
77.278,1,4543488,windows,0,6005,5770,37,0,0,0,0,0,0,25,12,0
77.4407,0,4702208,repair,0,2560,2326.25,24,0,0,0,0,0,0,16,8,0
77.53,1,4558848,windows,0,6005,5770,37,0,0,0,0,0,0,25,12,0
77.6928,0,4717568,repair,0,2560,2326.25,24,0,0,0,0,0,0,16,8,0
77.7868,1,4575232,windows,0,6005,5770,37,0,0,0,0,0,0,25,12,0
77.9545,0,4731904,windows,0,2560,2326.25,24,0,0,0,0,0,0,16,8,0
78.041,1,4590592,windows,0,6005,5770,37,0,0,0,0,0,0,25,12,0
78.2118,0,4746240,windows,0,2560,2326.25,24,0,0,0,0,0,0,16,8,0
78.2919,1,4605952,windows,0,6005,5770,37,0,0,0,0,0,0,25,12,0
78.4788,0,4760576,windows,0,2560,2326.25,24,0,0,0,0,0,0,16,8,0
78.5444,1,4622336,windows,0,5525,5176.25,35,0,0,0,0,0,0,23,12,0
78.7313,0,4773888,windows,0,2560,2326.25,24,0,0,0,0,0,0,16,8,0
78.8021,1,4638720,windows,0,5300,4956.25,34,0,0,0,0,0,0,22,12,0
78.9855,0,4788224,windows,0,2560,2326.25,24,0,0,0,0,0,0,16,8,0
79.0537,1,4655104,windows,0,5300,4956.25,34,0,0,0,0,0,0,22,12,0
79.2436,0,4803584,windows,0,2560,2326.25,24,0,0,0,0,0,0,16,8,0
79.3046,1,4672512,windows,0,5085,4746.25,33,0,0,0,0,0,0,21,12,0
79.5081,0,4819968,windows,0,2560,2326.25,24,0,0,0,0,0,0,16,8,0
79.5629,1,4690944,windows,0,4880,4546.25,32,0,0,0,0,0,0,20,12,0
79.7716,0,4838400,windows,0,2560,2326.25,24,0,0,0,0,0,0,16,8,0
79.8227,1,4711424,windows,0,4420,4321.25,31,0,0,0,0,0,0,20,11,0
80.0346,0,4856832,windows,0,2560,2326.25,24,0,0,0,0,0,0,16,8,0
80.074,1,4729856,windows,0,4225,4131.25,30,0,0,0,0,0,0,19,11,0
80.2854,0,4872192,windows,0,2560,2326.25,24,0,0,0,0,0,0,16,8,0
80.3352,1,4749312,windows,0,4040,3951.25,29,0,0,0,0,0,0,18,11,0
80.5369,0,4886528,windows,0,2560,2326.25,24,0,0,0,0,0,0,16,8,0
80.5991,1,4768768,windows,0,4040,3951.25,29,0,0,0,0,0,0,18,11,0
80.7873,0,4902912,windows,0,2560,2326.25,24,0,0,0,0,0,0,16,8,0
80.8542,1,4787200,windows,0,4040,3951.25,29,0,0,0,0,0,0,18,11,0
81.0435,0,4920320,windows,0,2560,2326.25,24,0,0,0,0,0,0,16,8,0
81.1052,1,4805632,windows,0,4040,3951.25,29,0,0,0,0,0,0,18,11,0
81.2995,0,4937728,windows,0,2560,2326.25,24,0,0,0,0,0,0,16,8,0
81.3612,1,4823040,windows,0,4000,3706.25,30,0,0,0,0,0,0,20,10,0
81.5517,0,4956160,windows,0,2560,2326.25,24,0,0,0,0,0,0,16,8,0
81.6238,1,4842496,windows,0,3805,3516.25,29,0,0,0,0,0,0,19,10,0
81.8149,0,4975616,windows,0,2560,2326.25,24,0,0,0,0,0,0,16,8,0
81.8842,1,4861952,windows,0,3805,3516.25,29,0,0,0,0,0,0,19,10,0
82.0765,0,4994048,windows,0,2560,2326.25,24,0,0,0,0,0,0,16,8,0
82.1381,1,4880384,windows,0,3620,3336.25,28,0,0,0,0,0,0,18,10,0
82.3284,0,5013504,windows,0,2560,2326.25,24,0,0,0,0,0,0,16,8,0
82.3973,1,4898816,windows,0,3620,3336.25,28,0,0,0,0,0,0,18,10,0
82.5838,0,5033984,windows,0,2560,2326.25,24,0,0,0,0,0,0,16,8,0
82.6533,1,4916224,windows,0,3620,3336.25,28,0,0,0,0,0,0,18,10,0
82.8349,0,5054464,windows,0,2405,2250,23,0,0,0,0,0,0,15,8,0
82.9208,1,4933632,windows,0,2405,2250,23,0,0,0,0,0,0,15,8,0
83.0872,0,5074944,windows,0,2405,2250,23,0,0,0,0,0,0,15,8,0
83.175,1,4953088,windows,0,2405,2250,23,0,0,0,0,0,0,15,8,0
83.3457,0,5095424,windows,0,2405,2250,23,0,0,0,0,0,0,15,8,0
83.4373,1,4972544,windows,0,2405,2250,23,0,0,0,0,0,0,15,8,0
83.5984,0,5115904,windows,0,2405,2250,23,0,0,0,0,0,0,15,8,0
83.6973,1,4992000,windows,0,2405,2250,23,0,0,0,0,0,0,15,8,0
83.8567,0,5137408,windows,0,2405,2250,23,0,0,0,0,0,0,15,8,0
83.9484,1,5010432,windows,0,2405,2250,23,0,0,0,0,0,0,15,8,0
84.1173,0,5158912,windows,0,2405,2250,23,0,0,0,0,0,0,15,8,0
84.2018,1,5028864,windows,0,2405,2250,23,0,0,0,0,0,0,15,8,0
84.3768,0,5178368,windows,0,2405,2250,23,0,0,0,0,0,0,15,8,0
84.4567,1,5047296,windows,0,2405,2250,23,0,0,0,0,0,0,15,8,0
84.6278,0,5196800,windows,0,2405,2250,23,0,0,0,0,0,0,15,8,0
84.7168,1,5065728,windows,0,2405,2250,23,0,0,0,0,0,0,15,8,0
84.8847,0,5217280,windows,0,2405,2250,23,0,0,0,0,0,0,15,8,0
84.9707,1,5084160,windows,0,2405,2250,23,0,0,0,0,0,0,15,8,0
85.136,0,5237760,windows,0,2405,2250,23,0,0,0,0,0,0,15,8,0
85.2325,1,5099520,windows,0,2405,2250,23,0,0,0,0,0,0,15,8,0
85.3956,0,5256192,windows,0,2405,2250,23,0,0,0,0,0,0,15,8,0
85.4876,1,5112832,windows,0,2405,2250,23,0,0,0,0,0,0,15,8,0
85.6513,0,5275648,windows,0,2405,2250,23,0,0,0,0,0,0,15,8,0
85.7389,1,5131264,windows,0,2405,2250,23,0,0,0,0,0,0,15,8,0
85.9032,0,5295104,windows,0,2405,2250,23,0,0,0,0,0,0,15,8,0
85.9952,1,5148672,windows,0,2405,2250,23,0,0,0,0,0,0,15,8,0
86.1545,0,5313536,windows,0,2405,2250,23,0,0,0,0,0,0,15,8,0
86.2476,1,5163008,windows,0,2405,2250,23,0,0,0,0,0,0,15,8,0
86.4076,0,5331968,windows,0,2405,2250,23,0,0,0,0,0,0,15,8,0
86.4997,1,5179392,windows,0,2405,2250,23,0,0,0,0,0,0,15,8,0
86.6584,0,5351424,windows,0,2405,2250,23,0,0,0,0,0,0,15,8,0
86.7539,1,5195776,windows,0,2405,2250,23,0,0,0,0,0,0,15,8,0
86.919,0,5369856,windows,0,2405,2250,23,0,0,0,0,0,0,15,8,0
87.0119,1,5211136,windows,0,2405,2250,23,0,0,0,0,0,0,15,8,0
87.18,0,5388288,windows,0,2405,2250,23,0,0,0,0,0,0,15,8,0
87.263,1,5225472,windows,0,2405,2250,23,0,0,0,0,0,0,15,8,0
87.4308,0,5404672,windows,0,2405,2250,23,0,0,0,0,0,0,15,8,0
87.517,1,5239808,windows,0,2405,2250,23,0,0,0,0,0,0,15,8,0
87.6966,0,5423104,windows,0,2405,2250,23,0,0,0,0,0,0,15,8,0
87.7838,1,5254144,windows,0,2405,2250,23,0,0,0,0,0,0,15,8,0
87.9523,0,5441536,windows,0,2405,2250,23,0,0,0,0,0,0,15,8,0
88.0416,1,5269504,windows,0,2405,2250,23,0,0,0,0,0,0,15,8,0
88.2068,0,5458944,windows,0,2405,2250,23,0,0,0,0,0,0,15,8,0
88.3037,1,5283840,windows,0,2405,2250,23,0,0,0,0,0,0,15,8,0
88.4641,0,5476352,windows,0,2405,2250,23,0,0,0,0,0,0,15,8,0
88.5581,1,5299200,windows,0,2405,2250,23,0,0,0,0,0,0,15,8,0
88.7255,0,5494784,windows,0,2405,2250,23,0,0,0,0,0,0,15,8,0
88.8095,1,5316608,windows,0,2405,2250,23,0,0,0,0,0,0,15,8,0
88.9846,0,5513216,repair,0,2405,2250,23,0,0,0,0,0,0,15,8,0
89.0598,1,5335040,windows,0,2405,2250,23,0,0,0,0,0,0,15,8,0
89.2467,0,5532672,windows,0,2405,2250,23,0,0,0,0,0,0,15,8,0
89.3175,1,5353472,windows,0,2405,2250,23,0,0,0,0,0,0,15,8,0
89.5052,0,5549056,windows,0,2405,2250,23,0,0,0,0,0,0,15,8,0
89.5698,1,5368832,windows,0,2405,2250,23,0,0,0,0,0,0,15,8,0
89.7646,0,5565440,windows,0,2405,2250,23,0,0,0,0,0,0,15,8,0
89.823,1,5384192,windows,0,2405,2250,23,0,0,0,0,0,0,15,8,0
90.0192,0,5580800,windows,0,2405,2250,23,0,0,0,0,0,0,15,8,0
90.0785,1,5398528,windows,0,2405,2250,23,0,0,0,0,0,0,15,8,0
90.2763,0,5598208,windows,0,2405,2250,23,0,0,0,0,0,0,15,8,0
90.3325,1,5414912,windows,0,2405,2250,23,0,0,0,0,0,0,15,8,0
90.5337,0,5614592,windows,0,2405,2250,23,0,0,0,0,0,0,15,8,0
90.5854,1,5433344,windows,0,2405,2250,23,0,0,0,0,0,0,15,8,0
90.7849,0,5632000,windows,0,2405,2250,23,0,0,0,0,0,0,15,8,0
90.8495,1,5450752,windows,0,2405,2250,23,0,0,0,0,0,0,15,8,0
91.046,0,5649408,windows,0,2405,2250,23,0,0,0,0,0,0,15,8,0
91.1105,1,5465088,repair,0,2405,2250,23,0,0,0,0,0,0,15,8,0
91.321,0,5666816,windows,0,2405,2250,23,0,0,0,0,0,0,15,8,0
91.3635,1,5480448,repair,0,2405,2250,23,0,0,0,0,0,0,15,8,0
91.5865,0,5684224,windows,0,2405,2250,23,0,0,0,0,0,0,15,8,0
91.6154,1,5494784,windows,0,2405,2250,23,0,0,0,0,0,0,15,8,0
91.8424,0,5701632,windows,0,2405,2250,23,0,0,0,0,0,0,15,8,0
91.8828,1,5510144,windows,0,2405,2250,23,0,0,0,0,0,0,15,8,0
92.0996,0,5718016,windows,0,2405,2250,23,0,0,0,0,0,0,15,8,0
92.1341,1,5523456,windows,0,2405,2250,23,0,0,0,0,0,0,15,8,0
92.3563,0,5734400,windows,0,2405,2250,23,0,0,0,0,0,0,15,8,0
92.3994,1,5538816,windows,0,2405,2250,23,0,0,0,0,0,0,15,8,0
92.6261,0,5749760,windows,0,2405,2250,23,0,0,0,0,0,0,15,8,0
92.6666,1,5554176,windows,0,2405,2250,23,0,0,0,0,0,0,15,8,0
92.8866,0,5766144,repair,0,2405,2250,23,0,0,0,0,0,0,15,8,0
92.9244,1,5571584,windows,0,2405,2250,23,0,0,0,0,0,0,15,8,0
93.1459,0,5784576,windows,0,2405,2250,23,0,0,0,0,0,0,15,8,0
93.1793,1,5588992,windows,0,2405,2250,23,0,0,0,0,0,0,15,8,0
93.4032,0,5800960,windows,0,2405,2250,23,0,0,0,0,0,0,15,8,0
93.4308,1,5605376,windows,0,2405,2250,23,0,0,0,0,0,0,15,8,0
93.6576,0,5817344,windows,0,2405,2250,23,0,0,0,0,0,0,15,8,0
93.6908,1,5622784,windows,0,2405,2250,23,0,0,0,0,0,0,15,8,0
93.9142,0,5834752,windows,0,2405,2250,23,0,0,0,0,0,0,15,8,0
93.9496,1,5640192,windows,0,2405,2250,23,0,0,0,0,0,0,15,8,0
94.1774,0,5851136,windows,0,2405,2250,23,0,0,0,0,0,0,15,8,0
94.2102,1,5656576,windows,0,2405,2250,23,0,0,0,0,0,0,15,8,0
94.4376,0,5866496,windows,0,2405,2250,23,0,0,0,0,0,0,15,8,0
94.4699,1,5671936,windows,0,2405,2250,23,0,0,0,0,0,0,15,8,0
94.6949,0,5881856,windows,0,2405,2250,23,0,0,0,0,0,0,15,8,0
94.7343,1,5689344,windows,0,2405,2250,23,0,0,0,0,0,0,15,8,0
94.9512,0,5899264,windows,0,2405,2250,23,0,0,0,0,0,0,15,8,0
94.9864,1,5706752,windows,0,2405,2250,23,0,0,0,0,0,0,15,8,0
95.2033,0,5916672,windows,0,2405,2250,23,0,0,0,0,0,0,15,8,0
95.2486,1,5724160,windows,0,2405,2250,23,0,0,0,0,0,0,15,8,0
95.4648,0,5935104,windows,0,2405,2250,23,0,0,0,0,0,0,15,8,0
95.5082,1,5741568,windows,0,2405,2250,23,0,0,0,0,0,0,15,8,0
95.7176,0,5954560,windows,0,2405,2250,23,0,0,0,0,0,0,15,8,0
95.7706,1,5760000,windows,0,2405,2250,23,0,0,0,0,0,0,15,8,0
95.9707,0,5974016,windows,0,2405,2250,23,0,0,0,0,0,0,15,8,0
96.028,1,5777408,windows,0,2405,2250,23,0,0,0,0,0,0,15,8,0
96.2303,0,5993472,windows,0,2405,2250,23,0,0,0,0,0,0,15,8,0
96.2908,1,5795840,windows,0,2405,2250,23,0,0,0,0,0,0,15,8,0
96.4818,0,6012928,windows,0,2405,2250,23,0,0,0,0,0,0,15,8,0
96.5523,1,5814272,windows,0,2405,2250,23,0,0,0,0,0,0,15,8,0
96.7376,0,6033408,windows,0,2105,2105,22,0,0,0,0,0,0,15,7,0
96.81,1,5829632,windows,0,2405,2250,23,0,0,0,0,0,0,15,8,0
96.9986,0,6052864,windows,0,2105,2105,22,0,0,0,0,0,0,15,7,0
97.0748,1,5843968,repair,0,2405,2250,23,0,0,0,0,0,0,15,8,0
97.2652,0,6072320,windows,0,1825,1761.25,20,0,0,0,0,0,0,13,7,0
97.3303,1,5859328,windows,0,2405,2250,23,0,0,0,0,0,0,15,8,0
97.5206,0,6091776,windows,0,1825,1761.25,20,0,0,0,0,0,0,13,7,0
97.5943,1,5874688,windows,0,2405,2250,23,0,0,0,0,0,0,15,8,0
97.7729,0,6111232,windows,0,1825,1761.25,20,0,0,0,0,0,0,13,7,0
97.847,1,5889024,windows,0,2405,2250,23,0,0,0,0,0,0,15,8,0
98.0325,0,6131712,windows,0,1825,1761.25,20,0,0,0,0,0,0,13,7,0
98.1151,1,5903360,windows,0,2405,2250,23,0,0,0,0,0,0,15,8,0
98.2935,0,6151168,windows,0,1825,1761.25,20,0,0,0,0,0,0,13,7,0
98.3693,1,5918720,windows,0,2405,2250,23,0,0,0,0,0,0,15,8,0
98.5497,0,6169600,repair,0,1825,1761.25,20,0,0,0,0,0,0,13,7,0
98.6203,1,5934080,windows,0,2405,2250,23,0,0,0,0,0,0,15,8,0
98.8041,0,6184960,repair,0,1825,1761.25,20,0,0,0,0,0,0,13,7,0
98.877,1,5948416,windows,0,2405,2250,23,0,0,0,0,0,0,15,8,0
99.0596,0,6201344,windows,0,1825,1761.25,20,0,0,0,0,0,0,13,7,0
99.1396,1,5962752,windows,0,2405,2250,23,0,0,0,0,0,0,15,8,0
99.3115,0,6216704,windows,0,1825,1761.25,20,0,0,0,0,0,0,13,7,0
99.397,1,5977088,windows,0,2405,2250,23,0,0,0,0,0,0,15,8,0
99.5764,0,6233088,windows,0,1825,1761.25,20,0,0,0,0,0,0,13,7,0
99.6514,1,5991424,windows,0,2405,2250,23,0,0,0,0,0,0,15,8,0
99.8411,0,6250496,windows,0,1825,1761.25,20,0,0,0,0,0,0,13,7,0
99.9189,1,6006784,windows,0,2405,2250,23,0,0,0,0,0,0,15,8,0
100.106,0,6265856,windows,0,1825,1761.25,20,0,0,0,0,0,0,13,7,0
100.172,1,6020096,windows,0,2405,2250,23,0,0,0,0,0,0,15,8,0
100.367,0,6281216,windows,0,1825,1761.25,20,0,0,0,0,0,0,13,7,0
100.43,1,6037504,windows,0,2405,2250,23,0,0,0,0,0,0,15,8,0
100.633,0,6297600,windows,0,1825,1761.25,20,0,0,0,0,0,0,13,7,0
100.688,1,6054912,windows,0,2405,2250,23,0,0,0,0,0,0,15,8,0
100.896,0,6311936,windows,0,1825,1761.25,20,0,0,0,0,0,0,13,7,0
100.946,1,6072320,windows,0,2405,2250,23,0,0,0,0,0,0,15,8,0
101.16,0,6327296,windows,0,1825,1761.25,20,0,0,0,0,0,0,13,7,0
101.197,1,6090752,windows,0,2405,2250,23,0,0,0,0,0,0,15,8,0
101.42,0,6341632,windows,0,1825,1761.25,20,0,0,0,0,0,0,13,7,0
101.46,1,6110208,windows,0,2405,2250,23,0,0,0,0,0,0,15,8,0
101.686,0,6355968,windows,0,1825,1761.25,20,0,0,0,0,0,0,13,7,0
101.719,1,6128640,windows,0,1825,1761.25,20,0,0,0,0,0,0,13,7,0
101.939,0,6370304,windows,0,1825,1761.25,20,0,0,0,0,0,0,13,7,0
101.971,1,6148096,windows,0,1825,1761.25,20,0,0,0,0,0,0,13,7,0
102.204,0,6384640,windows,0,1825,1761.25,20,0,0,0,0,0,0,13,7,0
102.232,1,6167552,windows,0,1825,1761.25,20,0,0,0,0,0,0,13,7,0
102.468,0,6398976,windows,0,1825,1761.25,20,0,0,0,0,0,0,13,7,0
102.486,1,6188032,windows,0,1825,1761.25,20,0,0,0,0,0,0,13,7,0
102.727,0,6412288,windows,0,1825,1761.25,20,0,0,0,0,0,0,13,7,0
102.741,1,6205440,windows,0,1825,1761.25,20,0,0,0,0,0,0,13,7,0
102.994,1,6223872,windows,0,1825,1761.25,20,0,0,0,0,0,0,13,7,0
102.995,0,6427648,windows,0,1825,1761.25,20,0,0,0,0,0,0,13,7,0
103.248,0,6441984,windows,0,1825,1761.25,20,0,0,0,0,0,0,13,7,0
103.256,1,6243328,windows,0,1825,1761.25,20,0,0,0,0,0,0,13,7,0
103.507,1,6263808,windows,0,1825,1761.25,20,0,0,0,0,0,0,13,7,0
103.515,0,6457344,windows,0,1825,1761.25,20,0,0,0,0,0,0,13,7,0
103.766,1,6284288,windows,0,1825,1761.25,20,0,0,0,0,0,0,13,7,0
103.781,0,6472704,windows,0,1825,1761.25,20,0,0,0,0,0,0,13,7,0
104.018,1,6303744,repair,0,1825,1761.25,20,0,0,0,0,0,0,13,7,0
104.037,0,6488064,windows,0,1825,1761.25,20,0,0,0,0,0,0,13,7,0
104.279,1,6322176,repair,0,1825,1761.25,20,0,0,0,0,0,0,13,7,0
104.296,0,6502400,windows,0,1825,1761.25,20,0,0,0,0,0,0,13,7,0
104.536,1,6340608,windows,0,1825,1761.25,20,0,0,0,0,0,0,13,7,0
104.553,0,6516736,windows,0,1825,1761.25,20,0,0,0,0,0,0,13,7,0
104.795,1,6358016,windows,0,1825,1761.25,20,0,0,0,0,0,0,13,7,0
104.805,0,6531072,windows,0,1825,1761.25,20,0,0,0,0,0,0,13,7,0
105.048,1,6375424,windows,0,1825,1761.25,20,0,0,0,0,0,0,13,7,0
105.057,0,6545408,windows,0,1825,1761.25,20,0,0,0,0,0,0,13,7,0
105.308,1,6391808,windows,0,1825,1761.25,20,0,0,0,0,0,0,13,7,0
105.308,0,6559744,windows,0,1825,1761.25,20,0,0,0,0,0,0,13,7,0
105.57,1,6409216,windows,0,1825,1761.25,20,0,0,0,0,0,0,13,7,0
105.572,0,6574080,windows,0,1825,1761.25,20,0,0,0,0,0,0,13,7,0
105.832,1,6427648,windows,0,1825,1761.25,20,0,0,0,0,0,0,13,7,0
105.84,0,6588416,windows,0,1825,1761.25,20,0,0,0,0,0,0,13,7,0
106.096,1,6446080,windows,0,1825,1761.25,20,0,0,0,0,0,0,13,7,0
106.109,0,6602752,windows,0,1825,1761.25,20,0,0,0,0,0,0,13,7,0
106.349,1,6462464,windows,0,1825,1761.25,20,0,0,0,0,0,0,13,7,0
106.369,0,6618112,windows,0,1825,1761.25,20,0,0,0,0,0,0,13,7,0
106.602,1,6480896,windows,0,1825,1761.25,20,0,0,0,0,0,0,13,7,0
106.625,0,6635520,windows,0,1825,1761.25,20,0,0,0,0,0,0,13,7,0
106.854,1,6498304,windows,0,1825,1761.25,20,0,0,0,0,0,0,13,7,0
106.889,0,6652928,windows,0,1825,1761.25,20,0,0,0,0,0,0,13,7,0
107.11,1,6516736,windows,0,1825,1761.25,20,0,0,0,0,0,0,13,7,0
107.154,0,6669312,windows,0,1825,1761.25,20,0,0,0,0,0,0,13,7,0
107.372,1,6533120,windows,0,1825,1761.25,20,0,0,0,0,0,0,13,7,0
107.411,0,6683648,windows,0,1825,1761.25,20,0,0,0,0,0,0,13,7,0
107.64,1,6551552,windows,0,1825,1761.25,20,0,0,0,0,0,0,13,7,0
107.674,0,6701056,windows,0,1825,1761.25,20,0,0,0,0,0,0,13,7,0
107.9,1,6571008,windows,0,1825,1761.25,20,0,0,0,0,0,0,13,7,0
107.929,0,6719488,windows,0,1825,1761.25,20,0,0,0,0,0,0,13,7,0
108.156,1,6590464,windows,0,1825,1761.25,20,0,0,0,0,0,0,13,7,0
108.189,0,6738944,windows,0,1825,1761.25,20,0,0,0,0,0,0,13,7,0
108.409,1,6605824,windows,0,1825,1761.25,20,0,0,0,0,0,0,13,7,0
108.442,0,6756352,windows,0,1825,1761.25,20,0,0,0,0,0,0,13,7,0
108.668,1,6622208,windows,0,1825,1761.25,20,0,0,0,0,0,0,13,7,0
108.703,0,6774784,windows,0,1825,1761.25,20,0,0,0,0,0,0,13,7,0
108.922,1,6638592,windows,0,1825,1761.25,20,0,0,0,0,0,0,13,7,0
108.967,0,6793216,windows,0,1825,1761.25,20,0,0,0,0,0,0,13,7,0
109.176,1,6654976,windows,0,1825,1761.25,20,0,0,0,0,0,0,13,7,0
109.218,0,6811648,windows,0,1825,1761.25,20,0,0,0,0,0,0,13,7,0
109.429,1,6672384,windows,0,1825,1761.25,20,0,0,0,0,0,0,13,7,0
109.469,0,6830080,windows,0,1825,1761.25,20,0,0,0,0,0,0,13,7,0
109.687,1,6689792,windows,0,1825,1761.25,20,0,0,0,0,0,0,13,7,0
109.727,0,6846464,windows,0,1825,1761.25,20,0,0,0,0,0,0,13,7,0
109.945,1,6707200,windows,0,1825,1761.25,20,0,0,0,0,0,0,13,7,0
109.983,0,6862848,windows,0,1825,1761.25,20,0,0,0,0,0,0,13,7,0
110.2,1,6723584,windows,0,1825,1761.25,20,0,0,0,0,0,0,13,7,0
110.248,0,6878208,repair,0,1825,1761.25,20,0,0,0,0,0,0,13,7,0
110.45,1,6737920,windows,0,1825,1761.25,20,0,0,0,0,0,0,13,7,0
110.505,0,6893568,repair,0,1825,1761.25,20,0,0,0,0,0,0,13,7,0
110.71,1,6754304,windows,0,1825,1761.25,20,0,0,0,0,0,0,13,7,0
110.757,0,6908928,repair,0,1825,1761.25,20,0,0,0,0,0,0,13,7,0
110.968,1,6771712,windows,0,1825,1761.25,20,0,0,0,0,0,0,13,7,0
111.023,0,6927360,windows,0,1825,1761.25,20,0,0,0,0,0,0,13,7,0
111.225,1,6790144,windows,0,1825,1761.25,20,0,0,0,0,0,0,13,7,0
111.284,0,6944768,windows,0,1825,1761.25,20,0,0,0,0,0,0,13,7,0
111.487,1,6807552,repair,0,1825,1761.25,20,0,0,0,0,0,0,13,7,0
111.546,0,6962176,windows,0,1825,1761.25,20,0,0,0,0,0,0,13,7,0
111.751,1,6822912,windows,0,1825,1761.25,20,0,0,0,0,0,0,13,7,0
111.803,0,6975488,windows,0,1825,1761.25,20,0,0,0,0,0,0,13,7,0
112.014,1,6838272,windows,0,1825,1761.25,20,0,0,0,0,0,0,13,7,0
112.058,0,6989824,windows,0,1825,1761.25,20,0,0,0,0,0,0,13,7,0
112.276,1,6852608,windows,0,1825,1761.25,20,0,0,0,0,0,0,13,7,0
112.326,0,7004160,windows,0,1825,1761.25,20,0,0,0,0,0,0,13,7,0
112.536,1,6866944,windows,0,1825,1761.25,20,0,0,0,0,0,0,13,7,0
112.591,0,7018496,windows,0,1825,1761.25,20,0,0,0,0,0,0,13,7,0
112.788,1,6881280,windows,0,1825,1761.25,20,0,0,0,0,0,0,13,7,0
112.844,0,7032832,windows,0,1825,1761.25,20,0,0,0,0,0,0,13,7,0
113.048,1,6896640,windows,0,1825,1761.25,20,0,0,0,0,0,0,13,7,0
113.098,0,7047168,windows,0,1825,1761.25,20,0,0,0,0,0,0,13,7,0
113.309,1,6912000,windows,0,1825,1761.25,20,0,0,0,0,0,0,13,7,0
113.35,0,7061504,windows,0,1825,1761.25,20,0,0,0,0,0,0,13,7,0
113.57,1,6926336,windows,0,1825,1761.25,20,0,0,0,0,0,0,13,7,0
113.619,0,7076864,windows,0,1825,1761.25,20,0,0,0,0,0,0,13,7,0
113.826,1,6941696,windows,0,1825,1761.25,20,0,0,0,0,0,0,13,7,0
113.877,0,7092224,windows,0,1825,1761.25,20,0,0,0,0,0,0,13,7,0
114.087,1,6957056,windows,0,1825,1761.25,20,0,0,0,0,0,0,13,7,0
114.127,0,7106560,windows,0,1825,1761.25,20,0,0,0,0,0,0,13,7,0
114.339,1,6971392,windows,0,1825,1761.25,20,0,0,0,0,0,0,13,7,0
114.385,0,7120896,windows,0,1825,1761.25,20,0,0,0,0,0,0,13,7,0
114.594,1,6987776,windows,0,1825,1761.25,20,0,0,0,0,0,0,13,7,0
114.649,0,7137280,windows,0,1825,1761.25,20,0,0,0,0,0,0,13,7,0
114.847,1,7004160,windows,0,1825,1761.25,20,0,0,0,0,0,0,13,7,0
114.907,0,7154688,windows,0,1825,1761.25,20,0,0,0,0,0,0,13,7,0
115.106,1,7021568,windows,0,1825,1761.25,20,0,0,0,0,0,0,13,7,0
115.161,0,7171072,windows,0,1825,1761.25,20,0,0,0,0,0,0,13,7,0
115.369,1,7037952,windows,0,1825,1761.25,20,0,0,0,0,0,0,13,7,0
115.426,0,7188480,windows,0,1825,1761.25,20,0,0,0,0,0,0,13,7,0
115.629,1,7055360,windows,0,1825,1761.25,20,0,0,0,0,0,0,13,7,0
115.676,0,7206912,windows,0,1825,1761.25,20,0,0,0,0,0,0,13,7,0
115.887,1,7072768,windows,0,1825,1761.25,20,0,0,0,0,0,0,13,7,0
115.932,0,7225344,windows,0,1825,1761.25,20,0,0,0,0,0,0,13,7,0
116.143,1,7092224,windows,0,1825,1761.25,20,0,0,0,0,0,0,13,7,0
116.19,0,7243776,windows,0,1825,1761.25,20,0,0,0,0,0,0,13,7,0
116.399,1,7109632,windows,0,1825,1761.25,20,0,0,0,0,0,0,13,7,0
116.448,0,7262208,windows,0,1825,1761.25,20,0,0,0,0,0,0,13,7,0
116.65,1,7127040,windows,0,1825,1761.25,20,0,0,0,0,0,0,13,7,0
116.7,0,7281664,windows,0,1825,1761.25,20,0,0,0,0,0,0,13,7,0
116.906,1,7147520,windows,0,1825,1761.25,20,0,0,0,0,0,0,13,7,0
116.961,0,7302144,windows,0,1825,1761.25,20,0,0,0,0,0,0,13,7,0
117.171,1,7165952,repair,0,1825,1761.25,20,0,0,0,0,0,0,13,7,0
117.221,0,7318528,repair,854,2.04712e+08,2.04638e+08,6138,39,158,151,347,159,0,3385,2532,221
117.434,1,7180288,repair,0,1825,1761.25,20,0,0,0,0,0,0,13,7,0
117.471,0,7339008,repair,625,2.68617e+08,2.68537e+08,7223,35,142,92,226,130,0,4073,2961,189
117.691,1,7196672,windows,0,1825,1761.25,20,0,0,0,0,0,0,13,7,0
117.733,0,7359488,repair,521,2.47446e+08,2.47441e+08,6986,37,113,79,189,103,0,3981,2838,167
117.954,1,7216128,windows,0,1825,1761.25,20,0,0,0,0,0,0,13,7,0
117.991,0,7380992,repair,404,2.32206e+08,2.32206e+08,6855,30,90,82,122,80,0,4000,2723,132
118.208,1,7235584,windows,0,1825,1761.25,20,0,0,0,0,0,0,13,7,0
118.253,0,7403520,repair,324,2.01276e+08,2.01253e+08,6432,22,62,53,125,62,0,3787,2516,129
118.463,1,7254016,windows,0,1825,1761.25,20,0,0,0,0,0,0,13,7,0
118.503,0,7424000,repair,257,1.87326e+08,1.87303e+08,6239,19,39,36,115,48,0,3692,2418,129
118.725,1,7272448,windows,0,1825,1761.25,20,0,0,0,0,0,0,13,7,0
118.762,0,7444480,repair,178,1.88144e+08,1.88144e+08,6208,20,34,31,63,30,0,3631,2461,116
118.986,1,7290880,windows,0,1825,1761.25,20,0,0,0,0,0,0,13,7,0
119.012,0,7464960,repair,139,1.52825e+08,1.52825e+08,5710,7,24,23,53,32,0,3468,2144,98
119.247,1,7308288,windows,0,1825,1761.25,20,0,0,0,0,0,0,13,7,0
119.273,0,7484416,repair,101,1.48529e+08,1.48487e+08,5634,2,21,13,42,23,0,3426,2113,95
119.504,1,7324672,windows,0,1825,1761.25,20,0,0,0,0,0,0,13,7,0
119.528,0,7502848,repair,73,1.26517e+08,1.26462e+08,5203,6,8,10,30,19,0,3140,1959,104
119.763,1,7341056,windows,0,1825,1761.25,20,0,0,0,0,0,0,13,7,0
119.78,0,7520256,repair,42,1.16256e+08,1.16237e+08,5091,1,7,6,16,12,0,3206,1797,88
120.016,1,7357440,windows,0,1825,1761.25,20,0,0,0,0,0,0,13,7,0
120.036,0,7538688,repair,22,1.09519e+08,1.09482e+08,4944,1,2,2,12,5,0,3125,1739,80
120.278,1,7374848,windows,0,1825,1761.25,20,0,0,0,0,0,0,13,7,0
120.289,0,7558144,repair,13,9.74074e+07,9.73923e+07,4703,0,2,1,9,1,0,3026,1604,73
120.54,1,7393280,windows,0,1825,1761.25,20,0,0,0,0,0,0,13,7,0
120.546,0,7579648,repair,2,8.92434e+07,8.91965e+07,4538,0,1,0,1,0,0,2970,1500,68
120.795,1,7411712,windows,0,1825,1761.25,20,0,0,0,0,0,0,13,7,0
120.799,0,7601152,repair,0,6.62716e+07,6.62587e+07,3925,0,0,0,0,0,0,2580,1282,63
121.055,0,7619584,windows,0,5.13814e+07,5.13593e+07,3486,0,0,0,0,0,0,2323,1102,61
121.056,1,7428096,repair,807,2.5594e+08,2.55862e+08,6832,60,162,144,285,156,0,3697,2932,203
121.305,0,7638016,windows,0,4.15962e+07,4.15661e+07,3139,0,0,0,0,0,0,2117,978,44
121.311,1,7451648,repair,600,2.77481e+08,2.7742e+08,7308,41,140,104,204,111,0,4089,3041,178
121.57,1,7471104,repair,482,2.61396e+08,2.61312e+08,7215,41,97,91,182,71,0,4130,2916,169
121.572,0,7654400,windows,0,3.21912e+07,3.21901e+07,2733,0,0,0,0,0,0,1806,890,37
121.831,1,7490560,repair,386,2.31343e+08,2.31318e+08,6820,22,80,59,138,87,0,3916,2742,162
121.839,0,7670784,windows,0,2.62982e+07,2.62982e+07,2503,0,0,0,0,0,0,1701,768,34
122.082,1,7510016,repair,314,2.07399e+08,2.0738e+08,6523,14,56,47,130,67,0,3796,2570,157
122.102,0,7687168,windows,0,2.19156e+07,2.19078e+07,2290,0,0,0,0,0,0,1558,698,34
122.342,1,7529472,repair,252,1.86345e+08,1.86273e+08,6279,15,41,32,105,59,0,3728,2392,159
122.365,0,7702528,windows,0,1.87649e+07,1.87566e+07,2131,0,0,0,0,0,0,1464,633,34
122.606,1,7548928,repair,173,2.00517e+08,2.00517e+08,6412,13,34,31,64,31,0,3736,2545,131
122.616,0,7716864,windows,0,1.54563e+07,1.54554e+07,1931,0,0,0,0,0,0,1317,581,33
122.866,0,7732224,windows,0,1.30099e+07,1.3003e+07,1775,0,0,0,0,0,0,1237,517,21
122.868,1,7568384,repair,132,1.68008e+08,1.67986e+08,5936,4,21,19,56,32,0,3513,2295,128
123.12,1,7587840,repair,98,1.57183e+08,1.57139e+08,5788,3,17,9,46,23,0,3483,2189,116
123.123,0,7748608,windows,0,1.08541e+07,1.08541e+07,1607,0,0,0,0,0,0,1084,498,25
123.373,0,7764992,windows,0,9.29573e+06,9.28659e+06,1503,0,0,0,0,0,0,1054,432,17
123.38,1,7606272,repair,65,1.43683e+08,1.4364e+08,5493,2,10,10,29,14,0,3275,2117,101
123.625,0,7780352,windows,0,7.5144e+06,7.50934e+06,1343,0,0,0,0,0,0,930,399,14
123.637,1,7625728,repair,39,1.23723e+08,1.23668e+08,5096,1,1,11,13,13,0,3040,1965,91
123.877,0,7795712,windows,0,6.28075e+06,6.27388e+06,1243,0,0,0,0,0,0,884,344,15
123.888,1,7645184,repair,25,1.0766e+08,1.0761e+08,4884,1,3,7,9,5,0,3060,1741,83
124.133,0,7812096,windows,0,5.19687e+06,5.19643e+06,1134,0,0,0,0,0,0,810,309,15
124.151,1,7665664,repair,10,9.70436e+07,9.70288e+07,4656,0,4,3,2,1,0,2961,1629,66
124.396,0,7827456,windows,0,4.48003e+06,4.48003e+06,1047,0,0,0,0,0,0,724,304,19
124.405,1,7685120,repair,2,9.03394e+07,9.03252e+07,4481,0,2,0,0,0,0,2834,1582,65
124.655,1,7702528,repair,2,6.76426e+07,6.76019e+07,3957,0,1,0,0,1,0,2604,1297,56
124.657,0,7842816,windows,0,3.76136e+06,3.758e+06,954,0,0,0,0,0,0,672,274,8
124.915,0,7858176,windows,0,3.03956e+06,3.03151e+06,876,0,0,0,0,0,0,640,222,14
124.916,1,7719936,repair,1,5.90586e+07,5.90586e+07,3748,0,1,0,0,0,0,2518,1167,63
125.175,1,7737344,windows,0,5.08973e+07,5.08859e+07,3448,0,0,0,0,0,0,2282,1113,53
125.177,0,7872512,windows,0,2.60446e+06,2.59992e+06,801,0,0,0,0,0,0,560,227,14
125.433,1,7753728,windows,0,3.98543e+07,3.9843e+07,3043,0,0,0,0,0,0,2014,988,41
125.442,0,7887872,windows,0,2.18214e+06,2.18179e+06,742,0,0,0,0,0,0,541,189,12
125.693,1,7771136,windows,0,3.2012e+07,3.19948e+07,2747,0,0,0,0,0,0,1856,859,32
125.704,0,7903232,windows,0,1.87478e+06,1.87443e+06,686,0,0,0,0,0,0,493,181,12
125.946,1,7788544,windows,0,2.64818e+07,2.64578e+07,2507,0,0,0,0,0,0,1705,772,30
125.955,0,7918592,windows,0,1.46112e+06,1.45895e+06,605,0,0,0,0,0,0,435,160,10
126.204,1,7805952,windows,0,2.22992e+07,2.22765e+07,2309,0,0,0,0,0,0,1585,697,27
126.219,0,7934976,windows,0,1.2022e+06,1.20023e+06,550,0,0,0,0,0,0,393,146,11
126.465,1,7823360,windows,0,1.72079e+07,1.72072e+07,2034,0,0,0,0,0,0,1405,605,24
126.483,0,7952384,windows,0,985510,985510,496,0,0,0,0,0,0,358,131,7
126.717,1,7839744,windows,0,1.43183e+07,1.43177e+07,1832,0,0,0,0,0,0,1233,579,20
126.745,0,7968768,windows,0,823505,823272,456,0,0,0,0,0,0,331,117,8
126.975,1,7856128,windows,0,1.20883e+07,1.20876e+07,1715,0,0,0,0,0,0,1196,496,23
127.011,0,7986176,windows,0,617845,616431,393,0,0,0,0,0,0,283,104,6
127.231,1,7872512,windows,0,1.03382e+07,1.03238e+07,1606,0,0,0,0,0,0,1146,433,27
127.268,0,8002560,windows,0,494905,493439,354,0,0,0,0,0,0,259,89,6
127.492,1,7888896,windows,0,8.3893e+06,8.38069e+06,1437,0,0,0,0,0,0,1016,401,20
127.523,0,8017920,windows,0,407090,405212,321,0,0,0,0,0,0,230,84,7
127.755,1,7906304,windows,0,6.7744e+06,6.76221e+06,1292,0,0,0,0,0,0,920,356,16
127.788,0,8034304,windows,0,331840,330811,289,0,0,0,0,0,0,206,77,6
128.019,1,7923712,windows,0,5.77485e+06,5.77485e+06,1194,0,0,0,0,0,0,852,327,15
128.049,0,8051712,windows,0,259810,258749,256,0,0,0,0,0,0,184,67,5
128.278,1,7940096,windows,0,4.96752e+06,4.9637e+06,1100,0,0,0,0,0,0,763,320,17
128.313,0,8068096,windows,0,199640,197626,224,0,0,0,0,0,0,156,62,6
128.528,1,7955456,windows,0,3.96341e+06,3.95949e+06,988,0,0,0,0,0,0,696,277,15
128.571,0,8084480,windows,0,158475,157400,200,0,0,0,0,0,0,141,54,5
128.779,1,7971840,windows,0,3.19042e+06,3.19042e+06,901,0,0,0,0,0,0,667,219,15
128.829,0,8101888,windows,0,135975,135975,185,0,0,0,0,0,0,129,51,5
129.045,1,7990272,windows,0,2.66749e+06,2.66404e+06,823,0,0,0,0,0,0,602,206,15
129.085,0,8119296,windows,0,119890,118895,171,0,0,0,0,0,0,118,50,3
129.296,1,8006656,windows,0,2.29429e+06,2.29397e+06,760,0,0,0,0,0,0,556,193,11
129.35,0,8135680,windows,0,79730,79647.5,139,0,0,0,0,0,0,94,42,3
129.55,1,8023040,windows,0,1.78388e+06,1.78004e+06,667,0,0,0,0,0,0,479,178,10
129.613,0,8152064,windows,0,68360,67848.8,130,0,0,0,0,0,0,92,36,2
129.811,1,8041472,windows,0,1.44238e+06,1.43982e+06,604,0,0,0,0,0,0,430,160,14
129.865,0,8168448,windows,0,59525,59018.8,123,0,0,0,0,0,0,91,30,2
130.075,1,8058880,windows,0,1.19091e+06,1.18792e+06,545,0,0,0,0,0,0,384,150,11
130.122,0,8184832,windows,0,51020,50967.5,112,0,0,0,0,0,0,78,32,2
130.34,1,8077312,windows,0,1.00357e+06,999106,503,0,0,0,0,0,0,358,134,11
130.373,0,8200192,windows,0,40060,40007.5,99,0,0,0,0,0,0,68,29,2
130.594,1,8093696,windows,0,781675,780091,440,0,0,0,0,0,0,317,118,5
130.625,0,8215552,windows,0,36725,36077.5,93,0,0,0,0,0,0,61,30,2
130.85,1,8110080,windows,0,635180,635180,401,0,0,0,0,0,0,296,99,6
130.889,0,8231936,windows,0,33760,33132.5,89,0,0,0,0,0,0,58,29,2
131.117,1,8127488,windows,0,530060,528165,365,0,0,0,0,0,0,264,95,6
131.146,0,8248320,windows,0,31480,30593.8,86,0,0,0,0,0,0,56,28,2
131.371,1,8143872,windows,0,451975,450639,335,0,0,0,0,0,0,239,91,5
131.41,0,8265728,windows,0,27160,27107.5,80,0,0,0,0,0,0,52,26,2
131.634,1,8160256,windows,0,361570,361368,299,0,0,0,0,0,0,206,86,7
131.676,0,8283136,windows,0,23705,23197.5,76,0,0,0,0,0,0,51,23,2
131.887,1,8175616,windows,0,290080,289111,271,0,0,0,0,0,0,194,71,6
131.936,0,8300544,windows,0,23200,22443.8,75,0,0,0,0,0,0,50,23,2
132.148,1,8192000,windows,0,235790,234931,243,0,0,0,0,0,0,172,66,5
132.199,0,8317952,windows,0,20945,20648.8,72,0,0,0,0,0,0,49,21,2
132.402,1,8208384,windows,0,199155,198219,224,0,0,0,0,0,0,159,60,5
132.466,0,8334336,windows,0,20945,20648.8,72,0,0,0,0,0,0,49,21,2
132.656,1,8223744,windows,0,171190,170481,206,0,0,0,0,0,0,142,59,5
132.728,0,8349696,windows,0,17670,17670,64,0,0,0,0,0,0,42,21,1
132.916,1,8237056,windows,0,136415,135801,181,0,0,0,0,0,0,123,55,3
132.985,0,8366080,windows,0,14915,14915,60,0,0,0,0,0,0,41,18,1
133.167,1,8250368,windows,0,119095,118501,171,0,0,0,0,0,0,119,49,3
133.239,0,8382464,windows,0,14915,14915,60,0,0,0,0,0,0,41,18,1
133.424,1,8265728,windows,0,107905,107905,164,0,0,0,0,0,0,119,43,2
133.494,0,8397824,windows,0,14115,14115,58,0,0,0,0,0,0,39,18,1
133.685,1,8282112,windows,0,94700,93805,151,0,0,0,0,0,0,104,45,2
133.753,0,8414208,windows,0,11955,11600,52,0,0,0,0,0,0,33,18,1
133.935,1,8298496,windows,0,87010,86438.8,145,0,0,0,0,0,0,98,44,3
134.016,0,8432640,windows,0,11630,11275,51,0,0,0,0,0,0,32,18,1
134.191,1,8314880,windows,0,64280,63525,124,0,0,0,0,0,0,84,38,2
134.281,0,8450048,windows,0,11245,10756.2,51,0,0,0,0,0,0,35,16,0
134.454,1,8330240,windows,0,58995,57876.2,120,0,0,0,0,0,0,81,36,3
134.533,0,8466432,windows,0,9925,9456.25,47,0,0,0,0,0,0,31,16,0
134.72,1,8345600,windows,0,55400,55011.2,117,0,0,0,0,0,0,78,35,4
134.787,0,8481792,windows,0,8245,7930,41,0,0,0,0,0,0,25,16,0
134.974,1,8360960,windows,0,51875,51732.5,112,0,0,0,0,0,0,71,36,5
135.04,0,8497152,windows,0,8000,7685,40,0,0,0,0,0,0,24,16,0
135.229,1,8376320,windows,0,42415,42415,103,0,0,0,0,0,0,67,31,5
135.3,0,8513536,windows,0,7765,7450,39,0,0,0,0,0,0,23,16,0
135.48,1,8391680,windows,0,39565,39565,97,0,0,0,0,0,0,61,32,4
135.567,0,8530944,windows,0,7765,7450,39,0,0,0,0,0,0,23,16,0
135.737,1,8408064,windows,0,37700,36786.2,95,0,0,0,0,0,0,60,31,4
135.818,0,8547328,windows,0,7625,7625,40,0,0,0,0,0,0,25,15,0
135.991,1,8425472,windows,0,36120,35821.2,92,0,0,0,0,0,0,60,30,2
136.077,0,8565760,windows,0,7380,7380,39,0,0,0,0,0,0,24,15,0
136.245,1,8442880,windows,0,33760,33471.2,89,0,0,0,0,0,0,58,29,2
136.34,0,8583168,windows,0,6760,6760,39,0,0,0,0,0,0,26,13,0
136.506,1,8459264,windows,0,27520,27520,77,0,0,0,0,0,0,46,29,2
136.607,0,8600576,windows,0,6260,6025,38,0,0,0,0,0,0,26,12,0
136.766,1,8475648,windows,0,26845,26845,77,0,0,0,0,0,0,47,28,2
136.858,0,8616960,windows,0,5760,5525,36,0,0,0,0,0,0,24,12,0
137.024,1,8493056,windows,0,24500,24261.2,77,0,0,0,0,0,0,48,25,4
137.112,0,8634368,windows,0,5525,5290,35,0,0,0,0,0,0,23,12,0
137.288,1,8510464,windows,0,22300,22300,71,0,0,0,0,0,0,44,25,2
137.365,0,8651776,windows,0,5085,4850,33,0,0,0,0,0,0,21,12,0
137.547,1,8526848,windows,0,21280,21280,71,0,0,0,0,0,0,46,23,2
137.625,0,8669184,windows,0,5085,4850,33,0,0,0,0,0,0,21,12,0
137.81,1,8543232,windows,0,21280,21280,71,0,0,0,0,0,0,46,23,2
137.89,0,8686592,windows,0,5085,4850,33,0,0,0,0,0,0,21,12,0
138.061,1,8558592,windows,0,19480,19480,68,0,0,0,0,0,0,44,22,2
138.145,0,8704000,windows,0,4880,4645,32,0,0,0,0,0,0,20,12,0
138.322,1,8574976,windows,0,19480,19480,68,0,0,0,0,0,0,44,22,2
138.411,0,8721408,windows,0,4880,4645,32,0,0,0,0,0,0,20,12,0
138.581,1,8590336,windows,0,19045,19045,67,0,0,0,0,0,0,43,22,2
138.672,0,8738816,windows,0,4880,4645,32,0,0,0,0,0,0,20,12,0
138.846,1,8606720,windows,0,17405,17211.2,63,0,0,0,0,0,0,39,22,2
138.932,0,8757248,windows,0,4880,4645,32,0,0,0,0,0,0,20,12,0
139.1,1,8624128,windows,0,16545,16351.2,62,0,0,0,0,0,0,39,21,2
139.188,0,8774656,windows,0,4325,4325,29,0,0,0,0,0,0,17,12,0
139.357,1,8640512,windows,0,15420,15420,59,0,0,0,0,0,0,36,21,2
139.446,0,8792064,windows,0,4325,4325,29,0,0,0,0,0,0,17,12,0
139.609,1,8656896,windows,0,14060,13901.2,55,0,0,0,0,0,0,32,21,2
139.703,0,8809472,windows,0,4225,4010,30,0,0,0,0,0,0,19,11,0
139.865,1,8673280,windows,0,14060,13901.2,55,0,0,0,0,0,0,32,21,2
139.966,0,8827904,windows,0,4040,3825,29,0,0,0,0,0,0,18,11,0
140.124,1,8688640,windows,0,13145,12730,52,0,0,0,0,0,0,29,21,2
140.231,0,8845312,windows,0,4040,3825,29,0,0,0,0,0,0,18,11,0
140.38,1,8702976,windows,0,12040,12040,50,0,0,0,0,0,0,28,20,2
140.482,0,8861696,windows,0,3865,3650,28,0,0,0,0,0,0,17,11,0
140.634,1,8718336,windows,0,12040,12040,50,0,0,0,0,0,0,28,20,2
140.736,0,8879104,windows,0,3700,3485,27,0,0,0,0,0,0,16,11,0
140.9,1,8733696,windows,0,12040,12040,50,0,0,0,0,0,0,28,20,2
140.991,0,8897536,windows,0,3700,3485,27,0,0,0,0,0,0,16,11,0
141.16,1,8749056,windows,0,12040,12040,50,0,0,0,0,0,0,28,20,2
141.243,0,8914944,windows,0,3700,3485,27,0,0,0,0,0,0,16,11,0
141.421,1,8764416,windows,0,1825,1761.25,20,0,0,0,0,0,0,13,7,0
141.5,0,8934400,windows,0,3700,3485,27,0,0,0,0,0,0,16,11,0
141.675,1,8781824,windows,0,1825,1761.25,20,0,0,0,0,0,0,13,7,0
141.754,0,8953856,windows,0,1825,1761.25,20,0,0,0,0,0,0,13,7,0
141.925,1,8798208,windows,0,1825,1761.25,20,0,0,0,0,0,0,13,7,0
142.014,0,8973312,windows,0,1825,1761.25,20,0,0,0,0,0,0,13,7,0
142.178,1,8814592,windows,0,1825,1761.25,20,0,0,0,0,0,0,13,7,0
142.268,0,8991744,windows,0,1585,1396.25,18,0,0,0,0,0,0,11,7,0
142.438,1,8829952,windows,0,1825,1761.25,20,0,0,0,0,0,0,13,7,0
142.523,0,9010176,windows,0,1585,1396.25,18,0,0,0,0,0,0,11,7,0
142.695,1,8845312,windows,0,1825,1761.25,20,0,0,0,0,0,0,13,7,0
142.786,0,9028608,windows,0,1585,1396.25,18,0,0,0,0,0,0,11,7,0
142.948,1,8860672,windows,0,1825,1761.25,20,0,0,0,0,0,0,13,7,0
143.045,0,9047040,windows,0,1585,1396.25,18,0,0,0,0,0,0,11,7,0
143.211,1,8876032,windows,0,1825,1761.25,20,0,0,0,0,0,0,13,7,0
143.3,0,9064448,windows,0,1585,1396.25,18,0,0,0,0,0,0,11,7,0
143.47,1,8892416,windows,0,1585,1396.25,18,0,0,0,0,0,0,11,7,0
143.559,0,9083904,windows,0,1585,1396.25,18,0,0,0,0,0,0,11,7,0
143.728,1,8912896,windows,0,1585,1396.25,18,0,0,0,0,0,0,11,7,0
143.815,0,9103360,windows,0,1585,1396.25,18,0,0,0,0,0,0,11,7,0
143.98,1,8932352,windows,0,1585,1396.25,18,0,0,0,0,0,0,11,7,0
144.075,0,9121792,windows,0,1585,1396.25,18,0,0,0,0,0,0,11,7,0
144.239,1,8950784,windows,0,1585,1396.25,18,0,0,0,0,0,0,11,7,0
144.328,0,9139200,windows,0,1585,1396.25,18,0,0,0,0,0,0,11,7,0
144.49,1,8967168,windows,0,1585,1396.25,18,0,0,0,0,0,0,11,7,0
144.591,0,9158656,windows,0,1585,1396.25,18,0,0,0,0,0,0,11,7,0
144.754,1,8983552,windows,0,1585,1396.25,18,0,0,0,0,0,0,11,7,0
144.849,0,9177088,windows,0,1585,1396.25,18,0,0,0,0,0,0,11,7,0
145.022,1,8999936,windows,0,1585,1396.25,18,0,0,0,0,0,0,11,7,0
145.109,0,9194496,windows,0,1585,1396.25,18,0,0,0,0,0,0,11,7,0
145.275,1,9016320,windows,0,1585,1396.25,18,0,0,0,0,0,0,11,7,0
145.366,0,9211904,windows,0,1585,1396.25,18,0,0,0,0,0,0,11,7,0
145.527,1,9033728,windows,0,1585,1396.25,18,0,0,0,0,0,0,11,7,0
145.628,0,9230336,windows,0,1480,1345,17,0,0,0,0,0,0,10,7,0
145.783,1,9051136,windows,0,1585,1396.25,18,0,0,0,0,0,0,11,7,0
145.883,0,9248768,windows,0,1480,1345,17,0,0,0,0,0,0,10,7,0
146.036,1,9067520,windows,0,1480,1345,17,0,0,0,0,0,0,10,7,0
146.141,0,9266176,windows,0,1385,1250,16,0,0,0,0,0,0,9,7,0
146.294,1,9083904,windows,0,1480,1345,17,0,0,0,0,0,0,10,7,0
146.393,0,9284608,windows,0,1300,1165,15,0,0,0,0,0,0,8,7,0
146.55,1,9100288,windows,0,1480,1345,17,0,0,0,0,0,0,10,7,0
146.65,0,9304064,windows,0,1300,1165,15,0,0,0,0,0,0,8,7,0
146.809,1,9118720,windows,0,1385,1250,16,0,0,0,0,0,0,9,7,0
146.902,0,9323520,windows,0,1300,1165,15,0,0,0,0,0,0,8,7,0
147.07,1,9140224,windows,0,1300,1126.25,15,0,0,0,0,0,0,8,7,0
147.157,0,9341952,windows,0,1300,1165,15,0,0,0,0,0,0,8,7,0
147.327,1,9159680,windows,0,1300,1126.25,15,0,0,0,0,0,0,8,7,0
147.417,0,9360384,windows,0,1300,1165,15,0,0,0,0,0,0,8,7,0
147.579,1,9179136,windows,0,1300,1126.25,15,0,0,0,0,0,0,8,7,0
147.68,0,9379840,windows,0,1300,1165,15,0,0,0,0,0,0,8,7,0
147.834,1,9198592,windows,0,1225,1056.25,14,0,0,0,0,0,0,7,7,0
147.944,0,9400320,windows,0,1225,1056.25,14,0,0,0,0,0,0,7,7,0
148.092,1,9218048,windows,0,1225,1056.25,14,0,0,0,0,0,0,7,7,0
148.198,0,9419776,windows,0,1225,1056.25,14,0,0,0,0,0,0,7,7,0
148.354,1,9235456,windows,0,1225,1056.25,14,0,0,0,0,0,0,7,7,0
148.449,0,9437184,windows,0,1225,1056.25,14,0,0,0,0,0,0,7,7,0
148.607,1,9251840,windows,0,1225,1056.25,14,0,0,0,0,0,0,7,7,0
148.709,0,9457664,windows,0,1225,1056.25,14,0,0,0,0,0,0,7,7,0
148.859,1,9268224,windows,0,1225,1056.25,14,0,0,0,0,0,0,7,7,0
148.962,0,9477120,windows,0,1225,1056.25,14,0,0,0,0,0,0,7,7,0
149.121,1,9286656,windows,0,1225,1056.25,14,0,0,0,0,0,0,7,7,0
149.221,0,9496576,windows,0,1225,1056.25,14,0,0,0,0,0,0,7,7,0
149.385,1,9304064,windows,0,1225,1056.25,14,0,0,0,0,0,0,7,7,0
149.471,0,9513984,windows,0,1225,1056.25,14,0,0,0,0,0,0,7,7,0
149.653,1,9320448,windows,0,1225,1056.25,14,0,0,0,0,0,0,7,7,0
149.727,0,9530368,windows,0,1225,1056.25,14,0,0,0,0,0,0,7,7,0
149.909,1,9339904,windows,0,1225,1056.25,14,0,0,0,0,0,0,7,7,0
149.989,0,9547776,windows,0,1225,1056.25,14,0,0,0,0,0,0,7,7,0
150.171,1,9358336,windows,0,1225,1056.25,14,0,0,0,0,0,0,7,7,0
150.242,0,9564160,windows,0,1225,1056.25,14,0,0,0,0,0,0,7,7,0
150.427,1,9375744,windows,0,1225,1056.25,14,0,0,0,0,0,0,7,7,0
150.503,0,9580544,windows,0,1225,1056.25,14,0,0,0,0,0,0,7,7,0
150.684,1,9392128,windows,0,1225,1056.25,14,0,0,0,0,0,0,7,7,0
150.769,0,9593856,windows,0,1225,1056.25,14,0,0,0,0,0,0,7,7,0
150.948,1,9409536,windows,0,1225,1056.25,14,0,0,0,0,0,0,7,7,0
151.021,0,9608192,windows,0,1225,1056.25,14,0,0,0,0,0,0,7,7,0
151.21,1,9422848,windows,0,1225,1056.25,14,0,0,0,0,0,0,7,7,0
151.274,0,9622528,windows,0,1225,1056.25,14,0,0,0,0,0,0,7,7,0
151.462,1,9438208,windows,0,1225,1056.25,14,0,0,0,0,0,0,7,7,0
151.529,0,9637888,windows,0,1225,1056.25,14,0,0,0,0,0,0,7,7,0
151.729,1,9453568,windows,0,1225,1056.25,14,0,0,0,0,0,0,7,7,0
151.792,0,9656320,windows,0,1225,1056.25,14,0,0,0,0,0,0,7,7,0
151.992,1,9467904,windows,0,1225,1056.25,14,0,0,0,0,0,0,7,7,0
152.056,0,9673728,windows,0,1225,1056.25,14,0,0,0,0,0,0,7,7,0
152.252,1,9483264,windows,0,1225,1056.25,14,0,0,0,0,0,0,7,7,0
152.307,0,9691136,windows,0,1225,1056.25,14,0,0,0,0,0,0,7,7,0
152.514,1,9498624,windows,0,1225,1056.25,14,0,0,0,0,0,0,7,7,0
152.562,0,9707520,windows,0,1220,1056.25,16,0,0,0,0,0,0,10,6,0
152.773,1,9511936,windows,0,1225,1056.25,14,0,0,0,0,0,0,7,7,0
152.813,0,9723904,windows,0,1040,1001.25,14,0,0,0,0,0,0,8,6,0
153.028,1,9525248,repair,0,1225,1056.25,14,0,0,0,0,0,0,7,7,0
153.071,0,9742336,windows,0,965,931.25,13,0,0,0,0,0,0,7,6,0
153.289,1,9544704,windows,0,1225,1056.25,14,0,0,0,0,0,0,7,7,0
153.329,0,9761792,windows,0,965,931.25,13,0,0,0,0,0,0,7,6,0
153.552,1,9563136,windows,0,1225,1056.25,14,0,0,0,0,0,0,7,7,0
153.589,0,9782272,windows,0,965,931.25,13,0,0,0,0,0,0,7,6,0
153.814,1,9580544,windows,0,1225,1056.25,14,0,0,0,0,0,0,7,7,0
153.841,0,9802752,windows,0,965,931.25,13,0,0,0,0,0,0,7,6,0
154.076,1,9598976,windows,0,1225,1056.25,14,0,0,0,0,0,0,7,7,0
154.094,0,9822208,windows,0,965,931.25,13,0,0,0,0,0,0,7,6,0
154.345,1,9616384,windows,0,1225,1056.25,14,0,0,0,0,0,0,7,7,0
154.356,0,9842688,windows,0,965,931.25,13,0,0,0,0,0,0,7,6,0
154.603,1,9631744,windows,0,1225,1056.25,14,0,0,0,0,0,0,7,7,0
154.615,0,9863168,windows,0,965,931.25,13,0,0,0,0,0,0,7,6,0
154.855,1,9646080,windows,0,1225,1056.25,14,0,0,0,0,0,0,7,7,0
154.872,0,9883648,windows,0,965,931.25,13,0,0,0,0,0,0,7,6,0
155.123,0,9902080,windows,0,965,931.25,13,0,0,0,0,0,0,7,6,0
155.123,1,9661440,windows,0,1225,1056.25,14,0,0,0,0,0,0,7,7,0
155.373,1,9675776,windows,0,1225,1056.25,14,0,0,0,0,0,0,7,7,0
155.381,0,9921536,windows,0,965,931.25,13,0,0,0,0,0,0,7,6,0
155.63,1,9692160,windows,0,1225,1056.25,14,0,0,0,0,0,0,7,7,0
155.64,0,9939968,repair,0,965,931.25,13,0,0,0,0,0,0,7,6,0
155.88,1,9709568,windows,0,965,931.25,13,0,0,0,0,0,0,7,6,0
155.893,0,9957376,repair,0,965,931.25,13,0,0,0,0,0,0,7,6,0
156.14,1,9729024,windows,0,965,931.25,13,0,0,0,0,0,0,7,6,0
156.15,0,9972736,repair,0,965,931.25,13,0,0,0,0,0,0,7,6,0
156.399,1,9748480,windows,0,965,931.25,13,0,0,0,0,0,0,7,6,0
156.406,0,9989120,repair,0,965,931.25,13,0,0,0,0,0,0,7,6,0
156.651,1,9765888,windows,0,965,931.25,13,0,0,0,0,0,0,7,6,0
156.668,0,10009600,windows,0,965,931.25,13,0,0,0,0,0,0,7,6,0
156.909,1,9782272,windows,0,965,931.25,13,0,0,0,0,0,0,7,6,0
156.925,0,10023936,windows,0,965,931.25,13,0,0,0,0,0,0,7,6,0
157.16,1,9797632,windows,0,965,931.25,13,0,0,0,0,0,0,7,6,0
157.189,0,10039296,windows,0,965,931.25,13,0,0,0,0,0,0,7,6,0
157.41,1,9815040,windows,0,965,931.25,13,0,0,0,0,0,0,7,6,0
157.458,0,10053632,windows,0,965,931.25,13,0,0,0,0,0,0,7,6,0
157.67,1,9831424,windows,0,965,931.25,13,0,0,0,0,0,0,7,6,0
157.72,0,10067968,windows,0,965,931.25,13,0,0,0,0,0,0,7,6,0
157.93,1,9846784,windows,0,965,931.25,13,0,0,0,0,0,0,7,6,0
157.981,0,10081280,windows,0,965,931.25,13,0,0,0,0,0,0,7,6,0
158.18,1,9862144,windows,0,965,931.25,13,0,0,0,0,0,0,7,6,0
158.248,0,10095616,windows,0,965,931.25,13,0,0,0,0,0,0,7,6,0
158.443,1,9875456,repair,0,965,931.25,13,0,0,0,0,0,0,7,6,0
158.514,0,10109952,windows,0,965,931.25,13,0,0,0,0,0,0,7,6,0
158.699,1,9890816,windows,0,965,931.25,13,0,0,0,0,0,0,7,6,0
158.767,0,10124288,windows,0,965,931.25,13,0,0,0,0,0,0,7,6,0
158.954,1,9905152,windows,0,965,931.25,13,0,0,0,0,0,0,7,6,0
159.034,0,10138624,windows,0,965,931.25,13,0,0,0,0,0,0,7,6,0
159.213,1,9918464,windows,0,965,931.25,13,0,0,0,0,0,0,7,6,0
159.288,0,10150912,windows,0,965,931.25,13,0,0,0,0,0,0,7,6,0
159.471,1,9931776,windows,0,965,931.25,13,0,0,0,0,0,0,7,6,0
159.549,0,10164224,windows,0,965,931.25,13,0,0,0,0,0,0,7,6,0
159.736,1,9946112,windows,0,965,931.25,13,0,0,0,0,0,0,7,6,0
159.799,0,10179584,windows,0,965,931.25,13,0,0,0,0,0,0,7,6,0
159.991,1,9962496,windows,0,965,931.25,13,0,0,0,0,0,0,7,6,0
160.063,0,10196992,windows,0,965,931.25,13,0,0,0,0,0,0,7,6,0
160.247,1,9978880,windows,0,965,931.25,13,0,0,0,0,0,0,7,6,0
160.314,0,10214400,windows,0,965,931.25,13,0,0,0,0,0,0,7,6,0
160.508,1,9994240,windows,0,965,931.25,13,0,0,0,0,0,0,7,6,0
160.567,0,10232832,windows,0,965,931.25,13,0,0,0,0,0,0,7,6,0
160.759,1,10010624,windows,0,965,931.25,13,0,0,0,0,0,0,7,6,0
160.82,0,10250240,windows,0,965,931.25,13,0,0,0,0,0,0,7,6,0
161.016,1,10029056,windows,0,965,931.25,13,0,0,0,0,0,0,7,6,0
161.073,0,10267648,windows,0,965,931.25,13,0,0,0,0,0,0,7,6,0
161.271,1,10047488,windows,0,965,931.25,13,0,0,0,0,0,0,7,6,0
161.333,0,10286080,windows,0,965,931.25,13,0,0,0,0,0,0,7,6,0
161.533,1,10066944,windows,0,965,931.25,13,0,0,0,0,0,0,7,6,0
161.593,0,10305536,windows,0,965,931.25,13,0,0,0,0,0,0,7,6,0
161.79,1,10087424,windows,0,965,931.25,13,0,0,0,0,0,0,7,6,0
161.852,0,10323968,repair,0,965,931.25,13,0,0,0,0,0,0,7,6,0
162.048,1,10105856,windows,0,965,931.25,13,0,0,0,0,0,0,7,6,0
162.119,0,10340352,repair,0,965,931.25,13,0,0,0,0,0,0,7,6,0
162.304,1,10125312,windows,0,965,931.25,13,0,0,0,0,0,0,7,6,0
162.369,0,10356736,windows,0,965,931.25,13,0,0,0,0,0,0,7,6,0
162.564,1,10145792,windows,0,965,931.25,13,0,0,0,0,0,0,7,6,0
162.631,0,10375168,windows,0,965,931.25,13,0,0,0,0,0,0,7,6,0
162.823,1,10165248,repair,0,965,931.25,13,0,0,0,0,0,0,7,6,0
162.884,0,10392576,windows,0,965,931.25,13,0,0,0,0,0,0,7,6,0
163.083,1,10185728,repair,0,965,931.25,13,0,0,0,0,0,0,7,6,0
163.14,0,10407936,windows,0,965,931.25,13,0,0,0,0,0,0,7,6,0
163.339,1,10203136,windows,0,965,931.25,13,0,0,0,0,0,0,7,6,0
163.403,0,10421248,windows,0,965,931.25,13,0,0,0,0,0,0,7,6,0
163.597,1,10220544,windows,0,965,931.25,13,0,0,0,0,0,0,7,6,0
163.663,0,10435584,windows,0,965,931.25,13,0,0,0,0,0,0,7,6,0
163.855,1,10238976,windows,0,965,931.25,13,0,0,0,0,0,0,7,6,0
163.925,0,10449920,windows,0,965,931.25,13,0,0,0,0,0,0,7,6,0
164.116,1,10256384,windows,0,965,931.25,13,0,0,0,0,0,0,7,6,0
164.177,0,10464256,windows,0,965,931.25,13,0,0,0,0,0,0,7,6,0
164.374,1,10273792,windows,0,965,931.25,13,0,0,0,0,0,0,7,6,0
164.442,0,10480640,windows,0,965,931.25,13,0,0,0,0,0,0,7,6,0
164.63,1,10291200,windows,0,965,931.25,13,0,0,0,0,0,0,7,6,0
164.706,0,10497024,windows,0,965,931.25,13,0,0,0,0,0,0,7,6,0
164.895,1,10308608,windows,0,965,931.25,13,0,0,0,0,0,0,7,6,0
164.957,0,10513408,windows,0,965,931.25,13,0,0,0,0,0,0,7,6,0
165.158,1,10326016,windows,0,965,931.25,13,0,0,0,0,0,0,7,6,0
165.211,0,10529792,windows,0,965,931.25,13,0,0,0,0,0,0,7,6,0
165.414,1,10342400,windows,0,965,931.25,13,0,0,0,0,0,0,7,6,0
165.473,0,10546176,windows,0,965,931.25,13,0,0,0,0,0,0,7,6,0
165.673,1,10360832,windows,0,965,931.25,13,0,0,0,0,0,0,7,6,0
165.724,0,10562560,windows,0,965,931.25,13,0,0,0,0,0,0,7,6,0
165.928,1,10379264,windows,0,965,931.25,13,0,0,0,0,0,0,7,6,0
165.98,0,10577920,windows,0,965,931.25,13,0,0,0,0,0,0,7,6,0
166.186,1,10398720,windows,0,965,931.25,13,0,0,0,0,0,0,7,6,0
166.231,0,10594304,windows,0,965,931.25,13,0,0,0,0,0,0,7,6,0
166.448,1,10416128,windows,0,965,931.25,13,0,0,0,0,0,0,7,6,0
166.493,0,10610688,windows,0,965,931.25,13,0,0,0,0,0,0,7,6,0
166.711,1,10434560,windows,0,965,931.25,13,0,0,0,0,0,0,7,6,0
166.748,0,10627072,repair,0,965,931.25,13,0,0,0,0,0,0,7,6,0
166.978,1,10452992,windows,0,965,931.25,13,0,0,0,0,0,0,7,6,0
167,0,10644480,repair,0,965,931.25,13,0,0,0,0,0,0,7,6,0
167.233,1,10470400,windows,0,965,931.25,13,0,0,0,0,0,0,7,6,0
167.252,0,10661888,windows,0,965,931.25,13,0,0,0,0,0,0,7,6,0
167.483,1,10487808,windows,0,965,931.25,13,0,0,0,0,0,0,7,6,0
167.503,0,10679296,windows,0,965,931.25,13,0,0,0,0,0,0,7,6,0
167.739,1,10508288,windows,0,965,931.25,13,0,0,0,0,0,0,7,6,0
167.758,0,10696704,windows,0,965,931.25,13,0,0,0,0,0,0,7,6,0
167.996,1,10526720,windows,0,965,931.25,13,0,0,0,0,0,0,7,6,0
168.011,0,10713088,windows,0,965,931.25,13,0,0,0,0,0,0,7,6,0
168.254,1,10543104,windows,0,965,931.25,13,0,0,0,0,0,0,7,6,0
168.272,0,10730496,windows,0,965,931.25,13,0,0,0,0,0,0,7,6,0
168.514,1,10557440,repair,0,965,931.25,13,0,0,0,0,0,0,7,6,0
168.528,0,10746880,windows,0,965,931.25,13,0,0,0,0,0,0,7,6,0
168.765,1,10573824,windows,0,965,931.25,13,0,0,0,0,0,0,7,6,0
168.783,0,10763264,windows,0,965,931.25,13,0,0,0,0,0,0,7,6,0
169.023,1,10589184,windows,0,965,931.25,13,0,0,0,0,0,0,7,6,0
169.035,0,10779648,windows,0,965,931.25,13,0,0,0,0,0,0,7,6,0
169.289,0,10795008,windows,0,965,931.25,13,0,0,0,0,0,0,7,6,0
169.29,1,10604544,windows,0,965,931.25,13,0,0,0,0,0,0,7,6,0
169.547,1,10618880,windows,0,965,931.25,13,0,0,0,0,0,0,7,6,0
169.551,0,10809344,windows,0,965,931.25,13,0,0,0,0,0,0,7,6,0
169.803,0,10823680,windows,0,965,931.25,13,0,0,0,0,0,0,7,6,0
169.809,1,10634240,windows,0,965,931.25,13,0,0,0,0,0,0,7,6,0
170.054,0,10839040,windows,0,965,931.25,13,0,0,0,0,0,0,7,6,0
170.073,1,10649600,windows,0,965,931.25,13,0,0,0,0,0,0,7,6,0
170.318,0,10855424,windows,0,965,931.25,13,0,0,0,0,0,0,7,6,0
170.345,1,10664960,windows,0,965,931.25,13,0,0,0,0,0,0,7,6,0
170.578,0,10872832,windows,0,965,931.25,13,0,0,0,0,0,0,7,6,0
170.609,1,10680320,windows,0,965,931.25,13,0,0,0,0,0,0,7,6,0
170.841,0,10888192,windows,0,965,931.25,13,0,0,0,0,0,0,7,6,0
170.869,1,10694656,windows,0,965,931.25,13,0,0,0,0,0,0,7,6,0
171.108,0,10904576,windows,0,965,931.25,13,0,0,0,0,0,0,7,6,0
171.135,1,10710016,windows,0,965,931.25,13,0,0,0,0,0,0,7,6,0
171.377,0,10920960,windows,0,965,931.25,13,0,0,0,0,0,0,7,6,0
171.403,1,10725376,windows,0,965,931.25,13,0,0,0,0,0,0,7,6,0
171.641,0,10938368,windows,0,965,931.25,13,0,0,0,0,0,0,7,6,0
171.662,1,10740736,windows,0,965,931.25,13,0,0,0,0,0,0,7,6,0
171.903,0,10955776,windows,0,965,931.25,13,0,0,0,0,0,0,7,6,0
171.922,1,10756096,windows,0,965,931.25,13,0,0,0,0,0,0,7,6,0
172.165,0,10971136,repair,766,2.45824e+08,2.45743e+08,6777,62,158,136,269,141,0,3748,2843,186
172.182,1,10771456,windows,0,965,931.25,13,0,0,0,0,0,0,7,6,0
172.422,0,10990592,repair,600,2.59487e+08,2.59409e+08,7106,44,121,110,208,117,0,4026,2913,167
172.44,1,10785792,windows,0,965,931.25,13,0,0,0,0,0,0,7,6,0
172.682,0,11010048,repair,478,2.63753e+08,2.63689e+08,7202,34,83,80,180,101,0,4085,2951,166
172.706,1,10801152,windows,0,965,931.25,13,0,0,0,0,0,0,7,6,0
172.933,0,11028480,repair,383,2.44394e+08,2.44313e+08,7065,22,98,87,114,62,0,4116,2792,157
172.971,1,10816512,windows,0,965,931.25,13,0,0,0,0,0,0,7,6,0
173.19,0,11047936,repair,316,2.06638e+08,2.06615e+08,6491,22,73,51,115,55,0,3784,2571,136
173.235,1,10831872,windows,0,965,931.25,13,0,0,0,0,0,0,7,6,0
173.451,0,11067392,repair,256,1.84685e+08,1.84663e+08,6202,14,43,36,98,65,0,3690,2393,119
173.485,1,10845184,windows,0,965,931.25,13,0,0,0,0,0,0,7,6,0
173.707,0,11087872,repair,195,1.81255e+08,1.81236e+08,6232,9,24,40,80,42,0,3752,2338,142
173.736,1,10859520,windows,0,965,931.25,13,0,0,0,0,0,0,7,6,0
173.97,0,11107328,repair,134,1.71756e+08,1.71689e+08,6067,8,23,25,42,36,0,3680,2272,115
173.998,1,10875904,windows,0,965,931.25,13,0,0,0,0,0,0,7,6,0
174.226,0,11126784,repair,93,1.57407e+08,1.57342e+08,5793,4,18,15,36,20,0,3481,2193,119
174.258,1,10891264,windows,0,965,931.25,13,0,0,0,0,0,0,7,6,0
174.479,0,11146240,repair,67,1.35152e+08,1.35137e+08,5321,4,6,11,28,18,0,3151,2062,108
174.525,1,10905600,windows,0,965,931.25,13,0,0,0,0,0,0,7,6,0
174.731,0,11163648,repair,49,1.08095e+08,1.08057e+08,4880,2,7,13,19,8,0,3025,1761,94
174.785,1,10919936,windows,0,965,931.25,13,0,0,0,0,0,0,7,6,0
174.988,0,11182080,repair,20,1.09882e+08,1.09846e+08,4914,0,1,1,8,10,0,3054,1775,85
175.038,1,10936320,windows,0,965,931.25,13,0,0,0,0,0,0,7,6,0
175.241,0,11201536,repair,7,9.67452e+07,9.67104e+07,4679,0,0,2,4,1,0,2981,1614,84
175.297,1,10951680,windows,0,965,931.25,13,0,0,0,0,0,0,7,6,0
175.495,0,11222016,repair,2,8.28714e+07,8.28417e+07,4338,0,0,0,1,1,0,2769,1489,80
175.565,1,10966016,windows,0,965,931.25,13,0,0,0,0,0,0,7,6,0
175.752,0,11241472,repair,1,6.41649e+07,6.41379e+07,3882,0,0,0,1,0,0,2566,1247,69
175.832,1,10980352,windows,0,965,931.25,13,0,0,0,0,0,0,7,6,0
176.014,0,11260928,windows,0,5.16419e+07,5.16193e+07,3459,0,0,0,0,0,0,2282,1130,47
176.089,1,10991616,repair,853,2.27397e+08,2.27373e+08,6497,65,156,140,316,176,0,3621,2683,193
176.271,0,11278336,windows,0,4.21063e+07,4.21047e+07,3157,0,0,0,0,0,0,2108,995,54
176.346,1,11009024,repair,669,2.79109e+08,2.79049e+08,7336,46,145,106,235,137,0,4150,3016,170
176.525,0,11294720,windows,0,3.34518e+07,3.34413e+07,2792,0,0,0,0,0,0,1847,904,41
176.601,1,11026432,repair,551,2.65322e+08,2.65302e+08,7186,30,121,94,214,92,0,4091,2948,147
176.788,0,11312128,windows,0,2.71222e+07,2.70978e+07,2534,0,0,0,0,0,0,1709,790,35
176.863,1,11044864,repair,447,2.64718e+08,2.64633e+08,7223,29,92,62,184,80,0,4096,2958,169
177.05,0,11329536,windows,0,2.25388e+07,2.25239e+07,2327,0,0,0,0,0,0,1596,699,32
177.117,1,11062272,repair,381,2.25666e+08,2.25606e+08,6702,20,68,63,147,83,0,3801,2730,171
177.302,0,11344896,windows,0,1.94018e+07,1.94018e+07,2175,0,0,0,0,0,0,1531,619,25
177.376,1,11079680,repair,307,2.15977e+08,2.15901e+08,6594,13,50,42,127,75,0,3817,2647,130
177.561,0,11359232,windows,0,1.56623e+07,1.56552e+07,1925,0,0,0,0,0,0,1311,594,20
177.635,1,11097088,repair,265,1.76921e+08,1.76902e+08,6107,13,43,35,119,55,0,3677,2313,117
177.833,0,11372544,windows,0,1.36612e+07,1.36538e+07,1835,0,0,0,0,0,0,1284,519,32
177.894,1,11113472,repair,189,1.98236e+08,1.98163e+08,6378,12,37,24,76,40,0,3736,2521,121
178.09,0,11385856,windows,0,1.19396e+07,1.19396e+07,1721,0,0,0,0,0,0,1215,476,30
178.15,1,11129856,repair,162,1.56844e+08,1.56783e+08,5793,13,30,19,70,30,0,3510,2170,113
178.358,0,11399168,windows,0,1.05256e+07,1.05256e+07,1626,0,0,0,0,0,0,1180,421,25
178.414,1,11146240,repair,130,1.47007e+08,1.46944e+08,5625,10,21,16,52,31,0,3421,2094,110
178.622,0,11413504,windows,0,9.25159e+06,9.25159e+06,1512,0,0,0,0,0,0,1070,419,23
178.675,1,11162624,repair,98,1.35401e+08,1.35401e+08,5370,5,12,10,44,27,0,3225,2034,111
178.874,0,11426816,windows,0,7.75709e+06,7.74887e+06,1376,0,0,0,0,0,0,972,389,15
178.928,1,11179008,repair,55,1.38719e+08,1.38662e+08,5461,4,13,9,19,10,0,3350,2029,82
179.142,0,11441152,windows,0,6.73846e+06,6.72641e+06,1287,0,0,0,0,0,0,921,353,13
179.192,1,11196416,repair,32,1.25247e+08,1.2519e+08,5186,0,9,1,16,6,0,3163,1936,87
179.397,0,11454464,windows,0,5.9145e+06,5.91411e+06,1203,0,0,0,0,0,0,853,337,13
179.445,1,11212800,repair,23,1.03187e+08,1.0315e+08,4747,0,4,2,10,7,0,2934,1731,82
179.661,0,11468800,windows,0,5.05148e+06,5.04149e+06,1117,0,0,0,0,0,0,809,298,10
179.707,1,11229184,repair,14,9.2681e+07,9.26669e+07,4532,1,2,2,8,1,0,2830,1619,83
179.928,0,11483136,windows,0,4.3155e+06,4.30609e+06,1025,0,0,0,0,0,0,727,289,9
179.969,1,11245568,repair,1,9.29219e+07,9.29219e+07,4540,0,0,0,1,0,0,2849,1615,76
180.194,0,11497472,windows,0,3.46157e+06,3.45814e+06,909,0,0,0,0,0,0,622,276,11
180.223,1,11262976,repair,0,7.66906e+07,7.6677e+07,4194,0,0,0,0,0,0,2721,1406,67
180.448,0,11510784,windows,0,2.86882e+06,2.86882e+06,842,0,0,0,0,0,0,609,225,8
180.482,1,11278336,windows,0,5.82176e+07,5.82053e+07,3701,0,0,0,0,0,0,2460,1180,61
180.698,0,11524096,windows,0,2.45045e+06,2.45019e+06,776,0,0,0,0,0,0,552,215,9
180.735,1,11292672,windows,0,4.84406e+07,4.84277e+07,3364,0,0,0,0,0,0,2213,1092,59
180.962,0,11538432,windows,0,2.12174e+06,2.11778e+06,728,0,0,0,0,0,0,533,187,8
180.988,1,11307008,windows,0,4.09334e+07,4.09334e+07,3116,0,0,0,0,0,0,2106,967,43
181.222,0,11552768,windows,0,1.87427e+06,1.87064e+06,681,0,0,0,0,0,0,492,182,7
181.255,1,11321344,windows,0,3.25189e+07,3.24909e+07,2752,0,0,0,0,0,0,1826,889,37
181.483,0,11566080,windows,0,1.4691e+06,1.46685e+06,596,0,0,0,0,0,0,417,173,6
181.511,1,11335680,windows,0,2.7609e+07,2.76077e+07,2533,0,0,0,0,0,0,1662,829,42
181.743,0,11579392,windows,0,1.24405e+06,1.24405e+06,555,0,0,0,0,0,0,410,142,3
181.769,1,11350016,windows,0,2.35457e+07,2.35233e+07,2379,0,0,0,0,0,0,1632,714,33
181.998,0,11593728,windows,0,1.05494e+06,1.05236e+06,511,0,0,0,0,0,0,380,129,2
182.022,1,11364352,windows,0,2.01729e+07,2.01644e+07,2198,0,0,0,0,0,0,1494,670,34
182.25,0,11607040,windows,0,939205,935064,485,0,0,0,0,0,0,371,112,2
182.287,1,11378688,windows,0,1.69217e+07,1.69147e+07,2021,0,0,0,0,0,0,1389,602,30
182.52,0,11621376,windows,0,810125,806004,447,0,0,0,0,0,0,323,120,4
182.543,1,11392000,windows,0,1.4386e+07,1.43853e+07,1875,0,0,0,0,0,0,1313,536,26
182.772,0,11633664,windows,0,654745,654745,392,0,0,0,0,0,0,269,121,2
182.801,1,11406336,windows,0,1.2463e+07,1.2456e+07,1753,0,0,0,0,0,0,1231,493,29
183.04,0,11648000,windows,0,525170,525088,359,0,0,0,0,0,0,258,98,3
183.062,1,11420672,windows,0,1.05388e+07,1.05381e+07,1596,0,0,0,0,0,0,1098,474,24
183.306,0,11662336,windows,0,434260,434260,326,0,0,0,0,0,0,230,92,4
183.322,1,11435008,windows,0,9.00522e+06,8.99935e+06,1485,0,0,0,0,0,0,1037,425,23
183.569,0,11676672,windows,0,360695,360695,293,0,0,0,0,0,0,201,89,3
183.578,1,11448320,windows,0,7.45213e+06,7.44755e+06,1336,0,0,0,0,0,0,916,403,17
183.832,0,11691008,windows,0,307870,306891,275,0,0,0,0,0,0,196,76,3
183.843,1,11462656,windows,0,6.292e+06,6.28001e+06,1244,0,0,0,0,0,0,872,352,20
184.087,0,11704320,windows,0,228040,227928,237,0,0,0,0,0,0,166,67,4
184.099,1,11476992,windows,0,5.33262e+06,5.33262e+06,1140,0,0,0,0,0,0,795,329,16
184.34,0,11717632,windows,0,182240,182240,211,0,0,0,0,0,0,150,59,2
184.355,1,11491328,windows,0,4.54754e+06,4.54719e+06,1062,0,0,0,0,0,0,767,283,12
184.599,0,11731968,windows,0,153100,151952,193,0,0,0,0,0,0,136,55,2
184.615,1,11505664,windows,0,4.04544e+06,4.04503e+06,1001,0,0,0,0,0,0,714,273,14
184.849,0,11745280,windows,0,137830,137139,184,0,0,0,0,0,0,134,49,1
184.884,1,11520000,windows,0,3.27754e+06,3.26938e+06,903,0,0,0,0,0,0,637,249,17
185.101,0,11759616,windows,0,117500,117448,171,0,0,0,0,0,0,124,45,2
185.143,1,11534336,windows,0,2.73236e+06,2.73191e+06,816,0,0,0,0,0,0,561,240,15
185.353,0,11772928,windows,0,93170,92372.5,152,0,0,0,0,0,0,112,39,1
185.405,1,11548672,windows,0,2.32925e+06,2.32189e+06,760,0,0,0,0,0,0,532,213,15
185.62,0,11788288,windows,0,72030,71528.8,133,0,0,0,0,0,0,96,36,1
185.667,1,11563008,windows,0,1.96758e+06,1.96758e+06,707,0,0,0,0,0,0,511,181,15
185.877,0,11802624,windows,0,65055,64591.2,127,0,0,0,0,0,0,93,33,1
185.922,1,11577344,windows,0,1.73258e+06,1.73021e+06,662,0,0,0,0,0,0,475,173,14
186.145,0,11817984,windows,0,57095,56046.2,119,0,0,0,0,0,0,87,31,1
186.173,1,11590656,windows,0,1.35157e+06,1.34817e+06,583,0,0,0,0,0,0,418,154,11
186.409,0,11833344,windows,0,51295,50720,113,0,0,0,0,0,0,83,29,1
186.426,1,11603968,windows,0,1.118e+06,1.11497e+06,525,0,0,0,0,0,0,361,152,12
186.666,0,11847680,windows,0,39810,39787.5,97,0,0,0,0,0,0,66,30,1
186.688,1,11618304,windows,0,931300,929481,491,0,0,0,0,0,0,364,115,12
186.918,0,11862016,windows,0,35735,35177.5,93,0,0,0,0,0,0,65,27,1
186.943,1,11632640,windows,0,791945,791945,452,0,0,0,0,0,0,329,111,12
187.169,0,11876352,windows,0,34455,33897.5,91,0,0,0,0,0,0,63,27,1
187.205,1,11646976,windows,0,672290,668836,420,0,0,0,0,0,0,312,95,13
187.423,0,11890688,windows,0,33830,33272.5,90,0,0,0,0,0,0,62,27,1
187.457,1,11660288,windows,0,511520,509545,359,0,0,0,0,0,0,250,99,10
187.674,0,11905024,windows,0,30530,30012.5,86,0,0,0,0,0,0,60,25,1
187.718,1,11674624,windows,0,421750,419855,324,0,0,0,0,0,0,218,95,11
187.942,0,11920384,windows,0,27115,26798.8,82,0,0,0,0,0,0,59,22,1
187.981,1,11689984,windows,0,356345,355992,302,0,0,0,0,0,0,207,83,12
188.197,0,11933696,windows,0,24835,24377.5,78,0,0,0,0,0,0,55,22,1
188.242,1,11705344,windows,0,317390,315512,285,0,0,0,0,0,0,196,78,11
188.449,0,11947008,windows,0,22895,22457.5,75,0,0,0,0,0,0,53,21,1
188.501,1,11719680,windows,0,274945,273530,266,0,0,0,0,0,0,185,71,10
188.717,0,11961344,windows,0,21550,20873.8,73,0,0,0,0,0,0,52,20,1
188.763,1,11734016,windows,0,213030,210966,234,0,0,0,0,0,0,162,63,9
188.97,0,11974656,windows,0,19330,19307.5,70,0,0,0,0,0,0,52,17,1
189.023,1,11748352,windows,0,174405,173210,211,0,0,0,0,0,0,141,60,10
189.233,0,11988992,windows,0,17815,17792.5,67,0,0,0,0,0,0,49,17,1
189.277,1,11762688,windows,0,141580,140931,192,0,0,0,0,0,0,130,52,10
189.486,0,12003328,windows,0,16190,16167.5,63,0,0,0,0,0,0,44,18,1
189.541,1,11777024,windows,0,132575,131951,185,0,0,0,0,0,0,125,51,9
189.741,0,12017664,windows,0,15490,15248.8,62,0,0,0,0,0,0,44,17,1
189.797,1,11791360,windows,0,116995,116189,174,0,0,0,0,0,0,121,46,7
189.991,0,12030976,windows,0,13970,13947.5,59,0,0,0,0,0,0,42,16,1
190.055,1,11805696,windows,0,78785,77273.8,142,0,0,0,0,0,0,93,41,8
190.247,0,12045312,windows,0,12655,12448.8,55,0,0,0,0,0,0,37,17,1
190.309,1,11820032,windows,0,65685,65452.5,131,0,0,0,0,0,0,87,36,8
190.506,0,12059648,windows,0,11935,11738.8,53,0,0,0,0,0,0,35,17,1
190.564,1,11834368,windows,0,58210,58007.5,123,0,0,0,0,0,0,82,34,7
190.764,0,12073984,windows,0,11935,11738.8,53,0,0,0,0,0,0,35,17,1
190.824,1,11848704,windows,0,53570,53367.5,120,0,0,0,0,0,0,84,29,7
191.02,0,12087296,windows,0,11275,11078.8,52,0,0,0,0,0,0,35,16,1
191.077,1,11863040,windows,0,48710,47932.5,114,0,0,0,0,0,0,78,29,7
191.279,0,12101632,windows,0,10930,10738.8,51,0,0,0,0,0,0,34,16,1
191.34,1,11877376,windows,0,37510,36732.5,98,0,0,0,0,0,0,62,29,7
191.535,0,12118016,windows,0,10655,10458.8,51,0,0,0,0,0,0,35,15,1
191.597,1,11892736,windows,0,33395,32353.8,92,0,0,0,0,0,0,57,28,7
191.796,0,12135424,windows,0,10270,10088.8,49,0,0,0,0,0,0,32,16,1
191.858,1,11910144,windows,0,28115,27638.8,86,0,0,0,0,0,0,55,24,7
192.052,0,12150784,windows,0,9955,9778.75,48,0,0,0,0,0,0,31,16,1
192.12,1,11927552,windows,0,26275,26072.5,84,0,0,0,0,0,0,55,22,7
192.316,0,12167168,windows,0,9335,9158.75,47,0,0,0,0,0,0,31,15,1
192.372,1,11942912,windows,0,21655,21238.8,77,0,0,0,0,0,0,55,17,5
192.573,0,12183552,windows,0,9335,9158.75,47,0,0,0,0,0,0,31,15,1
192.633,1,11960320,windows,0,16500,16261.2,67,0,0,0,0,0,0,48,15,4
192.831,0,12199936,windows,0,9335,9158.75,47,0,0,0,0,0,0,31,15,1
192.888,1,11977728,windows,0,15560,15560,65,0,0,0,0,0,0,46,15,4
193.092,0,12214272,windows,0,9030,9007.5,46,0,0,0,0,0,0,30,15,1
193.149,1,11995136,windows,0,14660,14660,63,0,0,0,0,0,0,44,15,4
193.346,0,12227584,windows,0,9030,9007.5,46,0,0,0,0,0,0,30,15,1
193.407,1,12011520,windows,0,13800,13392.5,61,0,0,0,0,0,0,42,15,4
193.601,0,12241920,windows,0,8735,8568.75,45,0,0,0,0,0,0,29,15,1
193.661,1,12027904,windows,0,11860,11747.5,57,0,0,0,0,0,0,40,13,4
193.866,0,12256256,windows,0,8175,8018.75,43,0,0,0,0,0,0,27,15,1
193.912,1,12044288,windows,0,11860,11747.5,57,0,0,0,0,0,0,40,13,4
194.131,0,12271616,windows,0,8175,8018.75,43,0,0,0,0,0,0,27,15,1
194.174,1,12060672,windows,0,10340,10227.5,53,0,0,0,0,0,0,36,13,4
194.386,0,12285952,windows,0,8175,8018.75,43,0,0,0,0,0,0,27,15,1
194.434,1,12077056,windows,0,9640,9272.5,51,0,0,0,0,0,0,34,13,4
194.637,0,12300288,windows,0,7410,7238.75,43,0,0,0,0,0,0,30,12,1
194.692,1,12092416,windows,0,9305,9192.5,50,0,0,0,0,0,0,33,13,4
194.9,0,12314624,windows,0,7410,7238.75,43,0,0,0,0,0,0,30,12,1
194.943,1,12108800,windows,0,9305,9192.5,50,0,0,0,0,0,0,33,13,4
195.16,0,12328960,windows,0,7410,7238.75,43,0,0,0,0,0,0,30,12,1
195.2,1,12125184,windows,0,9305,9192.5,50,0,0,0,0,0,0,33,13,4
195.424,0,12344320,windows,0,7330,6913.75,42,0,0,0,0,0,0,28,13,1
195.463,1,12142592,windows,0,8980,8708.75,49,0,0,0,0,0,0,32,13,4
195.69,0,12359680,windows,0,7330,6913.75,42,0,0,0,0,0,0,28,13,1
195.717,1,12161024,windows,0,8360,8098.75,47,0,0,0,0,0,0,30,13,4
195.958,0,12375040,windows,0,6290,5903.75,39,0,0,0,0,0,0,26,12,1
195.977,1,12178432,windows,0,8360,8098.75,47,0,0,0,0,0,0,30,13,4
196.212,0,12389376,windows,0,6290,5903.75,39,0,0,0,0,0,0,26,12,1
196.241,1,12196864,windows,0,7860,7598.75,46,0,0,0,0,0,0,30,12,4
196.47,0,12404736,windows,0,6035,5653.75,38,0,0,0,0,0,0,25,12,1
196.502,1,12214272,windows,0,7565,7452.5,45,0,0,0,0,0,0,29,12,4
196.722,0,12420096,windows,0,5575,5213.75,37,0,0,0,0,0,0,25,11,1
196.755,1,12232704,windows,0,6740,6611.25,42,0,0,0,0,0,0,26,12,4
196.976,0,12436480,windows,0,5330,4973.75,36,0,0,0,0,0,0,24,11,1
197.014,1,12250112,windows,0,6740,6611.25,42,0,0,0,0,0,0,26,12,4
197.236,0,12451840,windows,0,5330,4973.75,36,0,0,0,0,0,0,24,11,1
197.265,1,12267520,windows,0,6280,5952.5,41,0,0,0,0,0,0,26,11,4
197.49,0,12466176,windows,0,5330,4973.75,36,0,0,0,0,0,0,24,11,1
197.524,1,12285952,windows,0,6280,5952.5,41,0,0,0,0,0,0,26,11,4
197.743,0,12480512,windows,0,5330,4973.75,36,0,0,0,0,0,0,24,11,1
197.776,1,12304384,windows,0,5920,5523.75,39,0,0,0,0,0,0,26,11,2
198.009,0,12495872,windows,0,5095,4743.75,35,0,0,0,0,0,0,23,11,1
198.032,1,12321792,windows,0,5765,5383.75,39,0,0,0,0,0,0,27,10,2
198.266,0,12510208,windows,0,5095,4743.75,35,0,0,0,0,0,0,23,11,1
198.296,1,12339200,windows,0,5385,5023.75,38,0,0,0,0,0,0,27,9,2
198.522,0,12523520,windows,0,5095,4743.75,35,0,0,0,0,0,0,23,11,1
198.547,1,12356608,windows,0,5045,4858.75,37,0,0,0,0,0,0,27,8,2
198.78,0,12538880,windows,0,5095,4743.75,35,0,0,0,0,0,0,23,11,1
198.804,1,12376064,windows,0,5045,4858.75,37,0,0,0,0,0,0,27,8,2
199.046,0,12555264,windows,0,4870,4523.75,34,0,0,0,0,0,0,22,11,1
199.055,1,12394496,windows,0,4780,4598.75,36,0,0,0,0,0,0,26,8,2
199.311,1,12411904,windows,0,4780,4598.75,36,0,0,0,0,0,0,26,8,2
199.315,0,12571648,windows,0,4870,4523.75,34,0,0,0,0,0,0,22,11,1
199.562,1,12427264,windows,0,4280,4108.75,34,0,0,0,0,0,0,24,8,2
199.575,0,12587008,windows,0,4870,4523.75,34,0,0,0,0,0,0,22,11,1
199.814,1,12444672,windows,0,4280,4108.75,34,0,0,0,0,0,0,24,8,2
199.839,0,12603392,windows,0,4655,4417.5,33,0,0,0,0,0,0,21,11,1
200.078,1,12462080,windows,0,4280,4108.75,34,0,0,0,0,0,0,24,8,2
200.091,0,12616704,windows,0,4235,4017.5,32,0,0,0,0,0,0,21,10,1
200.339,1,12478464,windows,0,4045,3878.75,33,0,0,0,0,0,0,23,8,2
200.347,0,12631040,windows,0,4235,4017.5,32,0,0,0,0,0,0,21,10,1
200.592,1,12494848,windows,0,4045,3878.75,33,0,0,0,0,0,0,23,8,2
200.601,0,12646400,windows,0,4030,4007.5,31,0,0,0,0,0,0,20,10,1
200.847,1,12513280,windows,0,4045,3878.75,33,0,0,0,0,0,0,23,8,2
200.861,0,12660736,windows,0,4030,4007.5,31,0,0,0,0,0,0,20,10,1
201.099,1,12532736,windows,0,3820,3658.75,32,0,0,0,0,0,0,22,8,2
201.119,0,12675072,windows,0,4030,4007.5,31,0,0,0,0,0,0,20,10,1
201.357,1,12552192,windows,0,3605,3448.75,31,0,0,0,0,0,0,21,8,2
201.381,0,12690432,windows,0,4030,4007.5,31,0,0,0,0,0,0,20,10,1
201.612,1,12571648,windows,0,3400,3248.75,30,0,0,0,0,0,0,20,8,2
201.643,0,12706816,windows,0,4030,4007.5,31,0,0,0,0,0,0,20,10,1
201.871,1,12592128,windows,0,3215,3111.25,29,0,0,0,0,0,0,21,7,1
201.906,0,12722176,windows,0,965,931.25,13,0,0,0,0,0,0,7,6,0
202.132,1,12610560,windows,0,3215,3111.25,29,0,0,0,0,0,0,21,7,1
202.165,0,12739584,windows,0,965,931.25,13,0,0,0,0,0,0,7,6,0
202.393,1,12628992,windows,0,3215,3111.25,29,0,0,0,0,0,0,21,7,1
202.427,0,12756992,windows,0,965,931.25,13,0,0,0,0,0,0,7,6,0
202.651,1,12646400,windows,0,3215,3111.25,29,0,0,0,0,0,0,21,7,1
202.687,0,12774400,windows,0,965,931.25,13,0,0,0,0,0,0,7,6,0
202.902,1,12664832,windows,0,965,931.25,13,0,0,0,0,0,0,7,6,0
202.95,0,12791808,windows,0,965,931.25,13,0,0,0,0,0,0,7,6,0
203.162,1,12685312,windows,0,965,931.25,13,0,0,0,0,0,0,7,6,0
203.2,0,12809216,windows,0,965,931.25,13,0,0,0,0,0,0,7,6,0
203.418,1,12706816,windows,0,965,931.25,13,0,0,0,0,0,0,7,6,0
203.462,0,12825600,windows,0,965,931.25,13,0,0,0,0,0,0,7,6,0
203.669,1,12727296,windows,0,965,931.25,13,0,0,0,0,0,0,7,6,0
203.713,0,12840960,windows,0,965,931.25,13,0,0,0,0,0,0,7,6,0
203.927,1,12747776,windows,0,965,931.25,13,0,0,0,0,0,0,7,6,0
203.97,0,12857344,windows,0,965,931.25,13,0,0,0,0,0,0,7,6,0
204.187,1,12767232,windows,0,965,931.25,13,0,0,0,0,0,0,7,6,0
204.222,0,12872704,windows,0,965,931.25,13,0,0,0,0,0,0,7,6,0
204.44,1,12784640,windows,0,965,931.25,13,0,0,0,0,0,0,7,6,0
204.482,0,12889088,windows,0,965,931.25,13,0,0,0,0,0,0,7,6,0
204.691,1,12803072,windows,0,965,931.25,13,0,0,0,0,0,0,7,6,0
204.744,0,12905472,windows,0,965,931.25,13,0,0,0,0,0,0,7,6,0
204.945,1,12821504,windows,0,965,931.25,13,0,0,0,0,0,0,7,6,0
205.004,0,12921856,windows,0,965,931.25,13,0,0,0,0,0,0,7,6,0
205.205,1,12838912,windows,0,965,931.25,13,0,0,0,0,0,0,7,6,0
205.264,0,12936192,windows,0,965,931.25,13,0,0,0,0,0,0,7,6,0
205.469,1,12857344,windows,0,965,931.25,13,0,0,0,0,0,0,7,6,0
205.532,0,12951552,windows,0,965,931.25,13,0,0,0,0,0,0,7,6,0
205.73,1,12875776,windows,0,965,931.25,13,0,0,0,0,0,0,7,6,0
205.79,0,12966912,windows,0,965,931.25,13,0,0,0,0,0,0,7,6,0
205.98,1,12893184,windows,0,965,931.25,13,0,0,0,0,0,0,7,6,0
206.045,0,12982272,windows,0,965,931.25,13,0,0,0,0,0,0,7,6,0
206.238,1,12910592,windows,0,965,931.25,13,0,0,0,0,0,0,7,6,0
206.295,0,12997632,windows,0,965,931.25,13,0,0,0,0,0,0,7,6,0
206.493,1,12929024,windows,0,965,931.25,13,0,0,0,0,0,0,7,6,0
206.547,0,13012992,windows,0,965,931.25,13,0,0,0,0,0,0,7,6,0
206.759,1,12949504,repair,0,965,931.25,13,0,0,0,0,0,0,7,6,0
206.806,0,13029376,windows,0,965,931.25,13,0,0,0,0,0,0,7,6,0
207.021,1,12966912,repair,0,965,931.25,13,0,0,0,0,0,0,7,6,0
207.071,0,13045760,repair,0,965,931.25,13,0,0,0,0,0,0,7,6,0
207.274,1,12985344,windows,0,965,931.25,13,0,0,0,0,0,0,7,6,0
207.329,0,13062144,windows,0,965,931.25,13,0,0,0,0,0,0,7,6,0
207.531,1,13005824,windows,0,965,931.25,13,0,0,0,0,0,0,7,6,0
207.59,0,13078528,windows,0,965,931.25,13,0,0,0,0,0,0,7,6,0
207.794,1,13024256,windows,0,965,931.25,13,0,0,0,0,0,0,7,6,0
207.853,0,13093888,windows,0,965,931.25,13,0,0,0,0,0,0,7,6,0
208.045,1,13042688,windows,0,965,931.25,13,0,0,0,0,0,0,7,6,0
208.116,0,13109248,windows,0,965,931.25,13,0,0,0,0,0,0,7,6,0
208.308,1,13061120,windows,0,965,931.25,13,0,0,0,0,0,0,7,6,0
208.378,0,13123584,windows,0,965,931.25,13,0,0,0,0,0,0,7,6,0
208.562,1,13079552,windows,0,965,931.25,13,0,0,0,0,0,0,7,6,0
208.629,0,13137920,windows,0,965,931.25,13,0,0,0,0,0,0,7,6,0
208.823,1,13097984,windows,0,965,931.25,13,0,0,0,0,0,0,7,6,0
208.895,0,13153280,windows,0,965,931.25,13,0,0,0,0,0,0,7,6,0
209.079,1,13117440,windows,0,965,931.25,13,0,0,0,0,0,0,7,6,0
209.153,0,13167616,windows,0,965,931.25,13,0,0,0,0,0,0,7,6,0
209.334,1,13135872,windows,0,965,931.25,13,0,0,0,0,0,0,7,6,0
209.408,0,13181952,windows,0,965,931.25,13,0,0,0,0,0,0,7,6,0
209.598,1,13154304,windows,0,965,931.25,13,0,0,0,0,0,0,7,6,0
209.677,0,13196288,windows,0,965,931.25,13,0,0,0,0,0,0,7,6,0
209.851,1,13170688,windows,0,965,931.25,13,0,0,0,0,0,0,7,6,0
209.93,0,13211648,windows,0,965,931.25,13,0,0,0,0,0,0,7,6,0
210.109,1,13188096,windows,0,965,931.25,13,0,0,0,0,0,0,7,6,0
210.183,0,13225984,windows,0,965,931.25,13,0,0,0,0,0,0,7,6,0
210.367,1,13206528,windows,0,965,931.25,13,0,0,0,0,0,0,7,6,0
210.434,0,13240320,windows,0,965,931.25,13,0,0,0,0,0,0,7,6,0
210.62,1,13224960,windows,0,965,931.25,13,0,0,0,0,0,0,7,6,0
210.688,0,13255680,windows,0,965,931.25,13,0,0,0,0,0,0,7,6,0
210.882,1,13244416,windows,0,965,931.25,13,0,0,0,0,0,0,7,6,0
210.947,0,13272064,windows,0,965,931.25,13,0,0,0,0,0,0,7,6,0
211.133,1,13262848,windows,0,965,931.25,13,0,0,0,0,0,0,7,6,0
211.212,0,13288448,windows,0,965,931.25,13,0,0,0,0,0,0,7,6,0
211.394,1,13280256,windows,0,965,931.25,13,0,0,0,0,0,0,7,6,0
211.472,0,13304832,windows,0,965,931.25,13,0,0,0,0,0,0,7,6,0
211.648,1,13297664,windows,0,965,931.25,13,0,0,0,0,0,0,7,6,0
211.725,0,13320192,windows,0,965,931.25,13,0,0,0,0,0,0,7,6,0
211.91,1,13315072,windows,0,965,931.25,13,0,0,0,0,0,0,7,6,0
211.985,0,13335552,repair,0,965,931.25,13,0,0,0,0,0,0,7,6,0
212.17,1,13333504,windows,0,965,931.25,13,0,0,0,0,0,0,7,6,0
212.25,0,13351936,windows,0,965,931.25,13,0,0,0,0,0,0,7,6,0
212.424,1,13350912,windows,0,965,931.25,13,0,0,0,0,0,0,7,6,0
212.513,0,13368320,windows,0,965,931.25,13,0,0,0,0,0,0,7,6,0
212.677,1,13367296,windows,0,965,931.25,13,0,0,0,0,0,0,7,6,0
212.773,0,13382656,windows,0,965,931.25,13,0,0,0,0,0,0,7,6,0
212.933,1,13383680,windows,0,965,931.25,13,0,0,0,0,0,0,7,6,0
213.027,0,13399040,windows,0,965,931.25,13,0,0,0,0,0,0,7,6,0
213.185,1,13402112,windows,0,965,931.25,13,0,0,0,0,0,0,7,6,0
213.284,0,13415424,windows,0,965,931.25,13,0,0,0,0,0,0,7,6,0
213.435,1,13419520,repair,0,965,931.25,13,0,0,0,0,0,0,7,6,0
213.547,0,13430784,windows,0,965,931.25,13,0,0,0,0,0,0,7,6,0
213.697,1,13436928,repair,0,965,931.25,13,0,0,0,0,0,0,7,6,0
213.801,0,13445120,windows,0,965,931.25,13,0,0,0,0,0,0,7,6,0
213.951,1,13454336,repair,0,965,931.25,13,0,0,0,0,0,0,7,6,0
214.057,0,13458432,windows,0,965,931.25,13,0,0,0,0,0,0,7,6,0
214.204,1,13470720,windows,0,965,931.25,13,0,0,0,0,0,0,7,6,0
214.32,0,13472768,windows,0,965,931.25,13,0,0,0,0,0,0,7,6,0
214.46,1,13486080,windows,0,965,931.25,13,0,0,0,0,0,0,7,6,0
214.575,0,13485056,windows,0,965,931.25,13,0,0,0,0,0,0,7,6,0
214.715,1,13500416,windows,0,965,931.25,13,0,0,0,0,0,0,7,6,0
214.826,0,13499392,windows,0,965,931.25,13,0,0,0,0,0,0,7,6,0
214.977,1,13515776,windows,0,965,931.25,13,0,0,0,0,0,0,7,6,0
215.086,0,13515776,windows,0,965,931.25,13,0,0,0,0,0,0,7,6,0
215.239,1,13531136,windows,0,965,931.25,13,0,0,0,0,0,0,7,6,0
215.339,0,13531136,windows,0,965,931.25,13,0,0,0,0,0,0,7,6,0
215.492,1,13545472,windows,0,965,931.25,13,0,0,0,0,0,0,7,6,0
215.6,0,13547520,windows,0,965,931.25,13,0,0,0,0,0,0,7,6,0
215.749,1,13560832,windows,0,965,931.25,13,0,0,0,0,0,0,7,6,0
215.852,0,13563904,windows,0,965,931.25,13,0,0,0,0,0,0,7,6,0
216.012,1,13577216,windows,0,965,931.25,13,0,0,0,0,0,0,7,6,0
216.106,0,13580288,windows,0,965,931.25,13,0,0,0,0,0,0,7,6,0
216.278,1,13593600,windows,0,965,931.25,13,0,0,0,0,0,0,7,6,0
216.367,0,13596672,windows,0,965,931.25,13,0,0,0,0,0,0,7,6,0
216.537,1,13609984,windows,0,965,931.25,13,0,0,0,0,0,0,7,6,0
216.625,0,13615104,windows,0,965,931.25,13,0,0,0,0,0,0,7,6,0
216.79,1,13627392,windows,0,965,931.25,13,0,0,0,0,0,0,7,6,0
216.887,0,13633536,repair,0,965,931.25,13,0,0,0,0,0,0,7,6,0
217.04,1,13641728,windows,0,965,931.25,13,0,0,0,0,0,0,7,6,0
217.138,0,13650944,repair,0,965,931.25,13,0,0,0,0,0,0,7,6,0
217.296,1,13656064,windows,0,965,931.25,13,0,0,0,0,0,0,7,6,0
217.395,0,13667328,repair,0,965,931.25,13,0,0,0,0,0,0,7,6,0
217.546,1,13669376,windows,0,965,931.25,13,0,0,0,0,0,0,7,6,0
217.657,0,13683712,windows,0,965,931.25,13,0,0,0,0,0,0,7,6,0
217.806,1,13684736,windows,0,965,931.25,13,0,0,0,0,0,0,7,6,0
217.913,0,13698048,windows,0,965,931.25,13,0,0,0,0,0,0,7,6,0
218.065,1,13701120,windows,0,965,931.25,13,0,0,0,0,0,0,7,6,0
218.171,0,13712384,windows,0,965,931.25,13,0,0,0,0,0,0,7,6,0
218.318,1,13715456,windows,0,965,931.25,13,0,0,0,0,0,0,7,6,0
218.437,0,13727744,windows,0,965,931.25,13,0,0,0,0,0,0,7,6,0
218.577,1,13730816,windows,0,965,931.25,13,0,0,0,0,0,0,7,6,0
218.697,0,13744128,windows,0,965,931.25,13,0,0,0,0,0,0,7,6,0
218.837,1,13748224,windows,0,965,931.25,13,0,0,0,0,0,0,7,6,0
218.949,0,13759488,windows,0,965,931.25,13,0,0,0,0,0,0,7,6,0
219.101,1,13764608,windows,0,965,931.25,13,0,0,0,0,0,0,7,6,0
219.208,0,13773824,windows,0,965,931.25,13,0,0,0,0,0,0,7,6,0
219.357,1,13779968,windows,0,965,931.25,13,0,0,0,0,0,0,7,6,0
219.464,0,13788160,windows,0,965,931.25,13,0,0,0,0,0,0,7,6,0
219.611,1,13795328,windows,0,965,931.25,13,0,0,0,0,0,0,7,6,0
219.73,0,13803520,windows,0,965,931.25,13,0,0,0,0,0,0,7,6,0
219.872,1,13812736,windows,0,965,931.25,13,0,0,0,0,0,0,7,6,0
219.994,0,13817856,windows,0,965,931.25,13,0,0,0,0,0,0,7,6,0
220.131,1,13829120,windows,0,965,931.25,13,0,0,0,0,0,0,7,6,0
220.249,0,13832192,windows,0,965,931.25,13,0,0,0,0,0,0,7,6,0
220.385,1,13845504,windows,0,965,931.25,13,0,0,0,0,0,0,7,6,0
220.509,0,13846528,windows,0,965,931.25,13,0,0,0,0,0,0,7,6,0
220.636,1,13862912,windows,0,965,931.25,13,0,0,0,0,0,0,7,6,0
220.782,0,13860864,windows,0,965,931.25,13,0,0,0,0,0,0,7,6,0
220.887,1,13879296,windows,0,965,931.25,13,0,0,0,0,0,0,7,6,0
221.037,0,13875200,windows,0,965,931.25,13,0,0,0,0,0,0,7,6,0
221.151,1,13897728,windows,0,965,931.25,13,0,0,0,0,0,0,7,6,0
221.301,0,13891584,repair,0,965,931.25,13,0,0,0,0,0,0,7,6,0
221.401,1,13916160,windows,0,965,931.25,13,0,0,0,0,0,0,7,6,0
221.556,0,13908992,repair,0,965,931.25,13,0,0,0,0,0,0,7,6,0
221.658,1,13932544,repair,744,2.83824e+08,2.83818e+08,7393,58,162,127,271,126,0,4178,3025,190
221.81,0,13927424,repair,0,965,931.25,13,0,0,0,0,0,0,7,6,0
221.916,1,13953024,repair,619,2.47339e+08,2.47319e+08,6969,38,123,115,231,112,0,3985,2814,170
222.067,0,13945856,repair,0,965,931.25,13,0,0,0,0,0,0,7,6,0
222.173,1,13972480,repair,498,2.41059e+08,2.41033e+08,7018,25,99,80,197,97,0,4119,2733,166
222.325,0,13960192,repair,0,965,931.25,13,0,0,0,0,0,0,7,6,0
222.432,1,13991936,repair,396,2.30051e+08,2.29972e+08,6773,24,68,65,151,88,0,3876,2743,154
222.593,0,13974528,windows,0,965,931.25,13,0,0,0,0,0,0,7,6,0
222.691,1,14010368,repair,332,1.9571e+08,1.95637e+08,6332,11,68,56,130,67,0,3708,2487,137
222.855,0,13987840,windows,0,965,931.25,13,0,0,0,0,0,0,7,6,0
222.944,1,14028800,repair,268,1.8257e+08,1.82566e+08,6103,9,50,37,115,57,0,3556,2418,129
223.12,0,14002176,windows,0,965,931.25,13,0,0,0,0,0,0,7,6,0
223.205,1,14047232,repair,199,1.82204e+08,1.82204e+08,6148,11,39,38,68,43,0,3633,2397,118
223.386,0,14015488,windows,0,965,931.25,13,0,0,0,0,0,0,7,6,0
223.464,1,14065664,repair,150,1.63978e+08,1.63915e+08,5856,10,21,31,50,38,0,3487,2262,107
223.65,0,14028800,windows,0,965,931.25,13,0,0,0,0,0,0,7,6,0
223.723,1,14085120,repair,115,1.48006e+08,1.48002e+08,5626,6,17,16,43,33,0,3401,2115,110
223.914,0,14043136,windows,0,965,931.25,13,0,0,0,0,0,0,7,6,0
223.977,1,14103552,repair,80,1.3235e+08,1.32292e+08,5409,4,11,11,31,23,0,3369,1938,102
224.178,0,14058496,windows,0,965,931.25,13,0,0,0,0,0,0,7,6,0
224.229,1,14120960,repair,49,1.20221e+08,1.20184e+08,5165,3,6,11,23,6,0,3238,1837,90
224.432,0,14071808,windows,0,965,931.25,13,0,0,0,0,0,0,7,6,0
224.49,1,14138368,repair,23,1.18273e+08,1.18257e+08,5101,2,2,2,14,3,0,3177,1838,86
224.694,0,14086144,windows,0,965,931.25,13,0,0,0,0,0,0,7,6,0
224.744,1,14153728,repair,11,1.04006e+08,1.03989e+08,4811,1,1,2,6,1,0,3019,1706,86
224.958,0,14100480,windows,0,965,931.25,13,0,0,0,0,0,0,7,6,0
224.998,1,14171136,repair,8,9.11761e+07,9.11418e+07,4530,0,1,2,5,0,0,2862,1581,87
225.212,0,14111744,windows,0,965,931.25,13,0,0,0,0,0,0,7,6,0
225.266,1,14188544,repair,4,7.34508e+07,7.34208e+07,4113,1,1,1,0,1,0,2652,1380,81
225.471,0,14125056,windows,0,965,931.25,13,0,0,0,0,0,0,7,6,0
225.535,1,14203904,repair,3,6.52695e+07,6.52673e+07,3887,0,0,0,0,3,0,2525,1289,73
225.729,0,14134272,repair,972,1.1469e+08,1.14645e+08,4208,33,91,90,476,282,0,2364,1647,197
225.794,1,14220288,repair,1,5.64219e+07,5.64219e+07,3633,0,0,0,0,1,0,2404,1171,58
225.986,0,14148608,repair,698,2.73119e+08,2.73093e+08,7223,60,155,123,243,117,0,4046,2997,180
226.057,1,14237696,repair,1,4.86131e+07,4.86131e+07,3420,0,0,0,0,1,0,2318,1040,62
226.249,0,14164992,repair,577,2.69754e+08,2.69733e+08,7258,32,125,105,204,111,0,4110,2974,174
226.323,1,14253056,windows,0,3.88183e+07,3.8799e+07,3021,0,0,0,0,0,0,2008,964,49
226.51,0,14180352,repair,490,2.70257e+08,2.70176e+08,7277,29,93,99,170,99,0,4111,2997,169
226.576,1,14267392,windows,0,3.24277e+07,3.2417e+07,2794,0,0,0,0,0,0,1924,833,37
226.764,0,14195712,repair,423,2.40775e+08,2.40714e+08,6873,36,88,75,152,72,0,3889,2833,151
226.828,1,14281728,windows,0,2.80804e+07,2.80652e+07,2608,0,0,0,0,0,0,1813,762,33
227.024,0,14212096,repair,354,2.01617e+08,2.01617e+08,6447,19,65,64,130,76,0,3786,2514,147
227.084,1,14297088,windows,0,2.40588e+07,2.40496e+07,2402,0,0,0,0,0,0,1644,725,33
227.286,0,14228480,repair,294,1.90594e+08,1.90523e+08,6257,18,47,41,116,72,0,3670,2455,132
227.335,1,14311424,windows,0,2.03042e+07,2.03035e+07,2214,0,0,0,0,0,0,1542,648,24
227.538,0,14244864,repair,238,1.85612e+08,1.85563e+08,6160,8,43,37,89,61,0,3596,2440,124
227.594,1,14326784,windows,0,1.67743e+07,1.67671e+07,2027,0,0,0,0,0,0,1434,569,24
227.795,0,14261248,repair,184,1.69401e+08,1.69338e+08,5995,5,44,29,69,37,0,3582,2279,134
227.852,1,14343168,windows,0,1.41664e+07,1.41482e+07,1835,0,0,0,0,0,0,1250,563,22
228.05,0,14277632,repair,141,1.58822e+08,1.58822e+08,5809,5,22,21,64,29,0,3469,2209,131
228.108,1,14358528,windows,0,1.20302e+07,1.20302e+07,1715,0,0,0,0,0,0,1216,481,18
228.306,0,14292992,repair,113,1.45506e+08,1.45444e+08,5557,3,21,12,49,28,0,3345,2108,104
228.376,1,14372864,windows,0,1.04396e+07,1.04338e+07,1603,0,0,0,0,0,0,1150,437,16
228.562,0,14308352,repair,86,1.36957e+08,1.369e+08,5420,2,17,6,41,20,0,3283,2031,106
228.64,1,14388224,windows,0,8.34914e+06,8.34914e+06,1415,0,0,0,0,0,0,976,423,16
228.82,0,14324736,repair,55,1.26827e+08,1.26823e+08,5309,0,5,12,30,8,0,3313,1891,105
228.899,1,14404608,windows,0,6.85061e+06,6.84569e+06,1290,0,0,0,0,0,0,908,369,13
229.08,0,14341120,repair,37,1.11146e+08,1.11146e+08,5003,3,6,1,19,8,0,3179,1737,87
229.161,1,14422016,windows,0,5.77744e+06,5.77328e+06,1184,0,0,0,0,0,0,832,340,12
229.334,0,14357504,repair,22,1.00478e+08,1.00443e+08,4762,1,3,1,13,4,0,3050,1640,72
229.419,1,14438400,windows,0,4.96175e+06,4.95531e+06,1106,0,0,0,0,0,0,790,303,13
229.597,0,14372864,repair,15,9.1817e+07,9.18003e+07,4549,2,2,0,9,2,0,2904,1573,72
229.683,1,14454784,windows,0,3.94376e+06,3.94329e+06,990,0,0,0,0,0,0,704,270,16
229.857,0,14388224,repair,7,8.6133e+07,8.6133e+07,4428,2,0,0,3,2,0,2857,1503,68
229.948,1,14471168,windows,0,3.26464e+06,3.25608e+06,907,0,0,0,0,0,0,650,239,18
230.117,0,14404608,repair,2,6.76395e+07,6.76395e+07,3923,1,0,0,1,0,0,2552,1323,48
230.206,1,14486528,windows,0,2.80511e+06,2.80511e+06,842,0,0,0,0,0,0,618,211,13
230.369,0,14418944,repair,1,5.851e+07,5.84724e+07,3677,0,0,0,1,0,0,2425,1205,47
230.465,1,14501888,windows,0,2.40646e+06,2.39935e+06,780,0,0,0,0,0,0,573,195,12
230.626,0,14436352,repair,1,4.94947e+07,4.94714e+07,3387,0,0,0,1,0,0,2245,1101,41
230.73,1,14517248,windows,0,1.93972e+06,1.93972e+06,687,0,0,0,0,0,0,482,197,8
230.89,0,14455808,repair,0,4.38694e+07,4.3848e+07,3216,0,0,0,0,0,0,2164,1010,42
230.98,1,14533632,windows,0,1.5796e+06,1.57402e+06,628,0,0,0,0,0,0,453,166,9
231.154,0,14471168,windows,0,3.41377e+07,3.41365e+07,2860,0,0,0,0,0,0,1954,866,40
231.231,1,14552064,windows,0,1.31212e+06,1.31185e+06,578,0,0,0,0,0,0,431,138,9
231.42,0,14484480,windows,0,2.95315e+07,2.95147e+07,2636,0,0,0,0,0,0,1755,839,42
231.494,1,14571520,windows,0,1.11198e+06,1.1071e+06,532,0,0,0,0,0,0,390,132,10
231.683,0,14500864,windows,0,2.46261e+07,2.46249e+07,2405,0,0,0,0,0,0,1595,770,40
231.747,1,14585856,windows,0,867700,866101,461,0,0,0,0,0,0,320,133,8
231.947,0,14518272,windows,0,2.05763e+07,2.05682e+07,2186,0,0,0,0,0,0,1447,710,29
232.009,1,14600192,windows,0,686545,686545,414,0,0,0,0,0,0,293,113,8
232.215,0,14534656,windows,0,1.64996e+07,1.64996e+07,1978,0,0,0,0,0,0,1321,622,35
232.273,1,14614528,windows,0,597745,595458,388,0,0,0,0,0,0,277,103,8
232.468,0,14548992,windows,0,1.37882e+07,1.37765e+07,1827,0,0,0,0,0,0,1256,542,29
232.537,1,14627840,windows,0,519655,518159,359,0,0,0,0,0,0,247,103,9
232.726,0,14564352,windows,0,1.17766e+07,1.17758e+07,1693,0,0,0,0,0,0,1169,496,28
232.803,1,14643200,windows,0,440720,439269,336,0,0,0,0,0,0,244,84,8
232.986,0,14580736,windows,0,1.00332e+07,1.00332e+07,1581,0,0,0,0,0,0,1122,431,28
233.057,1,14659584,windows,0,324745,321944,286,0,0,0,0,0,0,199,79,8
233.24,0,14597120,windows,0,8.20998e+06,8.20935e+06,1415,0,0,0,0,0,0,985,409,21
233.318,1,14675968,windows,0,270205,268638,261,0,0,0,0,0,0,185,70,6
233.496,0,14612480,windows,0,6.70075e+06,6.6888e+06,1271,0,0,0,0,0,0,872,380,19
233.572,1,14693376,windows,0,232370,232168,242,0,0,0,0,0,0,168,67,7
233.758,0,14628864,windows,0,5.67828e+06,5.67775e+06,1176,0,0,0,0,0,0,816,342,18
233.833,1,14710784,windows,0,193190,192179,224,0,0,0,0,0,0,162,55,7
234.018,0,14645248,windows,0,4.82435e+06,4.82435e+06,1081,0,0,0,0,0,0,744,320,17
234.085,1,14727168,windows,0,144290,142364,191,0,0,0,0,0,0,130,54,7
234.279,0,14660608,windows,0,4.00804e+06,3.9984e+06,989,0,0,0,0,0,0,686,287,16
234.347,1,14744576,windows,0,114470,113841,174,0,0,0,0,0,0,126,41,7
234.544,0,14675968,windows,0,3.17684e+06,3.16823e+06,883,0,0,0,0,0,0,613,254,16
234.601,1,14761984,windows,0,97240,96485,160,0,0,0,0,0,0,116,38,6
234.796,0,14690304,windows,0,2.69852e+06,2.69366e+06,823,0,0,0,0,0,0,587,220,16
234.859,1,14779392,windows,0,88985,88411.2,154,0,0,0,0,0,0,115,33,6
235.048,0,14705664,windows,0,2.27338e+06,2.27305e+06,757,0,0,0,0,0,0,555,191,11
235.12,1,14796800,windows,0,69760,69291.2,135,0,0,0,0,0,0,94,35,6
235.314,0,14721024,windows,0,1.89924e+06,1.89553e+06,685,0,0,0,0,0,0,491,186,8
235.37,1,14813184,windows,0,50240,50240,113,0,0,0,0,0,0,74,33,6
235.571,0,14735360,windows,0,1.54778e+06,1.54409e+06,623,0,0,0,0,0,0,444,167,12
235.627,1,14830592,windows,0,48940,48305,112,0,0,0,0,0,0,74,32,6
235.823,0,14749696,windows,0,1.29042e+06,1.28832e+06,573,0,0,0,0,0,0,419,143,11
235.894,1,14845952,windows,0,44140,43771.2,108,0,0,0,0,0,0,74,28,6
236.073,0,14756864,windows,0,1.19984e+06,1.19793e+06,547,0,0,0,0,0,0,383,152,12
236.146,1,14853120,windows,0,41260,41260,104,0,0,0,0,0,0,70,28,6
236.336,0,14765056,windows,0,1.08866e+06,1.08866e+06,526,0,0,0,0,0,0,378,136,12
236.398,1,14862336,windows,0,38380,37805,99,0,0,0,0,0,0,64,29,6
236.596,0,14780416,windows,0,927125,924570,485,0,0,0,0,0,0,345,128,12
236.654,1,14875648,windows,0,33065,32771.2,92,0,0,0,0,0,0,59,27,6
236.854,0,14796800,windows,0,780275,776446,448,0,0,0,0,0,0,327,110,11
236.909,1,14888960,windows,0,30280,29486.2,88,0,0,0,0,0,0,56,26,6
237.111,0,14813184,windows,0,563330,562001,375,0,0,0,0,0,0,266,102,7
237.177,1,14903296,windows,0,28120,27605,84,0,0,0,0,0,0,52,26,6
237.371,0,14829568,windows,0,446365,446365,335,0,0,0,0,0,0,241,88,6
237.434,1,14916608,windows,0,26975,26772.5,83,0,0,0,0,0,0,51,25,7
237.633,0,14846976,windows,0,372425,370558,304,0,0,0,0,0,0,213,85,6
237.7,1,14930944,windows,0,26975,26772.5,83,0,0,0,0,0,0,51,25,7
237.9,0,14863360,windows,0,311585,310419,280,0,0,0,0,0,0,199,75,6
237.957,1,14945280,windows,0,26470,26018.8,82,0,0,0,0,0,0,50,25,7
238.164,0,14880768,windows,0,226075,226075,236,0,0,0,0,0,0,163,68,5
238.22,1,14959616,windows,0,21905,21490,76,0,0,0,0,0,0,49,21,6
238.417,0,14897152,windows,0,180530,180530,213,0,0,0,0,0,0,150,58,5
238.474,1,14974976,windows,0,20025,20025,72,0,0,0,0,0,0,45,21,6
238.682,0,14913536,windows,0,148610,147675,196,0,0,0,0,0,0,144,47,5
238.727,1,14992384,windows,0,19580,19580,71,0,0,0,0,0,0,44,21,6
238.932,0,14929920,windows,0,125810,125810,181,0,0,0,0,0,0,134,42,5
238.99,1,15010816,windows,0,17545,17170,68,0,0,0,0,0,0,43,19,6
239.193,0,14946304,windows,0,95800,95800,158,0,0,0,0,0,0,112,40,6
239.248,1,15028224,windows,0,15165,14992.5,63,0,0,0,0,0,0,39,18,6
239.447,0,14961664,windows,0,82190,82190,147,0,0,0,0,0,0,108,34,5
239.514,1,15045632,windows,0,15165,14992.5,63,0,0,0,0,0,0,39,18,6
239.703,0,14977024,windows,0,75675,74960,140,0,0,0,0,0,0,99,36,5
239.77,1,15062016,windows,0,13745,13572.5,58,0,0,0,0,0,0,33,19,6
239.97,0,14993408,windows,0,62635,62181.2,128,0,0,0,0,0,0,91,32,5
240.031,1,15079424,windows,0,13340,13167.5,58,0,0,0,0,0,0,34,18,6
240.224,0,15008768,windows,0,55675,55261.2,120,0,0,0,0,0,0,83,32,5
240.283,1,15095808,windows,0,13085,12972.5,57,0,0,0,0,0,0,35,18,4
240.474,0,15023104,windows,0,38190,37715,101,0,0,0,0,0,0,72,24,5
240.536,1,15113216,windows,0,12080,11967.5,54,0,0,0,0,0,0,32,18,4
240.733,0,15036416,windows,0,32210,31775,93,0,0,0,0,0,0,66,22,5
240.788,1,15129600,windows,0,10255,10255,49,0,0,0,0,0,0,29,17,3
240.998,0,15050752,windows,0,30050,30050,90,0,0,0,0,0,0,64,21,5
241.044,1,15145984,windows,0,9970,9970,48,0,0,0,0,0,0,28,17,3
241.25,0,15066112,windows,0,28175,28175,87,0,0,0,0,0,0,61,21,5
241.299,1,15163392,windows,0,8690,8551.25,46,0,0,0,0,0,0,28,15,3
241.506,0,15080448,windows,0,27355,27355,86,0,0,0,0,0,0,61,20,5
241.562,1,15181824,windows,0,8690,8551.25,46,0,0,0,0,0,0,28,15,3
241.771,0,15093760,windows,0,23830,23375,78,0,0,0,0,0,0,50,23,5
241.819,1,15201280,windows,0,8150,8021.25,44,0,0,0,0,0,0,26,15,3
242.024,0,15107072,windows,0,22435,22191.2,76,0,0,0,0,0,0,49,22,5
242.073,1,15218688,windows,0,7895,7895,43,0,0,0,0,0,0,25,15,3
242.293,0,15120384,windows,0,19535,19535,73,0,0,0,0,0,0,51,17,5
242.325,1,15236096,windows,0,7895,7895,43,0,0,0,0,0,0,25,15,3
242.555,0,15133696,windows,0,19030,18781.2,72,0,0,0,0,0,0,50,17,5
242.587,1,15252480,windows,0,7895,7895,43,0,0,0,0,0,0,25,15,3
242.824,0,15147008,windows,0,18535,18535,71,0,0,0,0,0,0,49,17,5
242.844,1,15267840,windows,0,7895,7895,43,0,0,0,0,0,0,25,15,3
243.08,0,15159296,windows,0,17575,17575,69,0,0,0,0,0,0,47,17,5
243.096,1,15283200,windows,0,7570,7570,43,0,0,0,0,0,0,26,14,3
243.348,0,15173632,windows,0,15115,15115,64,0,0,0,0,0,0,43,16,5
243.359,1,15300608,windows,0,7570,7570,43,0,0,0,0,0,0,26,14,3
243.609,0,15187968,windows,0,15115,15115,64,0,0,0,0,0,0,43,16,5
243.619,1,15318016,windows,0,7570,7570,43,0,0,0,0,0,0,26,14,3
243.864,0,15201280,windows,0,13870,13870,61,0,0,0,0,0,0,40,16,5
243.871,1,15333376,windows,0,7070,7070,41,0,0,0,0,0,0,24,14,3
244.123,0,15215616,windows,0,13870,13870,61,0,0,0,0,0,0,40,16,5
244.136,1,15348736,windows,0,7070,7070,41,0,0,0,0,0,0,24,14,3
244.386,0,15228928,windows,0,13475,13160,60,0,0,0,0,0,0,39,16,5
244.391,1,15363072,windows,0,7070,7070,41,0,0,0,0,0,0,24,14,3
244.653,0,15242240,windows,0,12855,12855,59,0,0,0,0,0,0,39,15,5
244.654,1,15378432,windows,0,7070,7070,41,0,0,0,0,0,0,24,14,3
244.906,1,15393792,windows,0,7070,7070,41,0,0,0,0,0,0,24,14,3
244.907,0,15255552,windows,0,11995,11995,56,0,0,0,0,0,0,35,16,5
245.157,0,15268864,windows,0,11730,11730,56,0,0,0,0,0,0,36,15,5
245.17,1,15410176,windows,0,965,931.25,13,0,0,0,0,0,0,7,6,0
245.415,0,15281152,windows,0,11030,11030,54,0,0,0,0,0,0,34,15,5
245.422,1,15426560,windows,0,965,931.25,13,0,0,0,0,0,0,7,6,0
245.686,1,15443968,windows,0,965,931.25,13,0,0,0,0,0,0,7,6,0
245.689,0,15295488,windows,0,11030,11030,54,0,0,0,0,0,0,34,15,5
245.937,1,15463424,windows,0,965,931.25,13,0,0,0,0,0,0,7,6,0
245.949,0,15308800,windows,0,10495,10311.2,53,0,0,0,0,0,0,37,13,3
246.188,1,15482880,windows,0,965,931.25,13,0,0,0,0,0,0,7,6,0
246.215,0,15323136,windows,0,10495,10311.2,53,0,0,0,0,0,0,37,13,3
246.452,1,15503360,windows,0,965,931.25,13,0,0,0,0,0,0,7,6,0
246.487,0,15337472,windows,0,9775,9601.25,51,0,0,0,0,0,0,35,13,3
246.706,1,15521792,windows,0,965,931.25,13,0,0,0,0,0,0,7,6,0
246.748,0,15351808,windows,0,9480,9301.25,50,0,0,0,0,0,0,36,12,2
246.96,1,15540224,windows,0,965,931.25,13,0,0,0,0,0,0,7,6,0
247.006,0,15367168,windows,0,7985,7985,46,0,0,0,0,0,0,33,11,2
247.222,1,15559680,windows,0,965,931.25,13,0,0,0,0,0,0,7,6,0
247.257,0,15381504,windows,0,7660,7660,45,0,0,0,0,0,0,32,11,2
247.477,1,15579136,windows,0,965,931.25,13,0,0,0,0,0,0,7,6,0
247.521,0,15396864,windows,0,7040,7040,43,0,0,0,0,0,0,30,11,2
247.737,1,15599616,windows,0,965,931.25,13,0,0,0,0,0,0,7,6,0
247.774,0,15411200,windows,0,7040,7040,43,0,0,0,0,0,0,30,11,2
247.99,1,15621120,windows,0,965,931.25,13,0,0,0,0,0,0,7,6,0
248.042,0,15426560,windows,0,7040,7040,43,0,0,0,0,0,0,30,11,2
248.253,1,15639552,windows,0,965,931.25,13,0,0,0,0,0,0,7,6,0
248.3,0,15440896,windows,0,6920,6920,42,0,0,0,0,0,0,28,12,2
248.504,1,15655936,windows,0,965,931.25,13,0,0,0,0,0,0,7,6,0
248.554,0,15455232,windows,0,6460,6460,41,0,0,0,0,0,0,28,11,2
248.763,1,15672320,windows,0,965,931.25,13,0,0,0,0,0,0,7,6,0
248.807,0,15468544,windows,0,6460,6460,41,0,0,0,0,0,0,28,11,2
249.024,1,15688704,windows,0,965,931.25,13,0,0,0,0,0,0,7,6,0
249.071,0,15482880,windows,0,6460,6460,41,0,0,0,0,0,0,28,11,2
249.277,1,15705088,windows,0,965,931.25,13,0,0,0,0,0,0,7,6,0
249.338,0,15497216,windows,0,6460,6460,41,0,0,0,0,0,0,28,11,2
249.533,1,15723520,windows,0,965,931.25,13,0,0,0,0,0,0,7,6,0
249.593,0,15507456,windows,0,6185,6051.25,40,0,0,0,0,0,0,27,11,2
249.795,1,15741952,windows,0,965,931.25,13,0,0,0,0,0,0,7,6,0
249.864,0,15519744,windows,0,6185,6051.25,40,0,0,0,0,0,0,27,11,2
250.057,1,15761408,windows,0,965,931.25,13,0,0,0,0,0,0,7,6,0
250.131,0,15532032,windows,0,5410,5410,37,0,0,0,0,0,0,26,10,1
250.312,1,15780864,windows,0,965,931.25,13,0,0,0,0,0,0,7,6,0
250.384,0,15544320,windows,0,5410,5410,37,0,0,0,0,0,0,26,10,1
250.571,1,15798272,repair,0,965,931.25,13,0,0,0,0,0,0,7,6,0
250.635,0,15557632,windows,0,5410,5410,37,0,0,0,0,0,0,26,10,1
250.823,1,15810560,windows,0,965,931.25,13,0,0,0,0,0,0,7,6,0
250.896,0,15569920,windows,0,5155,5155,36,0,0,0,0,0,0,25,10,1
251.086,1,15828992,windows,0,965,931.25,13,0,0,0,0,0,0,7,6,0
251.164,0,15583232,windows,0,5155,5155,36,0,0,0,0,0,0,25,10,1
251.338,1,15847424,windows,0,965,931.25,13,0,0,0,0,0,0,7,6,0
251.422,0,15596544,windows,0,5155,5155,36,0,0,0,0,0,0,25,10,1
251.594,1,15864832,windows,0,965,931.25,13,0,0,0,0,0,0,7,6,0
251.69,0,15609856,windows,0,4775,4775,35,0,0,0,0,0,0,25,9,1
251.849,1,15883264,windows,0,965,931.25,13,0,0,0,0,0,0,7,6,0
251.945,0,15623168,windows,0,4775,4775,35,0,0,0,0,0,0,25,9,1
252.114,1,15899648,windows,0,965,931.25,13,0,0,0,0,0,0,7,6,0
252.197,0,15636480,windows,0,4530,4530,34,0,0,0,0,0,0,24,9,1
252.37,1,15915008,windows,0,965,931.25,13,0,0,0,0,0,0,7,6,0
252.46,0,15649792,windows,0,4530,4530,34,0,0,0,0,0,0,24,9,1
252.621,1,15928320,windows,0,965,931.25,13,0,0,0,0,0,0,7,6,0
252.736,0,15662080,windows,0,4530,4530,34,0,0,0,0,0,0,24,9,1
252.885,1,15941632,windows,0,965,931.25,13,0,0,0,0,0,0,7,6,0
252.988,0,15673344,windows,0,4530,4530,34,0,0,0,0,0,0,24,9,1
253.144,1,15959040,windows,0,965,931.25,13,0,0,0,0,0,0,7,6,0
253.255,0,15686656,windows,0,4530,4530,34,0,0,0,0,0,0,24,9,1
253.402,1,15974400,windows,0,965,931.25,13,0,0,0,0,0,0,7,6,0
253.54,0,15698944,windows,0,4530,4530,34,0,0,0,0,0,0,24,9,1
253.658,1,15984640,windows,0,965,931.25,13,0,0,0,0,0,0,7,6,0
253.817,0,15707136,windows,0,4530,4530,34,0,0,0,0,0,0,24,9,1
253.915,1,15994880,windows,0,965,931.25,13,0,0,0,0,0,0,7,6,0
254.083,0,15720448,windows,0,965,931.25,13,0,0,0,0,0,0,7,6,0
254.17,1,16011264,windows,0,965,931.25,13,0,0,0,0,0,0,7,6,0
254.347,0,15735808,windows,0,965,931.25,13,0,0,0,0,0,0,7,6,0
254.431,1,16027648,windows,0,965,931.25,13,0,0,0,0,0,0,7,6,0
254.601,0,15750144,windows,0,965,931.25,13,0,0,0,0,0,0,7,6,0
254.684,1,16045056,windows,0,965,931.25,13,0,0,0,0,0,0,7,6,0
254.852,0,15765504,windows,0,965,931.25,13,0,0,0,0,0,0,7,6,0
254.934,1,16060416,windows,0,965,931.25,13,0,0,0,0,0,0,7,6,0
255.116,0,15781888,windows,0,965,931.25,13,0,0,0,0,0,0,7,6,0
255.191,1,16076800,windows,0,965,931.25,13,0,0,0,0,0,0,7,6,0
255.374,0,15797248,windows,0,965,931.25,13,0,0,0,0,0,0,7,6,0
255.445,1,16092160,repair,0,965,931.25,13,0,0,0,0,0,0,7,6,0
255.633,0,15812608,windows,0,965,931.25,13,0,0,0,0,0,0,7,6,0
255.696,1,16109568,windows,0,965,931.25,13,0,0,0,0,0,0,7,6,0
255.892,0,15827968,windows,0,965,931.25,13,0,0,0,0,0,0,7,6,0
255.951,1,16126976,windows,0,965,931.25,13,0,0,0,0,0,0,7,6,0
256.146,0,15842304,windows,0,965,931.25,13,0,0,0,0,0,0,7,6,0
256.206,1,16144384,windows,0,965,931.25,13,0,0,0,0,0,0,7,6,0
256.397,0,15855616,windows,0,965,931.25,13,0,0,0,0,0,0,7,6,0
256.468,1,16161792,windows,0,965,931.25,13,0,0,0,0,0,0,7,6,0
256.66,0,15869952,windows,0,965,931.25,13,0,0,0,0,0,0,7,6,0
256.728,1,16179200,windows,0,965,931.25,13,0,0,0,0,0,0,7,6,0
256.922,0,15884288,windows,0,965,931.25,13,0,0,0,0,0,0,7,6,0
256.99,1,16197632,windows,0,965,931.25,13,0,0,0,0,0,0,7,6,0
257.174,0,15898624,windows,0,965,931.25,13,0,0,0,0,0,0,7,6,0
257.246,1,16215040,windows,0,965,931.25,13,0,0,0,0,0,0,7,6,0
257.432,0,15912960,windows,0,965,931.25,13,0,0,0,0,0,0,7,6,0
257.509,1,16231424,windows,0,965,931.25,13,0,0,0,0,0,0,7,6,0
257.692,0,15926272,windows,0,965,931.25,13,0,0,0,0,0,0,7,6,0
257.759,1,16246784,windows,0,965,931.25,13,0,0,0,0,0,0,7,6,0
257.943,0,15939584,windows,0,965,931.25,13,0,0,0,0,0,0,7,6,0
258.012,1,16263168,windows,0,965,931.25,13,0,0,0,0,0,0,7,6,0
258.196,0,15952896,windows,0,965,931.25,13,0,0,0,0,0,0,7,6,0
258.265,1,16280576,windows,0,965,931.25,13,0,0,0,0,0,0,7,6,0
258.448,0,15966208,windows,0,965,931.25,13,0,0,0,0,0,0,7,6,0
258.52,1,16297984,windows,0,965,931.25,13,0,0,0,0,0,0,7,6,0
258.698,0,15980544,windows,0,965,931.25,13,0,0,0,0,0,0,7,6,0
258.783,1,16315392,windows,0,965,931.25,13,0,0,0,0,0,0,7,6,0
258.952,0,15995904,windows,0,965,931.25,13,0,0,0,0,0,0,7,6,0
259.044,1,16333824,windows,0,965,931.25,13,0,0,0,0,0,0,7,6,0
259.204,0,16011264,windows,0,965,931.25,13,0,0,0,0,0,0,7,6,0
259.302,1,16352256,windows,0,965,931.25,13,0,0,0,0,0,0,7,6,0
259.454,0,16025600,windows,0,965,931.25,13,0,0,0,0,0,0,7,6,0
259.563,1,16370688,windows,0,965,931.25,13,0,0,0,0,0,0,7,6,0
259.705,0,16040960,windows,0,965,931.25,13,0,0,0,0,0,0,7,6,0
259.82,1,16390144,windows,0,965,931.25,13,0,0,0,0,0,0,7,6,0
259.959,0,16055296,windows,0,965,931.25,13,0,0,0,0,0,0,7,6,0
260.074,1,16408576,repair,0,965,931.25,13,0,0,0,0,0,0,7,6,0
260.216,0,16070656,windows,0,965,931.25,13,0,0,0,0,0,0,7,6,0
260.329,1,16427008,windows,0,965,931.25,13,0,0,0,0,0,0,7,6,0
260.471,0,16086016,windows,0,965,931.25,13,0,0,0,0,0,0,7,6,0
260.579,1,16444416,windows,0,965,931.25,13,0,0,0,0,0,0,7,6,0
260.734,0,16101376,windows,0,965,931.25,13,0,0,0,0,0,0,7,6,0
260.837,1,16461824,windows,0,965,931.25,13,0,0,0,0,0,0,7,6,0
260.999,0,16116736,windows,0,965,931.25,13,0,0,0,0,0,0,7,6,0
261.093,1,16480256,windows,0,965,931.25,13,0,0,0,0,0,0,7,6,0
261.256,0,16132096,windows,0,965,931.25,13,0,0,0,0,0,0,7,6,0
261.346,1,16497664,windows,0,965,931.25,13,0,0,0,0,0,0,7,6,0
261.509,0,16146432,windows,0,965,931.25,13,0,0,0,0,0,0,7,6,0
261.6,1,16515072,windows,0,965,931.25,13,0,0,0,0,0,0,7,6,0
261.764,0,16160768,windows,0,965,931.25,13,0,0,0,0,0,0,7,6,0
261.864,1,16531456,windows,0,965,931.25,13,0,0,0,0,0,0,7,6,0
262.016,0,16175104,windows,0,965,931.25,13,0,0,0,0,0,0,7,6,0
262.126,1,16548864,windows,0,965,931.25,13,0,0,0,0,0,0,7,6,0
262.271,0,16189440,windows,0,965,931.25,13,0,0,0,0,0,0,7,6,0
262.378,1,16566272,windows,0,965,931.25,13,0,0,0,0,0,0,7,6,0
262.535,0,16204800,windows,0,965,931.25,13,0,0,0,0,0,0,7,6,0
262.636,1,16581632,windows,0,965,931.25,13,0,0,0,0,0,0,7,6,0
262.797,0,16220160,windows,0,965,931.25,13,0,0,0,0,0,0,7,6,0
262.89,1,16598016,windows,0,965,931.25,13,0,0,0,0,0,0,7,6,0
263.06,0,16235520,windows,0,965,931.25,13,0,0,0,0,0,0,7,6,0
263.155,1,16614400,windows,0,965,931.25,13,0,0,0,0,0,0,7,6,0
263.324,0,16251904,windows,0,965,931.25,13,0,0,0,0,0,0,7,6,0
263.409,1,16630784,windows,0,965,931.25,13,0,0,0,0,0,0,7,6,0
263.583,0,16268288,windows,0,965,931.25,13,0,0,0,0,0,0,7,6,0
263.669,1,16648192,windows,0,965,931.25,13,0,0,0,0,0,0,7,6,0
263.844,0,16284672,repair,0,965,931.25,13,0,0,0,0,0,0,7,6,0
263.931,1,16665600,windows,0,965,931.25,13,0,0,0,0,0,0,7,6,0
264.097,0,16300032,windows,0,965,931.25,13,0,0,0,0,0,0,7,6,0
264.188,1,16684032,windows,0,965,931.25,13,0,0,0,0,0,0,7,6,0
264.36,0,16315392,windows,0,965,931.25,13,0,0,0,0,0,0,7,6,0
264.443,1,16699392,repair,726,2.62566e+08,2.62503e+08,7111,49,165,126,242,144,0,4027,2906,178
264.627,0,16330752,windows,0,965,931.25,13,0,0,0,0,0,0,7,6,0
264.694,1,16718848,repair,573,2.59977e+08,2.59899e+08,7175,29,126,99,196,123,0,4116,2889,170
264.891,0,16344064,windows,0,965,931.25,13,0,0,0,0,0,0,7,6,0
264.95,1,16738304,repair,479,2.34114e+08,2.34054e+08,6817,31,84,77,182,105,0,3894,2757,166
265.159,0,16359424,windows,0,965,931.25,13,0,0,0,0,0,0,7,6,0
265.206,1,16757760,repair,378,2.24851e+08,2.24777e+08,6697,22,63,67,149,77,0,3843,2711,143
265.42,0,16374784,windows,0,965,931.25,13,0,0,0,0,0,0,7,6,0
265.467,1,16777216,repair,307,2.04686e+08,2.04616e+08,6455,18,61,56,107,65,0,3772,2559,124
265.672,0,16389120,windows,0,965,931.25,13,0,0,0,0,0,0,7,6,0
265.72,1,16796672,repair,247,1.84749e+08,1.84745e+08,6158,13,43,37,100,54,0,3594,2430,134
265.94,0,16406528,windows,0,965,931.25,13,0,0,0,0,0,0,7,6,0
265.983,1,16816128,repair,178,1.82843e+08,1.8284e+08,6127,17,25,39,66,31,0,3596,2420,111
266.194,0,16421888,windows,0,965,931.25,13,0,0,0,0,0,0,7,6,0
266.244,1,16835584,repair,140,1.54058e+08,1.54038e+08,5703,9,21,24,59,27,0,3436,2171,96
266.445,0,16438272,windows,0,965,931.25,13,0,0,0,0,0,0,7,6,0
266.505,1,16855040,repair,102,1.42792e+08,1.4275e+08,5485,3,17,9,40,33,0,3286,2100,99
266.699,0,16457728,windows,0,965,931.25,13,0,0,0,0,0,0,7,6,0
266.768,1,16875520,repair,71,1.26498e+08,1.26456e+08,5212,5,10,12,26,18,0,3180,1944,88
266.953,0,16476160,windows,0,965,931.25,13,0,0,0,0,0,0,7,6,0
267.026,1,16896000,repair,34,1.19545e+08,1.19507e+08,5071,0,3,3,15,13,0,3101,1887,83
267.204,0,16494592,windows,0,965,931.25,13,0,0,0,0,0,0,7,6,0
267.291,1,16917504,repair,18,1.04489e+08,1.04471e+08,4836,1,2,1,7,7,0,3077,1688,71
267.457,0,16514048,windows,0,965,931.25,13,0,0,0,0,0,0,7,6,0
267.555,1,16936960,repair,7,9.08329e+07,9.08329e+07,4482,1,1,1,4,0,0,2832,1591,59
267.718,0,16534528,windows,0,965,931.25,13,0,0,0,0,0,0,7,6,0
267.814,1,16955392,repair,1,7.75567e+07,7.75409e+07,4262,0,0,0,0,1,0,2857,1354,51
267.976,0,16556032,windows,0,965,931.25,13,0,0,0,0,0,0,7,6,0
268.076,1,16974848,windows,0,6.27952e+07,6.27936e+07,3807,0,0,0,0,0,0,2494,1257,56
268.226,0,16576512,windows,0,965,931.25,13,0,0,0,0,0,0,7,6,0
268.334,1,16992256,windows,0,4.97543e+07,4.97214e+07,3441,0,0,0,0,0,0,2331,1061,49
268.481,0,16595968,windows,0,965,931.25,13,0,0,0,0,0,0,7,6,0
268.601,1,17008640,windows,0,4.10719e+07,4.10521e+07,3113,0,0,0,0,0,0,2074,987,52
268.737,0,16613376,windows,0,965,931.25,13,0,0,0,0,0,0,7,6,0
268.855,1,17024000,windows,0,3.24844e+07,3.24649e+07,2755,0,0,0,0,0,0,1804,898,53
268.994,0,16629760,repair,0,965,931.25,13,0,0,0,0,0,0,7,6,0
269.107,1,17040384,windows,0,2.7038e+07,2.70365e+07,2540,0,0,0,0,0,0,1694,794,52
269.255,0,16648192,windows,0,965,931.25,13,0,0,0,0,0,0,7,6,0
269.374,1,17057792,windows,0,2.21777e+07,2.21777e+07,2314,0,0,0,0,0,0,1583,693,38
269.524,0,16662528,windows,0,965,931.25,13,0,0,0,0,0,0,7,6,0
269.63,1,17073152,windows,0,1.89517e+07,1.89442e+07,2153,0,0,0,0,0,0,1495,622,36
269.789,0,16678912,windows,0,965,931.25,13,0,0,0,0,0,0,7,6,0
269.884,1,17088512,windows,0,1.53253e+07,1.53253e+07,1906,0,0,0,0,0,0,1270,601,35
270.04,0,16694272,windows,0,965,931.25,13,0,0,0,0,0,0,7,6,0
270.146,1,17104896,windows,0,1.26408e+07,1.26397e+07,1762,0,0,0,0,0,0,1213,512,37
270.299,0,16710656,windows,0,965,931.25,13,0,0,0,0,0,0,7,6,0
270.397,1,17121280,windows,0,1.06698e+07,1.06642e+07,1624,0,0,0,0,0,0,1132,460,32
270.557,0,16727040,windows,0,965,931.25,13,0,0,0,0,0,0,7,6,0
270.651,1,17138688,windows,0,8.98405e+06,8.98319e+06,1497,0,0,0,0,0,0,1058,410,29
270.817,0,16742400,windows,0,965,931.25,13,0,0,0,0,0,0,7,6,0
270.903,1,17154048,windows,0,7.3286e+06,7.3286e+06,1345,0,0,0,0,0,0,937,382,26
271.08,0,16757760,windows,0,965,931.25,13,0,0,0,0,0,0,7,6,0
271.161,1,17169408,windows,0,5.9507e+06,5.95005e+06,1209,0,0,0,0,0,0,840,347,22
271.334,0,16772096,windows,0,965,931.25,13,0,0,0,0,0,0,7,6,0
271.418,1,17184768,windows,0,5.17045e+06,5.17045e+06,1138,0,0,0,0,0,0,812,305,21
271.602,0,16785408,windows,0,965,931.25,13,0,0,0,0,0,0,7,6,0
271.672,1,17200128,windows,0,4.3458e+06,4.34509e+06,1049,0,0,0,0,0,0,749,276,24
271.872,0,16798720,windows,0,965,931.25,13,0,0,0,0,0,0,7,6,0
271.925,1,17214464,windows,0,3.55981e+06,3.55064e+06,937,0,0,0,0,0,0,650,268,19
272.142,0,16812032,windows,0,965,931.25,13,0,0,0,0,0,0,7,6,0
272.179,1,17229824,windows,0,2.89493e+06,2.89151e+06,844,0,0,0,0,0,0,584,243,17
272.404,0,16826368,windows,0,965,931.25,13,0,0,0,0,0,0,7,6,0
272.448,1,17246208,windows,0,2.36228e+06,2.35739e+06,769,0,0,0,0,0,0,534,215,20
272.668,0,16840704,windows,0,965,931.25,13,0,0,0,0,0,0,7,6,0
272.711,1,17259520,windows,0,2.07708e+06,2.07407e+06,719,0,0,0,0,0,0,497,204,18
272.934,0,16855040,windows,0,965,931.25,13,0,0,0,0,0,0,7,6,0
272.972,1,17275904,windows,0,1.77854e+06,1.7751e+06,672,0,0,0,0,0,0,486,172,14
273.185,0,16869376,windows,0,965,931.25,13,0,0,0,0,0,0,7,6,0
273.233,1,17291264,windows,0,1.36918e+06,1.36521e+06,574,0,0,0,0,0,0,382,178,14
273.441,0,16881664,windows,0,965,931.25,13,0,0,0,0,0,0,7,6,0
273.498,1,17307648,windows,0,1.09535e+06,1.09063e+06,524,0,0,0,0,0,0,366,145,13
273.695,0,16894976,windows,0,965,931.25,13,0,0,0,0,0,0,7,6,0
273.752,1,17323008,windows,0,931285,931285,483,0,0,0,0,0,0,337,134,12
273.947,0,16911360,windows,0,965,931.25,13,0,0,0,0,0,0,7,6,0
274.009,1,17339392,windows,0,801970,801588,453,0,0,0,0,0,0,322,118,13
274.21,0,16928768,windows,0,965,931.25,13,0,0,0,0,0,0,7,6,0
274.266,1,17355776,windows,0,613775,610978,393,0,0,0,0,0,0,261,115,17
274.463,0,16946176,windows,0,965,931.25,13,0,0,0,0,0,0,7,6,0
274.527,1,17372160,windows,0,477410,477410,345,0,0,0,0,0,0,234,100,11
274.717,0,16961536,windows,0,965,931.25,13,0,0,0,0,0,0,7,6,0
274.783,1,17388544,windows,0,392930,391569,312,0,0,0,0,0,0,208,93,11
274.985,0,16976896,windows,0,965,931.25,13,0,0,0,0,0,0,7,6,0
275.035,1,17403904,windows,0,325100,324141,285,0,0,0,0,0,0,192,83,10
275.24,0,16992256,windows,0,965,931.25,13,0,0,0,0,0,0,7,6,0
275.29,1,17419264,windows,0,256620,256620,253,0,0,0,0,0,0,168,75,10
275.505,0,17008640,windows,0,965,931.25,13,0,0,0,0,0,0,7,6,0
275.547,1,17433600,windows,0,185810,183936,222,0,0,0,0,0,0,156,55,11
275.756,0,17024000,windows,0,965,931.25,13,0,0,0,0,0,0,7,6,0
275.802,1,17446912,windows,0,157180,156189,203,0,0,0,0,0,0,140,53,10
276.006,0,17041408,windows,0,965,931.25,13,0,0,0,0,0,0,7,6,0
276.073,1,17461248,windows,0,137060,135852,189,0,0,0,0,0,0,132,49,8
276.267,0,17058816,windows,0,965,931.25,13,0,0,0,0,0,0,7,6,0
276.327,1,17474560,windows,0,127445,126569,183,0,0,0,0,0,0,129,46,8
276.518,0,17076224,windows,0,965,931.25,13,0,0,0,0,0,0,7,6,0
276.595,1,17488896,windows,0,120095,119471,177,0,0,0,0,0,0,125,45,7
276.775,0,17092608,windows,0,965,931.25,13,0,0,0,0,0,0,7,6,0
276.858,1,17502208,windows,0,95695,94840,157,0,0,0,0,0,0,107,43,7
277.033,0,17108992,windows,0,965,931.25,13,0,0,0,0,0,0,7,6,0
277.12,1,17516544,windows,0,84770,83446.2,147,0,0,0,0,0,0,98,42,7
277.294,0,17123328,repair,799,2.20568e+08,2.20491e+08,6428,50,157,136,308,148,0,3577,2650,201
277.379,1,17530880,windows,0,77395,76911.2,142,0,0,0,0,0,0,97,38,7
277.548,0,17141760,repair,606,2.80691e+08,2.8067e+08,7407,31,128,117,212,118,0,4220,3022,165
277.631,1,17545216,windows,0,73730,73730,135,0,0,0,0,0,0,86,42,7
277.807,0,17161216,repair,483,2.57398e+08,2.5734e+08,7095,26,105,89,175,88,0,4008,2924,163
277.897,1,17560576,windows,0,69070,68631.2,133,0,0,0,0,0,0,88,38,7
278.063,0,17179648,repair,407,2.28147e+08,2.28069e+08,6814,22,77,65,151,92,0,3988,2684,142
278.153,1,17574912,windows,0,60025,60025,124,0,0,0,0,0,0,83,35,6
278.323,0,17199104,repair,321,2.02486e+08,2.02431e+08,6447,14,66,43,132,66,0,3780,2528,139
278.409,1,17589248,windows,0,52325,51276.2,115,0,0,0,0,0,0,75,34,6
278.578,0,17218560,repair,263,1.75774e+08,1.75723e+08,6039,12,44,46,110,51,0,3569,2344,126
278.661,1,17603584,windows,0,45640,45640,110,0,0,0,0,0,0,76,28,6
278.829,0,17236992,repair,201,1.70414e+08,1.70414e+08,6015,9,40,25,76,51,0,3637,2268,110
278.918,1,17617920,windows,0,42400,42051.2,105,0,0,0,0,0,0,70,29,6
279.085,0,17256448,repair,143,1.54464e+08,1.54461e+08,5749,15,24,38,41,25,0,3500,2151,98
279.177,1,17632256,windows,0,36700,36700,99,0,0,0,0,0,0,68,25,6
279.346,0,17275904,repair,104,1.43014e+08,1.42973e+08,5519,4,18,15,49,18,0,3330,2085,104
279.443,1,17646592,windows,0,31340,31340,89,0,0,0,0,0,0,56,27,6
279.599,0,17294336,repair,74,1.32858e+08,1.32838e+08,5359,4,11,9,35,15,0,3263,1989,107
279.698,1,17659904,windows,0,28115,27912.5,86,0,0,0,0,0,0,55,24,7
279.855,0,17312768,repair,44,1.2511e+08,1.25091e+08,5206,2,10,5,15,12,0,3202,1918,86
279.967,1,17674240,windows,0,25570,25367.5,82,0,0,0,0,0,0,52,23,7
280.111,0,17332224,repair,23,1.07359e+08,1.07359e+08,4919,0,4,3,14,2,0,3163,1691,65
280.221,1,17687552,windows,0,22085,21831.2,77,0,0,0,0,0,0,51,20,6
280.368,0,17351680,repair,12,9.45137e+07,9.45137e+07,4629,0,1,3,6,2,0,2986,1578,65
280.472,1,17700864,windows,0,21420,21005,75,0,0,0,0,0,0,48,21,6
280.628,0,17370112,repair,2,8.70343e+07,8.70202e+07,4428,0,0,1,0,1,0,2829,1531,68
280.723,1,17715200,windows,0,21420,21005,75,0,0,0,0,0,0,48,21,6
280.887,0,17386496,windows,0,6.88989e+07,6.88861e+07,3960,0,0,0,0,0,0,2565,1340,55
280.976,1,17729536,windows,0,17980,17980,69,0,0,0,0,0,0,44,19,6
281.143,0,17402880,windows,0,5.48052e+07,5.47706e+07,3590,0,0,0,0,0,0,2423,1127,40
281.227,1,17743872,windows,0,17900,17900,68,0,0,0,0,0,0,42,20,6
281.396,0,17419264,windows,0,4.46533e+07,4.46324e+07,3218,0,0,0,0,0,0,2138,1043,37
281.491,1,17759232,windows,0,17080,16685,66,0,0,0,0,0,0,40,20,6
281.66,0,17436672,windows,0,3.64847e+07,3.64736e+07,2937,0,0,0,0,0,0,1979,918,40
281.743,1,17773568,windows,0,17080,16685,66,0,0,0,0,0,0,40,20,6
281.92,0,17451008,windows,0,2.91316e+07,2.91139e+07,2617,0,0,0,0,0,0,1750,830,37
281.998,1,17788928,windows,0,15230,14875,63,0,0,0,0,0,0,40,18,5
282.181,0,17464320,windows,0,2.47336e+07,2.47244e+07,2419,0,0,0,0,0,0,1629,756,34
282.257,1,17804288,windows,0,14005,13690,61,0,0,0,0,0,0,41,16,4
282.442,0,17480704,windows,0,2.10173e+07,2.10027e+07,2241,0,0,0,0,0,0,1527,683,31
282.516,1,17819648,windows,0,12980,12980,59,0,0,0,0,0,0,40,15,4
282.699,0,17495040,windows,0,1.82428e+07,1.82347e+07,2100,0,0,0,0,0,0,1453,619,28
282.769,1,17835008,windows,0,12980,12980,59,0,0,0,0,0,0,40,15,4
282.963,0,17510400,windows,0,1.49636e+07,1.49636e+07,1895,0,0,0,0,0,0,1296,572,27
283.03,1,17850368,windows,0,11825,11641.2,56,0,0,0,0,0,0,37,15,4
283.218,0,17524736,windows,0,1.25909e+07,1.25803e+07,1736,0,0,0,0,0,0,1181,529,26
283.281,1,17863680,windows,0,11460,11281.2,55,0,0,0,0,0,0,36,15,4
283.476,0,17541120,windows,0,1.05437e+07,1.0543e+07,1606,0,0,0,0,0,0,1122,460,24
283.535,1,17878016,windows,0,11245,11061.2,55,0,0,0,0,0,0,37,14,4
283.736,0,17558528,windows,0,8.86853e+06,8.86853e+06,1486,0,0,0,0,0,0,1068,397,21
283.793,1,17894400,windows,0,10525,10525,53,0,0,0,0,0,0,35,14,4
284.001,0,17574912,windows,0,7.32119e+06,7.3165e+06,1344,0,0,0,0,0,0,938,381,25
284.059,1,17912832,windows,0,10180,10180,52,0,0,0,0,0,0,34,14,4
284.267,0,17590272,windows,0,6.01178e+06,6.01133e+06,1215,0,0,0,0,0,0,861,339,15
284.31,1,17929216,windows,0,9845,9845,51,0,0,0,0,0,0,33,14,4
284.526,0,17604608,windows,0,5.21412e+06,5.21006e+06,1141,0,0,0,0,0,0,813,308,20
284.561,1,17945600,windows,0,9845,9845,51,0,0,0,0,0,0,33,14,4
284.792,0,17619968,windows,0,4.45462e+06,4.45035e+06,1053,0,0,0,0,0,0,748,287,18
284.823,1,17963008,windows,0,9845,9845,51,0,0,0,0,0,0,33,14,4
285.055,0,17635328,windows,0,3.75002e+06,3.74646e+06,974,0,0,0,0,0,0,713,245,16
285.076,1,17979392,windows,0,9520,9361.25,50,0,0,0,0,0,0,32,14,4
285.317,0,17649664,windows,0,2.95103e+06,2.95103e+06,840,0,0,0,0,0,0,558,263,19
285.339,1,17996800,windows,0,8320,8181.25,46,0,0,0,0,0,0,28,14,4
285.57,0,17664000,windows,0,2.47108e+06,2.46392e+06,781,0,0,0,0,0,0,542,223,16
285.594,1,18013184,windows,0,8320,8181.25,46,0,0,0,0,0,0,28,14,4
285.833,0,17679360,windows,0,2.1203e+06,2.11725e+06,730,0,0,0,0,0,0,517,197,16
285.852,1,18030592,windows,0,8065,7921.25,46,0,0,0,0,0,0,29,13,4
286.092,0,17694720,windows,0,1.84639e+06,1.84243e+06,682,0,0,0,0,0,0,490,179,13
286.108,1,18048000,windows,0,7780,7641.25,45,0,0,0,0,0,0,28,13,4
286.354,0,17710080,windows,0,1.52732e+06,1.52171e+06,616,0,0,0,0,0,0,428,174,14
286.376,1,18066432,windows,0,6795,6661.25,42,0,0,0,0,0,0,27,12,3
286.614,0,17725440,windows,0,1.2319e+06,1.22856e+06,555,0,0,0,0,0,0,393,151,11
286.629,1,18083840,windows,0,6530,6401.25,41,0,0,0,0,0,0,26,12,3
286.865,0,17740800,windows,0,1.03616e+06,1.03328e+06,504,0,0,0,0,0,0,352,144,8
286.892,1,18100224,windows,0,6070,5706.25,38,0,0,0,0,0,0,22,13,3
287.128,0,17755136,windows,0,875285,875285,471,0,0,0,0,0,0,339,122,10
287.156,1,18117632,windows,0,5570,5570,37,0,0,0,0,0,0,22,12,3
287.395,0,17769472,windows,0,770755,770755,440,0,0,0,0,0,0,313,118,9
287.42,1,18136064,windows,0,5355,5355,36,0,0,0,0,0,0,21,12,3
287.652,0,17782784,windows,0,634190,630576,397,0,0,0,0,0,0,276,112,9
287.676,1,18153472,windows,0,4895,4895,35,0,0,0,0,0,0,21,11,3
287.905,0,17795072,windows,0,521900,520671,360,0,0,0,0,0,0,246,104,10
287.935,1,18170880,windows,0,4895,4895,35,0,0,0,0,0,0,21,11,3
288.159,0,17807360,windows,0,443245,442892,335,0,0,0,0,0,0,229,94,12
288.194,1,18188288,windows,0,4690,4690,34,0,0,0,0,0,0,20,11,3
288.417,0,17819648,windows,0,374975,374652,309,0,0,0,0,0,0,213,85,11
288.461,1,18205696,windows,0,4690,4690,34,0,0,0,0,0,0,20,11,3
288.671,0,17832960,windows,0,329745,329452,292,0,0,0,0,0,0,207,75,10
288.714,1,18222080,windows,0,4690,4690,34,0,0,0,0,0,0,20,11,3
288.929,0,17846272,windows,0,290345,289119,272,0,0,0,0,0,0,187,75,10
288.974,1,18239488,windows,0,965,931.25,13,0,0,0,0,0,0,7,6,0
289.185,0,17858560,windows,0,220385,219369,234,0,0,0,0,0,0,157,69,8
289.229,1,18258944,windows,0,965,931.25,13,0,0,0,0,0,0,7,6,0
289.435,0,17870848,windows,0,186395,184224,216,0,0,0,0,0,0,147,62,7
289.48,1,18277376,windows,0,965,931.25,13,0,0,0,0,0,0,7,6,0
289.686,0,17884160,windows,0,164205,164205,201,0,0,0,0,0,0,135,60,6
289.733,1,18294784,windows,0,965,931.25,13,0,0,0,0,0,0,7,6,0
289.942,0,17896448,windows,0,149095,147880,189,0,0,0,0,0,0,121,61,7
289.995,1,18313216,windows,0,965,931.25,13,0,0,0,0,0,0,7,6,0
290.2,0,17909760,windows,0,133730,133730,179,0,0,0,0,0,0,114,58,7
290.254,1,18332672,windows,0,965,931.25,13,0,0,0,0,0,0,7,6,0
290.463,0,17923072,windows,0,114920,114119,171,0,0,0,0,0,0,114,49,8
290.515,1,18350080,windows,0,965,931.25,13,0,0,0,0,0,0,7,6,0
290.717,0,17936384,windows,0,97855,97000,159,0,0,0,0,0,0,109,43,7
290.782,1,18366464,windows,0,965,931.25,13,0,0,0,0,0,0,7,6,0
290.981,0,17949696,windows,0,92930,92930,155,0,0,0,0,0,0,106,42,7
291.037,1,18382848,windows,0,965,931.25,13,0,0,0,0,0,0,7,6,0
291.243,0,17963008,windows,0,86095,86095,149,0,0,0,0,0,0,101,41,7
291.303,1,18400256,windows,0,965,931.25,13,0,0,0,0,0,0,7,6,0
291.498,0,17975296,windows,0,80870,80870,146,0,0,0,0,0,0,102,37,7
291.558,1,18417664,windows,0,965,931.25,13,0,0,0,0,0,0,7,6,0
291.755,0,17988608,windows,0,71330,71330,136,0,0,0,0,0,0,96,35,5
291.82,1,18435072,windows,0,965,931.25,13,0,0,0,0,0,0,7,6,0
292.023,0,18001920,windows,0,52580,51892.5,117,0,0,0,0,0,0,84,29,4
292.078,1,18451456,windows,0,965,931.25,13,0,0,0,0,0,0,7,6,0
292.275,0,18014208,windows,0,44545,43797.5,108,0,0,0,0,0,0,73,29,6
292.332,1,18465792,windows,0,965,931.25,13,0,0,0,0,0,0,7,6,0
292.525,0,18026496,windows,0,37045,36538.8,99,0,0,0,0,0,0,67,26,6
292.585,1,18481152,windows,0,965,931.25,13,0,0,0,0,0,0,7,6,0
292.791,0,18039808,windows,0,31600,31600,92,0,0,0,0,0,0,68,20,4
292.842,1,18495488,windows,0,965,931.25,13,0,0,0,0,0,0,7,6,0
293.044,0,18052096,windows,0,29380,28636.2,88,0,0,0,0,0,0,62,22,4
293.092,1,18512896,windows,0,965,931.25,13,0,0,0,0,0,0,7,6,0
293.311,0,18065408,windows,0,23945,23832.5,80,0,0,0,0,0,0,57,19,4
293.345,1,18530304,windows,0,965,931.25,13,0,0,0,0,0,0,7,6,0
293.576,0,18077696,windows,0,20305,20192.5,74,0,0,0,0,0,0,53,17,4
293.602,1,18546688,windows,0,965,931.25,13,0,0,0,0,0,0,7,6,0
293.835,0,18088960,windows,0,18665,18665,70,0,0,0,0,0,0,53,15,2
293.865,1,18564096,windows,0,905,905,14,0,0,0,0,0,0,9,5,0
294.103,0,18101248,windows,0,18140,18140,69,0,0,0,0,0,0,52,15,2
294.116,1,18582528,windows,0,905,905,14,0,0,0,0,0,0,9,5,0
294.36,0,18114560,windows,0,17120,16825,67,0,0,0,0,0,0,50,15,2
294.369,1,18600960,windows,0,905,905,14,0,0,0,0,0,0,9,5,0
294.611,0,18126848,windows,0,16175,15840,65,0,0,0,0,0,0,45,17,3
294.627,1,18619392,windows,0,905,905,14,0,0,0,0,0,0,9,5,0
294.872,0,18141184,windows,0,14315,14315,62,0,0,0,0,0,0,45,14,3
294.884,1,18636800,windows,0,905,905,14,0,0,0,0,0,0,9,5,0
295.124,0,18153472,windows,0,13175,13175,59,0,0,0,0,0,0,41,15,3
295.145,1,18656256,windows,0,905,905,14,0,0,0,0,0,0,9,5,0
295.38,0,18166784,windows,0,12190,11915,57,0,0,0,0,0,0,40,14,3
295.403,1,18674688,windows,0,905,905,14,0,0,0,0,0,0,9,5,0
295.63,0,18180096,windows,0,11795,11326.2,56,0,0,0,0,0,0,39,14,3
295.657,1,18693120,windows,0,905,905,14,0,0,0,0,0,0,9,5,0
295.881,0,18192384,windows,0,11255,10806.2,55,0,0,0,0,0,0,39,13,3
295.92,1,18710528,windows,0,905,905,14,0,0,0,0,0,0,9,5,0
296.134,0,18205696,windows,0,9875,9875,52,0,0,0,0,0,0,39,10,3
296.183,1,18728960,windows,0,905,905,14,0,0,0,0,0,0,9,5,0
296.402,0,18220032,windows,0,8815,8815,49,0,0,0,0,0,0,35,11,3
296.444,1,18744320,windows,0,905,905,14,0,0,0,0,0,0,9,5,0
296.663,0,18233344,windows,0,8470,8470,48,0,0,0,0,0,0,34,11,3
296.703,1,18759680,windows,0,905,905,14,0,0,0,0,0,0,9,5,0
296.929,0,18247680,windows,0,8370,8195,48,0,0,0,0,0,0,36,9,3
296.963,1,18775040,windows,0,905,905,14,0,0,0,0,0,0,9,5,0
297.181,0,18260992,windows,0,8015,8015,47,0,0,0,0,0,0,35,9,3
297.224,1,18790400,windows,0,905,905,14,0,0,0,0,0,0,9,5,0
297.431,0,18275328,windows,0,7520,7520,45,0,0,0,0,0,0,34,9,2
297.481,1,18806784,windows,0,905,905,14,0,0,0,0,0,0,9,5,0
297.699,0,18289664,windows,0,6845,6681.25,43,0,0,0,0,0,0,33,8,2
297.743,1,18821120,windows,0,905,905,14,0,0,0,0,0,0,9,5,0
297.96,0,18304000,windows,0,6520,6206.25,42,0,0,0,0,0,0,32,8,2
297.994,1,18836480,windows,0,905,905,14,0,0,0,0,0,0,9,5,0
298.222,0,18318336,windows,0,6205,5896.25,41,0,0,0,0,0,0,31,8,2
298.254,1,18851840,windows,0,905,905,14,0,0,0,0,0,0,9,5,0
298.49,0,18332672,windows,0,6130,5836.25,40,0,0,0,0,0,0,32,7,1
298.506,1,18867200,windows,0,905,905,14,0,0,0,0,0,0,9,5,0
298.756,0,18348032,windows,0,5815,5526.25,39,0,0,0,0,0,0,31,7,1
298.759,1,18882560,windows,0,905,905,14,0,0,0,0,0,0,9,5,0
299.009,0,18362368,windows,0,4930,4930,36,0,0,0,0,0,0,28,7,1
299.021,1,18902016,windows,0,905,905,14,0,0,0,0,0,0,9,5,0
299.269,0,18377728,windows,0,4930,4930,36,0,0,0,0,0,0,28,7,1
299.275,1,18919424,windows,0,905,905,14,0,0,0,0,0,0,9,5,0
299.522,0,18392064,windows,0,4930,4930,36,0,0,0,0,0,0,28,7,1
299.536,1,18937856,windows,0,905,905,14,0,0,0,0,0,0,9,5,0
299.778,0,18406400,windows,0,4930,4930,36,0,0,0,0,0,0,28,7,1
299.79,1,18955264,windows,0,905,905,14,0,0,0,0,0,0,9,5,0
300.001,1,18970624,end,0,905,905,14,0,0,0,0,0,0,9,5,0
300.002,0,18418688,end,0,4930,4930,36,0,0,0,0,0,0,28,7,1
