seconds,worker,moves,phase,hard,objective,surrogate,soft,lecturerConflicts,groupConflicts,roomConflicts,groupTravel,lecturerTravel,abstractRoomOverflow,lecturerWindows,groupWindows,mixedOnlineDays
0.0291378,1,0,start,541,2.00948e+07,2.009e+07,1126,0,0,0,359,182,0,779,237,110
0.0343255,0,0,start,512,1.82535e+07,1.8246e+07,1107,0,0,0,335,177,0,730,248,129
0.283292,1,28672,repair,281,6.79245e+07,6.79207e+07,3601,20,64,50,94,53,0,1944,1530,127
0.293253,0,23552,repair,286,6.59198e+07,6.59198e+07,3609,14,49,55,112,56,0,2012,1471,126
0.545753,1,49152,repair,184,5.61023e+07,5.60656e+07,3326,12,20,28,84,40,0,1861,1371,94
0.552777,0,45056,repair,173,6.36976e+07,6.36944e+07,3492,9,32,30,68,34,0,1892,1496,104
0.799189,1,68608,repair,114,4.63564e+07,4.63564e+07,3152,4,15,19,42,34,0,1873,1188,91
0.812858,0,67584,repair,100,5.24193e+07,5.23809e+07,3231,11,17,17,37,18,0,1806,1335,90
1.04999,1,88064,repair,59,4.50521e+07,4.50521e+07,3052,4,10,7,23,15,0,1776,1205,71
1.07284,0,91136,repair,52,3.96409e+07,3.96409e+07,2875,2,8,6,23,13,0,1689,1122,64
1.31186,1,107520,repair,29,3.53203e+07,3.53184e+07,2774,3,1,5,15,5,0,1685,1024,65
1.33026,0,110592,repair,27,3.1434e+07,3.14123e+07,2614,0,6,4,14,3,0,1567,974,73
1.56871,1,125952,repair,10,2.68706e+07,2.6863e+07,2456,0,0,1,6,3,0,1524,870,62
1.59086,0,129024,repair,12,2.54669e+07,2.54575e+07,2415,1,2,0,8,1,0,1528,827,60
1.81895,1,144384,repair,2,2.09294e+07,2.09144e+07,2180,0,0,0,1,1,0,1385,751,44
1.84194,0,146432,repair,1,2.09775e+07,2.09628e+07,2197,0,0,1,0,0,0,1414,739,44
2.08172,1,162816,windows,0,1.4954e+07,1.49525e+07,1870,0,0,0,0,0,0,1199,620,51
2.10165,0,164864,windows,0,1.49359e+07,1.4923e+07,1876,0,0,0,0,0,0,1243,599,34
2.33802,1,180224,windows,0,1.03167e+07,1.03067e+07,1563,0,0,0,0,0,0,1034,497,32
2.36017,0,182272,windows,0,1.00836e+07,1.00778e+07,1532,0,0,0,0,0,0,1002,502,28
2.5918,1,196608,windows,0,7.44839e+06,7.4438e+06,1344,0,0,0,0,0,0,918,401,25
2.62459,0,198656,windows,0,7.237e+06,7.22804e+06,1308,0,0,0,0,0,0,871,414,23
2.8541,1,212992,windows,0,5.05654e+06,5.0528e+06,1105,0,0,0,0,0,0,748,335,22
2.88303,0,215040,windows,0,4.97604e+06,4.97604e+06,1103,0,0,0,0,0,0,762,321,20
3.11099,1,229376,windows,0,3.7763e+06,3.7763e+06,968,0,0,0,0,0,0,667,277,24
3.14864,0,231424,windows,0,3.71438e+06,3.71367e+06,960,0,0,0,0,0,0,661,275,24
3.37495,1,246784,windows,0,2.8356e+06,2.8356e+06,831,0,0,0,0,0,0,561,250,20
3.40476,0,247808,windows,0,2.80189e+06,2.79667e+06,836,0,0,0,0,0,0,584,233,19
3.62587,1,262144,windows,0,2.20783e+06,2.20038e+06,734,0,0,0,0,0,0,494,221,19
3.66062,0,264192,windows,0,2.1264e+06,2.1264e+06,729,0,0,0,0,0,0,517,198,14
3.88425,1,278528,windows,0,1.4951e+06,1.49137e+06,600,0,0,0,0,0,0,397,187,16
3.91608,0,280576,windows,0,1.52332e+06,1.52332e+06,611,0,0,0,0,0,0,417,180,14
4.13902,1,294912,windows,0,1.11917e+06,1.11917e+06,531,0,0,0,0,0,0,374,144,13
4.16979,0,296960,windows,0,1.0941e+06,1.0941e+06,524,0,0,0,0,0,0,369,143,12
4.39022,1,311296,windows,0,823090,820272,451,0,0,0,0,0,0,314,128,9
4.42337,0,313344,windows,0,832705,829618,450,0,0,0,0,0,0,301,137,12
4.6429,1,326656,windows,0,641675,639979,400,0,0,0,0,0,0,275,114,11
4.68681,0,330752,windows,0,629730,627515,396,0,0,0,0,0,0,276,111,9
4.89303,1,343040,windows,0,451575,450451,333,0,0,0,0,0,0,225,99,9
4.93995,0,347136,windows,0,442300,442300,330,0,0,0,0,0,0,230,94,6
5.15747,1,359424,windows,0,338105,338105,290,0,0,0,0,0,0,191,87,12
5.19272,0,363520,windows,0,303095,302171,271,0,0,0,0,0,0,185,81,5
5.41569,1,376832,windows,0,247990,247161,250,0,0,0,0,0,0,166,73,11
5.45379,0,380928,windows,0,232430,230054,237,0,0,0,0,0,0,160,72,5
5.67249,1,394240,windows,0,193255,193255,221,0,0,0,0,0,0,145,65,11
5.70893,0,397312,windows,0,174475,173360,210,0,0,0,0,0,0,149,56,5
5.92493,1,409600,windows,0,159355,159355,202,0,0,0,0,0,0,133,58,11
5.96326,0,413696,windows,0,128395,127659,180,0,0,0,0,0,0,131,46,3
6.1751,1,425984,windows,0,116030,114955,169,0,0,0,0,0,0,104,54,11
6.21412,0,430080,windows,0,91330,90392.5,150,0,0,0,0,0,0,104,43,3
6.43094,1,442368,windows,0,94325,92623.8,155,0,0,0,0,0,0,99,46,10
6.47528,0,446464,windows,0,69250,68821.2,129,0,0,0,0,0,0,86,40,3
6.69056,1,459776,windows,0,76125,74997.5,139,0,0,0,0,0,0,87,42,10
6.72559,0,462848,windows,0,56450,56367.5,121,0,0,0,0,0,0,90,28,3
6.95433,1,477184,windows,0,62920,62185,127,0,0,0,0,0,0,82,37,8
6.98039,0,479232,windows,0,51340,51287.5,115,0,0,0,0,0,0,88,25,2
7.21186,1,494592,windows,0,48415,47720,109,0,0,0,0,0,0,67,35,7
7.25519,0,495616,windows,0,38050,37701.2,97,0,0,0,0,0,0,70,26,1
7.47227,1,510976,windows,0,43810,43810,103,0,0,0,0,0,0,62,34,7
7.51309,0,510976,windows,0,29555,29555,86,0,0,0,0,0,0,63,22,1
7.73376,1,528384,windows,0,40530,40530,98,0,0,0,0,0,0,60,33,5
7.77328,0,527360,windows,0,28610,28610,84,0,0,0,0,0,0,60,23,1
7.9966,1,545792,windows,0,38575,38271.2,97,0,0,0,0,0,0,61,31,5
8.03022,0,543744,windows,0,25670,25381.2,80,0,0,0,0,0,0,58,21,1
8.25097,1,563200,windows,0,33875,33875,90,0,0,0,0,0,0,55,30,5
8.28171,0,560128,windows,0,22075,21680,74,0,0,0,0,0,0,53,20,1
8.51312,1,579584,windows,0,25750,25358.8,80,0,0,0,0,0,0,50,25,5
8.54041,0,576512,windows,0,18770,18395,68,0,0,0,0,0,0,48,19,1
8.77582,1,596992,windows,0,22125,21650,73,0,0,0,0,0,0,45,24,4
8.79716,0,592896,windows,0,17375,17000,65,0,0,0,0,0,0,45,19,1
9.03379,1,614400,windows,0,20740,20740,71,0,0,0,0,0,0,44,23,4
9.06177,0,611328,windows,0,16635,16635,64,0,0,0,0,0,0,45,18,1
9.29146,1,631808,windows,0,18980,18980,69,0,0,0,0,0,0,44,21,4
9.31862,0,627712,windows,0,15055,14841.2,61,0,0,0,0,0,0,43,17,1
9.54245,1,648192,windows,0,16085,15496.2,63,0,0,0,0,0,0,39,20,4
9.57177,0,643072,windows,0,14215,14215,59,0,0,0,0,0,0,41,17,1
9.80194,1,665600,windows,0,15095,14720,61,0,0,0,0,0,0,39,19,3
9.824,0,658432,windows,0,12905,12905,56,0,0,0,0,0,0,41,15,0
10.0538,1,681984,windows,0,13595,13411.2,58,0,0,0,0,0,0,37,18,3
10.0872,0,673792,windows,0,11345,11345,52,0,0,0,0,0,0,37,15,0
10.3161,1,698368,windows,0,13230,13230,57,0,0,0,0,0,0,36,18,3
10.3545,0,689152,windows,0,10980,10980,51,0,0,0,0,0,0,36,15,0
10.5765,1,715776,windows,0,12195,12195,54,0,0,0,0,0,0,33,18,3
10.6168,0,705536,windows,0,10045,9596.25,49,0,0,0,0,0,0,35,14,0
10.8414,1,733184,windows,0,11870,11870,53,0,0,0,0,0,0,32,18,3
10.8866,0,721920,windows,0,9535,9338.75,49,0,0,0,0,0,0,35,13,1
11.0996,1,749568,windows,0,11555,11555,52,0,0,0,0,0,0,31,18,3
11.142,0,736256,windows,0,9190,8998.75,48,0,0,0,0,0,0,34,13,1
11.3553,1,765952,windows,0,11555,11555,52,0,0,0,0,0,0,31,18,3
11.3993,0,756736,windows,0,8825,8406.25,46,0,0,0,0,0,0,33,13,0
11.62,1,783360,windows,0,11250,11250,51,0,0,0,0,0,0,30,18,3
11.6604,0,774144,windows,0,8500,8086.25,45,0,0,0,0,0,0,32,13,0
11.8756,1,800768,windows,0,10955,10955,50,0,0,0,0,0,0,29,18,3
11.9165,0,793600,windows,0,7615,7448.75,43,0,0,0,0,0,0,29,13,1
12.1403,1,819200,windows,0,10955,10955,50,0,0,0,0,0,0,29,18,3
12.1672,0,812032,windows,0,7585,7441.25,42,0,0,0,0,0,0,29,13,0
12.4053,1,836608,windows,0,10955,10955,50,0,0,0,0,0,0,29,18,3
12.4318,0,831488,windows,0,7300,6906.25,41,0,0,0,0,0,0,28,13,0
12.6582,1,852992,windows,0,10955,10955,50,0,0,0,0,0,0,29,18,3
12.682,0,848896,windows,0,7300,6906.25,41,0,0,0,0,0,0,28,13,0
12.9115,1,869376,windows,0,10955,10955,50,0,0,0,0,0,0,29,18,3
12.9382,0,867328,windows,0,7300,6906.25,41,0,0,0,0,0,0,28,13,0
13.1706,1,885760,windows,0,7025,6636.25,40,0,0,0,0,0,0,27,13,0
13.1936,0,885760,windows,0,7025,6636.25,40,0,0,0,0,0,0,27,13,0
13.4218,1,902144,windows,0,7025,6636.25,40,0,0,0,0,0,0,27,13,0
13.4495,0,904192,windows,0,7025,6636.25,40,0,0,0,0,0,0,27,13,0
13.6775,1,918528,windows,0,6760,6376.25,39,0,0,0,0,0,0,26,13,0
13.7088,0,922624,windows,0,7025,6636.25,40,0,0,0,0,0,0,27,13,0
13.9312,1,935936,windows,0,6760,6376.25,39,0,0,0,0,0,0,26,13,0
13.971,0,943104,windows,0,6760,6376.25,39,0,0,0,0,0,0,26,13,0
14.1946,1,953344,windows,0,6760,6376.25,39,0,0,0,0,0,0,26,13,0
14.2218,0,962560,windows,0,6760,6376.25,39,0,0,0,0,0,0,26,13,0
14.4542,1,969728,windows,0,6505,6126.25,38,0,0,0,0,0,0,25,13,0
14.4752,0,983040,windows,0,6760,6376.25,39,0,0,0,0,0,0,26,13,0
14.7075,1,986112,windows,0,5800,5436.25,35,0,0,0,0,0,0,22,13,0
14.7316,0,1004544,windows,0,6505,6126.25,38,0,0,0,0,0,0,25,13,0
14.9654,1,1003520,windows,0,5800,5436.25,35,0,0,0,0,0,0,22,13,0
14.9938,0,1026048,windows,0,6505,6126.25,38,0,0,0,0,0,0,25,13,0
15.2172,1,1019904,windows,0,5800,5436.25,35,0,0,0,0,0,0,22,13,0
15.2467,0,1046528,windows,0,6505,6126.25,38,0,0,0,0,0,0,25,13,0
15.4779,1,1037312,windows,0,5585,5226.25,34,0,0,0,0,0,0,21,13,0
15.5052,0,1067008,windows,0,6505,6126.25,38,0,0,0,0,0,0,25,13,0
15.7321,1,1053696,windows,0,5585,5226.25,34,0,0,0,0,0,0,21,13,0
15.7585,0,1085440,windows,0,5585,5226.25,34,0,0,0,0,0,0,21,13,0
15.9823,1,1070080,windows,0,5185,4930,32,0,0,0,0,0,0,19,13,0
16.0167,0,1104896,windows,0,5585,5226.25,34,0,0,0,0,0,0,21,13,0
16.2348,1,1087488,windows,0,5185,4930,32,0,0,0,0,0,0,19,13,0
16.2783,0,1125376,windows,0,5380,5026.25,33,0,0,0,0,0,0,20,13,0
16.4906,1,1104896,windows,0,5185,4930,32,0,0,0,0,0,0,19,13,0
16.5373,0,1145856,windows,0,5185,4836.25,32,0,0,0,0,0,0,19,13,0
16.7514,1,1122304,windows,0,4420,4321.25,31,0,0,0,0,0,0,20,11,0
16.7917,0,1165312,windows,0,5185,4836.25,32,0,0,0,0,0,0,19,13,0
17.0063,1,1139712,windows,0,4420,4321.25,31,0,0,0,0,0,0,20,11,0
17.0521,0,1185792,windows,0,5185,4836.25,32,0,0,0,0,0,0,19,13,0
17.263,1,1157120,windows,0,4225,4131.25,30,0,0,0,0,0,0,19,11,0
17.31,0,1206272,windows,0,5085,4746.25,33,0,0,0,0,0,0,21,12,0
17.5242,1,1174528,windows,0,4225,4131.25,30,0,0,0,0,0,0,19,11,0
17.5656,0,1227776,windows,0,5085,4746.25,33,0,0,0,0,0,0,21,12,0
17.7805,1,1191936,windows,0,4040,4040,29,0,0,0,0,0,0,18,11,0
17.8213,0,1249280,windows,0,4325,4090,29,0,0,0,0,0,0,17,12,0
18.0345,1,1208320,windows,0,4040,4040,29,0,0,0,0,0,0,18,11,0
18.0765,0,1269760,windows,0,4325,4090,29,0,0,0,0,0,0,17,12,0
18.2974,1,1225728,windows,0,4040,4040,29,0,0,0,0,0,0,18,11,0
18.3396,0,1290240,windows,0,4160,3846.25,28,0,0,0,0,0,0,16,12,0
18.5488,1,1242112,windows,0,4040,4040,29,0,0,0,0,0,0,18,11,0
18.6011,0,1310720,windows,0,4160,3846.25,28,0,0,0,0,0,0,16,12,0
18.8127,1,1259520,windows,0,4040,4040,29,0,0,0,0,0,0,18,11,0
18.8626,0,1331200,windows,0,4160,3846.25,28,0,0,0,0,0,0,16,12,0
19.0668,1,1276928,windows,0,4040,4040,29,0,0,0,0,0,0,18,11,0
19.1241,0,1351680,windows,0,4005,3770,27,0,0,0,0,0,0,15,12,0
19.329,1,1294336,windows,0,4040,4040,29,0,0,0,0,0,0,18,11,0
19.3756,0,1372160,windows,0,4005,3770,27,0,0,0,0,0,0,15,12,0
19.5934,1,1311744,windows,0,4040,4040,29,0,0,0,0,0,0,18,11,0
19.6322,0,1390592,windows,0,4005,3770,27,0,0,0,0,0,0,15,12,0
19.8472,1,1329152,windows,0,4040,4040,29,0,0,0,0,0,0,18,11,0
19.8888,0,1410048,windows,0,3860,3625,26,0,0,0,0,0,0,14,12,0
20.1035,1,1346560,windows,0,4040,4040,29,0,0,0,0,0,0,18,11,0
20.1393,0,1428480,windows,0,3860,3625,26,0,0,0,0,0,0,14,12,0
20.3637,1,1363968,windows,0,4040,4040,29,0,0,0,0,0,0,18,11,0
20.392,0,1445888,windows,0,3860,3625,26,0,0,0,0,0,0,14,12,0
20.6216,1,1380352,windows,0,4040,4040,29,0,0,0,0,0,0,18,11,0
20.6521,0,1466368,windows,0,3860,3625,26,0,0,0,0,0,0,14,12,0
20.8821,1,1397760,windows,0,3860,3625,26,0,0,0,0,0,0,14,12,0
20.9034,0,1486848,windows,0,3860,3625,26,0,0,0,0,0,0,14,12,0
21.1369,1,1413120,windows,0,3860,3625,26,0,0,0,0,0,0,14,12,0
21.1652,0,1506304,windows,0,3860,3625,26,0,0,0,0,0,0,14,12,0
21.3998,1,1430528,windows,0,3725,3490,25,0,0,0,0,0,0,13,12,0
21.4296,0,1523712,windows,0,3860,3625,26,0,0,0,0,0,0,14,12,0
21.6636,1,1446912,windows,0,3725,3490,25,0,0,0,0,0,0,13,12,0
21.6889,0,1541120,windows,0,3860,3625,26,0,0,0,0,0,0,14,12,0
21.9209,1,1462272,windows,0,3725,3490,25,0,0,0,0,0,0,13,12,0
21.9529,0,1557504,windows,0,3860,3625,26,0,0,0,0,0,0,14,12,0
22.1729,1,1478656,windows,0,3725,3490,25,0,0,0,0,0,0,13,12,0
22.219,0,1573888,windows,0,3725,3490,25,0,0,0,0,0,0,13,12,0
22.4261,1,1494016,repair,0,3725,3490,25,0,0,0,0,0,0,13,12,0
22.4727,0,1591296,windows,0,3725,3490,25,0,0,0,0,0,0,13,12,0
22.6812,1,1510400,windows,0,3725,3490,25,0,0,0,0,0,0,13,12,0
22.7257,0,1608704,windows,0,3725,3490,25,0,0,0,0,0,0,13,12,0
22.9388,1,1526784,windows,0,3725,3490,25,0,0,0,0,0,0,13,12,0
22.9896,0,1626112,windows,0,3725,3490,25,0,0,0,0,0,0,13,12,0
23.1995,1,1544192,windows,0,3725,3490,25,0,0,0,0,0,0,13,12,0
23.2447,0,1642496,windows,0,3725,3490,25,0,0,0,0,0,0,13,12,0
23.4645,1,1560576,windows,0,3725,3490,25,0,0,0,0,0,0,13,12,0
23.4988,0,1657856,windows,0,3725,3490,25,0,0,0,0,0,0,13,12,0
23.7235,1,1576960,windows,0,3725,3490,25,0,0,0,0,0,0,13,12,0
23.7568,0,1674240,windows,0,3725,3490,25,0,0,0,0,0,0,13,12,0
23.9804,1,1593344,windows,0,3725,3490,25,0,0,0,0,0,0,13,12,0
24.0135,0,1690624,windows,0,3725,3490,25,0,0,0,0,0,0,13,12,0
24.2341,1,1609728,windows,0,3725,3490,25,0,0,0,0,0,0,13,12,0
24.266,0,1708032,windows,0,3725,3490,25,0,0,0,0,0,0,13,12,0
24.4937,1,1628160,windows,0,3725,3490,25,0,0,0,0,0,0,13,12,0
24.5211,0,1724416,windows,0,3725,3490,25,0,0,0,0,0,0,13,12,0
24.7457,1,1645568,windows,0,3725,3490,25,0,0,0,0,0,0,13,12,0
24.7711,0,1740800,windows,0,3725,3490,25,0,0,0,0,0,0,13,12,0
25.0071,1,1662976,windows,0,3725,3490,25,0,0,0,0,0,0,13,12,0
25.0348,0,1758208,windows,0,3725,3490,25,0,0,0,0,0,0,13,12,0
25.2614,1,1680384,windows,0,3725,3490,25,0,0,0,0,0,0,13,12,0
25.2966,0,1775616,windows,0,3725,3490,25,0,0,0,0,0,0,13,12,0
25.527,1,1697792,windows,0,3725,3490,25,0,0,0,0,0,0,13,12,0
25.5594,0,1794048,repair,0,3725,3490,25,0,0,0,0,0,0,13,12,0
25.7915,1,1714176,windows,0,3725,3490,25,0,0,0,0,0,0,13,12,0
25.8111,0,1814528,repair,0,3725,3490,25,0,0,0,0,0,0,13,12,0
26.0539,1,1730560,windows,0,3725,3490,25,0,0,0,0,0,0,13,12,0
26.0693,0,1830912,windows,0,3725,3490,25,0,0,0,0,0,0,13,12,0
26.3113,1,1745920,windows,0,3725,3490,25,0,0,0,0,0,0,13,12,0
26.3335,0,1847296,windows,0,3725,3490,25,0,0,0,0,0,0,13,12,0
26.5635,1,1761280,windows,0,3725,3490,25,0,0,0,0,0,0,13,12,0
26.5847,0,1862656,windows,0,3725,3490,25,0,0,0,0,0,0,13,12,0
26.8178,1,1776640,windows,0,3725,3490,25,0,0,0,0,0,0,13,12,0
26.8355,0,1879040,windows,0,3725,3490,25,0,0,0,0,0,0,13,12,0
27.0696,1,1792000,windows,0,3725,3490,25,0,0,0,0,0,0,13,12,0
27.0864,0,1894400,windows,0,3725,3490,25,0,0,0,0,0,0,13,12,0
27.3342,1,1809408,windows,0,3725,3490,25,0,0,0,0,0,0,13,12,0
27.3412,0,1908736,windows,0,3725,3490,25,0,0,0,0,0,0,13,12,0
27.5885,1,1825792,windows,0,3725,3490,25,0,0,0,0,0,0,13,12,0
27.5997,0,1926144,windows,0,3725,3490,25,0,0,0,0,0,0,13,12,0
27.8398,1,1842176,windows,0,3725,3490,25,0,0,0,0,0,0,13,12,0
27.8577,0,1944576,windows,0,3725,3490,25,0,0,0,0,0,0,13,12,0
28.1002,1,1859584,windows,0,3725,3490,25,0,0,0,0,0,0,13,12,0
28.1137,0,1961984,windows,0,3725,3490,25,0,0,0,0,0,0,13,12,0
28.3578,1,1881088,windows,0,3725,3490,25,0,0,0,0,0,0,13,12,0
28.366,0,1979392,windows,0,3725,3490,25,0,0,0,0,0,0,13,12,0
28.6126,1,1901568,windows,0,3725,3490,25,0,0,0,0,0,0,13,12,0
28.6174,0,1997824,windows,0,3725,3490,25,0,0,0,0,0,0,13,12,0
28.8636,1,1918976,windows,0,3725,3490,25,0,0,0,0,0,0,13,12,0
28.8822,0,2015232,windows,0,3725,3490,25,0,0,0,0,0,0,13,12,0
29.1148,1,1935360,windows,0,3725,3490,25,0,0,0,0,0,0,13,12,0
29.144,0,2033664,windows,0,3725,3490,25,0,0,0,0,0,0,13,12,0
29.381,1,1953792,windows,0,3725,3490,25,0,0,0,0,0,0,13,12,0
29.3947,0,2052096,windows,0,3725,3490,25,0,0,0,0,0,0,13,12,0
29.643,1,1971200,windows,0,3725,3490,25,0,0,0,0,0,0,13,12,0
29.6524,0,2069504,windows,0,3725,3490,25,0,0,0,0,0,0,13,12,0
29.9063,1,1989632,windows,0,3725,3490,25,0,0,0,0,0,0,13,12,0
29.9125,0,2089984,windows,0,3725,3490,25,0,0,0,0,0,0,13,12,0
30.1682,1,2007040,windows,0,3725,3490,25,0,0,0,0,0,0,13,12,0
30.1717,0,2108416,windows,0,3725,3490,25,0,0,0,0,0,0,13,12,0
30.4244,1,2024448,windows,0,3725,3490,25,0,0,0,0,0,0,13,12,0
30.4279,0,2126848,windows,0,3725,3490,25,0,0,0,0,0,0,13,12,0
30.6764,1,2041856,windows,0,3725,3490,25,0,0,0,0,0,0,13,12,0
30.6808,0,2145280,windows,0,3725,3490,25,0,0,0,0,0,0,13,12,0
30.9344,1,2060288,windows,0,3725,3490,25,0,0,0,0,0,0,13,12,0
30.9434,0,2164736,windows,0,3725,3490,25,0,0,0,0,0,0,13,12,0
31.1937,1,2077696,windows,0,3725,3490,25,0,0,0,0,0,0,13,12,0
31.2042,0,2182144,windows,0,3725,3490,25,0,0,0,0,0,0,13,12,0
31.4562,1,2096128,windows,0,3725,3490,25,0,0,0,0,0,0,13,12,0
31.4644,0,2200576,windows,0,3725,3490,25,0,0,0,0,0,0,13,12,0
31.7136,1,2112512,windows,0,3725,3490,25,0,0,0,0,0,0,13,12,0
31.7243,0,2217984,windows,0,3725,3490,25,0,0,0,0,0,0,13,12,0
31.9758,1,2130944,windows,0,3725,3490,25,0,0,0,0,0,0,13,12,0
31.989,0,2235392,windows,0,3725,3490,25,0,0,0,0,0,0,13,12,0
32.2335,1,2148352,windows,0,3725,3490,25,0,0,0,0,0,0,13,12,0
32.2504,0,2253824,windows,0,3725,3490,25,0,0,0,0,0,0,13,12,0
32.4972,1,2165760,windows,0,3725,3490,25,0,0,0,0,0,0,13,12,0
32.5111,0,2271232,repair,0,3725,3490,25,0,0,0,0,0,0,13,12,0
32.7493,1,2183168,windows,0,3725,3490,25,0,0,0,0,0,0,13,12,0
32.7745,0,2288640,repair,0,3725,3490,25,0,0,0,0,0,0,13,12,0
33.0021,1,2200576,windows,0,3725,3490,25,0,0,0,0,0,0,13,12,0
33.0391,0,2307072,windows,0,3725,3490,25,0,0,0,0,0,0,13,12,0
33.2555,1,2217984,windows,0,3725,3490,25,0,0,0,0,0,0,13,12,0
33.3007,0,2325504,windows,0,3725,3490,25,0,0,0,0,0,0,13,12,0
33.5085,1,2235392,windows,0,3725,3490,25,0,0,0,0,0,0,13,12,0
33.5555,0,2342912,windows,0,3725,3490,25,0,0,0,0,0,0,13,12,0
33.7686,1,2252800,windows,0,3725,3490,25,0,0,0,0,0,0,13,12,0
33.8232,0,2360320,windows,0,3725,3490,25,0,0,0,0,0,0,13,12,0
34.0243,1,2270208,windows,0,3725,3490,25,0,0,0,0,0,0,13,12,0
34.086,0,2376704,windows,0,3725,3490,25,0,0,0,0,0,0,13,12,0
34.2771,1,2288640,windows,0,3725,3490,25,0,0,0,0,0,0,13,12,0
34.3456,0,2396160,windows,0,3725,3490,25,0,0,0,0,0,0,13,12,0
34.535,1,2308096,windows,0,3725,3490,25,0,0,0,0,0,0,13,12,0
34.6073,0,2415616,windows,0,3725,3490,25,0,0,0,0,0,0,13,12,0
34.7916,1,2327552,windows,0,3725,3490,25,0,0,0,0,0,0,13,12,0
34.8675,0,2434048,windows,0,3725,3490,25,0,0,0,0,0,0,13,12,0
35.046,1,2347008,windows,0,3725,3490,25,0,0,0,0,0,0,13,12,0
35.1267,0,2452480,windows,0,3725,3490,25,0,0,0,0,0,0,13,12,0
35.301,1,2366464,windows,0,3725,3490,25,0,0,0,0,0,0,13,12,0
35.3807,0,2469888,windows,0,3725,3490,25,0,0,0,0,0,0,13,12,0
35.5521,1,2384896,windows,0,3725,3490,25,0,0,0,0,0,0,13,12,0
35.64,0,2485248,windows,0,3725,3490,25,0,0,0,0,0,0,13,12,0
35.8082,1,2402304,repair,0,3725,3490,25,0,0,0,0,0,0,13,12,0
35.9043,0,2501632,windows,0,3725,3490,25,0,0,0,0,0,0,13,12,0
36.0676,1,2422784,windows,0,3725,3490,25,0,0,0,0,0,0,13,12,0
36.163,0,2516992,windows,0,3725,3490,25,0,0,0,0,0,0,13,12,0
36.321,1,2441216,windows,0,3725,3490,25,0,0,0,0,0,0,13,12,0
36.4245,0,2532352,windows,0,3725,3490,25,0,0,0,0,0,0,13,12,0
36.5845,1,2458624,windows,0,3725,3490,25,0,0,0,0,0,0,13,12,0
36.6857,0,2547712,windows,0,3725,3490,25,0,0,0,0,0,0,13,12,0
36.8451,1,2476032,windows,0,3725,3490,25,0,0,0,0,0,0,13,12,0
36.9466,0,2563072,repair,0,3725,3490,25,0,0,0,0,0,0,13,12,0
37.1009,1,2493440,windows,0,3725,3490,25,0,0,0,0,0,0,13,12,0
37.198,0,2581504,repair,0,3725,3490,25,0,0,0,0,0,0,13,12,0
37.3579,1,2510848,windows,0,3725,3490,25,0,0,0,0,0,0,13,12,0
37.4613,0,2600960,windows,0,3725,3490,25,0,0,0,0,0,0,13,12,0
37.6121,1,2527232,windows,0,3725,3490,25,0,0,0,0,0,0,13,12,0
37.7119,0,2618368,windows,0,3725,3490,25,0,0,0,0,0,0,13,12,0
37.8674,1,2542592,windows,0,3725,3490,25,0,0,0,0,0,0,13,12,0
37.9686,0,2635776,windows,0,3725,3490,25,0,0,0,0,0,0,13,12,0
38.1264,1,2558976,windows,0,3725,3490,25,0,0,0,0,0,0,13,12,0
38.2274,0,2653184,windows,0,3725,3490,25,0,0,0,0,0,0,13,12,0
38.3905,1,2577408,windows,0,3725,3490,25,0,0,0,0,0,0,13,12,0
38.4907,0,2671616,windows,0,3725,3490,25,0,0,0,0,0,0,13,12,0
38.6484,1,2593792,windows,0,3725,3490,25,0,0,0,0,0,0,13,12,0
38.751,0,2688000,windows,0,3725,3490,25,0,0,0,0,0,0,13,12,0
38.9012,1,2611200,windows,0,3725,3490,25,0,0,0,0,0,0,13,12,0
39.0058,0,2705408,windows,0,3725,3490,25,0,0,0,0,0,0,13,12,0
39.161,1,2630656,windows,0,3725,3490,25,0,0,0,0,0,0,13,12,0
39.2688,0,2724864,windows,0,3725,3490,25,0,0,0,0,0,0,13,12,0
39.4223,1,2651136,repair,273,5.82533e+07,5.82436e+07,3408,19,45,54,102,53,0,1935,1370,103
39.5202,0,2743296,windows,0,3725,3490,25,0,0,0,0,0,0,13,12,0
39.6735,1,2670592,repair,172,6.07872e+07,6.07872e+07,3470,9,30,29,67,37,0,1959,1426,85
39.7798,0,2761728,windows,0,3725,3490,25,0,0,0,0,0,0,13,12,0
39.9262,1,2691072,repair,108,4.93813e+07,4.93698e+07,3191,7,20,22,35,24,0,1855,1260,76
40.0414,0,2780160,windows,0,3725,3490,25,0,0,0,0,0,0,13,12,0
40.1825,1,2712576,repair,54,4.0481e+07,4.04696e+07,2957,4,7,9,22,12,0,1761,1111,85
40.2994,0,2799616,repair,341,7.29411e+07,7.28958e+07,3741,23,79,55,126,58,0,2050,1561,130
40.4377,1,2733056,repair,26,2.9859e+07,2.98324e+07,2542,0,3,5,15,3,0,1524,951,67
40.5562,0,2822144,repair,220,5.81736e+07,5.81736e+07,3374,13,29,43,96,39,0,1866,1400,108
40.691,1,2752512,repair,8,2.54995e+07,2.54902e+07,2408,0,1,0,4,3,0,1518,833,57
40.8171,0,2843648,repair,146,4.77475e+07,4.77475e+07,3082,7,34,26,58,21,0,1714,1270,98
40.9417,1,2771968,repair,1,1.80551e+07,1.80551e+07,2052,0,0,0,1,0,0,1333,675,44
41.0738,0,2866176,repair,80,4.26529e+07,4.26208e+07,2963,5,12,13,33,17,0,1677,1186,100
41.1975,1,2791424,windows,0,1.17252e+07,1.17137e+07,1659,0,0,0,0,0,0,1095,534,30
41.3265,0,2884608,repair,40,3.68885e+07,3.68885e+07,2748,3,5,4,18,10,0,1568,1104,76
41.46,1,2811904,windows,0,7.6438e+06,7.63837e+06,1356,0,0,0,0,0,0,908,418,30
41.5898,0,2903040,repair,15,2.98159e+07,2.97947e+07,2541,0,4,4,4,3,0,1516,953,72
41.719,1,2830336,windows,0,5.55445e+06,5.55041e+06,1170,0,0,0,0,0,0,808,337,25
41.8425,0,2920448,repair,2,2.43185e+07,2.42946e+07,2322,0,0,0,1,1,0,1418,841,63
41.9818,1,2848768,windows,0,3.9855e+06,3.98479e+06,980,0,0,0,0,0,0,653,303,24
42.0936,0,2937856,windows,0,1.75517e+07,1.75367e+07,2004,0,0,0,0,0,0,1278,683,43
42.2356,1,2865152,windows,0,2.93692e+06,2.92822e+06,848,0,0,0,0,0,0,567,256,25
42.3548,0,2954240,windows,0,1.19645e+07,1.19636e+07,1668,0,0,0,0,0,0,1089,548,31
42.4948,1,2883584,windows,0,2.14837e+06,2.14769e+06,728,0,0,0,0,0,0,488,217,23
42.6088,0,2972672,windows,0,7.98547e+06,7.98547e+06,1369,0,0,0,0,0,0,892,446,31
42.7505,1,2900992,windows,0,1.58116e+06,1.57913e+06,619,0,0,0,0,0,0,406,193,20
42.8646,0,2993152,windows,0,5.24131e+06,5.24045e+06,1103,0,0,0,0,0,0,704,370,29
43.0066,1,2918400,windows,0,1.15525e+06,1.1534e+06,539,0,0,0,0,0,0,370,152,17
43.1214,0,3012608,windows,0,3.6752e+06,3.66925e+06,937,0,0,0,0,0,0,613,298,26
43.2577,1,2934784,windows,0,905300,903711,474,0,0,0,0,0,0,318,140,16
43.3785,0,3032064,windows,0,2.61381e+06,2.61381e+06,808,0,0,0,0,0,0,564,225,19
43.5144,1,2951168,windows,0,682940,682940,415,0,0,0,0,0,0,284,117,14
43.6368,0,3050496,windows,0,1.85776e+06,1.85776e+06,686,0,0,0,0,0,0,477,188,21
43.775,1,2968576,windows,0,532255,530200,367,0,0,0,0,0,0,251,103,13
43.8912,0,3068928,windows,0,1.22596e+06,1.2222e+06,554,0,0,0,0,0,0,375,160,19
44.0328,1,2985984,windows,0,383495,382461,309,0,0,0,0,0,0,207,91,11
44.1476,0,3088384,windows,0,866105,861886,468,0,0,0,0,0,0,321,131,16
44.2955,1,3003392,windows,0,304145,303261,272,0,0,0,0,0,0,177,85,10
44.3981,0,3106816,windows,0,649195,649195,408,0,0,0,0,0,0,283,110,15
44.5511,1,3020800,windows,0,243970,241314,242,0,0,0,0,0,0,152,79,11
44.6534,0,3124224,windows,0,482215,482215,349,0,0,0,0,0,0,233,101,15
44.809,1,3040256,windows,0,198235,198235,220,0,0,0,0,0,0,139,70,11
44.913,0,3138560,windows,0,362075,359758,298,0,0,0,0,0,0,189,94,15
45.0628,1,3059712,windows,0,141670,139644,186,0,0,0,0,0,0,118,59,9
45.1641,0,3153920,windows,0,302005,300699,271,0,0,0,0,0,0,167,88,16
45.3155,1,3080192,windows,0,118565,118272,171,0,0,0,0,0,0,107,54,10
45.4147,0,3170304,windows,0,240245,239772,245,0,0,0,0,0,0,153,76,16
45.5736,1,3100672,windows,0,99005,97546.2,157,0,0,0,0,0,0,101,48,8
45.6705,0,3188736,windows,0,198280,196945,225,0,0,0,0,0,0,142,67,16
45.8293,1,3121152,windows,0,78485,77818.8,139,0,0,0,0,0,0,87,44,8
45.9229,0,3207168,windows,0,148450,147399,195,0,0,0,0,0,0,122,58,15
46.0795,1,3140608,windows,0,60465,59858.8,122,0,0,0,0,0,0,75,39,8
46.1763,0,3225600,windows,0,114950,114508,172,0,0,0,0,0,0,106,51,15
46.3428,1,3161088,windows,0,54505,53918.8,116,0,0,0,0,0,0,71,37,8
46.4368,0,3245056,windows,0,96140,95727.5,156,0,0,0,0,0,0,94,48,14
46.5976,1,3180544,windows,0,51645,51068.8,113,0,0,0,0,0,0,69,36,8
46.6986,0,3264512,windows,0,82460,82167.5,146,0,0,0,0,0,0,94,42,10
46.856,1,3200000,windows,0,43645,43412.5,103,0,0,0,0,0,0,61,34,8
46.9515,0,3283968,windows,0,63840,63547.5,127,0,0,0,0,0,0,78,39,10
47.1156,1,3218432,windows,0,40165,39257.5,97,0,0,0,0,0,0,55,34,8
47.2183,0,3304448,windows,0,50735,50472.5,113,0,0,0,0,0,0,69,35,9
47.3729,1,3237888,windows,0,38045,37137.5,93,0,0,0,0,0,0,51,34,8
47.4799,0,3324928,windows,0,45395,45132.5,106,0,0,0,0,0,0,63,34,9
47.6366,1,3257344,windows,0,37540,36632.5,92,0,0,0,0,0,0,50,34,8
47.737,0,3345408,windows,0,40455,40192.5,99,0,0,0,0,0,0,57,33,9
47.8962,1,3276800,windows,0,31925,31448.8,87,0,0,0,0,0,0,49,30,8
47.9885,0,3364864,windows,0,31645,31412.5,89,0,0,0,0,0,0,53,28,8
48.1575,1,3296256,windows,0,29335,29335,83,0,0,0,0,0,0,47,29,7
48.2502,0,3385344,windows,0,27545,27312.5,82,0,0,0,0,0,0,47,27,8
48.4214,1,3315712,windows,0,27970,27970,80,0,0,0,0,0,0,44,29,7
48.5118,0,3405824,windows,0,26180,25728.8,79,0,0,0,0,0,0,44,27,8
48.6802,1,3333120,windows,0,27970,27970,80,0,0,0,0,0,0,44,29,7
48.762,0,3425280,windows,0,24905,24672.5,76,0,0,0,0,0,0,41,27,8
48.936,1,3350528,windows,0,27535,26757.5,79,0,0,0,0,0,0,43,29,7
49.0153,0,3444736,windows,0,24105,23337.5,74,0,0,0,0,0,0,39,27,8
49.1872,1,3366912,windows,0,27110,26123.8,78,0,0,0,0,0,0,42,29,7
49.2688,0,3464192,windows,0,22375,22172.5,73,0,0,0,0,0,0,41,25,7
49.4424,1,3382272,windows,0,24670,23733.8,77,0,0,0,0,0,0,44,26,7
49.5304,0,3480576,windows,0,22375,22172.5,73,0,0,0,0,0,0,41,25,7
49.6965,1,3398656,windows,0,24235,23303.8,76,0,0,0,0,0,0,43,26,7
49.7883,0,3496960,windows,0,21575,21372.5,71,0,0,0,0,0,0,39,25,7
49.9468,1,3416064,windows,0,23810,22883.8,75,0,0,0,0,0,0,42,26,7
50.0434,0,3515392,windows,0,21575,21372.5,71,0,0,0,0,0,0,39,25,7
50.2003,1,3432448,windows,0,22375,21968.8,73,0,0,0,0,0,0,41,25,7
50.3037,0,3535872,windows,0,21190,20492.5,70,0,0,0,0,0,0,38,25,7
50.468,1,3448832,windows,0,21575,20683.8,71,0,0,0,0,0,0,39,25,7
50.5571,0,3556352,windows,0,20815,20117.5,69,0,0,0,0,0,0,37,25,7
50.7212,1,3466240,windows,0,21575,20683.8,71,0,0,0,0,0,0,39,25,7
50.8154,0,3577856,windows,0,18880,18707.5,67,0,0,0,0,0,0,38,23,6
50.9729,1,3482624,windows,0,21190,20303.8,70,0,0,0,0,0,0,38,25,7
51.0712,0,3598336,windows,0,18140,17967.5,65,0,0,0,0,0,0,36,23,6
51.2296,1,3501056,windows,0,20815,19933.8,69,0,0,0,0,0,0,37,25,7
51.3336,0,3619840,windows,0,17440,17267.5,63,0,0,0,0,0,0,34,23,6
51.493,1,3518464,windows,0,20815,19933.8,69,0,0,0,0,0,0,37,25,7
51.5877,0,3640320,windows,0,16465,16292.5,60,0,0,0,0,0,0,31,23,6
51.7569,1,3536896,windows,0,18880,18252.5,67,0,0,0,0,0,0,38,23,6
51.8386,0,3660800,windows,0,15865,15692.5,58,0,0,0,0,0,0,29,23,6
52.0092,1,3554304,windows,0,18760,18587.5,68,0,0,0,0,0,0,40,22,6
52.0976,0,3682304,windows,0,15580,15407.5,57,0,0,0,0,0,0,28,23,6
52.27,1,3574784,windows,0,14960,14668.8,60,0,0,0,0,0,0,36,20,4
52.351,0,3702784,windows,0,15305,15132.5,56,0,0,0,0,0,0,27,23,6
52.5249,1,3595264,windows,0,14545,14432.5,60,0,0,0,0,0,0,37,19,4
52.6024,0,3722240,windows,0,14405,13797.5,55,0,0,0,0,0,0,27,22,6
52.7879,1,3615744,windows,0,14180,14067.5,59,0,0,0,0,0,0,36,19,4
52.8528,0,3742720,windows,0,11905,11530,52,0,0,0,0,0,0,29,19,4
53.0405,1,3637248,windows,0,13145,12868.8,56,0,0,0,0,0,0,33,19,4
53.1045,0,3763200,windows,0,11620,11106.2,51,0,0,0,0,0,0,28,19,4
53.2911,1,3655680,windows,0,12820,12707.5,55,0,0,0,0,0,0,32,19,4
53.3663,0,3784704,windows,0,11620,11106.2,51,0,0,0,0,0,0,28,19,4
53.5512,1,3675136,windows,0,12820,12707.5,55,0,0,0,0,0,0,32,19,4
53.6175,0,3805184,windows,0,10825,10450,48,0,0,0,0,0,0,25,19,4
53.8087,1,3694592,windows,0,12505,11863.8,54,0,0,0,0,0,0,31,19,4
53.8686,0,3825664,windows,0,10825,10450,48,0,0,0,0,0,0,25,19,4
54.0719,1,3710976,windows,0,12200,11563.8,53,0,0,0,0,0,0,30,19,4
54.1238,0,3846144,windows,0,10345,10231.2,46,0,0,0,0,0,0,23,19,4
54.3356,1,3729408,windows,0,11905,11273.8,52,0,0,0,0,0,0,29,19,4
54.3815,0,3866624,windows,0,10345,10231.2,46,0,0,0,0,0,0,23,19,4
54.5983,1,3747840,windows,0,10760,10498.8,51,0,0,0,0,0,0,30,17,4
54.6385,0,3887104,windows,0,10120,9745,45,0,0,0,0,0,0,22,19,4
54.8535,1,3765248,windows,0,10550,9983.75,50,0,0,0,0,0,0,30,17,3
54.8982,0,3905536,windows,0,10120,9745,45,0,0,0,0,0,0,22,19,4
55.1049,1,3783680,windows,0,10195,9643.75,50,0,0,0,0,0,0,31,16,3
55.1496,0,3921920,windows,0,10120,9745,45,0,0,0,0,0,0,22,19,4
55.3683,1,3803136,windows,0,9595,9197.5,48,0,0,0,0,0,0,29,16,3
55.4094,0,3939328,windows,0,10120,9745,45,0,0,0,0,0,0,22,19,4
55.6318,1,3822592,windows,0,9425,9130,48,0,0,0,0,0,0,31,15,2
55.6638,0,3957760,windows,0,10120,9745,45,0,0,0,0,0,0,22,19,4
55.8826,1,3842048,windows,0,9120,8676.25,47,0,0,0,0,0,0,30,15,2
55.9235,0,3977216,windows,0,10120,9745,45,0,0,0,0,0,0,22,19,4
56.1338,1,3860480,windows,0,9120,8676.25,47,0,0,0,0,0,0,30,15,2
56.1854,0,3996672,windows,0,9025,9025,44,0,0,0,0,0,0,25,17,2
56.3922,1,3879936,windows,0,9120,8676.25,47,0,0,0,0,0,0,30,15,2
56.4424,0,4015104,windows,0,9025,9025,44,0,0,0,0,0,0,25,17,2
56.654,1,3900416,windows,0,8540,8245,45,0,0,0,0,0,0,28,15,2
56.6987,0,4031488,windows,0,8780,8445,43,0,0,0,0,0,0,24,17,2
56.9046,1,3918848,windows,0,8540,8245,45,0,0,0,0,0,0,28,15,2
56.9584,0,4047872,windows,0,8275,7960,42,0,0,0,0,0,0,25,16,1
57.1567,1,3938304,windows,0,8265,7836.25,44,0,0,0,0,0,0,27,15,2
57.2158,0,4064256,windows,0,8030,7715,41,0,0,0,0,0,0,24,16,1
57.4207,1,3957760,windows,0,8000,7705,43,0,0,0,0,0,0,26,15,2
57.4708,0,4080640,windows,0,8030,7715,41,0,0,0,0,0,0,24,16,1
57.6754,1,3975168,windows,0,8000,7705,43,0,0,0,0,0,0,26,15,2
57.7286,0,4097024,windows,0,7570,7255,39,0,0,0,0,0,0,22,16,1
57.9275,1,3994624,windows,0,7420,7420,42,0,0,0,0,0,0,26,14,2
57.9837,0,4114432,windows,0,7150,6835,37,0,0,0,0,0,0,20,16,1
58.18,1,4015104,windows,0,7420,7420,42,0,0,0,0,0,0,26,14,2
58.2428,0,4132864,windows,0,7150,6835,37,0,0,0,0,0,0,20,16,1
58.4377,1,4035584,windows,0,7420,7420,42,0,0,0,0,0,0,26,14,2
58.4962,0,4151296,windows,0,7150,6835,37,0,0,0,0,0,0,20,16,1
58.7011,1,4055040,windows,0,6790,6535,40,0,0,0,0,0,0,26,13,1
58.7473,0,4169728,windows,0,7150,6835,37,0,0,0,0,0,0,20,16,1
58.9621,1,4072448,windows,0,6535,6280,39,0,0,0,0,0,0,25,13,1
59.0038,0,4190208,windows,0,7150,6835,37,0,0,0,0,0,0,20,16,1
59.2224,1,4090880,windows,0,6535,6280,39,0,0,0,0,0,0,25,13,1
59.2587,0,4211712,windows,0,3725,3490,25,0,0,0,0,0,0,13,12,0
59.4772,1,4108288,windows,0,6055,5800,37,0,0,0,0,0,0,23,13,1
59.5112,0,4232192,windows,0,3725,3490,25,0,0,0,0,0,0,13,12,0
59.731,1,4126720,windows,0,6055,5800,37,0,0,0,0,0,0,23,13,1
59.7727,0,4253696,windows,0,3725,3490,25,0,0,0,0,0,0,13,12,0
59.9842,1,4144128,windows,0,6055,5800,37,0,0,0,0,0,0,23,13,1
60.0286,0,4275200,windows,0,3725,3490,25,0,0,0,0,0,0,13,12,0
60.2436,1,4160512,windows,0,6055,5800,37,0,0,0,0,0,0,23,13,1
60.2856,0,4293632,windows,0,3725,3490,25,0,0,0,0,0,0,13,12,0
60.4992,1,4176896,windows,0,3725,3490,25,0,0,0,0,0,0,13,12,0
60.5382,0,4312064,windows,0,3725,3490,25,0,0,0,0,0,0,13,12,0
60.7518,1,4193280,windows,0,3600,3365,24,0,0,0,0,0,0,12,12,0
60.7973,0,4331520,windows,0,3725,3490,25,0,0,0,0,0,0,13,12,0
61.0061,1,4208640,windows,0,3600,3365,24,0,0,0,0,0,0,12,12,0
61.0516,0,4349952,windows,0,3725,3490,25,0,0,0,0,0,0,13,12,0
61.2608,1,4225024,windows,0,3600,3365,24,0,0,0,0,0,0,12,12,0
61.3024,0,4369408,windows,0,3725,3490,25,0,0,0,0,0,0,13,12,0
61.5143,1,4240384,windows,0,3600,3365,24,0,0,0,0,0,0,12,12,0
61.5625,0,4388864,windows,0,3725,3490,25,0,0,0,0,0,0,13,12,0
61.7688,1,4256768,windows,0,3600,3365,24,0,0,0,0,0,0,12,12,0
61.8203,0,4408320,windows,0,3725,3490,25,0,0,0,0,0,0,13,12,0
62.0321,1,4274176,windows,0,3600,3365,24,0,0,0,0,0,0,12,12,0
62.0716,0,4427776,windows,0,3725,3490,25,0,0,0,0,0,0,13,12,0
62.2919,1,4289536,windows,0,3600,3365,24,0,0,0,0,0,0,12,12,0
62.325,0,4446208,windows,0,3725,3490,25,0,0,0,0,0,0,13,12,0
62.5523,1,4305920,windows,0,3600,3365,24,0,0,0,0,0,0,12,12,0
62.5767,0,4465664,windows,0,3725,3490,25,0,0,0,0,0,0,13,12,0
62.8075,1,4322304,windows,0,3600,3365,24,0,0,0,0,0,0,12,12,0
62.8297,0,4486144,windows,0,3600,3365,24,0,0,0,0,0,0,12,12,0
63.0715,1,4339712,windows,0,3600,3365,24,0,0,0,0,0,0,12,12,0
63.0898,0,4505600,windows,0,3600,3365,24,0,0,0,0,0,0,12,12,0
63.3226,1,4356096,windows,0,3600,3365,24,0,0,0,0,0,0,12,12,0
63.3456,0,4526080,windows,0,3600,3365,24,0,0,0,0,0,0,12,12,0
63.5772,1,4372480,windows,0,3600,3365,24,0,0,0,0,0,0,12,12,0
63.5962,0,4546560,windows,0,3600,3365,24,0,0,0,0,0,0,12,12,0
63.8397,1,4389888,windows,0,3600,3365,24,0,0,0,0,0,0,12,12,0
63.8479,0,4568064,windows,0,3600,3365,24,0,0,0,0,0,0,12,12,0
64.092,1,4405248,windows,0,3600,3365,24,0,0,0,0,0,0,12,12,0
64.1042,0,4587520,windows,0,3600,3365,24,0,0,0,0,0,0,12,12,0
64.3507,1,4422656,windows,0,3600,3365,24,0,0,0,0,0,0,12,12,0
64.3607,0,4608000,windows,0,3600,3365,24,0,0,0,0,0,0,12,12,0
64.6054,1,4439040,windows,0,3600,3365,24,0,0,0,0,0,0,12,12,0
64.6193,0,4626432,windows,0,3600,3365,24,0,0,0,0,0,0,12,12,0
64.8662,1,4455424,windows,0,3600,3365,24,0,0,0,0,0,0,12,12,0
64.8767,0,4642816,repair,0,3600,3365,24,0,0,0,0,0,0,12,12,0
65.1175,1,4471808,windows,0,3600,3365,24,0,0,0,0,0,0,12,12,0
65.1355,0,4661248,windows,0,3600,3365,24,0,0,0,0,0,0,12,12,0
65.3716,1,4488192,repair,0,3600,3365,24,0,0,0,0,0,0,12,12,0
65.4024,0,4678656,windows,0,3600,3365,24,0,0,0,0,0,0,12,12,0
65.6217,1,4504576,windows,0,3600,3365,24,0,0,0,0,0,0,12,12,0
65.6602,0,4696064,windows,0,3600,3365,24,0,0,0,0,0,0,12,12,0
65.8774,1,4520960,windows,0,3600,3365,24,0,0,0,0,0,0,12,12,0
65.9169,0,4712448,windows,0,3600,3365,24,0,0,0,0,0,0,12,12,0
66.1326,1,4537344,windows,0,3600,3365,24,0,0,0,0,0,0,12,12,0
66.1729,0,4728832,windows,0,3600,3365,24,0,0,0,0,0,0,12,12,0
66.3872,1,4553728,windows,0,3600,3365,24,0,0,0,0,0,0,12,12,0
66.4313,0,4746240,windows,0,3600,3365,24,0,0,0,0,0,0,12,12,0
66.6582,1,4570112,windows,0,3600,3365,24,0,0,0,0,0,0,12,12,0
66.6824,0,4762624,windows,0,3600,3365,24,0,0,0,0,0,0,12,12,0
66.9132,1,4586496,windows,0,3600,3365,24,0,0,0,0,0,0,12,12,0
66.9327,0,4780032,windows,0,3600,3365,24,0,0,0,0,0,0,12,12,0
67.1671,1,4602880,windows,0,3600,3365,24,0,0,0,0,0,0,12,12,0
67.187,0,4797440,windows,0,3600,3365,24,0,0,0,0,0,0,12,12,0
67.4272,1,4623360,windows,0,3600,3365,24,0,0,0,0,0,0,12,12,0
67.4379,0,4814848,windows,0,3600,3365,24,0,0,0,0,0,0,12,12,0
67.6864,1,4641792,windows,0,3600,3365,24,0,0,0,0,0,0,12,12,0
67.7006,0,4833280,windows,0,3600,3365,24,0,0,0,0,0,0,12,12,0
67.9492,1,4660224,windows,0,3600,3365,24,0,0,0,0,0,0,12,12,0
67.9562,0,4851712,repair,0,3600,3365,24,0,0,0,0,0,0,12,12,0
68.2116,1,4678656,windows,0,3600,3365,24,0,0,0,0,0,0,12,12,0
68.2196,0,4869120,repair,0,3600,3365,24,0,0,0,0,0,0,12,12,0
68.4651,1,4694016,windows,0,3600,3365,24,0,0,0,0,0,0,12,12,0
68.4721,0,4886528,windows,0,3600,3365,24,0,0,0,0,0,0,12,12,0
68.7222,0,4902912,windows,0,3600,3365,24,0,0,0,0,0,0,12,12,0
68.7285,1,4710400,windows,0,3600,3365,24,0,0,0,0,0,0,12,12,0
68.9779,0,4919296,windows,0,3600,3365,24,0,0,0,0,0,0,12,12,0
68.9855,1,4726784,windows,0,3600,3365,24,0,0,0,0,0,0,12,12,0
69.2361,0,4937728,windows,0,3600,3365,24,0,0,0,0,0,0,12,12,0
69.2472,1,4744192,windows,0,3600,3365,24,0,0,0,0,0,0,12,12,0
69.494,0,4956160,windows,0,3600,3365,24,0,0,0,0,0,0,12,12,0
69.5071,1,4765696,repair,0,3600,3365,24,0,0,0,0,0,0,12,12,0
69.7579,1,4786176,windows,0,3600,3365,24,0,0,0,0,0,0,12,12,0
69.7594,0,4972544,windows,0,3600,3365,24,0,0,0,0,0,0,12,12,0
70.0141,1,4806656,windows,0,3600,3365,24,0,0,0,0,0,0,12,12,0
70.0211,0,4988928,windows,0,3600,3365,24,0,0,0,0,0,0,12,12,0
70.2657,1,4826112,windows,0,3600,3365,24,0,0,0,0,0,0,12,12,0
70.2741,0,5005312,windows,0,3600,3365,24,0,0,0,0,0,0,12,12,0
70.5171,1,4845568,windows,0,3600,3365,24,0,0,0,0,0,0,12,12,0
70.5331,0,5021696,windows,0,3600,3365,24,0,0,0,0,0,0,12,12,0
70.7721,1,4861952,windows,0,3600,3365,24,0,0,0,0,0,0,12,12,0
70.7837,0,5037056,windows,0,3600,3365,24,0,0,0,0,0,0,12,12,0
71.0343,1,4877312,windows,0,3600,3365,24,0,0,0,0,0,0,12,12,0
71.0413,0,5052416,windows,0,3600,3365,24,0,0,0,0,0,0,12,12,0
71.2926,0,5067776,windows,0,3600,3365,24,0,0,0,0,0,0,12,12,0
71.2948,1,4893696,windows,0,3600,3365,24,0,0,0,0,0,0,12,12,0
71.5478,0,5084160,windows,0,3600,3365,24,0,0,0,0,0,0,12,12,0
71.5586,1,4909056,windows,0,3600,3365,24,0,0,0,0,0,0,12,12,0
71.8095,0,5100544,windows,0,3600,3365,24,0,0,0,0,0,0,12,12,0
71.822,1,4925440,windows,0,3600,3365,24,0,0,0,0,0,0,12,12,0
72.067,0,5116928,windows,0,3600,3365,24,0,0,0,0,0,0,12,12,0
72.089,1,4941824,windows,0,3600,3365,24,0,0,0,0,0,0,12,12,0
72.3202,0,5132288,windows,0,3600,3365,24,0,0,0,0,0,0,12,12,0
72.3442,1,4957184,windows,0,3600,3365,24,0,0,0,0,0,0,12,12,0
72.5829,0,5148672,windows,0,3600,3365,24,0,0,0,0,0,0,12,12,0
72.5992,1,4972544,windows,0,3600,3365,24,0,0,0,0,0,0,12,12,0
72.8415,0,5164032,windows,0,3600,3365,24,0,0,0,0,0,0,12,12,0
72.855,1,4988928,windows,0,3600,3365,24,0,0,0,0,0,0,12,12,0
73.0917,0,5179392,repair,0,3600,3365,24,0,0,0,0,0,0,12,12,0
73.1152,1,5006336,windows,0,3600,3365,24,0,0,0,0,0,0,12,12,0
73.3518,0,5197824,repair,0,3600,3365,24,0,0,0,0,0,0,12,12,0
73.3692,1,5022720,repair,0,3600,3365,24,0,0,0,0,0,0,12,12,0
73.6173,0,5215232,windows,0,3600,3365,24,0,0,0,0,0,0,12,12,0
73.6196,1,5039104,windows,0,3600,3365,24,0,0,0,0,0,0,12,12,0
73.8701,1,5054464,windows,0,3600,3365,24,0,0,0,0,0,0,12,12,0
73.8817,0,5232640,windows,0,3600,3365,24,0,0,0,0,0,0,12,12,0
74.1262,1,5070848,windows,0,3600,3365,24,0,0,0,0,0,0,12,12,0
74.1357,0,5249024,windows,0,3600,3365,24,0,0,0,0,0,0,12,12,0
74.3868,1,5087232,windows,0,3600,3365,24,0,0,0,0,0,0,12,12,0
74.393,0,5266432,windows,0,3600,3365,24,0,0,0,0,0,0,12,12,0
74.6544,1,5103616,windows,0,3600,3365,24,0,0,0,0,0,0,12,12,0
74.6554,0,5285888,windows,0,3600,3365,24,0,0,0,0,0,0,12,12,0
74.908,0,5306368,windows,0,3600,3365,24,0,0,0,0,0,0,12,12,0
74.9168,1,5120000,windows,0,3600,3365,24,0,0,0,0,0,0,12,12,0
75.1681,0,5326848,windows,0,3600,3365,24,0,0,0,0,0,0,12,12,0
75.1728,1,5136384,windows,0,3600,3365,24,0,0,0,0,0,0,12,12,0
75.4263,0,5345280,windows,0,3600,3365,24,0,0,0,0,0,0,12,12,0
75.4356,1,5152768,windows,0,3600,3365,24,0,0,0,0,0,0,12,12,0
75.6769,0,5364736,windows,0,3600,3365,24,0,0,0,0,0,0,12,12,0
75.7004,1,5169152,windows,0,3600,3365,24,0,0,0,0,0,0,12,12,0
75.9322,0,5386240,windows,0,3600,3365,24,0,0,0,0,0,0,12,12,0
75.952,1,5185536,windows,0,3600,3365,24,0,0,0,0,0,0,12,12,0
76.1827,0,5404672,windows,0,3600,3365,24,0,0,0,0,0,0,12,12,0
76.2134,1,5202944,windows,0,3600,3365,24,0,0,0,0,0,0,12,12,0
76.4408,0,5422080,windows,0,3600,3365,24,0,0,0,0,0,0,12,12,0
76.4746,1,5220352,windows,0,3600,3365,24,0,0,0,0,0,0,12,12,0
76.6963,0,5440512,windows,0,3600,3365,24,0,0,0,0,0,0,12,12,0
76.7353,1,5237760,windows,0,3600,3365,24,0,0,0,0,0,0,12,12,0
76.9466,0,5457920,repair,0,3600,3365,24,0,0,0,0,0,0,12,12,0
76.9918,1,5256192,windows,0,3600,3365,24,0,0,0,0,0,0,12,12,0
77.2077,0,5478400,windows,0,3600,3365,24,0,0,0,0,0,0,12,12,0
77.2434,1,5272576,windows,0,3600,3365,24,0,0,0,0,0,0,12,12,0
77.4637,0,5498880,windows,0,3600,3365,24,0,0,0,0,0,0,12,12,0
77.5082,1,5289984,windows,0,3600,3365,24,0,0,0,0,0,0,12,12,0
77.7158,0,5517312,windows,0,3600,3365,24,0,0,0,0,0,0,12,12,0
77.7655,1,5307392,windows,0,3600,3365,24,0,0,0,0,0,0,12,12,0
77.9697,0,5532672,windows,0,3600,3365,24,0,0,0,0,0,0,12,12,0
78.0227,1,5325824,windows,0,3600,3365,24,0,0,0,0,0,0,12,12,0
78.2334,0,5549056,windows,0,3600,3365,24,0,0,0,0,0,0,12,12,0
78.2766,1,5343232,windows,0,3600,3365,24,0,0,0,0,0,0,12,12,0
78.4853,0,5565440,windows,0,3600,3365,24,0,0,0,0,0,0,12,12,0
78.5349,1,5360640,windows,0,3600,3365,24,0,0,0,0,0,0,12,12,0
78.7483,0,5580800,windows,0,3600,3365,24,0,0,0,0,0,0,12,12,0
78.7873,1,5377024,repair,0,3600,3365,24,0,0,0,0,0,0,12,12,0
79.014,0,5597184,windows,0,3600,3365,24,0,0,0,0,0,0,12,12,0
79.0421,1,5394432,windows,0,3600,3365,24,0,0,0,0,0,0,12,12,0
79.2699,0,5613568,windows,0,3600,3365,24,0,0,0,0,0,0,12,12,0
79.2998,1,5410816,windows,0,3600,3365,24,0,0,0,0,0,0,12,12,0
79.5236,0,5629952,windows,0,3600,3365,24,0,0,0,0,0,0,12,12,0
79.5662,1,5427200,windows,0,3600,3365,24,0,0,0,0,0,0,12,12,0
79.7758,0,5646336,windows,0,3600,3365,24,0,0,0,0,0,0,12,12,0
79.818,1,5443584,windows,0,3600,3365,24,0,0,0,0,0,0,12,12,0
80.0343,0,5662720,windows,0,3600,3365,24,0,0,0,0,0,0,12,12,0
80.0749,1,5459968,windows,0,3600,3365,24,0,0,0,0,0,0,12,12,0
80.2881,0,5679104,windows,0,3600,3365,24,0,0,0,0,0,0,12,12,0
80.3294,1,5476352,windows,0,3600,3365,24,0,0,0,0,0,0,12,12,0
80.5404,0,5695488,repair,328,6.86084e+07,6.85986e+07,3625,24,59,61,118,66,0,1970,1521,134
80.5933,1,5492736,windows,0,3600,3365,24,0,0,0,0,0,0,12,12,0
80.7988,0,5715968,repair,215,6.55852e+07,6.55544e+07,3481,16,31,35,89,44,0,1821,1540,120
80.845,1,5508096,windows,0,3600,3365,24,0,0,0,0,0,0,12,12,0
81.0565,0,5735424,repair,148,5.56891e+07,5.56496e+07,3384,5,30,30,53,30,0,1943,1342,99
81.1015,1,5524480,windows,0,3600,3365,24,0,0,0,0,0,0,12,12,0
81.321,0,5754880,repair,93,4.30072e+07,4.30048e+07,2997,7,17,13,41,15,0,1750,1168,79
81.3635,1,5540864,windows,0,3600,3365,24,0,0,0,0,0,0,12,12,0
81.5833,0,5774336,repair,47,4.15557e+07,4.15557e+07,2922,2,2,3,28,12,0,1686,1164,72
81.6222,1,5557248,windows,0,3600,3365,24,0,0,0,0,0,0,12,12,0
81.8476,0,5793792,repair,24,3.09795e+07,3.0958e+07,2577,1,5,2,10,6,0,1535,976,66
81.8772,1,5572608,windows,0,3600,3365,24,0,0,0,0,0,0,12,12,0
82.111,0,5812224,repair,6,2.68206e+07,2.68118e+07,2417,0,2,0,4,0,0,1482,888,47
82.137,1,5588992,windows,0,3600,3365,24,0,0,0,0,0,0,12,12,0
82.3617,0,5828608,windows,0,1.95837e+07,1.95754e+07,2127,0,0,0,0,0,0,1358,717,52
82.3969,1,5605376,windows,0,3600,3365,24,0,0,0,0,0,0,12,12,0
82.6279,0,5844992,windows,0,1.27871e+07,1.27756e+07,1716,0,0,0,0,0,0,1099,579,38
82.6714,1,5621760,repair,523,2.09221e+07,2.09132e+07,1465,4,9,23,310,177,0,906,447,112
82.8791,0,5860352,windows,0,9.4615e+06,9.45651e+06,1514,0,0,0,0,0,0,998,470,46
82.9233,1,5641216,repair,278,6.34294e+07,6.33872e+07,3493,18,58,46,109,47,0,1916,1464,113
83.1386,0,5875712,windows,0,7.2577e+06,7.2577e+06,1331,0,0,0,0,0,0,899,399,33
83.1837,1,5661696,repair,184,5.37854e+07,5.3782e+07,3316,10,32,28,73,41,0,1882,1320,114
83.3889,0,5890048,windows,0,5.27978e+06,5.27162e+06,1120,0,0,0,0,0,0,727,361,32
83.4405,1,5681152,repair,116,4.99563e+07,4.99538e+07,3220,5,13,17,53,28,0,1877,1260,83
83.6391,0,5904384,windows,0,4.01792e+06,4.01474e+06,978,0,0,0,0,0,0,636,314,28
83.702,1,5699584,repair,71,3.5905e+07,3.58969e+07,2747,3,9,10,28,21,0,1620,1061,66
83.894,0,5918720,windows,0,3.13644e+06,3.13272e+06,876,0,0,0,0,0,0,583,266,27
83.9644,1,5718016,repair,38,3.24242e+07,3.24038e+07,2592,2,7,5,16,8,0,1509,1022,61
84.1584,0,5934080,windows,0,2.43862e+06,2.43799e+06,785,0,0,0,0,0,0,551,213,21
84.2303,1,5734400,repair,14,3.35804e+07,3.35601e+07,2691,0,2,2,7,3,0,1609,1012,70
84.4139,0,5950464,windows,0,1.89576e+06,1.89513e+06,696,0,0,0,0,0,0,491,184,21
84.4809,1,5751808,repair,3,2.50609e+07,2.50368e+07,2368,0,0,0,3,0,0,1479,838,51
84.6725,0,5966848,windows,0,1.37647e+06,1.37386e+06,588,0,0,0,0,0,0,398,169,21
84.7442,1,5775360,repair,0,1.55714e+07,1.55714e+07,1873,0,0,0,0,0,0,1181,654,38
84.9227,0,5984256,windows,0,992255,991752,499,0,0,0,0,0,0,339,143,17
85.0031,1,5795840,windows,0,1.03729e+07,1.03679e+07,1555,0,0,0,0,0,0,1005,514,36
85.178,0,5999616,windows,0,764255,763752,441,0,0,0,0,0,0,301,123,17
85.2584,1,5814272,windows,0,7.13267e+06,7.12391e+06,1313,0,0,0,0,0,0,888,398,27
85.4422,0,6017024,windows,0,594845,592358,391,0,0,0,0,0,0,273,104,14
85.5154,1,5832704,windows,0,5.10186e+06,5.10105e+06,1105,0,0,0,0,0,0,731,347,27
85.7044,0,6035456,windows,0,378175,375958,303,0,0,0,0,0,0,197,95,11
85.7762,1,5851136,windows,0,3.48754e+06,3.48439e+06,927,0,0,0,0,0,0,629,273,25
85.9683,0,6055936,windows,0,272725,271250,263,0,0,0,0,0,0,179,74,10
86.0368,1,5869568,windows,0,2.51707e+06,2.50984e+06,793,0,0,0,0,0,0,544,226,23
86.2303,0,6075392,windows,0,204105,202989,232,0,0,0,0,0,0,165,57,10
86.2924,1,5884928,windows,0,1.94587e+06,1.93948e+06,697,0,0,0,0,0,0,472,202,23
86.4827,0,6093824,windows,0,162335,162072,205,0,0,0,0,0,0,141,55,9
86.5479,1,5900288,windows,0,1.49394e+06,1.49045e+06,612,0,0,0,0,0,0,417,175,20
86.7332,0,6112256,windows,0,110950,110688,168,0,0,0,0,0,0,110,49,9
86.7988,1,5914624,windows,0,1.13782e+06,1.13455e+06,543,0,0,0,0,0,0,388,137,18
86.995,0,6131712,windows,0,91425,91192.5,152,0,0,0,0,0,0,99,45,8
87.0659,1,5931008,windows,0,848045,848045,465,0,0,0,0,0,0,327,124,14
87.2585,0,6151168,windows,0,70670,69948.8,137,0,0,0,0,0,0,92,36,9
87.3188,1,5946368,windows,0,648175,645678,411,0,0,0,0,0,0,293,103,15
87.5183,0,6169600,windows,0,59170,57823.8,125,0,0,0,0,0,0,82,34,9
87.5779,1,5964800,windows,0,461755,460000,348,0,0,0,0,0,0,245,88,15
87.7689,0,6187008,windows,0,48015,47752.5,111,0,0,0,0,0,0,69,33,9
87.8334,1,5984256,windows,0,338120,335034,292,0,0,0,0,0,0,192,86,14
88.0277,0,6205440,windows,0,39380,38818.8,102,0,0,0,0,0,0,66,28,8
88.09,1,6003712,windows,0,237320,237320,247,0,0,0,0,0,0,166,69,12
88.2789,0,6223872,windows,0,36205,35668.8,97,0,0,0,0,0,0,61,28,8
88.3402,1,6023168,windows,0,188260,185954,221,0,0,0,0,0,0,148,61,12
88.5362,0,6243328,windows,0,33280,33047.5,92,0,0,0,0,0,0,56,28,8
88.5957,1,6042624,windows,0,148820,147452,199,0,0,0,0,0,0,136,51,12
88.795,0,6261760,windows,0,28015,27812.5,85,0,0,0,0,0,0,53,25,7
88.8506,1,6063104,windows,0,96755,95800,156,0,0,0,0,0,0,97,48,11
89.0596,0,6281216,windows,0,26510,26307.5,83,0,0,0,0,0,0,52,24,7
89.1083,1,6083584,windows,0,73915,73461.2,140,0,0,0,0,0,0,91,38,11
89.3128,0,6299648,windows,0,25195,24293.8,82,0,0,0,0,0,0,53,22,7
89.3724,1,6103040,windows,0,63085,62691.2,127,0,0,0,0,0,0,79,38,10
89.5643,0,6319104,windows,0,22670,22467.5,77,0,0,0,0,0,0,48,22,7
89.6228,1,6119424,windows,0,57800,57800,122,0,0,0,0,0,0,76,36,10
89.8283,0,6337536,windows,0,20005,19397.5,71,0,0,0,0,0,0,43,22,6
89.8806,1,6135808,windows,0,51295,50296.2,117,0,0,0,0,0,0,77,31,9
90.086,0,6353920,windows,0,17995,17243.8,68,0,0,0,0,0,0,43,20,5
90.1334,1,6153216,windows,0,42355,41798.8,106,0,0,0,0,0,0,71,28,7
90.3404,0,6369280,windows,0,17570,17427.5,66,0,0,0,0,0,0,40,21,5
90.3917,1,6171648,windows,0,36530,36008.8,98,0,0,0,0,0,0,64,27,7
90.5984,0,6388736,windows,0,16790,16647.5,66,0,0,0,0,0,0,42,19,5
90.6493,1,6188032,windows,0,32870,32132.5,92,0,0,0,0,0,0,58,27,7
90.8609,0,6409216,windows,0,12820,12820,58,0,0,0,0,0,0,38,16,4
90.9146,1,6204416,windows,0,32275,31243.8,90,0,0,0,0,0,0,55,28,7
91.1133,0,6428672,windows,0,11105,10931.2,54,0,0,0,0,0,0,35,15,4
91.1758,1,6221824,windows,0,26585,26331.2,82,0,0,0,0,0,0,51,25,6
91.3716,0,6449152,windows,0,10425,10261.2,52,0,0,0,0,0,0,33,15,4
91.4297,1,6239232,windows,0,24120,23881.2,78,0,0,0,0,0,0,48,24,6
91.6318,0,6470656,windows,0,9480,9480,49,0,0,0,0,0,0,30,15,4
91.6877,1,6256640,windows,0,23180,22951.2,76,0,0,0,0,0,0,46,24,6
91.8903,0,6491136,windows,0,9185,8890,48,0,0,0,0,0,0,29,15,4
91.9381,1,6274048,windows,0,22280,21632.5,74,0,0,0,0,0,0,44,24,6
92.142,0,6511616,windows,0,8900,8605,47,0,0,0,0,0,0,28,15,4
92.2022,1,6292480,windows,0,19080,18432.5,66,0,0,0,0,0,0,36,24,6
92.4017,0,6532096,windows,0,8900,8605,47,0,0,0,0,0,0,28,15,4
92.4566,1,6308864,windows,0,17175,16838.8,65,0,0,0,0,0,0,39,21,5
92.6609,0,6553600,windows,0,8900,8605,47,0,0,0,0,0,0,28,15,4
92.709,1,6326272,windows,0,16415,16272.5,63,0,0,0,0,0,0,37,21,5
92.9164,0,6575104,windows,0,8690,8256.25,46,0,0,0,0,0,0,28,15,3
92.9731,1,6344704,windows,0,15350,15207.5,60,0,0,0,0,0,0,34,21,5
93.1685,0,6595584,windows,0,8245,7826.25,45,0,0,0,0,0,0,29,14,2
93.2362,1,6363136,windows,0,15350,15207.5,60,0,0,0,0,0,0,34,21,5
93.4228,0,6617088,windows,0,7960,7685,44,0,0,0,0,0,0,28,14,2
93.4941,1,6381568,windows,0,14690,14132.5,58,0,0,0,0,0,0,32,21,5
93.6772,0,6637568,windows,0,7145,6756.25,42,0,0,0,0,0,0,27,13,2
93.7532,1,6400000,windows,0,14375,13817.5,57,0,0,0,0,0,0,31,21,5
93.9313,0,6657024,windows,0,6380,6125,39,0,0,0,0,0,0,24,13,2
94.0107,1,6418432,windows,0,13250,13107.5,55,0,0,0,0,0,0,30,20,5
94.1887,0,6677504,windows,0,6380,6125,39,0,0,0,0,0,0,24,13,2
94.2775,1,6437888,windows,0,12670,12132.5,53,0,0,0,0,0,0,28,20,5
94.446,0,6697984,windows,0,6145,5890,38,0,0,0,0,0,0,23,13,2
94.5346,1,6456320,windows,0,12200,12087.5,53,0,0,0,0,0,0,30,19,4
94.7028,0,6715392,windows,0,5645,5645,37,0,0,0,0,0,0,23,12,2
94.7942,1,6475776,windows,0,11905,11417.5,52,0,0,0,0,0,0,29,19,4
94.9667,0,6733824,windows,0,5645,5645,37,0,0,0,0,0,0,23,12,2
95.045,1,6493184,windows,0,11620,11132.5,51,0,0,0,0,0,0,28,19,4
95.2184,0,6750208,windows,0,5420,5185,36,0,0,0,0,0,0,22,12,2
95.3054,1,6511616,windows,0,11080,10463.8,49,0,0,0,0,0,0,26,19,4
95.4743,0,6770688,windows,0,5420,5185,36,0,0,0,0,0,0,22,12,2
95.5572,1,6530048,windows,0,9905,9792.5,48,0,0,0,0,0,0,27,17,4
95.7279,0,6791168,windows,0,5420,5185,36,0,0,0,0,0,0,22,12,2
95.8096,1,6548480,windows,0,9640,9527.5,47,0,0,0,0,0,0,26,17,4
95.985,0,6812672,windows,0,5205,4970,35,0,0,0,0,0,0,21,12,2
96.0607,1,6566912,windows,0,8905,8792.5,44,0,0,0,0,0,0,23,17,4
96.2381,0,6834176,windows,0,5205,4970,35,0,0,0,0,0,0,21,12,2
96.3247,1,6585344,windows,0,8480,8248.75,44,0,0,0,0,0,0,24,16,4
96.4953,0,6854656,windows,0,5000,4765,34,0,0,0,0,0,0,20,12,2
96.5842,1,6602752,windows,0,8480,8248.75,44,0,0,0,0,0,0,24,16,4
96.7496,0,6876160,windows,0,5000,4765,34,0,0,0,0,0,0,20,12,2
96.8486,1,6621184,windows,0,8020,7798.75,42,0,0,0,0,0,0,22,16,4
97.0027,0,6897664,windows,0,5000,4765,34,0,0,0,0,0,0,20,12,2
97.1032,1,6639616,windows,0,8020,7798.75,42,0,0,0,0,0,0,22,16,4
97.2593,0,6917120,windows,0,4805,4476.25,33,0,0,0,0,0,0,19,12,2
97.3577,1,6658048,windows,0,8020,7798.75,42,0,0,0,0,0,0,22,16,4
97.5127,0,6934528,windows,0,4445,4126.25,31,0,0,0,0,0,0,17,12,2
97.6106,1,6675456,windows,0,8020,7798.75,42,0,0,0,0,0,0,22,16,4
97.778,0,6953984,windows,0,4280,4045,30,0,0,0,0,0,0,16,12,2
97.873,1,6693888,windows,0,7805,7588.75,41,0,0,0,0,0,0,21,16,4
98.0352,0,6972416,windows,0,4280,4045,30,0,0,0,0,0,0,16,12,2
98.1297,1,6712320,windows,0,7600,7487.5,40,0,0,0,0,0,0,20,16,4
98.2879,0,6990848,windows,0,4280,4045,30,0,0,0,0,0,0,16,12,2
98.3807,1,6729728,windows,0,7600,7487.5,40,0,0,0,0,0,0,20,16,4
98.5498,0,7009280,windows,0,4280,4045,30,0,0,0,0,0,0,16,12,2
98.6374,1,6746112,windows,0,7600,7487.5,40,0,0,0,0,0,0,20,16,4
98.8026,0,7027712,windows,0,3600,3365,24,0,0,0,0,0,0,12,12,0
98.9004,1,6764544,windows,0,7600,7487.5,40,0,0,0,0,0,0,20,16,4
99.0552,0,7047168,windows,0,3600,3365,24,0,0,0,0,0,0,12,12,0
99.1601,1,6782976,windows,0,7600,7487.5,40,0,0,0,0,0,0,20,16,4
99.3152,0,7066624,windows,0,3600,3365,24,0,0,0,0,0,0,12,12,0
99.4172,1,6800384,windows,0,7405,7198.75,39,0,0,0,0,0,0,19,16,4
99.5718,0,7085056,windows,0,3600,3365,24,0,0,0,0,0,0,12,12,0
99.6738,1,6817792,windows,0,7405,7198.75,39,0,0,0,0,0,0,19,16,4
99.8273,0,7101440,windows,0,3600,3365,24,0,0,0,0,0,0,12,12,0
99.9287,1,6836224,windows,0,7405,7198.75,39,0,0,0,0,0,0,19,16,4
100.091,0,7120896,windows,0,3600,3365,24,0,0,0,0,0,0,12,12,0
100.179,1,6854656,windows,0,7405,7198.75,39,0,0,0,0,0,0,19,16,4
100.351,0,7140352,windows,0,3600,3365,24,0,0,0,0,0,0,12,12,0
100.443,1,6874112,windows,0,7405,7198.75,39,0,0,0,0,0,0,19,16,4
100.601,0,7159808,windows,0,3600,3365,24,0,0,0,0,0,0,12,12,0
100.704,1,6890496,windows,0,3600,3365,24,0,0,0,0,0,0,12,12,0
100.857,0,7178240,windows,0,3600,3365,24,0,0,0,0,0,0,12,12,0
100.962,1,6907904,windows,0,3600,3365,24,0,0,0,0,0,0,12,12,0
101.11,0,7197696,windows,0,3600,3365,24,0,0,0,0,0,0,12,12,0
101.219,1,6925312,windows,0,3600,3365,24,0,0,0,0,0,0,12,12,0
101.367,0,7217152,windows,0,3600,3365,24,0,0,0,0,0,0,12,12,0
101.477,1,6941696,windows,0,3600,3365,24,0,0,0,0,0,0,12,12,0
101.626,0,7237632,windows,0,3600,3365,24,0,0,0,0,0,0,12,12,0
101.737,1,6960128,windows,0,3600,3365,24,0,0,0,0,0,0,12,12,0
101.884,0,7257088,windows,0,3600,3365,24,0,0,0,0,0,0,12,12,0
102.002,1,6977536,windows,0,3600,3365,24,0,0,0,0,0,0,12,12,0
102.136,0,7276544,windows,0,3600,3365,24,0,0,0,0,0,0,12,12,0
102.255,1,6992896,windows,0,3600,3365,24,0,0,0,0,0,0,12,12,0
102.389,0,7294976,windows,0,3600,3365,24,0,0,0,0,0,0,12,12,0
102.52,1,7009280,windows,0,3600,3365,24,0,0,0,0,0,0,12,12,0
102.65,0,7315456,windows,0,3600,3365,24,0,0,0,0,0,0,12,12,0
102.782,1,7025664,windows,0,3600,3365,24,0,0,0,0,0,0,12,12,0
102.913,0,7332864,windows,0,3600,3365,24,0,0,0,0,0,0,12,12,0
103.034,1,7042048,windows,0,3600,3365,24,0,0,0,0,0,0,12,12,0
103.166,0,7348224,windows,0,3600,3365,24,0,0,0,0,0,0,12,12,0
103.291,1,7057408,windows,0,3600,3365,24,0,0,0,0,0,0,12,12,0
103.429,0,7364608,windows,0,3600,3365,24,0,0,0,0,0,0,12,12,0
103.548,1,7073792,windows,0,3600,3365,24,0,0,0,0,0,0,12,12,0
103.687,0,7382016,windows,0,3600,3365,24,0,0,0,0,0,0,12,12,0
103.8,1,7090176,windows,0,3600,3365,24,0,0,0,0,0,0,12,12,0
103.947,0,7399424,windows,0,3600,3365,24,0,0,0,0,0,0,12,12,0
104.065,1,7107584,windows,0,3600,3365,24,0,0,0,0,0,0,12,12,0
104.203,0,7415808,windows,0,3600,3365,24,0,0,0,0,0,0,12,12,0
104.325,1,7124992,windows,0,3600,3365,24,0,0,0,0,0,0,12,12,0
104.458,0,7434240,windows,0,3600,3365,24,0,0,0,0,0,0,12,12,0
104.584,1,7145472,windows,0,3600,3365,24,0,0,0,0,0,0,12,12,0
104.72,0,7451648,windows,0,3600,3365,24,0,0,0,0,0,0,12,12,0
104.838,1,7164928,windows,0,3600,3365,24,0,0,0,0,0,0,12,12,0
104.974,0,7467008,repair,0,3600,3365,24,0,0,0,0,0,0,12,12,0
105.09,1,7185408,windows,0,3600,3365,24,0,0,0,0,0,0,12,12,0
105.236,0,7483392,windows,0,3600,3365,24,0,0,0,0,0,0,12,12,0
105.341,1,7205888,windows,0,3600,3365,24,0,0,0,0,0,0,12,12,0
105.495,0,7499776,windows,0,3600,3365,24,0,0,0,0,0,0,12,12,0
105.6,1,7223296,windows,0,3600,3365,24,0,0,0,0,0,0,12,12,0
105.745,0,7516160,windows,0,3600,3365,24,0,0,0,0,0,0,12,12,0
105.85,1,7238656,windows,0,3600,3365,24,0,0,0,0,0,0,12,12,0
106.01,0,7532544,windows,0,3600,3365,24,0,0,0,0,0,0,12,12,0
106.106,1,7258112,windows,0,3600,3365,24,0,0,0,0,0,0,12,12,0
106.275,0,7549952,windows,0,3600,3365,24,0,0,0,0,0,0,12,12,0
106.37,1,7280640,windows,0,3600,3365,24,0,0,0,0,0,0,12,12,0
106.531,0,7566336,windows,0,3600,3365,24,0,0,0,0,0,0,12,12,0
106.623,1,7302144,windows,0,3600,3365,24,0,0,0,0,0,0,12,12,0
106.781,0,7582720,windows,0,3600,3365,24,0,0,0,0,0,0,12,12,0
106.877,1,7322624,repair,0,3600,3365,24,0,0,0,0,0,0,12,12,0
107.045,0,7600128,windows,0,3600,3365,24,0,0,0,0,0,0,12,12,0
107.131,1,7342080,repair,0,3600,3365,24,0,0,0,0,0,0,12,12,0
107.299,0,7616512,windows,0,3600,3365,24,0,0,0,0,0,0,12,12,0
107.384,1,7363584,windows,0,3600,3365,24,0,0,0,0,0,0,12,12,0
107.552,0,7632896,windows,0,3600,3365,24,0,0,0,0,0,0,12,12,0
107.64,1,7384064,windows,0,3600,3365,24,0,0,0,0,0,0,12,12,0
107.813,0,7649280,windows,0,3600,3365,24,0,0,0,0,0,0,12,12,0
107.899,1,7404544,windows,0,3600,3365,24,0,0,0,0,0,0,12,12,0
108.075,0,7666688,windows,0,3600,3365,24,0,0,0,0,0,0,12,12,0
108.153,1,7426048,windows,0,3600,3365,24,0,0,0,0,0,0,12,12,0
108.328,0,7683072,repair,0,3600,3365,24,0,0,0,0,0,0,12,12,0
108.412,1,7446528,windows,0,3600,3365,24,0,0,0,0,0,0,12,12,0
108.585,0,7700480,windows,0,3600,3365,24,0,0,0,0,0,0,12,12,0
108.671,1,7465984,windows,0,3600,3365,24,0,0,0,0,0,0,12,12,0
108.843,0,7716864,windows,0,3600,3365,24,0,0,0,0,0,0,12,12,0
108.924,1,7485440,windows,0,3600,3365,24,0,0,0,0,0,0,12,12,0
109.104,0,7734272,windows,0,3600,3365,24,0,0,0,0,0,0,12,12,0
109.176,1,7503872,windows,0,3600,3365,24,0,0,0,0,0,0,12,12,0
109.368,0,7751680,windows,0,3600,3365,24,0,0,0,0,0,0,12,12,0
109.428,1,7523328,repair,0,3600,3365,24,0,0,0,0,0,0,12,12,0
109.627,0,7768064,windows,0,3600,3365,24,0,0,0,0,0,0,12,12,0
109.683,1,7544832,windows,0,3600,3365,24,0,0,0,0,0,0,12,12,0
109.891,0,7785472,windows,0,3600,3365,24,0,0,0,0,0,0,12,12,0
109.944,1,7566336,windows,0,3600,3365,24,0,0,0,0,0,0,12,12,0
110.156,0,7802880,windows,0,3600,3365,24,0,0,0,0,0,0,12,12,0
110.204,1,7586816,windows,0,3600,3365,24,0,0,0,0,0,0,12,12,0
110.408,0,7818240,windows,0,3600,3365,24,0,0,0,0,0,0,12,12,0
110.456,1,7606272,windows,0,3600,3365,24,0,0,0,0,0,0,12,12,0
110.665,0,7834624,windows,0,3600,3365,24,0,0,0,0,0,0,12,12,0
110.719,1,7626752,windows,0,3600,3365,24,0,0,0,0,0,0,12,12,0
110.922,0,7851008,windows,0,3600,3365,24,0,0,0,0,0,0,12,12,0
110.977,1,7646208,windows,0,3600,3365,24,0,0,0,0,0,0,12,12,0
111.18,0,7868416,windows,0,3600,3365,24,0,0,0,0,0,0,12,12,0
111.227,1,7665664,windows,0,3600,3365,24,0,0,0,0,0,0,12,12,0
111.432,0,7884800,windows,0,3600,3365,24,0,0,0,0,0,0,12,12,0
111.484,1,7685120,windows,0,3600,3365,24,0,0,0,0,0,0,12,12,0
111.693,0,7902208,windows,0,3600,3365,24,0,0,0,0,0,0,12,12,0
111.735,1,7704576,windows,0,3600,3365,24,0,0,0,0,0,0,12,12,0
111.948,0,7918592,repair,0,3600,3365,24,0,0,0,0,0,0,12,12,0
111.997,1,7725056,windows,0,3600,3365,24,0,0,0,0,0,0,12,12,0
112.203,0,7936000,windows,0,3600,3365,24,0,0,0,0,0,0,12,12,0
112.259,1,7745536,windows,0,3600,3365,24,0,0,0,0,0,0,12,12,0
112.465,0,7953408,windows,0,3600,3365,24,0,0,0,0,0,0,12,12,0
112.524,1,7766016,windows,0,3600,3365,24,0,0,0,0,0,0,12,12,0
112.725,0,7969792,windows,0,3600,3365,24,0,0,0,0,0,0,12,12,0
112.778,1,7786496,windows,0,3600,3365,24,0,0,0,0,0,0,12,12,0
112.981,0,7986176,windows,0,3600,3365,24,0,0,0,0,0,0,12,12,0
113.033,1,7808000,windows,0,3600,3365,24,0,0,0,0,0,0,12,12,0
113.236,0,8002560,windows,0,3600,3365,24,0,0,0,0,0,0,12,12,0
113.292,1,7829504,windows,0,3600,3365,24,0,0,0,0,0,0,12,12,0
113.499,0,8020992,windows,0,3600,3365,24,0,0,0,0,0,0,12,12,0
113.545,1,7849984,windows,0,3600,3365,24,0,0,0,0,0,0,12,12,0
113.76,0,8037376,windows,0,3600,3365,24,0,0,0,0,0,0,12,12,0
113.799,1,7869440,windows,0,3600,3365,24,0,0,0,0,0,0,12,12,0
114.022,0,8053760,windows,0,3600,3365,24,0,0,0,0,0,0,12,12,0
114.061,1,7889920,windows,0,3600,3365,24,0,0,0,0,0,0,12,12,0
114.283,0,8070144,windows,0,3600,3365,24,0,0,0,0,0,0,12,12,0
114.322,1,7910400,windows,0,3600,3365,24,0,0,0,0,0,0,12,12,0
114.537,0,8086528,windows,0,3600,3365,24,0,0,0,0,0,0,12,12,0
114.583,1,7930880,windows,0,3600,3365,24,0,0,0,0,0,0,12,12,0
114.789,0,8103936,windows,0,3600,3365,24,0,0,0,0,0,0,12,12,0
114.847,1,7951360,windows,0,3600,3365,24,0,0,0,0,0,0,12,12,0
115.04,0,8123392,windows,0,3600,3365,24,0,0,0,0,0,0,12,12,0
115.099,1,7967744,windows,0,3600,3365,24,0,0,0,0,0,0,12,12,0
115.294,0,8144896,windows,0,3600,3365,24,0,0,0,0,0,0,12,12,0
115.352,1,7983104,windows,0,3600,3365,24,0,0,0,0,0,0,12,12,0
115.547,0,8165376,windows,0,3600,3365,24,0,0,0,0,0,0,12,12,0
115.604,1,8001536,windows,0,3600,3365,24,0,0,0,0,0,0,12,12,0
115.798,0,8183808,windows,0,3600,3365,24,0,0,0,0,0,0,12,12,0
115.855,1,8020992,windows,0,3600,3365,24,0,0,0,0,0,0,12,12,0
116.057,0,8204288,repair,0,3600,3365,24,0,0,0,0,0,0,12,12,0
116.109,1,8037376,windows,0,3600,3365,24,0,0,0,0,0,0,12,12,0
116.311,0,8225792,windows,0,3600,3365,24,0,0,0,0,0,0,12,12,0
116.371,1,8053760,windows,0,3600,3365,24,0,0,0,0,0,0,12,12,0
116.568,0,8245248,windows,0,3600,3365,24,0,0,0,0,0,0,12,12,0
116.634,1,8071168,windows,0,3600,3365,24,0,0,0,0,0,0,12,12,0
116.826,0,8264704,windows,0,3600,3365,24,0,0,0,0,0,0,12,12,0
116.891,1,8088576,windows,0,3600,3365,24,0,0,0,0,0,0,12,12,0
117.088,0,8282112,windows,0,3600,3365,24,0,0,0,0,0,0,12,12,0
117.151,1,8105984,windows,0,3600,3365,24,0,0,0,0,0,0,12,12,0
117.339,0,8298496,windows,0,3600,3365,24,0,0,0,0,0,0,12,12,0
117.407,1,8122368,repair,311,7.15611e+07,7.15296e+07,3667,21,57,63,97,73,0,1958,1578,131
117.607,0,8314880,windows,0,3600,3365,24,0,0,0,0,0,0,12,12,0
117.657,1,8141824,repair,216,5.73054e+07,5.72653e+07,3357,11,30,47,88,40,0,1869,1386,102
117.864,0,8331264,windows,0,3600,3365,24,0,0,0,0,0,0,12,12,0
117.915,1,8164352,repair,131,5.3688e+07,5.3658e+07,3284,6,19,29,53,24,0,1838,1343,103
118.126,0,8348672,windows,0,3600,3365,24,0,0,0,0,0,0,12,12,0
118.173,1,8186880,repair,72,4.0362e+07,4.0353e+07,2965,2,7,16,34,13,0,1792,1095,78
118.39,0,8366080,windows,0,3600,3365,24,0,0,0,0,0,0,12,12,0
118.436,1,8207360,repair,33,3.66269e+07,3.66187e+07,2778,1,4,6,13,9,0,1649,1070,59
118.641,0,8380416,windows,0,3600,3365,24,0,0,0,0,0,0,12,12,0
118.705,1,8223744,repair,11,3.10508e+07,3.1041e+07,2610,0,0,2,5,4,0,1596,954,60
118.9,0,8397824,windows,0,3600,3365,24,0,0,0,0,0,0,12,12,0
118.956,1,8242176,repair,1,2.26575e+07,2.26553e+07,2283,0,0,0,1,0,0,1427,785,71
119.159,0,8415232,repair,324,7.08141e+07,7.07691e+07,3683,17,54,71,125,57,0,2001,1547,135
119.216,1,8260608,windows,0,1.47341e+07,1.47268e+07,1831,0,0,0,0,0,0,1144,637,50
119.413,0,8435712,repair,203,6.63946e+07,6.63911e+07,3605,8,32,42,71,50,0,1980,1507,118
119.483,1,8279040,windows,0,1.02668e+07,1.02618e+07,1556,0,0,0,0,0,0,1012,505,39
119.669,0,8457216,repair,134,5.25625e+07,5.25362e+07,3278,7,31,32,39,25,0,1867,1313,98
119.741,1,8296448,windows,0,7.38402e+06,7.37954e+06,1344,0,0,0,0,0,0,897,407,40
119.924,0,8477696,repair,81,4.09974e+07,4.0995e+07,2949,5,17,13,33,13,0,1738,1130,81
119.996,1,8311808,windows,0,5.28028e+06,5.27933e+06,1115,0,0,0,0,0,0,717,366,32
120.178,0,8495104,repair,49,3.57991e+07,3.5776e+07,2799,1,6,6,25,11,0,1684,1033,82
120.262,1,8327168,windows,0,3.86892e+06,3.86811e+06,978,0,0,0,0,0,0,665,286,27
120.434,0,8512512,repair,25,2.80998e+07,2.80798e+07,2499,1,4,5,13,2,0,1533,900,66
120.515,1,8341504,windows,0,2.92631e+06,2.92631e+06,850,0,0,0,0,0,0,578,249,23
120.696,0,8529920,repair,6,2.50266e+07,2.50078e+07,2381,0,0,1,5,0,0,1477,836,68
120.768,1,8354816,windows,0,2.34323e+06,2.34069e+06,757,0,0,0,0,0,0,508,228,21
120.946,0,8547328,repair,1,2.07631e+07,2.07396e+07,2210,0,0,1,0,0,0,1424,725,61
121.021,1,8369152,windows,0,1.83245e+06,1.83028e+06,661,0,0,0,0,0,0,434,210,17
121.205,0,8563712,windows,0,1.39409e+07,1.39409e+07,1792,0,0,0,0,0,0,1134,610,48
121.276,1,8383488,windows,0,1.39277e+06,1.39076e+06,587,0,0,0,0,0,0,402,170,15
121.456,0,8578048,windows,0,1.05268e+07,1.05116e+07,1584,0,0,0,0,0,0,1032,507,45
121.537,1,8397824,windows,0,1.01466e+06,1.01007e+06,501,0,0,0,0,0,0,347,143,11
121.707,0,8592384,windows,0,7.9873e+06,7.98611e+06,1373,0,0,0,0,0,0,884,449,40
121.798,1,8413184,windows,0,785255,782398,441,0,0,0,0,0,0,303,127,11
121.974,0,8607744,windows,0,5.83851e+06,5.83072e+06,1165,0,0,0,0,0,0,744,390,31
122.059,1,8427520,windows,0,625495,625232,387,0,0,0,0,0,0,257,121,9
122.227,0,8620032,windows,0,4.48642e+06,4.48215e+06,1047,0,0,0,0,0,0,712,311,24
122.321,1,8442880,windows,0,480550,480550,350,0,0,0,0,0,0,250,91,9
122.485,0,8633344,windows,0,3.5648e+06,3.56166e+06,926,0,0,0,0,0,0,627,282,17
122.573,1,8457216,windows,0,349120,347305,291,0,0,0,0,0,0,190,91,10
122.754,0,8649728,windows,0,2.71096e+06,2.70608e+06,814,0,0,0,0,0,0,549,244,21
122.831,1,8472576,windows,0,284315,282358,264,0,0,0,0,0,0,171,82,11
123.009,0,8665088,windows,0,2.13083e+06,2.12341e+06,731,0,0,0,0,0,0,496,210,25
123.09,1,8487936,windows,0,236530,236530,239,0,0,0,0,0,0,154,76,9
123.273,0,8680448,windows,0,1.6397e+06,1.63316e+06,634,0,0,0,0,0,0,422,192,20
123.343,1,8503296,windows,0,198280,198280,221,0,0,0,0,0,0,146,67,8
123.531,0,8695808,windows,0,1.2353e+06,1.23204e+06,555,0,0,0,0,0,0,372,163,20
123.605,1,8518656,windows,0,168580,167345,204,0,0,0,0,0,0,134,62,8
123.782,0,8710144,windows,0,938455,938455,487,0,0,0,0,0,0,329,139,19
123.872,1,8534016,windows,0,127055,126792,179,0,0,0,0,0,0,117,53,9
124.045,0,8725504,windows,0,751750,751750,434,0,0,0,0,0,0,290,127,17
124.135,1,8549376,windows,0,107005,105466,161,0,0,0,0,0,0,101,52,8
124.305,0,8740864,windows,0,601780,601780,390,0,0,0,0,0,0,262,112,16
124.391,1,8564736,windows,0,86175,85912.5,147,0,0,0,0,0,0,93,45,9
124.56,0,8756224,windows,0,436060,432614,331,0,0,0,0,0,0,220,97,14
124.646,1,8580096,windows,0,75925,75170,141,0,0,0,0,0,0,95,38,8
124.815,0,8771584,windows,0,330845,330845,287,0,0,0,0,0,0,189,86,12
124.908,1,8595456,windows,0,66920,66920,133,0,0,0,0,0,0,90,35,8
125.08,0,8787968,windows,0,256930,255415,253,0,0,0,0,0,0,166,76,11
125.166,1,8611840,windows,0,55570,55570,121,0,0,0,0,0,0,82,32,7
125.344,0,8804352,windows,0,211730,210495,235,0,0,0,0,0,0,162,62,11
125.424,1,8628224,windows,0,47545,47545,112,0,0,0,0,0,0,77,29,6
125.609,0,8820736,windows,0,159055,158079,201,0,0,0,0,0,0,131,59,11
125.691,1,8643584,windows,0,43070,42711.2,107,0,0,0,0,0,0,72,28,7
125.859,0,8835072,windows,0,120310,118384,174,0,0,0,0,0,0,110,53,11
125.957,1,8659968,windows,0,38495,37757.5,101,0,0,0,0,0,0,67,27,7
126.12,0,8850432,windows,0,103670,101844,160,0,0,0,0,0,0,98,51,11
126.209,1,8675328,windows,0,33970,33767.5,93,0,0,0,0,0,0,58,28,7
126.386,0,8866816,windows,0,91720,90928.8,154,0,0,0,0,0,0,100,44,10
126.465,1,8690688,windows,0,30845,30561.2,89,0,0,0,0,0,0,57,26,6
126.637,0,8881152,windows,0,80125,79037.5,145,0,0,0,0,0,0,95,40,10
126.731,1,8706048,windows,0,27605,26836.2,83,0,0,0,0,0,0,51,26,6
126.888,0,8896512,windows,0,67040,65972.5,131,0,0,0,0,0,0,82,39,10
126.985,1,8721408,windows,0,26605,25846.2,81,0,0,0,0,0,0,49,26,6
127.152,0,8912896,windows,0,57760,57467.5,121,0,0,0,0,0,0,74,37,10
127.238,1,8736768,windows,0,22375,22375,75,0,0,0,0,0,0,47,23,5
127.411,0,8928256,windows,0,52765,52472.5,117,0,0,0,0,0,0,73,34,10
127.491,1,8752128,windows,0,19695,19695,71,0,0,0,0,0,0,45,21,5
127.665,0,8943616,windows,0,47900,46952.5,111,0,0,0,0,0,0,68,33,10
127.751,1,8767488,windows,0,18815,18601.2,69,0,0,0,0,0,0,43,21,5
127.932,0,8958976,windows,0,41480,41187.5,104,0,0,0,0,0,0,64,30,10
128.006,1,8782848,windows,0,18390,18181.2,68,0,0,0,0,0,0,42,21,5
128.196,0,8975360,windows,0,33260,32698.8,92,0,0,0,0,0,0,54,28,10
128.27,1,8799232,windows,0,16885,16490,65,0,0,0,0,0,0,41,20,4
128.463,0,8990720,windows,0,30530,30267.5,89,0,0,0,0,0,0,54,26,9
128.524,1,8814592,windows,0,14260,13865,58,0,0,0,0,0,0,34,20,4
128.72,0,9005056,windows,0,29470,29207.5,87,0,0,0,0,0,0,52,26,9
128.777,1,8829952,windows,0,14260,13865,58,0,0,0,0,0,0,34,20,4
128.988,0,9020416,windows,0,28955,28177.5,86,0,0,0,0,0,0,51,26,9
129.03,1,8845312,windows,0,13600,13205,56,0,0,0,0,0,0,32,20,4
129.247,0,9035776,windows,0,27955,27177.5,84,0,0,0,0,0,0,49,26,9
129.28,1,8860672,windows,0,13600,13205,56,0,0,0,0,0,0,32,20,4
129.498,0,9051136,windows,0,25055,24073.8,79,0,0,0,0,0,0,45,25,9
129.543,1,8877056,windows,0,12820,12820,55,0,0,0,0,0,0,32,19,4
129.755,0,9066496,windows,0,23750,22992.5,76,0,0,0,0,0,0,42,25,9
129.795,1,8892416,windows,0,12505,12505,54,0,0,0,0,0,0,31,19,4
130.006,0,9080832,windows,0,21950,21687.5,73,0,0,0,0,0,0,40,24,9
130.055,1,8908800,windows,0,12200,12051.2,53,0,0,0,0,0,0,30,19,4
130.258,0,9096192,windows,0,21950,21687.5,73,0,0,0,0,0,0,40,24,9
130.316,1,8926208,windows,0,12200,12051.2,53,0,0,0,0,0,0,30,19,4
130.518,0,9112576,windows,0,20230,19778.8,70,0,0,0,0,0,0,38,23,9
130.567,1,8944640,windows,0,12200,12051.2,53,0,0,0,0,0,0,30,19,4
130.782,0,9131008,windows,0,20230,19778.8,70,0,0,0,0,0,0,38,23,9
130.818,1,8963072,windows,0,11620,11620,51,0,0,0,0,0,0,28,19,4
131.044,0,9148416,windows,0,19855,19408.8,69,0,0,0,0,0,0,37,23,9
131.07,1,8980480,windows,0,11345,11345,50,0,0,0,0,0,0,27,19,4
131.299,0,9166848,windows,0,18790,18527.5,66,0,0,0,0,0,0,34,23,9
131.322,1,8998912,windows,0,11345,11345,50,0,0,0,0,0,0,27,19,4
131.561,0,9186304,windows,0,17440,16812.5,63,0,0,0,0,0,0,34,23,6
131.58,1,9019392,windows,0,11345,11345,50,0,0,0,0,0,0,27,19,4
131.816,0,9204736,windows,0,17105,16477.5,62,0,0,0,0,0,0,33,23,6
131.838,1,9038848,windows,0,11080,11080,49,0,0,0,0,0,0,26,19,4
132.077,0,9223168,windows,0,16465,15837.5,60,0,0,0,0,0,0,31,23,6
132.089,1,9056256,windows,0,10580,10461.2,47,0,0,0,0,0,0,24,19,4
132.334,0,9240576,windows,0,16465,15837.5,60,0,0,0,0,0,0,31,23,6
132.34,1,9073664,windows,0,10580,10461.2,47,0,0,0,0,0,0,24,19,4
132.587,0,9259008,windows,0,16160,15383.8,59,0,0,0,0,0,0,30,23,6
132.599,1,9092096,windows,0,10345,10345,46,0,0,0,0,0,0,23,19,4
132.845,0,9277440,windows,0,15865,15093.8,58,0,0,0,0,0,0,29,23,6
132.851,1,9108480,windows,0,10120,10120,45,0,0,0,0,0,0,22,19,4
133.103,0,9295872,windows,0,15865,15093.8,58,0,0,0,0,0,0,29,23,6
133.108,1,9125888,windows,0,10120,10120,45,0,0,0,0,0,0,22,19,4
133.366,0,9315328,windows,0,15345,15008.8,60,0,0,0,0,0,0,33,21,6
133.372,1,9145344,windows,0,9605,9605,45,0,0,0,0,0,0,23,18,4
133.623,0,9334784,windows,0,13285,12573.8,55,0,0,0,0,0,0,29,20,6
133.624,1,9163776,windows,0,9605,9605,45,0,0,0,0,0,0,23,18,4
133.877,0,9354240,windows,0,11460,11460,52,0,0,0,0,0,0,30,18,4
133.878,1,9182208,windows,0,9605,9605,45,0,0,0,0,0,0,23,18,4
134.127,0,9373696,windows,0,10880,10880,50,0,0,0,0,0,0,28,18,4
134.136,1,9201664,windows,0,9605,9605,45,0,0,0,0,0,0,23,18,4
134.379,0,9395200,windows,0,10605,10605,49,0,0,0,0,0,0,27,18,4
134.395,1,9223168,windows,0,8905,8905,44,0,0,0,0,0,0,23,17,4
134.633,0,9415680,windows,0,9840,9721.25,46,0,0,0,0,0,0,24,18,4
134.645,1,9242624,windows,0,8680,8571.25,43,0,0,0,0,0,0,22,17,4
134.887,0,9437184,windows,0,9605,9605,45,0,0,0,0,0,0,23,18,4
134.901,1,9263104,windows,0,8680,8571.25,43,0,0,0,0,0,0,22,17,4
135.146,0,9458688,windows,0,9605,9605,45,0,0,0,0,0,0,23,18,4
135.154,1,9282560,windows,0,8680,8571.25,43,0,0,0,0,0,0,22,17,4
135.403,0,9480192,windows,0,9605,9605,45,0,0,0,0,0,0,23,18,4
135.417,1,9304064,windows,0,8680,8571.25,43,0,0,0,0,0,0,22,17,4
135.654,0,9500672,windows,0,9380,9380,44,0,0,0,0,0,0,22,18,4
135.67,1,9323520,windows,0,8680,8571.25,43,0,0,0,0,0,0,22,17,4
135.918,0,9520128,windows,0,9165,9165,43,0,0,0,0,0,0,21,18,4
135.925,1,9341952,windows,0,8680,8571.25,43,0,0,0,0,0,0,22,17,4
136.17,0,9538560,windows,0,8960,8960,42,0,0,0,0,0,0,20,18,4
136.178,1,9361408,windows,0,8680,8571.25,43,0,0,0,0,0,0,22,17,4
136.422,0,9558016,windows,0,8765,8765,41,0,0,0,0,0,0,19,18,4
136.435,1,9380864,windows,0,8680,8571.25,43,0,0,0,0,0,0,22,17,4
136.673,0,9576448,windows,0,8765,8765,41,0,0,0,0,0,0,19,18,4
136.693,1,9399296,windows,0,8680,8571.25,43,0,0,0,0,0,0,22,17,4
136.937,0,9596928,windows,0,8765,8765,41,0,0,0,0,0,0,19,18,4
136.947,1,9418752,windows,0,8680,8571.25,43,0,0,0,0,0,0,22,17,4
137.188,0,9614336,windows,0,8580,8580,40,0,0,0,0,0,0,18,18,4
137.198,1,9437184,windows,0,8680,8571.25,43,0,0,0,0,0,0,22,17,4
137.443,0,9633792,windows,0,8580,8580,40,0,0,0,0,0,0,18,18,4
137.454,1,9456640,windows,0,8680,8571.25,43,0,0,0,0,0,0,22,17,4
137.702,0,9653248,windows,0,8580,8580,40,0,0,0,0,0,0,18,18,4
137.708,1,9474048,windows,0,3600,3365,24,0,0,0,0,0,0,12,12,0
137.958,1,9491456,windows,0,3600,3365,24,0,0,0,0,0,0,12,12,0
137.96,0,9672704,windows,0,8580,8580,40,0,0,0,0,0,0,18,18,4
138.214,1,9508864,windows,0,3600,3365,24,0,0,0,0,0,0,12,12,0
138.219,0,9692160,windows,0,8580,8580,40,0,0,0,0,0,0,18,18,4
138.468,1,9528320,windows,0,3600,3365,24,0,0,0,0,0,0,12,12,0
138.479,0,9711616,windows,0,3600,3365,24,0,0,0,0,0,0,12,12,0
138.719,1,9547776,windows,0,3600,3365,24,0,0,0,0,0,0,12,12,0
138.736,0,9732096,windows,0,3600,3365,24,0,0,0,0,0,0,12,12,0
138.984,1,9564160,windows,0,3600,3365,24,0,0,0,0,0,0,12,12,0
138.986,0,9750528,windows,0,3600,3365,24,0,0,0,0,0,0,12,12,0
139.24,1,9581568,windows,0,3600,3365,24,0,0,0,0,0,0,12,12,0
139.241,0,9769984,windows,0,3600,3365,24,0,0,0,0,0,0,12,12,0
139.502,0,9790464,windows,0,3600,3365,24,0,0,0,0,0,0,12,12,0
139.511,1,9598976,windows,0,3600,3365,24,0,0,0,0,0,0,12,12,0
139.763,0,9809920,windows,0,3600,3365,24,0,0,0,0,0,0,12,12,0
139.776,1,9616384,windows,0,3600,3365,24,0,0,0,0,0,0,12,12,0
140.019,0,9830400,windows,0,3600,3365,24,0,0,0,0,0,0,12,12,0
140.026,1,9633792,windows,0,3600,3365,24,0,0,0,0,0,0,12,12,0
140.278,1,9651200,windows,0,3600,3365,24,0,0,0,0,0,0,12,12,0
140.282,0,9850880,windows,0,3600,3365,24,0,0,0,0,0,0,12,12,0
140.529,1,9667584,windows,0,3600,3365,24,0,0,0,0,0,0,12,12,0
140.54,0,9870336,windows,0,3600,3365,24,0,0,0,0,0,0,12,12,0
140.784,1,9684992,windows,0,3600,3365,24,0,0,0,0,0,0,12,12,0
140.802,0,9891840,repair,0,3600,3365,24,0,0,0,0,0,0,12,12,0
141.035,1,9701376,windows,0,3600,3365,24,0,0,0,0,0,0,12,12,0
141.061,0,9913344,windows,0,3600,3365,24,0,0,0,0,0,0,12,12,0
141.291,1,9718784,windows,0,3600,3365,24,0,0,0,0,0,0,12,12,0
141.314,0,9931776,windows,0,3600,3365,24,0,0,0,0,0,0,12,12,0
141.556,1,9735168,windows,0,3600,3365,24,0,0,0,0,0,0,12,12,0
141.565,0,9951232,windows,0,3600,3365,24,0,0,0,0,0,0,12,12,0
141.813,1,9751552,windows,0,3600,3365,24,0,0,0,0,0,0,12,12,0
141.82,0,9970688,windows,0,3600,3365,24,0,0,0,0,0,0,12,12,0
142.076,1,9768960,windows,0,3600,3365,24,0,0,0,0,0,0,12,12,0
142.079,0,9990144,windows,0,3600,3365,24,0,0,0,0,0,0,12,12,0
142.329,0,10009600,windows,0,3600,3365,24,0,0,0,0,0,0,12,12,0
142.33,1,9786368,windows,0,3600,3365,24,0,0,0,0,0,0,12,12,0
142.581,1,9802752,windows,0,3600,3365,24,0,0,0,0,0,0,12,12,0
142.589,0,10031104,windows,0,3600,3365,24,0,0,0,0,0,0,12,12,0
142.837,1,9818112,windows,0,3600,3365,24,0,0,0,0,0,0,12,12,0
142.843,0,10050560,windows,0,3600,3365,24,0,0,0,0,0,0,12,12,0
143.093,1,9834496,windows,0,3600,3365,24,0,0,0,0,0,0,12,12,0
143.098,0,10071040,windows,0,3600,3365,24,0,0,0,0,0,0,12,12,0
143.346,1,9850880,windows,0,3600,3365,24,0,0,0,0,0,0,12,12,0
143.349,0,10090496,windows,0,3600,3365,24,0,0,0,0,0,0,12,12,0
143.597,1,9866240,windows,0,3600,3365,24,0,0,0,0,0,0,12,12,0
143.61,0,10108928,windows,0,3600,3365,24,0,0,0,0,0,0,12,12,0
143.856,1,9881600,windows,0,3600,3365,24,0,0,0,0,0,0,12,12,0
143.865,0,10126336,windows,0,3600,3365,24,0,0,0,0,0,0,12,12,0
144.115,1,9897984,windows,0,3600,3365,24,0,0,0,0,0,0,12,12,0
144.118,0,10146816,windows,0,3600,3365,24,0,0,0,0,0,0,12,12,0
144.379,0,10168320,windows,0,3600,3365,24,0,0,0,0,0,0,12,12,0
144.382,1,9913344,repair,0,3600,3365,24,0,0,0,0,0,0,12,12,0
144.638,0,10190848,windows,0,3600,3365,24,0,0,0,0,0,0,12,12,0
144.644,1,9928704,repair,0,3600,3365,24,0,0,0,0,0,0,12,12,0
144.894,1,9945088,windows,0,3600,3365,24,0,0,0,0,0,0,12,12,0
144.9,0,10212352,windows,0,3600,3365,24,0,0,0,0,0,0,12,12,0
145.148,1,9961472,windows,0,3600,3365,24,0,0,0,0,0,0,12,12,0
145.155,0,10232832,windows,0,3600,3365,24,0,0,0,0,0,0,12,12,0
145.407,1,9977856,windows,0,3600,3365,24,0,0,0,0,0,0,12,12,0
145.412,0,10253312,windows,0,3600,3365,24,0,0,0,0,0,0,12,12,0
145.663,1,9993216,windows,0,3600,3365,24,0,0,0,0,0,0,12,12,0
145.671,0,10271744,windows,0,3600,3365,24,0,0,0,0,0,0,12,12,0
145.928,1,10008576,windows,0,3600,3365,24,0,0,0,0,0,0,12,12,0
145.931,0,10290176,windows,0,3600,3365,24,0,0,0,0,0,0,12,12,0
146.186,0,10309632,windows,0,3600,3365,24,0,0,0,0,0,0,12,12,0
146.192,1,10023936,windows,0,3600,3365,24,0,0,0,0,0,0,12,12,0
146.443,0,10330112,windows,0,3600,3365,24,0,0,0,0,0,0,12,12,0
146.45,1,10040320,windows,0,3600,3365,24,0,0,0,0,0,0,12,12,0
146.706,0,10351616,windows,0,3600,3365,24,0,0,0,0,0,0,12,12,0
146.713,1,10055680,windows,0,3600,3365,24,0,0,0,0,0,0,12,12,0
146.967,0,10373120,windows,0,3600,3365,24,0,0,0,0,0,0,12,12,0
146.969,1,10072064,windows,0,3600,3365,24,0,0,0,0,0,0,12,12,0
147.227,1,10087424,windows,0,3600,3365,24,0,0,0,0,0,0,12,12,0
147.228,0,10394624,windows,0,3600,3365,24,0,0,0,0,0,0,12,12,0
147.481,0,10415104,windows,0,3600,3365,24,0,0,0,0,0,0,12,12,0
147.491,1,10103808,windows,0,3600,3365,24,0,0,0,0,0,0,12,12,0
147.737,0,10435584,windows,0,3600,3365,24,0,0,0,0,0,0,12,12,0
147.747,1,10118144,repair,0,3600,3365,24,0,0,0,0,0,0,12,12,0
147.991,0,10457088,windows,0,3600,3365,24,0,0,0,0,0,0,12,12,0
148.006,1,10135552,windows,0,3600,3365,24,0,0,0,0,0,0,12,12,0
148.25,0,10479616,windows,0,3600,3365,24,0,0,0,0,0,0,12,12,0
148.264,1,10151936,windows,0,3600,3365,24,0,0,0,0,0,0,12,12,0
148.506,0,10501120,windows,0,3600,3365,24,0,0,0,0,0,0,12,12,0
148.519,1,10167296,windows,0,3600,3365,24,0,0,0,0,0,0,12,12,0
148.765,0,10523648,windows,0,3600,3365,24,0,0,0,0,0,0,12,12,0
148.782,1,10182656,windows,0,3600,3365,24,0,0,0,0,0,0,12,12,0
149.021,0,10546176,windows,0,3600,3365,24,0,0,0,0,0,0,12,12,0
149.034,1,10198016,windows,0,3600,3365,24,0,0,0,0,0,0,12,12,0
149.282,0,10568704,windows,0,3600,3365,24,0,0,0,0,0,0,12,12,0
149.299,1,10213376,windows,0,3600,3365,24,0,0,0,0,0,0,12,12,0
149.539,0,10591232,windows,0,3600,3365,24,0,0,0,0,0,0,12,12,0
149.558,1,10227712,windows,0,3600,3365,24,0,0,0,0,0,0,12,12,0
149.803,0,10607616,windows,0,3600,3365,24,0,0,0,0,0,0,12,12,0
149.811,1,10243072,windows,0,3600,3365,24,0,0,0,0,0,0,12,12,0
150.067,0,10625024,windows,0,3600,3365,24,0,0,0,0,0,0,12,12,0
150.07,1,10260480,windows,0,3600,3365,24,0,0,0,0,0,0,12,12,0
150.325,0,10641408,repair,0,3600,3365,24,0,0,0,0,0,0,12,12,0
150.33,1,10279936,windows,0,3600,3365,24,0,0,0,0,0,0,12,12,0
150.582,1,10297344,windows,0,3600,3365,24,0,0,0,0,0,0,12,12,0
150.586,0,10657792,windows,0,3600,3365,24,0,0,0,0,0,0,12,12,0
150.837,1,10315776,repair,0,3600,3365,24,0,0,0,0,0,0,12,12,0
150.843,0,10674176,windows,0,3600,3365,24,0,0,0,0,0,0,12,12,0
151.097,0,10691584,windows,0,3600,3365,24,0,0,0,0,0,0,12,12,0
151.103,1,10332160,windows,0,3600,3365,24,0,0,0,0,0,0,12,12,0
151.35,0,10711040,windows,0,3600,3365,24,0,0,0,0,0,0,12,12,0
151.365,1,10348544,windows,0,3600,3365,24,0,0,0,0,0,0,12,12,0
151.607,0,10729472,windows,0,3600,3365,24,0,0,0,0,0,0,12,12,0
151.635,1,10363904,windows,0,3600,3365,24,0,0,0,0,0,0,12,12,0
151.873,0,10746880,windows,0,3600,3365,24,0,0,0,0,0,0,12,12,0
151.89,1,10380288,windows,0,3600,3365,24,0,0,0,0,0,0,12,12,0
152.125,0,10760192,windows,0,3600,3365,24,0,0,0,0,0,0,12,12,0
152.142,1,10399744,windows,0,3600,3365,24,0,0,0,0,0,0,12,12,0
152.38,0,10775552,windows,0,3600,3365,24,0,0,0,0,0,0,12,12,0
152.392,1,10418176,windows,0,3600,3365,24,0,0,0,0,0,0,12,12,0
152.643,0,10790912,windows,0,3600,3365,24,0,0,0,0,0,0,12,12,0
152.651,1,10436608,windows,0,3600,3365,24,0,0,0,0,0,0,12,12,0
152.901,1,10454016,windows,0,3600,3365,24,0,0,0,0,0,0,12,12,0
152.905,0,10807296,windows,0,3600,3365,24,0,0,0,0,0,0,12,12,0
153.155,1,10469376,windows,0,3600,3365,24,0,0,0,0,0,0,12,12,0
153.162,0,10824704,windows,0,3600,3365,24,0,0,0,0,0,0,12,12,0
153.407,1,10485760,windows,0,3600,3365,24,0,0,0,0,0,0,12,12,0
153.417,0,10842112,windows,0,3600,3365,24,0,0,0,0,0,0,12,12,0
153.657,1,10505216,windows,0,3600,3365,24,0,0,0,0,0,0,12,12,0
153.679,0,10858496,windows,0,3600,3365,24,0,0,0,0,0,0,12,12,0
153.918,1,10524672,windows,0,3600,3365,24,0,0,0,0,0,0,12,12,0
153.939,0,10876928,windows,0,3600,3365,24,0,0,0,0,0,0,12,12,0
154.184,1,10540032,windows,0,3600,3365,24,0,0,0,0,0,0,12,12,0
154.211,0,10895360,repair,520,1.92953e+07,1.92825e+07,1170,0,0,1,347,172,0,786,262,122
154.448,1,10556416,windows,0,3600,3365,24,0,0,0,0,0,0,12,12,0
154.462,0,10917888,repair,269,6.62202e+07,6.62202e+07,3613,12,47,46,105,59,0,2018,1478,117
154.713,1,10571776,windows,0,3600,3365,24,0,0,0,0,0,0,12,12,0
154.713,0,10940416,repair,171,5.51076e+07,5.51076e+07,3360,11,32,30,59,39,0,1923,1335,102
154.965,1,10587136,repair,0,3600,3365,24,0,0,0,0,0,0,12,12,0
154.972,0,10962944,repair,98,4.968e+07,4.96677e+07,3211,4,12,18,39,25,0,1839,1269,103
155.227,0,10984448,repair,54,3.92324e+07,3.92302e+07,2869,3,10,8,24,9,0,1678,1116,75
155.229,1,10602496,windows,0,3600,3365,24,0,0,0,0,0,0,12,12,0
155.478,0,11005952,repair,22,3.28787e+07,3.28787e+07,2670,0,4,3,8,7,0,1614,993,63
155.488,1,10618880,windows,0,3600,3365,24,0,0,0,0,0,0,12,12,0
155.732,0,11027456,repair,4,2.40367e+07,2.40294e+07,2320,0,0,0,1,3,0,1450,820,50
155.748,1,10636288,windows,0,3600,3365,24,0,0,0,0,0,0,12,12,0
155.995,0,11049984,windows,0,1.58069e+07,1.58069e+07,1928,0,0,0,0,0,0,1251,629,48
155.999,1,10654720,windows,0,3600,3365,24,0,0,0,0,0,0,12,12,0
156.246,0,11068416,windows,0,1.02271e+07,1.0221e+07,1558,0,0,0,0,0,0,1033,493,32
156.255,1,10673152,windows,0,3600,3365,24,0,0,0,0,0,0,12,12,0
156.499,0,11087872,windows,0,6.98368e+06,6.97568e+06,1296,0,0,0,0,0,0,867,400,29
156.515,1,10692608,windows,0,3600,3365,24,0,0,0,0,0,0,12,12,0
156.764,0,11106304,windows,0,4.65284e+06,4.64856e+06,1061,0,0,0,0,0,0,714,323,24
156.778,1,10711040,windows,0,3600,3365,24,0,0,0,0,0,0,12,12,0
157.027,0,11124736,windows,0,3.29291e+06,3.29235e+06,893,0,0,0,0,0,0,604,270,19
157.037,1,10729472,windows,0,3600,3365,24,0,0,0,0,0,0,12,12,0
157.281,0,11142144,windows,0,2.4326e+06,2.42552e+06,779,0,0,0,0,0,0,539,220,20
157.291,1,10746880,windows,0,3600,3365,24,0,0,0,0,0,0,12,12,0
157.533,0,11161600,windows,0,1.81402e+06,1.8116e+06,677,0,0,0,0,0,0,483,179,15
157.542,1,10765312,windows,0,3600,3365,24,0,0,0,0,0,0,12,12,0
157.786,0,11180032,windows,0,1.19419e+06,1.19419e+06,541,0,0,0,0,0,0,368,160,13
157.801,1,10783744,windows,0,3600,3365,24,0,0,0,0,0,0,12,12,0
158.046,0,11197440,windows,0,872495,868004,473,0,0,0,0,0,0,339,121,13
158.06,1,10804224,windows,0,3600,3365,24,0,0,0,0,0,0,12,12,0
158.309,0,11213824,windows,0,684760,684760,412,0,0,0,0,0,0,284,118,10
158.315,1,10822656,repair,468,3.92841e+07,3.92765e+07,2683,27,84,62,196,99,0,1525,1039,119
158.566,1,10845184,repair,259,6.67906e+07,6.67575e+07,3641,25,55,47,90,42,0,2042,1485,114
158.57,0,11230208,windows,0,526130,526130,364,0,0,0,0,0,0,256,99,9
158.818,1,10866688,repair,165,5.68909e+07,5.6851e+07,3347,10,31,31,61,32,0,1864,1390,93
158.82,0,11245568,windows,0,370015,368240,301,0,0,0,0,0,0,205,89,7
159.072,1,10889216,repair,99,4.88575e+07,4.88484e+07,3166,7,15,19,37,21,0,1810,1265,91
159.074,0,11260928,windows,0,281620,279166,263,0,0,0,0,0,0,176,79,8
159.328,1,10911744,repair,49,4.21327e+07,4.2101e+07,2989,1,8,5,24,11,0,1758,1149,82
159.339,0,11277312,windows,0,216235,216235,234,0,0,0,0,0,0,163,64,7
159.578,1,10933248,repair,18,3.37847e+07,3.37766e+07,2707,1,2,1,9,5,0,1635,1007,65
159.596,0,11292672,windows,0,160745,160512,202,0,0,0,0,0,0,137,57,8
159.831,1,10953728,repair,1,2.78331e+07,2.78238e+07,2480,0,0,0,1,0,0,1526,897,57
159.861,0,11309056,windows,0,115270,114681,172,0,0,0,0,0,0,118,47,7
160.081,1,10973184,repair,1,1.79784e+07,1.79784e+07,2070,0,0,0,1,0,0,1350,662,58
160.119,0,11324416,windows,0,92180,92180,151,0,0,0,0,0,0,96,47,8
160.335,1,10992640,windows,0,1.28761e+07,1.28648e+07,1741,0,0,0,0,0,0,1135,565,41
160.369,0,11339776,windows,0,77170,75673.8,138,0,0,0,0,0,0,88,43,7
160.597,1,11012096,windows,0,8.60747e+06,8.59261e+06,1423,0,0,0,0,0,0,928,462,33
160.626,0,11355136,windows,0,62905,62732.5,126,0,0,0,0,0,0,83,37,6
160.857,1,11031552,windows,0,5.57798e+06,5.57349e+06,1144,0,0,0,0,0,0,745,373,26
160.895,0,11371520,windows,0,51590,51327.5,116,0,0,0,0,0,0,74,33,9
161.123,1,11049984,windows,0,3.8809e+06,3.8776e+06,973,0,0,0,0,0,0,659,291,23
161.157,0,11389952,windows,0,37435,37101.2,100,0,0,0,0,0,0,67,26,7
161.381,1,11068416,windows,0,2.8027e+06,2.79497e+06,829,0,0,0,0,0,0,560,247,22
161.411,0,11409408,windows,0,33865,33290,92,0,0,0,0,0,0,55,29,8
161.638,1,11086848,windows,0,2.04731e+06,2.04481e+06,719,0,0,0,0,0,0,500,198,21
161.662,0,11427840,windows,0,27485,26746.2,85,0,0,0,0,0,0,53,24,8
161.897,1,11103232,windows,0,1.45974e+06,1.45933e+06,593,0,0,0,0,0,0,396,183,14
161.924,0,11446272,windows,0,23545,23545,78,0,0,0,0,0,0,47,23,8
162.159,1,11119616,windows,0,1.05888e+06,1.05676e+06,509,0,0,0,0,0,0,342,153,14
162.186,0,11463680,windows,0,17705,17290,66,0,0,0,0,0,0,41,21,4
162.42,1,11133952,windows,0,830260,825824,458,0,0,0,0,0,0,322,124,12
162.446,0,11479040,windows,0,15700,15325,63,0,0,0,0,0,0,40,19,4
162.674,1,11150336,windows,0,670100,670100,409,0,0,0,0,0,0,280,117,12
162.705,0,11496448,windows,0,14005,13690,61,0,0,0,0,0,0,41,16,4
162.925,1,11168768,windows,0,474530,472212,340,0,0,0,0,0,0,228,103,9
162.965,0,11515904,windows,0,13205,13011.2,59,0,0,0,0,0,0,39,16,4
163.183,1,11188224,windows,0,341350,341350,288,0,0,0,0,0,0,190,89,9
163.218,0,11534336,windows,0,12820,12631.2,58,0,0,0,0,0,0,38,16,4
163.442,1,11206656,windows,0,245190,243492,244,0,0,0,0,0,0,162,75,7
163.48,0,11553792,windows,0,12445,12445,57,0,0,0,0,0,0,37,16,4
163.693,1,11225088,windows,0,177490,176192,214,0,0,0,0,0,0,152,55,7
163.734,0,11572224,windows,0,11725,11551.2,55,0,0,0,0,0,0,35,16,4
163.952,1,11242496,windows,0,125220,125220,176,0,0,0,0,0,0,114,54,8
163.992,0,11591680,windows,0,11045,10881.2,53,0,0,0,0,0,0,33,16,4
164.204,1,11258880,windows,0,104405,103278,161,0,0,0,0,0,0,107,48,6
164.252,0,11609088,windows,0,10760,10591.2,53,0,0,0,0,0,0,34,15,4
164.455,1,11276288,windows,0,84475,84475,142,0,0,0,0,0,0,91,46,5
164.508,0,11626496,windows,0,10425,10261.2,52,0,0,0,0,0,0,33,15,4
164.706,1,11294720,windows,0,75070,74132.5,137,0,0,0,0,0,0,92,40,5
164.766,0,11642880,windows,0,8900,8751.25,48,0,0,0,0,0,0,30,14,4
164.969,1,11313152,windows,0,61960,60613.8,122,0,0,0,0,0,0,76,40,6
165.017,0,11659264,windows,0,7780,7780,45,0,0,0,0,0,0,28,13,4
165.222,1,11331584,windows,0,46060,45192.5,105,0,0,0,0,0,0,64,35,6
165.273,0,11675648,windows,0,7240,7240,43,0,0,0,0,0,0,26,13,4
165.473,1,11351040,windows,0,41135,40480,99,0,0,0,0,0,0,61,33,5
165.538,0,11692032,windows,0,7240,7240,43,0,0,0,0,0,0,26,13,4
165.73,1,11370496,windows,0,38635,37706.2,96,0,0,0,0,0,0,59,32,5
165.794,0,11707392,windows,0,6740,6611.25,42,0,0,0,0,0,0,26,12,4
165.984,1,11388928,windows,0,36355,35446.2,92,0,0,0,0,0,0,55,32,5
166.054,0,11723776,windows,0,6025,6025,40,0,0,0,0,0,0,25,11,4
166.236,1,11407360,windows,0,34015,33136.2,89,0,0,0,0,0,0,53,31,5
166.315,0,11741184,windows,0,6025,6025,40,0,0,0,0,0,0,25,11,4
166.486,1,11425792,windows,0,30485,29890,83,0,0,0,0,0,0,49,30,4
166.568,0,11757568,windows,0,5780,5780,39,0,0,0,0,0,0,24,11,4
166.748,1,11443200,windows,0,28580,28045,83,0,0,0,0,0,0,52,27,4
166.833,0,11773952,windows,0,5545,5545,38,0,0,0,0,0,0,23,11,4
166.998,1,11460608,windows,0,28045,27781.2,83,0,0,0,0,0,0,53,26,4
167.097,0,11790336,windows,0,5545,5545,38,0,0,0,0,0,0,23,11,4
167.255,1,11479040,windows,0,25045,25045,77,0,0,0,0,0,0,47,26,4
167.361,0,11806720,windows,0,4295,4181.25,33,0,0,0,0,0,0,23,9,1
167.51,1,11497472,windows,0,22660,21946.2,73,0,0,0,0,0,0,44,25,4
167.624,0,11827200,windows,0,4235,4040,32,0,0,0,0,0,0,21,10,1
167.76,1,11516928,windows,0,21680,21461.2,72,0,0,0,0,0,0,44,24,4
167.885,0,11847680,windows,0,4070,3961.25,32,0,0,0,0,0,0,22,9,1
168.021,1,11535360,windows,0,20740,20521.2,71,0,0,0,0,0,0,44,23,4
168.141,0,11868160,windows,0,3650,3551.25,30,0,0,0,0,0,0,20,9,1
168.282,1,11554816,windows,0,20000,19801.2,68,0,0,0,0,0,0,40,24,4
168.396,0,11888640,windows,0,3650,3551.25,30,0,0,0,0,0,0,20,9,1
168.541,1,11575296,windows,0,19605,19411.2,67,0,0,0,0,0,0,39,24,4
168.653,0,11907072,windows,0,3310,3211.25,29,0,0,0,0,0,0,20,8,1
168.796,1,11594752,windows,0,18845,18370,65,0,0,0,0,0,0,37,24,4
168.917,0,11923456,windows,0,3310,3211.25,29,0,0,0,0,0,0,20,8,1
169.057,1,11615232,windows,0,18480,17826.2,64,0,0,0,0,0,0,36,24,4
169.171,0,11939840,windows,0,3115,3021.25,28,0,0,0,0,0,0,19,8,1
169.314,1,11635712,windows,0,17185,17185,62,0,0,0,0,0,0,35,23,4
169.427,0,11958272,windows,0,3115,3021.25,28,0,0,0,0,0,0,19,8,1
169.576,1,11654144,windows,0,17185,17185,62,0,0,0,0,0,0,35,23,4
169.692,0,11976704,windows,0,2930,2930,27,0,0,0,0,0,0,18,8,1
169.841,1,11672576,windows,0,16505,16505,60,0,0,0,0,0,0,33,23,4
169.955,0,11994112,windows,0,2755,2755,26,0,0,0,0,0,0,17,8,1
170.105,1,11689984,windows,0,16505,16505,60,0,0,0,0,0,0,33,23,4
170.218,0,12013568,windows,0,2755,2755,26,0,0,0,0,0,0,17,8,1
170.359,1,11706368,windows,0,16180,16180,59,0,0,0,0,0,0,32,23,4
170.468,0,12032000,windows,0,2755,2755,26,0,0,0,0,0,0,17,8,1
170.614,1,11724800,windows,0,16180,16180,59,0,0,0,0,0,0,32,23,4
170.734,0,12052480,windows,0,2755,2755,26,0,0,0,0,0,0,17,8,1
170.872,1,11744256,windows,0,15865,15711.2,58,0,0,0,0,0,0,31,23,4
170.991,0,12069888,windows,0,2590,2356.25,25,0,0,0,0,0,0,16,8,1
171.139,1,11761664,windows,0,15070,14911.2,57,0,0,0,0,0,0,32,22,3
171.249,0,12089344,windows,0,2590,2356.25,25,0,0,0,0,0,0,16,8,1
171.393,1,11779072,windows,0,14450,14301.2,55,0,0,0,0,0,0,30,22,3
171.502,0,12109824,windows,0,2590,2356.25,25,0,0,0,0,0,0,16,8,1
171.645,1,11796480,windows,0,14155,14011.2,54,0,0,0,0,0,0,29,22,3
171.765,0,12130304,windows,0,2590,2356.25,25,0,0,0,0,0,0,16,8,1
171.902,1,11813888,windows,0,13595,13595,52,0,0,0,0,0,0,27,22,3
172.021,0,12149760,windows,0,2590,2356.25,25,0,0,0,0,0,0,16,8,1
172.159,1,11831296,windows,0,13330,13201.2,51,0,0,0,0,0,0,26,22,3
172.279,0,12169216,windows,0,2590,2356.25,25,0,0,0,0,0,0,16,8,1
172.42,1,11848704,windows,0,13330,13201.2,51,0,0,0,0,0,0,26,22,3
172.544,0,12187648,windows,0,2590,2356.25,25,0,0,0,0,0,0,16,8,1
172.674,1,11864064,windows,0,13330,13201.2,51,0,0,0,0,0,0,26,22,3
172.797,0,12206080,windows,0,2590,2356.25,25,0,0,0,0,0,0,16,8,1
172.936,1,11881472,windows,0,13330,13201.2,51,0,0,0,0,0,0,26,22,3
173.059,0,12224512,windows,0,2590,2356.25,25,0,0,0,0,0,0,16,8,1
173.197,1,11898880,windows,0,13330,13201.2,51,0,0,0,0,0,0,26,22,3
173.319,0,12246016,windows,0,2590,2356.25,25,0,0,0,0,0,0,16,8,1
173.455,1,11916288,windows,0,13075,12640,50,0,0,0,0,0,0,25,22,3
173.569,0,12265472,windows,0,2590,2356.25,25,0,0,0,0,0,0,16,8,1
173.709,1,11933696,windows,0,11135,10760,49,0,0,0,0,0,0,27,19,3
173.825,0,12285952,windows,0,2590,2356.25,25,0,0,0,0,0,0,16,8,1
173.969,1,11951104,windows,0,10135,10021.2,45,0,0,0,0,0,0,23,19,3
174.088,0,12307456,windows,0,2590,2356.25,25,0,0,0,0,0,0,16,8,1
174.222,1,11967488,windows,0,9910,9801.25,44,0,0,0,0,0,0,22,19,3
174.341,0,12328960,windows,0,2590,2356.25,25,0,0,0,0,0,0,16,8,1
174.476,1,11983872,windows,0,9910,9801.25,44,0,0,0,0,0,0,22,19,3
174.602,0,12349440,windows,0,2590,2356.25,25,0,0,0,0,0,0,16,8,1
174.739,1,12002304,windows,0,9695,9216.25,43,0,0,0,0,0,0,21,19,3
174.867,0,12366848,windows,0,2590,2356.25,25,0,0,0,0,0,0,16,8,1
174.992,1,12019712,windows,0,9490,9016.25,42,0,0,0,0,0,0,20,19,3
175.124,0,12383232,windows,0,2590,2356.25,25,0,0,0,0,0,0,16,8,1
175.253,1,12038144,windows,0,8695,8246.25,43,0,0,0,0,0,0,23,17,3
175.381,0,12399616,windows,0,2590,2356.25,25,0,0,0,0,0,0,16,8,1
175.509,1,12056576,windows,0,8470,8026.25,42,0,0,0,0,0,0,22,17,3
175.642,0,12417024,windows,0,2590,2356.25,25,0,0,0,0,0,0,16,8,1
175.77,1,12075008,windows,0,7670,7246.25,38,0,0,0,0,0,0,18,17,3
175.896,0,12433408,windows,0,2590,2356.25,25,0,0,0,0,0,0,16,8,1
176.031,1,12093440,windows,0,7195,6880,38,0,0,0,0,0,0,19,16,3
176.158,0,12450816,windows,0,2590,2356.25,25,0,0,0,0,0,0,16,8,1
176.283,1,12114944,windows,0,6515,6200,34,0,0,0,0,0,0,15,16,3
176.413,0,12468224,windows,0,2590,2356.25,25,0,0,0,0,0,0,16,8,1
176.537,1,12136448,windows,0,6370,6055,33,0,0,0,0,0,0,14,16,3
176.673,0,12485632,windows,0,2590,2356.25,25,0,0,0,0,0,0,16,8,1
176.793,1,12157952,windows,0,6235,5920,32,0,0,0,0,0,0,13,16,3
176.937,0,12504064,windows,0,2590,2356.25,25,0,0,0,0,0,0,16,8,1
177.052,1,12178432,windows,0,5895,5600,33,0,0,0,0,0,0,15,15,3
177.203,0,12521472,windows,0,2590,2356.25,25,0,0,0,0,0,0,16,8,1
177.303,1,12196864,windows,0,5895,5600,33,0,0,0,0,0,0,15,15,3
177.458,0,12539904,windows,0,2590,2356.25,25,0,0,0,0,0,0,16,8,1
177.555,1,12216320,windows,0,5895,5600,33,0,0,0,0,0,0,15,15,3
177.717,0,12557312,repair,0,2590,2356.25,25,0,0,0,0,0,0,16,8,1
177.812,1,12236800,windows,0,5895,5600,33,0,0,0,0,0,0,15,15,3
177.976,0,12573696,repair,0,2590,2356.25,25,0,0,0,0,0,0,16,8,1
178.064,1,12258304,windows,0,2590,2356.25,25,0,0,0,0,0,0,16,8,1
178.226,0,12589056,windows,0,2590,2356.25,25,0,0,0,0,0,0,16,8,1
178.324,1,12279808,windows,0,2590,2356.25,25,0,0,0,0,0,0,16,8,1
178.487,0,12606464,windows,0,2590,2356.25,25,0,0,0,0,0,0,16,8,1
178.576,1,12300288,windows,0,2590,2356.25,25,0,0,0,0,0,0,16,8,1
178.74,0,12621824,windows,0,2590,2356.25,25,0,0,0,0,0,0,16,8,1
178.828,1,12319744,windows,0,2590,2356.25,25,0,0,0,0,0,0,16,8,1
178.998,0,12638208,windows,0,2590,2356.25,25,0,0,0,0,0,0,16,8,1
179.085,1,12339200,windows,0,2590,2356.25,25,0,0,0,0,0,0,16,8,1
179.256,0,12654592,windows,0,2590,2356.25,25,0,0,0,0,0,0,16,8,1
179.337,1,12359680,windows,0,2590,2356.25,25,0,0,0,0,0,0,16,8,1
179.516,0,12672000,windows,0,2590,2356.25,25,0,0,0,0,0,0,16,8,1
179.596,1,12380160,windows,0,2590,2356.25,25,0,0,0,0,0,0,16,8,1
179.779,0,12688384,windows,0,2590,2356.25,25,0,0,0,0,0,0,16,8,1
179.857,1,12399616,windows,0,2590,2356.25,25,0,0,0,0,0,0,16,8,1
180.032,0,12704768,windows,0,2590,2356.25,25,0,0,0,0,0,0,16,8,1
180.112,1,12416000,windows,0,2590,2356.25,25,0,0,0,0,0,0,16,8,1
180.283,0,12720128,windows,0,2590,2356.25,25,0,0,0,0,0,0,16,8,1
180.379,1,12432384,windows,0,2590,2356.25,25,0,0,0,0,0,0,16,8,1
180.537,0,12735488,windows,0,2590,2356.25,25,0,0,0,0,0,0,16,8,1
180.649,1,12448768,windows,0,2590,2356.25,25,0,0,0,0,0,0,16,8,1
180.795,0,12751872,windows,0,2590,2356.25,25,0,0,0,0,0,0,16,8,1
180.914,1,12465152,windows,0,2590,2356.25,25,0,0,0,0,0,0,16,8,1
181.062,0,12768256,windows,0,2590,2356.25,25,0,0,0,0,0,0,16,8,1
181.165,1,12480512,windows,0,2590,2356.25,25,0,0,0,0,0,0,16,8,1
181.313,0,12784640,windows,0,2590,2356.25,25,0,0,0,0,0,0,16,8,1
181.419,1,12496896,windows,0,2590,2356.25,25,0,0,0,0,0,0,16,8,1
181.576,0,12802048,windows,0,2590,2356.25,25,0,0,0,0,0,0,16,8,1
181.678,1,12514304,windows,0,2590,2356.25,25,0,0,0,0,0,0,16,8,1
181.842,0,12818432,windows,0,2590,2356.25,25,0,0,0,0,0,0,16,8,1
181.943,1,12531712,windows,0,2590,2356.25,25,0,0,0,0,0,0,16,8,1
182.099,0,12833792,repair,0,2590,2356.25,25,0,0,0,0,0,0,16,8,1
182.208,1,12549120,windows,0,2590,2356.25,25,0,0,0,0,0,0,16,8,1
182.357,0,12851200,repair,0,2590,2356.25,25,0,0,0,0,0,0,16,8,1
182.465,1,12564480,repair,0,2590,2356.25,25,0,0,0,0,0,0,16,8,1
182.608,0,12869632,windows,0,2590,2356.25,25,0,0,0,0,0,0,16,8,1
182.729,1,12581888,repair,0,2590,2356.25,25,0,0,0,0,0,0,16,8,1
182.861,0,12888064,windows,0,2590,2356.25,25,0,0,0,0,0,0,16,8,1
182.983,1,12598272,windows,0,2590,2356.25,25,0,0,0,0,0,0,16,8,1
183.119,0,12907520,windows,0,2590,2356.25,25,0,0,0,0,0,0,16,8,1
183.233,1,12613632,windows,0,2590,2356.25,25,0,0,0,0,0,0,16,8,1
183.369,0,12925952,windows,0,2590,2356.25,25,0,0,0,0,0,0,16,8,1
183.489,1,12628992,windows,0,2590,2356.25,25,0,0,0,0,0,0,16,8,1
183.62,0,12943360,windows,0,2590,2356.25,25,0,0,0,0,0,0,16,8,1
183.743,1,12644352,windows,0,2590,2356.25,25,0,0,0,0,0,0,16,8,1
183.877,0,12961792,windows,0,2590,2356.25,25,0,0,0,0,0,0,16,8,1
183.995,1,12660736,windows,0,2590,2356.25,25,0,0,0,0,0,0,16,8,1
184.13,0,12981248,windows,0,2590,2356.25,25,0,0,0,0,0,0,16,8,1
184.252,1,12677120,windows,0,2590,2356.25,25,0,0,0,0,0,0,16,8,1
184.384,0,13000704,windows,0,2590,2356.25,25,0,0,0,0,0,0,16,8,1
184.505,1,12695552,windows,0,2590,2356.25,25,0,0,0,0,0,0,16,8,1
184.64,0,13019136,windows,0,2590,2356.25,25,0,0,0,0,0,0,16,8,1
184.763,1,12716032,windows,0,2590,2356.25,25,0,0,0,0,0,0,16,8,1
184.902,0,13039616,windows,0,2590,2356.25,25,0,0,0,0,0,0,16,8,1
185.021,1,12736512,windows,0,2590,2356.25,25,0,0,0,0,0,0,16,8,1
185.158,0,13059072,windows,0,2590,2356.25,25,0,0,0,0,0,0,16,8,1
185.277,1,12758016,windows,0,2590,2356.25,25,0,0,0,0,0,0,16,8,1
185.414,0,13079552,windows,0,2590,2356.25,25,0,0,0,0,0,0,16,8,1
185.54,1,12777472,windows,0,2590,2356.25,25,0,0,0,0,0,0,16,8,1
185.667,0,13097984,windows,0,2590,2356.25,25,0,0,0,0,0,0,16,8,1
185.796,1,12794880,windows,0,2590,2356.25,25,0,0,0,0,0,0,16,8,1
185.919,0,13115392,windows,0,2590,2356.25,25,0,0,0,0,0,0,16,8,1
186.059,1,12812288,windows,0,2590,2356.25,25,0,0,0,0,0,0,16,8,1
186.172,0,13132800,windows,0,2590,2356.25,25,0,0,0,0,0,0,16,8,1
186.315,1,12829696,windows,0,2590,2356.25,25,0,0,0,0,0,0,16,8,1
186.433,0,13152256,windows,0,2590,2356.25,25,0,0,0,0,0,0,16,8,1
186.569,1,12849152,windows,0,2590,2356.25,25,0,0,0,0,0,0,16,8,1
186.69,0,13171712,windows,0,2590,2356.25,25,0,0,0,0,0,0,16,8,1
186.83,1,12870656,windows,0,2590,2356.25,25,0,0,0,0,0,0,16,8,1
186.943,0,13189120,windows,0,2590,2356.25,25,0,0,0,0,0,0,16,8,1
187.085,1,12889088,windows,0,2590,2356.25,25,0,0,0,0,0,0,16,8,1
187.207,0,13207552,repair,0,2590,2356.25,25,0,0,0,0,0,0,16,8,1
187.339,1,12905472,windows,0,2590,2356.25,25,0,0,0,0,0,0,16,8,1
187.461,0,13225984,windows,0,2590,2356.25,25,0,0,0,0,0,0,16,8,1
187.599,1,12924928,windows,0,2590,2356.25,25,0,0,0,0,0,0,16,8,1
187.717,0,13243392,windows,0,2590,2356.25,25,0,0,0,0,0,0,16,8,1
187.851,1,12943360,windows,0,2590,2356.25,25,0,0,0,0,0,0,16,8,1
187.969,0,13259776,windows,0,2590,2356.25,25,0,0,0,0,0,0,16,8,1
188.103,1,12960768,windows,0,2590,2356.25,25,0,0,0,0,0,0,16,8,1
188.231,0,13276160,windows,0,2590,2356.25,25,0,0,0,0,0,0,16,8,1
188.362,1,12980224,windows,0,2590,2356.25,25,0,0,0,0,0,0,16,8,1
188.487,0,13292544,windows,0,2590,2356.25,25,0,0,0,0,0,0,16,8,1
188.624,1,12998656,windows,0,2590,2356.25,25,0,0,0,0,0,0,16,8,1
188.751,0,13307904,windows,0,2590,2356.25,25,0,0,0,0,0,0,16,8,1
188.887,1,13017088,windows,0,2590,2356.25,25,0,0,0,0,0,0,16,8,1
189.007,0,13324288,windows,0,2590,2356.25,25,0,0,0,0,0,0,16,8,1
189.141,1,13036544,windows,0,2590,2356.25,25,0,0,0,0,0,0,16,8,1
189.261,0,13340672,windows,0,2590,2356.25,25,0,0,0,0,0,0,16,8,1
189.391,1,13056000,windows,0,2590,2356.25,25,0,0,0,0,0,0,16,8,1
189.518,0,13355008,repair,377,6.42483e+07,6.42391e+07,3438,25,76,84,120,72,0,1835,1484,119
189.65,1,13075456,windows,0,2590,2356.25,25,0,0,0,0,0,0,16,8,1
189.779,0,13374464,repair,254,6.19041e+07,6.18657e+07,3487,9,48,46,98,53,0,1946,1433,108
189.912,1,13093888,windows,0,2590,2356.25,25,0,0,0,0,0,0,16,8,1
190.039,0,13393920,repair,166,5.83727e+07,5.83698e+07,3448,15,27,22,78,24,0,1973,1376,99
190.176,1,13111296,windows,0,2590,2356.25,25,0,0,0,0,0,0,16,8,1
190.296,0,13412352,repair,116,4.60833e+07,4.60742e+07,3122,4,25,21,46,20,0,1813,1204,105
190.434,1,13126656,windows,0,2590,2356.25,25,0,0,0,0,0,0,16,8,1
190.555,0,13430784,repair,62,4.08025e+07,4.07688e+07,2889,4,11,8,28,11,0,1656,1158,75
190.686,1,13144064,windows,0,2590,2356.25,25,0,0,0,0,0,0,16,8,1
190.808,0,13449216,repair,30,3.53581e+07,3.5327e+07,2737,3,1,5,13,8,0,1619,1051,67
190.95,1,13162496,windows,0,2590,2356.25,25,0,0,0,0,0,0,16,8,1
191.065,0,13466624,repair,11,3.00611e+07,3.00393e+07,2529,0,0,2,9,0,0,1476,974,79
191.201,1,13178880,windows,0,2590,2356.25,25,0,0,0,0,0,0,16,8,1
191.325,0,13486080,repair,1,2.33533e+07,2.33285e+07,2321,0,1,0,0,0,0,1476,786,59
191.452,1,13196288,windows,0,2590,2356.25,25,0,0,0,0,0,0,16,8,1
191.587,0,13505536,windows,0,1.40221e+07,1.40221e+07,1771,0,0,0,0,0,0,1106,627,38
191.709,1,13213696,windows,0,2590,2356.25,25,0,0,0,0,0,0,16,8,1
191.852,0,13523968,windows,0,9.47158e+06,9.46661e+06,1499,0,0,0,0,0,0,993,475,31
191.966,1,13230080,repair,0,2590,2356.25,25,0,0,0,0,0,0,16,8,1
192.114,0,13542400,windows,0,6.67094e+06,6.66231e+06,1263,0,0,0,0,0,0,844,393,26
192.225,1,13250560,windows,0,2590,2356.25,25,0,0,0,0,0,0,16,8,1
192.364,0,13558784,windows,0,4.64218e+06,4.64218e+06,1065,0,0,0,0,0,0,723,317,25
192.485,1,13268992,windows,0,2590,2356.25,25,0,0,0,0,0,0,16,8,1
192.62,0,13574144,windows,0,3.59052e+06,3.58993e+06,945,0,0,0,0,0,0,661,264,20
192.742,1,13287424,windows,0,2590,2356.25,25,0,0,0,0,0,0,16,8,1
192.872,0,13591552,windows,0,2.64797e+06,2.64797e+06,814,0,0,0,0,0,0,580,219,15
193.001,1,13305856,windows,0,2590,2356.25,25,0,0,0,0,0,0,16,8,1
193.128,0,13608960,windows,0,2.02058e+06,2.0163e+06,709,0,0,0,0,0,0,501,195,13
193.267,1,13324288,windows,0,2590,2356.25,25,0,0,0,0,0,0,16,8,1
193.386,0,13626368,windows,0,1.4822e+06,1.47877e+06,605,0,0,0,0,0,0,421,172,12
193.519,1,13339648,windows,0,2590,2356.25,25,0,0,0,0,0,0,16,8,1
193.644,0,13644800,windows,0,1.07669e+06,1.07637e+06,519,0,0,0,0,0,0,366,142,11
193.782,1,13356032,windows,0,2590,2356.25,25,0,0,0,0,0,0,16,8,1
193.898,0,13663232,windows,0,798850,796929,450,0,0,0,0,0,0,320,119,11
194.041,1,13372416,windows,0,2590,2356.25,25,0,0,0,0,0,0,16,8,1
194.151,0,13680640,windows,0,592745,590538,388,0,0,0,0,0,0,281,99,8
194.296,1,13388800,windows,0,2590,2356.25,25,0,0,0,0,0,0,16,8,1
194.401,0,13698048,windows,0,440420,437356,328,0,0,0,0,0,0,222,98,8
194.549,1,13405184,windows,0,2590,2356.25,25,0,0,0,0,0,0,16,8,1
194.662,0,13716480,windows,0,325510,323735,278,0,0,0,0,0,0,182,89,7
194.801,1,13421568,windows,0,2590,2356.25,25,0,0,0,0,0,0,16,8,1
194.919,0,13733888,windows,0,246720,245052,248,0,0,0,0,0,0,168,72,8
195.057,1,13438976,repair,0,2590,2356.25,25,0,0,0,0,0,0,16,8,1
195.176,0,13748224,windows,0,206450,206450,225,0,0,0,0,0,0,150,68,7
195.315,1,13456384,windows,0,2590,2356.25,25,0,0,0,0,0,0,16,8,1
195.428,0,13763584,windows,0,147970,147149,190,0,0,0,0,0,0,124,59,7
195.579,1,13473792,windows,0,2590,2356.25,25,0,0,0,0,0,0,16,8,1
195.682,0,13778944,windows,0,110025,110025,168,0,0,0,0,0,0,117,45,6
195.832,1,13490176,windows,0,2590,2356.25,25,0,0,0,0,0,0,16,8,1
195.933,0,13794304,windows,0,92210,91538.8,153,0,0,0,0,0,0,106,42,5
196.09,1,13506560,windows,0,2590,2356.25,25,0,0,0,0,0,0,16,8,1
196.196,0,13811712,windows,0,73220,72332.5,135,0,0,0,0,0,0,92,39,4
196.351,1,13522944,windows,0,2590,2356.25,25,0,0,0,0,0,0,16,8,1
196.45,0,13830144,windows,0,61680,61148.8,124,0,0,0,0,0,0,84,36,4
196.604,1,13539328,windows,0,2590,2356.25,25,0,0,0,0,0,0,16,8,1
196.704,0,13847552,windows,0,42085,41972.5,101,0,0,0,0,0,0,65,32,4
196.862,1,13555712,windows,0,2590,2356.25,25,0,0,0,0,0,0,16,8,1
196.966,0,13863936,windows,0,36005,35337.5,95,0,0,0,0,0,0,63,28,4
197.127,1,13573120,windows,0,2590,2356.25,25,0,0,0,0,0,0,16,8,1
197.216,0,13879296,windows,0,31405,31292.5,89,0,0,0,0,0,0,59,26,4
197.392,1,13590528,windows,0,2590,2356.25,25,0,0,0,0,0,0,16,8,1
197.48,0,13895680,windows,0,29125,28738.8,85,0,0,0,0,0,0,55,26,4
197.645,1,13605888,repair,328,6.38313e+07,6.38022e+07,3500,19,73,67,107,62,0,1939,1456,105
197.738,0,13911040,windows,0,25640,24992.5,77,0,0,0,0,0,0,46,27,4
197.896,1,13625344,repair,226,5.88095e+07,5.88065e+07,3436,15,34,46,93,38,0,1955,1382,99
197.996,0,13927424,windows,0,21680,21348.8,72,0,0,0,0,0,0,44,24,4
198.146,1,13644800,repair,153,4.78876e+07,4.78759e+07,3114,10,27,25,54,37,0,1765,1255,94
198.262,0,13943808,windows,0,21185,20848.8,72,0,0,0,0,0,0,45,23,4
198.405,1,13664256,repair,87,4.53691e+07,4.53333e+07,3051,5,21,14,27,20,0,1740,1221,90
198.519,0,13960192,windows,0,19840,19292.5,70,0,0,0,0,0,0,44,22,4
198.66,1,13682688,repair,43,4.2871e+07,4.28623e+07,2988,2,3,7,20,11,0,1736,1174,78
198.77,0,13975552,windows,0,18120,17798.8,67,0,0,0,0,0,0,42,21,4
198.919,1,13701120,repair,20,3.43324e+07,3.43014e+07,2720,0,1,6,10,3,0,1612,1028,80
199.038,0,13991936,windows,0,15700,15013.8,63,0,0,0,0,0,0,40,19,4
199.178,1,13719552,repair,3,2.67398e+07,2.67376e+07,2413,1,0,1,1,0,0,1438,901,74
199.293,0,14008320,windows,0,13480,13198.8,57,0,0,0,0,0,0,34,19,4
199.439,1,13740032,repair,0,2.27459e+07,2.2737e+07,2268,0,0,0,0,0,0,1409,797,62
199.548,0,14024704,windows,0,12875,12618.8,56,0,0,0,0,0,0,35,18,3
199.693,1,13760512,repair,0,1.21947e+07,1.21933e+07,1709,0,0,0,0,0,0,1120,541,48
199.806,0,14041088,windows,0,11495,11077.5,53,0,0,0,0,0,0,33,17,3
199.955,1,13782016,windows,0,8.59708e+06,8.58343e+06,1444,0,0,0,0,0,0,964,442,38
200.057,0,14056448,windows,0,11495,11077.5,53,0,0,0,0,0,0,33,17,3
200.212,1,13799424,windows,0,6.19853e+06,6.19755e+06,1220,0,0,0,0,0,0,804,383,33
200.308,0,14071808,windows,0,10550,10003.8,52,0,0,0,0,0,0,34,15,3
200.469,1,13815808,windows,0,4.3187e+06,4.31461e+06,1018,0,0,0,0,0,0,677,317,24
200.575,0,14087168,windows,0,10510,10112.5,51,0,0,0,0,0,0,32,16,3
200.732,1,13832192,windows,0,3.28956e+06,3.28652e+06,894,0,0,0,0,0,0,607,268,19
200.825,0,14102528,windows,0,9890,9492.5,49,0,0,0,0,0,0,30,16,3
200.989,1,13848576,windows,0,2.50882e+06,2.50616e+06,785,0,0,0,0,0,0,531,233,21
201.082,0,14117888,windows,0,8995,8912.5,48,0,0,0,0,0,0,31,14,3
201.25,1,13864960,windows,0,1.9232e+06,1.9232e+06,690,0,0,0,0,0,0,468,202,20
201.335,0,14133248,windows,0,8690,8332.5,47,0,0,0,0,0,0,30,14,3
201.517,1,13881344,windows,0,1.32816e+06,1.32281e+06,571,0,0,0,0,0,0,377,174,20
201.6,0,14149632,windows,0,8110,7752.5,45,0,0,0,0,0,0,28,14,3
201.774,1,13897728,windows,0,1.03856e+06,1.03856e+06,509,0,0,0,0,0,0,342,149,18
201.862,0,14166016,windows,0,8110,7752.5,45,0,0,0,0,0,0,28,14,3
202.035,1,13914112,windows,0,796975,795481,445,0,0,0,0,0,0,299,131,15
202.125,0,14182400,windows,0,8110,7752.5,45,0,0,0,0,0,0,28,14,3
202.294,1,13930496,windows,0,618565,615718,387,0,0,0,0,0,0,251,122,14
202.379,0,14198784,windows,0,7570,7083.75,43,0,0,0,0,0,0,26,14,3
202.555,1,13946880,windows,0,447035,445519,336,0,0,0,0,0,0,227,96,13
202.632,0,14215168,windows,0,7570,7083.75,43,0,0,0,0,0,0,26,14,3
202.806,1,13960192,windows,0,354770,351584,293,0,0,0,0,0,0,186,94,13
202.882,0,14231552,windows,0,7570,7083.75,43,0,0,0,0,0,0,26,14,3
203.058,1,13976576,windows,0,290180,289828,268,0,0,0,0,0,0,174,82,12
203.148,0,14251008,windows,0,7570,7083.75,43,0,0,0,0,0,0,26,14,3
203.315,1,13991936,windows,0,235765,235472,241,0,0,0,0,0,0,157,74,10
203.416,0,14270464,windows,0,6880,6751.25,41,0,0,0,0,0,0,26,13,2
203.579,1,14008320,windows,0,197725,197432,221,0,0,0,0,0,0,143,68,10
203.675,0,14289920,windows,0,6880,6751.25,41,0,0,0,0,0,0,26,13,2
203.83,1,14022656,windows,0,154300,153389,195,0,0,0,0,0,0,124,61,10
203.93,0,14307328,windows,0,6880,6751.25,41,0,0,0,0,0,0,26,13,2
204.098,1,14034944,windows,0,127345,126489,178,0,0,0,0,0,0,113,55,10
204.197,0,14325760,windows,0,6880,6751.25,41,0,0,0,0,0,0,26,13,2
204.36,1,14049280,windows,0,114365,112484,167,0,0,0,0,0,0,103,54,10
204.451,0,14344192,windows,0,6880,6751.25,41,0,0,0,0,0,0,26,13,2
204.613,1,14064640,windows,0,99040,99040,157,0,0,0,0,0,0,98,49,10
204.715,0,14362624,windows,0,6880,6751.25,41,0,0,0,0,0,0,26,13,2
204.865,1,14080000,windows,0,84925,84481.2,145,0,0,0,0,0,0,89,46,10
204.969,0,14381056,windows,0,6880,6751.25,41,0,0,0,0,0,0,26,13,2
205.117,1,14095360,windows,0,68855,68451.2,131,0,0,0,0,0,0,81,41,9
205.222,0,14399488,windows,0,6880,6751.25,41,0,0,0,0,0,0,26,13,2
205.384,1,14111744,windows,0,59495,59131.2,121,0,0,0,0,0,0,73,39,9
205.477,0,14417920,windows,0,6880,6751.25,41,0,0,0,0,0,0,26,13,2
205.64,1,14128128,windows,0,56515,56161.2,118,0,0,0,0,0,0,71,38,9
205.736,0,14435328,windows,0,6880,6751.25,41,0,0,0,0,0,0,26,13,2
205.905,1,14145536,windows,0,50050,49787.5,112,0,0,0,0,0,0,68,35,9
205.995,0,14453760,repair,0,6880,6751.25,41,0,0,0,0,0,0,26,13,2
206.165,1,14161920,windows,0,48055,47792.5,109,0,0,0,0,0,0,65,35,9
206.246,0,14472192,windows,0,6880,6751.25,41,0,0,0,0,0,0,26,13,2
206.429,1,14179328,windows,0,42055,41518.8,99,0,0,0,0,0,0,55,35,9
206.503,0,14490624,windows,0,6880,6751.25,41,0,0,0,0,0,0,26,13,2
206.686,1,14196736,windows,0,39595,39332.5,96,0,0,0,0,0,0,53,34,9
206.762,0,14509056,windows,0,6880,6751.25,41,0,0,0,0,0,0,26,13,2
206.944,1,14217216,windows,0,38080,37445,96,0,0,0,0,0,0,56,32,8
207.012,0,14528512,windows,0,6880,6751.25,41,0,0,0,0,0,0,26,13,2
207.206,1,14237696,windows,0,36820,36205,95,0,0,0,0,0,0,56,31,8
207.276,0,14547968,windows,0,6880,6751.25,41,0,0,0,0,0,0,26,13,2
207.468,1,14256128,windows,0,33440,33440,90,0,0,0,0,0,0,52,30,8
207.535,0,14567424,windows,0,6880,6751.25,41,0,0,0,0,0,0,26,13,2
207.721,1,14276608,windows,0,32420,31343.8,88,0,0,0,0,0,0,50,30,8
207.799,0,14586880,windows,0,6880,6751.25,41,0,0,0,0,0,0,26,13,2
207.981,1,14299136,windows,0,30745,30268.8,86,0,0,0,0,0,0,49,29,8
208.058,0,14607360,windows,0,6880,6751.25,41,0,0,0,0,0,0,26,13,2
208.235,1,14322688,windows,0,29055,28801.2,85,0,0,0,0,0,0,51,27,7
208.314,0,14627840,windows,0,2590,2356.25,25,0,0,0,0,0,0,16,8,1
208.49,1,14344192,windows,0,28055,27276.2,83,0,0,0,0,0,0,49,27,7
208.577,0,14648320,windows,0,2435,2206.25,24,0,0,0,0,0,0,15,8,1
208.74,1,14366720,windows,0,25585,24846.2,80,0,0,0,0,0,0,49,25,6
208.832,0,14669824,windows,0,2435,2206.25,24,0,0,0,0,0,0,15,8,1
208.998,1,14389248,windows,0,21420,20945,72,0,0,0,0,0,0,42,24,6
209.083,0,14691328,windows,0,2435,2206.25,24,0,0,0,0,0,0,15,8,1
209.262,1,14412800,windows,0,20480,20271.2,71,0,0,0,0,0,0,42,23,6
209.342,0,14713856,windows,0,2435,2206.25,24,0,0,0,0,0,0,15,8,1
209.518,1,14431232,windows,0,19660,19461.2,69,0,0,0,0,0,0,40,23,6
209.593,0,14734336,windows,0,2435,2206.25,24,0,0,0,0,0,0,15,8,1
209.779,1,14450688,windows,0,18880,18691.2,67,0,0,0,0,0,0,38,23,6
209.85,0,14754816,windows,0,2435,2206.25,24,0,0,0,0,0,0,15,8,1
210.036,1,14469120,windows,0,17105,17105,62,0,0,0,0,0,0,33,23,6
210.1,0,14773248,windows,0,2435,2206.25,24,0,0,0,0,0,0,15,8,1
210.295,1,14487552,windows,0,16210,16041.2,61,0,0,0,0,0,0,34,22,5
210.359,0,14792704,windows,0,2435,2206.25,24,0,0,0,0,0,0,15,8,1
210.552,1,14504960,windows,0,15235,15235,58,0,0,0,0,0,0,31,22,5
210.612,0,14810112,windows,0,2435,2206.25,24,0,0,0,0,0,0,15,8,1
210.813,1,14523392,windows,0,14930,14930,57,0,0,0,0,0,0,30,22,5
210.873,0,14830592,windows,0,2435,2206.25,24,0,0,0,0,0,0,15,8,1
211.064,1,14542848,windows,0,14635,14635,56,0,0,0,0,0,0,29,22,5
211.13,0,14850048,windows,0,2435,2206.25,24,0,0,0,0,0,0,15,8,1
211.322,1,14565376,windows,0,14635,14635,56,0,0,0,0,0,0,29,22,5
211.391,0,14869504,windows,0,2435,2206.25,24,0,0,0,0,0,0,15,8,1
211.582,1,14587904,windows,0,14635,14635,56,0,0,0,0,0,0,29,22,5
211.65,0,14889984,windows,0,2435,2206.25,24,0,0,0,0,0,0,15,8,1
211.839,1,14610432,windows,0,14635,14635,56,0,0,0,0,0,0,29,22,5
211.907,0,14909440,windows,0,2435,2206.25,24,0,0,0,0,0,0,15,8,1
212.095,1,14630912,windows,0,14635,14635,56,0,0,0,0,0,0,29,22,5
212.158,0,14926848,windows,0,2435,2206.25,24,0,0,0,0,0,0,15,8,1
212.346,1,14651392,windows,0,14635,14635,56,0,0,0,0,0,0,29,22,5
212.415,0,14945280,windows,0,2435,2206.25,24,0,0,0,0,0,0,15,8,1
212.602,1,14669824,windows,0,14635,14635,56,0,0,0,0,0,0,29,22,5
212.679,0,14962688,windows,0,2435,2206.25,24,0,0,0,0,0,0,15,8,1
212.853,1,14689280,windows,0,14635,14635,56,0,0,0,0,0,0,29,22,5
212.932,0,14981120,windows,0,2435,2206.25,24,0,0,0,0,0,0,15,8,1
213.105,1,14707712,repair,0,14635,14635,56,0,0,0,0,0,0,29,22,5
213.183,0,14998528,windows,0,2435,2206.25,24,0,0,0,0,0,0,15,8,1
213.357,1,14725120,windows,0,14635,14635,56,0,0,0,0,0,0,29,22,5
213.435,0,15017984,windows,0,2435,2206.25,24,0,0,0,0,0,0,15,8,1
213.619,1,14743552,windows,0,14635,14635,56,0,0,0,0,0,0,29,22,5
213.697,0,15038464,windows,0,2435,2206.25,24,0,0,0,0,0,0,15,8,1
213.883,1,14761984,windows,0,14635,14635,56,0,0,0,0,0,0,29,22,5
213.959,0,15057920,windows,0,2435,2206.25,24,0,0,0,0,0,0,15,8,1
214.136,1,14779392,windows,0,14635,14635,56,0,0,0,0,0,0,29,22,5
214.217,0,15077376,windows,0,2435,2206.25,24,0,0,0,0,0,0,15,8,1
214.391,1,14796800,windows,0,14635,14635,56,0,0,0,0,0,0,29,22,5
214.47,0,15097856,windows,0,2435,2206.25,24,0,0,0,0,0,0,15,8,1
214.649,1,14814208,windows,0,14635,14635,56,0,0,0,0,0,0,29,22,5
214.72,0,15116288,windows,0,2435,2206.25,24,0,0,0,0,0,0,15,8,1
214.908,1,14831616,windows,0,2435,2206.25,24,0,0,0,0,0,0,15,8,1
214.971,0,15133696,windows,0,2435,2206.25,24,0,0,0,0,0,0,15,8,1
215.168,1,14850048,windows,0,2435,2206.25,24,0,0,0,0,0,0,15,8,1
215.228,0,15152128,windows,0,2435,2206.25,24,0,0,0,0,0,0,15,8,1
215.424,1,14868480,windows,0,2435,2206.25,24,0,0,0,0,0,0,15,8,1
215.48,0,15172608,repair,0,2435,2206.25,24,0,0,0,0,0,0,15,8,1
215.676,1,14885888,windows,0,2435,2206.25,24,0,0,0,0,0,0,15,8,1
215.742,0,15192064,windows,0,2435,2206.25,24,0,0,0,0,0,0,15,8,1
215.938,1,14904320,windows,0,2435,2206.25,24,0,0,0,0,0,0,15,8,1
215.997,0,15211520,windows,0,2435,2206.25,24,0,0,0,0,0,0,15,8,1
216.198,1,14922752,windows,0,2435,2206.25,24,0,0,0,0,0,0,15,8,1
216.254,0,15229952,windows,0,2435,2206.25,24,0,0,0,0,0,0,15,8,1
216.459,1,14941184,windows,0,2435,2206.25,24,0,0,0,0,0,0,15,8,1
216.51,0,15250432,windows,0,2435,2206.25,24,0,0,0,0,0,0,15,8,1
216.718,1,14959616,windows,0,2435,2206.25,24,0,0,0,0,0,0,15,8,1
216.769,0,15268864,windows,0,2435,2206.25,24,0,0,0,0,0,0,15,8,1
216.979,1,14978048,windows,0,2435,2206.25,24,0,0,0,0,0,0,15,8,1
217.03,0,15288320,windows,0,2435,2206.25,24,0,0,0,0,0,0,15,8,1
217.241,1,14996480,repair,0,2435,2206.25,24,0,0,0,0,0,0,15,8,1
217.285,0,15306752,windows,0,2435,2206.25,24,0,0,0,0,0,0,15,8,1
217.491,1,15013888,repair,0,2435,2206.25,24,0,0,0,0,0,0,15,8,1
217.538,0,15327232,windows,0,2435,2206.25,24,0,0,0,0,0,0,15,8,1
217.742,1,15031296,windows,0,2435,2206.25,24,0,0,0,0,0,0,15,8,1
217.793,0,15345664,windows,0,2435,2206.25,24,0,0,0,0,0,0,15,8,1
218.004,1,15048704,windows,0,2435,2206.25,24,0,0,0,0,0,0,15,8,1
218.049,0,15365120,windows,0,2435,2206.25,24,0,0,0,0,0,0,15,8,1
218.259,1,15065088,windows,0,2435,2206.25,24,0,0,0,0,0,0,15,8,1
218.302,0,15385600,windows,0,2435,2206.25,24,0,0,0,0,0,0,15,8,1
218.513,1,15081472,windows,0,2435,2206.25,24,0,0,0,0,0,0,15,8,1
218.56,0,15403008,repair,0,2435,2206.25,24,0,0,0,0,0,0,15,8,1
218.77,1,15097856,windows,0,2435,2206.25,24,0,0,0,0,0,0,15,8,1
218.817,0,15419392,repair,0,2435,2206.25,24,0,0,0,0,0,0,15,8,1
219.024,1,15114240,windows,0,2435,2206.25,24,0,0,0,0,0,0,15,8,1
219.074,0,15435776,windows,0,2435,2206.25,24,0,0,0,0,0,0,15,8,1
219.275,1,15131648,windows,0,2435,2206.25,24,0,0,0,0,0,0,15,8,1
219.324,0,15451136,windows,0,2435,2206.25,24,0,0,0,0,0,0,15,8,1
219.539,1,15149056,windows,0,2435,2206.25,24,0,0,0,0,0,0,15,8,1
219.577,0,15466496,windows,0,2435,2206.25,24,0,0,0,0,0,0,15,8,1
219.789,1,15164416,windows,0,2435,2206.25,24,0,0,0,0,0,0,15,8,1
219.828,0,15482880,windows,0,2435,2206.25,24,0,0,0,0,0,0,15,8,1
220.05,1,15180800,windows,0,2435,2206.25,24,0,0,0,0,0,0,15,8,1
220.079,0,15498240,windows,0,2435,2206.25,24,0,0,0,0,0,0,15,8,1
220.308,1,15198208,windows,0,2435,2206.25,24,0,0,0,0,0,0,15,8,1
220.33,0,15513600,windows,0,2435,2206.25,24,0,0,0,0,0,0,15,8,1
220.569,1,15214592,windows,0,2435,2206.25,24,0,0,0,0,0,0,15,8,1
220.589,0,15528960,windows,0,2435,2206.25,24,0,0,0,0,0,0,15,8,1
220.82,1,15229952,windows,0,2435,2206.25,24,0,0,0,0,0,0,15,8,1
220.841,0,15545344,windows,0,2435,2206.25,24,0,0,0,0,0,0,15,8,1
221.081,1,15245312,windows,0,2435,2206.25,24,0,0,0,0,0,0,15,8,1
221.104,0,15560704,windows,0,2435,2206.25,24,0,0,0,0,0,0,15,8,1
221.335,1,15261696,windows,0,2435,2206.25,24,0,0,0,0,0,0,15,8,1
221.357,0,15575040,windows,0,2435,2206.25,24,0,0,0,0,0,0,15,8,1
221.597,1,15284224,windows,0,2435,2206.25,24,0,0,0,0,0,0,15,8,1
221.619,0,15591424,windows,0,2435,2206.25,24,0,0,0,0,0,0,15,8,1
221.859,1,15303680,windows,0,2435,2206.25,24,0,0,0,0,0,0,15,8,1
221.873,0,15606784,windows,0,2435,2206.25,24,0,0,0,0,0,0,15,8,1
222.115,1,15321088,windows,0,2435,2206.25,24,0,0,0,0,0,0,15,8,1
222.131,0,15621120,windows,0,2435,2206.25,24,0,0,0,0,0,0,15,8,1
222.376,1,15340544,windows,0,2435,2206.25,24,0,0,0,0,0,0,15,8,1
222.384,0,15637504,repair,0,2435,2206.25,24,0,0,0,0,0,0,15,8,1
222.63,1,15358976,windows,0,2435,2206.25,24,0,0,0,0,0,0,15,8,1
222.642,0,15653888,repair,0,2435,2206.25,24,0,0,0,0,0,0,15,8,1
222.888,1,15379456,windows,0,2435,2206.25,24,0,0,0,0,0,0,15,8,1
222.9,0,15671296,repair,0,2435,2206.25,24,0,0,0,0,0,0,15,8,1
223.146,1,15397888,windows,0,2435,2206.25,24,0,0,0,0,0,0,15,8,1
223.16,0,15687680,windows,0,2435,2206.25,24,0,0,0,0,0,0,15,8,1
223.402,1,15418368,windows,0,2435,2206.25,24,0,0,0,0,0,0,15,8,1
223.418,0,15704064,windows,0,2435,2206.25,24,0,0,0,0,0,0,15,8,1
223.659,1,15438848,windows,0,2435,2206.25,24,0,0,0,0,0,0,15,8,1
223.681,0,15720448,windows,0,2435,2206.25,24,0,0,0,0,0,0,15,8,1
223.918,1,15458304,windows,0,2435,2206.25,24,0,0,0,0,0,0,15,8,1
223.933,0,15737856,windows,0,2435,2206.25,24,0,0,0,0,0,0,15,8,1
224.174,1,15479808,windows,0,2435,2206.25,24,0,0,0,0,0,0,15,8,1
224.191,0,15758336,windows,0,2435,2206.25,24,0,0,0,0,0,0,15,8,1
224.424,1,15500288,windows,0,2435,2206.25,24,0,0,0,0,0,0,15,8,1
224.442,0,15777792,windows,0,2435,2206.25,24,0,0,0,0,0,0,15,8,1
224.677,1,15518720,windows,0,2435,2206.25,24,0,0,0,0,0,0,15,8,1
224.703,0,15796224,windows,0,2435,2206.25,24,0,0,0,0,0,0,15,8,1
224.937,1,15538176,windows,0,2435,2206.25,24,0,0,0,0,0,0,15,8,1
224.96,0,15815680,windows,0,2435,2206.25,24,0,0,0,0,0,0,15,8,1
225.196,1,15557632,windows,0,2435,2206.25,24,0,0,0,0,0,0,15,8,1
225.221,0,15835136,windows,0,2435,2206.25,24,0,0,0,0,0,0,15,8,1
225.456,1,15576064,windows,0,2435,2206.25,24,0,0,0,0,0,0,15,8,1
225.479,0,15853568,windows,0,2435,2206.25,24,0,0,0,0,0,0,15,8,1
225.707,1,15594496,windows,0,2435,2206.25,24,0,0,0,0,0,0,15,8,1
225.732,0,15873024,windows,0,2435,2206.25,24,0,0,0,0,0,0,15,8,1
225.958,1,15612928,windows,0,2435,2206.25,24,0,0,0,0,0,0,15,8,1
225.994,0,15892480,repair,277,6.67912e+07,6.67616e+07,3639,20,52,59,102,44,0,2034,1483,122
226.208,1,15631360,windows,0,2435,2206.25,24,0,0,0,0,0,0,15,8,1
226.246,0,15912960,repair,179,6.12208e+07,6.11895e+07,3509,9,25,31,81,33,0,1994,1418,97
226.465,1,15649792,windows,0,2435,2206.25,24,0,0,0,0,0,0,15,8,1
226.503,0,15934464,repair,114,5.46594e+07,5.46507e+07,3249,10,13,13,50,28,0,1749,1390,110
226.717,1,15666176,windows,0,2435,2206.25,24,0,0,0,0,0,0,15,8,1
226.757,0,15955968,repair,63,3.78856e+07,3.78773e+07,2849,3,11,13,26,10,0,1663,1088,98
226.982,1,15683584,windows,0,2435,2206.25,24,0,0,0,0,0,0,15,8,1
227.015,0,15974400,repair,32,3.15431e+07,3.15157e+07,2593,1,3,8,12,8,0,1553,984,56
227.245,1,15699968,windows,0,2435,2206.25,24,0,0,0,0,0,0,15,8,1
227.268,0,15991808,repair,11,2.67398e+07,2.67224e+07,2446,1,3,2,3,2,0,1516,870,60
227.507,1,15717376,windows,0,2435,2206.25,24,0,0,0,0,0,0,15,8,1
227.526,0,16010240,repair,1,2.35917e+07,2.35683e+07,2308,0,0,0,0,1,0,1453,805,50
227.77,1,15732736,windows,0,2435,2206.25,24,0,0,0,0,0,0,15,8,1
227.784,0,16028672,repair,0,1.56047e+07,1.55921e+07,1906,0,0,0,0,0,0,1234,630,42
228.033,1,15748096,windows,0,2435,2206.25,24,0,0,0,0,0,0,15,8,1
228.037,0,16046080,repair,0,1.56047e+07,1.55921e+07,1906,0,0,0,0,0,0,1234,630,42
228.296,0,16062464,windows,0,8.35812e+06,8.34452e+06,1408,0,0,0,0,0,0,929,448,31
228.299,1,15764480,windows,0,2435,2206.25,24,0,0,0,0,0,0,15,8,1
228.554,0,16080896,windows,0,5.97564e+06,5.96303e+06,1193,0,0,0,0,0,0,773,384,36
228.557,1,15780864,windows,0,2435,2206.25,24,0,0,0,0,0,0,15,8,1
228.808,1,15795200,windows,0,2435,2206.25,24,0,0,0,0,0,0,15,8,1
228.818,0,16099328,windows,0,4.20362e+06,4.20273e+06,1014,0,0,0,0,0,0,677,307,30
229.06,1,15811584,windows,0,2435,2206.25,24,0,0,0,0,0,0,15,8,1
229.08,0,16117760,windows,0,3.00421e+06,3.00347e+06,862,0,0,0,0,0,0,584,253,25
229.312,1,15827968,windows,0,2435,2206.25,24,0,0,0,0,0,0,15,8,1
229.332,0,16136192,windows,0,2.27778e+06,2.27778e+06,741,0,0,0,0,0,0,485,233,23
229.569,1,15845376,windows,0,2435,2206.25,24,0,0,0,0,0,0,15,8,1
229.589,0,16155648,windows,0,1.7037e+06,1.69694e+06,647,0,0,0,0,0,0,427,197,23
229.833,1,15861760,windows,0,2435,2206.25,24,0,0,0,0,0,0,15,8,1
229.847,0,16175104,windows,0,1.16972e+06,1.16792e+06,538,0,0,0,0,0,0,360,160,18
230.083,1,15878144,windows,0,2435,2206.25,24,0,0,0,0,0,0,15,8,1
230.107,0,16193536,windows,0,894740,892589,479,0,0,0,0,0,0,336,127,16
230.342,1,15894528,windows,0,2435,2206.25,24,0,0,0,0,0,0,15,8,1
230.366,0,16212992,windows,0,647200,647200,404,0,0,0,0,0,0,280,112,12
230.601,1,15911936,windows,0,2435,2206.25,24,0,0,0,0,0,0,15,8,1
230.626,0,16233472,windows,0,457280,455092,339,0,0,0,0,0,0,234,95,10
230.867,1,15929344,windows,0,2435,2206.25,24,0,0,0,0,0,0,15,8,1
230.89,0,16249856,windows,0,321220,320868,287,0,0,0,0,0,0,196,79,12
231.121,1,15948800,repair,0,2435,2206.25,24,0,0,0,0,0,0,15,8,1
231.153,0,16266240,windows,0,241855,241855,249,0,0,0,0,0,0,173,67,9
231.377,1,15971328,windows,0,2435,2206.25,24,0,0,0,0,0,0,15,8,1
231.408,0,16282624,windows,0,192355,191601,220,0,0,0,0,0,0,151,62,7
231.632,1,15991808,windows,0,2435,2206.25,24,0,0,0,0,0,0,15,8,1
231.663,0,16297984,windows,0,158805,157730,201,0,0,0,0,0,0,141,54,6
231.888,1,16012288,windows,0,2435,2206.25,24,0,0,0,0,0,0,15,8,1
231.923,0,16314368,windows,0,116455,116252,173,0,0,0,0,0,0,119,47,7
232.153,1,16031744,windows,0,2435,2206.25,24,0,0,0,0,0,0,15,8,1
232.174,0,16330752,windows,0,89135,88932.5,153,0,0,0,0,0,0,107,39,7
232.418,1,16048128,windows,0,2435,2206.25,24,0,0,0,0,0,0,15,8,1
232.432,0,16347136,windows,0,77020,77020,139,0,0,0,0,0,0,92,41,6
232.684,1,16065536,windows,0,2435,2206.25,24,0,0,0,0,0,0,15,8,1
232.696,0,16363520,windows,0,63580,63171.2,126,0,0,0,0,0,0,82,38,6
232.945,1,16080896,windows,0,2435,2206.25,24,0,0,0,0,0,0,15,8,1
232.95,0,16379904,windows,0,57580,56486.2,121,0,0,0,0,0,0,80,35,6
233.211,1,16097280,windows,0,2435,2206.25,24,0,0,0,0,0,0,15,8,1
233.219,0,16397312,windows,0,43420,42908.8,105,0,0,0,0,0,0,68,31,6
233.464,1,16112640,windows,0,2435,2206.25,24,0,0,0,0,0,0,15,8,1
233.47,0,16413696,windows,0,37440,37267.5,99,0,0,0,0,0,0,66,27,6
233.716,1,16133120,windows,0,2435,2206.25,24,0,0,0,0,0,0,15,8,1
233.723,0,16430080,windows,0,35725,35552.5,97,0,0,0,0,0,0,65,26,6
233.974,1,16154624,windows,0,2435,2206.25,24,0,0,0,0,0,0,15,8,1
233.975,0,16446464,windows,0,33820,33647.5,94,0,0,0,0,0,0,62,26,6
234.229,1,16175104,repair,352,6.75531e+07,6.75531e+07,3647,26,59,72,128,67,0,2055,1471,121
234.233,0,16463872,windows,0,28150,28007.5,86,0,0,0,0,0,0,58,23,5
234.48,1,16199680,repair,225,5.48485e+07,5.48218e+07,3332,16,35,36,85,53,0,1884,1332,116
234.486,0,16480256,windows,0,25250,24828.8,82,0,0,0,0,0,0,56,21,5
234.735,1,16224256,repair,127,5.34966e+07,5.34938e+07,3237,6,16,23,58,24,0,1784,1358,95
234.75,0,16496640,windows,0,23615,23208.8,79,0,0,0,0,0,0,53,21,5
234.995,1,16248832,repair,66,4.13209e+07,4.12868e+07,2875,1,9,10,29,17,0,1614,1183,78
235.001,0,16510976,windows,0,22575,21763.8,77,0,0,0,0,0,0,51,21,5
235.25,1,16273408,repair,23,3.23051e+07,3.22836e+07,2664,2,0,6,9,6,0,1624,974,66
235.266,0,16527360,windows,0,22070,21263.8,76,0,0,0,0,0,0,50,21,5
235.504,1,16296960,repair,5,2.3539e+07,2.35136e+07,2278,0,0,1,2,2,0,1387,831,60
235.521,0,16542720,windows,0,20615,20472.5,73,0,0,0,0,0,0,47,21,5
235.758,1,16320512,repair,1,1.52507e+07,1.52447e+07,1881,0,0,0,1,0,0,1211,627,43
235.788,0,16559104,windows,0,20555,20412.5,72,0,0,0,0,0,0,45,22,5
236.019,1,16344064,windows,0,1.06955e+07,1.0689e+07,1589,0,0,0,0,0,0,1029,517,43
236.051,0,16575488,windows,0,20150,19592.5,72,0,0,0,0,0,0,46,21,5
236.27,1,16363520,windows,0,7.6438e+06,7.6438e+06,1350,0,0,0,0,0,0,897,424,29
236.313,0,16590848,windows,0,19795,19023.8,72,0,0,0,0,0,0,47,20,5
236.522,1,16382976,windows,0,4.78664e+06,4.77984e+06,1081,0,0,0,0,0,0,749,314,18
236.583,0,16607232,windows,0,19695,18913.8,71,0,0,0,0,0,0,45,21,5
236.777,1,16403456,windows,0,3.41653e+06,3.41301e+06,906,0,0,0,0,0,0,616,275,15
236.837,0,16623616,windows,0,18095,17728.8,69,0,0,0,0,0,0,45,19,5
237.028,1,16421888,windows,0,2.48646e+06,2.47883e+06,783,0,0,0,0,0,0,545,223,15
237.097,0,16641024,windows,0,17975,17213.8,67,0,0,0,0,0,0,41,21,5
237.286,1,16440320,windows,0,1.80606e+06,1.80175e+06,665,0,0,0,0,0,0,456,195,14
237.357,0,16657408,windows,0,15970,15628.8,64,0,0,0,0,0,0,40,19,5
237.544,1,16457728,windows,0,1.29228e+06,1.2871e+06,563,0,0,0,0,0,0,391,162,10
237.609,0,16673792,windows,0,15700,15126.2,63,0,0,0,0,0,0,40,19,4
237.808,1,16475136,windows,0,998795,996749,500,0,0,0,0,0,0,357,134,9
237.871,0,16690176,windows,0,14920,14731.2,61,0,0,0,0,0,0,38,19,4
238.066,1,16492544,windows,0,774655,774655,439,0,0,0,0,0,0,299,127,13
238.133,0,16707584,windows,0,14180,13991.2,60,0,0,0,0,0,0,38,18,4
238.317,1,16508928,windows,0,583445,580938,383,0,0,0,0,0,0,263,108,12
238.394,0,16724992,windows,0,13805,13621.2,59,0,0,0,0,0,0,37,18,4
238.58,1,16527360,windows,0,416780,414592,321,0,0,0,0,0,0,216,95,10
238.652,0,16742400,windows,0,13440,13440,58,0,0,0,0,0,0,36,18,4
238.843,1,16545792,windows,0,304775,302898,275,0,0,0,0,0,0,185,81,9
238.909,0,16761856,windows,0,13440,13440,58,0,0,0,0,0,0,36,18,4
239.094,1,16563200,windows,0,226820,226820,240,0,0,0,0,0,0,166,66,8
239.171,0,16783360,windows,0,13085,13085,57,0,0,0,0,0,0,35,18,4
239.354,1,16582656,windows,0,163150,161074,205,0,0,0,0,0,0,140,56,9
239.428,0,16804864,windows,0,13085,13085,57,0,0,0,0,0,0,35,18,4
239.614,1,16602112,windows,0,113225,113225,166,0,0,0,0,0,0,105,53,8
239.688,0,16825344,windows,0,13085,13085,57,0,0,0,0,0,0,35,18,4
239.874,1,16620544,windows,0,89465,88570,150,0,0,0,0,0,0,97,45,8
239.945,0,16844800,windows,0,12740,12571.2,56,0,0,0,0,0,0,34,18,4
240.128,1,16640000,windows,0,76040,74776.2,139,0,0,0,0,0,0,90,41,8
240.203,0,16867328,windows,0,11765,11765,53,0,0,0,0,0,0,31,18,4
240.378,1,16658432,windows,0,60130,60130,122,0,0,0,0,0,0,80,37,5
240.457,0,16888832,windows,0,11765,11765,53,0,0,0,0,0,0,31,18,4
240.641,1,16676864,windows,0,46990,46651.2,107,0,0,0,0,0,0,68,34,5
240.713,0,16909312,windows,0,11765,11765,53,0,0,0,0,0,0,31,18,4
240.891,1,16696320,windows,0,40530,40530,101,0,0,0,0,0,0,66,30,5
240.967,0,16930816,windows,0,10880,10880,50,0,0,0,0,0,0,28,18,4
241.149,1,16714752,windows,0,38575,37960,97,0,0,0,0,0,0,61,31,5
241.22,0,16952320,windows,0,10605,10471.2,49,0,0,0,0,0,0,27,18,4
241.404,1,16734208,windows,0,28065,28065,82,0,0,0,0,0,0,51,27,4
241.471,0,16974848,windows,0,10605,10471.2,49,0,0,0,0,0,0,27,18,4
241.66,1,16754688,windows,0,23045,22811.2,75,0,0,0,0,0,0,47,24,4
241.733,0,16995328,windows,0,10340,10211.2,48,0,0,0,0,0,0,26,18,4
241.915,1,16773120,windows,0,21320,21320,72,0,0,0,0,0,0,48,22,2
241.986,0,17014784,windows,0,10340,10211.2,48,0,0,0,0,0,0,26,18,4
242.168,1,16792576,windows,0,20380,20151.2,70,0,0,0,0,0,0,46,22,2
242.242,0,17036288,windows,0,10340,10211.2,48,0,0,0,0,0,0,26,18,4
242.425,1,16813056,windows,0,16940,16545,64,0,0,0,0,0,0,42,20,2
242.502,0,17058816,windows,0,10340,10211.2,48,0,0,0,0,0,0,26,18,4
242.684,1,16831488,windows,0,16160,16160,63,0,0,0,0,0,0,42,19,2
242.755,0,17078272,windows,0,10340,10211.2,48,0,0,0,0,0,0,26,18,4
242.947,1,16850944,windows,0,14185,13810,58,0,0,0,0,0,0,37,19,2
243.008,0,17097728,windows,0,9605,9491.25,45,0,0,0,0,0,0,23,18,4
243.213,1,16869376,windows,0,12085,12085,55,0,0,0,0,0,0,37,16,2
243.268,0,17117184,windows,0,9605,9491.25,45,0,0,0,0,0,0,23,18,4
243.465,1,16887808,windows,0,11720,11720,54,0,0,0,0,0,0,36,16,2
243.519,0,17138688,windows,0,9605,9491.25,45,0,0,0,0,0,0,23,18,4
243.718,1,16907264,windows,0,11100,10921.2,53,0,0,0,0,0,0,36,15,2
243.785,0,17160192,windows,0,9430,9301.25,46,0,0,0,0,0,0,26,17,3
243.976,1,16925696,windows,0,10400,10231.2,51,0,0,0,0,0,0,34,15,2
244.043,0,17180672,windows,0,8930,8811.25,44,0,0,0,0,0,0,24,17,3
244.226,1,16944128,windows,0,10065,9901.25,50,0,0,0,0,0,0,33,15,2
244.301,0,17201152,windows,0,8930,8811.25,44,0,0,0,0,0,0,24,17,3
244.477,1,16962560,windows,0,8540,8391.25,46,0,0,0,0,0,0,30,14,2
244.555,0,17221632,windows,0,8930,8811.25,44,0,0,0,0,0,0,24,17,3
244.73,1,16983040,windows,0,8000,8000,45,0,0,0,0,0,0,30,13,2
244.81,0,17242112,windows,0,8930,8811.25,44,0,0,0,0,0,0,24,17,3
244.986,1,17004544,windows,0,7705,7705,44,0,0,0,0,0,0,29,13,2
245.06,0,17263616,windows,0,2435,2206.25,24,0,0,0,0,0,0,15,8,1
245.238,1,17025024,windows,0,7420,7420,43,0,0,0,0,0,0,28,13,2
245.312,0,17285120,windows,0,2435,2206.25,24,0,0,0,0,0,0,15,8,1
245.499,1,17046528,windows,0,6625,6625,40,0,0,0,0,0,0,25,13,2
245.569,0,17306624,windows,0,2435,2206.25,24,0,0,0,0,0,0,15,8,1
245.758,1,17068032,windows,0,6125,6125,39,0,0,0,0,0,0,25,12,2
245.821,0,17327104,windows,0,2435,2206.25,24,0,0,0,0,0,0,15,8,1
246.021,1,17089536,windows,0,6125,6125,39,0,0,0,0,0,0,25,12,2
246.083,0,17349632,windows,0,2435,2206.25,24,0,0,0,0,0,0,15,8,1
246.271,1,17110016,windows,0,6125,6125,39,0,0,0,0,0,0,25,12,2
246.337,0,17369088,windows,0,2435,2206.25,24,0,0,0,0,0,0,15,8,1
246.531,1,17131520,windows,0,6125,6125,39,0,0,0,0,0,0,25,12,2
246.591,0,17389568,windows,0,2435,2206.25,24,0,0,0,0,0,0,15,8,1
246.786,1,17153024,windows,0,6125,6125,39,0,0,0,0,0,0,25,12,2
246.849,0,17410048,windows,0,2435,2206.25,24,0,0,0,0,0,0,15,8,1
247.046,1,17175552,windows,0,6125,6125,39,0,0,0,0,0,0,25,12,2
247.104,0,17431552,windows,0,2435,2206.25,24,0,0,0,0,0,0,15,8,1
247.302,1,17197056,windows,0,6125,6125,39,0,0,0,0,0,0,25,12,2
247.361,0,17453056,windows,0,2435,2206.25,24,0,0,0,0,0,0,15,8,1
247.555,1,17218560,repair,0,6125,6125,39,0,0,0,0,0,0,25,12,2
247.614,0,17474560,windows,0,2435,2206.25,24,0,0,0,0,0,0,15,8,1
247.811,1,17240064,windows,0,6125,6125,39,0,0,0,0,0,0,25,12,2
247.865,0,17496064,windows,0,2435,2206.25,24,0,0,0,0,0,0,15,8,1
248.066,1,17261568,windows,0,6125,6125,39,0,0,0,0,0,0,25,12,2
248.119,0,17517568,windows,0,2435,2206.25,24,0,0,0,0,0,0,15,8,1
248.321,1,17282048,windows,0,6125,6125,39,0,0,0,0,0,0,25,12,2
248.37,0,17538048,windows,0,2435,2206.25,24,0,0,0,0,0,0,15,8,1
248.581,1,17302528,windows,0,6125,6125,39,0,0,0,0,0,0,25,12,2
248.629,0,17560576,windows,0,2435,2206.25,24,0,0,0,0,0,0,15,8,1
248.831,1,17321984,windows,0,6125,6125,39,0,0,0,0,0,0,25,12,2
248.89,0,17582080,windows,0,2435,2206.25,24,0,0,0,0,0,0,15,8,1
249.087,1,17343488,windows,0,6125,6125,39,0,0,0,0,0,0,25,12,2
249.144,0,17602560,windows,0,2435,2206.25,24,0,0,0,0,0,0,15,8,1
249.349,1,17364992,windows,0,6125,6125,39,0,0,0,0,0,0,25,12,2
249.404,0,17620992,windows,0,2435,2206.25,24,0,0,0,0,0,0,15,8,1
249.616,1,17382400,windows,0,6125,6125,39,0,0,0,0,0,0,25,12,2
249.669,0,17636352,windows,0,2435,2206.25,24,0,0,0,0,0,0,15,8,1
249.873,1,17398784,windows,0,6125,6125,39,0,0,0,0,0,0,25,12,2
249.925,0,17652736,windows,0,2435,2206.25,24,0,0,0,0,0,0,15,8,1
250.124,1,17414144,windows,0,6125,6125,39,0,0,0,0,0,0,25,12,2
250.18,0,17671168,windows,0,2435,2206.25,24,0,0,0,0,0,0,15,8,1
250.374,1,17430528,windows,0,6125,6125,39,0,0,0,0,0,0,25,12,2
250.437,0,17688576,repair,0,2435,2206.25,24,0,0,0,0,0,0,15,8,1
250.632,1,17447936,windows,0,6125,6125,39,0,0,0,0,0,0,25,12,2
250.689,0,17708032,windows,0,2435,2206.25,24,0,0,0,0,0,0,15,8,1
250.888,1,17465344,windows,0,6125,6125,39,0,0,0,0,0,0,25,12,2
250.941,0,17726464,windows,0,2435,2206.25,24,0,0,0,0,0,0,15,8,1
251.148,1,17482752,windows,0,6125,6125,39,0,0,0,0,0,0,25,12,2
251.196,0,17745920,windows,0,2435,2206.25,24,0,0,0,0,0,0,15,8,1
251.409,1,17501184,windows,0,2435,2206.25,24,0,0,0,0,0,0,15,8,1
251.45,0,17766400,windows,0,2435,2206.25,24,0,0,0,0,0,0,15,8,1
251.67,1,17519616,windows,0,2435,2206.25,24,0,0,0,0,0,0,15,8,1
251.713,0,17786880,windows,0,2435,2206.25,24,0,0,0,0,0,0,15,8,1
251.925,1,17538048,windows,0,2435,2206.25,24,0,0,0,0,0,0,15,8,1
251.973,0,17806336,windows,0,2435,2206.25,24,0,0,0,0,0,0,15,8,1
252.175,1,17558528,repair,0,2435,2206.25,24,0,0,0,0,0,0,15,8,1
252.239,0,17825792,windows,0,2435,2206.25,24,0,0,0,0,0,0,15,8,1
252.429,1,17580032,windows,0,2435,2206.25,24,0,0,0,0,0,0,15,8,1
252.498,0,17844224,windows,0,2435,2206.25,24,0,0,0,0,0,0,15,8,1
252.691,1,17600512,windows,0,2435,2206.25,24,0,0,0,0,0,0,15,8,1
252.754,0,17861632,windows,0,2435,2206.25,24,0,0,0,0,0,0,15,8,1
252.951,1,17619968,windows,0,2435,2206.25,24,0,0,0,0,0,0,15,8,1
253.005,0,17879040,windows,0,2435,2206.25,24,0,0,0,0,0,0,15,8,1
253.214,1,17639424,windows,0,2435,2206.25,24,0,0,0,0,0,0,15,8,1
253.264,0,17897472,windows,0,2435,2206.25,24,0,0,0,0,0,0,15,8,1
253.467,1,17658880,windows,0,2435,2206.25,24,0,0,0,0,0,0,15,8,1
253.522,0,17916928,repair,0,2435,2206.25,24,0,0,0,0,0,0,15,8,1
253.726,1,17680384,windows,0,2435,2206.25,24,0,0,0,0,0,0,15,8,1
253.778,0,17933312,repair,0,2435,2206.25,24,0,0,0,0,0,0,15,8,1
253.984,1,17700864,windows,0,2435,2206.25,24,0,0,0,0,0,0,15,8,1
254.035,0,17949696,repair,0,2435,2206.25,24,0,0,0,0,0,0,15,8,1
254.235,1,17721344,windows,0,2435,2206.25,24,0,0,0,0,0,0,15,8,1
254.296,0,17967104,repair,0,2435,2206.25,24,0,0,0,0,0,0,15,8,1
254.493,1,17742848,windows,0,2435,2206.25,24,0,0,0,0,0,0,15,8,1
254.547,0,17982464,windows,0,2435,2206.25,24,0,0,0,0,0,0,15,8,1
254.744,1,17763328,windows,0,2435,2206.25,24,0,0,0,0,0,0,15,8,1
254.797,0,17995776,windows,0,2435,2206.25,24,0,0,0,0,0,0,15,8,1
255.001,1,17785856,windows,0,2435,2206.25,24,0,0,0,0,0,0,15,8,1
255.049,0,18011136,windows,0,2435,2206.25,24,0,0,0,0,0,0,15,8,1
255.261,1,17806336,repair,0,2435,2206.25,24,0,0,0,0,0,0,15,8,1
255.305,0,18027520,windows,0,2435,2206.25,24,0,0,0,0,0,0,15,8,1
255.517,1,17826816,repair,0,2435,2206.25,24,0,0,0,0,0,0,15,8,1
255.56,0,18043904,windows,0,2435,2206.25,24,0,0,0,0,0,0,15,8,1
255.767,1,17847296,windows,0,2435,2206.25,24,0,0,0,0,0,0,15,8,1
255.823,0,18059264,windows,0,2435,2206.25,24,0,0,0,0,0,0,15,8,1
256.022,1,17867776,windows,0,2435,2206.25,24,0,0,0,0,0,0,15,8,1
256.077,0,18074624,windows,0,2435,2206.25,24,0,0,0,0,0,0,15,8,1
256.283,1,17888256,windows,0,2435,2206.25,24,0,0,0,0,0,0,15,8,1
256.333,0,18091008,windows,0,2435,2206.25,24,0,0,0,0,0,0,15,8,1
256.54,1,17908736,windows,0,2435,2206.25,24,0,0,0,0,0,0,15,8,1
256.595,0,18107392,windows,0,2435,2206.25,24,0,0,0,0,0,0,15,8,1
256.79,1,17925120,windows,0,2435,2206.25,24,0,0,0,0,0,0,15,8,1
256.852,0,18123776,windows,0,2435,2206.25,24,0,0,0,0,0,0,15,8,1
257.044,1,17943552,windows,0,2435,2206.25,24,0,0,0,0,0,0,15,8,1
257.111,0,18142208,windows,0,2435,2206.25,24,0,0,0,0,0,0,15,8,1
257.298,1,17961984,windows,0,2435,2206.25,24,0,0,0,0,0,0,15,8,1
257.373,0,18163712,windows,0,2435,2206.25,24,0,0,0,0,0,0,15,8,1
257.549,1,17978368,windows,0,2435,2206.25,24,0,0,0,0,0,0,15,8,1
257.626,0,18184192,windows,0,2435,2206.25,24,0,0,0,0,0,0,15,8,1
257.812,1,17995776,windows,0,2435,2206.25,24,0,0,0,0,0,0,15,8,1
257.883,0,18205696,windows,0,2435,2206.25,24,0,0,0,0,0,0,15,8,1
258.077,1,18013184,windows,0,2435,2206.25,24,0,0,0,0,0,0,15,8,1
258.143,0,18226176,windows,0,2435,2206.25,24,0,0,0,0,0,0,15,8,1
258.34,1,18030592,windows,0,2435,2206.25,24,0,0,0,0,0,0,15,8,1
258.399,0,18245632,repair,0,2435,2206.25,24,0,0,0,0,0,0,15,8,1
258.59,1,18045952,windows,0,2435,2206.25,24,0,0,0,0,0,0,15,8,1
258.659,0,18266112,repair,0,2435,2206.25,24,0,0,0,0,0,0,15,8,1
258.852,1,18062336,windows,0,2435,2206.25,24,0,0,0,0,0,0,15,8,1
258.913,0,18286592,windows,0,2435,2206.25,24,0,0,0,0,0,0,15,8,1
259.114,1,18079744,windows,0,2435,2206.25,24,0,0,0,0,0,0,15,8,1
259.163,0,18306048,windows,0,2435,2206.25,24,0,0,0,0,0,0,15,8,1
259.37,1,18100224,windows,0,2435,2206.25,24,0,0,0,0,0,0,15,8,1
259.414,0,18325504,windows,0,2435,2206.25,24,0,0,0,0,0,0,15,8,1
259.628,1,18117632,windows,0,2435,2206.25,24,0,0,0,0,0,0,15,8,1
259.665,0,18343936,windows,0,2435,2206.25,24,0,0,0,0,0,0,15,8,1
259.886,1,18137088,windows,0,2435,2206.25,24,0,0,0,0,0,0,15,8,1
259.92,0,18364416,windows,0,2435,2206.25,24,0,0,0,0,0,0,15,8,1
260.144,1,18157568,windows,0,2435,2206.25,24,0,0,0,0,0,0,15,8,1
260.181,0,18384896,windows,0,2435,2206.25,24,0,0,0,0,0,0,15,8,1
260.404,1,18178048,windows,0,2435,2206.25,24,0,0,0,0,0,0,15,8,1
260.432,0,18399232,windows,0,2435,2206.25,24,0,0,0,0,0,0,15,8,1
260.666,1,18198528,windows,0,2435,2206.25,24,0,0,0,0,0,0,15,8,1
260.693,0,18414592,windows,0,2435,2206.25,24,0,0,0,0,0,0,15,8,1
260.918,1,18219008,windows,0,2435,2206.25,24,0,0,0,0,0,0,15,8,1
260.946,0,18429952,windows,0,2435,2206.25,24,0,0,0,0,0,0,15,8,1
261.175,1,18238464,repair,0,2435,2206.25,24,0,0,0,0,0,0,15,8,1
261.203,0,18446336,windows,0,2435,2206.25,24,0,0,0,0,0,0,15,8,1
261.43,1,18259968,windows,0,2435,2206.25,24,0,0,0,0,0,0,15,8,1
261.455,0,18461696,windows,0,2435,2206.25,24,0,0,0,0,0,0,15,8,1
261.682,1,18280448,windows,0,2435,2206.25,24,0,0,0,0,0,0,15,8,1
261.717,0,18479104,windows,0,2435,2206.25,24,0,0,0,0,0,0,15,8,1
261.943,1,18299904,windows,0,2435,2206.25,24,0,0,0,0,0,0,15,8,1
261.979,0,18495488,windows,0,2435,2206.25,24,0,0,0,0,0,0,15,8,1
262.201,1,18319360,windows,0,2435,2206.25,24,0,0,0,0,0,0,15,8,1
262.231,0,18509824,repair,436,5.12169e+07,5.11874e+07,3062,38,94,73,158,73,0,1652,1281,129
262.464,1,18339840,windows,0,2435,2206.25,24,0,0,0,0,0,0,15,8,1
262.483,0,18529280,repair,255,6.90846e+07,6.90708e+07,3668,14,46,51,87,57,0,2012,1532,124
262.715,1,18358272,windows,0,2435,2206.25,24,0,0,0,0,0,0,15,8,1
262.737,0,18548736,repair,170,6.09e+07,6.08963e+07,3503,8,20,41,77,24,0,1958,1424,121
262.972,1,18375680,windows,0,2435,2206.25,24,0,0,0,0,0,0,15,8,1
263.002,0,18568192,repair,112,5.20317e+07,5.19933e+07,3232,9,23,17,41,22,0,1815,1323,94
263.229,1,18394112,windows,0,2435,2206.25,24,0,0,0,0,0,0,15,8,1
263.254,0,18586624,repair,63,4.19865e+07,4.19757e+07,2945,4,7,10,26,16,0,1701,1167,77
263.491,1,18412544,windows,0,2435,2206.25,24,0,0,0,0,0,0,15,8,1
263.512,0,18604032,repair,31,3.79223e+07,3.7892e+07,2788,0,7,2,15,7,0,1609,1114,65
263.756,1,18430976,windows,0,2435,2206.25,24,0,0,0,0,0,0,15,8,1
263.772,0,18621440,repair,15,2.76764e+07,2.76744e+07,2448,0,2,2,8,3,0,1464,917,67
264.014,1,18448384,windows,0,2435,2206.25,24,0,0,0,0,0,0,15,8,1
264.031,0,18637824,repair,2,2.37326e+07,2.37311e+07,2287,0,0,0,0,2,0,1408,829,50
264.267,1,18465792,windows,0,2435,2206.25,24,0,0,0,0,0,0,15,8,1
264.282,0,18654208,windows,0,1.64375e+07,1.64301e+07,1950,0,0,0,0,0,0,1267,647,36
264.517,1,18484224,windows,0,2435,2206.25,24,0,0,0,0,0,0,15,8,1
264.538,0,18670592,windows,0,1.14007e+07,1.13895e+07,1651,0,0,0,0,0,0,1109,511,31
264.774,1,18502656,windows,0,2435,2206.25,24,0,0,0,0,0,0,15,8,1
264.803,0,18686976,windows,0,7.98956e+06,7.98427e+06,1376,0,0,0,0,0,0,921,432,23
265.03,1,18522112,windows,0,2435,2206.25,24,0,0,0,0,0,0,15,8,1
265.06,0,18703360,windows,0,5.78804e+06,5.78804e+06,1173,0,0,0,0,0,0,791,364,18
265.283,1,18540544,repair,0,2435,2206.25,24,0,0,0,0,0,0,15,8,1
265.312,0,18718720,windows,0,3.84605e+06,3.84286e+06,957,0,0,0,0,0,0,638,300,19
265.544,1,18561024,windows,0,2435,2206.25,24,0,0,0,0,0,0,15,8,1
265.571,0,18735104,windows,0,2.87998e+06,2.87957e+06,830,0,0,0,0,0,0,561,255,14
265.802,1,18580480,windows,0,2435,2206.25,24,0,0,0,0,0,0,15,8,1
265.832,0,18751488,windows,0,2.19536e+06,2.19284e+06,731,0,0,0,0,0,0,505,214,12
266.054,1,18598912,windows,0,2435,2206.25,24,0,0,0,0,0,0,15,8,1
266.097,0,18767872,windows,0,1.69722e+06,1.69722e+06,648,0,0,0,0,0,0,459,179,10
266.316,1,18617344,windows,0,2435,2206.25,24,0,0,0,0,0,0,15,8,1
266.348,0,18782208,windows,0,1.24988e+06,1.24798e+06,552,0,0,0,0,0,0,380,162,10
266.571,1,18634752,windows,0,2435,2206.25,24,0,0,0,0,0,0,15,8,1
266.604,0,18796544,windows,0,959140,955712,476,0,0,0,0,0,0,310,154,12
266.831,1,18653184,windows,0,2435,2206.25,24,0,0,0,0,0,0,15,8,1
266.87,0,18812928,windows,0,732045,730561,427,0,0,0,0,0,0,297,120,10
267.082,1,18672640,windows,0,2435,2206.25,24,0,0,0,0,0,0,15,8,1
267.124,0,18827264,windows,0,587125,586832,377,0,0,0,0,0,0,251,116,10
267.334,1,18690048,windows,0,2435,2206.25,24,0,0,0,0,0,0,15,8,1
267.386,0,18841600,windows,0,458630,458630,340,0,0,0,0,0,0,238,93,9
267.587,1,18708480,windows,0,2435,2206.25,24,0,0,0,0,0,0,15,8,1
267.652,0,18856960,windows,0,322615,322615,283,0,0,0,0,0,0,191,83,9
267.849,1,18727936,windows,0,2435,2206.25,24,0,0,0,0,0,0,15,8,1
267.917,0,18872320,windows,0,252550,251095,250,0,0,0,0,0,0,170,73,7
268.103,1,18746368,windows,0,2435,2206.25,24,0,0,0,0,0,0,15,8,1
268.182,0,18888704,windows,0,198355,198355,218,0,0,0,0,0,0,145,68,5
268.382,1,18766848,repair,467,2.91643e+07,2.91578e+07,2227,14,51,46,234,122,0,1286,816,125
268.433,0,18904064,windows,0,161305,161132,198,0,0,0,0,0,0,131,61,6
268.634,1,18788352,repair,255,6.39905e+07,6.39773e+07,3520,15,33,61,88,58,0,1928,1476,116
268.684,0,18919424,windows,0,124050,123908,173,0,0,0,0,0,0,114,54,5
268.886,1,18810880,repair,157,5.72768e+07,5.72732e+07,3311,14,23,23,61,36,0,1765,1426,120
268.94,0,18933760,windows,0,85105,84448.8,146,0,0,0,0,0,0,97,43,6
269.143,1,18834432,repair,89,4.43888e+07,4.43862e+07,3034,6,11,13,35,24,0,1749,1197,88
269.207,0,18950144,windows,0,69460,68123.8,130,0,0,0,0,0,0,86,40,4
269.405,1,18857984,repair,41,3.7953e+07,3.79425e+07,2821,2,7,3,18,11,0,1645,1100,76
269.463,0,18965504,windows,0,57485,57372.5,117,0,0,0,0,0,0,75,38,4
269.665,1,18880512,repair,15,2.9926e+07,2.99165e+07,2559,0,3,1,8,3,0,1569,936,54
269.716,0,18980864,windows,0,48340,48227.5,110,0,0,0,0,0,0,74,32,4
269.918,1,18900992,repair,1,2.29245e+07,2.29016e+07,2298,0,0,1,0,0,0,1472,775,51
269.968,0,18995200,windows,0,42285,42172.5,103,0,0,0,0,0,0,69,30,4
270.176,1,18921472,windows,0,1.55616e+07,1.55428e+07,1895,0,0,0,0,0,0,1216,637,42
270.218,0,19009536,windows,0,33125,33012.5,93,0,0,0,0,0,0,65,24,4
270.429,1,18937856,windows,0,1.05683e+07,1.05518e+07,1588,0,0,0,0,0,0,1045,503,40
270.471,0,19023872,windows,0,30455,29503.8,87,0,0,0,0,0,0,55,27,5
270.689,1,18953216,windows,0,7.77154e+06,7.77047e+06,1367,0,0,0,0,0,0,904,427,36
270.735,0,19039232,windows,0,27790,27647.5,83,0,0,0,0,0,0,52,26,5
270.948,1,18972672,windows,0,5.13552e+06,5.13463e+06,1111,0,0,0,0,0,0,733,348,30
271,0,19054592,windows,0,26255,26112.5,81,0,0,0,0,0,0,51,25,5
271.207,1,18993152,windows,0,3.42726e+06,3.41889e+06,925,0,0,0,0,0,0,647,257,21
271.26,0,19069952,windows,0,23680,23132.5,78,0,0,0,0,0,0,52,22,4
271.464,1,19012608,windows,0,2.40212e+06,2.40212e+06,763,0,0,0,0,0,0,517,230,16
271.519,0,19086336,windows,0,20275,20192.5,72,0,0,0,0,0,0,49,20,3
271.715,1,19032064,windows,0,1.74964e+06,1.74694e+06,661,0,0,0,0,0,0,470,179,12
271.771,0,19101696,windows,0,17180,17127.5,66,0,0,0,0,0,0,46,18,2
271.966,1,19050496,windows,0,1.1953e+06,1.19232e+06,545,0,0,0,0,0,0,387,149,9
272.025,0,19117056,windows,0,16280,15653.8,64,0,0,0,0,0,0,44,18,2
272.224,1,19069952,windows,0,865960,863345,465,0,0,0,0,0,0,322,131,12
272.28,0,19133440,windows,0,14395,14372.5,60,0,0,0,0,0,0,43,16,1
272.482,1,19089408,windows,0,664540,664128,411,0,0,0,0,0,0,284,113,14
272.533,0,19149824,windows,0,13555,13532.5,58,0,0,0,0,0,0,41,16,1
272.738,1,19108864,windows,0,487945,486429,348,0,0,0,0,0,0,233,103,12
272.783,0,19166208,windows,0,13555,13532.5,58,0,0,0,0,0,0,41,16,1
272.988,1,19126272,windows,0,346660,346308,291,0,0,0,0,0,0,188,91,12
273.037,0,19183616,windows,0,12755,12223.8,56,0,0,0,0,0,0,39,16,1
273.241,1,19144704,windows,0,260320,260320,252,0,0,0,0,0,0,160,80,12
273.291,0,19201024,windows,0,11995,11788.8,54,0,0,0,0,0,0,37,16,1
273.497,1,19163136,windows,0,206000,204929,226,0,0,0,0,0,0,144,70,12
273.55,0,19218432,windows,0,11600,11600,52,0,0,0,0,0,0,36,16,0
273.751,1,19180544,windows,0,162390,160184,200,0,0,0,0,0,0,126,63,11
273.81,0,19235840,windows,0,10980,10980,51,0,0,0,0,0,0,36,15,0
274.01,1,19197952,windows,0,115360,114012,169,0,0,0,0,0,0,106,53,10
274.069,0,19253248,windows,0,10280,10280,49,0,0,0,0,0,0,34,15,0
274.271,1,19218432,windows,0,93655,92908.8,153,0,0,0,0,0,0,97,47,9
274.325,0,19271680,windows,0,9975,9493.75,49,0,0,0,0,0,0,33,15,1
274.523,1,19238912,windows,0,77580,77580,141,0,0,0,0,0,0,96,39,6
274.587,0,19290112,windows,0,9700,9531.25,48,0,0,0,0,0,0,34,14,0
274.776,1,19259392,windows,0,61145,59986.2,122,0,0,0,0,0,0,77,39,6
274.85,0,19308544,windows,0,8825,8825,46,0,0,0,0,0,0,33,13,0
275.038,1,19279872,windows,0,55225,54530,118,0,0,0,0,0,0,77,35,6
275.106,0,19326976,windows,0,8325,7926.25,45,0,0,0,0,0,0,33,12,0
275.295,1,19300352,windows,0,46665,46321.2,108,0,0,0,0,0,0,69,33,6
275.361,0,19345408,windows,0,8325,7926.25,45,0,0,0,0,0,0,33,12,0
275.546,1,19319808,windows,0,42590,42251.2,105,0,0,0,0,0,0,68,30,7
275.626,0,19363840,windows,0,7865,7650,44,0,0,0,0,0,0,33,11,0
275.801,1,19339264,windows,0,38105,37236.2,100,0,0,0,0,0,0,67,27,6
275.879,0,19381248,windows,0,7865,7650,44,0,0,0,0,0,0,33,11,0
276.053,1,19357696,windows,0,33005,32166.2,91,0,0,0,0,0,0,57,28,6
276.14,0,19399680,windows,0,7865,7650,44,0,0,0,0,0,0,33,11,0
276.315,1,19378176,windows,0,30785,30511.2,88,0,0,0,0,0,0,55,27,6
276.393,0,19417088,windows,0,7865,7650,44,0,0,0,0,0,0,33,11,0
276.575,1,19398656,windows,0,29260,28705,84,0,0,0,0,0,0,50,28,6
276.656,0,19435520,windows,0,7865,7650,44,0,0,0,0,0,0,33,11,0
276.837,1,19417088,windows,0,26080,25831.2,81,0,0,0,0,0,0,50,25,6
276.919,0,19453952,windows,0,7685,7450,43,0,0,0,0,0,0,31,12,0
277.088,1,19436544,windows,0,23180,23180,76,0,0,0,0,0,0,46,24,6
277.182,0,19472384,windows,0,7225,7010,42,0,0,0,0,0,0,31,11,0
277.345,1,19456000,windows,0,21805,21571.2,75,0,0,0,0,0,0,47,22,6
277.436,0,19489792,windows,0,7120,6925,42,0,0,0,0,0,0,32,10,0
277.603,1,19476480,windows,0,20440,20440,72,0,0,0,0,0,0,44,22,6
277.695,0,19507200,windows,0,7120,6925,42,0,0,0,0,0,0,32,10,0
277.861,1,19495936,windows,0,16705,16705,66,0,0,0,0,0,0,41,19,6
277.954,0,19524608,windows,0,7120,6925,42,0,0,0,0,0,0,32,10,0
278.12,1,19514368,windows,0,16300,15716.2,64,0,0,0,0,0,0,38,20,6
278.212,0,19542016,windows,0,6805,6805,41,0,0,0,0,0,0,31,10,0
278.376,1,19532800,windows,0,14450,14450,61,0,0,0,0,0,0,38,18,5
278.469,0,19559424,windows,0,6530,6507.5,41,0,0,0,0,0,0,30,10,1
278.637,1,19551232,windows,0,13375,13375,59,0,0,0,0,0,0,37,17,5
278.721,0,19576832,windows,0,6530,6507.5,41,0,0,0,0,0,0,30,10,1
278.896,1,19570688,windows,0,11975,11811.2,55,0,0,0,0,0,0,33,17,5
278.976,0,19594240,windows,0,5855,5832.5,39,0,0,0,0,0,0,29,9,1
279.156,1,19591168,windows,0,11650,11156.2,54,0,0,0,0,0,0,32,17,5
279.229,0,19612672,windows,0,5855,5832.5,39,0,0,0,0,0,0,29,9,1
279.413,1,19612672,windows,0,11030,10695,52,0,0,0,0,0,0,30,17,5
279.486,0,19631104,windows,0,5675,5518.75,38,0,0,0,0,0,0,27,10,1
279.667,1,19632128,windows,0,10675,10521.2,52,0,0,0,0,0,0,31,16,5
279.744,0,19649536,windows,0,5295,5272.5,37,0,0,0,0,0,0,27,9,1
279.929,1,19651584,windows,0,10370,10370,51,0,0,0,0,0,0,30,16,5
280.005,0,19666944,windows,0,5265,4956.25,36,0,0,0,0,0,0,27,9,0
280.193,1,19672064,windows,0,10075,10075,50,0,0,0,0,0,0,29,16,5
280.259,0,19685376,windows,0,5000,4696.25,35,0,0,0,0,0,0,26,9,0
280.455,1,19691520,windows,0,10075,10075,50,0,0,0,0,0,0,29,16,5
280.514,0,19702784,windows,0,5000,4696.25,35,0,0,0,0,0,0,26,9,0
280.715,1,19709952,windows,0,9790,9475,49,0,0,0,0,0,0,28,16,5
280.771,0,19719168,windows,0,5000,4696.25,35,0,0,0,0,0,0,26,9,0
280.968,1,19727360,windows,0,9790,9475,49,0,0,0,0,0,0,28,16,5
281.026,0,19734528,windows,0,4745,4570,34,0,0,0,0,0,0,25,9,0
281.219,1,19744768,windows,0,9790,9475,49,0,0,0,0,0,0,28,16,5
281.281,0,19750912,windows,0,4405,4405,33,0,0,0,0,0,0,25,8,0
281.475,1,19764224,windows,0,9790,9475,49,0,0,0,0,0,0,28,16,5
281.54,0,19768320,windows,0,4405,4405,33,0,0,0,0,0,0,25,8,0
281.731,1,19782656,windows,0,9790,9475,49,0,0,0,0,0,0,28,16,5
281.793,0,19784704,windows,0,4405,4405,33,0,0,0,0,0,0,25,8,0
281.992,1,19802112,windows,0,9790,9475,49,0,0,0,0,0,0,28,16,5
282.053,0,19802112,windows,0,4405,4405,33,0,0,0,0,0,0,25,8,0
282.256,1,19822592,windows,0,9515,9200,48,0,0,0,0,0,0,27,16,5
282.319,0,19820544,windows,0,4405,4405,33,0,0,0,0,0,0,25,8,0
282.521,1,19843072,windows,0,9515,9200,48,0,0,0,0,0,0,27,16,5
282.57,0,19837952,windows,0,2435,2206.25,24,0,0,0,0,0,0,15,8,1
282.772,1,19859456,windows,0,9515,9200,48,0,0,0,0,0,0,27,16,5
282.831,0,19859456,windows,0,2435,2206.25,24,0,0,0,0,0,0,15,8,1
283.035,1,19878912,windows,0,8895,8600,47,0,0,0,0,0,0,27,15,5
283.089,0,19880960,windows,0,2435,2206.25,24,0,0,0,0,0,0,15,8,1
283.286,1,19897344,windows,0,8895,8600,47,0,0,0,0,0,0,27,15,5
283.343,0,19899392,windows,0,2435,2206.25,24,0,0,0,0,0,0,15,8,1
283.539,1,19914752,windows,0,8895,8600,47,0,0,0,0,0,0,27,15,5
283.6,0,19917824,windows,0,2435,2206.25,24,0,0,0,0,0,0,15,8,1
283.809,1,19932160,windows,0,7895,7600,43,0,0,0,0,0,0,23,15,5
283.853,0,19936256,windows,0,2435,2206.25,24,0,0,0,0,0,0,15,8,1
284.07,1,19951616,windows,0,7895,7600,43,0,0,0,0,0,0,23,15,5
284.104,0,19952640,windows,0,2435,2206.25,24,0,0,0,0,0,0,15,8,1
284.327,1,19970048,windows,0,7525,7250,43,0,0,0,0,0,0,25,14,4
284.362,0,19971072,windows,0,2435,2206.25,24,0,0,0,0,0,0,15,8,1
284.587,1,19989504,windows,0,7525,7250,43,0,0,0,0,0,0,25,14,4
284.618,0,19990528,windows,0,2435,2206.25,24,0,0,0,0,0,0,15,8,1
284.837,1,20007936,windows,0,7280,7005,42,0,0,0,0,0,0,24,14,4
284.878,0,20009984,windows,0,2435,2206.25,24,0,0,0,0,0,0,15,8,1
285.09,1,20028416,windows,0,6775,6520,41,0,0,0,0,0,0,25,13,3
285.133,0,20030464,windows,0,2435,2206.25,24,0,0,0,0,0,0,15,8,1
285.352,1,20048896,windows,0,6775,6520,41,0,0,0,0,0,0,25,13,3
285.393,0,20049920,windows,0,2435,2206.25,24,0,0,0,0,0,0,15,8,1
285.606,1,20068352,windows,0,6775,6520,41,0,0,0,0,0,0,25,13,3
285.656,0,20069376,windows,0,2435,2206.25,24,0,0,0,0,0,0,15,8,1
285.865,1,20087808,windows,0,6380,6016.25,40,0,0,0,0,0,0,26,12,2
285.915,0,20087808,windows,0,2435,2206.25,24,0,0,0,0,0,0,15,8,1
286.125,1,20106240,windows,0,5880,5526.25,38,0,0,0,0,0,0,24,12,2
286.165,0,20105216,windows,0,2435,2206.25,24,0,0,0,0,0,0,15,8,1
286.379,1,20125696,windows,0,5420,5420,36,0,0,0,0,0,0,22,12,2
286.419,0,20122624,windows,0,2435,2206.25,24,0,0,0,0,0,0,15,8,1
286.634,1,20143104,windows,0,5420,5420,36,0,0,0,0,0,0,22,12,2
286.674,0,20139008,windows,0,2435,2206.25,24,0,0,0,0,0,0,15,8,1
286.895,1,20161536,windows,0,5420,5420,36,0,0,0,0,0,0,22,12,2
286.925,0,20156416,windows,0,2435,2206.25,24,0,0,0,0,0,0,15,8,1
287.148,1,20180992,windows,0,2435,2206.25,24,0,0,0,0,0,0,15,8,1
287.177,0,20174848,windows,0,2435,2206.25,24,0,0,0,0,0,0,15,8,1
287.402,1,20200448,windows,0,2435,2206.25,24,0,0,0,0,0,0,15,8,1
287.427,0,20193280,windows,0,2435,2206.25,24,0,0,0,0,0,0,15,8,1
287.659,1,20219904,windows,0,2290,2066.25,23,0,0,0,0,0,0,14,8,1
287.69,0,20212736,windows,0,2435,2206.25,24,0,0,0,0,0,0,15,8,1
287.92,1,20238336,windows,0,2290,2066.25,23,0,0,0,0,0,0,14,8,1
287.941,0,20229120,windows,0,2435,2206.25,24,0,0,0,0,0,0,15,8,1
288.179,1,20257792,windows,0,2290,2066.25,23,0,0,0,0,0,0,14,8,1
288.199,0,20246528,repair,0,2435,2206.25,24,0,0,0,0,0,0,15,8,1
288.438,1,20277248,windows,0,2155,1936.25,22,0,0,0,0,0,0,13,8,1
288.455,0,20261888,windows,0,2435,2206.25,24,0,0,0,0,0,0,15,8,1
288.691,1,20297728,windows,0,2155,1936.25,22,0,0,0,0,0,0,13,8,1
288.719,0,20281344,windows,0,2435,2206.25,24,0,0,0,0,0,0,15,8,1
288.95,1,20318208,windows,0,2155,1936.25,22,0,0,0,0,0,0,13,8,1
288.971,0,20296704,windows,0,2435,2206.25,24,0,0,0,0,0,0,15,8,1
289.209,1,20337664,windows,0,2155,1936.25,22,0,0,0,0,0,0,13,8,1
289.229,0,20312064,windows,0,2435,2206.25,24,0,0,0,0,0,0,15,8,1
289.463,1,20355072,windows,0,2155,1936.25,22,0,0,0,0,0,0,13,8,1
289.491,0,20329472,windows,0,2435,2206.25,24,0,0,0,0,0,0,15,8,1
289.722,1,20372480,windows,0,2155,1936.25,22,0,0,0,0,0,0,13,8,1
289.743,0,20348928,windows,0,2435,2206.25,24,0,0,0,0,0,0,15,8,1
289.981,1,20388864,windows,0,2155,1936.25,22,0,0,0,0,0,0,13,8,1
290.001,0,20368384,windows,0,2435,2206.25,24,0,0,0,0,0,0,15,8,1
290.24,1,20404224,windows,0,2155,1936.25,22,0,0,0,0,0,0,13,8,1
290.26,0,20383744,windows,0,2435,2206.25,24,0,0,0,0,0,0,15,8,1
290.496,1,20419584,windows,0,2155,1936.25,22,0,0,0,0,0,0,13,8,1
290.522,0,20401152,windows,0,2155,1936.25,22,0,0,0,0,0,0,13,8,1
290.758,1,20435968,windows,0,2155,1936.25,22,0,0,0,0,0,0,13,8,1
290.783,0,20417536,windows,0,2155,1936.25,22,0,0,0,0,0,0,13,8,1
291.02,1,20452352,windows,0,2155,1936.25,22,0,0,0,0,0,0,13,8,1
291.038,0,20434944,windows,0,2155,1936.25,22,0,0,0,0,0,0,13,8,1
291.279,1,20468736,windows,0,2155,1936.25,22,0,0,0,0,0,0,13,8,1
291.295,0,20453376,windows,0,2030,1816.25,21,0,0,0,0,0,0,12,8,1
291.54,1,20485120,windows,0,2155,1936.25,22,0,0,0,0,0,0,13,8,1
291.558,0,20470784,windows,0,2030,1816.25,21,0,0,0,0,0,0,12,8,1
291.804,1,20502528,windows,0,2155,1936.25,22,0,0,0,0,0,0,13,8,1
291.824,0,20488192,windows,0,2030,1816.25,21,0,0,0,0,0,0,12,8,1
292.066,1,20519936,windows,0,2155,1936.25,22,0,0,0,0,0,0,13,8,1
292.077,0,20505600,windows,0,2030,1816.25,21,0,0,0,0,0,0,12,8,1
292.329,1,20537344,windows,0,2155,1936.25,22,0,0,0,0,0,0,13,8,1
292.337,0,20524032,windows,0,2030,1816.25,21,0,0,0,0,0,0,12,8,1
292.583,1,20553728,windows,0,2155,1936.25,22,0,0,0,0,0,0,13,8,1
292.593,0,20541440,windows,0,2030,1816.25,21,0,0,0,0,0,0,12,8,1
292.843,1,20571136,windows,0,2155,1936.25,22,0,0,0,0,0,0,13,8,1
292.851,0,20558848,repair,0,2030,1816.25,21,0,0,0,0,0,0,12,8,1
293.1,1,20588544,windows,0,2155,1936.25,22,0,0,0,0,0,0,13,8,1
293.106,0,20575232,repair,0,2030,1816.25,21,0,0,0,0,0,0,12,8,1
293.358,0,20589568,repair,0,2030,1816.25,21,0,0,0,0,0,0,12,8,1
293.365,1,20605952,windows,0,2155,1936.25,22,0,0,0,0,0,0,13,8,1
293.61,0,20603904,windows,0,2030,1816.25,21,0,0,0,0,0,0,12,8,1
293.625,1,20623360,windows,0,2030,1816.25,21,0,0,0,0,0,0,12,8,1
293.884,1,20636672,windows,0,2030,1816.25,21,0,0,0,0,0,0,12,8,1
293.886,0,20618240,windows,0,2030,1816.25,21,0,0,0,0,0,0,12,8,1
294.147,1,20645888,windows,0,2030,1816.25,21,0,0,0,0,0,0,12,8,1
294.165,0,20626432,windows,0,2030,1816.25,21,0,0,0,0,0,0,12,8,1
294.401,1,20662272,windows,0,2030,1816.25,21,0,0,0,0,0,0,12,8,1
294.424,0,20642816,windows,0,2030,1816.25,21,0,0,0,0,0,0,12,8,1
294.66,1,20681728,repair,0,2030,1816.25,21,0,0,0,0,0,0,12,8,1
294.685,0,20659200,windows,0,2030,1816.25,21,0,0,0,0,0,0,12,8,1
294.91,1,20703232,windows,0,2030,1816.25,21,0,0,0,0,0,0,12,8,1
294.942,0,20676608,windows,0,2030,1816.25,21,0,0,0,0,0,0,12,8,1
295.17,1,20724736,windows,0,2030,1816.25,21,0,0,0,0,0,0,12,8,1
295.209,0,20694016,windows,0,2030,1816.25,21,0,0,0,0,0,0,12,8,1
295.429,1,20746240,windows,0,2030,1816.25,21,0,0,0,0,0,0,12,8,1
295.471,0,20711424,windows,0,2030,1816.25,21,0,0,0,0,0,0,12,8,1
295.685,1,20764672,windows,0,2030,1816.25,21,0,0,0,0,0,0,12,8,1
295.727,0,20727808,windows,0,2030,1816.25,21,0,0,0,0,0,0,12,8,1
295.936,1,20784128,windows,0,2030,1816.25,21,0,0,0,0,0,0,12,8,1
295.986,0,20745216,windows,0,2030,1816.25,21,0,0,0,0,0,0,12,8,1
296.194,1,20802560,windows,0,2030,1816.25,21,0,0,0,0,0,0,12,8,1
296.248,0,20763648,windows,0,2030,1816.25,21,0,0,0,0,0,0,12,8,1
296.447,1,20822016,windows,0,2030,1816.25,21,0,0,0,0,0,0,12,8,1
296.504,0,20781056,windows,0,2030,1816.25,21,0,0,0,0,0,0,12,8,1
296.697,1,20842496,windows,0,2030,1816.25,21,0,0,0,0,0,0,12,8,1
296.762,0,20797440,windows,0,2030,1816.25,21,0,0,0,0,0,0,12,8,1
296.96,1,20864000,windows,0,2030,1816.25,21,0,0,0,0,0,0,12,8,1
297.029,0,20814848,windows,0,2030,1816.25,21,0,0,0,0,0,0,12,8,1
297.221,1,20883456,windows,0,2030,1816.25,21,0,0,0,0,0,0,12,8,1
297.29,0,20831232,windows,0,2030,1816.25,21,0,0,0,0,0,0,12,8,1
297.479,1,20901888,windows,0,2030,1816.25,21,0,0,0,0,0,0,12,8,1
297.546,0,20847616,windows,0,2030,1816.25,21,0,0,0,0,0,0,12,8,1
297.743,1,20920320,windows,0,2030,1816.25,21,0,0,0,0,0,0,12,8,1
297.804,0,20864000,windows,0,2030,1816.25,21,0,0,0,0,0,0,12,8,1
297.993,1,20935680,windows,0,2030,1816.25,21,0,0,0,0,0,0,12,8,1
298.056,0,20880384,windows,0,2030,1816.25,21,0,0,0,0,0,0,12,8,1
298.246,1,20953088,windows,0,2030,1816.25,21,0,0,0,0,0,0,12,8,1
298.319,0,20896768,windows,0,2030,1816.25,21,0,0,0,0,0,0,12,8,1
298.497,1,20970496,windows,0,2030,1816.25,21,0,0,0,0,0,0,12,8,1
298.578,0,20913152,windows,0,2030,1816.25,21,0,0,0,0,0,0,12,8,1
298.755,1,20986880,windows,0,2030,1816.25,21,0,0,0,0,0,0,12,8,1
298.836,0,20929536,repair,0,2030,1816.25,21,0,0,0,0,0,0,12,8,1
299.012,1,21002240,windows,0,2030,1816.25,21,0,0,0,0,0,0,12,8,1
299.089,0,20946944,windows,0,2030,1816.25,21,0,0,0,0,0,0,12,8,1
299.263,1,21018624,windows,0,2030,1816.25,21,0,0,0,0,0,0,12,8,1
299.347,0,20964352,windows,0,2030,1816.25,21,0,0,0,0,0,0,12,8,1
299.524,1,21036032,windows,0,2030,1816.25,21,0,0,0,0,0,0,12,8,1
299.598,0,20980736,windows,0,2030,1816.25,21,0,0,0,0,0,0,12,8,1
299.777,1,21051392,windows,0,2030,1816.25,21,0,0,0,0,0,0,12,8,1
299.851,0,20997120,windows,0,2030,1816.25,21,0,0,0,0,0,0,12,8,1
300.006,1,21064704,end,0,2030,1816.25,21,0,0,0,0,0,0,12,8,1
300.014,0,21007360,end,0,2030,1816.25,21,0,0,0,0,0,0,12,8,1
