seconds,worker,moves,phase,hard,objective,surrogate,soft,lecturerConflicts,groupConflicts,roomConflicts,groupTravel,lecturerTravel,abstractRoomOverflow,lecturerWindows,groupWindows,mixedOnlineDays
0.0289595,1,0,start,541,2.00948e+07,2.009e+07,1126,0,0,0,359,182,0,779,237,110
0.0310104,0,0,start,512,1.82535e+07,1.8246e+07,1107,0,0,0,335,177,0,730,248,129
0.283593,1,24576,repair,311,6.49745e+07,6.49422e+07,3599,19,70,46,121,55,0,2043,1438,118
0.295279,0,22528,repair,294,6.23329e+07,6.23292e+07,3517,13,51,51,120,59,0,1977,1418,122
0.53637,1,45056,repair,205,5.71127e+07,5.71127e+07,3354,23,37,49,57,39,0,1859,1391,104
0.546077,0,40960,repair,193,6.20419e+07,6.19999e+07,3528,13,39,36,71,34,0,1979,1436,113
0.797162,1,66560,repair,116,5.89671e+07,5.89573e+07,3456,9,29,20,39,19,0,1959,1400,97
0.80479,0,61440,repair,126,5.22059e+07,5.21675e+07,3257,3,19,27,54,23,0,1846,1313,98
1.06002,1,87040,repair,64,4.21769e+07,4.21685e+07,2930,1,12,10,26,15,0,1677,1180,73
1.0649,0,82944,repair,73,3.84863e+07,3.84622e+07,2859,2,10,12,27,22,0,1693,1092,74
1.31047,1,105472,repair,30,3.77165e+07,3.77165e+07,2830,2,2,6,14,6,0,1679,1083,68
1.32511,0,105472,repair,34,3.22031e+07,3.21818e+07,2668,0,2,4,22,6,0,1637,965,66
1.56546,1,122880,repair,10,3.02828e+07,3.02748e+07,2594,1,0,1,6,2,0,1602,931,61
1.57815,0,125952,repair,14,2.64722e+07,2.64534e+07,2457,0,2,0,9,3,0,1547,848,62
1.82194,1,140288,repair,5,2.09801e+07,2.09649e+07,2172,0,1,0,1,3,0,1364,762,46
1.83422,0,146432,repair,1,2.09775e+07,2.09628e+07,2197,0,0,1,0,0,0,1414,739,44
2.08433,1,158720,windows,0,1.64254e+07,1.64254e+07,1970,0,0,0,0,0,0,1299,630,41
2.09924,0,163840,windows,0,1.51469e+07,1.51409e+07,1870,0,0,0,0,0,0,1210,624,36
2.33586,1,175104,windows,0,1.14939e+07,1.14834e+07,1645,0,0,0,0,0,0,1083,529,33
2.35778,0,180224,windows,0,1.05841e+07,1.05729e+07,1577,0,0,0,0,0,0,1030,512,35
2.59202,1,190464,windows,0,8.36227e+06,8.36227e+06,1419,0,0,0,0,0,0,952,436,31
2.60781,0,194560,windows,0,7.88061e+06,7.87522e+06,1379,0,0,0,0,0,0,942,414,23
2.84235,1,205824,windows,0,5.86366e+06,5.85226e+06,1172,0,0,0,0,0,0,778,376,18
2.87017,0,212992,windows,0,5.11526e+06,5.11526e+06,1108,0,0,0,0,0,0,745,341,22
3.10265,1,221184,windows,0,4.3733e+06,4.37259e+06,1034,0,0,0,0,0,0,703,307,24
3.12553,0,230400,windows,0,3.77268e+06,3.76311e+06,966,0,0,0,0,0,0,665,278,23
3.35633,1,236544,windows,0,3.33557e+06,3.33557e+06,903,0,0,0,0,0,0,618,266,19
3.38626,0,248832,windows,0,2.75773e+06,2.75021e+06,829,0,0,0,0,0,0,578,232,19
3.61984,1,252928,windows,0,2.56526e+06,2.56262e+06,787,0,0,0,0,0,0,528,241,18
3.64845,0,266240,windows,0,2.05538e+06,2.05077e+06,711,0,0,0,0,0,0,488,207,16
3.88161,1,268288,windows,0,1.90749e+06,1.90521e+06,682,0,0,0,0,0,0,456,207,19
3.90442,0,283648,windows,0,1.41266e+06,1.40883e+06,594,0,0,0,0,0,0,410,168,16
4.1425,1,284672,windows,0,1.33408e+06,1.33173e+06,568,0,0,0,0,0,0,376,176,16
4.16862,0,302080,windows,0,986480,986128,500,0,0,0,0,0,0,356,132,12
4.40047,1,300032,windows,0,1.02762e+06,1.02723e+06,505,0,0,0,0,0,0,347,145,13
4.42919,0,320512,windows,0,737435,737435,428,0,0,0,0,0,0,299,120,9
4.66085,1,316416,windows,0,763055,760760,439,0,0,0,0,0,0,315,115,9
4.687,0,338944,windows,0,557320,555779,373,0,0,0,0,0,0,262,103,8
4.91992,1,332800,windows,0,574280,573988,378,0,0,0,0,0,0,260,108,10
4.93947,0,357376,windows,0,346220,345039,292,0,0,0,0,0,0,202,84,6
5.18412,1,349184,windows,0,394885,391996,313,0,0,0,0,0,0,211,92,10
5.19848,0,377856,windows,0,241250,240451,240,0,0,0,0,0,0,160,75,5
5.43441,1,365568,windows,0,297745,296811,276,0,0,0,0,0,0,187,77,12
5.44899,0,397312,windows,0,174475,173360,210,0,0,0,0,0,0,149,56,5
5.69407,1,384000,windows,0,220930,220141,237,0,0,0,0,0,0,158,68,11
5.70816,0,416768,windows,0,117500,116881,171,0,0,0,0,0,0,124,45,2
5.94855,1,401408,windows,0,175035,175035,212,0,0,0,0,0,0,141,60,11
5.9687,0,435200,windows,0,85910,85012.5,146,0,0,0,0,0,0,102,41,3
6.20759,1,419840,windows,0,127955,125964,178,0,0,0,0,0,0,111,56,11
6.22521,0,453632,windows,0,65295,64748.8,129,0,0,0,0,0,0,93,33,3
6.47082,1,438272,windows,0,97580,97287.5,159,0,0,0,0,0,0,104,45,10
6.48582,0,473088,windows,0,52360,52307.5,116,0,0,0,0,0,0,88,26,2
6.73242,1,459776,windows,0,76125,74997.5,139,0,0,0,0,0,0,87,42,10
6.73733,0,492544,windows,0,40930,40415,101,0,0,0,0,0,0,74,26,1
6.98652,1,480256,windows,0,60445,60061.2,123,0,0,0,0,0,0,77,38,8
6.99523,0,512000,windows,0,29555,29555,86,0,0,0,0,0,0,63,22,1
7.23943,1,499712,windows,0,48415,47720,109,0,0,0,0,0,0,67,35,7
7.25177,0,530432,windows,0,28015,28015,83,0,0,0,0,0,0,59,23,1
7.50132,1,520192,windows,0,42470,42470,102,0,0,0,0,0,0,62,33,7
7.50802,0,549888,windows,0,23710,23710,77,0,0,0,0,0,0,56,20,1
7.76544,1,540672,windows,0,38575,38271.2,97,0,0,0,0,0,0,61,31,5
7.7682,0,569344,windows,0,19255,19011.2,69,0,0,0,0,0,0,49,19,1
8.02499,0,588800,windows,0,17830,17455,66,0,0,0,0,0,0,46,19,1
8.0264,1,562176,windows,0,35095,35095,91,0,0,0,0,0,0,55,31,5
8.2761,0,607232,windows,0,16635,16635,64,0,0,0,0,0,0,45,18,1
8.2885,1,582656,windows,0,25005,25005,79,0,0,0,0,0,0,51,24,4
8.53501,0,625664,windows,0,15055,14841.2,61,0,0,0,0,0,0,43,17,1
8.54882,1,604160,windows,0,21680,21205,72,0,0,0,0,0,0,44,24,4
8.78647,0,644096,windows,0,14215,14215,59,0,0,0,0,0,0,41,17,1
8.80442,1,625664,windows,0,18980,18980,69,0,0,0,0,0,0,44,21,4
9.03736,0,662528,windows,0,11720,11720,53,0,0,0,0,0,0,38,15,0
9.06727,1,647168,windows,0,16085,15496.2,63,0,0,0,0,0,0,39,20,4
9.29468,0,679936,windows,0,10980,10980,51,0,0,0,0,0,0,36,15,0
9.32755,1,668672,windows,0,14710,14335,60,0,0,0,0,0,0,38,19,3
9.54861,0,697344,windows,0,10765,10581.2,51,0,0,0,0,0,0,37,14,0
9.58348,1,688128,windows,0,13230,13230,57,0,0,0,0,0,0,36,18,3
9.80846,0,714752,windows,0,10045,9596.25,49,0,0,0,0,0,0,35,14,0
9.84362,1,705536,windows,0,12530,12530,55,0,0,0,0,0,0,34,18,3
10.062,0,732160,windows,0,9190,8998.75,48,0,0,0,0,0,0,34,13,1
10.0939,1,726016,windows,0,11870,11870,53,0,0,0,0,0,0,32,18,3
10.323,0,753664,windows,0,8825,8406.25,46,0,0,0,0,0,0,33,13,0
10.3504,1,746496,windows,0,11555,11555,52,0,0,0,0,0,0,31,18,3
10.5773,0,773120,windows,0,8500,8086.25,45,0,0,0,0,0,0,32,13,0
10.6024,1,764928,windows,0,11555,11555,52,0,0,0,0,0,0,31,18,3
10.8332,0,793600,windows,0,7615,7448.75,43,0,0,0,0,0,0,29,13,1
10.8649,1,786432,windows,0,11250,11250,51,0,0,0,0,0,0,30,18,3
11.0978,0,811008,windows,0,7585,7441.25,42,0,0,0,0,0,0,29,13,0
11.1259,1,805888,windows,0,10955,10955,50,0,0,0,0,0,0,29,18,3
11.3567,0,828416,windows,0,7300,6906.25,41,0,0,0,0,0,0,28,13,0
11.3896,1,825344,windows,0,10955,10955,50,0,0,0,0,0,0,29,18,3
11.607,0,843776,windows,0,7300,6906.25,41,0,0,0,0,0,0,28,13,0
11.6525,1,843776,windows,0,10955,10955,50,0,0,0,0,0,0,29,18,3
11.8627,0,859136,windows,0,7300,6906.25,41,0,0,0,0,0,0,28,13,0
11.9079,1,861184,windows,0,10955,10955,50,0,0,0,0,0,0,29,18,3
12.1167,0,875520,windows,0,7300,6906.25,41,0,0,0,0,0,0,28,13,0
12.1695,1,878592,windows,0,7300,6906.25,41,0,0,0,0,0,0,28,13,0
12.3697,0,893952,windows,0,7025,6636.25,40,0,0,0,0,0,0,27,13,0
12.4339,1,897024,windows,0,7025,6636.25,40,0,0,0,0,0,0,27,13,0
12.6236,0,911360,windows,0,7025,6636.25,40,0,0,0,0,0,0,27,13,0
12.6849,1,914432,windows,0,6760,6376.25,39,0,0,0,0,0,0,26,13,0
12.8815,0,930816,windows,0,6760,6376.25,39,0,0,0,0,0,0,26,13,0
12.9351,1,933888,windows,0,6760,6376.25,39,0,0,0,0,0,0,26,13,0
13.1333,0,951296,windows,0,6760,6376.25,39,0,0,0,0,0,0,26,13,0
13.1961,1,955392,windows,0,6760,6376.25,39,0,0,0,0,0,0,26,13,0
13.3859,0,972800,windows,0,6760,6376.25,39,0,0,0,0,0,0,26,13,0
13.4592,1,974848,windows,0,6505,6126.25,38,0,0,0,0,0,0,25,13,0
13.6378,0,994304,windows,0,6505,6126.25,38,0,0,0,0,0,0,25,13,0
13.7129,1,994304,windows,0,5800,5436.25,35,0,0,0,0,0,0,22,13,0
13.8968,0,1016832,windows,0,6505,6126.25,38,0,0,0,0,0,0,25,13,0
13.9733,1,1016832,windows,0,5800,5436.25,35,0,0,0,0,0,0,22,13,0
14.1475,0,1038336,windows,0,6505,6126.25,38,0,0,0,0,0,0,25,13,0
14.2308,1,1038336,windows,0,5585,5226.25,34,0,0,0,0,0,0,21,13,0
14.407,0,1059840,windows,0,6505,6126.25,38,0,0,0,0,0,0,25,13,0
14.4842,1,1057792,windows,0,5380,5125,33,0,0,0,0,0,0,20,13,0
14.6571,0,1078272,windows,0,5380,5125,33,0,0,0,0,0,0,20,13,0
14.7447,1,1077248,windows,0,5185,4930,32,0,0,0,0,0,0,19,13,0
14.9161,0,1096704,windows,0,5380,5125,33,0,0,0,0,0,0,20,13,0
14.9955,1,1095680,windows,0,5185,4930,32,0,0,0,0,0,0,19,13,0
15.1783,0,1116160,windows,0,5185,4930,32,0,0,0,0,0,0,19,13,0
15.2505,1,1114112,windows,0,5185,4930,32,0,0,0,0,0,0,19,13,0
15.4316,0,1134592,windows,0,5185,4930,32,0,0,0,0,0,0,19,13,0
15.5092,1,1132544,windows,0,4420,4321.25,31,0,0,0,0,0,0,20,11,0
15.6886,0,1153024,windows,0,5185,4930,32,0,0,0,0,0,0,19,13,0
15.7636,1,1150976,windows,0,4225,4131.25,30,0,0,0,0,0,0,19,11,0
15.9398,0,1169408,windows,0,5000,4745,31,0,0,0,0,0,0,18,13,0
16.0209,1,1169408,windows,0,4225,4131.25,30,0,0,0,0,0,0,19,11,0
16.2101,0,1182720,windows,0,4825,4570,30,0,0,0,0,0,0,17,13,0
16.2919,1,1181696,windows,0,4040,4040,29,0,0,0,0,0,0,18,11,0
16.4685,0,1190912,windows,0,4825,4570,30,0,0,0,0,0,0,17,13,0
16.5433,1,1195008,windows,0,4040,4040,29,0,0,0,0,0,0,18,11,0
16.7249,0,1210368,windows,0,4825,4570,30,0,0,0,0,0,0,17,13,0
16.7961,1,1214464,windows,0,4040,4040,29,0,0,0,0,0,0,18,11,0
16.9913,0,1230848,windows,0,4825,4570,30,0,0,0,0,0,0,17,13,0
17.0509,1,1232896,windows,0,4040,4040,29,0,0,0,0,0,0,18,11,0
17.2488,0,1247232,windows,0,4660,4405,29,0,0,0,0,0,0,16,13,0
17.3164,1,1249280,windows,0,4040,4040,29,0,0,0,0,0,0,18,11,0
17.5108,0,1263616,windows,0,4660,4405,29,0,0,0,0,0,0,16,13,0
17.5728,1,1265664,windows,0,4040,4040,29,0,0,0,0,0,0,18,11,0
17.7699,0,1283072,windows,0,4660,4405,29,0,0,0,0,0,0,16,13,0
17.8295,1,1283072,windows,0,4040,4040,29,0,0,0,0,0,0,18,11,0
18.0221,0,1303552,windows,0,4660,4405,29,0,0,0,0,0,0,16,13,0
18.0864,1,1300480,windows,0,4040,4040,29,0,0,0,0,0,0,18,11,0
18.277,0,1323008,windows,0,4040,4040,29,0,0,0,0,0,0,18,11,0
18.3426,1,1317888,windows,0,4040,4040,29,0,0,0,0,0,0,18,11,0
18.5304,0,1343488,windows,0,4040,4040,29,0,0,0,0,0,0,18,11,0
18.5988,1,1335296,windows,0,4040,4040,29,0,0,0,0,0,0,18,11,0
18.7882,0,1364992,windows,0,3700,3700,27,0,0,0,0,0,0,16,11,0
18.8583,1,1352704,windows,0,4040,4040,29,0,0,0,0,0,0,18,11,0
19.0443,0,1385472,windows,0,3700,3700,27,0,0,0,0,0,0,16,11,0
19.119,1,1369088,windows,0,4040,4040,29,0,0,0,0,0,0,18,11,0
19.2973,0,1404928,windows,0,3545,3545,26,0,0,0,0,0,0,15,11,0
19.3692,1,1385472,windows,0,3545,3545,26,0,0,0,0,0,0,15,11,0
19.5556,0,1426432,windows,0,3545,3545,26,0,0,0,0,0,0,15,11,0
19.6256,1,1402880,windows,0,3545,3545,26,0,0,0,0,0,0,15,11,0
19.8151,0,1445888,windows,0,3545,3545,26,0,0,0,0,0,0,15,11,0
19.8769,1,1419264,windows,0,3545,3545,26,0,0,0,0,0,0,15,11,0
20.0665,0,1463296,windows,0,3545,3545,26,0,0,0,0,0,0,15,11,0
20.1269,1,1435648,windows,0,3545,3545,26,0,0,0,0,0,0,15,11,0
20.3254,0,1480704,windows,0,3545,3545,26,0,0,0,0,0,0,15,11,0
20.3909,1,1453056,windows,0,3545,3545,26,0,0,0,0,0,0,15,11,0
20.5897,0,1499136,windows,0,3400,3400,25,0,0,0,0,0,0,14,11,0
20.6507,1,1469440,windows,0,3545,3545,26,0,0,0,0,0,0,15,11,0
20.8506,0,1518592,windows,0,3400,3400,25,0,0,0,0,0,0,14,11,0
20.9083,1,1485824,windows,0,3545,3545,26,0,0,0,0,0,0,15,11,0
21.1062,0,1540096,windows,0,3400,3400,25,0,0,0,0,0,0,14,11,0
21.1689,1,1503232,windows,0,3545,3545,26,0,0,0,0,0,0,15,11,0
21.3619,0,1561600,windows,0,3400,3400,25,0,0,0,0,0,0,14,11,0
21.4215,1,1519616,windows,0,3400,3400,25,0,0,0,0,0,0,14,11,0
21.6275,0,1581056,windows,0,3400,3400,25,0,0,0,0,0,0,14,11,0
21.672,1,1536000,windows,0,3400,3400,25,0,0,0,0,0,0,14,11,0
21.8847,0,1600512,windows,0,3400,3400,25,0,0,0,0,0,0,14,11,0
21.925,1,1553408,windows,0,3400,3400,25,0,0,0,0,0,0,14,11,0
22.1436,0,1619968,windows,0,3400,3400,25,0,0,0,0,0,0,14,11,0
22.1878,1,1570816,windows,0,3400,3400,25,0,0,0,0,0,0,14,11,0
22.3994,0,1640448,windows,0,3400,3400,25,0,0,0,0,0,0,14,11,0
22.445,1,1587200,windows,0,3400,3400,25,0,0,0,0,0,0,14,11,0
22.6567,0,1658880,windows,0,3400,3400,25,0,0,0,0,0,0,14,11,0
22.7075,1,1604608,windows,0,3400,3400,25,0,0,0,0,0,0,14,11,0
22.9128,0,1678336,windows,0,3400,3400,25,0,0,0,0,0,0,14,11,0
22.972,1,1623040,windows,0,3400,3400,25,0,0,0,0,0,0,14,11,0
23.1636,0,1697792,windows,0,3400,3400,25,0,0,0,0,0,0,14,11,0
23.2246,1,1640448,windows,0,3400,3400,25,0,0,0,0,0,0,14,11,0
23.4152,0,1716224,windows,0,3400,3400,25,0,0,0,0,0,0,14,11,0
23.4877,1,1658880,windows,0,3400,3400,25,0,0,0,0,0,0,14,11,0
23.672,0,1736704,windows,0,3400,3400,25,0,0,0,0,0,0,14,11,0
23.7393,1,1676288,windows,0,3400,3400,25,0,0,0,0,0,0,14,11,0
23.9227,0,1759232,windows,0,3400,3400,25,0,0,0,0,0,0,14,11,0
23.9938,1,1693696,windows,0,3400,3400,25,0,0,0,0,0,0,14,11,0
24.1816,0,1781760,windows,0,3400,3400,25,0,0,0,0,0,0,14,11,0
24.2483,1,1711104,windows,0,3400,3400,25,0,0,0,0,0,0,14,11,0
24.4438,0,1805312,windows,0,3400,3400,25,0,0,0,0,0,0,14,11,0
24.5086,1,1729536,windows,0,3400,3400,25,0,0,0,0,0,0,14,11,0
24.7036,0,1826816,windows,0,3400,3400,25,0,0,0,0,0,0,14,11,0
24.7607,1,1746944,repair,0,3400,3400,25,0,0,0,0,0,0,14,11,0
24.958,0,1847296,windows,0,3400,3400,25,0,0,0,0,0,0,14,11,0
25.0123,1,1767424,windows,0,3400,3400,25,0,0,0,0,0,0,14,11,0
25.2154,0,1867776,windows,0,3400,3400,25,0,0,0,0,0,0,14,11,0
25.2716,1,1786880,windows,0,3400,3400,25,0,0,0,0,0,0,14,11,0
25.4769,0,1887232,windows,0,3400,3400,25,0,0,0,0,0,0,14,11,0
25.5293,1,1806336,windows,0,3400,3400,25,0,0,0,0,0,0,14,11,0
25.739,0,1905664,windows,0,3400,3400,25,0,0,0,0,0,0,14,11,0
25.7836,1,1821696,windows,0,3400,3400,25,0,0,0,0,0,0,14,11,0
26.0027,0,1924096,windows,0,3400,3400,25,0,0,0,0,0,0,14,11,0
26.0487,1,1838080,windows,0,3400,3400,25,0,0,0,0,0,0,14,11,0
26.2626,0,1940480,windows,0,3400,3400,25,0,0,0,0,0,0,14,11,0
26.3161,1,1854464,windows,0,3400,3400,25,0,0,0,0,0,0,14,11,0
26.5257,0,1957888,windows,0,3400,3400,25,0,0,0,0,0,0,14,11,0
26.5662,1,1869824,windows,0,3400,3400,25,0,0,0,0,0,0,14,11,0
26.7889,0,1974272,windows,0,3400,3400,25,0,0,0,0,0,0,14,11,0
26.824,1,1886208,windows,0,3400,3400,25,0,0,0,0,0,0,14,11,0
27.0508,0,1990656,windows,0,3400,3400,25,0,0,0,0,0,0,14,11,0
27.0776,1,1902592,windows,0,3400,3400,25,0,0,0,0,0,0,14,11,0
27.3099,0,2007040,windows,0,3400,3400,25,0,0,0,0,0,0,14,11,0
27.3353,1,1920000,windows,0,3400,3400,25,0,0,0,0,0,0,14,11,0
27.5648,0,2024448,windows,0,3400,3400,25,0,0,0,0,0,0,14,11,0
27.5874,1,1940480,windows,0,3400,3400,25,0,0,0,0,0,0,14,11,0
27.8235,0,2041856,windows,0,3400,3400,25,0,0,0,0,0,0,14,11,0
27.8498,1,1961984,windows,0,3400,3400,25,0,0,0,0,0,0,14,11,0
28.0799,0,2059264,windows,0,3400,3400,25,0,0,0,0,0,0,14,11,0
28.1057,1,1982464,windows,0,3400,3400,25,0,0,0,0,0,0,14,11,0
28.3425,0,2077696,windows,0,3400,3400,25,0,0,0,0,0,0,14,11,0
28.3592,1,1998848,windows,0,3400,3400,25,0,0,0,0,0,0,14,11,0
28.5977,0,2095104,windows,0,3400,3400,25,0,0,0,0,0,0,14,11,0
28.6178,1,2017280,windows,0,3400,3400,25,0,0,0,0,0,0,14,11,0
28.8588,0,2113536,windows,0,3400,3400,25,0,0,0,0,0,0,14,11,0
28.8736,1,2037760,windows,0,3400,3400,25,0,0,0,0,0,0,14,11,0
29.1132,0,2130944,windows,0,3400,3400,25,0,0,0,0,0,0,14,11,0
29.1339,1,2058240,windows,0,3400,3400,25,0,0,0,0,0,0,14,11,0
29.3722,0,2149376,windows,0,3400,3400,25,0,0,0,0,0,0,14,11,0
29.3883,1,2076672,windows,0,3400,3400,25,0,0,0,0,0,0,14,11,0
29.6226,0,2166784,windows,0,3400,3400,25,0,0,0,0,0,0,14,11,0
29.6513,1,2096128,windows,0,3400,3400,25,0,0,0,0,0,0,14,11,0
29.874,0,2184192,windows,0,3400,3400,25,0,0,0,0,0,0,14,11,0
29.9085,1,2113536,windows,0,3400,3400,25,0,0,0,0,0,0,14,11,0
30.1267,0,2199552,windows,0,3400,3400,25,0,0,0,0,0,0,14,11,0
30.1595,1,2128896,windows,0,3400,3400,25,0,0,0,0,0,0,14,11,0
30.3825,0,2215936,repair,0,3400,3400,25,0,0,0,0,0,0,14,11,0
30.4112,1,2144256,windows,0,3400,3400,25,0,0,0,0,0,0,14,11,0
30.6471,0,2235392,windows,0,3400,3400,25,0,0,0,0,0,0,14,11,0
30.6716,1,2161664,windows,0,3400,3400,25,0,0,0,0,0,0,14,11,0
30.9105,0,2253824,windows,0,3400,3400,25,0,0,0,0,0,0,14,11,0
30.9228,1,2178048,windows,0,3400,3400,25,0,0,0,0,0,0,14,11,0
31.17,0,2271232,windows,0,3400,3400,25,0,0,0,0,0,0,14,11,0
31.173,1,2196480,windows,0,3400,3400,25,0,0,0,0,0,0,14,11,0
31.422,0,2287616,windows,0,3400,3400,25,0,0,0,0,0,0,14,11,0
31.4357,1,2215936,windows,0,3400,3400,25,0,0,0,0,0,0,14,11,0
31.6723,0,2302976,windows,0,3400,3400,25,0,0,0,0,0,0,14,11,0
31.6876,1,2232320,windows,0,3400,3400,25,0,0,0,0,0,0,14,11,0
31.929,0,2318336,windows,0,3400,3400,25,0,0,0,0,0,0,14,11,0
31.9447,1,2250752,windows,0,3400,3400,25,0,0,0,0,0,0,14,11,0
32.1931,0,2333696,windows,0,3400,3400,25,0,0,0,0,0,0,14,11,0
32.2034,1,2264064,windows,0,3400,3400,25,0,0,0,0,0,0,14,11,0
32.4586,1,2279424,windows,0,3400,3400,25,0,0,0,0,0,0,14,11,0
32.459,0,2350080,windows,0,3400,3400,25,0,0,0,0,0,0,14,11,0
32.7118,0,2366464,windows,0,3400,3400,25,0,0,0,0,0,0,14,11,0
32.7267,1,2295808,windows,0,3400,3400,25,0,0,0,0,0,0,14,11,0
32.9642,0,2382848,windows,0,3400,3400,25,0,0,0,0,0,0,14,11,0
32.9828,1,2312192,windows,0,3400,3400,25,0,0,0,0,0,0,14,11,0
33.2244,0,2399232,windows,0,3400,3400,25,0,0,0,0,0,0,14,11,0
33.2425,1,2328576,windows,0,3400,3400,25,0,0,0,0,0,0,14,11,0
33.4784,0,2415616,windows,0,3400,3400,25,0,0,0,0,0,0,14,11,0
33.4974,1,2343936,windows,0,3400,3400,25,0,0,0,0,0,0,14,11,0
33.7307,0,2432000,windows,0,3400,3400,25,0,0,0,0,0,0,14,11,0
33.7556,1,2360320,windows,0,3400,3400,25,0,0,0,0,0,0,14,11,0
33.9865,0,2449408,windows,0,3400,3400,25,0,0,0,0,0,0,14,11,0
34.0159,1,2377728,windows,0,3400,3400,25,0,0,0,0,0,0,14,11,0
34.2501,0,2466816,windows,0,3400,3400,25,0,0,0,0,0,0,14,11,0
34.2717,1,2394112,windows,0,3400,3400,25,0,0,0,0,0,0,14,11,0
34.5036,0,2483200,repair,0,3400,3400,25,0,0,0,0,0,0,14,11,0
34.5339,1,2411520,windows,0,3400,3400,25,0,0,0,0,0,0,14,11,0
34.7614,0,2501632,repair,0,3400,3400,25,0,0,0,0,0,0,14,11,0
34.793,1,2428928,windows,0,3400,3400,25,0,0,0,0,0,0,14,11,0
35.0259,0,2519040,windows,0,3400,3400,25,0,0,0,0,0,0,14,11,0
35.0483,1,2446336,windows,0,3400,3400,25,0,0,0,0,0,0,14,11,0
35.2772,0,2534400,windows,0,3400,3400,25,0,0,0,0,0,0,14,11,0
35.3078,1,2463744,windows,0,3400,3400,25,0,0,0,0,0,0,14,11,0
35.5277,0,2549760,windows,0,3400,3400,25,0,0,0,0,0,0,14,11,0
35.5604,1,2480128,windows,0,3400,3400,25,0,0,0,0,0,0,14,11,0
35.7909,0,2566144,windows,0,3400,3400,25,0,0,0,0,0,0,14,11,0
35.8146,1,2497536,windows,0,3400,3400,25,0,0,0,0,0,0,14,11,0
36.0519,0,2582528,windows,0,3400,3400,25,0,0,0,0,0,0,14,11,0
36.0767,1,2515968,windows,0,3400,3400,25,0,0,0,0,0,0,14,11,0
36.306,0,2599936,windows,0,3400,3400,25,0,0,0,0,0,0,14,11,0
36.3359,1,2534400,windows,0,3400,3400,25,0,0,0,0,0,0,14,11,0
36.5694,0,2619392,windows,0,3400,3400,25,0,0,0,0,0,0,14,11,0
36.5969,1,2551808,repair,0,3400,3400,25,0,0,0,0,0,0,14,11,0
36.8298,0,2636800,windows,0,3400,3400,25,0,0,0,0,0,0,14,11,0
36.8553,1,2568192,windows,0,3400,3400,25,0,0,0,0,0,0,14,11,0
37.0927,0,2655232,windows,0,3400,3400,25,0,0,0,0,0,0,14,11,0
37.1139,1,2584576,windows,0,3400,3400,25,0,0,0,0,0,0,14,11,0
37.3487,0,2673664,windows,0,3400,3400,25,0,0,0,0,0,0,14,11,0
37.3684,1,2600960,windows,0,3400,3400,25,0,0,0,0,0,0,14,11,0
37.6084,0,2692096,windows,0,3400,3400,25,0,0,0,0,0,0,14,11,0
37.6326,1,2618368,windows,0,3400,3400,25,0,0,0,0,0,0,14,11,0
37.8754,0,2709504,repair,513,1.95314e+07,1.95251e+07,1257,2,3,2,342,164,0,816,312,129
37.8902,1,2635776,windows,0,3400,3400,25,0,0,0,0,0,0,14,11,0
38.1256,0,2728960,repair,278,6.16706e+07,6.16573e+07,3500,21,52,51,110,44,0,1969,1416,115
38.1446,1,2652160,windows,0,3400,3400,25,0,0,0,0,0,0,14,11,0
38.3885,0,2749440,repair,181,6.11202e+07,6.10881e+07,3468,9,28,35,78,31,0,1916,1442,110
38.4017,1,2668544,windows,0,3400,3400,25,0,0,0,0,0,0,14,11,0
38.6474,0,2768896,repair,117,5.47372e+07,5.47344e+07,3299,11,17,24,44,21,0,1842,1364,93
38.6536,1,2684928,windows,0,3400,3400,25,0,0,0,0,0,0,14,11,0
38.9016,0,2790400,repair,68,3.6718e+07,3.6718e+07,2813,2,12,12,30,12,0,1671,1059,83
38.9087,1,2702336,windows,0,3400,3400,25,0,0,0,0,0,0,14,11,0
39.1538,0,2812928,repair,30,3.36294e+07,3.3621e+07,2727,1,5,8,10,6,0,1670,988,69
39.1587,1,2719744,windows,0,3400,3400,25,0,0,0,0,0,0,14,11,0
39.4159,0,2834432,repair,6,2.79526e+07,2.7933e+07,2528,0,0,0,3,3,0,1585,873,70
39.418,1,2737152,repair,284,6.15562e+07,6.15562e+07,3465,23,60,46,98,57,0,1910,1433,122
39.6769,1,2757632,repair,183,5.57382e+07,5.57253e+07,3358,9,30,36,74,34,0,1884,1356,118
39.6772,0,2855936,repair,1,1.83299e+07,1.83215e+07,2077,0,0,0,1,0,0,1343,679,55
39.9314,1,2778112,repair,118,4.96202e+07,4.96172e+07,3179,4,20,21,54,19,0,1799,1280,100
39.9326,0,2877440,repair,1,1.28018e+07,1.28018e+07,1747,0,0,0,1,0,0,1156,551,40
40.1838,1,2797568,repair,67,3.75447e+07,3.75201e+07,2782,4,11,8,26,18,0,1592,1108,82
40.1871,0,2897920,windows,0,9.35204e+06,9.34273e+06,1499,0,0,0,0,0,0,997,466,36
40.4339,1,2817024,repair,32,3.4766e+07,3.47351e+07,2715,2,4,3,14,9,0,1602,1043,70
40.4424,0,2916352,windows,0,6.23843e+06,6.23843e+06,1223,0,0,0,0,0,0,820,378,25
40.6932,0,2934784,windows,0,4.26954e+06,4.26954e+06,1022,0,0,0,0,0,0,699,301,22
40.6962,1,2836480,repair,7,3.02384e+07,3.02363e+07,2595,2,1,1,2,1,0,1587,935,73
40.9439,0,2953216,windows,0,2.98781e+06,2.98181e+06,847,0,0,0,0,0,0,558,266,23
40.9556,1,2855936,repair,1,2.07636e+07,2.07569e+07,2167,0,0,0,1,0,0,1342,763,62
41.1951,0,2971648,windows,0,2.2176e+06,2.21344e+06,748,0,0,0,0,0,0,517,208,23
41.2183,1,2874368,windows,0,1.43867e+07,1.43687e+07,1836,0,0,0,0,0,0,1190,602,44
41.4548,0,2990080,windows,0,1.5271e+06,1.52509e+06,607,0,0,0,0,0,0,401,189,17
41.4767,1,2890752,windows,0,9.94973e+06,9.93356e+06,1515,0,0,0,0,0,0,966,512,37
41.7068,0,3006464,windows,0,1.08138e+06,1.08138e+06,525,0,0,0,0,0,0,371,139,15
41.7416,1,2908160,windows,0,7.11344e+06,7.10533e+06,1305,0,0,0,0,0,0,871,406,28
41.962,0,3024896,windows,0,811775,809320,455,0,0,0,0,0,0,317,123,15
41.9977,1,2925568,windows,0,5.1044e+06,5.09399e+06,1123,0,0,0,0,0,0,757,332,34
42.2159,0,3042304,windows,0,634070,634070,398,0,0,0,0,0,0,270,115,13
42.2606,1,2941952,windows,0,3.63886e+06,3.63505e+06,932,0,0,0,0,0,0,609,297,26
42.471,0,3060736,windows,0,425245,424892,327,0,0,0,0,0,0,221,94,12
42.5169,1,2958336,windows,0,2.78782e+06,2.78782e+06,820,0,0,0,0,0,0,555,249,16
42.7295,0,3079168,windows,0,311500,308956,280,0,0,0,0,0,0,190,80,10
42.7734,1,2974720,windows,0,2.0841e+06,2.07992e+06,713,0,0,0,0,0,0,491,209,13
42.9881,0,3098624,windows,0,235585,233958,246,0,0,0,0,0,0,169,67,10
43.0339,1,2991104,windows,0,1.62406e+06,1.62129e+06,639,0,0,0,0,0,0,441,179,19
43.2478,0,3118080,windows,0,169760,168452,210,0,0,0,0,0,0,148,54,8
43.2932,1,3006464,windows,0,1.20791e+06,1.20564e+06,544,0,0,0,0,0,0,366,163,15
43.499,0,3137536,windows,0,108245,107198,167,0,0,0,0,0,0,117,44,6
43.5505,1,3022848,windows,0,935635,933449,488,0,0,0,0,0,0,337,134,17
43.755,0,3158016,windows,0,79660,78968.8,145,0,0,0,0,0,0,104,35,6
43.8146,1,3040256,windows,0,712710,709932,426,0,0,0,0,0,0,294,117,15
44.0121,0,3179520,windows,0,63025,62852.5,130,0,0,0,0,0,0,95,29,6
44.0668,1,3056640,windows,0,593810,591655,389,0,0,0,0,0,0,266,108,15
44.2743,0,3200000,windows,0,52640,52467.5,119,0,0,0,0,0,0,86,27,6
44.3236,1,3073024,windows,0,425780,425780,325,0,0,0,0,0,0,216,97,12
44.5344,0,3220480,windows,0,39880,39368.8,102,0,0,0,0,0,0,68,28,6
44.5875,1,3090432,windows,0,334875,331904,290,0,0,0,0,0,0,195,84,11
44.7976,0,3236864,windows,0,34865,34521.2,96,0,0,0,0,0,0,69,23,4
44.845,1,3107840,windows,0,256930,256930,253,0,0,0,0,0,0,166,76,11
45.0619,0,3254272,windows,0,30000,30000,88,0,0,0,0,0,0,60,24,4
45.1066,1,3125248,windows,0,201250,199146,221,0,0,0,0,0,0,142,70,9
45.3157,0,3273728,windows,0,26980,26980,84,0,0,0,0,0,0,58,22,4
45.3636,1,3142656,windows,0,154745,152926,196,0,0,0,0,0,0,129,59,8
45.5673,0,3293184,windows,0,22525,22261.2,77,0,0,0,0,0,0,53,20,4
45.626,1,3160064,windows,0,113735,113211,167,0,0,0,0,0,0,105,53,9
45.8212,0,3307520,windows,0,20485,20241.2,73,0,0,0,0,0,0,49,20,4
45.8863,1,3177472,windows,0,93125,93125,151,0,0,0,0,0,0,95,48,8
46.075,0,3324928,windows,0,18745,18511.2,70,0,0,0,0,0,0,47,19,4
46.1503,1,3194880,windows,0,85645,85645,145,0,0,0,0,0,0,91,46,8
46.3336,0,3344384,windows,0,17380,16786.2,67,0,0,0,0,0,0,44,19,4
46.4067,1,3212288,windows,0,73345,72490,134,0,0,0,0,0,0,83,43,8
46.587,0,3362816,windows,0,15365,15365,63,0,0,0,0,0,0,41,18,4
46.6653,1,3229696,windows,0,59480,59480,116,0,0,0,0,0,0,68,42,6
46.8504,0,3380224,windows,0,15365,15365,63,0,0,0,0,0,0,41,18,4
46.9207,1,3247104,windows,0,53560,53560,110,0,0,0,0,0,0,64,40,6
47.1168,0,3399680,windows,0,13865,13671.2,60,0,0,0,0,0,0,39,17,4
47.1827,1,3265536,windows,0,50755,50431.2,108,0,0,0,0,0,0,65,38,5
47.3763,0,3416064,windows,0,13105,12921.2,58,0,0,0,0,0,0,37,17,4
47.4351,1,3282944,windows,0,47215,47215,105,0,0,0,0,0,0,67,35,3
47.641,0,3432448,windows,0,12740,12561.2,57,0,0,0,0,0,0,36,17,4
47.6975,1,3300352,windows,0,38750,37816.2,95,0,0,0,0,0,0,60,32,3
47.9052,0,3448832,windows,0,12385,11876.2,56,0,0,0,0,0,0,35,17,4
47.9588,1,3318784,windows,0,36875,36571.2,94,0,0,0,0,0,0,61,30,3
48.161,0,3465216,windows,0,11065,10730,52,0,0,0,0,0,0,31,17,4
48.2141,1,3336192,windows,0,33305,33305,90,0,0,0,0,0,0,61,27,2
48.4172,0,3481600,windows,0,10760,10425,51,0,0,0,0,0,0,30,17,4
48.4765,1,3353600,windows,0,30955,30955,86,0,0,0,0,0,0,59,26,1
48.6759,0,3497984,windows,0,10760,10425,51,0,0,0,0,0,0,30,17,4
48.7371,1,3371008,windows,0,26855,26237.5,79,0,0,0,0,0,0,49,27,3
48.9315,0,3515392,windows,0,10180,9706.25,49,0,0,0,0,0,0,28,17,4
48.9984,1,3388416,windows,0,25310,24712.5,77,0,0,0,0,0,0,48,26,3
49.1867,0,3532800,windows,0,10180,9706.25,49,0,0,0,0,0,0,28,17,4
49.2506,1,3405824,windows,0,24140,23901.2,75,0,0,0,0,0,0,48,25,2
49.4527,0,3549184,windows,0,10180,9706.25,49,0,0,0,0,0,0,28,17,4
49.5036,1,3422208,windows,0,24140,23901.2,75,0,0,0,0,0,0,48,25,2
49.7087,0,3565568,windows,0,10180,9706.25,49,0,0,0,0,0,0,28,17,4
49.761,1,3439616,windows,0,22745,22521.2,72,0,0,0,0,0,0,45,25,2
49.971,0,3581952,windows,0,9905,9570,48,0,0,0,0,0,0,27,17,4
50.0111,1,3456000,windows,0,21025,20530,68,0,0,0,0,0,0,41,25,2
50.2338,0,3598336,windows,0,9905,9570,48,0,0,0,0,0,0,27,17,4
50.2681,1,3475456,windows,0,19840,19156.2,65,0,0,0,0,0,0,38,25,2
50.4943,0,3614720,windows,0,9905,9570,48,0,0,0,0,0,0,27,17,4
50.5337,1,3491840,windows,0,19840,19156.2,65,0,0,0,0,0,0,38,25,2
50.7461,0,3630080,windows,0,9640,9305,47,0,0,0,0,0,0,26,17,4
50.7973,1,3508224,windows,0,19100,18426.2,63,0,0,0,0,0,0,36,25,2
51.0078,0,3647488,windows,0,9385,9050,46,0,0,0,0,0,0,25,17,4
51.0608,1,3524608,windows,0,18400,17905,61,0,0,0,0,0,0,34,25,2
51.2601,0,3663872,windows,0,9385,9050,46,0,0,0,0,0,0,25,17,4
51.3139,1,3540992,windows,0,18400,17905,61,0,0,0,0,0,0,34,25,2
51.5254,0,3681280,windows,0,9385,9050,46,0,0,0,0,0,0,25,17,4
51.5646,1,3556352,windows,0,18400,17905,61,0,0,0,0,0,0,34,25,2
51.7855,0,3698688,windows,0,9385,9050,46,0,0,0,0,0,0,25,17,4
51.818,1,3572736,windows,0,18065,17570,60,0,0,0,0,0,0,33,25,2
52.0417,0,3715072,windows,0,9385,9050,46,0,0,0,0,0,0,25,17,4
52.0814,1,3590144,windows,0,17740,17245,59,0,0,0,0,0,0,32,25,2
52.3054,0,3730432,windows,0,9385,9050,46,0,0,0,0,0,0,25,17,4
52.344,1,3606528,windows,0,17740,17245,59,0,0,0,0,0,0,32,25,2
52.5578,0,3748864,windows,0,9385,9050,46,0,0,0,0,0,0,25,17,4
52.5973,1,3621888,windows,0,17235,16677.5,60,0,0,0,0,0,0,33,24,3
52.8145,0,3767296,windows,0,9385,9050,46,0,0,0,0,0,0,25,17,4
52.8605,1,3640320,windows,0,17235,16677.5,60,0,0,0,0,0,0,33,24,3
53.0751,0,3784704,windows,0,9140,8805,45,0,0,0,0,0,0,24,17,4
53.1156,1,3657728,windows,0,16825,16330,56,0,0,0,0,0,0,29,25,2
53.3264,0,3802112,windows,0,8980,8665,46,0,0,0,0,0,0,26,16,4
53.3675,1,3675136,windows,0,15820,15153.8,57,0,0,0,0,0,0,32,23,2
53.5819,0,3819520,windows,0,8725,8410,45,0,0,0,0,0,0,25,16,4
53.6271,1,3694592,windows,0,15505,14997.5,56,0,0,0,0,0,0,31,23,2
53.8351,0,3836928,windows,0,8725,8410,45,0,0,0,0,0,0,25,16,4
53.8787,1,3716096,windows,0,14620,14112.5,53,0,0,0,0,0,0,28,23,2
54.0992,0,3854336,windows,0,8245,7930,43,0,0,0,0,0,0,23,16,4
54.1353,1,3735552,windows,0,14620,14112.5,53,0,0,0,0,0,0,28,23,2
54.3618,0,3871744,windows,0,7805,7490,41,0,0,0,0,0,0,21,16,4
54.397,1,3756032,windows,0,14620,14112.5,53,0,0,0,0,0,0,28,23,2
54.6255,0,3889152,windows,0,7400,7105,41,0,0,0,0,0,0,22,15,4
54.6544,1,3774464,windows,0,14345,13837.5,52,0,0,0,0,0,0,27,23,2
54.8872,0,3906560,windows,0,7400,7105,41,0,0,0,0,0,0,22,15,4
54.9098,1,3793920,windows,0,14080,13572.5,51,0,0,0,0,0,0,26,23,2
55.1389,0,3923968,windows,0,7400,7105,41,0,0,0,0,0,0,22,15,4
55.1676,1,3811328,windows,0,14080,13572.5,51,0,0,0,0,0,0,26,23,2
55.4048,0,3940352,windows,0,7400,7105,41,0,0,0,0,0,0,22,15,4
55.4263,1,3828736,windows,0,14080,13572.5,51,0,0,0,0,0,0,26,23,2
55.6593,0,3954688,windows,0,7400,7105,41,0,0,0,0,0,0,22,15,4
55.6843,1,3846144,windows,0,14080,13572.5,51,0,0,0,0,0,0,26,23,2
55.9227,0,3971072,windows,0,3400,3400,25,0,0,0,0,0,0,14,11,0
55.9472,1,3864576,windows,0,13720,13667.5,52,0,0,0,0,0,0,28,22,2
56.1795,0,3988480,windows,0,3400,3400,25,0,0,0,0,0,0,14,11,0
56.2025,1,3881984,windows,0,13720,13667.5,52,0,0,0,0,0,0,28,22,2
56.4323,0,4005888,windows,0,3400,3400,25,0,0,0,0,0,0,14,11,0
56.4596,1,3899392,windows,0,13720,13667.5,52,0,0,0,0,0,0,28,22,2
56.6838,0,4023296,windows,0,3400,3400,25,0,0,0,0,0,0,14,11,0
56.7147,1,3916800,windows,0,13445,12957.5,51,0,0,0,0,0,0,27,22,2
56.9364,0,4039680,windows,0,3400,3400,25,0,0,0,0,0,0,14,11,0
56.9709,1,3934208,windows,0,13180,12692.5,50,0,0,0,0,0,0,26,22,2
57.2007,0,4057088,windows,0,3400,3400,25,0,0,0,0,0,0,14,11,0
57.2259,1,3951616,windows,0,12040,11848.8,50,0,0,0,0,0,0,28,20,2
57.4543,0,4074496,windows,0,3400,3400,25,0,0,0,0,0,0,14,11,0
57.489,1,3969024,windows,0,11500,11318.8,48,0,0,0,0,0,0,26,20,2
57.7095,0,4092928,windows,0,3400,3400,25,0,0,0,0,0,0,14,11,0
57.7498,1,3987456,windows,0,11000,10828.8,46,0,0,0,0,0,0,24,20,2
57.9726,0,4110336,windows,0,3400,3400,25,0,0,0,0,0,0,14,11,0
58.0042,1,4004864,windows,0,11000,10828.8,46,0,0,0,0,0,0,24,20,2
58.2325,0,4127744,windows,0,3400,3400,25,0,0,0,0,0,0,14,11,0
58.2568,1,4021248,windows,0,10765,10712.5,45,0,0,0,0,0,0,23,20,2
58.4905,0,4146176,windows,0,3400,3400,25,0,0,0,0,0,0,14,11,0
58.5157,1,4038656,windows,0,10540,10487.5,44,0,0,0,0,0,0,22,20,2
58.7413,0,4163584,windows,0,3400,3400,25,0,0,0,0,0,0,14,11,0
58.7772,1,4056064,windows,0,10540,10487.5,44,0,0,0,0,0,0,22,20,2
59.0018,0,4180992,windows,0,3400,3400,25,0,0,0,0,0,0,14,11,0
59.0379,1,4073472,windows,0,10540,10487.5,44,0,0,0,0,0,0,22,20,2
59.2657,0,4198400,windows,0,3400,3400,25,0,0,0,0,0,0,14,11,0
59.3014,1,4090880,windows,0,10540,10487.5,44,0,0,0,0,0,0,22,20,2
59.5288,0,4214784,windows,0,3400,3400,25,0,0,0,0,0,0,14,11,0
59.561,1,4108288,windows,0,3400,3400,25,0,0,0,0,0,0,14,11,0
59.7798,0,4232192,windows,0,3400,3400,25,0,0,0,0,0,0,14,11,0
59.8131,1,4125696,windows,0,3400,3400,25,0,0,0,0,0,0,14,11,0
60.0416,0,4249600,windows,0,3400,3400,25,0,0,0,0,0,0,14,11,0
60.0666,1,4143104,windows,0,3400,3400,25,0,0,0,0,0,0,14,11,0
60.2936,0,4265984,windows,0,3400,3400,25,0,0,0,0,0,0,14,11,0
60.3236,1,4160512,windows,0,3400,3400,25,0,0,0,0,0,0,14,11,0
60.5526,0,4283392,windows,0,3400,3400,25,0,0,0,0,0,0,14,11,0
60.5806,1,4177920,windows,0,3400,3400,25,0,0,0,0,0,0,14,11,0
60.8085,0,4300800,windows,0,3400,3400,25,0,0,0,0,0,0,14,11,0
60.8455,1,4195328,windows,0,3400,3400,25,0,0,0,0,0,0,14,11,0
61.069,0,4318208,repair,0,3400,3400,25,0,0,0,0,0,0,14,11,0
61.1076,1,4212736,windows,0,3400,3400,25,0,0,0,0,0,0,14,11,0
61.3295,0,4336640,windows,0,3400,3400,25,0,0,0,0,0,0,14,11,0
61.3649,1,4229120,windows,0,3400,3400,25,0,0,0,0,0,0,14,11,0
61.5823,0,4354048,windows,0,3400,3400,25,0,0,0,0,0,0,14,11,0
61.6275,1,4247552,windows,0,3400,3400,25,0,0,0,0,0,0,14,11,0
61.8395,0,4371456,windows,0,3400,3400,25,0,0,0,0,0,0,14,11,0
61.8869,1,4265984,windows,0,3400,3400,25,0,0,0,0,0,0,14,11,0
62.1016,0,4386816,windows,0,3400,3400,25,0,0,0,0,0,0,14,11,0
62.148,1,4285440,windows,0,3400,3400,25,0,0,0,0,0,0,14,11,0
62.3532,0,4402176,windows,0,3400,3400,25,0,0,0,0,0,0,14,11,0
62.399,1,4303872,windows,0,3400,3400,25,0,0,0,0,0,0,14,11,0
62.604,0,4417536,windows,0,3400,3400,25,0,0,0,0,0,0,14,11,0
62.6595,1,4322304,repair,0,3400,3400,25,0,0,0,0,0,0,14,11,0
62.8613,0,4434944,windows,0,3400,3400,25,0,0,0,0,0,0,14,11,0
62.9186,1,4342784,windows,0,3400,3400,25,0,0,0,0,0,0,14,11,0
63.1274,0,4452352,windows,0,3400,3400,25,0,0,0,0,0,0,14,11,0
63.1752,1,4362240,windows,0,3400,3400,25,0,0,0,0,0,0,14,11,0
63.3881,0,4469760,windows,0,3400,3400,25,0,0,0,0,0,0,14,11,0
63.4391,1,4382720,windows,0,3400,3400,25,0,0,0,0,0,0,14,11,0
63.6514,0,4487168,windows,0,3400,3400,25,0,0,0,0,0,0,14,11,0
63.6993,1,4402176,windows,0,3400,3400,25,0,0,0,0,0,0,14,11,0
63.9031,0,4503552,windows,0,3400,3400,25,0,0,0,0,0,0,14,11,0
63.9635,1,4422656,windows,0,3400,3400,25,0,0,0,0,0,0,14,11,0
64.1638,0,4520960,windows,0,3400,3400,25,0,0,0,0,0,0,14,11,0
64.2227,1,4442112,windows,0,3400,3400,25,0,0,0,0,0,0,14,11,0
64.4294,0,4538368,windows,0,3400,3400,25,0,0,0,0,0,0,14,11,0
64.4854,1,4460544,windows,0,3400,3400,25,0,0,0,0,0,0,14,11,0
64.6885,0,4554752,windows,0,3400,3400,25,0,0,0,0,0,0,14,11,0
64.7481,1,4478976,windows,0,3400,3400,25,0,0,0,0,0,0,14,11,0
64.9459,0,4572160,windows,0,3400,3400,25,0,0,0,0,0,0,14,11,0
64.9987,1,4497408,windows,0,3400,3400,25,0,0,0,0,0,0,14,11,0
65.2082,0,4588544,repair,0,3400,3400,25,0,0,0,0,0,0,14,11,0
65.2494,1,4513792,windows,0,3400,3400,25,0,0,0,0,0,0,14,11,0
65.4619,0,4604928,windows,0,3400,3400,25,0,0,0,0,0,0,14,11,0
65.5116,1,4530176,windows,0,3400,3400,25,0,0,0,0,0,0,14,11,0
65.7155,0,4621312,windows,0,3400,3400,25,0,0,0,0,0,0,14,11,0
65.7734,1,4547584,windows,0,3400,3400,25,0,0,0,0,0,0,14,11,0
65.9699,0,4637696,windows,0,3400,3400,25,0,0,0,0,0,0,14,11,0
66.0307,1,4564992,windows,0,3400,3400,25,0,0,0,0,0,0,14,11,0
66.2235,0,4653056,windows,0,3400,3400,25,0,0,0,0,0,0,14,11,0
66.2832,1,4581376,windows,0,3400,3400,25,0,0,0,0,0,0,14,11,0
66.4862,0,4667392,windows,0,3400,3400,25,0,0,0,0,0,0,14,11,0
66.5357,1,4597760,windows,0,3400,3400,25,0,0,0,0,0,0,14,11,0
66.7394,0,4682752,windows,0,3400,3400,25,0,0,0,0,0,0,14,11,0
66.7985,1,4614144,windows,0,3400,3400,25,0,0,0,0,0,0,14,11,0
66.9936,0,4698112,windows,0,3400,3400,25,0,0,0,0,0,0,14,11,0
67.0521,1,4629504,windows,0,3400,3400,25,0,0,0,0,0,0,14,11,0
67.2566,0,4712448,windows,0,3400,3400,25,0,0,0,0,0,0,14,11,0
67.3103,1,4644864,windows,0,3400,3400,25,0,0,0,0,0,0,14,11,0
67.5151,0,4727808,windows,0,3400,3400,25,0,0,0,0,0,0,14,11,0
67.5649,1,4661248,windows,0,3400,3400,25,0,0,0,0,0,0,14,11,0
67.7818,0,4744192,windows,0,3400,3400,25,0,0,0,0,0,0,14,11,0
67.8167,1,4677632,windows,0,3400,3400,25,0,0,0,0,0,0,14,11,0
68.0461,0,4760576,windows,0,3400,3400,25,0,0,0,0,0,0,14,11,0
68.071,1,4695040,windows,0,3400,3400,25,0,0,0,0,0,0,14,11,0
68.3004,0,4775936,windows,0,3400,3400,25,0,0,0,0,0,0,14,11,0
68.326,1,4713472,windows,0,3400,3400,25,0,0,0,0,0,0,14,11,0
68.5631,0,4792320,windows,0,3400,3400,25,0,0,0,0,0,0,14,11,0
68.5875,1,4732928,windows,0,3400,3400,25,0,0,0,0,0,0,14,11,0
68.8271,0,4809728,windows,0,3400,3400,25,0,0,0,0,0,0,14,11,0
68.8398,1,4752384,windows,0,3400,3400,25,0,0,0,0,0,0,14,11,0
69.0866,0,4827136,windows,0,3400,3400,25,0,0,0,0,0,0,14,11,0
69.0965,1,4769792,repair,0,3400,3400,25,0,0,0,0,0,0,14,11,0
69.3456,0,4843520,windows,0,3400,3400,25,0,0,0,0,0,0,14,11,0
69.3472,1,4786176,repair,0,3400,3400,25,0,0,0,0,0,0,14,11,0
69.6033,1,4803584,windows,0,3400,3400,25,0,0,0,0,0,0,14,11,0
69.6036,0,4859904,windows,0,3400,3400,25,0,0,0,0,0,0,14,11,0
69.8618,1,4819968,windows,0,3400,3400,25,0,0,0,0,0,0,14,11,0
69.8713,0,4876288,windows,0,3400,3400,25,0,0,0,0,0,0,14,11,0
70.1263,1,4836352,windows,0,3400,3400,25,0,0,0,0,0,0,14,11,0
70.1269,0,4891648,windows,0,3400,3400,25,0,0,0,0,0,0,14,11,0
70.3865,1,4852736,windows,0,3400,3400,25,0,0,0,0,0,0,14,11,0
70.3881,0,4908032,windows,0,3400,3400,25,0,0,0,0,0,0,14,11,0
70.6437,1,4868096,windows,0,3400,3400,25,0,0,0,0,0,0,14,11,0
70.6497,0,4923392,windows,0,3400,3400,25,0,0,0,0,0,0,14,11,0
70.8952,1,4883456,windows,0,3400,3400,25,0,0,0,0,0,0,14,11,0
70.9077,0,4939776,windows,0,3400,3400,25,0,0,0,0,0,0,14,11,0
71.1558,1,4899840,windows,0,3400,3400,25,0,0,0,0,0,0,14,11,0
71.1699,0,4955136,windows,0,3400,3400,25,0,0,0,0,0,0,14,11,0
71.4158,1,4915200,windows,0,3400,3400,25,0,0,0,0,0,0,14,11,0
71.4346,0,4971520,windows,0,3400,3400,25,0,0,0,0,0,0,14,11,0
71.679,1,4931584,windows,0,3400,3400,25,0,0,0,0,0,0,14,11,0
71.6957,0,4986880,windows,0,3400,3400,25,0,0,0,0,0,0,14,11,0
71.9334,1,4946944,windows,0,3400,3400,25,0,0,0,0,0,0,14,11,0
71.9582,0,5003264,windows,0,3400,3400,25,0,0,0,0,0,0,14,11,0
72.1944,1,4963328,windows,0,3400,3400,25,0,0,0,0,0,0,14,11,0
72.2213,0,5018624,windows,0,3400,3400,25,0,0,0,0,0,0,14,11,0
72.4527,1,4979712,windows,0,3400,3400,25,0,0,0,0,0,0,14,11,0
72.4829,0,5033984,windows,0,3400,3400,25,0,0,0,0,0,0,14,11,0
72.7044,1,4996096,windows,0,3400,3400,25,0,0,0,0,0,0,14,11,0
72.7382,0,5049344,windows,0,3400,3400,25,0,0,0,0,0,0,14,11,0
72.958,1,5011456,windows,0,3400,3400,25,0,0,0,0,0,0,14,11,0
72.9903,0,5064704,windows,0,3400,3400,25,0,0,0,0,0,0,14,11,0
73.2116,1,5026816,windows,0,3400,3400,25,0,0,0,0,0,0,14,11,0
73.2404,0,5080064,windows,0,3400,3400,25,0,0,0,0,0,0,14,11,0
73.4686,1,5042176,repair,0,3400,3400,25,0,0,0,0,0,0,14,11,0
73.4961,0,5095424,windows,0,3400,3400,25,0,0,0,0,0,0,14,11,0
73.7301,1,5059584,windows,0,3400,3400,25,0,0,0,0,0,0,14,11,0
73.7591,0,5110784,windows,0,3400,3400,25,0,0,0,0,0,0,14,11,0
73.9929,1,5075968,windows,0,3400,3400,25,0,0,0,0,0,0,14,11,0
74.011,0,5125120,repair,0,3400,3400,25,0,0,0,0,0,0,14,11,0
74.2467,1,5091328,windows,0,3400,3400,25,0,0,0,0,0,0,14,11,0
74.2628,0,5141504,windows,0,3400,3400,25,0,0,0,0,0,0,14,11,0
74.4972,1,5107712,windows,0,3400,3400,25,0,0,0,0,0,0,14,11,0
74.5232,0,5157888,windows,0,3400,3400,25,0,0,0,0,0,0,14,11,0
74.7605,1,5124096,windows,0,3400,3400,25,0,0,0,0,0,0,14,11,0
74.7759,0,5173248,windows,0,3400,3400,25,0,0,0,0,0,0,14,11,0
75.0152,1,5140480,windows,0,3400,3400,25,0,0,0,0,0,0,14,11,0
75.0358,0,5189632,windows,0,3400,3400,25,0,0,0,0,0,0,14,11,0
75.2804,1,5156864,windows,0,3400,3400,25,0,0,0,0,0,0,14,11,0
75.2992,0,5204992,windows,0,3400,3400,25,0,0,0,0,0,0,14,11,0
75.5461,1,5173248,windows,0,3400,3400,25,0,0,0,0,0,0,14,11,0
75.5533,0,5220352,repair,344,6.28808e+07,6.28681e+07,3465,26,63,66,133,56,0,1921,1439,105
75.8047,0,5241856,repair,218,5.9775e+07,5.9762e+07,3451,9,38,34,86,51,0,1932,1406,113
75.8102,1,5189632,windows,0,3400,3400,25,0,0,0,0,0,0,14,11,0
76.0666,0,5262336,repair,147,4.90127e+07,4.89878e+07,3183,5,28,29,54,31,0,1849,1249,85
76.0669,1,5204992,windows,0,3400,3400,25,0,0,0,0,0,0,14,11,0
76.3178,1,5220352,windows,0,3400,3400,25,0,0,0,0,0,0,14,11,0
76.3279,0,5282816,repair,79,4.49753e+07,4.49427e+07,3112,4,14,10,39,12,0,1860,1168,84
76.5791,0,5303296,repair,44,3.47563e+07,3.47351e+07,2686,1,11,4,18,10,0,1554,1060,72
76.5794,1,5235712,windows,0,3400,3400,25,0,0,0,0,0,0,14,11,0
76.8402,0,5324800,repair,11,3.14466e+07,3.14247e+07,2631,2,1,0,7,1,0,1578,969,84
76.8435,1,5251072,windows,0,3400,3400,25,0,0,0,0,0,0,14,11,0
77.0962,1,5266432,windows,0,3400,3400,25,0,0,0,0,0,0,14,11,0
77.1002,0,5346304,repair,0,2.53268e+07,2.53074e+07,2379,0,0,0,0,0,0,1447,857,75
77.3491,1,5282816,windows,0,3400,3400,25,0,0,0,0,0,0,14,11,0
77.3543,0,5363712,windows,0,1.55716e+07,1.55585e+07,1884,0,0,0,0,0,0,1183,652,49
77.6106,0,5380096,windows,0,1.09627e+07,1.09613e+07,1603,0,0,0,0,0,0,1028,530,45
77.6166,1,5298176,windows,0,3400,3400,25,0,0,0,0,0,0,14,11,0
77.8653,0,5398528,windows,0,7.44933e+06,7.44933e+06,1337,0,0,0,0,0,0,894,414,29
77.8666,1,5313536,windows,0,3400,3400,25,0,0,0,0,0,0,14,11,0
78.1243,1,5328896,windows,0,3400,3400,25,0,0,0,0,0,0,14,11,0
78.1294,0,5415936,windows,0,5.00879e+06,5.00879e+06,1094,0,0,0,0,0,0,722,345,27
78.3855,1,5344256,windows,0,3400,3400,25,0,0,0,0,0,0,14,11,0
78.3916,0,5432320,windows,0,3.73834e+06,3.72865e+06,951,0,0,0,0,0,0,637,291,23
78.6426,1,5359616,windows,0,3400,3400,25,0,0,0,0,0,0,14,11,0
78.6496,0,5448704,windows,0,2.74282e+06,2.74282e+06,824,0,0,0,0,0,0,567,237,20
78.8969,1,5374976,windows,0,3400,3400,25,0,0,0,0,0,0,14,11,0
78.9006,0,5465088,windows,0,2.11214e+06,2.10959e+06,732,0,0,0,0,0,0,511,199,22
79.1582,1,5391360,windows,0,3400,3400,25,0,0,0,0,0,0,14,11,0
79.1603,0,5481472,windows,0,1.59184e+06,1.58919e+06,630,0,0,0,0,0,0,436,178,16
79.4187,1,5407744,windows,0,3400,3400,25,0,0,0,0,0,0,14,11,0
79.4221,0,5496832,windows,0,1.19786e+06,1.19433e+06,549,0,0,0,0,0,0,380,153,16
79.6806,0,5512192,windows,0,909675,909675,480,0,0,0,0,0,0,333,132,15
79.682,1,5424128,windows,0,3400,3400,25,0,0,0,0,0,0,14,11,0
79.9368,0,5528576,windows,0,702220,697794,417,0,0,0,0,0,0,272,127,18
79.9419,1,5438464,repair,402,4.46691e+07,4.46419e+07,2893,20,73,56,171,82,0,1596,1167,130
80.1937,1,5456896,repair,243,6.70156e+07,6.70023e+07,3594,15,58,49,81,40,0,1955,1520,119
80.1951,0,5545984,windows,0,532480,528784,369,0,0,0,0,0,0,254,101,14
80.4538,1,5476352,repair,161,5.90804e+07,5.90427e+07,3462,13,34,27,63,24,0,1941,1400,121
80.4572,0,5563392,windows,0,361540,361188,296,0,0,0,0,0,0,190,94,12
80.711,1,5494784,repair,109,4.93222e+07,4.92846e+07,3161,5,14,22,49,19,0,1773,1284,104
80.7208,0,5580800,windows,0,281955,280078,266,0,0,0,0,0,0,177,78,11
80.9628,1,5513216,repair,62,3.94887e+07,3.94554e+07,2879,1,8,12,30,11,0,1676,1121,82
80.9724,0,5598208,windows,0,212855,211779,231,0,0,0,0,0,0,151,69,11
81.224,1,5532672,repair,29,3.6552e+07,3.65202e+07,2796,1,4,2,12,10,0,1659,1063,74
81.227,0,5614592,windows,0,163180,162501,201,0,0,0,0,0,0,136,59,6
81.4861,1,5552128,repair,11,2.56727e+07,2.56631e+07,2415,0,0,0,11,0,0,1504,843,68
81.4944,0,5632000,windows,0,110980,110980,164,0,0,0,0,0,0,110,50,4
81.7365,1,5570560,repair,0,2.2735e+07,2.2712e+07,2265,0,0,0,0,0,0,1409,797,59
81.7569,0,5649408,windows,0,79525,78730,141,0,0,0,0,0,0,97,40,4
81.9872,1,5587968,windows,0,1.43779e+07,1.43721e+07,1809,0,0,0,0,0,0,1151,621,37
82.0128,0,5668864,windows,0,63140,62608.8,125,0,0,0,0,0,0,84,37,4
82.2432,1,5604352,windows,0,1.00763e+07,1.00662e+07,1540,0,0,0,0,0,0,992,505,43
82.2794,0,5687296,windows,0,51515,51432.5,112,0,0,0,0,0,0,75,34,3
82.5026,1,5620736,windows,0,7.25437e+06,7.24183e+06,1325,0,0,0,0,0,0,886,406,33
82.5417,0,5706752,windows,0,38395,38061.2,98,0,0,0,0,0,0,67,28,3
82.7549,1,5636096,windows,0,5.49304e+06,5.48532e+06,1147,0,0,0,0,0,0,771,354,22
82.793,0,5724160,windows,0,29975,29701.2,85,0,0,0,0,0,0,55,27,3
83.0128,1,5651456,windows,0,3.98195e+06,3.97859e+06,989,0,0,0,0,0,0,672,292,25
83.0545,0,5744640,windows,0,23645,23645,75,0,0,0,0,0,0,49,24,2
83.2723,1,5667840,windows,0,2.89172e+06,2.88382e+06,837,0,0,0,0,0,0,562,255,20
83.3162,0,5764096,windows,0,22685,22685,73,0,0,0,0,0,0,47,24,2
83.5328,1,5683200,windows,0,2.16454e+06,2.16157e+06,726,0,0,0,0,0,0,489,219,18
83.5736,0,5783552,windows,0,17020,16967.5,65,0,0,0,0,0,0,44,19,2
83.7914,1,5699584,windows,0,1.66766e+06,1.66551e+06,636,0,0,0,0,0,0,430,192,14
83.8256,0,5804032,windows,0,14560,14318.8,59,0,0,0,0,0,0,38,19,2
84.0464,1,5714944,windows,0,1.19642e+06,1.19334e+06,548,0,0,0,0,0,0,378,154,16
84.0826,0,5824512,windows,0,14185,13757.5,58,0,0,0,0,0,0,37,19,2
84.3013,1,5731328,windows,0,896435,896435,476,0,0,0,0,0,0,329,132,15
84.3433,0,5844992,windows,0,13820,13392.5,57,0,0,0,0,0,0,36,19,2
84.5526,1,5746688,windows,0,697665,697252,416,0,0,0,0,0,0,279,123,14
84.5972,0,5864448,windows,0,12725,12672.5,55,0,0,0,0,0,0,35,18,2
84.8101,1,5763072,windows,0,548945,547289,374,0,0,0,0,0,0,261,101,12
84.8579,0,5884928,windows,0,12380,11972.5,54,0,0,0,0,0,0,34,18,2
85.0762,1,5779456,windows,0,410645,410292,317,0,0,0,0,0,0,207,98,12
85.1113,0,5904384,windows,0,11720,11312.5,52,0,0,0,0,0,0,32,18,2
85.3287,1,5794816,windows,0,298420,298068,275,0,0,0,0,0,0,184,79,12
85.3689,0,5923840,windows,0,11100,10692.5,50,0,0,0,0,0,0,30,18,2
85.5947,1,5811200,windows,0,238600,238248,249,0,0,0,0,0,0,170,67,12
85.6195,0,5943296,windows,0,10400,10198.8,49,0,0,0,0,0,0,30,17,2
85.8528,1,5827584,windows,0,203140,202788,224,0,0,0,0,0,0,142,70,12
85.8803,0,5964800,windows,0,9740,9538.75,48,0,0,0,0,0,0,30,16,2
86.1135,1,5843968,windows,0,158425,157479,200,0,0,0,0,0,0,131,59,10
86.1397,0,5986304,windows,0,8885,8832.5,45,0,0,0,0,0,0,27,16,2
86.3672,1,5860352,windows,0,118210,117888,173,0,0,0,0,0,0,110,52,11
86.3916,0,6004736,windows,0,8365,8312.5,43,0,0,0,0,0,0,25,16,2
86.6265,1,5876736,windows,0,96610,96347.5,156,0,0,0,0,0,0,100,47,9
86.6507,0,6021120,windows,0,8120,8067.5,42,0,0,0,0,0,0,24,16,2
86.8878,1,5893120,windows,0,82045,81170,143,0,0,0,0,0,0,91,44,8
86.9093,0,6042624,windows,0,8120,8067.5,42,0,0,0,0,0,0,24,16,2
87.1484,1,5909504,windows,0,72390,71615,136,0,0,0,0,0,0,90,39,7
87.163,0,6064128,windows,0,7500,7033.75,41,0,0,0,0,0,0,24,15,2
87.4061,1,5925888,windows,0,56585,56412.5,118,0,0,0,0,0,0,75,37,6
87.414,0,6084608,windows,0,7500,7033.75,41,0,0,0,0,0,0,24,15,2
87.6645,0,6106112,windows,0,7265,6803.75,40,0,0,0,0,0,0,23,15,2
87.6682,1,5942272,windows,0,46645,46472.5,107,0,0,0,0,0,0,67,34,6
87.9235,0,6127616,windows,0,7265,6803.75,40,0,0,0,0,0,0,23,15,2
87.9267,1,5958656,windows,0,42145,41530,102,0,0,0,0,0,0,67,31,4
88.1744,0,6149120,windows,0,7265,6803.75,40,0,0,0,0,0,0,23,15,2
88.1804,1,5975040,windows,0,39080,38751.2,99,0,0,0,0,0,0,66,29,4
88.4292,0,6169600,windows,0,7040,6583.75,39,0,0,0,0,0,0,22,15,2
88.4304,1,5990400,windows,0,36275,36132.5,96,0,0,0,0,0,0,63,28,5
88.6809,1,6005760,windows,0,28315,27536.2,84,0,0,0,0,0,0,53,26,5
88.6816,0,6189056,windows,0,7040,6583.75,39,0,0,0,0,0,0,22,15,2
88.9338,1,6022144,windows,0,25255,25255,79,0,0,0,0,0,0,49,25,5
88.942,0,6210560,windows,0,6290,6148.75,38,0,0,0,0,0,0,24,13,1
89.197,1,6039552,windows,0,22930,22711.2,74,0,0,0,0,0,0,44,25,5
89.2029,0,6232064,windows,0,6290,6148.75,38,0,0,0,0,0,0,24,13,1
89.4531,1,6055936,windows,0,20820,20345,70,0,0,0,0,0,0,42,24,4
89.4533,0,6253568,windows,0,5830,5443.75,36,0,0,0,0,0,0,22,13,1
89.7081,0,6275072,windows,0,5410,5033.75,34,0,0,0,0,0,0,20,13,1
89.7164,1,6071296,windows,0,19465,18806.2,68,0,0,0,0,0,0,41,23,4
89.97,0,6298624,windows,0,4855,4577.5,31,0,0,0,0,0,0,17,13,1
89.9867,1,6087680,windows,0,17005,17005,63,0,0,0,0,0,0,37,22,4
90.2225,0,6321152,windows,0,4530,4507.5,31,0,0,0,0,0,0,18,12,1
90.2483,1,6104064,windows,0,16640,16205,62,0,0,0,0,0,0,36,22,4
90.4732,0,6342656,windows,0,4530,4507.5,31,0,0,0,0,0,0,18,12,1
90.5049,1,6119424,windows,0,16285,15850,61,0,0,0,0,0,0,35,22,4
90.7285,0,6365184,windows,0,4530,4507.5,31,0,0,0,0,0,0,18,12,1
90.7715,1,6135808,windows,0,15605,15170,59,0,0,0,0,0,0,33,22,4
90.9823,0,6386688,windows,0,4530,4507.5,31,0,0,0,0,0,0,18,12,1
91.0254,1,6151168,windows,0,14260,14260,58,0,0,0,0,0,0,34,20,4
91.2325,0,6408192,windows,0,4530,4507.5,31,0,0,0,0,0,0,18,12,1
91.2847,1,6167552,windows,0,14260,14260,58,0,0,0,0,0,0,34,20,4
91.4838,0,6428672,windows,0,4530,4507.5,31,0,0,0,0,0,0,18,12,1
91.5421,1,6183936,windows,0,14260,14260,58,0,0,0,0,0,0,34,20,4
91.7488,0,6449152,windows,0,4530,4507.5,31,0,0,0,0,0,0,18,12,1
91.7932,1,6199296,windows,0,14260,14260,58,0,0,0,0,0,0,34,20,4
92.0128,0,6466560,windows,0,4530,4507.5,31,0,0,0,0,0,0,18,12,1
92.0513,1,6216704,windows,0,12725,12551.2,55,0,0,0,0,0,0,35,18,2
92.2832,0,6486016,windows,0,4530,4507.5,31,0,0,0,0,0,0,18,12,1
92.3077,1,6236160,windows,0,12725,12551.2,55,0,0,0,0,0,0,35,18,2
92.534,0,6503424,windows,0,4530,4507.5,31,0,0,0,0,0,0,18,12,1
92.5711,1,6256640,windows,0,12725,12551.2,55,0,0,0,0,0,0,35,18,2
92.7945,0,6520832,windows,0,4530,4507.5,31,0,0,0,0,0,0,18,12,1
92.8329,1,6274048,windows,0,12380,12025,54,0,0,0,0,0,0,34,18,2
93.0533,0,6538240,windows,0,4530,4507.5,31,0,0,0,0,0,0,18,12,1
93.0863,1,6293504,windows,0,11680,11680,53,0,0,0,0,0,0,34,17,2
93.3159,0,6553600,windows,0,4530,4507.5,31,0,0,0,0,0,0,18,12,1
93.3491,1,6315008,windows,0,11345,11345,52,0,0,0,0,0,0,33,17,2
93.5775,0,6569984,windows,0,4530,4507.5,31,0,0,0,0,0,0,18,12,1
93.6018,1,6335488,windows,0,11020,10861.2,51,0,0,0,0,0,0,32,17,2
93.8276,0,6586368,windows,0,4530,4507.5,31,0,0,0,0,0,0,18,12,1
93.8624,1,6356992,windows,0,10400,10251.2,49,0,0,0,0,0,0,30,17,2
94.0912,0,6603776,windows,0,4530,4507.5,31,0,0,0,0,0,0,18,12,1
94.113,1,6377472,windows,0,10360,10201.2,50,0,0,0,0,0,0,32,16,2
94.3435,0,6621184,windows,0,4530,4507.5,31,0,0,0,0,0,0,18,12,1
94.3653,1,6397952,windows,0,9740,9591.25,48,0,0,0,0,0,0,30,16,2
94.5997,0,6638592,windows,0,4530,4507.5,31,0,0,0,0,0,0,18,12,1
94.623,1,6419456,windows,0,9445,9445,47,0,0,0,0,0,0,29,16,2
94.8575,0,6656000,windows,0,4530,4507.5,31,0,0,0,0,0,0,18,12,1
94.8805,1,6440960,windows,0,9160,9160,46,0,0,0,0,0,0,28,16,2
95.1166,0,6674432,windows,0,3400,3400,25,0,0,0,0,0,0,14,11,0
95.1331,1,6461440,windows,0,8885,8885,45,0,0,0,0,0,0,27,16,2
95.3686,0,6691840,windows,0,3400,3400,25,0,0,0,0,0,0,14,11,0
95.3943,1,6482944,windows,0,8885,8885,45,0,0,0,0,0,0,27,16,2
95.6286,0,6709248,windows,0,2980,2980,24,0,0,0,0,0,0,14,10,0
95.6471,1,6503424,windows,0,8620,8176.25,44,0,0,0,0,0,0,26,16,2
95.8936,0,6727680,windows,0,2980,2980,24,0,0,0,0,0,0,14,10,0
95.8972,1,6524928,windows,0,8120,7805,42,0,0,0,0,0,0,24,16,2
96.1472,0,6746112,windows,0,2980,2980,24,0,0,0,0,0,0,14,10,0
96.1572,1,6547456,windows,0,7885,7570,41,0,0,0,0,0,0,23,16,2
96.4098,0,6764544,windows,0,2980,2980,24,0,0,0,0,0,0,14,10,0
96.4147,1,6567936,windows,0,7885,7570,41,0,0,0,0,0,0,23,16,2
96.6632,0,6781952,windows,0,2980,2980,24,0,0,0,0,0,0,14,10,0
96.6673,1,6587392,windows,0,7500,7381.25,41,0,0,0,0,0,0,24,15,2
96.9214,0,6800384,windows,0,2980,2980,24,0,0,0,0,0,0,14,10,0
96.9293,1,6607872,windows,0,7040,6931.25,39,0,0,0,0,0,0,22,15,2
97.181,0,6817792,windows,0,2980,2980,24,0,0,0,0,0,0,14,10,0
97.1925,1,6627328,windows,0,7040,6931.25,39,0,0,0,0,0,0,22,15,2
97.4476,0,6835200,windows,0,2980,2980,24,0,0,0,0,0,0,14,10,0
97.4544,1,6646784,windows,0,6620,6521.25,37,0,0,0,0,0,0,20,15,2
97.7098,0,6852608,windows,0,2980,2980,24,0,0,0,0,0,0,14,10,0
97.7129,1,6666240,windows,0,6245,6141.25,37,0,0,0,0,0,0,21,14,2
97.9698,0,6868992,windows,0,2980,2980,24,0,0,0,0,0,0,14,10,0
97.9707,1,6686720,windows,0,6245,6141.25,37,0,0,0,0,0,0,21,14,2
98.2288,0,6885376,windows,0,2980,2980,24,0,0,0,0,0,0,14,10,0
98.2332,1,6707200,windows,0,6040,6040,36,0,0,0,0,0,0,20,14,2
98.4828,0,6901760,windows,0,2980,2980,24,0,0,0,0,0,0,14,10,0
98.4927,1,6726656,windows,0,5845,5751.25,35,0,0,0,0,0,0,19,14,2
98.7374,0,6917120,windows,0,2980,2980,24,0,0,0,0,0,0,14,10,0
98.7452,1,6747136,windows,0,5845,5751.25,35,0,0,0,0,0,0,19,14,2
98.9889,0,6932480,windows,0,2980,2980,24,0,0,0,0,0,0,14,10,0
98.9962,1,6767616,windows,0,5845,5751.25,35,0,0,0,0,0,0,19,14,2
99.2432,0,6947840,windows,0,2980,2980,24,0,0,0,0,0,0,14,10,0
99.2495,1,6787072,windows,0,5845,5751.25,35,0,0,0,0,0,0,19,14,2
99.497,0,6963200,windows,0,2980,2980,24,0,0,0,0,0,0,14,10,0
99.5016,1,6805504,windows,0,2980,2980,24,0,0,0,0,0,0,14,10,0
99.7603,1,6828032,windows,0,2980,2980,24,0,0,0,0,0,0,14,10,0
99.7627,0,6979584,windows,0,2980,2980,24,0,0,0,0,0,0,14,10,0
100.015,0,6996992,windows,0,2980,2980,24,0,0,0,0,0,0,14,10,0
100.016,1,6849536,windows,0,2980,2980,24,0,0,0,0,0,0,14,10,0
100.275,1,6871040,windows,0,2980,2980,24,0,0,0,0,0,0,14,10,0
100.276,0,7014400,windows,0,2980,2980,24,0,0,0,0,0,0,14,10,0
100.529,1,6892544,windows,0,2980,2980,24,0,0,0,0,0,0,14,10,0
100.532,0,7030784,windows,0,2980,2980,24,0,0,0,0,0,0,14,10,0
100.788,0,7048192,windows,0,2980,2980,24,0,0,0,0,0,0,14,10,0
100.789,1,6915072,windows,0,2980,2980,24,0,0,0,0,0,0,14,10,0
101.041,1,6936576,windows,0,2980,2980,24,0,0,0,0,0,0,14,10,0
101.045,0,7064576,windows,0,2980,2980,24,0,0,0,0,0,0,14,10,0
101.299,1,6958080,windows,0,2980,2980,24,0,0,0,0,0,0,14,10,0
101.303,0,7078912,windows,0,2980,2980,24,0,0,0,0,0,0,14,10,0
101.561,0,7093248,windows,0,2980,2980,24,0,0,0,0,0,0,14,10,0
101.561,1,6978560,windows,0,2720,2661.25,22,0,0,0,0,0,0,12,10,0
101.814,1,6999040,windows,0,2720,2661.25,22,0,0,0,0,0,0,12,10,0
101.82,0,7109632,windows,0,2980,2980,24,0,0,0,0,0,0,14,10,0
102.072,1,7020544,windows,0,2720,2661.25,22,0,0,0,0,0,0,12,10,0
102.074,0,7126016,windows,0,2980,2980,24,0,0,0,0,0,0,14,10,0
102.326,1,7042048,windows,0,2720,2661.25,22,0,0,0,0,0,0,12,10,0
102.328,0,7142400,windows,0,2980,2980,24,0,0,0,0,0,0,14,10,0
102.578,1,7064576,windows,0,2720,2661.25,22,0,0,0,0,0,0,12,10,0
102.581,0,7159808,windows,0,2720,2661.25,22,0,0,0,0,0,0,12,10,0
102.836,1,7087104,windows,0,2720,2661.25,22,0,0,0,0,0,0,12,10,0
102.839,0,7177216,windows,0,2720,2661.25,22,0,0,0,0,0,0,12,10,0
103.098,1,7110656,windows,0,2720,2661.25,22,0,0,0,0,0,0,12,10,0
103.106,0,7195648,windows,0,2720,2661.25,22,0,0,0,0,0,0,12,10,0
103.352,1,7130112,windows,0,2720,2661.25,22,0,0,0,0,0,0,12,10,0
103.366,0,7212032,windows,0,2720,2661.25,22,0,0,0,0,0,0,12,10,0
103.614,1,7151616,windows,0,2720,2661.25,22,0,0,0,0,0,0,12,10,0
103.623,0,7229440,windows,0,2720,2661.25,22,0,0,0,0,0,0,12,10,0
103.866,1,7173120,windows,0,2720,2661.25,22,0,0,0,0,0,0,12,10,0
103.881,0,7246848,windows,0,2720,2661.25,22,0,0,0,0,0,0,12,10,0
104.126,1,7195648,windows,0,2720,2661.25,22,0,0,0,0,0,0,12,10,0
104.137,0,7264256,windows,0,2720,2661.25,22,0,0,0,0,0,0,12,10,0
104.384,1,7217152,windows,0,2720,2661.25,22,0,0,0,0,0,0,12,10,0
104.394,0,7280640,windows,0,2720,2661.25,22,0,0,0,0,0,0,12,10,0
104.642,1,7238656,repair,0,2720,2661.25,22,0,0,0,0,0,0,12,10,0
104.654,0,7297024,windows,0,2720,2661.25,22,0,0,0,0,0,0,12,10,0
104.901,1,7258112,repair,0,2720,2661.25,22,0,0,0,0,0,0,12,10,0
104.918,0,7313408,windows,0,2720,2661.25,22,0,0,0,0,0,0,12,10,0
105.156,1,7279616,windows,0,2720,2661.25,22,0,0,0,0,0,0,12,10,0
105.18,0,7330816,windows,0,2720,2661.25,22,0,0,0,0,0,0,12,10,0
105.412,1,7301120,windows,0,2720,2661.25,22,0,0,0,0,0,0,12,10,0
105.436,0,7348224,repair,0,2720,2661.25,22,0,0,0,0,0,0,12,10,0
105.666,1,7321600,windows,0,2720,2661.25,22,0,0,0,0,0,0,12,10,0
105.692,0,7365632,windows,0,2720,2661.25,22,0,0,0,0,0,0,12,10,0
105.916,1,7343104,windows,0,2720,2661.25,22,0,0,0,0,0,0,12,10,0
105.951,0,7383040,windows,0,2720,2661.25,22,0,0,0,0,0,0,12,10,0
106.166,1,7364608,windows,0,2720,2661.25,22,0,0,0,0,0,0,12,10,0
106.21,0,7399424,windows,0,2720,2661.25,22,0,0,0,0,0,0,12,10,0
106.421,1,7387136,windows,0,2720,2661.25,22,0,0,0,0,0,0,12,10,0
106.461,0,7415808,windows,0,2720,2661.25,22,0,0,0,0,0,0,12,10,0
106.68,1,7410688,repair,0,2720,2661.25,22,0,0,0,0,0,0,12,10,0
106.72,0,7433216,windows,0,2720,2661.25,22,0,0,0,0,0,0,12,10,0
106.942,1,7433216,windows,0,2720,2661.25,22,0,0,0,0,0,0,12,10,0
106.979,0,7450624,windows,0,2720,2661.25,22,0,0,0,0,0,0,12,10,0
107.2,1,7453696,windows,0,2720,2661.25,22,0,0,0,0,0,0,12,10,0
107.242,0,7469056,windows,0,2720,2661.25,22,0,0,0,0,0,0,12,10,0
107.461,1,7474176,windows,0,2720,2661.25,22,0,0,0,0,0,0,12,10,0
107.501,0,7485440,windows,0,2720,2661.25,22,0,0,0,0,0,0,12,10,0
107.718,1,7493632,windows,0,2720,2661.25,22,0,0,0,0,0,0,12,10,0
107.758,0,7501824,repair,0,2720,2661.25,22,0,0,0,0,0,0,12,10,0
107.972,1,7514112,windows,0,2720,2661.25,22,0,0,0,0,0,0,12,10,0
108.013,0,7517184,repair,0,2720,2661.25,22,0,0,0,0,0,0,12,10,0
108.223,1,7533568,windows,0,2720,2661.25,22,0,0,0,0,0,0,12,10,0
108.268,0,7532544,windows,0,2720,2661.25,22,0,0,0,0,0,0,12,10,0
108.482,1,7554048,windows,0,2720,2661.25,22,0,0,0,0,0,0,12,10,0
108.523,0,7548928,windows,0,2720,2661.25,22,0,0,0,0,0,0,12,10,0
108.732,1,7574528,windows,0,2720,2661.25,22,0,0,0,0,0,0,12,10,0
108.782,0,7566336,windows,0,2720,2661.25,22,0,0,0,0,0,0,12,10,0
108.989,1,7593984,windows,0,2720,2661.25,22,0,0,0,0,0,0,12,10,0
109.037,0,7584768,windows,0,2720,2661.25,22,0,0,0,0,0,0,12,10,0
109.241,1,7610368,windows,0,2720,2661.25,22,0,0,0,0,0,0,12,10,0
109.298,0,7601152,windows,0,2720,2661.25,22,0,0,0,0,0,0,12,10,0
109.495,1,7627776,windows,0,2720,2661.25,22,0,0,0,0,0,0,12,10,0
109.551,0,7616512,windows,0,2720,2661.25,22,0,0,0,0,0,0,12,10,0
109.753,1,7645184,windows,0,2720,2661.25,22,0,0,0,0,0,0,12,10,0
109.805,0,7633920,windows,0,2720,2661.25,22,0,0,0,0,0,0,12,10,0
110.007,1,7662592,windows,0,2720,2661.25,22,0,0,0,0,0,0,12,10,0
110.067,0,7654400,windows,0,2720,2661.25,22,0,0,0,0,0,0,12,10,0
110.263,1,7680000,windows,0,2720,2661.25,22,0,0,0,0,0,0,12,10,0
110.328,0,7674880,windows,0,2720,2661.25,22,0,0,0,0,0,0,12,10,0
110.516,1,7697408,windows,0,2720,2661.25,22,0,0,0,0,0,0,12,10,0
110.584,0,7695360,windows,0,2720,2661.25,22,0,0,0,0,0,0,12,10,0
110.772,1,7714816,windows,0,2720,2661.25,22,0,0,0,0,0,0,12,10,0
110.834,0,7714816,repair,0,2720,2661.25,22,0,0,0,0,0,0,12,10,0
111.035,1,7734272,windows,0,2720,2661.25,22,0,0,0,0,0,0,12,10,0
111.095,0,7736320,windows,0,2720,2661.25,22,0,0,0,0,0,0,12,10,0
111.296,1,7754752,repair,0,2720,2661.25,22,0,0,0,0,0,0,12,10,0
111.356,0,7756800,windows,0,2720,2661.25,22,0,0,0,0,0,0,12,10,0
111.548,1,7774208,repair,0,2720,2661.25,22,0,0,0,0,0,0,12,10,0
111.615,0,7777280,windows,0,2720,2661.25,22,0,0,0,0,0,0,12,10,0
111.802,1,7794688,windows,0,2720,2661.25,22,0,0,0,0,0,0,12,10,0
111.872,0,7798784,windows,0,2720,2661.25,22,0,0,0,0,0,0,12,10,0
112.054,1,7813120,windows,0,2720,2661.25,22,0,0,0,0,0,0,12,10,0
112.125,0,7819264,windows,0,2720,2661.25,22,0,0,0,0,0,0,12,10,0
112.308,1,7830528,windows,0,2720,2661.25,22,0,0,0,0,0,0,12,10,0
112.379,0,7837696,windows,0,2720,2661.25,22,0,0,0,0,0,0,12,10,0
112.562,1,7848960,windows,0,2720,2661.25,22,0,0,0,0,0,0,12,10,0
112.63,0,7857152,windows,0,2720,2661.25,22,0,0,0,0,0,0,12,10,0
112.818,1,7867392,windows,0,2720,2661.25,22,0,0,0,0,0,0,12,10,0
112.881,0,7877632,windows,0,2720,2661.25,22,0,0,0,0,0,0,12,10,0
113.075,1,7886848,windows,0,2720,2661.25,22,0,0,0,0,0,0,12,10,0
113.138,0,7898112,repair,0,2720,2661.25,22,0,0,0,0,0,0,12,10,0
113.328,1,7906304,windows,0,2720,2661.25,22,0,0,0,0,0,0,12,10,0
113.389,0,7919616,windows,0,2720,2661.25,22,0,0,0,0,0,0,12,10,0
113.586,1,7925760,windows,0,2720,2661.25,22,0,0,0,0,0,0,12,10,0
113.647,0,7940096,windows,0,2720,2661.25,22,0,0,0,0,0,0,12,10,0
113.838,1,7946240,windows,0,2720,2661.25,22,0,0,0,0,0,0,12,10,0
113.901,0,7960576,windows,0,2720,2661.25,22,0,0,0,0,0,0,12,10,0
114.089,1,7965696,windows,0,2720,2661.25,22,0,0,0,0,0,0,12,10,0
114.154,0,7980032,windows,0,2720,2661.25,22,0,0,0,0,0,0,12,10,0
114.345,1,7985152,windows,0,2720,2661.25,22,0,0,0,0,0,0,12,10,0
114.404,0,7999488,windows,0,2720,2661.25,22,0,0,0,0,0,0,12,10,0
114.601,1,8005632,windows,0,2720,2661.25,22,0,0,0,0,0,0,12,10,0
114.661,0,8018944,windows,0,2720,2661.25,22,0,0,0,0,0,0,12,10,0
114.861,1,8027136,repair,0,2720,2661.25,22,0,0,0,0,0,0,12,10,0
114.917,0,8039424,windows,0,2720,2661.25,22,0,0,0,0,0,0,12,10,0
115.111,1,8050688,windows,0,2720,2661.25,22,0,0,0,0,0,0,12,10,0
115.175,0,8059904,windows,0,2720,2661.25,22,0,0,0,0,0,0,12,10,0
115.366,1,8070144,windows,0,2720,2661.25,22,0,0,0,0,0,0,12,10,0
115.43,0,8080384,windows,0,2720,2661.25,22,0,0,0,0,0,0,12,10,0
115.63,1,8089600,windows,0,2720,2661.25,22,0,0,0,0,0,0,12,10,0
115.683,0,8099840,windows,0,2720,2661.25,22,0,0,0,0,0,0,12,10,0
115.89,1,8109056,windows,0,2720,2661.25,22,0,0,0,0,0,0,12,10,0
115.941,0,8121344,windows,0,2720,2661.25,22,0,0,0,0,0,0,12,10,0
116.142,1,8129536,windows,0,2720,2661.25,22,0,0,0,0,0,0,12,10,0
116.192,0,8141824,windows,0,2720,2661.25,22,0,0,0,0,0,0,12,10,0
116.398,1,8148992,windows,0,2720,2661.25,22,0,0,0,0,0,0,12,10,0
116.443,0,8162304,repair,0,2720,2661.25,22,0,0,0,0,0,0,12,10,0
116.656,1,8168448,windows,0,2720,2661.25,22,0,0,0,0,0,0,12,10,0
116.698,0,8183808,windows,0,2720,2661.25,22,0,0,0,0,0,0,12,10,0
116.91,1,8186880,windows,0,2720,2661.25,22,0,0,0,0,0,0,12,10,0
116.96,0,8205312,windows,0,2720,2661.25,22,0,0,0,0,0,0,12,10,0
117.164,1,8204288,repair,299,6.61444e+07,6.61444e+07,3548,21,66,55,104,53,0,1941,1500,107
117.212,0,8224768,windows,0,2720,2661.25,22,0,0,0,0,0,0,12,10,0
117.423,1,8227840,repair,185,5.92493e+07,5.92397e+07,3438,11,26,34,84,30,0,1933,1403,102
117.463,0,8244224,windows,0,2720,2661.25,22,0,0,0,0,0,0,12,10,0
117.681,1,8249344,repair,108,5.89461e+07,5.89366e+07,3428,5,16,17,47,23,0,1905,1417,106
117.719,0,8264704,windows,0,2720,2661.25,22,0,0,0,0,0,0,12,10,0
117.939,1,8272896,repair,55,4.08069e+07,4.08069e+07,2822,2,5,8,29,11,0,1525,1200,97
117.98,0,8286208,windows,0,2720,2661.25,22,0,0,0,0,0,0,12,10,0
118.199,1,8296448,repair,23,3.25812e+07,3.25812e+07,2649,0,2,6,11,4,0,1562,1004,83
118.23,0,8306688,windows,0,2720,2661.25,22,0,0,0,0,0,0,12,10,0
118.454,1,8317952,repair,5,2.71018e+07,2.70925e+07,2440,0,0,0,4,1,0,1483,894,63
118.485,0,8327168,windows,0,2720,2661.25,22,0,0,0,0,0,0,12,10,0
118.715,1,8338432,repair,2,1.73293e+07,1.73293e+07,1993,0,0,0,1,1,0,1256,684,53
118.744,0,8348672,windows,0,2720,2661.25,22,0,0,0,0,0,0,12,10,0
118.965,1,8356864,repair,0,1.30608e+07,1.30608e+07,1741,0,0,0,0,0,0,1114,583,44
119.006,0,8370176,windows,0,2720,2661.25,22,0,0,0,0,0,0,12,10,0
119.221,1,8375296,windows,0,9.63734e+06,9.63621e+06,1491,0,0,0,0,0,0,948,505,38
119.259,0,8387584,windows,0,2720,2661.25,22,0,0,0,0,0,0,12,10,0
119.472,1,8392704,windows,0,6.63349e+06,6.62042e+06,1273,0,0,0,0,0,0,850,386,37
119.51,0,8403968,windows,0,2720,2661.25,22,0,0,0,0,0,0,12,10,0
119.73,1,8411136,windows,0,4.58706e+06,4.58065e+06,1058,0,0,0,0,0,0,707,321,30
119.766,0,8419328,repair,327,6.96174e+07,6.96079e+07,3573,22,52,61,122,70,0,1900,1561,112
119.987,1,8428544,windows,0,3.2981e+06,3.29505e+06,906,0,0,0,0,0,0,611,265,30
120.032,0,8436736,repair,228,6.36923e+07,6.36633e+07,3561,14,45,46,79,44,0,1999,1453,109
120.246,1,8445952,windows,0,2.3792e+06,2.37481e+06,769,0,0,0,0,0,0,529,220,20
120.294,0,8457216,repair,153,5.15594e+07,5.15211e+07,3221,9,29,28,54,33,0,1808,1311,102
120.502,1,8463360,windows,0,1.7364e+06,1.73589e+06,646,0,0,0,0,0,0,427,202,17
120.545,0,8476672,repair,91,4.91157e+07,4.91157e+07,3198,3,25,17,27,19,0,1861,1253,84
120.764,1,8480768,windows,0,1.253e+06,1.25046e+06,565,0,0,0,0,0,0,390,155,20
120.795,0,8496128,repair,50,3.96184e+07,3.96076e+07,2920,2,6,9,20,13,0,1754,1096,70
121.023,1,8498176,windows,0,926600,926068,482,0,0,0,0,0,0,324,140,18
121.056,0,8516608,repair,20,3.11741e+07,3.1147e+07,2627,1,2,4,11,2,0,1585,959,83
121.279,1,8515584,windows,0,735995,734541,428,0,0,0,0,0,0,291,124,13
121.313,0,8536064,repair,3,2.60118e+07,2.59856e+07,2410,1,0,0,1,1,0,1499,857,54
121.535,1,8531968,windows,0,587565,586351,375,0,0,0,0,0,0,243,120,12
121.576,0,8555520,repair,0,2.0653e+07,2.0653e+07,2188,0,0,0,0,0,0,1427,722,39
121.787,1,8549376,windows,0,428905,426770,318,0,0,0,0,0,0,197,107,14
121.832,0,8578048,repair,0,1.3391e+07,1.33851e+07,1776,0,0,0,0,0,0,1171,570,35
122.048,1,8566784,windows,0,334930,331914,292,0,0,0,0,0,0,196,83,13
122.085,0,8596480,windows,0,8.13749e+06,8.12868e+06,1384,0,0,0,0,0,0,920,441,23
122.308,1,8585216,windows,0,266045,265692,259,0,0,0,0,0,0,171,76,12
122.336,0,8613888,windows,0,5.86055e+06,5.84846e+06,1182,0,0,0,0,0,0,786,371,25
122.56,1,8603648,windows,0,204130,203808,229,0,0,0,0,0,0,154,64,11
122.587,0,8631296,windows,0,4.24012e+06,4.2366e+06,1018,0,0,0,0,0,0,704,296,18
122.821,1,8622080,windows,0,147070,146169,193,0,0,0,0,0,0,128,56,9
122.845,0,8647680,windows,0,2.93575e+06,2.9322e+06,860,0,0,0,0,0,0,622,223,15
123.079,1,8640512,windows,0,116500,115951,170,0,0,0,0,0,0,110,52,8
123.11,0,8664064,windows,0,2.18615e+06,2.17886e+06,728,0,0,0,0,0,0,494,219,15
123.333,1,8658944,windows,0,93425,93192.5,154,0,0,0,0,0,0,101,45,8
123.362,0,8679424,windows,0,1.71412e+06,1.71412e+06,649,0,0,0,0,0,0,442,191,16
123.593,1,8677376,windows,0,77410,77410,140,0,0,0,0,0,0,92,41,7
123.626,0,8695808,windows,0,1.31952e+06,1.3171e+06,575,0,0,0,0,0,0,402,159,14
123.846,1,8695808,windows,0,62760,61363.8,125,0,0,0,0,0,0,78,39,8
123.881,0,8712192,windows,0,947545,943126,486,0,0,0,0,0,0,337,137,12
124.102,1,8716288,windows,0,55495,55131.2,117,0,0,0,0,0,0,73,37,7
124.144,0,8729600,windows,0,689465,685254,410,0,0,0,0,0,0,273,125,12
124.362,1,8736768,windows,0,48415,48212.5,109,0,0,0,0,0,0,67,35,7
124.408,0,8745984,windows,0,529920,529568,366,0,0,0,0,0,0,252,102,12
124.625,1,8756224,windows,0,41170,40967.5,101,0,0,0,0,0,0,62,32,7
124.66,0,8761344,windows,0,410215,408849,317,0,0,0,0,0,0,209,97,11
124.886,1,8773632,windows,0,35570,35427.5,94,0,0,0,0,0,0,60,29,5
124.914,0,8777728,windows,0,308495,307299,277,0,0,0,0,0,0,187,81,9
125.136,1,8792064,windows,0,32150,31738.8,88,0,0,0,0,0,0,54,29,5
125.164,0,8793088,windows,0,237845,236370,241,0,0,0,0,0,0,159,74,8
125.401,1,8809472,windows,0,30070,29352.5,84,0,0,0,0,0,0,50,29,5
125.424,0,8808448,windows,0,194675,194675,220,0,0,0,0,0,0,145,66,9
125.653,1,8827904,windows,0,29575,28857.5,83,0,0,0,0,0,0,49,29,5
125.678,0,8823808,windows,0,154505,153901,192,0,0,0,0,0,0,121,63,8
125.908,1,8846336,windows,0,26390,25672.5,76,0,0,0,0,0,0,42,29,5
125.938,0,8840192,windows,0,130315,130315,178,0,0,0,0,0,0,115,56,7
126.163,1,8864768,windows,0,24395,24252.5,76,0,0,0,0,0,0,45,26,5
126.188,0,8855552,windows,0,102495,101799,157,0,0,0,0,0,0,99,51,7
126.414,1,8883200,windows,0,23060,22525,71,0,0,0,0,0,0,40,27,4
126.442,0,8870912,windows,0,87580,86196.2,146,0,0,0,0,0,0,94,46,6
126.671,1,8901632,windows,0,22000,22000,70,0,0,0,0,0,0,40,26,4
126.702,0,8887296,windows,0,71080,70651.2,131,0,0,0,0,0,0,86,41,4
126.924,1,8919040,windows,0,21220,21220,68,0,0,0,0,0,0,38,26,4
126.962,0,8903680,windows,0,57605,57211.2,119,0,0,0,0,0,0,79,36,4
127.183,1,8937472,windows,0,18770,18770,68,0,0,0,0,0,0,44,21,3
127.228,0,8920064,windows,0,53315,53315,114,0,0,0,0,0,0,73,36,5
127.437,1,8954880,windows,0,17170,16735,63,0,0,0,0,0,0,38,22,3
127.484,0,8934400,windows,0,44310,43981.2,104,0,0,0,0,0,0,66,33,5
127.69,1,8972288,windows,0,15570,15487.5,60,0,0,0,0,0,0,36,21,3
127.749,0,8949760,windows,0,37145,37145,96,0,0,0,0,0,0,63,29,4
127.941,1,8990720,windows,0,13715,13632.5,56,0,0,0,0,0,0,33,20,3
128.005,0,8966144,windows,0,35300,35300,93,0,0,0,0,0,0,60,29,4
128.198,1,9007104,windows,0,12610,12152.5,54,0,0,0,0,0,0,32,19,3
128.269,0,8982528,windows,0,32980,32691.2,90,0,0,0,0,0,0,58,28,4
128.461,1,9024512,windows,0,12610,12152.5,54,0,0,0,0,0,0,32,19,3
128.53,0,8998912,windows,0,30820,30820,85,0,0,0,0,0,0,52,29,4
128.712,1,9041920,windows,0,11410,10952.5,50,0,0,0,0,0,0,28,19,3
128.79,0,9015296,windows,0,24770,24627.5,79,0,0,0,0,0,0,50,24,5
128.975,1,9061376,windows,0,10615,10615,47,0,0,0,0,0,0,25,19,3
129.047,0,9031680,windows,0,22580,22580,75,0,0,0,0,0,0,48,23,4
129.233,1,9080832,windows,0,10615,10615,47,0,0,0,0,0,0,25,19,3
129.302,0,9047040,windows,0,22105,21650,74,0,0,0,0,0,0,47,23,4
129.493,1,9099264,windows,0,9595,9368.75,48,0,0,0,0,0,0,29,16,3
129.565,0,9063424,windows,0,20740,20521.2,71,0,0,0,0,0,0,44,23,4
129.749,1,9117696,windows,0,9175,9092.5,45,0,0,0,0,0,0,25,17,3
129.824,0,9079808,windows,0,19630,19195,69,0,0,0,0,0,0,44,22,3
130.002,1,9136128,windows,0,9175,9092.5,45,0,0,0,0,0,0,25,17,3
130.077,0,9095168,windows,0,19215,18800,69,0,0,0,0,0,0,45,21,3
130.264,1,9155584,windows,0,8930,8847.5,44,0,0,0,0,0,0,24,17,3
130.341,0,9111552,windows,0,18770,18770,68,0,0,0,0,0,0,44,21,3
130.517,1,9174016,windows,0,8770,8687.5,45,0,0,0,0,0,0,26,16,3
130.597,0,9126912,windows,0,17495,17080,65,0,0,0,0,0,0,41,21,3
130.776,1,9192448,windows,0,8035,7952.5,42,0,0,0,0,0,0,23,16,3
130.851,0,9143296,windows,0,16695,16280,63,0,0,0,0,0,0,39,21,3
131.028,1,9210880,windows,0,8035,7952.5,42,0,0,0,0,0,0,23,16,3
131.102,0,9159680,windows,0,15490,14906.2,61,0,0,0,0,0,0,38,20,3
131.29,1,9231360,windows,0,7595,7512.5,40,0,0,0,0,0,0,21,16,3
131.361,0,9176064,windows,0,13270,13270,56,0,0,0,0,0,0,34,19,3
131.541,1,9249792,windows,0,7390,7208.75,39,0,0,0,0,0,0,20,16,3
131.621,0,9190400,windows,0,13270,13270,56,0,0,0,0,0,0,34,19,3
131.795,1,9267200,windows,0,7390,7208.75,39,0,0,0,0,0,0,20,16,3
131.872,0,9206784,windows,0,12530,12361.2,55,0,0,0,0,0,0,34,18,3
132.049,1,9284608,windows,0,7390,7208.75,39,0,0,0,0,0,0,20,16,3
132.136,0,9224192,windows,0,12195,12195,54,0,0,0,0,0,0,33,18,3
132.302,1,9302016,windows,0,7010,6838.75,37,0,0,0,0,0,0,18,16,3
132.391,0,9239552,windows,0,11555,11555,52,0,0,0,0,0,0,31,18,3
132.56,1,9319424,windows,0,7010,6838.75,37,0,0,0,0,0,0,18,16,3
132.652,0,9256960,windows,0,10955,10955,50,0,0,0,0,0,0,29,18,3
132.821,1,9336832,windows,0,6835,6752.5,36,0,0,0,0,0,0,17,16,3
132.907,0,9274368,windows,0,10955,10955,50,0,0,0,0,0,0,29,18,3
133.085,1,9354240,windows,0,6835,6752.5,36,0,0,0,0,0,0,17,16,3
133.162,0,9290752,windows,0,10670,10670,49,0,0,0,0,0,0,28,18,3
133.348,1,9373696,windows,0,6670,6587.5,35,0,0,0,0,0,0,16,16,3
133.416,0,9307136,windows,0,10670,10670,49,0,0,0,0,0,0,28,18,3
133.598,1,9392128,windows,0,6670,6587.5,35,0,0,0,0,0,0,16,16,3
133.673,0,9323520,windows,0,10670,10670,49,0,0,0,0,0,0,28,18,3
133.861,1,9411584,windows,0,6670,6587.5,35,0,0,0,0,0,0,16,16,3
133.938,0,9341952,windows,0,10255,10111.2,49,0,0,0,0,0,0,29,17,3
134.112,1,9427968,windows,0,6670,6587.5,35,0,0,0,0,0,0,16,16,3
134.19,0,9359360,windows,0,9695,9695,47,0,0,0,0,0,0,27,17,3
134.365,1,9445376,windows,0,6670,6587.5,35,0,0,0,0,0,0,16,16,3
134.451,0,9374720,windows,0,9035,9035,46,0,0,0,0,0,0,27,16,3
134.621,1,9462784,windows,0,2720,2661.25,22,0,0,0,0,0,0,12,10,0
134.702,0,9392128,windows,0,9035,9035,46,0,0,0,0,0,0,27,16,3
134.871,1,9478144,windows,0,2720,2661.25,22,0,0,0,0,0,0,12,10,0
134.956,0,9409536,windows,0,8515,8391.25,44,0,0,0,0,0,0,25,16,3
135.128,1,9496576,windows,0,2720,2661.25,22,0,0,0,0,0,0,12,10,0
135.219,0,9426944,windows,0,8515,8391.25,44,0,0,0,0,0,0,25,16,3
135.379,1,9513984,windows,0,2720,2661.25,22,0,0,0,0,0,0,12,10,0
135.483,0,9442304,windows,0,8270,8151.25,43,0,0,0,0,0,0,24,16,3
135.632,1,9531392,windows,0,2720,2661.25,22,0,0,0,0,0,0,12,10,0
135.734,0,9457664,windows,0,8270,8151.25,43,0,0,0,0,0,0,24,16,3
135.889,1,9548800,windows,0,2720,2661.25,22,0,0,0,0,0,0,12,10,0
135.998,0,9475072,windows,0,8270,8151.25,43,0,0,0,0,0,0,24,16,3
136.144,1,9566208,windows,0,2720,2661.25,22,0,0,0,0,0,0,12,10,0
136.252,0,9492480,windows,0,8270,8151.25,43,0,0,0,0,0,0,24,16,3
136.395,1,9582592,windows,0,2720,2661.25,22,0,0,0,0,0,0,12,10,0
136.52,0,9508864,windows,0,8270,8151.25,43,0,0,0,0,0,0,24,16,3
136.655,1,9601024,windows,0,2720,2661.25,22,0,0,0,0,0,0,12,10,0
136.771,0,9526272,windows,0,8270,8151.25,43,0,0,0,0,0,0,24,16,3
136.908,1,9617408,windows,0,2720,2661.25,22,0,0,0,0,0,0,12,10,0
137.023,0,9543680,windows,0,8270,8151.25,43,0,0,0,0,0,0,24,16,3
137.168,1,9635840,windows,0,2720,2661.25,22,0,0,0,0,0,0,12,10,0
137.274,0,9563136,windows,0,8270,8151.25,43,0,0,0,0,0,0,24,16,3
137.424,1,9653248,windows,0,2720,2661.25,22,0,0,0,0,0,0,12,10,0
137.531,0,9580544,windows,0,8270,8151.25,43,0,0,0,0,0,0,24,16,3
137.686,1,9670656,windows,0,2720,2661.25,22,0,0,0,0,0,0,12,10,0
137.79,0,9600000,repair,0,8270,8151.25,43,0,0,0,0,0,0,24,16,3
137.949,1,9689088,windows,0,2720,2661.25,22,0,0,0,0,0,0,12,10,0
138.054,0,9620480,windows,0,8270,8151.25,43,0,0,0,0,0,0,24,16,3
138.211,1,9707520,windows,0,2720,2661.25,22,0,0,0,0,0,0,12,10,0
138.309,0,9637888,windows,0,8270,8151.25,43,0,0,0,0,0,0,24,16,3
138.463,1,9723904,windows,0,2720,2661.25,22,0,0,0,0,0,0,12,10,0
138.564,0,9655296,windows,0,8270,8151.25,43,0,0,0,0,0,0,24,16,3
138.724,1,9742336,windows,0,2720,2661.25,22,0,0,0,0,0,0,12,10,0
138.819,0,9674752,windows,0,2720,2661.25,22,0,0,0,0,0,0,12,10,0
138.984,1,9760768,windows,0,2720,2661.25,22,0,0,0,0,0,0,12,10,0
139.069,0,9695232,windows,0,2720,2661.25,22,0,0,0,0,0,0,12,10,0
139.246,1,9780224,windows,0,2720,2661.25,22,0,0,0,0,0,0,12,10,0
139.331,0,9714688,windows,0,2720,2661.25,22,0,0,0,0,0,0,12,10,0
139.5,1,9798656,repair,0,2720,2661.25,22,0,0,0,0,0,0,12,10,0
139.591,0,9735168,windows,0,2720,2661.25,22,0,0,0,0,0,0,12,10,0
139.756,1,9817088,windows,0,2720,2661.25,22,0,0,0,0,0,0,12,10,0
139.85,0,9756672,windows,0,2720,2661.25,22,0,0,0,0,0,0,12,10,0
140.01,1,9834496,windows,0,2720,2661.25,22,0,0,0,0,0,0,12,10,0
140.108,0,9776128,windows,0,2720,2661.25,22,0,0,0,0,0,0,12,10,0
140.273,1,9851904,windows,0,2720,2661.25,22,0,0,0,0,0,0,12,10,0
140.363,0,9795584,windows,0,2720,2661.25,22,0,0,0,0,0,0,12,10,0
140.541,1,9869312,windows,0,2720,2661.25,22,0,0,0,0,0,0,12,10,0
140.618,0,9812992,windows,0,2720,2661.25,22,0,0,0,0,0,0,12,10,0
140.794,1,9885696,windows,0,2720,2661.25,22,0,0,0,0,0,0,12,10,0
140.879,0,9832448,windows,0,2720,2661.25,22,0,0,0,0,0,0,12,10,0
141.056,1,9903104,windows,0,2720,2661.25,22,0,0,0,0,0,0,12,10,0
141.135,0,9851904,windows,0,2720,2661.25,22,0,0,0,0,0,0,12,10,0
141.318,1,9920512,windows,0,2720,2661.25,22,0,0,0,0,0,0,12,10,0
141.388,0,9870336,windows,0,2720,2661.25,22,0,0,0,0,0,0,12,10,0
141.571,1,9936896,windows,0,2720,2661.25,22,0,0,0,0,0,0,12,10,0
141.646,0,9887744,windows,0,2720,2661.25,22,0,0,0,0,0,0,12,10,0
141.833,1,9954304,windows,0,2720,2661.25,22,0,0,0,0,0,0,12,10,0
141.9,0,9908224,repair,0,2720,2661.25,22,0,0,0,0,0,0,12,10,0
142.095,1,9971712,windows,0,2720,2661.25,22,0,0,0,0,0,0,12,10,0
142.155,0,9927680,windows,0,2720,2661.25,22,0,0,0,0,0,0,12,10,0
142.357,1,9990144,windows,0,2720,2661.25,22,0,0,0,0,0,0,12,10,0
142.42,0,9946112,windows,0,2720,2661.25,22,0,0,0,0,0,0,12,10,0
142.617,1,10007552,windows,0,2720,2661.25,22,0,0,0,0,0,0,12,10,0
142.679,0,9965568,windows,0,2720,2661.25,22,0,0,0,0,0,0,12,10,0
142.867,1,10022912,windows,0,2720,2661.25,22,0,0,0,0,0,0,12,10,0
142.932,0,9984000,windows,0,2720,2661.25,22,0,0,0,0,0,0,12,10,0
143.126,1,10040320,windows,0,2720,2661.25,22,0,0,0,0,0,0,12,10,0
143.193,0,10000384,windows,0,2720,2661.25,22,0,0,0,0,0,0,12,10,0
143.376,1,10054656,windows,0,2720,2661.25,22,0,0,0,0,0,0,12,10,0
143.445,0,10017792,windows,0,2720,2661.25,22,0,0,0,0,0,0,12,10,0
143.64,1,10071040,windows,0,2720,2661.25,22,0,0,0,0,0,0,12,10,0
143.705,0,10037248,windows,0,2720,2661.25,22,0,0,0,0,0,0,12,10,0
143.893,1,10086400,windows,0,2720,2661.25,22,0,0,0,0,0,0,12,10,0
143.956,0,10057728,windows,0,2720,2661.25,22,0,0,0,0,0,0,12,10,0
144.15,1,10102784,windows,0,2720,2661.25,22,0,0,0,0,0,0,12,10,0
144.206,0,10078208,windows,0,2720,2661.25,22,0,0,0,0,0,0,12,10,0
144.414,1,10120192,windows,0,2720,2661.25,22,0,0,0,0,0,0,12,10,0
144.468,0,10097664,repair,0,2720,2661.25,22,0,0,0,0,0,0,12,10,0
144.669,1,10137600,windows,0,2720,2661.25,22,0,0,0,0,0,0,12,10,0
144.732,0,10117120,repair,0,2720,2661.25,22,0,0,0,0,0,0,12,10,0
144.932,1,10155008,windows,0,2720,2661.25,22,0,0,0,0,0,0,12,10,0
144.982,0,10136576,windows,0,2720,2661.25,22,0,0,0,0,0,0,12,10,0
145.187,1,10172416,windows,0,2720,2661.25,22,0,0,0,0,0,0,12,10,0
145.241,0,10158080,windows,0,2720,2661.25,22,0,0,0,0,0,0,12,10,0
145.44,1,10189824,windows,0,2720,2661.25,22,0,0,0,0,0,0,12,10,0
145.508,0,10178560,windows,0,2720,2661.25,22,0,0,0,0,0,0,12,10,0
145.693,1,10207232,windows,0,2720,2661.25,22,0,0,0,0,0,0,12,10,0
145.759,0,10199040,windows,0,2720,2661.25,22,0,0,0,0,0,0,12,10,0
145.944,1,10224640,windows,0,2720,2661.25,22,0,0,0,0,0,0,12,10,0
146.012,0,10220544,windows,0,2720,2661.25,22,0,0,0,0,0,0,12,10,0
146.195,1,10242048,windows,0,2720,2661.25,22,0,0,0,0,0,0,12,10,0
146.268,0,10241024,windows,0,2720,2661.25,22,0,0,0,0,0,0,12,10,0
146.449,1,10259456,windows,0,2720,2661.25,22,0,0,0,0,0,0,12,10,0
146.522,0,10261504,repair,0,2720,2661.25,22,0,0,0,0,0,0,12,10,0
146.711,1,10276864,windows,0,2720,2661.25,22,0,0,0,0,0,0,12,10,0
146.78,0,10284032,windows,0,2720,2661.25,22,0,0,0,0,0,0,12,10,0
146.962,1,10293248,repair,0,2720,2661.25,22,0,0,0,0,0,0,12,10,0
147.03,0,10302464,windows,0,2720,2661.25,22,0,0,0,0,0,0,12,10,0
147.224,1,10310656,repair,0,2720,2661.25,22,0,0,0,0,0,0,12,10,0
147.286,0,10320896,windows,0,2720,2661.25,22,0,0,0,0,0,0,12,10,0
147.482,1,10327040,windows,0,2720,2661.25,22,0,0,0,0,0,0,12,10,0
147.548,0,10339328,windows,0,2720,2661.25,22,0,0,0,0,0,0,12,10,0
147.742,1,10343424,windows,0,2720,2661.25,22,0,0,0,0,0,0,12,10,0
147.811,0,10358784,windows,0,2720,2661.25,22,0,0,0,0,0,0,12,10,0
147.995,1,10359808,windows,0,2720,2661.25,22,0,0,0,0,0,0,12,10,0
148.068,0,10378240,windows,0,2720,2661.25,22,0,0,0,0,0,0,12,10,0
148.245,1,10376192,windows,0,2720,2661.25,22,0,0,0,0,0,0,12,10,0
148.326,0,10396672,windows,0,2720,2661.25,22,0,0,0,0,0,0,12,10,0
148.509,1,10392576,windows,0,2720,2661.25,22,0,0,0,0,0,0,12,10,0
148.584,0,10416128,windows,0,2720,2661.25,22,0,0,0,0,0,0,12,10,0
148.763,1,10408960,windows,0,2720,2661.25,22,0,0,0,0,0,0,12,10,0
148.837,0,10436608,windows,0,2720,2661.25,22,0,0,0,0,0,0,12,10,0
149.014,1,10427392,windows,0,2720,2661.25,22,0,0,0,0,0,0,12,10,0
149.088,0,10456064,windows,0,2720,2661.25,22,0,0,0,0,0,0,12,10,0
149.269,1,10446848,windows,0,2720,2661.25,22,0,0,0,0,0,0,12,10,0
149.342,0,10474496,windows,0,2720,2661.25,22,0,0,0,0,0,0,12,10,0
149.534,1,10466304,windows,0,2720,2661.25,22,0,0,0,0,0,0,12,10,0
149.604,0,10493952,windows,0,2720,2661.25,22,0,0,0,0,0,0,12,10,0
149.791,1,10483712,windows,0,2720,2661.25,22,0,0,0,0,0,0,12,10,0
149.86,0,10512384,windows,0,2720,2661.25,22,0,0,0,0,0,0,12,10,0
150.046,1,10501120,windows,0,2720,2661.25,22,0,0,0,0,0,0,12,10,0
150.115,0,10530816,windows,0,2720,2661.25,22,0,0,0,0,0,0,12,10,0
150.311,1,10519552,windows,0,2720,2661.25,22,0,0,0,0,0,0,12,10,0
150.374,0,10550272,windows,0,2720,2661.25,22,0,0,0,0,0,0,12,10,0
150.568,1,10539008,windows,0,2720,2661.25,22,0,0,0,0,0,0,12,10,0
150.627,0,10568704,windows,0,2720,2661.25,22,0,0,0,0,0,0,12,10,0
150.829,1,10559488,repair,0,2720,2661.25,22,0,0,0,0,0,0,12,10,0
150.89,0,10588160,windows,0,2720,2661.25,22,0,0,0,0,0,0,12,10,0
151.082,1,10580992,windows,0,2720,2661.25,22,0,0,0,0,0,0,12,10,0
151.141,0,10605568,windows,0,2720,2661.25,22,0,0,0,0,0,0,12,10,0
151.332,1,10599424,windows,0,2720,2661.25,22,0,0,0,0,0,0,12,10,0
151.396,0,10622976,windows,0,2720,2661.25,22,0,0,0,0,0,0,12,10,0
151.585,1,10617856,windows,0,2720,2661.25,22,0,0,0,0,0,0,12,10,0
151.647,0,10640384,repair,0,2720,2661.25,22,0,0,0,0,0,0,12,10,0
151.85,1,10637312,windows,0,2720,2661.25,22,0,0,0,0,0,0,12,10,0
151.91,0,10661888,repair,0,2720,2661.25,22,0,0,0,0,0,0,12,10,0
152.108,1,10655744,windows,0,2720,2661.25,22,0,0,0,0,0,0,12,10,0
152.167,0,10681344,windows,0,2720,2661.25,22,0,0,0,0,0,0,12,10,0
152.361,1,10673152,windows,0,2720,2661.25,22,0,0,0,0,0,0,12,10,0
152.424,0,10700800,windows,0,2720,2661.25,22,0,0,0,0,0,0,12,10,0
152.612,1,10690560,windows,0,2720,2661.25,22,0,0,0,0,0,0,12,10,0
152.675,0,10720256,windows,0,2720,2661.25,22,0,0,0,0,0,0,12,10,0
152.863,1,10708992,windows,0,2720,2661.25,22,0,0,0,0,0,0,12,10,0
152.934,0,10740736,windows,0,2720,2661.25,22,0,0,0,0,0,0,12,10,0
153.116,1,10728448,windows,0,2720,2661.25,22,0,0,0,0,0,0,12,10,0
153.189,0,10761216,windows,0,2720,2661.25,22,0,0,0,0,0,0,12,10,0
153.371,1,10746880,windows,0,2720,2661.25,22,0,0,0,0,0,0,12,10,0
153.441,0,10781696,windows,0,2720,2661.25,22,0,0,0,0,0,0,12,10,0
153.626,1,10766336,repair,273,6.71153e+07,6.7082e+07,3608,17,61,55,92,48,0,1996,1504,108
153.693,0,10802176,windows,0,2720,2661.25,22,0,0,0,0,0,0,12,10,0
153.885,1,10790912,repair,165,5.74595e+07,5.74314e+07,3346,8,33,28,56,40,0,1845,1406,95
153.945,0,10822656,windows,0,2720,2661.25,22,0,0,0,0,0,0,12,10,0
154.14,1,10814464,repair,92,5.03123e+07,5.03001e+07,3215,2,18,24,35,13,0,1823,1288,104
154.208,0,10844160,windows,0,2720,2661.25,22,0,0,0,0,0,0,12,10,0
154.396,1,10836992,repair,45,3.5167e+07,3.51591e+07,2726,1,7,9,23,5,0,1577,1059,90
154.458,0,10862592,windows,0,2720,2661.25,22,0,0,0,0,0,0,12,10,0
154.653,1,10860544,repair,15,3.02363e+07,3.02167e+07,2523,0,1,3,11,0,0,1475,980,68
154.713,0,10883072,windows,0,2720,2661.25,22,0,0,0,0,0,0,12,10,0
154.91,1,10883072,repair,2,2.14218e+07,2.14218e+07,2180,0,0,0,2,0,0,1340,786,54
154.975,0,10905600,windows,0,2720,2661.25,22,0,0,0,0,0,0,12,10,0
155.171,1,10905600,repair,1,1.38006e+07,1.37935e+07,1802,0,0,0,1,0,0,1175,585,42
155.235,0,10927104,windows,0,2720,2661.25,22,0,0,0,0,0,0,12,10,0
155.432,1,10926080,windows,0,9.94564e+06,9.94481e+06,1529,0,0,0,0,0,0,1010,491,28
155.493,0,10947584,windows,0,2720,2661.25,22,0,0,0,0,0,0,12,10,0
155.691,1,10947584,windows,0,6.70205e+06,6.70125e+06,1264,0,0,0,0,0,0,840,397,27
155.746,0,10968064,repair,347,7.27301e+07,7.26886e+07,3672,18,89,62,120,58,0,1951,1588,133
155.946,1,10967040,windows,0,4.24794e+06,4.24753e+06,1006,0,0,0,0,0,0,683,309,14
155.999,0,10994688,repair,198,6.25172e+07,6.25035e+07,3558,12,44,36,67,39,0,1997,1436,125
156.2,1,10987520,windows,0,2.96962e+06,2.96917e+06,851,0,0,0,0,0,0,587,249,15
156.252,0,11019264,repair,123,4.8562e+07,4.8562e+07,3155,7,19,12,54,31,0,1800,1258,97
156.453,1,11005952,windows,0,2.13635e+06,2.13339e+06,729,0,0,0,0,0,0,516,200,13
156.508,0,11043840,repair,54,4.17993e+07,4.17908e+07,2927,4,11,7,18,14,0,1695,1167,65
156.717,1,11024384,windows,0,1.4978e+06,1.49751e+06,603,0,0,0,0,0,0,415,178,10
156.76,0,11067392,repair,19,3.0623e+07,3.06033e+07,2541,0,4,5,8,2,0,1488,985,68
156.967,1,11041792,windows,0,1.10486e+06,1.10003e+06,519,0,0,0,0,0,0,356,153,10
157.019,0,11090944,repair,1,2.35052e+07,2.348e+07,2256,0,0,0,0,1,0,1362,841,53
157.225,1,11060224,windows,0,800395,797638,442,0,0,0,0,0,0,307,128,7
157.274,0,11111424,windows,0,1.36432e+07,1.36374e+07,1781,0,0,0,0,0,0,1152,590,39
157.479,1,11078656,windows,0,607520,605909,390,0,0,0,0,0,0,276,106,8
157.532,0,11131904,windows,0,8.79718e+06,8.79127e+06,1459,0,0,0,0,0,0,980,445,34
157.729,1,11097088,windows,0,421355,420291,320,0,0,0,0,0,0,213,98,9
157.79,0,11152384,windows,0,5.87701e+06,5.87701e+06,1183,0,0,0,0,0,0,782,374,27
157.988,1,11117568,windows,0,283355,281598,264,0,0,0,0,0,0,179,78,7
158.048,0,11171840,windows,0,3.94477e+06,3.94415e+06,964,0,0,0,0,0,0,632,311,21
158.244,1,11136000,windows,0,209480,208641,232,0,0,0,0,0,0,168,58,6
158.299,0,11191296,windows,0,2.85389e+06,2.85389e+06,827,0,0,0,0,0,0,558,254,15
158.502,1,11154432,windows,0,162665,162492,202,0,0,0,0,0,0,139,57,6
158.557,0,11211776,windows,0,2.04509e+06,2.0411e+06,711,0,0,0,0,0,0,498,200,13
158.752,1,11172864,windows,0,113480,113308,166,0,0,0,0,0,0,108,52,6
158.808,0,11231232,windows,0,1.46818e+06,1.46575e+06,601,0,0,0,0,0,0,416,173,12
159.007,1,11192320,windows,0,89495,89495,151,0,0,0,0,0,0,105,41,5
159.058,0,11251712,windows,0,963625,958854,482,0,0,0,0,0,0,329,145,8
159.265,1,11211776,windows,0,72215,71781.2,133,0,0,0,0,0,0,87,41,5
159.313,0,11271168,windows,0,703730,701999,419,0,0,0,0,0,0,294,116,9
159.525,1,11230208,windows,0,61750,61750,124,0,0,0,0,0,0,82,37,5
159.565,0,11289600,windows,0,570460,568799,382,0,0,0,0,0,0,274,98,10
159.788,1,11249664,windows,0,43775,43431.2,105,0,0,0,0,0,0,69,31,5
159.833,0,11309056,windows,0,409925,407938,321,0,0,0,0,0,0,225,88,8
160.04,1,11269120,windows,0,38605,38050,99,0,0,0,0,0,0,67,28,4
160.09,0,11329536,windows,0,311330,310159,279,0,0,0,0,0,0,194,78,7
160.29,1,11288576,windows,0,33935,33792.5,93,0,0,0,0,0,0,61,27,5
160.341,0,11348992,windows,0,232815,231238,241,0,0,0,0,0,0,165,69,7
160.548,1,11308032,windows,0,33815,33097.5,91,0,0,0,0,0,0,57,29,5
160.605,0,11369472,windows,0,192770,192568,222,0,0,0,0,0,0,156,59,7
160.806,1,11327488,windows,0,27095,26356.2,83,0,0,0,0,0,0,57,23,3
160.861,0,11389952,windows,0,137935,136758,189,0,0,0,0,0,0,133,49,7
161.069,1,11346944,windows,0,25910,25538.8,82,0,0,0,0,0,0,58,21,3
161.12,0,11410432,windows,0,107255,106499,165,0,0,0,0,0,0,111,47,7
161.326,1,11365376,windows,0,23800,23405,78,0,0,0,0,0,0,56,20,2
161.375,0,11429888,windows,0,84770,84078.8,147,0,0,0,0,0,0,98,42,7
161.583,1,11382784,windows,0,22165,21770,75,0,0,0,0,0,0,53,20,2
161.634,0,11449344,windows,0,67090,66488.8,128,0,0,0,0,0,0,80,41,7
161.842,1,11402240,windows,0,19640,19006.2,70,0,0,0,0,0,0,48,20,2
161.891,0,11469824,windows,0,56975,56037.5,119,0,0,0,0,0,0,75,37,7
162.1,1,11420672,windows,0,18385,18151.2,68,0,0,0,0,0,0,47,19,2
162.154,0,11490304,windows,0,49090,48538.8,111,0,0,0,0,0,0,70,34,7
162.361,1,11440128,windows,0,17375,17000,65,0,0,0,0,0,0,45,19,1
162.415,0,11510784,windows,0,45715,44513.8,106,0,0,0,0,0,0,65,34,7
162.621,1,11458560,windows,0,15330,15330,61,0,0,0,0,0,0,42,18,1
162.669,0,11529216,windows,0,36935,36117.5,95,0,0,0,0,0,0,57,31,7
162.875,1,11474944,windows,0,14630,14630,60,0,0,0,0,0,0,42,17,1
162.919,0,11546624,windows,0,33395,32908.8,92,0,0,0,0,0,0,57,28,7
163.141,1,11492352,windows,0,13415,13415,57,0,0,0,0,0,0,39,17,1
163.173,0,11563008,windows,0,31730,31258.8,89,0,0,0,0,0,0,54,28,7
163.396,1,11511808,windows,0,12655,12655,55,0,0,0,0,0,0,37,17,1
163.438,0,11578368,windows,0,26605,26361.2,81,0,0,0,0,0,0,49,26,6
163.659,1,11530240,windows,0,12655,12655,55,0,0,0,0,0,0,37,17,1
163.692,0,11594752,windows,0,26605,26361.2,81,0,0,0,0,0,0,49,26,6
163.91,1,11546624,windows,0,11995,11680,54,0,0,0,0,0,0,37,16,1
163.954,0,11612160,windows,0,23260,22546.2,75,0,0,0,0,0,0,44,25,6
164.17,1,11564032,windows,0,11630,11630,53,0,0,0,0,0,0,36,16,1
164.208,0,11629568,windows,0,21985,21490,72,0,0,0,0,0,0,41,25,6
164.431,1,11581440,windows,0,10930,10930,51,0,0,0,0,0,0,34,16,1
164.467,0,11646976,windows,0,21580,21085,71,0,0,0,0,0,0,40,25,6
164.691,1,11599872,windows,0,10930,10930,51,0,0,0,0,0,0,34,16,1
164.722,0,11663360,windows,0,20065,20065,70,0,0,0,0,0,0,41,23,6
164.953,1,11621376,windows,0,10595,10280,50,0,0,0,0,0,0,33,16,1
164.979,0,11681792,windows,0,19080,18426.2,66,0,0,0,0,0,0,36,24,6
165.21,1,11641856,windows,0,10310,9846.25,50,0,0,0,0,0,0,34,15,1
165.241,0,11703296,windows,0,19080,18426.2,66,0,0,0,0,0,0,36,24,6
165.461,1,11662336,windows,0,10270,9955,49,0,0,0,0,0,0,32,16,1
165.497,0,11724800,windows,0,18380,17736.2,64,0,0,0,0,0,0,34,24,6
165.715,1,11680768,windows,0,9955,9640,48,0,0,0,0,0,0,31,16,1
165.749,0,11744256,windows,0,17785,17611.2,64,0,0,0,0,0,0,35,23,6
165.975,1,11697152,windows,0,9650,9650,48,0,0,0,0,0,0,32,15,1
166,0,11759616,windows,0,17720,17245,62,0,0,0,0,0,0,32,24,6
166.234,1,11713536,windows,0,9650,9650,48,0,0,0,0,0,0,32,15,1
166.252,0,11776000,windows,0,17405,17405,61,0,0,0,0,0,0,31,24,6
166.494,1,11729920,windows,0,9335,9040,47,0,0,0,0,0,0,31,15,1
166.508,0,11792384,windows,0,17100,17100,60,0,0,0,0,0,0,30,24,6
166.749,1,11746304,windows,0,9335,9040,47,0,0,0,0,0,0,31,15,1
166.76,0,11808768,windows,0,16805,16805,59,0,0,0,0,0,0,29,24,6
167.008,1,11762688,windows,0,8735,8296.25,45,0,0,0,0,0,0,29,15,1
167.023,0,11825152,windows,0,16805,16805,59,0,0,0,0,0,0,29,24,6
167.266,1,11780096,windows,0,8735,8296.25,45,0,0,0,0,0,0,29,15,1
167.276,0,11841536,windows,0,16805,16805,59,0,0,0,0,0,0,29,24,6
167.526,1,11796480,windows,0,8450,8016.25,44,0,0,0,0,0,0,28,15,1
167.535,0,11857920,windows,0,15865,15721.2,58,0,0,0,0,0,0,29,23,6
167.782,1,11812864,windows,0,8175,7880,43,0,0,0,0,0,0,27,15,1
167.798,0,11875328,windows,0,15580,15441.2,57,0,0,0,0,0,0,28,23,6
168.038,1,11829248,windows,0,8175,7880,43,0,0,0,0,0,0,27,15,1
168.06,0,11892736,windows,0,14785,14785,54,0,0,0,0,0,0,25,23,6
168.308,1,11846656,windows,0,7910,7781.25,42,0,0,0,0,0,0,26,15,1
168.318,0,11913216,windows,0,14075,14075,54,0,0,0,0,0,0,27,22,5
168.567,1,11863040,windows,0,7910,7781.25,42,0,0,0,0,0,0,26,15,1
168.579,0,11929600,windows,0,13810,13810,53,0,0,0,0,0,0,26,22,5
168.833,0,11945984,windows,0,13810,13810,53,0,0,0,0,0,0,26,22,5
168.833,1,11880448,windows,0,7655,7236.25,41,0,0,0,0,0,0,25,15,1
169.083,1,11896832,windows,0,7655,7236.25,41,0,0,0,0,0,0,25,15,1
169.092,0,11962368,windows,0,12950,12821.2,52,0,0,0,0,0,0,26,21,5
169.343,1,11912192,windows,0,7410,6996.25,40,0,0,0,0,0,0,24,15,1
169.352,0,11982848,windows,0,12695,12156.2,51,0,0,0,0,0,0,25,21,5
169.597,1,11928576,windows,0,7175,6880,39,0,0,0,0,0,0,23,15,1
169.619,0,12001280,windows,0,10825,10450,48,0,0,0,0,0,0,25,19,4
169.856,1,11944960,windows,0,7175,6880,39,0,0,0,0,0,0,23,15,1
169.885,0,12016640,windows,0,10605,10250,49,0,0,0,0,0,0,27,18,4
170.111,1,11961344,windows,0,7175,6880,39,0,0,0,0,0,0,23,15,1
170.141,0,12033024,windows,0,9905,9905,48,0,0,0,0,0,0,27,17,4
170.378,1,11977728,windows,0,7175,6880,39,0,0,0,0,0,0,23,15,1
170.392,0,12049408,windows,0,9640,9640,47,0,0,0,0,0,0,26,17,4
170.628,1,11993088,windows,0,7175,6880,39,0,0,0,0,0,0,23,15,1
170.642,0,12064768,windows,0,8980,8980,46,0,0,0,0,0,0,26,16,4
170.879,1,12009472,windows,0,2720,2661.25,22,0,0,0,0,0,0,12,10,0
170.893,0,12080128,windows,0,8725,8725,45,0,0,0,0,0,0,25,16,4
171.148,0,12096512,windows,0,8480,8480,44,0,0,0,0,0,0,24,16,4
171.149,1,12026880,windows,0,2720,2661.25,22,0,0,0,0,0,0,12,10,0
171.41,1,12044288,windows,0,2720,2661.25,22,0,0,0,0,0,0,12,10,0
171.417,0,12112896,windows,0,8245,8245,43,0,0,0,0,0,0,23,16,4
171.667,1,12061696,windows,0,2720,2661.25,22,0,0,0,0,0,0,12,10,0
171.668,0,12129280,windows,0,8020,8020,42,0,0,0,0,0,0,22,16,4
171.919,0,12146688,windows,0,7805,7805,41,0,0,0,0,0,0,21,16,4
171.923,1,12079104,windows,0,2720,2661.25,22,0,0,0,0,0,0,12,10,0
172.174,0,12162048,windows,0,7600,7600,40,0,0,0,0,0,0,20,16,4
172.175,1,12096512,windows,0,2720,2661.25,22,0,0,0,0,0,0,12,10,0
172.429,1,12112896,windows,0,2720,2661.25,22,0,0,0,0,0,0,12,10,0
172.434,0,12178432,windows,0,7600,7600,40,0,0,0,0,0,0,20,16,4
172.681,1,12129280,windows,0,2720,2661.25,22,0,0,0,0,0,0,12,10,0
172.697,0,12194816,windows,0,7405,7405,39,0,0,0,0,0,0,19,16,4
172.938,1,12145664,windows,0,2720,2661.25,22,0,0,0,0,0,0,12,10,0
172.948,0,12211200,windows,0,7405,7405,39,0,0,0,0,0,0,19,16,4
173.202,1,12164096,windows,0,2720,2661.25,22,0,0,0,0,0,0,12,10,0
173.209,0,12231680,windows,0,7405,7405,39,0,0,0,0,0,0,19,16,4
173.46,0,12251136,windows,0,7405,7405,39,0,0,0,0,0,0,19,16,4
173.463,1,12181504,windows,0,2720,2661.25,22,0,0,0,0,0,0,12,10,0
173.714,1,12198912,windows,0,2720,2661.25,22,0,0,0,0,0,0,12,10,0
173.723,0,12270592,windows,0,7045,7045,37,0,0,0,0,0,0,17,16,4
173.979,1,12219392,windows,0,2720,2661.25,22,0,0,0,0,0,0,12,10,0
173.98,0,12289024,windows,0,7045,7045,37,0,0,0,0,0,0,17,16,4
174.238,0,12307456,windows,0,7045,7045,37,0,0,0,0,0,0,17,16,4
174.244,1,12237824,windows,0,2720,2661.25,22,0,0,0,0,0,0,12,10,0
174.499,1,12255232,windows,0,2720,2661.25,22,0,0,0,0,0,0,12,10,0
174.501,0,12324864,windows,0,7045,7045,37,0,0,0,0,0,0,17,16,4
174.755,0,12342272,windows,0,7045,7045,37,0,0,0,0,0,0,17,16,4
174.76,1,12273664,windows,0,2720,2661.25,22,0,0,0,0,0,0,12,10,0
175.006,0,12361728,windows,0,2720,2661.25,22,0,0,0,0,0,0,12,10,0
175.023,1,12292096,windows,0,2720,2661.25,22,0,0,0,0,0,0,12,10,0
175.264,0,12383232,windows,0,2720,2661.25,22,0,0,0,0,0,0,12,10,0
175.277,1,12310528,windows,0,2720,2661.25,22,0,0,0,0,0,0,12,10,0
175.522,0,12405760,windows,0,2720,2661.25,22,0,0,0,0,0,0,12,10,0
175.529,1,12326912,windows,0,2720,2661.25,22,0,0,0,0,0,0,12,10,0
175.778,0,12427264,windows,0,2720,2661.25,22,0,0,0,0,0,0,12,10,0
175.789,1,12342272,windows,0,2720,2661.25,22,0,0,0,0,0,0,12,10,0
176.04,0,12447744,windows,0,2720,2661.25,22,0,0,0,0,0,0,12,10,0
176.046,1,12358656,windows,0,2720,2661.25,22,0,0,0,0,0,0,12,10,0
176.294,0,12468224,windows,0,2720,2661.25,22,0,0,0,0,0,0,12,10,0
176.304,1,12376064,windows,0,2720,2661.25,22,0,0,0,0,0,0,12,10,0
176.548,0,12487680,windows,0,2720,2661.25,22,0,0,0,0,0,0,12,10,0
176.568,1,12393472,windows,0,2720,2661.25,22,0,0,0,0,0,0,12,10,0
176.806,0,12509184,windows,0,2720,2661.25,22,0,0,0,0,0,0,12,10,0
176.829,1,12410880,windows,0,2720,2661.25,22,0,0,0,0,0,0,12,10,0
177.063,0,12528640,windows,0,2720,2661.25,22,0,0,0,0,0,0,12,10,0
177.081,1,12430336,windows,0,2720,2661.25,22,0,0,0,0,0,0,12,10,0
177.314,0,12548096,repair,0,2720,2661.25,22,0,0,0,0,0,0,12,10,0
177.334,1,12449792,windows,0,2720,2661.25,22,0,0,0,0,0,0,12,10,0
177.567,0,12567552,repair,0,2720,2661.25,22,0,0,0,0,0,0,12,10,0
177.586,1,12470272,windows,0,2720,2661.25,22,0,0,0,0,0,0,12,10,0
177.821,0,12588032,windows,0,2720,2661.25,22,0,0,0,0,0,0,12,10,0
177.844,1,12491776,windows,0,2720,2661.25,22,0,0,0,0,0,0,12,10,0
178.082,0,12609536,windows,0,2720,2661.25,22,0,0,0,0,0,0,12,10,0
178.108,1,12510208,windows,0,2720,2661.25,22,0,0,0,0,0,0,12,10,0
178.339,0,12628992,windows,0,2720,2661.25,22,0,0,0,0,0,0,12,10,0
178.368,1,12531712,windows,0,2720,2661.25,22,0,0,0,0,0,0,12,10,0
178.596,0,12649472,windows,0,2720,2661.25,22,0,0,0,0,0,0,12,10,0
178.621,1,12554240,repair,0,2720,2661.25,22,0,0,0,0,0,0,12,10,0
178.848,0,12666880,windows,0,2720,2661.25,22,0,0,0,0,0,0,12,10,0
178.877,1,12576768,windows,0,2720,2661.25,22,0,0,0,0,0,0,12,10,0
179.109,0,12684288,windows,0,2720,2661.25,22,0,0,0,0,0,0,12,10,0
179.135,1,12598272,windows,0,2720,2661.25,22,0,0,0,0,0,0,12,10,0
179.366,0,12699648,windows,0,2720,2661.25,22,0,0,0,0,0,0,12,10,0
179.394,1,12619776,windows,0,2720,2661.25,22,0,0,0,0,0,0,12,10,0
179.617,0,12719104,windows,0,2720,2661.25,22,0,0,0,0,0,0,12,10,0
179.651,1,12640256,windows,0,2720,2661.25,22,0,0,0,0,0,0,12,10,0
179.871,0,12739584,windows,0,2720,2661.25,22,0,0,0,0,0,0,12,10,0
179.91,1,12659712,windows,0,2720,2661.25,22,0,0,0,0,0,0,12,10,0
180.133,0,12759040,repair,0,2720,2661.25,22,0,0,0,0,0,0,12,10,0
180.167,1,12678144,windows,0,2720,2661.25,22,0,0,0,0,0,0,12,10,0
180.389,0,12779520,windows,0,2720,2661.25,22,0,0,0,0,0,0,12,10,0
180.42,1,12696576,windows,0,2720,2661.25,22,0,0,0,0,0,0,12,10,0
180.652,0,12798976,windows,0,2720,2661.25,22,0,0,0,0,0,0,12,10,0
180.683,1,12715008,windows,0,2720,2661.25,22,0,0,0,0,0,0,12,10,0
180.908,0,12816384,windows,0,2720,2661.25,22,0,0,0,0,0,0,12,10,0
180.945,1,12734464,windows,0,2720,2661.25,22,0,0,0,0,0,0,12,10,0
181.169,0,12833792,windows,0,2720,2661.25,22,0,0,0,0,0,0,12,10,0
181.206,1,12753920,windows,0,2720,2661.25,22,0,0,0,0,0,0,12,10,0
181.427,0,12850176,windows,0,2720,2661.25,22,0,0,0,0,0,0,12,10,0
181.472,1,12772352,windows,0,2720,2661.25,22,0,0,0,0,0,0,12,10,0
181.685,0,12866560,windows,0,2720,2661.25,22,0,0,0,0,0,0,12,10,0
181.726,1,12791808,repair,0,2720,2661.25,22,0,0,0,0,0,0,12,10,0
181.943,0,12882944,windows,0,2720,2661.25,22,0,0,0,0,0,0,12,10,0
181.989,1,12811264,windows,0,2720,2661.25,22,0,0,0,0,0,0,12,10,0
182.2,0,12899328,windows,0,2720,2661.25,22,0,0,0,0,0,0,12,10,0
182.241,1,12830720,windows,0,2720,2661.25,22,0,0,0,0,0,0,12,10,0
182.459,0,12915712,windows,0,2720,2661.25,22,0,0,0,0,0,0,12,10,0
182.501,1,12850176,windows,0,2720,2661.25,22,0,0,0,0,0,0,12,10,0
182.71,0,12932096,windows,0,2720,2661.25,22,0,0,0,0,0,0,12,10,0
182.761,1,12869632,windows,0,2720,2661.25,22,0,0,0,0,0,0,12,10,0
182.969,0,12949504,windows,0,2720,2661.25,22,0,0,0,0,0,0,12,10,0
183.024,1,12889088,windows,0,2720,2661.25,22,0,0,0,0,0,0,12,10,0
183.233,0,12966912,windows,0,2720,2661.25,22,0,0,0,0,0,0,12,10,0
183.275,1,12908544,windows,0,2720,2661.25,22,0,0,0,0,0,0,12,10,0
183.483,0,12983296,windows,0,2720,2661.25,22,0,0,0,0,0,0,12,10,0
183.534,1,12929024,windows,0,2720,2661.25,22,0,0,0,0,0,0,12,10,0
183.744,0,13001728,windows,0,2720,2661.25,22,0,0,0,0,0,0,12,10,0
183.785,1,12949504,windows,0,2720,2661.25,22,0,0,0,0,0,0,12,10,0
184.01,0,13019136,windows,0,2720,2661.25,22,0,0,0,0,0,0,12,10,0
184.041,1,12969984,windows,0,2720,2661.25,22,0,0,0,0,0,0,12,10,0
184.263,0,13035520,windows,0,2720,2661.25,22,0,0,0,0,0,0,12,10,0
184.293,1,12990464,repair,0,2720,2661.25,22,0,0,0,0,0,0,12,10,0
184.521,0,13050880,windows,0,2720,2661.25,22,0,0,0,0,0,0,12,10,0
184.548,1,13011968,windows,0,2720,2661.25,22,0,0,0,0,0,0,12,10,0
184.777,0,13067264,windows,0,2720,2661.25,22,0,0,0,0,0,0,12,10,0
184.802,1,13032448,windows,0,2720,2661.25,22,0,0,0,0,0,0,12,10,0
185.034,0,13084672,windows,0,2720,2661.25,22,0,0,0,0,0,0,12,10,0
185.06,1,13051904,windows,0,2720,2661.25,22,0,0,0,0,0,0,12,10,0
185.285,0,13104128,windows,0,2720,2661.25,22,0,0,0,0,0,0,12,10,0
185.311,1,13070336,windows,0,2720,2661.25,22,0,0,0,0,0,0,12,10,0
185.539,0,13122560,windows,0,2720,2661.25,22,0,0,0,0,0,0,12,10,0
185.569,1,13090816,windows,0,2720,2661.25,22,0,0,0,0,0,0,12,10,0
185.794,0,13139968,windows,0,2720,2661.25,22,0,0,0,0,0,0,12,10,0
185.825,1,13108224,windows,0,2720,2661.25,22,0,0,0,0,0,0,12,10,0
186.055,0,13158400,windows,0,2720,2661.25,22,0,0,0,0,0,0,12,10,0
186.09,1,13127680,windows,0,2720,2661.25,22,0,0,0,0,0,0,12,10,0
186.31,0,13175808,windows,0,2720,2661.25,22,0,0,0,0,0,0,12,10,0
186.349,1,13148160,windows,0,2720,2661.25,22,0,0,0,0,0,0,12,10,0
186.569,0,13194240,repair,0,2720,2661.25,22,0,0,0,0,0,0,12,10,0
186.607,1,13169664,windows,0,2720,2661.25,22,0,0,0,0,0,0,12,10,0
186.831,0,13213696,repair,0,2720,2661.25,22,0,0,0,0,0,0,12,10,0
186.857,1,13191168,windows,0,2720,2661.25,22,0,0,0,0,0,0,12,10,0
187.095,0,13232128,windows,0,2720,2661.25,22,0,0,0,0,0,0,12,10,0
187.113,1,13212672,windows,0,2720,2661.25,22,0,0,0,0,0,0,12,10,0
187.36,0,13249536,windows,0,2720,2661.25,22,0,0,0,0,0,0,12,10,0
187.371,1,13232128,repair,370,6.01648e+07,6.01367e+07,3388,21,67,77,130,75,0,1862,1403,123
187.623,0,13265920,windows,0,2720,2661.25,22,0,0,0,0,0,0,12,10,0
187.628,1,13257728,repair,220,5.37104e+07,5.37104e+07,3256,8,45,37,87,43,0,1801,1340,115
187.876,0,13282304,windows,0,2720,2661.25,22,0,0,0,0,0,0,12,10,0
187.878,1,13280256,repair,133,5.05855e+07,5.05764e+07,3216,8,22,23,56,24,0,1836,1285,95
188.133,0,13298688,windows,0,2720,2661.25,22,0,0,0,0,0,0,12,10,0
188.135,1,13302784,repair,71,3.87045e+07,3.868e+07,2878,2,10,11,33,15,0,1697,1094,87
188.388,0,13313024,windows,0,2720,2661.25,22,0,0,0,0,0,0,12,10,0
188.394,1,13325312,repair,24,3.64769e+07,3.64688e+07,2766,1,3,5,11,4,0,1610,1080,76
188.647,1,13346816,repair,8,2.66082e+07,2.66003e+07,2468,0,1,0,6,1,0,1573,841,54
188.65,0,13330432,windows,0,2720,2661.25,22,0,0,0,0,0,0,12,10,0
188.905,0,13347840,windows,0,2720,2661.25,22,0,0,0,0,0,0,12,10,0
188.907,1,13370368,repair,1,1.792e+07,1.79135e+07,2029,0,0,1,0,0,0,1293,689,47
189.164,0,13365248,windows,0,2720,2661.25,22,0,0,0,0,0,0,12,10,0
189.168,1,13388800,windows,0,1.30009e+07,1.29898e+07,1757,0,0,0,0,0,0,1160,558,39
189.419,1,13405184,windows,0,9.47722e+06,9.47232e+06,1501,0,0,0,0,0,0,980,481,40
189.428,0,13382656,windows,0,2720,2661.25,22,0,0,0,0,0,0,12,10,0
189.68,0,13399040,windows,0,2720,2661.25,22,0,0,0,0,0,0,12,10,0
189.681,1,13421568,windows,0,6.7782e+06,6.7782e+06,1289,0,0,0,0,0,0,879,380,30
189.944,0,13415424,windows,0,2720,2661.25,22,0,0,0,0,0,0,12,10,0
189.949,1,13436928,windows,0,4.8823e+06,4.87866e+06,1087,0,0,0,0,0,0,727,333,27
190.206,0,13432832,windows,0,2720,2661.25,22,0,0,0,0,0,0,12,10,0
190.21,1,13452288,windows,0,3.68064e+06,3.67677e+06,946,0,0,0,0,0,0,637,286,23
190.462,1,13467648,windows,0,2.8781e+06,2.87238e+06,827,0,0,0,0,0,0,549,261,17
190.467,0,13450240,windows,0,2720,2661.25,22,0,0,0,0,0,0,12,10,0
190.722,1,13485056,windows,0,2.1856e+06,2.18082e+06,723,0,0,0,0,0,0,489,222,12
190.728,0,13467648,windows,0,2720,2661.25,22,0,0,0,0,0,0,12,10,0
190.974,1,13503488,windows,0,1.50612e+06,1.50228e+06,605,0,0,0,0,0,0,417,178,10
190.991,0,13485056,windows,0,2720,2661.25,22,0,0,0,0,0,0,12,10,0
191.228,1,13521920,windows,0,1.09518e+06,1.09015e+06,516,0,0,0,0,0,0,357,151,8
191.248,0,13503488,windows,0,2720,2661.25,22,0,0,0,0,0,0,12,10,0
191.482,1,13540352,windows,0,813855,811989,449,0,0,0,0,0,0,309,129,11
191.513,0,13521920,windows,0,2720,2661.25,22,0,0,0,0,0,0,12,10,0
191.746,1,13556736,windows,0,623510,619906,394,0,0,0,0,0,0,270,113,11
191.765,0,13538304,windows,0,2720,2661.25,22,0,0,0,0,0,0,12,10,0
192.001,1,13572096,windows,0,469010,467619,341,0,0,0,0,0,0,238,96,7
192.023,0,13555712,windows,0,2720,2661.25,22,0,0,0,0,0,0,12,10,0
192.258,1,13587456,windows,0,359870,359870,301,0,0,0,0,0,0,208,84,9
192.276,0,13572096,windows,0,2720,2661.25,22,0,0,0,0,0,0,12,10,0
192.529,1,13602816,windows,0,289510,288299,272,0,0,0,0,0,0,190,73,9
192.534,0,13588480,windows,0,2720,2661.25,22,0,0,0,0,0,0,12,10,0
192.79,1,13619200,windows,0,213170,212069,236,0,0,0,0,0,0,168,59,9
192.796,0,13604864,windows,0,2720,2661.25,22,0,0,0,0,0,0,12,10,0
193.047,0,13621248,windows,0,2720,2661.25,22,0,0,0,0,0,0,12,10,0
193.055,1,13635584,windows,0,167545,166589,208,0,0,0,0,0,0,145,55,8
193.3,0,13638656,windows,0,2720,2661.25,22,0,0,0,0,0,0,12,10,0
193.32,1,13650944,windows,0,126695,125680,179,0,0,0,0,0,0,121,51,7
193.558,0,13656064,windows,0,2720,2661.25,22,0,0,0,0,0,0,12,10,0
193.573,1,13666304,windows,0,101720,101181,160,0,0,0,0,0,0,108,46,6
193.808,0,13670400,repair,357,6.5238e+07,6.52344e+07,3517,35,81,56,114,71,0,1922,1476,119
193.835,1,13681664,windows,0,86965,86732.5,151,0,0,0,0,0,0,103,40,8
194.067,0,13688832,repair,241,6.17739e+07,6.17326e+07,3489,17,41,48,83,52,0,1960,1432,97
194.09,1,13697024,windows,0,78370,78167.5,143,0,0,0,0,0,0,98,38,7
194.327,0,13707264,repair,166,5.24777e+07,5.24479e+07,3223,5,26,35,63,37,0,1783,1334,106
194.343,1,13711360,windows,0,68290,68087.5,134,0,0,0,0,0,0,92,35,7
194.588,0,13725696,repair,115,4.10318e+07,4.10006e+07,2937,4,18,14,53,26,0,1718,1133,86
194.608,1,13727744,windows,0,51505,51505,116,0,0,0,0,0,0,79,31,6
194.842,0,13744128,repair,58,4.1296e+07,4.1296e+07,2906,1,6,11,21,19,0,1667,1165,74
194.861,1,13743104,windows,0,49105,48136.2,114,0,0,0,0,0,0,79,29,6
195.099,0,13763584,repair,24,3.66668e+07,3.66587e+07,2774,1,8,1,9,5,0,1623,1080,71
195.116,1,13759488,windows,0,46405,45466.2,111,0,0,0,0,0,0,77,28,6
195.361,0,13783040,repair,5,3.0159e+07,3.0159e+07,2524,0,0,1,3,1,0,1491,973,60
195.375,1,13774848,windows,0,43820,42886.2,107,0,0,0,0,0,0,72,29,6
195.623,0,13801472,windows,0,1.93797e+07,1.93729e+07,2115,0,0,0,0,0,0,1366,707,42
195.627,1,13790208,windows,0,41250,40715,104,0,0,0,0,0,0,72,27,5
195.881,0,13818880,windows,0,1.28245e+07,1.28191e+07,1701,0,0,0,0,0,0,1085,588,28
195.893,1,13806592,windows,0,36770,36315,98,0,0,0,0,0,0,72,23,3
196.134,0,13835264,windows,0,8.86116e+06,8.86027e+06,1453,0,0,0,0,0,0,967,456,30
196.159,1,13822976,windows,0,33295,33295,93,0,0,0,0,0,0,67,23,3
196.399,0,13851648,windows,0,6.45954e+06,6.45548e+06,1233,0,0,0,0,0,0,811,397,25
196.418,1,13839360,windows,0,30430,30430,89,0,0,0,0,0,0,64,22,3
196.666,0,13868032,windows,0,4.51877e+06,4.51145e+06,1033,0,0,0,0,0,0,678,332,23
196.671,1,13857792,windows,0,28555,28120,86,0,0,0,0,0,0,61,22,3
196.917,0,13884416,windows,0,3.27456e+06,3.27411e+06,894,0,0,0,0,0,0,619,260,15
196.927,1,13876224,windows,0,26770,26335,83,0,0,0,0,0,0,58,22,3
197.176,0,13900800,windows,0,2.49266e+06,2.49219e+06,778,0,0,0,0,0,0,529,233,16
197.184,1,13892608,windows,0,25975,25246.2,81,0,0,0,0,0,0,55,23,3
197.442,0,13917184,windows,0,1.90488e+06,1.90088e+06,682,0,0,0,0,0,0,469,200,13
197.442,1,13911040,windows,0,22805,22551.2,75,0,0,0,0,0,0,51,22,2
197.698,0,13932544,windows,0,1.4708e+06,1.46481e+06,595,0,0,0,0,0,0,401,182,12
197.7,1,13930496,windows,0,21440,21440,73,0,0,0,0,0,0,50,21,2
197.954,0,13947904,windows,0,1.03365e+06,1.03174e+06,495,0,0,0,0,0,0,330,156,9
197.958,1,13950976,windows,0,20460,20460,71,0,0,0,0,0,0,48,21,2
198.211,1,13972480,windows,0,20380,19945,70,0,0,0,0,0,0,46,22,2
198.22,0,13964288,windows,0,768190,768190,433,0,0,0,0,0,0,296,128,9
198.464,1,13992960,windows,0,19045,18610,67,0,0,0,0,0,0,43,22,2
198.484,0,13979648,windows,0,602770,600295,375,0,0,0,0,0,0,242,124,9
198.724,1,14013440,windows,0,17760,17760,65,0,0,0,0,0,0,42,21,2
198.742,0,13995008,windows,0,494815,494815,347,0,0,0,0,0,0,229,107,11
198.985,1,14033920,windows,0,16940,16940,63,0,0,0,0,0,0,40,21,2
198.995,0,14009344,windows,0,359345,358099,298,0,0,0,0,0,0,203,87,8
199.238,1,14054400,windows,0,14945,14945,60,0,0,0,0,0,0,39,19,2
199.25,0,14023680,windows,0,274690,273032,259,0,0,0,0,0,0,178,76,5
199.489,1,14072832,windows,0,14185,13626.2,58,0,0,0,0,0,0,37,19,2
199.505,0,14038016,windows,0,220060,219069,235,0,0,0,0,0,0,164,65,6
199.741,1,14091264,windows,0,13080,13080,56,0,0,0,0,0,0,36,18,2
199.758,0,14053376,windows,0,179535,178280,209,0,0,0,0,0,0,141,63,5
199.999,1,14110720,windows,0,12380,12211.2,54,0,0,0,0,0,0,34,18,2
200.012,0,14068736,windows,0,141895,141261,187,0,0,0,0,0,0,127,55,5
200.252,1,14131200,windows,0,12380,12211.2,54,0,0,0,0,0,0,34,18,2
200.274,0,14085120,windows,0,104225,102554,160,0,0,0,0,0,0,105,49,6
200.51,1,14152704,windows,0,11345,10846.2,52,0,0,0,0,0,0,33,17,2
200.528,0,14100480,windows,0,84825,84652.5,144,0,0,0,0,0,0,93,45,6
200.767,1,14174208,windows,0,11020,10685,51,0,0,0,0,0,0,32,17,2
200.782,0,14114816,windows,0,71800,71188.8,134,0,0,0,0,0,0,88,40,6
201.023,1,14194688,windows,0,10360,10201.2,50,0,0,0,0,0,0,32,16,2
201.032,0,14130176,windows,0,65120,64947.5,127,0,0,0,0,0,0,82,39,6
201.284,1,14216192,windows,0,9740,9591.25,48,0,0,0,0,0,0,30,16,2
201.286,0,14145536,windows,0,58880,57583.8,121,0,0,0,0,0,0,78,37,6
201.537,1,14235648,windows,0,9740,9591.25,48,0,0,0,0,0,0,30,16,2
201.556,0,14158848,windows,0,50515,50008.8,112,0,0,0,0,0,0,73,34,5
201.79,1,14256128,windows,0,9445,9445,47,0,0,0,0,0,0,29,16,2
201.808,0,14174208,windows,0,46130,45618.8,109,0,0,0,0,0,0,74,30,5
202.04,1,14275584,windows,0,9160,9160,46,0,0,0,0,0,0,28,16,2
202.065,0,14190592,windows,0,42355,41253.8,102,0,0,0,0,0,0,65,32,5
202.293,1,14295040,windows,0,9160,9160,46,0,0,0,0,0,0,28,16,2
202.324,0,14205952,windows,0,39815,39358.8,99,0,0,0,0,0,0,63,31,5
202.554,1,14314496,windows,0,9160,9160,46,0,0,0,0,0,0,28,16,2
202.58,0,14221312,windows,0,36275,36132.5,96,0,0,0,0,0,0,63,28,5
202.808,1,14333952,windows,0,9160,9160,46,0,0,0,0,0,0,28,16,2
202.833,0,14236672,windows,0,29675,29057.5,88,0,0,0,0,0,0,59,24,5
203.062,1,14353408,windows,0,9160,9160,46,0,0,0,0,0,0,28,16,2
203.095,0,14253056,windows,0,25750,25607.5,80,0,0,0,0,0,0,50,25,5
203.322,1,14372864,windows,0,9160,9160,46,0,0,0,0,0,0,28,16,2
203.362,0,14268416,windows,0,25750,25607.5,80,0,0,0,0,0,0,50,25,5
203.576,1,14390272,windows,0,9160,9160,46,0,0,0,0,0,0,28,16,2
203.619,0,14283776,windows,0,23795,23320,76,0,0,0,0,0,0,49,24,3
203.83,1,14409728,windows,0,9160,9160,46,0,0,0,0,0,0,28,16,2
203.884,0,14300160,windows,0,21095,21095,73,0,0,0,0,0,0,49,21,3
204.081,1,14430208,windows,0,8735,8591.25,45,0,0,0,0,0,0,29,15,1
204.142,0,14316544,windows,0,18395,18000,68,0,0,0,0,0,0,45,20,3
204.341,1,14451712,windows,0,8155,8155,44,0,0,0,0,0,0,29,14,1
204.399,0,14332928,windows,0,18070,17841.2,68,0,0,0,0,0,0,46,19,3
204.597,1,14473216,windows,0,7870,7870,43,0,0,0,0,0,0,28,14,1
204.649,0,14349312,windows,0,16675,16280,64,0,0,0,0,0,0,41,20,3
204.852,1,14493696,windows,0,7870,7870,43,0,0,0,0,0,0,28,14,1
204.912,0,14366720,windows,0,16270,15875,63,0,0,0,0,0,0,40,20,3
205.107,1,14513152,windows,0,7330,7330,42,0,0,0,0,0,0,28,13,1
205.166,0,14383104,windows,0,14395,14221.2,58,0,0,0,0,0,0,35,20,3
205.36,1,14533632,windows,0,7330,7330,42,0,0,0,0,0,0,28,13,1
205.427,0,14400512,windows,0,13970,13970,58,0,0,0,0,0,0,36,19,3
205.61,1,14554112,windows,0,7075,6800,40,0,0,0,0,0,0,25,14,1
205.686,0,14416896,windows,0,13230,12696.2,57,0,0,0,0,0,0,36,18,3
205.863,1,14575616,windows,0,6830,6555,39,0,0,0,0,0,0,24,14,1
205.946,0,14433280,windows,0,12530,12175,55,0,0,0,0,0,0,34,18,3
206.118,1,14598144,windows,0,6055,6055,37,0,0,0,0,0,0,23,13,1
206.2,0,14449664,windows,0,10955,10600,50,0,0,0,0,0,0,29,18,3
206.379,1,14619648,windows,0,5830,5830,36,0,0,0,0,0,0,22,13,1
206.464,0,14467072,windows,0,10670,10315,49,0,0,0,0,0,0,28,18,3
206.636,1,14642176,windows,0,5790,5790,37,0,0,0,0,0,0,24,12,1
206.718,0,14483456,windows,0,9970,9970,48,0,0,0,0,0,0,28,17,3
206.896,1,14664704,windows,0,5555,5441.25,36,0,0,0,0,0,0,23,12,1
206.975,0,14499840,windows,0,9970,9970,48,0,0,0,0,0,0,28,17,3
207.154,1,14685184,windows,0,5555,5441.25,36,0,0,0,0,0,0,23,12,1
207.24,0,14517248,windows,0,9695,9695,47,0,0,0,0,0,0,27,17,3
207.413,1,14706688,windows,0,5330,5330,35,0,0,0,0,0,0,22,12,1
207.499,0,14534656,windows,0,9175,9175,45,0,0,0,0,0,0,25,17,3
207.675,1,14729216,windows,0,5115,5115,34,0,0,0,0,0,0,21,12,1
207.751,0,14551040,windows,0,9175,9175,45,0,0,0,0,0,0,25,17,3
207.929,1,14751744,windows,0,5115,5115,34,0,0,0,0,0,0,21,12,1
208.014,0,14569472,windows,0,8930,8930,44,0,0,0,0,0,0,24,17,3
208.19,1,14775296,windows,0,4910,4910,33,0,0,0,0,0,0,20,12,1
208.273,0,14586880,windows,0,8930,8930,44,0,0,0,0,0,0,24,17,3
208.449,1,14796800,windows,0,4625,4625,32,0,0,0,0,0,0,21,11,0
208.524,0,14603264,windows,0,8930,8930,44,0,0,0,0,0,0,24,17,3
208.71,1,14816256,windows,0,4625,4625,32,0,0,0,0,0,0,21,11,0
208.788,0,14620672,windows,0,7895,7771.25,43,0,0,0,0,0,0,25,15,3
208.965,1,14837760,windows,0,4625,4625,32,0,0,0,0,0,0,21,11,0
209.047,0,14638080,windows,0,7650,7650,42,0,0,0,0,0,0,24,15,3
209.218,1,14858240,windows,0,2720,2661.25,22,0,0,0,0,0,0,12,10,0
209.308,0,14655488,windows,0,7415,7301.25,41,0,0,0,0,0,0,23,15,3
209.474,1,14877696,windows,0,2720,2661.25,22,0,0,0,0,0,0,12,10,0
209.563,0,14671872,windows,0,7415,7301.25,41,0,0,0,0,0,0,23,15,3
209.73,1,14897152,windows,0,2720,2661.25,22,0,0,0,0,0,0,12,10,0
209.821,0,14688256,windows,0,7415,7301.25,41,0,0,0,0,0,0,23,15,3
209.989,1,14916608,windows,0,2720,2661.25,22,0,0,0,0,0,0,12,10,0
210.083,0,14703616,windows,0,7165,7165,41,0,0,0,0,0,0,25,14,2
210.246,1,14936064,windows,0,2720,2661.25,22,0,0,0,0,0,0,12,10,0
210.335,0,14718976,windows,0,6685,6685,39,0,0,0,0,0,0,23,14,2
210.504,1,14955520,windows,0,2720,2661.25,22,0,0,0,0,0,0,12,10,0
210.598,0,14735360,windows,0,6685,6685,39,0,0,0,0,0,0,23,14,2
210.763,1,14972928,windows,0,2720,2661.25,22,0,0,0,0,0,0,12,10,0
210.852,0,14751744,windows,0,6685,6685,39,0,0,0,0,0,0,23,14,2
211.013,1,14990336,windows,0,2720,2661.25,22,0,0,0,0,0,0,12,10,0
211.11,0,14768128,windows,0,6685,6685,39,0,0,0,0,0,0,23,14,2
211.27,1,15009792,windows,0,2720,2661.25,22,0,0,0,0,0,0,12,10,0
211.361,0,14784512,windows,0,6685,6685,39,0,0,0,0,0,0,23,14,2
211.523,1,15029248,windows,0,2720,2661.25,22,0,0,0,0,0,0,12,10,0
211.613,0,14799872,windows,0,6685,6685,39,0,0,0,0,0,0,23,14,2
211.781,1,15048704,windows,0,2720,2661.25,22,0,0,0,0,0,0,12,10,0
211.866,0,14815232,windows,0,6685,6685,39,0,0,0,0,0,0,23,14,2
212.045,1,15067136,windows,0,2720,2661.25,22,0,0,0,0,0,0,12,10,0
212.128,0,14832640,windows,0,6685,6685,39,0,0,0,0,0,0,23,14,2
212.301,1,15086592,windows,0,2720,2661.25,22,0,0,0,0,0,0,12,10,0
212.379,0,14849024,windows,0,6685,6685,39,0,0,0,0,0,0,23,14,2
212.554,1,15107072,windows,0,2720,2661.25,22,0,0,0,0,0,0,12,10,0
212.629,0,14866432,windows,0,6685,6685,39,0,0,0,0,0,0,23,14,2
212.809,1,15126528,windows,0,2720,2661.25,22,0,0,0,0,0,0,12,10,0
212.887,0,14882816,windows,0,6685,6685,39,0,0,0,0,0,0,23,14,2
213.066,1,15147008,windows,0,2720,2661.25,22,0,0,0,0,0,0,12,10,0
213.138,0,14899200,windows,0,6685,6685,39,0,0,0,0,0,0,23,14,2
213.321,1,15166464,windows,0,2720,2661.25,22,0,0,0,0,0,0,12,10,0
213.389,0,14915584,repair,0,6685,6685,39,0,0,0,0,0,0,23,14,2
213.576,1,15186944,windows,0,2720,2661.25,22,0,0,0,0,0,0,12,10,0
213.642,0,14932992,windows,0,6685,6685,39,0,0,0,0,0,0,23,14,2
213.827,1,15207424,windows,0,2720,2661.25,22,0,0,0,0,0,0,12,10,0
213.895,0,14949376,windows,0,6685,6685,39,0,0,0,0,0,0,23,14,2
214.085,1,15226880,windows,0,2720,2661.25,22,0,0,0,0,0,0,12,10,0
214.146,0,14966784,windows,0,6685,6685,39,0,0,0,0,0,0,23,14,2
214.343,1,15247360,windows,0,2720,2661.25,22,0,0,0,0,0,0,12,10,0
214.404,0,14984192,windows,0,6685,6685,39,0,0,0,0,0,0,23,14,2
214.594,1,15267840,windows,0,2720,2661.25,22,0,0,0,0,0,0,12,10,0
214.666,0,15001600,windows,0,6685,6685,39,0,0,0,0,0,0,23,14,2
214.852,1,15288320,windows,0,2720,2661.25,22,0,0,0,0,0,0,12,10,0
214.916,0,15017984,windows,0,6685,6685,39,0,0,0,0,0,0,23,14,2
215.114,1,15309824,windows,0,2720,2661.25,22,0,0,0,0,0,0,12,10,0
215.179,0,15035392,windows,0,6685,6685,39,0,0,0,0,0,0,23,14,2
215.366,1,15329280,windows,0,2720,2661.25,22,0,0,0,0,0,0,12,10,0
215.439,0,15051776,windows,0,6685,6685,39,0,0,0,0,0,0,23,14,2
215.62,1,15349760,windows,0,2720,2661.25,22,0,0,0,0,0,0,12,10,0
215.692,0,15068160,windows,0,6685,6685,39,0,0,0,0,0,0,23,14,2
215.871,1,15369216,windows,0,2720,2661.25,22,0,0,0,0,0,0,12,10,0
215.951,0,15085568,windows,0,6685,6685,39,0,0,0,0,0,0,23,14,2
216.131,1,15388672,repair,0,2720,2661.25,22,0,0,0,0,0,0,12,10,0
216.204,0,15102976,windows,0,6685,6685,39,0,0,0,0,0,0,23,14,2
216.383,1,15409152,windows,0,2720,2661.25,22,0,0,0,0,0,0,12,10,0
216.457,0,15120384,windows,0,6685,6685,39,0,0,0,0,0,0,23,14,2
216.64,1,15429632,windows,0,2720,2661.25,22,0,0,0,0,0,0,12,10,0
216.718,0,15137792,windows,0,6685,6685,39,0,0,0,0,0,0,23,14,2
216.895,1,15448064,windows,0,2720,2661.25,22,0,0,0,0,0,0,12,10,0
216.971,0,15155200,windows,0,2720,2661.25,22,0,0,0,0,0,0,12,10,0
217.154,1,15469568,windows,0,2720,2661.25,22,0,0,0,0,0,0,12,10,0
217.231,0,15173632,windows,0,2720,2661.25,22,0,0,0,0,0,0,12,10,0
217.411,1,15489024,windows,0,2720,2661.25,22,0,0,0,0,0,0,12,10,0
217.492,0,15192064,windows,0,2720,2661.25,22,0,0,0,0,0,0,12,10,0
217.663,1,15507456,windows,0,2720,2661.25,22,0,0,0,0,0,0,12,10,0
217.755,0,15210496,windows,0,2720,2661.25,22,0,0,0,0,0,0,12,10,0
217.926,1,15527936,windows,0,2720,2661.25,22,0,0,0,0,0,0,12,10,0
218.006,0,15227904,windows,0,2720,2661.25,22,0,0,0,0,0,0,12,10,0
218.187,1,15548416,windows,0,2720,2661.25,22,0,0,0,0,0,0,12,10,0
218.26,0,15245312,windows,0,2720,2661.25,22,0,0,0,0,0,0,12,10,0
218.441,1,15567872,windows,0,2720,2661.25,22,0,0,0,0,0,0,12,10,0
218.511,0,15262720,windows,0,2720,2661.25,22,0,0,0,0,0,0,12,10,0
218.696,1,15587328,windows,0,2720,2661.25,22,0,0,0,0,0,0,12,10,0
218.771,0,15280128,windows,0,2720,2661.25,22,0,0,0,0,0,0,12,10,0
218.948,1,15605760,windows,0,2720,2661.25,22,0,0,0,0,0,0,12,10,0
219.03,0,15298560,windows,0,2720,2661.25,22,0,0,0,0,0,0,12,10,0
219.21,1,15626240,windows,0,2720,2661.25,22,0,0,0,0,0,0,12,10,0
219.285,0,15316992,windows,0,2720,2661.25,22,0,0,0,0,0,0,12,10,0
219.461,1,15644672,windows,0,2720,2661.25,22,0,0,0,0,0,0,12,10,0
219.548,0,15335424,windows,0,2720,2661.25,22,0,0,0,0,0,0,12,10,0
219.717,1,15663104,windows,0,2720,2661.25,22,0,0,0,0,0,0,12,10,0
219.806,0,15351808,windows,0,2720,2661.25,22,0,0,0,0,0,0,12,10,0
219.972,1,15680512,windows,0,2720,2661.25,22,0,0,0,0,0,0,12,10,0
220.067,0,15369216,windows,0,2720,2661.25,22,0,0,0,0,0,0,12,10,0
220.234,1,15699968,windows,0,2720,2661.25,22,0,0,0,0,0,0,12,10,0
220.324,0,15385600,windows,0,2720,2661.25,22,0,0,0,0,0,0,12,10,0
220.493,1,15719424,windows,0,2720,2661.25,22,0,0,0,0,0,0,12,10,0
220.58,0,15401984,windows,0,2720,2661.25,22,0,0,0,0,0,0,12,10,0
220.758,1,15738880,windows,0,2720,2661.25,22,0,0,0,0,0,0,12,10,0
220.838,0,15419392,windows,0,2720,2661.25,22,0,0,0,0,0,0,12,10,0
221.008,1,15758336,windows,0,2720,2661.25,22,0,0,0,0,0,0,12,10,0
221.09,0,15435776,windows,0,2720,2661.25,22,0,0,0,0,0,0,12,10,0
221.267,1,15778816,windows,0,2720,2661.25,22,0,0,0,0,0,0,12,10,0
221.342,0,15452160,windows,0,2720,2661.25,22,0,0,0,0,0,0,12,10,0
221.523,1,15799296,windows,0,2720,2661.25,22,0,0,0,0,0,0,12,10,0
221.603,0,15469568,windows,0,2720,2661.25,22,0,0,0,0,0,0,12,10,0
221.787,1,15819776,windows,0,2720,2661.25,22,0,0,0,0,0,0,12,10,0
221.858,0,15486976,windows,0,2720,2661.25,22,0,0,0,0,0,0,12,10,0
222.046,1,15839232,windows,0,2720,2661.25,22,0,0,0,0,0,0,12,10,0
222.122,0,15503360,repair,0,2720,2661.25,22,0,0,0,0,0,0,12,10,0
222.298,1,15857664,repair,0,2720,2661.25,22,0,0,0,0,0,0,12,10,0
222.387,0,15520768,windows,0,2720,2661.25,22,0,0,0,0,0,0,12,10,0
222.56,1,15876096,repair,0,2720,2661.25,22,0,0,0,0,0,0,12,10,0
222.644,0,15538176,windows,0,2720,2661.25,22,0,0,0,0,0,0,12,10,0
222.823,1,15898624,repair,0,2720,2661.25,22,0,0,0,0,0,0,12,10,0
222.896,0,15554560,windows,0,2720,2661.25,22,0,0,0,0,0,0,12,10,0
223.078,1,15918080,windows,0,2720,2661.25,22,0,0,0,0,0,0,12,10,0
223.16,0,15570944,windows,0,2720,2661.25,22,0,0,0,0,0,0,12,10,0
223.34,1,15936512,windows,0,2720,2661.25,22,0,0,0,0,0,0,12,10,0
223.413,0,15586304,windows,0,2720,2661.25,22,0,0,0,0,0,0,12,10,0
223.593,1,15954944,windows,0,2720,2661.25,22,0,0,0,0,0,0,12,10,0
223.664,0,15601664,windows,0,2720,2661.25,22,0,0,0,0,0,0,12,10,0
223.851,1,15974400,windows,0,2720,2661.25,22,0,0,0,0,0,0,12,10,0
223.924,0,15618048,repair,0,2720,2661.25,22,0,0,0,0,0,0,12,10,0
224.106,1,15993856,windows,0,2720,2661.25,22,0,0,0,0,0,0,12,10,0
224.18,0,15634432,repair,0,2720,2661.25,22,0,0,0,0,0,0,12,10,0
224.358,1,16012288,windows,0,2720,2661.25,22,0,0,0,0,0,0,12,10,0
224.438,0,15650816,windows,0,2720,2661.25,22,0,0,0,0,0,0,12,10,0
224.618,1,16031744,windows,0,2720,2661.25,22,0,0,0,0,0,0,12,10,0
224.696,0,15667200,windows,0,2720,2661.25,22,0,0,0,0,0,0,12,10,0
224.868,1,16051200,windows,0,2720,2661.25,22,0,0,0,0,0,0,12,10,0
224.95,0,15683584,windows,0,2720,2661.25,22,0,0,0,0,0,0,12,10,0
225.121,1,16069632,repair,310,7.0822e+07,7.07771e+07,3757,14,77,46,126,47,0,2108,1510,139
225.201,0,15703040,windows,0,2720,2661.25,22,0,0,0,0,0,0,12,10,0
225.381,1,16092160,repair,204,5.58949e+07,5.58583e+07,3360,13,33,40,73,45,0,1900,1352,108
225.458,0,15721472,windows,0,2720,2661.25,22,0,0,0,0,0,0,12,10,0
225.643,1,16113664,repair,119,5.85544e+07,5.85417e+07,3435,5,19,20,50,25,0,1933,1400,102
225.708,0,15739904,windows,0,2720,2661.25,22,0,0,0,0,0,0,12,10,0
225.902,1,16136192,repair,66,3.94467e+07,3.94136e+07,2860,6,9,10,28,13,0,1653,1129,78
225.962,0,15759360,windows,0,2720,2661.25,22,0,0,0,0,0,0,12,10,0
226.163,1,16159744,repair,24,3.73674e+07,3.73438e+07,2832,1,3,1,12,7,0,1688,1071,73
226.223,0,15779840,windows,0,2720,2661.25,22,0,0,0,0,0,0,12,10,0
226.414,1,16180224,repair,9,2.69675e+07,2.69656e+07,2513,1,0,0,4,4,0,1625,826,62
226.489,0,15799296,windows,0,2720,2661.25,22,0,0,0,0,0,0,12,10,0
226.67,1,16201728,repair,2,2.19066e+07,2.18825e+07,2260,0,0,0,1,1,0,1446,753,61
226.739,0,15817728,windows,0,2720,2661.25,22,0,0,0,0,0,0,12,10,0
226.926,1,16223232,repair,1,1.35118e+07,1.35004e+07,1795,0,0,0,1,0,0,1179,570,46
226.996,0,15837184,windows,0,2720,2661.25,22,0,0,0,0,0,0,12,10,0
227.187,1,16244736,windows,0,9.39653e+06,9.38686e+06,1489,0,0,0,0,0,0,966,484,39
227.247,0,15856640,windows,0,2720,2661.25,22,0,0,0,0,0,0,12,10,0
227.447,1,16263168,windows,0,6.8452e+06,6.84403e+06,1282,0,0,0,0,0,0,837,406,39
227.501,0,15876096,windows,0,2720,2661.25,22,0,0,0,0,0,0,12,10,0
227.699,1,16280576,windows,0,4.99454e+06,4.99079e+06,1098,0,0,0,0,0,0,751,329,18
227.757,0,15895552,repair,0,2720,2661.25,22,0,0,0,0,0,0,12,10,0
227.957,1,16296960,windows,0,3.41674e+06,3.41615e+06,896,0,0,0,0,0,0,585,291,20
228.018,0,15915008,windows,0,2720,2661.25,22,0,0,0,0,0,0,12,10,0
228.219,1,16315392,windows,0,2.39149e+06,2.38722e+06,771,0,0,0,0,0,0,542,214,15
228.278,0,15934464,windows,0,2720,2661.25,22,0,0,0,0,0,0,12,10,0
228.475,1,16332800,windows,0,1.857e+06,1.85428e+06,671,0,0,0,0,0,0,451,204,16
228.536,0,15952896,windows,0,2720,2661.25,22,0,0,0,0,0,0,12,10,0
228.728,1,16350208,windows,0,1.4021e+06,1.39848e+06,594,0,0,0,0,0,0,419,161,14
228.786,0,15970304,windows,0,2720,2661.25,22,0,0,0,0,0,0,12,10,0
228.992,1,16367616,windows,0,961175,959239,485,0,0,0,0,0,0,335,141,9
229.053,0,15987712,windows,0,2720,2661.25,22,0,0,0,0,0,0,12,10,0
229.252,1,16384000,windows,0,693305,693072,414,0,0,0,0,0,0,289,117,8
229.309,0,16004096,windows,0,2720,2661.25,22,0,0,0,0,0,0,12,10,0
229.513,1,16399360,windows,0,524035,522160,364,0,0,0,0,0,0,263,94,7
229.566,0,16021504,windows,0,2720,2661.25,22,0,0,0,0,0,0,12,10,0
229.765,1,16418816,windows,0,383580,383580,306,0,0,0,0,0,0,210,90,6
229.825,0,16038912,windows,0,2720,2661.25,22,0,0,0,0,0,0,12,10,0
230.018,1,16437248,windows,0,264550,263015,254,0,0,0,0,0,0,170,77,7
230.086,0,16055296,windows,0,2720,2661.25,22,0,0,0,0,0,0,12,10,0
230.268,1,16456704,windows,0,186080,186080,211,0,0,0,0,0,0,138,67,6
230.35,0,16073728,windows,0,2720,2661.25,22,0,0,0,0,0,0,12,10,0
230.519,1,16476160,windows,0,141525,140941,183,0,0,0,0,0,0,117,60,6
230.603,0,16091136,windows,0,2720,2661.25,22,0,0,0,0,0,0,12,10,0
230.78,1,16496640,windows,0,118805,118261,169,0,0,0,0,0,0,109,54,6
230.863,0,16109568,windows,0,2720,2661.25,22,0,0,0,0,0,0,12,10,0
231.038,1,16517120,windows,0,81520,81520,140,0,0,0,0,0,0,92,44,4
231.12,0,16126976,windows,0,2720,2661.25,22,0,0,0,0,0,0,12,10,0
231.299,1,16537600,windows,0,66700,66527.5,128,0,0,0,0,0,0,82,40,6
231.376,0,16144384,repair,0,2720,2661.25,22,0,0,0,0,0,0,12,10,0
231.562,1,16556032,windows,0,54775,54040,115,0,0,0,0,0,0,73,37,5
231.636,0,16162816,windows,0,2720,2661.25,22,0,0,0,0,0,0,12,10,0
231.826,1,16573440,windows,0,46045,46045,105,0,0,0,0,0,0,67,34,4
231.896,0,16181248,windows,0,2720,2661.25,22,0,0,0,0,0,0,12,10,0
232.084,1,16589824,windows,0,38920,38920,97,0,0,0,0,0,0,62,31,4
232.154,0,16198656,windows,0,2720,2661.25,22,0,0,0,0,0,0,12,10,0
232.341,1,16606208,windows,0,38920,38920,97,0,0,0,0,0,0,62,31,4
232.415,0,16215040,windows,0,2720,2661.25,22,0,0,0,0,0,0,12,10,0
232.607,1,16622592,windows,0,36520,36231.2,93,0,0,0,0,0,0,58,31,4
232.667,0,16231424,windows,0,2720,2661.25,22,0,0,0,0,0,0,12,10,0
232.859,1,16638976,windows,0,29800,29511.2,87,0,0,0,0,0,0,58,25,4
232.928,0,16246784,windows,0,2720,2661.25,22,0,0,0,0,0,0,12,10,0
233.115,1,16655360,windows,0,27025,27025,82,0,0,0,0,0,0,53,25,4
233.18,0,16262144,windows,0,2720,2661.25,22,0,0,0,0,0,0,12,10,0
233.371,1,16671744,windows,0,25520,25261.2,80,0,0,0,0,0,0,52,24,4
233.438,0,16279552,windows,0,2720,2661.25,22,0,0,0,0,0,0,12,10,0
233.635,1,16689152,windows,0,21640,20956.2,73,0,0,0,0,0,0,46,23,4
233.699,0,16296960,windows,0,2720,2661.25,22,0,0,0,0,0,0,12,10,0
233.899,1,16707584,windows,0,21185,21185,72,0,0,0,0,0,0,45,23,4
233.951,0,16314368,windows,0,2720,2661.25,22,0,0,0,0,0,0,12,10,0
234.16,1,16724992,windows,0,18835,18488.8,68,0,0,0,0,0,0,41,22,5
234.201,0,16330752,windows,0,2720,2661.25,22,0,0,0,0,0,0,12,10,0
234.416,1,16741376,windows,0,18835,18488.8,68,0,0,0,0,0,0,41,22,5
234.466,0,16348160,windows,0,2720,2661.25,22,0,0,0,0,0,0,12,10,0
234.668,1,16757760,windows,0,16910,16332.5,63,0,0,0,0,0,0,36,22,5
234.718,0,16365568,windows,0,2720,2661.25,22,0,0,0,0,0,0,12,10,0
234.92,1,16774144,windows,0,16210,15632.5,61,0,0,0,0,0,0,34,22,5
234.975,0,16381952,repair,404,5.39548e+07,5.39548e+07,3185,31,84,50,158,81,0,1761,1304,120
235.178,1,16791552,windows,0,15080,15080,59,0,0,0,0,0,0,34,21,4
235.225,0,16402432,repair,243,6.49085e+07,6.48988e+07,3560,6,32,39,101,65,0,1952,1479,129
235.433,1,16807936,windows,0,15080,15080,59,0,0,0,0,0,0,34,21,4
235.485,0,16422912,repair,158,5.50614e+07,5.50517e+07,3368,3,25,26,74,30,0,1945,1326,97
235.696,1,16824320,windows,0,14745,14581.2,58,0,0,0,0,0,0,33,21,4
235.741,0,16442368,repair,102,4.83516e+07,4.83263e+07,3135,8,18,14,42,20,0,1791,1262,82
235.963,1,16841728,windows,0,14420,14261.2,57,0,0,0,0,0,0,32,21,4
236.003,0,16461824,repair,51,3.8829e+07,3.88207e+07,2858,3,6,8,24,10,0,1669,1110,79
236.219,1,16859136,windows,0,14420,14261.2,57,0,0,0,0,0,0,32,21,4
236.26,0,16481280,repair,22,3.34595e+07,3.34291e+07,2676,0,3,4,7,8,0,1588,1017,71
236.479,1,16875520,windows,0,14105,13951.2,56,0,0,0,0,0,0,31,21,4
236.512,0,16499712,repair,4,2.8185e+07,2.81573e+07,2519,0,2,0,1,1,0,1560,891,68
236.731,1,16891904,windows,0,14105,13951.2,56,0,0,0,0,0,0,31,21,4
236.767,0,16518144,repair,0,2.14561e+07,2.14395e+07,2243,0,0,0,0,0,0,1444,739,60
236.983,1,16908288,windows,0,14105,13951.2,56,0,0,0,0,0,0,31,21,4
237.026,0,16535552,windows,0,1.27882e+07,1.27713e+07,1737,0,0,0,0,0,0,1133,562,42
237.233,1,16924672,windows,0,14105,13951.2,56,0,0,0,0,0,0,31,21,4
237.292,0,16552960,windows,0,8.88288e+06,8.87813e+06,1450,0,0,0,0,0,0,949,466,35
237.483,1,16941056,windows,0,14105,13951.2,56,0,0,0,0,0,0,31,21,4
237.549,0,16569344,windows,0,6.64158e+06,6.63282e+06,1266,0,0,0,0,0,0,843,391,32
237.744,1,16958464,windows,0,13600,13046.2,56,0,0,0,0,0,0,32,20,4
237.814,0,16585728,windows,0,4.79428e+06,4.79357e+06,1079,0,0,0,0,0,0,730,325,24
237.997,1,16975872,windows,0,13480,13311.2,57,0,0,0,0,0,0,34,19,4
238.072,0,16602112,windows,0,3.56722e+06,3.56657e+06,928,0,0,0,0,0,0,621,285,22
238.252,1,16993280,windows,0,12820,12820,55,0,0,0,0,0,0,32,19,4
238.327,0,16617472,windows,0,2.7771e+06,2.7771e+06,831,0,0,0,0,0,0,569,239,23
238.512,1,17011712,windows,0,12820,12820,55,0,0,0,0,0,0,32,19,4
238.582,0,16633856,windows,0,2.12478e+06,2.12478e+06,724,0,0,0,0,0,0,491,213,20
238.769,1,17029120,windows,0,12505,12351.2,54,0,0,0,0,0,0,31,19,4
238.841,0,16650240,windows,0,1.57364e+06,1.57154e+06,626,0,0,0,0,0,0,420,184,22
239.027,1,17046528,windows,0,12505,12351.2,54,0,0,0,0,0,0,31,19,4
239.098,0,16666624,windows,0,1.1379e+06,1.13477e+06,530,0,0,0,0,0,0,357,157,16
239.288,1,17064960,windows,0,12505,12351.2,54,0,0,0,0,0,0,31,19,4
239.353,0,16681984,windows,0,893150,890515,475,0,0,0,0,0,0,328,132,15
239.549,1,17083392,windows,0,11905,11905,52,0,0,0,0,0,0,29,19,4
239.612,0,16698368,windows,0,705670,703175,418,0,0,0,0,0,0,278,125,15
239.813,1,17101824,windows,0,11905,11905,52,0,0,0,0,0,0,29,19,4
239.872,0,16714752,windows,0,557375,555719,371,0,0,0,0,0,0,243,113,15
240.071,1,17119232,windows,0,11905,11905,52,0,0,0,0,0,0,29,19,4
240.124,0,16730112,windows,0,405725,403810,315,0,0,0,0,0,0,209,96,10
240.322,1,17136640,windows,0,11905,11905,52,0,0,0,0,0,0,29,19,4
240.386,0,16745472,windows,0,314030,314030,279,0,0,0,0,0,0,184,84,11
240.575,1,17154048,windows,0,11905,11905,52,0,0,0,0,0,0,29,19,4
240.642,0,16760832,windows,0,253270,252948,248,0,0,0,0,0,0,158,79,11
240.837,1,17171456,windows,0,11905,11905,52,0,0,0,0,0,0,29,19,4
240.907,0,16777216,windows,0,216790,214284,230,0,0,0,0,0,0,146,73,11
241.098,1,17189888,windows,0,11905,11905,52,0,0,0,0,0,0,29,19,4
241.162,0,16793600,windows,0,175925,174979,207,0,0,0,0,0,0,131,66,10
241.355,1,17207296,windows,0,11905,11905,52,0,0,0,0,0,0,29,19,4
241.422,0,16809984,windows,0,134105,133239,182,0,0,0,0,0,0,115,57,10
241.606,1,17223680,windows,0,11905,11905,52,0,0,0,0,0,0,29,19,4
241.675,0,16825344,windows,0,111730,111211,164,0,0,0,0,0,0,104,53,7
241.866,1,17240064,windows,0,11905,11905,52,0,0,0,0,0,0,29,19,4
241.931,0,16841728,windows,0,99570,99061.2,157,0,0,0,0,0,0,102,48,7
242.127,1,17255424,windows,0,11905,11905,52,0,0,0,0,0,0,29,19,4
242.191,0,16858112,windows,0,87970,87035,146,0,0,0,0,0,0,92,47,7
242.378,1,17272832,windows,0,11905,11905,52,0,0,0,0,0,0,29,19,4
242.45,0,16874496,windows,0,72840,72218.8,131,0,0,0,0,0,0,78,45,8
242.639,1,17290240,windows,0,11905,11905,52,0,0,0,0,0,0,29,19,4
242.701,0,16889856,windows,0,65510,64103.8,126,0,0,0,0,0,0,78,41,7
242.89,1,17307648,windows,0,11380,11045,53,0,0,0,0,0,0,32,17,4
242.965,0,16906240,windows,0,59995,59792.5,122,0,0,0,0,0,0,77,38,7
243.146,1,17325056,windows,0,10100,10100,50,0,0,0,0,0,0,30,16,4
243.225,0,16922624,windows,0,57730,57158.8,119,0,0,0,0,0,0,74,38,7
243.4,1,17340416,windows,0,10100,10100,50,0,0,0,0,0,0,30,16,4
243.485,0,16939008,windows,0,54130,54130,116,0,0,0,0,0,0,76,35,5
243.663,1,17357824,windows,0,9520,9520,48,0,0,0,0,0,0,28,16,4
243.736,0,16956416,windows,0,46645,46138.8,107,0,0,0,0,0,0,67,34,6
243.923,1,17375232,windows,0,9520,9520,48,0,0,0,0,0,0,28,16,4
243.994,0,16975872,windows,0,42685,42188.8,103,0,0,0,0,0,0,65,32,6
244.181,1,17392640,windows,0,9520,9520,48,0,0,0,0,0,0,28,16,4
244.245,0,16996352,windows,0,40165,39992.5,99,0,0,0,0,0,0,61,32,6
244.434,1,17409024,windows,0,9520,9520,48,0,0,0,0,0,0,28,16,4
244.506,0,17015808,windows,0,37375,37081.2,95,0,0,0,0,0,0,59,31,5
244.687,1,17425408,windows,0,9520,9520,48,0,0,0,0,0,0,28,16,4
244.763,0,17036288,windows,0,33875,33006.2,90,0,0,0,0,0,0,55,30,5
244.951,1,17442816,windows,0,8980,8980,46,0,0,0,0,0,0,26,16,4
245.016,0,17056768,windows,0,31090,30831.2,86,0,0,0,0,0,0,52,29,5
245.214,1,17460224,windows,0,8725,8601.25,45,0,0,0,0,0,0,25,16,4
245.268,0,17077248,windows,0,30070,29927.5,84,0,0,0,0,0,0,50,29,5
245.475,1,17477632,windows,0,8480,8480,44,0,0,0,0,0,0,24,16,4
245.529,0,17098752,windows,0,28150,28150,80,0,0,0,0,0,0,46,29,5
245.732,1,17495040,windows,0,8245,8245,43,0,0,0,0,0,0,23,16,4
245.785,0,17119232,windows,0,25455,25312.5,77,0,0,0,0,0,0,45,27,5
245.995,1,17513472,windows,0,8245,8245,43,0,0,0,0,0,0,23,16,4
246.042,0,17140736,windows,0,24575,24432.5,75,0,0,0,0,0,0,43,27,5
246.257,1,17531904,windows,0,8020,8020,42,0,0,0,0,0,0,22,16,4
246.298,0,17162240,windows,0,24150,23941.2,74,0,0,0,0,0,0,42,27,5
246.521,1,17550336,windows,0,8020,8020,42,0,0,0,0,0,0,22,16,4
246.551,0,17182720,windows,0,22935,22935,71,0,0,0,0,0,0,39,27,5
246.775,1,17568768,windows,0,8020,8020,42,0,0,0,0,0,0,22,16,4
246.814,0,17204224,windows,0,22935,22935,71,0,0,0,0,0,0,39,27,5
247.034,1,17587200,windows,0,8020,8020,42,0,0,0,0,0,0,22,16,4
247.073,0,17225728,windows,0,21250,20612.5,70,0,0,0,0,0,0,40,25,5
247.285,1,17604608,windows,0,8020,8020,42,0,0,0,0,0,0,22,16,4
247.329,0,17246208,windows,0,20855,20855,69,0,0,0,0,0,0,39,25,5
247.55,1,17623040,windows,0,2720,2661.25,22,0,0,0,0,0,0,12,10,0
247.588,0,17267712,windows,0,18665,18665,66,0,0,0,0,0,0,39,23,4
247.813,1,17641472,windows,0,2720,2661.25,22,0,0,0,0,0,0,12,10,0
247.841,0,17289216,windows,0,18280,18280,65,0,0,0,0,0,0,38,23,4
248.073,1,17659904,windows,0,2605,2551.25,21,0,0,0,0,0,0,11,10,0
248.103,0,17310720,windows,0,17905,17337.5,64,0,0,0,0,0,0,37,23,4
248.326,1,17678336,windows,0,2500,2451.25,20,0,0,0,0,0,0,10,10,0
248.361,0,17330176,windows,0,17540,16972.5,63,0,0,0,0,0,0,36,23,4
248.587,1,17696768,windows,0,2500,2451.25,20,0,0,0,0,0,0,10,10,0
248.62,0,17350656,windows,0,16840,16840,61,0,0,0,0,0,0,34,23,4
248.85,1,17715200,windows,0,2500,2451.25,20,0,0,0,0,0,0,10,10,0
248.872,0,17372160,windows,0,16285,15737.5,61,0,0,0,0,0,0,35,22,4
249.11,1,17732608,windows,0,2500,2451.25,20,0,0,0,0,0,0,10,10,0
249.123,0,17392640,windows,0,15940,15392.5,60,0,0,0,0,0,0,34,22,4
249.363,1,17750016,windows,0,2500,2451.25,20,0,0,0,0,0,0,10,10,0
249.384,0,17413120,windows,0,14960,14847.5,60,0,0,0,0,0,0,36,20,4
249.622,1,17768448,windows,0,2500,2451.25,20,0,0,0,0,0,0,10,10,0
249.643,0,17433600,windows,0,14605,14492.5,59,0,0,0,0,0,0,35,20,4
249.878,1,17784832,windows,0,2500,2451.25,20,0,0,0,0,0,0,10,10,0
249.905,0,17452032,windows,0,13600,13487.5,56,0,0,0,0,0,0,32,20,4
250.131,1,17802240,windows,0,2500,2451.25,20,0,0,0,0,0,0,10,10,0
250.159,0,17471488,windows,0,13600,13487.5,56,0,0,0,0,0,0,32,20,4
250.388,1,17820672,windows,0,2500,2451.25,20,0,0,0,0,0,0,10,10,0
250.413,0,17490944,windows,0,13285,13172.5,55,0,0,0,0,0,0,31,20,4
250.642,1,17840128,windows,0,2500,2451.25,20,0,0,0,0,0,0,10,10,0
250.668,0,17512448,windows,0,12505,12392.5,54,0,0,0,0,0,0,31,19,4
250.903,1,17861632,windows,0,2500,2451.25,20,0,0,0,0,0,0,10,10,0
250.925,0,17534976,windows,0,12505,12392.5,54,0,0,0,0,0,0,31,19,4
251.16,1,17882112,windows,0,2500,2451.25,20,0,0,0,0,0,0,10,10,0
251.177,0,17556480,windows,0,12505,12392.5,54,0,0,0,0,0,0,31,19,4
251.42,1,17904640,windows,0,2500,2451.25,20,0,0,0,0,0,0,10,10,0
251.429,0,17577984,windows,0,12505,12392.5,54,0,0,0,0,0,0,31,19,4
251.68,1,17927168,windows,0,2500,2451.25,20,0,0,0,0,0,0,10,10,0
251.685,0,17599488,windows,0,11905,11648.8,52,0,0,0,0,0,0,29,19,4
251.933,1,17950720,windows,0,2500,2451.25,20,0,0,0,0,0,0,10,10,0
251.936,0,17619968,windows,0,11165,10908.8,51,0,0,0,0,0,0,29,18,4
252.193,0,17638400,windows,0,11165,10908.8,51,0,0,0,0,0,0,29,18,4
252.194,1,17972224,windows,0,2500,2451.25,20,0,0,0,0,0,0,10,10,0
252.453,0,17659904,windows,0,10760,10498.8,51,0,0,0,0,0,0,30,17,4
252.458,1,17994752,windows,0,2500,2451.25,20,0,0,0,0,0,0,10,10,0
252.709,0,17681408,windows,0,10760,10498.8,51,0,0,0,0,0,0,30,17,4
252.714,1,18016256,windows,0,2500,2451.25,20,0,0,0,0,0,0,10,10,0
252.969,0,17703936,windows,0,10760,10498.8,51,0,0,0,0,0,0,30,17,4
252.971,1,18037760,windows,0,2500,2451.25,20,0,0,0,0,0,0,10,10,0
253.227,0,17726464,windows,0,9640,9527.5,47,0,0,0,0,0,0,26,17,4
253.231,1,18059264,windows,0,2500,2451.25,20,0,0,0,0,0,0,10,10,0
253.488,0,17748992,windows,0,9245,9132.5,47,0,0,0,0,0,0,27,16,4
253.488,1,18080768,windows,0,2500,2451.25,20,0,0,0,0,0,0,10,10,0
253.743,0,17765376,windows,0,8480,8367.5,44,0,0,0,0,0,0,24,16,4
253.748,1,18098176,windows,0,2500,2451.25,20,0,0,0,0,0,0,10,10,0
254.004,0,17782784,windows,0,8480,8367.5,44,0,0,0,0,0,0,24,16,4
254.009,1,18115584,windows,0,2500,2451.25,20,0,0,0,0,0,0,10,10,0
254.257,0,17804288,windows,0,8245,8018.75,43,0,0,0,0,0,0,23,16,4
254.273,1,18134016,windows,0,2500,2451.25,20,0,0,0,0,0,0,10,10,0
254.514,0,17825792,windows,0,8245,8018.75,43,0,0,0,0,0,0,23,16,4
254.534,1,18151424,windows,0,2500,2451.25,20,0,0,0,0,0,0,10,10,0
254.766,0,17848320,windows,0,8245,8018.75,43,0,0,0,0,0,0,23,16,4
254.802,1,18168832,windows,0,2500,2451.25,20,0,0,0,0,0,0,10,10,0
255.028,0,17869824,windows,0,8020,7798.75,42,0,0,0,0,0,0,22,16,4
255.064,1,18186240,windows,0,2500,2451.25,20,0,0,0,0,0,0,10,10,0
255.282,0,17891328,windows,0,7805,7588.75,41,0,0,0,0,0,0,21,16,4
255.317,1,18202624,windows,0,2500,2451.25,20,0,0,0,0,0,0,10,10,0
255.54,0,17913856,windows,0,7805,7588.75,41,0,0,0,0,0,0,21,16,4
255.569,1,18219008,windows,0,2500,2451.25,20,0,0,0,0,0,0,10,10,0
255.792,0,17935360,windows,0,7805,7588.75,41,0,0,0,0,0,0,21,16,4
255.832,1,18236416,windows,0,2500,2451.25,20,0,0,0,0,0,0,10,10,0
256.049,0,17957888,windows,0,6835,6752.5,40,0,0,0,0,0,0,23,14,3
256.095,1,18254848,windows,0,2500,2451.25,20,0,0,0,0,0,0,10,10,0
256.307,0,17980416,windows,0,6610,6527.5,39,0,0,0,0,0,0,22,14,3
256.349,1,18272256,windows,0,2500,2451.25,20,0,0,0,0,0,0,10,10,0
256.558,0,18002944,windows,0,6395,6312.5,38,0,0,0,0,0,0,21,14,3
256.607,1,18288640,windows,0,2500,2451.25,20,0,0,0,0,0,0,10,10,0
256.818,0,18025472,windows,0,6190,6008.75,37,0,0,0,0,0,0,20,14,3
256.863,1,18307072,windows,0,2500,2451.25,20,0,0,0,0,0,0,10,10,0
257.069,0,18045952,windows,0,6190,6008.75,37,0,0,0,0,0,0,20,14,3
257.118,1,18325504,windows,0,2500,2451.25,20,0,0,0,0,0,0,10,10,0
257.328,0,18068480,windows,0,6190,6008.75,37,0,0,0,0,0,0,20,14,3
257.377,1,18343936,windows,0,2500,2451.25,20,0,0,0,0,0,0,10,10,0
257.583,0,18089984,windows,0,6190,6008.75,37,0,0,0,0,0,0,20,14,3
257.642,1,18361344,windows,0,2500,2451.25,20,0,0,0,0,0,0,10,10,0
257.838,0,18111488,windows,0,2500,2451.25,20,0,0,0,0,0,0,10,10,0
257.898,1,18377728,windows,0,2500,2451.25,20,0,0,0,0,0,0,10,10,0
258.092,0,18134016,windows,0,2500,2451.25,20,0,0,0,0,0,0,10,10,0
258.162,1,18395136,repair,0,2500,2451.25,20,0,0,0,0,0,0,10,10,0
258.345,0,18156544,windows,0,2500,2451.25,20,0,0,0,0,0,0,10,10,0
258.413,1,18411520,repair,0,2500,2451.25,20,0,0,0,0,0,0,10,10,0
258.597,0,18179072,windows,0,2500,2451.25,20,0,0,0,0,0,0,10,10,0
258.666,1,18428928,windows,0,2500,2451.25,20,0,0,0,0,0,0,10,10,0
258.851,0,18202624,windows,0,2500,2451.25,20,0,0,0,0,0,0,10,10,0
258.93,1,18447360,windows,0,2500,2451.25,20,0,0,0,0,0,0,10,10,0
259.11,0,18224128,windows,0,2500,2451.25,20,0,0,0,0,0,0,10,10,0
259.18,1,18464768,windows,0,2500,2451.25,20,0,0,0,0,0,0,10,10,0
259.364,0,18244608,windows,0,2500,2451.25,20,0,0,0,0,0,0,10,10,0
259.431,1,18481152,windows,0,2500,2451.25,20,0,0,0,0,0,0,10,10,0
259.616,0,18266112,windows,0,2500,2451.25,20,0,0,0,0,0,0,10,10,0
259.686,1,18497536,windows,0,2500,2451.25,20,0,0,0,0,0,0,10,10,0
259.874,0,18288640,windows,0,2500,2451.25,20,0,0,0,0,0,0,10,10,0
259.938,1,18514944,windows,0,2500,2451.25,20,0,0,0,0,0,0,10,10,0
260.125,0,18310144,windows,0,2500,2451.25,20,0,0,0,0,0,0,10,10,0
260.194,1,18532352,windows,0,2500,2451.25,20,0,0,0,0,0,0,10,10,0
260.384,0,18332672,windows,0,2500,2451.25,20,0,0,0,0,0,0,10,10,0
260.45,1,18549760,windows,0,2500,2451.25,20,0,0,0,0,0,0,10,10,0
260.644,0,18355200,windows,0,2500,2451.25,20,0,0,0,0,0,0,10,10,0
260.703,1,18567168,windows,0,2500,2451.25,20,0,0,0,0,0,0,10,10,0
260.894,0,18377728,windows,0,2500,2451.25,20,0,0,0,0,0,0,10,10,0
260.961,1,18585600,windows,0,2500,2451.25,20,0,0,0,0,0,0,10,10,0
261.154,0,18401280,windows,0,2500,2451.25,20,0,0,0,0,0,0,10,10,0
261.22,1,18601984,repair,0,2500,2451.25,20,0,0,0,0,0,0,10,10,0
261.409,0,18423808,windows,0,2500,2451.25,20,0,0,0,0,0,0,10,10,0
261.475,1,18618368,windows,0,2500,2451.25,20,0,0,0,0,0,0,10,10,0
261.661,0,18445312,windows,0,2500,2451.25,20,0,0,0,0,0,0,10,10,0
261.737,1,18635776,windows,0,2500,2451.25,20,0,0,0,0,0,0,10,10,0
261.923,0,18468864,windows,0,2500,2451.25,20,0,0,0,0,0,0,10,10,0
261.994,1,18653184,windows,0,2500,2451.25,20,0,0,0,0,0,0,10,10,0
262.182,0,18491392,repair,0,2500,2451.25,20,0,0,0,0,0,0,10,10,0
262.245,1,18672640,windows,0,2500,2451.25,20,0,0,0,0,0,0,10,10,0
262.433,0,18512896,windows,0,2500,2451.25,20,0,0,0,0,0,0,10,10,0
262.508,1,18693120,windows,0,2500,2451.25,20,0,0,0,0,0,0,10,10,0
262.694,0,18533376,windows,0,2500,2451.25,20,0,0,0,0,0,0,10,10,0
262.767,1,18713600,windows,0,2500,2451.25,20,0,0,0,0,0,0,10,10,0
262.95,0,18552832,windows,0,2500,2451.25,20,0,0,0,0,0,0,10,10,0
263.027,1,18734080,windows,0,2500,2451.25,20,0,0,0,0,0,0,10,10,0
263.207,0,18573312,windows,0,2500,2451.25,20,0,0,0,0,0,0,10,10,0
263.288,1,18753536,windows,0,2500,2451.25,20,0,0,0,0,0,0,10,10,0
263.461,0,18591744,windows,0,2500,2451.25,20,0,0,0,0,0,0,10,10,0
263.546,1,18771968,windows,0,2500,2451.25,20,0,0,0,0,0,0,10,10,0
263.716,0,18612224,windows,0,2500,2451.25,20,0,0,0,0,0,0,10,10,0
263.807,1,18792448,windows,0,2500,2451.25,20,0,0,0,0,0,0,10,10,0
263.969,0,18633728,windows,0,2500,2451.25,20,0,0,0,0,0,0,10,10,0
264.066,1,18812928,windows,0,2500,2451.25,20,0,0,0,0,0,0,10,10,0
264.219,0,18655232,windows,0,2500,2451.25,20,0,0,0,0,0,0,10,10,0
264.317,1,18832384,repair,0,2500,2451.25,20,0,0,0,0,0,0,10,10,0
264.481,0,18676736,windows,0,2500,2451.25,20,0,0,0,0,0,0,10,10,0
264.57,1,18851840,repair,0,2500,2451.25,20,0,0,0,0,0,0,10,10,0
264.735,0,18698240,windows,0,2500,2451.25,20,0,0,0,0,0,0,10,10,0
264.827,1,18869248,windows,0,2500,2451.25,20,0,0,0,0,0,0,10,10,0
264.988,0,18719744,windows,0,2500,2451.25,20,0,0,0,0,0,0,10,10,0
265.081,1,18886656,windows,0,2500,2451.25,20,0,0,0,0,0,0,10,10,0
265.249,0,18742272,windows,0,2500,2451.25,20,0,0,0,0,0,0,10,10,0
265.337,1,18904064,windows,0,2500,2451.25,20,0,0,0,0,0,0,10,10,0
265.51,0,18763776,windows,0,2500,2451.25,20,0,0,0,0,0,0,10,10,0
265.588,1,18920448,windows,0,2500,2451.25,20,0,0,0,0,0,0,10,10,0
265.762,0,18785280,windows,0,2500,2451.25,20,0,0,0,0,0,0,10,10,0
265.847,1,18937856,windows,0,2500,2451.25,20,0,0,0,0,0,0,10,10,0
266.02,0,18807808,windows,0,2500,2451.25,20,0,0,0,0,0,0,10,10,0
266.108,1,18956288,repair,323,6.93098e+07,6.92797e+07,3689,26,60,52,139,46,0,2052,1502,135
266.277,0,18829312,windows,0,2500,2451.25,20,0,0,0,0,0,0,10,10,0
266.367,1,18978816,repair,210,6.20167e+07,6.19842e+07,3432,16,28,32,81,53,0,1859,1472,101
266.539,0,18849792,windows,0,2500,2451.25,20,0,0,0,0,0,0,10,10,0
266.619,1,19000320,repair,124,5.62017e+07,5.61889e+07,3374,11,27,20,47,19,0,1891,1371,112
266.789,0,18869248,windows,0,2500,2451.25,20,0,0,0,0,0,0,10,10,0
266.872,1,19019776,repair,66,4.91321e+07,4.91321e+07,3153,2,8,13,31,12,0,1773,1285,95
267.04,0,18888704,windows,0,2500,2451.25,20,0,0,0,0,0,0,10,10,0
267.13,1,19039232,repair,35,3.72008e+07,3.71794e+07,2826,1,7,4,16,7,0,1669,1073,84
267.293,0,18909184,windows,0,2500,2451.25,20,0,0,0,0,0,0,10,10,0
267.392,1,19058688,repair,9,3.30251e+07,3.30174e+07,2655,0,0,2,4,3,0,1552,1019,84
267.556,0,18929664,windows,0,2500,2451.25,20,0,0,0,0,0,0,10,10,0
267.642,1,19077120,repair,1,2.41156e+07,2.40981e+07,2363,0,0,0,1,0,0,1515,792,56
267.809,0,18951168,windows,0,2500,2451.25,20,0,0,0,0,0,0,10,10,0
267.903,1,19095552,windows,0,1.62912e+07,1.62771e+07,1969,0,0,0,0,0,0,1286,630,53
268.068,0,18972672,windows,0,2500,2451.25,20,0,0,0,0,0,0,10,10,0
268.154,1,19116032,windows,0,1.03256e+07,1.03106e+07,1570,0,0,0,0,0,0,1044,492,34
268.32,0,18993152,windows,0,2500,2451.25,20,0,0,0,0,0,0,10,10,0
268.405,1,19135488,windows,0,6.80988e+06,6.80112e+06,1292,0,0,0,0,0,0,871,386,35
268.576,0,19012608,repair,0,2500,2451.25,20,0,0,0,0,0,0,10,10,0
268.668,1,19151872,windows,0,4.78846e+06,4.77824e+06,1077,0,0,0,0,0,0,713,333,31
268.834,0,19034112,windows,0,2500,2451.25,20,0,0,0,0,0,0,10,10,0
268.921,1,19168256,windows,0,3.54047e+06,3.54047e+06,932,0,0,0,0,0,0,642,271,19
269.095,0,19051520,windows,0,2500,2451.25,20,0,0,0,0,0,0,10,10,0
269.18,1,19184640,windows,0,2.67718e+06,2.67372e+06,822,0,0,0,0,0,0,586,218,18
269.345,0,19066880,windows,0,2500,2451.25,20,0,0,0,0,0,0,10,10,0
269.437,1,19201024,windows,0,2.06616e+06,2.0622e+06,722,0,0,0,0,0,0,504,198,20
269.603,0,19083264,windows,0,2500,2451.25,20,0,0,0,0,0,0,10,10,0
269.697,1,19216384,windows,0,1.48368e+06,1.48167e+06,599,0,0,0,0,0,0,402,183,14
269.869,0,19099648,windows,0,2500,2451.25,20,0,0,0,0,0,0,10,10,0
269.958,1,19231744,windows,0,1.12172e+06,1.11865e+06,523,0,0,0,0,0,0,359,154,10
270.124,0,19116032,windows,0,2500,2451.25,20,0,0,0,0,0,0,10,10,0
270.22,1,19248128,windows,0,876305,873610,464,0,0,0,0,0,0,319,135,10
270.378,0,19132416,windows,0,2500,2451.25,20,0,0,0,0,0,0,10,10,0
270.485,1,19265536,windows,0,669790,668331,409,0,0,0,0,0,0,292,110,7
270.637,0,19148800,windows,0,2500,2451.25,20,0,0,0,0,0,0,10,10,0
270.748,1,19281920,windows,0,490735,490472,351,0,0,0,0,0,0,245,97,9
270.889,0,19165184,windows,0,2500,2451.25,20,0,0,0,0,0,0,10,10,0
271.007,1,19299328,windows,0,338050,337848,288,0,0,0,0,0,0,196,85,7
271.144,0,19181568,windows,0,2500,2451.25,20,0,0,0,0,0,0,10,10,0
271.265,1,19315712,windows,0,264960,264788,255,0,0,0,0,0,0,174,75,6
271.394,0,19196928,windows,0,2500,2451.25,20,0,0,0,0,0,0,10,10,0
271.528,1,19335168,windows,0,209795,208318,230,0,0,0,0,0,0,159,64,7
271.662,0,19212288,windows,0,2500,2451.25,20,0,0,0,0,0,0,10,10,0
271.784,1,19354624,windows,0,170440,170440,204,0,0,0,0,0,0,136,62,6
271.916,0,19228672,windows,0,2500,2451.25,20,0,0,0,0,0,0,10,10,0
272.035,1,19372032,windows,0,126370,126168,180,0,0,0,0,0,0,124,49,7
272.179,0,19247104,repair,0,2500,2451.25,20,0,0,0,0,0,0,10,10,0
272.296,1,19388416,windows,0,108635,106974,168,0,0,0,0,0,0,117,44,7
272.432,0,19264512,windows,0,2500,2451.25,20,0,0,0,0,0,0,10,10,0
272.563,1,19404800,windows,0,90850,90098.8,155,0,0,0,0,0,0,110,38,7
272.691,0,19280896,windows,0,2500,2451.25,20,0,0,0,0,0,0,10,10,0
272.82,1,19420160,windows,0,77015,77015,141,0,0,0,0,0,0,95,39,7
272.943,0,19297280,windows,0,2500,2451.25,20,0,0,0,0,0,0,10,10,0
273.082,1,19437568,windows,0,62920,62920,128,0,0,0,0,0,0,88,34,6
273.203,0,19314688,windows,0,2500,2451.25,20,0,0,0,0,0,0,10,10,0
273.341,1,19454976,windows,0,53080,52701.2,116,0,0,0,0,0,0,76,34,6
273.465,0,19331072,windows,0,2500,2451.25,20,0,0,0,0,0,0,10,10,0
273.599,1,19474432,windows,0,47360,46356.2,109,0,0,0,0,0,0,70,33,6
273.721,0,19347456,windows,0,2500,2451.25,20,0,0,0,0,0,0,10,10,0
273.856,1,19494912,windows,0,41525,40930,103,0,0,0,0,0,0,67,30,6
273.972,0,19362816,windows,0,2500,2451.25,20,0,0,0,0,0,0,10,10,0
274.114,1,19515392,windows,0,35900,35601.2,95,0,0,0,0,0,0,60,29,6
274.225,0,19379200,windows,0,2500,2451.25,20,0,0,0,0,0,0,10,10,0
274.369,1,19536896,windows,0,33065,32357.5,92,0,0,0,0,0,0,59,27,6
274.478,0,19395584,windows,0,2500,2451.25,20,0,0,0,0,0,0,10,10,0
274.631,1,19559424,windows,0,27725,27278.8,85,0,0,0,0,0,0,55,24,6
274.743,0,19412992,windows,0,2500,2451.25,20,0,0,0,0,0,0,10,10,0
274.888,1,19579904,windows,0,27180,26263.8,84,0,0,0,0,0,0,54,24,6
274.995,0,19429376,windows,0,2500,2451.25,20,0,0,0,0,0,0,10,10,0
275.15,1,19601408,windows,0,23665,23492.5,78,0,0,0,0,0,0,49,23,6
275.246,0,19445760,windows,0,2500,2451.25,20,0,0,0,0,0,0,10,10,0
275.412,1,19620864,windows,0,22240,21838.8,75,0,0,0,0,0,0,46,23,6
275.501,0,19462144,windows,0,2500,2451.25,20,0,0,0,0,0,0,10,10,0
275.67,1,19639296,windows,0,21785,21157.5,74,0,0,0,0,0,0,45,23,6
275.76,0,19478528,repair,309,7.04026e+07,7.03676e+07,3683,13,53,58,113,72,0,2005,1541,137
275.923,1,19658752,windows,0,20905,20063.8,72,0,0,0,0,0,0,43,23,6
276.017,0,19499008,repair,211,5.89266e+07,5.88855e+07,3442,18,29,36,87,41,0,1929,1393,120
276.174,1,19677184,windows,0,20480,20098.8,71,0,0,0,0,0,0,42,23,6
276.278,0,19517440,repair,141,5.20551e+07,5.2046e+07,3238,7,25,30,54,25,0,1816,1319,103
276.437,1,19697664,windows,0,20065,19688.8,70,0,0,0,0,0,0,41,23,6
276.534,0,19535872,repair,86,4.53747e+07,4.53505e+07,3080,5,14,17,34,16,0,1777,1207,96
276.688,1,19719168,windows,0,17765,17765,65,0,0,0,0,0,0,39,22,4
276.793,0,19555328,repair,45,3.87889e+07,3.8756e+07,2812,0,8,3,24,10,0,1605,1133,74
276.941,1,19739648,windows,0,16285,16285,61,0,0,0,0,0,0,35,22,4
277.046,0,19574784,repair,19,3.08091e+07,3.08091e+07,2615,0,2,2,11,4,0,1599,945,71
277.199,1,19762176,windows,0,15780,15365,61,0,0,0,0,0,0,36,21,4
277.306,0,19593216,repair,7,2.51155e+07,2.50986e+07,2365,0,0,2,4,1,0,1466,845,54
277.454,1,19782656,windows,0,15425,15010,60,0,0,0,0,0,0,35,21,4
277.562,0,19611648,repair,1,1.85494e+07,1.85413e+07,2076,0,0,1,0,0,0,1341,689,46
277.713,1,19803136,windows,0,14420,14420,57,0,0,0,0,0,0,32,21,4
277.813,0,19630080,repair,0,1.39816e+07,1.39628e+07,1812,0,0,0,0,0,0,1185,588,39
277.964,1,19823616,windows,0,14105,14105,56,0,0,0,0,0,0,31,21,4
278.074,0,19647488,windows,0,9.75598e+06,9.7511e+06,1515,0,0,0,0,0,0,976,497,42
278.226,1,19845120,windows,0,14105,14105,56,0,0,0,0,0,0,31,21,4
278.344,0,19663872,windows,0,7.24464e+06,7.23946e+06,1313,0,0,0,0,0,0,871,414,28
278.483,1,19864576,windows,0,14105,14105,56,0,0,0,0,0,0,31,21,4
278.6,0,19680256,windows,0,4.9049e+06,4.90112e+06,1095,0,0,0,0,0,0,756,319,20
278.739,1,19885056,windows,0,13800,13236.2,55,0,0,0,0,0,0,30,21,4
278.856,0,19696640,windows,0,3.64134e+06,3.63228e+06,949,0,0,0,0,0,0,671,263,15
278.994,1,19906560,windows,0,13800,13236.2,55,0,0,0,0,0,0,30,21,4
279.116,0,19714048,windows,0,2.76852e+06,2.76852e+06,829,0,0,0,0,0,0,582,231,16
279.253,1,19928064,windows,0,13800,13236.2,55,0,0,0,0,0,0,30,21,4
279.369,0,19729408,windows,0,2.16396e+06,2.16396e+06,736,0,0,0,0,0,0,521,200,15
279.514,1,19948544,windows,0,13505,12946.2,54,0,0,0,0,0,0,29,21,4
279.624,0,19744768,windows,0,1.56106e+06,1.55857e+06,619,0,0,0,0,0,0,428,179,12
279.776,1,19970048,windows,0,13220,12666.2,53,0,0,0,0,0,0,28,21,4
279.888,0,19761152,windows,0,1.15391e+06,1.14866e+06,532,0,0,0,0,0,0,366,155,11
280.035,1,19989504,windows,0,13220,12666.2,53,0,0,0,0,0,0,28,21,4
280.145,0,19777536,windows,0,877600,874985,467,0,0,0,0,0,0,326,131,10
280.286,1,20009984,windows,0,13220,12666.2,53,0,0,0,0,0,0,28,21,4
280.404,0,19792896,windows,0,700430,700430,419,0,0,0,0,0,0,296,114,9
280.537,1,20032512,windows,0,13220,12666.2,53,0,0,0,0,0,0,28,21,4
280.663,0,19808256,windows,0,502255,499818,347,0,0,0,0,0,0,229,109,9
280.796,1,20052992,windows,0,13220,12666.2,53,0,0,0,0,0,0,28,21,4
280.927,0,19824640,windows,0,370850,370850,305,0,0,0,0,0,0,210,86,9
281.054,1,20074496,windows,0,13220,12666.2,53,0,0,0,0,0,0,28,21,4
281.181,0,19841024,windows,0,307355,304514,274,0,0,0,0,0,0,181,84,9
281.312,1,20096000,windows,0,13220,12666.2,53,0,0,0,0,0,0,28,21,4
281.432,0,19856384,windows,0,244625,244625,246,0,0,0,0,0,0,165,73,8
281.564,1,20117504,windows,0,13220,12666.2,53,0,0,0,0,0,0,28,21,4
281.696,0,19871744,windows,0,196340,194316,222,0,0,0,0,0,0,150,64,8
281.821,1,20140032,windows,0,13220,12666.2,53,0,0,0,0,0,0,28,21,4
281.946,0,19887104,windows,0,141710,140252,185,0,0,0,0,0,0,116,60,9
282.072,1,20161536,windows,0,13220,12666.2,53,0,0,0,0,0,0,28,21,4
282.21,0,19903488,windows,0,105395,105192,164,0,0,0,0,0,0,111,46,7
282.327,1,20182016,windows,0,13220,12666.2,53,0,0,0,0,0,0,28,21,4
282.471,0,19918848,windows,0,91195,90488.8,152,0,0,0,0,0,0,101,44,7
282.587,1,20202496,windows,0,13220,12666.2,53,0,0,0,0,0,0,28,21,4
282.734,0,19935232,windows,0,71215,70588.8,133,0,0,0,0,0,0,85,41,7
282.838,1,20222976,windows,0,13220,12666.2,53,0,0,0,0,0,0,28,21,4
282.998,0,19951616,windows,0,55225,55225,118,0,0,0,0,0,0,77,35,6
283.1,1,20245504,windows,0,13220,12666.2,53,0,0,0,0,0,0,28,21,4
283.255,0,19966976,windows,0,41710,41075,101,0,0,0,0,0,0,64,32,5
283.36,1,20268032,windows,0,13220,12666.2,53,0,0,0,0,0,0,28,21,4
283.506,0,19982336,windows,0,34390,34101.2,92,0,0,0,0,0,0,58,29,5
283.619,1,20289536,windows,0,13220,12666.2,53,0,0,0,0,0,0,28,21,4
283.759,0,19998720,windows,0,32150,31575,88,0,0,0,0,0,0,54,29,5
283.875,1,20308992,windows,0,13220,12666.2,53,0,0,0,0,0,0,28,21,4
284.021,0,20015104,windows,0,28850,28850,84,0,0,0,0,0,0,52,27,5
284.125,1,20329472,windows,0,2500,2451.25,20,0,0,0,0,0,0,10,10,0
284.281,0,20031488,windows,0,25790,25790,79,0,0,0,0,0,0,48,26,5
284.387,1,20349952,windows,0,2500,2451.25,20,0,0,0,0,0,0,10,10,0
284.535,0,20047872,windows,0,23950,23950,75,0,0,0,0,0,0,44,26,5
284.644,1,20371456,windows,0,2500,2451.25,20,0,0,0,0,0,0,10,10,0
284.788,0,20063232,windows,0,23090,23090,73,0,0,0,0,0,0,42,26,5
284.905,1,20393984,windows,0,2500,2451.25,20,0,0,0,0,0,0,10,10,0
285.044,0,20079616,windows,0,20095,20095,67,0,0,0,0,0,0,37,25,5
285.162,1,20416512,windows,0,2500,2451.25,20,0,0,0,0,0,0,10,10,0
285.301,0,20096000,windows,0,19375,19201.2,65,0,0,0,0,0,0,35,25,5
285.422,1,20438016,windows,0,2500,2451.25,20,0,0,0,0,0,0,10,10,0
285.57,0,20111360,windows,0,18370,17716.2,62,0,0,0,0,0,0,32,25,5
285.674,1,20460544,windows,0,2500,2451.25,20,0,0,0,0,0,0,10,10,0
285.823,0,20126720,windows,0,17075,16921.2,60,0,0,0,0,0,0,31,24,5
285.929,1,20483072,windows,0,2500,2451.25,20,0,0,0,0,0,0,10,10,0
286.086,0,20144128,windows,0,15605,15441.2,59,0,0,0,0,0,0,33,22,4
286.185,1,20502528,windows,0,2500,2451.25,20,0,0,0,0,0,0,10,10,0
286.351,0,20160512,windows,0,15080,14911.2,59,0,0,0,0,0,0,34,21,4
286.442,1,20523008,windows,0,2500,2451.25,20,0,0,0,0,0,0,10,10,0
286.616,0,20176896,windows,0,13825,13651.2,58,0,0,0,0,0,0,35,19,4
286.693,1,20540416,windows,0,2500,2451.25,20,0,0,0,0,0,0,10,10,0
286.878,0,20191232,windows,0,12505,12505,54,0,0,0,0,0,0,31,19,4
286.947,1,20555776,windows,0,2500,2451.25,20,0,0,0,0,0,0,10,10,0
287.128,0,20207616,windows,0,11620,11481.2,51,0,0,0,0,0,0,28,19,4
287.206,1,20573184,windows,0,2500,2451.25,20,0,0,0,0,0,0,10,10,0
287.392,0,20224000,windows,0,11620,11481.2,51,0,0,0,0,0,0,28,19,4
287.469,1,20590592,windows,0,2500,2451.25,20,0,0,0,0,0,0,10,10,0
287.647,0,20240384,windows,0,11345,11211.2,50,0,0,0,0,0,0,27,19,4
287.724,1,20608000,windows,0,2500,2451.25,20,0,0,0,0,0,0,10,10,0
287.906,0,20257792,windows,0,11345,11211.2,50,0,0,0,0,0,0,27,19,4
287.99,1,20625408,windows,0,2500,2451.25,20,0,0,0,0,0,0,10,10,0
288.162,0,20274176,windows,0,11345,11211.2,50,0,0,0,0,0,0,27,19,4
288.255,1,20641792,windows,0,2500,2451.25,20,0,0,0,0,0,0,10,10,0
288.414,0,20289536,windows,0,10825,10701.2,48,0,0,0,0,0,0,25,19,4
288.509,1,20658176,windows,0,2500,2451.25,20,0,0,0,0,0,0,10,10,0
288.674,0,20305920,windows,0,10340,10211.2,48,0,0,0,0,0,0,26,18,4
288.768,1,20674560,repair,0,2500,2451.25,20,0,0,0,0,0,0,10,10,0
288.927,0,20321280,windows,0,9840,9366.25,46,0,0,0,0,0,0,24,18,4
289.025,1,20691968,windows,0,2500,2451.25,20,0,0,0,0,0,0,10,10,0
289.183,0,20337664,windows,0,9605,9136.25,45,0,0,0,0,0,0,23,18,4
289.279,1,20709376,windows,0,2500,2451.25,20,0,0,0,0,0,0,10,10,0
289.443,0,20354048,windows,0,8960,8605,42,0,0,0,0,0,0,20,18,4
289.542,1,20726784,windows,0,2500,2451.25,20,0,0,0,0,0,0,10,10,0
289.695,0,20370432,windows,0,8765,8410,41,0,0,0,0,0,0,19,18,4
289.808,1,20744192,windows,0,2500,2451.25,20,0,0,0,0,0,0,10,10,0
289.955,0,20386816,windows,0,8765,8410,41,0,0,0,0,0,0,19,18,4
290.064,1,20761600,windows,0,2500,2451.25,20,0,0,0,0,0,0,10,10,0
290.211,0,20404224,windows,0,8765,8410,41,0,0,0,0,0,0,19,18,4
290.317,1,20779008,windows,0,2500,2451.25,20,0,0,0,0,0,0,10,10,0
290.465,0,20420608,windows,0,8580,8225,40,0,0,0,0,0,0,18,18,4
290.567,1,20797440,windows,0,2500,2451.25,20,0,0,0,0,0,0,10,10,0
290.715,0,20436992,windows,0,8580,8225,40,0,0,0,0,0,0,18,18,4
290.824,1,20819968,windows,0,2500,2451.25,20,0,0,0,0,0,0,10,10,0
290.971,0,20454400,windows,0,8580,8225,40,0,0,0,0,0,0,18,18,4
291.083,1,20843520,windows,0,2500,2451.25,20,0,0,0,0,0,0,10,10,0
291.233,0,20471808,windows,0,8580,8225,40,0,0,0,0,0,0,18,18,4
291.336,1,20867072,windows,0,2500,2451.25,20,0,0,0,0,0,0,10,10,0
291.502,0,20489216,windows,0,7855,7520,39,0,0,0,0,0,0,19,17,3
291.595,1,20888576,windows,0,2500,2451.25,20,0,0,0,0,0,0,10,10,0
291.756,0,20505600,windows,0,7855,7520,39,0,0,0,0,0,0,19,17,3
291.852,1,20909056,repair,0,2500,2451.25,20,0,0,0,0,0,0,10,10,0
292.014,0,20521984,windows,0,7855,7520,39,0,0,0,0,0,0,19,17,3
292.113,1,20928512,windows,0,2500,2451.25,20,0,0,0,0,0,0,10,10,0
292.278,0,20538368,windows,0,7855,7520,39,0,0,0,0,0,0,19,17,3
292.364,1,20945920,windows,0,2500,2451.25,20,0,0,0,0,0,0,10,10,0
292.536,0,20554752,windows,0,7855,7520,39,0,0,0,0,0,0,19,17,3
292.625,1,20965376,windows,0,2500,2451.25,20,0,0,0,0,0,0,10,10,0
292.787,0,20571136,windows,0,7855,7520,39,0,0,0,0,0,0,19,17,3
292.885,1,20986880,windows,0,2500,2451.25,20,0,0,0,0,0,0,10,10,0
293.038,0,20586496,windows,0,7855,7520,39,0,0,0,0,0,0,19,17,3
293.138,1,21008384,windows,0,2500,2451.25,20,0,0,0,0,0,0,10,10,0
293.294,0,20602880,windows,0,7670,7246.25,38,0,0,0,0,0,0,18,17,3
293.396,1,21027840,windows,0,2500,2451.25,20,0,0,0,0,0,0,10,10,0
293.548,0,20619264,windows,0,7495,7160,37,0,0,0,0,0,0,17,17,3
293.655,1,21048320,windows,0,2500,2451.25,20,0,0,0,0,0,0,10,10,0
293.799,0,20635648,windows,0,7495,7160,37,0,0,0,0,0,0,17,17,3
293.917,1,21069824,windows,0,2500,2451.25,20,0,0,0,0,0,0,10,10,0
294.063,0,20653056,windows,0,7495,7160,37,0,0,0,0,0,0,17,17,3
294.17,1,21090304,windows,0,2500,2451.25,20,0,0,0,0,0,0,10,10,0
294.328,0,20670464,windows,0,7495,7160,37,0,0,0,0,0,0,17,17,3
294.423,1,21109760,windows,0,2500,2451.25,20,0,0,0,0,0,0,10,10,0
294.591,0,20687872,windows,0,7495,7160,37,0,0,0,0,0,0,17,17,3
294.682,1,21130240,windows,0,2500,2451.25,20,0,0,0,0,0,0,10,10,0
294.849,0,20704256,windows,0,7495,7160,37,0,0,0,0,0,0,17,17,3
294.935,1,21150720,windows,0,2500,2451.25,20,0,0,0,0,0,0,10,10,0
295.108,0,20721664,windows,0,2500,2451.25,20,0,0,0,0,0,0,10,10,0
295.196,1,21172224,windows,0,2500,2451.25,20,0,0,0,0,0,0,10,10,0
295.37,0,20740096,windows,0,2500,2451.25,20,0,0,0,0,0,0,10,10,0
295.455,1,21192704,repair,0,2500,2451.25,20,0,0,0,0,0,0,10,10,0
295.631,0,20758528,windows,0,2500,2451.25,20,0,0,0,0,0,0,10,10,0
295.714,1,21215232,windows,0,2500,2451.25,20,0,0,0,0,0,0,10,10,0
295.889,0,20776960,windows,0,2500,2451.25,20,0,0,0,0,0,0,10,10,0
295.974,1,21236736,windows,0,2500,2451.25,20,0,0,0,0,0,0,10,10,0
296.149,0,20794368,windows,0,2500,2451.25,20,0,0,0,0,0,0,10,10,0
296.23,1,21257216,windows,0,2500,2451.25,20,0,0,0,0,0,0,10,10,0
296.408,0,20812800,windows,0,2500,2451.25,20,0,0,0,0,0,0,10,10,0
296.485,1,21277696,windows,0,2500,2451.25,20,0,0,0,0,0,0,10,10,0
296.663,0,20830208,windows,0,2500,2451.25,20,0,0,0,0,0,0,10,10,0
296.74,1,21298176,windows,0,2500,2451.25,20,0,0,0,0,0,0,10,10,0
296.924,0,20848640,windows,0,2500,2451.25,20,0,0,0,0,0,0,10,10,0
296.991,1,21318656,windows,0,2500,2451.25,20,0,0,0,0,0,0,10,10,0
297.186,0,20866048,windows,0,2500,2451.25,20,0,0,0,0,0,0,10,10,0
297.25,1,21339136,windows,0,2500,2451.25,20,0,0,0,0,0,0,10,10,0
297.438,0,20883456,windows,0,2500,2451.25,20,0,0,0,0,0,0,10,10,0
297.507,1,21359616,windows,0,2500,2451.25,20,0,0,0,0,0,0,10,10,0
297.693,0,20901888,windows,0,2500,2451.25,20,0,0,0,0,0,0,10,10,0
297.761,1,21380096,windows,0,2500,2451.25,20,0,0,0,0,0,0,10,10,0
297.947,0,20919296,windows,0,2500,2451.25,20,0,0,0,0,0,0,10,10,0
298.019,1,21401600,windows,0,2500,2451.25,20,0,0,0,0,0,0,10,10,0
298.208,0,20936704,windows,0,2500,2451.25,20,0,0,0,0,0,0,10,10,0
298.271,1,21422080,windows,0,2500,2451.25,20,0,0,0,0,0,0,10,10,0
298.467,0,20954112,windows,0,2500,2451.25,20,0,0,0,0,0,0,10,10,0
298.521,1,21442560,windows,0,2500,2451.25,20,0,0,0,0,0,0,10,10,0
298.73,0,20971520,windows,0,2500,2451.25,20,0,0,0,0,0,0,10,10,0
298.771,1,21463040,windows,0,2500,2451.25,20,0,0,0,0,0,0,10,10,0
298.984,0,20988928,windows,0,2500,2451.25,20,0,0,0,0,0,0,10,10,0
299.026,1,21483520,repair,0,2500,2451.25,20,0,0,0,0,0,0,10,10,0
299.249,0,21006336,windows,0,2500,2451.25,20,0,0,0,0,0,0,10,10,0
299.283,1,21505024,windows,0,2500,2451.25,20,0,0,0,0,0,0,10,10,0
299.511,0,21023744,windows,0,2500,2451.25,20,0,0,0,0,0,0,10,10,0
299.542,1,21523456,windows,0,2500,2451.25,20,0,0,0,0,0,0,10,10,0
299.77,0,21041152,windows,0,2500,2451.25,20,0,0,0,0,0,0,10,10,0
299.796,1,21540864,windows,0,2500,2451.25,20,0,0,0,0,0,0,10,10,0
300.027,0,21058560,windows,0,2500,2451.25,20,0,0,0,0,0,0,10,10,0
300.055,1,21560320,windows,0,2500,2451.25,20,0,0,0,0,0,0,10,10,0
300.284,0,21076992,windows,0,2500,2451.25,20,0,0,0,0,0,0,10,10,0
300.31,1,21579776,windows,0,2500,2451.25,20,0,0,0,0,0,0,10,10,0
300.549,0,21095424,windows,0,2500,2451.25,20,0,0,0,0,0,0,10,10,0
300.568,1,21598208,windows,0,2500,2451.25,20,0,0,0,0,0,0,10,10,0
300.803,0,21112832,repair,0,2500,2451.25,20,0,0,0,0,0,0,10,10,0
300.827,1,21618688,windows,0,2500,2451.25,20,0,0,0,0,0,0,10,10,0
301.055,0,21128192,repair,0,2500,2451.25,20,0,0,0,0,0,0,10,10,0
301.077,1,21638144,windows,0,2500,2451.25,20,0,0,0,0,0,0,10,10,0
301.319,0,21145600,windows,0,2500,2451.25,20,0,0,0,0,0,0,10,10,0
301.346,1,21656576,windows,0,2500,2451.25,20,0,0,0,0,0,0,10,10,0
301.581,0,21163008,windows,0,2500,2451.25,20,0,0,0,0,0,0,10,10,0
301.602,1,21675008,windows,0,2500,2451.25,20,0,0,0,0,0,0,10,10,0
301.843,0,21179392,windows,0,2500,2451.25,20,0,0,0,0,0,0,10,10,0
301.865,1,21693440,windows,0,2500,2451.25,20,0,0,0,0,0,0,10,10,0
302.103,0,21195776,windows,0,2500,2451.25,20,0,0,0,0,0,0,10,10,0
302.118,1,21710848,repair,387,5.83562e+07,5.83525e+07,3343,30,67,68,145,77,0,1852,1366,125
302.365,0,21212160,windows,0,2500,2451.25,20,0,0,0,0,0,0,10,10,0
302.376,1,21734400,repair,229,6.6575e+07,6.65313e+07,3656,16,50,43,88,32,0,2048,1482,126
302.627,0,21229568,windows,0,2500,2451.25,20,0,0,0,0,0,0,10,10,0
302.637,1,21757952,repair,146,5.19211e+07,5.19179e+07,3221,4,36,24,58,24,0,1791,1323,107
302.88,0,21246976,windows,0,2500,2451.25,20,0,0,0,0,0,0,10,10,0
302.898,1,21781504,repair,73,4.78126e+07,4.78097e+07,3162,3,10,8,26,26,0,1826,1239,97
303.131,0,21264384,windows,0,2500,2451.25,20,0,0,0,0,0,0,10,10,0
303.149,1,21805056,repair,29,4.01666e+07,4.0142e+07,2928,1,3,2,13,10,0,1735,1116,77
303.388,0,21281792,windows,0,2500,2451.25,20,0,0,0,0,0,0,10,10,0
303.41,1,21827584,repair,9,3.05562e+07,3.05541e+07,2606,0,2,2,5,0,0,1593,941,72
303.643,0,21300224,windows,0,2500,2451.25,20,0,0,0,0,0,0,10,10,0
303.662,1,21851136,repair,1,1.88383e+07,1.88383e+07,2086,0,0,0,1,0,0,1320,708,58
303.903,0,21318656,windows,0,2500,2451.25,20,0,0,0,0,0,0,10,10,0
303.917,1,21873664,windows,0,1.1626e+07,1.16084e+07,1646,0,0,0,0,0,0,1050,550,46
304.16,0,21337088,windows,0,2500,2451.25,20,0,0,0,0,0,0,10,10,0
304.171,1,21895168,windows,0,7.82054e+06,7.81213e+06,1382,0,0,0,0,0,0,919,421,42
304.423,0,21354496,windows,0,2500,2451.25,20,0,0,0,0,0,0,10,10,0
304.427,1,21915648,windows,0,4.83182e+06,4.82713e+06,1090,0,0,0,0,0,0,725,329,36
304.674,0,21370880,repair,0,2500,2451.25,20,0,0,0,0,0,0,10,10,0
304.686,1,21935104,windows,0,3.38844e+06,3.38214e+06,922,0,0,0,0,0,0,623,266,33
304.931,0,21387264,windows,0,2500,2451.25,20,0,0,0,0,0,0,10,10,0
304.936,1,21954560,windows,0,2.44349e+06,2.44281e+06,780,0,0,0,0,0,0,532,225,23
305.192,0,21403648,windows,0,2500,2451.25,20,0,0,0,0,0,0,10,10,0
305.192,1,21975040,windows,0,1.63109e+06,1.63109e+06,638,0,0,0,0,0,0,436,183,19
305.449,0,21420032,windows,0,2500,2451.25,20,0,0,0,0,0,0,10,10,0
305.455,1,21994496,windows,0,1.11744e+06,1.11744e+06,525,0,0,0,0,0,0,357,154,14
305.708,0,21437440,windows,0,2500,2451.25,20,0,0,0,0,0,0,10,10,0
305.712,1,22014976,windows,0,814130,810046,451,0,0,0,0,0,0,314,126,11
305.959,0,21453824,windows,0,2500,2451.25,20,0,0,0,0,0,0,10,10,0
305.975,1,22036480,windows,0,593215,593215,385,0,0,0,0,0,0,269,107,9
306.211,0,21470208,windows,0,2500,2451.25,20,0,0,0,0,0,0,10,10,0
306.239,1,22056960,windows,0,383900,381972,314,0,0,0,0,0,0,222,82,10
306.462,0,21486592,windows,0,2500,2451.25,20,0,0,0,0,0,0,10,10,0
306.492,1,22075392,windows,0,281865,280719,266,0,0,0,0,0,0,183,75,8
306.724,0,21504000,windows,0,2500,2451.25,20,0,0,0,0,0,0,10,10,0
306.747,1,22094848,windows,0,206545,205539,228,0,0,0,0,0,0,155,65,8
306.984,0,21520384,windows,0,2500,2451.25,20,0,0,0,0,0,0,10,10,0
307.005,1,22115328,windows,0,165650,164729,206,0,0,0,0,0,0,144,55,7
307.235,0,21536768,windows,0,2500,2451.25,20,0,0,0,0,0,0,10,10,0
307.262,1,22135808,windows,0,114610,114408,173,0,0,0,0,0,0,122,44,7
307.5,0,21553152,windows,0,2500,2451.25,20,0,0,0,0,0,0,10,10,0
307.516,1,22156288,windows,0,89990,89787.5,150,0,0,0,0,0,0,98,45,7
307.756,0,21569536,repair,0,2500,2451.25,20,0,0,0,0,0,0,10,10,0
307.769,1,22177792,windows,0,68750,68128.8,131,0,0,0,0,0,0,84,40,7
308.018,0,21587968,windows,0,2500,2451.25,20,0,0,0,0,0,0,10,10,0
308.031,1,22198272,windows,0,51580,51407.5,114,0,0,0,0,0,0,74,34,6
308.272,0,21604352,windows,0,2500,2451.25,20,0,0,0,0,0,0,10,10,0
308.289,1,22218752,windows,0,44105,43317.5,106,0,0,0,0,0,0,69,31,6
308.531,0,21620736,windows,0,2500,2451.25,20,0,0,0,0,0,0,10,10,0
308.546,1,22239232,windows,0,34995,34400,92,0,0,0,0,0,0,57,30,5
308.79,0,21637120,windows,0,2500,2451.25,20,0,0,0,0,0,0,10,10,0
308.806,1,22260736,windows,0,30455,30455,87,0,0,0,0,0,0,55,27,5
309.046,0,21652480,windows,0,2500,2451.25,20,0,0,0,0,0,0,10,10,0
309.065,1,22281216,windows,0,25750,25750,80,0,0,0,0,0,0,50,25,5
309.305,0,21667840,windows,0,2500,2451.25,20,0,0,0,0,0,0,10,10,0
309.323,1,22300672,windows,0,22850,22478.8,75,0,0,0,0,0,0,46,24,5
309.565,0,21683200,windows,0,2500,2451.25,20,0,0,0,0,0,0,10,10,0
309.573,1,22320128,windows,0,21640,21072.5,73,0,0,0,0,0,0,46,23,4
309.829,1,22340608,windows,0,20285,19948.8,71,0,0,0,0,0,0,45,22,4
309.829,0,21699584,windows,0,2500,2451.25,20,0,0,0,0,0,0,10,10,0
310.083,0,21716992,windows,0,2500,2451.25,20,0,0,0,0,0,0,10,10,0
310.089,1,22360064,windows,0,18160,18047.5,66,0,0,0,0,0,0,40,22,4
310.342,1,22379520,windows,0,17765,17458.8,65,0,0,0,0,0,0,39,22,4
310.345,0,21737472,repair,0,2500,2451.25,20,0,0,0,0,0,0,10,10,0
310.592,1,22398976,windows,0,16520,15992.5,63,0,0,0,0,0,0,38,21,4
310.602,0,21758976,windows,0,2500,2451.25,20,0,0,0,0,0,0,10,10,0
310.849,1,22418432,windows,0,15780,15252.5,61,0,0,0,0,0,0,36,21,4
310.853,0,21779456,windows,0,2500,2451.25,20,0,0,0,0,0,0,10,10,0
311.111,0,21799936,windows,0,2500,2451.25,20,0,0,0,0,0,0,10,10,0
311.115,1,22435840,windows,0,13925,13812.5,57,0,0,0,0,0,0,33,20,4
311.369,1,22452224,windows,0,13145,12868.8,56,0,0,0,0,0,0,33,19,4
311.373,0,21820416,windows,0,2500,2451.25,20,0,0,0,0,0,0,10,10,0
311.626,0,21840896,windows,0,2500,2451.25,20,0,0,0,0,0,0,10,10,0
311.63,1,22469632,windows,0,12820,12548.8,55,0,0,0,0,0,0,32,19,4
311.886,0,21861376,windows,0,2500,2451.25,20,0,0,0,0,0,0,10,10,0
311.893,1,22488064,windows,0,12820,12548.8,55,0,0,0,0,0,0,32,19,4
312.146,1,22505472,windows,0,12400,11892.5,52,0,0,0,0,0,0,28,20,4
312.149,0,21879808,windows,0,2500,2451.25,20,0,0,0,0,0,0,10,10,0
312.401,0,21900288,windows,0,2500,2451.25,20,0,0,0,0,0,0,10,10,0
312.404,1,22522880,windows,0,11620,11507.5,51,0,0,0,0,0,0,28,19,4
312.652,0,21919744,windows,0,2500,2451.25,20,0,0,0,0,0,0,10,10,0
312.654,1,22540288,windows,0,11080,10838.8,49,0,0,0,0,0,0,26,19,4
312.904,0,21940224,windows,0,2500,2451.25,20,0,0,0,0,0,0,10,10,0
312.908,1,22558720,windows,0,11080,10838.8,49,0,0,0,0,0,0,26,19,4
313.159,1,22576128,windows,0,11080,10838.8,49,0,0,0,0,0,0,26,19,4
313.16,0,21961728,windows,0,2500,2451.25,20,0,0,0,0,0,0,10,10,0
313.416,0,21982208,windows,0,2500,2451.25,20,0,0,0,0,0,0,10,10,0
313.419,1,22594560,windows,0,10670,10531.2,49,0,0,0,0,0,0,28,18,3
313.667,0,22001664,repair,377,6.61582e+07,6.61582e+07,3503,27,71,68,136,75,0,1871,1499,133
313.675,1,22612992,windows,0,9875,9751.25,46,0,0,0,0,0,0,25,18,3
313.923,0,22026240,repair,224,6.10322e+07,6.09939e+07,3443,11,34,47,88,44,0,1885,1444,114
313.931,1,22631424,windows,0,9430,9301.25,46,0,0,0,0,0,0,26,17,3
314.174,0,22050816,repair,131,5.19482e+07,5.1913e+07,3290,8,21,18,59,25,0,1896,1288,106
314.191,1,22649856,windows,0,9175,9051.25,45,0,0,0,0,0,0,25,17,3
314.434,0,22073344,repair,70,4.13726e+07,4.13413e+07,2978,4,12,10,29,15,0,1775,1125,78
314.447,1,22668288,windows,0,8695,8581.25,43,0,0,0,0,0,0,23,17,3
314.686,0,22096896,repair,31,3.08339e+07,3.08048e+07,2560,1,4,7,12,7,0,1515,980,65
314.7,1,22686720,windows,0,8050,7951.25,40,0,0,0,0,0,0,20,17,3
314.947,0,22120448,repair,8,2.48314e+07,2.48059e+07,2362,0,2,1,2,3,0,1479,831,52
314.95,1,22705152,windows,0,7670,7581.25,38,0,0,0,0,0,0,18,17,3
315.206,0,22145024,repair,1,1.48854e+07,1.48785e+07,1854,0,0,1,0,0,0,1212,613,29
315.211,1,22726656,windows,0,7670,7581.25,38,0,0,0,0,0,0,18,17,3
315.457,0,22167552,windows,0,9.78277e+06,9.77292e+06,1518,0,0,0,0,0,0,988,493,37
315.463,1,22748160,windows,0,7390,7291.25,39,0,0,0,0,0,0,20,16,3
315.71,0,22188032,windows,0,6.81902e+06,6.8147e+06,1282,0,0,0,0,0,0,865,391,26
315.722,1,22770688,windows,0,6670,6670,35,0,0,0,0,0,0,16,16,3
315.968,0,22208512,windows,0,4.59106e+06,4.59106e+06,1033,0,0,0,0,0,0,680,337,16
315.984,1,22794240,windows,0,6670,6670,35,0,0,0,0,0,0,16,16,3
316.219,0,22227968,windows,0,3.31774e+06,3.31414e+06,892,0,0,0,0,0,0,591,279,22
316.234,1,22816768,windows,0,6515,6043.75,34,0,0,0,0,0,0,15,16,3
316.47,0,22247424,windows,0,2.38333e+06,2.38061e+06,776,0,0,0,0,0,0,544,211,21
316.485,1,22838272,windows,0,6515,6043.75,34,0,0,0,0,0,0,15,16,3
316.728,0,22266880,windows,0,1.72598e+06,1.72189e+06,640,0,0,0,0,0,0,419,205,16
316.74,1,22858752,windows,0,6370,5972.5,33,0,0,0,0,0,0,14,16,3
316.989,0,22287360,windows,0,1.14362e+06,1.14184e+06,527,0,0,0,0,0,0,356,159,12
317,1,22880256,windows,0,6370,5972.5,33,0,0,0,0,0,0,14,16,3
317.251,0,22308864,windows,0,789865,785676,432,0,0,0,0,0,0,283,139,10
317.253,1,22901760,windows,0,6370,5972.5,33,0,0,0,0,0,0,14,16,3
317.505,1,22922240,windows,0,2500,2451.25,20,0,0,0,0,0,0,10,10,0
317.511,0,22330368,windows,0,530110,526836,365,0,0,0,0,0,0,256,100,9
317.765,1,22943744,windows,0,2500,2451.25,20,0,0,0,0,0,0,10,10,0
317.77,0,22350848,windows,0,323305,320626,276,0,0,0,0,0,0,181,89,6
318.024,1,22966272,windows,0,2500,2451.25,20,0,0,0,0,0,0,10,10,0
318.029,0,22371328,windows,0,238355,238092,242,0,0,0,0,0,0,159,74,9
318.285,1,22987776,windows,0,2500,2451.25,20,0,0,0,0,0,0,10,10,0
318.286,0,22391808,windows,0,186935,185949,217,0,0,0,0,0,0,145,63,9
318.539,0,22412288,windows,0,124930,124930,176,0,0,0,0,0,0,116,53,7
318.547,1,23008256,windows,0,2500,2451.25,20,0,0,0,0,0,0,10,10,0
318.797,1,23028736,windows,0,2500,2451.25,20,0,0,0,0,0,0,10,10,0
318.802,0,22432768,windows,0,95570,94615,153,0,0,0,0,0,0,98,48,7
319.053,1,23050240,windows,0,2500,2451.25,20,0,0,0,0,0,0,10,10,0
319.053,0,22453248,windows,0,71680,71680,131,0,0,0,0,0,0,82,43,6
319.305,0,22473728,windows,0,60115,59912.5,120,0,0,0,0,0,0,73,40,7
319.305,1,23070720,windows,0,2500,2451.25,20,0,0,0,0,0,0,10,10,0
319.558,0,22494208,windows,0,50575,50575,109,0,0,0,0,0,0,67,37,5
319.568,1,23092224,windows,0,2500,2451.25,20,0,0,0,0,0,0,10,10,0
319.814,0,22515712,windows,0,45890,45890,103,0,0,0,0,0,0,62,36,5
319.82,1,23114752,windows,0,2500,2451.25,20,0,0,0,0,0,0,10,10,0
320.066,0,22536192,windows,0,44075,43781.2,100,0,0,0,0,0,0,59,36,5
320.081,1,23136256,windows,0,2500,2451.25,20,0,0,0,0,0,0,10,10,0
320.32,0,22557696,windows,0,41250,41250,95,0,0,0,0,0,0,54,36,5
320.337,1,23157760,windows,0,2500,2451.25,20,0,0,0,0,0,0,10,10,0
320.578,0,22579200,windows,0,36050,35791.2,90,0,0,0,0,0,0,52,33,5
320.593,1,23179264,windows,0,2500,2451.25,20,0,0,0,0,0,0,10,10,0
320.834,0,22600704,windows,0,33575,33575,85,0,0,0,0,0,0,47,33,5
320.856,1,23201792,windows,0,2500,2451.25,20,0,0,0,0,0,0,10,10,0
321.09,0,22621184,windows,0,33110,33110,84,0,0,0,0,0,0,46,33,5
321.11,1,23220224,windows,0,2500,2451.25,20,0,0,0,0,0,0,10,10,0
321.344,0,22641664,windows,0,31810,31810,83,0,0,0,0,0,0,46,32,5
321.37,1,23241728,windows,0,2500,2451.25,20,0,0,0,0,0,0,10,10,0
321.597,0,22662144,windows,0,30050,29841.2,79,0,0,0,0,0,0,42,32,5
321.63,1,23263232,windows,0,2500,2451.25,20,0,0,0,0,0,0,10,10,0
321.853,0,22682624,windows,0,29215,29001.2,79,0,0,0,0,0,0,43,31,5
321.884,1,23284736,windows,0,2500,2451.25,20,0,0,0,0,0,0,10,10,0
322.106,0,22703104,windows,0,27970,27771.2,76,0,0,0,0,0,0,40,31,5
322.137,1,23306240,windows,0,2500,2451.25,20,0,0,0,0,0,0,10,10,0
322.361,0,22723584,windows,0,27970,27771.2,76,0,0,0,0,0,0,40,31,5
322.388,1,23326720,windows,0,2500,2451.25,20,0,0,0,0,0,0,10,10,0
322.616,0,22744064,windows,0,27970,27771.2,76,0,0,0,0,0,0,40,31,5
322.649,1,23348224,windows,0,2500,2451.25,20,0,0,0,0,0,0,10,10,0
322.876,0,22764544,windows,0,27970,27771.2,76,0,0,0,0,0,0,40,31,5
322.91,1,23366656,repair,0,2500,2451.25,20,0,0,0,0,0,0,10,10,0
323.132,0,22785024,windows,0,25495,25495,73,0,0,0,0,0,0,41,29,3
323.161,1,23383040,windows,0,2500,2451.25,20,0,0,0,0,0,0,10,10,0
323.389,0,22805504,windows,0,25090,25090,72,0,0,0,0,0,0,40,29,3
323.419,1,23399424,windows,0,2500,2451.25,20,0,0,0,0,0,0,10,10,0
323.643,0,22827008,windows,0,23935,23751.2,69,0,0,0,0,0,0,37,29,3
323.683,1,23415808,windows,0,2500,2451.25,20,0,0,0,0,0,0,10,10,0
323.9,0,22848512,windows,0,23570,23391.2,68,0,0,0,0,0,0,36,29,3
323.943,1,23432192,windows,0,2500,2451.25,20,0,0,0,0,0,0,10,10,0
324.157,0,22871040,windows,0,20485,19970,65,0,0,0,0,0,0,37,26,2
324.193,1,23447552,windows,0,2500,2451.25,20,0,0,0,0,0,0,10,10,0
324.409,0,22890496,windows,0,20030,19515,63,0,0,0,0,0,0,36,26,1
324.452,1,23462912,windows,0,2500,2451.25,20,0,0,0,0,0,0,10,10,0
324.67,0,22909952,windows,0,18770,18106.2,63,0,0,0,0,0,0,38,24,1
324.708,1,23479296,windows,0,2500,2451.25,20,0,0,0,0,0,0,10,10,0
324.923,0,22928384,windows,0,17455,17455,61,0,0,0,0,0,0,37,23,1
324.967,1,23496704,windows,0,2500,2451.25,20,0,0,0,0,0,0,10,10,0
325.176,0,22946816,windows,0,16390,15935,58,0,0,0,0,0,0,34,23,1
325.222,1,23514112,windows,0,2500,2451.25,20,0,0,0,0,0,0,10,10,0
325.437,0,22965248,windows,0,16390,15935,58,0,0,0,0,0,0,34,23,1
325.486,1,23530496,windows,0,2500,2451.25,20,0,0,0,0,0,0,10,10,0
325.7,0,22982656,windows,0,15110,14961.2,54,0,0,0,0,0,0,30,23,1
325.741,1,23547904,windows,0,2500,2451.25,20,0,0,0,0,0,0,10,10,0
325.951,0,23000064,windows,0,13915,13915,52,0,0,0,0,0,0,29,22,1
326,1,23566336,windows,0,2500,2451.25,20,0,0,0,0,0,0,10,10,0
326.205,0,23018496,windows,0,13915,13915,52,0,0,0,0,0,0,29,22,1
326.251,1,23582720,windows,0,2500,2451.25,20,0,0,0,0,0,0,10,10,0
326.466,0,23036928,windows,0,13915,13915,52,0,0,0,0,0,0,29,22,1
326.501,1,23599104,windows,0,2500,2451.25,20,0,0,0,0,0,0,10,10,0
326.731,0,23055360,windows,0,13090,12961.2,49,0,0,0,0,0,0,26,22,1
326.753,1,23615488,windows,0,2500,2451.25,20,0,0,0,0,0,0,10,10,0
326.994,0,23073792,windows,0,13090,12961.2,49,0,0,0,0,0,0,26,22,1
327.007,1,23631872,windows,0,2500,2451.25,20,0,0,0,0,0,0,10,10,0
327.254,0,23092224,windows,0,13090,12961.2,49,0,0,0,0,0,0,26,22,1
327.269,1,23649280,windows,0,2500,2451.25,20,0,0,0,0,0,0,10,10,0
327.518,0,23109632,windows,0,13090,12961.2,49,0,0,0,0,0,0,26,22,1
327.522,1,23669760,windows,0,2500,2451.25,20,0,0,0,0,0,0,10,10,0
327.773,0,23127040,windows,0,13090,12961.2,49,0,0,0,0,0,0,26,22,1
327.778,1,23691264,repair,0,2500,2451.25,20,0,0,0,0,0,0,10,10,0
328.032,0,23145472,windows,0,13090,12961.2,49,0,0,0,0,0,0,26,22,1
328.038,1,23713792,repair,0,2500,2451.25,20,0,0,0,0,0,0,10,10,0
328.286,0,23162880,windows,0,12495,12495,49,0,0,0,0,0,0,27,21,1
328.29,1,23735296,windows,0,2500,2451.25,20,0,0,0,0,0,0,10,10,0
328.538,0,23180288,windows,0,12230,12230,48,0,0,0,0,0,0,26,21,1
328.541,1,23755776,windows,0,2500,2451.25,20,0,0,0,0,0,0,10,10,0
328.791,0,23196672,windows,0,12230,12230,48,0,0,0,0,0,0,26,21,1
328.803,1,23774208,windows,0,2500,2451.25,20,0,0,0,0,0,0,10,10,0
329.048,0,23212032,windows,0,12230,12230,48,0,0,0,0,0,0,26,21,1
329.063,1,23790592,windows,0,2500,2451.25,20,0,0,0,0,0,0,10,10,0
329.308,0,23229440,windows,0,12230,12230,48,0,0,0,0,0,0,26,21,1
329.316,1,23806976,windows,0,2500,2451.25,20,0,0,0,0,0,0,10,10,0
329.56,0,23246848,windows,0,11125,11125,45,0,0,0,0,0,0,25,20,0
329.57,1,23824384,windows,0,2500,2451.25,20,0,0,0,0,0,0,10,10,0
329.81,0,23265280,windows,0,11125,11125,45,0,0,0,0,0,0,25,20,0
329.824,1,23840768,windows,0,2500,2451.25,20,0,0,0,0,0,0,10,10,0
330.061,0,23283712,windows,0,11125,11125,45,0,0,0,0,0,0,25,20,0
330.084,1,23856128,windows,0,2500,2451.25,20,0,0,0,0,0,0,10,10,0
330.322,0,23305216,windows,0,10880,10761.2,44,0,0,0,0,0,0,24,20,0
330.347,1,23870464,windows,0,2500,2451.25,20,0,0,0,0,0,0,10,10,0
330.581,0,23326720,windows,0,10420,10311.2,42,0,0,0,0,0,0,22,20,0
330.604,1,23887872,windows,0,2500,2451.25,20,0,0,0,0,0,0,10,10,0
330.838,0,23349248,windows,0,10205,10101.2,41,0,0,0,0,0,0,21,20,0
330.856,1,23905280,windows,0,2500,2451.25,20,0,0,0,0,0,0,10,10,0
331.097,0,23371776,windows,0,10000,9901.25,40,0,0,0,0,0,0,20,20,0
331.114,1,23922688,windows,0,2500,2451.25,20,0,0,0,0,0,0,10,10,0
331.357,0,23394304,windows,0,9805,9711.25,39,0,0,0,0,0,0,19,20,0
331.376,1,23940096,windows,0,2500,2451.25,20,0,0,0,0,0,0,10,10,0
331.611,0,23415808,windows,0,9805,9711.25,39,0,0,0,0,0,0,19,20,0
331.639,1,23957504,repair,0,2500,2451.25,20,0,0,0,0,0,0,10,10,0
331.866,0,23439360,windows,0,9805,9711.25,39,0,0,0,0,0,0,19,20,0
331.901,1,23976960,repair,0,2500,2451.25,20,0,0,0,0,0,0,10,10,0
332.116,0,23459840,windows,0,9805,9711.25,39,0,0,0,0,0,0,19,20,0
332.158,1,23994368,windows,0,2500,2451.25,20,0,0,0,0,0,0,10,10,0
332.375,0,23481344,windows,0,2500,2451.25,20,0,0,0,0,0,0,10,10,0
332.417,1,24011776,windows,0,2500,2451.25,20,0,0,0,0,0,0,10,10,0
332.625,0,23502848,windows,0,2500,2451.25,20,0,0,0,0,0,0,10,10,0
332.678,1,24029184,windows,0,2500,2451.25,20,0,0,0,0,0,0,10,10,0
332.876,0,23524352,windows,0,2500,2451.25,20,0,0,0,0,0,0,10,10,0
332.941,1,24045568,windows,0,2500,2451.25,20,0,0,0,0,0,0,10,10,0
333.136,0,23547904,windows,0,2500,2451.25,20,0,0,0,0,0,0,10,10,0
333.203,1,24062976,windows,0,2500,2451.25,20,0,0,0,0,0,0,10,10,0
333.387,0,23570432,windows,0,2500,2451.25,20,0,0,0,0,0,0,10,10,0
333.459,1,24079360,windows,0,2500,2451.25,20,0,0,0,0,0,0,10,10,0
333.646,0,23593984,windows,0,2500,2451.25,20,0,0,0,0,0,0,10,10,0
333.713,1,24095744,windows,0,2500,2451.25,20,0,0,0,0,0,0,10,10,0
333.903,0,23618560,windows,0,2500,2451.25,20,0,0,0,0,0,0,10,10,0
333.968,1,24112128,windows,0,2500,2451.25,20,0,0,0,0,0,0,10,10,0
334.159,0,23643136,windows,0,2500,2451.25,20,0,0,0,0,0,0,10,10,0
334.222,1,24128512,windows,0,2500,2451.25,20,0,0,0,0,0,0,10,10,0
334.416,0,23663616,repair,0,2500,2451.25,20,0,0,0,0,0,0,10,10,0
334.477,1,24144896,windows,0,2500,2451.25,20,0,0,0,0,0,0,10,10,0
334.678,0,23682048,windows,0,2500,2451.25,20,0,0,0,0,0,0,10,10,0
334.737,1,24165376,windows,0,2500,2451.25,20,0,0,0,0,0,0,10,10,0
334.93,0,23703552,windows,0,2500,2451.25,20,0,0,0,0,0,0,10,10,0
334.999,1,24186880,windows,0,2500,2451.25,20,0,0,0,0,0,0,10,10,0
335.19,0,23726080,windows,0,2500,2451.25,20,0,0,0,0,0,0,10,10,0
335.252,1,24208384,windows,0,2500,2451.25,20,0,0,0,0,0,0,10,10,0
335.445,0,23745536,windows,0,2500,2451.25,20,0,0,0,0,0,0,10,10,0
335.508,1,24231936,repair,261,6.66272e+07,6.66177e+07,3548,21,53,52,82,53,0,1911,1526,111
335.696,0,23763968,windows,0,2500,2451.25,20,0,0,0,0,0,0,10,10,0
335.763,1,24257536,repair,167,4.76602e+07,4.76515e+07,3117,10,20,22,70,45,0,1759,1246,112
335.947,0,23784448,windows,0,2500,2451.25,20,0,0,0,0,0,0,10,10,0
336.014,1,24282112,repair,82,4.41753e+07,4.41729e+07,3022,4,10,16,37,15,0,1746,1195,81
336.206,0,23805952,windows,0,2500,2451.25,20,0,0,0,0,0,0,10,10,0
336.267,1,24306688,repair,39,3.46928e+07,3.46828e+07,2731,3,8,6,17,5,0,1645,1025,61
336.459,0,23827456,windows,0,2500,2451.25,20,0,0,0,0,0,0,10,10,0
336.528,1,24331264,repair,10,2.98815e+07,2.98554e+07,2619,0,2,0,5,3,0,1669,890,60
336.717,0,23849984,repair,0,2500,2451.25,20,0,0,0,0,0,0,10,10,0
336.784,1,24355840,repair,1,2.11878e+07,2.11659e+07,2210,0,0,0,1,0,0,1436,736,38
336.976,0,23873536,windows,0,2500,2451.25,20,0,0,0,0,0,0,10,10,0
337.041,1,24380416,windows,0,1.27569e+07,1.27514e+07,1709,0,0,0,0,0,0,1111,573,25
337.238,0,23895040,windows,0,2500,2451.25,20,0,0,0,0,0,0,10,10,0
337.298,1,24401920,windows,0,8.18588e+06,8.17189e+06,1384,0,0,0,0,0,0,924,442,18
337.495,0,23913472,windows,0,2500,2451.25,20,0,0,0,0,0,0,10,10,0
337.559,1,24423424,windows,0,5.28532e+06,5.28479e+06,1118,0,0,0,0,0,0,748,352,18
337.75,0,23932928,windows,0,2500,2451.25,20,0,0,0,0,0,0,10,10,0
337.823,1,24444928,windows,0,3.66292e+06,3.65363e+06,948,0,0,0,0,0,0,656,274,18
338.012,0,23953408,windows,0,2500,2451.25,20,0,0,0,0,0,0,10,10,0
338.079,1,24465408,windows,0,2.60335e+06,2.5987e+06,796,0,0,0,0,0,0,550,233,13
338.266,0,23971840,windows,0,2500,2451.25,20,0,0,0,0,0,0,10,10,0
338.335,1,24485888,windows,0,1.69448e+06,1.69197e+06,639,0,0,0,0,0,0,433,194,12
338.521,0,23991296,windows,0,2500,2451.25,20,0,0,0,0,0,0,10,10,0
338.596,1,24506368,windows,0,1.1331e+06,1.12792e+06,529,0,0,0,0,0,0,367,151,11
338.78,0,24011776,windows,0,2500,2451.25,20,0,0,0,0,0,0,10,10,0
338.855,1,24527872,windows,0,785075,783601,434,0,0,0,0,0,0,295,132,7
339.033,0,24033280,windows,0,2500,2451.25,20,0,0,0,0,0,0,10,10,0
339.118,1,24549376,windows,0,550000,550000,362,0,0,0,0,0,0,248,110,4
339.302,0,24052736,windows,0,2500,2451.25,20,0,0,0,0,0,0,10,10,0
339.376,1,24569856,windows,0,357635,357492,294,0,0,0,0,0,0,201,88,5
339.555,0,24067072,windows,0,2500,2451.25,20,0,0,0,0,0,0,10,10,0
339.629,1,24582144,windows,0,288685,287639,263,0,0,0,0,0,0,175,82,6
339.81,0,24081408,windows,0,2500,2451.25,20,0,0,0,0,0,0,10,10,0
339.884,1,24601600,windows,0,209150,209150,231,0,0,0,0,0,0,168,58,5
340.07,0,24098816,windows,0,2500,2451.25,20,0,0,0,0,0,0,10,10,0
340.144,1,24622080,windows,0,159580,159408,201,0,0,0,0,0,0,140,55,6
340.323,0,24118272,windows,0,2500,2451.25,20,0,0,0,0,0,0,10,10,0
340.403,1,24642560,windows,0,103900,103728,162,0,0,0,0,0,0,110,46,6
340.574,0,24136704,windows,0,2500,2451.25,20,0,0,0,0,0,0,10,10,0
340.659,1,24662016,windows,0,80875,80732.5,140,0,0,0,0,0,0,91,44,5
340.829,0,24156160,windows,0,2500,2451.25,20,0,0,0,0,0,0,10,10,0
340.912,1,24682496,windows,0,66450,65113.8,128,0,0,0,0,0,0,84,39,5
341.088,0,24177664,windows,0,2500,2451.25,20,0,0,0,0,0,0,10,10,0
341.174,1,24702976,windows,0,50175,50175,111,0,0,0,0,0,0,75,33,3
341.344,0,24198144,windows,0,2500,2451.25,20,0,0,0,0,0,0,10,10,0
341.424,1,24722432,windows,0,42075,41731.2,102,0,0,0,0,0,0,69,30,3
341.605,0,24216576,windows,0,2500,2451.25,20,0,0,0,0,0,0,10,10,0
341.675,1,24740864,windows,0,38710,38401.2,96,0,0,0,0,0,0,62,31,3
341.861,0,24236032,windows,0,2500,2451.25,20,0,0,0,0,0,0,10,10,0
341.93,1,24761344,windows,0,36875,36571.2,94,0,0,0,0,0,0,61,30,3
342.122,0,24255488,windows,0,2500,2451.25,20,0,0,0,0,0,0,10,10,0
342.186,1,24782848,windows,0,29015,29015,85,0,0,0,0,0,0,57,25,3
342.382,0,24273920,windows,0,2500,2451.25,20,0,0,0,0,0,0,10,10,0
342.438,1,24803328,windows,0,25835,25571.2,80,0,0,0,0,0,0,53,24,3
342.642,0,24292352,windows,0,2500,2451.25,20,0,0,0,0,0,0,10,10,0
342.702,1,24820736,windows,0,22855,22855,75,0,0,0,0,0,0,49,23,3
342.905,0,24312832,windows,0,2500,2451.25,20,0,0,0,0,0,0,10,10,0
342.953,1,24837120,windows,0,20995,20995,72,0,0,0,0,0,0,47,22,3
343.163,0,24333312,windows,0,2500,2451.25,20,0,0,0,0,0,0,10,10,0
343.207,1,24853504,windows,0,18770,18136.2,68,0,0,0,0,0,0,44,21,3
343.419,0,24352768,windows,0,2500,2451.25,20,0,0,0,0,0,0,10,10,0
343.464,1,24869888,windows,0,18770,18136.2,68,0,0,0,0,0,0,44,21,3
343.672,0,24371200,windows,0,2500,2451.25,20,0,0,0,0,0,0,10,10,0
343.715,1,24886272,windows,0,17910,17827.5,66,0,0,0,0,0,0,42,21,3
343.927,0,24390656,windows,0,2500,2451.25,20,0,0,0,0,0,0,10,10,0
343.968,1,24902656,windows,0,15490,15407.5,62,0,0,0,0,0,0,40,19,3
344.182,0,24411136,repair,0,2500,2451.25,20,0,0,0,0,0,0,10,10,0
344.226,1,24920064,windows,0,14710,14438.8,60,0,0,0,0,0,0,38,19,3
344.441,0,24432640,windows,0,2500,2451.25,20,0,0,0,0,0,0,10,10,0
344.489,1,24937472,windows,0,14710,14438.8,60,0,0,0,0,0,0,38,19,3
344.7,0,24452096,windows,0,2500,2451.25,20,0,0,0,0,0,0,10,10,0
344.741,1,24953856,windows,0,14050,13768.8,60,0,0,0,0,0,0,40,17,3
344.961,0,24471552,windows,0,2500,2451.25,20,0,0,0,0,0,0,10,10,0
345.003,1,24970240,windows,0,13595,13157.5,58,0,0,0,0,0,0,37,18,3
345.213,0,24492032,windows,0,2500,2451.25,20,0,0,0,0,0,0,10,10,0
345.255,1,24986624,windows,0,12895,12812.5,57,0,0,0,0,0,0,37,17,3
345.475,0,24511488,windows,0,2500,2451.25,20,0,0,0,0,0,0,10,10,0
345.512,1,25004032,windows,0,12895,12812.5,57,0,0,0,0,0,0,37,17,3
345.728,0,24530944,windows,0,2500,2451.25,20,0,0,0,0,0,0,10,10,0
345.778,1,25021440,windows,0,12530,12447.5,56,0,0,0,0,0,0,36,17,3
345.985,0,24551424,windows,0,2500,2451.25,20,0,0,0,0,0,0,10,10,0
346.038,1,25038848,windows,0,11830,11747.5,54,0,0,0,0,0,0,34,17,3
346.236,0,24570880,windows,0,2500,2451.25,20,0,0,0,0,0,0,10,10,0
346.29,1,25055232,windows,0,11830,11747.5,54,0,0,0,0,0,0,34,17,3
346.49,0,24589312,windows,0,2500,2451.25,20,0,0,0,0,0,0,10,10,0
346.552,1,25072640,windows,0,11830,11747.5,54,0,0,0,0,0,0,34,17,3
346.753,0,24609792,windows,0,2500,2451.25,20,0,0,0,0,0,0,10,10,0
346.804,1,25089024,windows,0,11830,11747.5,54,0,0,0,0,0,0,34,17,3
347.006,0,24628224,windows,0,2500,2451.25,20,0,0,0,0,0,0,10,10,0
347.057,1,25106432,windows,0,11250,10812.5,51,0,0,0,0,0,0,30,18,3
347.261,0,24647680,windows,0,2500,2451.25,20,0,0,0,0,0,0,10,10,0
347.314,1,25123840,windows,0,11250,10812.5,51,0,0,0,0,0,0,30,18,3
347.515,0,24668160,windows,0,2500,2451.25,20,0,0,0,0,0,0,10,10,0
347.575,1,25141248,windows,0,10855,10618.8,51,0,0,0,0,0,0,31,17,3
347.77,0,24689664,repair,302,6.38018e+07,6.37631e+07,3530,23,58,47,125,49,0,1951,1450,129
347.835,1,25158656,windows,0,10360,10201.2,50,0,0,0,0,0,0,32,16,2
348.022,0,24715264,repair,178,5.85081e+07,5.85049e+07,3444,13,36,34,61,34,0,1953,1386,105
348.091,1,25176064,windows,0,9120,9120,47,0,0,0,0,0,0,30,15,2
348.275,0,24738816,repair,104,4.44385e+07,4.44148e+07,3054,1,15,17,45,26,0,1771,1187,96
348.35,1,25193472,windows,0,8825,8530,46,0,0,0,0,0,0,29,15,2
348.535,0,24763392,repair,47,3.67096e+07,3.66882e+07,2805,2,8,6,23,8,0,1656,1066,83
348.601,1,25209856,windows,0,8540,8245,45,0,0,0,0,0,0,28,15,2
348.791,0,24786944,repair,13,3.07346e+07,3.07136e+07,2607,0,1,1,10,1,0,1593,946,68
348.863,1,25227264,windows,0,8540,8245,45,0,0,0,0,0,0,28,15,2
349.052,0,24806400,repair,2,2.17117e+07,2.1703e+07,2231,0,0,0,1,1,0,1415,762,54
349.119,1,25244672,windows,0,8540,8245,45,0,0,0,0,0,0,28,15,2
349.311,0,24825856,windows,0,1.48348e+07,1.4829e+07,1850,0,0,0,0,0,0,1175,627,48
349.381,1,25262080,windows,0,8450,8155,44,0,0,0,0,0,0,28,15,1
349.577,0,24842240,windows,0,1.01799e+07,1.01635e+07,1559,0,0,0,0,0,0,1018,497,44
349.645,1,25279488,windows,0,7870,7595,43,0,0,0,0,0,0,28,14,1
349.835,0,24857600,windows,0,7.31598e+06,7.31479e+06,1322,0,0,0,0,0,0,859,423,40
349.898,1,25295872,windows,0,7595,7320,42,0,0,0,0,0,0,27,14,1
350.087,0,24871936,windows,0,5.60418e+06,5.59944e+06,1159,0,0,0,0,0,0,763,365,31
350.151,1,25312256,windows,0,7330,7055,41,0,0,0,0,0,0,26,14,1
350.351,0,24887296,windows,0,4.06083e+06,4.06015e+06,977,0,0,0,0,0,0,636,318,23
350.405,1,25329664,windows,0,7055,6921.25,41,0,0,0,0,0,0,27,13,1
350.601,0,24901632,windows,0,3.13264e+06,3.1297e+06,874,0,0,0,0,0,0,587,264,23
350.665,1,25347072,windows,0,6790,6661.25,40,0,0,0,0,0,0,26,13,1
350.859,0,24916992,windows,0,2.40789e+06,2.40061e+06,761,0,0,0,0,0,0,498,240,23
350.915,1,25364480,windows,0,6035,5676.25,38,0,0,0,0,0,0,25,12,1
351.124,0,24933376,windows,0,1.82234e+06,1.81944e+06,678,0,0,0,0,0,0,475,185,18
351.17,1,25381888,windows,0,5330,5221.25,35,0,0,0,0,0,0,22,12,1
351.381,0,24948736,windows,0,1.29934e+06,1.29697e+06,561,0,0,0,0,0,0,368,175,18
351.423,1,25399296,windows,0,5115,4880,34,0,0,0,0,0,0,21,12,1
351.632,0,24963072,windows,0,999175,998612,501,0,0,0,0,0,0,337,145,19
351.673,1,25415680,windows,0,4715,4480,32,0,0,0,0,0,0,19,12,1
351.899,0,24978432,windows,0,784430,784430,443,0,0,0,0,0,0,300,128,15
351.923,1,25433088,windows,0,4715,4480,32,0,0,0,0,0,0,19,12,1
352.155,0,24994816,windows,0,607885,604326,391,0,0,0,0,0,0,265,112,14
352.18,1,25451520,windows,0,4715,4480,32,0,0,0,0,0,0,19,12,1
352.407,0,25010176,windows,0,508835,506880,362,0,0,0,0,0,0,249,98,15
352.437,1,25469952,windows,0,4715,4480,32,0,0,0,0,0,0,19,12,1
352.663,0,25025536,windows,0,367235,367235,306,0,0,0,0,0,0,207,86,13
352.694,1,25487360,windows,0,2500,2451.25,20,0,0,0,0,0,0,10,10,0
352.914,0,25040896,windows,0,292495,292495,269,0,0,0,0,0,0,173,83,13
352.953,1,25504768,windows,0,2500,2451.25,20,0,0,0,0,0,0,10,10,0
353.173,0,25057280,windows,0,242120,239856,247,0,0,0,0,0,0,162,73,12
353.21,1,25522176,windows,0,2500,2451.25,20,0,0,0,0,0,0,10,10,0
353.431,0,25075712,windows,0,198740,198740,226,0,0,0,0,0,0,150,64,12
353.47,1,25540608,windows,0,2500,2451.25,20,0,0,0,0,0,0,10,10,0
353.688,0,25095168,windows,0,148175,146658,195,0,0,0,0,0,0,125,57,13
353.733,1,25558016,windows,0,2500,2451.25,20,0,0,0,0,0,0,10,10,0
353.944,0,25111552,windows,0,114295,113240,169,0,0,0,0,0,0,103,53,13
353.986,1,25575424,windows,0,2500,2451.25,20,0,0,0,0,0,0,10,10,0
354.208,0,25127936,windows,0,93685,93685,155,0,0,0,0,0,0,97,46,12
354.237,1,25592832,windows,0,2500,2451.25,20,0,0,0,0,0,0,10,10,0
354.47,0,25144320,windows,0,79205,79205,143,0,0,0,0,0,0,89,42,12
354.489,1,25610240,windows,0,2500,2451.25,20,0,0,0,0,0,0,10,10,0
354.735,0,25160704,windows,0,68320,67525,132,0,0,0,0,0,0,80,40,12
354.753,1,25628672,windows,0,2500,2451.25,20,0,0,0,0,0,0,10,10,0
354.987,0,25179136,windows,0,57185,57185,118,0,0,0,0,0,0,67,39,12
355.004,1,25647104,windows,0,2500,2451.25,20,0,0,0,0,0,0,10,10,0
355.24,0,25195520,windows,0,52825,52501.2,114,0,0,0,0,0,0,65,37,12
355.258,1,25666560,windows,0,2500,2451.25,20,0,0,0,0,0,0,10,10,0
355.493,0,25211904,windows,0,50305,49570,110,0,0,0,0,0,0,61,37,12
355.509,1,25683968,windows,0,2500,2451.25,20,0,0,0,0,0,0,10,10,0
355.758,0,25228288,windows,0,45920,45920,104,0,0,0,0,0,0,56,36,12
355.773,1,25701376,windows,0,2500,2451.25,20,0,0,0,0,0,0,10,10,0
356.013,0,25244672,windows,0,42740,42740,98,0,0,0,0,0,0,50,36,12
356.03,1,25718784,windows,0,2500,2451.25,20,0,0,0,0,0,0,10,10,0
356.267,0,25260032,windows,0,40825,40825,96,0,0,0,0,0,0,49,35,12
356.296,1,25736192,windows,0,2500,2451.25,20,0,0,0,0,0,0,10,10,0
356.525,0,25275392,windows,0,40825,40825,96,0,0,0,0,0,0,49,35,12
356.549,1,25753600,windows,0,2500,2451.25,20,0,0,0,0,0,0,10,10,0
356.789,0,25292800,windows,0,39400,38705,93,0,0,0,0,0,0,46,35,12
356.804,1,25771008,repair,0,2500,2451.25,20,0,0,0,0,0,0,10,10,0
357.044,0,25309184,windows,0,37120,36901.2,90,0,0,0,0,0,0,44,34,12
357.069,1,25790464,windows,0,2500,2451.25,20,0,0,0,0,0,0,10,10,0
357.3,0,25325568,windows,0,37120,36901.2,90,0,0,0,0,0,0,44,34,12
357.321,1,25807872,windows,0,2500,2451.25,20,0,0,0,0,0,0,10,10,0
357.551,0,25340928,windows,0,35845,35845,87,0,0,0,0,0,0,41,34,12
357.584,1,25825280,windows,0,2500,2451.25,20,0,0,0,0,0,0,10,10,0
357.801,0,25357312,windows,0,34370,34161.2,85,0,0,0,0,0,0,42,34,9
357.845,1,25842688,windows,0,2500,2451.25,20,0,0,0,0,0,0,10,10,0
358.066,0,25374720,windows,0,34370,34161.2,85,0,0,0,0,0,0,42,34,9
358.103,1,25860096,windows,0,2500,2451.25,20,0,0,0,0,0,0,10,10,0
358.321,0,25391104,windows,0,33550,33550,83,0,0,0,0,0,0,40,34,9
358.359,1,25876480,windows,0,2500,2451.25,20,0,0,0,0,0,0,10,10,0
358.587,0,25407488,windows,0,31815,31815,81,0,0,0,0,0,0,39,33,9
358.61,1,25892864,windows,0,2500,2451.25,20,0,0,0,0,0,0,10,10,0
358.848,0,25423872,windows,0,30515,29880,80,0,0,0,0,0,0,39,32,9
358.861,1,25909248,windows,0,2500,2451.25,20,0,0,0,0,0,0,10,10,0
359.098,0,25439232,windows,0,28835,28036.2,80,0,0,0,0,0,0,41,30,9
359.122,1,25925632,windows,0,2500,2451.25,20,0,0,0,0,0,0,10,10,0
359.355,0,25454592,windows,0,28035,28035,78,0,0,0,0,0,0,39,30,9
359.373,1,25940992,windows,0,2500,2451.25,20,0,0,0,0,0,0,10,10,0
359.605,0,25469952,windows,0,27650,27055,77,0,0,0,0,0,0,38,30,9
359.633,1,25957376,windows,0,2500,2451.25,20,0,0,0,0,0,0,10,10,0
359.864,0,25486336,windows,0,26210,25615,73,0,0,0,0,0,0,34,30,9
359.887,1,25973760,windows,0,2500,2451.25,20,0,0,0,0,0,0,10,10,0
360.115,0,25500672,windows,0,25550,24955,71,0,0,0,0,0,0,32,30,9
360.15,1,25990144,windows,0,2500,2451.25,20,0,0,0,0,0,0,10,10,0
360.366,0,25516032,windows,0,25235,24486.2,70,0,0,0,0,0,0,31,30,9
360.407,1,26006528,windows,0,2500,2451.25,20,0,0,0,0,0,0,10,10,0
360.628,0,25532416,windows,0,24930,24186.2,69,0,0,0,0,0,0,30,30,9
360.664,1,26022912,windows,0,2500,2451.25,20,0,0,0,0,0,0,10,10,0
360.879,0,25548800,windows,0,24635,23896.2,68,0,0,0,0,0,0,29,30,9
360.915,1,26039296,windows,0,2500,2451.25,20,0,0,0,0,0,0,10,10,0
361.134,0,25565184,windows,0,24075,23480,66,0,0,0,0,0,0,27,30,9
361.173,1,26056704,windows,0,2500,2451.25,20,0,0,0,0,0,0,10,10,0
361.385,0,25581568,windows,0,23555,22960,64,0,0,0,0,0,0,25,30,9
361.43,1,26074112,windows,0,2500,2451.25,20,0,0,0,0,0,0,10,10,0
361.652,0,25597952,windows,0,23555,22960,64,0,0,0,0,0,0,25,30,9
361.681,1,26089472,windows,0,2500,2451.25,20,0,0,0,0,0,0,10,10,0
361.907,0,25612288,windows,0,23555,22960,64,0,0,0,0,0,0,25,30,9
361.941,1,26104832,windows,0,2500,2451.25,20,0,0,0,0,0,0,10,10,0
362.169,0,25630720,windows,0,23310,22715,63,0,0,0,0,0,0,24,30,9
362.202,1,26123264,windows,0,2500,2451.25,20,0,0,0,0,0,0,10,10,0
362.424,0,25648128,windows,0,23310,22715,63,0,0,0,0,0,0,24,30,9
362.463,1,26141696,repair,0,2500,2451.25,20,0,0,0,0,0,0,10,10,0
362.68,0,25665536,windows,0,22850,22255,61,0,0,0,0,0,0,22,30,9
362.713,1,26161152,windows,0,2500,2451.25,20,0,0,0,0,0,0,10,10,0
362.935,0,25682944,windows,0,22635,21936.2,60,0,0,0,0,0,0,21,30,9
362.966,1,26179584,windows,0,2500,2451.25,20,0,0,0,0,0,0,10,10,0
363.188,0,25701376,windows,0,22635,21936.2,60,0,0,0,0,0,0,21,30,9
363.229,1,26196992,windows,0,2500,2451.25,20,0,0,0,0,0,0,10,10,0
363.45,0,25719808,windows,0,22635,21936.2,60,0,0,0,0,0,0,21,30,9
363.491,1,26213376,windows,0,2500,2451.25,20,0,0,0,0,0,0,10,10,0
363.709,0,25736192,windows,0,21895,21320,61,0,0,0,0,0,0,23,29,9
363.742,1,26228736,windows,0,2500,2451.25,20,0,0,0,0,0,0,10,10,0
363.967,0,25755648,windows,0,21895,21320,61,0,0,0,0,0,0,23,29,9
363.993,1,26245120,windows,0,2500,2451.25,20,0,0,0,0,0,0,10,10,0
364.227,0,25775104,windows,0,21895,21320,61,0,0,0,0,0,0,23,29,9
364.244,1,26262528,windows,0,2500,2451.25,20,0,0,0,0,0,0,10,10,0
364.49,0,25791488,windows,0,21895,21320,61,0,0,0,0,0,0,23,29,9
364.505,1,26279936,windows,0,2500,2451.25,20,0,0,0,0,0,0,10,10,0
364.757,0,25807872,windows,0,21895,21320,61,0,0,0,0,0,0,23,29,9
364.757,1,26296320,windows,0,2500,2451.25,20,0,0,0,0,0,0,10,10,0
365.016,0,25824256,windows,0,21895,21320,61,0,0,0,0,0,0,23,29,9
365.023,1,26313728,repair,0,2500,2451.25,20,0,0,0,0,0,0,10,10,0
365.275,0,25841664,windows,0,21670,20986.2,60,0,0,0,0,0,0,22,29,9
365.28,1,26331136,repair,0,2500,2451.25,20,0,0,0,0,0,0,10,10,0
365.538,0,25859072,windows,0,21250,20675,58,0,0,0,0,0,0,20,29,9
365.542,1,26348544,windows,0,2500,2451.25,20,0,0,0,0,0,0,10,10,0
365.795,1,26365952,windows,0,2500,2451.25,20,0,0,0,0,0,0,10,10,0
365.796,0,25876480,windows,0,21250,20675,58,0,0,0,0,0,0,20,29,9
366.045,1,26382336,windows,0,2500,2451.25,20,0,0,0,0,0,0,10,10,0
366.051,0,25893888,windows,0,20530,20421.2,59,0,0,0,0,0,0,22,28,9
366.303,1,26401792,windows,0,2500,2451.25,20,0,0,0,0,0,0,10,10,0
366.306,0,25911296,windows,0,20110,20011.2,57,0,0,0,0,0,0,20,28,9
366.561,1,26419200,windows,0,2500,2451.25,20,0,0,0,0,0,0,10,10,0
366.565,0,25928704,windows,0,20110,20011.2,57,0,0,0,0,0,0,20,28,9
366.82,0,25944064,windows,0,20110,20011.2,57,0,0,0,0,0,0,20,28,9
366.827,1,26435584,windows,0,2500,2451.25,20,0,0,0,0,0,0,10,10,0
367.073,0,25961472,windows,0,19555,19471.2,54,0,0,0,0,0,0,17,28,9
367.079,1,26450944,windows,0,2500,2451.25,20,0,0,0,0,0,0,10,10,0
367.33,0,25978880,windows,0,19555,19471.2,54,0,0,0,0,0,0,17,28,9
367.338,1,26467328,windows,0,2500,2451.25,20,0,0,0,0,0,0,10,10,0
367.583,0,25995264,windows,0,19555,19471.2,54,0,0,0,0,0,0,17,28,9
367.59,1,26482688,windows,0,2500,2451.25,20,0,0,0,0,0,0,10,10,0
367.836,0,26011648,windows,0,18050,17951.2,54,0,0,0,0,0,0,20,27,7
367.844,1,26497024,windows,0,2500,2451.25,20,0,0,0,0,0,0,10,10,0
368.088,0,26028032,windows,0,17195,17195,54,0,0,0,0,0,0,21,26,7
368.107,1,26513408,windows,0,2500,2451.25,20,0,0,0,0,0,0,10,10,0
368.34,0,26045440,windows,0,17195,17195,54,0,0,0,0,0,0,21,26,7
368.373,1,26527744,windows,0,2500,2451.25,20,0,0,0,0,0,0,10,10,0
368.596,0,26064896,windows,0,16795,16701.2,52,0,0,0,0,0,0,19,26,7
368.637,1,26545152,windows,0,2500,2451.25,20,0,0,0,0,0,0,10,10,0
368.855,0,26087424,windows,0,16610,16521.2,51,0,0,0,0,0,0,18,26,7
368.908,1,26562560,windows,0,2500,2451.25,20,0,0,0,0,0,0,10,10,0
369.11,0,26108928,windows,0,16610,16521.2,51,0,0,0,0,0,0,18,26,7
369.169,1,26578944,repair,0,2500,2451.25,20,0,0,0,0,0,0,10,10,0
369.373,0,26129408,windows,0,16610,16521.2,51,0,0,0,0,0,0,18,26,7
369.428,1,26596352,windows,0,2500,2451.25,20,0,0,0,0,0,0,10,10,0
369.634,0,26149888,windows,0,16610,16521.2,51,0,0,0,0,0,0,18,26,7
369.678,1,26612736,windows,0,2500,2451.25,20,0,0,0,0,0,0,10,10,0
369.886,0,26169344,windows,0,2500,2451.25,20,0,0,0,0,0,0,10,10,0
369.932,1,26629120,windows,0,2500,2451.25,20,0,0,0,0,0,0,10,10,0
370.143,0,26189824,windows,0,2500,2451.25,20,0,0,0,0,0,0,10,10,0
370.182,1,26648576,windows,0,2500,2451.25,20,0,0,0,0,0,0,10,10,0
370.394,0,26209280,windows,0,2500,2451.25,20,0,0,0,0,0,0,10,10,0
370.436,1,26668032,windows,0,2500,2451.25,20,0,0,0,0,0,0,10,10,0
370.653,0,26229760,windows,0,2500,2451.25,20,0,0,0,0,0,0,10,10,0
370.698,1,26688512,windows,0,2500,2451.25,20,0,0,0,0,0,0,10,10,0
370.906,0,26252288,windows,0,2500,2451.25,20,0,0,0,0,0,0,10,10,0
370.957,1,26708992,windows,0,2500,2451.25,20,0,0,0,0,0,0,10,10,0
371.165,0,26271744,windows,0,2500,2451.25,20,0,0,0,0,0,0,10,10,0
371.209,1,26727424,repair,307,6.79975e+07,6.79572e+07,3564,23,63,52,106,63,0,1910,1537,117
371.42,0,26290176,windows,0,2500,2451.25,20,0,0,0,0,0,0,10,10,0
371.463,1,26752000,repair,194,5.29604e+07,5.29569e+07,3268,13,28,44,73,36,0,1832,1322,114
371.672,0,26309632,windows,0,2500,2451.25,20,0,0,0,0,0,0,10,10,0
371.722,1,26776576,repair,111,4.63771e+07,4.63771e+07,3036,8,17,18,43,25,0,1702,1253,81
371.923,0,26330112,windows,0,2500,2451.25,20,0,0,0,0,0,0,10,10,0
371.973,1,26799104,repair,57,3.80697e+07,3.8059e+07,2839,2,3,14,23,15,0,1671,1092,76
372.184,0,26351616,windows,0,2500,2451.25,20,0,0,0,0,0,0,10,10,0
372.225,1,26821632,repair,20,3.32635e+07,3.32335e+07,2632,2,1,2,10,5,0,1545,1030,57
372.445,0,26372096,windows,0,2500,2451.25,20,0,0,0,0,0,0,10,10,0
372.48,1,26844160,repair,3,2.40254e+07,2.40181e+07,2335,0,0,1,1,1,0,1455,816,64
372.7,0,26392576,windows,0,2500,2451.25,20,0,0,0,0,0,0,10,10,0
372.731,1,26864640,windows,0,1.46031e+07,1.45849e+07,1843,0,0,0,0,0,0,1188,612,43
372.961,0,26413056,windows,0,2500,2451.25,20,0,0,0,0,0,0,10,10,0
372.991,1,26884096,windows,0,9.57632e+06,9.56684e+06,1512,0,0,0,0,0,0,1005,474,33
373.216,0,26434560,windows,0,2500,2451.25,20,0,0,0,0,0,0,10,10,0
373.243,1,26903552,windows,0,6.73168e+06,6.72646e+06,1273,0,0,0,0,0,0,842,397,34
373.474,0,26456064,repair,0,2500,2451.25,20,0,0,0,0,0,0,10,10,0
373.498,1,26924032,windows,0,4.64123e+06,4.64037e+06,1077,0,0,0,0,0,0,744,304,29
373.728,0,26476544,windows,0,2500,2451.25,20,0,0,0,0,0,0,10,10,0
373.75,1,26943488,windows,0,3.20666e+06,3.20295e+06,888,0,0,0,0,0,0,601,263,24
373.99,0,26499072,windows,0,2500,2451.25,20,0,0,0,0,0,0,10,10,0
374.01,1,26962944,windows,0,2.25173e+06,2.24663e+06,738,0,0,0,0,0,0,492,227,19
374.251,0,26521600,windows,0,2500,2451.25,20,0,0,0,0,0,0,10,10,0
374.271,1,26982400,windows,0,1.68076e+06,1.677e+06,642,0,0,0,0,0,0,440,188,14
374.502,0,26542080,windows,0,2500,2451.25,20,0,0,0,0,0,0,10,10,0
374.529,1,27001856,windows,0,1.12044e+06,1.1171e+06,527,0,0,0,0,0,0,365,150,12
374.765,0,26564608,windows,0,2500,2451.25,20,0,0,0,0,0,0,10,10,0
374.789,1,27021312,windows,0,811830,811508,452,0,0,0,0,0,0,318,123,11
375.021,0,26586112,windows,0,2500,2451.25,20,0,0,0,0,0,0,10,10,0
375.052,1,27039744,windows,0,607465,606051,394,0,0,0,0,0,0,283,101,10
375.279,0,26607616,windows,0,2500,2451.25,20,0,0,0,0,0,0,10,10,0
375.31,1,27059200,windows,0,456125,455001,335,0,0,0,0,0,0,225,100,10
375.532,0,26628096,windows,0,2500,2451.25,20,0,0,0,0,0,0,10,10,0
375.561,1,27077632,windows,0,294670,292216,273,0,0,0,0,0,0,188,76,9
375.79,0,26649600,windows,0,2500,2451.25,20,0,0,0,0,0,0,10,10,0
375.819,1,27097088,windows,0,207650,206355,228,0,0,0,0,0,0,156,65,7
376.044,0,26670080,windows,0,2500,2451.25,20,0,0,0,0,0,0,10,10,0
376.077,1,27116544,windows,0,166705,166532,206,0,0,0,0,0,0,145,55,6
376.294,0,26692608,windows,0,2500,2451.25,20,0,0,0,0,0,0,10,10,0
376.34,1,27137024,windows,0,118030,118030,171,0,0,0,0,0,0,116,50,5
376.552,0,26713088,windows,0,2500,2451.25,20,0,0,0,0,0,0,10,10,0
376.596,1,27156480,windows,0,83890,83807.5,144,0,0,0,0,0,0,100,41,3
376.806,0,26732544,windows,0,2500,2451.25,20,0,0,0,0,0,0,10,10,0
376.854,1,27176960,windows,0,68150,68150,130,0,0,0,0,0,0,90,37,3
377.065,0,26754048,windows,0,2500,2451.25,20,0,0,0,0,0,0,10,10,0
377.105,1,27196416,windows,0,55670,55587.5,118,0,0,0,0,0,0,82,33,3
377.324,0,26774528,windows,0,2500,2451.25,20,0,0,0,0,0,0,10,10,0
377.363,1,27214848,windows,0,43585,43532.5,104,0,0,0,0,0,0,73,29,2
377.575,0,26792960,repair,0,2500,2451.25,20,0,0,0,0,0,0,10,10,0
377.625,1,27235328,windows,0,34545,34492.5,92,0,0,0,0,0,0,63,27,2
377.827,0,26813440,repair,0,2500,2451.25,20,0,0,0,0,0,0,10,10,0
377.878,1,27254784,windows,0,32700,32348.8,89,0,0,0,0,0,0,60,27,2
378.078,0,26834944,windows,0,2500,2451.25,20,0,0,0,0,0,0,10,10,0
378.138,1,27275264,windows,0,32610,32311.2,88,0,0,0,0,0,0,60,27,1
378.334,0,26854400,windows,0,2500,2451.25,20,0,0,0,0,0,0,10,10,0
378.389,1,27295744,windows,0,27655,27655,81,0,0,0,0,0,0,55,25,1
378.597,0,26873856,windows,0,2500,2451.25,20,0,0,0,0,0,0,10,10,0
378.645,1,27317248,windows,0,25535,25535,77,0,0,0,0,0,0,51,25,1
378.855,0,26894336,windows,0,2500,2451.25,20,0,0,0,0,0,0,10,10,0
378.898,1,27337728,windows,0,25030,24781.2,76,0,0,0,0,0,0,50,25,1
379.11,0,26913792,windows,0,2500,2451.25,20,0,0,0,0,0,0,10,10,0
379.156,1,27358208,windows,0,21775,21775,69,0,0,0,0,0,0,43,25,1
379.368,0,26932224,windows,0,2500,2451.25,20,0,0,0,0,0,0,10,10,0
379.407,1,27378688,windows,0,20530,20530,66,0,0,0,0,0,0,40,25,1
379.625,0,26952704,windows,0,2500,2451.25,20,0,0,0,0,0,0,10,10,0
379.66,1,27399168,windows,0,19955,19480,66,0,0,0,0,0,0,41,24,1
379.875,0,26971136,windows,0,2500,2451.25,20,0,0,0,0,0,0,10,10,0
379.921,1,27419648,windows,0,19155,18680,64,0,0,0,0,0,0,39,24,1
380.129,0,26989568,windows,0,2500,2451.25,20,0,0,0,0,0,0,10,10,0
380.18,1,27440128,windows,0,18770,18295,63,0,0,0,0,0,0,38,24,1
380.38,0,27006976,windows,0,2500,2451.25,20,0,0,0,0,0,0,10,10,0
380.439,1,27460608,windows,0,18770,18295,63,0,0,0,0,0,0,38,24,1
380.643,0,27024384,windows,0,2500,2451.25,20,0,0,0,0,0,0,10,10,0
380.693,1,27481088,windows,0,18770,18295,63,0,0,0,0,0,0,38,24,1
380.902,0,27043840,windows,0,2500,2451.25,20,0,0,0,0,0,0,10,10,0
380.946,1,27502592,windows,0,18395,17920,62,0,0,0,0,0,0,37,24,1
381.162,0,27065344,windows,0,2500,2451.25,20,0,0,0,0,0,0,10,10,0
381.196,1,27523072,windows,0,18395,17920,62,0,0,0,0,0,0,37,24,1
381.414,0,27084800,repair,0,2500,2451.25,20,0,0,0,0,0,0,10,10,0
381.457,1,27544576,windows,0,18030,17555,61,0,0,0,0,0,0,36,24,1
381.672,0,27104256,repair,0,2500,2451.25,20,0,0,0,0,0,0,10,10,0
381.718,1,27567104,windows,0,16555,16120,60,0,0,0,0,0,0,37,22,1
381.933,0,27125760,windows,0,2500,2451.25,20,0,0,0,0,0,0,10,10,0
381.968,1,27588608,windows,0,16030,15436.2,61,0,0,0,0,0,0,40,20,1
382.193,0,27146240,windows,0,2500,2451.25,20,0,0,0,0,0,0,10,10,0
382.226,1,27610112,windows,0,15250,14666.2,59,0,0,0,0,0,0,38,20,1
382.449,0,27165696,windows,0,2500,2451.25,20,0,0,0,0,0,0,10,10,0
382.485,1,27632640,windows,0,14510,14115,57,0,0,0,0,0,0,36,20,1
382.71,0,27185152,windows,0,2500,2451.25,20,0,0,0,0,0,0,10,10,0
382.735,1,27654144,windows,0,14155,13760,56,0,0,0,0,0,0,35,20,1
382.966,0,27205632,windows,0,2500,2451.25,20,0,0,0,0,0,0,10,10,0
382.989,1,27675648,windows,0,13810,13246.2,55,0,0,0,0,0,0,34,20,1
383.226,0,27227136,windows,0,2500,2451.25,20,0,0,0,0,0,0,10,10,0
383.244,1,27698176,windows,0,13810,13246.2,55,0,0,0,0,0,0,34,20,1
383.479,0,27245568,windows,0,2500,2451.25,20,0,0,0,0,0,0,10,10,0
383.497,1,27719680,windows,0,13375,13000,55,0,0,0,0,0,0,35,19,1
383.734,0,27266048,windows,0,2500,2451.25,20,0,0,0,0,0,0,10,10,0
383.748,1,27741184,windows,0,13030,12486.2,54,0,0,0,0,0,0,34,19,1
383.995,0,27283456,windows,0,2500,2451.25,20,0,0,0,0,0,0,10,10,0
384.008,1,27763712,windows,0,12695,12156.2,53,0,0,0,0,0,0,33,19,1
384.259,0,27299840,repair,0,2500,2451.25,20,0,0,0,0,0,0,10,10,0
384.268,1,27785216,windows,0,12695,12156.2,53,0,0,0,0,0,0,33,19,1
384.523,1,27806720,windows,0,12370,11995,52,0,0,0,0,0,0,32,19,1
384.524,0,27314176,repair,0,2500,2451.25,20,0,0,0,0,0,0,10,10,0
384.782,1,27828224,windows,0,12370,11995,52,0,0,0,0,0,0,32,19,1
384.785,0,27333632,repair,0,2500,2451.25,20,0,0,0,0,0,0,10,10,0
385.037,1,27849728,windows,0,12370,11995,52,0,0,0,0,0,0,32,19,1
385.045,0,27353088,windows,0,2500,2451.25,20,0,0,0,0,0,0,10,10,0
385.292,1,27870208,windows,0,12055,11680,51,0,0,0,0,0,0,31,19,1
385.301,0,27369472,windows,0,2500,2451.25,20,0,0,0,0,0,0,10,10,0
385.551,1,27891712,windows,0,11750,11375,50,0,0,0,0,0,0,30,19,1
385.562,0,27384832,windows,0,2500,2451.25,20,0,0,0,0,0,0,10,10,0
385.804,1,27912192,windows,0,11455,11080,49,0,0,0,0,0,0,29,19,1
385.817,0,27403264,windows,0,2500,2451.25,20,0,0,0,0,0,0,10,10,0
386.061,1,27933696,windows,0,10715,10360,48,0,0,0,0,0,0,29,18,1
386.078,0,27424768,windows,0,2500,2451.25,20,0,0,0,0,0,0,10,10,0
386.315,1,27955200,windows,0,10430,10075,47,0,0,0,0,0,0,28,18,1
386.334,0,27445248,windows,0,2500,2451.25,20,0,0,0,0,0,0,10,10,0
386.573,1,27976704,windows,0,10430,10075,47,0,0,0,0,0,0,28,18,1
386.594,0,27464704,windows,0,2500,2451.25,20,0,0,0,0,0,0,10,10,0
386.824,1,27998208,windows,0,10155,9800,46,0,0,0,0,0,0,27,18,1
386.856,0,27485184,windows,0,2500,2451.25,20,0,0,0,0,0,0,10,10,0
387.083,1,28020736,windows,0,10155,9800,46,0,0,0,0,0,0,27,18,1
387.115,0,27506688,windows,0,2500,2451.25,20,0,0,0,0,0,0,10,10,0
387.344,1,28043264,windows,0,9635,9280,44,0,0,0,0,0,0,25,18,1
387.369,0,27527168,windows,0,2500,2451.25,20,0,0,0,0,0,0,10,10,0
387.599,1,28064768,windows,0,9635,9280,44,0,0,0,0,0,0,25,18,1
387.625,0,27546624,windows,0,2500,2451.25,20,0,0,0,0,0,0,10,10,0
387.855,1,28086272,windows,0,9635,9280,44,0,0,0,0,0,0,25,18,1
387.886,0,27569152,repair,239,6.55075e+07,6.54977e+07,3558,15,45,43,89,47,0,1954,1496,108
388.113,1,28107776,windows,0,9635,9280,44,0,0,0,0,0,0,25,18,1
388.139,0,27593728,repair,157,5.05148e+07,5.05031e+07,3193,8,23,28,64,34,0,1816,1288,89
388.371,1,28128256,windows,0,2500,2451.25,20,0,0,0,0,0,0,10,10,0
388.392,0,27616256,repair,82,4.51722e+07,4.51392e+07,3056,4,12,10,36,20,0,1756,1211,89
388.629,1,28150784,windows,0,2500,2451.25,20,0,0,0,0,0,0,10,10,0
388.652,0,27640832,repair,36,3.74674e+07,3.74674e+07,2830,4,4,7,13,8,0,1671,1079,80
388.886,1,28172288,windows,0,2500,2451.25,20,0,0,0,0,0,0,10,10,0
388.905,0,27663360,repair,11,2.91843e+07,2.91843e+07,2529,0,1,2,3,5,0,1536,929,64
389.141,1,28189696,windows,0,2500,2451.25,20,0,0,0,0,0,0,10,10,0
389.157,0,27682816,repair,2,2.09041e+07,2.09041e+07,2161,0,1,0,1,0,0,1328,774,59
389.399,1,28203008,windows,0,2500,2451.25,20,0,0,0,0,0,0,10,10,0
389.412,0,27701248,windows,0,1.51795e+07,1.51596e+07,1895,0,0,0,0,0,0,1232,613,50
389.652,1,28220416,windows,0,2500,2451.25,20,0,0,0,0,0,0,10,10,0
389.669,0,27719680,windows,0,1.02597e+07,1.02597e+07,1569,0,0,0,0,0,0,1034,493,42
389.915,1,28235776,windows,0,2500,2451.25,20,0,0,0,0,0,0,10,10,0
389.92,0,27737088,windows,0,7.27763e+06,7.27321e+06,1329,0,0,0,0,0,0,884,408,37
390.166,1,28253184,windows,0,2500,2451.25,20,0,0,0,0,0,0,10,10,0
390.177,0,27754496,windows,0,5.0299e+06,5.01851e+06,1101,0,0,0,0,0,0,728,343,30
390.431,1,28272640,windows,0,2500,2451.25,20,0,0,0,0,0,0,10,10,0
390.433,0,27771904,windows,0,3.6831e+06,3.68233e+06,954,0,0,0,0,0,0,649,279,26
390.687,0,27789312,windows,0,2.7266e+06,2.72314e+06,825,0,0,0,0,0,0,574,231,20
390.692,1,28291072,windows,0,2500,2451.25,20,0,0,0,0,0,0,10,10,0
390.939,0,27808768,windows,0,2.03387e+06,2.0298e+06,711,0,0,0,0,0,0,488,204,19
390.947,1,28311552,windows,0,2500,2451.25,20,0,0,0,0,0,0,10,10,0
391.194,0,27828224,windows,0,1.34261e+06,1.34067e+06,572,0,0,0,0,0,0,388,171,13
391.208,1,28331008,windows,0,2500,2451.25,20,0,0,0,0,0,0,10,10,0
391.446,0,27846656,windows,0,995095,992200,497,0,0,0,0,0,0,337,145,15
391.459,1,28349440,repair,0,2500,2451.25,20,0,0,0,0,0,0,10,10,0
391.7,0,27865088,windows,0,763570,759134,442,0,0,0,0,0,0,304,121,17
391.714,1,28370944,windows,0,2500,2451.25,20,0,0,0,0,0,0,10,10,0
391.962,0,27883520,windows,0,563605,563132,375,0,0,0,0,0,0,247,112,16
391.976,1,28391424,windows,0,2500,2451.25,20,0,0,0,0,0,0,10,10,0
392.223,0,27901952,windows,0,398075,396160,312,0,0,0,0,0,0,205,96,11
392.231,1,28409856,windows,0,2500,2451.25,20,0,0,0,0,0,0,10,10,0
392.484,0,27919360,windows,0,316945,314004,282,0,0,0,0,0,0,187,83,12
392.49,1,28428288,windows,0,2500,2451.25,20,0,0,0,0,0,0,10,10,0
392.744,1,28446720,windows,0,2500,2451.25,20,0,0,0,0,0,0,10,10,0
392.745,0,27938816,windows,0,240520,238752,244,0,0,0,0,0,0,160,74,10
392.997,1,28465152,windows,0,2500,2451.25,20,0,0,0,0,0,0,10,10,0
393.006,0,27958272,windows,0,186005,185712,219,0,0,0,0,0,0,149,60,10
393.254,1,28483584,windows,0,2500,2451.25,20,0,0,0,0,0,0,10,10,0
393.265,0,27977728,windows,0,127975,127089,179,0,0,0,0,0,0,113,55,11
393.511,1,28502016,windows,0,2500,2451.25,20,0,0,0,0,0,0,10,10,0
393.517,0,27996160,windows,0,105455,104178,161,0,0,0,0,0,0,101,51,9
393.765,1,28520448,windows,0,2500,2451.25,20,0,0,0,0,0,0,10,10,0
393.77,0,28014592,windows,0,86215,85952.5,145,0,0,0,0,0,0,89,47,9
394.016,1,28537856,windows,0,2500,2451.25,20,0,0,0,0,0,0,10,10,0
394.024,0,28033024,windows,0,69535,69332.5,131,0,0,0,0,0,0,83,41,7
394.266,1,28556288,windows,0,2500,2451.25,20,0,0,0,0,0,0,10,10,0
394.278,0,28051456,windows,0,54795,54278.8,116,0,0,0,0,0,0,75,36,5
394.526,1,28576768,windows,0,2500,2451.25,20,0,0,0,0,0,0,10,10,0
394.533,0,28069888,windows,0,48805,48805,109,0,0,0,0,0,0,71,34,4
394.786,1,28598272,windows,0,2500,2451.25,20,0,0,0,0,0,0,10,10,0
394.791,0,28089344,windows,0,44040,43056.2,103,0,0,0,0,0,0,66,33,4
395.04,1,28620800,windows,0,2500,2451.25,20,0,0,0,0,0,0,10,10,0
395.053,0,28109824,windows,0,39545,39231.2,98,0,0,0,0,0,0,63,31,4
395.295,1,28643328,windows,0,2500,2451.25,20,0,0,0,0,0,0,10,10,0
395.31,0,28130304,windows,0,32000,32000,86,0,0,0,0,0,0,52,30,4
395.547,1,28663808,windows,0,2500,2451.25,20,0,0,0,0,0,0,10,10,0
395.574,0,28150784,windows,0,30205,30205,85,0,0,0,0,0,0,53,28,4
395.804,1,28685312,windows,0,2500,2451.25,20,0,0,0,0,0,0,10,10,0
395.827,0,28168192,windows,0,26500,26251.2,80,0,0,0,0,0,0,50,26,4
396.056,1,28705792,windows,0,2500,2451.25,20,0,0,0,0,0,0,10,10,0
396.089,0,28190720,windows,0,23520,23520,76,0,0,0,0,0,0,48,24,4
396.306,1,28726272,windows,0,2500,2451.25,20,0,0,0,0,0,0,10,10,0
396.347,0,28212224,windows,0,21205,21205,73,0,0,0,0,0,0,47,22,4
396.558,1,28747776,windows,0,2500,2451.25,20,0,0,0,0,0,0,10,10,0
396.598,0,28232704,windows,0,19840,19621.2,70,0,0,0,0,0,0,44,22,4
396.809,1,28770304,windows,0,2500,2451.25,20,0,0,0,0,0,0,10,10,0
396.85,0,28254208,windows,0,18565,18565,67,0,0,0,0,0,0,41,22,4
397.063,1,28792832,windows,0,2500,2451.25,20,0,0,0,0,0,0,10,10,0
397.102,0,28275712,windows,0,17005,16821.2,63,0,0,0,0,0,0,37,22,4
397.314,1,28814336,windows,0,2500,2451.25,20,0,0,0,0,0,0,10,10,0
397.352,0,28298240,windows,0,17005,16821.2,63,0,0,0,0,0,0,37,22,4
397.568,1,28835840,windows,0,2500,2451.25,20,0,0,0,0,0,0,10,10,0
397.603,0,28318720,windows,0,16285,15850,61,0,0,0,0,0,0,35,22,4
397.827,1,28858368,windows,0,2500,2451.25,20,0,0,0,0,0,0,10,10,0
397.856,0,28341248,windows,0,15280,14686.2,58,0,0,0,0,0,0,32,22,4
398.081,1,28878848,repair,0,2500,2451.25,20,0,0,0,0,0,0,10,10,0
398.113,0,28363776,windows,0,14965,14376.2,57,0,0,0,0,0,0,31,22,4
398.338,1,28899328,windows,0,2500,2451.25,20,0,0,0,0,0,0,10,10,0
398.365,0,28385280,windows,0,14965,14376.2,57,0,0,0,0,0,0,31,22,4
398.599,1,28920832,windows,0,2500,2451.25,20,0,0,0,0,0,0,10,10,0
398.618,0,28406784,windows,0,14660,14076.2,56,0,0,0,0,0,0,30,22,4
398.853,1,28941312,windows,0,2500,2451.25,20,0,0,0,0,0,0,10,10,0
398.879,0,28430336,windows,0,14105,13536.2,56,0,0,0,0,0,0,31,21,4
399.103,1,28961792,windows,0,2500,2451.25,20,0,0,0,0,0,0,10,10,0
399.141,0,28451840,windows,0,13800,13236.2,55,0,0,0,0,0,0,30,21,4
399.365,1,28982272,windows,0,2500,2451.25,20,0,0,0,0,0,0,10,10,0
399.393,0,28468224,windows,0,13505,12946.2,54,0,0,0,0,0,0,29,21,4
399.621,1,29000704,windows,0,2500,2451.25,20,0,0,0,0,0,0,10,10,0
399.649,0,28484608,windows,0,13505,12946.2,54,0,0,0,0,0,0,29,21,4
399.882,1,29021184,windows,0,2500,2451.25,20,0,0,0,0,0,0,10,10,0
399.905,0,28503040,windows,0,13505,12946.2,54,0,0,0,0,0,0,29,21,4
400.141,1,29040640,windows,0,2500,2451.25,20,0,0,0,0,0,0,10,10,0
400.157,0,28520448,windows,0,13505,12946.2,54,0,0,0,0,0,0,29,21,4
400.397,1,29060096,windows,0,2500,2451.25,20,0,0,0,0,0,0,10,10,0
400.417,0,28537856,windows,0,13220,12666.2,53,0,0,0,0,0,0,28,21,4
400.65,1,29078528,repair,0,2500,2451.25,20,0,0,0,0,0,0,10,10,0
400.674,0,28554240,windows,0,12945,12396.2,52,0,0,0,0,0,0,27,21,4
400.905,1,29101056,windows,0,2500,2451.25,20,0,0,0,0,0,0,10,10,0
400.93,0,28571648,windows,0,12945,12396.2,52,0,0,0,0,0,0,27,21,4
401.159,1,29122560,windows,0,2500,2451.25,20,0,0,0,0,0,0,10,10,0
401.193,0,28590080,windows,0,11620,11106.2,51,0,0,0,0,0,0,28,19,4
401.421,1,29143040,windows,0,2500,2451.25,20,0,0,0,0,0,0,10,10,0
401.446,0,28606464,windows,0,11460,10956.2,52,0,0,0,0,0,0,30,18,4
401.675,1,29161472,windows,0,2500,2451.25,20,0,0,0,0,0,0,10,10,0
401.706,0,28622848,windows,0,10880,10386.2,50,0,0,0,0,0,0,28,18,4
401.934,1,29180928,windows,0,2500,2451.25,20,0,0,0,0,0,0,10,10,0
401.958,0,28640256,windows,0,10880,10386.2,50,0,0,0,0,0,0,28,18,4
402.192,1,29199360,windows,0,2500,2451.25,20,0,0,0,0,0,0,10,10,0
402.21,0,28656640,windows,0,10605,10116.2,49,0,0,0,0,0,0,27,18,4
402.452,1,29218816,windows,0,2500,2451.25,20,0,0,0,0,0,0,10,10,0
402.462,0,28674048,windows,0,10605,10116.2,49,0,0,0,0,0,0,27,18,4
402.711,1,29238272,windows,0,2500,2451.25,20,0,0,0,0,0,0,10,10,0
402.725,0,28691456,windows,0,10605,10116.2,49,0,0,0,0,0,0,27,18,4
402.971,1,29256704,windows,0,2500,2451.25,20,0,0,0,0,0,0,10,10,0
402.98,0,28708864,windows,0,10605,10116.2,49,0,0,0,0,0,0,27,18,4
403.224,1,29274112,windows,0,2500,2451.25,20,0,0,0,0,0,0,10,10,0
403.233,0,28725248,windows,0,10605,10116.2,49,0,0,0,0,0,0,27,18,4
403.482,1,29293568,windows,0,2500,2451.25,20,0,0,0,0,0,0,10,10,0
403.486,0,28741632,windows,0,10085,9730,47,0,0,0,0,0,0,25,18,4
403.738,0,28758016,windows,0,10085,9730,47,0,0,0,0,0,0,25,18,4
403.738,1,29313024,repair,0,2500,2451.25,20,0,0,0,0,0,0,10,10,0
403.989,1,29334528,repair,0,2500,2451.25,20,0,0,0,0,0,0,10,10,0
404.005,0,28775424,windows,0,10085,9730,47,0,0,0,0,0,0,25,18,4
404.248,1,29355008,windows,0,2500,2451.25,20,0,0,0,0,0,0,10,10,0
404.267,0,28792832,windows,0,10085,9730,47,0,0,0,0,0,0,25,18,4
404.506,1,29375488,windows,0,2500,2451.25,20,0,0,0,0,0,0,10,10,0
404.531,0,28811264,windows,0,10085,9730,47,0,0,0,0,0,0,25,18,4
404.767,1,29395968,windows,0,2500,2451.25,20,0,0,0,0,0,0,10,10,0
404.787,0,28828672,windows,0,2500,2451.25,20,0,0,0,0,0,0,10,10,0
405.022,1,29417472,windows,0,2500,2451.25,20,0,0,0,0,0,0,10,10,0
405.05,0,28847104,windows,0,2500,2451.25,20,0,0,0,0,0,0,10,10,0
405.278,1,29436928,windows,0,2500,2451.25,20,0,0,0,0,0,0,10,10,0
405.307,0,28864512,windows,0,2500,2451.25,20,0,0,0,0,0,0,10,10,0
405.537,1,29456384,windows,0,2500,2451.25,20,0,0,0,0,0,0,10,10,0
405.562,0,28881920,windows,0,2500,2451.25,20,0,0,0,0,0,0,10,10,0
405.793,1,29476864,windows,0,2500,2451.25,20,0,0,0,0,0,0,10,10,0
405.822,0,28899328,windows,0,2500,2451.25,20,0,0,0,0,0,0,10,10,0
406.05,1,29498368,repair,301,6.6183e+07,6.61531e+07,3565,15,56,63,109,58,0,1964,1492,109
406.086,0,28916736,windows,0,2500,2451.25,20,0,0,0,0,0,0,10,10,0
406.306,1,29520896,repair,189,5.7159e+07,5.71186e+07,3366,7,23,41,73,45,0,1868,1387,111
406.347,0,28934144,windows,0,2500,2451.25,20,0,0,0,0,0,0,10,10,0
406.564,1,29543424,repair,118,5.00023e+07,4.99652e+07,3207,4,22,16,50,26,0,1856,1269,82
406.606,0,28950528,windows,0,2500,2451.25,20,0,0,0,0,0,0,10,10,0
406.824,1,29566976,repair,58,4.09101e+07,4.08761e+07,2954,4,6,9,26,13,0,1731,1131,92
406.858,0,28967936,windows,0,2500,2451.25,20,0,0,0,0,0,0,10,10,0
407.077,1,29589504,repair,22,3.37919e+07,3.37635e+07,2694,1,2,2,13,4,0,1630,1010,54
407.116,0,28986368,windows,0,2500,2451.25,20,0,0,0,0,0,0,10,10,0
407.337,1,29612032,repair,4,2.59731e+07,2.5966e+07,2371,0,0,0,3,1,0,1429,885,57
407.367,0,29004800,windows,0,2500,2451.25,20,0,0,0,0,0,0,10,10,0
407.59,1,29632512,windows,0,1.64108e+07,1.64032e+07,1944,0,0,0,0,0,0,1240,658,46
407.626,0,29023232,repair,0,2500,2451.25,20,0,0,0,0,0,0,10,10,0
407.845,1,29651968,windows,0,1.04627e+07,1.04616e+07,1588,0,0,0,0,0,0,1062,489,37
407.885,0,29044736,windows,0,2500,2451.25,20,0,0,0,0,0,0,10,10,0
408.106,1,29672448,windows,0,7.05782e+06,7.04552e+06,1314,0,0,0,0,0,0,883,395,36
408.14,0,29065216,windows,0,2500,2451.25,20,0,0,0,0,0,0,10,10,0
408.365,1,29691904,windows,0,4.63304e+06,4.63239e+06,1047,0,0,0,0,0,0,691,334,22
408.393,0,29083648,windows,0,2500,2451.25,20,0,0,0,0,0,0,10,10,0
408.625,1,29712384,windows,0,3.11754e+06,3.11689e+06,876,0,0,0,0,0,0,597,257,22
408.649,0,29103104,windows,0,2500,2451.25,20,0,0,0,0,0,0,10,10,0
408.877,1,29731840,windows,0,2.27158e+06,2.26902e+06,745,0,0,0,0,0,0,511,219,15
408.901,0,29122560,windows,0,2500,2451.25,20,0,0,0,0,0,0,10,10,0
409.133,1,29752320,windows,0,1.59776e+06,1.59514e+06,625,0,0,0,0,0,0,418,189,18
409.166,0,29144064,windows,0,2500,2451.25,20,0,0,0,0,0,0,10,10,0
409.393,1,29770752,windows,0,1.08772e+06,1.0842e+06,515,0,0,0,0,0,0,345,156,14
409.418,0,29161472,windows,0,2500,2451.25,20,0,0,0,0,0,0,10,10,0
409.648,1,29789184,windows,0,815295,814912,451,0,0,0,0,0,0,309,129,13
409.67,0,29179904,windows,0,2500,2451.25,20,0,0,0,0,0,0,10,10,0
409.903,1,29807616,windows,0,605245,604832,387,0,0,0,0,0,0,257,116,14
409.927,0,29199360,windows,0,2500,2451.25,20,0,0,0,0,0,0,10,10,0
410.165,1,29826048,windows,0,430865,430865,320,0,0,0,0,0,0,203,105,12
410.187,0,29219840,windows,0,2500,2451.25,20,0,0,0,0,0,0,10,10,0
410.426,1,29844480,windows,0,306430,306108,273,0,0,0,0,0,0,176,86,11
410.446,0,29240320,repair,0,2500,2451.25,20,0,0,0,0,0,0,10,10,0
410.683,1,29862912,windows,0,231245,229810,241,0,0,0,0,0,0,157,72,12
410.705,0,29261824,windows,0,2500,2451.25,20,0,0,0,0,0,0,10,10,0
410.935,1,29882368,windows,0,182565,181891,213,0,0,0,0,0,0,135,66,12
410.967,0,29282304,windows,0,2500,2451.25,20,0,0,0,0,0,0,10,10,0
411.194,1,29900800,windows,0,142910,142910,189,0,0,0,0,0,0,120,58,11
411.217,0,29299712,windows,0,2500,2451.25,20,0,0,0,0,0,0,10,10,0
411.454,1,29919232,windows,0,109970,109970,168,0,0,0,0,0,0,108,49,11
411.471,0,29318144,windows,0,2500,2451.25,20,0,0,0,0,0,0,10,10,0
411.712,1,29939712,windows,0,95830,95341.2,156,0,0,0,0,0,0,98,47,11
411.733,0,29338624,windows,0,2500,2451.25,20,0,0,0,0,0,0,10,10,0
411.967,1,29956096,windows,0,83430,82981.2,144,0,0,0,0,0,0,90,45,9
411.996,0,29358080,windows,0,2500,2451.25,20,0,0,0,0,0,0,10,10,0
412.236,1,29973504,windows,0,68130,68130,129,0,0,0,0,0,0,78,42,9
412.259,0,29376512,windows,0,2500,2451.25,20,0,0,0,0,0,0,10,10,0
412.489,1,29989888,windows,0,55730,55467.5,118,0,0,0,0,0,0,72,37,9
412.521,0,29396992,windows,0,2500,2451.25,20,0,0,0,0,0,0,10,10,0
412.74,1,30006272,windows,0,51430,51167.5,114,0,0,0,0,0,0,70,35,9
412.776,0,29416448,windows,0,2500,2451.25,20,0,0,0,0,0,0,10,10,0
412.997,1,30022656,windows,0,47995,47398.8,110,0,0,0,0,0,0,67,34,9
413.036,0,29435904,windows,0,2500,2451.25,20,0,0,0,0,0,0,10,10,0
413.256,1,30041088,windows,0,42775,42188.8,105,0,0,0,0,0,0,65,31,9
413.294,0,29455360,windows,0,2500,2451.25,20,0,0,0,0,0,0,10,10,0
413.514,1,30059520,windows,0,39055,38792.5,99,0,0,0,0,0,0,59,31,9
413.549,0,29475840,windows,0,2500,2451.25,20,0,0,0,0,0,0,10,10,0
413.769,1,30077952,windows,0,35555,34697.5,94,0,0,0,0,0,0,55,30,9
413.8,0,29496320,windows,0,2500,2451.25,20,0,0,0,0,0,0,10,10,0
414.031,1,30098432,windows,0,32255,31417.5,89,0,0,0,0,0,0,51,29,9
414.053,0,29517824,windows,0,2500,2451.25,20,0,0,0,0,0,0,10,10,0
414.281,1,30117888,windows,0,30100,29545,86,0,0,0,0,0,0,50,28,8
414.311,0,29539328,windows,0,2500,2451.25,20,0,0,0,0,0,0,10,10,0
414.542,1,30138368,windows,0,25600,25600,76,0,0,0,0,0,0,40,28,8
414.563,0,29560832,windows,0,2500,2451.25,20,0,0,0,0,0,0,10,10,0
414.806,1,30157824,windows,0,25205,25205,75,0,0,0,0,0,0,39,28,8
414.819,0,29580288,repair,0,2500,2451.25,20,0,0,0,0,0,0,10,10,0
415.067,1,30178304,windows,0,23725,23170,71,0,0,0,0,0,0,35,28,8
415.069,0,29600768,windows,0,2500,2451.25,20,0,0,0,0,0,0,10,10,0
415.33,0,29621248,windows,0,2500,2451.25,20,0,0,0,0,0,0,10,10,0
415.37,1,30197760,windows,0,21945,21410,68,0,0,0,0,0,0,33,27,8
415.587,0,29637632,windows,0,2500,2451.25,20,0,0,0,0,0,0,10,10,0
415.621,1,30214144,windows,0,21945,21410,68,0,0,0,0,0,0,33,27,8
415.852,0,29655040,windows,0,2500,2451.25,20,0,0,0,0,0,0,10,10,0
415.875,1,30233600,windows,0,20245,19730,65,0,0,0,0,0,0,31,26,8
416.105,0,29671424,windows,0,2500,2451.25,20,0,0,0,0,0,0,10,10,0
416.135,1,30255104,windows,0,19225,18730,64,0,0,0,0,0,0,31,25,8
416.366,0,29687808,windows,0,2500,2451.25,20,0,0,0,0,0,0,10,10,0
416.394,1,30276608,windows,0,18885,18410,65,0,0,0,0,0,0,33,24,8
416.619,0,29704192,windows,0,2500,2451.25,20,0,0,0,0,0,0,10,10,0
416.651,1,30298112,windows,0,18380,17736.2,64,0,0,0,0,0,0,34,24,6
416.875,0,29719552,windows,0,2500,2451.25,20,0,0,0,0,0,0,10,10,0
416.914,1,30319616,windows,0,15205,15205,61,0,0,0,0,0,0,35,20,6
417.127,0,29735936,windows,0,2500,2451.25,20,0,0,0,0,0,0,10,10,0
417.175,1,30341120,windows,0,13105,13105,56,0,0,0,0,0,0,31,19,6
417.377,0,29751296,windows,0,2500,2451.25,20,0,0,0,0,0,0,10,10,0
417.438,1,30361600,windows,0,12505,11986.2,54,0,0,0,0,0,0,29,19,6
417.636,0,29767680,windows,0,2500,2451.25,20,0,0,0,0,0,0,10,10,0
417.699,1,30379008,windows,0,12220,11706.2,53,0,0,0,0,0,0,28,19,6
417.899,0,29784064,windows,0,2500,2451.25,20,0,0,0,0,0,0,10,10,0
417.958,1,30399488,windows,0,10940,10940,50,0,0,0,0,0,0,26,18,6
418.159,0,29800448,windows,0,2500,2451.25,20,0,0,0,0,0,0,10,10,0
418.209,1,30422016,windows,0,10205,10205,47,0,0,0,0,0,0,23,18,6
418.416,0,29815808,windows,0,2500,2451.25,20,0,0,0,0,0,0,10,10,0
418.466,1,30444544,windows,0,9980,9980,46,0,0,0,0,0,0,22,18,6
418.676,0,29832192,repair,0,2500,2451.25,20,0,0,0,0,0,0,10,10,0
418.723,1,30468096,windows,0,8515,8200,44,0,0,0,0,0,0,25,16,3
418.937,0,29850624,windows,0,2500,2451.25,20,0,0,0,0,0,0,10,10,0
418.973,1,30490624,windows,0,8150,8150,44,0,0,0,0,0,0,26,15,3
419.198,0,29869056,windows,0,2500,2451.25,20,0,0,0,0,0,0,10,10,0
419.23,1,30514176,windows,0,7075,6676.25,40,0,0,0,0,0,0,25,14,1
419.462,0,29887488,windows,0,2500,2451.25,20,0,0,0,0,0,0,10,10,0
419.483,1,30535680,windows,0,6830,6436.25,39,0,0,0,0,0,0,24,14,1
419.713,0,29903872,windows,0,2500,2451.25,20,0,0,0,0,0,0,10,10,0
419.734,1,30558208,windows,0,5830,5830,36,0,0,0,0,0,0,22,13,1
419.964,0,29920256,windows,0,2500,2451.25,20,0,0,0,0,0,0,10,10,0
419.991,1,30581760,windows,0,5830,5830,36,0,0,0,0,0,0,22,13,1
420.215,0,29936640,windows,0,2500,2451.25,20,0,0,0,0,0,0,10,10,0
420.242,1,30604288,windows,0,5830,5830,36,0,0,0,0,0,0,22,13,1
420.474,0,29953024,windows,0,2500,2451.25,20,0,0,0,0,0,0,10,10,0
420.496,1,30626816,windows,0,5615,5511.25,35,0,0,0,0,0,0,21,13,1
420.728,0,29969408,windows,0,2500,2451.25,20,0,0,0,0,0,0,10,10,0
420.758,1,30650368,windows,0,5215,5215,33,0,0,0,0,0,0,19,13,1
420.985,0,29985792,windows,0,2500,2451.25,20,0,0,0,0,0,0,10,10,0
421.014,1,30674944,windows,0,5215,5215,33,0,0,0,0,0,0,19,13,1
421.249,0,30003200,windows,0,2500,2451.25,20,0,0,0,0,0,0,10,10,0
421.273,1,30698496,windows,0,5030,5030,32,0,0,0,0,0,0,18,13,1
421.505,0,30018560,windows,0,2500,2451.25,20,0,0,0,0,0,0,10,10,0
421.537,1,30721024,windows,0,5030,5030,32,0,0,0,0,0,0,18,13,1
421.793,1,30739456,windows,0,5030,5030,32,0,0,0,0,0,0,18,13,1
421.794,0,30035968,repair,534,2.37925e+07,2.37767e+07,1680,14,23,20,322,155,0,993,545,142
422.046,1,30756864,windows,0,2500,2451.25,20,0,0,0,0,0,0,10,10,0
422.047,0,30055424,repair,279,6.85025e+07,6.85025e+07,3631,24,56,42,106,51,0,1988,1525,118
422.299,0,30075904,repair,177,6.64063e+07,6.64029e+07,3594,14,42,29,61,31,0,1965,1517,112
422.306,1,30775296,windows,0,2500,2451.25,20,0,0,0,0,0,0,10,10,0
422.555,0,30095360,repair,123,5.12624e+07,5.12507e+07,3190,5,20,22,40,36,0,1773,1321,96
422.568,1,30793728,windows,0,2500,2451.25,20,0,0,0,0,0,0,10,10,0
422.813,0,30114816,repair,69,4.41397e+07,4.41043e+07,3004,2,9,15,27,16,0,1706,1209,89
422.831,1,30812160,windows,0,2500,2451.25,20,0,0,0,0,0,0,10,10,0
423.065,0,30134272,repair,35,3.49385e+07,3.49385e+07,2719,0,5,4,17,9,0,1608,1045,66
423.09,1,30831616,windows,0,2500,2451.25,20,0,0,0,0,0,0,10,10,0
423.326,0,30152704,repair,11,2.94542e+07,2.94336e+07,2530,0,1,2,5,3,0,1530,939,61
423.344,1,30850048,windows,0,2500,2451.25,20,0,0,0,0,0,0,10,10,0
423.582,0,30171136,repair,3,2.26543e+07,2.26472e+07,2259,0,1,2,0,0,0,1406,796,57
423.594,1,30867456,windows,0,2500,2451.25,20,0,0,0,0,0,0,10,10,0
423.843,0,30191616,windows,0,1.54665e+07,1.54665e+07,1916,0,0,0,0,0,0,1273,605,38
423.849,1,30885888,windows,0,2500,2451.25,20,0,0,0,0,0,0,10,10,0
424.099,0,30209024,windows,0,1.03213e+07,1.03163e+07,1548,0,0,0,0,0,0,998,515,35
424.112,1,30905344,windows,0,2500,2451.25,20,0,0,0,0,0,0,10,10,0
424.353,0,30226432,windows,0,7.38624e+06,7.38624e+06,1344,0,0,0,0,0,0,923,394,27
424.37,1,30924800,windows,0,2500,2451.25,20,0,0,0,0,0,0,10,10,0
424.616,0,30243840,windows,0,4.95236e+06,4.94533e+06,1077,0,0,0,0,0,0,701,352,24
424.625,1,30942208,windows,0,2500,2451.25,20,0,0,0,0,0,0,10,10,0
424.877,1,30959616,windows,0,2500,2451.25,20,0,0,0,0,0,0,10,10,0
424.877,0,30260224,windows,0,3.56688e+06,3.56623e+06,935,0,0,0,0,0,0,637,276,22
425.131,1,30977024,windows,0,2500,2451.25,20,0,0,0,0,0,0,10,10,0
425.133,0,30276608,windows,0,2.61062e+06,2.60997e+06,797,0,0,0,0,0,0,532,243,22
425.388,0,30292992,windows,0,1.98698e+06,1.98698e+06,701,0,0,0,0,0,0,484,201,16
425.402,1,30994432,windows,0,2500,2451.25,20,0,0,0,0,0,0,10,10,0
425.639,0,30309376,windows,0,1.40858e+06,1.40858e+06,591,0,0,0,0,0,0,404,171,16
425.664,1,31010816,windows,0,2500,2451.25,20,0,0,0,0,0,0,10,10,0
425.889,0,30324736,windows,0,1.03008e+06,1.03008e+06,509,0,0,0,0,0,0,354,141,14
425.914,1,31027200,windows,0,2500,2451.25,20,0,0,0,0,0,0,10,10,0
426.148,0,30341120,windows,0,803795,801200,448,0,0,0,0,0,0,303,130,15
426.174,1,31044608,windows,0,2500,2451.25,20,0,0,0,0,0,0,10,10,0
426.4,0,30356480,windows,0,606175,606175,393,0,0,0,0,0,0,269,109,15
426.428,1,31062016,windows,0,2500,2451.25,20,0,0,0,0,0,0,10,10,0
426.666,0,30372864,windows,0,467615,466401,349,0,0,0,0,0,0,243,91,15
426.679,1,31078400,windows,0,2500,2451.25,20,0,0,0,0,0,0,10,10,0
426.928,0,30389248,windows,0,331630,331630,291,0,0,0,0,0,0,196,82,13
426.932,1,31095808,repair,0,2500,2451.25,20,0,0,0,0,0,0,10,10,0
427.188,1,31113216,repair,0,2500,2451.25,20,0,0,0,0,0,0,10,10,0
427.193,0,30405632,windows,0,250865,250865,250,0,0,0,0,0,0,159,77,14
427.443,1,31129600,windows,0,2500,2451.25,20,0,0,0,0,0,0,10,10,0
427.458,0,30422016,windows,0,195510,194439,224,0,0,0,0,0,0,150,63,11
427.693,1,31145984,windows,0,2500,2451.25,20,0,0,0,0,0,0,10,10,0
427.709,0,30437376,windows,0,157925,156939,203,0,0,0,0,0,0,139,54,10
427.95,1,31162368,windows,0,2500,2451.25,20,0,0,0,0,0,0,10,10,0
427.971,0,30452736,windows,0,122355,122355,174,0,0,0,0,0,0,111,54,9
428.214,1,31179776,windows,0,2500,2451.25,20,0,0,0,0,0,0,10,10,0
428.226,0,30468096,windows,0,103070,103070,163,0,0,0,0,0,0,108,46,9
428.476,1,31196160,windows,0,2500,2451.25,20,0,0,0,0,0,0,10,10,0
428.485,0,30484480,windows,0,88510,87991.2,153,0,0,0,0,0,0,104,40,9
428.733,1,31212544,windows,0,2500,2451.25,20,0,0,0,0,0,0,10,10,0
428.736,0,30500864,windows,0,81855,81080,147,0,0,0,0,0,0,99,39,9
428.983,1,31228928,windows,0,2500,2451.25,20,0,0,0,0,0,0,10,10,0
428.997,0,30517248,windows,0,72500,71788.8,139,0,0,0,0,0,0,96,35,8
429.242,1,31245312,windows,0,2500,2451.25,20,0,0,0,0,0,0,10,10,0
429.25,0,30533632,windows,0,55495,54760,117,0,0,0,0,0,0,73,37,7
429.494,1,31260672,windows,0,2500,2451.25,20,0,0,0,0,0,0,10,10,0
429.514,0,30550016,windows,0,45190,44841.2,108,0,0,0,0,0,0,70,31,7
429.746,1,31276032,windows,0,2500,2451.25,20,0,0,0,0,0,0,10,10,0
429.766,0,30565376,windows,0,40595,40595,102,0,0,0,0,0,0,65,30,7
429.997,1,31291392,windows,0,2500,2451.25,20,0,0,0,0,0,0,10,10,0
430.03,0,30582784,windows,0,34720,34720,93,0,0,0,0,0,0,58,29,6
430.254,1,31307776,windows,0,2500,2451.25,20,0,0,0,0,0,0,10,10,0
430.287,0,30599168,windows,0,32600,31613.8,92,0,0,0,0,0,0,60,26,6
430.518,1,31324160,windows,0,2500,2451.25,20,0,0,0,0,0,0,10,10,0
430.545,0,30616576,windows,0,27100,26668.8,83,0,0,0,0,0,0,52,25,6
430.778,1,31340544,windows,0,2500,2451.25,20,0,0,0,0,0,0,10,10,0
430.801,0,30635008,windows,0,24605,24432.5,79,0,0,0,0,0,0,49,24,6
431.041,1,31357952,windows,0,2500,2451.25,20,0,0,0,0,0,0,10,10,0
431.068,0,30653440,windows,0,24605,24432.5,79,0,0,0,0,0,0,49,24,6
431.292,1,31377408,windows,0,2500,2451.25,20,0,0,0,0,0,0,10,10,0
431.318,0,30669824,windows,0,22725,22077.5,75,0,0,0,0,0,0,45,24,6
431.544,1,31396864,windows,0,2500,2451.25,20,0,0,0,0,0,0,10,10,0
431.575,0,30686208,windows,0,21340,21167.5,73,0,0,0,0,0,0,44,23,6
431.797,1,31413248,windows,0,2500,2451.25,20,0,0,0,0,0,0,10,10,0
431.827,0,30702592,windows,0,20065,19688.8,70,0,0,0,0,0,0,41,23,6
432.057,1,31430656,windows,0,2500,2451.25,20,0,0,0,0,0,0,10,10,0
432.084,0,30718976,windows,0,19660,19288.8,69,0,0,0,0,0,0,40,23,6
432.318,1,31447040,windows,0,2500,2451.25,20,0,0,0,0,0,0,10,10,0
432.34,0,30735360,windows,0,18880,18518.8,67,0,0,0,0,0,0,38,23,6
432.574,1,31462400,windows,0,2500,2451.25,20,0,0,0,0,0,0,10,10,0
432.592,0,30750720,windows,0,18725,17903.8,65,0,0,0,0,0,0,35,24,6
432.824,1,31477760,windows,0,2500,2451.25,20,0,0,0,0,0,0,10,10,0
432.849,0,30767104,windows,0,18380,17732.5,64,0,0,0,0,0,0,34,24,6
433.079,1,31493120,windows,0,2500,2451.25,20,0,0,0,0,0,0,10,10,0
433.108,0,30783488,windows,0,16885,16538.8,63,0,0,0,0,0,0,35,22,6
433.332,1,31508480,windows,0,2500,2451.25,20,0,0,0,0,0,0,10,10,0
433.366,0,30799872,windows,0,15880,15548.8,60,0,0,0,0,0,0,32,22,6
433.583,1,31523840,windows,0,2500,2451.25,20,0,0,0,0,0,0,10,10,0
433.621,0,30816256,windows,0,15350,15207.5,60,0,0,0,0,0,0,34,21,5
433.846,1,31541248,windows,0,2500,2451.25,20,0,0,0,0,0,0,10,10,0
433.882,0,30832640,windows,0,14530,14387.5,59,0,0,0,0,0,0,34,20,5
434.103,1,31557632,windows,0,2500,2451.25,20,0,0,0,0,0,0,10,10,0
434.149,0,30846976,windows,0,14195,14052.5,58,0,0,0,0,0,0,33,20,5
434.355,1,31572992,windows,0,2500,2451.25,20,0,0,0,0,0,0,10,10,0
434.407,0,30865408,windows,0,13870,13727.5,57,0,0,0,0,0,0,32,20,5
434.62,1,31589376,windows,0,2500,2451.25,20,0,0,0,0,0,0,10,10,0
434.663,0,30883840,windows,0,13250,13107.5,55,0,0,0,0,0,0,30,20,5
434.872,1,31604736,windows,0,2500,2451.25,20,0,0,0,0,0,0,10,10,0
434.916,0,30902272,windows,0,13250,13107.5,55,0,0,0,0,0,0,30,20,5
435.133,1,31621120,windows,0,2500,2451.25,20,0,0,0,0,0,0,10,10,0
435.178,0,30921728,windows,0,12670,12527.5,53,0,0,0,0,0,0,28,20,5
435.391,1,31638528,windows,0,2500,2451.25,20,0,0,0,0,0,0,10,10,0
435.439,0,30941184,windows,0,12670,12527.5,53,0,0,0,0,0,0,28,20,5
435.653,1,31655936,windows,0,2500,2451.25,20,0,0,0,0,0,0,10,10,0
435.696,0,30960640,windows,0,12670,12527.5,53,0,0,0,0,0,0,28,20,5
435.904,1,31673344,windows,0,2500,2451.25,20,0,0,0,0,0,0,10,10,0
435.955,0,30980096,windows,0,11905,11792.5,52,0,0,0,0,0,0,29,19,4
436.162,1,31690752,windows,0,2500,2451.25,20,0,0,0,0,0,0,10,10,0
436.217,0,31000576,windows,0,11345,11232.5,50,0,0,0,0,0,0,27,19,4
436.413,1,31706112,repair,0,2500,2451.25,20,0,0,0,0,0,0,10,10,0
436.469,0,31020032,windows,0,11080,10592.5,49,0,0,0,0,0,0,26,19,4
436.673,1,31722496,repair,0,2500,2451.25,20,0,0,0,0,0,0,10,10,0
436.73,0,31039488,windows,0,10825,10337.5,48,0,0,0,0,0,0,25,19,4
436.933,1,31739904,windows,0,2500,2451.25,20,0,0,0,0,0,0,10,10,0
436.989,0,31058944,windows,0,10580,10092.5,47,0,0,0,0,0,0,24,19,4
437.2,1,31757312,windows,0,2500,2451.25,20,0,0,0,0,0,0,10,10,0
437.244,0,31079424,windows,0,10345,9857.5,46,0,0,0,0,0,0,23,19,4
437.455,1,31772672,windows,0,2500,2451.25,20,0,0,0,0,0,0,10,10,0
437.502,0,31098880,windows,0,10345,9857.5,46,0,0,0,0,0,0,23,19,4
437.707,1,31790080,windows,0,2500,2451.25,20,0,0,0,0,0,0,10,10,0
437.762,0,31118336,windows,0,10345,9857.5,46,0,0,0,0,0,0,23,19,4
437.961,1,31810560,windows,0,2500,2451.25,20,0,0,0,0,0,0,10,10,0
438.017,0,31138816,windows,0,10345,9857.5,46,0,0,0,0,0,0,23,19,4
438.22,1,31826944,windows,0,2500,2451.25,20,0,0,0,0,0,0,10,10,0
438.278,0,31160320,windows,0,10345,9857.5,46,0,0,0,0,0,0,23,19,4
438.474,1,31843328,windows,0,2500,2451.25,20,0,0,0,0,0,0,10,10,0
438.528,0,31180800,windows,0,10120,9632.5,45,0,0,0,0,0,0,22,19,4
438.73,1,31859712,windows,0,2500,2451.25,20,0,0,0,0,0,0,10,10,0
438.785,0,31202304,windows,0,10120,9632.5,45,0,0,0,0,0,0,22,19,4
438.993,1,31876096,windows,0,2500,2451.25,20,0,0,0,0,0,0,10,10,0
439.04,0,31223808,windows,0,10120,9632.5,45,0,0,0,0,0,0,22,19,4
439.249,1,31893504,windows,0,2500,2451.25,20,0,0,0,0,0,0,10,10,0
439.304,0,31244288,windows,0,10120,9632.5,45,0,0,0,0,0,0,22,19,4
439.503,1,31909888,windows,0,2500,2451.25,20,0,0,0,0,0,0,10,10,0
439.569,0,31264768,windows,0,2500,2451.25,20,0,0,0,0,0,0,10,10,0
439.757,1,31927296,windows,0,2500,2451.25,20,0,0,0,0,0,0,10,10,0
439.821,0,31283200,windows,0,2500,2451.25,20,0,0,0,0,0,0,10,10,0
440.022,1,31944704,windows,0,2500,2451.25,20,0,0,0,0,0,0,10,10,0
440.087,0,31302656,windows,0,2500,2451.25,20,0,0,0,0,0,0,10,10,0
440.274,1,31962112,windows,0,2500,2451.25,20,0,0,0,0,0,0,10,10,0
440.347,0,31323136,windows,0,2500,2451.25,20,0,0,0,0,0,0,10,10,0
440.539,1,31979520,windows,0,2500,2451.25,20,0,0,0,0,0,0,10,10,0
440.606,0,31342592,windows,0,2500,2451.25,20,0,0,0,0,0,0,10,10,0
440.801,1,31996928,windows,0,2500,2451.25,20,0,0,0,0,0,0,10,10,0
440.862,0,31365120,windows,0,2500,2451.25,20,0,0,0,0,0,0,10,10,0
441.063,1,32013312,repair,319,5.7195e+07,5.71817e+07,3346,17,63,54,122,63,0,1845,1364,137
441.119,0,31383552,windows,0,2500,2451.25,20,0,0,0,0,0,0,10,10,0
441.321,1,32032768,repair,203,6.82444e+07,6.8231e+07,3616,14,46,31,74,38,0,1949,1547,120
441.381,0,31400960,windows,0,2500,2451.25,20,0,0,0,0,0,0,10,10,0
441.584,1,32053248,repair,138,4.98932e+07,4.98932e+07,3221,6,27,25,54,26,0,1870,1259,92
441.637,0,31417344,windows,0,2500,2451.25,20,0,0,0,0,0,0,10,10,0
441.84,1,32072704,repair,85,3.91395e+07,3.91179e+07,2906,1,8,13,40,23,0,1749,1083,74
441.891,0,31434752,windows,0,2500,2451.25,20,0,0,0,0,0,0,10,10,0
442.09,1,32091136,repair,45,3.42256e+07,3.42175e+07,2729,1,10,5,18,11,0,1633,1016,80
442.151,0,31452160,windows,0,2500,2451.25,20,0,0,0,0,0,0,10,10,0
442.354,1,32110592,repair,15,3.27312e+07,3.27033e+07,2672,1,3,0,9,2,0,1595,995,82
442.408,0,31469568,windows,0,2500,2451.25,20,0,0,0,0,0,0,10,10,0
442.617,1,32128000,repair,3,2.6168e+07,2.61658e+07,2432,0,1,0,2,0,0,1500,859,73
442.666,0,31488000,windows,0,2500,2451.25,20,0,0,0,0,0,0,10,10,0
442.876,1,32147456,repair,0,2.21644e+07,2.21625e+07,2238,0,0,0,0,0,0,1385,789,64
442.921,0,31505408,windows,0,2500,2451.25,20,0,0,0,0,0,0,10,10,0
443.131,1,32164864,windows,0,1.24829e+07,1.24662e+07,1716,0,0,0,0,0,0,1120,555,41
443.176,0,31522816,repair,0,2500,2451.25,20,0,0,0,0,0,0,10,10,0
443.386,1,32180224,windows,0,9.38141e+06,9.36703e+06,1491,0,0,0,0,0,0,990,472,29
443.438,0,31539200,repair,0,2500,2451.25,20,0,0,0,0,0,0,10,10,0
443.643,1,32195584,windows,0,6.88288e+06,6.88199e+06,1273,0,0,0,0,0,0,830,413,30
443.696,0,31555584,windows,0,2500,2451.25,20,0,0,0,0,0,0,10,10,0
443.893,1,32210944,windows,0,5.20445e+06,5.20445e+06,1122,0,0,0,0,0,0,768,335,19
443.96,0,31572992,windows,0,2500,2451.25,20,0,0,0,0,0,0,10,10,0
444.162,1,32227328,windows,0,3.75192e+06,3.75147e+06,952,0,0,0,0,0,0,653,284,15
444.212,0,31588352,windows,0,2500,2451.25,20,0,0,0,0,0,0,10,10,0
444.423,1,32242688,windows,0,2.83082e+06,2.83082e+06,832,0,0,0,0,0,0,582,238,12
444.469,0,31603712,windows,0,2500,2451.25,20,0,0,0,0,0,0,10,10,0
444.68,1,32258048,windows,0,2.16806e+06,2.16553e+06,730,0,0,0,0,0,0,506,210,14
444.732,0,31620096,windows,0,2500,2451.25,20,0,0,0,0,0,0,10,10,0
444.938,1,32274432,windows,0,1.68006e+06,1.6759e+06,638,0,0,0,0,0,0,435,191,12
444.991,0,31640576,windows,0,2500,2451.25,20,0,0,0,0,0,0,10,10,0
445.198,1,32290816,windows,0,1.30218e+06,1.30218e+06,567,0,0,0,0,0,0,395,161,11
445.251,0,31662080,windows,0,2500,2451.25,20,0,0,0,0,0,0,10,10,0
445.462,1,32306176,windows,0,908845,908845,477,0,0,0,0,0,0,337,130,10
445.51,0,31683584,windows,0,2500,2451.25,20,0,0,0,0,0,0,10,10,0
445.727,1,32322560,windows,0,669700,669468,407,0,0,0,0,0,0,284,115,8
445.764,0,31704064,repair,0,2500,2451.25,20,0,0,0,0,0,0,10,10,0
445.984,1,32338944,windows,0,505015,501756,353,0,0,0,0,0,0,241,103,9
446.02,0,31725568,windows,0,2500,2451.25,20,0,0,0,0,0,0,10,10,0
446.244,1,32355328,windows,0,394430,393311,317,0,0,0,0,0,0,224,84,9
446.277,0,31746048,windows,0,2500,2451.25,20,0,0,0,0,0,0,10,10,0
446.499,1,32370688,windows,0,285730,284791,270,0,0,0,0,0,0,188,73,9
446.539,0,31767552,windows,0,2500,2451.25,20,0,0,0,0,0,0,10,10,0
446.76,1,32389120,windows,0,210925,210692,227,0,0,0,0,0,0,149,70,8
446.805,0,31788032,windows,0,2500,2451.25,20,0,0,0,0,0,0,10,10,0
447.013,1,32408576,windows,0,177095,175800,207,0,0,0,0,0,0,135,65,7
447.061,0,31804416,windows,0,2500,2451.25,20,0,0,0,0,0,0,10,10,0
447.268,1,32424960,windows,0,141070,139752,187,0,0,0,0,0,0,124,56,7
447.327,0,31820800,windows,0,2500,2451.25,20,0,0,0,0,0,0,10,10,0
447.52,1,32440320,windows,0,111515,110931,168,0,0,0,0,0,0,117,46,5
447.583,0,31838208,windows,0,2500,2451.25,20,0,0,0,0,0,0,10,10,0
447.772,1,32455680,windows,0,88840,88371.2,145,0,0,0,0,0,0,94,47,4
447.845,0,31858688,windows,0,2500,2451.25,20,0,0,0,0,0,0,10,10,0
448.031,1,32473088,windows,0,72040,71927.5,135,0,0,0,0,0,0,94,37,4
448.103,0,31879168,windows,0,2500,2451.25,20,0,0,0,0,0,0,10,10,0
448.283,1,32489472,windows,0,60485,60432.5,121,0,0,0,0,0,0,83,36,2
448.359,0,31897600,windows,0,2500,2451.25,20,0,0,0,0,0,0,10,10,0
448.536,1,32505856,windows,0,51545,51108.8,112,0,0,0,0,0,0,77,33,2
448.615,0,31917056,repair,0,2500,2451.25,20,0,0,0,0,0,0,10,10,0
448.79,1,32522240,windows,0,40475,39546.2,98,0,0,0,0,0,0,67,30,1
448.87,0,31937536,windows,0,2500,2451.25,20,0,0,0,0,0,0,10,10,0
449.059,1,32538624,windows,0,34850,34551.2,90,0,0,0,0,0,0,60,29,1
449.131,0,31954944,windows,0,2500,2451.25,20,0,0,0,0,0,0,10,10,0
449.315,1,32555008,windows,0,31430,30895,86,0,0,0,0,0,0,58,27,1
449.4,0,31972352,windows,0,2500,2451.25,20,0,0,0,0,0,0,10,10,0
449.58,1,32571392,windows,0,27655,27655,81,0,0,0,0,0,0,55,25,1
449.663,0,31988736,windows,0,2500,2451.25,20,0,0,0,0,0,0,10,10,0
449.833,1,32586752,windows,0,24050,23575,75,0,0,0,0,0,0,50,24,1
449.925,0,32006144,windows,0,2500,2451.25,20,0,0,0,0,0,0,10,10,0
450.085,1,32603136,windows,0,20735,20511.2,69,0,0,0,0,0,0,45,23,1
450.178,0,32021504,windows,0,2500,2451.25,20,0,0,0,0,0,0,10,10,0
450.348,1,32620544,windows,0,18975,18975,67,0,0,0,0,0,0,45,21,1
450.438,0,32036864,windows,0,2500,2451.25,20,0,0,0,0,0,0,10,10,0
450.613,1,32637952,windows,0,17670,17670,64,0,0,0,0,0,0,42,21,1
450.698,0,32052224,windows,0,2500,2451.25,20,0,0,0,0,0,0,10,10,0
450.869,1,32654336,windows,0,16455,16040,61,0,0,0,0,0,0,39,21,1
450.955,0,32068608,windows,0,2500,2451.25,20,0,0,0,0,0,0,10,10,0
451.12,1,32669696,windows,0,15250,15061.2,59,0,0,0,0,0,0,38,20,1
451.213,0,32084992,windows,0,2500,2451.25,20,0,0,0,0,0,0,10,10,0
451.385,1,32685056,windows,0,14510,14510,57,0,0,0,0,0,0,36,20,1
451.47,0,32101376,windows,0,2500,2451.25,20,0,0,0,0,0,0,10,10,0
451.648,1,32701440,windows,0,13150,13150,53,0,0,0,0,0,0,32,20,1
451.728,0,32117760,windows,0,2500,2451.25,20,0,0,0,0,0,0,10,10,0
451.901,1,32716800,windows,0,12695,12695,53,0,0,0,0,0,0,33,19,1
451.994,0,32134144,windows,0,2500,2451.25,20,0,0,0,0,0,0,10,10,0
452.165,1,32734208,windows,0,12055,11680,51,0,0,0,0,0,0,31,19,1
452.249,0,32150528,windows,0,2500,2451.25,20,0,0,0,0,0,0,10,10,0
452.426,1,32751616,windows,0,12055,11680,51,0,0,0,0,0,0,31,19,1
452.512,0,32166912,windows,0,2500,2451.25,20,0,0,0,0,0,0,10,10,0
452.69,1,32769024,windows,0,12055,11680,51,0,0,0,0,0,0,31,19,1
452.774,0,32183296,windows,0,2500,2451.25,20,0,0,0,0,0,0,10,10,0
452.946,1,32785408,windows,0,11315,11161.2,50,0,0,0,0,0,0,31,18,1
453.03,0,32199680,windows,0,2500,2451.25,20,0,0,0,0,0,0,10,10,0
453.201,1,32801792,windows,0,11315,11161.2,50,0,0,0,0,0,0,31,18,1
453.281,0,32217088,windows,0,2500,2451.25,20,0,0,0,0,0,0,10,10,0
453.466,1,32818176,windows,0,11315,11161.2,50,0,0,0,0,0,0,31,18,1
453.538,0,32233472,windows,0,2500,2451.25,20,0,0,0,0,0,0,10,10,0
453.723,1,32834560,windows,0,11010,10506.2,49,0,0,0,0,0,0,30,18,1
453.799,0,32250880,windows,0,2500,2451.25,20,0,0,0,0,0,0,10,10,0
453.986,1,32850944,windows,0,10715,10360,48,0,0,0,0,0,0,29,18,1
454.059,0,32268288,repair,0,2500,2451.25,20,0,0,0,0,0,0,10,10,0
454.243,1,32867328,windows,0,10715,10360,48,0,0,0,0,0,0,29,18,1
454.318,0,32286720,windows,0,2500,2451.25,20,0,0,0,0,0,0,10,10,0
454.51,1,32883712,windows,0,10155,9666.25,46,0,0,0,0,0,0,27,18,1
454.577,0,32304128,windows,0,2500,2451.25,20,0,0,0,0,0,0,10,10,0
454.762,1,32899072,windows,0,9650,9186.25,47,0,0,0,0,0,0,30,16,1
454.832,0,32320512,windows,0,2500,2451.25,20,0,0,0,0,0,0,10,10,0
455.027,1,32915456,windows,0,9030,9030,46,0,0,0,0,0,0,30,15,1
455.085,0,32340992,windows,0,2500,2451.25,20,0,0,0,0,0,0,10,10,0
455.279,1,32931840,windows,0,8735,8591.25,45,0,0,0,0,0,0,29,15,1
455.34,0,32361472,windows,0,2500,2451.25,20,0,0,0,0,0,0,10,10,0
455.534,1,32948224,windows,0,8735,8591.25,45,0,0,0,0,0,0,29,15,1
455.605,0,32381952,windows,0,2500,2451.25,20,0,0,0,0,0,0,10,10,0
455.786,1,32964608,windows,0,8450,8450,44,0,0,0,0,0,0,28,15,1
455.855,0,32402432,windows,0,2500,2451.25,20,0,0,0,0,0,0,10,10,0
456.049,1,32980992,windows,0,8450,8450,44,0,0,0,0,0,0,28,15,1
456.116,0,32423936,windows,0,2500,2451.25,20,0,0,0,0,0,0,10,10,0
456.313,1,32998400,windows,0,7910,7910,42,0,0,0,0,0,0,26,15,1
456.375,0,32445440,repair,0,2500,2451.25,20,0,0,0,0,0,0,10,10,0
456.574,1,33015808,windows,0,7655,7655,41,0,0,0,0,0,0,25,15,1
456.632,0,32465920,repair,0,2500,2451.25,20,0,0,0,0,0,0,10,10,0
456.826,1,33032192,windows,0,7655,7655,41,0,0,0,0,0,0,25,15,1
456.891,0,32488448,windows,0,2500,2451.25,20,0,0,0,0,0,0,10,10,0
457.079,1,33048576,windows,0,7655,7655,41,0,0,0,0,0,0,25,15,1
457.146,0,32509952,windows,0,2500,2451.25,20,0,0,0,0,0,0,10,10,0
457.333,1,33064960,windows,0,7655,7655,41,0,0,0,0,0,0,25,15,1
457.406,0,32530432,windows,0,2500,2451.25,20,0,0,0,0,0,0,10,10,0
457.585,1,33081344,windows,0,7655,7655,41,0,0,0,0,0,0,25,15,1
457.665,0,32550912,windows,0,2500,2451.25,20,0,0,0,0,0,0,10,10,0
457.837,1,33097728,windows,0,7655,7655,41,0,0,0,0,0,0,25,15,1
457.919,0,32570368,windows,0,2500,2451.25,20,0,0,0,0,0,0,10,10,0
458.095,1,33114112,repair,0,7655,7655,41,0,0,0,0,0,0,25,15,1
458.172,0,32590848,windows,0,2500,2451.25,20,0,0,0,0,0,0,10,10,0
458.351,1,33131520,windows,0,7655,7655,41,0,0,0,0,0,0,25,15,1
458.436,0,32611328,windows,0,2500,2451.25,20,0,0,0,0,0,0,10,10,0
458.612,1,33148928,windows,0,7655,7655,41,0,0,0,0,0,0,25,15,1
458.694,0,32631808,windows,0,2500,2451.25,20,0,0,0,0,0,0,10,10,0
458.863,1,33165312,windows,0,7655,7655,41,0,0,0,0,0,0,25,15,1
458.949,0,32652288,windows,0,2500,2451.25,20,0,0,0,0,0,0,10,10,0
459.122,1,33181696,windows,0,7655,7655,41,0,0,0,0,0,0,25,15,1
459.21,0,32672768,windows,0,2500,2451.25,20,0,0,0,0,0,0,10,10,0
459.387,1,33198080,windows,0,7655,7655,41,0,0,0,0,0,0,25,15,1
459.464,0,32692224,windows,0,2500,2451.25,20,0,0,0,0,0,0,10,10,0
459.649,1,33215488,windows,0,7655,7655,41,0,0,0,0,0,0,25,15,1
459.717,0,32712704,windows,0,2500,2451.25,20,0,0,0,0,0,0,10,10,0
459.911,1,33232896,windows,0,7655,7655,41,0,0,0,0,0,0,25,15,1
459.975,0,32731136,repair,396,6.6146e+07,6.61164e+07,3509,20,71,70,159,76,0,1901,1480,128
460.166,1,33250304,windows,0,7655,7655,41,0,0,0,0,0,0,25,15,1
460.23,0,32756736,repair,228,6.11791e+07,6.11757e+07,3436,15,51,45,71,46,0,1873,1452,111
460.422,1,33267712,windows,0,7655,7655,41,0,0,0,0,0,0,25,15,1
460.483,0,32779264,repair,133,5.82912e+07,5.82633e+07,3444,8,27,25,51,22,0,1927,1394,123
460.674,1,33285120,windows,0,7655,7655,41,0,0,0,0,0,0,25,15,1
460.743,0,32802816,repair,72,4.4001e+07,4.39985e+07,3039,5,10,13,29,15,0,1770,1183,86
460.939,1,33300480,windows,0,2500,2451.25,20,0,0,0,0,0,0,10,10,0
460.999,0,32826368,repair,35,3.185e+07,3.18304e+07,2638,1,6,4,16,8,0,1581,978,79
461.195,1,33317888,windows,0,2500,2451.25,20,0,0,0,0,0,0,10,10,0
461.261,0,32849920,repair,5,2.79881e+07,2.79862e+07,2486,1,1,0,1,2,0,1515,905,66
461.452,1,33335296,windows,0,2500,2451.25,20,0,0,0,0,0,0,10,10,0
461.516,0,32869376,repair,1,2.0146e+07,2.01389e+07,2178,0,0,0,1,0,0,1419,707,52
461.707,1,33352704,windows,0,2500,2451.25,20,0,0,0,0,0,0,10,10,0
461.771,0,32888832,windows,0,1.30403e+07,1.3029e+07,1753,0,0,0,0,0,0,1150,565,38
461.96,1,33370112,windows,0,2500,2451.25,20,0,0,0,0,0,0,10,10,0
462.027,0,32909312,windows,0,8.63375e+06,8.61985e+06,1420,0,0,0,0,0,0,930,463,27
462.215,1,33387520,windows,0,2500,2451.25,20,0,0,0,0,0,0,10,10,0
462.282,0,32928768,windows,0,5.69158e+06,5.69081e+06,1161,0,0,0,0,0,0,764,371,26
462.469,1,33404928,windows,0,2500,2451.25,20,0,0,0,0,0,0,10,10,0
462.535,0,32945152,windows,0,4.15372e+06,4.15372e+06,1011,0,0,0,0,0,0,705,288,18
462.729,1,33422336,windows,0,2500,2451.25,20,0,0,0,0,0,0,10,10,0
462.786,0,32959488,windows,0,3.22807e+06,3.22807e+06,894,0,0,0,0,0,0,626,251,17
462.979,1,33439744,windows,0,2500,2451.25,20,0,0,0,0,0,0,10,10,0
463.041,0,32975872,windows,0,2.46238e+06,2.45727e+06,769,0,0,0,0,0,0,520,235,14
463.241,1,33458176,windows,0,2500,2451.25,20,0,0,0,0,0,0,10,10,0
463.306,0,32996352,windows,0,1.62687e+06,1.62474e+06,628,0,0,0,0,0,0,426,189,13
463.501,1,33476608,windows,0,2500,2451.25,20,0,0,0,0,0,0,10,10,0
463.557,0,33014784,windows,0,1.09914e+06,1.09728e+06,528,0,0,0,0,0,0,373,141,14
463.758,1,33495040,windows,0,2500,2451.25,20,0,0,0,0,0,0,10,10,0
463.811,0,33034240,windows,0,816645,816645,451,0,0,0,0,0,0,315,126,10
464.017,1,33512448,windows,0,2500,2451.25,20,0,0,0,0,0,0,10,10,0
464.063,0,33053696,windows,0,607460,607108,388,0,0,0,0,0,0,262,114,12
464.269,1,33528832,windows,0,2500,2451.25,20,0,0,0,0,0,0,10,10,0
464.321,0,33072128,windows,0,400700,397816,314,0,0,0,0,0,0,218,90,6
464.532,1,33545216,windows,0,2500,2451.25,20,0,0,0,0,0,0,10,10,0
464.581,0,33090560,windows,0,280130,279988,259,0,0,0,0,0,0,174,80,5
464.784,1,33562624,windows,0,2500,2451.25,20,0,0,0,0,0,0,10,10,0
464.838,0,33110016,windows,0,226335,224938,239,0,0,0,0,0,0,171,63,5
465.043,1,33581056,windows,0,2500,2451.25,20,0,0,0,0,0,0,10,10,0
465.101,0,33129472,windows,0,177475,177332,212,0,0,0,0,0,0,151,56,5
465.294,1,33598464,windows,0,2500,2451.25,20,0,0,0,0,0,0,10,10,0
465.353,0,33147904,windows,0,131350,130741,180,0,0,0,0,0,0,122,53,5
465.545,1,33615872,windows,0,2500,2451.25,20,0,0,0,0,0,0,10,10,0
465.62,0,33167360,windows,0,101750,101059,160,0,0,0,0,0,0,110,45,5
465.807,1,33634304,windows,0,2500,2451.25,20,0,0,0,0,0,0,10,10,0
465.88,0,33186816,windows,0,84500,84387.5,146,0,0,0,0,0,0,102,40,4
466.06,1,33652736,windows,0,2500,2451.25,20,0,0,0,0,0,0,10,10,0
466.133,0,33205248,windows,0,69650,69650,131,0,0,0,0,0,0,90,38,3
466.316,1,33671168,windows,0,2500,2451.25,20,0,0,0,0,0,0,10,10,0
466.39,0,33224704,windows,0,53780,53667.5,114,0,0,0,0,0,0,74,36,4
466.567,1,33688576,repair,0,2500,2451.25,20,0,0,0,0,0,0,10,10,0
466.641,0,33243136,windows,0,44495,43840,103,0,0,0,0,0,0,67,33,3
466.826,1,33707008,windows,0,2500,2451.25,20,0,0,0,0,0,0,10,10,0
466.892,0,33262592,windows,0,38870,38541.2,98,0,0,0,0,0,0,66,29,3
467.09,1,33725440,windows,0,2500,2451.25,20,0,0,0,0,0,0,10,10,0
467.154,0,33282048,windows,0,34070,34070,92,0,0,0,0,0,0,62,27,3
467.355,1,33741824,windows,0,2500,2451.25,20,0,0,0,0,0,0,10,10,0
467.417,0,33299456,windows,0,27470,26995,83,0,0,0,0,0,0,56,24,3
467.619,1,33756160,windows,0,2500,2451.25,20,0,0,0,0,0,0,10,10,0
467.673,0,33317888,windows,0,22450,22201.2,75,0,0,0,0,0,0,50,22,3
467.875,1,33769472,windows,0,2500,2451.25,20,0,0,0,0,0,0,10,10,0
467.925,0,33336320,windows,0,20135,20135,71,0,0,0,0,0,0,47,21,3
468.127,1,33784832,windows,0,2500,2451.25,20,0,0,0,0,0,0,10,10,0
468.175,0,33355776,windows,0,19215,18991.2,69,0,0,0,0,0,0,45,21,3
468.38,1,33801216,windows,0,2500,2451.25,20,0,0,0,0,0,0,10,10,0
468.438,0,33375232,windows,0,16675,16471.2,64,0,0,0,0,0,0,41,20,3
468.63,1,33817600,windows,0,2500,2451.25,20,0,0,0,0,0,0,10,10,0
468.699,0,33395712,windows,0,14710,14335,60,0,0,0,0,0,0,38,19,3
468.885,1,33835008,windows,0,2500,2451.25,20,0,0,0,0,0,0,10,10,0
468.96,0,33415168,windows,0,13970,13595,58,0,0,0,0,0,0,36,19,3
469.15,1,33853440,windows,0,2500,2451.25,20,0,0,0,0,0,0,10,10,0
469.229,0,33431552,windows,0,12175,11666.2,55,0,0,0,0,0,0,35,17,3
469.41,1,33869824,repair,0,2500,2451.25,20,0,0,0,0,0,0,10,10,0
469.482,0,33446912,windows,0,11410,11410,55,0,0,0,0,0,0,38,14,3
469.667,1,33886208,repair,0,2500,2451.25,20,0,0,0,0,0,0,10,10,0
469.74,0,33463296,windows,0,10670,10670,53,0,0,0,0,0,0,36,14,3
469.925,1,33902592,windows,0,2500,2451.25,20,0,0,0,0,0,0,10,10,0
470.002,0,33479680,windows,0,9970,9970,51,0,0,0,0,0,0,34,14,3
470.183,1,33918976,windows,0,2500,2451.25,20,0,0,0,0,0,0,10,10,0
470.266,0,33496064,windows,0,9310,9151.25,49,0,0,0,0,0,0,32,14,3
470.442,1,33934336,windows,0,2500,2451.25,20,0,0,0,0,0,0,10,10,0
470.526,0,33512448,windows,0,8995,8841.25,48,0,0,0,0,0,0,31,14,3
470.697,1,33949696,windows,0,2500,2451.25,20,0,0,0,0,0,0,10,10,0
470.787,0,33528832,windows,0,8110,7971.25,45,0,0,0,0,0,0,28,14,3
470.958,1,33965056,windows,0,2500,2451.25,20,0,0,0,0,0,0,10,10,0
471.046,0,33545216,windows,0,7855,7711.25,45,0,0,0,0,0,0,29,13,3
471.219,1,33981440,windows,0,2500,2451.25,20,0,0,0,0,0,0,10,10,0
471.303,0,33561600,windows,0,7295,7161.25,43,0,0,0,0,0,0,27,13,3
471.487,1,33996800,windows,0,2500,2451.25,20,0,0,0,0,0,0,10,10,0
471.562,0,33579008,windows,0,7295,7161.25,43,0,0,0,0,0,0,27,13,3
471.749,1,34012160,windows,0,2500,2451.25,20,0,0,0,0,0,0,10,10,0
471.818,0,33598464,windows,0,7295,7161.25,43,0,0,0,0,0,0,27,13,3
472.002,1,34030592,windows,0,2500,2451.25,20,0,0,0,0,0,0,10,10,0
472.072,0,33616896,windows,0,7030,6646.25,42,0,0,0,0,0,0,26,13,3
472.254,1,34049024,windows,0,2500,2451.25,20,0,0,0,0,0,0,10,10,0
472.332,0,33635328,windows,0,7030,6646.25,42,0,0,0,0,0,0,26,13,3
472.505,1,34067456,windows,0,2500,2451.25,20,0,0,0,0,0,0,10,10,0
472.585,0,33654784,windows,0,7030,6646.25,42,0,0,0,0,0,0,26,13,3
472.765,1,34087936,windows,0,2500,2451.25,20,0,0,0,0,0,0,10,10,0
472.846,0,33675264,windows,0,6775,6396.25,41,0,0,0,0,0,0,25,13,3
473.022,1,34104320,windows,0,2500,2451.25,20,0,0,0,0,0,0,10,10,0
473.107,0,33694720,windows,0,6530,6156.25,40,0,0,0,0,0,0,24,13,3
473.275,1,34120704,windows,0,2500,2451.25,20,0,0,0,0,0,0,10,10,0
473.357,0,33713152,windows,0,6530,6156.25,40,0,0,0,0,0,0,24,13,3
473.529,1,34137088,repair,0,2500,2451.25,20,0,0,0,0,0,0,10,10,0
473.61,0,33732608,windows,0,6530,6156.25,40,0,0,0,0,0,0,24,13,3
473.788,1,34154496,windows,0,2500,2451.25,20,0,0,0,0,0,0,10,10,0
473.872,0,33753088,windows,0,6295,5926.25,39,0,0,0,0,0,0,23,13,3
474.048,1,34170880,windows,0,2500,2451.25,20,0,0,0,0,0,0,10,10,0
474.127,0,33772544,windows,0,6295,5926.25,39,0,0,0,0,0,0,23,13,3
474.309,1,34188288,windows,0,2500,2451.25,20,0,0,0,0,0,0,10,10,0
474.392,0,33792000,windows,0,5855,5496.25,37,0,0,0,0,0,0,21,13,3
474.572,1,34204672,windows,0,2500,2451.25,20,0,0,0,0,0,0,10,10,0
474.645,0,33808384,windows,0,5650,5296.25,36,0,0,0,0,0,0,20,13,3
474.832,1,34224128,windows,0,2500,2451.25,20,0,0,0,0,0,0,10,10,0
474.899,0,33824768,windows,0,5650,5296.25,36,0,0,0,0,0,0,20,13,3
475.09,1,34245632,windows,0,2500,2451.25,20,0,0,0,0,0,0,10,10,0
475.154,0,33845248,windows,0,5455,5106.25,35,0,0,0,0,0,0,19,13,3
475.345,1,34263040,windows,0,2500,2451.25,20,0,0,0,0,0,0,10,10,0
475.419,0,33863680,windows,0,5455,5106.25,35,0,0,0,0,0,0,19,13,3
475.6,1,34281472,windows,0,2500,2451.25,20,0,0,0,0,0,0,10,10,0
475.675,0,33880064,windows,0,5455,5106.25,35,0,0,0,0,0,0,19,13,3
475.851,1,34301952,windows,0,2500,2451.25,20,0,0,0,0,0,0,10,10,0
475.928,0,33895424,windows,0,4495,4186.25,33,0,0,0,0,0,0,19,11,3
476.103,1,34321408,windows,0,2500,2451.25,20,0,0,0,0,0,0,10,10,0
476.179,0,33911808,windows,0,4135,3920,31,0,0,0,0,0,0,17,11,3
476.355,1,34341888,windows,0,2500,2451.25,20,0,0,0,0,0,0,10,10,0
476.43,0,33928192,windows,0,4135,3920,31,0,0,0,0,0,0,17,11,3
476.615,1,34363392,windows,0,2500,2451.25,20,0,0,0,0,0,0,10,10,0
476.694,0,33945600,windows,0,4135,3920,31,0,0,0,0,0,0,17,11,3
476.865,1,34382848,repair,0,2500,2451.25,20,0,0,0,0,0,0,10,10,0
476.95,0,33961984,windows,0,4135,3920,31,0,0,0,0,0,0,17,11,3
477.116,1,34402304,windows,0,2500,2451.25,20,0,0,0,0,0,0,10,10,0
477.2,0,33978368,windows,0,4135,3920,31,0,0,0,0,0,0,17,11,3
477.369,1,34418688,windows,0,2500,2451.25,20,0,0,0,0,0,0,10,10,0
477.47,0,33994752,windows,0,3565,3286.25,29,0,0,0,0,0,0,17,10,2
477.627,1,34436096,windows,0,2500,2451.25,20,0,0,0,0,0,0,10,10,0
477.729,0,34011136,windows,0,3360,3271.25,29,0,0,0,0,0,0,18,9,2
477.889,1,34457600,windows,0,2500,2451.25,20,0,0,0,0,0,0,10,10,0
477.993,0,34028544,windows,0,3020,2845,27,0,0,0,0,0,0,16,9,2
478.149,1,34478080,windows,0,2500,2451.25,20,0,0,0,0,0,0,10,10,0
478.245,0,34044928,windows,0,3020,2845,27,0,0,0,0,0,0,16,9,2
478.408,1,34499584,windows,0,2500,2451.25,20,0,0,0,0,0,0,10,10,0
478.497,0,34061312,windows,0,3020,2845,27,0,0,0,0,0,0,16,9,2
478.664,1,34516992,windows,0,2500,2451.25,20,0,0,0,0,0,0,10,10,0
478.756,0,34077696,windows,0,3020,2845,27,0,0,0,0,0,0,16,9,2
478.919,1,34533376,windows,0,2500,2451.25,20,0,0,0,0,0,0,10,10,0
479.008,0,34094080,windows,0,3020,2845,27,0,0,0,0,0,0,16,9,2
479.179,1,34549760,windows,0,2500,2451.25,20,0,0,0,0,0,0,10,10,0
479.261,0,34110464,windows,0,3020,2845,27,0,0,0,0,0,0,16,9,2
479.441,1,34567168,windows,0,2500,2451.25,20,0,0,0,0,0,0,10,10,0
479.512,0,34126848,windows,0,2500,2451.25,20,0,0,0,0,0,0,10,10,0
479.693,1,34583552,repair,380,6.62005e+07,6.61578e+07,3521,24,75,87,128,66,0,1922,1489,110
479.773,0,34144256,windows,0,2500,2451.25,20,0,0,0,0,0,0,10,10,0
479.945,1,34604032,repair,260,5.70835e+07,5.70469e+07,3388,15,37,49,115,44,0,1944,1345,99
480.028,0,34160640,windows,0,2500,2451.25,20,0,0,0,0,0,0,10,10,0
480.199,1,34623488,repair,172,5.46164e+07,5.45804e+07,3375,9,30,36,69,28,0,1951,1314,110
480.281,0,34178048,windows,0,2500,2451.25,20,0,0,0,0,0,0,10,10,0
480.452,1,34642944,repair,103,5.1058e+07,5.10229e+07,3257,5,21,17,41,19,0,1872,1284,101
480.544,0,34195456,windows,0,2500,2451.25,20,0,0,0,0,0,0,10,10,0
480.704,1,34661376,repair,64,3.84941e+07,3.84832e+07,2886,0,11,7,32,14,0,1743,1073,70
480.8,0,34212864,windows,0,2500,2451.25,20,0,0,0,0,0,0,10,10,0
480.967,1,34680832,repair,32,3.20111e+07,3.19835e+07,2634,3,4,4,12,9,0,1594,979,61
481.058,0,34231296,windows,0,2500,2451.25,20,0,0,0,0,0,0,10,10,0
481.218,1,34699264,repair,8,2.974e+07,2.974e+07,2525,1,3,0,4,0,0,1509,955,61
481.32,0,34249728,windows,0,2500,2451.25,20,0,0,0,0,0,0,10,10,0
481.468,1,34717696,repair,2,2.10622e+07,2.10554e+07,2165,0,1,0,1,0,0,1345,773,47
481.578,0,34267136,windows,0,2500,2451.25,20,0,0,0,0,0,0,10,10,0
481.733,1,34736128,windows,0,1.42827e+07,1.42815e+07,1822,0,0,0,0,0,0,1178,604,40
481.834,0,34285568,windows,0,2500,2451.25,20,0,0,0,0,0,0,10,10,0
481.996,1,34752512,windows,0,1.03357e+07,1.03345e+07,1534,0,0,0,0,0,0,962,532,40
482.092,0,34305024,windows,0,2500,2451.25,20,0,0,0,0,0,0,10,10,0
482.25,1,34768896,windows,0,7.46347e+06,7.45058e+06,1329,0,0,0,0,0,0,868,428,33
482.342,0,34321408,windows,0,2500,2451.25,20,0,0,0,0,0,0,10,10,0
482.501,1,34783232,windows,0,5.40786e+06,5.40411e+06,1137,0,0,0,0,0,0,749,359,29
482.621,0,34337792,windows,0,2500,2451.25,20,0,0,0,0,0,0,10,10,0
482.761,1,34798592,windows,0,4.04816e+06,4.04242e+06,1003,0,0,0,0,0,0,690,287,26
482.883,0,34355200,windows,0,2500,2451.25,20,0,0,0,0,0,0,10,10,0
483.024,1,34814976,windows,0,3.00314e+06,2.99809e+06,864,0,0,0,0,0,0,583,253,28
483.146,0,34372608,windows,0,2500,2451.25,20,0,0,0,0,0,0,10,10,0
483.274,1,34830336,windows,0,2.37779e+06,2.37515e+06,771,0,0,0,0,0,0,528,220,23
483.399,0,34388992,windows,0,2500,2451.25,20,0,0,0,0,0,0,10,10,0
483.539,1,34845696,windows,0,1.77325e+06,1.77325e+06,660,0,0,0,0,0,0,440,199,21
483.662,0,34405376,windows,0,2500,2451.25,20,0,0,0,0,0,0,10,10,0
483.798,1,34859008,windows,0,1.3346e+06,1.33271e+06,569,0,0,0,0,0,0,378,175,16
483.919,0,34421760,windows,0,2500,2451.25,20,0,0,0,0,0,0,10,10,0
484.052,1,34874368,windows,0,981750,981368,490,0,0,0,0,0,0,330,147,13
484.174,0,34438144,windows,0,2500,2451.25,20,0,0,0,0,0,0,10,10,0
484.305,1,34891776,windows,0,735650,731294,430,0,0,0,0,0,0,292,123,15
484.44,0,34455552,windows,0,2500,2451.25,20,0,0,0,0,0,0,10,10,0
484.568,1,34910208,windows,0,569730,569730,377,0,0,0,0,0,0,258,108,11
484.698,0,34472960,windows,0,2500,2451.25,20,0,0,0,0,0,0,10,10,0
484.823,1,34926592,windows,0,407650,407650,316,0,0,0,0,0,0,212,95,9
484.952,0,34489344,windows,0,2500,2451.25,20,0,0,0,0,0,0,10,10,0
485.085,1,34944000,windows,0,310370,307816,278,0,0,0,0,0,0,188,81,9
485.21,0,34505728,windows,0,2500,2451.25,20,0,0,0,0,0,0,10,10,0
485.34,1,34961408,windows,0,228430,227035,239,0,0,0,0,0,0,160,70,9
485.467,0,34522112,windows,0,2500,2451.25,20,0,0,0,0,0,0,10,10,0
485.601,1,34977792,windows,0,177695,176911,217,0,0,0,0,0,0,157,51,9
485.723,0,34538496,windows,0,2500,2451.25,20,0,0,0,0,0,0,10,10,0
485.864,1,34997248,windows,0,113765,112889,173,0,0,0,0,0,0,117,46,10
485.977,0,34554880,windows,0,2500,2451.25,20,0,0,0,0,0,0,10,10,0
486.124,1,35013632,windows,0,89730,88958.8,153,0,0,0,0,0,0,102,42,9
486.233,0,34571264,windows,0,2500,2451.25,20,0,0,0,0,0,0,10,10,0
486.377,1,35030016,windows,0,71410,71147.5,135,0,0,0,0,0,0,86,40,9
486.499,0,34588672,windows,0,2500,2451.25,20,0,0,0,0,0,0,10,10,0
486.639,1,35046400,windows,0,58775,58371.2,123,0,0,0,0,0,0,81,35,7
486.758,0,34606080,windows,0,2500,2451.25,20,0,0,0,0,0,0,10,10,0
486.902,1,35062784,windows,0,48070,47867.5,112,0,0,0,0,0,0,74,31,7
487.011,0,34622464,windows,0,2500,2451.25,20,0,0,0,0,0,0,10,10,0
487.162,1,35078144,windows,0,38795,38795,102,0,0,0,0,0,0,69,26,7
487.271,0,34639872,windows,0,2500,2451.25,20,0,0,0,0,0,0,10,10,0
487.418,1,35092480,windows,0,33830,33830,96,0,0,0,0,0,0,66,23,7
487.525,0,34657280,windows,0,2500,2451.25,20,0,0,0,0,0,0,10,10,0
487.68,1,35107840,windows,0,30050,30050,90,0,0,0,0,0,0,60,23,7
487.782,0,34674688,windows,0,2500,2451.25,20,0,0,0,0,0,0,10,10,0
487.935,1,35124224,windows,0,25570,25115,82,0,0,0,0,0,0,52,23,7
488.038,0,34692096,windows,0,2500,2451.25,20,0,0,0,0,0,0,10,10,0
488.189,1,35142656,windows,0,21335,21132.5,75,0,0,0,0,0,0,47,21,7
488.299,0,34708480,windows,0,2500,2451.25,20,0,0,0,0,0,0,10,10,0
488.455,1,35162112,windows,0,18290,17692.5,69,0,0,0,0,0,0,42,20,7
488.56,0,34725888,windows,0,2500,2451.25,20,0,0,0,0,0,0,10,10,0
488.71,1,35181568,windows,0,16690,16690,66,0,0,0,0,0,0,40,19,7
488.819,0,34743296,windows,0,2500,2451.25,20,0,0,0,0,0,0,10,10,0
488.971,1,35202048,windows,0,15170,15170,62,0,0,0,0,0,0,36,19,7
489.08,0,34764800,windows,0,2500,2451.25,20,0,0,0,0,0,0,10,10,0
489.225,1,35222528,windows,0,14795,14611.2,62,0,0,0,0,0,0,37,18,7
489.344,0,34786304,windows,0,2500,2451.25,20,0,0,0,0,0,0,10,10,0
489.475,1,35243008,windows,0,14430,14430,61,0,0,0,0,0,0,36,18,7
489.595,0,34807808,windows,0,2500,2451.25,20,0,0,0,0,0,0,10,10,0
489.732,1,35263488,windows,0,13580,13208.8,61,0,0,0,0,0,0,40,15,6
489.854,0,34829312,windows,0,2500,2451.25,20,0,0,0,0,0,0,10,10,0
489.992,1,35284992,windows,0,13045,12861.2,59,0,0,0,0,0,0,37,16,6
490.112,0,34850816,windows,0,2500,2451.25,20,0,0,0,0,0,0,10,10,0
490.253,1,35305472,windows,0,11705,11532.5,56,0,0,0,0,0,0,35,15,6
490.37,0,34873344,windows,0,2500,2451.25,20,0,0,0,0,0,0,10,10,0
490.506,1,35325952,windows,0,11320,11147.5,54,0,0,0,0,0,0,32,16,6
490.629,0,34895872,windows,0,2500,2451.25,20,0,0,0,0,0,0,10,10,0
490.767,1,35346432,windows,0,10055,9760,51,0,0,0,0,0,0,31,15,5
490.884,0,34918400,windows,0,2500,2451.25,20,0,0,0,0,0,0,10,10,0
491.025,1,35366912,windows,0,9750,9455,50,0,0,0,0,0,0,30,15,5
491.138,0,34939904,windows,0,2500,2451.25,20,0,0,0,0,0,0,10,10,0
491.281,1,35388416,windows,0,8665,8511.25,48,0,0,0,0,0,0,31,13,4
491.393,0,34960384,repair,0,2500,2451.25,20,0,0,0,0,0,0,10,10,0
491.539,1,35409920,windows,0,8065,7666.25,46,0,0,0,0,0,0,29,13,4
491.649,0,34981888,windows,0,2500,2451.25,20,0,0,0,0,0,0,10,10,0
491.79,1,35431424,windows,0,7505,7250,44,0,0,0,0,0,0,27,13,4
491.905,0,35003392,windows,0,2500,2451.25,20,0,0,0,0,0,0,10,10,0
492.047,1,35453952,windows,0,6740,6485,41,0,0,0,0,0,0,24,13,4
492.167,0,35024896,windows,0,2500,2451.25,20,0,0,0,0,0,0,10,10,0
492.302,1,35475456,windows,0,6505,6250,40,0,0,0,0,0,0,23,13,4
492.426,0,35044352,windows,0,2500,2451.25,20,0,0,0,0,0,0,10,10,0
492.563,1,35496960,windows,0,6065,5810,38,0,0,0,0,0,0,21,13,4
492.685,0,35063808,windows,0,2500,2451.25,20,0,0,0,0,0,0,10,10,0
492.823,1,35519488,windows,0,5795,5560,38,0,0,0,0,0,0,23,12,3
492.937,0,35084288,windows,0,2500,2451.25,20,0,0,0,0,0,0,10,10,0
493.083,1,35542016,windows,0,5795,5560,38,0,0,0,0,0,0,23,12,3
493.189,0,35103744,windows,0,2500,2451.25,20,0,0,0,0,0,0,10,10,0
493.335,1,35563520,windows,0,5570,5461.25,37,0,0,0,0,0,0,22,12,3
493.444,0,35123200,windows,0,2500,2451.25,20,0,0,0,0,0,0,10,10,0
493.589,1,35586048,windows,0,5355,5251.25,36,0,0,0,0,0,0,21,12,3
493.705,0,35143680,windows,0,2500,2451.25,20,0,0,0,0,0,0,10,10,0
493.847,1,35609600,windows,0,4805,4570,33,0,0,0,0,0,0,19,12,2
493.965,0,35165184,windows,0,2500,2451.25,20,0,0,0,0,0,0,10,10,0
494.104,1,35632128,windows,0,4620,4385,32,0,0,0,0,0,0,18,12,2
494.226,0,35185664,windows,0,2500,2451.25,20,0,0,0,0,0,0,10,10,0
494.363,1,35655680,windows,0,4345,4130,32,0,0,0,0,0,0,19,11,2
494.483,0,35207168,windows,0,2500,2451.25,20,0,0,0,0,0,0,10,10,0
494.626,1,35678208,windows,0,3985,3770,30,0,0,0,0,0,0,17,11,2
494.745,0,35228672,windows,0,2500,2451.25,20,0,0,0,0,0,0,10,10,0
494.878,1,35700736,windows,0,3985,3770,30,0,0,0,0,0,0,17,11,2
494.998,0,35249152,repair,0,2500,2451.25,20,0,0,0,0,0,0,10,10,0
495.138,1,35723264,windows,0,3985,3770,30,0,0,0,0,0,0,17,11,2
495.251,0,35271680,windows,0,2500,2451.25,20,0,0,0,0,0,0,10,10,0
495.399,1,35745792,windows,0,3985,3770,30,0,0,0,0,0,0,17,11,2
495.514,0,35294208,windows,0,2500,2451.25,20,0,0,0,0,0,0,10,10,0
495.653,1,35767296,windows,0,3820,3605,29,0,0,0,0,0,0,16,11,2
495.767,0,35315712,windows,0,2500,2451.25,20,0,0,0,0,0,0,10,10,0
495.904,1,35789824,windows,0,3820,3605,29,0,0,0,0,0,0,16,11,2
496.018,0,35336192,windows,0,2500,2451.25,20,0,0,0,0,0,0,10,10,0
496.162,1,35810304,windows,0,3820,3605,29,0,0,0,0,0,0,16,11,2
496.276,0,35353600,windows,0,2500,2451.25,20,0,0,0,0,0,0,10,10,0
496.414,1,35828736,windows,0,3820,3605,29,0,0,0,0,0,0,16,11,2
496.544,0,35371008,windows,0,2500,2451.25,20,0,0,0,0,0,0,10,10,0
496.666,1,35846144,windows,0,2500,2451.25,20,0,0,0,0,0,0,10,10,0
496.804,0,35387392,repair,343,6.875e+07,6.875e+07,3623,19,69,75,120,60,0,1980,1519,124
496.928,1,35863552,windows,0,2500,2451.25,20,0,0,0,0,0,0,10,10,0
497.065,0,35407872,repair,217,6.32207e+07,6.32207e+07,3561,14,40,39,84,40,0,2005,1443,113
497.188,1,35881984,windows,0,2500,2451.25,20,0,0,0,0,0,0,10,10,0
497.325,0,35428352,repair,144,5.12089e+07,5.11964e+07,3277,11,29,30,50,24,0,1909,1270,98
497.452,1,35899392,windows,0,2340,2281.25,21,0,0,0,0,0,0,12,9,0
497.585,0,35447808,repair,88,4.51016e+07,4.50659e+07,3054,5,12,10,39,22,0,1752,1210,92
497.715,1,35916800,windows,0,2340,2281.25,21,0,0,0,0,0,0,12,9,0
497.837,0,35467264,repair,48,3.48206e+07,3.47922e+07,2785,6,3,6,20,13,0,1724,994,67
497.973,1,35933184,windows,0,2340,2281.25,21,0,0,0,0,0,0,12,9,0
498.097,0,35486720,repair,19,3.04058e+07,3.03872e+07,2604,0,1,3,9,6,0,1611,930,63
498.238,1,35950592,windows,0,2340,2281.25,21,0,0,0,0,0,0,12,9,0
498.351,0,35505152,repair,5,2.64812e+07,2.64543e+07,2430,0,2,0,0,3,0,1493,872,65
498.491,1,35966976,windows,0,2340,2281.25,21,0,0,0,0,0,0,12,9,0
498.612,0,35524608,repair,1,1.55806e+07,1.55619e+07,1911,0,0,0,1,0,0,1230,630,51
498.745,1,35983360,windows,0,2340,2281.25,21,0,0,0,0,0,0,12,9,0
498.867,0,35542016,windows,0,1.11189e+07,1.11032e+07,1625,0,0,0,0,0,0,1064,520,41
499.012,1,35998720,windows,0,2340,2281.25,21,0,0,0,0,0,0,12,9,0
499.118,0,35558400,windows,0,7.9806e+06,7.97467e+06,1406,0,0,0,0,0,0,960,408,38
499.268,1,36018176,windows,0,2340,2281.25,21,0,0,0,0,0,0,12,9,0
499.381,0,35575808,windows,0,5.7486e+06,5.74353e+06,1188,0,0,0,0,0,0,793,358,37
499.52,1,36037632,windows,0,2340,2281.25,21,0,0,0,0,0,0,12,9,0
499.636,0,35591168,windows,0,3.9826e+06,3.97355e+06,998,0,0,0,0,0,0,692,280,26
499.775,1,36058112,windows,0,2340,2281.25,21,0,0,0,0,0,0,12,9,0
499.89,0,35607552,windows,0,2.85847e+06,2.85546e+06,852,0,0,0,0,0,0,602,227,23
500.037,1,36079616,repair,0,2340,2281.25,21,0,0,0,0,0,0,12,9,0
500.148,0,35621888,windows,0,2.18708e+06,2.18405e+06,726,0,0,0,0,0,0,476,228,22
500.295,1,36101120,windows,0,2340,2281.25,21,0,0,0,0,0,0,12,9,0
500.4,0,35638272,windows,0,1.70684e+06,1.70615e+06,656,0,0,0,0,0,0,447,186,23
500.547,1,36121600,windows,0,2340,2281.25,21,0,0,0,0,0,0,12,9,0
500.662,0,35654656,windows,0,1.22461e+06,1.22399e+06,555,0,0,0,0,0,0,374,160,21
500.801,1,36142080,windows,0,2340,2281.25,21,0,0,0,0,0,0,12,9,0
500.912,0,35670016,windows,0,918530,914236,486,0,0,0,0,0,0,336,131,19
501.051,1,36163584,windows,0,2340,2281.25,21,0,0,0,0,0,0,12,9,0
501.17,0,35686400,windows,0,711790,710371,425,0,0,0,0,0,0,284,122,19
501.307,1,36185088,windows,0,2340,2281.25,21,0,0,0,0,0,0,12,9,0
501.424,0,35702784,windows,0,551250,551250,378,0,0,0,0,0,0,252,105,21
501.562,1,36205568,windows,0,2340,2281.25,21,0,0,0,0,0,0,12,9,0
501.675,0,35718144,windows,0,428465,427932,334,0,0,0,0,0,0,225,91,18
501.812,1,36227072,windows,0,2340,2281.25,21,0,0,0,0,0,0,12,9,0
501.936,0,35734528,windows,0,299575,299575,281,0,0,0,0,0,0,193,73,15
502.07,1,36246528,windows,0,2340,2281.25,21,0,0,0,0,0,0,12,9,0
502.194,0,35750912,windows,0,238300,235734,251,0,0,0,0,0,0,172,65,14
502.329,1,36264960,windows,0,2340,2281.25,21,0,0,0,0,0,0,12,9,0
502.454,0,35767296,windows,0,189635,188440,222,0,0,0,0,0,0,151,60,11
502.589,1,36281344,windows,0,2340,2281.25,21,0,0,0,0,0,0,12,9,0
502.709,0,35783680,windows,0,157810,157488,204,0,0,0,0,0,0,140,53,11
502.845,1,36298752,windows,0,2340,2281.25,21,0,0,0,0,0,0,12,9,0
502.967,0,35801088,windows,0,119315,119315,176,0,0,0,0,0,0,119,48,9
503.108,1,36316160,windows,0,2340,2281.25,21,0,0,0,0,0,0,12,9,0
503.217,0,35821568,windows,0,93425,93425,154,0,0,0,0,0,0,101,45,8
503.362,1,36332544,windows,0,2340,2281.25,21,0,0,0,0,0,0,12,9,0
503.469,0,35840000,windows,0,70900,70105,134,0,0,0,0,0,0,86,40,8
503.613,1,36348928,windows,0,2340,2281.25,21,0,0,0,0,0,0,12,9,0
503.732,0,35859456,windows,0,58180,57066.2,121,0,0,0,0,0,0,76,37,8
503.874,1,36366336,windows,0,2340,2281.25,21,0,0,0,0,0,0,12,9,0
503.989,0,35878912,windows,0,46060,45425,108,0,0,0,0,0,0,70,32,6
504.134,1,36383744,windows,0,2340,2281.25,21,0,0,0,0,0,0,12,9,0
504.249,0,35899392,windows,0,36505,35757.5,96,0,0,0,0,0,0,61,29,6
504.399,1,36401152,windows,0,2340,2281.25,21,0,0,0,0,0,0,12,9,0
504.503,0,35918848,windows,0,31575,31432.5,89,0,0,0,0,0,0,57,27,5
504.66,1,36420608,windows,0,2340,2281.25,21,0,0,0,0,0,0,12,9,0
504.756,0,35936256,windows,0,27275,26617.5,82,0,0,0,0,0,0,51,26,5
504.914,1,36442112,windows,0,2340,2281.25,21,0,0,0,0,0,0,12,9,0
505.019,0,35955712,windows,0,22580,22580,74,0,0,0,0,0,0,46,24,4
505.169,1,36463616,windows,0,2340,2281.25,21,0,0,0,0,0,0,12,9,0
505.28,0,35976192,windows,0,22165,22165,75,0,0,0,0,0,0,49,22,4
505.43,1,36485120,repair,0,2340,2281.25,21,0,0,0,0,0,0,12,9,0
505.539,0,35996672,windows,0,19405,19191.2,69,0,0,0,0,0,0,43,22,4
505.687,1,36505600,repair,0,2340,2281.25,21,0,0,0,0,0,0,12,9,0
505.801,0,36016128,windows,0,17300,17101.2,65,0,0,0,0,0,0,40,21,4
505.949,1,36527104,windows,0,2340,2281.25,21,0,0,0,0,0,0,12,9,0
506.062,0,36035584,windows,0,15095,14526.2,61,0,0,0,0,0,0,39,19,3
506.205,1,36548608,windows,0,2340,2281.25,21,0,0,0,0,0,0,12,9,0
506.317,0,36054016,windows,0,13230,13230,57,0,0,0,0,0,0,36,18,3
506.466,1,36569088,windows,0,2340,2281.25,21,0,0,0,0,0,0,12,9,0
506.57,0,36073472,windows,0,12195,12195,54,0,0,0,0,0,0,33,18,3
506.725,1,36589568,windows,0,2340,2281.25,21,0,0,0,0,0,0,12,9,0
506.825,0,36091904,windows,0,11495,11331.2,53,0,0,0,0,0,0,33,17,3
506.986,1,36611072,windows,0,2340,2281.25,21,0,0,0,0,0,0,12,9,0
507.091,0,36109312,windows,0,10510,10351.2,51,0,0,0,0,0,0,32,16,3
507.239,1,36631552,windows,0,2340,2281.25,21,0,0,0,0,0,0,12,9,0
507.344,0,36127744,windows,0,9270,9270,48,0,0,0,0,0,0,30,15,3
507.494,1,36652032,windows,0,2340,2281.25,21,0,0,0,0,0,0,12,9,0
507.596,0,36146176,windows,0,8690,8551.25,46,0,0,0,0,0,0,28,15,3
507.745,1,36673536,repair,0,2340,2281.25,21,0,0,0,0,0,0,12,9,0
507.851,0,36166656,windows,0,7895,7895,43,0,0,0,0,0,0,25,15,3
508.001,1,36696064,windows,0,2340,2281.25,21,0,0,0,0,0,0,12,9,0
508.11,0,36188160,windows,0,7650,7650,42,0,0,0,0,0,0,24,15,3
508.252,1,36716544,windows,0,2340,2281.25,21,0,0,0,0,0,0,12,9,0
508.364,0,36207616,windows,0,7315,7315,42,0,0,0,0,0,0,25,14,3
508.512,1,36736000,windows,0,2340,2281.25,21,0,0,0,0,0,0,12,9,0
508.619,0,36227072,windows,0,6835,6835,40,0,0,0,0,0,0,23,14,3
508.768,1,36755456,windows,0,2340,2281.25,21,0,0,0,0,0,0,12,9,0
508.87,0,36247552,windows,0,6610,6610,39,0,0,0,0,0,0,22,14,3
509.021,1,36772864,windows,0,2340,2281.25,21,0,0,0,0,0,0,12,9,0
509.127,0,36263936,windows,0,6395,6395,38,0,0,0,0,0,0,21,14,3
509.285,1,36789248,windows,0,2340,2281.25,21,0,0,0,0,0,0,12,9,0
509.386,0,36280320,windows,0,5995,5995,36,0,0,0,0,0,0,19,14,3
509.538,1,36804608,windows,0,2340,2281.25,21,0,0,0,0,0,0,12,9,0
509.641,0,36296704,windows,0,5650,5567.5,36,0,0,0,0,0,0,20,13,3
509.795,1,36819968,windows,0,2340,2281.25,21,0,0,0,0,0,0,12,9,0
509.905,0,36313088,windows,0,5455,5372.5,35,0,0,0,0,0,0,19,13,3
510.054,1,36836352,windows,0,2340,2281.25,21,0,0,0,0,0,0,12,9,0
510.162,0,36328448,windows,0,5455,5372.5,35,0,0,0,0,0,0,19,13,3
510.314,1,36853760,windows,0,2340,2281.25,21,0,0,0,0,0,0,12,9,0
510.418,0,36344832,windows,0,5455,5372.5,35,0,0,0,0,0,0,19,13,3
510.571,1,36870144,windows,0,2340,2281.25,21,0,0,0,0,0,0,12,9,0
510.677,0,36362240,windows,0,5455,5372.5,35,0,0,0,0,0,0,19,13,3
510.83,1,36885504,windows,0,2340,2281.25,21,0,0,0,0,0,0,12,9,0
510.939,0,36381696,windows,0,5455,5372.5,35,0,0,0,0,0,0,19,13,3
511.083,1,36900864,windows,0,2340,2281.25,21,0,0,0,0,0,0,12,9,0
511.19,0,36397056,windows,0,5455,5372.5,35,0,0,0,0,0,0,19,13,3
511.335,1,36917248,windows,0,2340,2281.25,21,0,0,0,0,0,0,12,9,0
511.446,0,36413440,windows,0,5455,5372.5,35,0,0,0,0,0,0,19,13,3
511.598,1,36934656,windows,0,2340,2281.25,21,0,0,0,0,0,0,12,9,0
511.71,0,36430848,windows,0,5455,5372.5,35,0,0,0,0,0,0,19,13,3
511.855,1,36952064,windows,0,2340,2281.25,21,0,0,0,0,0,0,12,9,0
511.974,0,36448256,windows,0,5455,5372.5,35,0,0,0,0,0,0,19,13,3
512.116,1,36967424,repair,0,2340,2281.25,21,0,0,0,0,0,0,12,9,0
512.231,0,36465664,windows,0,5455,5372.5,35,0,0,0,0,0,0,19,13,3
512.369,1,36985856,windows,0,2340,2281.25,21,0,0,0,0,0,0,12,9,0
512.488,0,36482048,windows,0,5455,5372.5,35,0,0,0,0,0,0,19,13,3
512.626,1,37002240,windows,0,2340,2281.25,21,0,0,0,0,0,0,12,9,0
512.741,0,36497408,windows,0,5455,5372.5,35,0,0,0,0,0,0,19,13,3
512.883,1,37019648,windows,0,2340,2281.25,21,0,0,0,0,0,0,12,9,0
513.001,0,36512768,windows,0,5455,5372.5,35,0,0,0,0,0,0,19,13,3
513.147,1,37038080,windows,0,2340,2281.25,21,0,0,0,0,0,0,12,9,0
513.261,0,36529152,windows,0,5455,5372.5,35,0,0,0,0,0,0,19,13,3
513.403,1,37055488,windows,0,2340,2281.25,21,0,0,0,0,0,0,12,9,0
513.52,0,36545536,windows,0,5455,5372.5,35,0,0,0,0,0,0,19,13,3
513.667,1,37072896,repair,0,2340,2281.25,21,0,0,0,0,0,0,12,9,0
513.781,0,36562944,windows,0,5455,5372.5,35,0,0,0,0,0,0,19,13,3
513.925,1,37093376,repair,0,2340,2281.25,21,0,0,0,0,0,0,12,9,0
514.032,0,36580352,windows,0,5455,5372.5,35,0,0,0,0,0,0,19,13,3
514.186,1,37115904,repair,0,2340,2281.25,21,0,0,0,0,0,0,12,9,0
514.286,0,36599808,windows,0,5455,5372.5,35,0,0,0,0,0,0,19,13,3
514.441,1,37137408,repair,0,2340,2281.25,21,0,0,0,0,0,0,12,9,0
514.54,0,36620288,windows,0,5455,5372.5,35,0,0,0,0,0,0,19,13,3
514.698,1,37155840,windows,0,2340,2281.25,21,0,0,0,0,0,0,12,9,0
514.803,0,36638720,windows,0,5455,5372.5,35,0,0,0,0,0,0,19,13,3
514.955,1,37174272,windows,0,2340,2281.25,21,0,0,0,0,0,0,12,9,0
515.064,0,36658176,windows,0,5455,5372.5,35,0,0,0,0,0,0,19,13,3
515.219,1,37192704,windows,0,2340,2281.25,21,0,0,0,0,0,0,12,9,0
515.32,0,36677632,windows,0,2340,2281.25,21,0,0,0,0,0,0,12,9,0
515.469,1,37211136,windows,0,2340,2281.25,21,0,0,0,0,0,0,12,9,0
515.582,0,36699136,windows,0,2340,2281.25,21,0,0,0,0,0,0,12,9,0
515.733,1,37229568,windows,0,2340,2281.25,21,0,0,0,0,0,0,12,9,0
515.839,0,36718592,windows,0,2340,2281.25,21,0,0,0,0,0,0,12,9,0
515.996,1,37250048,windows,0,2340,2281.25,21,0,0,0,0,0,0,12,9,0
516.092,0,36740096,windows,0,2225,2171.25,20,0,0,0,0,0,0,11,9,0
516.246,1,37269504,windows,0,2340,2281.25,21,0,0,0,0,0,0,12,9,0
516.349,0,36761600,windows,0,2225,2171.25,20,0,0,0,0,0,0,11,9,0
516.497,1,37288960,windows,0,2340,2281.25,21,0,0,0,0,0,0,12,9,0
516.607,0,36783104,windows,0,2225,2171.25,20,0,0,0,0,0,0,11,9,0
516.758,1,37308416,windows,0,2340,2281.25,21,0,0,0,0,0,0,12,9,0
516.859,0,36801536,windows,0,2225,2171.25,20,0,0,0,0,0,0,11,9,0
517.016,1,37328896,windows,0,2340,2281.25,21,0,0,0,0,0,0,12,9,0
517.112,0,36822016,windows,0,2225,2171.25,20,0,0,0,0,0,0,11,9,0
517.28,1,37348352,windows,0,2340,2281.25,21,0,0,0,0,0,0,12,9,0
517.371,0,36840448,windows,0,2225,2171.25,20,0,0,0,0,0,0,11,9,0
517.543,1,37366784,windows,0,2340,2281.25,21,0,0,0,0,0,0,12,9,0
517.622,0,36859904,windows,0,2225,2171.25,20,0,0,0,0,0,0,11,9,0
517.807,1,37387264,windows,0,2340,2281.25,21,0,0,0,0,0,0,12,9,0
517.881,0,36878336,windows,0,2225,2171.25,20,0,0,0,0,0,0,11,9,0
518.07,1,37403648,repair,326,7.23949e+07,7.23852e+07,3649,19,58,68,110,71,0,1930,1597,122
518.14,0,36895744,windows,0,2225,2171.25,20,0,0,0,0,0,0,11,9,0
518.33,1,37425152,repair,203,6.9131e+07,6.91278e+07,3701,13,40,31,80,39,0,2072,1522,107
518.393,0,36914176,windows,0,2225,2171.25,20,0,0,0,0,0,0,11,9,0
518.591,1,37446656,repair,134,5.18891e+07,5.1859e+07,3218,7,21,19,61,26,0,1769,1329,120
518.649,0,36933632,windows,0,2225,2171.25,20,0,0,0,0,0,0,11,9,0
518.85,1,37468160,repair,76,4.45456e+07,4.45424e+07,3083,5,8,14,30,19,0,1796,1182,105
518.903,0,36953088,windows,0,2225,2171.25,20,0,0,0,0,0,0,11,9,0
519.105,1,37490688,repair,33,3.67423e+07,3.67128e+07,2844,0,3,2,18,10,0,1707,1046,91
519.16,0,36972544,windows,0,2225,2171.25,20,0,0,0,0,0,0,11,9,0
519.355,1,37509120,repair,16,2.76722e+07,2.7654e+07,2460,2,2,2,7,3,0,1468,914,78
519.411,0,36988928,windows,0,2225,2171.25,20,0,0,0,0,0,0,11,9,0
519.606,1,37526528,repair,2,2.52436e+07,2.52415e+07,2422,0,1,0,0,1,0,1537,815,70
519.666,0,37007360,windows,0,2225,2171.25,20,0,0,0,0,0,0,11,9,0
519.865,1,37545984,repair,0,2.08632e+07,2.08632e+07,2199,0,0,0,0,0,0,1408,737,54
519.918,0,37027840,windows,0,2225,2171.25,20,0,0,0,0,0,0,11,9,0
520.117,1,37564416,windows,0,1.16685e+07,1.16617e+07,1670,0,0,0,0,0,0,1101,527,42
520.168,0,37046272,windows,0,2225,2171.25,20,0,0,0,0,0,0,11,9,0
520.374,1,37580800,windows,0,8.44878e+06,8.43503e+06,1408,0,0,0,0,0,0,917,459,32
520.428,0,37063680,windows,0,2225,2171.25,20,0,0,0,0,0,0,11,9,0
520.636,1,37597184,windows,0,6.35141e+06,6.34404e+06,1250,0,0,0,0,0,0,848,369,33
520.68,0,37082112,windows,0,2225,2171.25,20,0,0,0,0,0,0,11,9,0
520.898,1,37613568,windows,0,4.81842e+06,4.81473e+06,1090,0,0,0,0,0,0,739,321,30
520.934,0,37101568,windows,0,2225,2171.25,20,0,0,0,0,0,0,11,9,0
521.15,1,37628928,windows,0,3.45044e+06,3.45044e+06,908,0,0,0,0,0,0,600,286,22
521.19,0,37121024,windows,0,2225,2171.25,20,0,0,0,0,0,0,11,9,0
521.411,1,37645312,windows,0,2.58978e+06,2.58652e+06,794,0,0,0,0,0,0,534,240,20
521.447,0,37139456,windows,0,2225,2171.25,20,0,0,0,0,0,0,11,9,0
521.663,1,37660672,windows,0,1.97964e+06,1.97569e+06,703,0,0,0,0,0,0,487,198,18
521.703,0,37157888,windows,0,2225,2171.25,20,0,0,0,0,0,0,11,9,0
521.913,1,37676032,windows,0,1.53314e+06,1.53102e+06,617,0,0,0,0,0,0,424,177,16
521.955,0,37178368,windows,0,2225,2171.25,20,0,0,0,0,0,0,11,9,0
522.176,1,37692416,windows,0,1.19424e+06,1.19383e+06,537,0,0,0,0,0,0,357,166,14
522.209,0,37197824,windows,0,2225,2171.25,20,0,0,0,0,0,0,11,9,0
522.427,1,37706752,windows,0,882175,881732,471,0,0,0,0,0,0,323,133,15
522.472,0,37217280,windows,0,2225,2171.25,20,0,0,0,0,0,0,11,9,0
522.68,1,37722112,windows,0,678620,676659,418,0,0,0,0,0,0,286,114,18
522.723,0,37236736,windows,0,2225,2171.25,20,0,0,0,0,0,0,11,9,0
522.944,1,37738496,windows,0,518660,515506,369,0,0,0,0,0,0,260,93,16
522.975,0,37256192,windows,0,2225,2171.25,20,0,0,0,0,0,0,11,9,0
523.203,1,37754880,windows,0,425060,422136,332,0,0,0,0,0,0,226,90,16
523.227,0,37275648,windows,0,2225,2171.25,20,0,0,0,0,0,0,11,9,0
523.453,1,37770240,windows,0,311105,310692,280,0,0,0,0,0,0,183,83,14
523.492,0,37294080,windows,0,2225,2171.25,20,0,0,0,0,0,0,11,9,0
523.718,1,37786624,windows,0,243400,242988,248,0,0,0,0,0,0,160,74,14
523.745,0,37312512,windows,0,2225,2171.25,20,0,0,0,0,0,0,11,9,0
523.97,1,37803008,windows,0,200785,199038,226,0,0,0,0,0,0,145,67,14
524.005,0,37331968,windows,0,2225,2171.25,20,0,0,0,0,0,0,11,9,0
524.221,1,37819392,windows,0,165270,163752,208,0,0,0,0,0,0,138,57,13
524.259,0,37352448,windows,0,2225,2171.25,20,0,0,0,0,0,0,11,9,0
524.472,1,37835776,windows,0,131635,129574,182,0,0,0,0,0,0,113,56,13
524.51,0,37370880,windows,0,2225,2171.25,20,0,0,0,0,0,0,11,9,0
524.734,1,37852160,windows,0,94225,93932.5,154,0,0,0,0,0,0,97,47,10
524.766,0,37392384,windows,0,2225,2171.25,20,0,0,0,0,0,0,11,9,0
524.996,1,37868544,windows,0,80690,79795,140,0,0,0,0,0,0,88,45,7
525.02,0,37412864,windows,0,2225,2171.25,20,0,0,0,0,0,0,11,9,0
525.26,1,37885952,windows,0,71255,71255,131,0,0,0,0,0,0,81,43,7
525.275,0,37433344,windows,0,2225,2171.25,20,0,0,0,0,0,0,11,9,0
525.514,1,37902336,windows,0,62905,62905,126,0,0,0,0,0,0,83,37,6
525.535,0,37452800,windows,0,2225,2171.25,20,0,0,0,0,0,0,11,9,0
525.775,1,37918720,windows,0,48780,47736.2,108,0,0,0,0,0,0,66,36,6
525.792,0,37470208,windows,0,2225,2171.25,20,0,0,0,0,0,0,11,9,0
526.042,1,37935104,windows,0,42040,42040,102,0,0,0,0,0,0,64,32,6
526.054,0,37487616,windows,0,2225,2171.25,20,0,0,0,0,0,0,11,9,0
526.3,1,37951488,windows,0,37705,37411.2,96,0,0,0,0,0,0,59,31,6
526.318,0,37505024,windows,0,2225,2171.25,20,0,0,0,0,0,0,11,9,0
526.552,1,37966848,windows,0,34720,34720,93,0,0,0,0,0,0,58,29,6
526.572,0,37521408,windows,0,2225,2171.25,20,0,0,0,0,0,0,11,9,0
526.804,1,37982208,windows,0,33025,33025,90,0,0,0,0,0,0,55,29,6
526.832,0,37539840,windows,0,2225,2171.25,20,0,0,0,0,0,0,11,9,0
527.069,1,37998592,windows,0,30475,29920,86,0,0,0,0,0,0,53,28,5
527.085,0,37559296,windows,0,2225,2171.25,20,0,0,0,0,0,0,11,9,0
527.33,1,38011904,windows,0,28335,28335,83,0,0,0,0,0,0,51,27,5
527.346,0,37579776,windows,0,2225,2171.25,20,0,0,0,0,0,0,11,9,0
527.584,1,38027264,windows,0,27335,27335,81,0,0,0,0,0,0,49,27,5
527.604,0,37601280,windows,0,2225,2171.25,20,0,0,0,0,0,0,11,9,0
527.846,1,38043648,windows,0,25010,24475,76,0,0,0,0,0,0,44,27,5
527.855,0,37622784,windows,0,2225,2171.25,20,0,0,0,0,0,0,11,9,0
528.102,1,38060032,windows,0,25010,24475,76,0,0,0,0,0,0,44,27,5
528.106,0,37643264,windows,0,2225,2171.25,20,0,0,0,0,0,0,11,9,0
528.363,1,38076416,windows,0,23515,23515,74,0,0,0,0,0,0,43,26,5
528.363,0,37661696,windows,0,2225,2171.25,20,0,0,0,0,0,0,11,9,0
528.619,0,37684224,windows,0,2225,2171.25,20,0,0,0,0,0,0,11,9,0
528.62,1,38092800,windows,0,22405,21890,71,0,0,0,0,0,0,41,26,4
528.877,0,37706752,windows,0,2225,2171.25,20,0,0,0,0,0,0,11,9,0
528.882,1,38109184,windows,0,22000,21485,70,0,0,0,0,0,0,40,26,4
529.138,0,37728256,windows,0,2225,2171.25,20,0,0,0,0,0,0,11,9,0
529.14,1,38125568,windows,0,20585,20585,68,0,0,0,0,0,0,39,25,4
529.391,1,38137856,windows,0,20585,20585,68,0,0,0,0,0,0,39,25,4
529.4,0,37747712,windows,0,2225,2171.25,20,0,0,0,0,0,0,11,9,0
529.651,1,38152192,windows,0,20200,20011.2,67,0,0,0,0,0,0,38,25,4
529.655,0,37766144,windows,0,2225,2171.25,20,0,0,0,0,0,0,11,9,0
529.903,1,38167552,windows,0,19460,19281.2,65,0,0,0,0,0,0,36,25,4
529.914,0,37783552,windows,0,2225,2171.25,20,0,0,0,0,0,0,11,9,0
530.155,1,38184960,windows,0,19105,18931.2,64,0,0,0,0,0,0,35,25,4
530.176,0,37804032,windows,0,2225,2171.25,20,0,0,0,0,0,0,11,9,0
530.409,1,38205440,windows,0,18270,18270,63,0,0,0,0,0,0,36,24,3
530.427,0,37824512,windows,0,2225,2171.25,20,0,0,0,0,0,0,11,9,0
530.664,1,38224896,windows,0,17180,17180,61,0,0,0,0,0,0,36,23,2
530.687,0,37844992,windows,0,2225,2171.25,20,0,0,0,0,0,0,11,9,0
530.92,1,38244352,windows,0,16825,16651.2,60,0,0,0,0,0,0,35,23,2
530.94,0,37863424,windows,0,2225,2171.25,20,0,0,0,0,0,0,11,9,0
531.177,1,38263808,windows,0,16825,16651.2,60,0,0,0,0,0,0,35,23,2
531.191,0,37881856,windows,0,2225,2171.25,20,0,0,0,0,0,0,11,9,0
531.433,1,38283264,windows,0,15505,15505,56,0,0,0,0,0,0,31,23,2
531.447,0,37901312,windows,0,2225,2171.25,20,0,0,0,0,0,0,11,9,0
531.689,1,38301696,windows,0,14620,14620,53,0,0,0,0,0,0,28,23,2
531.707,0,37918720,windows,0,2225,2171.25,20,0,0,0,0,0,0,11,9,0
531.947,1,38320128,windows,0,14005,14005,53,0,0,0,0,0,0,29,22,2
531.963,0,37937152,windows,0,2225,2171.25,20,0,0,0,0,0,0,11,9,0
532.203,1,38339584,windows,0,14005,14005,53,0,0,0,0,0,0,29,22,2
532.217,0,37955584,windows,0,2225,2171.25,20,0,0,0,0,0,0,11,9,0
532.453,1,38356992,windows,0,14005,14005,53,0,0,0,0,0,0,29,22,2
532.48,0,37975040,windows,0,2225,2171.25,20,0,0,0,0,0,0,11,9,0
532.709,1,38375424,windows,0,14005,14005,53,0,0,0,0,0,0,29,22,2
532.741,0,37994496,windows,0,2225,2171.25,20,0,0,0,0,0,0,11,9,0
532.961,1,38393856,windows,0,13720,13581.2,52,0,0,0,0,0,0,28,22,2
532.994,0,38011904,repair,300,7.52294e+07,7.52294e+07,3769,16,52,57,113,62,0,2028,1614,127
533.216,1,38413312,windows,0,13145,13001.2,52,0,0,0,0,0,0,29,21,2
533.25,0,38034432,repair,193,6.1674e+07,6.1674e+07,3548,18,30,35,82,28,0,2027,1412,109
533.476,1,38434816,windows,0,12860,12721.2,51,0,0,0,0,0,0,28,21,2
533.502,0,38056960,repair,118,5.26426e+07,5.2607e+07,3283,8,16,24,44,26,0,1871,1314,98
533.733,1,38457344,windows,0,12860,12721.2,51,0,0,0,0,0,0,28,21,2
533.761,0,38080512,repair,55,4.70486e+07,4.70374e+07,3099,1,12,6,25,11,0,1780,1244,75
533.988,1,38477824,windows,0,12860,12721.2,51,0,0,0,0,0,0,28,21,2
534.012,0,38102016,repair,24,3.73379e+07,3.73079e+07,2812,1,4,2,14,3,0,1655,1083,74
534.24,1,38498304,windows,0,12045,12045,53,0,0,0,0,0,0,33,18,2
534.263,0,38124544,repair,9,2.46509e+07,2.46251e+07,2356,0,0,1,3,5,0,1462,832,62
534.495,1,38518784,windows,0,11455,11455,49,0,0,0,0,0,0,29,19,1
534.518,0,38148096,windows,0,1.78753e+07,1.78676e+07,2005,0,0,0,0,0,0,1247,708,50
534.753,1,38538240,windows,0,11455,11455,49,0,0,0,0,0,0,29,19,1
534.774,0,38168576,windows,0,1.0706e+07,1.07009e+07,1568,0,0,0,0,0,0,1008,529,31
535.012,1,38554624,windows,0,10430,10291.2,47,0,0,0,0,0,0,28,18,1
535.034,0,38189056,windows,0,6.7548e+06,6.75399e+06,1262,0,0,0,0,0,0,829,406,27
535.264,1,38571008,windows,0,9730,9256.25,46,0,0,0,0,0,0,28,17,1
535.286,0,38208512,windows,0,4.5177e+06,4.5177e+06,1052,0,0,0,0,0,0,731,303,18
535.526,1,38588416,windows,0,9730,9256.25,46,0,0,0,0,0,0,28,17,1
535.54,0,38227968,windows,0,3.08901e+06,3.08572e+06,851,0,0,0,0,0,0,558,276,17
535.789,1,38605824,windows,0,9355,9211.25,46,0,0,0,0,0,0,29,16,1
535.8,0,38248448,windows,0,2.18815e+06,2.18072e+06,730,0,0,0,0,0,0,490,221,19
536.054,1,38624256,windows,0,8450,8155,44,0,0,0,0,0,0,28,15,1
536.057,0,38268928,windows,0,1.5986e+06,1.59825e+06,625,0,0,0,0,0,0,430,183,12
536.308,1,38641664,windows,0,7910,7615,42,0,0,0,0,0,0,26,15,1
536.315,0,38289408,windows,0,1.07662e+06,1.07662e+06,509,0,0,0,0,0,0,352,151,6
536.561,1,38659072,windows,0,7655,7360,41,0,0,0,0,0,0,25,15,1
536.569,0,38308864,windows,0,746695,744440,433,0,0,0,0,0,0,313,113,7
536.812,1,38676480,windows,0,7655,7360,41,0,0,0,0,0,0,25,15,1
536.823,0,38324224,windows,0,603890,603890,381,0,0,0,0,0,0,262,114,5
537.075,1,38695936,windows,0,7655,7360,41,0,0,0,0,0,0,25,15,1
537.083,0,38341632,windows,0,480600,479341,348,0,0,0,0,0,0,252,90,6
537.334,0,38359040,windows,0,341605,339970,291,0,0,0,0,0,0,203,82,6
537.338,1,38714368,windows,0,2225,2171.25,20,0,0,0,0,0,0,11,9,0
537.592,1,38730752,windows,0,2225,2171.25,20,0,0,0,0,0,0,11,9,0
537.597,0,38378496,windows,0,243670,242375,248,0,0,0,0,0,0,178,65,5
537.848,0,38396928,windows,0,188635,186514,216,0,0,0,0,0,0,149,62,5
537.85,1,38748160,windows,0,2225,2171.25,20,0,0,0,0,0,0,11,9,0
538.109,0,38417408,windows,0,134175,134032,179,0,0,0,0,0,0,117,57,5
538.112,1,38766592,windows,0,2225,2171.25,20,0,0,0,0,0,0,11,9,0
538.36,0,38436864,windows,0,98740,98108.8,155,0,0,0,0,0,0,104,47,4
538.375,1,38784000,windows,0,2225,2171.25,20,0,0,0,0,0,0,11,9,0
538.613,0,38455296,windows,0,76980,76092.5,139,0,0,0,0,0,0,96,39,4
538.627,1,38800384,windows,0,2225,2171.25,20,0,0,0,0,0,0,11,9,0
538.867,0,38475776,windows,0,63490,62968.8,126,0,0,0,0,0,0,88,35,3
538.886,1,38817792,windows,0,2225,2171.25,20,0,0,0,0,0,0,11,9,0
539.125,0,38496256,windows,0,45650,45198.8,107,0,0,0,0,0,0,74,30,3
539.147,1,38835200,windows,0,2225,2171.25,20,0,0,0,0,0,0,11,9,0
539.383,0,38515712,windows,0,40615,39917.5,99,0,0,0,0,0,0,65,31,3
539.403,1,38853632,windows,0,2225,2171.25,20,0,0,0,0,0,0,11,9,0
539.636,0,38535168,windows,0,33910,33827.5,90,0,0,0,0,0,0,58,29,3
539.662,1,38874112,windows,0,2225,2171.25,20,0,0,0,0,0,0,11,9,0
539.895,0,38555648,windows,0,30530,29892.5,85,0,0,0,0,0,0,54,28,3
539.92,1,38895616,windows,0,2225,2171.25,20,0,0,0,0,0,0,11,9,0
540.157,0,38574080,windows,0,24775,24197.5,77,0,0,0,0,0,0,49,25,3
540.179,1,38914048,windows,0,2225,2171.25,20,0,0,0,0,0,0,11,9,0
540.416,0,38592512,windows,0,23795,23237.5,76,0,0,0,0,0,0,49,24,3
540.437,1,38932480,windows,0,2225,2171.25,20,0,0,0,0,0,0,11,9,0
540.669,0,38611968,windows,0,23310,22752.5,75,0,0,0,0,0,0,48,24,3
540.693,1,38950912,windows,0,2225,2171.25,20,0,0,0,0,0,0,11,9,0
540.928,0,38631424,windows,0,21895,21357.5,73,0,0,0,0,0,0,47,23,3
540.947,1,38971392,windows,0,2225,2171.25,20,0,0,0,0,0,0,11,9,0
541.193,0,38650880,windows,0,21430,20663.8,72,0,0,0,0,0,0,46,23,3
541.206,1,38990848,windows,0,2225,2171.25,20,0,0,0,0,0,0,11,9,0
541.444,0,38669312,windows,0,19195,18463.8,68,0,0,0,0,0,0,43,22,3
541.462,1,39009280,windows,0,2225,2171.25,20,0,0,0,0,0,0,11,9,0
541.694,0,38686720,windows,0,18355,17837.5,66,0,0,0,0,0,0,41,22,3
541.72,1,39027712,windows,0,2225,2171.25,20,0,0,0,0,0,0,11,9,0
541.954,0,38705152,windows,0,18355,17837.5,66,0,0,0,0,0,0,41,22,3
541.977,1,39047168,windows,0,2225,2171.25,20,0,0,0,0,0,0,11,9,0
542.219,0,38722560,windows,0,17950,17432.5,65,0,0,0,0,0,0,40,22,3
542.234,1,39066624,windows,0,2225,2171.25,20,0,0,0,0,0,0,11,9,0
542.477,0,38739968,windows,0,17495,16997.5,65,0,0,0,0,0,0,41,21,3
542.486,1,39087104,windows,0,2225,2171.25,20,0,0,0,0,0,0,11,9,0
542.737,0,38756352,windows,0,16675,16592.5,64,0,0,0,0,0,0,41,20,3
542.741,1,39106560,windows,0,2225,2171.25,20,0,0,0,0,0,0,11,9,0
542.989,0,38771712,windows,0,16675,16592.5,64,0,0,0,0,0,0,41,20,3
542.996,1,39124992,windows,0,2225,2171.25,20,0,0,0,0,0,0,11,9,0
543.245,0,38788096,windows,0,16310,15812.5,62,0,0,0,0,0,0,38,21,3
543.25,1,39144448,windows,0,2225,2171.25,20,0,0,0,0,0,0,11,9,0
543.502,0,38801408,windows,0,15115,14637.5,60,0,0,0,0,0,0,37,20,3
543.506,1,39163904,windows,0,2225,2171.25,20,0,0,0,0,0,0,11,9,0
543.761,1,39184384,windows,0,2225,2171.25,20,0,0,0,0,0,0,11,9,0
543.767,0,38819840,windows,0,15115,14637.5,60,0,0,0,0,0,0,37,20,3
544.011,1,39204864,windows,0,2225,2171.25,20,0,0,0,0,0,0,11,9,0
544.024,0,38837248,windows,0,14395,13917.5,58,0,0,0,0,0,0,35,20,3
544.268,1,39228416,windows,0,2225,2171.25,20,0,0,0,0,0,0,11,9,0
544.278,0,38854656,windows,0,14395,13917.5,58,0,0,0,0,0,0,35,20,3
544.529,1,39248896,repair,0,2225,2171.25,20,0,0,0,0,0,0,11,9,0
544.539,0,38873088,windows,0,14395,13917.5,58,0,0,0,0,0,0,35,20,3
544.789,1,39268352,windows,0,2225,2171.25,20,0,0,0,0,0,0,11,9,0
544.799,0,38891520,windows,0,13895,13243.8,55,0,0,0,0,0,0,31,21,3
545.043,1,39288832,windows,0,2225,2171.25,20,0,0,0,0,0,0,11,9,0
545.05,0,38909952,windows,0,13295,12797.5,53,0,0,0,0,0,0,29,21,3
545.305,1,39309312,windows,0,2225,2171.25,20,0,0,0,0,0,0,11,9,0
545.309,0,38929408,windows,0,13295,12797.5,53,0,0,0,0,0,0,29,21,3
545.557,1,39326720,windows,0,2225,2171.25,20,0,0,0,0,0,0,11,9,0
545.577,0,38947840,windows,0,12470,11972.5,50,0,0,0,0,0,0,26,21,3
545.807,1,39346176,windows,0,2225,2171.25,20,0,0,0,0,0,0,11,9,0
545.828,0,38965248,windows,0,12470,11972.5,50,0,0,0,0,0,0,26,21,3
546.073,1,39366656,repair,0,2225,2171.25,20,0,0,0,0,0,0,11,9,0
546.087,0,38983680,windows,0,11650,11567.5,49,0,0,0,0,0,0,26,20,3
546.335,1,39386112,repair,0,2225,2171.25,20,0,0,0,0,0,0,11,9,0
546.35,0,39002112,windows,0,11650,11567.5,49,0,0,0,0,0,0,26,20,3
546.595,1,39405568,windows,0,2225,2171.25,20,0,0,0,0,0,0,11,9,0
546.604,0,39020544,windows,0,11395,11312.5,48,0,0,0,0,0,0,25,20,3
546.849,1,39424000,windows,0,2225,2171.25,20,0,0,0,0,0,0,11,9,0
546.869,0,39038976,windows,0,11150,11067.5,47,0,0,0,0,0,0,24,20,3
547.104,1,39444480,windows,0,2225,2171.25,20,0,0,0,0,0,0,11,9,0
547.13,0,39057408,windows,0,10370,10287.5,46,0,0,0,0,0,0,24,19,3
547.365,1,39464960,windows,0,2225,2171.25,20,0,0,0,0,0,0,11,9,0
547.384,0,39074816,windows,0,9910,9827.5,44,0,0,0,0,0,0,22,19,3
547.621,1,39483392,windows,0,2225,2171.25,20,0,0,0,0,0,0,11,9,0
547.647,0,39092224,windows,0,9910,9827.5,44,0,0,0,0,0,0,22,19,3
547.881,1,39502848,windows,0,2225,2171.25,20,0,0,0,0,0,0,11,9,0
547.9,0,39108608,windows,0,9695,9508.75,43,0,0,0,0,0,0,21,19,3
548.139,1,39522304,windows,0,2225,2171.25,20,0,0,0,0,0,0,11,9,0
548.156,0,39126016,windows,0,9695,9508.75,43,0,0,0,0,0,0,21,19,3
548.39,1,39539712,windows,0,2225,2171.25,20,0,0,0,0,0,0,11,9,0
548.421,0,39144448,windows,0,9695,9508.75,43,0,0,0,0,0,0,21,19,3
548.651,1,39559168,windows,0,2225,2171.25,20,0,0,0,0,0,0,11,9,0
548.679,0,39161856,windows,0,9695,9508.75,43,0,0,0,0,0,0,21,19,3
548.909,1,39579648,windows,0,2225,2171.25,20,0,0,0,0,0,0,11,9,0
548.939,0,39180288,windows,0,9695,9508.75,43,0,0,0,0,0,0,21,19,3
549.164,1,39597056,windows,0,2225,2171.25,20,0,0,0,0,0,0,11,9,0
549.194,0,39201792,windows,0,9695,9508.75,43,0,0,0,0,0,0,21,19,3
549.417,1,39614464,windows,0,2225,2171.25,20,0,0,0,0,0,0,11,9,0
549.454,0,39222272,windows,0,9695,9508.75,43,0,0,0,0,0,0,21,19,3
549.676,1,39630848,windows,0,2225,2171.25,20,0,0,0,0,0,0,11,9,0
549.705,0,39240704,windows,0,9695,9508.75,43,0,0,0,0,0,0,21,19,3
549.938,1,39648256,windows,0,2225,2171.25,20,0,0,0,0,0,0,11,9,0
549.956,0,39257088,windows,0,9695,9508.75,43,0,0,0,0,0,0,21,19,3
550.199,1,39666688,windows,0,2225,2171.25,20,0,0,0,0,0,0,11,9,0
550.217,0,39274496,windows,0,9695,9508.75,43,0,0,0,0,0,0,21,19,3
550.456,1,39684096,windows,0,2225,2171.25,20,0,0,0,0,0,0,11,9,0
550.479,0,39291904,windows,0,9695,9508.75,43,0,0,0,0,0,0,21,19,3
550.717,1,39701504,repair,0,2225,2171.25,20,0,0,0,0,0,0,11,9,0
550.743,0,39309312,windows,0,9695,9508.75,43,0,0,0,0,0,0,21,19,3
550.979,1,39719936,windows,0,2225,2171.25,20,0,0,0,0,0,0,11,9,0
551.007,0,39327744,windows,0,9695,9508.75,43,0,0,0,0,0,0,21,19,3
551.232,1,39736320,windows,0,2225,2171.25,20,0,0,0,0,0,0,11,9,0
551.26,0,39345152,windows,0,2225,2171.25,20,0,0,0,0,0,0,11,9,0
551.492,1,39752704,windows,0,2225,2171.25,20,0,0,0,0,0,0,11,9,0
551.518,0,39361536,windows,0,2225,2171.25,20,0,0,0,0,0,0,11,9,0
551.755,1,39770112,windows,0,2225,2171.25,20,0,0,0,0,0,0,11,9,0
551.771,0,39378944,windows,0,2225,2171.25,20,0,0,0,0,0,0,11,9,0
552.017,1,39784448,windows,0,2225,2171.25,20,0,0,0,0,0,0,11,9,0
552.021,0,39396352,windows,0,2225,2171.25,20,0,0,0,0,0,0,11,9,0
552.27,1,39801856,windows,0,2225,2171.25,20,0,0,0,0,0,0,11,9,0
552.275,0,39413760,windows,0,2225,2171.25,20,0,0,0,0,0,0,11,9,0
552.53,0,39431168,windows,0,2225,2171.25,20,0,0,0,0,0,0,11,9,0
552.537,1,39818240,windows,0,2225,2171.25,20,0,0,0,0,0,0,11,9,0
552.781,0,39447552,windows,0,2225,2171.25,20,0,0,0,0,0,0,11,9,0
552.798,1,39834624,windows,0,2225,2171.25,20,0,0,0,0,0,0,11,9,0
553.035,0,39463936,windows,0,2225,2171.25,20,0,0,0,0,0,0,11,9,0
553.064,1,39852032,windows,0,2225,2171.25,20,0,0,0,0,0,0,11,9,0
553.294,0,39481344,windows,0,2225,2171.25,20,0,0,0,0,0,0,11,9,0
553.326,1,39868416,windows,0,2225,2171.25,20,0,0,0,0,0,0,11,9,0
553.546,0,39497728,windows,0,2225,2171.25,20,0,0,0,0,0,0,11,9,0
553.578,1,39883776,windows,0,2225,2171.25,20,0,0,0,0,0,0,11,9,0
553.81,0,39514112,windows,0,2225,2171.25,20,0,0,0,0,0,0,11,9,0
553.829,1,39899136,windows,0,2225,2171.25,20,0,0,0,0,0,0,11,9,0
554.066,0,39531520,windows,0,2225,2171.25,20,0,0,0,0,0,0,11,9,0
554.085,1,39915520,windows,0,2225,2171.25,20,0,0,0,0,0,0,11,9,0
554.317,0,39547904,windows,0,2225,2171.25,20,0,0,0,0,0,0,11,9,0
554.348,1,39932928,windows,0,2225,2171.25,20,0,0,0,0,0,0,11,9,0
554.58,0,39565312,repair,0,2225,2171.25,20,0,0,0,0,0,0,11,9,0
554.611,1,39950336,windows,0,2225,2171.25,20,0,0,0,0,0,0,11,9,0
554.834,0,39582720,windows,0,2225,2171.25,20,0,0,0,0,0,0,11,9,0
554.864,1,39966720,windows,0,2225,2171.25,20,0,0,0,0,0,0,11,9,0
555.094,0,39604224,windows,0,2225,2171.25,20,0,0,0,0,0,0,11,9,0
555.12,1,39983104,windows,0,2225,2171.25,20,0,0,0,0,0,0,11,9,0
555.358,0,39623680,windows,0,2225,2171.25,20,0,0,0,0,0,0,11,9,0
555.384,1,40000512,repair,300,6.96596e+07,6.96497e+07,3639,27,54,51,117,51,0,1977,1543,119
555.612,0,39640064,windows,0,2225,2171.25,20,0,0,0,0,0,0,11,9,0
555.656,1,40019968,repair,204,6.26571e+07,6.26244e+07,3502,10,32,39,81,42,0,1924,1462,116
555.873,0,39658496,windows,0,2225,2171.25,20,0,0,0,0,0,0,11,9,0
555.906,1,40039424,repair,137,5.41879e+07,5.41589e+07,3370,7,18,28,55,29,0,1970,1305,95
556.125,0,39676928,windows,0,2225,2171.25,20,0,0,0,0,0,0,11,9,0
556.167,1,40058880,repair,85,4.407e+07,4.40619e+07,2934,3,14,16,34,18,0,1623,1236,75
556.388,0,39695360,windows,0,2225,2171.25,20,0,0,0,0,0,0,11,9,0
556.42,1,40078336,repair,42,3.81062e+07,3.8076e+07,2844,0,6,6,20,10,0,1678,1091,75
556.656,0,39711744,windows,0,2225,2171.25,20,0,0,0,0,0,0,11,9,0
556.684,1,40096768,repair,18,3.20931e+07,3.20654e+07,2619,0,6,2,7,3,0,1550,998,71
556.916,0,39728128,windows,0,2225,2171.25,20,0,0,0,0,0,0,11,9,0
556.948,1,40116224,repair,2,2.58561e+07,2.58367e+07,2371,0,0,0,2,0,0,1430,881,60
557.176,0,39744512,windows,0,2225,2171.25,20,0,0,0,0,0,0,11,9,0
557.207,1,40135680,windows,0,1.70873e+07,1.70723e+07,1991,0,0,0,0,0,0,1269,669,53
557.436,0,39760896,windows,0,2225,2171.25,20,0,0,0,0,0,0,11,9,0
557.468,1,40152064,windows,0,1.16341e+07,1.1627e+07,1671,0,0,0,0,0,0,1085,532,54
557.694,0,39776256,windows,0,2225,2171.25,20,0,0,0,0,0,0,11,9,0
557.723,1,40168448,windows,0,8.66807e+06,8.66667e+06,1462,0,0,0,0,0,0,978,437,47
557.945,0,39791616,windows,0,2225,2171.25,20,0,0,0,0,0,0,11,9,0
557.979,1,40184832,windows,0,6.34435e+06,6.34435e+06,1235,0,0,0,0,0,0,812,388,35
558.21,0,39808000,windows,0,2225,2171.25,20,0,0,0,0,0,0,11,9,0
558.23,1,40201216,windows,0,4.3272e+06,4.32025e+06,1035,0,0,0,0,0,0,702,303,30
558.473,0,39824384,windows,0,2225,2171.25,20,0,0,0,0,0,0,11,9,0
558.483,1,40217600,windows,0,3.25237e+06,3.25151e+06,897,0,0,0,0,0,0,602,266,29
558.731,0,39840768,windows,0,2225,2171.25,20,0,0,0,0,0,0,11,9,0
558.744,1,40233984,windows,0,2.42668e+06,2.41949e+06,776,0,0,0,0,0,0,519,230,27
558.983,0,39857152,windows,0,2225,2171.25,20,0,0,0,0,0,0,11,9,0
559.002,1,40250368,windows,0,1.8589e+06,1.85599e+06,673,0,0,0,0,0,0,440,209,24
559.239,0,39873536,windows,0,2225,2171.25,20,0,0,0,0,0,0,11,9,0
559.265,1,40266752,windows,0,1.36303e+06,1.36303e+06,586,0,0,0,0,0,0,398,167,21
559.501,0,39890944,windows,0,2225,2171.25,20,0,0,0,0,0,0,11,9,0
559.528,1,40282112,windows,0,1.0441e+06,1.04043e+06,508,0,0,0,0,0,0,334,154,20
559.761,0,39907328,windows,0,2225,2171.25,20,0,0,0,0,0,0,11,9,0
559.791,1,40298496,windows,0,831810,829719,461,0,0,0,0,0,0,318,126,17
560.013,0,39923712,repair,0,2225,2171.25,20,0,0,0,0,0,0,11,9,0
560.053,1,40314880,windows,0,688855,684674,419,0,0,0,0,0,0,289,115,15
560.265,0,39941120,windows,0,2225,2171.25,20,0,0,0,0,0,0,11,9,0
560.317,1,40331264,windows,0,490945,490592,346,0,0,0,0,0,0,227,107,12
560.515,0,39957504,windows,0,2225,2171.25,20,0,0,0,0,0,0,11,9,0
560.578,1,40346624,windows,0,359950,358569,301,0,0,0,0,0,0,200,88,13
560.781,0,39973888,windows,0,2225,2171.25,20,0,0,0,0,0,0,11,9,0
560.84,1,40363008,windows,0,292795,291599,264,0,0,0,0,0,0,163,88,13
561.033,0,39989248,windows,0,2225,2171.25,20,0,0,0,0,0,0,11,9,0
561.095,1,40379392,windows,0,234020,232292,245,0,0,0,0,0,0,164,69,12
561.286,0,40003584,windows,0,2225,2171.25,20,0,0,0,0,0,0,11,9,0
561.358,1,40395776,windows,0,203135,202039,229,0,0,0,0,0,0,155,63,11
561.539,0,40018944,windows,0,2225,2171.25,20,0,0,0,0,0,0,11,9,0
561.611,1,40411136,windows,0,149420,149128,191,0,0,0,0,0,0,120,61,10
561.799,0,40035328,windows,0,2225,2171.25,20,0,0,0,0,0,0,11,9,0
561.866,1,40427520,windows,0,119560,119560,175,0,0,0,0,0,0,118,49,8
562.052,0,40051712,windows,0,2225,2171.25,20,0,0,0,0,0,0,11,9,0
562.121,1,40443904,windows,0,100595,100595,162,0,0,0,0,0,0,113,42,7
562.304,0,40068096,windows,0,2225,2171.25,20,0,0,0,0,0,0,11,9,0
562.374,1,40460288,windows,0,86095,86095,149,0,0,0,0,0,0,101,41,7
562.566,0,40084480,windows,0,2225,2171.25,20,0,0,0,0,0,0,11,9,0
562.635,1,40476672,windows,0,61970,61298.8,127,0,0,0,0,0,0,82,36,9
562.819,0,40100864,windows,0,2225,2171.25,20,0,0,0,0,0,0,11,9,0
562.891,1,40493056,windows,0,52420,51745,116,0,0,0,0,0,0,74,34,8
563.075,0,40118272,windows,0,2225,2171.25,20,0,0,0,0,0,0,11,9,0
563.149,1,40509440,windows,0,45190,45190,108,0,0,0,0,0,0,70,31,7
563.329,0,40134656,repair,0,2225,2171.25,20,0,0,0,0,0,0,11,9,0
563.402,1,40524800,windows,0,42590,41915,101,0,0,0,0,0,0,60,34,7
563.587,0,40154112,repair,0,2225,2171.25,20,0,0,0,0,0,0,11,9,0
563.661,1,40541184,windows,0,38095,38095,97,0,0,0,0,0,0,59,31,7
563.846,0,40172544,windows,0,2225,2171.25,20,0,0,0,0,0,0,11,9,0
563.921,1,40557568,windows,0,34145,34145,92,0,0,0,0,0,0,57,29,6
564.098,0,40188928,windows,0,2225,2171.25,20,0,0,0,0,0,0,11,9,0
564.173,1,40572928,windows,0,33025,33025,90,0,0,0,0,0,0,55,29,6
564.35,0,40205312,windows,0,2225,2171.25,20,0,0,0,0,0,0,11,9,0
564.435,1,40589312,windows,0,31945,31945,88,0,0,0,0,0,0,53,29,6
564.611,0,40221696,windows,0,2225,2171.25,20,0,0,0,0,0,0,11,9,0
564.7,1,40604672,windows,0,31420,31420,87,0,0,0,0,0,0,52,29,6
564.872,0,40238080,windows,0,2225,2171.25,20,0,0,0,0,0,0,11,9,0
564.954,1,40621056,windows,0,30280,30280,86,0,0,0,0,0,0,52,28,6
565.134,0,40255488,windows,0,2225,2171.25,20,0,0,0,0,0,0,11,9,0
565.21,1,40638464,windows,0,28765,28210,83,0,0,0,0,0,0,49,28,6
565.385,0,40271872,windows,0,2225,2171.25,20,0,0,0,0,0,0,11,9,0
565.463,1,40654848,windows,0,27950,27395,81,0,0,0,0,0,0,48,28,5
565.654,0,40288256,windows,0,2225,2171.25,20,0,0,0,0,0,0,11,9,0
565.715,1,40671232,windows,0,26375,25840,79,0,0,0,0,0,0,47,27,5
565.919,0,40304640,windows,0,2225,2171.25,20,0,0,0,0,0,0,11,9,0
565.983,1,40688640,windows,0,25910,25375,78,0,0,0,0,0,0,46,27,5
566.183,0,40322048,windows,0,2225,2171.25,20,0,0,0,0,0,0,11,9,0
566.233,1,40705024,windows,0,23950,23950,75,0,0,0,0,0,0,44,26,5
566.441,0,40339456,windows,0,2225,2171.25,20,0,0,0,0,0,0,11,9,0
566.489,1,40721408,windows,0,23090,23090,73,0,0,0,0,0,0,42,26,5
566.706,0,40356864,windows,0,2225,2171.25,20,0,0,0,0,0,0,11,9,0
566.739,1,40737792,windows,0,23090,23090,73,0,0,0,0,0,0,42,26,5
566.966,0,40374272,windows,0,2225,2171.25,20,0,0,0,0,0,0,11,9,0
566.995,1,40756224,windows,0,22270,22071.2,71,0,0,0,0,0,0,40,26,5
567.232,0,40390656,windows,0,2225,2171.25,20,0,0,0,0,0,0,11,9,0
567.259,1,40773632,windows,0,21875,21681.2,70,0,0,0,0,0,0,39,26,5
567.498,0,40407040,repair,0,2225,2171.25,20,0,0,0,0,0,0,11,9,0
567.523,1,40790016,windows,0,21490,21301.2,69,0,0,0,0,0,0,38,26,5
567.751,0,40423424,repair,0,2225,2171.25,20,0,0,0,0,0,0,11,9,0
567.778,1,40806400,windows,0,20750,20571.2,67,0,0,0,0,0,0,36,26,5
568.007,0,40439808,windows,0,2225,2171.25,20,0,0,0,0,0,0,11,9,0
568.04,1,40823808,windows,0,20750,20571.2,67,0,0,0,0,0,0,36,26,5
568.269,0,40456192,windows,0,2225,2171.25,20,0,0,0,0,0,0,11,9,0
568.291,1,40840192,windows,0,20395,20395,66,0,0,0,0,0,0,35,26,5
568.531,0,40471552,windows,0,2225,2171.25,20,0,0,0,0,0,0,11,9,0
568.555,1,40857600,windows,0,20395,20395,66,0,0,0,0,0,0,35,26,5
568.782,0,40486912,windows,0,2225,2171.25,20,0,0,0,0,0,0,11,9,0
568.811,1,40873984,windows,0,20050,19881.2,65,0,0,0,0,0,0,34,26,5
569.039,0,40502272,windows,0,2225,2171.25,20,0,0,0,0,0,0,11,9,0
569.066,1,40890368,windows,0,20050,19881.2,65,0,0,0,0,0,0,34,26,5
569.293,0,40517632,windows,0,2225,2171.25,20,0,0,0,0,0,0,11,9,0
569.318,1,40906752,windows,0,19765,19765,63,0,0,0,0,0,0,35,26,2
569.552,0,40532992,windows,0,2225,2171.25,20,0,0,0,0,0,0,11,9,0
569.58,1,40924160,windows,0,19765,19765,63,0,0,0,0,0,0,35,26,2
569.814,0,40549376,windows,0,2225,2171.25,20,0,0,0,0,0,0,11,9,0
569.841,1,40941568,windows,0,19420,19251.2,62,0,0,0,0,0,0,34,26,2
570.074,0,40565760,windows,0,2225,2171.25,20,0,0,0,0,0,0,11,9,0
570.094,1,40957952,windows,0,18485,18301.2,63,0,0,0,0,0,0,37,24,2
570.332,0,40582144,windows,0,2225,2171.25,20,0,0,0,0,0,0,11,9,0
570.352,1,40974336,windows,0,17765,17591.2,61,0,0,0,0,0,0,35,24,2
570.597,0,40598528,windows,0,2225,2171.25,20,0,0,0,0,0,0,11,9,0
570.607,1,40990720,windows,0,17180,17001.2,61,0,0,0,0,0,0,36,23,2
570.859,0,40614912,windows,0,2225,2171.25,20,0,0,0,0,0,0,11,9,0
570.867,1,41007104,windows,0,16825,16651.2,60,0,0,0,0,0,0,35,23,2
571.118,0,40632320,windows,0,2225,2171.25,20,0,0,0,0,0,0,11,9,0
571.12,1,41024512,windows,0,16825,16651.2,60,0,0,0,0,0,0,35,23,2
571.378,0,40649728,windows,0,2225,2171.25,20,0,0,0,0,0,0,11,9,0
571.382,1,41041920,windows,0,16825,16651.2,60,0,0,0,0,0,0,35,23,2
571.632,0,40665088,repair,409,5.16466e+07,5.16427e+07,3067,30,69,75,158,77,0,1632,1303,132
571.639,1,41058304,windows,0,16480,16311.2,59,0,0,0,0,0,0,34,23,2
571.893,0,40685568,repair,245,7.05458e+07,7.05045e+07,3672,17,37,44,92,55,0,1977,1567,128
571.905,1,41075712,windows,0,16145,16145,58,0,0,0,0,0,0,33,23,2
572.148,0,40706048,repair,162,5.68558e+07,5.68558e+07,3352,11,24,35,67,25,0,1855,1391,106
572.161,1,41092096,windows,0,15820,15820,57,0,0,0,0,0,0,32,23,2
572.398,0,40724480,repair,109,5.10815e+07,5.10815e+07,3194,9,16,17,46,21,0,1793,1313,88
572.421,1,41109504,windows,0,15820,15820,57,0,0,0,0,0,0,32,23,2
572.655,0,40742912,repair,72,3.52012e+07,3.51989e+07,2736,2,14,8,32,16,0,1615,1045,76
572.681,1,41131008,windows,0,15820,15820,57,0,0,0,0,0,0,32,23,2
572.915,0,40762368,repair,35,3.34947e+07,3.34745e+07,2700,2,0,5,22,6,0,1600,1010,90
572.935,1,41152512,windows,0,14620,14481.2,53,0,0,0,0,0,0,28,23,2
573.172,0,40780800,repair,14,2.7435e+07,2.74171e+07,2460,1,1,1,9,2,0,1494,898,68
573.186,1,41172992,windows,0,14345,14211.2,52,0,0,0,0,0,0,27,23,2
573.433,0,40800256,repair,2,2.53552e+07,2.5331e+07,2400,0,0,0,2,0,0,1503,835,62
573.446,1,41195520,windows,0,13440,13291.2,53,0,0,0,0,0,0,30,21,2
573.689,0,40818688,repair,0,1.68014e+07,1.68001e+07,1967,0,0,0,0,0,0,1259,664,44
573.7,1,41216000,windows,0,13440,13291.2,53,0,0,0,0,0,0,30,21,2
573.943,0,40835072,windows,0,1.17245e+07,1.17083e+07,1657,0,0,0,0,0,0,1080,541,36
573.957,1,41237504,windows,0,13440,13291.2,53,0,0,0,0,0,0,30,21,2
574.194,0,40850432,windows,0,8.55605e+06,8.55605e+06,1420,0,0,0,0,0,0,924,461,35
574.209,1,41257984,windows,0,13145,13001.2,52,0,0,0,0,0,0,29,21,2
574.451,0,40865792,windows,0,6.19464e+06,6.19464e+06,1231,0,0,0,0,0,0,819,374,38
574.47,1,41279488,windows,0,12860,12721.2,51,0,0,0,0,0,0,28,21,2
574.707,0,40881152,windows,0,4.42934e+06,4.42934e+06,1026,0,0,0,0,0,0,665,331,30
574.722,1,41299968,windows,0,12860,12721.2,51,0,0,0,0,0,0,28,21,2
574.957,0,40896512,windows,0,3.38302e+06,3.38213e+06,908,0,0,0,0,0,0,598,280,30
574.975,1,41321472,windows,0,12860,12721.2,51,0,0,0,0,0,0,28,21,2
575.222,0,40911872,windows,0,2.55628e+06,2.54806e+06,788,0,0,0,0,0,0,519,244,25
575.232,1,41342976,windows,0,12860,12721.2,51,0,0,0,0,0,0,28,21,2
575.484,0,40926208,windows,0,1.93557e+06,1.93311e+06,700,0,0,0,0,0,0,492,189,19
575.494,1,41364480,windows,0,2225,2171.25,20,0,0,0,0,0,0,11,9,0
575.735,0,40940544,windows,0,1.40942e+06,1.40545e+06,592,0,0,0,0,0,0,402,172,18
575.751,1,41383936,windows,0,2225,2171.25,20,0,0,0,0,0,0,11,9,0
575.997,0,40954880,windows,0,1.07354e+06,1.07013e+06,519,0,0,0,0,0,0,356,147,16
576.001,1,41404416,windows,0,2225,2171.25,20,0,0,0,0,0,0,11,9,0
576.249,0,40970240,windows,0,837935,837935,457,0,0,0,0,0,0,309,133,15
576.259,1,41425920,windows,0,2225,2171.25,20,0,0,0,0,0,0,11,9,0
576.505,0,40985600,windows,0,669170,668788,408,0,0,0,0,0,0,276,119,13
576.516,1,41446400,windows,0,2225,2171.25,20,0,0,0,0,0,0,11,9,0
576.761,0,41000960,windows,0,544925,544925,373,0,0,0,0,0,0,261,100,12
576.768,1,41465856,windows,0,2225,2171.25,20,0,0,0,0,0,0,11,9,0
577.018,1,41483264,windows,0,2225,2171.25,20,0,0,0,0,0,0,11,9,0
577.019,0,41014272,windows,0,411250,410151,322,0,0,0,0,0,0,220,91,11
577.271,1,41498624,windows,0,2225,2171.25,20,0,0,0,0,0,0,11,9,0
577.286,0,41029632,windows,0,328960,328960,287,0,0,0,0,0,0,194,83,10
577.532,1,41513984,windows,0,2225,2171.25,20,0,0,0,0,0,0,11,9,0
577.548,0,41044992,windows,0,260035,260035,250,0,0,0,0,0,0,161,80,9
577.79,1,41529344,windows,0,2225,2171.25,20,0,0,0,0,0,0,11,9,0
577.806,0,41063424,windows,0,210175,210175,231,0,0,0,0,0,0,157,65,9
578.054,1,41546752,windows,0,2225,2171.25,20,0,0,0,0,0,0,11,9,0
578.058,0,41082880,windows,0,150615,149480,195,0,0,0,0,0,0,129,57,9
578.309,1,41565184,windows,0,2225,2171.25,20,0,0,0,0,0,0,11,9,0
578.318,0,41101312,windows,0,117010,116461,171,0,0,0,0,0,0,110,52,9
578.568,1,41580544,repair,0,2225,2171.25,20,0,0,0,0,0,0,11,9,0
578.57,0,41120768,windows,0,98470,98470,156,0,0,0,0,0,0,98,49,9
578.83,1,41594880,windows,0,2225,2171.25,20,0,0,0,0,0,0,11,9,0
578.831,0,41139200,windows,0,88930,87546.2,149,0,0,0,0,0,0,94,46,9
579.083,1,41609216,windows,0,2225,2171.25,20,0,0,0,0,0,0,11,9,0
579.084,0,41158656,windows,0,66470,65286.2,130,0,0,0,0,0,0,82,39,9
579.338,0,41176064,windows,0,54995,54995,118,0,0,0,0,0,0,73,36,9
579.346,1,41626624,windows,0,2225,2171.25,20,0,0,0,0,0,0,11,9,0
579.598,1,41645056,windows,0,2225,2171.25,20,0,0,0,0,0,0,11,9,0
579.599,0,41193472,windows,0,52850,52850,116,0,0,0,0,0,0,72,35,9
579.849,0,41211904,windows,0,47330,47330,109,0,0,0,0,0,0,66,34,9
579.858,1,41665536,windows,0,2225,2171.25,20,0,0,0,0,0,0,11,9,0
580.11,0,41232384,windows,0,40455,40171.2,99,0,0,0,0,0,0,57,33,9
580.123,1,41683968,windows,0,2225,2171.25,20,0,0,0,0,0,0,11,9,0
580.37,0,41252864,windows,0,37250,37250,97,0,0,0,0,0,0,58,30,9
580.384,1,41701376,windows,0,2225,2171.25,20,0,0,0,0,0,0,11,9,0
580.623,0,41271296,windows,0,35010,35010,93,0,0,0,0,0,0,54,30,9
580.646,1,41718784,windows,0,2225,2171.25,20,0,0,0,0,0,0,11,9,0
580.883,0,41291776,windows,0,32785,32785,90,0,0,0,0,0,0,53,29,8
580.898,1,41737216,windows,0,2225,2171.25,20,0,0,0,0,0,0,11,9,0
581.134,0,41312256,windows,0,31240,31240,87,0,0,0,0,0,0,50,29,8
581.149,1,41758720,windows,0,2225,2171.25,20,0,0,0,0,0,0,11,9,0
581.385,0,41331712,windows,0,29785,29785,84,0,0,0,0,0,0,47,29,8
581.404,1,41779200,windows,0,2225,2171.25,20,0,0,0,0,0,0,11,9,0
581.643,0,41349120,windows,0,28180,27951.2,82,0,0,0,0,0,0,46,28,8
581.661,1,41796608,repair,0,2225,2171.25,20,0,0,0,0,0,0,11,9,0
581.895,0,41369600,windows,0,26625,26625,80,0,0,0,0,0,0,45,27,8
581.912,1,41816064,windows,0,2225,2171.25,20,0,0,0,0,0,0,11,9,0
582.156,0,41390080,windows,0,24685,24685,77,0,0,0,0,0,0,43,26,8
582.17,1,41836544,windows,0,2225,2171.25,20,0,0,0,0,0,0,11,9,0
582.408,0,41410560,windows,0,22790,22581.2,74,0,0,0,0,0,0,42,25,7
582.433,1,41856000,windows,0,2225,2171.25,20,0,0,0,0,0,0,11,9,0
582.663,0,41431040,windows,0,22375,22171.2,73,0,0,0,0,0,0,41,25,7
582.693,1,41875456,windows,0,2225,2171.25,20,0,0,0,0,0,0,11,9,0
582.917,0,41450496,windows,0,21190,21001.2,70,0,0,0,0,0,0,38,25,7
582.947,1,41894912,windows,0,2225,2171.25,20,0,0,0,0,0,0,11,9,0
583.17,0,41470976,windows,0,21190,21001.2,70,0,0,0,0,0,0,38,25,7
583.206,1,41915392,windows,0,2225,2171.25,20,0,0,0,0,0,0,11,9,0
583.431,0,41489408,windows,0,20815,20815,69,0,0,0,0,0,0,37,25,7
583.464,1,41934848,windows,0,2225,2171.25,20,0,0,0,0,0,0,11,9,0
583.691,0,41508864,windows,0,20450,20450,68,0,0,0,0,0,0,36,25,7
583.723,1,41952256,windows,0,2225,2171.25,20,0,0,0,0,0,0,11,9,0
583.956,0,41529344,windows,0,19835,19835,68,0,0,0,0,0,0,37,24,7
583.982,1,41969664,repair,0,2225,2171.25,20,0,0,0,0,0,0,11,9,0
584.212,0,41548800,windows,0,19115,19115,66,0,0,0,0,0,0,35,24,7
584.237,1,41987072,windows,0,2225,2171.25,20,0,0,0,0,0,0,11,9,0
584.466,0,41568256,windows,0,18770,18770,65,0,0,0,0,0,0,34,24,7
584.502,1,42004480,windows,0,2225,2171.25,20,0,0,0,0,0,0,11,9,0
584.724,0,41588736,windows,0,17495,17331.2,63,0,0,0,0,0,0,33,23,7
584.764,1,42022912,windows,0,2225,2171.25,20,0,0,0,0,0,0,11,9,0
584.982,0,41610240,windows,0,16595,16431.2,62,0,0,0,0,0,0,33,22,7
585.026,1,42039296,windows,0,2225,2171.25,20,0,0,0,0,0,0,11,9,0
585.245,0,41630720,windows,0,16270,16270,61,0,0,0,0,0,0,32,22,7
585.287,1,42056704,windows,0,2225,2171.25,20,0,0,0,0,0,0,11,9,0
585.498,0,41649152,windows,0,15955,15955,60,0,0,0,0,0,0,31,22,7
585.537,1,42073088,windows,0,2225,2171.25,20,0,0,0,0,0,0,11,9,0
585.762,0,41667584,windows,0,15355,15355,58,0,0,0,0,0,0,29,22,7
585.794,1,42090496,windows,0,2225,2171.25,20,0,0,0,0,0,0,11,9,0
586.023,0,41687040,windows,0,15070,15070,57,0,0,0,0,0,0,28,22,7
586.045,1,42107904,windows,0,2225,2171.25,20,0,0,0,0,0,0,11,9,0
586.279,0,41706496,windows,0,15070,15070,57,0,0,0,0,0,0,28,22,7
586.299,1,42125312,windows,0,2225,2171.25,20,0,0,0,0,0,0,11,9,0
586.539,0,41726976,windows,0,15070,15070,57,0,0,0,0,0,0,28,22,7
586.55,1,42142720,windows,0,2225,2171.25,20,0,0,0,0,0,0,11,9,0
586.799,0,41746432,windows,0,14795,14795,56,0,0,0,0,0,0,27,22,7
586.802,1,42160128,windows,0,2225,2171.25,20,0,0,0,0,0,0,11,9,0
587.054,0,41765888,windows,0,14495,14292.5,57,0,0,0,0,0,0,29,21,7
587.055,1,42178560,windows,0,2225,2171.25,20,0,0,0,0,0,0,11,9,0
587.307,0,41786368,windows,0,14210,14007.5,56,0,0,0,0,0,0,28,21,7
587.314,1,42196992,windows,0,2225,2171.25,20,0,0,0,0,0,0,11,9,0
587.561,0,41805824,windows,0,13415,13212.5,53,0,0,0,0,0,0,25,21,7
587.578,1,42215424,windows,0,2225,2171.25,20,0,0,0,0,0,0,11,9,0
587.824,0,41827328,windows,0,12850,12518.8,53,0,0,0,0,0,0,26,20,7
587.84,1,42232832,windows,0,2225,2171.25,20,0,0,0,0,0,0,11,9,0
588.086,0,41846784,windows,0,12070,11867.5,52,0,0,0,0,0,0,26,19,7
588.094,1,42250240,repair,0,2225,2171.25,20,0,0,0,0,0,0,11,9,0
588.352,0,41867264,windows,0,12070,11867.5,52,0,0,0,0,0,0,26,19,7
588.357,1,42268672,windows,0,2225,2171.25,20,0,0,0,0,0,0,11,9,0
588.607,0,41887744,windows,0,12070,11867.5,52,0,0,0,0,0,0,26,19,7
588.615,1,42289152,windows,0,2225,2171.25,20,0,0,0,0,0,0,11,9,0
588.86,0,41907200,windows,0,12070,11867.5,52,0,0,0,0,0,0,26,19,7
588.872,1,42310656,windows,0,2225,2171.25,20,0,0,0,0,0,0,11,9,0
589.121,0,41924608,windows,0,12070,11867.5,52,0,0,0,0,0,0,26,19,7
589.125,1,42329088,windows,0,2225,2171.25,20,0,0,0,0,0,0,11,9,0
589.376,0,41942016,windows,0,2225,2171.25,20,0,0,0,0,0,0,11,9,0
589.381,1,42349568,windows,0,2225,2171.25,20,0,0,0,0,0,0,11,9,0
589.642,0,41959424,windows,0,2225,2171.25,20,0,0,0,0,0,0,11,9,0
589.643,1,42371072,windows,0,2225,2171.25,20,0,0,0,0,0,0,11,9,0
589.893,1,42391552,windows,0,2225,2171.25,20,0,0,0,0,0,0,11,9,0
589.899,0,41975808,windows,0,2225,2171.25,20,0,0,0,0,0,0,11,9,0
590.151,1,42412032,windows,0,2225,2171.25,20,0,0,0,0,0,0,11,9,0
590.161,0,41993216,windows,0,2225,2171.25,20,0,0,0,0,0,0,11,9,0
590.405,1,42432512,windows,0,2225,2171.25,20,0,0,0,0,0,0,11,9,0
590.417,0,42010624,windows,0,2225,2171.25,20,0,0,0,0,0,0,11,9,0
590.656,1,42452992,repair,0,2225,2171.25,20,0,0,0,0,0,0,11,9,0
590.67,0,42027008,windows,0,2225,2171.25,20,0,0,0,0,0,0,11,9,0
590.914,1,42473472,repair,0,2225,2171.25,20,0,0,0,0,0,0,11,9,0
590.927,0,42042368,windows,0,2225,2171.25,20,0,0,0,0,0,0,11,9,0
591.176,1,42494976,windows,0,2225,2171.25,20,0,0,0,0,0,0,11,9,0
591.179,0,42058752,windows,0,2225,2171.25,20,0,0,0,0,0,0,11,9,0
591.43,0,42073088,windows,0,2225,2171.25,20,0,0,0,0,0,0,11,9,0
591.431,1,42516480,windows,0,2225,2171.25,20,0,0,0,0,0,0,11,9,0
591.681,1,42535936,windows,0,2225,2171.25,20,0,0,0,0,0,0,11,9,0
591.685,0,42089472,windows,0,2225,2171.25,20,0,0,0,0,0,0,11,9,0
591.939,1,42555392,windows,0,2225,2171.25,20,0,0,0,0,0,0,11,9,0
591.94,0,42105856,windows,0,2225,2171.25,20,0,0,0,0,0,0,11,9,0
592.191,0,42123264,windows,0,2225,2171.25,20,0,0,0,0,0,0,11,9,0
592.192,1,42574848,windows,0,2225,2171.25,20,0,0,0,0,0,0,11,9,0
592.445,1,42594304,windows,0,2225,2171.25,20,0,0,0,0,0,0,11,9,0
592.456,0,42140672,windows,0,2225,2171.25,20,0,0,0,0,0,0,11,9,0
592.699,1,42613760,windows,0,2225,2171.25,20,0,0,0,0,0,0,11,9,0
592.716,0,42157056,windows,0,2225,2171.25,20,0,0,0,0,0,0,11,9,0
592.951,1,42634240,windows,0,2225,2171.25,20,0,0,0,0,0,0,11,9,0
592.976,0,42173440,windows,0,2225,2171.25,20,0,0,0,0,0,0,11,9,0
593.209,1,42654720,windows,0,2225,2171.25,20,0,0,0,0,0,0,11,9,0
593.234,0,42186752,windows,0,2225,2171.25,20,0,0,0,0,0,0,11,9,0
593.47,1,42675200,windows,0,2225,2171.25,20,0,0,0,0,0,0,11,9,0
593.488,0,42203136,windows,0,2225,2171.25,20,0,0,0,0,0,0,11,9,0
593.722,1,42694656,windows,0,2225,2171.25,20,0,0,0,0,0,0,11,9,0
593.739,0,42220544,windows,0,2225,2171.25,20,0,0,0,0,0,0,11,9,0
593.979,1,42714112,repair,413,5.60636e+07,5.60279e+07,3269,36,81,75,139,82,0,1826,1329,114
593.994,0,42241024,windows,0,2225,2171.25,20,0,0,0,0,0,0,11,9,0
594.238,1,42739712,repair,231,5.64022e+07,5.63711e+07,3290,22,46,36,70,57,0,1790,1394,106
594.254,0,42262528,windows,0,2225,2171.25,20,0,0,0,0,0,0,11,9,0
594.494,1,42763264,repair,140,4.94729e+07,4.94606e+07,3169,5,29,21,52,33,0,1774,1282,113
594.512,0,42283008,windows,0,2225,2171.25,20,0,0,0,0,0,0,11,9,0
594.745,1,42785792,repair,75,4.29417e+07,4.29147e+07,2958,9,9,9,33,15,0,1657,1199,102
594.772,0,42304512,windows,0,2225,2171.25,20,0,0,0,0,0,0,11,9,0
595.007,1,42810368,repair,32,3.16238e+07,3.15939e+07,2605,0,2,4,18,8,0,1536,990,79
595.03,0,42324992,windows,0,2225,2171.25,20,0,0,0,0,0,0,11,9,0
595.264,1,42833920,repair,5,2.80941e+07,2.80663e+07,2498,0,0,1,2,2,0,1523,904,71
595.294,0,42342400,windows,0,2225,2171.25,20,0,0,0,0,0,0,11,9,0
595.522,1,42857472,repair,0,2.46787e+07,2.46527e+07,2364,0,0,0,0,0,0,1462,832,70
595.559,0,42360832,windows,0,2225,2171.25,20,0,0,0,0,0,0,11,9,0
595.772,1,42877952,windows,0,1.09196e+07,1.09185e+07,1601,0,0,0,0,0,0,1042,522,37
595.815,0,42378240,windows,0,2225,2171.25,20,0,0,0,0,0,0,11,9,0
596.027,1,42897408,windows,0,7.54984e+06,7.5362e+06,1338,0,0,0,0,0,0,891,422,25
596.067,0,42394624,windows,0,2225,2171.25,20,0,0,0,0,0,0,11,9,0
596.285,1,42917888,windows,0,4.94692e+06,4.93982e+06,1090,0,0,0,0,0,0,743,330,17
596.323,0,42413056,windows,0,2225,2171.25,20,0,0,0,0,0,0,11,9,0
596.548,1,42937344,windows,0,3.41792e+06,3.41792e+06,917,0,0,0,0,0,0,631,266,20
596.587,0,42431488,windows,0,2225,2171.25,20,0,0,0,0,0,0,11,9,0
596.811,1,42956800,windows,0,2.5015e+06,2.49825e+06,785,0,0,0,0,0,0,537,229,19
596.848,0,42448896,windows,0,2225,2171.25,20,0,0,0,0,0,0,11,9,0
597.065,1,42976256,windows,0,1.87006e+06,1.86967e+06,669,0,0,0,0,0,0,449,207,13
597.111,0,42467328,windows,0,2225,2171.25,20,0,0,0,0,0,0,11,9,0
597.317,1,42994688,windows,0,1.34222e+06,1.3399e+06,574,0,0,0,0,0,0,395,167,12
597.363,0,42484736,windows,0,2225,2171.25,20,0,0,0,0,0,0,11,9,0
597.569,1,43012096,windows,0,1.01122e+06,1.00803e+06,494,0,0,0,0,0,0,338,148,8
597.618,0,42501120,windows,0,2225,2171.25,20,0,0,0,0,0,0,11,9,0
597.828,1,43030528,windows,0,773355,770720,430,0,0,0,0,0,0,291,132,7
597.876,0,42517504,windows,0,2225,2171.25,20,0,0,0,0,0,0,11,9,0
598.087,1,43049984,windows,0,575975,574731,371,0,0,0,0,0,0,249,115,7
598.128,0,42534912,windows,0,2225,2171.25,20,0,0,0,0,0,0,11,9,0
598.35,1,43069440,windows,0,373415,373272,301,0,0,0,0,0,0,207,89,5
598.388,0,42551296,repair,0,2225,2171.25,20,0,0,0,0,0,0,11,9,0
598.605,1,43087872,windows,0,304950,303335,272,0,0,0,0,0,0,186,81,5
598.641,0,42566656,repair,0,2225,2171.25,20,0,0,0,0,0,0,11,9,0
598.859,1,43106304,windows,0,235260,234481,237,0,0,0,0,0,0,156,75,6
598.909,0,42584064,windows,0,2225,2171.25,20,0,0,0,0,0,0,11,9,0
599.112,1,43124736,windows,0,174095,171954,199,0,0,0,0,0,0,125,69,5
599.163,0,42600448,windows,0,2225,2171.25,20,0,0,0,0,0,0,11,9,0
599.372,1,43144192,windows,0,131040,130868,177,0,0,0,0,0,0,114,57,6
599.426,0,42616832,windows,0,2225,2171.25,20,0,0,0,0,0,0,11,9,0
599.635,1,43163648,windows,0,116315,115098,166,0,0,0,0,0,0,107,54,5
599.689,0,42634240,windows,0,2225,2171.25,20,0,0,0,0,0,0,11,9,0
599.898,1,43184128,windows,0,90740,90740,146,0,0,0,0,0,0,94,48,4
599.945,0,42649600,windows,0,2225,2171.25,20,0,0,0,0,0,0,11,9,0
600.158,1,43202560,windows,0,71350,71350,130,0,0,0,0,0,0,82,43,5
600.2,0,42664960,windows,0,2225,2171.25,20,0,0,0,0,0,0,11,9,0
600.42,1,43222016,windows,0,63170,63170,123,0,0,0,0,0,0,78,40,5
600.459,0,42681344,windows,0,2225,2171.25,20,0,0,0,0,0,0,11,9,0
600.676,1,43240448,windows,0,58240,58240,118,0,0,0,0,0,0,76,38,4
600.712,0,42696704,windows,0,2225,2171.25,20,0,0,0,0,0,0,11,9,0
600.931,1,43258880,windows,0,54860,53892.5,112,0,0,0,0,0,0,66,40,6
600.973,0,42714112,windows,0,2225,2171.25,20,0,0,0,0,0,0,11,9,0
601.182,1,43277312,windows,0,45275,45132.5,102,0,0,0,0,0,0,61,36,5
601.232,0,42731520,windows,0,2225,2171.25,20,0,0,0,0,0,0,11,9,0
601.443,1,43296768,windows,0,39845,39732.5,95,0,0,0,0,0,0,57,34,4
601.487,0,42748928,windows,0,2225,2171.25,20,0,0,0,0,0,0,11,9,0
601.699,1,43316224,windows,0,34725,33846.2,91,0,0,0,0,0,0,57,30,4
601.752,0,42768384,windows,0,2225,2171.25,20,0,0,0,0,0,0,11,9,0
601.956,1,43335680,windows,0,33060,32465,88,0,0,0,0,0,0,54,30,4
602.004,0,42786816,windows,0,2225,2171.25,20,0,0,0,0,0,0,11,9,0
602.21,1,43353088,windows,0,29800,29438.8,83,0,0,0,0,0,0,50,29,4
602.261,0,42806272,repair,0,2225,2171.25,20,0,0,0,0,0,0,11,9,0
602.472,1,43373568,windows,0,29305,28948.8,82,0,0,0,0,0,0,49,29,4
602.514,0,42825728,repair,0,2225,2171.25,20,0,0,0,0,0,0,11,9,0
602.726,1,43394048,windows,0,27880,27767.5,79,0,0,0,0,0,0,46,29,4
602.775,0,42842112,windows,0,2225,2171.25,20,0,0,0,0,0,0,11,9,0
602.981,1,43414528,windows,0,27205,26858.8,79,0,0,0,0,0,0,47,28,4
603.033,0,42858496,windows,0,2225,2171.25,20,0,0,0,0,0,0,11,9,0
603.243,1,43436032,windows,0,26285,26172.5,77,0,0,0,0,0,0,45,28,4
603.288,0,42874880,windows,0,2225,2171.25,20,0,0,0,0,0,0,11,9,0
603.498,1,43454464,windows,0,25640,24992.5,77,0,0,0,0,0,0,46,27,4
603.546,0,42891264,windows,0,2225,2171.25,20,0,0,0,0,0,0,11,9,0
603.755,1,43470848,windows,0,24160,23293.8,72,0,0,0,0,0,0,40,28,4
603.808,0,42908672,windows,0,2225,2171.25,20,0,0,0,0,0,0,11,9,0
604.007,1,43487232,windows,0,22665,22358.8,70,0,0,0,0,0,0,39,27,4
604.063,0,42927104,windows,0,2225,2171.25,20,0,0,0,0,0,0,11,9,0
604.257,1,43503616,windows,0,21185,21072.5,66,0,0,0,0,0,0,35,27,4
604.313,0,42945536,windows,0,2225,2171.25,20,0,0,0,0,0,0,11,9,0
604.508,1,43520000,windows,0,20840,20727.5,65,0,0,0,0,0,0,34,27,4
604.567,0,42962944,windows,0,2225,2171.25,20,0,0,0,0,0,0,11,9,0
604.769,1,43537408,windows,0,20840,20727.5,65,0,0,0,0,0,0,34,27,4
604.83,0,42981376,windows,0,2225,2171.25,20,0,0,0,0,0,0,11,9,0
605.021,1,43553792,windows,0,20180,19908.8,63,0,0,0,0,0,0,32,27,4
605.088,0,43001856,windows,0,2225,2171.25,20,0,0,0,0,0,0,11,9,0
605.282,1,43571200,windows,0,20180,19908.8,63,0,0,0,0,0,0,32,27,4
605.339,0,43020288,windows,0,2225,2171.25,20,0,0,0,0,0,0,11,9,0
605.543,1,43588608,windows,0,19865,19752.5,62,0,0,0,0,0,0,31,27,4
605.595,0,43039744,repair,0,2225,2171.25,20,0,0,0,0,0,0,11,9,0
605.798,1,43604992,windows,0,19865,19752.5,62,0,0,0,0,0,0,31,27,4
605.849,0,43063296,windows,0,2225,2171.25,20,0,0,0,0,0,0,11,9,0
606.061,1,43622400,windows,0,19865,19752.5,62,0,0,0,0,0,0,31,27,4
606.103,0,43085824,windows,0,2225,2171.25,20,0,0,0,0,0,0,11,9,0
606.314,1,43638784,windows,0,19865,19752.5,62,0,0,0,0,0,0,31,27,4
606.358,0,43107328,windows,0,2225,2171.25,20,0,0,0,0,0,0,11,9,0
606.569,1,43655168,windows,0,19865,19752.5,62,0,0,0,0,0,0,31,27,4
606.617,0,43127808,windows,0,2225,2171.25,20,0,0,0,0,0,0,11,9,0
606.829,1,43671552,windows,0,19865,19752.5,62,0,0,0,0,0,0,31,27,4
606.874,0,43148288,windows,0,2225,2171.25,20,0,0,0,0,0,0,11,9,0
607.088,1,43688960,windows,0,19265,18617.5,60,0,0,0,0,0,0,29,27,4
607.124,0,43168768,windows,0,2225,2171.25,20,0,0,0,0,0,0,11,9,0
607.342,1,43705344,windows,0,19265,18617.5,60,0,0,0,0,0,0,29,27,4
607.377,0,43188224,repair,334,6.40002e+07,6.39907e+07,3500,24,65,50,140,55,0,1911,1457,132
607.608,1,43721728,windows,0,19265,18617.5,60,0,0,0,0,0,0,29,27,4
607.636,0,43211776,repair,201,6.2865e+07,6.28356e+07,3477,12,32,34,75,48,0,1902,1475,100
607.858,1,43738112,windows,0,18980,18193.8,59,0,0,0,0,0,0,28,27,4
607.889,0,43233280,repair,133,5.05371e+07,5.05256e+07,3150,11,16,20,65,21,0,1740,1316,94
608.115,1,43754496,windows,0,18980,18193.8,59,0,0,0,0,0,0,28,27,4
608.147,0,43253760,repair,79,4.01963e+07,4.01655e+07,2956,2,11,11,41,14,0,1760,1101,95
608.368,1,43770880,windows,0,18980,18193.8,59,0,0,0,0,0,0,28,27,4
608.401,0,43274240,repair,41,3.48016e+07,3.47936e+07,2720,0,10,5,20,6,0,1614,1039,67
608.623,1,43787264,windows,0,18980,18193.8,59,0,0,0,0,0,0,28,27,4
608.652,0,43293696,repair,15,2.87592e+07,2.87394e+07,2553,0,2,4,8,1,0,1594,892,67
608.885,1,43803648,windows,0,18980,18193.8,59,0,0,0,0,0,0,28,27,4
608.911,0,43315200,repair,1,2.58164e+07,2.58004e+07,2464,0,0,0,0,1,0,1612,798,54
609.138,1,43820032,windows,0,18980,18193.8,59,0,0,0,0,0,0,28,27,4
609.171,0,43337728,windows,0,1.26894e+07,1.26771e+07,1717,0,0,0,0,0,0,1118,566,33
609.394,1,43837440,windows,0,18980,18193.8,59,0,0,0,0,0,0,28,27,4
609.433,0,43356160,windows,0,8.73954e+06,8.72952e+06,1448,0,0,0,0,0,0,963,451,34
609.652,1,43854848,windows,0,18980,18193.8,59,0,0,0,0,0,0,28,27,4
609.693,0,43373568,windows,0,6.29766e+06,6.29024e+06,1239,0,0,0,0,0,0,839,371,29
609.909,1,43871232,windows,0,18980,18193.8,59,0,0,0,0,0,0,28,27,4
609.951,0,43388928,windows,0,4.51412e+06,4.51412e+06,1042,0,0,0,0,0,0,692,324,26
610.162,1,43887616,windows,0,18980,18193.8,59,0,0,0,0,0,0,28,27,4
610.205,0,43405312,windows,0,3.22112e+06,3.21214e+06,885,0,0,0,0,0,0,595,268,22
610.413,1,43904000,windows,0,18980,18193.8,59,0,0,0,0,0,0,28,27,4
610.459,0,43422720,windows,0,2.46232e+06,2.46169e+06,784,0,0,0,0,0,0,541,222,21
610.672,1,43920384,windows,0,18705,17923.8,58,0,0,0,0,0,0,27,27,4
610.711,0,43440128,windows,0,1.83804e+06,1.83804e+06,673,0,0,0,0,0,0,457,198,18
610.935,1,43937792,windows,0,18440,17663.8,57,0,0,0,0,0,0,26,27,4
610.966,0,43457536,windows,0,1.2587e+06,1.25534e+06,556,0,0,0,0,0,0,370,168,18
611.195,1,43955200,windows,0,18185,17413.8,56,0,0,0,0,0,0,25,27,4
611.218,0,43474944,windows,0,945365,941918,475,0,0,0,0,0,0,309,152,14
611.455,1,43972608,windows,0,17940,17173.8,55,0,0,0,0,0,0,24,27,4
611.505,0,43493376,windows,0,677800,677800,413,0,0,0,0,0,0,286,115,12
611.715,1,43990016,windows,0,17940,17173.8,55,0,0,0,0,0,0,24,27,4
611.762,0,43509760,windows,0,511070,509811,357,0,0,0,0,0,0,252,98,7
611.967,1,44006400,windows,0,17705,16943.8,54,0,0,0,0,0,0,23,27,4
612.023,0,43528192,windows,0,351880,350072,296,0,0,0,0,0,0,208,82,6
612.231,1,44023808,windows,0,17480,16723.8,53,0,0,0,0,0,0,22,27,4
612.281,0,43544576,windows,0,260675,259761,256,0,0,0,0,0,0,183,68,5
612.492,1,44041216,windows,0,17480,16723.8,53,0,0,0,0,0,0,22,27,4
612.54,0,43560960,windows,0,197505,195486,222,0,0,0,0,0,0,153,63,6
612.751,1,44059648,windows,0,15070,14987.5,57,0,0,0,0,0,0,32,22,3
612.802,0,43578368,windows,0,156800,156800,199,0,0,0,0,0,0,138,55,6
613.014,1,44079104,windows,0,14155,13928.8,54,0,0,0,0,0,0,29,22,3
613.064,0,43595776,windows,0,119110,118319,174,0,0,0,0,0,0,118,49,7
613.266,1,44098560,windows,0,13870,13213.8,53,0,0,0,0,0,0,28,22,3
613.319,0,43613184,windows,0,87620,87387.5,153,0,0,0,0,0,0,108,37,8
613.521,1,44119040,windows,0,12735,12103.8,51,0,0,0,0,0,0,27,21,3
613.576,0,43631616,windows,0,72670,71915,137,0,0,0,0,0,0,92,38,7
613.773,1,44139520,windows,0,11150,11067.5,47,0,0,0,0,0,0,24,20,3
613.83,0,43650048,windows,0,64130,63395,128,0,0,0,0,0,0,84,37,7
614.033,1,44157952,windows,0,11150,11067.5,47,0,0,0,0,0,0,24,20,3
614.084,0,43668480,windows,0,47480,47480,106,0,0,0,0,0,0,64,36,6
614.288,1,44176384,windows,0,10915,10718.8,46,0,0,0,0,0,0,23,20,3
614.342,0,43686912,windows,0,42040,41405,102,0,0,0,0,0,0,64,32,6
614.545,1,44197888,windows,0,10465,10465,46,0,0,0,0,0,0,25,19,2
614.602,0,43706368,windows,0,37685,37685,97,0,0,0,0,0,0,61,30,6
614.798,1,44218368,windows,0,9985,9871.25,44,0,0,0,0,0,0,23,19,2
614.859,0,43725824,windows,0,32735,32441.2,91,0,0,0,0,0,0,59,27,5
615.058,1,44240896,windows,0,9760,9760,43,0,0,0,0,0,0,22,19,2
615.121,0,43747328,windows,0,27025,26530,82,0,0,0,0,0,0,53,25,4
615.31,1,44262400,windows,0,9545,9545,42,0,0,0,0,0,0,21,19,2
615.371,0,43767808,windows,0,26045,25932.5,81,0,0,0,0,0,0,53,24,4
615.567,1,44283904,windows,0,9545,9545,42,0,0,0,0,0,0,21,19,2
615.627,0,43788288,windows,0,23065,22610,76,0,0,0,0,0,0,49,23,4
615.824,1,44305408,windows,0,9545,9545,42,0,0,0,0,0,0,21,19,2
615.886,0,43808768,windows,0,20740,20627.5,72,0,0,0,0,0,0,46,22,4
616.074,1,44325888,windows,0,2225,2171.25,20,0,0,0,0,0,0,11,9,0
616.141,0,43829248,windows,0,18980,18867.5,69,0,0,0,0,0,0,44,21,4
616.326,1,44347392,windows,0,2225,2171.25,20,0,0,0,0,0,0,11,9,0
616.398,0,43849728,windows,0,18160,17828.8,68,0,0,0,0,0,0,44,20,4
616.586,1,44367872,windows,0,2225,2171.25,20,0,0,0,0,0,0,11,9,0
616.663,0,43869184,windows,0,17300,17187.5,66,0,0,0,0,0,0,42,20,4
616.842,1,44387328,windows,0,2225,2171.25,20,0,0,0,0,0,0,11,9,0
616.917,0,43886592,windows,0,16205,15737.5,65,0,0,0,0,0,0,43,18,4
617.103,1,44407808,windows,0,2225,2171.25,20,0,0,0,0,0,0,11,9,0
617.178,0,43905024,windows,0,14260,13812.5,61,0,0,0,0,0,0,40,17,4
617.356,1,44429312,windows,0,2225,2171.25,20,0,0,0,0,0,0,11,9,0
617.44,0,43922432,windows,0,12995,12995,58,0,0,0,0,0,0,39,16,3
617.609,1,44450816,windows,0,2225,2171.25,20,0,0,0,0,0,0,11,9,0
617.701,0,43939840,windows,0,12610,12610,57,0,0,0,0,0,0,38,16,3
617.862,1,44472320,windows,0,2225,2171.25,20,0,0,0,0,0,0,11,9,0
617.965,0,43957248,windows,0,11990,11801.2,56,0,0,0,0,0,0,38,15,3
618.113,1,44492800,repair,0,2225,2171.25,20,0,0,0,0,0,0,11,9,0
618.217,0,43973632,windows,0,11170,11170,53,0,0,0,0,0,0,34,16,3
618.363,1,44515328,windows,0,2225,2171.25,20,0,0,0,0,0,0,11,9,0
618.485,0,43992064,windows,0,10195,10195,50,0,0,0,0,0,0,31,16,3
618.617,1,44535808,windows,0,2225,2171.25,20,0,0,0,0,0,0,11,9,0
618.747,0,44011520,windows,0,9890,9595,50,0,0,0,0,0,0,32,15,3
618.876,1,44556288,windows,0,2225,2171.25,20,0,0,0,0,0,0,11,9,0
619.004,0,44033024,windows,0,9575,9421.25,49,0,0,0,0,0,0,31,15,3
619.127,1,44575744,windows,0,2225,2171.25,20,0,0,0,0,0,0,11,9,0
619.266,0,44052480,windows,0,8975,8680,47,0,0,0,0,0,0,29,15,3
619.383,1,44593152,windows,0,2225,2171.25,20,0,0,0,0,0,0,11,9,0
619.521,0,44069888,windows,0,8690,8395,46,0,0,0,0,0,0,28,15,3
619.64,1,44611584,windows,0,2225,2171.25,20,0,0,0,0,0,0,11,9,0
619.773,0,44085248,windows,0,8690,8395,46,0,0,0,0,0,0,28,15,3
619.891,1,44630016,windows,0,2225,2171.25,20,0,0,0,0,0,0,11,9,0
620.028,0,44102656,windows,0,8690,8395,46,0,0,0,0,0,0,28,15,3
620.155,1,44649472,windows,0,2225,2171.25,20,0,0,0,0,0,0,11,9,0
620.291,0,44122112,windows,0,8415,8120,45,0,0,0,0,0,0,27,15,3
620.416,1,44668928,windows,0,2225,2171.25,20,0,0,0,0,0,0,11,9,0
620.546,0,44136448,windows,0,8415,8120,45,0,0,0,0,0,0,27,15,3
620.688,1,44680192,windows,0,2225,2171.25,20,0,0,0,0,0,0,11,9,0
620.8,0,44144640,windows,0,8415,8120,45,0,0,0,0,0,0,27,15,3
620.95,1,44693504,windows,0,2225,2171.25,20,0,0,0,0,0,0,11,9,0
621.051,0,44158976,windows,0,8415,8120,45,0,0,0,0,0,0,27,15,3
621.2,1,44711936,windows,0,2225,2171.25,20,0,0,0,0,0,0,11,9,0
621.309,0,44175360,windows,0,8415,8120,45,0,0,0,0,0,0,27,15,3
621.451,1,44730368,windows,0,2225,2171.25,20,0,0,0,0,0,0,11,9,0
621.57,0,44190720,windows,0,8415,8120,45,0,0,0,0,0,0,27,15,3
621.709,1,44748800,windows,0,2225,2171.25,20,0,0,0,0,0,0,11,9,0
621.825,0,44206080,windows,0,8415,8120,45,0,0,0,0,0,0,27,15,3
621.961,1,44767232,windows,0,2225,2171.25,20,0,0,0,0,0,0,11,9,0
622.087,0,44222464,windows,0,8415,8120,45,0,0,0,0,0,0,27,15,3
622.224,1,44786688,windows,0,2225,2171.25,20,0,0,0,0,0,0,11,9,0
622.338,0,44236800,windows,0,8415,8120,45,0,0,0,0,0,0,27,15,3
622.475,1,44805120,windows,0,2225,2171.25,20,0,0,0,0,0,0,11,9,0
622.596,0,44253184,windows,0,8415,8120,45,0,0,0,0,0,0,27,15,3
622.737,1,44825600,windows,0,2225,2171.25,20,0,0,0,0,0,0,11,9,0
622.864,0,44269568,windows,0,8415,8120,45,0,0,0,0,0,0,27,15,3
622.994,1,44843008,windows,0,2225,2171.25,20,0,0,0,0,0,0,11,9,0
623.122,0,44285952,windows,0,8415,8120,45,0,0,0,0,0,0,27,15,3
623.245,1,44859392,windows,0,2225,2171.25,20,0,0,0,0,0,0,11,9,0
623.383,0,44302336,windows,0,8415,8120,45,0,0,0,0,0,0,27,15,3
623.51,1,44877824,windows,0,2225,2171.25,20,0,0,0,0,0,0,11,9,0
623.647,0,44318720,windows,0,8415,8120,45,0,0,0,0,0,0,27,15,3
623.767,1,44898304,windows,0,2225,2171.25,20,0,0,0,0,0,0,11,9,0
623.901,0,44334080,windows,0,8415,8120,45,0,0,0,0,0,0,27,15,3
624.019,1,44919808,windows,0,2225,2171.25,20,0,0,0,0,0,0,11,9,0
624.159,0,44350464,windows,0,8415,8120,45,0,0,0,0,0,0,27,15,3
624.275,1,44942336,windows,0,2225,2171.25,20,0,0,0,0,0,0,11,9,0
624.415,0,44366848,windows,0,8415,8120,45,0,0,0,0,0,0,27,15,3
624.53,1,44963840,windows,0,2225,2171.25,20,0,0,0,0,0,0,11,9,0
624.669,0,44382208,windows,0,8415,8120,45,0,0,0,0,0,0,27,15,3
624.782,1,44982272,windows,0,2225,2171.25,20,0,0,0,0,0,0,11,9,0
624.929,0,44397568,windows,0,8415,8120,45,0,0,0,0,0,0,27,15,3
625.044,1,45002752,windows,0,2225,2171.25,20,0,0,0,0,0,0,11,9,0
625.185,0,44413952,repair,0,8415,8120,45,0,0,0,0,0,0,27,15,3
625.305,1,45026304,windows,0,2225,2171.25,20,0,0,0,0,0,0,11,9,0
625.438,0,44430336,repair,0,8415,8120,45,0,0,0,0,0,0,27,15,3
625.566,1,45049856,repair,0,2225,2171.25,20,0,0,0,0,0,0,11,9,0
625.693,0,44445696,windows,0,8415,8120,45,0,0,0,0,0,0,27,15,3
625.824,1,45071360,repair,0,2225,2171.25,20,0,0,0,0,0,0,11,9,0
625.961,0,44462080,windows,0,8415,8120,45,0,0,0,0,0,0,27,15,3
626.083,1,45094912,windows,0,2225,2171.25,20,0,0,0,0,0,0,11,9,0
626.22,0,44477440,windows,0,8415,8120,45,0,0,0,0,0,0,27,15,3
626.337,1,45111296,windows,0,2225,2171.25,20,0,0,0,0,0,0,11,9,0
626.487,0,44492800,windows,0,8415,8120,45,0,0,0,0,0,0,27,15,3
626.595,1,45127680,windows,0,2225,2171.25,20,0,0,0,0,0,0,11,9,0
626.748,0,44509184,windows,0,2120,2120,19,0,0,0,0,0,0,10,9,0
626.85,1,45144064,windows,0,2225,2171.25,20,0,0,0,0,0,0,11,9,0
627.003,0,44526592,windows,0,2120,2120,19,0,0,0,0,0,0,10,9,0
627.106,1,45160448,windows,0,2225,2171.25,20,0,0,0,0,0,0,11,9,0
627.254,0,44542976,windows,0,2120,2120,19,0,0,0,0,0,0,10,9,0
627.371,1,45176832,windows,0,2225,2171.25,20,0,0,0,0,0,0,11,9,0
627.512,0,44558336,windows,0,2120,2120,19,0,0,0,0,0,0,10,9,0
627.635,1,45194240,windows,0,2225,2171.25,20,0,0,0,0,0,0,11,9,0
627.767,0,44574720,windows,0,2120,2120,19,0,0,0,0,0,0,10,9,0
627.891,1,45214720,windows,0,2225,2171.25,20,0,0,0,0,0,0,11,9,0
628.023,0,44593152,windows,0,2120,2120,19,0,0,0,0,0,0,10,9,0
628.144,1,45232128,windows,0,2225,2171.25,20,0,0,0,0,0,0,11,9,0
628.283,0,44610560,windows,0,2120,2120,19,0,0,0,0,0,0,10,9,0
628.404,1,45247488,windows,0,2225,2171.25,20,0,0,0,0,0,0,11,9,0
628.534,0,44625920,windows,0,2120,2120,19,0,0,0,0,0,0,10,9,0
628.662,1,45264896,windows,0,2120,2120,19,0,0,0,0,0,0,10,9,0
628.795,0,44642304,windows,0,2120,2120,19,0,0,0,0,0,0,10,9,0
628.919,1,45283328,windows,0,2120,2120,19,0,0,0,0,0,0,10,9,0
629.054,0,44658688,windows,0,2120,2120,19,0,0,0,0,0,0,10,9,0
629.182,1,45300736,windows,0,2000,2000,20,0,0,0,0,0,0,12,8,0
629.312,0,44675072,windows,0,2120,2120,19,0,0,0,0,0,0,10,9,0
629.435,1,45318144,windows,0,2000,2000,20,0,0,0,0,0,0,12,8,0
629.567,0,44691456,windows,0,1885,1885,19,0,0,0,0,0,0,11,8,0
629.698,1,45335552,windows,0,1885,1885,19,0,0,0,0,0,0,11,8,0
629.818,0,44706816,windows,0,1885,1885,19,0,0,0,0,0,0,11,8,0
629.95,1,45352960,windows,0,1885,1885,19,0,0,0,0,0,0,11,8,0
630.081,0,44724224,windows,0,1885,1885,19,0,0,0,0,0,0,11,8,0
630.203,1,45372416,windows,0,1885,1885,19,0,0,0,0,0,0,11,8,0
630.344,0,44742656,windows,0,1885,1885,19,0,0,0,0,0,0,11,8,0
630.456,1,45392896,windows,0,1885,1885,19,0,0,0,0,0,0,11,8,0
630.605,0,44759040,windows,0,1885,1885,19,0,0,0,0,0,0,11,8,0
630.714,1,45412352,windows,0,1885,1885,19,0,0,0,0,0,0,11,8,0
630.855,0,44777472,windows,0,1885,1885,19,0,0,0,0,0,0,11,8,0
630.966,1,45431808,windows,0,1885,1885,19,0,0,0,0,0,0,11,8,0
631.118,0,44797952,windows,0,1885,1885,19,0,0,0,0,0,0,11,8,0
631.221,1,45452288,windows,0,1885,1885,19,0,0,0,0,0,0,11,8,0
631.37,0,44816384,windows,0,1885,1885,19,0,0,0,0,0,0,11,8,0
631.48,1,45471744,windows,0,1885,1885,19,0,0,0,0,0,0,11,8,0
631.632,0,44834816,windows,0,1885,1885,19,0,0,0,0,0,0,11,8,0
631.732,1,45487104,windows,0,1885,1885,19,0,0,0,0,0,0,11,8,0
631.89,0,44853248,repair,0,1885,1885,19,0,0,0,0,0,0,11,8,0
631.991,1,45503488,windows,0,1885,1885,19,0,0,0,0,0,0,11,8,0
632.147,0,44871680,windows,0,1885,1885,19,0,0,0,0,0,0,11,8,0
632.249,1,45519872,windows,0,1885,1885,19,0,0,0,0,0,0,11,8,0
632.4,0,44889088,windows,0,1885,1885,19,0,0,0,0,0,0,11,8,0
632.512,1,45536256,windows,0,1885,1885,19,0,0,0,0,0,0,11,8,0
632.651,0,44906496,windows,0,1885,1885,19,0,0,0,0,0,0,11,8,0
632.769,1,45552640,windows,0,1885,1885,19,0,0,0,0,0,0,11,8,0
632.906,0,44923904,windows,0,1885,1885,19,0,0,0,0,0,0,11,8,0
633.029,1,45569024,windows,0,1885,1885,19,0,0,0,0,0,0,11,8,0
633.166,0,44941312,windows,0,1885,1885,19,0,0,0,0,0,0,11,8,0
633.287,1,45585408,windows,0,1885,1885,19,0,0,0,0,0,0,11,8,0
633.423,0,44958720,windows,0,1885,1885,19,0,0,0,0,0,0,11,8,0
633.551,1,45601792,windows,0,1885,1885,19,0,0,0,0,0,0,11,8,0
633.687,0,44977152,windows,0,1885,1885,19,0,0,0,0,0,0,11,8,0
633.805,1,45618176,windows,0,1885,1885,19,0,0,0,0,0,0,11,8,0
633.939,0,44994560,windows,0,1885,1885,19,0,0,0,0,0,0,11,8,0
634.067,1,45634560,windows,0,1885,1885,19,0,0,0,0,0,0,11,8,0
634.202,0,45012992,windows,0,1885,1885,19,0,0,0,0,0,0,11,8,0
634.325,1,45650944,windows,0,1885,1885,19,0,0,0,0,0,0,11,8,0
634.462,0,45030400,windows,0,1885,1885,19,0,0,0,0,0,0,11,8,0
634.578,1,45666304,repair,0,1885,1885,19,0,0,0,0,0,0,11,8,0
634.721,0,45047808,windows,0,1885,1885,19,0,0,0,0,0,0,11,8,0
634.832,1,45682688,windows,0,1885,1885,19,0,0,0,0,0,0,11,8,0
634.977,0,45065216,windows,0,1885,1885,19,0,0,0,0,0,0,11,8,0
635.09,1,45699072,windows,0,1885,1885,19,0,0,0,0,0,0,11,8,0
635.242,0,45083648,windows,0,1885,1885,19,0,0,0,0,0,0,11,8,0
635.345,1,45715456,windows,0,1885,1885,19,0,0,0,0,0,0,11,8,0
635.494,0,45101056,repair,0,1885,1885,19,0,0,0,0,0,0,11,8,0
635.605,1,45730816,windows,0,1885,1885,19,0,0,0,0,0,0,11,8,0
635.757,0,45118464,windows,0,1885,1885,19,0,0,0,0,0,0,11,8,0
635.859,1,45747200,windows,0,1885,1885,19,0,0,0,0,0,0,11,8,0
636.019,0,45135872,windows,0,1885,1885,19,0,0,0,0,0,0,11,8,0
636.122,1,45763584,windows,0,1885,1885,19,0,0,0,0,0,0,11,8,0
636.271,0,45152256,windows,0,1885,1885,19,0,0,0,0,0,0,11,8,0
636.374,1,45779968,windows,0,1885,1885,19,0,0,0,0,0,0,11,8,0
636.524,0,45168640,windows,0,1885,1885,19,0,0,0,0,0,0,11,8,0
636.628,1,45795328,windows,0,1885,1885,19,0,0,0,0,0,0,11,8,0
636.779,0,45185024,windows,0,1885,1885,19,0,0,0,0,0,0,11,8,0
636.886,1,45810688,windows,0,1885,1885,19,0,0,0,0,0,0,11,8,0
637.033,0,45201408,windows,0,1885,1885,19,0,0,0,0,0,0,11,8,0
637.142,1,45827072,windows,0,1885,1885,19,0,0,0,0,0,0,11,8,0
637.295,0,45217792,windows,0,1885,1885,19,0,0,0,0,0,0,11,8,0
637.397,1,45843456,windows,0,1885,1885,19,0,0,0,0,0,0,11,8,0
637.551,0,45234176,windows,0,1885,1885,19,0,0,0,0,0,0,11,8,0
637.649,1,45859840,windows,0,1885,1885,19,0,0,0,0,0,0,11,8,0
637.807,0,45250560,windows,0,1885,1885,19,0,0,0,0,0,0,11,8,0
637.91,1,45876224,windows,0,1885,1885,19,0,0,0,0,0,0,11,8,0
638.067,0,45266944,windows,0,1885,1885,19,0,0,0,0,0,0,11,8,0
638.168,1,45891584,windows,0,1885,1885,19,0,0,0,0,0,0,11,8,0
638.332,0,45283328,windows,0,1885,1885,19,0,0,0,0,0,0,11,8,0
638.43,1,45908992,windows,0,1885,1885,19,0,0,0,0,0,0,11,8,0
638.592,0,45298688,repair,0,1885,1885,19,0,0,0,0,0,0,11,8,0
638.687,1,45925376,repair,0,1885,1885,19,0,0,0,0,0,0,11,8,0
638.849,0,45316096,repair,0,1885,1885,19,0,0,0,0,0,0,11,8,0
638.945,1,45943808,repair,0,1885,1885,19,0,0,0,0,0,0,11,8,0
639.11,0,45334528,windows,0,1885,1885,19,0,0,0,0,0,0,11,8,0
639.207,1,45962240,windows,0,1885,1885,19,0,0,0,0,0,0,11,8,0
639.374,0,45350912,windows,0,1885,1885,19,0,0,0,0,0,0,11,8,0
639.468,1,45978624,windows,0,1885,1885,19,0,0,0,0,0,0,11,8,0
639.628,0,45368320,windows,0,1885,1885,19,0,0,0,0,0,0,11,8,0
639.722,1,45993984,windows,0,1885,1885,19,0,0,0,0,0,0,11,8,0
639.883,0,45384704,windows,0,1885,1885,19,0,0,0,0,0,0,11,8,0
639.974,1,46010368,windows,0,1885,1885,19,0,0,0,0,0,0,11,8,0
640.136,0,45399040,windows,0,1885,1885,19,0,0,0,0,0,0,11,8,0
640.232,1,46026752,windows,0,1885,1885,19,0,0,0,0,0,0,11,8,0
640.398,0,45416448,windows,0,1885,1885,19,0,0,0,0,0,0,11,8,0
640.485,1,46042112,windows,0,1885,1885,19,0,0,0,0,0,0,11,8,0
640.655,0,45431808,windows,0,1885,1885,19,0,0,0,0,0,0,11,8,0
640.749,1,46058496,windows,0,1885,1885,19,0,0,0,0,0,0,11,8,0
640.908,0,45448192,windows,0,1885,1885,19,0,0,0,0,0,0,11,8,0
641,1,46073856,windows,0,1885,1885,19,0,0,0,0,0,0,11,8,0
641.166,0,45465600,windows,0,1885,1885,19,0,0,0,0,0,0,11,8,0
641.258,1,46092288,windows,0,1885,1885,19,0,0,0,0,0,0,11,8,0
641.423,0,45483008,windows,0,1885,1885,19,0,0,0,0,0,0,11,8,0
641.517,1,46110720,repair,0,1885,1885,19,0,0,0,0,0,0,11,8,0
641.686,0,45499392,windows,0,1885,1885,19,0,0,0,0,0,0,11,8,0
641.771,1,46130176,windows,0,1885,1885,19,0,0,0,0,0,0,11,8,0
641.944,0,45516800,windows,0,1885,1885,19,0,0,0,0,0,0,11,8,0
642.033,1,46147584,windows,0,1885,1885,19,0,0,0,0,0,0,11,8,0
642.202,0,45534208,windows,0,1885,1885,19,0,0,0,0,0,0,11,8,0
642.284,1,46163968,windows,0,1885,1885,19,0,0,0,0,0,0,11,8,0
642.462,0,45551616,windows,0,1885,1885,19,0,0,0,0,0,0,11,8,0
642.544,1,46180352,windows,0,1885,1885,19,0,0,0,0,0,0,11,8,0
642.719,0,45569024,windows,0,1885,1885,19,0,0,0,0,0,0,11,8,0
642.806,1,46196736,windows,0,1885,1885,19,0,0,0,0,0,0,11,8,0
642.978,0,45587456,windows,0,1885,1885,19,0,0,0,0,0,0,11,8,0
643.069,1,46213120,windows,0,1885,1885,19,0,0,0,0,0,0,11,8,0
643.237,0,45605888,windows,0,1885,1885,19,0,0,0,0,0,0,11,8,0
643.333,1,46228480,windows,0,1885,1885,19,0,0,0,0,0,0,11,8,0
643.492,0,45623296,windows,0,1885,1885,19,0,0,0,0,0,0,11,8,0
643.596,1,46243840,windows,0,1885,1885,19,0,0,0,0,0,0,11,8,0
643.743,0,45640704,windows,0,1885,1885,19,0,0,0,0,0,0,11,8,0
643.856,1,46260224,windows,0,1885,1885,19,0,0,0,0,0,0,11,8,0
644.006,0,45659136,windows,0,1885,1885,19,0,0,0,0,0,0,11,8,0
644.115,1,46276608,windows,0,1885,1885,19,0,0,0,0,0,0,11,8,0
644.268,0,45677568,windows,0,1885,1885,19,0,0,0,0,0,0,11,8,0
644.371,1,46292992,windows,0,1885,1885,19,0,0,0,0,0,0,11,8,0
644.523,0,45694976,windows,0,1885,1885,19,0,0,0,0,0,0,11,8,0
644.624,1,46309376,windows,0,1885,1885,19,0,0,0,0,0,0,11,8,0
644.782,0,45713408,windows,0,1885,1885,19,0,0,0,0,0,0,11,8,0
644.88,1,46325760,windows,0,1885,1885,19,0,0,0,0,0,0,11,8,0
645.035,0,45729792,repair,0,1885,1885,19,0,0,0,0,0,0,11,8,0
645.144,1,46342144,windows,0,1885,1885,19,0,0,0,0,0,0,11,8,0
645.292,0,45749248,repair,0,1885,1885,19,0,0,0,0,0,0,11,8,0
645.405,1,46359552,windows,0,1885,1885,19,0,0,0,0,0,0,11,8,0
645.546,0,45766656,windows,0,1885,1885,19,0,0,0,0,0,0,11,8,0
645.656,1,46375936,windows,0,1885,1885,19,0,0,0,0,0,0,11,8,0
645.802,0,45783040,windows,0,1885,1885,19,0,0,0,0,0,0,11,8,0
645.907,1,46392320,windows,0,1885,1885,19,0,0,0,0,0,0,11,8,0
646.064,0,45800448,windows,0,1885,1885,19,0,0,0,0,0,0,11,8,0
646.159,1,46408704,windows,0,1885,1885,19,0,0,0,0,0,0,11,8,0
646.321,0,45816832,windows,0,1885,1885,19,0,0,0,0,0,0,11,8,0
646.412,1,46425088,windows,0,1885,1885,19,0,0,0,0,0,0,11,8,0
646.579,0,45832192,windows,0,1885,1885,19,0,0,0,0,0,0,11,8,0
646.669,1,46441472,windows,0,1885,1885,19,0,0,0,0,0,0,11,8,0
646.838,0,45848576,windows,0,1885,1885,19,0,0,0,0,0,0,11,8,0
646.935,1,46458880,windows,0,1885,1885,19,0,0,0,0,0,0,11,8,0
647.1,0,45863936,windows,0,1885,1885,19,0,0,0,0,0,0,11,8,0
647.198,1,46476288,windows,0,1885,1885,19,0,0,0,0,0,0,11,8,0
647.355,0,45879296,windows,0,1885,1885,19,0,0,0,0,0,0,11,8,0
647.455,1,46493696,windows,0,1885,1885,19,0,0,0,0,0,0,11,8,0
647.619,0,45895680,windows,0,1885,1885,19,0,0,0,0,0,0,11,8,0
647.711,1,46510080,windows,0,1885,1885,19,0,0,0,0,0,0,11,8,0
647.872,0,45913088,windows,0,1885,1885,19,0,0,0,0,0,0,11,8,0
647.975,1,46527488,windows,0,1885,1885,19,0,0,0,0,0,0,11,8,0
648.133,0,45933568,windows,0,1885,1885,19,0,0,0,0,0,0,11,8,0
648.227,1,46543872,windows,0,1885,1885,19,0,0,0,0,0,0,11,8,0
648.394,0,45953024,windows,0,1885,1885,19,0,0,0,0,0,0,11,8,0
648.48,1,46559232,repair,351,6.87349e+07,6.87005e+07,3582,18,54,62,147,70,0,1925,1527,130
648.648,0,45972480,windows,0,1885,1885,19,0,0,0,0,0,0,11,8,0
648.731,1,46578688,repair,229,6.63667e+07,6.63232e+07,3604,13,47,41,87,41,0,1983,1501,120
648.905,0,45990912,windows,0,1885,1885,19,0,0,0,0,0,0,11,8,0
648.982,1,46598144,repair,156,5.42662e+07,5.42301e+07,3347,11,29,31,57,28,0,1921,1322,104
649.166,0,46010368,windows,0,1885,1885,19,0,0,0,0,0,0,11,8,0
649.24,1,46617600,repair,91,5.44421e+07,5.4403e+07,3379,5,21,14,29,22,0,1963,1317,99
649.423,0,46029824,repair,276,6.39657e+07,6.3923e+07,3502,22,46,47,104,57,0,1905,1477,120
649.495,1,46636032,repair,60,3.76003e+07,3.7576e+07,2804,3,6,8,27,16,0,1627,1097,80
649.679,0,46052352,repair,179,5.32253e+07,5.32226e+07,3213,13,37,31,67,31,0,1772,1352,89
649.753,1,46654464,repair,25,3.53104e+07,3.52892e+07,2725,1,3,3,14,4,0,1584,1062,79
649.94,0,46072832,repair,111,4.39319e+07,4.39229e+07,3053,6,14,20,46,25,0,1797,1167,89
650.015,1,46670848,repair,7,3.06893e+07,3.06679e+07,2602,0,0,1,5,1,0,1571,953,78
650.201,0,46093312,repair,59,3.83407e+07,3.83086e+07,2826,3,11,8,21,16,0,1665,1102,59
650.273,1,46689280,repair,0,2.63209e+07,2.63116e+07,2411,0,0,0,0,0,0,1471,877,63
650.461,0,46114816,repair,22,3.22248e+07,3.22232e+07,2659,1,2,6,8,5,0,1636,968,55
650.529,1,46708736,repair,0,1.61718e+07,1.61589e+07,1934,0,0,0,0,0,0,1247,646,41
650.715,0,46135296,repair,7,2.44117e+07,2.43941e+07,2375,1,0,1,5,0,0,1522,798,55
650.794,1,46724096,windows,0,1.10192e+07,1.10074e+07,1607,0,0,0,0,0,0,1034,530,43
650.973,0,46156800,repair,1,1.9918e+07,1.99163e+07,2121,0,0,0,0,1,0,1313,748,60
651.055,1,46740480,windows,0,7.77396e+06,7.77303e+06,1366,0,0,0,0,0,0,911,424,31
651.233,0,46179328,repair,1,1.13501e+07,1.1333e+07,1642,0,0,0,0,1,0,1078,524,40
651.314,1,46756864,windows,0,5.7067e+06,5.70169e+06,1186,0,0,0,0,0,0,801,351,34
651.489,0,46199808,windows,0,8.71458e+06,8.70883e+06,1437,0,0,0,0,0,0,941,461,35
651.573,1,46770176,windows,0,4.57082e+06,4.56025e+06,1055,0,0,0,0,0,0,717,315,23
651.74,0,46217216,windows,0,6.4763e+06,6.47529e+06,1244,0,0,0,0,0,0,815,395,34
651.829,1,46785536,windows,0,3.28283e+06,3.27428e+06,879,0,0,0,0,0,0,576,284,19
652.001,0,46234624,windows,0,4.49477e+06,4.48779e+06,1052,0,0,0,0,0,0,716,309,27
652.091,1,46801920,windows,0,2.46432e+06,2.4617e+06,775,0,0,0,0,0,0,525,232,18
652.254,0,46252032,windows,0,3.26298e+06,3.26298e+06,887,0,0,0,0,0,0,589,275,23
652.344,1,46816256,windows,0,2.00135e+06,1.99838e+06,710,0,0,0,0,0,0,506,189,15
652.513,0,46268416,windows,0,2.41638e+06,2.41638e+06,774,0,0,0,0,0,0,531,223,20
652.605,1,46831616,windows,0,1.54112e+06,1.53745e+06,622,0,0,0,0,0,0,444,166,12
652.776,0,46285824,windows,0,1.76148e+06,1.76095e+06,659,0,0,0,0,0,0,447,194,18
652.87,1,46848000,windows,0,1.13852e+06,1.13336e+06,529,0,0,0,0,0,0,367,152,10
653.031,0,46303232,windows,0,1.2404e+06,1.23725e+06,557,0,0,0,0,0,0,383,158,16
653.135,1,46864384,windows,0,835240,835240,459,0,0,0,0,0,0,322,125,12
653.288,0,46319616,windows,0,937900,935285,485,0,0,0,0,0,0,344,131,10
653.389,1,46880768,windows,0,650195,649812,408,0,0,0,0,0,0,287,108,13
653.551,0,46337024,windows,0,698065,698065,416,0,0,0,0,0,0,287,119,10
653.653,1,46897152,windows,0,521625,521212,362,0,0,0,0,0,0,243,105,14
653.812,0,46354432,windows,0,505460,503485,355,0,0,0,0,0,0,248,99,8
653.904,1,46912512,windows,0,419075,416838,322,0,0,0,0,0,0,215,96,11
654.065,0,46371840,windows,0,373970,373011,296,0,0,0,0,0,0,192,97,7
654.158,1,46927872,windows,0,313865,313865,276,0,0,0,0,0,0,183,85,8
654.327,0,46389248,windows,0,304505,304332,274,0,0,0,0,0,0,189,79,6
654.415,1,46943232,windows,0,261800,260851,261,0,0,0,0,0,0,190,63,8
654.586,0,46406656,windows,0,237090,237090,242,0,0,0,0,0,0,168,69,5
654.666,1,46959616,windows,0,224005,221846,237,0,0,0,0,0,0,161,68,8
654.848,0,46425088,windows,0,183330,181356,210,0,0,0,0,0,0,144,63,3
654.92,1,46976000,windows,0,180020,179788,213,0,0,0,0,0,0,144,61,8
655.114,0,46442496,windows,0,130870,130788,178,0,0,0,0,0,0,122,53,3
655.176,1,46992384,windows,0,131195,130160,182,0,0,0,0,0,0,123,52,7
655.373,0,46460928,windows,0,97585,97585,156,0,0,0,0,0,0,113,41,2
655.44,1,47009792,windows,0,103570,102595,160,0,0,0,0,0,0,104,49,7
655.635,0,46481408,windows,0,78060,77551.2,140,0,0,0,0,0,0,102,36,2
655.703,1,47026176,windows,0,87970,87970,146,0,0,0,0,0,0,92,47,7
655.892,0,46501888,windows,0,60635,60552.5,122,0,0,0,0,0,0,83,36,3
655.962,1,47042560,windows,0,76325,76325,139,0,0,0,0,0,0,93,40,6
656.143,0,46521344,windows,0,49630,48616.2,111,0,0,0,0,0,0,76,32,3
656.214,1,47058944,windows,0,69205,68410,131,0,0,0,0,0,0,85,40,6
656.395,0,46539776,windows,0,40615,40532.5,99,0,0,0,0,0,0,65,31,3
656.478,1,47076352,windows,0,56000,55611.2,119,0,0,0,0,0,0,78,35,6
656.652,0,46559232,windows,0,35525,35525,91,0,0,0,0,0,0,59,30,2
656.738,1,47093760,windows,0,50845,49806.2,113,0,0,0,0,0,0,73,34,6
656.907,0,46578688,windows,0,26705,26652.5,78,0,0,0,0,0,0,49,27,2
657.002,1,47111168,windows,0,46645,45636.2,107,0,0,0,0,0,0,67,34,6
657.159,0,46596096,windows,0,23200,22652.5,73,0,0,0,0,0,0,46,25,2
657.257,1,47127552,windows,0,43340,43011.2,104,0,0,0,0,0,0,66,32,6
657.414,0,46614528,windows,0,20380,20327.5,69,0,0,0,0,0,0,44,23,2
657.509,1,47143936,windows,0,38925,38611.2,99,0,0,0,0,0,0,63,30,6
657.667,0,46631936,windows,0,18620,18567.5,66,0,0,0,0,0,0,42,22,2
657.769,1,47160320,windows,0,35900,35611.2,94,0,0,0,0,0,0,58,30,6
657.92,0,46648320,windows,0,17800,17548.8,64,0,0,0,0,0,0,40,22,2
658.032,1,47177728,windows,0,34120,33545,91,0,0,0,0,0,0,58,29,4
658.176,0,46665728,windows,0,15925,15872.5,59,0,0,0,0,0,0,35,22,2
658.292,1,47195136,windows,0,33545,32686.2,90,0,0,0,0,0,0,57,29,4
658.433,0,46683136,windows,0,15245,15192.5,57,0,0,0,0,0,0,33,22,2
658.542,1,47211520,windows,0,31840,31561.2,88,0,0,0,0,0,0,56,28,4
658.686,0,46699520,windows,0,15245,15192.5,57,0,0,0,0,0,0,33,22,2
658.794,1,47227904,windows,0,28045,28045,83,0,0,0,0,0,0,53,26,4
658.937,0,46716928,windows,0,13745,13692.5,54,0,0,0,0,0,0,31,21,2
659.054,1,47245312,windows,0,27025,27025,82,0,0,0,0,0,0,53,25,4
659.189,0,46734336,windows,0,13745,13692.5,54,0,0,0,0,0,0,31,21,2
659.309,1,47262720,windows,0,26045,26045,81,0,0,0,0,0,0,53,24,4
659.443,0,46752768,windows,0,13745,13692.5,54,0,0,0,0,0,0,31,21,2
659.57,1,47280128,windows,0,25520,25520,80,0,0,0,0,0,0,52,24,4
659.702,0,46770176,windows,0,13440,12823.8,53,0,0,0,0,0,0,30,21,2
659.835,1,47297536,windows,0,24005,23761.2,77,0,0,0,0,0,0,49,24,4
659.954,0,46787584,windows,0,13440,12823.8,53,0,0,0,0,0,0,30,21,2
660.096,1,47313920,windows,0,23520,23520,76,0,0,0,0,0,0,48,24,4
660.208,0,46804992,windows,0,13145,12533.8,52,0,0,0,0,0,0,29,21,2
660.364,1,47330304,windows,0,23045,23045,75,0,0,0,0,0,0,47,24,4
660.458,0,46822400,windows,0,13145,12533.8,52,0,0,0,0,0,0,29,21,2
660.616,1,47345664,windows,0,21680,21205,72,0,0,0,0,0,0,44,24,4
660.718,0,46838784,windows,0,12860,12392.5,51,0,0,0,0,0,0,28,21,2
660.875,1,47362048,windows,0,20820,20345,70,0,0,0,0,0,0,42,24,4
660.969,0,46856192,windows,0,12380,12158.8,54,0,0,0,0,0,0,34,18,2
661.132,1,47378432,windows,0,20405,19930,69,0,0,0,0,0,0,41,24,4
661.224,0,46873600,windows,0,10400,10012.5,49,0,0,0,0,0,0,30,17,2
661.392,1,47394816,windows,0,20000,19525,68,0,0,0,0,0,0,40,24,4
661.489,0,46891008,windows,0,10105,9573.75,48,0,0,0,0,0,0,29,17,2
661.649,1,47410176,windows,0,20000,19525,68,0,0,0,0,0,0,40,24,4
661.74,0,46907392,windows,0,10105,9573.75,48,0,0,0,0,0,0,29,17,2
661.909,1,47427584,windows,0,19605,18936.2,67,0,0,0,0,0,0,39,24,4
661.998,0,46924800,windows,0,9280,8892.5,45,0,0,0,0,0,0,26,17,2
662.167,1,47443968,windows,0,19605,18936.2,67,0,0,0,0,0,0,39,24,4
662.263,0,46943232,windows,0,8620,8567.5,44,0,0,0,0,0,0,26,16,2
662.427,1,47460352,windows,0,18850,18395,66,0,0,0,0,0,0,40,23,3
662.516,0,46956544,windows,0,8620,8567.5,44,0,0,0,0,0,0,26,16,2
662.684,1,47476736,windows,0,17950,17515,65,0,0,0,0,0,0,40,22,3
662.777,0,46974976,windows,0,8620,8567.5,44,0,0,0,0,0,0,26,16,2
662.949,1,47494144,windows,0,17090,17090,64,0,0,0,0,0,0,40,21,3
663.04,0,46994432,windows,0,8620,8567.5,44,0,0,0,0,0,0,26,16,2
663.205,1,47510528,windows,0,15875,15875,62,0,0,0,0,0,0,39,20,3
663.292,0,47011840,windows,0,8620,8567.5,44,0,0,0,0,0,0,26,16,2
663.469,1,47528960,windows,0,15115,14720,60,0,0,0,0,0,0,37,20,3
663.556,0,47030272,windows,0,8620,8567.5,44,0,0,0,0,0,0,26,16,2
663.734,1,47546368,windows,0,15115,14720,60,0,0,0,0,0,0,37,20,3
663.807,0,47046656,windows,0,7745,7692.5,42,0,0,0,0,0,0,25,15,2
663.985,1,47563776,windows,0,15115,14720,60,0,0,0,0,0,0,37,20,3
664.058,0,47063040,windows,0,7265,7212.5,40,0,0,0,0,0,0,23,15,2
664.236,1,47581184,windows,0,15115,14720,60,0,0,0,0,0,0,37,20,3
664.311,0,47080448,windows,0,7265,7212.5,40,0,0,0,0,0,0,23,15,2
664.492,1,47598592,windows,0,14750,14355,59,0,0,0,0,0,0,36,20,3
664.566,0,47096832,windows,0,7265,7212.5,40,0,0,0,0,0,0,23,15,2
664.749,1,47617024,windows,0,14050,13486.2,57,0,0,0,0,0,0,34,20,3
664.821,0,47113216,windows,0,7265,7212.5,40,0,0,0,0,0,0,23,15,2
665.013,1,47635456,windows,0,12875,12875,56,0,0,0,0,0,0,35,18,3
665.076,0,47131648,windows,0,7265,7212.5,40,0,0,0,0,0,0,23,15,2
665.267,1,47652864,windows,0,12530,12530,55,0,0,0,0,0,0,34,18,3
665.329,0,47149056,windows,0,7265,7212.5,40,0,0,0,0,0,0,23,15,2
665.527,1,47671296,windows,0,11870,11870,53,0,0,0,0,0,0,32,18,3
665.589,0,47167488,windows,0,7265,7212.5,40,0,0,0,0,0,0,23,15,2
665.788,1,47691776,windows,0,11495,11495,53,0,0,0,0,0,0,33,17,3
665.84,0,47184896,windows,0,7265,7212.5,40,0,0,0,0,0,0,23,15,2
666.047,1,47714304,windows,0,11495,11495,53,0,0,0,0,0,0,33,17,3
666.091,0,47204352,windows,0,7265,7212.5,40,0,0,0,0,0,0,23,15,2
666.307,1,47735808,windows,0,11495,11495,53,0,0,0,0,0,0,33,17,3
666.342,0,47221760,windows,0,7265,7212.5,40,0,0,0,0,0,0,23,15,2
666.562,1,47757312,windows,0,11495,11495,53,0,0,0,0,0,0,33,17,3
666.597,0,47238144,windows,0,7265,7212.5,40,0,0,0,0,0,0,23,15,2
666.819,1,47779840,windows,0,11170,11011.2,52,0,0,0,0,0,0,32,17,3
666.855,0,47254528,windows,0,7265,7212.5,40,0,0,0,0,0,0,23,15,2
667.078,1,47801344,windows,0,11170,11011.2,52,0,0,0,0,0,0,32,17,3
667.113,0,47271936,windows,0,7265,7212.5,40,0,0,0,0,0,0,23,15,2
667.339,1,47823872,windows,0,10855,10701.2,51,0,0,0,0,0,0,31,17,3
667.368,0,47289344,windows,0,7265,7212.5,40,0,0,0,0,0,0,23,15,2
667.597,1,47846400,windows,0,9890,9741.25,49,0,0,0,0,0,0,30,16,3
667.634,0,47306752,windows,0,1885,1885,19,0,0,0,0,0,0,11,8,0
667.853,1,47868928,windows,0,9890,9741.25,49,0,0,0,0,0,0,30,16,3
667.892,0,47324160,windows,0,1885,1885,19,0,0,0,0,0,0,11,8,0
668.109,1,47891456,windows,0,9890,9741.25,49,0,0,0,0,0,0,30,16,3
668.152,0,47340544,windows,0,1885,1885,19,0,0,0,0,0,0,11,8,0
668.359,1,47912960,windows,0,9890,9741.25,49,0,0,0,0,0,0,30,16,3
668.413,0,47357952,windows,0,1885,1885,19,0,0,0,0,0,0,11,8,0
668.612,1,47935488,windows,0,8995,8995,48,0,0,0,0,0,0,31,14,3
668.664,0,47374336,windows,0,1780,1780,18,0,0,0,0,0,0,10,8,0
668.869,1,47958016,windows,0,8455,8455,47,0,0,0,0,0,0,31,13,3
668.927,0,47390720,windows,0,1780,1780,18,0,0,0,0,0,0,10,8,0
669.127,1,47975424,windows,0,8455,8455,47,0,0,0,0,0,0,31,13,3
669.178,0,47407104,windows,0,1780,1780,18,0,0,0,0,0,0,10,8,0
669.38,1,47992832,windows,0,7855,7711.25,45,0,0,0,0,0,0,29,13,3
669.436,0,47424512,windows,0,1780,1780,18,0,0,0,0,0,0,10,8,0
669.64,1,48010240,windows,0,7295,7161.25,43,0,0,0,0,0,0,27,13,3
669.706,0,47440896,windows,0,1780,1780,18,0,0,0,0,0,0,10,8,0
669.903,1,48027648,windows,0,6775,6775,41,0,0,0,0,0,0,25,13,3
669.961,0,47457280,windows,0,1780,1780,18,0,0,0,0,0,0,10,8,0
670.167,1,48046080,windows,0,6775,6775,41,0,0,0,0,0,0,25,13,3
670.222,0,47474688,windows,0,1780,1780,18,0,0,0,0,0,0,10,8,0
670.425,1,48063488,windows,0,6775,6775,41,0,0,0,0,0,0,25,13,3
670.481,0,47491072,windows,0,1780,1780,18,0,0,0,0,0,0,10,8,0
670.683,1,48080896,windows,0,6775,6775,41,0,0,0,0,0,0,25,13,3
670.738,0,47507456,windows,0,1780,1780,18,0,0,0,0,0,0,10,8,0
670.939,1,48098304,windows,0,6775,6775,41,0,0,0,0,0,0,25,13,3
671.004,0,47525888,windows,0,1780,1780,18,0,0,0,0,0,0,10,8,0
671.194,1,48114688,windows,0,1780,1780,18,0,0,0,0,0,0,10,8,0
671.261,0,47543296,repair,0,1780,1780,18,0,0,0,0,0,0,10,8,0
671.452,1,48132096,windows,0,1780,1780,18,0,0,0,0,0,0,10,8,0
671.513,0,47558656,windows,0,1780,1780,18,0,0,0,0,0,0,10,8,0
671.716,1,48148480,windows,0,1780,1780,18,0,0,0,0,0,0,10,8,0
671.77,0,47575040,windows,0,1780,1780,18,0,0,0,0,0,0,10,8,0
671.969,1,48165888,windows,0,1780,1780,18,0,0,0,0,0,0,10,8,0
672.025,0,47591424,windows,0,1780,1780,18,0,0,0,0,0,0,10,8,0
672.232,1,48183296,windows,0,1780,1780,18,0,0,0,0,0,0,10,8,0
672.282,0,47606784,windows,0,1780,1780,18,0,0,0,0,0,0,10,8,0
672.485,1,48200704,windows,0,1780,1780,18,0,0,0,0,0,0,10,8,0
672.535,0,47622144,windows,0,1780,1780,18,0,0,0,0,0,0,10,8,0
672.744,1,48219136,windows,0,1780,1780,18,0,0,0,0,0,0,10,8,0
672.79,0,47638528,windows,0,1780,1780,18,0,0,0,0,0,0,10,8,0
673.002,1,48239616,windows,0,1780,1780,18,0,0,0,0,0,0,10,8,0
673.046,0,47654912,windows,0,1780,1780,18,0,0,0,0,0,0,10,8,0
673.253,1,48261120,windows,0,1780,1780,18,0,0,0,0,0,0,10,8,0
673.296,0,47671296,repair,0,1780,1780,18,0,0,0,0,0,0,10,8,0
673.514,1,48280576,repair,0,1780,1780,18,0,0,0,0,0,0,10,8,0
673.558,0,47689728,repair,0,1780,1780,18,0,0,0,0,0,0,10,8,0
673.766,1,48297984,windows,0,1780,1780,18,0,0,0,0,0,0,10,8,0
673.811,0,47707136,windows,0,1780,1780,18,0,0,0,0,0,0,10,8,0
674.017,1,48316416,windows,0,1780,1780,18,0,0,0,0,0,0,10,8,0
674.063,0,47725568,windows,0,1780,1780,18,0,0,0,0,0,0,10,8,0
674.276,1,48335872,windows,0,1780,1780,18,0,0,0,0,0,0,10,8,0
674.321,0,47745024,windows,0,1780,1780,18,0,0,0,0,0,0,10,8,0
674.535,1,48355328,windows,0,1780,1780,18,0,0,0,0,0,0,10,8,0
674.578,0,47763456,windows,0,1780,1780,18,0,0,0,0,0,0,10,8,0
674.788,1,48373760,windows,0,1780,1780,18,0,0,0,0,0,0,10,8,0
674.835,0,47780864,windows,0,1780,1780,18,0,0,0,0,0,0,10,8,0
675.048,1,48392192,windows,0,1780,1780,18,0,0,0,0,0,0,10,8,0
675.089,0,47799296,windows,0,1780,1780,18,0,0,0,0,0,0,10,8,0
675.304,1,48412672,windows,0,1780,1780,18,0,0,0,0,0,0,10,8,0
675.346,0,47819776,windows,0,1780,1780,18,0,0,0,0,0,0,10,8,0
675.561,1,48433152,windows,0,1780,1780,18,0,0,0,0,0,0,10,8,0
675.608,0,47837184,windows,0,1780,1780,18,0,0,0,0,0,0,10,8,0
675.811,1,48452608,windows,0,1780,1780,18,0,0,0,0,0,0,10,8,0
675.869,0,47853568,windows,0,1780,1780,18,0,0,0,0,0,0,10,8,0
676.075,1,48472064,windows,0,1780,1780,18,0,0,0,0,0,0,10,8,0
676.122,0,47872000,windows,0,1780,1780,18,0,0,0,0,0,0,10,8,0
676.337,1,48491520,windows,0,1780,1780,18,0,0,0,0,0,0,10,8,0
676.383,0,47890432,windows,0,1780,1780,18,0,0,0,0,0,0,10,8,0
676.598,1,48510976,windows,0,1780,1780,18,0,0,0,0,0,0,10,8,0
676.646,0,47906816,windows,0,1780,1780,18,0,0,0,0,0,0,10,8,0
676.852,1,48529408,windows,0,1780,1780,18,0,0,0,0,0,0,10,8,0
676.902,0,47923200,windows,0,1780,1780,18,0,0,0,0,0,0,10,8,0
677.114,1,48549888,windows,0,1780,1780,18,0,0,0,0,0,0,10,8,0
677.161,0,47940608,repair,0,1780,1780,18,0,0,0,0,0,0,10,8,0
677.369,1,48568320,windows,0,1780,1780,18,0,0,0,0,0,0,10,8,0
677.422,0,47959040,windows,0,1780,1780,18,0,0,0,0,0,0,10,8,0
677.625,1,48586752,windows,0,1780,1780,18,0,0,0,0,0,0,10,8,0
677.685,0,47976448,windows,0,1780,1780,18,0,0,0,0,0,0,10,8,0
677.88,1,48605184,repair,0,1780,1780,18,0,0,0,0,0,0,10,8,0
677.949,0,47993856,windows,0,1780,1780,18,0,0,0,0,0,0,10,8,0
678.132,1,48623616,repair,0,1780,1780,18,0,0,0,0,0,0,10,8,0
678.203,0,48010240,windows,0,1780,1780,18,0,0,0,0,0,0,10,8,0
678.39,1,48643072,windows,0,1780,1780,18,0,0,0,0,0,0,10,8,0
678.463,0,48026624,windows,0,1780,1780,18,0,0,0,0,0,0,10,8,0
678.647,1,48662528,windows,0,1780,1780,18,0,0,0,0,0,0,10,8,0
678.718,0,48041984,windows,0,1780,1780,18,0,0,0,0,0,0,10,8,0
678.899,1,48681984,windows,0,1780,1780,18,0,0,0,0,0,0,10,8,0
678.981,0,48058368,windows,0,1780,1780,18,0,0,0,0,0,0,10,8,0
679.152,1,48700416,windows,0,1780,1780,18,0,0,0,0,0,0,10,8,0
679.246,0,48074752,windows,0,1780,1780,18,0,0,0,0,0,0,10,8,0
679.408,1,48718848,windows,0,1780,1780,18,0,0,0,0,0,0,10,8,0
679.51,0,48091136,windows,0,1780,1780,18,0,0,0,0,0,0,10,8,0
679.672,1,48738304,windows,0,1780,1780,18,0,0,0,0,0,0,10,8,0
679.768,0,48104448,windows,0,1780,1780,18,0,0,0,0,0,0,10,8,0
679.938,1,48756736,windows,0,1780,1780,18,0,0,0,0,0,0,10,8,0
680.029,0,48119808,windows,0,1780,1780,18,0,0,0,0,0,0,10,8,0
680.2,1,48775168,windows,0,1780,1780,18,0,0,0,0,0,0,10,8,0
680.28,0,48137216,windows,0,1780,1780,18,0,0,0,0,0,0,10,8,0
680.454,1,48793600,windows,0,1780,1780,18,0,0,0,0,0,0,10,8,0
680.541,0,48154624,windows,0,1780,1780,18,0,0,0,0,0,0,10,8,0
680.71,1,48812032,windows,0,1780,1780,18,0,0,0,0,0,0,10,8,0
680.798,0,48172032,windows,0,1780,1780,18,0,0,0,0,0,0,10,8,0
680.965,1,48831488,windows,0,1780,1780,18,0,0,0,0,0,0,10,8,0
681.049,0,48190464,windows,0,1780,1780,18,0,0,0,0,0,0,10,8,0
681.223,1,48851968,windows,0,1780,1780,18,0,0,0,0,0,0,10,8,0
681.314,0,48209920,windows,0,1780,1780,18,0,0,0,0,0,0,10,8,0
681.475,1,48870400,windows,0,1780,1780,18,0,0,0,0,0,0,10,8,0
681.573,0,48228352,windows,0,1780,1780,18,0,0,0,0,0,0,10,8,0
681.726,1,48887808,repair,0,1780,1780,18,0,0,0,0,0,0,10,8,0
681.831,0,48247808,windows,0,1780,1780,18,0,0,0,0,0,0,10,8,0
681.977,1,48908288,windows,0,1780,1780,18,0,0,0,0,0,0,10,8,0
682.09,0,48266240,windows,0,1780,1780,18,0,0,0,0,0,0,10,8,0
682.235,1,48926720,windows,0,1780,1780,18,0,0,0,0,0,0,10,8,0
682.35,0,48284672,repair,0,1780,1780,18,0,0,0,0,0,0,10,8,0
682.497,1,48945152,windows,0,1780,1780,18,0,0,0,0,0,0,10,8,0
682.602,0,48301056,repair,0,1780,1780,18,0,0,0,0,0,0,10,8,0
682.762,1,48962560,windows,0,1780,1780,18,0,0,0,0,0,0,10,8,0
682.854,0,48316416,windows,0,1780,1780,18,0,0,0,0,0,0,10,8,0
683.017,1,48979968,windows,0,1780,1780,18,0,0,0,0,0,0,10,8,0
683.105,0,48332800,windows,0,1780,1780,18,0,0,0,0,0,0,10,8,0
683.281,1,48997376,windows,0,1780,1780,18,0,0,0,0,0,0,10,8,0
683.365,0,48348160,windows,0,1780,1780,18,0,0,0,0,0,0,10,8,0
683.545,1,49013760,windows,0,1780,1780,18,0,0,0,0,0,0,10,8,0
683.628,0,48364544,windows,0,1780,1780,18,0,0,0,0,0,0,10,8,0
683.806,1,49031168,repair,0,1780,1780,18,0,0,0,0,0,0,10,8,0
683.882,0,48379904,windows,0,1780,1780,18,0,0,0,0,0,0,10,8,0
684.06,1,49049600,windows,0,1780,1780,18,0,0,0,0,0,0,10,8,0
684.145,0,48397312,windows,0,1780,1780,18,0,0,0,0,0,0,10,8,0
684.314,1,49067008,windows,0,1780,1780,18,0,0,0,0,0,0,10,8,0
684.403,0,48414720,windows,0,1780,1780,18,0,0,0,0,0,0,10,8,0
684.57,1,49084416,windows,0,1780,1780,18,0,0,0,0,0,0,10,8,0
684.656,0,48431104,windows,0,1780,1780,18,0,0,0,0,0,0,10,8,0
684.83,1,49102848,windows,0,1780,1780,18,0,0,0,0,0,0,10,8,0
684.919,0,48449536,windows,0,1780,1780,18,0,0,0,0,0,0,10,8,0
685.088,1,49122304,windows,0,1780,1780,18,0,0,0,0,0,0,10,8,0
685.174,0,48467968,windows,0,1780,1780,18,0,0,0,0,0,0,10,8,0
685.34,1,49140736,windows,0,1780,1780,18,0,0,0,0,0,0,10,8,0
685.435,0,48486400,windows,0,1780,1780,18,0,0,0,0,0,0,10,8,0
685.601,1,49159168,windows,0,1780,1780,18,0,0,0,0,0,0,10,8,0
685.695,0,48501760,windows,0,1780,1780,18,0,0,0,0,0,0,10,8,0
685.856,1,49176576,windows,0,1780,1780,18,0,0,0,0,0,0,10,8,0
685.954,0,48517120,windows,0,1780,1780,18,0,0,0,0,0,0,10,8,0
686.113,1,49195008,windows,0,1780,1780,18,0,0,0,0,0,0,10,8,0
686.218,0,48532480,windows,0,1780,1780,18,0,0,0,0,0,0,10,8,0
686.375,1,49213440,windows,0,1780,1780,18,0,0,0,0,0,0,10,8,0
686.488,0,48547840,windows,0,1780,1780,18,0,0,0,0,0,0,10,8,0
686.64,1,49231872,windows,0,1780,1780,18,0,0,0,0,0,0,10,8,0
686.754,0,48564224,windows,0,1780,1780,18,0,0,0,0,0,0,10,8,0
686.896,1,49249280,windows,0,1780,1780,18,0,0,0,0,0,0,10,8,0
687.019,0,48580608,windows,0,1780,1780,18,0,0,0,0,0,0,10,8,0
687.147,1,49266688,windows,0,1780,1780,18,0,0,0,0,0,0,10,8,0
687.279,0,48595968,windows,0,1780,1780,18,0,0,0,0,0,0,10,8,0
687.409,1,49285120,repair,0,1780,1780,18,0,0,0,0,0,0,10,8,0
687.538,0,48610304,repair,354,6.59092e+07,6.59058e+07,3536,20,77,47,133,77,0,1950,1474,112
687.662,1,49303552,repair,0,1780,1780,18,0,0,0,0,0,0,10,8,0
687.795,0,48629760,repair,240,6.26262e+07,6.26227e+07,3482,20,58,39,85,38,0,1904,1463,115
687.919,1,49321984,windows,0,1780,1780,18,0,0,0,0,0,0,10,8,0
688.058,0,48650240,repair,163,5.14125e+07,5.13746e+07,3277,4,31,31,62,35,0,1906,1271,100
688.172,1,49340416,windows,0,1780,1780,18,0,0,0,0,0,0,10,8,0
688.324,0,48668672,repair,97,4.92733e+07,4.92615e+07,3218,6,17,14,35,25,0,1901,1241,76
688.427,1,49358848,windows,0,1780,1780,18,0,0,0,0,0,0,10,8,0
688.577,0,48686080,repair,57,4.40245e+07,4.40221e+07,3049,2,7,11,23,14,0,1791,1177,81
688.682,1,49376256,windows,0,1780,1780,18,0,0,0,0,0,0,10,8,0
688.84,0,48703488,repair,30,3.82189e+07,3.81888e+07,2874,2,3,4,13,8,0,1722,1077,75
688.933,1,49393664,windows,0,1780,1780,18,0,0,0,0,0,0,10,8,0
689.104,0,48720896,repair,10,3.12709e+07,3.12632e+07,2594,0,1,0,9,0,0,1543,980,71
689.192,1,49411072,windows,0,1780,1780,18,0,0,0,0,0,0,10,8,0
689.364,0,48737280,repair,2,2.15917e+07,2.15673e+07,2194,0,0,1,1,0,0,1338,791,65
689.448,1,49428480,windows,0,1780,1780,18,0,0,0,0,0,0,10,8,0
689.625,0,48754688,windows,0,1.58861e+07,1.58782e+07,1925,0,0,0,0,0,0,1214,648,63
689.707,1,49445888,windows,0,1780,1780,18,0,0,0,0,0,0,10,8,0
689.88,0,48770048,windows,0,1.11865e+07,1.11708e+07,1630,0,0,0,0,0,0,1064,523,43
689.964,1,49462272,windows,0,1780,1780,18,0,0,0,0,0,0,10,8,0
690.132,0,48785408,windows,0,8.197e+06,8.197e+06,1411,0,0,0,0,0,0,938,433,40
690.219,1,49479680,windows,0,1780,1780,18,0,0,0,0,0,0,10,8,0
690.392,0,48800768,windows,0,6.20992e+06,6.19718e+06,1222,0,0,0,0,0,0,803,384,35
690.469,1,49497088,repair,308,7.22044e+07,7.21628e+07,3661,17,59,57,115,60,0,1922,1596,143
690.647,0,48815104,windows,0,4.52509e+06,4.52169e+06,1038,0,0,0,0,0,0,680,331,27
690.722,1,49519616,repair,210,5.29592e+07,5.29501e+07,3253,15,33,32,87,43,0,1822,1321,110
690.909,0,48830464,windows,0,3.4482e+06,3.44281e+06,919,0,0,0,0,0,0,629,270,20
690.973,1,49541120,repair,129,4.8027e+07,4.80181e+07,3133,3,15,26,63,22,0,1781,1253,99
691.164,0,48845824,windows,0,2.6629e+06,2.65783e+06,818,0,0,0,0,0,0,574,224,20
691.231,1,49562624,repair,68,4.18724e+07,4.18614e+07,2996,4,13,10,26,15,0,1804,1126,66
691.418,0,48863232,windows,0,1.9984e+06,1.99554e+06,703,0,0,0,0,0,0,490,199,14
691.483,1,49584128,repair,29,3.55437e+07,3.55202e+07,2733,2,1,4,16,6,0,1594,1064,75
691.675,0,48879616,windows,0,1.44566e+06,1.43981e+06,601,0,0,0,0,0,0,420,167,14
691.735,1,49604608,repair,9,2.7187e+07,2.71671e+07,2466,0,0,1,6,2,0,1504,886,76
691.93,0,48896000,windows,0,1.09918e+06,1.09581e+06,524,0,0,0,0,0,0,362,148,14
691.993,1,49624064,windows,0,2.01027e+07,2.00861e+07,2138,0,0,0,0,0,0,1334,745,59
692.184,0,48911360,windows,0,861070,856936,465,0,0,0,0,0,0,332,124,9
692.251,1,49642496,windows,0,1.28678e+07,1.28564e+07,1741,0,0,0,0,0,0,1120,571,50
692.443,0,48928768,windows,0,647500,645185,400,0,0,0,0,0,0,274,116,10
692.505,1,49660928,windows,0,8.78413e+06,8.77016e+06,1444,0,0,0,0,0,0,944,463,37
692.694,0,48945152,windows,0,471325,469869,345,0,0,0,0,0,0,245,92,8
692.755,1,49678336,windows,0,6.47682e+06,6.46394e+06,1264,0,0,0,0,0,0,851,375,38
692.953,0,48960512,windows,0,339430,339430,294,0,0,0,0,0,0,206,79,9
693.008,1,49694720,windows,0,4.44586e+06,4.44586e+06,1027,0,0,0,0,0,0,668,331,28
693.216,0,48975872,windows,0,275570,274235,266,0,0,0,0,0,0,192,67,7
693.259,1,49712128,windows,0,3.12352e+06,3.12295e+06,866,0,0,0,0,0,0,579,268,19
693.471,0,48990208,windows,0,223520,222701,238,0,0,0,0,0,0,164,66,8
693.522,1,49730560,windows,0,2.34155e+06,2.34155e+06,755,0,0,0,0,0,0,516,224,15
693.725,0,49004544,windows,0,183220,182219,218,0,0,0,0,0,0,154,56,8
693.782,1,49748992,windows,0,1.78645e+06,1.78645e+06,660,0,0,0,0,0,0,448,197,15
693.978,0,49020928,windows,0,126820,126588,181,0,0,0,0,0,0,124,49,8
694.032,1,49765376,windows,0,1.22948e+06,1.2242e+06,553,0,0,0,0,0,0,391,152,10
694.234,0,49038336,windows,0,96695,96695,159,0,0,0,0,0,0,111,41,7
694.286,1,49782784,windows,0,928555,926619,476,0,0,0,0,0,0,323,142,11
694.51,0,49056768,windows,0,83215,83215,149,0,0,0,0,0,0,107,35,7
694.536,1,49800192,windows,0,694530,692255,417,0,0,0,0,0,0,294,114,9
694.765,0,49072128,windows,0,73465,73465,140,0,0,0,0,0,0,97,35,8
694.79,1,49817600,windows,0,510100,507972,359,0,0,0,0,0,0,256,95,8
695.021,0,49088512,windows,0,60645,60241.2,125,0,0,0,0,0,0,81,36,8
695.044,1,49835008,windows,0,362565,360838,303,0,0,0,0,0,0,219,78,6
695.281,0,49106944,windows,0,47870,47235,111,0,0,0,0,0,0,72,32,7
695.298,1,49853440,windows,0,276930,275435,264,0,0,0,0,0,0,180,75,9
695.532,0,49126400,windows,0,38770,38770,100,0,0,0,0,0,0,64,29,7
695.561,1,49873920,windows,0,205280,204025,227,0,0,0,0,0,0,158,63,6
695.794,0,49146880,windows,0,33970,33681.2,93,0,0,0,0,0,0,58,28,7
695.817,1,49894400,windows,0,164060,164060,203,0,0,0,0,0,0,140,57,6
696.051,0,49167360,windows,0,28115,28115,86,0,0,0,0,0,0,55,24,7
696.07,1,49913856,windows,0,117335,117132,171,0,0,0,0,0,0,113,51,7
696.309,0,49187840,windows,0,25555,25281.2,82,0,0,0,0,0,0,55,22,5
696.326,1,49934336,windows,0,100205,100032,157,0,0,0,0,0,0,103,48,6
696.563,0,49206272,windows,0,23345,22930,78,0,0,0,0,0,0,53,21,4
696.581,1,49952768,windows,0,85760,84925,146,0,0,0,0,0,0,100,42,4
696.814,0,49224704,windows,0,22525,21866.2,77,0,0,0,0,0,0,53,20,4
696.835,1,49971200,windows,0,72395,72395,134,0,0,0,0,0,0,93,38,3
697.071,0,49244160,windows,0,20200,19951.2,73,0,0,0,0,0,0,50,19,4
697.092,1,49990656,windows,0,62690,62291.2,122,0,0,0,0,0,0,80,39,3
697.334,0,49264640,windows,0,18745,18370,70,0,0,0,0,0,0,47,19,4
697.343,1,50010112,windows,0,54525,53697.5,115,0,0,0,0,0,0,75,36,4
697.585,0,49282048,windows,0,18005,18005,69,0,0,0,0,0,0,47,18,4
697.606,1,50029568,windows,0,52360,51552.5,113,0,0,0,0,0,0,74,35,4
697.845,0,49300480,windows,0,17380,17380,67,0,0,0,0,0,0,44,19,4
697.859,1,50048000,windows,0,48100,47987.5,108,0,0,0,0,0,0,70,34,4
698.105,0,49319936,windows,0,15080,14871.2,63,0,0,0,0,0,0,42,17,4
698.113,1,50066432,windows,0,39280,38612.5,100,0,0,0,0,0,0,68,28,4
698.36,0,49339392,windows,0,12995,12995,58,0,0,0,0,0,0,39,16,3
698.368,1,50085888,windows,0,36520,36520,95,0,0,0,0,0,0,62,29,4
698.619,0,49359872,windows,0,11990,11990,56,0,0,0,0,0,0,38,15,3
698.629,1,50106368,windows,0,34160,33492.5,92,0,0,0,0,0,0,60,28,4
698.871,0,49380352,windows,0,11990,11990,56,0,0,0,0,0,0,38,15,3
698.885,1,50127872,windows,0,29680,29567.5,86,0,0,0,0,0,0,56,26,4
699.122,0,49399808,windows,0,11615,11053.8,55,0,0,0,0,0,0,37,15,3
699.142,1,50148352,windows,0,28045,27932.5,83,0,0,0,0,0,0,53,26,4
699.379,0,49419264,windows,0,11250,10872.5,54,0,0,0,0,0,0,36,15,3
699.394,1,50166784,windows,0,26500,26387.5,80,0,0,0,0,0,0,50,26,4
699.64,0,49439744,windows,0,10895,10517.5,53,0,0,0,0,0,0,35,15,3
699.651,1,50186240,windows,0,23520,23407.5,76,0,0,0,0,0,0,48,24,4
699.893,0,49460224,windows,0,10895,10517.5,53,0,0,0,0,0,0,35,15,3
699.902,1,50205696,windows,0,23065,22708.8,76,0,0,0,0,0,0,49,23,4
700.152,0,49477632,windows,0,10550,10172.5,52,0,0,0,0,0,0,34,15,3
700.159,1,50225152,windows,0,21640,21527.5,73,0,0,0,0,0,0,46,23,4
700.405,0,49495040,windows,0,10550,10172.5,52,0,0,0,0,0,0,34,15,3
700.415,1,50245632,windows,0,21185,21072.5,72,0,0,0,0,0,0,45,23,4
700.663,0,49511424,windows,0,10165,9663.75,51,0,0,0,0,0,0,35,14,2
700.666,1,50265088,windows,0,20740,20627.5,71,0,0,0,0,0,0,44,23,4
700.92,0,49528832,windows,0,10165,9663.75,51,0,0,0,0,0,0,35,14,2
700.928,1,50284544,windows,0,20740,20627.5,71,0,0,0,0,0,0,44,23,4
701.179,0,49546240,windows,0,10165,9663.75,51,0,0,0,0,0,0,35,14,2
701.19,1,50304000,windows,0,20305,20192.5,70,0,0,0,0,0,0,43,23,4
701.443,0,49563648,windows,0,9820,9323.75,50,0,0,0,0,0,0,34,14,2
701.449,1,50322432,windows,0,20305,20192.5,70,0,0,0,0,0,0,43,23,4
701.7,0,49580032,windows,0,9485,8993.75,49,0,0,0,0,0,0,33,14,2
701.711,1,50339840,windows,0,20305,20192.5,70,0,0,0,0,0,0,43,23,4
701.957,0,49594368,windows,0,9160,8673.75,48,0,0,0,0,0,0,32,14,2
701.962,1,50358272,windows,0,19880,19312.5,69,0,0,0,0,0,0,42,23,4
702.207,0,49609728,windows,0,9160,8673.75,48,0,0,0,0,0,0,32,14,2
702.228,1,50376704,windows,0,18120,17798.8,67,0,0,0,0,0,0,42,21,4
702.462,0,49627136,windows,0,9160,8673.75,48,0,0,0,0,0,0,32,14,2
702.48,1,50395136,windows,0,17090,16798.8,65,0,0,0,0,0,0,42,20,3
702.716,0,49642496,windows,0,8540,8338.75,46,0,0,0,0,0,0,30,14,2
702.731,1,50412544,windows,0,15490,15407.5,62,0,0,0,0,0,0,40,19,3
702.972,0,49658880,windows,0,8540,8338.75,46,0,0,0,0,0,0,30,14,2
702.992,1,50432000,windows,0,15095,15012.5,61,0,0,0,0,0,0,39,19,3
703.241,0,49674240,windows,0,8245,7917.5,45,0,0,0,0,0,0,29,14,2
703.252,1,50451456,windows,0,14335,14252.5,59,0,0,0,0,0,0,37,19,3
703.498,0,49691648,windows,0,8245,7917.5,45,0,0,0,0,0,0,29,14,2
703.503,1,50470912,windows,0,14335,14252.5,59,0,0,0,0,0,0,37,19,3
703.755,1,50491392,windows,0,13615,13358.8,57,0,0,0,0,0,0,35,19,3
703.757,0,49709056,windows,0,8245,7917.5,45,0,0,0,0,0,0,29,14,2
704.009,0,49726464,windows,0,7685,7357.5,43,0,0,0,0,0,0,27,14,2
704.017,1,50513920,windows,0,12875,12618.8,56,0,0,0,0,0,0,35,18,3
704.27,0,49746944,windows,0,7685,7357.5,43,0,0,0,0,0,0,27,14,2
704.272,1,50535424,windows,0,12875,12618.8,56,0,0,0,0,0,0,35,18,3
704.521,0,49768448,windows,0,7420,7112.5,43,0,0,0,0,0,0,28,13,2
704.534,1,50556928,windows,0,12875,12618.8,56,0,0,0,0,0,0,35,18,3
704.775,0,49789952,windows,0,7145,7092.5,42,0,0,0,0,0,0,27,13,2
704.791,1,50577408,windows,0,12195,11757.5,54,0,0,0,0,0,0,33,18,3
705.032,0,49811456,windows,0,7145,7092.5,42,0,0,0,0,0,0,27,13,2
705.046,1,50597888,windows,0,11680,11680,53,0,0,0,0,0,0,34,17,2
705.293,0,49832960,windows,0,7145,7092.5,42,0,0,0,0,0,0,27,13,2
705.306,1,50619392,windows,0,11680,11680,53,0,0,0,0,0,0,34,17,2
705.543,0,49854464,windows,0,7145,7092.5,42,0,0,0,0,0,0,27,13,2
705.566,1,50640896,windows,0,10705,10705,50,0,0,0,0,0,0,31,17,2
705.796,0,49876992,windows,0,7145,7092.5,42,0,0,0,0,0,0,27,13,2
705.827,1,50659328,windows,0,10705,10705,50,0,0,0,0,0,0,31,17,2
706.05,0,49898496,windows,0,1780,1780,18,0,0,0,0,0,0,10,8,0
706.082,1,50679808,windows,0,10705,10705,50,0,0,0,0,0,0,31,17,2
706.31,0,49921024,windows,0,1780,1780,18,0,0,0,0,0,0,10,8,0
706.337,1,50700288,windows,0,10705,10705,50,0,0,0,0,0,0,31,17,2
706.571,0,49943552,windows,0,1780,1780,18,0,0,0,0,0,0,10,8,0
706.597,1,50720768,windows,0,10705,10705,50,0,0,0,0,0,0,31,17,2
706.83,0,49965056,windows,0,1780,1780,18,0,0,0,0,0,0,10,8,0
706.858,1,50741248,windows,0,1780,1780,18,0,0,0,0,0,0,10,8,0
707.088,0,49986560,windows,0,1780,1780,18,0,0,0,0,0,0,10,8,0
707.114,1,50760704,windows,0,1780,1780,18,0,0,0,0,0,0,10,8,0
707.341,0,50009088,windows,0,1780,1780,18,0,0,0,0,0,0,10,8,0
707.37,1,50781184,windows,0,1780,1780,18,0,0,0,0,0,0,10,8,0
707.601,0,50031616,windows,0,1780,1780,18,0,0,0,0,0,0,10,8,0
707.626,1,50800640,windows,0,1780,1780,18,0,0,0,0,0,0,10,8,0
707.862,0,50054144,windows,0,1780,1780,18,0,0,0,0,0,0,10,8,0
707.885,1,50820096,windows,0,1780,1780,18,0,0,0,0,0,0,10,8,0
708.115,0,50076672,windows,0,1780,1780,18,0,0,0,0,0,0,10,8,0
708.135,1,50840576,windows,0,1780,1780,18,0,0,0,0,0,0,10,8,0
708.37,0,50099200,windows,0,1780,1780,18,0,0,0,0,0,0,10,8,0
708.389,1,50861056,windows,0,1780,1780,18,0,0,0,0,0,0,10,8,0
708.626,0,50120704,windows,0,1780,1780,18,0,0,0,0,0,0,10,8,0
708.643,1,50880512,windows,0,1780,1780,18,0,0,0,0,0,0,10,8,0
708.879,0,50142208,windows,0,1780,1780,18,0,0,0,0,0,0,10,8,0
708.901,1,50899968,windows,0,1780,1780,18,0,0,0,0,0,0,10,8,0
709.138,0,50162688,windows,0,1780,1780,18,0,0,0,0,0,0,10,8,0
709.153,1,50920448,windows,0,1780,1780,18,0,0,0,0,0,0,10,8,0
709.39,0,50183168,windows,0,1780,1780,18,0,0,0,0,0,0,10,8,0
709.41,1,50940928,windows,0,1780,1780,18,0,0,0,0,0,0,10,8,0
709.642,0,50203648,windows,0,1780,1780,18,0,0,0,0,0,0,10,8,0
709.663,1,50960384,windows,0,1780,1780,18,0,0,0,0,0,0,10,8,0
709.893,0,50225152,windows,0,1780,1780,18,0,0,0,0,0,0,10,8,0
709.922,1,50978816,windows,0,1780,1780,18,0,0,0,0,0,0,10,8,0
710.144,0,50245632,windows,0,1780,1780,18,0,0,0,0,0,0,10,8,0
710.186,1,50997248,windows,0,1780,1780,18,0,0,0,0,0,0,10,8,0
710.402,0,50266112,repair,0,1780,1780,18,0,0,0,0,0,0,10,8,0
710.441,1,51015680,windows,0,1780,1780,18,0,0,0,0,0,0,10,8,0
710.653,0,50284544,windows,0,1780,1780,18,0,0,0,0,0,0,10,8,0
710.694,1,51034112,windows,0,1780,1780,18,0,0,0,0,0,0,10,8,0
710.917,0,50301952,windows,0,1780,1780,18,0,0,0,0,0,0,10,8,0
710.957,1,51053568,windows,0,1780,1780,18,0,0,0,0,0,0,10,8,0
711.174,0,50319360,windows,0,1780,1780,18,0,0,0,0,0,0,10,8,0
711.217,1,51072000,windows,0,1780,1780,18,0,0,0,0,0,0,10,8,0
711.425,0,50335744,windows,0,1780,1780,18,0,0,0,0,0,0,10,8,0
711.475,1,51091456,windows,0,1780,1780,18,0,0,0,0,0,0,10,8,0
711.688,0,50350080,windows,0,1780,1780,18,0,0,0,0,0,0,10,8,0
711.733,1,51109888,repair,0,1780,1780,18,0,0,0,0,0,0,10,8,0
711.948,0,50365440,windows,0,1780,1780,18,0,0,0,0,0,0,10,8,0
711.994,1,51128320,windows,0,1780,1780,18,0,0,0,0,0,0,10,8,0
712.201,0,50380800,windows,0,1780,1780,18,0,0,0,0,0,0,10,8,0
712.247,1,51144704,windows,0,1780,1780,18,0,0,0,0,0,0,10,8,0
712.461,0,50398208,windows,0,1780,1780,18,0,0,0,0,0,0,10,8,0
712.502,1,51161088,windows,0,1780,1780,18,0,0,0,0,0,0,10,8,0
712.713,0,50417664,windows,0,1780,1780,18,0,0,0,0,0,0,10,8,0
712.757,1,51176448,windows,0,1780,1780,18,0,0,0,0,0,0,10,8,0
712.973,0,50439168,windows,0,1780,1780,18,0,0,0,0,0,0,10,8,0
713.011,1,51193856,windows,0,1780,1780,18,0,0,0,0,0,0,10,8,0
713.228,0,50459648,windows,0,1780,1780,18,0,0,0,0,0,0,10,8,0
713.267,1,51214336,windows,0,1780,1780,18,0,0,0,0,0,0,10,8,0
713.479,0,50477056,repair,0,1780,1780,18,0,0,0,0,0,0,10,8,0
713.529,1,51233792,windows,0,1780,1780,18,0,0,0,0,0,0,10,8,0
713.738,0,50493440,repair,0,1780,1780,18,0,0,0,0,0,0,10,8,0
713.783,1,51253248,windows,0,1780,1780,18,0,0,0,0,0,0,10,8,0
714.005,0,50510848,windows,0,1780,1780,18,0,0,0,0,0,0,10,8,0
714.034,1,51274752,windows,0,1780,1780,18,0,0,0,0,0,0,10,8,0
714.269,0,50528256,windows,0,1780,1780,18,0,0,0,0,0,0,10,8,0
714.295,1,51295232,repair,0,1780,1780,18,0,0,0,0,0,0,10,8,0
714.529,0,50546688,windows,0,1780,1780,18,0,0,0,0,0,0,10,8,0
714.547,1,51315712,windows,0,1780,1780,18,0,0,0,0,0,0,10,8,0
714.78,0,50567168,windows,0,1780,1780,18,0,0,0,0,0,0,10,8,0
714.807,1,51335168,windows,0,1780,1780,18,0,0,0,0,0,0,10,8,0
715.032,0,50586624,windows,0,1780,1780,18,0,0,0,0,0,0,10,8,0
715.067,1,51353600,windows,0,1780,1780,18,0,0,0,0,0,0,10,8,0
715.289,0,50600960,windows,0,1780,1780,18,0,0,0,0,0,0,10,8,0
715.327,1,51372032,windows,0,1780,1780,18,0,0,0,0,0,0,10,8,0
715.549,0,50620416,windows,0,1780,1780,18,0,0,0,0,0,0,10,8,0
715.582,1,51391488,windows,0,1780,1780,18,0,0,0,0,0,0,10,8,0
715.808,0,50639872,windows,0,1780,1780,18,0,0,0,0,0,0,10,8,0
715.841,1,51410944,windows,0,1780,1780,18,0,0,0,0,0,0,10,8,0
716.064,0,50659328,repair,0,1780,1780,18,0,0,0,0,0,0,10,8,0
716.091,1,51431424,windows,0,1780,1780,18,0,0,0,0,0,0,10,8,0
716.322,0,50679808,windows,0,1780,1780,18,0,0,0,0,0,0,10,8,0
716.345,1,51450880,windows,0,1780,1780,18,0,0,0,0,0,0,10,8,0
716.576,0,50697216,windows,0,1780,1780,18,0,0,0,0,0,0,10,8,0
716.598,1,51469312,windows,0,1780,1780,18,0,0,0,0,0,0,10,8,0
716.833,0,50714624,windows,0,1780,1780,18,0,0,0,0,0,0,10,8,0
716.85,1,51487744,windows,0,1780,1780,18,0,0,0,0,0,0,10,8,0
717.095,0,50732032,windows,0,1780,1780,18,0,0,0,0,0,0,10,8,0
717.104,1,51507200,windows,0,1780,1780,18,0,0,0,0,0,0,10,8,0
717.346,0,50748416,windows,0,1780,1780,18,0,0,0,0,0,0,10,8,0
717.367,1,51527680,repair,0,1780,1780,18,0,0,0,0,0,0,10,8,0
717.602,0,50764800,windows,0,1780,1780,18,0,0,0,0,0,0,10,8,0
717.617,1,51548160,windows,0,1780,1780,18,0,0,0,0,0,0,10,8,0
717.865,0,50783232,windows,0,1780,1780,18,0,0,0,0,0,0,10,8,0
717.878,1,51568640,windows,0,1780,1780,18,0,0,0,0,0,0,10,8,0
718.12,0,50801664,windows,0,1780,1780,18,0,0,0,0,0,0,10,8,0
718.133,1,51590144,windows,0,1780,1780,18,0,0,0,0,0,0,10,8,0
718.373,0,50821120,windows,0,1780,1780,18,0,0,0,0,0,0,10,8,0
718.391,1,51611648,windows,0,1780,1780,18,0,0,0,0,0,0,10,8,0
718.63,0,50840576,windows,0,1780,1780,18,0,0,0,0,0,0,10,8,0
718.648,1,51632128,windows,0,1780,1780,18,0,0,0,0,0,0,10,8,0
718.891,0,50861056,windows,0,1780,1780,18,0,0,0,0,0,0,10,8,0
718.91,1,51653632,windows,0,1780,1780,18,0,0,0,0,0,0,10,8,0
719.155,0,50881536,repair,0,1780,1780,18,0,0,0,0,0,0,10,8,0
719.165,1,51674112,windows,0,1780,1780,18,0,0,0,0,0,0,10,8,0
719.411,0,50903040,windows,0,1780,1780,18,0,0,0,0,0,0,10,8,0
719.428,1,51695616,windows,0,1780,1780,18,0,0,0,0,0,0,10,8,0
719.668,0,50923520,windows,0,1780,1780,18,0,0,0,0,0,0,10,8,0
719.69,1,51716096,windows,0,1780,1780,18,0,0,0,0,0,0,10,8,0
719.931,0,50944000,windows,0,1780,1780,18,0,0,0,0,0,0,10,8,0
719.946,1,51737600,repair,0,1780,1780,18,0,0,0,0,0,0,10,8,0
720.186,0,50959360,windows,0,1780,1780,18,0,0,0,0,0,0,10,8,0
720.208,1,51758080,windows,0,1780,1780,18,0,0,0,0,0,0,10,8,0
720.442,0,50977792,windows,0,1780,1780,18,0,0,0,0,0,0,10,8,0
720.462,1,51778560,windows,0,1780,1780,18,0,0,0,0,0,0,10,8,0
720.699,0,50996224,windows,0,1780,1780,18,0,0,0,0,0,0,10,8,0
720.714,1,51796992,windows,0,1780,1780,18,0,0,0,0,0,0,10,8,0
720.953,0,51014656,windows,0,1780,1780,18,0,0,0,0,0,0,10,8,0
720.97,1,51816448,windows,0,1780,1780,18,0,0,0,0,0,0,10,8,0
721.214,0,51033088,windows,0,1780,1780,18,0,0,0,0,0,0,10,8,0
721.226,1,51834880,windows,0,1780,1780,18,0,0,0,0,0,0,10,8,0
721.473,0,51052544,windows,0,1780,1780,18,0,0,0,0,0,0,10,8,0
721.48,1,51854336,windows,0,1780,1780,18,0,0,0,0,0,0,10,8,0
721.734,0,51072000,windows,0,1780,1780,18,0,0,0,0,0,0,10,8,0
721.745,1,51873792,windows,0,1780,1780,18,0,0,0,0,0,0,10,8,0
721.994,0,51091456,windows,0,1780,1780,18,0,0,0,0,0,0,10,8,0
721.998,1,51893248,windows,0,1780,1780,18,0,0,0,0,0,0,10,8,0
722.248,0,51109888,windows,0,1780,1780,18,0,0,0,0,0,0,10,8,0
722.254,1,51911680,windows,0,1780,1780,18,0,0,0,0,0,0,10,8,0
722.505,0,51127296,windows,0,1780,1780,18,0,0,0,0,0,0,10,8,0
722.514,1,51931136,windows,0,1780,1780,18,0,0,0,0,0,0,10,8,0
722.765,0,51145728,windows,0,1780,1780,18,0,0,0,0,0,0,10,8,0
722.773,1,51949568,windows,0,1780,1780,18,0,0,0,0,0,0,10,8,0
723.022,0,51163136,windows,0,1780,1780,18,0,0,0,0,0,0,10,8,0
723.026,1,51965952,windows,0,1780,1780,18,0,0,0,0,0,0,10,8,0
723.277,0,51180544,repair,330,6.87615e+07,6.87212e+07,3638,27,55,69,117,62,0,1992,1518,128
723.288,1,51984384,windows,0,1780,1780,18,0,0,0,0,0,0,10,8,0
723.529,0,51202048,repair,216,5.67751e+07,5.67658e+07,3356,13,26,44,88,45,0,1860,1377,119
723.543,1,52002816,windows,0,1780,1780,18,0,0,0,0,0,0,10,8,0
723.786,0,51224576,repair,134,5.29756e+07,5.29756e+07,3266,5,27,18,59,25,0,1829,1331,106
723.797,1,52022272,windows,0,1780,1780,18,0,0,0,0,0,0,10,8,0
724.042,0,51247104,repair,66,4.43283e+07,4.4304e+07,3011,4,6,12,30,14,0,1704,1213,94
724.056,1,52041728,repair,299,7.13959e+07,7.13648e+07,3712,21,63,64,90,61,0,2038,1555,119
724.303,0,51267584,repair,27,3.90411e+07,3.90411e+07,2884,2,1,7,10,7,0,1713,1100,71
724.308,1,52064256,repair,185,6.35926e+07,6.35535e+07,3582,8,34,34,72,37,0,2035,1445,102
724.556,0,51288064,repair,7,3.03924e+07,3.03716e+07,2599,0,2,0,4,1,0,1593,937,69
724.564,1,52085760,repair,118,5.24426e+07,5.24069e+07,3251,4,30,20,40,24,0,1821,1327,103
724.819,0,51307520,repair,1,2.18595e+07,2.18595e+07,2256,0,0,1,0,0,0,1455,748,53
724.822,1,52107264,repair,64,3.89899e+07,3.89678e+07,2876,2,7,8,27,20,0,1694,1103,79
725.077,1,52128768,repair,24,3.41111e+07,3.4103e+07,2710,1,2,4,15,2,0,1621,1020,69
725.081,0,51329024,windows,0,1.35771e+07,1.35702e+07,1786,0,0,0,0,0,0,1173,577,36
725.337,1,52147200,repair,8,2.70119e+07,2.70045e+07,2422,1,2,1,3,1,0,1472,897,53
725.343,0,51348480,windows,0,9.03094e+06,9.02094e+06,1477,0,0,0,0,0,0,993,451,33
725.592,1,52165632,repair,1,1.89289e+07,1.89138e+07,2109,0,0,0,1,0,0,1379,684,46
725.6,0,51366912,windows,0,6.55318e+06,6.55318e+06,1259,0,0,0,0,0,0,844,385,30
725.843,1,52183040,windows,0,1.3821e+07,1.3821e+07,1786,0,0,0,0,0,0,1132,606,48
725.858,0,51384320,windows,0,4.52413e+06,4.52413e+06,1042,0,0,0,0,0,0,704,319,19
726.104,1,52201472,windows,0,9.05468e+06,9.04884e+06,1463,0,0,0,0,0,0,955,472,36
726.115,0,51401728,windows,0,3.33632e+06,3.33319e+06,909,0,0,0,0,0,0,626,261,22
726.363,1,52219904,windows,0,6.41536e+06,6.4035e+06,1245,0,0,0,0,0,0,818,389,38
726.367,0,51418112,windows,0,2.54652e+06,2.54652e+06,795,0,0,0,0,0,0,535,234,26
726.613,1,52235264,windows,0,4.51799e+06,4.50811e+06,1046,0,0,0,0,0,0,702,319,25
726.623,0,51435520,windows,0,1.9093e+06,1.9093e+06,687,0,0,0,0,0,0,467,201,19
726.871,1,52250624,windows,0,3.54226e+06,3.53922e+06,925,0,0,0,0,0,0,608,289,28
726.875,0,51451904,windows,0,1.30838e+06,1.30793e+06,573,0,0,0,0,0,0,399,159,15
727.128,1,52265984,windows,0,2.73708e+06,2.72859e+06,820,0,0,0,0,0,0,545,248,27
727.128,0,51468288,windows,0,998845,996669,503,0,0,0,0,0,0,353,136,14
727.381,1,52281344,windows,0,2.12904e+06,2.12845e+06,727,0,0,0,0,0,0,497,210,20
727.381,0,51485696,windows,0,732820,731311,434,0,0,0,0,0,0,302,116,16
727.635,0,51504128,windows,0,548990,548548,373,0,0,0,0,0,0,252,106,15
727.643,1,52296704,windows,0,1.5263e+06,1.52421e+06,614,0,0,0,0,0,0,419,179,16
727.894,0,51521536,windows,0,383360,383360,311,0,0,0,0,0,0,214,87,10
727.905,1,52311040,windows,0,1.15527e+06,1.15234e+06,542,0,0,0,0,0,0,378,147,17
728.147,0,51538944,windows,0,300565,300272,269,0,0,0,0,0,0,173,86,10
728.165,1,52326400,windows,0,920975,918819,483,0,0,0,0,0,0,331,135,17
728.413,0,51556352,windows,0,225515,225515,242,0,0,0,0,0,0,171,62,9
728.424,1,52342784,windows,0,736805,736805,429,0,0,0,0,0,0,291,124,14
728.676,0,51574784,windows,0,192355,190918,220,0,0,0,0,0,0,151,62,7
728.678,1,52360192,windows,0,570420,570420,378,0,0,0,0,0,0,258,108,12
728.926,0,51593216,windows,0,128035,127289,178,0,0,0,0,0,0,121,52,5
728.933,1,52377600,windows,0,410975,407694,319,0,0,0,0,0,0,213,95,11
729.177,0,51613696,windows,0,94600,93236.2,155,0,0,0,0,0,0,110,41,4
729.185,1,52397056,windows,0,310510,310510,269,0,0,0,0,0,0,176,88,5
729.439,0,51630080,windows,0,79360,78748.8,142,0,0,0,0,0,0,100,38,4
729.441,1,52416512,windows,0,233645,233645,235,0,0,0,0,0,0,153,76,6
729.698,0,51648512,windows,0,66900,66185,130,0,0,0,0,0,0,90,36,4
729.703,1,52434944,windows,0,189250,187216,214,0,0,0,0,0,0,140,67,7
729.955,1,52453376,windows,0,136535,136392,181,0,0,0,0,0,0,119,57,5
729.96,0,51666944,windows,0,51380,50356.2,114,0,0,0,0,0,0,78,32,4
730.211,0,51685376,windows,0,39920,39920,102,0,0,0,0,0,0,72,26,4
730.219,1,52473856,windows,0,119780,119780,171,0,0,0,0,0,0,116,51,4
730.472,1,52493312,windows,0,96105,95210,154,0,0,0,0,0,0,105,45,4
730.473,0,51702784,windows,0,35125,34801.2,95,0,0,0,0,0,0,65,26,4
730.724,0,51718144,windows,0,32000,31701.2,90,0,0,0,0,0,0,60,26,4
730.732,1,52513792,windows,0,72395,71640,134,0,0,0,0,0,0,93,38,3
730.986,0,51734528,windows,0,28580,28065,84,0,0,0,0,0,0,54,26,4
730.993,1,52534272,windows,0,58030,57651.2,117,0,0,0,0,0,0,76,38,3
731.249,0,51751936,windows,0,24500,24251.2,78,0,0,0,0,0,0,50,24,4
731.252,1,52553728,windows,0,52360,51625,111,0,0,0,0,0,0,70,37,4
731.503,0,51769344,windows,0,22125,21650,73,0,0,0,0,0,0,45,24,4
731.505,1,52572160,windows,0,48100,47405,107,0,0,0,0,0,0,68,35,4
731.757,0,51784704,windows,0,20740,20627.5,71,0,0,0,0,0,0,44,23,4
731.766,1,52591616,windows,0,38095,37791.2,95,0,0,0,0,0,0,61,31,3
732.021,0,51800064,windows,0,20285,19948.8,71,0,0,0,0,0,0,45,22,4
732.024,1,52612096,windows,0,33395,32800,88,0,0,0,0,0,0,55,30,3
732.275,1,52631552,windows,0,31670,31095,86,0,0,0,0,0,0,54,29,3
732.278,0,51815424,windows,0,18980,18432.5,68,0,0,0,0,0,0,42,22,4
732.532,1,52653056,windows,0,29095,28276.2,81,0,0,0,0,0,0,49,29,3
732.541,0,51832832,windows,0,17005,16892.5,63,0,0,0,0,0,0,37,22,4
732.784,1,52673536,windows,0,26075,25520,76,0,0,0,0,0,0,45,28,3
732.8,0,51849216,windows,0,16640,16527.5,62,0,0,0,0,0,0,36,22,4
733.048,1,52695040,windows,0,25090,24515,72,0,0,0,0,0,0,40,29,3
733.061,0,51866624,windows,0,15605,14893.8,59,0,0,0,0,0,0,33,22,4
733.301,1,52715520,windows,0,23035,22821.2,72,0,0,0,0,0,0,43,26,3
733.321,0,51884032,windows,0,14660,14112.5,56,0,0,0,0,0,0,30,22,4
733.552,1,52736000,windows,0,22450,22231.2,72,0,0,0,0,0,0,44,25,3
733.579,0,51900416,windows,0,13805,13257.5,53,0,0,0,0,0,0,27,22,4
733.813,1,52757504,windows,0,21590,21095,70,0,0,0,0,0,0,42,25,3
733.837,0,51917824,windows,0,12945,12832.5,52,0,0,0,0,0,0,27,21,4
734.069,1,52777984,windows,0,21175,20476.2,69,0,0,0,0,0,0,41,25,3
734.095,0,51935232,windows,0,11905,11792.5,52,0,0,0,0,0,0,29,19,4
734.322,1,52798464,windows,0,21010,20306.2,67,0,0,0,0,0,0,38,26,3
734.356,0,51952640,windows,0,11345,11098.8,50,0,0,0,0,0,0,27,19,4
734.572,1,52819968,windows,0,20270,19576.2,65,0,0,0,0,0,0,36,26,3
734.617,0,51970048,windows,0,10580,10467.5,47,0,0,0,0,0,0,24,19,4
734.829,1,52840448,windows,0,18910,18236.2,61,0,0,0,0,0,0,32,26,3
734.876,0,51986432,windows,0,9520,9268.75,48,0,0,0,0,0,0,28,16,4
735.089,1,52861952,windows,0,15970,15970,58,0,0,0,0,0,0,32,23,3
735.131,0,52002816,windows,0,9245,8998.75,47,0,0,0,0,0,0,27,16,4
735.345,1,52882432,windows,0,15395,15395,58,0,0,0,0,0,0,33,22,3
735.393,0,52019200,windows,0,8480,8367.5,44,0,0,0,0,0,0,24,16,4
735.606,1,52902912,windows,0,14395,14221.2,58,0,0,0,0,0,0,35,20,3
735.657,0,52035584,windows,0,8245,8132.5,43,0,0,0,0,0,0,23,16,4
735.867,1,52924416,windows,0,13715,13715,56,0,0,0,0,0,0,33,20,3
735.911,0,52051968,windows,0,8020,7798.75,42,0,0,0,0,0,0,22,16,4
736.126,1,52945920,windows,0,12190,12190,51,0,0,0,0,0,0,28,20,3
736.17,0,52069376,windows,0,8020,7798.75,42,0,0,0,0,0,0,22,16,4
736.385,1,52967424,windows,0,12190,12190,51,0,0,0,0,0,0,28,20,3
736.422,0,52086784,windows,0,6920,6748.75,40,0,0,0,0,0,0,24,14,2
736.642,1,52988928,windows,0,12190,12190,51,0,0,0,0,0,0,28,20,3
736.674,0,52102144,windows,0,6920,6748.75,40,0,0,0,0,0,0,24,14,2
736.902,1,53011456,windows,0,12190,12190,51,0,0,0,0,0,0,28,20,3
736.934,0,52119552,windows,0,6460,6298.75,38,0,0,0,0,0,0,22,14,2
737.155,1,53032960,windows,0,11915,11781.2,50,0,0,0,0,0,0,27,20,3
737.188,0,52136960,windows,0,6245,6192.5,37,0,0,0,0,0,0,21,14,2
737.406,1,53053440,windows,0,11915,11781.2,50,0,0,0,0,0,0,27,20,3
737.447,0,52154368,windows,0,6145,6092.5,38,0,0,0,0,0,0,23,13,2
737.66,1,53073920,windows,0,11915,11781.2,50,0,0,0,0,0,0,27,20,3
737.707,0,52170752,windows,0,5420,5367.5,36,0,0,0,0,0,0,22,12,2
737.917,1,53095424,windows,0,11915,11781.2,50,0,0,0,0,0,0,27,20,3
737.971,0,52188160,windows,0,5420,5367.5,36,0,0,0,0,0,0,22,12,2
738.169,1,53111808,windows,0,11915,11781.2,50,0,0,0,0,0,0,27,20,3
738.229,0,52204544,windows,0,5205,5152.5,35,0,0,0,0,0,0,21,12,2
738.433,1,53129216,windows,0,11915,11781.2,50,0,0,0,0,0,0,27,20,3
738.491,0,52221952,windows,0,5000,4947.5,34,0,0,0,0,0,0,20,12,2
738.687,1,53144576,windows,0,11915,11781.2,50,0,0,0,0,0,0,27,20,3
738.742,0,52238336,windows,0,4805,4752.5,33,0,0,0,0,0,0,19,12,2
738.938,1,53161984,windows,0,11915,11781.2,50,0,0,0,0,0,0,27,20,3
738.998,0,52257792,windows,0,4805,4752.5,33,0,0,0,0,0,0,19,12,2
739.198,1,53182464,windows,0,11915,11781.2,50,0,0,0,0,0,0,27,20,3
739.249,0,52278272,windows,0,4620,4567.5,32,0,0,0,0,0,0,18,12,2
739.461,1,53202944,windows,0,11915,11781.2,50,0,0,0,0,0,0,27,20,3
739.507,0,52301824,windows,0,4620,4567.5,32,0,0,0,0,0,0,18,12,2
739.716,1,53223424,windows,0,11915,11781.2,50,0,0,0,0,0,0,27,20,3
739.763,0,52324352,windows,0,4620,4567.5,32,0,0,0,0,0,0,18,12,2
739.973,1,53243904,windows,0,11915,11781.2,50,0,0,0,0,0,0,27,20,3
740.013,0,52346880,windows,0,4620,4567.5,32,0,0,0,0,0,0,18,12,2
740.233,1,53263360,windows,0,11915,11781.2,50,0,0,0,0,0,0,27,20,3
740.268,0,52369408,windows,0,4620,4567.5,32,0,0,0,0,0,0,18,12,2
740.484,1,53282816,windows,0,11915,11781.2,50,0,0,0,0,0,0,27,20,3
740.524,0,52391936,windows,0,4620,4567.5,32,0,0,0,0,0,0,18,12,2
740.738,1,53302272,windows,0,11915,11781.2,50,0,0,0,0,0,0,27,20,3
740.785,0,52413440,windows,0,4620,4567.5,32,0,0,0,0,0,0,18,12,2
740.994,1,53323776,windows,0,11915,11781.2,50,0,0,0,0,0,0,27,20,3
741.046,0,52435968,windows,0,4620,4567.5,32,0,0,0,0,0,0,18,12,2
741.255,1,53344256,windows,0,11915,11781.2,50,0,0,0,0,0,0,27,20,3
741.3,0,52457472,windows,0,4620,4567.5,32,0,0,0,0,0,0,18,12,2
741.513,1,53363712,windows,0,1780,1780,18,0,0,0,0,0,0,10,8,0
741.552,0,52476928,windows,0,4620,4567.5,32,0,0,0,0,0,0,18,12,2
741.773,1,53384192,windows,0,1780,1780,18,0,0,0,0,0,0,10,8,0
741.805,0,52495360,windows,0,4620,4567.5,32,0,0,0,0,0,0,18,12,2
742.027,1,53402624,windows,0,1780,1780,18,0,0,0,0,0,0,10,8,0
742.061,0,52513792,windows,0,4620,4567.5,32,0,0,0,0,0,0,18,12,2
742.283,1,53421056,windows,0,1780,1780,18,0,0,0,0,0,0,10,8,0
742.323,0,52533248,windows,0,1780,1780,18,0,0,0,0,0,0,10,8,0
742.548,1,53440512,windows,0,1780,1780,18,0,0,0,0,0,0,10,8,0
742.583,0,52552704,windows,0,1780,1780,18,0,0,0,0,0,0,10,8,0
742.809,1,53459968,windows,0,1780,1780,18,0,0,0,0,0,0,10,8,0
742.842,0,52573184,windows,0,1780,1780,18,0,0,0,0,0,0,10,8,0
743.062,1,53478400,windows,0,1780,1780,18,0,0,0,0,0,0,10,8,0
743.104,0,52593664,repair,0,1780,1780,18,0,0,0,0,0,0,10,8,0
743.326,1,53493760,windows,0,1780,1780,18,0,0,0,0,0,0,10,8,0
743.359,0,52614144,windows,0,1780,1780,18,0,0,0,0,0,0,10,8,0
743.59,1,53510144,windows,0,1780,1780,18,0,0,0,0,0,0,10,8,0
743.617,0,52634624,windows,0,1780,1780,18,0,0,0,0,0,0,10,8,0
743.844,1,53527552,windows,0,1780,1780,18,0,0,0,0,0,0,10,8,0
743.874,0,52656128,windows,0,1780,1780,18,0,0,0,0,0,0,10,8,0
744.102,1,53544960,windows,0,1780,1780,18,0,0,0,0,0,0,10,8,0
744.129,0,52676608,windows,0,1780,1780,18,0,0,0,0,0,0,10,8,0
744.353,1,53563392,windows,0,1780,1780,18,0,0,0,0,0,0,10,8,0
744.39,0,52695040,windows,0,1780,1780,18,0,0,0,0,0,0,10,8,0
744.608,1,53580800,windows,0,1780,1780,18,0,0,0,0,0,0,10,8,0
744.654,0,52713472,windows,0,1780,1780,18,0,0,0,0,0,0,10,8,0
744.866,1,53599232,repair,0,1780,1780,18,0,0,0,0,0,0,10,8,0
744.913,0,52731904,windows,0,1780,1780,18,0,0,0,0,0,0,10,8,0
745.126,1,53616640,repair,0,1780,1780,18,0,0,0,0,0,0,10,8,0
745.167,0,52750336,windows,0,1780,1780,18,0,0,0,0,0,0,10,8,0
745.379,1,53632000,windows,0,1780,1780,18,0,0,0,0,0,0,10,8,0
745.434,0,52769792,windows,0,1780,1780,18,0,0,0,0,0,0,10,8,0
745.632,1,53647360,windows,0,1780,1780,18,0,0,0,0,0,0,10,8,0
745.691,0,52788224,windows,0,1780,1780,18,0,0,0,0,0,0,10,8,0
745.896,1,53663744,windows,0,1780,1780,18,0,0,0,0,0,0,10,8,0
745.947,0,52807680,repair,0,1780,1780,18,0,0,0,0,0,0,10,8,0
746.16,1,53679104,windows,0,1780,1780,18,0,0,0,0,0,0,10,8,0
746.199,0,52827136,repair,0,1780,1780,18,0,0,0,0,0,0,10,8,0
746.419,1,53696512,windows,0,1780,1780,18,0,0,0,0,0,0,10,8,0
746.458,0,52844544,windows,0,1780,1780,18,0,0,0,0,0,0,10,8,0
746.679,1,53711872,windows,0,1780,1780,18,0,0,0,0,0,0,10,8,0
746.72,0,52860928,windows,0,1780,1780,18,0,0,0,0,0,0,10,8,0
746.931,1,53725184,windows,0,1780,1780,18,0,0,0,0,0,0,10,8,0
746.978,0,52876288,windows,0,1780,1780,18,0,0,0,0,0,0,10,8,0
747.184,1,53738496,windows,0,1780,1780,18,0,0,0,0,0,0,10,8,0
747.241,0,52892672,windows,0,1780,1780,18,0,0,0,0,0,0,10,8,0
747.444,1,53751808,repair,0,1780,1780,18,0,0,0,0,0,0,10,8,0
747.504,0,52908032,windows,0,1780,1780,18,0,0,0,0,0,0,10,8,0
747.71,1,53766144,repair,0,1780,1780,18,0,0,0,0,0,0,10,8,0
747.767,0,52924416,windows,0,1780,1780,18,0,0,0,0,0,0,10,8,0
747.974,1,53780480,windows,0,1780,1780,18,0,0,0,0,0,0,10,8,0
748.023,0,52940800,windows,0,1780,1780,18,0,0,0,0,0,0,10,8,0
748.225,1,53794816,windows,0,1780,1780,18,0,0,0,0,0,0,10,8,0
748.287,0,52958208,windows,0,1780,1780,18,0,0,0,0,0,0,10,8,0
748.479,1,53809152,windows,0,1780,1780,18,0,0,0,0,0,0,10,8,0
748.542,0,52974592,windows,0,1780,1780,18,0,0,0,0,0,0,10,8,0
748.739,1,53822464,windows,0,1780,1780,18,0,0,0,0,0,0,10,8,0
748.796,0,52992000,windows,0,1780,1780,18,0,0,0,0,0,0,10,8,0
748.999,1,53837824,windows,0,1780,1780,18,0,0,0,0,0,0,10,8,0
749.053,0,53012480,windows,0,1780,1780,18,0,0,0,0,0,0,10,8,0
749.249,1,53853184,windows,0,1780,1780,18,0,0,0,0,0,0,10,8,0
749.313,0,53035008,windows,0,1780,1780,18,0,0,0,0,0,0,10,8,0
749.504,1,53868544,windows,0,1780,1780,18,0,0,0,0,0,0,10,8,0
749.564,0,53052416,windows,0,1780,1780,18,0,0,0,0,0,0,10,8,0
749.766,1,53884928,windows,0,1780,1780,18,0,0,0,0,0,0,10,8,0
749.815,0,53068800,windows,0,1780,1780,18,0,0,0,0,0,0,10,8,0
750.027,1,53901312,windows,0,1780,1780,18,0,0,0,0,0,0,10,8,0
750.072,0,53085184,windows,0,1780,1780,18,0,0,0,0,0,0,10,8,0
750.285,1,53916672,windows,0,1780,1780,18,0,0,0,0,0,0,10,8,0
750.334,0,53101568,windows,0,1780,1780,18,0,0,0,0,0,0,10,8,0
750.546,1,53932032,windows,0,1780,1780,18,0,0,0,0,0,0,10,8,0
750.594,0,53118976,windows,0,1780,1780,18,0,0,0,0,0,0,10,8,0
750.809,1,53949440,windows,0,1780,1780,18,0,0,0,0,0,0,10,8,0
750.856,0,53136384,windows,0,1780,1780,18,0,0,0,0,0,0,10,8,0
751.074,1,53964800,repair,0,1780,1780,18,0,0,0,0,0,0,10,8,0
751.116,0,53153792,windows,0,1780,1780,18,0,0,0,0,0,0,10,8,0
751.324,1,53982208,windows,0,1780,1780,18,0,0,0,0,0,0,10,8,0
751.367,0,53169152,windows,0,1780,1780,18,0,0,0,0,0,0,10,8,0
751.578,1,53998592,windows,0,1780,1780,18,0,0,0,0,0,0,10,8,0
751.618,0,53184512,windows,0,1780,1780,18,0,0,0,0,0,0,10,8,0
751.834,1,54014976,windows,0,1780,1780,18,0,0,0,0,0,0,10,8,0
751.868,0,53199872,windows,0,1780,1780,18,0,0,0,0,0,0,10,8,0
752.094,1,54032384,windows,0,1780,1780,18,0,0,0,0,0,0,10,8,0
752.128,0,53216256,repair,0,1780,1780,18,0,0,0,0,0,0,10,8,0
752.349,1,54049792,windows,0,1780,1780,18,0,0,0,0,0,0,10,8,0
752.389,0,53233664,windows,0,1780,1780,18,0,0,0,0,0,0,10,8,0
752.606,1,54068224,windows,0,1780,1780,18,0,0,0,0,0,0,10,8,0
752.651,0,53250048,windows,0,1780,1780,18,0,0,0,0,0,0,10,8,0
752.868,1,54087680,windows,0,1780,1780,18,0,0,0,0,0,0,10,8,0
752.902,0,53265408,windows,0,1780,1780,18,0,0,0,0,0,0,10,8,0
753.118,1,54107136,windows,0,1780,1780,18,0,0,0,0,0,0,10,8,0
753.156,0,53279744,windows,0,1780,1780,18,0,0,0,0,0,0,10,8,0
753.371,1,54125568,windows,0,1780,1780,18,0,0,0,0,0,0,10,8,0
753.414,0,53296128,windows,0,1780,1780,18,0,0,0,0,0,0,10,8,0
753.634,1,54145024,windows,0,1780,1780,18,0,0,0,0,0,0,10,8,0
753.666,0,53313536,windows,0,1780,1780,18,0,0,0,0,0,0,10,8,0
753.887,1,54164480,windows,0,1780,1780,18,0,0,0,0,0,0,10,8,0
753.927,0,53331968,windows,0,1780,1780,18,0,0,0,0,0,0,10,8,0
754.14,1,54185984,windows,0,1780,1780,18,0,0,0,0,0,0,10,8,0
754.184,0,53351424,windows,0,1780,1780,18,0,0,0,0,0,0,10,8,0
754.395,1,54203392,repair,0,1780,1780,18,0,0,0,0,0,0,10,8,0
754.434,0,53367808,windows,0,1780,1780,18,0,0,0,0,0,0,10,8,0
754.659,1,54222848,windows,0,1780,1780,18,0,0,0,0,0,0,10,8,0
754.694,0,53385216,windows,0,1780,1780,18,0,0,0,0,0,0,10,8,0
754.914,1,54241280,windows,0,1780,1780,18,0,0,0,0,0,0,10,8,0
754.954,0,53403648,windows,0,1780,1780,18,0,0,0,0,0,0,10,8,0
755.175,1,54260736,windows,0,1780,1780,18,0,0,0,0,0,0,10,8,0
755.207,0,53422080,windows,0,1780,1780,18,0,0,0,0,0,0,10,8,0
755.435,1,54279168,windows,0,1780,1780,18,0,0,0,0,0,0,10,8,0
755.47,0,53440512,windows,0,1780,1780,18,0,0,0,0,0,0,10,8,0
755.686,1,54297600,windows,0,1780,1780,18,0,0,0,0,0,0,10,8,0
755.733,0,53458944,windows,0,1780,1780,18,0,0,0,0,0,0,10,8,0
755.943,1,54316032,windows,0,1780,1780,18,0,0,0,0,0,0,10,8,0
755.986,0,53476352,windows,0,1780,1780,18,0,0,0,0,0,0,10,8,0
756.199,1,54334464,windows,0,1780,1780,18,0,0,0,0,0,0,10,8,0
756.237,0,53494784,windows,0,1780,1780,18,0,0,0,0,0,0,10,8,0
756.459,1,54353920,repair,0,1780,1780,18,0,0,0,0,0,0,10,8,0
756.495,0,53514240,windows,0,1780,1780,18,0,0,0,0,0,0,10,8,0
756.715,1,54371328,windows,0,1780,1780,18,0,0,0,0,0,0,10,8,0
756.751,0,53531648,repair,0,1780,1780,18,0,0,0,0,0,0,10,8,0
756.969,1,54388736,windows,0,1780,1780,18,0,0,0,0,0,0,10,8,0
757.004,0,53550080,repair,0,1780,1780,18,0,0,0,0,0,0,10,8,0
757.22,1,54405120,windows,0,1780,1780,18,0,0,0,0,0,0,10,8,0
757.261,0,53568512,windows,0,1780,1780,18,0,0,0,0,0,0,10,8,0
757.477,1,54421504,windows,0,1780,1780,18,0,0,0,0,0,0,10,8,0
757.519,0,53585920,windows,0,1780,1780,18,0,0,0,0,0,0,10,8,0
757.735,1,54437888,windows,0,1780,1780,18,0,0,0,0,0,0,10,8,0
757.776,0,53603328,windows,0,1780,1780,18,0,0,0,0,0,0,10,8,0
757.992,1,54454272,windows,0,1780,1780,18,0,0,0,0,0,0,10,8,0
758.038,0,53620736,windows,0,1780,1780,18,0,0,0,0,0,0,10,8,0
758.25,1,54470656,windows,0,1780,1780,18,0,0,0,0,0,0,10,8,0
758.291,0,53637120,windows,0,1780,1780,18,0,0,0,0,0,0,10,8,0
758.514,1,54487040,windows,0,1780,1780,18,0,0,0,0,0,0,10,8,0
758.546,0,53654528,windows,0,1780,1780,18,0,0,0,0,0,0,10,8,0
758.775,1,54503424,windows,0,1780,1780,18,0,0,0,0,0,0,10,8,0
758.808,0,53671936,windows,0,1780,1780,18,0,0,0,0,0,0,10,8,0
759.029,1,54519808,windows,0,1780,1780,18,0,0,0,0,0,0,10,8,0
759.065,0,53689344,windows,0,1780,1780,18,0,0,0,0,0,0,10,8,0
759.292,1,54537216,windows,0,1780,1780,18,0,0,0,0,0,0,10,8,0
759.318,0,53706752,windows,0,1780,1780,18,0,0,0,0,0,0,10,8,0
759.546,1,54552576,windows,0,1780,1780,18,0,0,0,0,0,0,10,8,0
759.58,0,53723136,windows,0,1780,1780,18,0,0,0,0,0,0,10,8,0
759.8,1,54567936,windows,0,1780,1780,18,0,0,0,0,0,0,10,8,0
759.837,0,53739520,windows,0,1780,1780,18,0,0,0,0,0,0,10,8,0
760.058,1,54584320,windows,0,1780,1780,18,0,0,0,0,0,0,10,8,0
760.09,0,53755904,windows,0,1780,1780,18,0,0,0,0,0,0,10,8,0
760.31,1,54600704,windows,0,1780,1780,18,0,0,0,0,0,0,10,8,0
760.343,0,53773312,windows,0,1780,1780,18,0,0,0,0,0,0,10,8,0
760.571,1,54618112,windows,0,1780,1780,18,0,0,0,0,0,0,10,8,0
760.6,0,53788672,repair,343,6.12714e+07,6.12583e+07,3449,15,56,76,128,68,0,1927,1408,114
760.832,1,54634496,repair,373,6.12033e+07,6.12033e+07,3430,26,63,75,139,70,0,1900,1407,123
760.854,0,53810176,repair,207,6.43892e+07,6.43463e+07,3495,13,29,41,78,46,0,1876,1507,112
761.084,1,54653952,repair,238,6.43117e+07,6.42821e+07,3536,17,47,35,87,52,0,1936,1480,120
761.11,0,53831680,repair,133,5.02884e+07,5.02626e+07,3207,9,19,26,53,26,0,1814,1286,107
761.348,1,54674432,repair,164,5.53981e+07,5.53721e+07,3428,8,25,28,76,27,0,2016,1304,108
761.364,0,53853184,repair,74,4.12168e+07,4.12079e+07,2981,2,13,17,27,15,0,1771,1122,88
761.601,1,54693888,repair,93,5.10659e+07,5.10539e+07,3239,7,14,23,33,16,0,1858,1292,89
761.616,0,53872640,repair,36,3.65761e+07,3.65761e+07,2798,3,4,6,15,8,0,1666,1061,71
761.852,1,54713344,repair,54,3.85347e+07,3.85347e+07,2866,1,7,10,29,7,0,1692,1094,80
761.878,0,53893120,repair,15,2.879e+07,2.87692e+07,2494,1,2,3,5,4,0,1486,938,70
762.108,1,54731776,repair,26,3.0864e+07,3.0862e+07,2579,2,1,3,12,8,0,1539,971,69
762.137,0,53912576,repair,2,2.19198e+07,2.18956e+07,2220,0,0,1,0,1,0,1381,784,55
762.366,1,54750208,repair,5,2.68666e+07,2.68666e+07,2439,1,1,0,2,1,0,1488,885,66
762.395,0,53931008,windows,0,1.37953e+07,1.37894e+07,1805,0,0,0,0,0,0,1187,579,39
762.628,1,54768640,windows,0,1.96833e+07,1.96602e+07,2106,0,0,0,0,0,0,1305,744,57
762.656,0,53946368,windows,0,9.7505e+06,9.74931e+06,1515,0,0,0,0,0,0,980,495,40
762.891,1,54786048,windows,0,1.33208e+07,1.33094e+07,1780,0,0,0,0,0,0,1160,571,49
762.906,0,53963776,windows,0,6.92614e+06,6.91788e+06,1275,0,0,0,0,0,0,836,413,26
763.155,1,54803456,windows,0,9.42103e+06,9.41019e+06,1496,0,0,0,0,0,0,974,481,41
763.161,0,53981184,windows,0,5.093e+06,5.09211e+06,1120,0,0,0,0,0,0,760,330,30
763.41,1,54819840,windows,0,6.64128e+06,6.63588e+06,1270,0,0,0,0,0,0,835,394,41
763.412,0,53999616,windows,0,3.33232e+06,3.33179e+06,893,0,0,0,0,0,0,598,277,18
763.668,1,54836224,windows,0,4.55156e+06,4.55156e+06,1057,0,0,0,0,0,0,715,314,28
763.673,0,54018048,windows,0,2.40622e+06,2.39901e+06,763,0,0,0,0,0,0,512,233,18
763.923,1,54852608,windows,0,3.30768e+06,3.30768e+06,910,0,0,0,0,0,0,629,256,25
763.931,0,54037504,windows,0,1.67582e+06,1.67582e+06,644,0,0,0,0,0,0,438,188,18
764.177,1,54867968,windows,0,2.49598e+06,2.49248e+06,795,0,0,0,0,0,0,551,219,25
764.196,0,54054912,windows,0,1.16512e+06,1.1619e+06,533,0,0,0,0,0,0,358,161,14
764.43,1,54883328,windows,0,1.9722e+06,1.96978e+06,703,0,0,0,0,0,0,485,198,20
764.465,0,54072320,windows,0,850070,847375,458,0,0,0,0,0,0,310,135,13
764.687,1,54899712,windows,0,1.44e+06,1.44e+06,607,0,0,0,0,0,0,425,162,20
764.715,0,54087680,windows,0,650755,649019,402,0,0,0,0,0,0,271,118,13
764.953,1,54916096,windows,0,1.04341e+06,1.04124e+06,509,0,0,0,0,0,0,346,148,15
764.971,0,54105088,windows,0,475775,475452,345,0,0,0,0,0,0,235,99,11
765.215,1,54932480,windows,0,803080,802668,444,0,0,0,0,0,0,296,134,14
765.231,0,54122496,windows,0,351070,348812,291,0,0,0,0,0,0,184,94,13
765.469,1,54947840,windows,0,639385,638972,402,0,0,0,0,0,0,275,113,14
765.486,0,54138880,windows,0,228020,227211,242,0,0,0,0,0,0,162,68,12
765.721,1,54963200,windows,0,525250,523509,370,0,0,0,0,0,0,260,95,15
765.75,0,54155264,windows,0,172990,172311,209,0,0,0,0,0,0,136,62,11
765.981,1,54978560,windows,0,379305,376446,306,0,0,0,0,0,0,201,93,12
766.011,0,54172672,windows,0,140045,140045,187,0,0,0,0,0,0,117,58,12
766.234,1,54993920,windows,0,288975,288975,275,0,0,0,0,0,0,195,69,11
766.27,0,54191104,windows,0,105650,105650,163,0,0,0,0,0,0,102,50,11
766.485,1,55010304,windows,0,224630,223295,240,0,0,0,0,0,0,162,67,11
766.538,0,54208512,windows,0,73220,72032.5,136,0,0,0,0,0,0,82,42,12
766.741,1,55026688,windows,0,176655,175599,215,0,0,0,0,0,0,147,57,11
766.789,0,54224896,windows,0,66050,64543.8,129,0,0,0,0,0,0,78,40,11
766.996,1,55042048,windows,0,130195,129872,180,0,0,0,0,0,0,113,56,11
767.043,0,54241280,windows,0,57760,56732.5,121,0,0,0,0,0,0,74,37,10
767.248,1,55057408,windows,0,99710,98888.8,159,0,0,0,0,0,0,100,48,11
767.299,0,54254592,windows,0,51505,51181.2,112,0,0,0,0,0,0,65,37,10
767.51,1,55073792,windows,0,84640,83858.8,149,0,0,0,0,0,0,98,41,10
767.557,0,54273024,windows,0,45340,44063.8,106,0,0,0,0,0,0,62,34,10
767.774,1,55090176,windows,0,68620,67123.8,132,0,0,0,0,0,0,82,40,10
767.814,0,54291456,windows,0,39040,38132.5,99,0,0,0,0,0,0,58,31,10
768.037,1,55106560,windows,0,58565,57888.8,123,0,0,0,0,0,0,77,36,10
768.071,0,54309888,windows,0,34925,34077.5,95,0,0,0,0,0,0,57,28,10
768.297,1,55122944,windows,0,46165,45490,107,0,0,0,0,0,0,65,34,8
768.331,0,54328320,windows,0,33340,32213.8,91,0,0,0,0,0,0,52,29,10
768.552,1,55139328,windows,0,37470,37171.2,97,0,0,0,0,0,0,60,30,7
768.583,0,54345728,windows,0,28625,28098.8,84,0,0,0,0,0,0,47,27,10
768.811,1,55155712,windows,0,32335,32335,89,0,0,0,0,0,0,53,29,7
768.842,0,54363136,windows,0,25580,24846.2,77,0,0,0,0,0,0,40,27,10
769.074,1,55173120,windows,0,30790,30541.2,86,0,0,0,0,0,0,50,29,7
769.1,0,54381568,windows,0,24125,23638.8,75,0,0,0,0,0,0,39,26,10
769.333,1,55190528,windows,0,27970,27176.2,80,0,0,0,0,0,0,44,29,7
769.363,0,54400000,windows,0,23000,22707.5,72,0,0,0,0,0,0,36,26,10
769.587,1,55206912,windows,0,24550,24055,78,0,0,0,0,0,0,46,25,7
769.616,0,54417408,windows,0,22300,21838.8,70,0,0,0,0,0,0,34,26,10
769.848,1,55222272,windows,0,22235,21557.5,74,0,0,0,0,0,0,43,24,7
769.874,0,54433792,windows,0,21325,21032.5,67,0,0,0,0,0,0,31,26,10
770.113,1,55238656,windows,0,19835,18973.8,68,0,0,0,0,0,0,37,24,7
770.128,0,54451200,windows,0,21020,20727.5,66,0,0,0,0,0,0,30,26,10
770.372,1,55255040,windows,0,18880,18252.5,67,0,0,0,0,0,0,38,23,6
770.383,0,54469632,windows,0,20885,20488.8,67,0,0,0,0,0,0,33,26,8
770.623,1,55271424,windows,0,16380,16207.5,63,0,0,0,0,0,0,36,21,6
770.646,0,54488064,windows,0,18395,18252.5,64,0,0,0,0,0,0,35,24,5
770.874,1,55287808,windows,0,15345,14593.8,60,0,0,0,0,0,0,33,21,6
770.9,0,54505472,windows,0,16780,16166.2,61,0,0,0,0,0,0,32,23,6
771.134,1,55305216,windows,0,14680,14072.5,56,0,0,0,0,0,0,28,22,6
771.154,0,54522880,windows,0,16160,15705,59,0,0,0,0,0,0,30,23,6
771.393,1,55321600,windows,0,14405,13663.8,55,0,0,0,0,0,0,27,22,6
771.408,0,54539264,windows,0,13820,13681.2,55,0,0,0,0,0,0,28,21,6
771.657,1,55339008,windows,0,14070,13363.8,56,0,0,0,0,0,0,30,21,5
771.658,0,54555648,windows,0,13025,12852.5,52,0,0,0,0,0,0,25,21,6
771.91,1,55355392,windows,0,13775,13073.8,55,0,0,0,0,0,0,29,21,5
771.913,0,54572032,windows,0,11960,11668.8,50,0,0,0,0,0,0,24,20,6
772.165,1,55371776,windows,0,12695,12013.8,51,0,0,0,0,0,0,25,21,5
772.169,0,54588416,windows,0,11725,11552.5,49,0,0,0,0,0,0,23,20,6
772.428,1,55390208,windows,0,12130,11858.8,51,0,0,0,0,0,0,26,20,5
772.433,0,54605824,windows,0,10370,10167.5,47,0,0,0,0,0,0,22,18,7
772.682,1,55409664,windows,0,11395,11252.5,48,0,0,0,0,0,0,23,20,5
772.691,0,54622208,windows,0,10370,10167.5,47,0,0,0,0,0,0,22,18,7
772.939,1,55431168,windows,0,10955,10812.5,46,0,0,0,0,0,0,21,20,5
772.951,0,54641664,windows,0,8860,8687.5,43,0,0,0,0,0,0,20,17,6
773.2,1,55452672,windows,0,10750,10508.8,45,0,0,0,0,0,0,20,20,5
773.215,0,54660096,windows,0,8665,8398.75,42,0,0,0,0,0,0,19,17,6
773.46,1,55474176,windows,0,10555,10412.5,44,0,0,0,0,0,0,19,20,5
773.468,0,54678528,windows,0,8140,7888.75,39,0,0,0,0,0,0,16,17,6
773.722,1,55495680,windows,0,10555,10412.5,44,0,0,0,0,0,0,19,20,5
773.73,0,54696960,windows,0,8140,7888.75,39,0,0,0,0,0,0,16,17,6
773.975,1,55517184,windows,0,10370,9832.5,43,0,0,0,0,0,0,18,20,5
773.995,0,54714368,windows,0,8140,7888.75,39,0,0,0,0,0,0,16,17,6
774.227,1,55538688,windows,0,10030,9492.5,41,0,0,0,0,0,0,16,20,5
774.257,0,54732800,windows,0,7985,7812.5,38,0,0,0,0,0,0,15,17,6
774.487,1,55561216,windows,0,10030,9492.5,41,0,0,0,0,0,0,16,20,5
774.514,0,54751232,windows,0,7985,7812.5,38,0,0,0,0,0,0,15,17,6
774.738,1,55581696,windows,0,9875,9337.5,40,0,0,0,0,0,0,15,20,5
774.772,0,54768640,windows,0,7985,7812.5,38,0,0,0,0,0,0,15,17,6
774.993,1,55603200,windows,0,9875,9337.5,40,0,0,0,0,0,0,15,20,5
775.032,0,54787072,windows,0,7985,7812.5,38,0,0,0,0,0,0,15,17,6
775.253,1,55625728,windows,0,8675,8177.5,40,0,0,0,0,0,0,17,18,5
775.284,0,54804480,windows,0,7985,7812.5,38,0,0,0,0,0,0,15,17,6
775.511,1,55647232,windows,0,8355,7857.5,38,0,0,0,0,0,0,15,18,5
775.543,0,54821888,windows,0,7675,7217.5,40,0,0,0,0,0,0,19,16,5
775.761,1,55668736,windows,0,8210,7643.75,37,0,0,0,0,0,0,14,18,5
775.798,0,54839296,windows,0,7055,6617.5,39,0,0,0,0,0,0,19,15,5
776.011,1,55691264,windows,0,8210,7643.75,37,0,0,0,0,0,0,14,18,5
776.053,0,54856704,windows,0,6695,6257.5,37,0,0,0,0,0,0,17,15,5
776.264,1,55713792,windows,0,8210,7643.75,37,0,0,0,0,0,0,14,18,5
776.313,0,54875136,windows,0,6530,6092.5,36,0,0,0,0,0,0,16,15,5
776.524,1,55736320,windows,0,8210,7643.75,37,0,0,0,0,0,0,14,18,5
776.566,0,54892544,windows,0,6530,6092.5,36,0,0,0,0,0,0,16,15,5
776.78,1,55757824,windows,0,8210,7643.75,37,0,0,0,0,0,0,14,18,5
776.828,0,54910976,windows,0,6375,5937.5,35,0,0,0,0,0,0,15,15,5
777.03,1,55779328,windows,0,8210,7643.75,37,0,0,0,0,0,0,14,18,5
777.081,0,54928384,windows,0,6375,5937.5,35,0,0,0,0,0,0,15,15,5
777.288,1,55801856,windows,0,8210,7643.75,37,0,0,0,0,0,0,14,18,5
777.343,0,54946816,windows,0,6230,5792.5,34,0,0,0,0,0,0,14,15,5
777.546,1,55824384,windows,0,8210,7643.75,37,0,0,0,0,0,0,14,18,5
777.601,0,54965248,windows,0,6230,5792.5,34,0,0,0,0,0,0,14,15,5
777.806,1,55846912,windows,0,8210,7643.75,37,0,0,0,0,0,0,14,18,5
777.851,0,54982656,windows,0,5315,5232.5,32,0,0,0,0,0,0,15,14,3
778.06,1,55867392,repair,0,8210,7643.75,37,0,0,0,0,0,0,14,18,5
778.103,0,55001088,windows,0,5315,5232.5,32,0,0,0,0,0,0,15,14,3
778.315,1,55887872,windows,0,8210,7643.75,37,0,0,0,0,0,0,14,18,5
778.353,0,55018496,windows,0,5315,5232.5,32,0,0,0,0,0,0,15,14,3
778.57,1,55909376,windows,0,8210,7643.75,37,0,0,0,0,0,0,14,18,5
778.612,0,55036928,windows,0,5315,5232.5,32,0,0,0,0,0,0,15,14,3
778.825,1,55929856,windows,0,8210,7643.75,37,0,0,0,0,0,0,14,18,5
778.865,0,55054336,windows,0,5315,5232.5,32,0,0,0,0,0,0,15,14,3
779.086,1,55952384,windows,0,1780,1780,18,0,0,0,0,0,0,10,8,0
779.128,0,55072768,windows,0,1780,1780,18,0,0,0,0,0,0,10,8,0
779.34,1,55973888,windows,0,1780,1780,18,0,0,0,0,0,0,10,8,0
779.388,0,55090176,windows,0,1780,1780,18,0,0,0,0,0,0,10,8,0
779.592,1,55995392,windows,0,1780,1780,18,0,0,0,0,0,0,10,8,0
779.645,0,55107584,windows,0,1780,1780,18,0,0,0,0,0,0,10,8,0
779.843,1,56015872,repair,0,1780,1780,18,0,0,0,0,0,0,10,8,0
779.899,0,55123968,windows,0,1780,1780,18,0,0,0,0,0,0,10,8,0
780.104,1,56037376,windows,0,1780,1780,18,0,0,0,0,0,0,10,8,0
780.16,0,55141376,windows,0,1780,1780,18,0,0,0,0,0,0,10,8,0
780.355,1,56058880,windows,0,1780,1780,18,0,0,0,0,0,0,10,8,0
780.411,0,55161856,windows,0,1780,1780,18,0,0,0,0,0,0,10,8,0
780.608,1,56079360,windows,0,1780,1780,18,0,0,0,0,0,0,10,8,0
780.663,0,55181312,windows,0,1780,1780,18,0,0,0,0,0,0,10,8,0
780.866,1,56099840,windows,0,1780,1780,18,0,0,0,0,0,0,10,8,0
780.918,0,55199744,windows,0,1780,1780,18,0,0,0,0,0,0,10,8,0
781.119,1,56120320,windows,0,1780,1780,18,0,0,0,0,0,0,10,8,0
781.178,0,55220224,windows,0,1780,1780,18,0,0,0,0,0,0,10,8,0
781.378,1,56140800,windows,0,1780,1780,18,0,0,0,0,0,0,10,8,0
781.438,0,55239680,windows,0,1780,1780,18,0,0,0,0,0,0,10,8,0
781.638,1,56160256,windows,0,1780,1780,18,0,0,0,0,0,0,10,8,0
781.7,0,55258112,windows,0,1780,1780,18,0,0,0,0,0,0,10,8,0
781.897,1,56176640,windows,0,1780,1780,18,0,0,0,0,0,0,10,8,0
781.961,0,55277568,windows,0,1780,1780,18,0,0,0,0,0,0,10,8,0
782.15,1,56194048,windows,0,1780,1780,18,0,0,0,0,0,0,10,8,0
782.216,0,55297024,windows,0,1780,1780,18,0,0,0,0,0,0,10,8,0
782.411,1,56212480,windows,0,1780,1780,18,0,0,0,0,0,0,10,8,0
782.474,0,55316480,windows,0,1780,1780,18,0,0,0,0,0,0,10,8,0
782.661,1,56228864,windows,0,1780,1780,18,0,0,0,0,0,0,10,8,0
782.731,0,55337984,windows,0,1780,1780,18,0,0,0,0,0,0,10,8,0
782.919,1,56246272,windows,0,1780,1780,18,0,0,0,0,0,0,10,8,0
782.992,0,55358464,windows,0,1780,1780,18,0,0,0,0,0,0,10,8,0
783.178,1,56264704,windows,0,1780,1780,18,0,0,0,0,0,0,10,8,0
783.253,0,55379968,repair,0,1780,1780,18,0,0,0,0,0,0,10,8,0
783.435,1,56283136,windows,0,1780,1780,18,0,0,0,0,0,0,10,8,0
783.51,0,55401472,windows,0,1780,1780,18,0,0,0,0,0,0,10,8,0
783.686,1,56302592,windows,0,1780,1780,18,0,0,0,0,0,0,10,8,0
783.771,0,55422976,windows,0,1780,1780,18,0,0,0,0,0,0,10,8,0
783.946,1,56323072,windows,0,1780,1780,18,0,0,0,0,0,0,10,8,0
784.022,0,55443456,windows,0,1780,1780,18,0,0,0,0,0,0,10,8,0
784.2,1,56343552,windows,0,1780,1780,18,0,0,0,0,0,0,10,8,0
784.284,0,55464960,windows,0,1780,1780,18,0,0,0,0,0,0,10,8,0
784.46,1,56363008,windows,0,1780,1780,18,0,0,0,0,0,0,10,8,0
784.544,0,55484416,windows,0,1780,1780,18,0,0,0,0,0,0,10,8,0
784.716,1,56383488,windows,0,1780,1780,18,0,0,0,0,0,0,10,8,0
784.794,0,55502848,windows,0,1780,1780,18,0,0,0,0,0,0,10,8,0
784.97,1,56402944,windows,0,1780,1780,18,0,0,0,0,0,0,10,8,0
785.047,0,55521280,windows,0,1780,1780,18,0,0,0,0,0,0,10,8,0
785.229,1,56419328,windows,0,1780,1780,18,0,0,0,0,0,0,10,8,0
785.303,0,55540736,windows,0,1780,1780,18,0,0,0,0,0,0,10,8,0
785.488,1,56434688,windows,0,1780,1780,18,0,0,0,0,0,0,10,8,0
785.563,0,55559168,windows,0,1780,1780,18,0,0,0,0,0,0,10,8,0
785.746,1,56451072,windows,0,1780,1780,18,0,0,0,0,0,0,10,8,0
785.818,0,55578624,windows,0,1780,1780,18,0,0,0,0,0,0,10,8,0
786.007,1,56468480,windows,0,1780,1780,18,0,0,0,0,0,0,10,8,0
786.08,0,55599104,windows,0,1780,1780,18,0,0,0,0,0,0,10,8,0
786.27,1,56485888,windows,0,1780,1780,18,0,0,0,0,0,0,10,8,0
786.331,0,55618560,windows,0,1780,1780,18,0,0,0,0,0,0,10,8,0
786.523,1,56502272,windows,0,1780,1780,18,0,0,0,0,0,0,10,8,0
786.588,0,55639040,windows,0,1780,1780,18,0,0,0,0,0,0,10,8,0
786.789,1,56518656,windows,0,1780,1780,18,0,0,0,0,0,0,10,8,0
786.85,0,55659520,windows,0,1780,1780,18,0,0,0,0,0,0,10,8,0
787.055,1,56536064,windows,0,1780,1780,18,0,0,0,0,0,0,10,8,0
787.107,0,55680000,windows,0,1780,1780,18,0,0,0,0,0,0,10,8,0
787.319,1,56553472,windows,0,1780,1780,18,0,0,0,0,0,0,10,8,0
787.363,0,55699456,windows,0,1780,1780,18,0,0,0,0,0,0,10,8,0
787.581,1,56571904,windows,0,1780,1780,18,0,0,0,0,0,0,10,8,0
787.626,0,55717888,windows,0,1780,1780,18,0,0,0,0,0,0,10,8,0
787.836,1,56590336,windows,0,1780,1780,18,0,0,0,0,0,0,10,8,0
787.887,0,55737344,windows,0,1780,1780,18,0,0,0,0,0,0,10,8,0
788.086,1,56607744,windows,0,1780,1780,18,0,0,0,0,0,0,10,8,0
788.14,0,55756800,windows,0,1780,1780,18,0,0,0,0,0,0,10,8,0
788.342,1,56624128,windows,0,1780,1780,18,0,0,0,0,0,0,10,8,0
788.405,0,55775232,windows,0,1780,1780,18,0,0,0,0,0,0,10,8,0
788.6,1,56640512,windows,0,1780,1780,18,0,0,0,0,0,0,10,8,0
788.668,0,55791616,windows,0,1780,1780,18,0,0,0,0,0,0,10,8,0
788.852,1,56656896,windows,0,1780,1780,18,0,0,0,0,0,0,10,8,0
788.923,0,55808000,windows,0,1780,1780,18,0,0,0,0,0,0,10,8,0
789.112,1,56674304,windows,0,1780,1780,18,0,0,0,0,0,0,10,8,0
789.175,0,55824384,windows,0,1780,1780,18,0,0,0,0,0,0,10,8,0
789.376,1,56691712,windows,0,1780,1780,18,0,0,0,0,0,0,10,8,0
789.439,0,55839744,windows,0,1780,1780,18,0,0,0,0,0,0,10,8,0
789.627,1,56709120,repair,0,1780,1780,18,0,0,0,0,0,0,10,8,0
789.698,0,55856128,windows,0,1780,1780,18,0,0,0,0,0,0,10,8,0
789.889,1,56729600,windows,0,1780,1780,18,0,0,0,0,0,0,10,8,0
789.967,0,55872512,windows,0,1780,1780,18,0,0,0,0,0,0,10,8,0
790.149,1,56748032,windows,0,1780,1780,18,0,0,0,0,0,0,10,8,0
790.222,0,55889920,repair,0,1780,1780,18,0,0,0,0,0,0,10,8,0
790.401,1,56765440,windows,0,1780,1780,18,0,0,0,0,0,0,10,8,0
790.483,0,55909376,windows,0,1780,1780,18,0,0,0,0,0,0,10,8,0
790.661,1,56782848,windows,0,1780,1780,18,0,0,0,0,0,0,10,8,0
790.743,0,55925760,windows,0,1780,1780,18,0,0,0,0,0,0,10,8,0
790.918,1,56801280,windows,0,1780,1780,18,0,0,0,0,0,0,10,8,0
790.999,0,55942144,windows,0,1780,1780,18,0,0,0,0,0,0,10,8,0
791.182,1,56821760,windows,0,1780,1780,18,0,0,0,0,0,0,10,8,0
791.256,0,55958528,windows,0,1780,1780,18,0,0,0,0,0,0,10,8,0
791.441,1,56840192,windows,0,1780,1780,18,0,0,0,0,0,0,10,8,0
791.518,0,55974912,windows,0,1780,1780,18,0,0,0,0,0,0,10,8,0
791.695,1,56857600,windows,0,1780,1780,18,0,0,0,0,0,0,10,8,0
791.778,0,55991296,windows,0,1780,1780,18,0,0,0,0,0,0,10,8,0
791.946,1,56873984,windows,0,1780,1780,18,0,0,0,0,0,0,10,8,0
792.034,0,56007680,windows,0,1780,1780,18,0,0,0,0,0,0,10,8,0
792.205,1,56891392,windows,0,1780,1780,18,0,0,0,0,0,0,10,8,0
792.297,0,56025088,windows,0,1780,1780,18,0,0,0,0,0,0,10,8,0
792.458,1,56909824,windows,0,1780,1780,18,0,0,0,0,0,0,10,8,0
792.56,0,56042496,windows,0,1780,1780,18,0,0,0,0,0,0,10,8,0
792.71,1,56927232,windows,0,1780,1780,18,0,0,0,0,0,0,10,8,0
792.811,0,56057856,windows,0,1780,1780,18,0,0,0,0,0,0,10,8,0
792.969,1,56945664,windows,0,1780,1780,18,0,0,0,0,0,0,10,8,0
793.062,0,56073216,windows,0,1780,1780,18,0,0,0,0,0,0,10,8,0
793.223,1,56962048,windows,0,1780,1780,18,0,0,0,0,0,0,10,8,0
793.328,0,56089600,windows,0,1780,1780,18,0,0,0,0,0,0,10,8,0
793.485,1,56980480,windows,0,1780,1780,18,0,0,0,0,0,0,10,8,0
793.586,0,56104960,windows,0,1780,1780,18,0,0,0,0,0,0,10,8,0
793.742,1,56999936,windows,0,1780,1780,18,0,0,0,0,0,0,10,8,0
793.849,0,56121344,windows,0,1780,1780,18,0,0,0,0,0,0,10,8,0
793.997,1,57020416,windows,0,1780,1780,18,0,0,0,0,0,0,10,8,0
794.1,0,56137728,windows,0,1780,1780,18,0,0,0,0,0,0,10,8,0
794.249,1,57039872,windows,0,1780,1780,18,0,0,0,0,0,0,10,8,0
794.355,0,56154112,windows,0,1780,1780,18,0,0,0,0,0,0,10,8,0
794.501,1,57059328,windows,0,1780,1780,18,0,0,0,0,0,0,10,8,0
794.617,0,56170496,windows,0,1780,1780,18,0,0,0,0,0,0,10,8,0
794.76,1,57077760,windows,0,1780,1780,18,0,0,0,0,0,0,10,8,0
794.872,0,56186880,windows,0,1780,1780,18,0,0,0,0,0,0,10,8,0
795.02,1,57096192,windows,0,1780,1780,18,0,0,0,0,0,0,10,8,0
795.123,0,56203264,windows,0,1780,1780,18,0,0,0,0,0,0,10,8,0
795.275,1,57114624,windows,0,1780,1780,18,0,0,0,0,0,0,10,8,0
795.378,0,56219648,repair,0,1780,1780,18,0,0,0,0,0,0,10,8,0
795.529,1,57133056,windows,0,1780,1780,18,0,0,0,0,0,0,10,8,0
795.631,0,56238080,repair,0,1780,1780,18,0,0,0,0,0,0,10,8,0
795.793,1,57148416,windows,0,1780,1780,18,0,0,0,0,0,0,10,8,0
795.893,0,56256512,windows,0,1780,1780,18,0,0,0,0,0,0,10,8,0
796.046,1,57167872,windows,0,1780,1780,18,0,0,0,0,0,0,10,8,0
796.153,0,56272896,windows,0,1780,1780,18,0,0,0,0,0,0,10,8,0
796.307,1,57187328,windows,0,1780,1780,18,0,0,0,0,0,0,10,8,0
796.422,0,56289280,windows,0,1780,1780,18,0,0,0,0,0,0,10,8,0
796.563,1,57204736,windows,0,1780,1780,18,0,0,0,0,0,0,10,8,0
796.682,0,56304640,windows,0,1780,1780,18,0,0,0,0,0,0,10,8,0
796.819,1,57222144,windows,0,1780,1780,18,0,0,0,0,0,0,10,8,0
796.941,0,56321024,windows,0,1780,1780,18,0,0,0,0,0,0,10,8,0
797.069,1,57240576,windows,0,1780,1780,18,0,0,0,0,0,0,10,8,0
797.193,0,56339456,windows,0,1780,1780,18,0,0,0,0,0,0,10,8,0
797.322,1,57255936,repair,451,5.53359e+07,5.53236e+07,3174,42,84,68,176,81,0,1722,1328,124
797.444,0,56356864,windows,0,1780,1780,18,0,0,0,0,0,0,10,8,0
797.583,1,57275392,repair,273,6.82664e+07,6.82326e+07,3673,12,54,38,112,57,0,2046,1499,128
797.706,0,56375296,windows,0,1780,1780,18,0,0,0,0,0,0,10,8,0
797.847,1,57295872,repair,180,5.66425e+07,5.66124e+07,3388,8,31,41,67,33,0,1931,1360,97
797.965,0,56395776,windows,0,1780,1780,18,0,0,0,0,0,0,10,8,0
798.11,1,57316352,repair,114,5.3624e+07,5.35883e+07,3372,4,23,16,42,29,0,2003,1285,84
798.229,0,56416256,windows,0,1780,1780,18,0,0,0,0,0,0,10,8,0
798.363,1,57334784,repair,70,4.08087e+07,4.07981e+07,2908,2,10,6,30,22,0,1693,1144,71
798.487,0,56432640,windows,0,1780,1780,18,0,0,0,0,0,0,10,8,0
798.62,1,57353216,repair,33,3.68076e+07,3.68055e+07,2803,1,2,3,17,10,0,1667,1066,70
798.743,0,56449024,repair,330,6.19156e+07,6.18775e+07,3487,26,63,69,116,56,0,1961,1414,112
798.883,1,57371648,repair,17,2.71941e+07,2.7167e+07,2466,0,1,1,10,5,0,1521,880,65
798.995,0,56470528,repair,206,6.01967e+07,6.01934e+07,3408,8,37,32,80,49,0,1857,1441,110
799.144,1,57392128,windows,0,2.35776e+07,2.35756e+07,2281,0,0,0,0,0,0,1381,834,66
799.254,0,56492032,repair,133,5.45857e+07,5.4576e+07,3366,7,21,23,58,24,0,1943,1322,101
799.395,1,57412608,windows,0,1.42073e+07,1.42014e+07,1820,0,0,0,0,0,0,1182,599,39
799.508,0,56515584,repair,69,4.14884e+07,4.14774e+07,2930,1,14,13,26,15,0,1682,1162,86
799.652,1,57428992,windows,0,9.84554e+06,9.84471e+06,1520,0,0,0,0,0,0,1002,490,28
799.763,0,56540160,repair,23,3.48256e+07,3.48156e+07,2667,0,2,3,13,5,0,1504,1079,84
799.913,1,57445376,windows,0,7.22997e+06,7.21726e+06,1302,0,0,0,0,0,0,852,423,27
800.02,0,56562688,repair,7,2.59213e+07,2.59194e+07,2430,0,2,0,3,2,0,1527,841,62
800.175,1,57461760,windows,0,5.14258e+06,5.1351e+06,1125,0,0,0,0,0,0,765,331,29
800.28,0,56585216,windows,0,1.65821e+07,1.65611e+07,1911,0,0,0,0,0,0,1177,693,41
800.431,1,57478144,windows,0,3.7345e+06,3.72556e+06,952,0,0,0,0,0,0,646,286,20
800.545,0,56604672,windows,0,1.05719e+07,1.05719e+07,1576,0,0,0,0,0,0,1031,511,34
800.688,1,57496576,windows,0,2.6296e+06,2.6296e+06,802,0,0,0,0,0,0,549,236,17
800.807,0,56621056,windows,0,7.63144e+06,7.61834e+06,1332,0,0,0,0,0,0,869,438,25
800.95,1,57512960,windows,0,2.04075e+06,2.03656e+06,705,0,0,0,0,0,0,480,210,15
801.058,0,56637440,windows,0,5.61298e+06,5.61245e+06,1170,0,0,0,0,0,0,813,339,18
801.213,1,57529344,windows,0,1.49574e+06,1.4936e+06,610,0,0,0,0,0,0,429,169,12
801.309,0,56652800,windows,0,3.96078e+06,3.96019e+06,978,0,0,0,0,0,0,661,297,20
801.475,1,57545728,windows,0,1.15842e+06,1.15797e+06,539,0,0,0,0,0,0,373,151,15
801.563,0,56668160,windows,0,3.05347e+06,3.05291e+06,865,0,0,0,0,0,0,592,254,19
801.728,1,57562112,windows,0,901940,897204,470,0,0,0,0,0,0,318,140,12
801.814,0,56684544,windows,0,2.2413e+06,2.23698e+06,742,0,0,0,0,0,0,510,216,16
801.991,1,57581568,windows,0,651350,648652,400,0,0,0,0,0,0,270,119,11
802.064,0,56702976,windows,0,1.67509e+06,1.67465e+06,649,0,0,0,0,0,0,458,176,15
802.244,1,57600000,windows,0,461915,459798,338,0,0,0,0,0,0,235,96,7
802.329,0,56721408,windows,0,1.12892e+06,1.12683e+06,525,0,0,0,0,0,0,361,154,10
802.5,1,57617408,windows,0,344870,344668,294,0,0,0,0,0,0,206,81,7
802.59,0,56738816,windows,0,846655,846655,459,0,0,0,0,0,0,323,127,9
802.754,1,57634816,windows,0,279010,277392,266,0,0,0,0,0,0,188,71,7
802.844,0,56756224,windows,0,650045,647850,403,0,0,0,0,0,0,285,110,8
803.007,1,57652224,windows,0,228775,227931,241,0,0,0,0,0,0,169,65,7
803.099,0,56774656,windows,0,478610,475284,345,0,0,0,0,0,0,242,96,7
803.257,1,57669632,windows,0,158995,158995,196,0,0,0,0,0,0,127,62,7
803.359,0,56792064,windows,0,316445,315531,275,0,0,0,0,0,0,183,86,6
803.512,1,57682944,windows,0,131395,129766,182,0,0,0,0,0,0,127,50,5
803.612,0,56808448,windows,0,231005,229690,241,0,0,0,0,0,0,169,66,6
803.774,1,57696256,windows,0,108435,108435,164,0,0,0,0,0,0,111,48,5
803.875,0,56825856,windows,0,167015,167015,203,0,0,0,0,0,0,135,61,7
804.045,1,57709568,windows,0,95015,93403.8,155,0,0,0,0,0,0,103,45,7
804.125,0,56843264,windows,0,126370,126370,180,0,0,0,0,0,0,124,49,7
804.297,1,57722880,windows,0,83395,82748.8,142,0,0,0,0,0,0,89,46,7
804.385,0,56861696,windows,0,90805,89426.2,151,0,0,0,0,0,0,101,44,6
804.56,1,57737216,windows,0,74695,74492.5,137,0,0,0,0,0,0,89,41,7
804.644,0,56880128,windows,0,68360,67146.2,130,0,0,0,0,0,0,84,40,6
804.812,1,57750528,windows,0,57955,56806.2,116,0,0,0,0,0,0,71,40,5
804.907,0,56898560,windows,0,55125,55125,117,0,0,0,0,0,0,75,36,6
805.079,1,57764864,windows,0,53230,52435,109,0,0,0,0,0,0,64,40,5
805.171,0,56916992,windows,0,48700,48700,109,0,0,0,0,0,0,68,35,6
805.332,1,57778176,windows,0,50475,49760,110,0,0,0,0,0,0,69,36,5
805.43,0,56935424,windows,0,35095,35095,91,0,0,0,0,0,0,55,31,5
805.585,1,57791488,windows,0,45890,44866.2,103,0,0,0,0,0,0,62,36,5
805.682,0,56951808,windows,0,31090,30831.2,86,0,0,0,0,0,0,52,29,5
805.85,1,57805824,windows,0,42915,42200,98,0,0,0,0,0,0,57,36,5
805.939,0,56970240,windows,0,27275,27275,82,0,0,0,0,0,0,51,26,5
806.112,1,57820160,windows,0,37390,37390,91,0,0,0,0,0,0,52,34,5
806.201,0,56988672,windows,0,26770,26006.2,81,0,0,0,0,0,0,50,26,5
806.366,1,57834496,windows,0,34535,34535,87,0,0,0,0,0,0,49,33,5
806.457,0,57008128,windows,0,22850,22621.2,75,0,0,0,0,0,0,46,24,5
806.622,1,57848832,windows,0,29950,29395,85,0,0,0,0,0,0,52,28,5
806.713,0,57027584,windows,0,20305,20091.2,70,0,0,0,0,0,0,43,23,4
806.881,1,57863168,windows,0,29105,28306.2,84,0,0,0,0,0,0,53,27,4
806.967,0,57046016,windows,0,19880,19671.2,69,0,0,0,0,0,0,42,23,4
807.139,1,57877504,windows,0,26105,26105,78,0,0,0,0,0,0,47,27,4
807.228,0,57062400,windows,0,18120,18120,67,0,0,0,0,0,0,42,21,4
807.406,1,57891840,windows,0,23560,23331.2,75,0,0,0,0,0,0,46,25,4
807.48,0,57078784,windows,0,16145,16145,62,0,0,0,0,0,0,37,21,4
807.66,1,57905152,windows,0,21205,21205,73,0,0,0,0,0,0,47,22,4
807.733,0,57095168,windows,0,15780,15365,61,0,0,0,0,0,0,36,21,4
807.916,1,57919488,windows,0,20285,20285,71,0,0,0,0,0,0,45,22,4
807.997,0,57112576,windows,0,14395,14000,58,0,0,0,0,0,0,35,20,3
808.166,1,57933824,windows,0,19840,19840,70,0,0,0,0,0,0,44,22,4
808.256,0,57129984,windows,0,14395,14000,58,0,0,0,0,0,0,35,20,3
808.434,1,57948160,windows,0,18980,18980,68,0,0,0,0,0,0,42,22,4
808.516,0,57146368,windows,0,13715,13320,56,0,0,0,0,0,0,33,20,3
808.695,1,57961472,windows,0,17765,17571.2,65,0,0,0,0,0,0,39,22,4
808.773,0,57162752,windows,0,13390,12995,55,0,0,0,0,0,0,32,20,3
808.955,1,57975808,windows,0,17765,17571.2,65,0,0,0,0,0,0,39,22,4
809.036,0,57180160,windows,0,13390,12995,55,0,0,0,0,0,0,32,20,3
809.224,1,57991168,windows,0,17005,16821.2,63,0,0,0,0,0,0,37,22,4
809.289,0,57195520,windows,0,12475,12080,52,0,0,0,0,0,0,29,20,3
809.487,1,58005504,windows,0,15780,15601.2,61,0,0,0,0,0,0,36,21,4
809.545,0,57212928,windows,0,11695,11320,51,0,0,0,0,0,0,29,19,3
809.74,1,58018816,windows,0,15780,15601.2,61,0,0,0,0,0,0,36,21,4
809.799,0,57229312,windows,0,11695,11320,51,0,0,0,0,0,0,29,19,3
809.997,1,58034176,windows,0,15280,14845,58,0,0,0,0,0,0,32,22,4
810.05,0,57244672,windows,0,11410,11035,50,0,0,0,0,0,0,28,19,3
810.259,1,58050560,windows,0,14420,14261.2,57,0,0,0,0,0,0,32,21,4
810.306,0,57261056,windows,0,11410,11035,50,0,0,0,0,0,0,28,19,3
810.523,1,58067968,windows,0,13800,13651.2,55,0,0,0,0,0,0,30,21,4
810.561,0,57278464,windows,0,11410,11035,50,0,0,0,0,0,0,28,19,3
810.773,1,58084352,windows,0,13600,13328.8,56,0,0,0,0,0,0,32,20,4
810.826,0,57295872,windows,0,10670,10670,49,0,0,0,0,0,0,28,18,3
811.025,1,58100736,windows,0,13480,13198.8,57,0,0,0,0,0,0,34,19,4
811.086,0,57313280,windows,0,10395,10261.2,48,0,0,0,0,0,0,27,18,3
811.285,1,58119168,windows,0,12505,12392.5,54,0,0,0,0,0,0,31,19,4
811.344,0,57331712,windows,0,9310,9171.25,47,0,0,0,0,0,0,28,16,3
811.538,1,58137600,windows,0,11905,11648.8,52,0,0,0,0,0,0,29,19,4
811.597,0,57349120,windows,0,9310,9171.25,47,0,0,0,0,0,0,28,16,3
811.792,1,58153984,windows,0,11905,11648.8,52,0,0,0,0,0,0,29,19,4
811.85,0,57366528,windows,0,9035,9035,46,0,0,0,0,0,0,27,16,3
812.056,1,58171392,windows,0,11905,11648.8,52,0,0,0,0,0,0,29,19,4
812.101,0,57383936,windows,0,8825,8681.25,46,0,0,0,0,0,0,29,15,2
812.311,1,58187776,windows,0,11620,11132.5,51,0,0,0,0,0,0,28,19,4
812.365,0,57401344,windows,0,8540,8401.25,45,0,0,0,0,0,0,28,15,2
812.57,1,58204160,windows,0,11620,11132.5,51,0,0,0,0,0,0,28,19,4
812.621,0,57417728,windows,0,7745,7745,42,0,0,0,0,0,0,25,15,2
812.824,1,58221568,windows,0,11620,11132.5,51,0,0,0,0,0,0,28,19,4
812.884,0,57435136,windows,0,7745,7745,42,0,0,0,0,0,0,25,15,2
813.078,1,58240000,windows,0,10880,10767.5,50,0,0,0,0,0,0,28,18,4
813.136,0,57452544,windows,0,7745,7745,42,0,0,0,0,0,0,25,15,2
813.328,1,58257408,windows,0,10880,10767.5,50,0,0,0,0,0,0,28,18,4
813.398,0,57469952,windows,0,7500,7500,41,0,0,0,0,0,0,24,15,2
813.585,1,58274816,windows,0,10880,10767.5,50,0,0,0,0,0,0,28,18,4
813.653,0,57486336,windows,0,7500,7500,41,0,0,0,0,0,0,24,15,2
813.838,1,58292224,windows,0,10880,10767.5,50,0,0,0,0,0,0,28,18,4
813.915,0,57503744,windows,0,7500,7500,41,0,0,0,0,0,0,24,15,2
814.091,1,58310656,windows,0,10880,10767.5,50,0,0,0,0,0,0,28,18,4
814.165,0,57521152,windows,0,7500,7500,41,0,0,0,0,0,0,24,15,2
814.349,1,58329088,windows,0,10880,10767.5,50,0,0,0,0,0,0,28,18,4
814.424,0,57538560,windows,0,7500,7500,41,0,0,0,0,0,0,24,15,2
814.606,1,58347520,windows,0,10340,10227.5,48,0,0,0,0,0,0,26,18,4
814.678,0,57554944,windows,0,7265,7265,40,0,0,0,0,0,0,23,15,2
814.86,1,58366976,windows,0,10340,10227.5,48,0,0,0,0,0,0,26,18,4
814.938,0,57572352,windows,0,7265,7265,40,0,0,0,0,0,0,23,15,2
815.111,1,58385408,windows,0,10085,9972.5,47,0,0,0,0,0,0,25,18,4
815.202,0,57589760,windows,0,7265,7265,40,0,0,0,0,0,0,23,15,2
815.376,1,58403840,windows,0,10085,9972.5,47,0,0,0,0,0,0,25,18,4
815.463,0,57607168,windows,0,7040,7040,39,0,0,0,0,0,0,22,15,2
815.627,1,58422272,windows,0,9840,9727.5,46,0,0,0,0,0,0,24,18,4
815.713,0,57622528,windows,0,6825,6825,38,0,0,0,0,0,0,21,15,2
815.89,1,58439680,windows,0,9640,9398.75,47,0,0,0,0,0,0,26,17,4
815.977,0,57638912,windows,0,6825,6825,38,0,0,0,0,0,0,21,15,2
816.141,1,58458112,windows,0,9385,9272.5,46,0,0,0,0,0,0,25,17,4
816.237,0,57656320,windows,0,6825,6825,38,0,0,0,0,0,0,21,15,2
816.402,1,58476544,windows,0,9385,9272.5,46,0,0,0,0,0,0,25,17,4
816.491,0,57672704,windows,0,6825,6825,38,0,0,0,0,0,0,21,15,2
816.663,1,58496000,windows,0,9385,9272.5,46,0,0,0,0,0,0,25,17,4
816.753,0,57689088,windows,0,1780,1780,18,0,0,0,0,0,0,10,8,0
816.925,1,58513408,windows,0,1780,1780,18,0,0,0,0,0,0,10,8,0
817.016,0,57707520,windows,0,1780,1780,18,0,0,0,0,0,0,10,8,0
817.185,1,58531840,windows,0,1780,1780,18,0,0,0,0,0,0,10,8,0
817.27,0,57725952,windows,0,1780,1780,18,0,0,0,0,0,0,10,8,0
817.435,1,58548224,windows,0,1780,1780,18,0,0,0,0,0,0,10,8,0
817.531,0,57743360,windows,0,1780,1780,18,0,0,0,0,0,0,10,8,0
817.685,1,58563584,windows,0,1780,1780,18,0,0,0,0,0,0,10,8,0
817.792,0,57759744,windows,0,1780,1780,18,0,0,0,0,0,0,10,8,0
817.941,1,58578944,repair,0,1780,1780,18,0,0,0,0,0,0,10,8,0
818.054,0,57777152,windows,0,1780,1780,18,0,0,0,0,0,0,10,8,0
818.202,1,58595328,repair,0,1780,1780,18,0,0,0,0,0,0,10,8,0
818.307,0,57793536,windows,0,1780,1780,18,0,0,0,0,0,0,10,8,0
818.452,1,58611712,windows,0,1780,1780,18,0,0,0,0,0,0,10,8,0
818.566,0,57810944,windows,0,1780,1780,18,0,0,0,0,0,0,10,8,0
818.708,1,58629120,windows,0,1780,1780,18,0,0,0,0,0,0,10,8,0
818.83,0,57828352,windows,0,1780,1780,18,0,0,0,0,0,0,10,8,0
818.967,1,58646528,windows,0,1780,1780,18,0,0,0,0,0,0,10,8,0
819.093,0,57846784,windows,0,1780,1780,18,0,0,0,0,0,0,10,8,0
819.228,1,58664960,windows,0,1780,1780,18,0,0,0,0,0,0,10,8,0
819.343,0,57863168,windows,0,1780,1780,18,0,0,0,0,0,0,10,8,0
819.485,1,58680320,windows,0,1780,1780,18,0,0,0,0,0,0,10,8,0
819.603,0,57879552,windows,0,1780,1780,18,0,0,0,0,0,0,10,8,0
819.74,1,58694656,windows,0,1780,1780,18,0,0,0,0,0,0,10,8,0
819.857,0,57894912,windows,0,1780,1780,18,0,0,0,0,0,0,10,8,0
819.994,1,58707968,windows,0,1780,1780,18,0,0,0,0,0,0,10,8,0
820.11,0,57909248,windows,0,1780,1780,18,0,0,0,0,0,0,10,8,0
820.245,1,58721280,windows,0,1780,1780,18,0,0,0,0,0,0,10,8,0
820.37,0,57926656,windows,0,1780,1780,18,0,0,0,0,0,0,10,8,0
820.497,1,58734592,windows,0,1780,1780,18,0,0,0,0,0,0,10,8,0
820.632,0,57944064,windows,0,1780,1780,18,0,0,0,0,0,0,10,8,0
820.756,1,58748928,windows,0,1780,1780,18,0,0,0,0,0,0,10,8,0
820.882,0,57960448,windows,0,1780,1780,18,0,0,0,0,0,0,10,8,0
821.018,1,58763264,windows,0,1780,1780,18,0,0,0,0,0,0,10,8,0
821.142,0,57978880,windows,0,1780,1780,18,0,0,0,0,0,0,10,8,0
821.268,1,58777600,windows,0,1780,1780,18,0,0,0,0,0,0,10,8,0
821.397,0,57997312,windows,0,1780,1780,18,0,0,0,0,0,0,10,8,0
821.526,1,58791936,windows,0,1780,1780,18,0,0,0,0,0,0,10,8,0
821.649,0,58013696,windows,0,1780,1780,18,0,0,0,0,0,0,10,8,0
821.786,1,58805248,windows,0,1780,1780,18,0,0,0,0,0,0,10,8,0
821.9,0,58031104,windows,0,1780,1780,18,0,0,0,0,0,0,10,8,0
822.041,1,58818560,windows,0,1780,1780,18,0,0,0,0,0,0,10,8,0
822.154,0,58048512,windows,0,1780,1780,18,0,0,0,0,0,0,10,8,0
822.301,1,58833920,windows,0,1780,1780,18,0,0,0,0,0,0,10,8,0
822.406,0,58066944,windows,0,1780,1780,18,0,0,0,0,0,0,10,8,0
822.575,1,58849280,windows,0,1780,1780,18,0,0,0,0,0,0,10,8,0
822.669,0,58084352,windows,0,1780,1780,18,0,0,0,0,0,0,10,8,0
822.831,1,58863616,windows,0,1780,1780,18,0,0,0,0,0,0,10,8,0
822.925,0,58104832,windows,0,1780,1780,18,0,0,0,0,0,0,10,8,0
823.087,1,58877952,windows,0,1780,1780,18,0,0,0,0,0,0,10,8,0
823.177,0,58125312,windows,0,1780,1780,18,0,0,0,0,0,0,10,8,0
823.345,1,58892288,repair,0,1780,1780,18,0,0,0,0,0,0,10,8,0
823.429,0,58144768,windows,0,1780,1780,18,0,0,0,0,0,0,10,8,0
823.611,1,58906624,windows,0,1780,1780,18,0,0,0,0,0,0,10,8,0
823.684,0,58165248,windows,0,1780,1780,18,0,0,0,0,0,0,10,8,0
823.861,1,58919936,windows,0,1780,1780,18,0,0,0,0,0,0,10,8,0
823.942,0,58186752,windows,0,1780,1780,18,0,0,0,0,0,0,10,8,0
824.115,1,58933248,windows,0,1780,1780,18,0,0,0,0,0,0,10,8,0
824.194,0,58206208,windows,0,1780,1780,18,0,0,0,0,0,0,10,8,0
824.376,1,58947584,windows,0,1780,1780,18,0,0,0,0,0,0,10,8,0
824.454,0,58226688,windows,0,1780,1780,18,0,0,0,0,0,0,10,8,0
824.637,1,58960896,windows,0,1780,1780,18,0,0,0,0,0,0,10,8,0
824.706,0,58245120,windows,0,1780,1780,18,0,0,0,0,0,0,10,8,0
824.901,1,58975232,windows,0,1780,1780,18,0,0,0,0,0,0,10,8,0
824.96,0,58265600,windows,0,1780,1780,18,0,0,0,0,0,0,10,8,0
825.157,1,58991616,windows,0,1780,1780,18,0,0,0,0,0,0,10,8,0
825.22,0,58287104,windows,0,1780,1780,18,0,0,0,0,0,0,10,8,0
825.416,1,59009024,windows,0,1780,1780,18,0,0,0,0,0,0,10,8,0
825.481,0,58307584,windows,0,1780,1780,18,0,0,0,0,0,0,10,8,0
825.675,1,59026432,windows,0,1780,1780,18,0,0,0,0,0,0,10,8,0
825.738,0,58327040,windows,0,1780,1780,18,0,0,0,0,0,0,10,8,0
825.933,1,59043840,windows,0,1780,1780,18,0,0,0,0,0,0,10,8,0
825.99,0,58346496,repair,0,1780,1780,18,0,0,0,0,0,0,10,8,0
826.194,1,59062272,windows,0,1780,1780,18,0,0,0,0,0,0,10,8,0
826.253,0,58366976,windows,0,1780,1780,18,0,0,0,0,0,0,10,8,0
826.446,1,59079680,windows,0,1780,1780,18,0,0,0,0,0,0,10,8,0
826.512,0,58387456,windows,0,1780,1780,18,0,0,0,0,0,0,10,8,0
826.703,1,59097088,windows,0,1780,1780,18,0,0,0,0,0,0,10,8,0
826.763,0,58406912,windows,0,1780,1780,18,0,0,0,0,0,0,10,8,0
826.964,1,59115520,windows,0,1780,1780,18,0,0,0,0,0,0,10,8,0
827.014,0,58426368,windows,0,1780,1780,18,0,0,0,0,0,0,10,8,0
827.226,1,59133952,windows,0,1780,1780,18,0,0,0,0,0,0,10,8,0
827.265,0,58445824,windows,0,1780,1780,18,0,0,0,0,0,0,10,8,0
827.485,1,59153408,windows,0,1780,1780,18,0,0,0,0,0,0,10,8,0
827.524,0,58464256,windows,0,1780,1780,18,0,0,0,0,0,0,10,8,0
827.749,1,59170816,windows,0,1780,1780,18,0,0,0,0,0,0,10,8,0
827.774,0,58482688,windows,0,1780,1780,18,0,0,0,0,0,0,10,8,0
827.999,1,59186176,windows,0,1780,1780,18,0,0,0,0,0,0,10,8,0
828.032,0,58503168,windows,0,1780,1780,18,0,0,0,0,0,0,10,8,0
828.255,1,59202560,windows,0,1780,1780,18,0,0,0,0,0,0,10,8,0
828.283,0,58522624,windows,0,1780,1780,18,0,0,0,0,0,0,10,8,0
828.508,1,59218944,windows,0,1780,1780,18,0,0,0,0,0,0,10,8,0
828.546,0,58543104,windows,0,1780,1780,18,0,0,0,0,0,0,10,8,0
828.759,1,59235328,windows,0,1780,1780,18,0,0,0,0,0,0,10,8,0
828.802,0,58563584,windows,0,1780,1780,18,0,0,0,0,0,0,10,8,0
829.021,1,59251712,windows,0,1780,1780,18,0,0,0,0,0,0,10,8,0
829.058,0,58585088,repair,0,1780,1780,18,0,0,0,0,0,0,10,8,0
829.277,1,59266048,windows,0,1780,1780,18,0,0,0,0,0,0,10,8,0
829.318,0,58608640,windows,0,1780,1780,18,0,0,0,0,0,0,10,8,0
829.542,1,59281408,windows,0,1780,1780,18,0,0,0,0,0,0,10,8,0
829.569,0,58630144,windows,0,1780,1780,18,0,0,0,0,0,0,10,8,0
829.794,1,59293696,windows,0,1780,1780,18,0,0,0,0,0,0,10,8,0
829.83,0,58650624,windows,0,1780,1780,18,0,0,0,0,0,0,10,8,0
830.051,1,59307008,windows,0,1780,1780,18,0,0,0,0,0,0,10,8,0
830.09,0,58668032,windows,0,1780,1780,18,0,0,0,0,0,0,10,8,0
830.314,1,59321344,windows,0,1780,1780,18,0,0,0,0,0,0,10,8,0
830.35,0,58687488,windows,0,1780,1780,18,0,0,0,0,0,0,10,8,0
830.57,1,59335680,windows,0,1780,1780,18,0,0,0,0,0,0,10,8,0
830.611,0,58706944,windows,0,1780,1780,18,0,0,0,0,0,0,10,8,0
830.838,1,59351040,windows,0,1780,1780,18,0,0,0,0,0,0,10,8,0
830.87,0,58727424,windows,0,1780,1780,18,0,0,0,0,0,0,10,8,0
831.093,1,59365376,windows,0,1780,1780,18,0,0,0,0,0,0,10,8,0
831.132,0,58748928,windows,0,1780,1780,18,0,0,0,0,0,0,10,8,0
831.353,1,59379712,windows,0,1780,1780,18,0,0,0,0,0,0,10,8,0
831.387,0,58770432,windows,0,1780,1780,18,0,0,0,0,0,0,10,8,0
831.612,1,59394048,repair,0,1780,1780,18,0,0,0,0,0,0,10,8,0
831.644,0,58790912,windows,0,1780,1780,18,0,0,0,0,0,0,10,8,0
831.864,1,59413504,repair,0,1780,1780,18,0,0,0,0,0,0,10,8,0
831.899,0,58811392,windows,0,1780,1780,18,0,0,0,0,0,0,10,8,0
832.119,1,59431936,windows,0,1780,1780,18,0,0,0,0,0,0,10,8,0
832.154,0,58830848,windows,0,1780,1780,18,0,0,0,0,0,0,10,8,0
832.381,1,59449344,windows,0,1780,1780,18,0,0,0,0,0,0,10,8,0
832.411,0,58849280,windows,0,1780,1780,18,0,0,0,0,0,0,10,8,0
832.64,1,59465728,windows,0,1780,1780,18,0,0,0,0,0,0,10,8,0
832.662,0,58868736,windows,0,1780,1780,18,0,0,0,0,0,0,10,8,0
832.903,1,59482112,windows,0,1780,1780,18,0,0,0,0,0,0,10,8,0
832.915,0,58887168,windows,0,1780,1780,18,0,0,0,0,0,0,10,8,0
833.161,1,59499520,windows,0,1780,1780,18,0,0,0,0,0,0,10,8,0
833.174,0,58907648,repair,315,6.35256e+07,6.3487e+07,3515,32,59,52,118,54,0,1972,1441,102
833.414,1,59515904,windows,0,1780,1780,18,0,0,0,0,0,0,10,8,0
833.428,0,58933248,repair,184,5.78325e+07,5.78021e+07,3417,8,38,30,82,26,0,1944,1374,99
833.67,1,59532288,windows,0,1780,1780,18,0,0,0,0,0,0,10,8,0
833.688,0,58957824,repair,105,5.02348e+07,5.02322e+07,3173,7,15,15,47,21,0,1787,1299,87
833.921,1,59548672,windows,0,1780,1780,18,0,0,0,0,0,0,10,8,0
833.94,0,58981376,repair,50,3.86858e+07,3.86617e+07,2862,2,11,6,19,12,0,1692,1099,71
834.18,1,59566080,windows,0,1780,1780,18,0,0,0,0,0,0,10,8,0
834.202,0,59004928,repair,12,3.4007e+07,3.39785e+07,2687,0,2,2,4,4,0,1597,1028,62
834.431,1,59579392,windows,0,1780,1780,18,0,0,0,0,0,0,10,8,0
834.454,0,59027456,repair,1,2.34271e+07,2.34094e+07,2303,0,0,0,1,0,0,1445,803,55
834.687,1,59592704,windows,0,1780,1780,18,0,0,0,0,0,0,10,8,0
834.712,0,59048960,windows,0,1.42943e+07,1.42929e+07,1826,0,0,0,0,0,0,1171,607,48
834.948,1,59607040,windows,0,1780,1780,18,0,0,0,0,0,0,10,8,0
834.968,0,59068416,windows,0,9.64439e+06,9.64347e+06,1518,0,0,0,0,0,0,1014,473,31
835.206,1,59620352,windows,0,1780,1780,18,0,0,0,0,0,0,10,8,0
835.22,0,59086848,windows,0,6.73402e+06,6.73319e+06,1265,0,0,0,0,0,0,836,401,28
835.463,1,59633664,windows,0,1780,1780,18,0,0,0,0,0,0,10,8,0
835.476,0,59104256,windows,0,4.61122e+06,4.60114e+06,1049,0,0,0,0,0,0,693,331,25
835.73,1,59646976,windows,0,1780,1780,18,0,0,0,0,0,0,10,8,0
835.733,0,59121664,windows,0,3.40883e+06,3.40054e+06,925,0,0,0,0,0,0,652,252,21
835.988,0,59140096,windows,0,2.4374e+06,2.43267e+06,784,0,0,0,0,0,0,556,210,18
835.989,1,59660288,repair,0,1780,1780,18,0,0,0,0,0,0,10,8,0
836.239,0,59156480,windows,0,1.83155e+06,1.83155e+06,677,0,0,0,0,0,0,476,186,15
836.254,1,59673600,repair,0,1780,1780,18,0,0,0,0,0,0,10,8,0
836.493,0,59173888,windows,0,1.2335e+06,1.2335e+06,553,0,0,0,0,0,0,380,159,14
836.507,1,59687936,windows,0,1780,1780,18,0,0,0,0,0,0,10,8,0
836.753,0,59193344,windows,0,889010,884394,474,0,0,0,0,0,0,332,129,13
836.776,1,59702272,windows,0,1780,1780,18,0,0,0,0,0,0,10,8,0
837.01,0,59210752,windows,0,678880,677139,413,0,0,0,0,0,0,290,113,10
837.043,1,59716608,windows,0,1780,1780,18,0,0,0,0,0,0,10,8,0
837.272,0,59229184,windows,0,524120,523828,368,0,0,0,0,0,0,268,90,10
837.303,1,59730944,windows,0,1780,1780,18,0,0,0,0,0,0,10,8,0
837.526,0,59246592,windows,0,367510,365712,302,0,0,0,0,0,0,214,83,5
837.558,1,59745280,windows,0,1780,1780,18,0,0,0,0,0,0,10,8,0
837.791,0,59265024,windows,0,282070,279706,266,0,0,0,0,0,0,190,71,5
837.817,1,59758592,windows,0,1780,1780,18,0,0,0,0,0,0,10,8,0
838.046,0,59282432,windows,0,223790,222515,237,0,0,0,0,0,0,168,64,5
838.083,1,59772928,windows,0,1780,1780,18,0,0,0,0,0,0,10,8,0
838.298,0,59299840,windows,0,178415,178415,211,0,0,0,0,0,0,147,59,5
838.351,1,59787264,windows,0,1780,1780,18,0,0,0,0,0,0,10,8,0
838.559,0,59318272,windows,0,131710,130056,181,0,0,0,0,0,0,124,52,5
838.605,1,59800576,windows,0,1780,1780,18,0,0,0,0,0,0,10,8,0
838.813,0,59337728,windows,0,99615,99615,161,0,0,0,0,0,0,117,39,5
838.873,1,59814912,windows,0,1780,1780,18,0,0,0,0,0,0,10,8,0
839.069,0,59358208,windows,0,80150,79641.2,144,0,0,0,0,0,0,102,37,5
839.139,1,59829248,windows,0,1780,1780,18,0,0,0,0,0,0,10,8,0
839.33,0,59377664,windows,0,69430,68818.8,134,0,0,0,0,0,0,94,35,5
839.399,1,59843584,windows,0,1780,1780,18,0,0,0,0,0,0,10,8,0
839.586,0,59396096,windows,0,53315,53172.5,114,0,0,0,0,0,0,73,36,5
839.662,1,59857920,windows,0,1780,1780,18,0,0,0,0,0,0,10,8,0
839.843,0,59414528,windows,0,45650,44852.5,106,0,0,0,0,0,0,68,33,5
839.923,1,59872256,windows,0,1780,1780,18,0,0,0,0,0,0,10,8,0
840.104,0,59430912,windows,0,41750,41278.8,102,0,0,0,0,0,0,66,31,5
840.191,1,59885568,repair,498,2.11883e+07,2.11732e+07,1636,10,23,21,292,152,0,1014,505,117
840.357,0,59449344,windows,0,35570,34995,94,0,0,0,0,0,0,60,29,5
840.447,1,59901952,repair,272,6.75986e+07,6.75547e+07,3584,13,46,50,116,47,0,1936,1526,122
840.616,0,59468800,windows,0,28820,28820,86,0,0,0,0,0,0,58,24,4
840.706,1,59918336,repair,204,5.54213e+07,5.53906e+07,3315,15,40,36,71,42,0,1835,1365,115
840.875,0,59489280,windows,0,27680,27680,84,0,0,0,0,0,0,56,24,4
840.965,1,59934720,repair,145,4.70335e+07,4.70214e+07,3127,8,28,29,53,27,0,1796,1227,104
841.136,0,59509760,windows,0,26185,25911.2,82,0,0,0,0,0,0,55,23,4
841.219,1,59950080,repair,96,4.6076e+07,4.60676e+07,3025,7,8,20,42,19,0,1694,1251,80
841.387,0,59528192,windows,0,25285,25285,81,0,0,0,0,0,0,55,22,4
841.476,1,59966464,repair,59,4.00599e+07,4.00286e+07,2824,1,5,6,30,17,0,1580,1168,76
841.641,0,59545600,windows,0,23165,23165,77,0,0,0,0,0,0,51,22,4
841.731,1,59981824,repair,36,3.40588e+07,3.40508e+07,2690,1,6,6,14,9,0,1601,1027,62
841.905,0,59564032,windows,0,22165,22165,75,0,0,0,0,0,0,49,22,4
841.982,1,59997184,repair,17,2.94933e+07,2.94933e+07,2533,1,2,0,13,1,0,1540,936,57
842.16,0,59581440,windows,0,21205,21205,73,0,0,0,0,0,0,47,22,4
842.237,1,60012544,repair,7,2.51575e+07,2.51403e+07,2344,2,0,0,4,1,0,1429,862,53
842.411,0,59598848,windows,0,19425,19201.2,70,0,0,0,0,0,0,45,21,4
842.497,1,60027904,windows,0,1.86304e+07,1.86096e+07,2047,0,0,0,0,0,0,1283,719,45
842.673,0,59616256,windows,0,18120,18120,67,0,0,0,0,0,0,42,21,4
842.765,1,60042240,windows,0,1.28761e+07,1.28705e+07,1738,0,0,0,0,0,0,1129,568,41
842.935,0,59633664,windows,0,17300,17300,66,0,0,0,0,0,0,42,20,4
843.024,1,60056576,windows,0,9.40775e+06,9.4028e+06,1496,0,0,0,0,0,0,990,473,33
843.19,0,59651072,windows,0,16480,16480,64,0,0,0,0,0,0,40,20,4
843.281,1,60069888,windows,0,7.32151e+06,7.3081e+06,1338,0,0,0,0,0,0,910,397,31
843.443,0,59669504,windows,0,16480,16480,64,0,0,0,0,0,0,40,20,4
843.542,1,60084224,windows,0,5.4661e+06,5.45438e+06,1150,0,0,0,0,0,0,770,352,28
843.7,0,59686912,windows,0,16085,15891.2,63,0,0,0,0,0,0,39,20,4
843.804,1,60097536,windows,0,4.12466e+06,4.11543e+06,1014,0,0,0,0,0,0,701,287,26
843.959,0,59705344,windows,0,15700,15511.2,62,0,0,0,0,0,0,38,20,4
844.059,1,60110848,windows,0,3.30373e+06,3.30003e+06,904,0,0,0,0,0,0,628,257,19
844.209,0,59723776,windows,0,15325,14746.2,61,0,0,0,0,0,0,37,20,4
844.316,1,60124160,windows,0,2.6273e+06,2.62413e+06,797,0,0,0,0,0,0,540,241,16
844.461,0,59743232,windows,0,14470,14470,58,0,0,0,0,0,0,38,19,1
844.57,1,60137472,windows,0,2.11616e+06,2.11616e+06,721,0,0,0,0,0,0,499,208,14
844.721,0,59763712,windows,0,14470,14470,58,0,0,0,0,0,0,38,19,1
844.821,1,60149760,windows,0,1.71782e+06,1.71394e+06,646,0,0,0,0,0,0,438,194,14
844.977,0,59784192,windows,0,13080,13027.5,56,0,0,0,0,0,0,36,18,2
845.08,1,60163072,windows,0,1.32188e+06,1.31627e+06,575,0,0,0,0,0,0,401,160,14
845.227,0,59804672,windows,0,12635,12461.2,54,0,0,0,0,0,0,35,18,1
845.334,1,60176384,windows,0,1.06363e+06,1.05894e+06,513,0,0,0,0,0,0,356,146,11
845.48,0,59825152,windows,0,12290,12290,53,0,0,0,0,0,0,34,18,1
845.595,1,60189696,windows,0,865730,865730,460,0,0,0,0,0,0,312,137,11
845.739,0,59844608,windows,0,11590,11086.2,52,0,0,0,0,0,0,34,17,1
845.853,1,60203008,windows,0,706690,704999,413,0,0,0,0,0,0,274,128,11
846.001,0,59865088,windows,0,9975,9811.25,49,0,0,0,0,0,0,33,15,1
846.12,1,60216320,windows,0,594710,592112,386,0,0,0,0,0,0,262,111,13
846.251,0,59884544,windows,0,9975,9811.25,49,0,0,0,0,0,0,33,15,1
846.39,1,60229632,windows,0,468595,468595,338,0,0,0,0,0,0,223,104,11
846.512,0,59906048,windows,0,9975,9811.25,49,0,0,0,0,0,0,33,15,1
846.653,1,60241920,windows,0,390605,387846,317,0,0,0,0,0,0,225,82,10
846.773,0,59926528,windows,0,9975,9811.25,49,0,0,0,0,0,0,33,15,1
846.918,1,60255232,windows,0,318965,318672,281,0,0,0,0,0,0,187,84,10
847.035,0,59947008,windows,0,8530,8530,46,0,0,0,0,0,0,32,13,1
847.179,1,60268544,windows,0,271200,270271,265,0,0,0,0,0,0,186,69,10
847.291,0,59967488,windows,0,8215,8215,45,0,0,0,0,0,0,31,13,1
847.437,1,60281856,windows,0,239875,238218,246,0,0,0,0,0,0,167,70,9
847.543,0,59987968,windows,0,8030,7871.25,45,0,0,0,0,0,0,32,12,1
847.697,1,60295168,windows,0,208915,207899,228,0,0,0,0,0,0,151,68,9
847.793,0,60008448,windows,0,7410,7410,43,0,0,0,0,0,0,30,12,1
847.952,1,60308480,windows,0,164935,164935,203,0,0,0,0,0,0,137,59,7
848.049,0,60029952,windows,0,7115,7115,42,0,0,0,0,0,0,29,12,1
848.213,1,60322816,windows,0,137195,136040,182,0,0,0,0,0,0,117,58,7
848.311,0,60052480,windows,0,6535,6535,39,0,0,0,0,0,0,25,13,1
848.471,1,60336128,windows,0,114915,114915,166,0,0,0,0,0,0,105,54,7
848.57,0,60073984,windows,0,6535,6535,39,0,0,0,0,0,0,25,13,1
848.731,1,60349440,windows,0,101035,100501,160,0,0,0,0,0,0,107,46,7
848.824,0,60094464,windows,0,6535,6535,39,0,0,0,0,0,0,25,13,1
848.985,1,60362752,windows,0,93990,93787.5,154,0,0,0,0,0,0,102,45,7
849.081,0,60114944,windows,0,5555,5555,36,0,0,0,0,0,0,23,12,1
849.254,1,60377088,windows,0,78910,78707.5,139,0,0,0,0,0,0,88,44,7
849.342,0,60136448,windows,0,5330,5330,35,0,0,0,0,0,0,22,12,1
849.512,1,60390400,windows,0,69650,69088.8,130,0,0,0,0,0,0,84,41,5
849.593,0,60156928,windows,0,5095,5095,35,0,0,0,0,0,0,23,11,1
849.77,1,60403712,windows,0,63170,63027.5,123,0,0,0,0,0,0,78,40,5
849.85,0,60177408,windows,0,5095,5095,35,0,0,0,0,0,0,23,11,1
850.038,1,60418048,windows,0,57010,56488.8,118,0,0,0,0,0,0,76,37,5
850.108,0,60197888,windows,0,4870,4870,34,0,0,0,0,0,0,22,11,1
850.291,1,60431360,windows,0,51875,51378.8,112,0,0,0,0,0,0,71,36,5
850.36,0,60218368,windows,0,4870,4870,34,0,0,0,0,0,0,22,11,1
850.545,1,60444672,windows,0,49750,49607.5,110,0,0,0,0,0,0,70,35,5
850.615,0,60238848,windows,0,4870,4870,34,0,0,0,0,0,0,22,11,1
850.811,1,60456960,windows,0,43655,43188.8,103,0,0,0,0,0,0,65,33,5
850.868,0,60259328,windows,0,1780,1780,18,0,0,0,0,0,0,10,8,0
851.069,1,60470272,windows,0,37970,36923.8,97,0,0,0,0,0,0,62,30,5
851.118,0,60279808,windows,0,1780,1780,18,0,0,0,0,0,0,10,8,0
851.326,1,60483584,windows,0,34550,33872.5,94,0,0,0,0,0,0,62,27,5
851.376,0,60300288,windows,0,1780,1780,18,0,0,0,0,0,0,10,8,0
851.589,1,60496896,windows,0,33935,33792.5,93,0,0,0,0,0,0,61,27,5
851.641,0,60319744,windows,0,1780,1780,18,0,0,0,0,0,0,10,8,0
851.852,1,60510208,windows,0,31575,31148.8,89,0,0,0,0,0,0,57,27,5
851.893,0,60334080,windows,0,1780,1780,18,0,0,0,0,0,0,10,8,0
852.105,1,60523520,windows,0,29950,29528.8,87,0,0,0,0,0,0,56,26,5
852.148,0,60350464,windows,0,1780,1780,18,0,0,0,0,0,0,10,8,0
852.373,1,60537856,windows,0,24770,24152.5,79,0,0,0,0,0,0,50,24,5
852.411,0,60367872,windows,0,1780,1780,18,0,0,0,0,0,0,10,8,0
852.624,1,60551168,windows,0,22435,22292.5,76,0,0,0,0,0,0,49,22,5
852.672,0,60385280,windows,0,1780,1780,18,0,0,0,0,0,0,10,8,0
852.878,1,60565504,windows,0,20615,20238.8,73,0,0,0,0,0,0,47,21,5
852.936,0,60403712,windows,0,1780,1780,18,0,0,0,0,0,0,10,8,0
853.139,1,60580864,windows,0,19250,18888.8,70,0,0,0,0,0,0,44,21,5
853.192,0,60423168,windows,0,1780,1780,18,0,0,0,0,0,0,10,8,0
853.395,1,60596224,windows,0,19250,18888.8,70,0,0,0,0,0,0,44,21,5
853.451,0,60444672,windows,0,1780,1780,18,0,0,0,0,0,0,10,8,0
853.651,1,60610560,windows,0,17975,17213.8,67,0,0,0,0,0,0,41,21,5
853.703,0,60464128,windows,0,1780,1780,18,0,0,0,0,0,0,10,8,0
853.907,1,60624896,windows,0,17975,17213.8,67,0,0,0,0,0,0,41,21,5
853.959,0,60484608,windows,0,1780,1780,18,0,0,0,0,0,0,10,8,0
854.158,1,60639232,windows,0,17090,16393.8,64,0,0,0,0,0,0,40,21,3
854.21,0,60505088,windows,0,1780,1780,18,0,0,0,0,0,0,10,8,0
854.413,1,60653568,windows,0,16310,15812.5,62,0,0,0,0,0,0,38,21,3
854.461,0,60524544,windows,0,1780,1780,18,0,0,0,0,0,0,10,8,0
854.673,1,60667904,windows,0,15935,15437.5,61,0,0,0,0,0,0,37,21,3
854.717,0,60544000,windows,0,1780,1780,18,0,0,0,0,0,0,10,8,0
854.933,1,60683264,windows,0,15115,14637.5,60,0,0,0,0,0,0,37,20,3
854.978,0,60563456,windows,0,1780,1780,18,0,0,0,0,0,0,10,8,0
855.193,1,60698624,windows,0,14750,14272.5,59,0,0,0,0,0,0,36,20,3
855.236,0,60583936,windows,0,1780,1780,18,0,0,0,0,0,0,10,8,0
855.45,1,60713984,windows,0,14335,14252.5,59,0,0,0,0,0,0,37,19,3
855.489,0,60604416,windows,0,1780,1780,18,0,0,0,0,0,0,10,8,0
855.715,1,60729344,windows,0,13970,13887.5,58,0,0,0,0,0,0,36,19,3
855.74,0,60623872,repair,0,1780,1780,18,0,0,0,0,0,0,10,8,0
855.974,1,60744704,windows,0,13615,13532.5,57,0,0,0,0,0,0,35,19,3
855.992,0,60644352,windows,0,1780,1780,18,0,0,0,0,0,0,10,8,0
856.227,1,60760064,windows,0,13230,12613.8,57,0,0,0,0,0,0,36,18,3
856.252,0,60664832,windows,0,1780,1780,18,0,0,0,0,0,0,10,8,0
856.483,1,60774400,windows,0,12530,12092.5,55,0,0,0,0,0,0,34,18,3
856.513,0,60683264,windows,0,1780,1780,18,0,0,0,0,0,0,10,8,0
856.734,1,60787712,windows,0,12530,12092.5,55,0,0,0,0,0,0,34,18,3
856.778,0,60700672,windows,0,1780,1780,18,0,0,0,0,0,0,10,8,0
856.996,1,60801024,windows,0,12530,12092.5,55,0,0,0,0,0,0,34,18,3
857.029,0,60717056,windows,0,1780,1780,18,0,0,0,0,0,0,10,8,0
857.256,1,60816384,windows,0,12530,12092.5,55,0,0,0,0,0,0,34,18,3
857.29,0,60734464,windows,0,1780,1780,18,0,0,0,0,0,0,10,8,0
857.52,1,60830720,windows,0,12530,12092.5,55,0,0,0,0,0,0,34,18,3
857.547,0,60750848,windows,0,1780,1780,18,0,0,0,0,0,0,10,8,0
857.773,1,60844032,windows,0,12530,12092.5,55,0,0,0,0,0,0,34,18,3
857.798,0,60767232,windows,0,1780,1780,18,0,0,0,0,0,0,10,8,0
858.025,1,60858368,windows,0,11830,11243.8,54,0,0,0,0,0,0,34,17,3
858.06,0,60785664,windows,0,1780,1780,18,0,0,0,0,0,0,10,8,0
858.28,1,60872704,windows,0,11830,11243.8,54,0,0,0,0,0,0,34,17,3
858.31,0,60803072,windows,0,1780,1780,18,0,0,0,0,0,0,10,8,0
858.546,1,60888064,windows,0,11170,10918.8,53,0,0,0,0,0,0,34,16,3
858.571,0,60820480,windows,0,1780,1780,18,0,0,0,0,0,0,10,8,0
858.796,1,60901376,windows,0,11170,10918.8,53,0,0,0,0,0,0,34,16,3
858.822,0,60837888,windows,0,1780,1780,18,0,0,0,0,0,0,10,8,0
859.05,1,60915712,windows,0,10835,10588.8,52,0,0,0,0,0,0,33,16,3
859.08,0,60854272,repair,0,1780,1780,18,0,0,0,0,0,0,10,8,0
859.313,1,60929024,windows,0,10510,10268.8,51,0,0,0,0,0,0,32,16,3
859.333,0,60871680,windows,0,1780,1780,18,0,0,0,0,0,0,10,8,0
859.565,1,60942336,windows,0,10510,10268.8,51,0,0,0,0,0,0,32,16,3
859.584,0,60888064,windows,0,1780,1780,18,0,0,0,0,0,0,10,8,0
859.83,1,60955648,windows,0,10195,9958.75,50,0,0,0,0,0,0,31,16,3
859.842,0,60904448,windows,0,1780,1780,18,0,0,0,0,0,0,10,8,0
860.086,1,60969984,windows,0,10195,9958.75,50,0,0,0,0,0,0,31,16,3
860.102,0,60920832,windows,0,1780,1780,18,0,0,0,0,0,0,10,8,0
860.341,1,60983296,windows,0,10195,9958.75,50,0,0,0,0,0,0,31,16,3
860.356,0,60936192,windows,0,1780,1780,18,0,0,0,0,0,0,10,8,0
860.604,1,60996608,windows,0,9890,9658.75,49,0,0,0,0,0,0,30,16,3
860.61,0,60951552,windows,0,1780,1780,18,0,0,0,0,0,0,10,8,0
860.865,1,61009920,windows,0,9595,9368.75,48,0,0,0,0,0,0,29,16,3
860.874,0,60967936,windows,0,1780,1780,18,0,0,0,0,0,0,10,8,0
861.126,1,61024256,windows,0,9595,9368.75,48,0,0,0,0,0,0,29,16,3
861.127,0,60984320,windows,0,1780,1780,18,0,0,0,0,0,0,10,8,0
861.384,1,61038592,windows,0,9595,9368.75,48,0,0,0,0,0,0,29,16,3
861.386,0,61001728,windows,0,1780,1780,18,0,0,0,0,0,0,10,8,0
861.638,0,61017088,windows,0,1780,1780,18,0,0,0,0,0,0,10,8,0
861.648,1,61052928,windows,0,9035,8952.5,46,0,0,0,0,0,0,27,16,3
861.9,1,61067264,windows,0,9035,8952.5,46,0,0,0,0,0,0,27,16,3
861.902,0,61034496,windows,0,1780,1780,18,0,0,0,0,0,0,10,8,0
862.157,1,61081600,windows,0,8825,8772.5,46,0,0,0,0,0,0,29,15,2
862.167,0,61051904,windows,0,1780,1780,18,0,0,0,0,0,0,10,8,0
862.424,1,61096960,windows,0,8825,8772.5,46,0,0,0,0,0,0,29,15,2
862.428,0,61069312,windows,0,1780,1780,18,0,0,0,0,0,0,10,8,0
862.675,1,61110272,windows,0,8825,8772.5,46,0,0,0,0,0,0,29,15,2
862.686,0,61086720,repair,0,1780,1780,18,0,0,0,0,0,0,10,8,0
862.932,1,61124608,windows,0,8825,8772.5,46,0,0,0,0,0,0,29,15,2
862.95,0,61105152,windows,0,1780,1780,18,0,0,0,0,0,0,10,8,0
863.194,1,61138944,windows,0,8825,8772.5,46,0,0,0,0,0,0,29,15,2
863.201,0,61121536,windows,0,1780,1780,18,0,0,0,0,0,0,10,8,0
863.444,1,61153280,windows,0,8265,8078.75,44,0,0,0,0,0,0,27,15,2
863.453,0,61136896,windows,0,1780,1780,18,0,0,0,0,0,0,10,8,0
863.695,1,61166592,windows,0,8265,8078.75,44,0,0,0,0,0,0,27,15,2
863.714,0,61153280,windows,0,1780,1780,18,0,0,0,0,0,0,10,8,0
863.949,1,61180928,windows,0,8265,8078.75,44,0,0,0,0,0,0,27,15,2
863.967,0,61169664,windows,0,1780,1780,18,0,0,0,0,0,0,10,8,0
864.21,1,61196288,windows,0,6920,6728.75,42,0,0,0,0,0,0,28,12,2
864.22,0,61186048,windows,0,1780,1780,18,0,0,0,0,0,0,10,8,0
864.473,0,61201408,windows,0,1780,1780,18,0,0,0,0,0,0,10,8,0
864.473,1,61211648,windows,0,6645,6592.5,41,0,0,0,0,0,0,27,12,2
864.729,1,61225984,windows,0,6645,6592.5,41,0,0,0,0,0,0,27,12,2
864.74,0,61217792,windows,0,1780,1780,18,0,0,0,0,0,0,10,8,0
864.985,1,61240320,windows,0,6645,6592.5,41,0,0,0,0,0,0,27,12,2
864.995,0,61234176,windows,0,1780,1780,18,0,0,0,0,0,0,10,8,0
865.235,1,61254656,windows,0,6380,6198.75,40,0,0,0,0,0,0,26,12,2
865.252,0,61250560,windows,0,1780,1780,18,0,0,0,0,0,0,10,8,0
865.492,1,61268992,windows,0,6380,6198.75,40,0,0,0,0,0,0,26,12,2
865.509,0,61266944,windows,0,1780,1780,18,0,0,0,0,0,0,10,8,0
865.753,1,61283328,windows,0,6125,5948.75,39,0,0,0,0,0,0,25,12,2
865.761,0,61282304,windows,0,1780,1780,18,0,0,0,0,0,0,10,8,0
866.012,1,61297664,windows,0,6125,5948.75,39,0,0,0,0,0,0,25,12,2
866.015,0,61297664,windows,0,1780,1780,18,0,0,0,0,0,0,10,8,0
866.267,0,61312000,windows,0,1780,1780,18,0,0,0,0,0,0,10,8,0
866.271,1,61312000,windows,0,6125,5948.75,39,0,0,0,0,0,0,25,12,2
866.522,0,61327360,windows,0,1780,1780,18,0,0,0,0,0,0,10,8,0
866.523,1,61327360,windows,0,6125,5948.75,39,0,0,0,0,0,0,25,12,2
866.78,1,61341696,windows,0,1780,1780,18,0,0,0,0,0,0,10,8,0
866.785,0,61343744,windows,0,1780,1780,18,0,0,0,0,0,0,10,8,0
867.042,1,61356032,windows,0,1780,1780,18,0,0,0,0,0,0,10,8,0
867.049,0,61360128,windows,0,1780,1780,18,0,0,0,0,0,0,10,8,0
867.295,1,61370368,windows,0,1780,1780,18,0,0,0,0,0,0,10,8,0
867.299,0,61375488,windows,0,1780,1780,18,0,0,0,0,0,0,10,8,0
867.551,0,61389824,windows,0,1780,1780,18,0,0,0,0,0,0,10,8,0
867.551,1,61384704,windows,0,1780,1780,18,0,0,0,0,0,0,10,8,0
867.802,0,61405184,repair,0,1780,1780,18,0,0,0,0,0,0,10,8,0
867.819,1,61399040,windows,0,1780,1780,18,0,0,0,0,0,0,10,8,0
868.059,0,61423616,repair,0,1780,1780,18,0,0,0,0,0,0,10,8,0
868.07,1,61414400,windows,0,1780,1780,18,0,0,0,0,0,0,10,8,0
868.316,0,61441024,windows,0,1780,1780,18,0,0,0,0,0,0,10,8,0
868.329,1,61430784,windows,0,1780,1780,18,0,0,0,0,0,0,10,8,0
868.579,0,61458432,windows,0,1780,1780,18,0,0,0,0,0,0,10,8,0
868.591,1,61445120,windows,0,1780,1780,18,0,0,0,0,0,0,10,8,0
868.83,0,61474816,windows,0,1780,1780,18,0,0,0,0,0,0,10,8,0
868.848,1,61459456,windows,0,1780,1780,18,0,0,0,0,0,0,10,8,0
869.093,0,61492224,windows,0,1780,1780,18,0,0,0,0,0,0,10,8,0
869.107,1,61473792,windows,0,1780,1780,18,0,0,0,0,0,0,10,8,0
869.345,0,61507584,windows,0,1780,1780,18,0,0,0,0,0,0,10,8,0
869.374,1,61488128,windows,0,1780,1780,18,0,0,0,0,0,0,10,8,0
869.605,0,61522944,repair,367,7.26146e+07,7.2601e+07,3701,28,71,66,124,78,0,2027,1561,113
869.639,1,61501440,windows,0,1780,1780,18,0,0,0,0,0,0,10,8,0
869.862,0,61542400,repair,248,6.32427e+07,6.32294e+07,3496,21,35,43,91,58,0,1897,1472,127
869.892,1,61514752,windows,0,1780,1780,18,0,0,0,0,0,0,10,8,0
870.113,0,61560832,repair,173,5.55693e+07,5.55388e+07,3313,12,22,34,76,29,0,1839,1371,103
870.147,1,61528064,windows,0,1780,1780,18,0,0,0,0,0,0,10,8,0
870.37,0,61580288,repair,112,5.05477e+07,5.05358e+07,3235,8,17,17,48,22,0,1876,1273,86
870.4,1,61541376,windows,0,1780,1780,18,0,0,0,0,0,0,10,8,0
870.622,0,61598720,repair,64,4.22946e+07,4.22627e+07,2969,6,13,8,22,15,0,1734,1162,73
870.661,1,61554688,windows,0,1780,1780,18,0,0,0,0,0,0,10,8,0
870.877,0,61617152,repair,29,3.66387e+07,3.66091e+07,2798,0,5,4,13,7,0,1653,1067,78
870.919,1,61568000,windows,0,1780,1780,18,0,0,0,0,0,0,10,8,0
871.13,0,61636608,repair,8,3.00048e+07,2.99781e+07,2544,0,2,1,2,3,0,1526,955,63
871.178,1,61582336,windows,0,1780,1780,18,0,0,0,0,0,0,10,8,0
871.384,0,61656064,repair,1,2.11476e+07,2.11312e+07,2205,0,0,0,1,0,0,1408,747,50
871.436,1,61595648,windows,0,1780,1780,18,0,0,0,0,0,0,10,8,0
871.637,0,61674496,windows,0,1.35772e+07,1.35597e+07,1781,0,0,0,0,0,0,1147,589,45
871.692,1,61608960,windows,0,1780,1780,18,0,0,0,0,0,0,10,8,0
871.889,0,61691904,windows,0,8.93354e+06,8.92783e+06,1456,0,0,0,0,0,0,965,461,30
871.951,1,61623296,windows,0,1780,1780,18,0,0,0,0,0,0,10,8,0
872.154,0,61709312,windows,0,6.21238e+06,6.20706e+06,1245,0,0,0,0,0,0,855,355,35
872.204,1,61636608,windows,0,1780,1780,18,0,0,0,0,0,0,10,8,0
872.406,0,61725696,windows,0,4.28094e+06,4.28013e+06,1029,0,0,0,0,0,0,703,299,27
872.465,1,61650944,windows,0,1780,1780,18,0,0,0,0,0,0,10,8,0
872.66,0,61742080,windows,0,3.14803e+06,3.14741e+06,881,0,0,0,0,0,0,604,256,21
872.722,1,61665280,windows,0,1780,1780,18,0,0,0,0,0,0,10,8,0
872.917,0,61760512,windows,0,2.348e+06,2.34543e+06,761,0,0,0,0,0,0,514,225,22
872.981,1,61679616,windows,0,1780,1780,18,0,0,0,0,0,0,10,8,0
873.173,0,61777920,windows,0,1.74783e+06,1.74727e+06,664,0,0,0,0,0,0,462,183,19
873.232,1,61693952,windows,0,1780,1780,18,0,0,0,0,0,0,10,8,0
873.432,0,61796352,windows,0,1.23216e+06,1.22989e+06,553,0,0,0,0,0,0,385,156,12
873.492,1,61708288,windows,0,1780,1780,18,0,0,0,0,0,0,10,8,0
873.685,0,61814784,windows,0,876535,876535,457,0,0,0,0,0,0,305,143,9
873.75,1,61722624,repair,0,1780,1780,18,0,0,0,0,0,0,10,8,0
873.942,0,61834240,windows,0,663570,661355,408,0,0,0,0,0,0,288,111,9
874.009,1,61737984,windows,0,1780,1780,18,0,0,0,0,0,0,10,8,0
874.199,0,61854720,windows,0,491285,491052,351,0,0,0,0,0,0,247,96,8
874.272,1,61752320,windows,0,1780,1780,18,0,0,0,0,0,0,10,8,0
874.459,0,61875200,windows,0,321825,320619,280,0,0,0,0,0,0,183,87,10
874.523,1,61765632,windows,0,1780,1780,18,0,0,0,0,0,0,10,8,0
874.71,0,61893632,windows,0,241115,239498,248,0,0,0,0,0,0,171,68,9
874.786,1,61778944,windows,0,1780,1780,18,0,0,0,0,0,0,10,8,0
874.968,0,61913088,windows,0,200005,199712,227,0,0,0,0,0,0,155,62,10
875.042,1,61792256,windows,0,1780,1780,18,0,0,0,0,0,0,10,8,0
875.229,0,61933568,windows,0,135625,134789,184,0,0,0,0,0,0,121,55,8
875.296,1,61805568,windows,0,1780,1780,18,0,0,0,0,0,0,10,8,0
875.488,0,61953024,windows,0,103635,101894,162,0,0,0,0,0,0,105,48,9
875.55,1,61818880,windows,0,1780,1780,18,0,0,0,0,0,0,10,8,0
875.749,0,61971456,windows,0,82450,82187.5,147,0,0,0,0,0,0,98,40,9
875.811,1,61832192,windows,0,1780,1780,18,0,0,0,0,0,0,10,8,0
876.012,0,61988864,windows,0,69710,69447.5,133,0,0,0,0,0,0,84,40,9
876.076,1,61845504,windows,0,1780,1780,18,0,0,0,0,0,0,10,8,0
876.272,0,62005248,windows,0,58420,58187.5,123,0,0,0,0,0,0,80,35,8
876.326,1,61858816,windows,0,1780,1780,18,0,0,0,0,0,0,10,8,0
876.534,0,62022656,windows,0,50225,49992.5,112,0,0,0,0,0,0,69,35,8
876.584,1,61873152,repair,0,1780,1780,18,0,0,0,0,0,0,10,8,0
876.784,0,62041088,windows,0,43105,42751.2,106,0,0,0,0,0,0,71,29,6
876.842,1,61888512,repair,0,1780,1780,18,0,0,0,0,0,0,10,8,0
877.04,0,62060544,windows,0,37240,37240,98,0,0,0,0,0,0,64,28,6
877.11,1,61902848,windows,0,1780,1780,18,0,0,0,0,0,0,10,8,0
877.295,0,62080000,windows,0,33025,32450,90,0,0,0,0,0,0,55,29,6
877.372,1,61918208,windows,0,1780,1780,18,0,0,0,0,0,0,10,8,0
877.551,0,62096384,windows,0,28375,28375,85,0,0,0,0,0,0,55,25,5
877.63,1,61931520,windows,0,1780,1780,18,0,0,0,0,0,0,10,8,0
877.81,0,62112768,windows,0,26770,26016.2,82,0,0,0,0,0,0,52,25,5
877.883,1,61944832,windows,0,1780,1780,18,0,0,0,0,0,0,10,8,0
878.07,0,62129152,windows,0,24395,23880,76,0,0,0,0,0,0,45,26,5
878.146,1,61959168,windows,0,1780,1780,18,0,0,0,0,0,0,10,8,0
878.327,0,62145536,windows,0,24395,23880,76,0,0,0,0,0,0,45,26,5
878.413,1,61973504,windows,0,1780,1780,18,0,0,0,0,0,0,10,8,0
878.578,0,62161920,windows,0,22850,22375,75,0,0,0,0,0,0,46,24,5
878.671,1,61986816,windows,0,1780,1780,18,0,0,0,0,0,0,10,8,0
878.831,0,62179328,windows,0,22395,21696.2,74,0,0,0,0,0,0,45,24,5
878.925,1,62000128,windows,0,1780,1780,18,0,0,0,0,0,0,10,8,0
879.085,0,62197760,windows,0,20555,20120,72,0,0,0,0,0,0,45,22,5
879.186,1,62016512,windows,0,1780,1780,18,0,0,0,0,0,0,10,8,0
879.341,0,62213120,windows,0,19675,19026.2,70,0,0,0,0,0,0,43,22,5
879.446,1,62032896,windows,0,1780,1780,18,0,0,0,0,0,0,10,8,0
879.601,0,62231552,windows,0,17650,17650,65,0,0,0,0,0,0,38,22,5
879.707,1,62049280,windows,0,1780,1780,18,0,0,0,0,0,0,10,8,0
879.859,0,62248960,windows,0,17300,16885,65,0,0,0,0,0,0,40,21,4
879.967,1,62066688,windows,0,1780,1780,18,0,0,0,0,0,0,10,8,0
880.115,0,62266368,windows,0,16520,15916.2,63,0,0,0,0,0,0,38,21,4
880.227,1,62083072,windows,0,1780,1780,18,0,0,0,0,0,0,10,8,0
880.373,0,62284800,windows,0,15875,15286.2,62,0,0,0,0,0,0,39,20,3
880.479,1,62099456,windows,0,1780,1780,18,0,0,0,0,0,0,10,8,0
880.623,0,62303232,windows,0,15115,14536.2,60,0,0,0,0,0,0,37,20,3
880.733,1,62115840,windows,0,1780,1780,18,0,0,0,0,0,0,10,8,0
880.883,0,62321664,windows,0,14750,14355,59,0,0,0,0,0,0,36,20,3
880.997,1,62134272,windows,0,1780,1780,18,0,0,0,0,0,0,10,8,0
881.139,0,62340096,windows,0,14750,14355,59,0,0,0,0,0,0,36,20,3
881.254,1,62151680,windows,0,1780,1780,18,0,0,0,0,0,0,10,8,0
881.394,0,62358528,windows,0,14050,13655,57,0,0,0,0,0,0,34,20,3
881.513,1,62169088,repair,0,1780,1780,18,0,0,0,0,0,0,10,8,0
881.648,0,62375936,windows,0,14050,13655,57,0,0,0,0,0,0,34,20,3
881.774,1,62185472,repair,0,1780,1780,18,0,0,0,0,0,0,10,8,0
881.906,0,62393344,windows,0,14050,13655,57,0,0,0,0,0,0,34,20,3
882.027,1,62201856,windows,0,1780,1780,18,0,0,0,0,0,0,10,8,0
882.163,0,62410752,windows,0,13270,13270,56,0,0,0,0,0,0,34,19,3
882.292,1,62218240,windows,0,1780,1780,18,0,0,0,0,0,0,10,8,0
882.415,0,62428160,windows,0,13270,13270,56,0,0,0,0,0,0,34,19,3
882.543,1,62233600,windows,0,1780,1780,18,0,0,0,0,0,0,10,8,0
882.676,0,62446592,windows,0,13270,13270,56,0,0,0,0,0,0,34,19,3
882.81,1,62248960,windows,0,1780,1780,18,0,0,0,0,0,0,10,8,0
882.927,0,62464000,windows,0,13270,13270,56,0,0,0,0,0,0,34,19,3
883.074,1,62265344,windows,0,1780,1780,18,0,0,0,0,0,0,10,8,0
883.179,0,62481408,windows,0,12935,12935,55,0,0,0,0,0,0,33,19,3
883.331,1,62281728,windows,0,1780,1780,18,0,0,0,0,0,0,10,8,0
883.435,0,62499840,windows,0,11870,11711.2,53,0,0,0,0,0,0,32,18,3
883.594,1,62300160,windows,0,1780,1780,18,0,0,0,0,0,0,10,8,0
883.698,0,62518272,windows,0,11870,11711.2,53,0,0,0,0,0,0,32,18,3
883.858,1,62317568,windows,0,1780,1780,18,0,0,0,0,0,0,10,8,0
883.961,0,62536704,windows,0,11555,11555,52,0,0,0,0,0,0,31,18,3
884.111,1,62334976,windows,0,1780,1780,18,0,0,0,0,0,0,10,8,0
884.217,0,62555136,windows,0,11555,11555,52,0,0,0,0,0,0,31,18,3
884.368,1,62354432,windows,0,1780,1780,18,0,0,0,0,0,0,10,8,0
884.476,0,62574592,windows,0,10670,10531.2,49,0,0,0,0,0,0,28,18,3
884.619,1,62372864,windows,0,1780,1780,18,0,0,0,0,0,0,10,8,0
884.736,0,62593024,windows,0,10670,10531.2,49,0,0,0,0,0,0,28,18,3
884.879,1,62390272,windows,0,1780,1780,18,0,0,0,0,0,0,10,8,0
884.992,0,62612480,windows,0,10395,10395,48,0,0,0,0,0,0,27,18,3
885.13,1,62408704,windows,0,1780,1780,18,0,0,0,0,0,0,10,8,0
885.249,0,62630912,windows,0,10130,10001.2,47,0,0,0,0,0,0,26,18,3
885.387,1,62427136,windows,0,1780,1780,18,0,0,0,0,0,0,10,8,0
885.512,0,62650368,windows,0,10130,10001.2,47,0,0,0,0,0,0,26,18,3
885.643,1,62444544,windows,0,1780,1780,18,0,0,0,0,0,0,10,8,0
885.766,0,62668800,windows,0,9875,9751.25,46,0,0,0,0,0,0,25,18,3
885.897,1,62461952,windows,0,1780,1780,18,0,0,0,0,0,0,10,8,0
886.025,0,62687232,windows,0,9875,9751.25,46,0,0,0,0,0,0,25,18,3
886.151,1,62479360,windows,0,1780,1780,18,0,0,0,0,0,0,10,8,0
886.288,0,62706688,windows,0,9875,9751.25,46,0,0,0,0,0,0,25,18,3
886.415,1,62495744,windows,0,1780,1780,18,0,0,0,0,0,0,10,8,0
886.542,0,62725120,windows,0,9875,9751.25,46,0,0,0,0,0,0,25,18,3
886.679,1,62513152,windows,0,1780,1780,18,0,0,0,0,0,0,10,8,0
886.797,0,62743552,windows,0,9875,9751.25,46,0,0,0,0,0,0,25,18,3
886.938,1,62531584,windows,0,1780,1780,18,0,0,0,0,0,0,10,8,0
887.053,0,62761984,windows,0,1780,1780,18,0,0,0,0,0,0,10,8,0
887.204,1,62546944,repair,507,3.10168e+07,3.09961e+07,2223,21,50,54,246,136,0,1247,857,119
887.308,0,62779392,windows,0,1780,1780,18,0,0,0,0,0,0,10,8,0
887.463,1,62566400,repair,277,7.1492e+07,7.14612e+07,3747,13,55,57,104,48,0,2091,1541,115
887.563,0,62796800,windows,0,1780,1780,18,0,0,0,0,0,0,10,8,0
887.724,1,62586880,repair,189,6.26e+07,6.25612e+07,3525,14,25,46,66,38,0,1970,1451,104
887.816,0,62814208,windows,0,1780,1780,18,0,0,0,0,0,0,10,8,0
887.974,1,62605312,repair,126,5.23261e+07,5.22906e+07,3263,3,23,24,49,27,0,1861,1311,91
888.068,0,62831616,windows,0,1780,1780,18,0,0,0,0,0,0,10,8,0
888.234,1,62624768,repair,74,4.12574e+07,4.12238e+07,3006,1,10,13,35,15,0,1823,1102,81
888.332,0,62849024,windows,0,1780,1780,18,0,0,0,0,0,0,10,8,0
888.492,1,62643200,repair,40,3.68349e+07,3.68325e+07,2769,1,4,9,17,9,0,1597,1092,80
888.592,0,62866432,windows,0,1780,1780,18,0,0,0,0,0,0,10,8,0
888.744,1,62661632,repair,16,3.07245e+07,3.07167e+07,2593,2,0,2,9,3,0,1571,955,67
888.851,0,62884864,windows,0,1780,1780,18,0,0,0,0,0,0,10,8,0
888.996,1,62680064,repair,1,2.63056e+07,2.6304e+07,2408,1,0,0,0,0,0,1479,874,55
889.109,0,62903296,windows,0,1780,1780,18,0,0,0,0,0,0,10,8,0
889.247,1,62699520,repair,0,1.70159e+07,1.69952e+07,1998,0,0,0,0,0,0,1309,648,41
889.366,0,62920704,windows,0,1780,1780,18,0,0,0,0,0,0,10,8,0
889.497,1,62715904,windows,0,1.25528e+07,1.25515e+07,1723,0,0,0,0,0,0,1126,555,42
889.627,0,62941184,windows,0,1780,1780,18,0,0,0,0,0,0,10,8,0
889.747,1,62731264,windows,0,9.17536e+06,9.16954e+06,1479,0,0,0,0,0,0,986,463,30
889.89,0,62958592,windows,0,1780,1780,18,0,0,0,0,0,0,10,8,0
890.01,1,62747648,windows,0,6.6337e+06,6.62148e+06,1244,0,0,0,0,0,0,806,410,28
890.159,0,62976000,windows,0,1780,1780,18,0,0,0,0,0,0,10,8,0
890.264,1,62763008,windows,0,5.04354e+06,5.03308e+06,1100,0,0,0,0,0,0,739,339,22
890.416,0,62992384,windows,0,1780,1780,18,0,0,0,0,0,0,10,8,0
890.522,1,62778368,windows,0,3.62933e+06,3.62388e+06,946,0,0,0,0,0,0,652,273,21
890.671,0,63008768,windows,0,1780,1780,18,0,0,0,0,0,0,10,8,0
890.779,1,62791680,windows,0,2.84723e+06,2.84181e+06,841,0,0,0,0,0,0,580,240,21
890.931,0,63025152,windows,0,1780,1780,18,0,0,0,0,0,0,10,8,0
891.037,1,62806016,windows,0,2.2886e+06,2.2859e+06,764,0,0,0,0,0,0,540,202,22
891.193,0,63041536,windows,0,1780,1780,18,0,0,0,0,0,0,10,8,0
891.294,1,62819328,windows,0,1.88582e+06,1.88517e+06,687,0,0,0,0,0,0,468,197,22
891.456,0,63057920,windows,0,1780,1780,18,0,0,0,0,0,0,10,8,0
891.549,1,62832640,windows,0,1.51582e+06,1.5132e+06,615,0,0,0,0,0,0,423,175,17
891.707,0,63073280,windows,0,1780,1780,18,0,0,0,0,0,0,10,8,0
891.821,1,62845952,windows,0,1.17202e+06,1.17167e+06,542,0,0,0,0,0,0,382,148,12
891.972,0,63090688,windows,0,1780,1780,18,0,0,0,0,0,0,10,8,0
892.075,1,62858240,windows,0,913555,911911,474,0,0,0,0,0,0,329,136,9
892.229,0,63107072,windows,0,1780,1780,18,0,0,0,0,0,0,10,8,0
892.328,1,62873600,windows,0,714485,711818,425,0,0,0,0,0,0,297,116,12
892.48,0,63123456,windows,0,1780,1780,18,0,0,0,0,0,0,10,8,0
892.599,1,62888960,windows,0,567145,565761,382,0,0,0,0,0,0,277,95,10
892.745,0,63138816,windows,0,1780,1780,18,0,0,0,0,0,0,10,8,0
892.852,1,62904320,windows,0,454445,452338,343,0,0,0,0,0,0,243,88,12
893.001,0,63154176,windows,0,1780,1780,18,0,0,0,0,0,0,10,8,0
893.111,1,62919680,windows,0,328255,327241,291,0,0,0,0,0,0,203,77,11
893.264,0,63172608,windows,0,1780,1780,18,0,0,0,0,0,0,10,8,0
893.365,1,62935040,windows,0,266315,265421,260,0,0,0,0,0,0,179,72,9
893.529,0,63191040,windows,0,1780,1780,18,0,0,0,0,0,0,10,8,0
893.619,1,62951424,windows,0,213875,212418,236,0,0,0,0,0,0,167,60,9
893.782,0,63207424,windows,0,1780,1780,18,0,0,0,0,0,0,10,8,0
893.877,1,62971904,windows,0,167900,166879,210,0,0,0,0,0,0,146,54,10
894.038,0,63223808,windows,0,1780,1780,18,0,0,0,0,0,0,10,8,0
894.132,1,62992384,windows,0,119550,118749,175,0,0,0,0,0,0,120,48,7
894.297,0,63240192,windows,0,1780,1780,18,0,0,0,0,0,0,10,8,0
894.384,1,63012864,windows,0,93495,92738.8,157,0,0,0,0,0,0,111,39,7
894.548,0,63256576,windows,0,1780,1780,18,0,0,0,0,0,0,10,8,0
894.651,1,63032320,windows,0,78850,78115,144,0,0,0,0,0,0,100,37,7
894.81,0,63272960,windows,0,1780,1780,18,0,0,0,0,0,0,10,8,0
894.916,1,63048704,windows,0,64405,63991.2,127,0,0,0,0,0,0,83,38,6
895.063,0,63290368,windows,0,1780,1780,18,0,0,0,0,0,0,10,8,0
895.167,1,63064064,windows,0,51250,50881.2,113,0,0,0,0,0,0,74,34,5
895.326,0,63307776,windows,0,1780,1780,18,0,0,0,0,0,0,10,8,0
895.432,1,63080448,windows,0,44765,44765,105,0,0,0,0,0,0,69,32,4
895.582,0,63324160,windows,0,1780,1780,18,0,0,0,0,0,0,10,8,0
895.701,1,63096832,windows,0,40530,39935,101,0,0,0,0,0,0,66,30,5
895.839,0,63342592,windows,0,1780,1780,18,0,0,0,0,0,0,10,8,0
895.964,1,63114240,windows,0,36790,35906.2,96,0,0,0,0,0,0,62,29,5
896.097,0,63364096,windows,0,1780,1780,18,0,0,0,0,0,0,10,8,0
896.222,1,63130624,windows,0,31090,31090,89,0,0,0,0,0,0,58,26,5
896.357,0,63383552,windows,0,1780,1780,18,0,0,0,0,0,0,10,8,0
896.476,1,63148032,windows,0,26045,25306.2,81,0,0,0,0,0,0,53,24,4
896.616,0,63401984,repair,0,1780,1780,18,0,0,0,0,0,0,10,8,0
896.726,1,63164416,windows,0,22580,22580,75,0,0,0,0,0,0,48,23,4
896.881,0,63420416,windows,0,1780,1780,18,0,0,0,0,0,0,10,8,0
896.988,1,63181824,windows,0,20820,20405,73,0,0,0,0,0,0,48,21,4
897.144,0,63437824,windows,0,1780,1780,18,0,0,0,0,0,0,10,8,0
897.249,1,63199232,windows,0,19880,19465,71,0,0,0,0,0,0,46,21,4
897.406,0,63454208,windows,0,1780,1780,18,0,0,0,0,0,0,10,8,0
897.508,1,63216640,windows,0,16945,16356.2,66,0,0,0,0,0,0,43,19,4
897.667,0,63470592,windows,0,1780,1780,18,0,0,0,0,0,0,10,8,0
897.765,1,63234048,windows,0,16085,15891.2,63,0,0,0,0,0,0,39,20,4
897.921,0,63485952,windows,0,1780,1780,18,0,0,0,0,0,0,10,8,0
898.024,1,63252480,windows,0,14180,13805,59,0,0,0,0,0,0,36,19,4
898.176,0,63503360,windows,0,1780,1780,18,0,0,0,0,0,0,10,8,0
898.284,1,63270912,windows,0,13105,13105,58,0,0,0,0,0,0,37,17,4
898.438,0,63525888,windows,0,1780,1780,18,0,0,0,0,0,0,10,8,0
898.537,1,63288320,windows,0,12740,12740,57,0,0,0,0,0,0,36,17,4
898.699,0,63547392,windows,0,1780,1780,18,0,0,0,0,0,0,10,8,0
898.79,1,63305728,windows,0,12385,12211.2,56,0,0,0,0,0,0,35,17,4
898.96,0,63568896,windows,0,1780,1780,18,0,0,0,0,0,0,10,8,0
899.054,1,63324160,windows,0,12040,11705,55,0,0,0,0,0,0,34,17,4
899.216,0,63590400,windows,0,1780,1780,18,0,0,0,0,0,0,10,8,0
899.315,1,63342592,windows,0,11705,11370,54,0,0,0,0,0,0,33,17,4
899.478,0,63611904,windows,0,1780,1780,18,0,0,0,0,0,0,10,8,0
899.573,1,63361024,windows,0,11065,10730,52,0,0,0,0,0,0,31,17,4
899.733,0,63631360,windows,0,1780,1780,18,0,0,0,0,0,0,10,8,0
899.836,1,63379456,windows,0,11065,10730,52,0,0,0,0,0,0,31,17,4
899.998,0,63650816,windows,0,1780,1780,18,0,0,0,0,0,0,10,8,0
900.005,1,63389696,end,0,10760,10425,51,0,0,0,0,0,0,30,17,4
900.012,0,63651840,end,0,1780,1780,18,0,0,0,0,0,0,10,8,0
