seconds,worker,moves,phase,hard,objective,surrogate,soft,lecturerConflicts,groupConflicts,roomConflicts,groupTravel,lecturerTravel,abstractRoomOverflow,lecturerWindows,groupWindows,mixedOnlineDays
0.0501071,0,0,start,1044,7.51076e+07,7.51e+07,2274,0,0,0,649,395,0,1539,496,239
0.0633939,1,0,start,1077,7.68567e+07,7.68402e+07,2157,0,0,0,670,407,0,1487,454,216
0.305339,0,24576,repair,692,2.80342e+08,2.80316e+08,7327,51,152,125,229,135,0,4119,3035,173
0.324215,1,22528,repair,724,2.84668e+08,2.84643e+08,7373,51,165,130,241,137,0,4173,3045,155
0.561226,0,47104,repair,554,2.44968e+08,2.44908e+08,6959,37,113,107,193,104,0,4029,2798,132
0.577782,1,43008,repair,582,2.57961e+08,2.57956e+08,7054,46,114,100,211,111,0,3963,2924,167
0.818804,0,67584,repair,430,2.36109e+08,2.36109e+08,6885,26,82,95,139,88,0,3981,2760,144
0.837983,1,62464,repair,473,2.36159e+08,2.36084e+08,6837,28,113,73,152,107,0,3940,2765,132
1.0782,0,90112,repair,337,2.14289e+08,2.14236e+08,6554,16,63,57,127,74,0,3787,2640,127
1.09481,1,83968,repair,359,2.272e+08,2.2718e+08,6747,17,62,66,137,77,0,3905,2715,127
1.33136,0,110592,repair,259,2.02131e+08,2.02108e+08,6490,11,42,48,96,62,0,3844,2511,135
1.35723,1,103424,repair,289,2.14663e+08,2.14663e+08,6595,18,53,41,109,68,0,3827,2635,133
1.58416,0,131072,repair,187,1.93294e+08,1.93272e+08,6287,9,39,36,66,37,0,3652,2503,132
1.61174,1,117760,repair,250,1.78942e+08,1.78874e+08,6165,6,51,36,105,52,0,3756,2307,102
1.84017,0,151552,repair,154,1.51894e+08,1.51847e+08,5656,8,25,27,63,31,0,3371,2169,116
1.86614,1,133120,repair,197,1.66306e+08,1.66306e+08,5875,13,38,32,75,39,0,3482,2285,108
2.10027,0,172032,repair,111,1.42535e+08,1.42515e+08,5489,4,16,19,43,29,0,3284,2097,108
2.12661,1,152576,repair,145,1.61219e+08,1.61154e+08,5763,10,34,16,56,29,0,3400,2265,98
2.35692,0,192512,repair,67,1.35483e+08,1.35426e+08,5427,5,14,11,22,15,0,3347,1989,91
2.38553,1,174080,repair,103,1.39812e+08,1.39809e+08,5428,2,19,16,44,22,0,3255,2077,96
2.61253,0,214016,repair,38,1.16771e+08,1.16716e+08,5038,1,4,5,20,8,0,3105,1848,85
2.64499,1,192512,repair,62,1.39887e+08,1.39827e+08,5473,4,12,12,23,11,0,3348,2044,81
2.87208,0,234496,repair,21,1.03551e+08,1.03515e+08,4834,1,1,2,10,7,0,3082,1671,81
2.90639,1,208896,repair,42,1.2686e+08,1.26822e+08,5267,1,5,5,24,7,0,3293,1903,71
3.13292,0,254976,repair,6,9.35816e+07,9.35334e+07,4627,0,0,2,3,1,0,2998,1557,72
3.15867,1,226304,repair,28,1.10269e+08,1.10267e+08,4871,0,4,6,10,8,0,3001,1804,66
3.39419,0,276480,repair,1,9.18436e+07,9.18436e+07,4612,0,0,1,0,0,0,3024,1516,72
3.41059,1,243712,repair,16,9.99914e+07,9.99897e+07,4757,0,3,2,8,3,0,3081,1619,57
3.64769,0,296960,repair,1,6.85427e+07,6.85427e+07,3985,0,0,0,0,1,0,2618,1307,60
3.6717,1,261120,repair,3,9.72742e+07,9.72723e+07,4666,0,1,1,1,0,0,2978,1625,63
3.90725,0,317440,repair,1,4.85366e+07,4.85023e+07,3389,0,1,0,0,0,0,2270,1065,54
3.94015,1,277504,repair,2,7.67478e+07,7.67322e+07,4199,0,1,0,0,1,0,2736,1400,63
4.16365,0,334848,windows,0,4.06067e+07,4.0586e+07,3097,0,0,0,0,0,0,2083,971,43
4.19193,1,294912,windows,0,6.54477e+07,6.54212e+07,3924,0,0,0,0,0,0,2627,1242,55
4.42314,0,352256,windows,0,3.27948e+07,3.27937e+07,2789,0,0,0,0,0,0,1890,863,36
4.44306,1,311296,windows,0,5.3782e+07,5.37702e+07,3545,0,0,0,0,0,0,2348,1143,54
4.67869,0,369664,windows,0,2.78154e+07,2.77995e+07,2569,0,0,0,0,0,0,1744,793,32
4.70941,1,328704,windows,0,4.26067e+07,4.25961e+07,3171,0,0,0,0,0,0,2117,1003,51
4.93388,0,385024,windows,0,2.22453e+07,2.22453e+07,2285,0,0,0,0,0,0,1542,719,24
4.97172,1,342016,windows,0,3.4938e+07,3.49184e+07,2849,0,0,0,0,0,0,1890,923,36
5.196,0,400384,windows,0,1.89513e+07,1.89513e+07,2131,0,0,0,0,0,0,1480,632,19
5.23469,1,356352,windows,0,2.95111e+07,2.95023e+07,2627,0,0,0,0,0,0,1767,833,27
5.45494,0,415744,windows,0,1.61792e+07,1.61604e+07,1975,0,0,0,0,0,0,1386,573,16
5.48635,1,368640,windows,0,2.57271e+07,2.57263e+07,2456,0,0,0,0,0,0,1651,777,28
5.70814,0,429056,windows,0,1.424e+07,1.42226e+07,1849,0,0,0,0,0,0,1286,546,17
5.75253,1,382976,windows,0,2.24042e+07,2.23811e+07,2305,0,0,0,0,0,0,1553,718,34
5.97783,0,443392,windows,0,1.19873e+07,1.19813e+07,1701,0,0,0,0,0,0,1195,492,14
6.01217,1,396288,windows,0,1.90788e+07,1.90788e+07,2128,0,0,0,0,0,0,1440,659,29
6.24735,0,456704,windows,0,1.00339e+07,1.00339e+07,1547,0,0,0,0,0,0,1057,471,19
6.26667,1,409600,windows,0,1.6149e+07,1.61297e+07,1980,0,0,0,0,0,0,1369,581,30
6.49876,0,470016,windows,0,8.69416e+06,8.69377e+06,1454,0,0,0,0,0,0,1029,412,13
6.52595,1,422912,windows,0,1.41073e+07,1.41073e+07,1853,0,0,0,0,0,0,1270,548,35
6.75612,0,483328,windows,0,7.5938e+06,7.58129e+06,1360,0,0,0,0,0,0,960,386,14
6.78813,1,436224,windows,0,1.23143e+07,1.23133e+07,1743,0,0,0,0,0,0,1215,495,33
7.02751,0,496640,windows,0,6.71198e+06,6.71157e+06,1291,0,0,0,0,0,0,936,341,14
7.04866,1,450560,windows,0,1.07171e+07,1.07065e+07,1613,0,0,0,0,0,0,1101,481,31
7.29098,0,509952,windows,0,5.74733e+06,5.741e+06,1194,0,0,0,0,0,0,864,317,13
7.29878,1,463872,windows,0,9.04661e+06,9.03224e+06,1499,0,0,0,0,0,0,1058,414,27
7.54422,0,525312,windows,0,4.77094e+06,4.76674e+06,1083,0,0,0,0,0,0,775,297,11
7.55782,1,479232,windows,0,7.437e+06,7.43232e+06,1348,0,0,0,0,0,0,936,390,22
7.79559,0,541696,windows,0,3.97895e+06,3.97895e+06,986,0,0,0,0,0,0,702,275,9
7.81184,1,495616,windows,0,6.1907e+06,6.1907e+06,1245,0,0,0,0,0,0,880,339,26
8.05788,0,557056,windows,0,3.34024e+06,3.33197e+06,902,0,0,0,0,0,0,640,254,8
8.06567,1,512000,windows,0,5.23474e+06,5.23397e+06,1148,0,0,0,0,0,0,813,309,26
8.32061,1,527360,windows,0,4.42372e+06,4.41996e+06,1054,0,0,0,0,0,0,751,282,21
8.3216,0,570368,windows,0,2.91632e+06,2.90851e+06,852,0,0,0,0,0,0,621,222,9
8.57209,0,583680,windows,0,2.38592e+06,2.38325e+06,765,0,0,0,0,0,0,535,218,12
8.58377,1,543744,windows,0,3.47428e+06,3.46862e+06,913,0,0,0,0,0,0,610,283,20
8.83108,0,596992,windows,0,2.00692e+06,2.00283e+06,703,0,0,0,0,0,0,502,193,8
8.84246,1,561152,windows,0,2.87394e+06,2.86866e+06,843,0,0,0,0,0,0,587,239,17
9.0986,1,578560,windows,0,2.35157e+06,2.34882e+06,769,0,0,0,0,0,0,550,204,15
9.09899,0,611328,windows,0,1.72296e+06,1.72263e+06,656,0,0,0,0,0,0,469,176,11
9.35678,0,624640,windows,0,1.50622e+06,1.50595e+06,613,0,0,0,0,0,0,441,163,9
9.36109,1,594944,windows,0,2.00766e+06,2.00131e+06,710,0,0,0,0,0,0,501,193,16
9.61326,1,609280,windows,0,1.61748e+06,1.61748e+06,633,0,0,0,0,0,0,439,180,14
9.6232,0,637952,windows,0,1.29604e+06,1.29604e+06,571,0,0,0,0,0,0,418,145,8
9.87485,1,624640,windows,0,1.36278e+06,1.36278e+06,584,0,0,0,0,0,0,413,159,12
9.88968,0,651264,windows,0,1.04029e+06,1.03854e+06,503,0,0,0,0,0,0,350,146,7
10.1459,1,641024,windows,0,1.11792e+06,1.11562e+06,533,0,0,0,0,0,0,378,141,14
10.1585,0,664576,windows,0,866795,866795,464,0,0,0,0,0,0,331,126,7
10.4062,1,656384,windows,0,945715,943599,492,0,0,0,0,0,0,359,122,11
10.4167,0,677888,windows,0,751540,749709,437,0,0,0,0,0,0,320,109,8
10.6639,1,672768,windows,0,707525,705991,425,0,0,0,0,0,0,307,108,10
10.6788,0,691200,windows,0,652195,650120,404,0,0,0,0,0,0,295,104,5
10.9151,1,688128,windows,0,566930,565581,379,0,0,0,0,0,0,270,100,9
10.9371,0,704512,windows,0,566605,566605,381,0,0,0,0,0,0,289,86,6
11.1792,1,704512,windows,0,468815,468552,347,0,0,0,0,0,0,251,87,9
11.194,0,717824,windows,0,470600,468805,344,0,0,0,0,0,0,248,90,6
11.4415,1,719872,windows,0,383900,381972,314,0,0,0,0,0,0,222,82,10
11.4569,0,731136,windows,0,388180,388068,313,0,0,0,0,0,0,232,77,4
11.6919,1,734208,windows,0,337990,337990,296,0,0,0,0,0,0,214,73,9
11.7164,0,744448,windows,0,316340,314792,282,0,0,0,0,0,0,206,72,4
11.9476,1,748544,windows,0,252200,249876,249,0,0,0,0,0,0,166,75,8
11.9751,0,757760,windows,0,269300,267892,261,0,0,0,0,0,0,192,65,4
12.2077,1,764928,windows,0,209330,207692,231,0,0,0,0,0,0,154,66,11
12.2444,0,772096,windows,0,225250,223932,240,0,0,0,0,0,0,176,59,5
12.462,1,782336,windows,0,167900,166532,210,0,0,0,0,0,0,146,54,10
12.5052,0,786432,windows,0,190375,189571,219,0,0,0,0,0,0,161,55,3
12.7158,1,798720,windows,0,148205,146204,197,0,0,0,0,0,0,135,52,10
12.7596,0,799744,windows,0,135070,133476,185,0,0,0,0,0,0,136,46,3
12.9696,1,812032,windows,0,110685,109438,169,0,0,0,0,0,0,111,48,10
13.0243,0,816128,windows,0,106565,105730,165,0,0,0,0,0,0,119,42,4
13.2375,1,826368,windows,0,84935,83937.5,151,0,0,0,0,0,0,105,37,9
13.2773,0,833536,windows,0,83255,82731.2,147,0,0,0,0,0,0,105,37,5
13.4888,1,839680,windows,0,76555,75788.8,144,0,0,0,0,0,0,101,34,9
13.5319,0,850944,windows,0,76255,76112.5,141,0,0,0,0,0,0,101,35,5
13.7475,1,854016,windows,0,67730,66988.8,136,0,0,0,0,0,0,96,31,9
13.7958,0,867328,windows,0,61950,61092.5,125,0,0,0,0,0,0,84,36,5
13.9977,1,867328,windows,0,63055,62792.5,131,0,0,0,0,0,0,91,31,9
14.0561,0,882688,windows,0,48160,47492.5,112,0,0,0,0,0,0,80,28,4
14.2587,1,882688,windows,0,49265,48417.5,114,0,0,0,0,0,0,75,31,8
14.3103,0,896000,windows,0,41380,40383.8,104,0,0,0,0,0,0,74,26,4
14.5237,1,897024,windows,0,40520,40287.5,103,0,0,0,0,0,0,66,29,8
14.5783,0,910336,windows,0,37205,36617.5,99,0,0,0,0,0,0,71,24,4
14.7797,1,911360,windows,0,36740,35932.5,97,0,0,0,0,0,0,60,29,8
14.8376,0,924672,windows,0,32875,32732.5,94,0,0,0,0,0,0,67,22,5
15.0456,1,925696,windows,0,33280,33047.5,92,0,0,0,0,0,0,56,28,8
15.1016,0,939008,windows,0,24380,24207.5,82,0,0,0,0,0,0,58,18,6
15.3013,1,941056,windows,0,30565,29543.8,89,0,0,0,0,0,0,55,26,8
15.3635,0,953344,windows,0,21845,21530,77,0,0,0,0,0,0,57,16,4
15.5605,1,955392,windows,0,25940,25458.8,82,0,0,0,0,0,0,50,24,8
15.6304,0,967680,windows,0,19265,18930,72,0,0,0,0,0,0,51,17,4
15.8119,1,969728,windows,0,24485,24018.8,79,0,0,0,0,0,0,47,24,8
15.882,0,979968,windows,0,17405,17151.2,69,0,0,0,0,0,0,51,14,4
16.0757,1,985088,windows,0,21280,20828.8,74,0,0,0,0,0,0,44,22,8
16.1446,0,994304,windows,0,16900,16625,68,0,0,0,0,0,0,50,14,4
16.3453,1,999424,windows,0,20420,20187.5,73,0,0,0,0,0,0,44,21,8
16.4,0,1007616,windows,0,13945,13730,62,0,0,0,0,0,0,47,11,4
16.6071,1,1013760,windows,0,18815,18612.5,71,0,0,0,0,0,0,45,19,7
16.6535,0,1020928,windows,0,11720,11296.2,57,0,0,0,0,0,0,42,11,4
16.8629,1,1028096,windows,0,17510,16703.8,66,0,0,0,0,0,0,38,21,7
16.9212,0,1035264,windows,0,9955,9955,52,0,0,0,0,0,0,41,8,3
17.1237,1,1042432,windows,0,15250,14652.5,61,0,0,0,0,0,0,34,20,7
17.1842,0,1049600,windows,0,9115,8736.25,50,0,0,0,0,0,0,37,10,3
17.3921,1,1057792,windows,0,15170,14413.8,62,0,0,0,0,0,0,36,19,7
17.4471,0,1063936,windows,0,8750,8555,49,0,0,0,0,0,0,36,10,3
17.6454,1,1071104,windows,0,14405,13693.8,61,0,0,0,0,0,0,37,18,6
17.7063,0,1078272,windows,0,7670,7326.25,46,0,0,0,0,0,0,34,9,3
17.9005,1,1084416,windows,0,14040,13867.5,60,0,0,0,0,0,0,36,18,6
17.958,0,1092608,windows,0,6050,5895,41,0,0,0,0,0,0,30,8,3
18.1578,1,1097728,windows,0,13340,13167.5,59,0,0,0,0,0,0,36,17,6
18.2163,0,1106944,windows,0,5455,5311.25,39,0,0,0,0,0,0,29,7,3
18.4199,1,1111040,windows,0,11975,11476.2,55,0,0,0,0,0,0,33,17,5
18.4676,0,1121280,windows,0,5455,5311.25,39,0,0,0,0,0,0,29,7,3
18.6904,1,1125376,windows,0,11975,11476.2,55,0,0,0,0,0,0,33,17,5
18.7271,0,1136640,windows,0,4115,3991.25,34,0,0,0,0,0,0,25,6,3
18.946,1,1139712,windows,0,11335,11000,53,0,0,0,0,0,0,31,17,5
18.9852,0,1152000,windows,0,4115,3991.25,34,0,0,0,0,0,0,25,6,3
19.1965,1,1155072,windows,0,10735,10400,51,0,0,0,0,0,0,29,17,5
19.2439,0,1167360,windows,0,3635,3635,32,0,0,0,0,0,0,23,6,3
19.4522,1,1171456,windows,0,10450,10115,50,0,0,0,0,0,0,28,17,5
19.5052,0,1182720,windows,0,3190,3190,30,0,0,0,0,0,0,22,5,3
19.7091,1,1188864,windows,0,10175,9840,49,0,0,0,0,0,0,27,17,5
19.7672,0,1198080,windows,0,2975,2871.25,29,0,0,0,0,0,0,21,5,3
19.9678,1,1204224,windows,0,10175,9840,49,0,0,0,0,0,0,27,17,5
20.028,0,1212416,windows,0,2975,2871.25,29,0,0,0,0,0,0,21,5,3
20.2226,1,1220608,windows,0,10175,9840,49,0,0,0,0,0,0,27,17,5
20.2802,0,1228800,windows,0,2210,2210,25,0,0,0,0,0,0,18,4,3
20.4751,1,1239040,windows,0,9905,9570,48,0,0,0,0,0,0,27,17,4
20.5308,0,1247232,windows,0,2210,2210,25,0,0,0,0,0,0,18,4,3
20.7367,1,1257472,windows,0,9905,9570,48,0,0,0,0,0,0,27,17,4
20.7984,0,1264640,windows,0,2210,2210,25,0,0,0,0,0,0,18,4,3
21.0007,1,1272832,windows,0,9905,9570,48,0,0,0,0,0,0,27,17,4
21.0577,0,1278976,windows,0,2210,2210,25,0,0,0,0,0,0,18,4,3
21.2517,1,1287168,windows,0,9905,9570,48,0,0,0,0,0,0,27,17,4
21.3105,0,1293312,windows,0,2035,1951.25,24,0,0,0,0,0,0,17,4,3
21.5129,1,1301504,windows,0,9905,9570,48,0,0,0,0,0,0,27,17,4
21.5658,0,1308672,windows,0,2035,1951.25,24,0,0,0,0,0,0,17,4,3
21.8227,0,1323008,windows,0,1715,1641.25,22,0,0,0,0,0,0,15,4,3
21.8561,1,1315840,windows,0,9905,9570,48,0,0,0,0,0,0,27,17,4
22.0856,0,1338368,windows,0,1715,1641.25,22,0,0,0,0,0,0,15,4,3
22.1119,1,1330176,windows,0,9905,9570,48,0,0,0,0,0,0,27,17,4
22.3429,0,1353728,windows,0,1570,1501.25,21,0,0,0,0,0,0,14,4,3
22.3812,1,1344512,windows,0,9905,9570,48,0,0,0,0,0,0,27,17,4
22.6068,0,1369088,windows,0,1435,1371.25,20,0,0,0,0,0,0,13,4,3
22.6357,1,1357824,windows,0,9640,9305,47,0,0,0,0,0,0,26,17,4
22.8762,0,1384448,windows,0,1435,1371.25,20,0,0,0,0,0,0,13,4,3
22.9035,1,1372160,windows,0,9640,9305,47,0,0,0,0,0,0,26,17,4
23.1405,0,1399808,windows,0,1435,1371.25,20,0,0,0,0,0,0,13,4,3
23.1695,1,1386496,windows,0,9640,9305,47,0,0,0,0,0,0,26,17,4
23.3939,0,1415168,windows,0,1160,1160,17,0,0,0,0,0,0,14,3,0
23.4323,1,1400832,windows,0,9640,9305,47,0,0,0,0,0,0,26,17,4
23.6563,0,1430528,windows,0,925,925,15,0,0,0,0,0,0,13,2,0
23.6839,1,1415168,windows,0,9385,9050,46,0,0,0,0,0,0,25,17,4
23.9124,0,1445888,windows,0,900,845,15,0,0,0,0,0,0,12,3,0
23.9469,1,1430528,windows,0,9385,9050,46,0,0,0,0,0,0,25,17,4
24.1663,0,1463296,windows,0,800,800,14,0,0,0,0,0,0,12,2,0
24.2025,1,1445888,windows,0,9385,9050,46,0,0,0,0,0,0,25,17,4
24.4198,0,1481728,windows,0,800,800,14,0,0,0,0,0,0,12,2,0
24.4561,1,1460224,windows,0,9385,9050,46,0,0,0,0,0,0,25,17,4
24.6801,0,1501184,windows,0,800,800,14,0,0,0,0,0,0,12,2,0
24.7159,1,1475584,windows,0,9385,9050,46,0,0,0,0,0,0,25,17,4
24.9326,0,1520640,windows,0,800,800,14,0,0,0,0,0,0,12,2,0
24.9774,1,1490944,windows,0,685,685,13,0,0,0,0,0,0,11,2,0
25.1891,0,1540096,windows,0,715,715,14,0,0,0,0,0,0,11,2,1
25.2417,1,1507328,windows,0,685,685,13,0,0,0,0,0,0,11,2,0
25.4426,0,1559552,windows,0,715,715,14,0,0,0,0,0,0,11,2,1
25.4994,1,1520640,windows,0,625,625,12,0,0,0,0,0,0,11,1,0
25.705,0,1577984,windows,0,610,610,13,0,0,0,0,0,0,10,2,1
25.7653,1,1537024,windows,0,625,625,12,0,0,0,0,0,0,11,1,0
25.9565,0,1596416,windows,0,610,610,13,0,0,0,0,0,0,10,2,1
26.0333,1,1553408,windows,0,625,625,12,0,0,0,0,0,0,11,1,0
26.2138,0,1616896,windows,0,610,610,13,0,0,0,0,0,0,10,2,1
26.2948,1,1569792,windows,0,625,625,12,0,0,0,0,0,0,11,1,0
26.4652,0,1636352,windows,0,430,430,11,0,0,0,0,0,0,8,2,1
26.5457,1,1585152,windows,0,625,625,12,0,0,0,0,0,0,11,1,0
26.7209,0,1656832,windows,0,430,430,11,0,0,0,0,0,0,8,2,1
26.8108,1,1601536,windows,0,625,625,12,0,0,0,0,0,0,11,1,0
26.9828,0,1678336,windows,0,430,430,11,0,0,0,0,0,0,8,2,1
27.0732,1,1616896,windows,0,625,625,12,0,0,0,0,0,0,11,1,0
27.24,0,1697792,windows,0,355,355,10,0,0,0,0,0,0,7,2,1
27.3334,1,1633280,windows,0,625,625,12,0,0,0,0,0,0,11,1,0
27.4925,0,1714176,windows,0,355,355,10,0,0,0,0,0,0,7,2,1
27.5932,1,1647616,windows,0,625,625,12,0,0,0,0,0,0,11,1,0
27.7493,0,1730560,windows,0,340,340,9,0,0,0,0,0,0,8,1,0
27.8435,1,1662976,windows,0,625,625,12,0,0,0,0,0,0,11,1,0
28.0027,0,1746944,windows,0,340,340,9,0,0,0,0,0,0,8,1,0
28.1043,1,1677312,windows,0,625,625,12,0,0,0,0,0,0,11,1,0
28.2659,0,1764352,windows,0,340,340,9,0,0,0,0,0,0,8,1,0
28.3599,1,1692672,windows,0,625,625,12,0,0,0,0,0,0,11,1,0
28.5234,0,1780736,windows,0,340,340,9,0,0,0,0,0,0,8,1,0
28.6108,1,1707008,windows,0,625,625,12,0,0,0,0,0,0,11,1,0
28.7745,0,1796096,windows,0,340,340,9,0,0,0,0,0,0,8,1,0
28.8677,1,1722368,windows,0,625,625,12,0,0,0,0,0,0,11,1,0
29.0291,0,1812480,windows,0,325,325,9,0,0,0,0,0,0,7,2,0
29.1317,1,1738752,windows,0,340,340,9,0,0,0,0,0,0,8,1,0
29.2816,0,1829888,windows,0,265,265,8,0,0,0,0,0,0,7,1,0
29.3854,1,1756160,windows,0,340,340,9,0,0,0,0,0,0,8,1,0
29.5419,0,1848320,windows,0,265,265,8,0,0,0,0,0,0,7,1,0
29.6463,1,1773568,windows,0,340,340,9,0,0,0,0,0,0,8,1,0
29.7952,0,1865728,windows,0,265,265,8,0,0,0,0,0,0,7,1,0
29.9012,1,1789952,windows,0,340,340,9,0,0,0,0,0,0,8,1,0
30.0472,0,1883136,windows,0,265,265,8,0,0,0,0,0,0,7,1,0
30.1642,1,1808384,windows,0,340,340,9,0,0,0,0,0,0,8,1,0
30.3033,0,1901568,windows,0,265,265,8,0,0,0,0,0,0,7,1,0
30.4311,1,1824768,windows,0,340,340,9,0,0,0,0,0,0,8,1,0
30.5563,0,1920000,windows,0,265,265,8,0,0,0,0,0,0,7,1,0
30.6925,1,1844224,windows,0,340,340,9,0,0,0,0,0,0,8,1,0
30.8141,0,1938432,windows,0,265,265,8,0,0,0,0,0,0,7,1,0
30.9458,1,1862656,repair,0,340,340,9,0,0,0,0,0,0,8,1,0
31.0745,0,1955840,windows,0,265,265,8,0,0,0,0,0,0,7,1,0
31.211,1,1879040,windows,0,340,340,9,0,0,0,0,0,0,8,1,0
31.3268,0,1973248,windows,0,265,265,8,0,0,0,0,0,0,7,1,0
31.4803,1,1893376,windows,0,340,340,9,0,0,0,0,0,0,8,1,0
31.5903,0,1987584,windows,0,265,265,8,0,0,0,0,0,0,7,1,0
31.7369,1,1906688,windows,0,340,340,9,0,0,0,0,0,0,8,1,0
31.8419,0,2001920,windows,0,265,265,8,0,0,0,0,0,0,7,1,0
31.9945,1,1925120,windows,0,340,340,9,0,0,0,0,0,0,8,1,0
32.1045,0,2017280,windows,0,265,265,8,0,0,0,0,0,0,7,1,0
32.2573,1,1944576,windows,0,340,340,9,0,0,0,0,0,0,8,1,0
32.3672,0,2032640,windows,0,265,265,8,0,0,0,0,0,0,7,1,0
32.5159,1,1964032,windows,0,340,340,9,0,0,0,0,0,0,8,1,0
32.6253,0,2048000,windows,0,265,265,8,0,0,0,0,0,0,7,1,0
32.7735,1,1979392,windows,0,340,340,9,0,0,0,0,0,0,8,1,0
32.8885,0,2064384,windows,0,265,265,8,0,0,0,0,0,0,7,1,0
33.036,1,1993728,windows,0,340,340,9,0,0,0,0,0,0,8,1,0
33.1453,0,2080768,windows,0,265,265,8,0,0,0,0,0,0,7,1,0
33.2969,1,2008064,windows,0,340,340,9,0,0,0,0,0,0,8,1,0
33.4091,0,2101248,windows,0,265,265,8,0,0,0,0,0,0,7,1,0
33.5608,1,2022400,windows,0,340,340,9,0,0,0,0,0,0,8,1,0
33.6786,0,2118656,windows,0,265,265,8,0,0,0,0,0,0,7,1,0
33.8138,1,2036736,windows,0,340,340,9,0,0,0,0,0,0,8,1,0
33.9414,0,2140160,windows,0,265,265,8,0,0,0,0,0,0,7,1,0
34.0754,1,2052096,windows,0,340,340,9,0,0,0,0,0,0,8,1,0
34.1924,0,2160640,windows,0,265,265,8,0,0,0,0,0,0,7,1,0
34.3348,1,2068480,windows,0,340,340,9,0,0,0,0,0,0,8,1,0
34.4549,0,2183168,repair,0,265,265,8,0,0,0,0,0,0,7,1,0
34.5936,1,2084864,windows,0,340,340,9,0,0,0,0,0,0,8,1,0
34.7103,0,2202624,windows,0,265,265,8,0,0,0,0,0,0,7,1,0
34.85,1,2102272,windows,0,265,265,8,0,0,0,0,0,0,7,1,0
34.9705,0,2221056,windows,0,265,265,8,0,0,0,0,0,0,7,1,0
35.1044,1,2120704,windows,0,265,265,8,0,0,0,0,0,0,7,1,0
35.2327,0,2238464,windows,0,265,265,8,0,0,0,0,0,0,7,1,0
35.3614,1,2138112,windows,0,265,265,8,0,0,0,0,0,0,7,1,0
35.4835,0,2254848,windows,0,265,265,8,0,0,0,0,0,0,7,1,0
35.6255,1,2154496,windows,0,265,265,8,0,0,0,0,0,0,7,1,0
35.7496,0,2274304,windows,0,265,265,8,0,0,0,0,0,0,7,1,0
35.8832,1,2169856,windows,0,265,265,8,0,0,0,0,0,0,7,1,0
36.0008,0,2292736,windows,0,265,265,8,0,0,0,0,0,0,7,1,0
36.1346,1,2186240,windows,0,265,265,8,0,0,0,0,0,0,7,1,0
36.2515,0,2311168,windows,0,265,265,8,0,0,0,0,0,0,7,1,0
36.3928,1,2202624,windows,0,265,265,8,0,0,0,0,0,0,7,1,0
36.5043,0,2329600,windows,0,265,265,8,0,0,0,0,0,0,7,1,0
36.643,1,2216960,windows,0,265,265,8,0,0,0,0,0,0,7,1,0
36.7677,0,2348032,windows,0,265,265,8,0,0,0,0,0,0,7,1,0
36.9049,1,2234368,windows,0,265,265,8,0,0,0,0,0,0,7,1,0
37.0212,0,2364416,windows,0,265,265,8,0,0,0,0,0,0,7,1,0
37.1595,1,2251776,windows,0,265,265,8,0,0,0,0,0,0,7,1,0
37.2726,0,2381824,windows,0,265,265,8,0,0,0,0,0,0,7,1,0
37.4121,1,2268160,windows,0,265,265,8,0,0,0,0,0,0,7,1,0
37.5238,0,2396160,windows,0,265,265,8,0,0,0,0,0,0,7,1,0
37.6728,1,2283520,repair,0,265,265,8,0,0,0,0,0,0,7,1,0
37.7781,0,2411520,windows,0,265,265,8,0,0,0,0,0,0,7,1,0
37.9419,1,2298880,repair,0,265,265,8,0,0,0,0,0,0,7,1,0
38.0375,0,2429952,windows,0,265,265,8,0,0,0,0,0,0,7,1,0
38.2052,1,2315264,windows,0,265,265,8,0,0,0,0,0,0,7,1,0
38.2893,0,2447360,windows,0,265,265,8,0,0,0,0,0,0,7,1,0
38.471,1,2331648,windows,0,265,265,8,0,0,0,0,0,0,7,1,0
38.546,0,2462720,windows,0,265,265,8,0,0,0,0,0,0,7,1,0
38.722,1,2347008,windows,0,265,265,8,0,0,0,0,0,0,7,1,0
38.8076,0,2479104,windows,0,265,265,8,0,0,0,0,0,0,7,1,0
38.9779,1,2363392,windows,0,265,265,8,0,0,0,0,0,0,7,1,0
39.0653,0,2496512,windows,0,265,265,8,0,0,0,0,0,0,7,1,0
39.2361,1,2380800,windows,0,265,265,8,0,0,0,0,0,0,7,1,0
39.3304,0,2514944,windows,0,265,265,8,0,0,0,0,0,0,7,1,0
39.49,1,2397184,windows,0,265,265,8,0,0,0,0,0,0,7,1,0
39.5866,0,2532352,windows,0,265,265,8,0,0,0,0,0,0,7,1,0
39.7544,1,2412544,windows,0,265,265,8,0,0,0,0,0,0,7,1,0
39.8377,0,2549760,windows,0,265,265,8,0,0,0,0,0,0,7,1,0
40.014,1,2427904,windows,0,265,265,8,0,0,0,0,0,0,7,1,0
40.0986,0,2567168,windows,0,265,265,8,0,0,0,0,0,0,7,1,0
40.271,1,2444288,windows,0,265,265,8,0,0,0,0,0,0,7,1,0
40.3554,0,2584576,windows,0,265,265,8,0,0,0,0,0,0,7,1,0
40.5335,1,2460672,windows,0,265,265,8,0,0,0,0,0,0,7,1,0
40.6074,0,2601984,windows,0,265,265,8,0,0,0,0,0,0,7,1,0
40.7862,1,2478080,windows,0,265,265,8,0,0,0,0,0,0,7,1,0
40.8607,0,2619392,windows,0,265,265,8,0,0,0,0,0,0,7,1,0
41.0446,1,2494464,windows,0,265,265,8,0,0,0,0,0,0,7,1,0
41.1136,0,2634752,windows,0,265,265,8,0,0,0,0,0,0,7,1,0
41.303,1,2511872,windows,0,265,265,8,0,0,0,0,0,0,7,1,0
41.3699,0,2650112,windows,0,265,265,8,0,0,0,0,0,0,7,1,0
41.5641,1,2531328,windows,0,265,265,8,0,0,0,0,0,0,7,1,0
41.636,0,2665472,windows,0,265,265,8,0,0,0,0,0,0,7,1,0
41.8151,1,2551808,windows,0,265,265,8,0,0,0,0,0,0,7,1,0
41.8902,0,2679808,windows,0,265,265,8,0,0,0,0,0,0,7,1,0
42.0784,1,2567168,windows,0,265,265,8,0,0,0,0,0,0,7,1,0
42.1415,0,2693120,windows,0,265,265,8,0,0,0,0,0,0,7,1,0
42.3423,1,2585600,windows,0,265,265,8,0,0,0,0,0,0,7,1,0
42.4065,0,2708480,windows,0,265,265,8,0,0,0,0,0,0,7,1,0
42.6074,1,2604032,windows,0,265,265,8,0,0,0,0,0,0,7,1,0
42.6617,0,2722816,windows,0,265,265,8,0,0,0,0,0,0,7,1,0
42.8698,1,2622464,windows,0,265,265,8,0,0,0,0,0,0,7,1,0
42.9226,0,2737152,windows,0,265,265,8,0,0,0,0,0,0,7,1,0
43.1328,1,2638848,repair,0,265,265,8,0,0,0,0,0,0,7,1,0
43.1817,0,2751488,windows,0,265,265,8,0,0,0,0,0,0,7,1,0
43.3937,1,2654208,repair,0,265,265,8,0,0,0,0,0,0,7,1,0
43.4394,0,2765824,windows,0,265,265,8,0,0,0,0,0,0,7,1,0
43.6509,1,2668544,windows,0,265,265,8,0,0,0,0,0,0,7,1,0
43.6927,0,2781184,windows,0,265,265,8,0,0,0,0,0,0,7,1,0
43.9068,1,2682880,windows,0,265,265,8,0,0,0,0,0,0,7,1,0
43.9508,0,2797568,windows,0,265,265,8,0,0,0,0,0,0,7,1,0
44.1679,1,2698240,windows,0,265,265,8,0,0,0,0,0,0,7,1,0
44.2084,0,2812928,windows,0,265,265,8,0,0,0,0,0,0,7,1,0
44.4417,1,2713600,windows,0,265,265,8,0,0,0,0,0,0,7,1,0
44.462,0,2828288,windows,0,265,265,8,0,0,0,0,0,0,7,1,0
44.7039,1,2728960,windows,0,265,265,8,0,0,0,0,0,0,7,1,0
44.7228,0,2846720,windows,0,265,265,8,0,0,0,0,0,0,7,1,0
44.9552,1,2742272,windows,0,265,265,8,0,0,0,0,0,0,7,1,0
44.978,0,2864128,windows,0,265,265,8,0,0,0,0,0,0,7,1,0
45.2226,1,2756608,windows,0,265,265,8,0,0,0,0,0,0,7,1,0
45.2357,0,2880512,windows,0,265,265,8,0,0,0,0,0,0,7,1,0
45.4811,1,2769920,windows,0,265,265,8,0,0,0,0,0,0,7,1,0
45.4869,0,2896896,windows,0,265,265,8,0,0,0,0,0,0,7,1,0
45.7392,1,2783232,windows,0,265,265,8,0,0,0,0,0,0,7,1,0
45.741,0,2912256,windows,0,265,265,8,0,0,0,0,0,0,7,1,0
45.992,1,2796544,windows,0,265,265,8,0,0,0,0,0,0,7,1,0
45.9935,0,2927616,windows,0,265,265,8,0,0,0,0,0,0,7,1,0
46.2441,0,2944000,windows,0,265,265,8,0,0,0,0,0,0,7,1,0
46.2582,1,2811904,windows,0,265,265,8,0,0,0,0,0,0,7,1,0
46.4947,0,2961408,windows,0,265,265,8,0,0,0,0,0,0,7,1,0
46.5108,1,2825216,windows,0,265,265,8,0,0,0,0,0,0,7,1,0
46.7597,0,2980864,windows,0,265,265,8,0,0,0,0,0,0,7,1,0
46.7744,1,2839552,windows,0,265,265,8,0,0,0,0,0,0,7,1,0
47.019,0,2998272,windows,0,265,265,8,0,0,0,0,0,0,7,1,0
47.0418,1,2854912,windows,0,265,265,8,0,0,0,0,0,0,7,1,0
47.2787,0,3017728,windows,0,265,265,8,0,0,0,0,0,0,7,1,0
47.3022,1,2870272,windows,0,265,265,8,0,0,0,0,0,0,7,1,0
47.5314,0,3035136,windows,0,265,265,8,0,0,0,0,0,0,7,1,0
47.5601,1,2884608,windows,0,265,265,8,0,0,0,0,0,0,7,1,0
47.7873,0,3047424,repair,875,2.00317e+08,2.00261e+08,6128,60,158,155,339,163,0,3449,2467,212
47.8208,1,2900992,windows,0,265,265,8,0,0,0,0,0,0,7,1,0
48.0424,0,3064832,repair,677,2.63059e+08,2.63034e+08,7137,46,133,107,261,130,0,4044,2911,182
48.0839,1,2917376,windows,0,265,265,8,0,0,0,0,0,0,7,1,0
48.3017,0,3081216,repair,562,2.61225e+08,2.6122e+08,7073,39,111,93,222,97,0,3959,2955,159
48.336,1,2933760,windows,0,265,265,8,0,0,0,0,0,0,7,1,0
48.5566,0,3098624,repair,471,2.49773e+08,2.49773e+08,6972,28,100,91,158,94,0,3967,2879,126
48.5975,1,2949120,windows,0,265,265,8,0,0,0,0,0,0,7,1,0
48.818,0,3116032,repair,381,2.29861e+08,2.29857e+08,6807,26,73,66,142,74,0,3953,2719,135
48.8495,1,2966528,windows,0,265,265,8,0,0,0,0,0,0,7,1,0
49.0822,0,3136512,repair,311,2.01993e+08,2.01939e+08,6426,18,51,59,127,56,0,3771,2531,124
49.107,1,2984960,windows,0,265,265,8,0,0,0,0,0,0,7,1,0
49.3368,0,3154944,repair,257,1.84103e+08,1.841e+08,6216,24,43,30,100,60,0,3732,2371,113
49.3603,1,3002368,windows,0,145,145,6,0,0,0,0,0,0,5,1,0
49.5909,0,3173376,repair,188,1.72967e+08,1.72967e+08,5945,12,41,35,60,40,0,3468,2363,114
49.6139,1,3018752,windows,0,145,145,6,0,0,0,0,0,0,5,1,0
49.8473,0,3191808,repair,149,1.56247e+08,1.56247e+08,5690,12,31,16,64,26,0,3394,2212,84
49.866,1,3034112,windows,0,145,145,6,0,0,0,0,0,0,5,1,0
50.1023,0,3208192,repair,104,1.56197e+08,1.5618e+08,5723,5,20,17,44,18,0,3417,2205,101
50.1187,1,3049472,windows,0,145,145,6,0,0,0,0,0,0,5,1,0
50.3603,0,3224576,repair,75,1.45074e+08,1.45057e+08,5575,1,15,8,34,17,0,3389,2088,98
50.3779,1,3067904,windows,0,145,145,6,0,0,0,0,0,0,5,1,0
50.6176,0,3239936,repair,57,1.2318e+08,1.23142e+08,5192,4,12,11,18,12,0,3198,1893,101
50.6289,1,3086336,windows,0,145,145,6,0,0,0,0,0,0,5,1,0
50.8732,0,3255296,repair,37,1.13918e+08,1.13915e+08,4975,2,4,5,18,8,0,3068,1825,82
50.879,1,3104768,windows,0,145,145,6,0,0,0,0,0,0,5,1,0
51.1366,1,3122176,windows,0,145,145,6,0,0,0,0,0,0,5,1,0
51.1394,0,3272704,repair,20,1.06844e+08,1.06844e+08,4801,1,2,3,11,3,0,2950,1777,74
51.3949,0,3289088,repair,14,9.1275e+07,9.12435e+07,4532,1,2,1,9,1,0,2885,1573,74
51.4001,1,3140608,windows,0,145,145,6,0,0,0,0,0,0,5,1,0
51.657,0,3304448,repair,5,8.40083e+07,8.39628e+07,4410,0,0,0,3,2,0,2892,1450,68
51.6589,1,3155968,windows,0,145,145,6,0,0,0,0,0,0,5,1,0
51.9155,1,3171328,windows,0,145,145,6,0,0,0,0,0,0,5,1,0
51.9166,0,3320832,repair,4,6.81965e+07,6.81948e+07,4007,0,0,0,2,2,0,2683,1267,57
52.1763,0,3337216,repair,1,6.01278e+07,6.009e+07,3752,0,0,0,1,0,0,2508,1196,48
52.1779,1,3186688,windows,0,145,145,6,0,0,0,0,0,0,5,1,0
52.4419,1,3202048,windows,0,145,145,6,0,0,0,0,0,0,5,1,0
52.4469,0,3353600,repair,1,5.1248e+07,5.12466e+07,3470,0,0,0,1,0,0,2323,1100,47
52.6995,0,3366912,windows,0,4.68876e+07,4.68863e+07,3338,0,0,0,0,0,0,2267,1028,43
52.7002,1,3217408,windows,0,145,145,6,0,0,0,0,0,0,5,1,0
52.9538,0,3381248,windows,0,3.73829e+07,3.73829e+07,2971,0,0,0,0,0,0,1998,932,41
52.9678,1,3232768,windows,0,145,145,6,0,0,0,0,0,0,5,1,0
53.2163,0,3395584,windows,0,3.13058e+07,3.13058e+07,2698,0,0,0,0,0,0,1782,877,39
53.2216,1,3247104,windows,0,145,145,6,0,0,0,0,0,0,5,1,0
53.4737,1,3261440,windows,0,145,145,6,0,0,0,0,0,0,5,1,0
53.4755,0,3409920,windows,0,2.64344e+07,2.64251e+07,2480,0,0,0,0,0,0,1635,807,38
53.7334,0,3423232,windows,0,2.31538e+07,2.31314e+07,2356,0,0,0,0,0,0,1600,718,38
53.7345,1,3276800,windows,0,145,145,6,0,0,0,0,0,0,5,1,0
53.986,0,3436544,windows,0,1.98477e+07,1.98465e+07,2177,0,0,0,0,0,0,1466,673,38
53.9925,1,3291136,windows,0,145,145,6,0,0,0,0,0,0,5,1,0
54.2451,0,3450880,windows,0,1.64236e+07,1.64168e+07,1986,0,0,0,0,0,0,1360,598,28
54.2455,1,3304448,windows,0,145,145,6,0,0,0,0,0,0,5,1,0
54.4961,0,3466240,windows,0,1.39359e+07,1.3935e+07,1829,0,0,0,0,0,0,1245,555,29
54.4991,1,3316736,windows,0,145,145,6,0,0,0,0,0,0,5,1,0
54.7496,1,3332096,windows,0,145,145,6,0,0,0,0,0,0,5,1,0
54.7651,0,3482624,windows,0,1.20342e+07,1.20285e+07,1692,0,0,0,0,0,0,1148,521,23
55.0013,1,3347456,windows,0,145,145,6,0,0,0,0,0,0,5,1,0
55.0236,0,3497984,windows,0,1.05328e+07,1.05322e+07,1611,0,0,0,0,0,0,1147,444,20
55.2603,1,3362816,windows,0,145,145,6,0,0,0,0,0,0,5,1,0
55.2883,0,3513344,windows,0,8.4508e+06,8.45021e+06,1414,0,0,0,0,0,0,952,442,20
55.5154,1,3378176,windows,0,145,145,6,0,0,0,0,0,0,5,1,0
55.5506,0,3527680,windows,0,7.21668e+06,7.20885e+06,1321,0,0,0,0,0,0,909,392,20
55.7677,1,3393536,windows,0,145,145,6,0,0,0,0,0,0,5,1,0
55.8058,0,3544064,windows,0,6.10437e+06,6.09955e+06,1222,0,0,0,0,0,0,852,351,19
56.0335,1,3408896,windows,0,145,145,6,0,0,0,0,0,0,5,1,0
56.0581,0,3559424,windows,0,5.15568e+06,5.15511e+06,1126,0,0,0,0,0,0,787,320,19
56.2874,1,3423232,windows,0,145,145,6,0,0,0,0,0,0,5,1,0
56.3234,0,3575808,windows,0,4.1723e+06,4.16293e+06,1009,0,0,0,0,0,0,696,295,18
56.5446,1,3438592,windows,0,145,145,6,0,0,0,0,0,0,5,1,0
56.5892,0,3591168,windows,0,3.4598e+06,3.45139e+06,920,0,0,0,0,0,0,652,258,10
56.7956,1,3456000,windows,0,145,145,6,0,0,0,0,0,0,5,1,0
56.8448,0,3607552,windows,0,2.86252e+06,2.85469e+06,830,0,0,0,0,0,0,567,250,13
57.0547,1,3475456,windows,0,145,145,6,0,0,0,0,0,0,5,1,0
57.0993,0,3623936,windows,0,2.39248e+06,2.3897e+06,772,0,0,0,0,0,0,555,206,11
57.3103,1,3495936,windows,0,145,145,6,0,0,0,0,0,0,5,1,0
57.3502,0,3639296,windows,0,1.95444e+06,1.95038e+06,693,0,0,0,0,0,0,493,192,8
57.5746,1,3514368,windows,0,145,145,6,0,0,0,0,0,0,5,1,0
57.6132,0,3654656,windows,0,1.54618e+06,1.544e+06,615,0,0,0,0,0,0,435,173,7
57.8275,1,3531776,windows,0,145,145,6,0,0,0,0,0,0,5,1,0
57.8792,0,3671040,windows,0,1.27063e+06,1.26866e+06,558,0,0,0,0,0,0,394,157,7
58.0776,1,3549184,windows,0,145,145,6,0,0,0,0,0,0,5,1,0
58.132,0,3686400,windows,0,1.08832e+06,1.08618e+06,524,0,0,0,0,0,0,387,130,7
58.3379,1,3568640,windows,0,145,145,6,0,0,0,0,0,0,5,1,0
58.3853,0,3703808,windows,0,886030,884251,475,0,0,0,0,0,0,356,112,7
58.6002,1,3587072,windows,0,145,145,6,0,0,0,0,0,0,5,1,0
58.6447,0,3720192,windows,0,677165,675509,409,0,0,0,0,0,0,285,116,8
58.8518,1,3605504,windows,0,145,145,6,0,0,0,0,0,0,5,1,0
58.9024,0,3736576,windows,0,531580,531408,366,0,0,0,0,0,0,266,94,6
59.1031,1,3624960,windows,0,145,145,6,0,0,0,0,0,0,5,1,0
59.1551,0,3752960,windows,0,441230,439435,331,0,0,0,0,0,0,236,90,5
59.3556,1,3645440,windows,0,145,145,6,0,0,0,0,0,0,5,1,0
59.4062,0,3768320,windows,0,390670,389429,311,0,0,0,0,0,0,220,86,5
59.664,1,3665920,windows,0,145,145,6,0,0,0,0,0,0,5,1,0
59.6665,0,3781632,windows,0,309185,308211,276,0,0,0,0,0,0,195,77,4
59.921,0,3794944,windows,0,250480,248146,244,0,0,0,0,0,0,164,76,4
59.9249,1,3688448,windows,0,145,145,6,0,0,0,0,0,0,5,1,0
60.1715,0,3808256,windows,0,215165,212986,225,0,0,0,0,0,0,149,72,4
60.1838,1,3710976,windows,0,145,145,6,0,0,0,0,0,0,5,1,0
60.4446,0,3822592,windows,0,195645,195645,217,0,0,0,0,0,0,147,66,4
60.4468,1,3731456,repair,0,145,145,6,0,0,0,0,0,0,5,1,0
60.6976,1,3750912,repair,0,145,145,6,0,0,0,0,0,0,5,1,0
60.7074,0,3836928,windows,0,176245,176245,205,0,0,0,0,0,0,137,64,4
60.9546,1,3769344,windows,0,145,145,6,0,0,0,0,0,0,5,1,0
60.9738,0,3852288,windows,0,136715,136091,182,0,0,0,0,0,0,125,54,3
61.2203,1,3787776,windows,0,145,145,6,0,0,0,0,0,0,5,1,0
61.2369,0,3868672,windows,0,112895,111376,167,0,0,0,0,0,0,117,47,3
61.4802,1,3805184,windows,0,145,145,6,0,0,0,0,0,0,5,1,0
61.5053,0,3884032,windows,0,100175,98736.2,157,0,0,0,0,0,0,109,45,3
61.7441,1,3822592,windows,0,145,145,6,0,0,0,0,0,0,5,1,0
61.7653,0,3899392,windows,0,92790,92198.8,150,0,0,0,0,0,0,102,45,3
61.9962,1,3838976,windows,0,145,145,6,0,0,0,0,0,0,5,1,0
62.0261,0,3915776,windows,0,85400,84565,144,0,0,0,0,0,0,100,42,2
62.2531,1,3855360,windows,0,145,145,6,0,0,0,0,0,0,5,1,0
62.2866,0,3930112,windows,0,67445,66991.2,129,0,0,0,0,0,0,91,36,2
62.5082,1,3871744,windows,0,145,145,6,0,0,0,0,0,0,5,1,0
62.5512,0,3943424,windows,0,60220,59791.2,122,0,0,0,0,0,0,86,34,2
62.7751,1,3884032,windows,0,145,145,6,0,0,0,0,0,0,5,1,0
62.8015,0,3956736,windows,0,51680,51251.2,115,0,0,0,0,0,0,86,27,2
63.0313,1,3900416,windows,0,145,145,6,0,0,0,0,0,0,5,1,0
63.0581,0,3970048,windows,0,47505,46970,110,0,0,0,0,0,0,81,27,2
63.288,1,3916800,windows,0,145,145,6,0,0,0,0,0,0,5,1,0
63.3226,0,3984384,windows,0,43180,42256.2,104,0,0,0,0,0,0,74,28,2
63.5407,1,3933184,windows,0,145,145,6,0,0,0,0,0,0,5,1,0
63.5797,0,3997696,windows,0,38285,37921.2,99,0,0,0,0,0,0,73,24,2
63.8034,1,3949568,windows,0,145,145,6,0,0,0,0,0,0,5,1,0
63.8491,0,4014080,windows,0,31520,30985,87,0,0,0,0,0,0,58,27,2
64.0585,1,3965952,windows,0,145,145,6,0,0,0,0,0,0,5,1,0
64.1076,0,4031488,windows,0,25825,25370,80,0,0,0,0,0,0,55,23,2
64.3201,1,3981312,windows,0,145,145,6,0,0,0,0,0,0,5,1,0
64.3678,0,4047872,windows,0,25760,25056.2,81,0,0,0,0,0,0,58,21,2
64.579,1,3995648,windows,0,145,145,6,0,0,0,0,0,0,5,1,0
64.6219,0,4063232,windows,0,23845,23146.2,77,0,0,0,0,0,0,53,22,2
64.8381,1,4009984,windows,0,145,145,6,0,0,0,0,0,0,5,1,0
64.8789,0,4079616,windows,0,18975,18751.2,67,0,0,0,0,0,0,45,21,1
65.0903,1,4024320,windows,0,145,145,6,0,0,0,0,0,0,5,1,0
65.1306,0,4094976,windows,0,17710,17710,65,0,0,0,0,0,0,44,20,1
65.3416,1,4038656,windows,0,145,145,6,0,0,0,0,0,0,5,1,0
65.3889,0,4112384,windows,0,16030,16030,61,0,0,0,0,0,0,40,20,1
65.594,1,4052992,windows,0,145,145,6,0,0,0,0,0,0,5,1,0
65.6503,0,4129792,windows,0,15250,15250,60,0,0,0,0,0,0,40,19,1
65.8479,1,4068352,windows,0,145,145,6,0,0,0,0,0,0,5,1,0
65.9075,0,4147200,windows,0,13030,13030,56,0,0,0,0,0,0,38,17,1
66.1181,1,4083712,windows,0,145,145,6,0,0,0,0,0,0,5,1,0
66.1722,0,4163584,windows,0,12655,12655,55,0,0,0,0,0,0,37,17,1
66.3794,1,4099072,windows,0,145,145,6,0,0,0,0,0,0,5,1,0
66.4377,0,4180992,windows,0,11680,11292.5,53,0,0,0,0,0,0,34,17,2
66.6373,1,4112384,windows,0,145,145,6,0,0,0,0,0,0,5,1,0
66.6973,0,4197376,windows,0,11345,10957.5,52,0,0,0,0,0,0,33,17,2
66.9037,1,4126720,windows,0,145,145,6,0,0,0,0,0,0,5,1,0
66.9544,0,4214784,windows,0,11345,10957.5,52,0,0,0,0,0,0,33,17,2
67.1639,1,4141056,windows,0,145,145,6,0,0,0,0,0,0,5,1,0
67.215,0,4231168,windows,0,10705,10163.8,50,0,0,0,0,0,0,31,17,2
67.4237,1,4157440,windows,0,145,145,6,0,0,0,0,0,0,5,1,0
67.4757,0,4246528,windows,0,10360,9992.5,50,0,0,0,0,0,0,32,16,2
67.6904,1,4173824,windows,0,145,145,6,0,0,0,0,0,0,5,1,0
67.7286,0,4261888,windows,0,10045,9677.5,49,0,0,0,0,0,0,31,16,2
67.9594,1,4191232,windows,0,145,145,6,0,0,0,0,0,0,5,1,0
67.9908,0,4278272,windows,0,9335,9335,47,0,0,0,0,0,0,31,15,1
68.2172,1,4208640,windows,0,145,145,6,0,0,0,0,0,0,5,1,0
68.2567,0,4294656,windows,0,8450,8311.25,44,0,0,0,0,0,0,28,15,1
68.475,1,4226048,windows,0,145,145,6,0,0,0,0,0,0,5,1,0
68.5206,0,4310016,windows,0,8450,8311.25,44,0,0,0,0,0,0,28,15,1
68.7259,1,4244480,windows,0,145,145,6,0,0,0,0,0,0,5,1,0
68.7718,0,4325376,windows,0,7870,7595,43,0,0,0,0,0,0,28,14,1
68.9911,1,4257792,repair,774,2.78587e+08,2.78561e+08,7288,51,158,134,271,160,0,4104,2999,185
69.0278,0,4340736,windows,0,7870,7595,43,0,0,0,0,0,0,28,14,1
69.2498,1,4279296,repair,624,2.6221e+08,2.62152e+08,7140,38,139,113,202,132,0,4019,2931,190
69.2829,0,4359168,windows,0,7330,7055,41,0,0,0,0,0,0,26,14,1
69.5109,1,4300800,repair,500,2.47919e+08,2.47862e+08,6995,21,110,81,194,94,0,3998,2839,158
69.5417,0,4377600,windows,0,7075,6800,40,0,0,0,0,0,0,25,14,1
69.7695,1,4321280,repair,377,2.39147e+08,2.39091e+08,6906,31,79,54,148,65,0,3967,2797,142
69.8003,0,4395008,windows,0,7075,6800,40,0,0,0,0,0,0,25,14,1
70.0298,1,4340736,repair,311,2.07655e+08,2.07599e+08,6479,24,51,39,132,65,0,3747,2592,140
70.0504,0,4411392,windows,0,7075,6800,40,0,0,0,0,0,0,25,14,1
70.2805,1,4355072,repair,268,1.81733e+08,1.81667e+08,6134,18,47,45,101,57,0,3614,2390,130
70.3153,0,4425728,windows,0,6830,6436.25,39,0,0,0,0,0,0,24,14,1
70.5376,1,4374528,repair,187,1.88228e+08,1.88206e+08,6281,14,25,25,91,32,0,3740,2417,124
70.5698,0,4440064,windows,0,6595,6206.25,38,0,0,0,0,0,0,23,14,1
70.7888,1,4392960,repair,146,1.67992e+08,1.67974e+08,5924,9,21,20,64,32,0,3527,2290,107
70.8346,0,4457472,windows,0,6595,6206.25,38,0,0,0,0,0,0,23,14,1
71.0401,1,4411392,repair,112,1.48522e+08,1.48502e+08,5668,4,15,15,45,33,0,3479,2090,99
71.0886,0,4473856,windows,0,6595,6206.25,38,0,0,0,0,0,0,23,14,1
71.2932,1,4429824,repair,76,1.42329e+08,1.42271e+08,5564,4,17,9,27,19,0,3409,2046,109
71.3528,0,4491264,windows,0,6595,6206.25,38,0,0,0,0,0,0,23,14,1
71.5533,1,4449280,repair,47,1.23146e+08,1.23128e+08,5190,2,6,9,17,13,0,3211,1888,91
71.6038,0,4508672,windows,0,6370,6095,37,0,0,0,0,0,0,22,14,1
71.8085,1,4468736,repair,28,1.1001e+08,1.09975e+08,4937,0,4,3,13,8,0,3110,1753,74
71.8651,0,4527104,windows,0,6370,6095,37,0,0,0,0,0,0,22,14,1
72.0624,1,4488192,repair,17,9.79462e+07,9.79134e+07,4678,1,1,3,6,6,0,2971,1638,69
72.1284,0,4545536,windows,0,6370,6095,37,0,0,0,0,0,0,22,14,1
72.3206,1,4506624,repair,6,8.23069e+07,8.22784e+07,4380,0,0,2,3,1,0,2880,1426,74
72.3948,0,4562944,windows,0,6370,6095,37,0,0,0,0,0,0,22,14,1
72.578,1,4525056,repair,1,7.17675e+07,7.17656e+07,4083,0,0,0,0,1,0,2681,1336,66
72.6566,0,4580352,windows,0,6370,6095,37,0,0,0,0,0,0,22,14,1
72.8389,1,4541440,windows,0,5.90943e+07,5.90559e+07,3691,0,0,0,0,0,0,2403,1227,61
72.9167,0,4599808,windows,0,145,145,6,0,0,0,0,0,0,5,1,0
73.1027,1,4556800,windows,0,4.85907e+07,4.85791e+07,3416,0,0,0,0,0,0,2331,1033,52
73.179,0,4620288,windows,0,145,145,6,0,0,0,0,0,0,5,1,0
73.3637,1,4572160,windows,0,3.94669e+07,3.94458e+07,3029,0,0,0,0,0,0,1996,987,46
73.4356,0,4641792,windows,0,145,145,6,0,0,0,0,0,0,5,1,0
73.6283,1,4588544,windows,0,3.16966e+07,3.16966e+07,2743,0,0,0,0,0,0,1849,853,41
73.6898,0,4661248,windows,0,145,145,6,0,0,0,0,0,0,5,1,0
73.8965,1,4601856,windows,0,2.73562e+07,2.73551e+07,2551,0,0,0,0,0,0,1728,787,36
73.9424,0,4676608,windows,0,145,145,6,0,0,0,0,0,0,5,1,0
74.1603,1,4615168,windows,0,2.37867e+07,2.37774e+07,2395,0,0,0,0,0,0,1652,711,32
74.2067,0,4694016,windows,0,145,145,6,0,0,0,0,0,0,5,1,0
74.4169,1,4628480,windows,0,2.09041e+07,2.09041e+07,2273,0,0,0,0,0,0,1613,627,33
74.4645,0,4712448,windows,0,145,145,6,0,0,0,0,0,0,5,1,0
74.6824,1,4641792,windows,0,1.74916e+07,1.74836e+07,2053,0,0,0,0,0,0,1407,615,31
74.7243,0,4730880,windows,0,145,145,6,0,0,0,0,0,0,5,1,0
74.9417,1,4655104,windows,0,1.47508e+07,1.47499e+07,1894,0,0,0,0,0,0,1305,557,32
74.9765,0,4747264,windows,0,145,145,6,0,0,0,0,0,0,5,1,0
75.2031,1,4668416,windows,0,1.27584e+07,1.27523e+07,1761,0,0,0,0,0,0,1221,514,26
75.2296,0,4764672,windows,0,145,145,6,0,0,0,0,0,0,5,1,0
75.4635,1,4681728,windows,0,1.11341e+07,1.11241e+07,1656,0,0,0,0,0,0,1167,464,25
75.4852,0,4783104,windows,0,145,145,6,0,0,0,0,0,0,5,1,0
75.7242,1,4692992,windows,0,9.94566e+06,9.94497e+06,1571,0,0,0,0,0,0,1121,427,23
75.7413,0,4799488,windows,0,145,145,6,0,0,0,0,0,0,5,1,0
75.9909,1,4705280,windows,0,8.50775e+06,8.49831e+06,1430,0,0,0,0,0,0,970,435,25
75.9994,0,4813824,repair,0,145,145,6,0,0,0,0,0,0,5,1,0
76.2584,1,4718592,windows,0,7.20175e+06,7.20175e+06,1318,0,0,0,0,0,0,902,395,21
76.2662,0,4828160,windows,0,145,145,6,0,0,0,0,0,0,5,1,0
76.5088,1,4730880,windows,0,6.26032e+06,6.25589e+06,1245,0,0,0,0,0,0,886,341,18
76.5215,0,4842496,windows,0,145,145,6,0,0,0,0,0,0,5,1,0
76.7682,1,4744192,windows,0,5.4699e+06,5.45863e+06,1158,0,0,0,0,0,0,805,333,20
76.7808,0,4855808,windows,0,145,145,6,0,0,0,0,0,0,5,1,0
77.0344,1,4757504,windows,0,4.70988e+06,4.70559e+06,1079,0,0,0,0,0,0,765,298,16
77.0505,0,4870144,windows,0,145,145,6,0,0,0,0,0,0,5,1,0
77.2922,1,4769792,windows,0,4.11464e+06,4.10542e+06,1005,0,0,0,0,0,0,703,286,16
77.3018,0,4883456,windows,0,145,145,6,0,0,0,0,0,0,5,1,0
77.5519,1,4782080,windows,0,3.4867e+06,3.48619e+06,933,0,0,0,0,0,0,663,253,17
77.5561,0,4896768,windows,0,145,145,6,0,0,0,0,0,0,5,1,0
77.8061,1,4794368,windows,0,3.00042e+06,2.99991e+06,863,0,0,0,0,0,0,605,241,17
77.8186,0,4910080,windows,0,145,145,6,0,0,0,0,0,0,5,1,0
78.0702,0,4923392,windows,0,145,145,6,0,0,0,0,0,0,5,1,0
78.0715,1,4807680,windows,0,2.60674e+06,2.60388e+06,806,0,0,0,0,0,0,573,219,14
78.3356,0,4937728,windows,0,145,145,6,0,0,0,0,0,0,5,1,0
78.3398,1,4820992,windows,0,2.29332e+06,2.28658e+06,755,0,0,0,0,0,0,543,202,10
78.5933,0,4953088,windows,0,145,145,6,0,0,0,0,0,0,5,1,0
78.6011,1,4834304,windows,0,2.0183e+06,2.0157e+06,716,0,0,0,0,0,0,521,181,14
78.8552,1,4846592,windows,0,1.63414e+06,1.63185e+06,641,0,0,0,0,0,0,457,171,13
78.8605,0,4968448,windows,0,145,145,6,0,0,0,0,0,0,5,1,0
79.1166,1,4859904,windows,0,1.34362e+06,1.34002e+06,579,0,0,0,0,0,0,405,161,13
79.1169,0,4983808,windows,0,145,145,6,0,0,0,0,0,0,5,1,0
79.375,0,5001216,windows,0,145,145,6,0,0,0,0,0,0,5,1,0
79.3907,1,4873216,windows,0,1.12618e+06,1.12618e+06,537,0,0,0,0,0,0,389,135,13
79.6273,0,5016576,windows,0,145,145,6,0,0,0,0,0,0,5,1,0
79.6448,1,4885504,windows,0,989495,987691,503,0,0,0,0,0,0,361,129,13
79.8806,0,5031936,windows,0,145,145,6,0,0,0,0,0,0,5,1,0
79.9104,1,4899840,windows,0,844595,842961,460,0,0,0,0,0,0,327,124,9
80.1384,0,5048320,windows,0,145,145,6,0,0,0,0,0,0,5,1,0
80.1645,1,4912128,windows,0,678545,676779,412,0,0,0,0,0,0,283,117,12
80.3887,0,5067776,windows,0,145,145,6,0,0,0,0,0,0,5,1,0
80.4317,1,4924416,windows,0,544395,542739,374,0,0,0,0,0,0,267,96,11
80.6462,0,5088256,windows,0,145,145,6,0,0,0,0,0,0,5,1,0
80.6879,1,4936704,windows,0,458555,457039,344,0,0,0,0,0,0,251,84,9
80.9051,0,5107712,repair,0,145,145,6,0,0,0,0,0,0,5,1,0
80.9471,1,4950016,windows,0,400055,398669,319,0,0,0,0,0,0,225,85,9
81.1594,0,5127168,repair,0,145,145,6,0,0,0,0,0,0,5,1,0
81.2006,1,4963328,windows,0,337100,334606,297,0,0,0,0,0,0,216,71,10
81.4185,0,5146624,windows,0,145,145,6,0,0,0,0,0,0,5,1,0
81.4644,1,4977664,windows,0,279605,279312,269,0,0,0,0,0,0,189,70,10
81.6803,0,5164032,windows,0,145,145,6,0,0,0,0,0,0,5,1,0
81.7158,1,4989952,windows,0,214925,214925,235,0,0,0,0,0,0,165,62,8
81.9314,0,5181440,windows,0,145,145,6,0,0,0,0,0,0,5,1,0
81.9807,1,5003264,windows,0,181700,180545,216,0,0,0,0,0,0,150,58,8
82.1898,0,5199872,windows,0,145,145,6,0,0,0,0,0,0,5,1,0
82.2385,1,5016576,windows,0,154085,152326,199,0,0,0,0,0,0,137,54,8
82.4519,0,5215232,windows,0,145,145,6,0,0,0,0,0,0,5,1,0
82.5038,1,5030912,windows,0,129430,129430,182,0,0,0,0,0,0,130,47,5
82.7194,0,5229568,windows,0,145,145,6,0,0,0,0,0,0,5,1,0
82.7632,1,5044224,windows,0,113105,112170,168,0,0,0,0,0,0,117,47,4
82.9873,0,5243904,windows,0,145,145,6,0,0,0,0,0,0,5,1,0
83.016,1,5060608,windows,0,79465,78788.8,144,0,0,0,0,0,0,101,37,6
83.2491,0,5259264,windows,0,145,145,6,0,0,0,0,0,0,5,1,0
83.2696,1,5078016,windows,0,64805,63997.5,131,0,0,0,0,0,0,93,32,6
83.5116,0,5274624,windows,0,145,145,6,0,0,0,0,0,0,5,1,0
83.5222,1,5094400,windows,0,55180,53963.8,120,0,0,0,0,0,0,82,32,6
83.7621,0,5288960,windows,0,145,145,6,0,0,0,0,0,0,5,1,0
83.7826,1,5111808,windows,0,50705,49957.5,116,0,0,0,0,0,0,81,29,6
84.013,0,5303296,windows,0,145,145,6,0,0,0,0,0,0,5,1,0
84.0349,1,5128192,windows,0,35945,35530,98,0,0,0,0,0,0,73,21,4
84.263,0,5317632,windows,0,145,145,6,0,0,0,0,0,0,5,1,0
84.2903,1,5143552,windows,0,30425,30010,90,0,0,0,0,0,0,65,21,4
84.5276,0,5331968,windows,0,145,145,6,0,0,0,0,0,0,5,1,0
84.5543,1,5157888,windows,0,28465,27716.2,86,0,0,0,0,0,0,59,23,4
84.7801,0,5350400,windows,0,145,145,6,0,0,0,0,0,0,5,1,0
84.8044,1,5172224,windows,0,25630,25630,81,0,0,0,0,0,0,56,22,3
85.0447,0,5366784,windows,0,145,145,6,0,0,0,0,0,0,5,1,0
85.0748,1,5186560,windows,0,22955,22520,76,0,0,0,0,0,0,51,22,3
85.3332,0,5376000,windows,0,145,145,6,0,0,0,0,0,0,5,1,0
85.3483,1,5194752,windows,0,21470,21035,73,0,0,0,0,0,0,48,22,3
85.5891,0,5388288,windows,0,145,145,6,0,0,0,0,0,0,5,1,0
85.5987,1,5206016,windows,0,17170,17170,66,0,0,0,0,0,0,44,19,3
85.8447,0,5406720,windows,0,145,145,6,0,0,0,0,0,0,5,1,0
85.8522,1,5220352,windows,0,16310,16101.2,64,0,0,0,0,0,0,42,19,3
86.1005,0,5424128,windows,0,145,145,6,0,0,0,0,0,0,5,1,0
86.1181,1,5235712,windows,0,14210,14001.2,61,0,0,0,0,0,0,42,16,3
86.3573,0,5442560,windows,0,145,145,6,0,0,0,0,0,0,5,1,0
86.3785,1,5251072,windows,0,13390,13075,59,0,0,0,0,0,0,40,16,3
86.6127,0,5460992,repair,0,145,145,6,0,0,0,0,0,0,5,1,0
86.6342,1,5266432,windows,0,12610,12421.2,57,0,0,0,0,0,0,38,16,3
86.871,0,5481472,windows,0,145,145,6,0,0,0,0,0,0,5,1,0
86.8904,1,5281792,windows,0,10895,10426.2,53,0,0,0,0,0,0,35,15,3
87.1362,0,5497856,windows,0,145,145,6,0,0,0,0,0,0,5,1,0
87.1517,1,5297152,windows,0,10510,10036.2,51,0,0,0,0,0,0,32,16,3
87.3899,0,5512192,windows,0,145,145,6,0,0,0,0,0,0,5,1,0
87.4078,1,5312512,windows,0,10215,9756.25,51,0,0,0,0,0,0,33,15,3
87.6542,0,5527552,windows,0,145,145,6,0,0,0,0,0,0,5,1,0
87.67,1,5327872,windows,0,9485,9210,49,0,0,0,0,0,0,33,14,2
87.9082,0,5541888,windows,0,145,145,6,0,0,0,0,0,0,5,1,0
87.9347,1,5343232,windows,0,9160,8885,48,0,0,0,0,0,0,32,14,2
88.1744,0,5556224,windows,0,145,145,6,0,0,0,0,0,0,5,1,0
88.1926,1,5358592,windows,0,8845,8416.25,47,0,0,0,0,0,0,31,14,2
88.4257,0,5569536,windows,0,145,145,6,0,0,0,0,0,0,5,1,0
88.4495,1,5373952,windows,0,8540,8265,46,0,0,0,0,0,0,30,14,2
88.6785,0,5583872,windows,0,145,145,6,0,0,0,0,0,0,5,1,0
88.717,1,5389312,windows,0,8245,7826.25,45,0,0,0,0,0,0,29,14,2
88.9441,0,5599232,windows,0,145,145,6,0,0,0,0,0,0,5,1,0
88.9741,1,5404672,windows,0,8245,7826.25,45,0,0,0,0,0,0,29,14,2
89.1966,0,5618688,windows,0,145,145,6,0,0,0,0,0,0,5,1,0
89.2385,1,5421056,windows,0,7960,7546.25,44,0,0,0,0,0,0,28,14,2
89.4593,0,5641216,windows,0,145,145,6,0,0,0,0,0,0,5,1,0
89.492,1,5436416,windows,0,7960,7546.25,44,0,0,0,0,0,0,28,14,2
89.7154,0,5657600,windows,0,145,145,6,0,0,0,0,0,0,5,1,0
89.7498,1,5450752,windows,0,7165,6890,41,0,0,0,0,0,0,25,14,2
89.9701,0,5679104,windows,0,145,145,6,0,0,0,0,0,0,5,1,0
90.0113,1,5466112,windows,0,7165,6890,41,0,0,0,0,0,0,25,14,2
90.2258,0,5700608,windows,0,145,145,6,0,0,0,0,0,0,5,1,0
90.2677,1,5480448,windows,0,7165,6890,41,0,0,0,0,0,0,25,14,2
90.4799,0,5721088,windows,0,145,145,6,0,0,0,0,0,0,5,1,0
90.5196,1,5494784,windows,0,7165,6890,41,0,0,0,0,0,0,25,14,2
90.7406,0,5742592,windows,0,145,145,6,0,0,0,0,0,0,5,1,0
90.7821,1,5510144,windows,0,7165,6890,41,0,0,0,0,0,0,25,14,2
90.9929,0,5763072,windows,0,145,145,6,0,0,0,0,0,0,5,1,0
91.0461,1,5524480,windows,0,7165,6890,41,0,0,0,0,0,0,25,14,2
91.2519,0,5782528,repair,0,145,145,6,0,0,0,0,0,0,5,1,0
91.3015,1,5538816,windows,0,145,145,6,0,0,0,0,0,0,5,1,0
91.5071,0,5799936,repair,0,145,145,6,0,0,0,0,0,0,5,1,0
91.5544,1,5556224,windows,0,145,145,6,0,0,0,0,0,0,5,1,0
91.7589,0,5817344,windows,0,145,145,6,0,0,0,0,0,0,5,1,0
91.8149,1,5574656,windows,0,145,145,6,0,0,0,0,0,0,5,1,0
92.0154,0,5833728,windows,0,145,145,6,0,0,0,0,0,0,5,1,0
92.0691,1,5593088,windows,0,145,145,6,0,0,0,0,0,0,5,1,0
92.2708,0,5850112,windows,0,145,145,6,0,0,0,0,0,0,5,1,0
92.333,1,5610496,windows,0,145,145,6,0,0,0,0,0,0,5,1,0
92.5344,0,5866496,windows,0,145,145,6,0,0,0,0,0,0,5,1,0
92.5963,1,5627904,windows,0,145,145,6,0,0,0,0,0,0,5,1,0
92.788,0,5882880,windows,0,145,145,6,0,0,0,0,0,0,5,1,0
92.8484,1,5643264,windows,0,145,145,6,0,0,0,0,0,0,5,1,0
93.052,0,5900288,windows,0,145,145,6,0,0,0,0,0,0,5,1,0
93.1133,1,5658624,windows,0,145,145,6,0,0,0,0,0,0,5,1,0
93.3024,0,5913600,windows,0,145,145,6,0,0,0,0,0,0,5,1,0
93.3657,1,5672960,windows,0,145,145,6,0,0,0,0,0,0,5,1,0
93.5677,0,5931008,windows,0,145,145,6,0,0,0,0,0,0,5,1,0
93.6319,1,5688320,windows,0,145,145,6,0,0,0,0,0,0,5,1,0
93.8266,0,5947392,windows,0,145,145,6,0,0,0,0,0,0,5,1,0
93.8888,1,5702656,windows,0,145,145,6,0,0,0,0,0,0,5,1,0
94.0808,0,5963776,windows,0,145,145,6,0,0,0,0,0,0,5,1,0
94.1516,1,5718016,windows,0,145,145,6,0,0,0,0,0,0,5,1,0
94.3316,0,5979136,windows,0,145,145,6,0,0,0,0,0,0,5,1,0
94.408,1,5732352,windows,0,145,145,6,0,0,0,0,0,0,5,1,0
94.5871,0,5996544,windows,0,145,145,6,0,0,0,0,0,0,5,1,0
94.6618,1,5746688,windows,0,145,145,6,0,0,0,0,0,0,5,1,0
94.8442,0,6014976,windows,0,145,145,6,0,0,0,0,0,0,5,1,0
94.9123,1,5762048,windows,0,145,145,6,0,0,0,0,0,0,5,1,0
95.0996,0,6032384,windows,0,145,145,6,0,0,0,0,0,0,5,1,0
95.1641,1,5778432,windows,0,145,145,6,0,0,0,0,0,0,5,1,0
95.3658,0,6050816,windows,0,145,145,6,0,0,0,0,0,0,5,1,0
95.4203,1,5796864,windows,0,145,145,6,0,0,0,0,0,0,5,1,0
95.6274,0,6068224,windows,0,145,145,6,0,0,0,0,0,0,5,1,0
95.6753,1,5816320,windows,0,145,145,6,0,0,0,0,0,0,5,1,0
95.8908,0,6083584,repair,965,1.53809e+08,1.53803e+08,5159,54,154,119,424,214,0,2884,2071,204
95.9267,1,5835776,windows,0,145,145,6,0,0,0,0,0,0,5,1,0
96.148,0,6104064,repair,674,2.75605e+08,2.75605e+08,7269,36,144,119,231,144,0,4089,3007,173
96.1852,1,5856256,windows,0,145,145,6,0,0,0,0,0,0,5,1,0
96.4083,0,6125568,repair,532,2.5134e+08,2.5134e+08,7133,39,116,88,189,100,0,4164,2806,163
96.438,1,5876736,windows,0,145,145,6,0,0,0,0,0,0,5,1,0
96.6685,0,6146048,repair,420,2.40394e+08,2.40318e+08,6875,32,82,76,150,80,0,3884,2831,160
96.6887,1,5897216,windows,0,145,145,6,0,0,0,0,0,0,5,1,0
96.9257,0,6165504,repair,336,2.27149e+08,2.27075e+08,6742,18,68,51,122,77,0,3867,2730,145
96.9393,1,5915648,windows,0,145,145,6,0,0,0,0,0,0,5,1,0
97.1876,0,6185984,repair,280,1.8881e+08,1.88762e+08,6253,18,44,44,120,54,0,3694,2430,129
97.1955,1,5935104,windows,0,145,145,6,0,0,0,0,0,0,5,1,0
97.4385,0,6205440,repair,218,1.76962e+08,1.76962e+08,6145,9,39,32,87,51,0,3707,2308,130
97.4587,1,5954560,repair,0,145,145,6,0,0,0,0,0,0,5,1,0
97.6933,0,6224896,repair,158,1.59235e+08,1.59235e+08,5814,7,28,22,65,36,0,3485,2207,122
97.7102,1,5976064,windows,0,145,145,6,0,0,0,0,0,0,5,1,0
97.9505,0,6244352,repair,119,1.46049e+08,1.46029e+08,5543,5,15,21,58,20,0,3294,2133,116
97.9617,1,5995520,windows,0,145,145,6,0,0,0,0,0,0,5,1,0
98.2019,0,6263808,repair,82,1.40328e+08,1.40325e+08,5438,5,13,12,32,20,0,3259,2083,96
98.2127,1,6012928,windows,0,145,145,6,0,0,0,0,0,0,5,1,0
98.4525,0,6283264,repair,50,1.23383e+08,1.2338e+08,5194,5,13,6,17,9,0,3195,1897,102
98.4717,1,6031360,windows,0,145,145,6,0,0,0,0,0,0,5,1,0
98.7066,0,6302720,repair,34,9.83233e+07,9.83057e+07,4720,1,6,6,13,8,0,3011,1624,85
98.7257,1,6048768,windows,0,145,145,6,0,0,0,0,0,0,5,1,0
98.9686,0,6320128,repair,11,1.04914e+08,1.04899e+08,4817,1,1,1,4,4,0,3016,1721,80
98.9766,1,6066176,windows,0,145,145,6,0,0,0,0,0,0,5,1,0
99.2333,0,6336512,repair,2,9.80606e+07,9.80254e+07,4708,0,0,0,2,0,0,2992,1629,87
99.2384,1,6084608,windows,0,145,145,6,0,0,0,0,0,0,5,1,0
99.4978,0,6352896,windows,0,7.47743e+07,7.4744e+07,4165,0,0,0,0,0,0,2694,1383,88
99.5018,1,6102016,windows,0,145,145,6,0,0,0,0,0,0,5,1,0
99.7583,1,6119424,windows,0,145,145,6,0,0,0,0,0,0,5,1,0
99.7588,0,6367232,windows,0,6.04943e+07,6.04923e+07,3758,0,0,0,0,0,0,2474,1220,64
100.015,1,6136832,windows,0,145,145,6,0,0,0,0,0,0,5,1,0
100.023,0,6382592,windows,0,4.84582e+07,4.84348e+07,3386,0,0,0,0,0,0,2250,1073,63
100.273,1,6154240,windows,0,145,145,6,0,0,0,0,0,0,5,1,0
100.281,0,6396928,windows,0,4.10992e+07,4.10978e+07,3118,0,0,0,0,0,0,2095,977,46
100.532,1,6172672,windows,0,145,145,6,0,0,0,0,0,0,5,1,0
100.546,0,6411264,windows,0,3.30494e+07,3.30494e+07,2777,0,0,0,0,0,0,1843,895,39
100.79,1,6191104,windows,0,145,145,6,0,0,0,0,0,0,5,1,0
100.811,0,6425600,windows,0,2.80856e+07,2.80599e+07,2587,0,0,0,0,0,0,1761,792,34
101.051,1,6209536,windows,0,145,145,6,0,0,0,0,0,0,5,1,0
101.069,0,6438912,windows,0,2.40418e+07,2.40193e+07,2405,0,0,0,0,0,0,1668,711,26
101.308,1,6228992,windows,0,145,145,6,0,0,0,0,0,0,5,1,0
101.322,0,6452224,windows,0,2.1014e+07,2.10063e+07,2248,0,0,0,0,0,0,1550,670,28
101.559,1,6246400,windows,0,145,145,6,0,0,0,0,0,0,5,1,0
101.578,0,6465536,windows,0,1.85545e+07,1.85545e+07,2121,0,0,0,0,0,0,1469,622,30
101.812,1,6264832,windows,0,145,145,6,0,0,0,0,0,0,5,1,0
101.841,0,6478848,windows,0,1.53904e+07,1.53904e+07,1931,0,0,0,0,0,0,1328,572,31
102.067,1,6283264,windows,0,145,145,6,0,0,0,0,0,0,5,1,0
102.108,0,6493184,windows,0,1.2921e+07,1.29043e+07,1754,0,0,0,0,0,0,1193,538,23
102.319,1,6304768,windows,0,145,145,6,0,0,0,0,0,0,5,1,0
102.369,0,6507520,windows,0,1.11359e+07,1.11295e+07,1652,0,0,0,0,0,0,1171,462,19
102.572,1,6325248,windows,0,145,145,6,0,0,0,0,0,0,5,1,0
102.628,0,6521856,windows,0,9.6886e+06,9.6886e+06,1552,0,0,0,0,0,0,1124,410,18
102.827,1,6345728,windows,0,145,145,6,0,0,0,0,0,0,5,1,0
102.89,0,6536192,windows,0,8.3862e+06,8.38569e+06,1442,0,0,0,0,0,0,1039,386,17
103.087,1,6366208,windows,0,145,145,6,0,0,0,0,0,0,5,1,0
103.151,0,6549504,windows,0,6.8256e+06,6.81355e+06,1282,0,0,0,0,0,0,883,382,17
103.342,1,6388736,windows,0,145,145,6,0,0,0,0,0,0,5,1,0
103.418,0,6563840,windows,0,5.77798e+06,5.77741e+06,1187,0,0,0,0,0,0,823,345,19
103.602,1,6409216,repair,0,145,145,6,0,0,0,0,0,0,5,1,0
103.679,0,6578176,windows,0,4.95325e+06,4.94327e+06,1109,0,0,0,0,0,0,790,302,17
103.852,1,6428672,repair,0,145,145,6,0,0,0,0,0,0,5,1,0
103.93,0,6591488,windows,0,4.3206e+06,4.31643e+06,1039,0,0,0,0,0,0,753,272,14
104.103,1,6446080,windows,0,145,145,6,0,0,0,0,0,0,5,1,0
104.198,0,6605824,windows,0,3.74202e+06,3.73634e+06,961,0,0,0,0,0,0,683,265,13
104.358,1,6463488,windows,0,145,145,6,0,0,0,0,0,0,5,1,0
104.461,0,6619136,windows,0,3.07003e+06,3.06198e+06,861,0,0,0,0,0,0,596,254,11
104.617,1,6480896,windows,0,145,145,6,0,0,0,0,0,0,5,1,0
104.711,0,6633472,windows,0,2.6413e+06,2.63827e+06,793,0,0,0,0,0,0,536,245,12
104.871,1,6497280,windows,0,145,145,6,0,0,0,0,0,0,5,1,0
104.965,0,6649856,windows,0,2.21646e+06,2.20977e+06,741,0,0,0,0,0,0,527,203,11
105.123,1,6514688,windows,0,145,145,6,0,0,0,0,0,0,5,1,0
105.215,0,6666240,windows,0,1.91581e+06,1.91581e+06,687,0,0,0,0,0,0,478,196,13
105.386,1,6533120,windows,0,145,145,6,0,0,0,0,0,0,5,1,0
105.471,0,6682624,windows,0,1.51221e+06,1.51189e+06,608,0,0,0,0,0,0,420,177,11
105.638,1,6549504,windows,0,145,145,6,0,0,0,0,0,0,5,1,0
105.725,0,6699008,windows,0,1.21332e+06,1.21332e+06,551,0,0,0,0,0,0,393,148,10
105.898,1,6566912,windows,0,145,145,6,0,0,0,0,0,0,5,1,0
105.99,0,6716416,windows,0,976960,976668,493,0,0,0,0,0,0,346,137,10
106.16,1,6585344,windows,0,145,145,6,0,0,0,0,0,0,5,1,0
106.245,0,6732800,windows,0,849185,848952,462,0,0,0,0,0,0,333,121,8
106.413,1,6602752,windows,0,145,145,6,0,0,0,0,0,0,5,1,0
106.499,0,6749184,windows,0,693470,691769,417,0,0,0,0,0,0,300,110,7
106.664,1,6620160,windows,0,145,145,6,0,0,0,0,0,0,5,1,0
106.754,0,6765568,windows,0,558365,556370,375,0,0,0,0,0,0,267,100,8
106.922,1,6638592,windows,0,145,145,6,0,0,0,0,0,0,5,1,0
107.018,0,6782976,windows,0,466645,465129,347,0,0,0,0,0,0,257,82,8
107.185,1,6658048,windows,0,145,145,6,0,0,0,0,0,0,5,1,0
107.278,0,6800384,windows,0,375785,374469,310,0,0,0,0,0,0,229,75,6
107.449,1,6677504,windows,0,145,145,6,0,0,0,0,0,0,5,1,0
107.544,0,6817792,windows,0,304295,302678,279,0,0,0,0,0,0,201,71,7
107.705,1,6696960,windows,0,145,145,6,0,0,0,0,0,0,5,1,0
107.801,0,6835200,windows,0,235070,232674,243,0,0,0,0,0,0,168,68,7
107.959,1,6715392,windows,0,145,145,6,0,0,0,0,0,0,5,1,0
108.053,0,6852608,windows,0,193750,193750,220,0,0,0,0,0,0,154,61,5
108.213,1,6733824,windows,0,145,145,6,0,0,0,0,0,0,5,1,0
108.307,0,6870016,windows,0,166030,164034,203,0,0,0,0,0,0,140,58,5
108.469,1,6756352,windows,0,145,145,6,0,0,0,0,0,0,5,1,0
108.562,0,6887424,windows,0,145780,144879,194,0,0,0,0,0,0,134,52,8
108.719,1,6778880,windows,0,145,145,6,0,0,0,0,0,0,5,1,0
108.822,0,6903808,windows,0,107165,105564,167,0,0,0,0,0,0,119,42,6
108.977,1,6795264,repair,747,2.93599e+08,2.93573e+08,7410,62,157,110,277,141,0,4090,3130,190
109.079,0,6921216,windows,0,97730,97018.8,159,0,0,0,0,0,0,114,40,5
109.235,1,6816768,repair,594,2.62748e+08,2.62684e+08,7106,37,109,119,207,122,0,3975,2959,172
109.34,0,6938624,windows,0,84175,82936.2,147,0,0,0,0,0,0,109,35,3
109.504,1,6838272,repair,479,2.42528e+08,2.42447e+08,6860,37,92,88,174,88,0,3850,2851,159
109.603,0,6956032,windows,0,73775,73281.2,137,0,0,0,0,0,0,99,35,3
109.762,1,6859776,repair,375,2.19542e+08,2.19465e+08,6708,23,61,63,150,78,0,3943,2625,140
109.858,0,6972416,windows,0,54260,53861.2,117,0,0,0,0,0,0,80,33,4
110.012,1,6879232,repair,300,2.04321e+08,2.04298e+08,6431,18,58,42,119,63,0,3724,2571,136
110.124,0,6989824,windows,0,45860,45491.2,108,0,0,0,0,0,0,74,30,4
110.264,1,6898688,repair,241,1.84487e+08,1.84484e+08,6042,10,42,32,113,44,0,3462,2476,104
110.381,0,7007232,windows,0,44905,43936.2,106,0,0,0,0,0,0,71,31,4
110.523,1,6918144,repair,172,1.73709e+08,1.73658e+08,5933,12,30,22,78,30,0,3446,2379,108
110.642,0,7024640,windows,0,39080,38751.2,99,0,0,0,0,0,0,66,29,4
110.78,1,6938624,repair,130,1.51739e+08,1.51736e+08,5644,3,20,30,49,28,0,3395,2162,87
110.899,0,7042048,windows,0,31585,31585,90,0,0,0,0,0,0,61,25,4
111.037,1,6959104,repair,95,1.32803e+08,1.32747e+08,5354,3,10,17,51,14,0,3282,1980,92
111.153,0,7059456,windows,0,27835,27835,82,0,0,0,0,0,0,53,26,3
111.291,1,6978560,repair,55,1.25348e+08,1.25331e+08,5339,0,7,11,29,8,0,3421,1823,95
111.406,0,7075840,windows,0,26290,25795,80,0,0,0,0,0,0,52,25,3
111.554,1,6998016,repair,28,1.18296e+08,1.18293e+08,5075,3,2,1,15,7,0,3109,1866,100
111.664,0,7093248,windows,0,24290,23566.2,77,0,0,0,0,0,0,50,24,3
111.804,1,7017472,repair,15,9.8631e+07,9.86288e+07,4735,1,1,3,6,4,0,3047,1613,75
111.915,0,7110656,windows,0,23350,22855,74,0,0,0,0,0,0,46,25,3
112.057,1,7035904,repair,5,8.66044e+07,8.66024e+07,4434,0,1,0,3,1,0,2850,1514,70
112.18,0,7129088,windows,0,18120,18007.5,67,0,0,0,0,0,0,42,21,4
112.313,1,7056384,repair,2,7.24239e+07,7.24239e+07,4123,0,0,0,0,2,0,2726,1325,72
112.433,0,7146496,windows,0,17090,16891.2,64,0,0,0,0,0,0,40,21,3
112.57,1,7076864,windows,0,5.8622e+07,5.85859e+07,3705,0,0,0,0,0,0,2466,1186,53
112.687,0,7164928,windows,0,16695,16280,63,0,0,0,0,0,0,39,21,3
112.832,1,7095296,windows,0,4.67743e+07,4.67728e+07,3323,0,0,0,0,0,0,2228,1046,49
112.938,0,7182336,windows,0,15875,15286.2,62,0,0,0,0,0,0,39,20,3
113.082,1,7110656,windows,0,3.75781e+07,3.75494e+07,2985,0,0,0,0,0,0,1995,938,52
113.201,0,7199744,windows,0,13465,13465,56,0,0,0,0,0,0,35,19,2
113.338,1,7127040,windows,0,3.03486e+07,3.03227e+07,2666,0,0,0,0,0,0,1775,853,38
113.455,0,7218176,windows,0,12725,12725,55,0,0,0,0,0,0,35,18,2
113.594,1,7143424,windows,0,2.5269e+07,2.52606e+07,2459,0,0,0,0,0,0,1672,750,37
113.715,0,7236608,windows,0,12380,12211.2,54,0,0,0,0,0,0,34,18,2
113.852,1,7159808,windows,0,2.13649e+07,2.13437e+07,2283,0,0,0,0,0,0,1585,662,36
113.97,0,7255040,windows,0,12045,11881.2,53,0,0,0,0,0,0,33,18,2
114.104,1,7176192,windows,0,1.75489e+07,1.75411e+07,2050,0,0,0,0,0,0,1399,622,29
114.223,0,7273472,windows,0,11720,11561.2,52,0,0,0,0,0,0,32,18,2
114.357,1,7192576,windows,0,1.44536e+07,1.44413e+07,1860,0,0,0,0,0,0,1263,568,29
114.486,0,7291904,windows,0,11720,11561.2,52,0,0,0,0,0,0,32,18,2
114.613,1,7208960,windows,0,1.21355e+07,1.21296e+07,1707,0,0,0,0,0,0,1171,513,23
114.739,0,7309312,windows,0,11405,11251.2,51,0,0,0,0,0,0,31,18,2
114.867,1,7225344,windows,0,1.0486e+07,1.04713e+07,1602,0,0,0,0,0,0,1132,451,19
114.992,0,7327744,windows,0,10805,10661.2,49,0,0,0,0,0,0,29,18,2
115.117,1,7240704,windows,0,8.3953e+06,8.3953e+06,1413,0,0,0,0,0,0,963,433,17
115.246,0,7344128,windows,0,10805,10661.2,49,0,0,0,0,0,0,29,18,2
115.382,1,7257088,windows,0,6.83662e+06,6.83609e+06,1296,0,0,0,0,0,0,914,364,18
115.506,0,7363584,windows,0,10520,10381.2,48,0,0,0,0,0,0,28,18,2
115.634,1,7272448,windows,0,5.7471e+06,5.74238e+06,1190,0,0,0,0,0,0,839,333,18
115.765,0,7383040,windows,0,10520,10381.2,48,0,0,0,0,0,0,28,18,2
115.888,1,7288832,windows,0,4.83466e+06,4.83409e+06,1095,0,0,0,0,0,0,773,303,19
116.028,0,7402496,windows,0,10520,10381.2,48,0,0,0,0,0,0,28,18,2
116.153,1,7306240,windows,0,3.89846e+06,3.89781e+06,988,0,0,0,0,0,0,695,271,22
116.285,0,7420928,windows,0,10245,9890,47,0,0,0,0,0,0,27,18,2
116.415,1,7322624,windows,0,3.14326e+06,3.14326e+06,887,0,0,0,0,0,0,628,241,18
116.546,0,7439360,windows,0,9980,9625,46,0,0,0,0,0,0,26,18,2
116.676,1,7339008,windows,0,2.57746e+06,2.57689e+06,809,0,0,0,0,0,0,579,211,19
116.802,0,7457792,windows,0,9280,8945,45,0,0,0,0,0,0,26,17,2
116.931,1,7354368,windows,0,2.20102e+06,2.20049e+06,747,0,0,0,0,0,0,532,197,18
117.06,0,7476224,windows,0,9280,8945,45,0,0,0,0,0,0,26,17,2
117.182,1,7368704,windows,0,1.92864e+06,1.92202e+06,703,0,0,0,0,0,0,507,178,18
117.324,0,7492608,windows,0,8780,8445,43,0,0,0,0,0,0,24,17,2
117.442,1,7382016,windows,0,1.4765e+06,1.47109e+06,612,0,0,0,0,0,0,433,163,16
117.579,0,7507968,windows,0,8780,8445,43,0,0,0,0,0,0,24,17,2
117.698,1,7395328,windows,0,1.24695e+06,1.24402e+06,564,0,0,0,0,0,0,402,147,15
117.835,0,7523328,windows,0,8365,7926.25,43,0,0,0,0,0,0,25,16,2
117.955,1,7408640,windows,0,1.06607e+06,1.06416e+06,522,0,0,0,0,0,0,382,129,11
118.098,0,7539712,windows,0,8365,7926.25,43,0,0,0,0,0,0,25,16,2
118.214,1,7421952,windows,0,925820,925528,482,0,0,0,0,0,0,342,130,10
118.357,0,7556096,windows,0,8365,7926.25,43,0,0,0,0,0,0,25,16,2
118.468,1,7436288,windows,0,806360,803712,452,0,0,0,0,0,0,324,118,10
118.613,0,7572480,windows,0,8365,7926.25,43,0,0,0,0,0,0,25,16,2
118.733,1,7450624,windows,0,620380,616816,394,0,0,0,0,0,0,274,110,10
118.87,0,7588864,windows,0,8365,7926.25,43,0,0,0,0,0,0,25,16,2
118.994,1,7463936,windows,0,529615,527560,363,0,0,0,0,0,0,251,103,9
119.122,0,7605248,windows,0,8365,7926.25,43,0,0,0,0,0,0,25,16,2
119.251,1,7478272,windows,0,459100,455814,343,0,0,0,0,0,0,244,89,10
119.381,0,7623680,windows,0,145,145,6,0,0,0,0,0,0,5,1,0
119.513,1,7492608,windows,0,377420,377128,312,0,0,0,0,0,0,222,80,10
119.642,0,7643136,windows,0,145,145,6,0,0,0,0,0,0,5,1,0
119.772,1,7506944,windows,0,325330,324029,290,0,0,0,0,0,0,208,73,9
119.894,0,7660544,windows,0,145,145,6,0,0,0,0,0,0,5,1,0
120.037,1,7520256,windows,0,255220,255220,250,0,0,0,0,0,0,166,76,8
120.156,0,7676928,windows,0,145,145,6,0,0,0,0,0,0,5,1,0
120.304,1,7534592,windows,0,212915,212915,234,0,0,0,0,0,0,167,60,7
120.416,0,7695360,windows,0,145,145,6,0,0,0,0,0,0,5,1,0
120.557,1,7547904,windows,0,185870,185668,219,0,0,0,0,0,0,156,56,7
120.669,0,7712768,windows,0,145,145,6,0,0,0,0,0,0,5,1,0
120.811,1,7562240,windows,0,172235,170184,210,0,0,0,0,0,0,147,56,7
120.927,0,7730176,windows,0,145,145,6,0,0,0,0,0,0,5,1,0
121.074,1,7580672,windows,0,136775,136572,189,0,0,0,0,0,0,135,47,7
121.185,0,7749632,windows,0,145,145,6,0,0,0,0,0,0,5,1,0
121.324,1,7597056,windows,0,99680,99111.2,161,0,0,0,0,0,0,114,41,6
121.441,0,7766016,windows,0,145,145,6,0,0,0,0,0,0,5,1,0
121.586,1,7613440,windows,0,89390,88831.2,153,0,0,0,0,0,0,112,36,5
121.693,0,7785472,windows,0,145,145,6,0,0,0,0,0,0,5,1,0
121.845,1,7628800,windows,0,79465,78557.5,144,0,0,0,0,0,0,101,37,6
121.943,0,7803904,windows,0,145,145,6,0,0,0,0,0,0,5,1,0
122.103,1,7644160,windows,0,68380,68207.5,134,0,0,0,0,0,0,94,34,6
122.204,0,7823360,windows,0,145,145,6,0,0,0,0,0,0,5,1,0
122.361,1,7661568,windows,0,57005,55753.8,121,0,0,0,0,0,0,81,34,6
122.461,0,7840768,windows,0,145,145,6,0,0,0,0,0,0,5,1,0
122.612,1,7678976,windows,0,44310,44310,104,0,0,0,0,0,0,66,33,5
122.715,0,7857152,windows,0,145,145,6,0,0,0,0,0,0,5,1,0
122.875,1,7696384,windows,0,40235,39891.2,102,0,0,0,0,0,0,69,28,5
122.979,0,7872512,windows,0,145,145,6,0,0,0,0,0,0,5,1,0
123.138,1,7714816,windows,0,36370,36031.2,98,0,0,0,0,0,0,68,25,5
123.233,0,7887872,windows,0,145,145,6,0,0,0,0,0,0,5,1,0
123.391,1,7731200,windows,0,31675,31160,90,0,0,0,0,0,0,59,26,5
123.496,0,7903232,windows,0,145,145,6,0,0,0,0,0,0,5,1,0
123.643,1,7747584,windows,0,23790,23315,77,0,0,0,0,0,0,48,24,5
123.76,0,7918592,windows,0,145,145,6,0,0,0,0,0,0,5,1,0
123.899,1,7761920,windows,0,23790,23315,77,0,0,0,0,0,0,48,24,5
124.016,0,7933952,windows,0,145,145,6,0,0,0,0,0,0,5,1,0
124.15,1,7777280,windows,0,20110,20110,71,0,0,0,0,0,0,44,22,5
124.271,0,7949312,windows,0,145,145,6,0,0,0,0,0,0,5,1,0
124.402,1,7791616,windows,0,19250,19250,70,0,0,0,0,0,0,44,21,5
124.529,0,7965696,windows,0,145,145,6,0,0,0,0,0,0,5,1,0
124.666,1,7805952,windows,0,19250,19250,70,0,0,0,0,0,0,44,21,5
124.791,0,7982080,windows,0,145,145,6,0,0,0,0,0,0,5,1,0
124.923,1,7819264,windows,0,16355,16355,64,0,0,0,0,0,0,39,20,5
125.054,0,7997440,windows,0,145,145,6,0,0,0,0,0,0,5,1,0
125.188,1,7834624,windows,0,15575,15381.2,63,0,0,0,0,0,0,39,19,5
125.319,0,8012800,windows,0,145,145,6,0,0,0,0,0,0,5,1,0
125.446,1,7852032,windows,0,14530,14530,62,0,0,0,0,0,0,40,17,5
125.581,0,8028160,windows,0,145,145,6,0,0,0,0,0,0,5,1,0
125.699,1,7867392,windows,0,14075,14075,60,0,0,0,0,0,0,37,18,5
125.844,0,8042496,windows,0,145,145,6,0,0,0,0,0,0,5,1,0
125.951,1,7881728,windows,0,13355,13355,58,0,0,0,0,0,0,35,18,5
126.105,0,8058880,windows,0,145,145,6,0,0,0,0,0,0,5,1,0
126.207,1,7896064,windows,0,12080,12080,56,0,0,0,0,0,0,36,16,4
126.368,0,8074240,windows,0,145,145,6,0,0,0,0,0,0,5,1,0
126.465,1,7910400,windows,0,11250,11250,54,0,0,0,0,0,0,36,15,3
126.631,0,8089600,windows,0,145,145,6,0,0,0,0,0,0,5,1,0
126.716,1,7924736,windows,0,11250,11250,54,0,0,0,0,0,0,36,15,3
126.891,0,8104960,windows,0,145,145,6,0,0,0,0,0,0,5,1,0
126.973,1,7939072,windows,0,10550,10255,52,0,0,0,0,0,0,34,15,3
127.185,0,8120320,windows,0,145,145,6,0,0,0,0,0,0,5,1,0
127.234,1,7953408,windows,0,10550,10255,52,0,0,0,0,0,0,34,15,3
127.442,0,8138752,windows,0,145,145,6,0,0,0,0,0,0,5,1,0
127.501,1,7967744,windows,0,10215,10215,51,0,0,0,0,0,0,33,15,3
127.694,0,8157184,windows,0,100,100,5,0,0,0,0,0,0,4,1,0
127.763,1,7983104,windows,0,10065,10065,50,0,0,0,0,0,0,33,15,2
127.946,0,8174592,windows,0,100,100,5,0,0,0,0,0,0,4,1,0
128.021,1,7998464,windows,0,9740,9740,49,0,0,0,0,0,0,32,15,2
128.197,0,8192000,windows,0,100,100,5,0,0,0,0,0,0,4,1,0
128.272,1,8013824,windows,0,9740,9740,49,0,0,0,0,0,0,32,15,2
128.448,0,8209408,windows,0,100,100,5,0,0,0,0,0,0,4,1,0
128.53,1,8030208,windows,0,9160,8885,48,0,0,0,0,0,0,32,14,2
128.711,0,8227840,windows,0,100,100,5,0,0,0,0,0,0,4,1,0
128.792,1,8047616,windows,0,8945,8781.25,48,0,0,0,0,0,0,33,13,2
128.969,0,8246272,windows,0,100,100,5,0,0,0,0,0,0,4,1,0
129.047,1,8064000,windows,0,8445,8281.25,47,0,0,0,0,0,0,33,12,2
129.231,0,8263680,windows,0,100,100,5,0,0,0,0,0,0,4,1,0
129.311,1,8080384,windows,0,7985,7985,46,0,0,0,0,0,0,33,11,2
129.491,0,8280064,windows,0,100,100,5,0,0,0,0,0,0,4,1,0
129.566,1,8096768,windows,0,7205,6970,43,0,0,0,0,0,0,29,12,2
129.749,0,8296448,windows,0,100,100,5,0,0,0,0,0,0,4,1,0
129.819,1,8113152,windows,0,6460,6245,41,0,0,0,0,0,0,28,11,2
130.003,0,8311808,windows,0,100,100,5,0,0,0,0,0,0,4,1,0
130.081,1,8129536,windows,0,6235,5896.25,40,0,0,0,0,0,0,29,10,1
130.254,0,8327168,windows,0,100,100,5,0,0,0,0,0,0,4,1,0
130.334,1,8144896,windows,0,6235,5896.25,40,0,0,0,0,0,0,29,10,1
130.511,0,8343552,windows,0,100,100,5,0,0,0,0,0,0,4,1,0
130.591,1,8160256,windows,0,5675,5675,38,0,0,0,0,0,0,27,10,1
130.775,0,8359936,windows,0,100,100,5,0,0,0,0,0,0,4,1,0
130.843,1,8175616,windows,0,5410,5086.25,37,0,0,0,0,0,0,26,10,1
131.037,0,8376320,windows,0,100,100,5,0,0,0,0,0,0,4,1,0
131.099,1,8192000,windows,0,5330,5115,36,0,0,0,0,0,0,24,11,1
131.288,0,8393728,windows,0,100,100,5,0,0,0,0,0,0,4,1,0
131.362,1,8209408,windows,0,4910,4715,35,0,0,0,0,0,0,24,10,1
131.555,0,8411136,repair,0,100,100,5,0,0,0,0,0,0,4,1,0
131.618,1,8225792,windows,0,4675,4480,34,0,0,0,0,0,0,23,10,1
131.809,0,8426496,repair,0,100,100,5,0,0,0,0,0,0,4,1,0
131.884,1,8242176,windows,0,4030,3835,31,0,0,0,0,0,0,20,10,1
132.069,0,8443904,windows,0,100,100,5,0,0,0,0,0,0,4,1,0
132.145,1,8259584,windows,0,4030,3835,31,0,0,0,0,0,0,20,10,1
132.329,0,8461312,windows,0,100,100,5,0,0,0,0,0,0,4,1,0
132.406,1,8276992,windows,0,3835,3546.25,30,0,0,0,0,0,0,19,10,1
132.581,0,8475648,windows,0,100,100,5,0,0,0,0,0,0,4,1,0
132.658,1,8292352,windows,0,3650,3366.25,29,0,0,0,0,0,0,18,10,1
132.835,0,8488960,windows,0,100,100,5,0,0,0,0,0,0,4,1,0
132.914,1,8304640,windows,0,3650,3366.25,29,0,0,0,0,0,0,18,10,1
133.087,0,8505344,windows,0,100,100,5,0,0,0,0,0,0,4,1,0
133.173,1,8323072,windows,0,3650,3366.25,29,0,0,0,0,0,0,18,10,1
133.341,0,8519680,windows,0,100,100,5,0,0,0,0,0,0,4,1,0
133.431,1,8338432,windows,0,3650,3366.25,29,0,0,0,0,0,0,18,10,1
133.608,0,8536064,windows,0,100,100,5,0,0,0,0,0,0,4,1,0
133.689,1,8353792,windows,0,3650,3366.25,29,0,0,0,0,0,0,18,10,1
133.867,0,8549376,windows,0,100,100,5,0,0,0,0,0,0,4,1,0
133.946,1,8369152,windows,0,3650,3366.25,29,0,0,0,0,0,0,18,10,1
134.125,0,8564736,windows,0,100,100,5,0,0,0,0,0,0,4,1,0
134.197,1,8384512,windows,0,100,100,5,0,0,0,0,0,0,4,1,0
134.388,0,8582144,windows,0,100,100,5,0,0,0,0,0,0,4,1,0
134.458,1,8402944,windows,0,100,100,5,0,0,0,0,0,0,4,1,0
134.641,0,8599552,windows,0,100,100,5,0,0,0,0,0,0,4,1,0
134.72,1,8421376,windows,0,100,100,5,0,0,0,0,0,0,4,1,0
134.894,0,8613888,windows,0,100,100,5,0,0,0,0,0,0,4,1,0
134.973,1,8440832,windows,0,100,100,5,0,0,0,0,0,0,4,1,0
135.162,0,8629248,windows,0,100,100,5,0,0,0,0,0,0,4,1,0
135.229,1,8462336,windows,0,100,100,5,0,0,0,0,0,0,4,1,0
135.428,0,8644608,windows,0,100,100,5,0,0,0,0,0,0,4,1,0
135.495,1,8481792,windows,0,100,100,5,0,0,0,0,0,0,4,1,0
135.682,0,8658944,windows,0,100,100,5,0,0,0,0,0,0,4,1,0
135.755,1,8499200,windows,0,100,100,5,0,0,0,0,0,0,4,1,0
135.942,0,8674304,windows,0,100,100,5,0,0,0,0,0,0,4,1,0
136.011,1,8517632,windows,0,100,100,5,0,0,0,0,0,0,4,1,0
136.198,0,8689664,windows,0,100,100,5,0,0,0,0,0,0,4,1,0
136.269,1,8535040,windows,0,100,100,5,0,0,0,0,0,0,4,1,0
136.454,0,8704000,windows,0,100,100,5,0,0,0,0,0,0,4,1,0
136.525,1,8552448,windows,0,100,100,5,0,0,0,0,0,0,4,1,0
136.713,0,8719360,windows,0,100,100,5,0,0,0,0,0,0,4,1,0
136.776,1,8568832,windows,0,100,100,5,0,0,0,0,0,0,4,1,0
136.969,0,8737792,windows,0,100,100,5,0,0,0,0,0,0,4,1,0
137.03,1,8586240,windows,0,100,100,5,0,0,0,0,0,0,4,1,0
137.228,0,8757248,repair,0,100,100,5,0,0,0,0,0,0,4,1,0
137.289,1,8602624,windows,0,100,100,5,0,0,0,0,0,0,4,1,0
137.48,0,8774656,repair,0,100,100,5,0,0,0,0,0,0,4,1,0
137.551,1,8619008,windows,0,100,100,5,0,0,0,0,0,0,4,1,0
137.731,0,8791040,windows,0,100,100,5,0,0,0,0,0,0,4,1,0
137.81,1,8636416,windows,0,100,100,5,0,0,0,0,0,0,4,1,0
137.991,0,8806400,windows,0,100,100,5,0,0,0,0,0,0,4,1,0
138.062,1,8652800,windows,0,100,100,5,0,0,0,0,0,0,4,1,0
138.248,0,8821760,windows,0,100,100,5,0,0,0,0,0,0,4,1,0
138.321,1,8670208,windows,0,100,100,5,0,0,0,0,0,0,4,1,0
138.5,0,8837120,windows,0,100,100,5,0,0,0,0,0,0,4,1,0
138.578,1,8687616,windows,0,100,100,5,0,0,0,0,0,0,4,1,0
138.763,0,8854528,windows,0,100,100,5,0,0,0,0,0,0,4,1,0
138.835,1,8707072,windows,0,100,100,5,0,0,0,0,0,0,4,1,0
139.017,0,8870912,windows,0,100,100,5,0,0,0,0,0,0,4,1,0
139.095,1,8727552,windows,0,100,100,5,0,0,0,0,0,0,4,1,0
139.269,0,8886272,windows,0,100,100,5,0,0,0,0,0,0,4,1,0
139.352,1,8747008,windows,0,100,100,5,0,0,0,0,0,0,4,1,0
139.528,0,8900608,windows,0,100,100,5,0,0,0,0,0,0,4,1,0
139.611,1,8765440,windows,0,100,100,5,0,0,0,0,0,0,4,1,0
139.79,0,8916992,windows,0,100,100,5,0,0,0,0,0,0,4,1,0
139.871,1,8782848,windows,0,100,100,5,0,0,0,0,0,0,4,1,0
140.05,0,8935424,windows,0,100,100,5,0,0,0,0,0,0,4,1,0
140.127,1,8800256,windows,0,100,100,5,0,0,0,0,0,0,4,1,0
140.312,0,8951808,windows,0,100,100,5,0,0,0,0,0,0,4,1,0
140.386,1,8818688,windows,0,100,100,5,0,0,0,0,0,0,4,1,0
140.573,0,8967168,windows,0,100,100,5,0,0,0,0,0,0,4,1,0
140.637,1,8837120,windows,0,100,100,5,0,0,0,0,0,0,4,1,0
140.825,0,8982528,windows,0,100,100,5,0,0,0,0,0,0,4,1,0
140.901,1,8855552,windows,0,100,100,5,0,0,0,0,0,0,4,1,0
141.081,0,8998912,windows,0,100,100,5,0,0,0,0,0,0,4,1,0
141.164,1,8873984,windows,0,100,100,5,0,0,0,0,0,0,4,1,0
141.333,0,9015296,windows,0,100,100,5,0,0,0,0,0,0,4,1,0
141.424,1,8893440,windows,0,100,100,5,0,0,0,0,0,0,4,1,0
141.587,0,9030656,windows,0,100,100,5,0,0,0,0,0,0,4,1,0
141.678,1,8909824,windows,0,100,100,5,0,0,0,0,0,0,4,1,0
141.851,0,9048064,windows,0,100,100,5,0,0,0,0,0,0,4,1,0
141.934,1,8926208,windows,0,100,100,5,0,0,0,0,0,0,4,1,0
142.107,0,9066496,windows,0,100,100,5,0,0,0,0,0,0,4,1,0
142.188,1,8943616,windows,0,100,100,5,0,0,0,0,0,0,4,1,0
142.368,0,9084928,windows,0,100,100,5,0,0,0,0,0,0,4,1,0
142.452,1,8962048,windows,0,100,100,5,0,0,0,0,0,0,4,1,0
142.618,0,9102336,windows,0,100,100,5,0,0,0,0,0,0,4,1,0
142.712,1,8978432,windows,0,100,100,5,0,0,0,0,0,0,4,1,0
142.871,0,9117696,repair,0,100,100,5,0,0,0,0,0,0,4,1,0
142.965,1,8994816,windows,0,100,100,5,0,0,0,0,0,0,4,1,0
143.126,0,9134080,windows,0,100,100,5,0,0,0,0,0,0,4,1,0
143.221,1,9011200,windows,0,100,100,5,0,0,0,0,0,0,4,1,0
143.387,0,9149440,windows,0,100,100,5,0,0,0,0,0,0,4,1,0
143.473,1,9028608,windows,0,100,100,5,0,0,0,0,0,0,4,1,0
143.643,0,9165824,windows,0,100,100,5,0,0,0,0,0,0,4,1,0
143.73,1,9046016,windows,0,100,100,5,0,0,0,0,0,0,4,1,0
143.908,0,9181184,windows,0,100,100,5,0,0,0,0,0,0,4,1,0
143.981,1,9062400,windows,0,100,100,5,0,0,0,0,0,0,4,1,0
144.164,0,9195520,windows,0,100,100,5,0,0,0,0,0,0,4,1,0
144.247,1,9079808,windows,0,100,100,5,0,0,0,0,0,0,4,1,0
144.426,0,9210880,windows,0,100,100,5,0,0,0,0,0,0,4,1,0
144.5,1,9099264,windows,0,100,100,5,0,0,0,0,0,0,4,1,0
144.684,0,9227264,windows,0,100,100,5,0,0,0,0,0,0,4,1,0
144.753,1,9117696,windows,0,100,100,5,0,0,0,0,0,0,4,1,0
144.944,0,9243648,windows,0,100,100,5,0,0,0,0,0,0,4,1,0
145.014,1,9138176,windows,0,100,100,5,0,0,0,0,0,0,4,1,0
145.208,0,9260032,windows,0,100,100,5,0,0,0,0,0,0,4,1,0
145.27,1,9156608,repair,0,100,100,5,0,0,0,0,0,0,4,1,0
145.475,0,9274368,windows,0,100,100,5,0,0,0,0,0,0,4,1,0
145.533,1,9172992,repair,0,100,100,5,0,0,0,0,0,0,4,1,0
145.735,0,9288704,windows,0,100,100,5,0,0,0,0,0,0,4,1,0
145.789,1,9190400,repair,0,100,100,5,0,0,0,0,0,0,4,1,0
145.992,0,9304064,windows,0,100,100,5,0,0,0,0,0,0,4,1,0
146.051,1,9206784,repair,0,100,100,5,0,0,0,0,0,0,4,1,0
146.255,0,9320448,windows,0,100,100,5,0,0,0,0,0,0,4,1,0
146.318,1,9222144,windows,0,100,100,5,0,0,0,0,0,0,4,1,0
146.51,0,9335808,windows,0,100,100,5,0,0,0,0,0,0,4,1,0
146.589,1,9236480,windows,0,100,100,5,0,0,0,0,0,0,4,1,0
146.776,0,9353216,windows,0,100,100,5,0,0,0,0,0,0,4,1,0
146.858,1,9251840,windows,0,100,100,5,0,0,0,0,0,0,4,1,0
147.041,0,9368576,windows,0,100,100,5,0,0,0,0,0,0,4,1,0
147.117,1,9266176,windows,0,100,100,5,0,0,0,0,0,0,4,1,0
147.292,0,9383936,windows,0,100,100,5,0,0,0,0,0,0,4,1,0
147.372,1,9280512,windows,0,100,100,5,0,0,0,0,0,0,4,1,0
147.545,0,9399296,windows,0,100,100,5,0,0,0,0,0,0,4,1,0
147.623,1,9295872,windows,0,100,100,5,0,0,0,0,0,0,4,1,0
147.806,0,9415680,windows,0,100,100,5,0,0,0,0,0,0,4,1,0
147.886,1,9311232,windows,0,100,100,5,0,0,0,0,0,0,4,1,0
148.063,0,9428992,repair,1065,8.78846e+07,8.78751e+07,3159,15,55,60,620,315,0,1894,1032,233
148.141,1,9326592,windows,0,100,100,5,0,0,0,0,0,0,4,1,0
148.317,0,9447424,repair,721,2.68156e+08,2.6815e+08,7168,49,142,133,252,145,0,4038,2951,179
148.407,1,9342976,windows,0,100,100,5,0,0,0,0,0,0,4,1,0
148.578,0,9466880,repair,573,2.81683e+08,2.81662e+08,7376,39,122,106,203,103,0,4146,3063,167
148.658,1,9358336,windows,0,100,100,5,0,0,0,0,0,0,4,1,0
148.829,0,9484288,repair,493,2.39927e+08,2.39922e+08,6897,38,96,84,170,105,0,3932,2796,169
148.913,1,9372672,windows,0,100,100,5,0,0,0,0,0,0,4,1,0
149.09,0,9501696,repair,408,2.07846e+08,2.07823e+08,6494,22,73,53,170,90,0,3784,2562,148
149.178,1,9388032,windows,0,100,100,5,0,0,0,0,0,0,4,1,0
149.347,0,9520128,repair,329,2.02446e+08,2.02372e+08,6415,23,65,50,117,74,0,3722,2550,143
149.44,1,9403392,windows,0,100,100,5,0,0,0,0,0,0,4,1,0
149.611,0,9537536,repair,262,2.02581e+08,2.02511e+08,6361,12,41,35,122,52,0,3610,2596,155
149.692,1,9416704,windows,0,100,100,5,0,0,0,0,0,0,4,1,0
149.864,0,9552896,repair,228,1.7432e+08,1.74298e+08,6041,14,41,31,91,51,0,3565,2333,143
149.957,1,9431040,windows,0,100,100,5,0,0,0,0,0,0,4,1,0
150.114,0,9567232,repair,174,1.73857e+08,1.7379e+08,6083,12,31,28,67,36,0,3691,2288,104
150.211,1,9446400,windows,0,100,100,5,0,0,0,0,0,0,4,1,0
150.371,0,9583616,repair,142,1.54093e+08,1.54077e+08,5603,5,20,23,65,29,0,3253,2239,111
150.475,1,9462784,windows,0,100,100,5,0,0,0,0,0,0,4,1,0
150.634,0,9601024,repair,104,1.45864e+08,1.45861e+08,5476,4,15,13,49,23,0,3203,2167,106
150.73,1,9479168,windows,0,100,100,5,0,0,0,0,0,0,4,1,0
150.896,0,9617408,repair,79,1.28545e+08,1.2849e+08,5270,4,12,6,42,15,0,3195,1961,114
150.985,1,9492480,repair,0,100,100,5,0,0,0,0,0,0,4,1,0
151.156,0,9634816,repair,48,1.2095e+08,1.20894e+08,5106,1,7,9,16,15,0,3101,1904,101
151.244,1,9509888,repair,0,100,100,5,0,0,0,0,0,0,4,1,0
151.416,0,9652224,repair,28,1.09094e+08,1.09079e+08,4915,0,3,5,16,4,0,3084,1751,80
151.497,1,9526272,windows,0,100,100,5,0,0,0,0,0,0,4,1,0
151.668,0,9667584,repair,18,9.93849e+07,9.93703e+07,4680,0,2,1,13,2,0,2929,1678,73
151.748,1,9541632,windows,0,100,100,5,0,0,0,0,0,0,4,1,0
151.926,0,9683968,repair,12,8.81777e+07,8.81328e+07,4471,1,2,0,7,2,0,2880,1526,65
152.001,1,9555968,windows,0,100,100,5,0,0,0,0,0,0,4,1,0
152.191,0,9702400,repair,5,7.24575e+07,7.24284e+07,4069,1,0,2,0,2,0,2643,1368,58
152.261,1,9570304,windows,0,100,100,5,0,0,0,0,0,0,4,1,0
152.45,0,9720832,repair,2,6.27735e+07,6.2759e+07,3834,1,0,1,0,0,0,2542,1232,60
152.518,1,9584640,windows,0,100,100,5,0,0,0,0,0,0,4,1,0
152.71,0,9738240,repair,1,5.32226e+07,5.31982e+07,3541,0,0,1,0,0,0,2348,1130,63
152.774,1,9598976,windows,0,100,100,5,0,0,0,0,0,0,4,1,0
152.974,0,9755648,repair,0,4.67756e+07,4.67415e+07,3317,0,0,0,0,0,0,2194,1063,60
153.025,1,9614336,windows,0,100,100,5,0,0,0,0,0,0,4,1,0
153.232,0,9775104,repair,0,3.78007e+07,3.77889e+07,3008,0,0,0,0,0,0,2026,927,55
153.286,1,9630720,windows,0,100,100,5,0,0,0,0,0,0,4,1,0
153.488,0,9791488,repair,0,3.51981e+07,3.51865e+07,2924,0,0,0,0,0,0,2004,867,53
153.552,1,9647104,windows,0,100,100,5,0,0,0,0,0,0,4,1,0
153.754,0,9807872,windows,0,2.71009e+07,2.70996e+07,2548,0,0,0,0,0,0,1723,781,44
153.807,1,9662464,windows,0,100,100,5,0,0,0,0,0,0,4,1,0
154.01,0,9823232,windows,0,2.24586e+07,2.24509e+07,2297,0,0,0,0,0,0,1528,733,36
154.065,1,9677824,windows,0,100,100,5,0,0,0,0,0,0,4,1,0
154.264,0,9837568,windows,0,1.92227e+07,1.92155e+07,2133,0,0,0,0,0,0,1431,669,33
154.326,1,9692160,windows,0,100,100,5,0,0,0,0,0,0,4,1,0
154.524,0,9852928,windows,0,1.633e+07,1.63104e+07,1983,0,0,0,0,0,0,1360,594,29
154.616,1,9706496,repair,1050,7.82127e+07,7.81976e+07,2638,9,31,20,653,337,0,1713,706,219
154.775,0,9868288,windows,0,1.40414e+07,1.40405e+07,1847,0,0,0,0,0,0,1276,542,29
154.878,1,9723904,repair,665,2.80421e+08,2.80421e+08,7432,38,137,119,247,124,0,4238,2994,200
155.036,0,9881600,windows,0,1.15135e+07,1.15127e+07,1670,0,0,0,0,0,0,1150,494,26
155.138,1,9743360,repair,546,2.67257e+08,2.67257e+08,7196,32,116,93,203,102,0,4051,2979,166
155.288,0,9896960,windows,0,9.68208e+06,9.67348e+06,1542,0,0,0,0,0,0,1093,430,19
155.396,1,9763840,repair,449,2.44475e+08,2.44475e+08,6937,33,87,62,171,96,0,3942,2839,156
155.544,0,9913344,windows,0,8.21028e+06,8.21028e+06,1425,0,0,0,0,0,0,999,400,26
155.656,1,9783296,repair,357,2.17796e+08,2.17743e+08,6655,22,62,54,149,70,0,3892,2630,133
155.81,0,9928704,windows,0,7.07933e+06,7.07465e+06,1316,0,0,0,0,0,0,936,367,13
155.915,1,9803776,repair,297,1.78112e+08,1.78065e+08,6103,26,66,36,106,63,0,3657,2332,114
156.06,0,9942016,windows,0,6.02376e+06,6.01254e+06,1206,0,0,0,0,0,0,845,350,11
156.177,1,9823232,repair,215,1.95695e+08,1.95692e+08,6357,10,40,43,82,40,0,3759,2486,112
156.326,0,9956352,windows,0,5.10276e+06,5.10249e+06,1114,0,0,0,0,0,0,791,314,9
156.434,1,9841664,repair,160,1.69714e+08,1.6965e+08,5949,7,28,31,53,41,0,3527,2308,114
156.594,0,9970688,windows,0,4.40262e+06,4.39664e+06,1040,0,0,0,0,0,0,745,285,10
156.697,1,9859072,repair,125,1.58973e+08,1.5897e+08,5807,5,25,16,51,28,0,3506,2200,101
156.856,0,9985024,windows,0,3.84756e+06,3.83848e+06,976,0,0,0,0,0,0,703,262,11
156.962,1,9877504,repair,91,1.45121e+08,1.45062e+08,5565,2,10,12,46,21,0,3367,2096,102
157.119,0,10000384,windows,0,3.2991e+06,3.29402e+06,908,0,0,0,0,0,0,659,237,12
157.223,1,9894912,repair,67,1.29806e+08,1.29786e+08,5390,2,7,0,31,27,0,3403,1890,97
157.379,0,10013696,windows,0,2.69887e+06,2.69849e+06,820,0,0,0,0,0,0,586,221,13
157.486,1,9913344,repair,40,1.14101e+08,1.14063e+08,4995,0,5,6,20,9,0,3110,1810,75
157.636,0,10027008,windows,0,2.29818e+06,2.2951e+06,757,0,0,0,0,0,0,539,205,13
157.743,1,9930752,repair,25,1.03883e+08,1.03866e+08,4806,2,4,5,12,2,0,3049,1692,65
157.893,0,10040320,windows,0,2.02501e+06,2.0212e+06,712,0,0,0,0,0,0,508,191,13
158.005,1,9948160,repair,10,9.37168e+07,9.36844e+07,4542,0,1,1,5,3,0,2866,1621,55
158.157,0,10053632,windows,0,1.72086e+06,1.71849e+06,657,0,0,0,0,0,0,473,173,11
158.26,1,9964544,repair,3,8.25543e+07,8.25227e+07,4289,0,1,2,0,0,0,2733,1502,54
158.411,0,10066944,windows,0,1.54552e+06,1.54196e+06,624,0,0,0,0,0,0,451,162,11
158.518,1,9985024,repair,3,6.26554e+07,6.26429e+07,3807,0,1,0,2,0,0,2494,1254,59
158.663,0,10083328,windows,0,1.20248e+06,1.20248e+06,548,0,0,0,0,0,0,387,150,11
158.768,1,10005504,repair,1,5.25652e+07,5.25537e+07,3490,0,0,0,1,0,0,2296,1143,51
158.924,0,10100736,windows,0,967440,962894,494,0,0,0,0,0,0,360,126,8
159.026,1,10024960,windows,0,4.32867e+07,4.32747e+07,3187,0,0,0,0,0,0,2125,1016,46
159.183,0,10118144,windows,0,808420,808420,453,0,0,0,0,0,0,332,113,8
159.284,1,10041344,windows,0,3.39697e+07,3.3959e+07,2835,0,0,0,0,0,0,1911,885,39
159.437,0,10131456,windows,0,732850,732850,429,0,0,0,0,0,0,310,112,7
159.55,1,10056704,windows,0,2.83401e+07,2.83155e+07,2608,0,0,0,0,0,0,1795,781,32
159.697,0,10145792,windows,0,625880,622014,396,0,0,0,0,0,0,276,110,10
159.81,1,10072064,windows,0,2.36115e+07,2.3597e+07,2372,0,0,0,0,0,0,1615,726,31
159.96,0,10161152,windows,0,475705,473538,344,0,0,0,0,0,0,239,97,8
160.074,1,10087424,windows,0,1.99646e+07,1.99517e+07,2197,0,0,0,0,0,0,1521,647,29
160.22,0,10175488,windows,0,396595,395199,320,0,0,0,0,0,0,239,74,7
160.332,1,10100736,windows,0,1.66889e+07,1.6677e+07,2013,0,0,0,0,0,0,1391,591,31
160.475,0,10188800,windows,0,345670,344581,298,0,0,0,0,0,0,218,73,7
160.594,1,10114048,windows,0,1.40296e+07,1.4019e+07,1848,0,0,0,0,0,0,1301,527,20
160.73,0,10203136,windows,0,299920,297294,278,0,0,0,0,0,0,200,70,8
160.853,1,10127360,windows,0,1.19543e+07,1.19387e+07,1714,0,0,0,0,0,0,1219,475,20
160.981,0,10219520,windows,0,225140,222734,237,0,0,0,0,0,0,160,69,8
161.114,1,10143744,windows,0,1.0102e+07,1.01014e+07,1574,0,0,0,0,0,0,1112,442,20
161.237,0,10235904,windows,0,174245,172416,213,0,0,0,0,0,0,151,54,8
161.371,1,10157056,windows,0,8.79086e+06,8.77758e+06,1474,0,0,0,0,0,0,1055,401,18
161.498,0,10253312,windows,0,148030,146995,195,0,0,0,0,0,0,136,52,7
161.631,1,10170368,windows,0,7.36501e+06,7.35742e+06,1335,0,0,0,0,0,0,946,380,9
161.757,0,10271744,windows,0,122695,122091,177,0,0,0,0,0,0,121,49,7
161.885,1,10184704,windows,0,6.18474e+06,6.17318e+06,1229,0,0,0,0,0,0,875,343,11
162.016,0,10290176,windows,0,97480,96788.8,156,0,0,0,0,0,0,104,46,6
162.148,1,10199040,windows,0,5.311e+06,5.30652e+06,1142,0,0,0,0,0,0,807,320,15
162.269,0,10305536,windows,0,69950,68796.2,135,0,0,0,0,0,0,96,34,5
162.405,1,10213376,windows,0,4.59336e+06,4.59289e+06,1067,0,0,0,0,0,0,759,292,16
162.524,0,10321920,windows,0,60610,60610,127,0,0,0,0,0,0,94,28,5
162.665,1,10226688,windows,0,4.05788e+06,4.05434e+06,1000,0,0,0,0,0,0,708,278,14
162.774,0,10337280,windows,0,53410,53410,119,0,0,0,0,0,0,86,28,5
162.93,1,10240000,windows,0,3.37262e+06,3.36424e+06,909,0,0,0,0,0,0,633,261,15
163.029,0,10354688,windows,0,48135,48135,113,0,0,0,0,0,0,81,27,5
163.185,1,10255360,windows,0,2.75743e+06,2.7541e+06,830,0,0,0,0,0,0,602,217,11
163.283,0,10371072,windows,0,38780,38401.2,103,0,0,0,0,0,0,76,21,6
163.435,1,10270720,windows,0,2.24932e+06,2.24626e+06,751,0,0,0,0,0,0,542,197,12
163.541,0,10388480,windows,0,32885,32885,95,0,0,0,0,0,0,69,20,6
163.697,1,10287104,windows,0,1.90678e+06,1.90639e+06,695,0,0,0,0,0,0,505,177,13
163.805,0,10405888,windows,0,30860,30136.2,92,0,0,0,0,0,0,66,20,6
163.954,1,10302464,windows,0,1.6474e+06,1.64392e+06,644,0,0,0,0,0,0,455,174,15
164.061,0,10422272,windows,0,27175,27175,85,0,0,0,0,0,0,65,17,3
164.218,1,10317824,windows,0,1.24752e+06,1.24752e+06,557,0,0,0,0,0,0,405,146,6
164.323,0,10439680,windows,0,21275,21021.2,74,0,0,0,0,0,0,51,20,3
164.476,1,10334208,windows,0,1.00646e+06,1.00629e+06,500,0,0,0,0,0,0,361,133,6
164.586,0,10458112,windows,0,18120,18120,68,0,0,0,0,0,0,48,18,2
164.727,1,10350592,windows,0,845300,845300,453,0,0,0,0,0,0,320,129,4
164.846,0,10476544,windows,0,16945,16376.2,66,0,0,0,0,0,0,47,17,2
164.979,1,10366976,windows,0,687250,685569,416,0,0,0,0,0,0,308,103,5
165.102,0,10493952,windows,0,15820,15591.2,64,0,0,0,0,0,0,46,16,2
165.237,1,10383360,windows,0,525970,525970,352,0,0,0,0,0,0,232,113,7
165.36,0,10511360,windows,0,14485,14485,61,0,0,0,0,0,0,43,16,2
165.499,1,10400768,windows,0,406645,404758,319,0,0,0,0,0,0,227,86,6
165.617,0,10529792,windows,0,11720,11405,54,0,0,0,0,0,0,36,16,2
165.759,1,10418176,windows,0,328805,327078,287,0,0,0,0,0,0,203,78,6
165.884,0,10548224,windows,0,11260,10796.2,54,0,0,0,0,0,0,38,14,2
166.014,1,10434560,windows,0,286595,284084,272,0,0,0,0,0,0,199,66,7
166.142,0,10567680,windows,0,10795,10336.2,52,0,0,0,0,0,0,37,14,1
166.279,1,10452992,windows,0,199485,199312,225,0,0,0,0,0,0,159,60,6
166.397,0,10587136,windows,0,10255,9816.25,51,0,0,0,0,0,0,37,13,1
166.536,1,10471424,windows,0,163580,162659,206,0,0,0,0,0,0,150,50,6
166.655,0,10606592,windows,0,8855,8855,47,0,0,0,0,0,0,33,13,1
166.796,1,10489856,windows,0,136800,135732,189,0,0,0,0,0,0,138,45,6
166.91,0,10624000,windows,0,8215,8215,45,0,0,0,0,0,0,31,13,1
167.054,1,10508288,windows,0,108070,107012,168,0,0,0,0,0,0,118,43,7
167.16,0,10642432,windows,0,7910,7910,44,0,0,0,0,0,0,30,13,1
167.307,1,10525696,windows,0,78460,77788.8,143,0,0,0,0,0,0,100,37,6
167.421,0,10659840,windows,0,7910,7910,44,0,0,0,0,0,0,30,13,1
167.562,1,10541056,windows,0,65320,64718.8,131,0,0,0,0,0,0,98,29,4
167.676,0,10675200,windows,0,7910,7910,44,0,0,0,0,0,0,30,13,1
167.818,1,10558464,windows,0,59405,58828.8,125,0,0,0,0,0,0,93,28,4
167.941,0,10692608,windows,0,7910,7910,44,0,0,0,0,0,0,30,13,1
168.071,1,10574848,windows,0,49090,48691.2,112,0,0,0,0,0,0,80,29,3
168.204,0,10710016,windows,0,7615,7615,43,0,0,0,0,0,0,29,13,1
168.333,1,10591232,windows,0,40495,40111.2,103,0,0,0,0,0,0,77,23,3
168.462,0,10726400,windows,0,7330,7075,42,0,0,0,0,0,0,28,13,1
168.585,1,10606592,windows,0,33070,32731.2,93,0,0,0,0,0,0,68,22,3
168.717,0,10743808,windows,0,7055,6800,41,0,0,0,0,0,0,27,13,1
168.852,1,10622976,windows,0,30050,30050,89,0,0,0,0,0,0,66,20,3
168.979,0,10760192,windows,0,6790,6535,40,0,0,0,0,0,0,26,13,1
169.108,1,10638336,windows,0,27090,26675,84,0,0,0,0,0,0,60,21,3
169.23,0,10775552,windows,0,6790,6535,40,0,0,0,0,0,0,26,13,1
169.36,1,10653696,windows,0,25910,25495,82,0,0,0,0,0,0,58,21,3
169.486,0,10791936,windows,0,6790,6535,40,0,0,0,0,0,0,26,13,1
169.613,1,10667008,windows,0,23395,23000,78,0,0,0,0,0,0,55,20,3
169.741,0,10806272,windows,0,6790,6535,40,0,0,0,0,0,0,26,13,1
169.868,1,10681344,windows,0,21010,20751.2,74,0,0,0,0,0,0,52,19,3
169.998,0,10822656,windows,0,6535,6280,39,0,0,0,0,0,0,25,13,1
170.137,1,10695680,windows,0,18270,18270,69,0,0,0,0,0,0,48,18,3
170.25,0,10839040,windows,0,6290,6035,38,0,0,0,0,0,0,24,13,1
170.394,1,10710016,windows,0,16945,16945,66,0,0,0,0,0,0,47,17,2
170.507,0,10855424,windows,0,6055,5800,37,0,0,0,0,0,0,23,13,1
170.657,1,10725376,windows,0,16480,16480,65,0,0,0,0,0,0,46,17,2
170.77,0,10872832,windows,0,5830,5575,36,0,0,0,0,0,0,22,13,1
170.915,1,10741760,windows,0,13720,13445,60,0,0,0,0,0,0,44,14,2
171.022,0,10889216,windows,0,5830,5575,36,0,0,0,0,0,0,22,13,1
171.171,1,10759168,windows,0,12770,12475,58,0,0,0,0,0,0,40,15,3
171.28,0,10907648,windows,0,5830,5575,36,0,0,0,0,0,0,22,13,1
171.432,1,10776576,windows,0,11035,10851.2,54,0,0,0,0,0,0,37,14,3
171.543,0,10925056,windows,0,5830,5575,36,0,0,0,0,0,0,22,13,1
171.694,1,10793984,windows,0,10870,10681.2,54,0,0,0,0,0,0,38,13,3
171.795,0,10941440,windows,0,5615,5360,35,0,0,0,0,0,0,21,13,1
171.947,1,10810368,windows,0,10130,9951.25,52,0,0,0,0,0,0,36,13,3
172.056,0,10959872,windows,0,5615,5360,35,0,0,0,0,0,0,21,13,1
172.212,1,10823680,windows,0,9095,8840,49,0,0,0,0,0,0,33,13,3
172.32,0,10979328,windows,0,5615,5360,35,0,0,0,0,0,0,21,13,1
172.468,1,10836992,windows,0,8930,8761.25,49,0,0,0,0,0,0,34,12,3
172.572,0,10997760,windows,0,5410,5056.25,34,0,0,0,0,0,0,20,13,1
172.722,1,10850304,windows,0,8595,8595,48,0,0,0,0,0,0,33,12,3
172.828,0,11017216,windows,0,5410,5056.25,34,0,0,0,0,0,0,20,13,1
172.99,1,10864640,windows,0,7955,7720,46,0,0,0,0,0,0,31,12,3
173.082,0,11036672,windows,0,5410,5056.25,34,0,0,0,0,0,0,20,13,1
173.258,1,10878976,windows,0,7955,7720,46,0,0,0,0,0,0,31,12,3
173.344,0,11056128,windows,0,5215,4866.25,33,0,0,0,0,0,0,19,13,1
173.512,1,10892288,windows,0,7650,7415,45,0,0,0,0,0,0,30,12,3
173.603,0,11073536,windows,0,5215,4866.25,33,0,0,0,0,0,0,19,13,1
173.773,1,10906624,windows,0,7190,7190,44,0,0,0,0,0,0,30,11,3
173.854,0,11091968,windows,0,5030,4775,32,0,0,0,0,0,0,18,13,1
174.036,1,10920960,windows,0,7190,7190,44,0,0,0,0,0,0,30,11,3
174.116,0,11112448,windows,0,5030,4775,32,0,0,0,0,0,0,18,13,1
174.294,1,10935296,windows,0,7190,7190,44,0,0,0,0,0,0,30,11,3
174.373,0,11130880,windows,0,4855,4600,31,0,0,0,0,0,0,17,13,1
174.554,1,10950656,windows,0,7190,7190,44,0,0,0,0,0,0,30,11,3
174.63,0,11148288,windows,0,4855,4600,31,0,0,0,0,0,0,17,13,1
174.822,1,10967040,windows,0,100,100,5,0,0,0,0,0,0,4,1,0
174.882,0,11165696,windows,0,4070,3855,30,0,0,0,0,0,0,18,11,1
175.076,1,10982400,windows,0,100,100,5,0,0,0,0,0,0,4,1,0
175.134,0,11184128,windows,0,4070,3855,30,0,0,0,0,0,0,18,11,1
175.333,1,11002880,windows,0,100,100,5,0,0,0,0,0,0,4,1,0
175.392,0,11202560,windows,0,3895,3680,29,0,0,0,0,0,0,17,11,1
175.591,1,11021312,windows,0,100,100,5,0,0,0,0,0,0,4,1,0
175.651,0,11220992,windows,0,3895,3680,29,0,0,0,0,0,0,17,11,1
175.843,1,11043840,windows,0,100,100,5,0,0,0,0,0,0,4,1,0
175.914,0,11240448,windows,0,3895,3680,29,0,0,0,0,0,0,17,11,1
176.101,1,11063296,windows,0,100,100,5,0,0,0,0,0,0,4,1,0
176.172,0,11259904,windows,0,3455,3432.5,29,0,0,0,0,0,0,19,9,1
176.36,1,11082752,windows,0,100,100,5,0,0,0,0,0,0,4,1,0
176.425,0,11278336,windows,0,3095,3072.5,27,0,0,0,0,0,0,17,9,1
176.616,1,11101184,windows,0,100,100,5,0,0,0,0,0,0,4,1,0
176.685,0,11296768,windows,0,2555,2438.75,26,0,0,0,0,0,0,19,6,1
176.876,1,11120640,windows,0,100,100,5,0,0,0,0,0,0,4,1,0
176.937,0,11315200,windows,0,2370,2347.5,25,0,0,0,0,0,0,18,6,1
177.133,1,11139072,windows,0,100,100,5,0,0,0,0,0,0,4,1,0
177.191,0,11334656,windows,0,2370,2347.5,25,0,0,0,0,0,0,18,6,1
177.391,1,11157504,windows,0,100,100,5,0,0,0,0,0,0,4,1,0
177.453,0,11354112,windows,0,2370,2347.5,25,0,0,0,0,0,0,18,6,1
177.648,1,11172864,windows,0,100,100,5,0,0,0,0,0,0,4,1,0
177.716,0,11372544,windows,0,2195,2172.5,24,0,0,0,0,0,0,17,6,1
177.913,1,11190272,windows,0,100,100,5,0,0,0,0,0,0,4,1,0
177.97,0,11390976,windows,0,2030,2007.5,23,0,0,0,0,0,0,16,6,1
178.172,1,11206656,windows,0,100,100,5,0,0,0,0,0,0,4,1,0
178.222,0,11409408,windows,0,2030,2007.5,23,0,0,0,0,0,0,16,6,1
178.431,1,11225088,windows,0,100,100,5,0,0,0,0,0,0,4,1,0
178.478,0,11427840,windows,0,1875,1852.5,22,0,0,0,0,0,0,15,6,1
178.684,1,11242496,windows,0,100,100,5,0,0,0,0,0,0,4,1,0
178.731,0,11446272,windows,0,1875,1852.5,22,0,0,0,0,0,0,15,6,1
178.942,1,11260928,windows,0,100,100,5,0,0,0,0,0,0,4,1,0
178.989,0,11465728,windows,0,1875,1852.5,22,0,0,0,0,0,0,15,6,1
179.205,1,11279360,windows,0,100,100,5,0,0,0,0,0,0,4,1,0
179.248,0,11485184,windows,0,100,100,5,0,0,0,0,0,0,4,1,0
179.457,1,11299840,windows,0,100,100,5,0,0,0,0,0,0,4,1,0
179.501,0,11507712,windows,0,100,100,5,0,0,0,0,0,0,4,1,0
179.714,1,11320320,windows,0,100,100,5,0,0,0,0,0,0,4,1,0
179.752,0,11528192,windows,0,100,100,5,0,0,0,0,0,0,4,1,0
179.971,1,11342848,windows,0,100,100,5,0,0,0,0,0,0,4,1,0
180.003,0,11548672,windows,0,100,100,5,0,0,0,0,0,0,4,1,0
180.232,1,11365376,windows,0,100,100,5,0,0,0,0,0,0,4,1,0
180.254,0,11568128,windows,0,100,100,5,0,0,0,0,0,0,4,1,0
180.488,1,11386880,windows,0,100,100,5,0,0,0,0,0,0,4,1,0
180.504,0,11586560,windows,0,100,100,5,0,0,0,0,0,0,4,1,0
180.748,1,11409408,windows,0,100,100,5,0,0,0,0,0,0,4,1,0
180.755,0,11603968,windows,0,100,100,5,0,0,0,0,0,0,4,1,0
181.005,1,11431936,windows,0,100,100,5,0,0,0,0,0,0,4,1,0
181.015,0,11622400,windows,0,100,100,5,0,0,0,0,0,0,4,1,0
181.257,1,11451392,windows,0,100,100,5,0,0,0,0,0,0,4,1,0
181.272,0,11640832,windows,0,100,100,5,0,0,0,0,0,0,4,1,0
181.518,1,11470848,windows,0,100,100,5,0,0,0,0,0,0,4,1,0
181.53,0,11658240,windows,0,100,100,5,0,0,0,0,0,0,4,1,0
181.781,1,11489280,windows,0,100,100,5,0,0,0,0,0,0,4,1,0
181.784,0,11675648,windows,0,100,100,5,0,0,0,0,0,0,4,1,0
182.041,1,11506688,windows,0,100,100,5,0,0,0,0,0,0,4,1,0
182.047,0,11695104,windows,0,100,100,5,0,0,0,0,0,0,4,1,0
182.291,1,11524096,windows,0,100,100,5,0,0,0,0,0,0,4,1,0
182.307,0,11712512,windows,0,100,100,5,0,0,0,0,0,0,4,1,0
182.546,1,11540480,windows,0,100,100,5,0,0,0,0,0,0,4,1,0
182.563,0,11729920,windows,0,100,100,5,0,0,0,0,0,0,4,1,0
182.798,1,11558912,windows,0,100,100,5,0,0,0,0,0,0,4,1,0
182.814,0,11748352,windows,0,100,100,5,0,0,0,0,0,0,4,1,0
183.054,1,11577344,windows,0,100,100,5,0,0,0,0,0,0,4,1,0
183.07,0,11766784,windows,0,100,100,5,0,0,0,0,0,0,4,1,0
183.309,1,11595776,windows,0,100,100,5,0,0,0,0,0,0,4,1,0
183.323,0,11784192,windows,0,100,100,5,0,0,0,0,0,0,4,1,0
183.568,1,11615232,windows,0,100,100,5,0,0,0,0,0,0,4,1,0
183.58,0,11806720,windows,0,100,100,5,0,0,0,0,0,0,4,1,0
183.82,1,11636736,windows,0,100,100,5,0,0,0,0,0,0,4,1,0
183.833,0,11829248,windows,0,100,100,5,0,0,0,0,0,0,4,1,0
184.074,1,11657216,windows,0,100,100,5,0,0,0,0,0,0,4,1,0
184.089,0,11850752,windows,0,100,100,5,0,0,0,0,0,0,4,1,0
184.325,1,11674624,windows,0,100,100,5,0,0,0,0,0,0,4,1,0
184.355,0,11871232,windows,0,100,100,5,0,0,0,0,0,0,4,1,0
184.578,1,11697152,windows,0,100,100,5,0,0,0,0,0,0,4,1,0
184.605,0,11889664,windows,0,100,100,5,0,0,0,0,0,0,4,1,0
184.836,1,11717632,windows,0,100,100,5,0,0,0,0,0,0,4,1,0
184.856,0,11907072,windows,0,100,100,5,0,0,0,0,0,0,4,1,0
185.097,1,11737088,windows,0,100,100,5,0,0,0,0,0,0,4,1,0
185.113,0,11924480,windows,0,100,100,5,0,0,0,0,0,0,4,1,0
185.35,1,11757568,windows,0,100,100,5,0,0,0,0,0,0,4,1,0
185.371,0,11942912,windows,0,100,100,5,0,0,0,0,0,0,4,1,0
185.603,1,11777024,windows,0,100,100,5,0,0,0,0,0,0,4,1,0
185.63,0,11960320,windows,0,100,100,5,0,0,0,0,0,0,4,1,0
185.863,1,11797504,repair,0,100,100,5,0,0,0,0,0,0,4,1,0
185.891,0,11978752,windows,0,100,100,5,0,0,0,0,0,0,4,1,0
186.121,1,11816960,repair,0,100,100,5,0,0,0,0,0,0,4,1,0
186.148,0,11998208,windows,0,100,100,5,0,0,0,0,0,0,4,1,0
186.382,1,11835392,windows,0,100,100,5,0,0,0,0,0,0,4,1,0
186.398,0,12017664,windows,0,100,100,5,0,0,0,0,0,0,4,1,0
186.64,1,11854848,windows,0,100,100,5,0,0,0,0,0,0,4,1,0
186.654,0,12038144,windows,0,100,100,5,0,0,0,0,0,0,4,1,0
186.899,1,11873280,windows,0,100,100,5,0,0,0,0,0,0,4,1,0
186.91,0,12058624,windows,0,100,100,5,0,0,0,0,0,0,4,1,0
187.153,1,11891712,windows,0,100,100,5,0,0,0,0,0,0,4,1,0
187.162,0,12078080,windows,0,100,100,5,0,0,0,0,0,0,4,1,0
187.416,1,11909120,windows,0,100,100,5,0,0,0,0,0,0,4,1,0
187.421,0,12096512,repair,0,100,100,5,0,0,0,0,0,0,4,1,0
187.673,1,11926528,windows,0,100,100,5,0,0,0,0,0,0,4,1,0
187.684,0,12114944,windows,0,100,100,5,0,0,0,0,0,0,4,1,0
187.937,1,11944960,windows,0,100,100,5,0,0,0,0,0,0,4,1,0
187.949,0,12133376,windows,0,100,100,5,0,0,0,0,0,0,4,1,0
188.2,0,12149760,windows,0,100,100,5,0,0,0,0,0,0,4,1,0
188.203,1,11962368,windows,0,100,100,5,0,0,0,0,0,0,4,1,0
188.456,1,11978752,windows,0,100,100,5,0,0,0,0,0,0,4,1,0
188.457,0,12166144,windows,0,100,100,5,0,0,0,0,0,0,4,1,0
188.713,1,11995136,windows,0,100,100,5,0,0,0,0,0,0,4,1,0
188.72,0,12183552,windows,0,100,100,5,0,0,0,0,0,0,4,1,0
188.974,0,12200960,windows,0,100,100,5,0,0,0,0,0,0,4,1,0
188.974,1,12017664,windows,0,100,100,5,0,0,0,0,0,0,4,1,0
189.231,0,12218368,windows,0,100,100,5,0,0,0,0,0,0,4,1,0
189.235,1,12040192,windows,0,100,100,5,0,0,0,0,0,0,4,1,0
189.484,0,12234752,windows,0,100,100,5,0,0,0,0,0,0,4,1,0
189.493,1,12060672,repair,0,100,100,5,0,0,0,0,0,0,4,1,0
189.748,0,12252160,windows,0,100,100,5,0,0,0,0,0,0,4,1,0
189.758,1,12078080,windows,0,100,100,5,0,0,0,0,0,0,4,1,0
190.002,0,12269568,windows,0,100,100,5,0,0,0,0,0,0,4,1,0
190.01,1,12095488,windows,0,100,100,5,0,0,0,0,0,0,4,1,0
190.254,0,12286976,windows,0,100,100,5,0,0,0,0,0,0,4,1,0
190.266,1,12112896,windows,0,100,100,5,0,0,0,0,0,0,4,1,0
190.507,0,12303360,windows,0,100,100,5,0,0,0,0,0,0,4,1,0
190.527,1,12130304,windows,0,100,100,5,0,0,0,0,0,0,4,1,0
190.766,0,12320768,windows,0,100,100,5,0,0,0,0,0,0,4,1,0
190.779,1,12145664,windows,0,100,100,5,0,0,0,0,0,0,4,1,0
191.023,0,12340224,windows,0,100,100,5,0,0,0,0,0,0,4,1,0
191.039,1,12162048,windows,0,100,100,5,0,0,0,0,0,0,4,1,0
191.277,0,12359680,windows,0,100,100,5,0,0,0,0,0,0,4,1,0
191.304,1,12178432,windows,0,100,100,5,0,0,0,0,0,0,4,1,0
191.53,0,12381184,windows,0,100,100,5,0,0,0,0,0,0,4,1,0
191.582,1,12194816,repair,1078,8.10654e+07,8.10581e+07,2436,1,4,14,683,376,0,1545,648,243
191.791,0,12403712,windows,0,100,100,5,0,0,0,0,0,0,4,1,0
191.837,1,12215296,repair,638,2.76884e+08,2.76884e+08,7306,43,134,124,226,111,0,4075,3031,200
192.045,0,12425216,windows,0,100,100,5,0,0,0,0,0,0,4,1,0
192.101,1,12236800,repair,525,2.47606e+08,2.47549e+08,7002,36,101,90,209,89,0,4015,2826,161
192.307,0,12444672,repair,0,100,100,5,0,0,0,0,0,0,4,1,0
192.355,1,12257280,repair,420,2.54254e+08,2.5423e+08,7044,21,100,73,156,70,0,3994,2914,136
192.56,0,12462080,repair,0,100,100,5,0,0,0,0,0,0,4,1,0
192.617,1,12277760,repair,331,2.03422e+08,2.0337e+08,6403,11,66,50,120,84,0,3713,2562,128
192.812,0,12479488,windows,0,100,100,5,0,0,0,0,0,0,4,1,0
192.879,1,12298240,repair,257,1.92523e+08,1.9252e+08,6268,15,50,39,102,51,0,3681,2478,109
193.066,0,12496896,windows,0,100,100,5,0,0,0,0,0,0,4,1,0
193.137,1,12318720,repair,207,1.67068e+08,1.67019e+08,5927,10,48,24,85,40,0,3563,2260,104
193.329,0,12515328,windows,0,100,100,5,0,0,0,0,0,0,4,1,0
193.387,1,12339200,repair,151,1.44892e+08,1.4489e+08,5527,9,30,23,62,27,0,3319,2109,99
193.581,0,12532736,windows,0,100,100,5,0,0,0,0,0,0,4,1,0
193.638,1,12360704,repair,102,1.36469e+08,1.36429e+08,5404,5,18,12,46,21,0,3305,2017,82
193.841,0,12550144,windows,0,100,100,5,0,0,0,0,0,0,4,1,0
193.893,1,12380160,repair,65,1.26751e+08,1.26713e+08,5248,4,8,6,27,20,0,3262,1914,72
194.095,0,12567552,windows,0,100,100,5,0,0,0,0,0,0,4,1,0
194.156,1,12396544,repair,37,1.21921e+08,1.21903e+08,5160,1,3,3,16,14,0,3213,1872,75
194.353,0,12585984,windows,0,100,100,5,0,0,0,0,0,0,4,1,0
194.422,1,12412928,repair,20,1.09118e+08,1.09103e+08,4899,1,2,3,9,5,0,3088,1751,60
194.607,0,12603392,windows,0,100,100,5,0,0,0,0,0,0,4,1,0
194.678,1,12429312,repair,17,9.07757e+07,9.07757e+07,4510,2,2,1,9,3,0,2866,1574,70
194.865,0,12621824,windows,0,100,100,5,0,0,0,0,0,0,4,1,0
194.94,1,12449792,repair,10,8.25099e+07,8.25099e+07,4313,1,2,0,5,2,0,2772,1483,58
195.117,0,12638208,windows,0,100,100,5,0,0,0,0,0,0,4,1,0
195.201,1,12470272,repair,1,6.93009e+07,6.92732e+07,4003,0,0,1,0,0,0,2642,1310,51
195.369,0,12655616,windows,0,100,100,5,0,0,0,0,0,0,4,1,0
195.461,1,12489728,repair,1,5.73606e+07,5.73485e+07,3656,0,0,1,0,0,0,2416,1185,55
195.628,0,12673024,windows,0,100,100,5,0,0,0,0,0,0,4,1,0
195.722,1,12509184,repair,0,5.22283e+07,5.21939e+07,3468,0,0,0,0,0,0,2265,1151,52
195.887,0,12691456,windows,0,100,100,5,0,0,0,0,0,0,4,1,0
195.976,1,12529664,repair,0,4.38776e+07,4.38559e+07,3219,0,0,0,0,0,0,2156,1014,49
196.139,0,12708864,windows,0,100,100,5,0,0,0,0,0,0,4,1,0
196.228,1,12546048,windows,0,3.41591e+07,3.41579e+07,2828,0,0,0,0,0,0,1879,907,42
196.396,0,12724224,windows,0,100,100,5,0,0,0,0,0,0,4,1,0
196.491,1,12562432,windows,0,2.83607e+07,2.83345e+07,2599,0,0,0,0,0,0,1750,806,43
196.646,0,12740608,windows,0,100,100,5,0,0,0,0,0,0,4,1,0
196.754,1,12579840,windows,0,2.37553e+07,2.37545e+07,2371,0,0,0,0,0,0,1606,736,29
196.901,0,12756992,windows,0,100,100,5,0,0,0,0,0,0,4,1,0
197.011,1,12596224,windows,0,1.90034e+07,1.899e+07,2153,0,0,0,0,0,0,1499,622,32
197.166,0,12773376,windows,0,100,100,5,0,0,0,0,0,0,4,1,0
197.275,1,12613632,windows,0,1.51697e+07,1.51697e+07,1923,0,0,0,0,0,0,1319,567,37
197.422,0,12787712,windows,0,100,100,5,0,0,0,0,0,0,4,1,0
197.536,1,12630016,windows,0,1.27602e+07,1.27532e+07,1760,0,0,0,0,0,0,1203,524,33
197.718,0,12801024,repair,1049,8.40059e+07,8.39902e+07,2890,9,30,24,644,342,0,1813,854,223
197.79,1,12646400,windows,0,1.09121e+07,1.0911e+07,1636,0,0,0,0,0,0,1123,478,35
197.974,0,12819456,repair,666,2.85213e+08,2.85146e+08,7399,35,128,117,249,137,0,4138,3067,194
198.044,1,12661760,windows,0,8.90762e+06,8.89375e+06,1467,0,0,0,0,0,0,988,447,32
198.236,0,12839936,repair,531,2.58737e+08,2.58657e+08,6906,38,102,102,179,110,0,3743,3016,147
198.31,1,12676096,windows,0,7.57184e+06,7.57095e+06,1381,0,0,0,0,0,0,982,369,30
198.493,0,12861440,repair,437,2.25992e+08,2.25987e+08,6788,18,98,71,154,96,0,3968,2665,155
198.563,1,12689408,windows,0,6.53714e+06,6.53639e+06,1273,0,0,0,0,0,0,891,357,25
198.758,0,12882944,repair,345,1.95074e+08,1.9507e+08,6401,22,71,48,135,69,0,3849,2425,127
198.83,1,12703744,windows,0,5.66405e+06,5.65909e+06,1194,0,0,0,0,0,0,856,315,23
199.01,0,12903424,repair,270,1.8674e+08,1.8667e+08,6206,17,52,47,94,60,0,3662,2425,119
199.092,1,12718080,windows,0,4.92752e+06,4.92752e+06,1101,0,0,0,0,0,0,762,317,22
199.262,0,12920832,repair,214,1.82483e+08,1.82466e+08,6056,8,36,25,89,56,0,3455,2459,142
199.355,1,12733440,windows,0,3.93668e+06,3.93668e+06,983,0,0,0,0,0,0,665,292,26
199.513,0,12936192,repair,169,1.61349e+08,1.61302e+08,5922,10,28,27,60,44,0,3616,2177,129
199.622,1,12748800,windows,0,3.28445e+06,3.27619e+06,905,0,0,0,0,0,0,622,258,25
199.768,0,12952576,repair,132,1.50689e+08,1.50625e+08,5712,6,20,23,59,24,0,3473,2115,124
199.883,1,12763136,windows,0,2.73059e+06,2.72219e+06,819,0,0,0,0,0,0,548,246,25
200.021,0,12969984,repair,96,1.44875e+08,1.44813e+08,5568,4,11,11,50,20,0,3356,2096,116
200.142,1,12778496,windows,0,2.26174e+06,2.25737e+06,750,0,0,0,0,0,0,507,219,24
200.276,0,12988416,repair,73,1.2121e+08,1.21207e+08,5093,4,10,8,30,21,0,3077,1916,100
200.407,1,12793856,windows,0,1.91232e+06,1.91163e+06,694,0,0,0,0,0,0,475,196,23
200.536,0,13006848,repair,38,1.17209e+08,1.17172e+08,5039,0,3,11,17,7,0,3090,1860,89
200.661,1,12807168,windows,0,1.53734e+06,1.53376e+06,621,0,0,0,0,0,0,420,179,22
200.786,0,13024256,repair,23,1.04707e+08,1.04657e+08,4830,0,1,2,17,3,0,3032,1710,88
200.911,1,12820480,windows,0,1.3164e+06,1.31445e+06,572,0,0,0,0,0,0,389,166,17
201.047,0,13041664,repair,15,9.04924e+07,9.04588e+07,4527,0,1,0,11,3,0,2887,1559,81
201.174,1,12834816,windows,0,1.10059e+06,1.09598e+06,533,0,0,0,0,0,0,380,136,17
201.308,0,13059072,repair,2,8.61901e+07,8.61582e+07,4471,0,0,1,1,0,0,2917,1474,80
201.432,1,12849152,windows,0,981970,980211,502,0,0,0,0,0,0,352,133,17
201.562,0,13075456,repair,1,7.10089e+07,7.09932e+07,4081,0,0,1,0,0,0,2691,1316,74
201.698,1,12863488,windows,0,805535,805535,443,0,0,0,0,0,0,291,137,15
201.827,0,13091840,windows,0,5.93592e+07,5.9321e+07,3722,0,0,0,0,0,0,2454,1207,61
201.963,1,12877824,windows,0,634485,633181,395,0,0,0,0,0,0,261,120,14
202.093,0,13108224,windows,0,4.8719e+07,4.86958e+07,3370,0,0,0,0,0,0,2233,1089,48
202.215,1,12892160,windows,0,543090,542708,370,0,0,0,0,0,0,252,105,13
202.348,0,13122560,windows,0,4.07856e+07,4.07856e+07,3120,0,0,0,0,0,0,2111,960,49
202.479,1,12906496,windows,0,468530,467401,341,0,0,0,0,0,0,226,102,13
202.611,0,13136896,windows,0,3.2529e+07,3.25106e+07,2768,0,0,0,0,0,0,1865,869,34
202.732,1,12920832,windows,0,401065,400712,318,0,0,0,0,0,0,215,91,12
202.865,0,13151232,windows,0,2.76332e+07,2.76248e+07,2542,0,0,0,0,0,0,1700,811,31
202.984,1,12935168,windows,0,346285,344949,295,0,0,0,0,0,0,197,86,12
203.123,0,13165568,windows,0,2.38533e+07,2.38453e+07,2373,0,0,0,0,0,0,1595,745,33
203.239,1,12949504,windows,0,255230,255230,255,0,0,0,0,0,0,172,72,11
203.387,0,13182976,windows,0,1.94896e+07,1.94822e+07,2158,0,0,0,0,0,0,1468,659,31
203.493,1,12963840,windows,0,211985,211181,234,0,0,0,0,0,0,161,63,10
203.643,0,13200384,windows,0,1.56654e+07,1.56582e+07,1915,0,0,0,0,0,0,1275,613,27
203.754,1,12978176,windows,0,191855,190720,225,0,0,0,0,0,0,157,57,11
203.895,0,13217792,windows,0,1.29812e+07,1.2964e+07,1768,0,0,0,0,0,0,1221,525,22
204.015,1,12993536,windows,0,170855,169819,211,0,0,0,0,0,0,143,57,11
204.151,0,13236224,windows,0,1.06811e+07,1.06811e+07,1613,0,0,0,0,0,0,1128,464,21
204.269,1,13007872,windows,0,141625,141001,190,0,0,0,0,0,0,125,55,10
204.412,0,13250560,windows,0,9.39416e+06,9.38478e+06,1512,0,0,0,0,0,0,1053,438,21
204.522,1,13022208,windows,0,112625,112071,170,0,0,0,0,0,0,111,49,10
204.668,0,13263872,windows,0,7.95236e+06,7.9471e+06,1377,0,0,0,0,0,0,934,423,20
204.776,1,13036544,windows,0,96550,95735,160,0,0,0,0,0,0,110,41,9
204.937,0,13278208,windows,0,6.6493e+06,6.64442e+06,1267,0,0,0,0,0,0,875,375,17
205.031,1,13050880,windows,0,81855,81361.2,147,0,0,0,0,0,0,99,39,9
205.188,0,13291520,windows,0,5.80098e+06,5.7969e+06,1183,0,0,0,0,0,0,816,351,16
205.301,1,13065216,windows,0,76550,75286.2,140,0,0,0,0,0,0,90,41,9
205.45,0,13304832,windows,0,4.99837e+06,4.99787e+06,1106,0,0,0,0,0,0,772,317,17
205.555,1,13078528,windows,0,67070,67070,133,0,0,0,0,0,0,88,36,9
205.716,0,13319168,windows,0,4.29668e+06,4.29303e+06,1031,0,0,0,0,0,0,730,285,16
205.822,1,13092864,windows,0,52930,52930,117,0,0,0,0,0,0,74,34,9
205.975,0,13332480,windows,0,3.59328e+06,3.5839e+06,933,0,0,0,0,0,0,631,282,20
206.085,1,13107200,windows,0,47570,47211.2,112,0,0,0,0,0,0,72,31,9
206.241,0,13346816,windows,0,3.01061e+06,3.0019e+06,853,0,0,0,0,0,0,570,262,21
206.341,1,13120512,windows,0,42775,42160,105,0,0,0,0,0,0,65,31,9
206.511,0,13361152,windows,0,2.59718e+06,2.59274e+06,806,0,0,0,0,0,0,566,222,18
206.598,1,13133824,windows,0,42130,41186.2,103,0,0,0,0,0,0,62,32,9
206.769,0,13375488,windows,0,2.213e+06,2.21031e+06,749,0,0,0,0,0,0,539,194,16
206.862,1,13148160,windows,0,37325,37325,97,0,0,0,0,0,0,59,30,8
207.025,0,13389824,windows,0,1.90672e+06,1.90631e+06,695,0,0,0,0,0,0,502,179,14
207.123,1,13162496,windows,0,27995,27995,84,0,0,0,0,0,0,51,26,7
207.28,0,13403136,windows,0,1.5434e+06,1.5401e+06,623,0,0,0,0,0,0,446,165,12
207.374,1,13176832,windows,0,27490,27490,84,0,0,0,0,0,0,52,25,7
207.531,0,13416448,windows,0,1.28704e+06,1.28704e+06,567,0,0,0,0,0,0,399,156,12
207.631,1,13191168,windows,0,27490,27490,84,0,0,0,0,0,0,52,25,7
207.795,0,13430784,windows,0,1.0727e+06,1.06962e+06,523,0,0,0,0,0,0,375,135,13
207.886,1,13205504,windows,0,22705,22471.2,76,0,0,0,0,0,0,47,23,6
208.061,0,13445120,windows,0,919495,919495,485,0,0,0,0,0,0,353,121,11
208.142,1,13219840,windows,0,22240,22011.2,75,0,0,0,0,0,0,46,23,6
208.323,0,13459456,windows,0,788030,788030,445,0,0,0,0,0,0,312,122,11
208.404,1,13235200,windows,0,20425,20241.2,68,0,0,0,0,0,0,37,25,6
208.58,0,13473792,windows,0,608980,608628,390,0,0,0,0,0,0,266,112,12
208.659,1,13253632,windows,0,18880,18691.2,67,0,0,0,0,0,0,38,23,6
208.833,0,13488128,windows,0,497240,496948,356,0,0,0,0,0,0,252,94,10
208.922,1,13272064,windows,0,17900,17286.2,67,0,0,0,0,0,0,40,21,6
209.088,0,13502464,windows,0,422095,419176,325,0,0,0,0,0,0,229,89,7
209.173,1,13290496,windows,0,15520,15520,63,0,0,0,0,0,0,38,19,6
209.352,0,13517824,windows,0,351625,351625,294,0,0,0,0,0,0,203,85,6
209.43,1,13308928,windows,0,15155,15155,62,0,0,0,0,0,0,41,18,3
209.606,0,13532160,windows,0,315585,313086,282,0,0,0,0,0,0,201,75,6
209.686,1,13324288,windows,0,13970,13781.2,59,0,0,0,0,0,0,38,18,3
209.861,0,13546496,windows,0,227890,226615,241,0,0,0,0,0,0,170,64,7
209.938,1,13339648,windows,0,13655,13461.2,59,0,0,0,0,0,0,39,17,3
210.127,0,13560832,windows,0,191410,190195,220,0,0,0,0,0,0,152,61,7
210.19,1,13355008,windows,0,13655,13461.2,59,0,0,0,0,0,0,39,17,3
210.377,0,13575168,windows,0,166045,166045,205,0,0,0,0,0,0,143,56,6
210.449,1,13370368,windows,0,11830,11495,54,0,0,0,0,0,0,34,17,3
210.635,0,13589504,windows,0,147970,146855,191,0,0,0,0,0,0,130,56,5
210.714,1,13385728,windows,0,10835,10835,52,0,0,0,0,0,0,33,16,3
210.888,0,13603840,windows,0,130895,130895,181,0,0,0,0,0,0,125,51,5
210.967,1,13400064,windows,0,10215,10051.2,51,0,0,0,0,0,0,33,15,3
211.154,0,13617152,windows,0,98230,97538.8,158,0,0,0,0,0,0,110,43,5
211.229,1,13416448,windows,0,10195,10041.2,50,0,0,0,0,0,0,31,16,3
211.421,0,13631488,windows,0,83105,82611.2,144,0,0,0,0,0,0,99,41,4
211.481,1,13432832,windows,0,9575,9421.25,49,0,0,0,0,0,0,31,15,3
211.687,0,13644800,windows,0,76025,74776.2,138,0,0,0,0,0,0,95,39,4
211.745,1,13449216,windows,0,8975,8975,47,0,0,0,0,0,0,29,15,3
211.953,0,13659136,windows,0,68080,67325,130,0,0,0,0,0,0,88,38,4
212.005,1,13466624,windows,0,8975,8975,47,0,0,0,0,0,0,29,15,3
212.217,0,13673472,windows,0,60545,59770,120,0,0,0,0,0,0,77,39,4
212.258,1,13483008,windows,0,8150,8150,44,0,0,0,0,0,0,26,15,3
212.481,0,13687808,windows,0,49945,49330,114,0,0,0,0,0,0,77,31,6
212.515,1,13500416,windows,0,8150,8150,44,0,0,0,0,0,0,26,15,3
212.738,0,13701120,windows,0,43505,42890,104,0,0,0,0,0,0,69,31,4
212.776,1,13517824,windows,0,8150,8150,44,0,0,0,0,0,0,26,15,3
212.998,0,13714432,windows,0,41375,41232.5,103,0,0,0,0,0,0,69,29,5
213.037,1,13535232,windows,0,7895,7895,43,0,0,0,0,0,0,25,15,3
213.256,0,13727744,windows,0,37775,37632.5,99,0,0,0,0,0,0,67,27,5
213.295,1,13553664,windows,0,7895,7895,43,0,0,0,0,0,0,25,15,3
213.513,0,13741056,windows,0,36910,36767.5,97,0,0,0,0,0,0,64,28,5
213.565,1,13572096,windows,0,7300,7300,40,0,0,0,0,0,0,26,14,0
213.766,0,13754368,windows,0,30985,30490,90,0,0,0,0,0,0,59,25,6
213.824,1,13590528,windows,0,7300,7300,40,0,0,0,0,0,0,26,14,0
214.037,0,13768704,windows,0,28245,27486.2,85,0,0,0,0,0,0,57,24,4
214.082,1,13608960,windows,0,6005,6005,37,0,0,0,0,0,0,25,12,0
214.298,0,13783040,windows,0,25640,25640,81,0,0,0,0,0,0,54,23,4
214.333,1,13628416,windows,0,5760,5760,36,0,0,0,0,0,0,24,12,0
214.556,0,13797376,windows,0,24065,23610,78,0,0,0,0,0,0,51,23,4
214.594,1,13646848,windows,0,5760,5760,36,0,0,0,0,0,0,24,12,0
214.82,0,13812736,windows,0,21680,21245,74,0,0,0,0,0,0,48,22,4
214.85,1,13666304,windows,0,5525,5525,35,0,0,0,0,0,0,23,12,0
215.072,0,13827072,windows,0,21680,21245,74,0,0,0,0,0,0,48,22,4
215.106,1,13682688,windows,0,5065,5065,34,0,0,0,0,0,0,23,11,0
215.338,0,13842432,windows,0,19840,19405,70,0,0,0,0,0,0,44,22,4
215.37,1,13699072,windows,0,5065,5065,34,0,0,0,0,0,0,23,11,0
215.595,0,13856768,windows,0,19405,18970,69,0,0,0,0,0,0,43,22,4
215.623,1,13716480,windows,0,4840,4840,33,0,0,0,0,0,0,22,11,0
215.859,0,13871104,windows,0,19405,18970,69,0,0,0,0,0,0,43,22,4
215.88,1,13733888,windows,0,4840,4840,33,0,0,0,0,0,0,22,11,0
216.11,0,13884416,windows,0,17705,17290,66,0,0,0,0,0,0,41,21,4
216.135,1,13752320,windows,0,4840,4840,33,0,0,0,0,0,0,22,11,0
216.376,0,13899776,windows,0,16520,16105,63,0,0,0,0,0,0,38,21,4
216.399,1,13770752,windows,0,4840,4840,33,0,0,0,0,0,0,22,11,0
216.643,0,13914112,windows,0,14920,14545,61,0,0,0,0,0,0,38,19,4
216.659,1,13789184,windows,0,100,100,5,0,0,0,0,0,0,4,1,0
216.902,0,13928448,windows,0,14920,14545,61,0,0,0,0,0,0,38,19,4
216.918,1,13806592,windows,0,100,100,5,0,0,0,0,0,0,4,1,0
217.158,0,13942784,windows,0,14545,13986.2,60,0,0,0,0,0,0,37,19,4
217.177,1,13824000,windows,0,100,100,5,0,0,0,0,0,0,4,1,0
217.412,0,13956096,windows,0,13825,13276.2,58,0,0,0,0,0,0,35,19,4
217.438,1,13841408,windows,0,100,100,5,0,0,0,0,0,0,4,1,0
217.667,0,13969408,windows,0,13825,13276.2,58,0,0,0,0,0,0,35,19,4
217.692,1,13854720,windows,0,100,100,5,0,0,0,0,0,0,4,1,0
217.929,0,13983744,windows,0,13480,13105,57,0,0,0,0,0,0,34,19,4
217.954,1,13871104,windows,0,100,100,5,0,0,0,0,0,0,4,1,0
218.191,0,13997056,windows,0,13480,13105,57,0,0,0,0,0,0,34,19,4
218.219,1,13887488,windows,0,100,100,5,0,0,0,0,0,0,4,1,0
218.458,0,14012416,windows,0,11275,10786.2,52,0,0,0,0,0,0,35,16,1
218.479,1,13904896,windows,0,100,100,5,0,0,0,0,0,0,4,1,0
218.72,0,14026752,windows,0,10595,10431.2,50,0,0,0,0,0,0,33,16,1
218.734,1,13922304,windows,0,100,100,5,0,0,0,0,0,0,4,1,0
218.982,0,14042112,windows,0,10270,10111.2,49,0,0,0,0,0,0,32,16,1
218.991,1,13939712,windows,0,100,100,5,0,0,0,0,0,0,4,1,0
219.248,0,14057472,windows,0,10270,10111.2,49,0,0,0,0,0,0,32,16,1
219.255,1,13958144,windows,0,100,100,5,0,0,0,0,0,0,4,1,0
219.506,1,13976576,windows,0,100,100,5,0,0,0,0,0,0,4,1,0
219.513,0,14071808,windows,0,9650,9186.25,47,0,0,0,0,0,0,30,16,1
219.757,1,13993984,repair,0,100,100,5,0,0,0,0,0,0,4,1,0
219.765,0,14085120,windows,0,9650,9186.25,47,0,0,0,0,0,0,30,16,1
220.018,1,14011392,windows,0,100,100,5,0,0,0,0,0,0,4,1,0
220.023,0,14098432,windows,0,9355,9040,46,0,0,0,0,0,0,29,16,1
220.281,1,14028800,windows,0,100,100,5,0,0,0,0,0,0,4,1,0
220.284,0,14112768,windows,0,9355,9040,46,0,0,0,0,0,0,29,16,1
220.536,1,14044160,windows,0,100,100,5,0,0,0,0,0,0,4,1,0
220.551,0,14126080,windows,0,9355,9040,46,0,0,0,0,0,0,29,16,1
220.795,1,14058496,windows,0,100,100,5,0,0,0,0,0,0,4,1,0
220.806,0,14139392,windows,0,9355,9040,46,0,0,0,0,0,0,29,16,1
221.047,1,14072832,windows,0,100,100,5,0,0,0,0,0,0,4,1,0
221.067,0,14153728,windows,0,100,100,5,0,0,0,0,0,0,4,1,0
221.314,1,14088192,windows,0,100,100,5,0,0,0,0,0,0,4,1,0
221.33,0,14172160,windows,0,100,100,5,0,0,0,0,0,0,4,1,0
221.574,1,14103552,windows,0,100,100,5,0,0,0,0,0,0,4,1,0
221.589,0,14190592,windows,0,100,100,5,0,0,0,0,0,0,4,1,0
221.829,1,14118912,windows,0,100,100,5,0,0,0,0,0,0,4,1,0
221.851,0,14209024,windows,0,100,100,5,0,0,0,0,0,0,4,1,0
222.093,1,14134272,windows,0,100,100,5,0,0,0,0,0,0,4,1,0
222.11,0,14229504,repair,0,100,100,5,0,0,0,0,0,0,4,1,0
222.35,1,14149632,windows,0,100,100,5,0,0,0,0,0,0,4,1,0
222.363,0,14249984,repair,0,100,100,5,0,0,0,0,0,0,4,1,0
222.613,1,14164992,windows,0,100,100,5,0,0,0,0,0,0,4,1,0
222.622,0,14268416,repair,0,100,100,5,0,0,0,0,0,0,4,1,0
222.875,1,14181376,windows,0,100,100,5,0,0,0,0,0,0,4,1,0
222.88,0,14286848,windows,0,100,100,5,0,0,0,0,0,0,4,1,0
223.136,0,14302208,windows,0,100,100,5,0,0,0,0,0,0,4,1,0
223.156,1,14195712,windows,0,100,100,5,0,0,0,0,0,0,4,1,0
223.387,0,14316544,windows,0,100,100,5,0,0,0,0,0,0,4,1,0
223.419,1,14215168,windows,0,100,100,5,0,0,0,0,0,0,4,1,0
223.639,0,14328832,windows,0,100,100,5,0,0,0,0,0,0,4,1,0
223.677,1,14233600,windows,0,100,100,5,0,0,0,0,0,0,4,1,0
223.897,0,14342144,windows,0,100,100,5,0,0,0,0,0,0,4,1,0
223.934,1,14252032,windows,0,100,100,5,0,0,0,0,0,0,4,1,0
224.151,0,14357504,windows,0,100,100,5,0,0,0,0,0,0,4,1,0
224.186,1,14267392,windows,0,100,100,5,0,0,0,0,0,0,4,1,0
224.414,0,14371840,windows,0,100,100,5,0,0,0,0,0,0,4,1,0
224.451,1,14282752,windows,0,100,100,5,0,0,0,0,0,0,4,1,0
224.666,0,14386176,windows,0,100,100,5,0,0,0,0,0,0,4,1,0
224.703,1,14297088,windows,0,100,100,5,0,0,0,0,0,0,4,1,0
224.923,0,14400512,windows,0,100,100,5,0,0,0,0,0,0,4,1,0
224.966,1,14313472,windows,0,100,100,5,0,0,0,0,0,0,4,1,0
225.182,0,14414848,windows,0,100,100,5,0,0,0,0,0,0,4,1,0
225.224,1,14328832,windows,0,100,100,5,0,0,0,0,0,0,4,1,0
225.445,0,14430208,windows,0,100,100,5,0,0,0,0,0,0,4,1,0
225.49,1,14345216,windows,0,100,100,5,0,0,0,0,0,0,4,1,0
225.697,0,14444544,windows,0,100,100,5,0,0,0,0,0,0,4,1,0
225.757,1,14360576,windows,0,100,100,5,0,0,0,0,0,0,4,1,0
225.954,0,14459904,windows,0,100,100,5,0,0,0,0,0,0,4,1,0
226.023,1,14376960,windows,0,100,100,5,0,0,0,0,0,0,4,1,0
226.216,0,14475264,windows,0,100,100,5,0,0,0,0,0,0,4,1,0
226.278,1,14392320,windows,0,100,100,5,0,0,0,0,0,0,4,1,0
226.476,0,14490624,windows,0,100,100,5,0,0,0,0,0,0,4,1,0
226.54,1,14408704,windows,0,100,100,5,0,0,0,0,0,0,4,1,0
226.734,0,14505984,windows,0,100,100,5,0,0,0,0,0,0,4,1,0
226.794,1,14424064,windows,0,100,100,5,0,0,0,0,0,0,4,1,0
226.993,0,14522368,windows,0,100,100,5,0,0,0,0,0,0,4,1,0
227.049,1,14440448,repair,0,100,100,5,0,0,0,0,0,0,4,1,0
227.244,0,14538752,windows,0,100,100,5,0,0,0,0,0,0,4,1,0
227.302,1,14459904,repair,0,100,100,5,0,0,0,0,0,0,4,1,0
227.504,0,14556160,windows,0,100,100,5,0,0,0,0,0,0,4,1,0
227.559,1,14477312,repair,0,100,100,5,0,0,0,0,0,0,4,1,0
227.761,0,14572544,windows,0,100,100,5,0,0,0,0,0,0,4,1,0
227.815,1,14492672,windows,0,100,100,5,0,0,0,0,0,0,4,1,0
228.02,0,14589952,windows,0,100,100,5,0,0,0,0,0,0,4,1,0
228.074,1,14507008,windows,0,100,100,5,0,0,0,0,0,0,4,1,0
228.279,0,14605312,windows,0,100,100,5,0,0,0,0,0,0,4,1,0
228.327,1,14521344,windows,0,100,100,5,0,0,0,0,0,0,4,1,0
228.537,0,14620672,windows,0,100,100,5,0,0,0,0,0,0,4,1,0
228.587,1,14535680,windows,0,100,100,5,0,0,0,0,0,0,4,1,0
228.802,0,14636032,windows,0,100,100,5,0,0,0,0,0,0,4,1,0
228.838,1,14548992,windows,0,100,100,5,0,0,0,0,0,0,4,1,0
229.064,0,14651392,windows,0,100,100,5,0,0,0,0,0,0,4,1,0
229.102,1,14564352,windows,0,100,100,5,0,0,0,0,0,0,4,1,0
229.322,0,14669824,windows,0,100,100,5,0,0,0,0,0,0,4,1,0
229.353,1,14578688,windows,0,100,100,5,0,0,0,0,0,0,4,1,0
229.575,0,14688256,windows,0,100,100,5,0,0,0,0,0,0,4,1,0
229.61,1,14593024,windows,0,100,100,5,0,0,0,0,0,0,4,1,0
229.829,0,14705664,windows,0,100,100,5,0,0,0,0,0,0,4,1,0
229.867,1,14609408,windows,0,100,100,5,0,0,0,0,0,0,4,1,0
230.086,0,14723072,windows,0,100,100,5,0,0,0,0,0,0,4,1,0
230.119,1,14621696,windows,0,100,100,5,0,0,0,0,0,0,4,1,0
230.349,0,14740480,windows,0,100,100,5,0,0,0,0,0,0,4,1,0
230.382,1,14638080,windows,0,100,100,5,0,0,0,0,0,0,4,1,0
230.611,0,14758912,windows,0,100,100,5,0,0,0,0,0,0,4,1,0
230.639,1,14655488,windows,0,100,100,5,0,0,0,0,0,0,4,1,0
230.867,0,14778368,windows,0,100,100,5,0,0,0,0,0,0,4,1,0
230.894,1,14672896,windows,0,100,100,5,0,0,0,0,0,0,4,1,0
231.122,0,14798848,windows,0,100,100,5,0,0,0,0,0,0,4,1,0
231.173,1,14688256,windows,0,100,100,5,0,0,0,0,0,0,4,1,0
231.383,0,14818304,windows,0,100,100,5,0,0,0,0,0,0,4,1,0
231.432,1,14706688,windows,0,100,100,5,0,0,0,0,0,0,4,1,0
231.636,0,14834688,windows,0,100,100,5,0,0,0,0,0,0,4,1,0
231.686,1,14723072,windows,0,100,100,5,0,0,0,0,0,0,4,1,0
231.89,0,14855168,windows,0,100,100,5,0,0,0,0,0,0,4,1,0
231.951,1,14741504,windows,0,100,100,5,0,0,0,0,0,0,4,1,0
232.147,0,14877696,windows,0,100,100,5,0,0,0,0,0,0,4,1,0
232.217,1,14760960,repair,0,100,100,5,0,0,0,0,0,0,4,1,0
232.402,0,14898176,windows,0,100,100,5,0,0,0,0,0,0,4,1,0
232.478,1,14780416,repair,0,100,100,5,0,0,0,0,0,0,4,1,0
232.652,0,14918656,windows,0,100,100,5,0,0,0,0,0,0,4,1,0
232.738,1,14798848,windows,0,100,100,5,0,0,0,0,0,0,4,1,0
232.911,0,14939136,windows,0,100,100,5,0,0,0,0,0,0,4,1,0
233.003,1,14814208,windows,0,100,100,5,0,0,0,0,0,0,4,1,0
233.168,0,14954496,windows,0,100,100,5,0,0,0,0,0,0,4,1,0
233.254,1,14828544,windows,0,100,100,5,0,0,0,0,0,0,4,1,0
233.426,0,14971904,windows,0,100,100,5,0,0,0,0,0,0,4,1,0
233.51,1,14842880,windows,0,100,100,5,0,0,0,0,0,0,4,1,0
233.682,0,14988288,windows,0,100,100,5,0,0,0,0,0,0,4,1,0
233.774,1,14858240,windows,0,100,100,5,0,0,0,0,0,0,4,1,0
233.934,0,15006720,windows,0,100,100,5,0,0,0,0,0,0,4,1,0
234.036,1,14872576,windows,0,100,100,5,0,0,0,0,0,0,4,1,0
234.192,0,15024128,repair,0,100,100,5,0,0,0,0,0,0,4,1,0
234.287,1,14886912,windows,0,100,100,5,0,0,0,0,0,0,4,1,0
234.455,0,15042560,repair,0,100,100,5,0,0,0,0,0,0,4,1,0
234.54,1,14901248,windows,0,100,100,5,0,0,0,0,0,0,4,1,0
234.711,0,15058944,windows,0,100,100,5,0,0,0,0,0,0,4,1,0
234.795,1,14915584,windows,0,100,100,5,0,0,0,0,0,0,4,1,0
234.968,0,15076352,windows,0,100,100,5,0,0,0,0,0,0,4,1,0
235.052,1,14929920,windows,0,100,100,5,0,0,0,0,0,0,4,1,0
235.219,0,15093760,windows,0,100,100,5,0,0,0,0,0,0,4,1,0
235.314,1,14945280,windows,0,100,100,5,0,0,0,0,0,0,4,1,0
235.481,0,15111168,windows,0,100,100,5,0,0,0,0,0,0,4,1,0
235.573,1,14959616,windows,0,100,100,5,0,0,0,0,0,0,4,1,0
235.739,0,15126528,windows,0,100,100,5,0,0,0,0,0,0,4,1,0
235.831,1,14973952,windows,0,100,100,5,0,0,0,0,0,0,4,1,0
235.994,0,15140864,windows,0,100,100,5,0,0,0,0,0,0,4,1,0
236.095,1,14991360,windows,0,100,100,5,0,0,0,0,0,0,4,1,0
236.257,0,15156224,windows,0,100,100,5,0,0,0,0,0,0,4,1,0
236.356,1,15010816,windows,0,100,100,5,0,0,0,0,0,0,4,1,0
236.51,0,15169536,windows,0,100,100,5,0,0,0,0,0,0,4,1,0
236.619,1,15030272,windows,0,100,100,5,0,0,0,0,0,0,4,1,0
236.761,0,15182848,windows,0,100,100,5,0,0,0,0,0,0,4,1,0
236.876,1,15049728,windows,0,100,100,5,0,0,0,0,0,0,4,1,0
237.013,0,15197184,windows,0,100,100,5,0,0,0,0,0,0,4,1,0
237.129,1,15063040,repair,825,2.27015e+08,2.26991e+08,6512,53,172,131,316,153,0,3643,2679,190
237.264,0,15211520,windows,0,100,100,5,0,0,0,0,0,0,4,1,0
237.384,1,15080448,repair,662,2.82243e+08,2.82238e+08,7344,48,130,121,231,132,0,4097,3063,184
237.517,0,15224832,windows,0,100,100,5,0,0,0,0,0,0,4,1,0
237.635,1,15096832,repair,545,2.62444e+08,2.6236e+08,7113,41,112,94,190,108,0,3990,2962,161
237.775,0,15238144,windows,0,100,100,5,0,0,0,0,0,0,4,1,0
237.894,1,15113216,repair,451,2.56821e+08,2.56821e+08,7148,30,92,78,156,95,0,4062,2905,181
238.026,0,15251456,windows,0,100,100,5,0,0,0,0,0,0,4,1,0
238.166,1,15129600,repair,377,2.23132e+08,2.23112e+08,6711,17,84,67,134,75,0,3892,2679,140
238.284,0,15264768,windows,0,100,100,5,0,0,0,0,0,0,4,1,0
238.418,1,15145984,repair,307,2.16111e+08,2.16107e+08,6676,17,53,50,124,63,0,3926,2609,141
238.552,0,15280128,windows,0,100,100,5,0,0,0,0,0,0,4,1,0
238.681,1,15163392,repair,255,2.01202e+08,2.01179e+08,6436,14,51,38,91,61,0,3789,2524,123
238.806,0,15293440,windows,0,100,100,5,0,0,0,0,0,0,4,1,0
238.939,1,15180800,repair,210,1.83115e+08,1.83115e+08,6201,10,38,25,96,41,0,3714,2372,115
239.058,0,15306752,windows,0,100,100,5,0,0,0,0,0,0,4,1,0
239.201,1,15198208,repair,164,1.58223e+08,1.58203e+08,5741,9,27,21,71,36,0,3434,2217,90
239.32,0,15325184,windows,0,100,100,5,0,0,0,0,0,0,4,1,0
239.467,1,15215616,repair,123,1.51409e+08,1.51366e+08,5650,3,25,16,54,25,0,3410,2152,88
239.57,0,15342592,windows,0,100,100,5,0,0,0,0,0,0,4,1,0
239.726,1,15232000,repair,94,1.36035e+08,1.36035e+08,5370,9,10,9,40,26,0,3239,2038,93
239.826,0,15361024,windows,0,100,100,5,0,0,0,0,0,0,4,1,0
239.98,1,15248384,repair,57,1.37617e+08,1.37557e+08,5368,3,7,11,24,12,0,3216,2069,83
240.082,0,15373312,repair,852,2.14557e+08,2.14557e+08,6341,57,171,168,293,163,0,3545,2596,200
240.237,1,15264768,repair,35,1.23043e+08,1.23005e+08,5127,1,4,1,15,14,0,3134,1920,73
240.345,0,15390720,repair,645,2.80245e+08,2.80224e+08,7374,44,137,114,233,117,0,4187,3020,167
240.503,1,15282176,repair,22,1.07764e+08,1.07749e+08,4813,1,2,0,14,5,0,2936,1795,82
240.601,0,15407104,repair,544,2.60988e+08,2.60988e+08,7039,35,112,81,204,112,0,3896,2977,166
240.761,1,15297536,repair,14,9.44824e+07,9.44356e+07,4608,1,0,0,11,2,0,2927,1604,77
240.862,0,15423488,repair,453,2.62045e+08,2.61961e+08,7041,27,92,80,167,87,0,3879,3012,150
241.016,1,15313920,repair,2,8.79948e+07,8.79948e+07,4428,0,1,0,1,0,0,2787,1565,76
241.129,0,15440896,repair,378,2.11864e+08,2.11864e+08,6523,20,75,77,138,68,0,3753,2623,147
241.283,1,15330304,windows,0,7.33794e+07,7.33506e+07,4135,0,0,0,0,0,0,2729,1342,64
241.388,0,15457280,repair,315,1.98674e+08,1.98623e+08,6339,11,76,52,104,72,0,3658,2538,143
241.544,1,15344640,windows,0,5.93348e+07,5.93208e+07,3715,0,0,0,0,0,0,2439,1214,62
241.65,0,15472640,repair,266,1.8245e+08,1.82384e+08,6169,17,45,44,106,54,0,3644,2385,140
241.804,1,15358976,windows,0,4.89357e+07,4.89009e+07,3407,0,0,0,0,0,0,2267,1075,65
241.905,0,15488000,repair,218,1.7614e+08,1.76122e+08,6085,8,37,29,96,48,0,3621,2332,132
242.069,1,15373312,windows,0,4.11028e+07,4.10711e+07,3125,0,0,0,0,0,0,2092,978,55
242.172,0,15503360,repair,169,1.71817e+08,1.71768e+08,6030,8,26,30,76,29,0,3631,2289,110
242.339,1,15386624,windows,0,3.35997e+07,3.35888e+07,2813,0,0,0,0,0,0,1859,901,53
242.433,0,15518720,repair,144,1.46039e+08,1.45977e+08,5533,8,27,21,55,33,0,3298,2131,104
242.591,1,15398912,windows,0,2.8789e+07,2.87725e+07,2612,0,0,0,0,0,0,1736,826,50
242.698,0,15535104,repair,111,1.34651e+08,1.34635e+08,5306,4,19,18,47,23,0,3166,2049,91
242.845,1,15412224,windows,0,2.43034e+07,2.42892e+07,2430,0,0,0,0,0,0,1686,709,35
242.961,0,15551488,repair,83,1.23164e+08,1.23124e+08,5165,2,12,9,49,11,0,3196,1893,76
243.109,1,15425536,windows,0,2.09554e+07,2.09468e+07,2248,0,0,0,0,0,0,1553,666,29
243.223,0,15566848,repair,49,1.23164e+08,1.23162e+08,5201,3,9,8,21,8,0,3243,1875,83
243.369,1,15439872,windows,0,1.81355e+07,1.81157e+07,2078,0,0,0,0,0,0,1416,636,26
243.478,0,15582208,repair,39,1.06024e+08,1.05988e+08,4854,4,3,6,13,13,0,3078,1710,66
243.635,1,15453184,windows,0,1.52722e+07,1.52658e+07,1898,0,0,0,0,0,0,1294,587,17
243.736,0,15597568,repair,24,9.84587e+07,9.84233e+07,4654,1,5,5,10,3,0,2919,1669,66
243.887,1,15464448,windows,0,1.34336e+07,1.3417e+07,1810,0,0,0,0,0,0,1284,509,17
243.989,0,15612928,repair,14,8.97679e+07,8.97536e+07,4486,0,3,3,6,2,0,2853,1564,69
244.147,1,15475712,windows,0,1.19064e+07,1.1896e+07,1701,0,0,0,0,0,0,1191,490,20
244.243,0,15628288,repair,4,8.51532e+07,8.51371e+07,4391,1,1,1,1,0,0,2816,1506,69
244.417,1,15488000,windows,0,1.04847e+07,1.04842e+07,1600,0,0,0,0,0,0,1137,448,15
244.512,0,15643648,repair,2,7.35266e+07,7.35112e+07,4130,0,0,1,1,0,0,2719,1350,61
244.675,1,15500288,windows,0,9.27808e+06,9.27213e+06,1516,0,0,0,0,0,0,1096,404,16
244.768,0,15660032,repair,1,6.04912e+07,6.04659e+07,3784,0,0,1,0,0,0,2546,1183,55
244.936,1,15514624,windows,0,7.96372e+06,7.96319e+06,1398,0,0,0,0,0,0,988,392,18
245.027,0,15676416,repair,1,5.1468e+07,5.1468e+07,3475,0,0,1,0,0,0,2325,1104,46
245.202,1,15526912,windows,0,6.78642e+06,6.77862e+06,1289,0,0,0,0,0,0,907,365,17
245.282,0,15690752,repair,0,5.14242e+07,5.13905e+07,3474,0,0,0,0,0,0,2323,1104,47
245.458,1,15537152,windows,0,5.98943e+06,5.98881e+06,1226,0,0,0,0,0,0,882,323,21
245.554,0,15705088,windows,0,3.80122e+07,3.79832e+07,2988,0,0,0,0,0,0,1983,956,49
245.714,1,15547392,windows,0,5.44974e+06,5.43842e+06,1155,0,0,0,0,0,0,799,335,21
245.807,0,15717376,windows,0,3.2249e+07,3.22222e+07,2736,0,0,0,0,0,0,1805,892,39
245.978,1,15558656,windows,0,4.82702e+06,4.82702e+06,1101,0,0,0,0,0,0,808,279,14
246.058,0,15729664,windows,0,2.82532e+07,2.8243e+07,2613,0,0,0,0,0,0,1798,776,39
246.247,1,15570944,windows,0,4.31928e+06,4.31928e+06,1035,0,0,0,0,0,0,741,280,14
246.321,0,15742976,windows,0,2.42303e+07,2.42221e+07,2396,0,0,0,0,0,0,1632,738,26
246.502,1,15582208,windows,0,3.75343e+06,3.74964e+06,964,0,0,0,0,0,0,694,259,11
246.572,0,15756288,windows,0,2.09425e+07,2.09208e+07,2200,0,0,0,0,0,0,1459,717,24
246.769,1,15593472,windows,0,3.10989e+06,3.10654e+06,869,0,0,0,0,0,0,606,252,11
246.833,0,15769600,windows,0,1.70287e+07,1.70213e+07,1993,0,0,0,0,0,0,1328,640,25
247.027,1,15604736,windows,0,2.71778e+06,2.71778e+06,818,0,0,0,0,0,0,577,229,12
247.092,0,15782912,windows,0,1.47177e+07,1.47107e+07,1865,0,0,0,0,0,0,1261,581,23
247.28,1,15616000,windows,0,2.37899e+06,2.37579e+06,773,0,0,0,0,0,0,552,206,15
247.344,0,15796224,windows,0,1.28537e+07,1.28471e+07,1753,0,0,0,0,0,0,1200,531,22
247.541,1,15630336,windows,0,2.05675e+06,2.05026e+06,715,0,0,0,0,0,0,500,200,15
247.611,0,15810560,windows,0,1.11607e+07,1.11607e+07,1657,0,0,0,0,0,0,1161,469,27
247.792,1,15643648,windows,0,1.80988e+06,1.80709e+06,674,0,0,0,0,0,0,481,180,13
247.87,0,15823872,windows,0,9.91234e+06,9.89795e+06,1555,0,0,0,0,0,0,1083,449,23
248.045,1,15656960,windows,0,1.49834e+06,1.4958e+06,608,0,0,0,0,0,0,414,178,16
248.135,0,15837184,windows,0,8.11542e+06,8.11542e+06,1421,0,0,0,0,0,0,1007,389,25
248.305,1,15670272,windows,0,1.2095e+06,1.20911e+06,553,0,0,0,0,0,0,393,147,13
248.397,0,15850496,windows,0,6.89971e+06,6.89505e+06,1315,0,0,0,0,0,0,932,356,27
248.563,1,15683584,windows,0,1.04243e+06,1.03964e+06,509,0,0,0,0,0,0,360,140,9
248.65,0,15863808,windows,0,5.95328e+06,5.94897e+06,1221,0,0,0,0,0,0,862,333,26
248.828,1,15696896,windows,0,890660,888145,472,0,0,0,0,0,0,338,126,8
248.91,0,15877120,windows,0,5.25396e+06,5.2492e+06,1151,0,0,0,0,0,0,834,297,20
249.078,1,15710208,windows,0,797345,793396,448,0,0,0,0,0,0,323,117,8
249.166,0,15891456,windows,0,4.60884e+06,4.60243e+06,1073,0,0,0,0,0,0,762,291,20
249.342,1,15724544,windows,0,631540,631308,397,0,0,0,0,0,0,280,109,8
249.42,0,15903744,windows,0,3.78468e+06,3.78468e+06,971,0,0,0,0,0,0,687,266,18
249.608,1,15738880,windows,0,504795,503379,352,0,0,0,0,0,0,243,102,7
249.691,0,15917056,windows,0,3.20596e+06,3.20286e+06,889,0,0,0,0,0,0,621,252,16
249.862,1,15752192,windows,0,421240,419949,322,0,0,0,0,0,0,224,92,6
249.951,0,15930368,windows,0,2.75704e+06,2.75663e+06,833,0,0,0,0,0,0,603,216,14
250.119,1,15765504,windows,0,367095,366892,301,0,0,0,0,0,0,207,87,7
250.217,0,15943680,windows,0,2.4736e+06,2.46614e+06,788,0,0,0,0,0,0,563,210,15
250.382,1,15779840,windows,0,318275,317129,282,0,0,0,0,0,0,201,76,5
250.481,0,15956992,windows,0,2.15706e+06,2.15024e+06,739,0,0,0,0,0,0,539,187,13
250.648,1,15794176,windows,0,246355,245481,248,0,0,0,0,0,0,175,68,5
250.748,0,15970304,windows,0,1.74136e+06,1.73891e+06,644,0,0,0,0,0,0,437,198,9
250.914,1,15808512,windows,0,189710,189710,219,0,0,0,0,0,0,156,58,5
251.007,0,15983616,windows,0,1.43859e+06,1.43845e+06,587,0,0,0,0,0,0,408,174,5
251.181,1,15823872,windows,0,161315,160240,202,0,0,0,0,0,0,143,54,5
251.261,0,15996928,windows,0,1.21702e+06,1.21208e+06,547,0,0,0,0,0,0,393,149,5
251.447,1,15839232,windows,0,139040,138361,188,0,0,0,0,0,0,136,48,4
251.521,0,16010240,windows,0,1.04172e+06,1.0398e+06,512,0,0,0,0,0,0,383,124,5
251.712,1,15853568,windows,0,123445,123445,177,0,0,0,0,0,0,127,46,4
251.771,0,16021504,windows,0,931535,929751,485,0,0,0,0,0,0,357,121,7
251.966,1,15866880,windows,0,97250,97250,157,0,0,0,0,0,0,114,40,3
252.035,0,16033792,windows,0,789175,788972,439,0,0,0,0,0,0,305,127,7
252.217,1,15880192,windows,0,67870,67032.5,129,0,0,0,0,0,0,88,38,3
252.303,0,16047104,windows,0,602390,600959,382,0,0,0,0,0,0,270,109,3
252.479,1,15894528,windows,0,57180,56525,119,0,0,0,0,0,0,84,33,2
252.566,0,16060416,windows,0,503630,500556,355,0,0,0,0,0,0,264,88,3
252.741,1,15908864,windows,0,50780,50780,111,0,0,0,0,0,0,76,33,2
252.826,0,16073728,windows,0,428665,427461,328,0,0,0,0,0,0,241,83,4
252.997,1,15923200,windows,0,47765,47170,109,0,0,0,0,0,0,77,30,2
253.079,0,16087040,windows,0,378065,376410,306,0,0,0,0,0,0,219,83,4
253.254,1,15937536,windows,0,40745,40745,100,0,0,0,0,0,0,69,29,2
253.337,0,16100352,windows,0,327995,326358,284,0,0,0,0,0,0,203,78,3
253.509,1,15950848,windows,0,33920,33385,91,0,0,0,0,0,0,62,27,2
253.595,0,16113664,windows,0,230930,230930,236,0,0,0,0,0,0,168,67,1
253.76,1,15964160,windows,0,27470,27191.2,83,0,0,0,0,0,0,56,24,3
253.851,0,16126976,windows,0,193990,193161,220,0,0,0,0,0,0,166,53,1
254.025,1,15978496,windows,0,26045,25932.5,81,0,0,0,0,0,0,53,24,4
254.117,0,16141312,windows,0,160640,160640,201,0,0,0,0,0,0,150,49,2
254.295,1,15992832,windows,0,25310,24968.8,79,0,0,0,0,0,0,52,24,3
254.371,0,16154624,windows,0,152960,152960,195,0,0,0,0,0,0,142,51,2
254.562,1,16007168,windows,0,23795,23712.5,76,0,0,0,0,0,0,49,24,3
254.622,0,16167936,windows,0,143980,143928,188,0,0,0,0,0,0,134,52,2
254.815,1,16021504,windows,0,20380,19925,69,0,0,0,0,0,0,44,23,2
254.885,0,16181248,windows,0,110150,109255,164,0,0,0,0,0,0,118,45,1
255.081,1,16035840,windows,0,19945,19490,68,0,0,0,0,0,0,43,23,2
255.148,0,16193536,windows,0,92530,92530,151,0,0,0,0,0,0,110,40,1
255.337,1,16050176,windows,0,18185,17556.2,66,0,0,0,0,0,0,43,21,2
255.4,0,16206848,windows,0,83590,83590,144,0,0,0,0,0,0,106,37,1
255.591,1,16063488,windows,0,17760,17136.2,65,0,0,0,0,0,0,42,21,2
255.667,0,16220160,windows,0,70905,70197.5,134,0,0,0,0,0,0,99,33,2
255.855,1,16077824,windows,0,16190,15616.2,63,0,0,0,0,0,0,44,18,1
255.931,0,16233472,windows,0,66935,66935,129,0,0,0,0,0,0,95,33,1
256.107,1,16091136,windows,0,13355,13355,56,0,0,0,0,0,0,37,18,1
256.195,0,16246784,windows,0,64555,64555,126,0,0,0,0,0,0,91,34,1
256.365,1,16104448,windows,0,12290,11776.2,54,0,0,0,0,0,0,36,17,1
256.463,0,16261120,windows,0,44590,44211.2,105,0,0,0,0,0,0,76,28,1
256.624,1,16119808,windows,0,11275,10786.2,52,0,0,0,0,0,0,35,16,1
256.724,0,16274432,windows,0,39515,38960,98,0,0,0,0,0,0,69,28,1
256.878,1,16134144,windows,0,10430,9976.25,51,0,0,0,0,0,0,36,14,1
256.98,0,16287744,windows,0,35815,35461.2,95,0,0,0,0,0,0,71,23,1
257.132,1,16148480,windows,0,10075,9626.25,50,0,0,0,0,0,0,35,14,1
257.231,0,16301056,windows,0,30630,30215,88,0,0,0,0,0,0,66,21,1
257.395,1,16162816,windows,0,9535,9361.25,49,0,0,0,0,0,0,35,13,1
257.496,0,16315392,windows,0,28510,28191.2,85,0,0,0,0,0,0,64,20,1
257.649,1,16177152,windows,0,7330,6936.25,42,0,0,0,0,0,0,28,13,1
257.753,0,16327680,windows,0,24850,24455,79,0,0,0,0,0,0,58,20,1
257.904,1,16192512,windows,0,6555,6186.25,40,0,0,0,0,0,0,27,12,1
258.006,0,16340992,windows,0,21395,21111.2,74,0,0,0,0,0,0,57,16,1
258.164,1,16206848,windows,0,6035,5911.25,38,0,0,0,0,0,0,25,12,1
258.273,0,16354304,windows,0,19195,18931.2,70,0,0,0,0,0,0,53,16,1
258.423,1,16222208,windows,0,5790,5555,37,0,0,0,0,0,0,24,12,1
258.533,0,16367616,windows,0,18575,18311.2,69,0,0,0,0,0,0,53,15,1
258.676,1,16237568,windows,0,5330,5330,36,0,0,0,0,0,0,24,11,1
258.787,0,16379904,windows,0,17650,17650,67,0,0,0,0,0,0,50,16,1
258.926,1,16251904,windows,0,4675,4561.25,34,0,0,0,0,0,0,23,10,1
259.047,0,16394240,windows,0,15955,15436.2,64,0,0,0,0,0,0,49,14,1
259.181,1,16266240,windows,0,4450,4146.25,33,0,0,0,0,0,0,22,10,1
259.314,0,16408576,windows,0,12155,12155,56,0,0,0,0,0,0,43,12,1
259.444,1,16281600,windows,0,4235,3936.25,32,0,0,0,0,0,0,21,10,1
259.59,0,16423936,windows,0,10910,10910,53,0,0,0,0,0,0,40,12,1
259.7,1,16296960,windows,0,4235,3936.25,32,0,0,0,0,0,0,21,10,1
259.858,0,16438272,windows,0,10515,10086.2,52,0,0,0,0,0,0,39,12,1
259.957,1,16312320,windows,0,4235,3936.25,32,0,0,0,0,0,0,21,10,1
260.115,0,16451584,windows,0,10130,9895,51,0,0,0,0,0,0,38,12,1
260.219,1,16327680,windows,0,4235,3936.25,32,0,0,0,0,0,0,21,10,1
260.368,0,16464896,windows,0,9755,9520,50,0,0,0,0,0,0,37,12,1
260.47,1,16342016,windows,0,4235,3936.25,32,0,0,0,0,0,0,21,10,1
260.628,0,16479232,windows,0,7745,7571.25,44,0,0,0,0,0,0,35,9,0
260.735,1,16357376,windows,0,4235,3936.25,32,0,0,0,0,0,0,21,10,1
260.885,0,16493568,windows,0,7120,7120,42,0,0,0,0,0,0,32,10,0
260.991,1,16367616,windows,0,4235,3936.25,32,0,0,0,0,0,0,21,10,1
261.14,0,16507904,windows,0,7120,7120,42,0,0,0,0,0,0,32,10,0
261.252,1,16382976,windows,0,4235,3936.25,32,0,0,0,0,0,0,21,10,1
261.396,0,16522240,windows,0,7065,6901.25,42,0,0,0,0,0,0,33,9,0
261.517,1,16398336,windows,0,4235,3936.25,32,0,0,0,0,0,0,21,10,1
261.656,0,16536576,windows,0,6740,6581.25,41,0,0,0,0,0,0,32,9,0
261.779,1,16413696,windows,0,4235,3936.25,32,0,0,0,0,0,0,21,10,1
261.912,0,16551936,windows,0,6725,6561.25,41,0,0,0,0,0,0,33,8,0
262.029,1,16428032,windows,0,4235,3936.25,32,0,0,0,0,0,0,21,10,1
262.174,0,16567296,windows,0,6725,6561.25,41,0,0,0,0,0,0,33,8,0
262.292,1,16438272,windows,0,4235,3936.25,32,0,0,0,0,0,0,21,10,1
262.427,0,16581632,windows,0,6400,6241.25,40,0,0,0,0,0,0,32,8,0
262.55,1,16452608,windows,0,4235,3936.25,32,0,0,0,0,0,0,21,10,1
262.679,0,16594944,windows,0,6085,5931.25,39,0,0,0,0,0,0,31,8,0
262.801,1,16466944,windows,0,4235,3936.25,32,0,0,0,0,0,0,21,10,1
262.932,0,16609280,windows,0,6085,5931.25,39,0,0,0,0,0,0,31,8,0
263.069,1,16482304,windows,0,4235,3936.25,32,0,0,0,0,0,0,21,10,1
263.188,0,16623616,windows,0,6085,5931.25,39,0,0,0,0,0,0,31,8,0
263.335,1,16496640,windows,0,4235,3936.25,32,0,0,0,0,0,0,21,10,1
263.449,0,16637952,windows,0,6085,5931.25,39,0,0,0,0,0,0,31,8,0
263.601,1,16512000,windows,0,4235,3936.25,32,0,0,0,0,0,0,21,10,1
263.707,0,16652288,windows,0,5780,5631.25,38,0,0,0,0,0,0,30,8,0
263.862,1,16527360,windows,0,4235,3936.25,32,0,0,0,0,0,0,21,10,1
263.963,0,16667648,windows,0,5485,5341.25,37,0,0,0,0,0,0,29,8,0
264.117,1,16542720,windows,0,4235,3936.25,32,0,0,0,0,0,0,21,10,1
264.225,0,16684032,windows,0,5485,5341.25,37,0,0,0,0,0,0,29,8,0
264.379,1,16558080,windows,0,4235,3936.25,32,0,0,0,0,0,0,21,10,1
264.481,0,16699392,windows,0,5485,5341.25,37,0,0,0,0,0,0,29,8,0
264.631,1,16573440,windows,0,4235,3936.25,32,0,0,0,0,0,0,21,10,1
264.739,0,16714752,windows,0,5200,5061.25,36,0,0,0,0,0,0,28,8,0
264.922,1,16585728,windows,0,4235,3936.25,32,0,0,0,0,0,0,21,10,1
265.007,0,16730112,windows,0,4900,4761.25,35,0,0,0,0,0,0,28,7,0
265.175,1,16601088,windows,0,4235,3936.25,32,0,0,0,0,0,0,21,10,1
265.268,0,16746496,windows,0,4625,4491.25,34,0,0,0,0,0,0,27,7,0
265.425,1,16615424,windows,0,4235,3936.25,32,0,0,0,0,0,0,21,10,1
265.531,0,16762880,windows,0,4360,4231.25,33,0,0,0,0,0,0,26,7,0
265.678,1,16629760,windows,0,4235,3936.25,32,0,0,0,0,0,0,21,10,1
265.784,0,16779264,windows,0,4360,4231.25,33,0,0,0,0,0,0,26,7,0
265.936,1,16645120,windows,0,4235,3936.25,32,0,0,0,0,0,0,21,10,1
266.036,0,16795648,windows,0,4105,3981.25,32,0,0,0,0,0,0,25,7,0
266.186,1,16659456,windows,0,4235,3936.25,32,0,0,0,0,0,0,21,10,1
266.296,0,16812032,windows,0,4105,3981.25,32,0,0,0,0,0,0,25,7,0
266.45,1,16675840,windows,0,4235,3936.25,32,0,0,0,0,0,0,21,10,1
266.553,0,16828416,windows,0,4105,3981.25,32,0,0,0,0,0,0,25,7,0
266.711,1,16691200,windows,0,4235,3936.25,32,0,0,0,0,0,0,21,10,1
266.81,0,16843776,windows,0,3860,3741.25,31,0,0,0,0,0,0,24,7,0
266.97,1,16706560,windows,0,4235,3936.25,32,0,0,0,0,0,0,21,10,1
267.061,0,16859136,windows,0,3860,3741.25,31,0,0,0,0,0,0,24,7,0
267.234,1,16722944,windows,0,4235,3936.25,32,0,0,0,0,0,0,21,10,1
267.321,0,16875520,windows,0,3625,3625,30,0,0,0,0,0,0,23,7,0
267.485,1,16738304,windows,0,4235,3936.25,32,0,0,0,0,0,0,21,10,1
267.579,0,16891904,windows,0,3625,3625,30,0,0,0,0,0,0,23,7,0
267.741,1,16754688,windows,0,4235,3936.25,32,0,0,0,0,0,0,21,10,1
267.83,0,16907264,windows,0,3400,3400,29,0,0,0,0,0,0,22,7,0
267.996,1,16771072,windows,0,4235,3936.25,32,0,0,0,0,0,0,21,10,1
268.091,0,16923648,windows,0,3400,3400,29,0,0,0,0,0,0,22,7,0
268.247,1,16789504,windows,0,4235,3936.25,32,0,0,0,0,0,0,21,10,1
268.351,0,16940032,windows,0,3400,3400,29,0,0,0,0,0,0,22,7,0
268.5,1,16809984,windows,0,100,100,5,0,0,0,0,0,0,4,1,0
268.613,0,16955392,windows,0,3185,3185,28,0,0,0,0,0,0,21,7,0
268.756,1,16831488,windows,0,100,100,5,0,0,0,0,0,0,4,1,0
268.878,0,16970752,windows,0,2980,2980,27,0,0,0,0,0,0,20,7,0
269.012,1,16852992,windows,0,100,100,5,0,0,0,0,0,0,4,1,0
269.13,0,16986112,windows,0,2980,2980,27,0,0,0,0,0,0,20,7,0
269.271,1,16876544,windows,0,100,100,5,0,0,0,0,0,0,4,1,0
269.402,0,17002496,windows,0,2980,2980,27,0,0,0,0,0,0,20,7,0
269.526,1,16900096,windows,0,100,100,5,0,0,0,0,0,0,4,1,0
269.664,0,17018880,windows,0,2980,2980,27,0,0,0,0,0,0,20,7,0
269.778,1,16922624,windows,0,100,100,5,0,0,0,0,0,0,4,1,0
269.927,0,17036288,windows,0,2785,2785,26,0,0,0,0,0,0,19,7,0
270.032,1,16945152,windows,0,100,100,5,0,0,0,0,0,0,4,1,0
270.185,0,17052672,windows,0,2785,2785,26,0,0,0,0,0,0,19,7,0
270.294,1,16966656,windows,0,100,100,5,0,0,0,0,0,0,4,1,0
270.45,0,17069056,windows,0,2340,2225,24,0,0,0,0,0,0,18,6,0
270.554,1,16984064,windows,0,100,100,5,0,0,0,0,0,0,4,1,0
270.705,0,17083392,windows,0,2340,2225,24,0,0,0,0,0,0,18,6,0
270.807,1,16999424,windows,0,100,100,5,0,0,0,0,0,0,4,1,0
270.979,0,17099776,windows,0,2340,2225,24,0,0,0,0,0,0,18,6,0
271.07,1,17015808,windows,0,100,100,5,0,0,0,0,0,0,4,1,0
271.237,0,17116160,windows,0,2340,2225,24,0,0,0,0,0,0,18,6,0
271.325,1,17032192,windows,0,100,100,5,0,0,0,0,0,0,4,1,0
271.499,0,17131520,windows,0,2165,2050,23,0,0,0,0,0,0,17,6,0
271.578,1,17047552,windows,0,100,100,5,0,0,0,0,0,0,4,1,0
271.753,0,17144832,windows,0,2165,2050,23,0,0,0,0,0,0,17,6,0
271.841,1,17063936,windows,0,100,100,5,0,0,0,0,0,0,4,1,0
272.016,0,17160192,windows,0,2165,2050,23,0,0,0,0,0,0,17,6,0
272.102,1,17081344,windows,0,100,100,5,0,0,0,0,0,0,4,1,0
272.272,0,17175552,windows,0,2165,2050,23,0,0,0,0,0,0,17,6,0
272.362,1,17098752,windows,0,100,100,5,0,0,0,0,0,0,4,1,0
272.532,0,17188864,windows,0,2165,2050,23,0,0,0,0,0,0,17,6,0
272.624,1,17114112,windows,0,100,100,5,0,0,0,0,0,0,4,1,0
272.789,0,17208320,windows,0,2165,2050,23,0,0,0,0,0,0,17,6,0
272.885,1,17129472,windows,0,100,100,5,0,0,0,0,0,0,4,1,0
273.046,0,17227776,windows,0,2165,2050,23,0,0,0,0,0,0,17,6,0
273.147,1,17143808,windows,0,100,100,5,0,0,0,0,0,0,4,1,0
273.3,0,17247232,windows,0,2165,2050,23,0,0,0,0,0,0,17,6,0
273.414,1,17159168,windows,0,100,100,5,0,0,0,0,0,0,4,1,0
273.55,0,17260544,windows,0,2165,2050,23,0,0,0,0,0,0,17,6,0
273.67,1,17173504,windows,0,100,100,5,0,0,0,0,0,0,4,1,0
273.811,0,17275904,windows,0,2165,2050,23,0,0,0,0,0,0,17,6,0
273.92,1,17187840,windows,0,100,100,5,0,0,0,0,0,0,4,1,0
274.065,0,17291264,windows,0,2165,2050,23,0,0,0,0,0,0,17,6,0
274.172,1,17203200,windows,0,100,100,5,0,0,0,0,0,0,4,1,0
274.317,0,17307648,windows,0,2165,2050,23,0,0,0,0,0,0,17,6,0
274.426,1,17218560,windows,0,100,100,5,0,0,0,0,0,0,4,1,0
274.576,0,17326080,repair,0,2165,2050,23,0,0,0,0,0,0,17,6,0
274.686,1,17235968,windows,0,100,100,5,0,0,0,0,0,0,4,1,0
274.85,0,17340416,repair,0,2165,2050,23,0,0,0,0,0,0,17,6,0
274.947,1,17252352,windows,0,100,100,5,0,0,0,0,0,0,4,1,0
275.102,0,17353728,repair,0,2165,2050,23,0,0,0,0,0,0,17,6,0
275.208,1,17270784,windows,0,100,100,5,0,0,0,0,0,0,4,1,0
275.371,0,17369088,windows,0,2165,2050,23,0,0,0,0,0,0,17,6,0
275.472,1,17288192,repair,0,100,100,5,0,0,0,0,0,0,4,1,0
275.628,0,17382400,windows,0,2165,2050,23,0,0,0,0,0,0,17,6,0
275.729,1,17304576,repair,0,100,100,5,0,0,0,0,0,0,4,1,0
275.88,0,17395712,windows,0,2165,2050,23,0,0,0,0,0,0,17,6,0
275.982,1,17321984,windows,0,100,100,5,0,0,0,0,0,0,4,1,0
276.135,0,17409024,windows,0,2165,2050,23,0,0,0,0,0,0,17,6,0
276.241,1,17341440,windows,0,100,100,5,0,0,0,0,0,0,4,1,0
276.385,0,17422336,windows,0,2165,2050,23,0,0,0,0,0,0,17,6,0
276.505,1,17359872,windows,0,100,100,5,0,0,0,0,0,0,4,1,0
276.648,0,17436672,windows,0,2165,2050,23,0,0,0,0,0,0,17,6,0
276.756,1,17377280,windows,0,100,100,5,0,0,0,0,0,0,4,1,0
276.91,0,17452032,windows,0,2165,2050,23,0,0,0,0,0,0,17,6,0
277.02,1,17394688,windows,0,100,100,5,0,0,0,0,0,0,4,1,0
277.171,0,17467392,windows,0,2165,2050,23,0,0,0,0,0,0,17,6,0
277.272,1,17410048,windows,0,100,100,5,0,0,0,0,0,0,4,1,0
277.428,0,17480704,windows,0,2165,2050,23,0,0,0,0,0,0,17,6,0
277.53,1,17426432,windows,0,100,100,5,0,0,0,0,0,0,4,1,0
277.686,0,17494016,windows,0,2165,2050,23,0,0,0,0,0,0,17,6,0
277.787,1,17441792,windows,0,100,100,5,0,0,0,0,0,0,4,1,0
277.938,0,17507328,windows,0,2165,2050,23,0,0,0,0,0,0,17,6,0
278.04,1,17457152,windows,0,100,100,5,0,0,0,0,0,0,4,1,0
278.198,0,17520640,windows,0,2165,2050,23,0,0,0,0,0,0,17,6,0
278.307,1,17472512,windows,0,100,100,5,0,0,0,0,0,0,4,1,0
278.456,0,17534976,windows,0,2165,2050,23,0,0,0,0,0,0,17,6,0
278.559,1,17488896,windows,0,100,100,5,0,0,0,0,0,0,4,1,0
278.72,0,17549312,windows,0,2165,2050,23,0,0,0,0,0,0,17,6,0
278.812,1,17506304,windows,0,100,100,5,0,0,0,0,0,0,4,1,0
278.975,0,17563648,windows,0,100,100,5,0,0,0,0,0,0,4,1,0
279.067,1,17523712,windows,0,100,100,5,0,0,0,0,0,0,4,1,0
279.232,0,17581056,windows,0,100,100,5,0,0,0,0,0,0,4,1,0
279.323,1,17542144,windows,0,100,100,5,0,0,0,0,0,0,4,1,0
279.492,0,17599488,windows,0,100,100,5,0,0,0,0,0,0,4,1,0
279.587,1,17560576,windows,0,100,100,5,0,0,0,0,0,0,4,1,0
279.752,0,17616896,windows,0,100,100,5,0,0,0,0,0,0,4,1,0
279.852,1,17576960,windows,0,100,100,5,0,0,0,0,0,0,4,1,0
280.012,0,17632256,windows,0,100,100,5,0,0,0,0,0,0,4,1,0
280.104,1,17593344,windows,0,100,100,5,0,0,0,0,0,0,4,1,0
280.281,0,17648640,windows,0,100,100,5,0,0,0,0,0,0,4,1,0
280.362,1,17607680,repair,0,100,100,5,0,0,0,0,0,0,4,1,0
280.546,0,17662976,windows,0,100,100,5,0,0,0,0,0,0,4,1,0
280.617,1,17626112,repair,0,100,100,5,0,0,0,0,0,0,4,1,0
280.816,0,17677312,windows,0,100,100,5,0,0,0,0,0,0,4,1,0
280.869,1,17644544,windows,0,100,100,5,0,0,0,0,0,0,4,1,0
281.079,0,17691648,windows,0,100,100,5,0,0,0,0,0,0,4,1,0
281.133,1,17661952,windows,0,100,100,5,0,0,0,0,0,0,4,1,0
281.341,0,17707008,windows,0,100,100,5,0,0,0,0,0,0,4,1,0
281.391,1,17679360,windows,0,100,100,5,0,0,0,0,0,0,4,1,0
281.602,0,17721344,windows,0,100,100,5,0,0,0,0,0,0,4,1,0
281.652,1,17695744,windows,0,100,100,5,0,0,0,0,0,0,4,1,0
281.854,0,17735680,windows,0,100,100,5,0,0,0,0,0,0,4,1,0
281.919,1,17710080,windows,0,100,100,5,0,0,0,0,0,0,4,1,0
282.111,0,17751040,windows,0,100,100,5,0,0,0,0,0,0,4,1,0
282.182,1,17724416,windows,0,100,100,5,0,0,0,0,0,0,4,1,0
282.365,0,17766400,windows,0,100,100,5,0,0,0,0,0,0,4,1,0
282.457,1,17739776,windows,0,100,100,5,0,0,0,0,0,0,4,1,0
282.626,0,17782784,windows,0,100,100,5,0,0,0,0,0,0,4,1,0
282.722,1,17754112,windows,0,100,100,5,0,0,0,0,0,0,4,1,0
282.88,0,17800192,windows,0,100,100,5,0,0,0,0,0,0,4,1,0
282.978,1,17768448,windows,0,100,100,5,0,0,0,0,0,0,4,1,0
283.131,0,17817600,windows,0,100,100,5,0,0,0,0,0,0,4,1,0
283.232,1,17782784,windows,0,100,100,5,0,0,0,0,0,0,4,1,0
283.388,0,17831936,windows,0,100,100,5,0,0,0,0,0,0,4,1,0
283.489,1,17797120,windows,0,100,100,5,0,0,0,0,0,0,4,1,0
283.651,0,17849344,windows,0,100,100,5,0,0,0,0,0,0,4,1,0
283.755,1,17812480,windows,0,100,100,5,0,0,0,0,0,0,4,1,0
283.912,0,17866752,windows,0,100,100,5,0,0,0,0,0,0,4,1,0
284.026,1,17827840,windows,0,100,100,5,0,0,0,0,0,0,4,1,0
284.163,0,17883136,windows,0,100,100,5,0,0,0,0,0,0,4,1,0
284.283,1,17842176,windows,0,100,100,5,0,0,0,0,0,0,4,1,0
284.421,0,17899520,windows,0,100,100,5,0,0,0,0,0,0,4,1,0
284.55,1,17857536,windows,0,100,100,5,0,0,0,0,0,0,4,1,0
284.679,0,17914880,windows,0,100,100,5,0,0,0,0,0,0,4,1,0
284.802,1,17872896,windows,0,100,100,5,0,0,0,0,0,0,4,1,0
284.94,0,17930240,windows,0,100,100,5,0,0,0,0,0,0,4,1,0
285.058,1,17888256,windows,0,100,100,5,0,0,0,0,0,0,4,1,0
285.204,0,17944576,windows,0,100,100,5,0,0,0,0,0,0,4,1,0
285.32,1,17903616,windows,0,100,100,5,0,0,0,0,0,0,4,1,0
285.462,0,17958912,windows,0,100,100,5,0,0,0,0,0,0,4,1,0
285.585,1,17918976,windows,0,100,100,5,0,0,0,0,0,0,4,1,0
285.714,0,17972224,windows,0,100,100,5,0,0,0,0,0,0,4,1,0
285.846,1,17934336,windows,0,100,100,5,0,0,0,0,0,0,4,1,0
285.973,0,17985536,windows,0,100,100,5,0,0,0,0,0,0,4,1,0
286.099,1,17949696,windows,0,100,100,5,0,0,0,0,0,0,4,1,0
286.223,0,17997824,windows,0,100,100,5,0,0,0,0,0,0,4,1,0
286.349,1,17965056,windows,0,100,100,5,0,0,0,0,0,0,4,1,0
286.486,0,18011136,windows,0,100,100,5,0,0,0,0,0,0,4,1,0
286.602,1,17980416,windows,0,100,100,5,0,0,0,0,0,0,4,1,0
286.745,0,18024448,windows,0,100,100,5,0,0,0,0,0,0,4,1,0
286.865,1,17998848,windows,0,100,100,5,0,0,0,0,0,0,4,1,0
287.009,0,18038784,windows,0,100,100,5,0,0,0,0,0,0,4,1,0
287.129,1,18017280,windows,0,100,100,5,0,0,0,0,0,0,4,1,0
287.267,0,18053120,windows,0,100,100,5,0,0,0,0,0,0,4,1,0
287.406,1,18032640,repair,1057,8.12391e+07,8.12306e+07,2715,8,37,17,641,354,0,1692,823,200
287.524,0,18067456,windows,0,100,100,5,0,0,0,0,0,0,4,1,0
287.66,1,18049024,repair,715,2.55231e+08,2.55205e+08,7084,41,154,134,258,128,0,4105,2817,162
287.792,0,18081792,windows,0,100,100,5,0,0,0,0,0,0,4,1,0
287.922,1,18067456,repair,566,2.69493e+08,2.69468e+08,7172,45,122,117,192,90,0,3984,3021,167
288.043,0,18095104,windows,0,100,100,5,0,0,0,0,0,0,4,1,0
288.185,1,18085888,repair,474,2.46725e+08,2.46664e+08,7005,26,85,82,186,95,0,4036,2822,147
288.302,0,18109440,windows,0,100,100,5,0,0,0,0,0,0,4,1,0
288.447,1,18103296,repair,375,2.36318e+08,2.36238e+08,6935,24,75,60,135,81,0,4052,2742,141
288.559,0,18124800,windows,0,100,100,5,0,0,0,0,0,0,4,1,0
288.71,1,18121728,repair,314,2.20348e+08,2.20328e+08,6699,24,52,50,128,60,0,3910,2655,134
288.825,0,18140160,windows,0,100,100,5,0,0,0,0,0,0,4,1,0
288.964,1,18139136,repair,257,1.91948e+08,1.91925e+08,6377,11,39,42,112,53,0,3838,2409,130
289.083,0,18152448,windows,0,100,100,5,0,0,0,0,0,0,4,1,0
289.223,1,18156544,repair,210,1.79244e+08,1.79192e+08,6084,14,32,42,80,42,0,3560,2391,133
289.335,0,18169856,windows,0,100,100,5,0,0,0,0,0,0,4,1,0
289.481,1,18173952,repair,166,1.4837e+08,1.48325e+08,5663,7,27,31,59,42,0,3483,2083,97
289.595,0,18188288,windows,0,100,100,5,0,0,0,0,0,0,4,1,0
289.732,1,18190336,repair,120,1.54383e+08,1.5434e+08,5701,6,15,17,56,26,0,3425,2180,96
289.856,0,18204672,windows,0,100,100,5,0,0,0,0,0,0,4,1,0
289.989,1,18206720,repair,87,1.50396e+08,1.50334e+08,5627,5,18,6,39,19,0,3397,2148,82
290.124,0,18220032,repair,0,100,100,5,0,0,0,0,0,0,4,1,0
290.25,1,18223104,repair,61,1.35059e+08,1.35043e+08,5366,1,10,7,29,14,0,3262,2019,85
290.384,0,18234368,repair,0,100,100,5,0,0,0,0,0,0,4,1,0
290.508,1,18239488,repair,39,1.17719e+08,1.17664e+08,5137,3,6,8,12,10,0,3271,1789,77
290.648,0,18248704,windows,0,100,100,5,0,0,0,0,0,0,4,1,0
290.771,1,18255872,repair,23,1.06898e+08,1.06895e+08,4906,0,3,1,11,8,0,3115,1705,86
290.909,0,18264064,windows,0,100,100,5,0,0,0,0,0,0,4,1,0
291.032,1,18272256,repair,14,9.45748e+07,9.45259e+07,4637,0,2,0,8,4,0,2973,1584,80
291.169,0,18278400,windows,0,100,100,5,0,0,0,0,0,0,4,1,0
291.294,1,18288640,repair,5,9.11622e+07,9.11474e+07,4566,0,0,0,3,2,0,2954,1539,73
291.43,0,18292736,windows,0,100,100,5,0,0,0,0,0,0,4,1,0
291.547,1,18306048,repair,2,7.20968e+07,7.20544e+07,4076,0,0,0,0,2,0,2655,1355,66
291.688,0,18306048,windows,0,100,100,5,0,0,0,0,0,0,4,1,0
291.798,1,18323456,repair,2,6.06092e+07,6.06076e+07,3759,0,0,0,0,2,0,2494,1213,52
291.945,0,18320384,windows,0,100,100,5,0,0,0,0,0,0,4,1,0
292.049,1,18340864,repair,2,5.12273e+07,5.12273e+07,3488,0,0,0,0,2,0,2363,1078,47
292.196,0,18333696,windows,0,100,100,5,0,0,0,0,0,0,4,1,0
292.312,1,18360320,repair,1,4.38836e+07,4.38836e+07,3234,0,0,0,0,1,0,2205,988,41
292.452,0,18347008,windows,0,100,100,5,0,0,0,0,0,0,4,1,0
292.573,1,18375680,windows,0,3.60999e+07,3.60903e+07,2908,0,0,0,0,0,0,1924,936,48
292.707,0,18360320,windows,0,100,100,5,0,0,0,0,0,0,4,1,0
292.831,1,18390016,windows,0,3.05961e+07,3.05961e+07,2708,0,0,0,0,0,0,1857,816,35
292.961,0,18374656,windows,0,100,100,5,0,0,0,0,0,0,4,1,0
293.095,1,18405376,windows,0,2.58297e+07,2.58198e+07,2511,0,0,0,0,0,0,1746,726,39
293.224,0,18388992,windows,0,100,100,5,0,0,0,0,0,0,4,1,0
293.347,1,18419712,windows,0,2.20355e+07,2.20343e+07,2278,0,0,0,0,0,0,1509,728,41
293.49,0,18404352,windows,0,100,100,5,0,0,0,0,0,0,4,1,0
293.608,1,18434048,windows,0,1.83378e+07,1.83299e+07,2076,0,0,0,0,0,0,1373,666,37
293.749,0,18418688,windows,0,100,100,5,0,0,0,0,0,0,4,1,0
293.872,1,18448384,windows,0,1.5269e+07,1.52562e+07,1900,0,0,0,0,0,0,1272,598,30
294.011,0,18433024,windows,0,100,100,5,0,0,0,0,0,0,4,1,0
294.129,1,18463744,windows,0,1.31167e+07,1.31167e+07,1775,0,0,0,0,0,0,1218,533,24
294.265,0,18447360,windows,0,100,100,5,0,0,0,0,0,0,4,1,0
294.39,1,18481152,windows,0,1.12345e+07,1.12278e+07,1672,0,0,0,0,0,0,1194,452,26
294.53,0,18462720,windows,0,100,100,5,0,0,0,0,0,0,4,1,0
294.651,1,18497536,windows,0,9.36958e+06,9.36958e+06,1500,0,0,0,0,0,0,1034,448,18
294.796,0,18478080,windows,0,100,100,5,0,0,0,0,0,0,4,1,0
294.903,1,18512896,windows,0,7.71382e+06,7.7086e+06,1357,0,0,0,0,0,0,919,417,21
295.047,0,18493440,windows,0,100,100,5,0,0,0,0,0,0,4,1,0
295.157,1,18528256,windows,0,6.55052e+06,6.53861e+06,1246,0,0,0,0,0,0,848,384,14
295.307,0,18508800,windows,0,100,100,5,0,0,0,0,0,0,4,1,0
295.422,1,18542592,windows,0,5.60975e+06,5.60975e+06,1162,0,0,0,0,0,0,810,341,11
295.563,0,18524160,windows,0,100,100,5,0,0,0,0,0,0,4,1,0
295.684,1,18556928,windows,0,4.79728e+06,4.79316e+06,1081,0,0,0,0,0,0,766,305,10
295.816,0,18538496,windows,0,100,100,5,0,0,0,0,0,0,4,1,0
295.936,1,18570240,windows,0,3.8871e+06,3.87793e+06,957,0,0,0,0,0,0,655,295,7
296.079,0,18556928,windows,0,100,100,5,0,0,0,0,0,0,4,1,0
296.201,1,18586624,windows,0,3.1172e+06,3.1172e+06,861,0,0,0,0,0,0,601,256,4
296.343,0,18575360,windows,0,100,100,5,0,0,0,0,0,0,4,1,0
296.457,1,18601984,windows,0,2.64222e+06,2.63919e+06,803,0,0,0,0,0,0,577,221,5
296.612,0,18592768,repair,0,100,100,5,0,0,0,0,0,0,4,1,0
296.711,1,18617344,windows,0,2.21807e+06,2.21401e+06,736,0,0,0,0,0,0,534,199,3
296.863,0,18607104,repair,0,100,100,5,0,0,0,0,0,0,4,1,0
296.967,1,18632704,windows,0,1.84454e+06,1.84437e+06,674,0,0,0,0,0,0,486,182,6
297.118,0,18622464,windows,0,100,100,5,0,0,0,0,0,0,4,1,0
297.226,1,18646016,windows,0,1.50268e+06,1.49919e+06,608,0,0,0,0,0,0,436,166,6
297.385,0,18637824,windows,0,100,100,5,0,0,0,0,0,0,4,1,0
297.487,1,18660352,windows,0,1.22934e+06,1.22934e+06,550,0,0,0,0,0,0,393,151,6
297.651,0,18652160,windows,0,100,100,5,0,0,0,0,0,0,4,1,0
297.746,1,18674688,windows,0,1.04634e+06,1.04617e+06,508,0,0,0,0,0,0,363,139,6
297.907,0,18665472,windows,0,100,100,5,0,0,0,0,0,0,4,1,0
297.996,1,18689024,windows,0,905105,903371,474,0,0,0,0,0,0,347,123,4
298.174,0,18679808,windows,0,100,100,5,0,0,0,0,0,0,4,1,0
298.262,1,18704384,windows,0,734995,732538,426,0,0,0,0,0,0,305,116,5
298.444,0,18694144,windows,0,100,100,5,0,0,0,0,0,0,4,1,0
298.517,1,18718720,windows,0,586765,586765,375,0,0,0,0,0,0,259,112,4
298.698,0,18706432,windows,0,100,100,5,0,0,0,0,0,0,4,1,0
298.768,1,18734080,windows,0,496560,493214,346,0,0,0,0,0,0,240,102,4
298.952,0,18719744,windows,0,100,100,5,0,0,0,0,0,0,4,1,0
299.032,1,18749440,windows,0,427250,424306,325,0,0,0,0,0,0,230,90,5
299.216,0,18734080,windows,0,100,100,5,0,0,0,0,0,0,4,1,0
299.296,1,18765824,windows,0,342955,340456,296,0,0,0,0,0,0,221,70,5
299.466,0,18748416,windows,0,100,100,5,0,0,0,0,0,0,4,1,0
299.564,1,18782208,windows,0,250155,247866,246,0,0,0,0,0,0,171,72,3
299.717,0,18760704,windows,0,100,100,5,0,0,0,0,0,0,4,1,0
299.821,1,18798592,windows,0,196130,196130,218,0,0,0,0,0,0,156,61,1
299.981,0,18775040,windows,0,100,100,5,0,0,0,0,0,0,4,1,0
300.076,1,18814976,windows,0,167110,167110,202,0,0,0,0,0,0,146,55,1
300.236,0,18789376,windows,0,100,100,5,0,0,0,0,0,0,4,1,0
300.327,1,18830336,windows,0,146135,144354,191,0,0,0,0,0,0,137,51,3
300.497,0,18803712,windows,0,100,100,5,0,0,0,0,0,0,4,1,0
300.585,1,18846720,windows,0,112670,112588,163,0,0,0,0,0,0,108,52,3
300.763,0,18818048,windows,0,100,100,5,0,0,0,0,0,0,4,1,0
300.843,1,18863104,windows,0,87420,87420,146,0,0,0,0,0,0,102,42,2
301.027,0,18829312,repair,760,2.32982e+08,2.32921e+08,6574,62,158,152,259,129,0,3613,2779,182
301.103,1,18880512,windows,0,79580,78745,138,0,0,0,0,0,0,94,42,2
301.291,0,18846720,repair,608,2.57229e+08,2.57166e+08,7061,46,114,112,232,104,0,3974,2906,181
301.362,1,18897920,windows,0,72245,72245,133,0,0,0,0,0,0,93,38,2
301.549,0,18863104,repair,508,2.54113e+08,2.54093e+08,7024,37,99,86,183,103,0,3953,2910,161
301.619,1,18914304,windows,0,67105,66370,128,0,0,0,0,0,0,89,37,2
301.809,0,18878464,repair,449,2.20532e+08,2.20512e+08,6739,31,101,67,166,84,0,3989,2604,146
301.87,1,18927616,windows,0,52855,51683.8,111,0,0,0,0,0,0,71,37,3
302.067,0,18893824,repair,373,2.14647e+08,2.14572e+08,6645,28,78,55,141,71,0,3930,2585,130
302.132,1,18941952,windows,0,48445,48392.5,107,0,0,0,0,0,0,71,34,2
302.325,0,18910208,repair,313,1.92819e+08,1.9277e+08,6333,17,52,39,130,75,0,3755,2441,137
302.388,1,18956288,windows,0,44345,43303.8,102,0,0,0,0,0,0,67,33,2
302.588,0,18926592,repair,262,1.71622e+08,1.71555e+08,6019,13,40,39,112,58,0,3617,2280,122
302.64,1,18970624,windows,0,41120,40103.8,97,0,0,0,0,0,0,62,33,2
302.853,0,18942976,repair,217,1.68193e+08,1.6813e+08,5878,8,26,31,101,51,0,3438,2316,124
302.896,1,18984960,windows,0,37945,37277.5,94,0,0,0,0,0,0,61,31,2
303.109,0,18958336,repair,163,1.63766e+08,1.637e+08,5845,5,25,21,65,47,0,3468,2264,113
303.154,1,18999296,windows,0,29280,29227.5,83,0,0,0,0,0,0,54,27,2
303.373,0,18973696,repair,117,1.66562e+08,1.66513e+08,5895,5,20,22,45,25,0,3486,2292,117
303.409,1,19013632,windows,0,28130,28107.5,81,0,0,0,0,0,0,54,26,1
303.623,0,18988032,repair,97,1.44835e+08,1.44777e+08,5533,4,13,15,44,21,0,3321,2111,101
303.66,1,19027968,windows,0,26645,26592.5,79,0,0,0,0,0,0,51,26,2
303.881,0,19003392,repair,70,1.40357e+08,1.40299e+08,5494,3,9,9,36,13,0,3353,2046,95
303.918,1,19042304,windows,0,25120,25067.5,77,0,0,0,0,0,0,50,25,2
304.134,0,19018752,repair,40,1.25294e+08,1.2524e+08,5213,2,8,3,14,13,0,3205,1919,89
304.168,1,19056640,windows,0,22220,22167.5,73,0,0,0,0,0,0,48,23,2
304.387,0,19034112,repair,25,1.13695e+08,1.13691e+08,5011,0,1,4,14,6,0,3105,1805,101
304.427,1,19074048,windows,0,21280,21227.5,71,0,0,0,0,0,0,46,23,2
304.652,0,19049472,repair,16,9.93447e+07,9.92935e+07,4682,0,1,1,11,3,0,2896,1690,96
304.689,1,19092480,windows,0,20380,20108.8,69,0,0,0,0,0,0,44,23,2
304.915,0,19065856,repair,7,8.94136e+07,8.93821e+07,4467,0,1,0,4,2,0,2805,1579,83
304.947,1,19110912,windows,0,20290,20267.5,69,0,0,0,0,0,0,46,22,1
305.166,0,19080192,repair,0,8.51224e+07,8.51224e+07,4395,0,0,0,0,0,0,2814,1506,75
305.202,1,19128320,windows,0,16850,16618.8,63,0,0,0,0,0,0,42,20,1
305.432,0,19094528,repair,0,7.88742e+07,7.88459e+07,4269,0,0,0,0,0,0,2781,1415,73
305.46,1,19146752,windows,0,15330,15307.5,61,0,0,0,0,0,0,42,18,1
305.693,0,19109888,windows,0,5.69423e+07,5.69188e+07,3654,0,0,0,0,0,0,2413,1177,64
305.723,1,19165184,windows,0,13810,13787.5,58,0,0,0,0,0,0,40,17,1
305.955,0,19124224,windows,0,4.81019e+07,4.8089e+07,3365,0,0,0,0,0,0,2233,1074,58
305.981,1,19183616,windows,0,13030,13007.5,56,0,0,0,0,0,0,38,17,1
306.215,0,19138560,windows,0,4.12139e+07,4.12034e+07,3137,0,0,0,0,0,0,2098,977,62
306.236,1,19201024,windows,0,11275,11078.8,52,0,0,0,0,0,0,35,16,1
306.476,0,19152896,windows,0,3.3404e+07,3.34027e+07,2813,0,0,0,0,0,0,1888,881,44
306.487,1,19219456,windows,0,11010,10808.8,52,0,0,0,0,0,0,36,15,1
306.738,0,19168256,windows,0,2.7282e+07,2.7282e+07,2551,0,0,0,0,0,0,1725,786,40
306.745,1,19235840,windows,0,9030,9007.5,46,0,0,0,0,0,0,30,15,1
307,0,19185664,windows,0,2.29844e+07,2.29691e+07,2335,0,0,0,0,0,0,1587,720,28
307.001,1,19251200,windows,0,7910,7632.5,44,0,0,0,0,0,0,30,13,1
307.256,0,19203072,windows,0,1.91206e+07,1.91071e+07,2157,0,0,0,0,0,0,1495,629,33
307.258,1,19266560,windows,0,7615,7337.5,43,0,0,0,0,0,0,29,13,1
307.518,0,19220480,windows,0,1.53694e+07,1.5357e+07,1915,0,0,0,0,0,0,1308,583,24
307.525,1,19282944,windows,0,6800,6800,40,0,0,0,0,0,0,28,12,0
307.772,0,19237888,windows,0,1.24817e+07,1.24817e+07,1739,0,0,0,0,0,0,1207,509,23
307.785,1,19298304,windows,0,6800,6800,40,0,0,0,0,0,0,28,12,0
308.025,0,19255296,windows,0,1.03775e+07,1.0369e+07,1608,0,0,0,0,0,0,1159,427,22
308.042,1,19313664,windows,0,6625,6625,40,0,0,0,0,0,0,29,11,0
308.291,0,19270656,windows,0,9.0567e+06,9.05059e+06,1507,0,0,0,0,0,0,1097,389,21
308.308,1,19329024,windows,0,6625,6625,40,0,0,0,0,0,0,29,11,0
308.556,0,19287040,windows,0,7.38906e+06,7.37612e+06,1317,0,0,0,0,0,0,899,409,9
308.564,1,19345408,windows,0,6340,6201.25,39,0,0,0,0,0,0,28,11,0
308.815,1,19360768,windows,0,6340,6201.25,39,0,0,0,0,0,0,28,11,0
308.821,0,19303424,windows,0,6.12373e+06,6.12373e+06,1222,0,0,0,0,0,0,868,343,11
309.067,1,19377152,windows,0,6340,6201.25,39,0,0,0,0,0,0,28,11,0
309.077,0,19318784,windows,0,5.20912e+06,5.20503e+06,1133,0,0,0,0,0,0,818,305,10
309.325,1,19396608,windows,0,6340,6201.25,39,0,0,0,0,0,0,28,11,0
309.338,0,19335168,windows,0,4.48973e+06,4.48349e+06,1050,0,0,0,0,0,0,744,293,13
309.583,1,19418112,windows,0,100,100,5,0,0,0,0,0,0,4,1,0
309.604,0,19352576,windows,0,3.59188e+06,3.58819e+06,943,0,0,0,0,0,0,681,252,10
309.844,1,19438592,windows,0,100,100,5,0,0,0,0,0,0,4,1,0
309.866,0,19366912,windows,0,2.95471e+06,2.9499e+06,852,0,0,0,0,0,0,598,241,13
310.106,1,19458048,windows,0,100,100,5,0,0,0,0,0,0,4,1,0
310.135,0,19382272,windows,0,2.44682e+06,2.43942e+06,778,0,0,0,0,0,0,551,215,12
310.366,1,19477504,windows,0,100,100,5,0,0,0,0,0,0,4,1,0
310.397,0,19397632,windows,0,2.05504e+06,2.05248e+06,713,0,0,0,0,0,0,513,192,8
310.622,1,19497984,windows,0,100,100,5,0,0,0,0,0,0,4,1,0
310.662,0,19415040,windows,0,1.7097e+06,1.70366e+06,652,0,0,0,0,0,0,471,173,8
310.873,1,19516416,windows,0,100,100,5,0,0,0,0,0,0,4,1,0
310.916,0,19428352,windows,0,1.38085e+06,1.38065e+06,586,0,0,0,0,0,0,424,155,7
311.133,1,19536896,windows,0,100,100,5,0,0,0,0,0,0,4,1,0
311.171,0,19441664,windows,0,1.15848e+06,1.15848e+06,530,0,0,0,0,0,0,373,152,5
311.391,1,19553280,windows,0,100,100,5,0,0,0,0,0,0,4,1,0
311.427,0,19454976,windows,0,1.01008e+06,1.00562e+06,501,0,0,0,0,0,0,362,133,6
311.652,1,19574784,windows,0,100,100,5,0,0,0,0,0,0,4,1,0
311.695,0,19468288,windows,0,884185,884185,466,0,0,0,0,0,0,335,127,4
311.908,1,19594240,windows,0,100,100,5,0,0,0,0,0,0,4,1,0
311.958,0,19481600,windows,0,775085,773511,437,0,0,0,0,0,0,315,118,4
312.172,1,19616768,windows,0,100,100,5,0,0,0,0,0,0,4,1,0
312.216,0,19494912,windows,0,575355,575355,376,0,0,0,0,0,0,261,108,7
312.427,1,19636224,windows,0,100,100,5,0,0,0,0,0,0,4,1,0
312.484,0,19508224,windows,0,488195,486118,350,0,0,0,0,0,0,249,94,7
312.687,1,19654656,windows,0,100,100,5,0,0,0,0,0,0,4,1,0
312.755,0,19522560,windows,0,391495,391292,317,0,0,0,0,0,0,233,77,7
312.939,1,19673088,windows,0,100,100,5,0,0,0,0,0,0,4,1,0
313.009,0,19538944,windows,0,338430,338228,295,0,0,0,0,0,0,216,72,7
313.194,1,19690496,windows,0,100,100,5,0,0,0,0,0,0,4,1,0
313.266,0,19555328,windows,0,278855,277659,269,0,0,0,0,0,0,199,63,7
313.446,1,19707904,windows,0,100,100,5,0,0,0,0,0,0,4,1,0
313.532,0,19571712,windows,0,200975,198946,225,0,0,0,0,0,0,155,63,7
313.699,1,19724288,windows,0,100,100,5,0,0,0,0,0,0,4,1,0
313.782,0,19587072,windows,0,163470,163470,205,0,0,0,0,0,0,144,54,7
313.963,1,19740672,windows,0,100,100,5,0,0,0,0,0,0,4,1,0
314.038,0,19604480,windows,0,132430,132228,183,0,0,0,0,0,0,124,52,7
314.233,1,19756032,windows,0,100,100,5,0,0,0,0,0,0,4,1,0
314.294,0,19621888,windows,0,115995,115209,172,0,0,0,0,0,0,117,48,7
314.493,1,19771392,windows,0,100,100,5,0,0,0,0,0,0,4,1,0
314.548,0,19638272,windows,0,83710,83710,147,0,0,0,0,0,0,104,38,5
314.746,1,19786752,windows,0,100,100,5,0,0,0,0,0,0,4,1,0
314.801,0,19654656,windows,0,75725,75725,137,0,0,0,0,0,0,93,40,4
314.997,1,19803136,windows,0,100,100,5,0,0,0,0,0,0,4,1,0
315.069,0,19671040,windows,0,71200,71200,132,0,0,0,0,0,0,88,40,4
315.256,1,19821568,windows,0,100,100,5,0,0,0,0,0,0,4,1,0
315.331,0,19688448,windows,0,68745,67536.2,130,0,0,0,0,0,0,87,39,4
315.514,1,19838976,windows,0,100,100,5,0,0,0,0,0,0,4,1,0
315.588,0,19704832,windows,0,59725,58626.2,123,0,0,0,0,0,0,85,34,4
315.778,1,19856384,windows,0,100,100,5,0,0,0,0,0,0,4,1,0
315.851,0,19722240,windows,0,51380,50745,114,0,0,0,0,0,0,78,32,4
316.034,1,19873792,windows,0,100,100,5,0,0,0,0,0,0,4,1,0
316.111,0,19738624,windows,0,46580,46580,110,0,0,0,0,0,0,78,28,4
316.293,1,19890176,repair,0,100,100,5,0,0,0,0,0,0,4,1,0
316.375,0,19755008,windows,0,42440,42440,105,0,0,0,0,0,0,74,27,4
316.556,1,19904512,repair,0,100,100,5,0,0,0,0,0,0,4,1,0
316.634,0,19771392,windows,0,40265,40265,102,0,0,0,0,0,0,71,27,4
316.819,1,19918848,windows,0,100,100,5,0,0,0,0,0,0,4,1,0
316.884,0,19784704,windows,0,35380,35380,94,0,0,0,0,0,0,62,28,4
317.073,1,19933184,windows,0,100,100,5,0,0,0,0,0,0,4,1,0
317.139,0,19798016,windows,0,31405,30596.2,89,0,0,0,0,0,0,59,26,4
317.333,1,19950592,windows,0,100,100,5,0,0,0,0,0,0,4,1,0
317.395,0,19810304,windows,0,29790,29790,87,0,0,0,0,0,0,60,24,3
317.585,1,19965952,windows,0,100,100,5,0,0,0,0,0,0,4,1,0
317.653,0,19822592,windows,0,28255,28255,85,0,0,0,0,0,0,59,23,3
317.836,1,19980288,windows,0,100,100,5,0,0,0,0,0,0,4,1,0
317.924,0,19834880,windows,0,28255,28255,85,0,0,0,0,0,0,59,23,3
318.1,1,19996672,windows,0,100,100,5,0,0,0,0,0,0,4,1,0
318.184,0,19847168,windows,0,25300,24905,82,0,0,0,0,0,0,58,20,4
318.363,1,20013056,windows,0,100,100,5,0,0,0,0,0,0,4,1,0
318.445,0,19860480,windows,0,24160,24160,80,0,0,0,0,0,0,56,20,4
318.618,1,20029440,windows,0,100,100,5,0,0,0,0,0,0,4,1,0
318.712,0,19873792,windows,0,22825,22551.2,78,0,0,0,0,0,0,55,19,4
318.877,1,20044800,windows,0,100,100,5,0,0,0,0,0,0,4,1,0
318.969,0,19887104,windows,0,21940,21940,77,0,0,0,0,0,0,56,17,4
319.132,1,20062208,windows,0,100,100,5,0,0,0,0,0,0,4,1,0
319.22,0,19900416,windows,0,20480,20480,74,0,0,0,0,0,0,52,18,4
319.396,1,20082688,windows,0,100,100,5,0,0,0,0,0,0,4,1,0
319.475,0,19913728,windows,0,18005,17771.2,69,0,0,0,0,0,0,47,18,4
319.651,1,20101120,windows,0,100,100,5,0,0,0,0,0,0,4,1,0
319.735,0,19927040,windows,0,16630,16401.2,66,0,0,0,0,0,0,46,17,3
319.908,1,20117504,windows,0,100,100,5,0,0,0,0,0,0,4,1,0
319.996,0,19940352,windows,0,16175,15951.2,65,0,0,0,0,0,0,45,17,3
320.16,1,20135936,windows,0,100,100,5,0,0,0,0,0,0,4,1,0
320.255,0,19953664,windows,0,15295,15295,63,0,0,0,0,0,0,43,17,3
320.42,1,20154368,repair,0,100,100,5,0,0,0,0,0,0,4,1,0
320.509,0,19966976,windows,0,14210,14210,61,0,0,0,0,0,0,42,16,3
320.677,1,20172800,repair,0,100,100,5,0,0,0,0,0,0,4,1,0
320.774,0,19981312,windows,0,14210,14210,61,0,0,0,0,0,0,42,16,3
320.929,1,20189184,windows,0,100,100,5,0,0,0,0,0,0,4,1,0
321.038,0,19995648,windows,0,12610,12421.2,57,0,0,0,0,0,0,38,16,3
321.18,1,20205568,windows,0,100,100,5,0,0,0,0,0,0,4,1,0
321.293,0,20009984,windows,0,12610,12421.2,57,0,0,0,0,0,0,38,16,3
321.444,1,20221952,windows,0,100,100,5,0,0,0,0,0,0,4,1,0
321.556,0,20024320,windows,0,12085,11901.2,55,0,0,0,0,0,0,37,16,2
321.708,1,20238336,windows,0,100,100,5,0,0,0,0,0,0,4,1,0
321.813,0,20038656,windows,0,10745,10745,52,0,0,0,0,0,0,35,15,2
321.965,1,20255744,windows,0,100,100,5,0,0,0,0,0,0,4,1,0
322.074,0,20052992,windows,0,10745,10745,52,0,0,0,0,0,0,35,15,2
322.222,1,20274176,windows,0,100,100,5,0,0,0,0,0,0,4,1,0
322.329,0,20067328,windows,0,10400,10400,51,0,0,0,0,0,0,34,15,2
322.485,1,20292608,windows,0,100,100,5,0,0,0,0,0,0,4,1,0
322.589,0,20081664,windows,0,10065,9901.25,50,0,0,0,0,0,0,33,15,2
322.743,1,20311040,windows,0,100,100,5,0,0,0,0,0,0,4,1,0
322.849,0,20096000,windows,0,9485,9485,49,0,0,0,0,0,0,33,14,2
323.001,1,20328448,windows,0,100,100,5,0,0,0,0,0,0,4,1,0
323.099,0,20109312,windows,0,9485,9485,49,0,0,0,0,0,0,33,14,2
323.263,1,20345856,windows,0,100,100,5,0,0,0,0,0,0,4,1,0
323.349,0,20122624,windows,0,9485,9485,49,0,0,0,0,0,0,33,14,2
323.524,1,20363264,windows,0,100,100,5,0,0,0,0,0,0,4,1,0
323.608,0,20134912,windows,0,8945,8781.25,48,0,0,0,0,0,0,33,13,2
323.785,1,20380672,windows,0,100,100,5,0,0,0,0,0,0,4,1,0
323.86,0,20148224,windows,0,8945,8781.25,48,0,0,0,0,0,0,33,13,2
324.04,1,20396032,windows,0,100,100,5,0,0,0,0,0,0,4,1,0
324.113,0,20160512,windows,0,8945,8781.25,48,0,0,0,0,0,0,33,13,2
324.305,1,20413440,windows,0,100,100,5,0,0,0,0,0,0,4,1,0
324.374,0,20174848,windows,0,8945,8781.25,48,0,0,0,0,0,0,33,13,2
324.556,1,20429824,windows,0,100,100,5,0,0,0,0,0,0,4,1,0
324.624,0,20187136,windows,0,8620,8365,47,0,0,0,0,0,0,32,13,2
324.808,1,20445184,windows,0,100,100,5,0,0,0,0,0,0,4,1,0
324.886,0,20201472,windows,0,8120,7885,46,0,0,0,0,0,0,32,12,2
325.06,1,20461568,windows,0,100,100,5,0,0,0,0,0,0,4,1,0
325.155,0,20215808,windows,0,8120,7885,46,0,0,0,0,0,0,32,12,2
325.314,1,20480000,windows,0,100,100,5,0,0,0,0,0,0,4,1,0
325.408,0,20229120,windows,0,8120,7885,46,0,0,0,0,0,0,32,12,2
325.567,1,20498432,repair,0,100,100,5,0,0,0,0,0,0,4,1,0
325.666,0,20243456,windows,0,7660,7660,45,0,0,0,0,0,0,32,11,2
325.83,1,20516864,repair,0,100,100,5,0,0,0,0,0,0,4,1,0
325.935,0,20257792,windows,0,7660,7660,45,0,0,0,0,0,0,32,11,2
326.087,1,20535296,windows,0,100,100,5,0,0,0,0,0,0,4,1,0
326.196,0,20272128,windows,0,7345,7345,44,0,0,0,0,0,0,31,11,2
326.344,1,20552704,windows,0,100,100,5,0,0,0,0,0,0,4,1,0
326.447,0,20285440,windows,0,7345,7345,44,0,0,0,0,0,0,31,11,2
326.597,1,20570112,windows,0,100,100,5,0,0,0,0,0,0,4,1,0
326.703,0,20299776,windows,0,7040,7040,43,0,0,0,0,0,0,30,11,2
326.855,1,20588544,windows,0,100,100,5,0,0,0,0,0,0,4,1,0
326.954,0,20313088,windows,0,6745,6745,42,0,0,0,0,0,0,29,11,2
327.109,1,20609024,windows,0,100,100,5,0,0,0,0,0,0,4,1,0
327.207,0,20326400,windows,0,6460,6321.25,41,0,0,0,0,0,0,28,11,2
327.367,1,20629504,windows,0,100,100,5,0,0,0,0,0,0,4,1,0
327.46,0,20340736,windows,0,6460,6321.25,41,0,0,0,0,0,0,28,11,2
327.628,1,20644864,repair,881,2.05253e+08,2.05186e+08,6137,55,164,149,343,170,0,3417,2524,196
327.719,0,20358144,windows,0,6185,6051.25,40,0,0,0,0,0,0,27,11,2
327.889,1,20665344,repair,655,2.80729e+08,2.80668e+08,7256,32,129,112,248,134,0,3994,3081,181
327.978,0,20375552,windows,0,6095,5746.25,39,0,0,0,0,0,0,27,11,1
328.144,1,20684800,repair,537,2.61616e+08,2.61596e+08,7128,39,108,95,185,110,0,3986,2956,186
328.237,0,20391936,windows,0,5675,5541.25,38,0,0,0,0,0,0,27,10,1
328.408,1,20705280,repair,407,2.64549e+08,2.64524e+08,7135,27,89,75,145,71,0,3971,3011,153
328.496,0,20409344,windows,0,5675,5541.25,38,0,0,0,0,0,0,27,10,1
328.666,1,20725760,repair,346,2.036e+08,2.036e+08,6341,12,55,52,144,83,0,3622,2592,127
328.75,0,20426752,windows,0,5675,5541.25,38,0,0,0,0,0,0,27,10,1
328.922,1,20747264,repair,270,1.91122e+08,1.91072e+08,6294,18,63,41,100,48,0,3704,2452,138
329.002,0,20442112,windows,0,5675,5541.25,38,0,0,0,0,0,0,27,10,1
329.181,1,20767744,repair,198,1.82003e+08,1.81937e+08,6138,5,45,35,73,40,0,3605,2404,129
329.256,0,20452352,windows,0,5675,5541.25,38,0,0,0,0,0,0,27,10,1
329.44,1,20789248,repair,145,1.61108e+08,1.6106e+08,5809,8,28,24,60,25,0,3452,2243,114
329.509,0,20466688,windows,0,5675,5541.25,38,0,0,0,0,0,0,27,10,1
329.692,1,20808704,repair,110,1.50349e+08,1.50349e+08,5666,3,20,15,41,31,0,3429,2132,105
329.761,0,20480000,windows,0,5675,5541.25,38,0,0,0,0,0,0,27,10,1
329.945,1,20827136,repair,80,1.34575e+08,1.34516e+08,5401,2,8,10,30,30,0,3305,1993,103
330.012,0,20494336,windows,0,5675,5541.25,38,0,0,0,0,0,0,27,10,1
330.207,1,20846592,repair,44,1.20242e+08,1.20242e+08,5208,3,6,7,17,11,0,3300,1809,99
330.277,0,20508672,windows,0,5675,5541.25,38,0,0,0,0,0,0,27,10,1
330.466,1,20866048,repair,27,1.06129e+08,1.06126e+08,4861,1,2,6,11,7,0,3042,1726,93
330.535,0,20523008,windows,0,5675,5541.25,38,0,0,0,0,0,0,27,10,1
330.718,1,20884480,repair,13,9.73832e+07,9.73511e+07,4707,0,3,0,9,1,0,3022,1605,80
330.8,0,20538368,windows,0,5675,5541.25,38,0,0,0,0,0,0,27,10,1
330.981,1,20903936,repair,3,9.17533e+07,9.17052e+07,4578,0,0,0,1,2,0,2948,1551,79
331.052,0,20551680,windows,0,5675,5541.25,38,0,0,0,0,0,0,27,10,1
331.245,1,20923392,repair,2,6.69168e+07,6.6878e+07,3931,0,1,0,1,0,0,2580,1295,56
331.303,0,20566016,windows,0,5675,5541.25,38,0,0,0,0,0,0,27,10,1
331.505,1,20940800,repair,1,5.72667e+07,5.72544e+07,3670,0,0,0,1,0,0,2461,1160,49
331.556,0,20581376,windows,0,5675,5541.25,38,0,0,0,0,0,0,27,10,1
331.76,1,20957184,windows,0,4.99535e+07,4.99422e+07,3409,0,0,0,0,0,0,2261,1103,45
331.811,0,20597760,windows,0,5675,5541.25,38,0,0,0,0,0,0,27,10,1
332.021,1,20973568,windows,0,3.94532e+07,3.94532e+07,3028,0,0,0,0,0,0,2008,981,39
332.076,0,20612096,windows,0,5675,5541.25,38,0,0,0,0,0,0,27,10,1
332.276,1,20987904,windows,0,3.26198e+07,3.26198e+07,2786,0,0,0,0,0,0,1901,852,33
332.328,0,20626432,windows,0,5675,5541.25,38,0,0,0,0,0,0,27,10,1
332.539,1,21003264,windows,0,2.75763e+07,2.75755e+07,2571,0,0,0,0,0,0,1777,767,27
332.591,0,20641792,windows,0,5675,5541.25,38,0,0,0,0,0,0,27,10,1
332.797,1,21019648,windows,0,2.33449e+07,2.33371e+07,2330,0,0,0,0,0,0,1554,750,26
332.842,0,20656128,windows,0,5675,5541.25,38,0,0,0,0,0,0,27,10,1
333.057,1,21036032,windows,0,1.86747e+07,1.86618e+07,2104,0,0,0,0,0,0,1440,644,20
333.107,0,20671488,windows,0,5675,5541.25,38,0,0,0,0,0,0,27,10,1
333.317,1,21052416,windows,0,1.51729e+07,1.51729e+07,1909,0,0,0,0,0,0,1303,577,29
333.366,0,20685824,windows,0,5675,5541.25,38,0,0,0,0,0,0,27,10,1
333.583,1,21069824,windows,0,1.26781e+07,1.26721e+07,1745,0,0,0,0,0,0,1203,521,21
333.617,0,20700160,windows,0,5675,5541.25,38,0,0,0,0,0,0,27,10,1
333.84,1,21087232,windows,0,1.07694e+07,1.07688e+07,1628,0,0,0,0,0,0,1155,452,21
333.872,0,20714496,windows,0,5675,5541.25,38,0,0,0,0,0,0,27,10,1
334.099,1,21103616,windows,0,8.82696e+06,8.82179e+06,1469,0,0,0,0,0,0,1035,416,18
334.129,0,20728832,windows,0,5645,5450,37,0,0,0,0,0,0,27,10,0
334.353,1,21120000,windows,0,7.02253e+06,7.01469e+06,1317,0,0,0,0,0,0,934,364,19
334.384,0,20743168,windows,0,5645,5450,37,0,0,0,0,0,0,27,10,0
334.609,1,21136384,windows,0,5.8732e+06,5.87261e+06,1200,0,0,0,0,0,0,836,344,20
334.639,0,20756480,windows,0,5000,4696.25,35,0,0,0,0,0,0,26,9,0
334.864,1,21152768,windows,0,4.9209e+06,4.91017e+06,1108,0,0,0,0,0,0,777,307,24
334.903,0,20770816,windows,0,4745,4745,34,0,0,0,0,0,0,25,9,0
335.128,1,21169152,windows,0,4.0975e+06,4.08787e+06,1018,0,0,0,0,0,0,729,267,22
335.168,0,20785152,windows,0,4405,4281.25,33,0,0,0,0,0,0,25,8,0
335.387,1,21184512,windows,0,3.31648e+06,3.31648e+06,910,0,0,0,0,0,0,651,244,15
335.419,0,20799488,windows,0,4405,4281.25,33,0,0,0,0,0,0,25,8,0
335.648,1,21200896,windows,0,2.74282e+06,2.73983e+06,828,0,0,0,0,0,0,598,218,12
335.682,0,20813824,windows,0,4405,4281.25,33,0,0,0,0,0,0,25,8,0
335.905,1,21217280,windows,0,2.30276e+06,2.2983e+06,749,0,0,0,0,0,0,510,223,16
335.939,0,20828160,windows,0,4405,4281.25,33,0,0,0,0,0,0,25,8,0
336.162,1,21234688,windows,0,1.90196e+06,1.89514e+06,686,0,0,0,0,0,0,471,198,17
336.19,0,20842496,windows,0,4160,4041.25,32,0,0,0,0,0,0,24,8,0
336.418,1,21250048,windows,0,1.4884e+06,1.48592e+06,606,0,0,0,0,0,0,419,174,13
336.445,0,20855808,windows,0,4160,4041.25,32,0,0,0,0,0,0,24,8,0
336.68,1,21266432,windows,0,1.22214e+06,1.21876e+06,556,0,0,0,0,0,0,393,149,14
336.699,0,20869120,windows,0,4160,4041.25,32,0,0,0,0,0,0,24,8,0
336.937,1,21281792,windows,0,1.01581e+06,1.01543e+06,507,0,0,0,0,0,0,358,136,13
336.964,0,20883456,windows,0,4160,4041.25,32,0,0,0,0,0,0,24,8,0
337.192,1,21298176,windows,0,881800,877586,470,0,0,0,0,0,0,332,128,10
337.235,0,20897792,windows,0,4160,4041.25,32,0,0,0,0,0,0,24,8,0
337.45,1,21313536,windows,0,680060,679768,411,0,0,0,0,0,0,284,117,10
337.486,0,20911104,windows,0,3925,3770,31,0,0,0,0,0,0,23,8,0
337.716,1,21329920,windows,0,543765,541558,373,0,0,0,0,0,0,267,96,10
337.743,0,20924416,windows,0,3925,3770,31,0,0,0,0,0,0,23,8,0
337.975,1,21345280,windows,0,469945,466774,348,0,0,0,0,0,0,257,83,8
338.003,0,20938752,windows,0,3925,3770,31,0,0,0,0,0,0,23,8,0
338.235,1,21360640,windows,0,403700,402105,322,0,0,0,0,0,0,234,80,8
338.264,0,20952064,windows,0,3925,3770,31,0,0,0,0,0,0,23,8,0
338.488,1,21376000,windows,0,333730,332275,294,0,0,0,0,0,0,212,73,9
338.527,0,20967424,windows,0,3625,3490,30,0,0,0,0,0,0,23,7,0
338.751,1,21392384,windows,0,238310,238048,248,0,0,0,0,0,0,174,65,9
338.788,0,20981760,windows,0,3400,3291.25,29,0,0,0,0,0,0,22,7,0
339.014,1,21408768,windows,0,198545,197218,228,0,0,0,0,0,0,165,55,8
339.042,0,20996096,windows,0,3185,3185,28,0,0,0,0,0,0,21,7,0
339.266,1,21424128,windows,0,165815,163934,207,0,0,0,0,0,0,153,49,5
339.309,0,21010432,windows,0,2925,2925,27,0,0,0,0,0,0,21,6,0
339.516,1,21439488,windows,0,141715,141715,192,0,0,0,0,0,0,143,44,5
339.576,0,21025792,windows,0,2925,2925,27,0,0,0,0,0,0,21,6,0
339.766,1,21453824,windows,0,107350,107208,166,0,0,0,0,0,0,118,43,5
339.843,0,21040128,windows,0,2925,2925,27,0,0,0,0,0,0,21,6,0
340.03,1,21469184,windows,0,88930,87463.8,151,0,0,0,0,0,0,106,40,5
340.102,0,21053440,windows,0,2925,2925,27,0,0,0,0,0,0,21,6,0
340.295,1,21484544,windows,0,76355,76212.5,142,0,0,0,0,0,0,105,32,5
340.365,0,21066752,windows,0,2925,2925,27,0,0,0,0,0,0,21,6,0
340.545,1,21499904,windows,0,72745,72118.8,138,0,0,0,0,0,0,103,31,4
340.626,0,21082112,windows,0,2925,2925,27,0,0,0,0,0,0,21,6,0
340.801,1,21516288,windows,0,69140,68508.8,135,0,0,0,0,0,0,104,27,4
340.876,0,21098496,windows,0,100,100,5,0,0,0,0,0,0,4,1,0
341.052,1,21531648,windows,0,50480,49373.8,114,0,0,0,0,0,0,80,30,4
341.141,0,21116928,windows,0,100,100,5,0,0,0,0,0,0,4,1,0
341.314,1,21548032,windows,0,45125,44417.5,107,0,0,0,0,0,0,73,30,4
341.402,0,21134336,windows,0,100,100,5,0,0,0,0,0,0,4,1,0
341.575,1,21563392,windows,0,40420,40307.5,101,0,0,0,0,0,0,68,29,4
341.661,0,21149696,windows,0,100,100,5,0,0,0,0,0,0,4,1,0
341.835,1,21579776,windows,0,35890,35468.8,96,0,0,0,0,0,0,68,25,3
341.924,0,21168128,windows,0,100,100,5,0,0,0,0,0,0,4,1,0
342.1,1,21598208,windows,0,27950,27950,85,0,0,0,0,0,0,60,22,3
342.183,0,21186560,windows,0,100,100,5,0,0,0,0,0,0,4,1,0
342.354,1,21613568,windows,0,23995,23912.5,78,0,0,0,0,0,0,53,22,3
342.446,0,21204992,windows,0,100,100,5,0,0,0,0,0,0,4,1,0
342.607,1,21628928,windows,0,21805,21073.8,73,0,0,0,0,0,0,49,22,2
342.703,0,21222400,windows,0,100,100,5,0,0,0,0,0,0,4,1,0
342.861,1,21643264,windows,0,20845,20357.5,71,0,0,0,0,0,0,47,22,2
342.966,0,21240832,windows,0,100,100,5,0,0,0,0,0,0,4,1,0
343.126,1,21659648,windows,0,20845,20357.5,71,0,0,0,0,0,0,47,22,2
343.216,0,21259264,windows,0,100,100,5,0,0,0,0,0,0,4,1,0
343.377,1,21677056,windows,0,18245,17968.8,67,0,0,0,0,0,0,45,20,2
343.48,0,21278720,windows,0,100,100,5,0,0,0,0,0,0,4,1,0
343.644,1,21694464,windows,0,17020,16748.8,65,0,0,0,0,0,0,44,19,2
343.733,0,21297152,windows,0,100,100,5,0,0,0,0,0,0,4,1,0
343.906,1,21710848,windows,0,16940,16283.8,64,0,0,0,0,0,0,42,20,2
343.992,0,21313536,windows,0,100,100,5,0,0,0,0,0,0,4,1,0
344.157,1,21725184,windows,0,16585,15943.8,64,0,0,0,0,0,0,43,19,2
344.258,0,21329920,windows,0,100,100,5,0,0,0,0,0,0,4,1,0
344.42,1,21741568,windows,0,15340,14713.8,61,0,0,0,0,0,0,40,19,2
344.518,0,21347328,windows,0,100,100,5,0,0,0,0,0,0,4,1,0
344.677,1,21755904,windows,0,15340,14713.8,61,0,0,0,0,0,0,40,19,2
344.768,0,21362688,windows,0,100,100,5,0,0,0,0,0,0,4,1,0
344.93,1,21769216,windows,0,15005,14393.8,61,0,0,0,0,0,0,41,18,2
345.019,0,21378048,windows,0,100,100,5,0,0,0,0,0,0,4,1,0
345.183,1,21783552,windows,0,14205,13797.5,59,0,0,0,0,0,0,39,18,2
345.285,0,21395456,windows,0,100,100,5,0,0,0,0,0,0,4,1,0
345.434,1,21796864,windows,0,13120,12878.8,57,0,0,0,0,0,0,38,17,2
345.539,0,21411840,windows,0,100,100,5,0,0,0,0,0,0,4,1,0
345.695,1,21810176,windows,0,13120,12878.8,57,0,0,0,0,0,0,38,17,2
345.8,0,21427200,windows,0,100,100,5,0,0,0,0,0,0,4,1,0
345.955,1,21823488,windows,0,12025,11637.5,54,0,0,0,0,0,0,35,17,2
346.062,0,21444608,windows,0,100,100,5,0,0,0,0,0,0,4,1,0
346.222,1,21837824,windows,0,11680,11292.5,53,0,0,0,0,0,0,34,17,2
346.319,0,21459968,windows,0,100,100,5,0,0,0,0,0,0,4,1,0
346.495,1,21852160,windows,0,11020,10652.5,52,0,0,0,0,0,0,34,16,2
346.574,0,21475328,windows,0,100,100,5,0,0,0,0,0,0,4,1,0
346.747,1,21865472,windows,0,11020,10652.5,52,0,0,0,0,0,0,34,16,2
346.826,0,21490688,windows,0,100,100,5,0,0,0,0,0,0,4,1,0
347.006,1,21879808,windows,0,10685,10317.5,51,0,0,0,0,0,0,33,16,2
347.091,0,21507072,windows,0,100,100,5,0,0,0,0,0,0,4,1,0
347.265,1,21894144,windows,0,10685,10317.5,51,0,0,0,0,0,0,33,16,2
347.348,0,21524480,windows,0,100,100,5,0,0,0,0,0,0,4,1,0
347.528,1,21908480,windows,0,10065,9717.5,50,0,0,0,0,0,0,33,15,2
347.611,0,21541888,windows,0,100,100,5,0,0,0,0,0,0,4,1,0
347.793,1,21922816,windows,0,10065,9717.5,50,0,0,0,0,0,0,33,15,2
347.866,0,21557248,windows,0,100,100,5,0,0,0,0,0,0,4,1,0
348.058,1,21938176,windows,0,9740,9392.5,49,0,0,0,0,0,0,32,15,2
348.119,0,21574656,windows,0,100,100,5,0,0,0,0,0,0,4,1,0
348.31,1,21950464,windows,0,9740,9392.5,49,0,0,0,0,0,0,32,15,2
348.371,0,21592064,windows,0,100,100,5,0,0,0,0,0,0,4,1,0
348.568,1,21963776,windows,0,9160,9107.5,48,0,0,0,0,0,0,32,14,2
348.623,0,21608448,windows,0,100,100,5,0,0,0,0,0,0,4,1,0
348.828,1,21977088,windows,0,9160,9107.5,48,0,0,0,0,0,0,32,14,2
348.881,0,21623808,repair,0,100,100,5,0,0,0,0,0,0,4,1,0
349.083,1,21990400,windows,0,9160,9107.5,48,0,0,0,0,0,0,32,14,2
349.134,0,21638144,windows,0,100,100,5,0,0,0,0,0,0,4,1,0
349.344,1,22004736,windows,0,9160,9107.5,48,0,0,0,0,0,0,32,14,2
349.385,0,21654528,windows,0,100,100,5,0,0,0,0,0,0,4,1,0
349.605,1,22019072,windows,0,9160,9107.5,48,0,0,0,0,0,0,32,14,2
349.646,0,21669888,windows,0,100,100,5,0,0,0,0,0,0,4,1,0
349.865,1,22034432,windows,0,9160,9107.5,48,0,0,0,0,0,0,32,14,2
349.906,0,21684224,windows,0,100,100,5,0,0,0,0,0,0,4,1,0
350.131,1,22050816,windows,0,9160,9107.5,48,0,0,0,0,0,0,32,14,2
350.165,0,21698560,windows,0,100,100,5,0,0,0,0,0,0,4,1,0
350.392,1,22069248,windows,0,100,100,5,0,0,0,0,0,0,4,1,0
350.422,0,21712896,windows,0,100,100,5,0,0,0,0,0,0,4,1,0
350.655,1,22088704,windows,0,100,100,5,0,0,0,0,0,0,4,1,0
350.674,0,21727232,windows,0,100,100,5,0,0,0,0,0,0,4,1,0
350.917,1,22108160,windows,0,100,100,5,0,0,0,0,0,0,4,1,0
350.926,0,21741568,windows,0,100,100,5,0,0,0,0,0,0,4,1,0
351.181,1,22126592,windows,0,100,100,5,0,0,0,0,0,0,4,1,0
351.193,0,21755904,windows,0,100,100,5,0,0,0,0,0,0,4,1,0
351.448,1,22145024,windows,0,100,100,5,0,0,0,0,0,0,4,1,0
351.461,0,21770240,windows,0,100,100,5,0,0,0,0,0,0,4,1,0
351.702,1,22161408,windows,0,100,100,5,0,0,0,0,0,0,4,1,0
351.717,0,21784576,windows,0,100,100,5,0,0,0,0,0,0,4,1,0
351.96,1,22178816,windows,0,100,100,5,0,0,0,0,0,0,4,1,0
351.97,0,21798912,windows,0,100,100,5,0,0,0,0,0,0,4,1,0
352.213,1,22196224,windows,0,100,100,5,0,0,0,0,0,0,4,1,0
352.232,0,21813248,windows,0,100,100,5,0,0,0,0,0,0,4,1,0
352.467,1,22213632,windows,0,100,100,5,0,0,0,0,0,0,4,1,0
352.495,0,21828608,windows,0,100,100,5,0,0,0,0,0,0,4,1,0
352.73,1,22231040,windows,0,100,100,5,0,0,0,0,0,0,4,1,0
352.754,0,21842944,windows,0,100,100,5,0,0,0,0,0,0,4,1,0
352.985,1,22247424,windows,0,100,100,5,0,0,0,0,0,0,4,1,0
353.009,0,21857280,windows,0,100,100,5,0,0,0,0,0,0,4,1,0
353.237,1,22263808,windows,0,100,100,5,0,0,0,0,0,0,4,1,0
353.267,0,21871616,windows,0,100,100,5,0,0,0,0,0,0,4,1,0
353.491,1,22281216,windows,0,100,100,5,0,0,0,0,0,0,4,1,0
353.519,0,21884928,repair,0,100,100,5,0,0,0,0,0,0,4,1,0
353.755,1,22299648,windows,0,100,100,5,0,0,0,0,0,0,4,1,0
353.78,0,21900288,repair,0,100,100,5,0,0,0,0,0,0,4,1,0
354.007,1,22317056,windows,0,100,100,5,0,0,0,0,0,0,4,1,0
354.036,0,21915648,windows,0,100,100,5,0,0,0,0,0,0,4,1,0
354.271,1,22336512,windows,0,100,100,5,0,0,0,0,0,0,4,1,0
354.292,0,21929984,windows,0,100,100,5,0,0,0,0,0,0,4,1,0
354.525,1,22354944,windows,0,100,100,5,0,0,0,0,0,0,4,1,0
354.544,0,21944320,windows,0,100,100,5,0,0,0,0,0,0,4,1,0
354.786,1,22374400,windows,0,100,100,5,0,0,0,0,0,0,4,1,0
354.794,0,21959680,windows,0,100,100,5,0,0,0,0,0,0,4,1,0
355.044,1,22394880,windows,0,100,100,5,0,0,0,0,0,0,4,1,0
355.059,0,21976064,windows,0,100,100,5,0,0,0,0,0,0,4,1,0
355.305,1,22415360,windows,0,100,100,5,0,0,0,0,0,0,4,1,0
355.314,0,21991424,windows,0,100,100,5,0,0,0,0,0,0,4,1,0
355.565,0,22006784,windows,0,100,100,5,0,0,0,0,0,0,4,1,0
355.567,1,22434816,windows,0,100,100,5,0,0,0,0,0,0,4,1,0
355.819,1,22451200,windows,0,100,100,5,0,0,0,0,0,0,4,1,0
355.82,0,22022144,windows,0,100,100,5,0,0,0,0,0,0,4,1,0
356.072,0,22037504,windows,0,100,100,5,0,0,0,0,0,0,4,1,0
356.079,1,22467584,windows,0,100,100,5,0,0,0,0,0,0,4,1,0
356.328,0,22052864,windows,0,100,100,5,0,0,0,0,0,0,4,1,0
356.34,1,22483968,windows,0,100,100,5,0,0,0,0,0,0,4,1,0
356.58,0,22067200,windows,0,100,100,5,0,0,0,0,0,0,4,1,0
356.595,1,22501376,windows,0,100,100,5,0,0,0,0,0,0,4,1,0
356.842,0,22081536,windows,0,100,100,5,0,0,0,0,0,0,4,1,0
356.856,1,22518784,windows,0,100,100,5,0,0,0,0,0,0,4,1,0
357.094,0,22095872,windows,0,100,100,5,0,0,0,0,0,0,4,1,0
357.127,1,22536192,windows,0,100,100,5,0,0,0,0,0,0,4,1,0
357.358,0,22112256,windows,0,100,100,5,0,0,0,0,0,0,4,1,0
357.387,1,22552576,windows,0,100,100,5,0,0,0,0,0,0,4,1,0
357.618,0,22128640,windows,0,100,100,5,0,0,0,0,0,0,4,1,0
357.646,1,22568960,windows,0,100,100,5,0,0,0,0,0,0,4,1,0
357.872,0,22144000,windows,0,100,100,5,0,0,0,0,0,0,4,1,0
357.897,1,22585344,windows,0,100,100,5,0,0,0,0,0,0,4,1,0
358.131,0,22159360,windows,0,100,100,5,0,0,0,0,0,0,4,1,0
358.159,1,22602752,windows,0,100,100,5,0,0,0,0,0,0,4,1,0
358.393,0,22175744,windows,0,100,100,5,0,0,0,0,0,0,4,1,0
358.419,1,22617088,windows,0,100,100,5,0,0,0,0,0,0,4,1,0
358.647,0,22192128,windows,0,100,100,5,0,0,0,0,0,0,4,1,0
358.681,1,22636544,windows,0,100,100,5,0,0,0,0,0,0,4,1,0
358.908,0,22209536,windows,0,100,100,5,0,0,0,0,0,0,4,1,0
358.94,1,22654976,windows,0,100,100,5,0,0,0,0,0,0,4,1,0
359.158,0,22224896,windows,0,100,100,5,0,0,0,0,0,0,4,1,0
359.191,1,22672384,windows,0,100,100,5,0,0,0,0,0,0,4,1,0
359.413,0,22240256,windows,0,100,100,5,0,0,0,0,0,0,4,1,0
359.453,1,22686720,windows,0,100,100,5,0,0,0,0,0,0,4,1,0
359.668,0,22253568,windows,0,100,100,5,0,0,0,0,0,0,4,1,0
359.71,1,22703104,windows,0,100,100,5,0,0,0,0,0,0,4,1,0
359.926,0,22273024,windows,0,100,100,5,0,0,0,0,0,0,4,1,0
359.965,1,22720512,windows,0,100,100,5,0,0,0,0,0,0,4,1,0
360.184,0,22292480,windows,0,100,100,5,0,0,0,0,0,0,4,1,0
360.227,1,22737920,windows,0,100,100,5,0,0,0,0,0,0,4,1,0
360.438,0,22306816,repair,841,2.29919e+08,2.29846e+08,6488,62,173,153,296,157,0,3558,2738,192
360.492,1,22754304,repair,0,100,100,5,0,0,0,0,0,0,4,1,0
360.698,0,22326272,repair,658,2.44131e+08,2.44111e+08,6887,47,141,99,219,152,0,3943,2791,153
360.758,1,22770688,repair,0,100,100,5,0,0,0,0,0,0,4,1,0
360.958,0,22345728,repair,515,2.70441e+08,2.70441e+08,7276,30,107,79,186,113,0,4128,2985,163
361.019,1,22787072,windows,0,100,100,5,0,0,0,0,0,0,4,1,0
361.212,0,22364160,repair,430,2.48906e+08,2.48829e+08,6991,39,80,70,172,69,0,3946,2880,165
361.284,1,22802432,windows,0,100,100,5,0,0,0,0,0,0,4,1,0
361.469,0,22381568,repair,347,2.16762e+08,2.16743e+08,6559,21,56,56,133,81,0,3766,2669,124
361.545,1,22816768,windows,0,100,100,5,0,0,0,0,0,0,4,1,0
361.728,0,22400000,repair,287,1.85462e+08,1.85458e+08,6158,20,54,45,107,61,0,3605,2430,123
361.806,1,22831104,windows,0,100,100,5,0,0,0,0,0,0,4,1,0
361.99,0,22418432,repair,229,1.77046e+08,1.77046e+08,6112,11,34,36,101,47,0,3689,2316,107
362.064,1,22844416,windows,0,100,100,5,0,0,0,0,0,0,4,1,0
362.251,0,22436864,repair,160,1.74645e+08,1.74641e+08,5991,9,23,31,54,43,0,3507,2368,116
362.323,1,22858752,windows,0,100,100,5,0,0,0,0,0,0,4,1,0
362.505,0,22455296,repair,128,1.48293e+08,1.48234e+08,5609,7,23,22,47,29,0,3374,2129,106
362.577,1,22872064,windows,0,100,100,5,0,0,0,0,0,0,4,1,0
362.757,0,22473728,repair,88,1.41027e+08,1.4101e+08,5456,4,8,16,41,19,0,3285,2081,90
362.843,1,22886400,windows,0,100,100,5,0,0,0,0,0,0,4,1,0
363.01,0,22491136,repair,57,1.37286e+08,1.37228e+08,5354,2,6,13,22,14,0,3192,2074,88
363.097,1,22899712,windows,0,100,100,5,0,0,0,0,0,0,4,1,0
363.261,0,22509568,repair,37,1.13181e+08,1.13181e+08,4959,0,8,2,23,4,0,3055,1820,84
363.35,1,22914048,windows,0,100,100,5,0,0,0,0,0,0,4,1,0
363.521,0,22528000,repair,23,9.78317e+07,9.78295e+07,4683,0,4,3,9,7,0,2975,1634,74
363.605,1,22929408,windows,0,100,100,5,0,0,0,0,0,0,4,1,0
363.777,0,22546432,repair,15,8.34545e+07,8.34522e+07,4324,1,2,1,8,3,0,2734,1515,75
363.871,1,22945792,windows,0,100,100,5,0,0,0,0,0,0,4,1,0
364.033,0,22564864,repair,1,7.8351e+07,7.83356e+07,4205,0,1,0,0,0,0,2685,1452,68
364.133,1,22962176,windows,0,100,100,5,0,0,0,0,0,0,4,1,0
364.288,0,22580224,windows,0,6.32413e+07,6.32017e+07,3821,0,0,0,0,0,0,2495,1265,61
364.392,1,22975488,windows,0,100,100,5,0,0,0,0,0,0,4,1,0
364.546,0,22595584,windows,0,5.12722e+07,5.12706e+07,3491,0,0,0,0,0,0,2355,1083,53
364.645,1,22991872,windows,0,100,100,5,0,0,0,0,0,0,4,1,0
364.798,0,22610944,windows,0,4.24182e+07,4.24076e+07,3164,0,0,0,0,0,0,2126,994,44
364.91,1,23009280,windows,0,100,100,5,0,0,0,0,0,0,4,1,0
365.067,0,22626304,windows,0,3.42097e+07,3.41907e+07,2845,0,0,0,0,0,0,1916,889,40
365.172,1,23026688,windows,0,100,100,5,0,0,0,0,0,0,4,1,0
365.317,0,22640640,windows,0,2.78855e+07,2.78681e+07,2562,0,0,0,0,0,0,1710,813,39
365.427,1,23041024,windows,0,100,100,5,0,0,0,0,0,0,4,1,0
365.576,0,22656000,windows,0,2.35073e+07,2.34984e+07,2352,0,0,0,0,0,0,1571,746,35
365.684,1,23058432,windows,0,100,100,5,0,0,0,0,0,0,4,1,0
365.837,0,22671360,windows,0,1.99384e+07,1.99384e+07,2191,0,0,0,0,0,0,1518,648,25
365.947,1,23076864,windows,0,100,100,5,0,0,0,0,0,0,4,1,0
366.092,0,22685696,windows,0,1.7126e+07,1.71252e+07,2033,0,0,0,0,0,0,1404,602,27
366.207,1,23094272,windows,0,100,100,5,0,0,0,0,0,0,4,1,0
366.347,0,22701056,windows,0,1.37031e+07,1.37031e+07,1805,0,0,0,0,0,0,1225,556,24
366.463,1,23110656,windows,0,100,100,5,0,0,0,0,0,0,4,1,0
366.6,0,22716416,windows,0,1.1468e+07,1.14579e+07,1654,0,0,0,0,0,0,1131,503,20
366.727,1,23128064,windows,0,100,100,5,0,0,0,0,0,0,4,1,0
366.864,0,22731776,windows,0,9.73151e+06,9.7256e+06,1536,0,0,0,0,0,0,1070,447,19
366.979,1,23146496,windows,0,100,100,5,0,0,0,0,0,0,4,1,0
367.116,0,22747136,windows,0,8.48101e+06,8.4678e+06,1438,0,0,0,0,0,0,1016,407,15
367.235,1,23162880,windows,0,100,100,5,0,0,0,0,0,0,4,1,0
367.375,0,22762496,windows,0,7.02692e+06,7.02657e+06,1295,0,0,0,0,0,0,894,389,12
367.488,1,23179264,windows,0,100,100,5,0,0,0,0,0,0,4,1,0
367.625,0,22777856,windows,0,5.86466e+06,5.85824e+06,1201,0,0,0,0,0,0,872,321,8
367.741,1,23193600,windows,0,100,100,5,0,0,0,0,0,0,4,1,0
367.886,0,22794240,windows,0,4.99397e+06,4.99397e+06,1115,0,0,0,0,0,0,822,284,9
367.992,1,23209984,windows,0,100,100,5,0,0,0,0,0,0,4,1,0
368.142,0,22810624,windows,0,4.2261e+06,4.22205e+06,1023,0,0,0,0,0,0,733,277,13
368.254,1,23227392,windows,0,100,100,5,0,0,0,0,0,0,4,1,0
368.399,0,22825984,windows,0,3.55855e+06,3.55474e+06,944,0,0,0,0,0,0,686,245,13
368.508,1,23243776,windows,0,100,100,5,0,0,0,0,0,0,4,1,0
368.663,0,22841344,windows,0,2.82485e+06,2.82485e+06,827,0,0,0,0,0,0,578,240,9
368.765,1,23260160,windows,0,100,100,5,0,0,0,0,0,0,4,1,0
368.927,0,22857728,windows,0,2.34668e+06,2.34645e+06,761,0,0,0,0,0,0,547,206,8
369.027,1,23277568,windows,0,100,100,5,0,0,0,0,0,0,4,1,0
369.187,0,22874112,windows,0,1.96451e+06,1.96451e+06,693,0,0,0,0,0,0,492,194,7
369.282,1,23293952,windows,0,100,100,5,0,0,0,0,0,0,4,1,0
369.445,0,22890496,windows,0,1.63757e+06,1.6351e+06,635,0,0,0,0,0,0,454,174,7
369.546,1,23311360,windows,0,100,100,5,0,0,0,0,0,0,4,1,0
369.707,0,22906880,windows,0,1.20318e+06,1.20001e+06,540,0,0,0,0,0,0,373,159,8
369.81,1,23328768,windows,0,100,100,5,0,0,0,0,0,0,4,1,0
369.973,0,22923264,windows,0,955325,953601,485,0,0,0,0,0,0,345,134,6
370.064,1,23345152,windows,0,100,100,5,0,0,0,0,0,0,4,1,0
370.235,0,22939648,windows,0,812860,810365,447,0,0,0,0,0,0,316,125,6
370.315,1,23362560,windows,0,100,100,5,0,0,0,0,0,0,4,1,0
370.496,0,22956032,windows,0,682180,680721,409,0,0,0,0,0,0,292,113,4
370.575,1,23380992,windows,0,100,100,5,0,0,0,0,0,0,4,1,0
370.754,0,22972416,windows,0,513855,510614,357,0,0,0,0,0,0,261,93,3
370.828,1,23395328,repair,788,2.51904e+08,2.51828e+08,6874,34,153,158,284,159,0,3830,2859,185
371.006,0,22987776,windows,0,400840,397764,307,0,0,0,0,0,0,206,97,4
371.081,1,23416832,repair,602,2.63901e+08,2.63816e+08,7165,37,140,97,215,113,0,4053,2937,175
371.269,0,23004160,windows,0,336405,335259,289,0,0,0,0,0,0,207,78,4
371.343,1,23438336,repair,483,2.39775e+08,2.39699e+08,6904,35,77,80,188,103,0,3991,2775,138
371.531,0,23020544,windows,0,290350,287894,269,0,0,0,0,0,0,196,70,3
371.594,1,23458816,repair,382,2.15911e+08,2.15853e+08,6552,31,82,49,139,81,0,3737,2664,151
371.797,0,23036928,windows,0,231175,231032,237,0,0,0,0,0,0,161,71,5
371.856,1,23479296,repair,315,1.83935e+08,1.83935e+08,6156,23,61,51,111,69,0,3652,2394,110
372.049,0,23052288,windows,0,175225,174501,208,0,0,0,0,0,0,145,59,4
372.12,1,23499776,repair,245,1.8695e+08,1.86928e+08,6161,11,36,45,104,49,0,3563,2464,134
372.301,0,23066624,windows,0,148675,148532,194,0,0,0,0,0,0,137,52,5
372.382,1,23519232,repair,173,1.84463e+08,1.84445e+08,6197,16,27,29,66,35,0,3662,2411,124
372.555,0,23081984,windows,0,116265,116265,170,0,0,0,0,0,0,123,45,2
372.649,1,23539712,repair,138,1.58347e+08,1.58347e+08,5832,3,23,17,60,35,0,3561,2169,102
372.814,0,23098368,windows,0,102830,101334,161,0,0,0,0,0,0,116,42,3
372.909,1,23559168,repair,100,1.37717e+08,1.37677e+08,5466,6,18,15,43,18,0,3355,2011,100
373.07,0,23115776,windows,0,69265,69152.5,132,0,0,0,0,0,0,91,37,4
373.164,1,23577600,repair,60,1.3177e+08,1.3173e+08,5321,3,15,8,20,14,0,3236,1988,97
373.323,0,23133184,windows,0,60980,59773.8,125,0,0,0,0,0,0,88,33,4
373.414,1,23597056,repair,40,1.10946e+08,1.10893e+08,4909,1,6,9,16,8,0,3028,1801,80
373.581,0,23151616,windows,0,55240,55187.5,116,0,0,0,0,0,0,80,34,2
373.667,1,23616512,repair,23,9.62438e+07,9.62269e+07,4605,3,4,1,12,3,0,2860,1660,85
373.841,0,23169024,windows,0,51365,50316.2,111,0,0,0,0,0,0,75,34,2
373.922,1,23635968,repair,13,8.52081e+07,8.51619e+07,4424,1,2,0,9,1,0,2865,1483,76
374.098,0,23185408,windows,0,41240,40645,100,0,0,0,0,0,0,68,30,2
374.186,1,23655424,repair,5,7.17086e+07,7.1707e+07,4060,0,0,3,2,0,0,2656,1348,56
374.357,0,23201792,windows,0,36120,35525,92,0,0,0,0,0,0,60,30,2
374.436,1,23673856,repair,2,6.20073e+07,6.20073e+07,3771,0,0,0,1,1,0,2454,1261,56
374.613,0,23220224,windows,0,33185,32610,88,0,0,0,0,0,0,57,29,2
374.694,1,23693312,repair,2,5.10776e+07,5.10776e+07,3447,0,0,0,1,1,0,2268,1124,55
374.865,0,23237632,windows,0,31520,30945,85,0,0,0,0,0,0,54,29,2
374.951,1,23712768,repair,0,4.36844e+07,4.36831e+07,3192,0,0,0,0,0,0,2121,1028,43
375.119,0,23255040,windows,0,28745,27893.8,82,0,0,0,0,0,0,53,27,2
375.205,1,23735296,windows,0,3.4788e+07,3.47692e+07,2878,0,0,0,0,0,0,1959,882,37
375.378,0,23272448,windows,0,22300,22247.5,74,0,0,0,0,0,0,50,22,2
375.458,1,23752704,windows,0,2.77844e+07,2.77692e+07,2600,0,0,0,0,0,0,1799,760,41
375.649,0,23288832,windows,0,21320,21267.5,72,0,0,0,0,0,0,48,22,2
375.713,1,23770112,windows,0,2.27092e+07,2.27001e+07,2341,0,0,0,0,0,0,1608,698,35
375.901,0,23305216,windows,0,20120,19808.8,72,0,0,0,0,0,0,52,18,2
375.967,1,23787520,windows,0,1.9113e+07,1.90922e+07,2151,0,0,0,0,0,0,1497,628,26
376.156,0,23321600,windows,0,19840,19787.5,71,0,0,0,0,0,0,50,19,2
376.231,1,23803904,windows,0,1.58248e+07,1.58181e+07,1938,0,0,0,0,0,0,1327,592,19
376.417,0,23337984,windows,0,17800,17133.8,66,0,0,0,0,0,0,44,20,2
376.498,1,23821312,windows,0,1.31396e+07,1.31292e+07,1787,0,0,0,0,0,0,1242,520,25
376.678,0,23354368,windows,0,16120,16067.5,62,0,0,0,0,0,0,40,20,2
376.754,1,23838720,windows,0,1.09246e+07,1.09246e+07,1635,0,0,0,0,0,0,1151,463,21
376.941,0,23370752,windows,0,15725,15083.8,61,0,0,0,0,0,0,39,20,2
377.009,1,23855104,windows,0,9.37156e+06,9.35741e+06,1496,0,0,0,0,0,0,1031,450,15
377.198,0,23388160,windows,0,15340,14703.8,60,0,0,0,0,0,0,38,20,2
377.269,1,23871488,windows,0,7.67747e+06,7.67679e+06,1369,0,0,0,0,0,0,948,398,23
377.454,0,23404544,windows,0,13820,13578.8,58,0,0,0,0,0,0,38,18,2
377.522,1,23887872,windows,0,6.34496e+06,6.34431e+06,1259,0,0,0,0,0,0,898,339,22
377.708,0,23420928,windows,0,12655,12297.5,55,0,0,0,0,0,0,37,17,1
377.787,1,23905280,windows,0,5.18222e+06,5.1783e+06,1130,0,0,0,0,0,0,785,323,22
377.963,0,23437312,windows,0,12655,12297.5,55,0,0,0,0,0,0,37,17,1
378.044,1,23922688,windows,0,4.37128e+06,4.37128e+06,1048,0,0,0,0,0,0,747,280,21
378.22,0,23452672,windows,0,11935,11912.5,53,0,0,0,0,0,0,35,17,1
378.3,1,23939072,windows,0,3.54218e+06,3.54147e+06,928,0,0,0,0,0,0,622,282,24
378.479,0,23470080,windows,0,11935,11912.5,53,0,0,0,0,0,0,35,17,1
378.559,1,23954432,windows,0,2.8662e+06,2.86322e+06,845,0,0,0,0,0,0,597,232,16
378.73,0,23485440,windows,0,11255,11232.5,51,0,0,0,0,0,0,33,17,1
378.822,1,23968768,windows,0,2.41648e+06,2.41377e+06,773,0,0,0,0,0,0,542,217,14
378.982,0,23501824,windows,0,10930,10907.5,50,0,0,0,0,0,0,32,17,1
379.083,1,23983104,windows,0,2.12627e+06,2.11933e+06,723,0,0,0,0,0,0,508,204,11
379.238,0,23519232,windows,0,10930,10907.5,50,0,0,0,0,0,0,32,17,1
379.335,1,23997440,windows,0,1.82204e+06,1.81939e+06,668,0,0,0,0,0,0,465,192,11
379.494,0,23536640,windows,0,10930,10907.5,50,0,0,0,0,0,0,32,17,1
379.587,1,24012800,windows,0,1.44341e+06,1.43765e+06,598,0,0,0,0,0,0,420,167,11
379.758,0,23553024,windows,0,10930,10907.5,50,0,0,0,0,0,0,32,17,1
379.846,1,24026112,windows,0,1.1965e+06,1.19352e+06,547,0,0,0,0,0,0,387,149,11
380.011,0,23569408,windows,0,10930,10907.5,50,0,0,0,0,0,0,32,17,1
380.098,1,24039424,windows,0,1.0075e+06,1.0075e+06,500,0,0,0,0,0,0,350,140,10
380.272,0,23586816,windows,0,10310,9952.5,48,0,0,0,0,0,0,30,17,1
380.36,1,24053760,windows,0,825075,824812,456,0,0,0,0,0,0,327,120,9
380.536,0,23604224,windows,0,10045,9770,49,0,0,0,0,0,0,35,14,0
380.614,1,24068096,windows,0,739070,737511,431,0,0,0,0,0,0,312,112,7
380.79,0,23620608,windows,0,9365,9090,47,0,0,0,0,0,0,33,14,0
380.878,1,24082432,windows,0,556610,554435,368,0,0,0,0,0,0,252,109,7
381.045,0,23636992,windows,0,9365,9090,47,0,0,0,0,0,0,33,14,0
381.131,1,24095744,windows,0,445945,443938,336,0,0,0,0,0,0,239,89,8
381.309,0,23655424,windows,0,9365,9090,47,0,0,0,0,0,0,33,14,0
381.383,1,24112128,windows,0,360485,360252,307,0,0,0,0,0,0,233,66,8
381.567,0,23672832,windows,0,9040,8765,46,0,0,0,0,0,0,32,14,0
381.639,1,24128512,windows,0,306080,305908,281,0,0,0,0,0,0,210,65,6
381.825,0,23690240,windows,0,9040,8765,46,0,0,0,0,0,0,32,14,0
381.898,1,24145920,windows,0,232985,231869,246,0,0,0,0,0,0,177,61,8
382.089,0,23707648,windows,0,8420,8145,44,0,0,0,0,0,0,30,14,0
382.16,1,24163328,windows,0,174685,173911,211,0,0,0,0,0,0,155,52,4
382.341,0,23725056,windows,0,8420,8145,44,0,0,0,0,0,0,30,14,0
382.426,1,24178688,windows,0,142550,140866,190,0,0,0,0,0,0,134,51,5
382.602,0,23742464,windows,0,8420,8145,44,0,0,0,0,0,0,30,14,0
382.69,1,24194048,windows,0,122785,122785,176,0,0,0,0,0,0,125,47,4
382.862,0,23759872,windows,0,8420,8145,44,0,0,0,0,0,0,30,14,0
382.952,1,24208384,windows,0,114590,114590,169,0,0,0,0,0,0,120,46,3
383.127,0,23777280,windows,0,8420,8145,44,0,0,0,0,0,0,30,14,0
383.212,1,24222720,windows,0,84115,83641.2,142,0,0,0,0,0,0,95,44,3
383.39,0,23796736,windows,0,100,100,5,0,0,0,0,0,0,4,1,0
383.473,1,24236032,windows,0,75815,75732.5,137,0,0,0,0,0,0,95,39,3
383.657,0,23817216,windows,0,100,100,5,0,0,0,0,0,0,4,1,0
383.73,1,24249344,windows,0,69435,68888.8,132,0,0,0,0,0,0,93,36,3
383.909,0,23836672,windows,0,100,100,5,0,0,0,0,0,0,4,1,0
383.983,1,24262656,windows,0,62995,62912.5,126,0,0,0,0,0,0,89,34,3
384.169,0,23853056,windows,0,100,100,5,0,0,0,0,0,0,4,1,0
384.25,1,24276992,windows,0,59230,59207.5,121,0,0,0,0,0,0,88,32,1
384.43,0,23874560,windows,0,100,100,5,0,0,0,0,0,0,4,1,0
384.506,1,24291328,windows,0,48895,48872.5,109,0,0,0,0,0,0,77,31,1
384.686,0,23892992,windows,0,100,100,5,0,0,0,0,0,0,4,1,0
384.757,1,24304640,windows,0,39815,39792.5,99,0,0,0,0,0,0,71,27,1
384.946,0,23913472,windows,0,100,100,5,0,0,0,0,0,0,4,1,0
385.014,1,24317952,windows,0,37490,36912.5,95,0,0,0,0,0,0,66,28,1
385.205,0,23933952,windows,0,100,100,5,0,0,0,0,0,0,4,1,0
385.265,1,24333312,windows,0,32620,32620,88,0,0,0,0,0,0,58,28,2
385.465,0,23952384,windows,0,100,100,5,0,0,0,0,0,0,4,1,0
385.536,1,24346624,windows,0,32620,32620,88,0,0,0,0,0,0,58,28,2
385.723,0,23968768,windows,0,100,100,5,0,0,0,0,0,0,4,1,0
385.788,1,24360960,windows,0,30925,30096.2,85,0,0,0,0,0,0,55,28,2
385.981,0,23991296,windows,0,100,100,5,0,0,0,0,0,0,4,1,0
386.039,1,24375296,windows,0,23430,22992.5,76,0,0,0,0,0,0,54,21,1
386.24,0,24013824,windows,0,100,100,5,0,0,0,0,0,0,4,1,0
386.305,1,24390656,windows,0,21035,21012.5,72,0,0,0,0,0,0,51,20,1
386.499,0,24032256,windows,0,100,100,5,0,0,0,0,0,0,4,1,0
386.57,1,24406016,windows,0,19835,19812.5,68,0,0,0,0,0,0,45,22,1
386.755,0,24051712,windows,0,100,100,5,0,0,0,0,0,0,4,1,0
386.839,1,24421376,windows,0,18530,18092.5,66,0,0,0,0,0,0,44,21,1
387.011,0,24071168,windows,0,100,100,5,0,0,0,0,0,0,4,1,0
387.104,1,24436736,windows,0,17710,17292.5,65,0,0,0,0,0,0,44,20,1
387.274,0,24090624,repair,0,100,100,5,0,0,0,0,0,0,4,1,0
387.369,1,24451072,windows,0,15905,15570,62,0,0,0,0,0,0,45,17,0
387.535,0,24104960,repair,0,100,100,5,0,0,0,0,0,0,4,1,0
387.626,1,24467456,windows,0,15025,14476.2,60,0,0,0,0,0,0,43,17,0
387.793,0,24119296,windows,0,100,100,5,0,0,0,0,0,0,4,1,0
387.879,1,24482816,windows,0,14185,13850,58,0,0,0,0,0,0,41,17,0
388.06,0,24133632,windows,0,100,100,5,0,0,0,0,0,0,4,1,0
388.129,1,24498176,windows,0,13780,13445,57,0,0,0,0,0,0,40,17,0
388.315,0,24148992,windows,0,100,100,5,0,0,0,0,0,0,4,1,0
388.383,1,24514560,windows,0,13000,12665,55,0,0,0,0,0,0,38,17,0
388.57,0,24166400,windows,0,100,100,5,0,0,0,0,0,0,4,1,0
388.639,1,24530944,windows,0,12340,12025,54,0,0,0,0,0,0,38,16,0
388.827,0,24183808,windows,0,100,100,5,0,0,0,0,0,0,4,1,0
388.891,1,24548352,windows,0,11600,11285,52,0,0,0,0,0,0,36,16,0
389.079,0,24199168,windows,0,100,100,5,0,0,0,0,0,0,4,1,0
389.149,1,24565760,windows,0,10280,9816.25,49,0,0,0,0,0,0,34,15,0
389.341,0,24220672,windows,0,100,100,5,0,0,0,0,0,0,4,1,0
389.404,1,24583168,windows,0,9305,9010,46,0,0,0,0,0,0,31,15,0
389.598,0,24242176,windows,0,100,100,5,0,0,0,0,0,0,4,1,0
389.661,1,24600576,windows,0,9000,8556.25,45,0,0,0,0,0,0,30,15,0
389.852,0,24262656,windows,0,100,100,5,0,0,0,0,0,0,4,1,0
389.924,1,24619008,windows,0,9000,8556.25,45,0,0,0,0,0,0,30,15,0
390.11,0,24280064,windows,0,100,100,5,0,0,0,0,0,0,4,1,0
390.183,1,24636416,windows,0,9000,8556.25,45,0,0,0,0,0,0,30,15,0
390.374,0,24297472,windows,0,100,100,5,0,0,0,0,0,0,4,1,0
390.439,1,24653824,windows,0,7085,6941.25,41,0,0,0,0,0,0,29,12,0
390.634,0,24316928,windows,0,100,100,5,0,0,0,0,0,0,4,1,0
390.699,1,24672256,windows,0,6340,6340,39,0,0,0,0,0,0,28,11,0
390.891,0,24335360,windows,0,100,100,5,0,0,0,0,0,0,4,1,0
390.952,1,24690688,windows,0,6065,6065,38,0,0,0,0,0,0,27,11,0
391.153,0,24353792,windows,0,100,100,5,0,0,0,0,0,0,4,1,0
391.214,1,24708096,windows,0,6065,6065,38,0,0,0,0,0,0,27,11,0
391.406,0,24372224,windows,0,100,100,5,0,0,0,0,0,0,4,1,0
391.47,1,24724480,windows,0,6065,6065,38,0,0,0,0,0,0,27,11,0
391.659,0,24389632,windows,0,100,100,5,0,0,0,0,0,0,4,1,0
391.727,1,24740864,windows,0,6065,6065,38,0,0,0,0,0,0,27,11,0
391.915,0,24409088,windows,0,100,100,5,0,0,0,0,0,0,4,1,0
391.98,1,24758272,windows,0,100,100,5,0,0,0,0,0,0,4,1,0
392.167,0,24428544,windows,0,100,100,5,0,0,0,0,0,0,4,1,0
392.235,1,24780800,windows,0,100,100,5,0,0,0,0,0,0,4,1,0
392.419,0,24449024,windows,0,100,100,5,0,0,0,0,0,0,4,1,0
392.487,1,24801280,windows,0,100,100,5,0,0,0,0,0,0,4,1,0
392.671,0,24468480,windows,0,100,100,5,0,0,0,0,0,0,4,1,0
392.749,1,24820736,windows,0,100,100,5,0,0,0,0,0,0,4,1,0
392.924,0,24483840,windows,0,100,100,5,0,0,0,0,0,0,4,1,0
393.003,1,24841216,windows,0,100,100,5,0,0,0,0,0,0,4,1,0
393.18,0,24503296,windows,0,100,100,5,0,0,0,0,0,0,4,1,0
393.263,1,24862720,windows,0,100,100,5,0,0,0,0,0,0,4,1,0
393.444,0,24519680,windows,0,100,100,5,0,0,0,0,0,0,4,1,0
393.515,1,24882176,repair,0,100,100,5,0,0,0,0,0,0,4,1,0
393.703,0,24536064,windows,0,100,100,5,0,0,0,0,0,0,4,1,0
393.774,1,24899584,windows,0,100,100,5,0,0,0,0,0,0,4,1,0
393.955,0,24549376,windows,0,100,100,5,0,0,0,0,0,0,4,1,0
394.025,1,24914944,windows,0,100,100,5,0,0,0,0,0,0,4,1,0
394.215,0,24567808,windows,0,100,100,5,0,0,0,0,0,0,4,1,0
394.282,1,24931328,windows,0,100,100,5,0,0,0,0,0,0,4,1,0
394.467,0,24585216,windows,0,100,100,5,0,0,0,0,0,0,4,1,0
394.538,1,24947712,windows,0,100,100,5,0,0,0,0,0,0,4,1,0
394.735,0,24602624,repair,0,100,100,5,0,0,0,0,0,0,4,1,0
394.788,1,24963072,windows,0,100,100,5,0,0,0,0,0,0,4,1,0
394.987,0,24615936,repair,0,100,100,5,0,0,0,0,0,0,4,1,0
395.051,1,24978432,windows,0,100,100,5,0,0,0,0,0,0,4,1,0
395.238,0,24632320,repair,0,100,100,5,0,0,0,0,0,0,4,1,0
395.308,1,24993792,windows,0,100,100,5,0,0,0,0,0,0,4,1,0
395.495,0,24650752,windows,0,100,100,5,0,0,0,0,0,0,4,1,0
395.565,1,25010176,windows,0,100,100,5,0,0,0,0,0,0,4,1,0
395.756,0,24666112,windows,0,100,100,5,0,0,0,0,0,0,4,1,0
395.816,1,25024512,windows,0,100,100,5,0,0,0,0,0,0,4,1,0
396.017,0,24681472,windows,0,100,100,5,0,0,0,0,0,0,4,1,0
396.072,1,25038848,windows,0,100,100,5,0,0,0,0,0,0,4,1,0
396.283,0,24697856,windows,0,100,100,5,0,0,0,0,0,0,4,1,0
396.326,1,25053184,windows,0,100,100,5,0,0,0,0,0,0,4,1,0
396.538,0,24715264,windows,0,100,100,5,0,0,0,0,0,0,4,1,0
396.577,1,25067520,windows,0,100,100,5,0,0,0,0,0,0,4,1,0
396.801,0,24733696,windows,0,100,100,5,0,0,0,0,0,0,4,1,0
396.842,1,25081856,windows,0,100,100,5,0,0,0,0,0,0,4,1,0
397.063,0,24751104,windows,0,100,100,5,0,0,0,0,0,0,4,1,0
397.108,1,25096192,windows,0,100,100,5,0,0,0,0,0,0,4,1,0
397.328,0,24766464,windows,0,100,100,5,0,0,0,0,0,0,4,1,0
397.364,1,25110528,windows,0,100,100,5,0,0,0,0,0,0,4,1,0
397.584,0,24780800,windows,0,100,100,5,0,0,0,0,0,0,4,1,0
397.63,1,25125888,windows,0,100,100,5,0,0,0,0,0,0,4,1,0
397.847,0,24795136,windows,0,100,100,5,0,0,0,0,0,0,4,1,0
397.88,1,25141248,windows,0,100,100,5,0,0,0,0,0,0,4,1,0
398.107,0,24809472,windows,0,100,100,5,0,0,0,0,0,0,4,1,0
398.139,1,25156608,windows,0,100,100,5,0,0,0,0,0,0,4,1,0
398.377,0,24823808,windows,0,100,100,5,0,0,0,0,0,0,4,1,0
398.405,1,25174016,windows,0,100,100,5,0,0,0,0,0,0,4,1,0
398.637,0,24838144,windows,0,100,100,5,0,0,0,0,0,0,4,1,0
398.662,1,25191424,windows,0,100,100,5,0,0,0,0,0,0,4,1,0
398.904,0,24852480,windows,0,100,100,5,0,0,0,0,0,0,4,1,0
398.924,1,25210880,windows,0,100,100,5,0,0,0,0,0,0,4,1,0
399.164,0,24866816,windows,0,100,100,5,0,0,0,0,0,0,4,1,0
399.177,1,25229312,windows,0,100,100,5,0,0,0,0,0,0,4,1,0
399.421,0,24881152,windows,0,100,100,5,0,0,0,0,0,0,4,1,0
399.432,1,25246720,windows,0,100,100,5,0,0,0,0,0,0,4,1,0
399.688,1,25262080,windows,0,100,100,5,0,0,0,0,0,0,4,1,0
399.69,0,24895488,windows,0,100,100,5,0,0,0,0,0,0,4,1,0
399.942,1,25277440,windows,0,100,100,5,0,0,0,0,0,0,4,1,0
399.958,0,24909824,windows,0,100,100,5,0,0,0,0,0,0,4,1,0
400.204,1,25293824,windows,0,100,100,5,0,0,0,0,0,0,4,1,0
400.211,0,24924160,windows,0,100,100,5,0,0,0,0,0,0,4,1,0
400.468,0,24938496,windows,0,100,100,5,0,0,0,0,0,0,4,1,0
400.468,1,25311232,windows,0,100,100,5,0,0,0,0,0,0,4,1,0
400.721,1,25326592,windows,0,100,100,5,0,0,0,0,0,0,4,1,0
400.728,0,24952832,windows,0,100,100,5,0,0,0,0,0,0,4,1,0
400.98,1,25342976,windows,0,100,100,5,0,0,0,0,0,0,4,1,0
400.994,0,24968192,windows,0,100,100,5,0,0,0,0,0,0,4,1,0
401.239,1,25359360,windows,0,100,100,5,0,0,0,0,0,0,4,1,0
401.248,0,24982528,windows,0,100,100,5,0,0,0,0,0,0,4,1,0
401.494,1,25375744,windows,0,100,100,5,0,0,0,0,0,0,4,1,0
401.504,0,24993792,repair,1082,8.21836e+07,8.21605e+07,2662,12,33,28,656,353,0,1614,835,213
401.744,1,25391104,windows,0,100,100,5,0,0,0,0,0,0,4,1,0
401.77,0,25010176,repair,699,2.80472e+08,2.80385e+08,7314,38,154,134,235,138,0,4072,3047,195
402.001,1,25407488,windows,0,100,100,5,0,0,0,0,0,0,4,1,0
402.021,0,25027584,repair,572,2.79033e+08,2.78946e+08,7310,41,118,88,213,112,0,4074,3062,174
402.253,1,25424896,windows,0,100,100,5,0,0,0,0,0,0,4,1,0
402.273,0,25044992,repair,472,2.6813e+08,2.6807e+08,7178,36,93,75,168,100,0,4011,3016,151
402.513,1,25442304,windows,0,100,100,5,0,0,0,0,0,0,4,1,0
402.538,0,25062400,repair,386,2.46112e+08,2.46088e+08,6996,22,82,75,123,84,0,4010,2845,141
402.772,1,25459712,windows,0,100,100,5,0,0,0,0,0,0,4,1,0
402.791,0,25079808,repair,332,2.04222e+08,2.04222e+08,6438,19,68,41,135,69,0,3766,2550,122
403.024,1,25475072,windows,0,100,100,5,0,0,0,0,0,0,4,1,0
403.043,0,25096192,repair,276,1.80835e+08,1.80817e+08,6100,21,50,33,106,66,0,3605,2383,112
403.278,1,25492480,windows,0,100,100,5,0,0,0,0,0,0,4,1,0
403.302,0,25113600,repair,228,1.66581e+08,1.66535e+08,5890,7,47,35,90,49,0,3486,2281,123
403.532,1,25510912,windows,0,100,100,5,0,0,0,0,0,0,4,1,0
403.568,0,25131008,repair,169,1.60173e+08,1.6013e+08,5866,5,28,25,73,38,0,3547,2191,128
403.783,1,25525248,windows,0,100,100,5,0,0,0,0,0,0,4,1,0
403.826,0,25147392,repair,123,1.59048e+08,1.59048e+08,5786,9,11,14,60,29,0,3477,2212,97
404.038,1,25540608,windows,0,100,100,5,0,0,0,0,0,0,4,1,0
404.077,0,25163776,repair,93,1.50366e+08,1.50306e+08,5747,2,15,13,42,21,0,3582,2070,95
404.292,1,25555968,windows,0,100,100,5,0,0,0,0,0,0,4,1,0
404.335,0,25179136,repair,67,1.43085e+08,1.43043e+08,5516,4,8,8,37,10,0,3336,2086,94
404.55,1,25572352,windows,0,100,100,5,0,0,0,0,0,0,4,1,0
404.595,0,25195520,repair,43,1.23944e+08,1.23888e+08,5220,1,10,8,17,7,0,3248,1883,89
404.801,1,25589760,windows,0,100,100,5,0,0,0,0,0,0,4,1,0
404.857,0,25211904,repair,30,1.08623e+08,1.08608e+08,4868,0,5,4,15,6,0,3013,1775,80
405.057,1,25607168,windows,0,100,100,5,0,0,0,0,0,0,4,1,0
405.113,0,25229312,repair,14,1.01365e+08,1.01365e+08,4767,0,1,1,8,4,0,3017,1668,82
405.312,1,25625600,windows,0,100,100,5,0,0,0,0,0,0,4,1,0
405.374,0,25248768,repair,9,8.32596e+07,8.32156e+07,4310,0,1,0,3,5,0,2706,1524,80
405.572,1,25643008,windows,0,100,100,5,0,0,0,0,0,0,4,1,0
405.629,0,25266176,repair,1,7.46205e+07,7.46068e+07,4168,0,0,1,0,0,0,2727,1365,76
405.824,1,25659392,windows,0,100,100,5,0,0,0,0,0,0,4,1,0
405.89,0,25283584,repair,0,7.26013e+07,7.25856e+07,4125,0,0,0,0,0,0,2727,1328,70
406.087,1,25676800,windows,0,100,100,5,0,0,0,0,0,0,4,1,0
406.141,0,25302016,repair,0,5.6296e+07,5.62942e+07,3646,0,0,0,0,0,0,2429,1155,62
406.339,1,25693184,windows,0,100,100,5,0,0,0,0,0,0,4,1,0
406.401,0,25321472,windows,0,4.22501e+07,4.2238e+07,3169,0,0,0,0,0,0,2138,983,48
406.589,1,25711616,windows,0,100,100,5,0,0,0,0,0,0,4,1,0
406.653,0,25336832,windows,0,3.46254e+07,3.46149e+07,2836,0,0,0,0,0,0,1875,922,39
406.846,1,25728000,windows,0,100,100,5,0,0,0,0,0,0,4,1,0
406.904,0,25351168,windows,0,2.88826e+07,2.88727e+07,2609,0,0,0,0,0,0,1751,822,36
407.107,1,25749504,windows,0,100,100,5,0,0,0,0,0,0,4,1,0
407.158,0,25366528,windows,0,2.42818e+07,2.42818e+07,2407,0,0,0,0,0,0,1638,736,33
407.367,1,25771008,windows,0,100,100,5,0,0,0,0,0,0,4,1,0
407.424,0,25382912,windows,0,2.01012e+07,2.00926e+07,2212,0,0,0,0,0,0,1545,638,29
407.623,1,25788416,windows,0,100,100,5,0,0,0,0,0,0,4,1,0
407.683,0,25398272,windows,0,1.61427e+07,1.61418e+07,1967,0,0,0,0,0,0,1337,599,31
407.877,1,25809920,windows,0,100,100,5,0,0,0,0,0,0,4,1,0
407.935,0,25414656,windows,0,1.35536e+07,1.35468e+07,1799,0,0,0,0,0,0,1231,546,22
408.129,1,25829376,windows,0,100,100,5,0,0,0,0,0,0,4,1,0
408.197,0,25430016,windows,0,1.16604e+07,1.16448e+07,1677,0,0,0,0,0,0,1167,492,18
408.385,1,25847808,repair,0,100,100,5,0,0,0,0,0,0,4,1,0
408.448,0,25444352,windows,0,9.984e+06,9.97394e+06,1549,0,0,0,0,0,0,1057,468,24
408.639,1,25863168,repair,0,100,100,5,0,0,0,0,0,0,4,1,0
408.7,0,25457664,windows,0,8.41184e+06,8.39843e+06,1423,0,0,0,0,0,0,973,428,22
408.889,1,25877504,repair,0,100,100,5,0,0,0,0,0,0,4,1,0
408.956,0,25472000,windows,0,7.06559e+06,7.06559e+06,1318,0,0,0,0,0,0,910,381,27
409.155,1,25893888,repair,0,100,100,5,0,0,0,0,0,0,4,1,0
409.21,0,25486336,windows,0,6.01766e+06,6.0135e+06,1211,0,0,0,0,0,0,831,357,23
409.41,1,25909248,windows,0,100,100,5,0,0,0,0,0,0,4,1,0
409.468,0,25501696,windows,0,5.1798e+06,5.1686e+06,1119,0,0,0,0,0,0,759,338,22
409.665,1,25924608,windows,0,100,100,5,0,0,0,0,0,0,4,1,0
409.725,0,25516032,windows,0,4.57146e+06,4.56572e+06,1071,0,0,0,0,0,0,763,287,21
409.918,1,25939968,windows,0,100,100,5,0,0,0,0,0,0,4,1,0
409.975,0,25530368,windows,0,3.65202e+06,3.64638e+06,960,0,0,0,0,0,0,687,253,20
410.172,1,25955328,windows,0,100,100,5,0,0,0,0,0,0,4,1,0
410.228,0,25544704,windows,0,3.11381e+06,3.11071e+06,882,0,0,0,0,0,0,620,243,19
410.428,1,25970688,windows,0,100,100,5,0,0,0,0,0,0,4,1,0
410.495,0,25560064,windows,0,2.62912e+06,2.62912e+06,814,0,0,0,0,0,0,571,222,21
410.694,1,25987072,windows,0,100,100,5,0,0,0,0,0,0,4,1,0
410.749,0,25575424,windows,0,2.2337e+06,2.22631e+06,747,0,0,0,0,0,0,516,211,20
410.959,1,26003456,windows,0,100,100,5,0,0,0,0,0,0,4,1,0
411,0,25590784,windows,0,1.85218e+06,1.84988e+06,673,0,0,0,0,0,0,459,199,15
411.217,1,26018816,windows,0,100,100,5,0,0,0,0,0,0,4,1,0
411.26,0,25606144,windows,0,1.48555e+06,1.48216e+06,611,0,0,0,0,0,0,424,170,17
411.47,1,26034176,windows,0,100,100,5,0,0,0,0,0,0,4,1,0
411.511,0,25621504,windows,0,1.22176e+06,1.2199e+06,550,0,0,0,0,0,0,371,162,17
411.731,1,26048512,windows,0,100,100,5,0,0,0,0,0,0,4,1,0
411.762,0,25635840,windows,0,1.04533e+06,1.04533e+06,511,0,0,0,0,0,0,346,148,17
411.995,1,26063872,windows,0,100,100,5,0,0,0,0,0,0,4,1,0
412.027,0,25651200,windows,0,916895,914240,483,0,0,0,0,0,0,333,133,17
412.263,1,26080256,windows,0,100,100,5,0,0,0,0,0,0,4,1,0
412.28,0,25666560,windows,0,696455,694120,419,0,0,0,0,0,0,289,117,13
412.517,1,26095616,windows,0,100,100,5,0,0,0,0,0,0,4,1,0
412.536,0,25681920,windows,0,584455,584455,387,0,0,0,0,0,0,271,103,13
412.779,1,26106880,repair,846,2.46058e+08,2.45997e+08,6835,59,176,171,279,161,0,3862,2786,187
412.79,0,25698304,windows,0,461555,459840,346,0,0,0,0,0,0,249,86,11
413.034,1,26127360,repair,651,2.73934e+08,2.73913e+08,7342,43,132,120,238,118,0,4200,2960,182
413.041,0,25714688,windows,0,397630,396115,323,0,0,0,0,0,0,236,76,11
413.292,1,26144768,repair,545,2.54577e+08,2.54495e+08,7029,37,110,98,186,114,0,3985,2898,146
413.307,0,25731072,windows,0,306340,304979,284,0,0,0,0,0,0,202,70,12
413.55,1,26160128,repair,472,2.35068e+08,2.35068e+08,6813,31,97,75,186,83,0,3888,2770,155
413.565,0,25747456,windows,0,237890,236635,250,0,0,0,0,0,0,176,63,11
413.81,1,26175488,repair,382,2.18351e+08,2.18328e+08,6606,34,67,56,150,75,0,3774,2673,159
413.822,0,25762816,windows,0,202855,200876,231,0,0,0,0,0,0,161,59,11
414.077,1,26191872,repair,320,2.03706e+08,2.03702e+08,6454,13,55,59,115,78,0,3789,2540,125
414.083,0,25778176,windows,0,180325,179541,219,0,0,0,0,0,0,157,52,10
414.331,1,26208256,repair,262,1.95736e+08,1.95736e+08,6406,11,51,41,102,57,0,3821,2455,130
414.351,0,25793536,windows,0,159575,158851,205,0,0,0,0,0,0,145,51,9
414.593,1,26224640,repair,218,1.69015e+08,1.68952e+08,5936,9,38,33,91,47,0,3543,2288,105
414.604,0,25807872,windows,0,122310,121681,180,0,0,0,0,0,0,126,45,9
414.844,1,26240000,repair,166,1.61595e+08,1.61575e+08,5824,7,23,28,70,38,0,3494,2231,99
414.855,0,25822208,windows,0,101015,100199,163,0,0,0,0,0,0,111,43,9
415.095,1,26255360,repair,130,1.58067e+08,1.5802e+08,5785,6,19,25,56,24,0,3504,2191,90
415.109,0,25836544,windows,0,90905,89937.5,156,0,0,0,0,0,0,111,37,8
415.347,1,26270720,repair,109,1.36452e+08,1.36395e+08,5408,1,14,10,53,31,0,3286,2022,100
415.365,0,25850880,windows,0,78385,77618.8,146,0,0,0,0,0,0,107,31,8
415.61,1,26286080,repair,78,1.36618e+08,1.36602e+08,5392,0,7,16,36,19,0,3256,2039,97
415.623,0,25865216,windows,0,72710,72507.5,140,0,0,0,0,0,0,102,31,7
415.861,1,26301440,repair,52,1.1974e+08,1.19738e+08,5105,3,7,5,22,15,0,3146,1870,89
415.883,0,25880576,windows,0,58985,58561.2,124,0,0,0,0,0,0,85,33,6
416.124,1,26316800,repair,31,1.15751e+08,1.15751e+08,5053,1,2,2,17,9,0,3152,1814,87
416.146,0,25895936,windows,0,54310,54107.5,120,0,0,0,0,0,0,82,31,7
416.384,1,26331136,repair,16,1.11773e+08,1.11758e+08,4968,1,2,1,8,4,0,3122,1773,73
416.41,0,25911296,windows,0,48760,48205,114,0,0,0,0,0,0,80,28,6
416.645,1,26347520,repair,7,9.97515e+07,9.97515e+07,4673,0,0,2,5,0,0,2910,1692,71
416.671,0,25927680,windows,0,44785,44290,110,0,0,0,0,0,0,79,25,6
416.897,1,26362880,repair,2,8.42332e+07,8.42332e+07,4400,1,0,1,0,0,0,2883,1459,58
416.932,0,25944064,windows,0,41580,41221.2,105,0,0,0,0,0,0,72,27,6
417.155,1,26379264,repair,0,7.77506e+07,7.77209e+07,4236,0,0,0,0,0,0,2781,1396,59
417.198,0,25960448,windows,0,30785,30785,88,0,0,0,0,0,0,55,27,6
417.42,1,26395648,windows,0,6.08266e+07,6.08013e+07,3722,0,0,0,0,0,0,2394,1266,62
417.455,0,25976832,windows,0,30280,30001.2,88,0,0,0,0,0,0,56,26,6
417.683,1,26408960,windows,0,4.96392e+07,4.96392e+07,3390,0,0,0,0,0,0,2200,1125,65
417.712,0,25992192,windows,0,28160,28160,85,0,0,0,0,0,0,54,25,6
417.945,1,26422272,windows,0,4.19164e+07,4.19062e+07,3114,0,0,0,0,0,0,2037,1027,50
417.967,0,26006528,windows,0,25340,24905,82,0,0,0,0,0,0,54,22,6
418.202,1,26434560,windows,0,3.6438e+07,3.64366e+07,2919,0,0,0,0,0,0,1930,942,47
418.236,0,26021888,windows,0,24480,23796.2,81,0,0,0,0,0,0,54,21,6
418.46,1,26447872,windows,0,3.22063e+07,3.21965e+07,2799,0,0,0,0,0,0,1955,808,36
418.494,0,26037248,windows,0,19965,19610,73,0,0,0,0,0,0,51,18,4
418.718,1,26461184,windows,0,2.74753e+07,2.74585e+07,2546,0,0,0,0,0,0,1717,797,32
418.755,0,26053632,windows,0,17305,16970,68,0,0,0,0,0,0,47,17,4
418.974,1,26474496,windows,0,2.30602e+07,2.30466e+07,2364,0,0,0,0,0,0,1656,683,25
419.013,0,26070016,windows,0,16385,16050,66,0,0,0,0,0,0,45,17,4
419.231,1,26487808,windows,0,1.9955e+07,1.99475e+07,2190,0,0,0,0,0,0,1503,657,30
419.267,0,26087424,windows,0,15780,15216.2,64,0,0,0,0,0,0,42,18,4
419.482,1,26501120,windows,0,1.76662e+07,1.76538e+07,2060,0,0,0,0,0,0,1409,621,30
419.524,0,26103808,windows,0,12820,12505,58,0,0,0,0,0,0,38,16,4
419.747,1,26514432,windows,0,1.52346e+07,1.52272e+07,1915,0,0,0,0,0,0,1315,573,27
419.788,0,26119168,windows,0,12740,12405,57,0,0,0,0,0,0,36,17,4
420.014,1,26527744,windows,0,1.27955e+07,1.27888e+07,1741,0,0,0,0,0,0,1165,547,29
420.043,0,26133504,windows,0,12740,12405,57,0,0,0,0,0,0,36,17,4
420.268,1,26540032,windows,0,1.09394e+07,1.09338e+07,1621,0,0,0,0,0,0,1121,482,18
420.299,0,26147840,windows,0,11725,11725,55,0,0,0,0,0,0,35,16,4
420.537,1,26553344,windows,0,9.5039e+06,9.49549e+06,1528,0,0,0,0,0,0,1091,421,16
420.558,0,26163200,windows,0,11035,10760,54,0,0,0,0,0,0,37,14,3
420.788,1,26565632,windows,0,8.25493e+06,8.25493e+06,1418,0,0,0,0,0,0,1000,403,15
420.82,0,26179584,windows,0,10550,10086.2,52,0,0,0,0,0,0,34,15,3
421.039,1,26577920,windows,0,7.33222e+06,7.3248e+06,1345,0,0,0,0,0,0,956,371,18
421.072,0,26195968,windows,0,10550,10086.2,52,0,0,0,0,0,0,34,15,3
421.293,1,26590208,windows,0,6.49436e+06,6.4899e+06,1264,0,0,0,0,0,0,892,354,18
421.331,0,26212352,windows,0,8150,7895,46,0,0,0,0,0,0,30,13,3
421.561,1,26602496,windows,0,5.40851e+06,5.39759e+06,1159,0,0,0,0,0,0,828,314,17
421.582,0,26228736,windows,0,7295,7040,43,0,0,0,0,0,0,27,13,3
421.828,1,26614784,windows,0,4.61254e+06,4.61254e+06,1062,0,0,0,0,0,0,746,302,14
421.836,0,26244096,windows,0,7030,7030,42,0,0,0,0,0,0,26,13,3
422.092,1,26627072,windows,0,4.07518e+06,4.07461e+06,1005,0,0,0,0,0,0,705,281,19
422.094,0,26260480,windows,0,7030,7030,42,0,0,0,0,0,0,26,13,3
422.346,1,26638336,windows,0,3.65992e+06,3.65992e+06,960,0,0,0,0,0,0,693,250,17
422.352,0,26276864,windows,0,7030,7030,42,0,0,0,0,0,0,26,13,3
422.607,1,26650624,windows,0,3.23708e+06,3.2292e+06,905,0,0,0,0,0,0,659,230,16
422.611,0,26294272,windows,0,7030,7030,42,0,0,0,0,0,0,26,13,3
422.866,0,26313728,windows,0,100,100,5,0,0,0,0,0,0,4,1,0
422.878,1,26662912,windows,0,2.73779e+06,2.73493e+06,821,0,0,0,0,0,0,572,234,15
423.117,0,26334208,windows,0,100,100,5,0,0,0,0,0,0,4,1,0
423.14,1,26675200,windows,0,2.30997e+06,2.3062e+06,766,0,0,0,0,0,0,564,189,13
423.368,0,26353664,windows,0,100,100,5,0,0,0,0,0,0,4,1,0
423.401,1,26687488,windows,0,2.02642e+06,2.01997e+06,707,0,0,0,0,0,0,496,199,12
423.632,0,26371072,windows,0,100,100,5,0,0,0,0,0,0,4,1,0
423.666,1,26699776,windows,0,1.7506e+06,1.75031e+06,660,0,0,0,0,0,0,472,178,10
423.884,0,26388480,windows,0,100,100,5,0,0,0,0,0,0,4,1,0
423.929,1,26712064,windows,0,1.56e+06,1.55746e+06,625,0,0,0,0,0,0,450,165,10
424.137,0,26408960,windows,0,100,100,5,0,0,0,0,0,0,4,1,0
424.186,1,26724352,windows,0,1.39156e+06,1.38909e+06,594,0,0,0,0,0,0,436,148,10
424.39,0,26428416,windows,0,100,100,5,0,0,0,0,0,0,4,1,0
424.439,1,26735616,windows,0,1.12768e+06,1.12271e+06,514,0,0,0,0,0,0,347,162,5
424.644,0,26448896,windows,0,100,100,5,0,0,0,0,0,0,4,1,0
424.703,1,26747904,windows,0,901075,901075,468,0,0,0,0,0,0,329,134,5
424.901,0,26467328,windows,0,100,100,5,0,0,0,0,0,0,4,1,0
424.957,1,26760192,windows,0,768455,764476,433,0,0,0,0,0,0,305,123,5
425.157,0,26483712,repair,0,100,100,5,0,0,0,0,0,0,4,1,0
425.225,1,26772480,windows,0,655420,653961,401,0,0,0,0,0,0,292,107,2
425.423,0,26502144,windows,0,100,100,5,0,0,0,0,0,0,4,1,0
425.48,1,26785792,windows,0,565470,564091,375,0,0,0,0,0,0,276,96,3
425.685,0,26519552,windows,0,100,100,5,0,0,0,0,0,0,4,1,0
425.74,1,26799104,windows,0,490825,489018,352,0,0,0,0,0,0,263,85,4
425.941,0,26537984,windows,0,100,100,5,0,0,0,0,0,0,4,1,0
426.007,1,26812416,windows,0,363870,362731,303,0,0,0,0,0,0,228,72,3
426.198,0,26554368,windows,0,100,100,5,0,0,0,0,0,0,4,1,0
426.266,1,26825728,windows,0,298130,297111,274,0,0,0,0,0,0,204,67,3
426.456,0,26568704,windows,0,100,100,5,0,0,0,0,0,0,4,1,0
426.518,1,26838016,windows,0,257960,256665,255,0,0,0,0,0,0,186,65,4
426.721,0,26584064,windows,0,100,100,5,0,0,0,0,0,0,4,1,0
426.786,1,26852352,windows,0,211565,209616,231,0,0,0,0,0,0,175,54,2
426.981,0,26598400,windows,0,100,100,5,0,0,0,0,0,0,4,1,0
427.04,1,26865664,windows,0,183260,182471,214,0,0,0,0,0,0,158,54,2
427.235,0,26613760,windows,0,100,100,5,0,0,0,0,0,0,4,1,0
427.295,1,26878976,windows,0,136750,134934,185,0,0,0,0,0,0,128,52,5
427.486,0,26630144,windows,0,100,100,5,0,0,0,0,0,0,4,1,0
427.561,1,26892288,windows,0,118370,118370,173,0,0,0,0,0,0,126,44,3
427.75,0,26647552,windows,0,100,100,5,0,0,0,0,0,0,4,1,0
427.832,1,26905600,windows,0,104645,103890,163,0,0,0,0,0,0,123,38,2
428.008,0,26663936,windows,0,100,100,5,0,0,0,0,0,0,4,1,0
428.105,1,26918912,windows,0,91235,91235,152,0,0,0,0,0,0,121,30,1
428.26,0,26678272,windows,0,100,100,5,0,0,0,0,0,0,4,1,0
428.361,1,26932224,windows,0,86470,86470,148,0,0,0,0,0,0,118,29,1
428.516,0,26695680,windows,0,100,100,5,0,0,0,0,0,0,4,1,0
428.615,1,26945536,windows,0,71665,71665,134,0,0,0,0,0,0,97,35,2
428.777,0,26714112,windows,0,100,100,5,0,0,0,0,0,0,4,1,0
428.866,1,26957824,windows,0,57320,56871.2,119,0,0,0,0,0,0,90,29,0
429.033,0,26733568,windows,0,100,100,5,0,0,0,0,0,0,4,1,0
429.121,1,26972160,windows,0,50705,50170,112,0,0,0,0,0,0,85,27,0
429.294,0,26754048,windows,0,100,100,5,0,0,0,0,0,0,4,1,0
429.377,1,26988544,windows,0,45800,45385,107,0,0,0,0,0,0,86,21,0
429.555,0,26772480,windows,0,100,100,5,0,0,0,0,0,0,4,1,0
429.629,1,27004928,windows,0,40820,40421.2,101,0,0,0,0,0,0,80,21,0
429.812,0,26792960,windows,0,100,100,5,0,0,0,0,0,0,4,1,0
429.887,1,27021312,windows,0,31265,30850,88,0,0,0,0,0,0,67,21,0
430.063,0,26813440,windows,0,100,100,5,0,0,0,0,0,0,4,1,0
430.15,1,27037696,windows,0,26960,26960,82,0,0,0,0,0,0,64,18,0
430.314,0,26832896,repair,0,100,100,5,0,0,0,0,0,0,4,1,0
430.411,1,27055104,windows,0,23120,22805,76,0,0,0,0,0,0,60,16,0
430.58,0,26852352,windows,0,100,100,5,0,0,0,0,0,0,4,1,0
430.674,1,27071488,windows,0,21940,21625,74,0,0,0,0,0,0,58,16,0
430.845,0,26869760,windows,0,100,100,5,0,0,0,0,0,0,4,1,0
430.931,1,27088896,windows,0,19625,19056.2,70,0,0,0,0,0,0,55,15,0
431.098,0,26887168,windows,0,100,100,5,0,0,0,0,0,0,4,1,0
431.189,1,27106304,windows,0,16505,16505,64,0,0,0,0,0,0,49,15,0
431.351,0,26903552,windows,0,100,100,5,0,0,0,0,0,0,4,1,0
431.443,1,27123712,windows,0,14965,14690,61,0,0,0,0,0,0,47,14,0
431.607,0,26920960,windows,0,100,100,5,0,0,0,0,0,0,4,1,0
431.698,1,27141120,windows,0,14045,13770,59,0,0,0,0,0,0,45,14,0
431.864,0,26937344,windows,0,100,100,5,0,0,0,0,0,0,4,1,0
431.96,1,27159552,windows,0,13600,13106.2,58,0,0,0,0,0,0,44,14,0
432.121,0,26954752,windows,0,100,100,5,0,0,0,0,0,0,4,1,0
432.212,1,27176960,windows,0,11920,11920,54,0,0,0,0,0,0,40,14,0
432.381,0,26973184,windows,0,100,100,5,0,0,0,0,0,0,4,1,0
432.468,1,27195392,windows,0,11525,11525,53,0,0,0,0,0,0,39,14,0
432.632,0,26990592,windows,0,100,100,5,0,0,0,0,0,0,4,1,0
432.722,1,27213824,windows,0,11380,11380,53,0,0,0,0,0,0,40,13,0
432.895,0,27009024,windows,0,100,100,5,0,0,0,0,0,0,4,1,0
432.982,1,27233280,windows,0,10045,10045,49,0,0,0,0,0,0,35,14,0
433.146,0,27026432,windows,0,100,100,5,0,0,0,0,0,0,4,1,0
433.244,1,27249664,windows,0,9360,9360,48,0,0,0,0,0,0,36,12,0
433.403,0,27044864,windows,0,100,100,5,0,0,0,0,0,0,4,1,0
433.499,1,27265024,windows,0,8900,8685,47,0,0,0,0,0,0,36,11,0
433.654,0,27062272,windows,0,100,100,5,0,0,0,0,0,0,4,1,0
433.757,1,27280384,windows,0,8200,7985,45,0,0,0,0,0,0,34,11,0
433.915,0,27079680,windows,0,100,100,5,0,0,0,0,0,0,4,1,0
434.016,1,27296768,windows,0,7445,7250,43,0,0,0,0,0,0,33,10,0
434.168,0,27097088,windows,0,100,100,5,0,0,0,0,0,0,4,1,0
434.275,1,27315200,windows,0,6950,6735,42,0,0,0,0,0,0,30,11,1
434.428,0,27115520,repair,0,100,100,5,0,0,0,0,0,0,4,1,0
434.534,1,27334656,windows,0,6950,6735,42,0,0,0,0,0,0,30,11,1
434.685,0,27134976,repair,0,100,100,5,0,0,0,0,0,0,4,1,0
434.784,1,27352064,windows,0,6805,6610,41,0,0,0,0,0,0,31,10,0
434.941,0,27153408,windows,0,100,100,5,0,0,0,0,0,0,4,1,0
435.035,1,27370496,windows,0,6805,6610,41,0,0,0,0,0,0,31,10,0
435.2,0,27170816,windows,0,100,100,5,0,0,0,0,0,0,4,1,0
435.295,1,27389952,windows,0,6805,6610,41,0,0,0,0,0,0,31,10,0
435.453,0,27188224,windows,0,100,100,5,0,0,0,0,0,0,4,1,0
435.546,1,27408384,windows,0,6805,6610,41,0,0,0,0,0,0,31,10,0
435.704,0,27205632,windows,0,100,100,5,0,0,0,0,0,0,4,1,0
435.871,1,27426816,windows,0,6805,6610,41,0,0,0,0,0,0,31,10,0
435.964,0,27223040,windows,0,100,100,5,0,0,0,0,0,0,4,1,0
436.126,1,27443200,windows,0,6805,6610,41,0,0,0,0,0,0,31,10,0
436.222,0,27240448,windows,0,100,100,5,0,0,0,0,0,0,4,1,0
436.384,1,27458560,windows,0,6205,6010,39,0,0,0,0,0,0,29,10,0
436.474,0,27255808,windows,0,100,100,5,0,0,0,0,0,0,4,1,0
436.642,1,27474944,windows,0,6205,6010,39,0,0,0,0,0,0,29,10,0
436.725,0,27272192,windows,0,100,100,5,0,0,0,0,0,0,4,1,0
436.895,1,27490304,windows,0,5920,5586.25,38,0,0,0,0,0,0,28,10,0
436.982,0,27288576,windows,0,100,100,5,0,0,0,0,0,0,4,1,0
437.155,1,27506688,windows,0,5645,5316.25,37,0,0,0,0,0,0,27,10,0
437.242,0,27305984,windows,0,100,100,5,0,0,0,0,0,0,4,1,0
437.417,1,27522048,windows,0,5300,4966.25,35,0,0,0,0,0,0,24,11,0
437.496,0,27322368,windows,0,100,100,5,0,0,0,0,0,0,4,1,0
437.678,1,27537408,windows,0,4880,4761.25,34,0,0,0,0,0,0,24,10,0
437.756,0,27338752,windows,0,100,100,5,0,0,0,0,0,0,4,1,0
437.931,1,27552768,windows,0,4880,4761.25,34,0,0,0,0,0,0,24,10,0
438.02,0,27355136,windows,0,100,100,5,0,0,0,0,0,0,4,1,0
438.189,1,27568128,windows,0,4645,4531.25,33,0,0,0,0,0,0,23,10,0
438.276,0,27371520,windows,0,100,100,5,0,0,0,0,0,0,4,1,0
438.442,1,27582464,windows,0,4645,4531.25,33,0,0,0,0,0,0,23,10,0
438.533,0,27387904,windows,0,100,100,5,0,0,0,0,0,0,4,1,0
438.699,1,27596800,windows,0,4040,3931.25,31,0,0,0,0,0,0,22,9,0
438.79,0,27404288,windows,0,100,100,5,0,0,0,0,0,0,4,1,0
438.963,1,27613184,windows,0,4040,3931.25,31,0,0,0,0,0,0,22,9,0
439.045,0,27420672,windows,0,100,100,5,0,0,0,0,0,0,4,1,0
439.225,1,27629568,windows,0,4040,3931.25,31,0,0,0,0,0,0,22,9,0
439.296,0,27437056,windows,0,100,100,5,0,0,0,0,0,0,4,1,0
439.492,1,27644928,windows,0,4040,3931.25,31,0,0,0,0,0,0,22,9,0
439.561,0,27453440,windows,0,100,100,5,0,0,0,0,0,0,4,1,0
439.753,1,27660288,windows,0,100,100,5,0,0,0,0,0,0,4,1,0
439.814,0,27468800,windows,0,100,100,5,0,0,0,0,0,0,4,1,0
440.014,1,27677696,windows,0,100,100,5,0,0,0,0,0,0,4,1,0
440.081,0,27485184,windows,0,100,100,5,0,0,0,0,0,0,4,1,0
440.27,1,27693056,windows,0,100,100,5,0,0,0,0,0,0,4,1,0
440.339,0,27501568,windows,0,100,100,5,0,0,0,0,0,0,4,1,0
440.524,1,27709440,windows,0,100,100,5,0,0,0,0,0,0,4,1,0
440.597,0,27517952,windows,0,100,100,5,0,0,0,0,0,0,4,1,0
440.784,1,27725824,windows,0,100,100,5,0,0,0,0,0,0,4,1,0
440.847,0,27534336,windows,0,100,100,5,0,0,0,0,0,0,4,1,0
441.04,1,27742208,windows,0,100,100,5,0,0,0,0,0,0,4,1,0
441.108,0,27548672,repair,785,2.52426e+08,2.5237e+08,6934,49,161,128,290,157,0,3920,2831,183
441.305,1,27758592,windows,0,100,100,5,0,0,0,0,0,0,4,1,0
441.369,0,27567104,repair,629,2.75558e+08,2.75553e+08,7256,37,141,107,218,126,0,4059,3028,169
441.57,1,27774976,windows,0,100,100,5,0,0,0,0,0,0,4,1,0
441.62,0,27585536,repair,506,2.72627e+08,2.72627e+08,7371,26,103,80,194,103,0,4245,2963,163
441.826,1,27791360,windows,0,100,100,5,0,0,0,0,0,0,4,1,0
441.874,0,27603968,repair,412,2.48599e+08,2.48599e+08,7083,21,84,75,150,82,0,4103,2827,153
442.086,1,27810816,windows,0,100,100,5,0,0,0,0,0,0,4,1,0
442.137,0,27624448,repair,345,1.9642e+08,1.96366e+08,6244,23,63,47,137,75,0,3596,2534,114
442.347,1,27831296,windows,0,100,100,5,0,0,0,0,0,0,4,1,0
442.389,0,27641856,repair,287,1.77636e+08,1.77585e+08,6015,11,57,47,106,66,0,3511,2383,121
442.608,1,27848704,repair,0,100,100,5,0,0,0,0,0,0,4,1,0
442.639,0,27659264,repair,221,1.83762e+08,1.83696e+08,6193,10,35,25,103,48,0,3705,2381,107
442.868,1,27866112,windows,0,100,100,5,0,0,0,0,0,0,4,1,0
442.898,0,27678720,repair,168,1.50258e+08,1.50255e+08,5605,6,34,22,71,35,0,3355,2156,94
443.133,1,27883520,windows,0,100,100,5,0,0,0,0,0,0,4,1,0
443.151,0,27698176,repair,120,1.46674e+08,1.46671e+08,5584,5,22,21,50,22,0,3376,2110,98
443.39,1,27899904,windows,0,100,100,5,0,0,0,0,0,0,4,1,0
443.408,0,27716608,repair,85,1.36972e+08,1.36915e+08,5445,0,12,15,44,14,0,3339,2009,97
443.643,1,27916288,windows,0,100,100,5,0,0,0,0,0,0,4,1,0
443.659,0,27734016,repair,52,1.24189e+08,1.24186e+08,5199,3,7,11,21,10,0,3203,1905,91
443.903,1,27931648,windows,0,100,100,5,0,0,0,0,0,0,4,1,0
443.921,0,27751424,repair,32,1.16929e+08,1.16913e+08,5085,1,4,7,13,7,0,3183,1817,85
444.166,1,27948032,windows,0,100,100,5,0,0,0,0,0,0,4,1,0
444.171,0,27768832,repair,12,1.13874e+08,1.13874e+08,5027,0,1,1,8,2,0,3158,1786,83
444.421,1,27964416,windows,0,100,100,5,0,0,0,0,0,0,4,1,0
444.422,0,27787264,repair,5,9.53356e+07,9.5301e+07,4619,0,1,0,2,2,0,2926,1618,75
444.675,0,27806720,repair,0,8.2452e+07,8.24091e+07,4378,0,0,0,0,0,0,2882,1428,68
444.678,1,27978752,windows,0,100,100,5,0,0,0,0,0,0,4,1,0
444.928,0,27823104,windows,0,6.13425e+07,6.13425e+07,3790,0,0,0,0,0,0,2523,1213,54
444.936,1,27993088,windows,0,100,100,5,0,0,0,0,0,0,4,1,0
445.183,0,27838464,windows,0,4.99215e+07,4.99103e+07,3390,0,0,0,0,0,0,2226,1120,44
445.201,1,28007424,windows,0,100,100,5,0,0,0,0,0,0,4,1,0
445.435,0,27853824,windows,0,4.12004e+07,4.11886e+07,3139,0,0,0,0,0,0,2157,946,36
445.461,1,28021760,windows,0,100,100,5,0,0,0,0,0,0,4,1,0
445.701,0,27869184,windows,0,3.31822e+07,3.31822e+07,2778,0,0,0,0,0,0,1851,895,32
445.724,1,28036096,windows,0,100,100,5,0,0,0,0,0,0,4,1,0
445.953,0,27884544,windows,0,2.72488e+07,2.72478e+07,2531,0,0,0,0,0,0,1696,801,34
445.99,1,28051456,windows,0,100,100,5,0,0,0,0,0,0,4,1,0
446.206,0,27900928,windows,0,2.25651e+07,2.25651e+07,2307,0,0,0,0,0,0,1572,714,21
446.253,1,28065792,windows,0,100,100,5,0,0,0,0,0,0,4,1,0
446.47,0,27918336,windows,0,1.86522e+07,1.86402e+07,2129,0,0,0,0,0,0,1508,603,18
446.516,1,28081152,windows,0,100,100,5,0,0,0,0,0,0,4,1,0
446.724,0,27933696,windows,0,1.52533e+07,1.52355e+07,1922,0,0,0,0,0,0,1346,556,20
446.773,1,28096512,windows,0,100,100,5,0,0,0,0,0,0,4,1,0
446.978,0,27949056,windows,0,1.26432e+07,1.26322e+07,1748,0,0,0,0,0,0,1212,514,22
447.035,1,28112896,windows,0,100,100,5,0,0,0,0,0,0,4,1,0
447.236,0,27964416,windows,0,1.0832e+07,1.0832e+07,1618,0,0,0,0,0,0,1116,479,23
447.297,1,28128256,windows,0,100,100,5,0,0,0,0,0,0,4,1,0
447.502,0,27979776,windows,0,9.22453e+06,9.22409e+06,1489,0,0,0,0,0,0,1034,440,15
447.553,1,28143616,windows,0,100,100,5,0,0,0,0,0,0,4,1,0
447.766,0,27996160,windows,0,7.84644e+06,7.83305e+06,1376,0,0,0,0,0,0,953,406,17
447.809,1,28160000,windows,0,100,100,5,0,0,0,0,0,0,4,1,0
448.023,0,28011520,windows,0,6.35863e+06,6.35837e+06,1236,0,0,0,0,0,0,866,361,9
448.068,1,28176384,windows,0,100,100,5,0,0,0,0,0,0,4,1,0
448.276,0,28026880,windows,0,5.44982e+06,5.44322e+06,1160,0,0,0,0,0,0,835,313,12
448.331,1,28192768,repair,0,100,100,5,0,0,0,0,0,0,4,1,0
448.53,0,28042240,windows,0,4.6582e+06,4.65216e+06,1074,0,0,0,0,0,0,777,286,11
448.585,1,28208128,windows,0,100,100,5,0,0,0,0,0,0,4,1,0
448.785,0,28057600,windows,0,4.01594e+06,4.01231e+06,1004,0,0,0,0,0,0,726,262,16
448.843,1,28223488,windows,0,100,100,5,0,0,0,0,0,0,4,1,0
449.049,0,28072960,windows,0,3.21596e+06,3.20739e+06,893,0,0,0,0,0,0,629,248,16
449.105,1,28238848,windows,0,100,100,5,0,0,0,0,0,0,4,1,0
449.307,0,28088320,windows,0,2.6746e+06,2.67419e+06,809,0,0,0,0,0,0,561,234,14
449.371,1,28253184,windows,0,100,100,5,0,0,0,0,0,0,4,1,0
449.574,0,28104704,windows,0,2.22287e+06,2.21584e+06,746,0,0,0,0,0,0,534,199,13
449.627,1,28267520,windows,0,100,100,5,0,0,0,0,0,0,4,1,0
449.827,0,28120064,windows,0,1.87014e+06,1.86641e+06,682,0,0,0,0,0,0,483,187,12
449.893,1,28281856,windows,0,100,100,5,0,0,0,0,0,0,4,1,0
450.092,0,28135424,windows,0,1.47924e+06,1.47704e+06,610,0,0,0,0,0,0,439,160,11
450.144,1,28296192,windows,0,100,100,5,0,0,0,0,0,0,4,1,0
450.345,0,28150784,windows,0,1.20452e+06,1.20417e+06,557,0,0,0,0,0,0,414,131,12
450.405,1,28311552,windows,0,100,100,5,0,0,0,0,0,0,4,1,0
450.612,0,28166144,windows,0,1.0087e+06,1.00579e+06,505,0,0,0,0,0,0,364,131,10
450.676,1,28325888,windows,0,100,100,5,0,0,0,0,0,0,4,1,0
450.871,0,28181504,windows,0,863095,862832,467,0,0,0,0,0,0,337,121,9
450.936,1,28341248,windows,0,100,100,5,0,0,0,0,0,0,4,1,0
451.138,0,28197888,windows,0,730750,728675,433,0,0,0,0,0,0,320,104,9
451.201,1,28356608,windows,0,100,100,5,0,0,0,0,0,0,4,1,0
451.399,0,28214272,windows,0,545635,544049,372,0,0,0,0,0,0,265,98,9
451.451,1,28369920,windows,0,100,100,5,0,0,0,0,0,0,4,1,0
451.649,0,28227584,windows,0,440735,440735,333,0,0,0,0,0,0,237,89,7
451.705,1,28384256,windows,0,100,100,5,0,0,0,0,0,0,4,1,0
451.913,0,28242944,windows,0,357245,355919,303,0,0,0,0,0,0,219,76,8
451.965,1,28404736,windows,0,100,100,5,0,0,0,0,0,0,4,1,0
452.176,0,28257280,windows,0,313725,312519,281,0,0,0,0,0,0,195,78,8
452.216,1,28425216,windows,0,100,100,5,0,0,0,0,0,0,4,1,0
452.433,0,28273664,windows,0,263380,261692,257,0,0,0,0,0,0,176,73,8
452.467,1,28443648,windows,0,100,100,5,0,0,0,0,0,0,4,1,0
452.698,0,28290048,windows,0,194020,192076,224,0,0,0,0,0,0,158,58,8
452.73,1,28465152,windows,0,100,100,5,0,0,0,0,0,0,4,1,0
452.962,0,28306432,windows,0,152200,151531,197,0,0,0,0,0,0,134,55,8
452.993,1,28486656,windows,0,100,100,5,0,0,0,0,0,0,4,1,0
453.223,0,28322816,windows,0,134125,133892,185,0,0,0,0,0,0,125,52,8
453.25,1,28507136,windows,0,100,100,5,0,0,0,0,0,0,4,1,0
453.483,0,28339200,windows,0,122050,121055,177,0,0,0,0,0,0,118,50,9
453.509,1,28528640,windows,0,100,100,5,0,0,0,0,0,0,4,1,0
453.738,0,28354560,windows,0,91280,91280,154,0,0,0,0,0,0,104,42,8
453.763,1,28550144,windows,0,100,100,5,0,0,0,0,0,0,4,1,0
453.997,0,28370944,windows,0,74045,73370,141,0,0,0,0,0,0,99,34,8
454.026,1,28569600,repair,0,100,100,5,0,0,0,0,0,0,4,1,0
454.248,0,28386304,windows,0,67525,66183.8,135,0,0,0,0,0,0,95,32,8
454.292,1,28589056,repair,0,100,100,5,0,0,0,0,0,0,4,1,0
454.519,0,28401664,windows,0,60610,59832.5,128,0,0,0,0,0,0,92,29,7
454.547,1,28607488,windows,0,100,100,5,0,0,0,0,0,0,4,1,0
454.785,0,28416000,windows,0,54770,53593.8,122,0,0,0,0,0,0,88,27,7
454.802,1,28624896,windows,0,100,100,5,0,0,0,0,0,0,4,1,0
455.045,0,28429312,windows,0,39170,38093.8,102,0,0,0,0,0,0,68,27,7
455.059,1,28641280,windows,0,100,100,5,0,0,0,0,0,0,4,1,0
455.304,0,28443648,windows,0,35470,34752.5,97,0,0,0,0,0,0,64,26,7
455.325,1,28656640,windows,0,100,100,5,0,0,0,0,0,0,4,1,0
455.56,0,28460032,windows,0,34450,33433.8,96,0,0,0,0,0,0,64,25,7
455.587,1,28674048,windows,0,100,100,5,0,0,0,0,0,0,4,1,0
455.818,0,28477440,windows,0,30990,30312.5,91,0,0,0,0,0,0,60,24,7
455.846,1,28692480,windows,0,100,100,5,0,0,0,0,0,0,4,1,0
456.086,0,28495872,windows,0,22670,22467.5,77,0,0,0,0,0,0,48,22,7
456.096,1,28709888,windows,0,100,100,5,0,0,0,0,0,0,4,1,0
456.338,0,28512256,windows,0,21335,20898.8,75,0,0,0,0,0,0,47,21,7
456.349,1,28726272,windows,0,100,100,5,0,0,0,0,0,0,4,1,0
456.601,1,28743680,windows,0,100,100,5,0,0,0,0,0,0,4,1,0
456.602,0,28530688,windows,0,19015,18638.8,71,0,0,0,0,0,0,47,19,5
456.853,0,28548096,windows,0,18095,17577.5,69,0,0,0,0,0,0,45,19,5
456.853,1,28761088,windows,0,100,100,5,0,0,0,0,0,0,4,1,0
457.105,0,28564480,windows,0,17355,16857.5,68,0,0,0,0,0,0,45,18,5
457.107,1,28779520,windows,0,100,100,5,0,0,0,0,0,0,4,1,0
457.366,0,28581888,windows,0,15635,15492.5,64,0,0,0,0,0,0,41,18,5
457.368,1,28796928,windows,0,100,100,5,0,0,0,0,0,0,4,1,0
457.617,0,28598272,windows,0,15190,14483.8,62,0,0,0,0,0,0,38,19,5
457.622,1,28813312,windows,0,100,100,5,0,0,0,0,0,0,4,1,0
457.867,0,28613632,windows,0,14815,14488.8,61,0,0,0,0,0,0,37,19,5
457.878,1,28829696,windows,0,100,100,5,0,0,0,0,0,0,4,1,0
458.135,0,28628992,windows,0,14075,13393.8,60,0,0,0,0,0,0,37,18,5
458.143,1,28846080,windows,0,100,100,5,0,0,0,0,0,0,4,1,0
458.396,1,28861440,windows,0,100,100,5,0,0,0,0,0,0,4,1,0
458.401,0,28644352,windows,0,12745,12173.8,56,0,0,0,0,0,0,37,17,2
458.656,1,28874752,repair,799,2.44531e+08,2.4447e+08,6769,53,165,152,260,169,0,3787,2812,170
458.666,0,28659712,windows,0,11840,11598.8,55,0,0,0,0,0,0,38,15,2
458.907,1,28894208,repair,623,2.73972e+08,2.73887e+08,7277,40,141,117,205,120,0,4125,2998,154
458.92,0,28675072,windows,0,11840,11598.8,55,0,0,0,0,0,0,38,15,2
459.165,1,28913664,repair,509,2.58223e+08,2.58144e+08,7074,37,109,88,171,104,0,3949,2946,179
459.173,0,28690432,windows,0,10745,10692.5,52,0,0,0,0,0,0,35,15,2
459.419,1,28933120,repair,409,2.35436e+08,2.35377e+08,6929,29,104,83,125,68,0,4059,2729,141
459.434,0,28706816,windows,0,10520,10288.8,52,0,0,0,0,0,0,36,14,2
459.673,1,28952576,repair,339,2.01424e+08,2.0137e+08,6494,15,49,59,126,90,0,3866,2482,146
459.691,0,28720128,windows,0,9980,9493.75,51,0,0,0,0,0,0,36,13,2
459.923,1,28971008,repair,269,2.00202e+08,2.0018e+08,6328,12,40,49,108,60,0,3638,2567,123
459.954,0,28736512,windows,0,9485,9157.5,49,0,0,0,0,0,0,33,14,2
460.179,1,28989440,repair,221,1.77037e+08,1.77019e+08,6056,8,39,29,102,43,0,3600,2351,105
460.221,0,28752896,windows,0,8620,8312.5,47,0,0,0,0,0,0,32,13,2
460.437,1,29007872,repair,161,1.6894e+08,1.6892e+08,5920,14,26,23,65,33,0,3508,2307,105
460.485,0,28769280,windows,0,8120,7673.75,46,0,0,0,0,0,0,32,12,2
460.691,1,29026304,repair,116,1.58337e+08,1.58272e+08,5761,5,20,18,54,19,0,3452,2215,94
460.744,0,28785664,windows,0,8120,7673.75,46,0,0,0,0,0,0,32,12,2
460.95,1,29045760,repair,77,1.44674e+08,1.44674e+08,5547,1,9,13,39,15,0,3352,2098,97
461.002,0,28803072,windows,0,8120,7673.75,46,0,0,0,0,0,0,32,12,2
461.209,1,29065216,repair,50,1.22129e+08,1.2211e+08,5190,2,5,8,22,13,0,3245,1860,85
461.255,0,28818432,windows,0,8120,7673.75,46,0,0,0,0,0,0,32,12,2
461.463,1,29084672,repair,30,1.10637e+08,1.10584e+08,4938,0,2,5,15,8,0,3091,1770,77
461.516,0,28832768,windows,0,8000,7692.5,45,0,0,0,0,0,0,30,13,2
461.717,1,29104128,repair,17,9.55812e+07,9.55789e+07,4607,1,3,1,5,7,0,2891,1637,79
461.775,0,28847104,windows,0,7500,7212.5,44,0,0,0,0,0,0,30,12,2
461.974,1,29123584,repair,7,8.1296e+07,8.1296e+07,4322,0,4,0,0,3,0,2833,1433,56
462.027,0,28863488,windows,0,6745,6333.75,42,0,0,0,0,0,0,29,11,2
462.232,1,29143040,repair,0,7.88311e+07,7.88294e+07,4261,0,0,0,0,0,0,2798,1407,56
462.291,0,28879872,windows,0,6745,6333.75,42,0,0,0,0,0,0,29,11,2
462.495,1,29162496,repair,0,6.27073e+07,6.2693e+07,3832,0,0,0,0,0,0,2566,1219,47
462.551,0,28896256,windows,0,6745,6333.75,42,0,0,0,0,0,0,29,11,2
462.754,1,29184000,repair,0,4.4016e+07,4.39954e+07,3256,0,0,0,0,0,0,2246,968,42
462.815,0,28912640,windows,0,5950,5732.5,39,0,0,0,0,0,0,28,10,1
463.01,1,29202432,windows,0,3.6357e+07,3.63277e+07,2927,0,0,0,0,0,0,1973,918,36
463.067,0,28928000,windows,0,5155,5132.5,36,0,0,0,0,0,0,25,10,1
463.276,1,29219840,windows,0,2.95995e+07,2.95985e+07,2632,0,0,0,0,0,0,1758,840,34
463.331,0,28944384,windows,0,5155,5132.5,36,0,0,0,0,0,0,25,10,1
463.537,1,29236224,windows,0,2.46913e+07,2.46685e+07,2441,0,0,0,0,0,0,1705,712,24
463.59,0,28961792,windows,0,5155,5132.5,36,0,0,0,0,0,0,25,10,1
463.794,1,29251584,windows,0,2.03181e+07,2.03181e+07,2215,0,0,0,0,0,0,1525,658,32
463.85,0,28977152,windows,0,4500,4325,33,0,0,0,0,0,0,24,9,0
464.056,1,29266944,windows,0,1.69203e+07,1.69193e+07,2043,0,0,0,0,0,0,1435,574,34
464.106,0,28993536,windows,0,4500,4325,33,0,0,0,0,0,0,24,9,0
464.322,1,29284352,windows,0,1.40008e+07,1.39934e+07,1851,0,0,0,0,0,0,1277,539,35
464.364,0,29010944,windows,0,4500,4325,33,0,0,0,0,0,0,24,9,0
464.584,1,29301760,windows,0,1.17253e+07,1.17244e+07,1691,0,0,0,0,0,0,1166,495,30
464.62,0,29028352,windows,0,4265,4090,32,0,0,0,0,0,0,23,9,0
464.843,1,29318144,windows,0,9.71957e+06,9.71356e+06,1531,0,0,0,0,0,0,1042,462,27
464.88,0,29045760,windows,0,4265,4090,32,0,0,0,0,0,0,23,9,0
465.095,1,29333504,windows,0,7.94122e+06,7.92755e+06,1379,0,0,0,0,0,0,940,419,20
465.145,0,29063168,windows,0,4205,4010,31,0,0,0,0,0,0,21,10,0
465.356,1,29349888,windows,0,6.67898e+06,6.67851e+06,1281,0,0,0,0,0,0,908,357,16
465.405,0,29080576,windows,0,4000,3805,30,0,0,0,0,0,0,20,10,0
465.614,1,29366272,windows,0,5.61756e+06,5.61311e+06,1165,0,0,0,0,0,0,809,342,14
465.663,0,29097984,windows,0,4000,3805,30,0,0,0,0,0,0,20,10,0
465.877,1,29382656,windows,0,4.77508e+06,4.76516e+06,1082,0,0,0,0,0,0,761,306,15
465.921,0,29114368,windows,0,3805,3610,29,0,0,0,0,0,0,19,10,0
466.144,1,29399040,windows,0,3.83002e+06,3.82969e+06,973,0,0,0,0,0,0,699,263,11
466.18,0,29130752,windows,0,3805,3610,29,0,0,0,0,0,0,19,10,0
466.409,1,29414400,windows,0,3.19405e+06,3.18608e+06,890,0,0,0,0,0,0,640,239,11
466.436,0,29146112,windows,0,3425,3250,28,0,0,0,0,0,0,19,9,0
466.664,1,29429760,windows,0,2.69186e+06,2.68734e+06,819,0,0,0,0,0,0,597,213,9
466.7,0,29163520,windows,0,3065,2890,26,0,0,0,0,0,0,17,9,0
466.921,1,29445120,windows,0,2.33898e+06,2.33622e+06,762,0,0,0,0,0,0,553,201,8
466.958,0,29180928,windows,0,3065,2890,26,0,0,0,0,0,0,17,9,0
467.174,1,29460480,windows,0,1.85501e+06,1.84889e+06,675,0,0,0,0,0,0,482,186,7
467.213,0,29198336,windows,0,2900,2900,25,0,0,0,0,0,0,16,9,0
467.43,1,29475840,windows,0,1.51252e+06,1.51252e+06,611,0,0,0,0,0,0,435,168,8
467.48,0,29215744,windows,0,2900,2900,25,0,0,0,0,0,0,16,9,0
467.691,1,29491200,windows,0,1.26647e+06,1.26319e+06,562,0,0,0,0,0,0,402,151,9
467.733,0,29232128,windows,0,2900,2900,25,0,0,0,0,0,0,16,9,0
467.947,1,29506560,windows,0,1.06856e+06,1.06585e+06,519,0,0,0,0,0,0,373,136,10
467.991,0,29250560,windows,0,100,100,5,0,0,0,0,0,0,4,1,0
468.212,1,29520896,windows,0,900320,897825,477,0,0,0,0,0,0,342,125,10
468.251,0,29270016,windows,0,100,100,5,0,0,0,0,0,0,4,1,0
468.478,1,29533184,windows,0,701945,698106,416,0,0,0,0,0,0,285,121,10
468.512,0,29289472,windows,0,100,100,5,0,0,0,0,0,0,4,1,0
468.738,1,29545472,windows,0,573955,572289,384,0,0,0,0,0,0,281,94,9
468.774,0,29308928,windows,0,100,100,5,0,0,0,0,0,0,4,1,0
469.001,1,29557760,windows,0,488530,488268,354,0,0,0,0,0,0,256,89,9
469.033,0,29328384,windows,0,100,100,5,0,0,0,0,0,0,4,1,0
469.251,1,29570048,windows,0,429935,429935,331,0,0,0,0,0,0,235,87,9
469.289,0,29346816,windows,0,100,100,5,0,0,0,0,0,0,4,1,0
469.511,1,29583360,windows,0,381755,379938,314,0,0,0,0,0,0,227,78,9
469.542,0,29361152,windows,0,100,100,5,0,0,0,0,0,0,4,1,0
469.771,1,29595648,windows,0,306530,306208,280,0,0,0,0,0,0,192,77,11
469.792,0,29376512,windows,0,100,100,5,0,0,0,0,0,0,4,1,0
470.033,1,29609984,windows,0,240520,238044,245,0,0,0,0,0,0,166,71,8
470.047,0,29395968,windows,0,100,100,5,0,0,0,0,0,0,4,1,0
470.292,1,29623296,windows,0,204875,204051,230,0,0,0,0,0,0,165,58,7
470.299,0,29412352,windows,0,100,100,5,0,0,0,0,0,0,4,1,0
470.551,1,29635584,windows,0,174130,172892,213,0,0,0,0,0,0,154,52,7
470.558,0,29428736,windows,0,100,100,5,0,0,0,0,0,0,4,1,0
470.805,1,29649920,windows,0,143560,142392,192,0,0,0,0,0,0,136,50,6
470.813,0,29443072,windows,0,100,100,5,0,0,0,0,0,0,4,1,0
471.059,1,29665280,windows,0,112945,111234,168,0,0,0,0,0,0,113,49,6
471.074,0,29458432,windows,0,100,100,5,0,0,0,0,0,0,4,1,0
471.311,1,29679616,windows,0,87730,86875,148,0,0,0,0,0,0,100,43,5
471.337,0,29472768,windows,0,100,100,5,0,0,0,0,0,0,4,1,0
471.563,1,29694976,windows,0,73490,73490,136,0,0,0,0,0,0,92,39,5
471.598,0,29487104,windows,0,100,100,5,0,0,0,0,0,0,4,1,0
471.822,1,29711360,windows,0,64255,64255,127,0,0,0,0,0,0,85,37,5
471.862,0,29501440,windows,0,100,100,5,0,0,0,0,0,0,4,1,0
472.085,1,29728768,windows,0,56185,56185,118,0,0,0,0,0,0,79,35,4
472.113,0,29514752,windows,0,100,100,5,0,0,0,0,0,0,4,1,0
472.339,1,29745152,windows,0,39745,39170,100,0,0,0,0,0,0,67,29,4
472.368,0,29528064,windows,0,100,100,5,0,0,0,0,0,0,4,1,0
472.589,1,29762560,windows,0,38865,37986.2,100,0,0,0,0,0,0,69,27,4
472.628,0,29546496,windows,0,100,100,5,0,0,0,0,0,0,4,1,0
472.846,1,29777920,windows,0,33395,33252.5,94,0,0,0,0,0,0,65,24,5
472.886,0,29563904,windows,0,100,100,5,0,0,0,0,0,0,4,1,0
473.112,1,29792256,windows,0,31250,30612.5,90,0,0,0,0,0,0,60,25,5
473.15,0,29579264,windows,0,100,100,5,0,0,0,0,0,0,4,1,0
473.369,1,29806592,windows,0,29090,28947.5,87,0,0,0,0,0,0,58,24,5
473.403,0,29593600,windows,0,100,100,5,0,0,0,0,0,0,4,1,0
473.632,1,29820928,windows,0,22850,22850,75,0,0,0,0,0,0,46,24,5
473.659,0,29608960,windows,0,100,100,5,0,0,0,0,0,0,4,1,0
473.882,1,29834240,windows,0,21910,21910,74,0,0,0,0,0,0,46,23,5
473.916,0,29623296,windows,0,100,100,5,0,0,0,0,0,0,4,1,0
474.14,1,29848576,windows,0,21010,20555,72,0,0,0,0,0,0,44,23,5
474.17,0,29638656,windows,0,100,100,5,0,0,0,0,0,0,4,1,0
474.408,1,29862912,windows,0,19675,19675,70,0,0,0,0,0,0,43,22,5
474.429,0,29655040,windows,0,100,100,5,0,0,0,0,0,0,4,1,0
474.661,1,29876224,windows,0,17570,17427.5,67,0,0,0,0,0,0,42,20,5
474.691,0,29670400,windows,0,100,100,5,0,0,0,0,0,0,4,1,0
474.932,1,29890560,windows,0,15970,15638.8,63,0,0,0,0,0,0,38,20,5
474.955,0,29684736,windows,0,100,100,5,0,0,0,0,0,0,4,1,0
475.186,1,29903872,windows,0,15305,14817.5,62,0,0,0,0,0,0,39,19,4
475.206,0,29699072,windows,0,100,100,5,0,0,0,0,0,0,4,1,0
475.445,1,29918208,windows,0,14750,14312.5,61,0,0,0,0,0,0,40,18,3
475.462,0,29716480,windows,0,100,100,5,0,0,0,0,0,0,4,1,0
475.698,1,29932544,windows,0,14050,13768.8,60,0,0,0,0,0,0,40,17,3
475.717,0,29732864,windows,0,100,100,5,0,0,0,0,0,0,4,1,0
475.958,1,29946880,windows,0,12375,12292.5,57,0,0,0,0,0,0,39,15,3
475.978,0,29750272,windows,0,100,100,5,0,0,0,0,0,0,4,1,0
476.217,1,29962240,windows,0,11035,10677.5,54,0,0,0,0,0,0,37,14,3
476.231,0,29765632,windows,0,100,100,5,0,0,0,0,0,0,4,1,0
476.475,1,29976576,windows,0,10670,10587.5,53,0,0,0,0,0,0,36,14,3
476.495,0,29780992,windows,0,100,100,5,0,0,0,0,0,0,4,1,0
476.726,1,29990912,windows,0,9970,9612.5,51,0,0,0,0,0,0,34,14,3
476.761,0,29796352,windows,0,100,100,5,0,0,0,0,0,0,4,1,0
476.993,1,30007296,windows,0,9635,9113.75,50,0,0,0,0,0,0,33,14,3
477.015,0,29811712,windows,0,100,100,5,0,0,0,0,0,0,4,1,0
477.257,1,30022656,windows,0,9310,8793.75,49,0,0,0,0,0,0,32,14,3
477.266,0,29826048,windows,0,100,100,5,0,0,0,0,0,0,4,1,0
477.519,1,30038016,windows,0,8770,8432.5,48,0,0,0,0,0,0,32,13,3
477.524,0,29840384,windows,0,100,100,5,0,0,0,0,0,0,4,1,0
477.772,1,30052352,windows,0,8455,8117.5,47,0,0,0,0,0,0,31,13,3
477.789,0,29854720,windows,0,100,100,5,0,0,0,0,0,0,4,1,0
478.023,1,30067712,windows,0,8270,7952.5,47,0,0,0,0,0,0,32,12,3
478.04,0,29869056,windows,0,100,100,5,0,0,0,0,0,0,4,1,0
478.279,1,30083072,windows,0,8270,7952.5,47,0,0,0,0,0,0,32,12,3
478.307,0,29886464,windows,0,100,100,5,0,0,0,0,0,0,4,1,0
478.538,1,30100480,windows,0,7390,7112.5,45,0,0,0,0,0,0,32,10,3
478.566,0,29901824,windows,0,100,100,5,0,0,0,0,0,0,4,1,0
478.793,1,30117888,windows,0,6770,6492.5,43,0,0,0,0,0,0,30,10,3
478.826,0,29917184,windows,0,100,100,5,0,0,0,0,0,0,4,1,0
479.051,1,30137344,windows,0,6095,6012.5,41,0,0,0,0,0,0,29,9,3
479.082,0,29932544,windows,0,100,100,5,0,0,0,0,0,0,4,1,0
479.301,1,30154752,windows,0,6095,6012.5,41,0,0,0,0,0,0,29,9,3
479.34,0,29949952,windows,0,100,100,5,0,0,0,0,0,0,4,1,0
479.563,1,30173184,windows,0,5945,5770,40,0,0,0,0,0,0,29,9,2
479.594,0,29967360,windows,0,100,100,5,0,0,0,0,0,0,4,1,0
479.82,1,30189568,windows,0,5765,5570,39,0,0,0,0,0,0,27,10,2
479.857,0,29984768,windows,0,100,100,5,0,0,0,0,0,0,4,1,0
480.078,1,30206976,windows,0,5385,5385,38,0,0,0,0,0,0,27,9,2
480.115,0,30000128,windows,0,100,100,5,0,0,0,0,0,0,4,1,0
480.342,1,30225408,windows,0,4780,4651.25,36,0,0,0,0,0,0,26,8,2
480.366,0,30016512,windows,0,100,100,5,0,0,0,0,0,0,4,1,0
480.605,1,30242816,windows,0,4780,4651.25,36,0,0,0,0,0,0,26,8,2
480.624,0,30034944,windows,0,100,100,5,0,0,0,0,0,0,4,1,0
480.86,1,30260224,windows,0,4045,4045,33,0,0,0,0,0,0,23,8,2
480.88,0,30052352,windows,0,100,100,5,0,0,0,0,0,0,4,1,0
481.113,1,30278656,windows,0,4045,4045,33,0,0,0,0,0,0,23,8,2
481.135,0,30070784,windows,0,100,100,5,0,0,0,0,0,0,4,1,0
481.364,1,30296064,windows,0,3820,3820,32,0,0,0,0,0,0,22,8,2
481.4,0,30088192,repair,0,100,100,5,0,0,0,0,0,0,4,1,0
481.62,1,30315520,windows,0,3820,3820,32,0,0,0,0,0,0,22,8,2
481.669,0,30106624,repair,0,100,100,5,0,0,0,0,0,0,4,1,0
481.875,1,30334976,windows,0,3605,3605,31,0,0,0,0,0,0,21,8,2
481.926,0,30124032,windows,0,100,100,5,0,0,0,0,0,0,4,1,0
482.131,1,30354432,windows,0,3400,3245,30,0,0,0,0,0,0,20,8,2
482.187,0,30141440,windows,0,100,100,5,0,0,0,0,0,0,4,1,0
482.389,1,30372864,windows,0,3100,3100,29,0,0,0,0,0,0,20,7,2
482.444,0,30158848,windows,0,100,100,5,0,0,0,0,0,0,4,1,0
482.643,1,30391296,windows,0,3100,3100,29,0,0,0,0,0,0,20,7,2
482.706,0,30175232,windows,0,100,100,5,0,0,0,0,0,0,4,1,0
482.9,1,30409728,windows,0,3100,3100,29,0,0,0,0,0,0,20,7,2
482.986,0,30191616,windows,0,100,100,5,0,0,0,0,0,0,4,1,0
483.15,1,30428160,windows,0,3010,2875,28,0,0,0,0,0,0,20,7,1
483.237,0,30213120,windows,0,100,100,5,0,0,0,0,0,0,4,1,0
483.404,1,30445568,windows,0,3010,2875,28,0,0,0,0,0,0,20,7,1
483.488,0,30233600,windows,0,100,100,5,0,0,0,0,0,0,4,1,0
483.666,1,30464000,windows,0,2630,2495,26,0,0,0,0,0,0,18,7,1
483.739,0,30252032,windows,0,100,100,5,0,0,0,0,0,0,4,1,0
483.925,1,30480384,windows,0,2370,2255,25,0,0,0,0,0,0,18,6,1
484,0,30274560,windows,0,100,100,5,0,0,0,0,0,0,4,1,0
484.177,1,30494720,windows,0,2370,2255,25,0,0,0,0,0,0,18,6,1
484.251,0,30295040,windows,0,100,100,5,0,0,0,0,0,0,4,1,0
484.432,1,30510080,windows,0,2370,2255,25,0,0,0,0,0,0,18,6,1
484.503,0,30314496,windows,0,100,100,5,0,0,0,0,0,0,4,1,0
484.686,1,30524416,windows,0,2370,2255,25,0,0,0,0,0,0,18,6,1
484.764,0,30333952,windows,0,100,100,5,0,0,0,0,0,0,4,1,0
484.949,1,30538752,windows,0,2195,2195,24,0,0,0,0,0,0,17,6,1
485.016,0,30353408,windows,0,100,100,5,0,0,0,0,0,0,4,1,0
485.213,1,30555136,windows,0,2195,2195,24,0,0,0,0,0,0,17,6,1
485.275,0,30373888,repair,0,100,100,5,0,0,0,0,0,0,4,1,0
485.474,1,30573568,windows,0,2030,1915,23,0,0,0,0,0,0,16,6,1
485.528,0,30391296,repair,0,100,100,5,0,0,0,0,0,0,4,1,0
485.733,1,30592000,windows,0,2030,1915,23,0,0,0,0,0,0,16,6,1
485.788,0,30408704,windows,0,100,100,5,0,0,0,0,0,0,4,1,0
485.993,1,30608384,windows,0,2030,1915,23,0,0,0,0,0,0,16,6,1
486.04,0,30426112,windows,0,100,100,5,0,0,0,0,0,0,4,1,0
486.252,1,30624768,windows,0,2030,1915,23,0,0,0,0,0,0,16,6,1
486.292,0,30442496,windows,0,100,100,5,0,0,0,0,0,0,4,1,0
486.52,1,30640128,windows,0,2030,1915,23,0,0,0,0,0,0,16,6,1
486.548,0,30458880,windows,0,100,100,5,0,0,0,0,0,0,4,1,0
486.784,1,30650368,windows,0,2030,1915,23,0,0,0,0,0,0,16,6,1
486.801,0,30474240,windows,0,100,100,5,0,0,0,0,0,0,4,1,0
487.035,1,30664704,windows,0,2030,1915,23,0,0,0,0,0,0,16,6,1
487.061,0,30490624,windows,0,100,100,5,0,0,0,0,0,0,4,1,0
487.29,1,30682112,windows,0,2030,1915,23,0,0,0,0,0,0,16,6,1
487.311,0,30505984,windows,0,100,100,5,0,0,0,0,0,0,4,1,0
487.546,1,30699520,windows,0,1975,1891.25,23,0,0,0,0,0,0,17,5,1
487.564,0,30522368,windows,0,100,100,5,0,0,0,0,0,0,4,1,0
487.797,1,30716928,windows,0,1975,1891.25,23,0,0,0,0,0,0,17,5,1
487.821,0,30538752,windows,0,100,100,5,0,0,0,0,0,0,4,1,0
488.063,1,30735360,windows,0,1975,1891.25,23,0,0,0,0,0,0,17,5,1
488.077,0,30556160,windows,0,100,100,5,0,0,0,0,0,0,4,1,0
488.32,1,30752768,windows,0,1975,1891.25,23,0,0,0,0,0,0,17,5,1
488.36,0,30572544,repair,1101,8.30973e+07,8.30891e+07,2591,3,20,25,656,397,0,1649,716,226
488.582,1,30771200,windows,0,1975,1891.25,23,0,0,0,0,0,0,17,5,1
488.622,0,30590976,repair,721,2.5145e+08,2.51388e+08,6965,54,151,118,257,141,0,3942,2837,186
488.846,1,30789632,windows,0,1975,1891.25,23,0,0,0,0,0,0,17,5,1
488.873,0,30609408,repair,579,2.68683e+08,2.68661e+08,7340,51,131,104,193,100,0,4243,2920,177
489.107,1,30807040,windows,0,1975,1891.25,23,0,0,0,0,0,0,17,5,1
489.127,0,30627840,repair,482,2.4059e+08,2.40565e+08,7023,27,109,88,172,86,0,4143,2728,152
489.37,1,30823424,windows,0,1975,1891.25,23,0,0,0,0,0,0,17,5,1
489.384,0,30646272,repair,390,2.18149e+08,2.1813e+08,6581,21,86,65,136,82,0,3754,2679,148
489.629,1,30839808,windows,0,1975,1891.25,23,0,0,0,0,0,0,17,5,1
489.635,0,30664704,repair,312,2.19812e+08,2.19755e+08,6658,17,65,47,121,62,0,3866,2667,125
489.886,1,30852096,windows,0,1975,1891.25,23,0,0,0,0,0,0,17,5,1
489.899,0,30683136,repair,262,1.92582e+08,1.9256e+08,6256,15,43,39,106,59,0,3635,2493,128
490.15,0,30701568,repair,200,1.82389e+08,1.82323e+08,6154,11,40,36,78,35,0,3645,2394,115
490.151,1,30870528,windows,0,1975,1891.25,23,0,0,0,0,0,0,17,5,1
490.405,0,30721024,repair,154,1.54426e+08,1.54426e+08,5718,4,24,25,63,38,0,3458,2165,95
490.407,1,30885888,windows,0,1975,1891.25,23,0,0,0,0,0,0,17,5,1
490.667,0,30740480,repair,110,1.56183e+08,1.56183e+08,5711,3,21,17,45,24,0,3403,2210,98
490.67,1,30901248,windows,0,1975,1891.25,23,0,0,0,0,0,0,17,5,1
490.93,0,30759936,repair,81,1.32559e+08,1.32503e+08,5341,7,13,11,32,18,0,3272,1983,86
490.937,1,30911488,windows,0,1975,1891.25,23,0,0,0,0,0,0,17,5,1
491.191,1,30925824,windows,0,1975,1891.25,23,0,0,0,0,0,0,17,5,1
491.193,0,30779392,repair,43,1.24579e+08,1.24522e+08,5175,3,6,3,19,12,0,3185,1919,71
491.443,1,30940160,windows,0,1975,1891.25,23,0,0,0,0,0,0,17,5,1
491.459,0,30798848,repair,25,1.03416e+08,1.03382e+08,4770,1,4,1,12,7,0,2980,1715,75
491.7,1,30954496,windows,0,1975,1891.25,23,0,0,0,0,0,0,17,5,1
491.722,0,30818304,repair,13,9.51204e+07,9.51034e+07,4637,1,3,0,6,3,0,2976,1592,69
491.958,1,30969856,windows,0,1975,1891.25,23,0,0,0,0,0,0,17,5,1
491.982,0,30836736,repair,5,8.66919e+07,8.66457e+07,4472,1,0,1,3,0,0,2926,1479,67
492.214,1,30985216,windows,0,1975,1891.25,23,0,0,0,0,0,0,17,5,1
492.243,0,30856192,repair,3,6.93197e+07,6.93065e+07,4015,0,0,1,2,0,0,2641,1310,64
492.478,1,31000576,windows,0,1975,1891.25,23,0,0,0,0,0,0,17,5,1
492.503,0,30874624,repair,1,6.01763e+07,6.01376e+07,3741,0,0,1,0,0,0,2451,1225,65
492.741,1,31015936,windows,0,1975,1891.25,23,0,0,0,0,0,0,17,5,1
492.762,0,30893056,repair,1,5.17629e+07,5.17611e+07,3497,0,0,1,0,0,0,2328,1108,61
493.012,1,31031296,windows,0,1975,1891.25,23,0,0,0,0,0,0,17,5,1
493.016,0,30909440,windows,0,4.28077e+07,4.27856e+07,3169,0,0,0,0,0,0,2091,1021,57
493.266,1,31045632,windows,0,1975,1891.25,23,0,0,0,0,0,0,17,5,1
493.274,0,30925824,windows,0,3.52127e+07,3.5193e+07,2867,0,0,0,0,0,0,1904,923,40
493.524,1,31060992,windows,0,1975,1891.25,23,0,0,0,0,0,0,17,5,1
493.532,0,30942208,windows,0,2.94709e+07,2.94544e+07,2637,0,0,0,0,0,0,1783,823,31
493.793,1,31076352,windows,0,100,100,5,0,0,0,0,0,0,4,1,0
493.797,0,30958592,windows,0,2.45946e+07,2.45937e+07,2398,0,0,0,0,0,0,1600,767,31
494.051,1,31093760,windows,0,100,100,5,0,0,0,0,0,0,4,1,0
494.053,0,30973952,windows,0,1.96715e+07,1.96501e+07,2156,0,0,0,0,0,0,1465,668,23
494.31,0,30989312,windows,0,1.64208e+07,1.64208e+07,1992,0,0,0,0,0,0,1370,592,30
494.312,1,31111168,windows,0,100,100,5,0,0,0,0,0,0,4,1,0
494.563,0,31004672,windows,0,1.39913e+07,1.39906e+07,1858,0,0,0,0,0,0,1323,511,24
494.574,1,31129600,windows,0,100,100,5,0,0,0,0,0,0,4,1,0
494.819,0,31021056,windows,0,1.18731e+07,1.18575e+07,1710,0,0,0,0,0,0,1212,475,23
494.83,1,31145984,windows,0,100,100,5,0,0,0,0,0,0,4,1,0
495.081,1,31163392,windows,0,100,100,5,0,0,0,0,0,0,4,1,0
495.081,0,31037440,windows,0,9.67364e+06,9.66775e+06,1533,0,0,0,0,0,0,1073,442,18
495.344,1,31181824,windows,0,100,100,5,0,0,0,0,0,0,4,1,0
495.345,0,31053824,windows,0,7.91116e+06,7.91116e+06,1370,0,0,0,0,0,0,928,424,18
495.595,0,31069184,windows,0,6.74533e+06,6.74076e+06,1285,0,0,0,0,0,0,914,358,13
495.605,1,31199232,repair,0,100,100,5,0,0,0,0,0,0,4,1,0
495.855,1,31213568,repair,0,100,100,5,0,0,0,0,0,0,4,1,0
495.859,0,31085568,windows,0,5.68922e+06,5.68238e+06,1172,0,0,0,0,0,0,818,342,12
496.114,0,31100928,windows,0,4.7722e+06,4.76179e+06,1071,0,0,0,0,0,0,741,318,12
496.123,1,31228928,windows,0,100,100,5,0,0,0,0,0,0,4,1,0
496.374,0,31116288,windows,0,3.852e+06,3.84304e+06,969,0,0,0,0,0,0,675,280,14
496.384,1,31243264,windows,0,100,100,5,0,0,0,0,0,0,4,1,0
496.629,0,31132672,windows,0,3.1579e+06,3.14936e+06,881,0,0,0,0,0,0,615,251,15
496.648,1,31258624,windows,0,100,100,5,0,0,0,0,0,0,4,1,0
496.886,0,31148032,windows,0,2.72539e+06,2.72061e+06,825,0,0,0,0,0,0,592,220,13
496.905,1,31272960,windows,0,100,100,5,0,0,0,0,0,0,4,1,0
497.144,0,31164416,windows,0,2.26207e+06,2.25906e+06,748,0,0,0,0,0,0,526,209,13
497.164,1,31287296,windows,0,100,100,5,0,0,0,0,0,0,4,1,0
497.406,0,31179776,windows,0,1.786e+06,1.786e+06,664,0,0,0,0,0,0,467,186,11
497.422,1,31301632,windows,0,100,100,5,0,0,0,0,0,0,4,1,0
497.66,0,31194112,windows,0,1.50344e+06,1.50344e+06,611,0,0,0,0,0,0,439,164,8
497.687,1,31315968,windows,0,100,100,5,0,0,0,0,0,0,4,1,0
497.922,0,31209472,windows,0,1.26708e+06,1.2649e+06,560,0,0,0,0,0,0,407,148,5
497.95,1,31330304,windows,0,100,100,5,0,0,0,0,0,0,4,1,0
498.182,0,31223808,windows,0,1.09814e+06,1.09537e+06,522,0,0,0,0,0,0,377,139,6
498.205,1,31343616,windows,0,100,100,5,0,0,0,0,0,0,4,1,0
498.449,0,31239168,windows,0,902200,899432,478,0,0,0,0,0,0,344,124,10
498.458,1,31356928,windows,0,100,100,5,0,0,0,0,0,0,4,1,0
498.709,1,31370240,windows,0,100,100,5,0,0,0,0,0,0,4,1,0
498.714,0,31252480,windows,0,744685,740806,429,0,0,0,0,0,0,305,118,6
498.967,1,31384576,windows,0,100,100,5,0,0,0,0,0,0,4,1,0
498.977,0,31265792,windows,0,601550,601348,389,0,0,0,0,0,0,280,102,7
499.228,1,31401984,windows,0,100,100,5,0,0,0,0,0,0,4,1,0
499.233,0,31279104,windows,0,535100,531826,365,0,0,0,0,0,0,260,99,6
499.479,1,31419392,windows,0,100,100,5,0,0,0,0,0,0,4,1,0
499.495,0,31293440,windows,0,463180,463180,340,0,0,0,0,0,0,242,92,6
499.743,1,31437824,windows,0,100,100,5,0,0,0,0,0,0,4,1,0
499.75,0,31307776,windows,0,399845,399845,317,0,0,0,0,0,0,227,84,6
500.008,1,31456256,windows,0,100,100,5,0,0,0,0,0,0,4,1,0
500.011,0,31322112,windows,0,294875,292416,270,0,0,0,0,0,0,189,76,5
500.272,1,31475712,windows,0,100,100,5,0,0,0,0,0,0,4,1,0
500.277,0,31336448,windows,0,247505,247505,250,0,0,0,0,0,0,177,67,6
500.53,1,31494144,windows,0,100,100,5,0,0,0,0,0,0,4,1,0
500.53,0,31349760,windows,0,219080,219080,236,0,0,0,0,0,0,168,62,6
500.782,1,31515648,windows,0,100,100,5,0,0,0,0,0,0,4,1,0
500.796,0,31364096,windows,0,193945,193945,222,0,0,0,0,0,0,157,59,6
501.036,1,31537152,windows,0,100,100,5,0,0,0,0,0,0,4,1,0
501.055,0,31378432,windows,0,174940,173785,210,0,0,0,0,0,0,146,58,6
501.293,1,31557632,windows,0,100,100,5,0,0,0,0,0,0,4,1,0
501.317,0,31391744,windows,0,142380,141691,192,0,0,0,0,0,0,138,48,6
501.545,1,31578112,windows,0,100,100,5,0,0,0,0,0,0,4,1,0
501.584,0,31405056,windows,0,127570,125996,182,0,0,0,0,0,0,128,47,7
501.796,1,31598592,windows,0,100,100,5,0,0,0,0,0,0,4,1,0
501.836,0,31418368,windows,0,107680,107091,167,0,0,0,0,0,0,118,43,6
502.055,1,31618048,windows,0,100,100,5,0,0,0,0,0,0,4,1,0
502.089,0,31429632,windows,0,100595,100392,162,0,0,0,0,0,0,113,42,7
502.316,1,31639552,windows,0,100,100,5,0,0,0,0,0,0,4,1,0
502.341,0,31442944,windows,0,91790,91048.8,155,0,0,0,0,0,0,108,40,7
502.576,1,31661056,windows,0,100,100,5,0,0,0,0,0,0,4,1,0
502.594,0,31456256,windows,0,79190,78415,142,0,0,0,0,0,0,98,39,5
502.83,1,31680512,repair,0,100,100,5,0,0,0,0,0,0,4,1,0
502.86,0,31470592,windows,0,65975,65975,129,0,0,0,0,0,0,87,37,5
503.089,1,31700992,windows,0,100,100,5,0,0,0,0,0,0,4,1,0
503.119,0,31484928,windows,0,56150,55086.2,120,0,0,0,0,0,0,82,33,5
503.351,1,31718400,windows,0,100,100,5,0,0,0,0,0,0,4,1,0
503.376,0,31499264,windows,0,52950,52561.2,116,0,0,0,0,0,0,78,33,5
503.61,1,31735808,windows,0,100,100,5,0,0,0,0,0,0,4,1,0
503.626,0,31513600,windows,0,50390,50390,114,0,0,0,0,0,0,78,31,5
503.869,1,31752192,windows,0,100,100,5,0,0,0,0,0,0,4,1,0
503.889,0,31527936,windows,0,47615,47241.2,109,0,0,0,0,0,0,75,31,3
504.125,1,31768576,windows,0,100,100,5,0,0,0,0,0,0,4,1,0
504.156,0,31543296,windows,0,36935,36360,95,0,0,0,0,0,0,63,29,3
504.385,1,31784960,windows,0,100,100,5,0,0,0,0,0,0,4,1,0
504.415,0,31557632,windows,0,35795,35795,94,0,0,0,0,0,0,63,28,3
504.648,1,31800320,windows,0,100,100,5,0,0,0,0,0,0,4,1,0
504.676,0,31571968,windows,0,34070,34070,92,0,0,0,0,0,0,62,27,3
504.912,1,31814656,windows,0,100,100,5,0,0,0,0,0,0,4,1,0
504.939,0,31586304,windows,0,33355,33355,90,0,0,0,0,0,0,59,28,3
505.17,1,31827968,windows,0,100,100,5,0,0,0,0,0,0,4,1,0
505.192,0,31600640,windows,0,31840,31345,89,0,0,0,0,0,0,62,25,2
505.43,1,31842304,windows,0,100,100,5,0,0,0,0,0,0,4,1,0
505.454,0,31614976,windows,0,28460,28460,84,0,0,0,0,0,0,58,24,2
505.682,1,31855616,windows,0,100,100,5,0,0,0,0,0,0,4,1,0
505.718,0,31629312,windows,0,25625,25625,78,0,0,0,0,0,0,51,25,2
505.964,1,31869952,windows,0,100,100,5,0,0,0,0,0,0,4,1,0
505.968,0,31642624,windows,0,24645,24645,77,0,0,0,0,0,0,51,24,2
506.22,1,31890432,windows,0,100,100,5,0,0,0,0,0,0,4,1,0
506.221,0,31655936,windows,0,24140,24140,76,0,0,0,0,0,0,50,24,2
506.475,1,31909888,windows,0,100,100,5,0,0,0,0,0,0,4,1,0
506.48,0,31670272,windows,0,22220,22220,73,0,0,0,0,0,0,48,23,2
506.733,1,31929344,windows,0,100,100,5,0,0,0,0,0,0,4,1,0
506.734,0,31686656,windows,0,21765,21541.2,71,0,0,0,0,0,0,45,24,2
506.991,1,31947776,repair,0,100,100,5,0,0,0,0,0,0,4,1,0
506.992,0,31703040,windows,0,20370,20131.2,70,0,0,0,0,0,0,48,21,1
507.246,0,31718400,windows,0,20370,20131.2,70,0,0,0,0,0,0,48,21,1
507.247,1,31966208,windows,0,100,100,5,0,0,0,0,0,0,4,1,0
507.498,0,31734784,windows,0,18975,18975,67,0,0,0,0,0,0,45,21,1
507.499,1,31982592,windows,0,100,100,5,0,0,0,0,0,0,4,1,0
507.749,1,31997952,windows,0,100,100,5,0,0,0,0,0,0,4,1,0
507.761,0,31750144,windows,0,18530,18311.2,66,0,0,0,0,0,0,44,21,1
508.004,1,32013312,windows,0,100,100,5,0,0,0,0,0,0,4,1,0
508.02,0,31764480,windows,0,18095,17881.2,65,0,0,0,0,0,0,43,21,1
508.261,1,32028672,windows,0,100,100,5,0,0,0,0,0,0,4,1,0
508.275,0,31777792,windows,0,17275,17061.2,64,0,0,0,0,0,0,43,20,1
508.513,1,32044032,windows,0,100,100,5,0,0,0,0,0,0,4,1,0
508.535,0,31792128,windows,0,16850,16641.2,63,0,0,0,0,0,0,42,20,1
508.771,1,32059392,windows,0,100,100,5,0,0,0,0,0,0,4,1,0
508.792,0,31806464,windows,0,16850,16641.2,63,0,0,0,0,0,0,42,20,1
509.03,1,32075776,windows,0,100,100,5,0,0,0,0,0,0,4,1,0
509.06,0,31820800,windows,0,15250,15051.2,60,0,0,0,0,0,0,40,19,1
509.292,1,32093184,windows,0,100,100,5,0,0,0,0,0,0,4,1,0
509.319,0,31835136,windows,0,14855,14855,59,0,0,0,0,0,0,39,19,1
509.553,1,32110592,windows,0,100,100,5,0,0,0,0,0,0,4,1,0
509.576,0,31849472,windows,0,14855,14855,59,0,0,0,0,0,0,39,19,1
509.81,1,32126976,windows,0,100,100,5,0,0,0,0,0,0,4,1,0
509.834,0,31863808,windows,0,14855,14855,59,0,0,0,0,0,0,39,19,1
510.073,1,32145408,windows,0,100,100,5,0,0,0,0,0,0,4,1,0
510.095,0,31878144,windows,0,14855,14855,59,0,0,0,0,0,0,39,19,1
510.338,1,32162816,windows,0,100,100,5,0,0,0,0,0,0,4,1,0
510.359,0,31893504,windows,0,13355,13000,56,0,0,0,0,0,0,37,18,1
510.604,1,32178176,windows,0,100,100,5,0,0,0,0,0,0,4,1,0
510.617,0,31907840,windows,0,12635,12635,54,0,0,0,0,0,0,35,18,1
510.858,1,32193536,windows,0,100,100,5,0,0,0,0,0,0,4,1,0
510.871,0,31922176,windows,0,12290,11776.2,54,0,0,0,0,0,0,36,17,1
511.122,0,31936512,windows,0,11935,11600,53,0,0,0,0,0,0,35,17,1
511.123,1,32207872,windows,0,100,100,5,0,0,0,0,0,0,4,1,0
511.389,0,31951872,windows,0,11590,11086.2,52,0,0,0,0,0,0,34,17,1
511.394,1,32222208,windows,0,100,100,5,0,0,0,0,0,0,4,1,0
511.654,1,32234496,windows,0,100,100,5,0,0,0,0,0,0,4,1,0
511.655,0,31965184,windows,0,11255,10756.2,51,0,0,0,0,0,0,33,17,1
511.915,0,31979520,windows,0,11255,10756.2,51,0,0,0,0,0,0,33,17,1
511.918,1,32246784,windows,0,100,100,5,0,0,0,0,0,0,4,1,0
512.171,1,32266240,windows,0,100,100,5,0,0,0,0,0,0,4,1,0
512.181,0,31993856,windows,0,11255,10756.2,51,0,0,0,0,0,0,33,17,1
512.433,1,32284672,windows,0,100,100,5,0,0,0,0,0,0,4,1,0
512.438,0,32007168,windows,0,11255,10756.2,51,0,0,0,0,0,0,33,17,1
512.69,1,32302080,windows,0,100,100,5,0,0,0,0,0,0,4,1,0
512.691,0,32020480,windows,0,11255,10756.2,51,0,0,0,0,0,0,33,17,1
512.942,0,32033792,windows,0,10930,10436.2,50,0,0,0,0,0,0,32,17,1
512.952,1,32314368,repair,803,2.39618e+08,2.39557e+08,6712,50,154,128,295,176,0,3766,2762,184
513.213,1,32331776,repair,632,2.73963e+08,2.73897e+08,7214,45,133,99,223,132,0,4029,3024,161
513.213,0,32048128,windows,0,10930,10436.2,50,0,0,0,0,0,0,32,17,1
513.47,0,32062464,windows,0,10930,10436.2,50,0,0,0,0,0,0,32,17,1
513.475,1,32349184,repair,531,2.40349e+08,2.40344e+08,6884,30,108,98,196,99,0,3934,2791,159
513.735,0,32075776,windows,0,10310,9826.25,48,0,0,0,0,0,0,30,17,1
513.737,1,32365568,repair,441,2.46868e+08,2.46868e+08,6899,20,95,69,152,105,0,3862,2890,147
513.989,1,32381952,repair,357,2.21154e+08,2.2115e+08,6771,32,79,57,120,69,0,4018,2618,135
514.007,0,32091136,windows,0,10310,9826.25,48,0,0,0,0,0,0,30,17,1
514.252,1,32398336,repair,309,1.89785e+08,1.89733e+08,6270,14,53,38,126,78,0,3725,2423,122
514.264,0,32105472,windows,0,10015,9536.25,47,0,0,0,0,0,0,29,17,1
514.503,1,32413696,repair,245,1.9793e+08,1.9793e+08,6365,7,35,41,102,60,0,3728,2514,123
514.517,0,32120832,windows,0,10015,9536.25,47,0,0,0,0,0,0,29,17,1
514.757,1,32429056,repair,206,1.82639e+08,1.82591e+08,6177,6,39,31,87,43,0,3684,2380,113
514.777,0,32136192,windows,0,10015,9536.25,47,0,0,0,0,0,0,29,17,1
515.014,1,32444416,repair,167,1.5746e+08,1.57399e+08,5803,10,27,24,62,44,0,3526,2171,106
515.029,0,32150528,windows,0,9955,9486.25,48,0,0,0,0,0,0,31,16,1
515.274,1,32459776,repair,133,1.47359e+08,1.473e+08,5598,10,18,21,57,27,0,3383,2114,101
515.297,0,32165888,windows,0,9355,9040,46,0,0,0,0,0,0,29,16,1
515.542,1,32475136,repair,101,1.40665e+08,1.40608e+08,5506,3,15,19,41,23,0,3355,2047,104
515.549,0,32180224,windows,0,8795,8480,44,0,0,0,0,0,0,27,16,1
515.797,1,32489472,repair,72,1.36581e+08,1.36537e+08,5392,4,10,9,33,16,0,3253,2040,99
515.812,0,32194560,windows,0,8795,8480,44,0,0,0,0,0,0,27,16,1
516.056,1,32504832,repair,41,1.32809e+08,1.32806e+08,5383,3,7,8,13,10,0,3328,1964,91
516.069,0,32208896,windows,0,8795,8480,44,0,0,0,0,0,0,27,16,1
516.308,1,32523264,repair,23,1.16582e+08,1.16563e+08,5078,0,1,4,9,9,0,3169,1818,91
516.336,0,32222208,windows,0,8795,8480,44,0,0,0,0,0,0,27,16,1
516.566,1,32540672,repair,13,1.05119e+08,1.05084e+08,4808,0,1,1,6,5,0,2969,1743,96
516.601,0,32236544,windows,0,8275,7836.25,42,0,0,0,0,0,0,25,16,1
516.818,1,32555008,repair,7,9.61555e+07,9.61555e+07,4643,0,0,0,5,2,0,2940,1624,79
516.854,0,32250880,windows,0,8275,7836.25,42,0,0,0,0,0,0,25,16,1
517.078,1,32570368,repair,1,8.56327e+07,8.56304e+07,4403,0,0,0,0,1,0,2808,1517,78
517.121,0,32265216,windows,0,7795,7366.25,40,0,0,0,0,0,0,23,16,1
517.346,1,32585728,repair,0,7.04459e+07,7.04327e+07,4028,0,0,0,0,0,0,2643,1331,54
517.387,0,32278528,windows,0,7795,7366.25,40,0,0,0,0,0,0,23,16,1
517.598,1,32600064,repair,0,6.24955e+07,6.2494e+07,3844,0,0,0,0,0,0,2591,1201,52
517.637,0,32291840,windows,0,7355,6936.25,38,0,0,0,0,0,0,21,16,1
517.86,1,32613376,windows,0,5.21856e+07,5.21856e+07,3476,0,0,0,0,0,0,2294,1136,46
517.894,0,32304128,windows,0,7355,6936.25,38,0,0,0,0,0,0,21,16,1
518.119,1,32625664,windows,0,4.39339e+07,4.3901e+07,3173,0,0,0,0,0,0,2069,1060,44
518.157,0,32319488,windows,0,7355,6936.25,38,0,0,0,0,0,0,21,16,1
518.376,1,32638976,windows,0,3.78366e+07,3.78266e+07,2990,0,0,0,0,0,0,1993,946,51
518.411,0,32335872,windows,0,7355,6936.25,38,0,0,0,0,0,0,21,16,1
518.635,1,32652288,windows,0,3.20956e+07,3.20852e+07,2749,0,0,0,0,0,0,1839,870,40
518.682,0,32348160,windows,0,7355,6936.25,38,0,0,0,0,0,0,21,16,1
518.887,1,32664576,windows,0,2.62807e+07,2.62796e+07,2498,0,0,0,0,0,0,1685,776,37
518.938,0,32364544,windows,0,7355,6936.25,38,0,0,0,0,0,0,21,16,1
519.153,1,32678912,windows,0,2.20705e+07,2.20694e+07,2313,0,0,0,0,0,0,1592,684,37
519.205,0,32380928,windows,0,7355,6936.25,38,0,0,0,0,0,0,21,16,1
519.412,1,32694272,windows,0,1.89258e+07,1.89247e+07,2133,0,0,0,0,0,0,1454,645,34
519.466,0,32394240,windows,0,7355,6936.25,38,0,0,0,0,0,0,21,16,1
519.688,1,32709632,windows,0,1.6429e+07,1.64103e+07,1996,0,0,0,0,0,0,1381,586,29
519.718,0,32407552,windows,0,7355,6936.25,38,0,0,0,0,0,0,21,16,1
519.952,1,32723968,windows,0,1.3669e+07,1.36622e+07,1790,0,0,0,0,0,0,1190,573,27
519.976,0,32421888,windows,0,7355,6936.25,38,0,0,0,0,0,0,21,16,1
520.203,1,32738304,windows,0,1.15931e+07,1.15873e+07,1679,0,0,0,0,0,0,1162,491,26
520.244,0,32437248,windows,0,7355,6936.25,38,0,0,0,0,0,0,21,16,1
520.465,1,32753664,windows,0,9.84869e+06,9.84795e+06,1559,0,0,0,0,0,0,1098,436,25
520.495,0,32450560,windows,0,7355,6936.25,38,0,0,0,0,0,0,21,16,1
520.719,1,32766976,windows,0,8.7444e+06,8.73534e+06,1465,0,0,0,0,0,0,1023,418,24
520.759,0,32464896,windows,0,7355,6936.25,38,0,0,0,0,0,0,21,16,1
520.976,1,32782336,windows,0,7.43035e+06,7.42503e+06,1351,0,0,0,0,0,0,952,380,19
521.016,0,32478208,windows,0,7355,6936.25,38,0,0,0,0,0,0,21,16,1
521.232,1,32796672,windows,0,6.09125e+06,6.08378e+06,1205,0,0,0,0,0,0,810,374,21
521.267,0,32491520,windows,0,7355,6936.25,38,0,0,0,0,0,0,21,16,1
521.492,1,32812032,windows,0,5.1139e+06,5.11001e+06,1117,0,0,0,0,0,0,777,323,17
521.537,0,32505856,windows,0,7355,6936.25,38,0,0,0,0,0,0,21,16,1
521.754,1,32828416,windows,0,4.28254e+06,4.28254e+06,1024,0,0,0,0,0,0,710,296,18
521.8,0,32520192,windows,0,7355,6936.25,38,0,0,0,0,0,0,21,16,1
522.007,1,32844800,windows,0,3.61678e+06,3.61285e+06,955,0,0,0,0,0,0,697,243,15
522.058,0,32534528,windows,0,7355,6936.25,38,0,0,0,0,0,0,21,16,1
522.265,1,32860160,windows,0,2.94749e+06,2.94411e+06,852,0,0,0,0,0,0,600,239,13
522.308,0,32547840,windows,0,7355,6936.25,38,0,0,0,0,0,0,21,16,1
522.531,1,32875520,windows,0,2.47552e+06,2.47271e+06,787,0,0,0,0,0,0,562,211,14
522.649,0,32562176,windows,0,7355,6936.25,38,0,0,0,0,0,0,21,16,1
522.787,1,32891904,windows,0,2.0404e+06,2.0404e+06,718,0,0,0,0,0,0,512,190,16
522.911,0,32576512,windows,0,7150,6736.25,37,0,0,0,0,0,0,20,16,1
523.039,1,32908288,windows,0,1.76714e+06,1.76667e+06,669,0,0,0,0,0,0,476,177,16
523.166,0,32590848,windows,0,7150,6736.25,37,0,0,0,0,0,0,20,16,1
523.296,1,32925696,windows,0,1.4222e+06,1.42024e+06,586,0,0,0,0,0,0,392,180,14
523.43,0,32605184,windows,0,7150,6736.25,37,0,0,0,0,0,0,20,16,1
523.551,1,32942080,windows,0,1.08626e+06,1.08354e+06,522,0,0,0,0,0,0,378,136,8
523.681,0,32618496,windows,0,7150,6736.25,37,0,0,0,0,0,0,20,16,1
523.814,1,32959488,windows,0,877390,873156,465,0,0,0,0,0,0,328,130,7
523.937,0,32631808,windows,0,7150,6736.25,37,0,0,0,0,0,0,20,16,1
524.077,1,32976896,windows,0,746055,745792,429,0,0,0,0,0,0,297,123,9
524.198,0,32645120,windows,0,7150,6736.25,37,0,0,0,0,0,0,20,16,1
524.334,1,32993280,windows,0,616130,614409,396,0,0,0,0,0,0,280,105,11
524.456,0,32658432,windows,0,7150,6736.25,37,0,0,0,0,0,0,20,16,1
524.598,1,33009664,windows,0,443785,442469,330,0,0,0,0,0,0,229,95,6
524.724,0,32671744,windows,0,7150,6736.25,37,0,0,0,0,0,0,20,16,1
524.858,1,33025024,windows,0,358580,358468,299,0,0,0,0,0,0,216,79,4
524.979,0,32685056,windows,0,7150,6736.25,37,0,0,0,0,0,0,20,16,1
525.111,1,33041408,windows,0,307795,306238,276,0,0,0,0,0,0,199,74,3
525.237,0,32698368,windows,0,7150,6736.25,37,0,0,0,0,0,0,20,16,1
525.377,1,33055744,windows,0,262265,262265,258,0,0,0,0,0,0,191,63,4
525.488,0,32710656,windows,0,7150,6736.25,37,0,0,0,0,0,0,20,16,1
525.628,1,33069056,windows,0,211925,210618,231,0,0,0,0,0,0,167,60,4
525.753,0,32723968,windows,0,7150,6736.25,37,0,0,0,0,0,0,20,16,1
525.893,1,33082368,windows,0,173780,171774,207,0,0,0,0,0,0,144,59,4
526.008,0,32737280,windows,0,7150,6736.25,37,0,0,0,0,0,0,20,16,1
526.155,1,33096704,windows,0,156595,154764,198,0,0,0,0,0,0,143,52,3
526.276,0,32751616,windows,0,7150,6736.25,37,0,0,0,0,0,0,20,16,1
526.409,1,33111040,windows,0,137095,137012,183,0,0,0,0,0,0,127,53,3
526.544,0,32765952,windows,0,7150,6736.25,37,0,0,0,0,0,0,20,16,1
526.67,1,33125376,windows,0,124325,124272,175,0,0,0,0,0,0,125,48,2
526.813,0,32780288,windows,0,7150,6736.25,37,0,0,0,0,0,0,20,16,1
526.931,1,33139712,windows,0,107285,106358,163,0,0,0,0,0,0,117,44,2
527.073,0,32794624,windows,0,7150,6736.25,37,0,0,0,0,0,0,20,16,1
527.192,1,33154048,windows,0,81545,81492.5,142,0,0,0,0,0,0,101,39,2
527.333,0,32808960,windows,0,7150,6736.25,37,0,0,0,0,0,0,20,16,1
527.455,1,33168384,windows,0,74245,74192.5,137,0,0,0,0,0,0,101,34,2
527.593,0,32823296,windows,0,7075,6676.25,40,0,0,0,0,0,0,25,14,1
527.722,1,33184768,windows,0,63740,63012.5,126,0,0,0,0,0,0,90,34,2
527.852,0,32837632,windows,0,6595,6206.25,38,0,0,0,0,0,0,23,14,1
527.98,1,33200128,windows,0,58240,57083.8,119,0,0,0,0,0,0,82,35,2
528.114,0,32851968,windows,0,6055,5800,37,0,0,0,0,0,0,23,13,1
528.253,1,33214464,windows,0,46720,46052.5,107,0,0,0,0,0,0,74,31,2
528.378,0,32866304,windows,0,5615,5256.25,35,0,0,0,0,0,0,21,13,1
528.521,1,33227776,windows,0,39170,39087.5,101,0,0,0,0,0,0,74,24,3
528.63,0,32880640,windows,0,5215,4960,33,0,0,0,0,0,0,19,13,1
528.789,1,33242112,windows,0,36290,35858.8,97,0,0,0,0,0,0,70,24,3
528.887,0,32894976,windows,0,5215,4960,33,0,0,0,0,0,0,19,13,1
529.048,1,33256448,windows,0,33420,33038.8,92,0,0,0,0,0,0,66,24,2
529.142,0,32909312,windows,0,5215,4960,33,0,0,0,0,0,0,19,13,1
529.315,1,33272832,windows,0,31485,30957.5,89,0,0,0,0,0,0,63,24,2
529.404,0,32925696,windows,0,5215,4960,33,0,0,0,0,0,0,19,13,1
529.575,1,33287168,windows,0,26620,25843.8,82,0,0,0,0,0,0,58,22,2
529.667,0,32941056,windows,0,5215,4960,33,0,0,0,0,0,0,19,13,1
529.827,1,33298432,windows,0,22985,22932.5,76,0,0,0,0,0,0,53,21,2
529.936,0,32956416,windows,0,5215,4960,33,0,0,0,0,0,0,19,13,1
530.085,1,33312768,windows,0,22370,22347.5,74,0,0,0,0,0,0,52,21,1
530.194,0,32965632,windows,0,5215,4960,33,0,0,0,0,0,0,19,13,1
530.351,1,33328128,windows,0,20855,20417.5,71,0,0,0,0,0,0,49,21,1
530.462,0,32980992,windows,0,5215,4960,33,0,0,0,0,0,0,19,13,1
530.606,1,33342464,windows,0,19895,19223.8,69,0,0,0,0,0,0,47,21,1
530.715,0,32995328,windows,0,5215,4960,33,0,0,0,0,0,0,19,13,1
530.861,1,33357824,windows,0,17670,17232.5,64,0,0,0,0,0,0,42,21,1
530.97,0,33008640,windows,0,5215,4960,33,0,0,0,0,0,0,19,13,1
531.113,1,33373184,windows,0,14215,14192.5,59,0,0,0,0,0,0,41,17,1
531.227,0,33021952,windows,0,5030,4775,32,0,0,0,0,0,0,18,13,1
531.366,1,33388544,windows,0,12935,12912.5,57,0,0,0,0,0,0,41,15,1
531.485,0,33035264,windows,0,5030,4775,32,0,0,0,0,0,0,18,13,1
531.622,1,33403904,windows,0,12370,12158.8,55,0,0,0,0,0,0,38,16,1
531.747,0,33049600,windows,0,5030,4775,32,0,0,0,0,0,0,18,13,1
531.873,1,33418240,windows,0,11750,11538.8,54,0,0,0,0,0,0,38,15,1
532.002,0,33063936,windows,0,5030,4775,32,0,0,0,0,0,0,18,13,1
532.124,1,33433600,windows,0,11630,11428.8,53,0,0,0,0,0,0,36,16,1
532.258,0,33079296,windows,0,5030,4775,32,0,0,0,0,0,0,18,13,1
532.391,1,33451008,windows,0,10595,10408.8,50,0,0,0,0,0,0,33,16,1
532.524,0,33094656,windows,0,5030,4775,32,0,0,0,0,0,0,18,13,1
532.652,1,33466368,windows,0,9650,9468.75,48,0,0,0,0,0,0,32,15,1
532.778,0,33102848,windows,0,5030,4775,32,0,0,0,0,0,0,18,13,1
532.91,1,33480704,windows,0,8755,8578.75,46,0,0,0,0,0,0,31,14,1
533.041,0,33118208,windows,0,5030,4775,32,0,0,0,0,0,0,18,13,1
533.165,1,33496064,windows,0,8450,8278.75,45,0,0,0,0,0,0,30,14,1
533.307,0,33133568,windows,0,5030,4775,32,0,0,0,0,0,0,18,13,1
533.427,1,33513472,windows,0,7910,7887.5,44,0,0,0,0,0,0,30,13,1
533.566,0,33148928,windows,0,5030,4775,32,0,0,0,0,0,0,18,13,1
533.692,1,33530880,windows,0,7615,7448.75,43,0,0,0,0,0,0,29,13,1
533.821,0,33163264,windows,0,5030,4775,32,0,0,0,0,0,0,18,13,1
533.942,1,33547264,windows,0,7330,7168.75,42,0,0,0,0,0,0,28,13,1
534.082,0,33173504,windows,0,5030,4775,32,0,0,0,0,0,0,18,13,1
534.203,1,33562624,windows,0,7330,7168.75,42,0,0,0,0,0,0,28,13,1
534.336,0,33188864,windows,0,5030,4775,32,0,0,0,0,0,0,18,13,1
534.462,1,33579008,windows,0,7330,7168.75,42,0,0,0,0,0,0,28,13,1
534.593,0,33205248,windows,0,5030,4775,32,0,0,0,0,0,0,18,13,1
534.72,1,33595392,windows,0,7330,7168.75,42,0,0,0,0,0,0,28,13,1
534.851,0,33220608,windows,0,4855,4600,31,0,0,0,0,0,0,17,13,1
534.98,1,33611776,windows,0,7055,7032.5,41,0,0,0,0,0,0,27,13,1
535.104,0,33235968,windows,0,4855,4600,31,0,0,0,0,0,0,17,13,1
535.245,1,33628160,windows,0,7055,7032.5,41,0,0,0,0,0,0,27,13,1
535.354,0,33250304,windows,0,4855,4600,31,0,0,0,0,0,0,17,13,1
535.506,1,33644544,windows,0,7055,7032.5,41,0,0,0,0,0,0,27,13,1
535.609,0,33265664,windows,0,4855,4600,31,0,0,0,0,0,0,17,13,1
535.763,1,33660928,windows,0,7055,7032.5,41,0,0,0,0,0,0,27,13,1
535.861,0,33275904,windows,0,4855,4600,31,0,0,0,0,0,0,17,13,1
536.022,1,33677312,windows,0,7055,7032.5,41,0,0,0,0,0,0,27,13,1
536.116,0,33291264,windows,0,4855,4600,31,0,0,0,0,0,0,17,13,1
536.276,1,33688576,windows,0,7055,7032.5,41,0,0,0,0,0,0,27,13,1
536.368,0,33306624,windows,0,4855,4600,31,0,0,0,0,0,0,17,13,1
536.537,1,33704960,windows,0,7055,7032.5,41,0,0,0,0,0,0,27,13,1
536.628,0,33321984,windows,0,4855,4600,31,0,0,0,0,0,0,17,13,1
536.789,1,33720320,windows,0,7055,7032.5,41,0,0,0,0,0,0,27,13,1
536.888,0,33336320,windows,0,4855,4600,31,0,0,0,0,0,0,17,13,1
537.042,1,33735680,windows,0,7055,7032.5,41,0,0,0,0,0,0,27,13,1
537.151,0,33350656,windows,0,4855,4600,31,0,0,0,0,0,0,17,13,1
537.305,1,33752064,windows,0,7055,7032.5,41,0,0,0,0,0,0,27,13,1
537.416,0,33366016,windows,0,4855,4600,31,0,0,0,0,0,0,17,13,1
537.557,1,33767424,windows,0,7055,7032.5,41,0,0,0,0,0,0,27,13,1
537.67,0,33380352,windows,0,4855,4600,31,0,0,0,0,0,0,17,13,1
537.817,1,33782784,windows,0,7055,7032.5,41,0,0,0,0,0,0,27,13,1
537.923,0,33393664,windows,0,4855,4600,31,0,0,0,0,0,0,17,13,1
538.076,1,33798144,windows,0,7055,7032.5,41,0,0,0,0,0,0,27,13,1
538.186,0,33408000,windows,0,4855,4600,31,0,0,0,0,0,0,17,13,1
538.341,1,33813504,windows,0,7055,7032.5,41,0,0,0,0,0,0,27,13,1
538.441,0,33422336,windows,0,4855,4600,31,0,0,0,0,0,0,17,13,1
538.597,1,33827840,windows,0,7055,7032.5,41,0,0,0,0,0,0,27,13,1
538.695,0,33437696,windows,0,100,100,5,0,0,0,0,0,0,4,1,0
538.858,1,33843200,windows,0,7055,7032.5,41,0,0,0,0,0,0,27,13,1
538.946,0,33454080,windows,0,100,100,5,0,0,0,0,0,0,4,1,0
539.116,1,33853440,windows,0,7055,7032.5,41,0,0,0,0,0,0,27,13,1
539.198,0,33470464,windows,0,100,100,5,0,0,0,0,0,0,4,1,0
539.368,1,33869824,windows,0,7055,7032.5,41,0,0,0,0,0,0,27,13,1
539.46,0,33488896,windows,0,100,100,5,0,0,0,0,0,0,4,1,0
539.628,1,33886208,windows,0,7055,7032.5,41,0,0,0,0,0,0,27,13,1
539.712,0,33504256,windows,0,100,100,5,0,0,0,0,0,0,4,1,0
539.89,1,33902592,windows,0,7055,7032.5,41,0,0,0,0,0,0,27,13,1
539.977,0,33520640,windows,0,100,100,5,0,0,0,0,0,0,4,1,0
540.148,1,33918976,repair,0,7055,7032.5,41,0,0,0,0,0,0,27,13,1
540.229,0,33538048,windows,0,100,100,5,0,0,0,0,0,0,4,1,0
540.402,1,33934336,repair,0,7055,7032.5,41,0,0,0,0,0,0,27,13,1
540.491,0,33555456,windows,0,100,100,5,0,0,0,0,0,0,4,1,0
540.659,1,33949696,repair,0,7055,7032.5,41,0,0,0,0,0,0,27,13,1
540.752,0,33571840,windows,0,100,100,5,0,0,0,0,0,0,4,1,0
540.923,1,33967104,windows,0,7055,7032.5,41,0,0,0,0,0,0,27,13,1
541.01,0,33588224,repair,0,100,100,5,0,0,0,0,0,0,4,1,0
541.18,1,33981440,windows,0,7055,7032.5,41,0,0,0,0,0,0,27,13,1
541.268,0,33603584,windows,0,100,100,5,0,0,0,0,0,0,4,1,0
541.433,1,33995776,windows,0,7055,7032.5,41,0,0,0,0,0,0,27,13,1
541.519,0,33616896,windows,0,100,100,5,0,0,0,0,0,0,4,1,0
541.689,1,34010112,windows,0,7055,7032.5,41,0,0,0,0,0,0,27,13,1
541.78,0,33630208,windows,0,100,100,5,0,0,0,0,0,0,4,1,0
541.94,1,34024448,windows,0,7055,7032.5,41,0,0,0,0,0,0,27,13,1
542.044,0,33643520,windows,0,100,100,5,0,0,0,0,0,0,4,1,0
542.196,1,34038784,windows,0,7055,7032.5,41,0,0,0,0,0,0,27,13,1
542.311,0,33657856,windows,0,100,100,5,0,0,0,0,0,0,4,1,0
542.453,1,34053120,windows,0,7055,7032.5,41,0,0,0,0,0,0,27,13,1
542.571,0,33671168,windows,0,100,100,5,0,0,0,0,0,0,4,1,0
542.704,1,34066432,windows,0,7055,7032.5,41,0,0,0,0,0,0,27,13,1
542.823,0,33684480,windows,0,100,100,5,0,0,0,0,0,0,4,1,0
542.97,1,34080768,windows,0,7055,7032.5,41,0,0,0,0,0,0,27,13,1
543.086,0,33697792,windows,0,100,100,5,0,0,0,0,0,0,4,1,0
543.222,1,34094080,windows,0,7055,7032.5,41,0,0,0,0,0,0,27,13,1
543.343,0,33712128,windows,0,100,100,5,0,0,0,0,0,0,4,1,0
543.488,1,34109440,windows,0,7055,7032.5,41,0,0,0,0,0,0,27,13,1
543.611,0,33726464,windows,0,100,100,5,0,0,0,0,0,0,4,1,0
543.738,1,34123776,windows,0,7055,7032.5,41,0,0,0,0,0,0,27,13,1
543.875,0,33739776,windows,0,100,100,5,0,0,0,0,0,0,4,1,0
543.999,1,34139136,windows,0,7055,7032.5,41,0,0,0,0,0,0,27,13,1
544.137,0,33753088,windows,0,100,100,5,0,0,0,0,0,0,4,1,0
544.259,1,34154496,windows,0,7055,7032.5,41,0,0,0,0,0,0,27,13,1
544.394,0,33767424,windows,0,100,100,5,0,0,0,0,0,0,4,1,0
544.514,1,34169856,windows,0,7055,7032.5,41,0,0,0,0,0,0,27,13,1
544.66,0,33782784,windows,0,100,100,5,0,0,0,0,0,0,4,1,0
544.764,1,34184192,windows,0,7055,7032.5,41,0,0,0,0,0,0,27,13,1
544.922,0,33798144,windows,0,100,100,5,0,0,0,0,0,0,4,1,0
545.021,1,34199552,windows,0,7055,7032.5,41,0,0,0,0,0,0,27,13,1
545.174,0,33815552,windows,0,100,100,5,0,0,0,0,0,0,4,1,0
545.275,1,34214912,windows,0,7055,7032.5,41,0,0,0,0,0,0,27,13,1
545.441,0,33833984,windows,0,100,100,5,0,0,0,0,0,0,4,1,0
545.531,1,34230272,windows,0,7055,7032.5,41,0,0,0,0,0,0,27,13,1
545.693,0,33850368,repair,0,100,100,5,0,0,0,0,0,0,4,1,0
545.796,1,34245632,windows,0,7055,7032.5,41,0,0,0,0,0,0,27,13,1
545.955,0,33864704,windows,0,100,100,5,0,0,0,0,0,0,4,1,0
546.05,1,34263040,windows,0,100,100,5,0,0,0,0,0,0,4,1,0
546.221,0,33880064,windows,0,100,100,5,0,0,0,0,0,0,4,1,0
546.302,1,34280448,windows,0,100,100,5,0,0,0,0,0,0,4,1,0
546.481,0,33895424,windows,0,100,100,5,0,0,0,0,0,0,4,1,0
546.555,1,34297856,windows,0,100,100,5,0,0,0,0,0,0,4,1,0
546.742,0,33909760,windows,0,100,100,5,0,0,0,0,0,0,4,1,0
546.812,1,34314240,repair,0,100,100,5,0,0,0,0,0,0,4,1,0
546.994,0,33924096,windows,0,100,100,5,0,0,0,0,0,0,4,1,0
547.078,1,34329600,repair,0,100,100,5,0,0,0,0,0,0,4,1,0
547.259,0,33938432,windows,0,100,100,5,0,0,0,0,0,0,4,1,0
547.33,1,34343936,windows,0,100,100,5,0,0,0,0,0,0,4,1,0
547.528,0,33952768,windows,0,100,100,5,0,0,0,0,0,0,4,1,0
547.596,1,34359296,windows,0,100,100,5,0,0,0,0,0,0,4,1,0
547.779,0,33967104,windows,0,100,100,5,0,0,0,0,0,0,4,1,0
547.866,1,34373632,windows,0,100,100,5,0,0,0,0,0,0,4,1,0
548.029,0,33981440,windows,0,100,100,5,0,0,0,0,0,0,4,1,0
548.118,1,34386944,windows,0,100,100,5,0,0,0,0,0,0,4,1,0
548.294,0,33995776,windows,0,100,100,5,0,0,0,0,0,0,4,1,0
548.371,1,34400256,windows,0,100,100,5,0,0,0,0,0,0,4,1,0
548.552,0,34010112,windows,0,100,100,5,0,0,0,0,0,0,4,1,0
548.629,1,34414592,windows,0,100,100,5,0,0,0,0,0,0,4,1,0
548.805,0,34023424,windows,0,100,100,5,0,0,0,0,0,0,4,1,0
548.891,1,34428928,windows,0,100,100,5,0,0,0,0,0,0,4,1,0
549.062,0,34037760,windows,0,100,100,5,0,0,0,0,0,0,4,1,0
549.152,1,34445312,windows,0,100,100,5,0,0,0,0,0,0,4,1,0
549.317,0,34052096,windows,0,100,100,5,0,0,0,0,0,0,4,1,0
549.407,1,34462720,windows,0,100,100,5,0,0,0,0,0,0,4,1,0
549.572,0,34067456,windows,0,100,100,5,0,0,0,0,0,0,4,1,0
549.657,1,34480128,windows,0,100,100,5,0,0,0,0,0,0,4,1,0
549.833,0,34084864,windows,0,100,100,5,0,0,0,0,0,0,4,1,0
549.909,1,34497536,windows,0,100,100,5,0,0,0,0,0,0,4,1,0
550.089,0,34103296,windows,0,100,100,5,0,0,0,0,0,0,4,1,0
550.161,1,34516992,windows,0,100,100,5,0,0,0,0,0,0,4,1,0
550.351,0,34120704,repair,0,100,100,5,0,0,0,0,0,0,4,1,0
550.411,1,34535424,windows,0,100,100,5,0,0,0,0,0,0,4,1,0
550.603,0,34138112,repair,0,100,100,5,0,0,0,0,0,0,4,1,0
550.673,1,34554880,windows,0,100,100,5,0,0,0,0,0,0,4,1,0
550.86,0,34155520,repair,0,100,100,5,0,0,0,0,0,0,4,1,0
550.927,1,34574336,windows,0,100,100,5,0,0,0,0,0,0,4,1,0
551.116,0,34173952,windows,0,100,100,5,0,0,0,0,0,0,4,1,0
551.179,1,34593792,windows,0,100,100,5,0,0,0,0,0,0,4,1,0
551.372,0,34192384,windows,0,100,100,5,0,0,0,0,0,0,4,1,0
551.435,1,34614272,windows,0,100,100,5,0,0,0,0,0,0,4,1,0
551.628,0,34210816,windows,0,100,100,5,0,0,0,0,0,0,4,1,0
551.699,1,34636800,windows,0,100,100,5,0,0,0,0,0,0,4,1,0
551.883,0,34227200,windows,0,100,100,5,0,0,0,0,0,0,4,1,0
551.957,1,34658304,windows,0,100,100,5,0,0,0,0,0,0,4,1,0
552.138,0,34241536,windows,0,100,100,5,0,0,0,0,0,0,4,1,0
552.213,1,34679808,windows,0,100,100,5,0,0,0,0,0,0,4,1,0
552.396,0,34255872,windows,0,100,100,5,0,0,0,0,0,0,4,1,0
552.464,1,34700288,windows,0,100,100,5,0,0,0,0,0,0,4,1,0
552.656,0,34270208,windows,0,100,100,5,0,0,0,0,0,0,4,1,0
552.717,1,34718720,windows,0,100,100,5,0,0,0,0,0,0,4,1,0
552.908,0,34285568,windows,0,100,100,5,0,0,0,0,0,0,4,1,0
552.977,1,34736128,windows,0,100,100,5,0,0,0,0,0,0,4,1,0
553.159,0,34301952,windows,0,100,100,5,0,0,0,0,0,0,4,1,0
553.232,1,34754560,windows,0,100,100,5,0,0,0,0,0,0,4,1,0
553.41,0,34318336,windows,0,100,100,5,0,0,0,0,0,0,4,1,0
553.489,1,34771968,windows,0,100,100,5,0,0,0,0,0,0,4,1,0
553.668,0,34335744,windows,0,100,100,5,0,0,0,0,0,0,4,1,0
553.749,1,34790400,windows,0,100,100,5,0,0,0,0,0,0,4,1,0
553.921,0,34351104,windows,0,100,100,5,0,0,0,0,0,0,4,1,0
554.001,1,34808832,windows,0,100,100,5,0,0,0,0,0,0,4,1,0
554.177,0,34367488,windows,0,100,100,5,0,0,0,0,0,0,4,1,0
554.26,1,34827264,windows,0,100,100,5,0,0,0,0,0,0,4,1,0
554.44,0,34384896,windows,0,100,100,5,0,0,0,0,0,0,4,1,0
554.515,1,34845696,windows,0,100,100,5,0,0,0,0,0,0,4,1,0
554.7,0,34402304,windows,0,100,100,5,0,0,0,0,0,0,4,1,0
554.767,1,34864128,windows,0,100,100,5,0,0,0,0,0,0,4,1,0
554.96,0,34420736,windows,0,100,100,5,0,0,0,0,0,0,4,1,0
555.017,1,34880512,windows,0,100,100,5,0,0,0,0,0,0,4,1,0
555.217,0,34438144,windows,0,100,100,5,0,0,0,0,0,0,4,1,0
555.282,1,34898944,windows,0,100,100,5,0,0,0,0,0,0,4,1,0
555.476,0,34456576,windows,0,100,100,5,0,0,0,0,0,0,4,1,0
555.533,1,34917376,windows,0,100,100,5,0,0,0,0,0,0,4,1,0
555.726,0,34475008,windows,0,100,100,5,0,0,0,0,0,0,4,1,0
555.792,1,34934784,windows,0,100,100,5,0,0,0,0,0,0,4,1,0
555.985,0,34493440,repair,0,100,100,5,0,0,0,0,0,0,4,1,0
556.051,1,34953216,windows,0,100,100,5,0,0,0,0,0,0,4,1,0
556.238,0,34509824,repair,0,100,100,5,0,0,0,0,0,0,4,1,0
556.314,1,34971648,windows,0,100,100,5,0,0,0,0,0,0,4,1,0
556.494,0,34527232,windows,0,100,100,5,0,0,0,0,0,0,4,1,0
556.579,1,34990080,windows,0,100,100,5,0,0,0,0,0,0,4,1,0
556.759,0,34544640,windows,0,100,100,5,0,0,0,0,0,0,4,1,0
556.842,1,35008512,windows,0,100,100,5,0,0,0,0,0,0,4,1,0
557.019,0,34561024,windows,0,100,100,5,0,0,0,0,0,0,4,1,0
557.097,1,35026944,windows,0,100,100,5,0,0,0,0,0,0,4,1,0
557.281,0,34575360,windows,0,100,100,5,0,0,0,0,0,0,4,1,0
557.35,1,35043328,windows,0,100,100,5,0,0,0,0,0,0,4,1,0
557.538,0,34589696,windows,0,100,100,5,0,0,0,0,0,0,4,1,0
557.604,1,35057664,windows,0,100,100,5,0,0,0,0,0,0,4,1,0
557.791,0,34603008,windows,0,100,100,5,0,0,0,0,0,0,4,1,0
557.856,1,35075072,windows,0,100,100,5,0,0,0,0,0,0,4,1,0
558.048,0,34616320,windows,0,100,100,5,0,0,0,0,0,0,4,1,0
558.113,1,35093504,windows,0,100,100,5,0,0,0,0,0,0,4,1,0
558.309,0,34631680,windows,0,100,100,5,0,0,0,0,0,0,4,1,0
558.368,1,35110912,windows,0,100,100,5,0,0,0,0,0,0,4,1,0
558.561,0,34646016,windows,0,100,100,5,0,0,0,0,0,0,4,1,0
558.626,1,35128320,windows,0,100,100,5,0,0,0,0,0,0,4,1,0
558.817,0,34657280,repair,989,1.31108e+08,1.31095e+08,4594,42,105,91,479,272,0,2579,1806,209
558.893,1,35144704,repair,0,100,100,5,0,0,0,0,0,0,4,1,0
559.076,0,34673664,repair,691,3.03796e+08,3.03796e+08,7518,49,151,138,235,118,0,4093,3230,195
559.147,1,35160064,repair,0,100,100,5,0,0,0,0,0,0,4,1,0
559.336,0,34691072,repair,598,2.57113e+08,2.57113e+08,6994,39,111,92,226,130,0,3909,2928,157
559.397,1,35175424,repair,0,100,100,5,0,0,0,0,0,0,4,1,0
559.591,0,34707456,repair,507,2.36622e+08,2.36618e+08,6783,29,110,88,182,98,0,3855,2792,136
559.68,1,35192832,windows,0,100,100,5,0,0,0,0,0,0,4,1,0
559.855,0,34724864,repair,404,2.28056e+08,2.28032e+08,6778,30,73,75,151,75,0,3917,2711,150
559.939,1,35208192,windows,0,100,100,5,0,0,0,0,0,0,4,1,0
560.108,0,34742272,repair,350,1.92684e+08,1.9268e+08,6322,17,52,51,160,70,0,3740,2437,145
560.204,1,35223552,windows,0,100,100,5,0,0,0,0,0,0,4,1,0
560.364,0,34761728,repair,276,1.88948e+08,1.88948e+08,6295,15,46,30,121,64,0,3765,2403,127
560.467,1,35240960,windows,0,100,100,5,0,0,0,0,0,0,4,1,0
560.614,0,34781184,repair,211,1.8219e+08,1.82168e+08,6167,6,31,40,82,52,0,3644,2389,134
560.722,1,35256320,windows,0,100,100,5,0,0,0,0,0,0,4,1,0
560.875,0,34800640,repair,149,1.71859e+08,1.71855e+08,6001,5,27,22,57,38,0,3545,2323,133
560.974,1,35272704,windows,0,100,100,5,0,0,0,0,0,0,4,1,0
561.139,0,34820096,repair,105,1.60821e+08,1.60755e+08,5854,1,15,13,44,32,0,3505,2220,129
561.225,1,35288064,windows,0,100,100,5,0,0,0,0,0,0,4,1,0
561.391,0,34838528,repair,78,1.39482e+08,1.39441e+08,5488,1,17,8,34,18,0,3321,2046,121
561.478,1,35304448,windows,0,100,100,5,0,0,0,0,0,0,4,1,0
561.65,0,34857984,repair,48,1.18094e+08,1.18076e+08,5088,3,9,8,21,7,0,3140,1850,98
561.73,1,35319808,windows,0,100,100,5,0,0,0,0,0,0,4,1,0
561.905,0,34878464,repair,21,1.12422e+08,1.12419e+08,4962,0,4,4,8,5,0,3058,1808,96
561.981,1,35337216,windows,0,100,100,5,0,0,0,0,0,0,4,1,0
562.158,0,34897920,repair,11,9.97712e+07,9.97712e+07,4733,1,2,1,4,3,0,3002,1651,80
562.245,1,35353600,windows,0,100,100,5,0,0,0,0,0,0,4,1,0
562.411,0,34917376,repair,4,8.64793e+07,8.64462e+07,4414,0,1,0,3,0,0,2801,1534,79
562.503,1,35367936,windows,0,100,100,5,0,0,0,0,0,0,4,1,0
562.667,0,34936832,repair,0,7.04646e+07,7.04627e+07,4022,0,0,0,0,0,0,2614,1345,63
562.756,1,35382272,windows,0,100,100,5,0,0,0,0,0,0,4,1,0
562.929,0,34955264,windows,0,5.61005e+07,5.60754e+07,3627,0,0,0,0,0,0,2402,1165,60
563.018,1,35397632,windows,0,100,100,5,0,0,0,0,0,0,4,1,0
563.191,0,34973696,windows,0,4.47335e+07,4.47319e+07,3266,0,0,0,0,0,0,2202,1010,54
563.279,1,35412992,windows,0,100,100,5,0,0,0,0,0,0,4,1,0
563.454,0,34991104,windows,0,3.42405e+07,3.42205e+07,2833,0,0,0,0,0,0,1862,917,54
563.537,1,35428352,windows,0,100,100,5,0,0,0,0,0,0,4,1,0
563.707,0,35008512,windows,0,2.75649e+07,2.75469e+07,2528,0,0,0,0,0,0,1651,833,44
563.794,1,35442688,windows,0,100,100,5,0,0,0,0,0,0,4,1,0
563.96,0,35024896,windows,0,2.30633e+07,2.30633e+07,2348,0,0,0,0,0,0,1577,727,44
564.046,1,35461120,windows,0,100,100,5,0,0,0,0,0,0,4,1,0
564.219,0,35042304,windows,0,1.93043e+07,1.93032e+07,2162,0,0,0,0,0,0,1483,643,36
564.306,1,35479552,windows,0,100,100,5,0,0,0,0,0,0,4,1,0
564.482,0,35057664,windows,0,1.56299e+07,1.56299e+07,1966,0,0,0,0,0,0,1385,548,33
564.561,1,35496960,windows,0,100,100,5,0,0,0,0,0,0,4,1,0
564.745,0,35073024,windows,0,1.32454e+07,1.32454e+07,1808,0,0,0,0,0,0,1250,519,39
564.817,1,35510272,repair,890,1.97471e+08,1.97465e+08,6057,68,180,142,334,166,0,3410,2448,199
565.008,0,35089408,windows,0,1.12621e+07,1.12613e+07,1656,0,0,0,0,0,0,1145,484,27
565.069,1,35529728,repair,670,2.64348e+08,2.64289e+08,7162,52,135,102,238,143,0,4042,2926,194
565.263,0,35104768,windows,0,9.70486e+06,9.69844e+06,1558,0,0,0,0,0,0,1106,422,30
565.323,1,35549184,repair,541,2.4884e+08,2.48758e+08,7044,32,106,86,202,115,0,4069,2814,161
565.524,0,35121152,windows,0,7.87558e+06,7.87017e+06,1373,0,0,0,0,0,0,921,425,27
565.579,1,35569664,repair,426,2.39478e+08,2.39478e+08,6981,25,79,87,160,75,0,4052,2761,168
565.781,0,35136512,windows,0,6.52882e+06,6.5208e+06,1254,0,0,0,0,0,0,861,375,18
565.833,1,35589120,repair,337,2.15628e+08,2.15604e+08,6658,27,78,59,116,57,0,3903,2611,144
566.044,0,35152896,windows,0,5.57398e+06,5.56932e+06,1173,0,0,0,0,0,0,831,325,17
566.095,1,35609600,repair,265,1.96476e+08,1.96421e+08,6257,10,55,40,96,64,0,3585,2550,122
566.306,0,35169280,windows,0,4.78531e+06,4.78531e+06,1091,0,0,0,0,0,0,784,292,15
566.347,1,35629056,repair,202,1.8017e+08,1.80104e+08,6046,4,28,29,103,38,0,3512,2417,117
566.572,0,35186688,windows,0,3.77715e+06,3.77715e+06,959,0,0,0,0,0,0,660,282,17
566.606,1,35650560,repair,150,1.5268e+08,1.52663e+08,5702,9,35,21,55,30,0,3451,2148,103
566.835,0,35203072,windows,0,3.09278e+06,3.08967e+06,880,0,0,0,0,0,0,623,239,18
566.867,1,35670016,repair,108,1.44881e+08,1.44878e+08,5554,3,21,16,46,22,0,3373,2091,90
567.091,0,35220480,windows,0,2.57125e+06,2.57125e+06,806,0,0,0,0,0,0,572,215,19
567.127,1,35690496,repair,80,1.22235e+08,1.22219e+08,5182,4,13,12,35,16,0,3229,1867,86
567.343,0,35236864,windows,0,2.1553e+06,2.15473e+06,737,0,0,0,0,0,0,517,201,19
567.378,1,35708928,repair,38,1.20285e+08,1.20282e+08,5211,0,9,4,14,11,0,3323,1800,88
567.607,0,35253248,windows,0,1.71386e+06,1.71357e+06,644,0,0,0,0,0,0,443,191,10
567.636,1,35729408,repair,22,1.06562e+08,1.06544e+08,4923,0,1,2,15,4,0,3170,1675,78
567.859,0,35269632,windows,0,1.33824e+06,1.33262e+06,575,0,0,0,0,0,0,399,164,12
567.896,1,35749888,repair,8,9.21835e+07,9.21375e+07,4574,0,0,1,4,3,0,2924,1569,81
568.111,0,35287040,windows,0,1.09486e+06,1.0918e+06,517,0,0,0,0,0,0,353,153,11
568.156,1,35770368,repair,0,8.79226e+07,8.78903e+07,4504,0,0,0,0,0,0,2930,1497,77
568.365,0,35303424,windows,0,947925,945849,489,0,0,0,0,0,0,345,132,12
568.409,1,35790848,repair,0,6.60834e+07,6.60816e+07,3925,0,0,0,0,0,0,2595,1271,59
568.622,0,35320832,windows,0,760705,759231,432,0,0,0,0,0,0,295,127,10
568.664,1,35810304,windows,0,5.03488e+07,5.03488e+07,3431,0,0,0,0,0,0,2263,1110,58
568.872,0,35337216,windows,0,591140,588792,384,0,0,0,0,0,0,270,106,8
568.922,1,35826688,windows,0,4.09499e+07,4.09376e+07,3143,0,0,0,0,0,0,2145,945,53
569.123,0,35353600,windows,0,482095,480200,347,0,0,0,0,0,0,245,95,7
569.172,1,35844096,windows,0,3.40479e+07,3.4021e+07,2876,0,0,0,0,0,0,1976,850,50
569.38,0,35371008,windows,0,392840,392840,315,0,0,0,0,0,0,222,85,8
569.424,1,35860480,windows,0,2.71512e+07,2.71427e+07,2527,0,0,0,0,0,0,1700,796,31
569.633,0,35388416,windows,0,341220,341220,293,0,0,0,0,0,0,204,81,8
569.68,1,35877888,windows,0,2.19335e+07,2.19249e+07,2277,0,0,0,0,0,0,1534,712,31
569.889,0,35404800,windows,0,242930,242930,245,0,0,0,0,0,0,166,72,7
569.936,1,35894272,windows,0,1.83792e+07,1.83792e+07,2106,0,0,0,0,0,0,1452,625,29
570.149,0,35420160,windows,0,204095,204095,227,0,0,0,0,0,0,157,63,7
570.198,1,35911680,windows,0,1.55258e+07,1.55145e+07,1946,0,0,0,0,0,0,1350,565,31
570.404,0,35436544,windows,0,176215,176215,211,0,0,0,0,0,0,145,59,7
570.461,1,35928064,windows,0,1.22955e+07,1.22946e+07,1737,0,0,0,0,0,0,1209,498,30
570.668,0,35452928,windows,0,157645,157645,199,0,0,0,0,0,0,133,58,8
570.719,1,35943424,windows,0,1.02432e+07,1.02286e+07,1585,0,0,0,0,0,0,1101,456,28
570.931,0,35469312,windows,0,119645,118869,171,0,0,0,0,0,0,109,54,8
570.973,1,35958784,windows,0,8.62604e+06,8.62604e+06,1459,0,0,0,0,0,0,1031,406,22
571.194,0,35486720,windows,0,102535,101046,159,0,0,0,0,0,0,103,49,7
571.234,1,35975168,windows,0,7.30744e+06,7.30687e+06,1338,0,0,0,0,0,0,939,380,19
571.459,0,35504128,windows,0,88210,87335,149,0,0,0,0,0,0,98,44,7
571.5,1,35991552,windows,0,5.93748e+06,5.92591e+06,1202,0,0,0,0,0,0,841,346,15
571.714,0,35520512,windows,0,80180,80180,141,0,0,0,0,0,0,96,41,4
571.762,1,36006912,windows,0,4.84637e+06,4.84206e+06,1095,0,0,0,0,0,0,786,296,13
571.979,0,35537920,windows,0,64640,64640,126,0,0,0,0,0,0,84,38,4
572.023,1,36024320,windows,0,3.94816e+06,3.93919e+06,984,0,0,0,0,0,0,699,274,11
572.233,0,35555328,windows,0,54505,53770,114,0,0,0,0,0,0,73,37,4
572.275,1,36040704,windows,0,3.36495e+06,3.36463e+06,908,0,0,0,0,0,0,642,255,11
572.491,0,35572736,windows,0,49480,48785,109,0,0,0,0,0,0,70,35,4
572.534,1,36057088,windows,0,2.69983e+06,2.69493e+06,814,0,0,0,0,0,0,574,229,11
572.755,0,35590144,windows,0,43405,43071.2,103,0,0,0,0,0,0,67,32,4
572.792,1,36072448,windows,0,2.13899e+06,2.13484e+06,723,0,0,0,0,0,0,504,208,11
573.009,0,35606528,windows,0,41480,40516.2,99,0,0,0,0,0,0,62,33,4
573.056,1,36088832,windows,0,1.73509e+06,1.73271e+06,660,0,0,0,0,0,0,476,173,11
573.262,0,35622912,windows,0,31345,30770,86,0,0,0,0,0,0,53,29,4
573.316,1,36105216,windows,0,1.41368e+06,1.41129e+06,595,0,0,0,0,0,0,433,154,8
573.525,0,35640320,windows,0,30185,29376.2,86,0,0,0,0,0,0,55,27,4
573.571,1,36121600,windows,0,1.18784e+06,1.18581e+06,545,0,0,0,0,0,0,407,134,4
573.781,0,35656704,windows,0,27560,27065,83,0,0,0,0,0,0,54,25,4
573.823,1,36136960,windows,0,901060,899361,471,0,0,0,0,0,0,340,127,4
574.034,0,35673088,windows,0,26185,26185,82,0,0,0,0,0,0,55,23,4
574.083,1,36153344,windows,0,708980,707461,419,0,0,0,0,0,0,304,111,4
574.303,0,35687424,windows,0,24065,23610,78,0,0,0,0,0,0,51,23,4
574.348,1,36169728,windows,0,590180,588225,384,0,0,0,0,0,0,282,98,4
574.561,0,35703808,windows,0,21805,21561.2,73,0,0,0,0,0,0,49,22,2
574.61,1,36187136,windows,0,484765,483399,347,0,0,0,0,0,0,251,92,4
574.818,0,35721216,windows,0,20610,19956.2,72,0,0,0,0,0,0,48,21,3
574.874,1,36204544,windows,0,359030,357839,298,0,0,0,0,0,0,210,83,5
575.071,0,35736576,windows,0,18700,18076.2,68,0,0,0,0,0,0,46,20,2
575.133,1,36220928,windows,0,289580,288591,272,0,0,0,0,0,0,198,68,6
575.338,0,35752960,windows,0,16940,16336.2,64,0,0,0,0,0,0,42,20,2
575.399,1,36238336,windows,0,227270,227068,242,0,0,0,0,0,0,174,61,7
575.603,0,35770368,windows,0,16525,16321.2,63,0,0,0,0,0,0,41,20,2
575.649,1,36255744,windows,0,192855,192061,223,0,0,0,0,0,0,159,57,7
575.855,0,35786752,windows,0,15145,15145,62,0,0,0,0,0,0,43,17,2
575.91,1,36273152,windows,0,142850,142079,187,0,0,0,0,0,0,126,56,5
576.108,0,35803136,windows,0,14600,14046.2,60,0,0,0,0,0,0,40,18,2
576.17,1,36290560,windows,0,121640,121071,171,0,0,0,0,0,0,114,53,4
576.381,0,35820544,windows,0,12225,11930,56,0,0,0,0,0,0,39,15,2
576.43,1,36308992,windows,0,98750,98607.5,159,0,0,0,0,0,0,112,42,5
576.632,0,35837952,windows,0,11365,10876.2,53,0,0,0,0,0,0,35,16,2
576.684,1,36326400,windows,0,81695,81191.2,143,0,0,0,0,0,0,101,39,3
576.898,0,35854336,windows,0,10685,10370,51,0,0,0,0,0,0,33,16,2
576.947,1,36343808,windows,0,56115,55520,120,0,0,0,0,0,0,87,30,3
577.153,0,35871744,windows,0,10065,10065,50,0,0,0,0,0,0,33,15,2
577.208,1,36361216,windows,0,49070,48136.2,113,0,0,0,0,0,0,84,26,3
577.41,0,35889152,windows,0,10065,10065,50,0,0,0,0,0,0,33,15,2
577.461,1,36377600,windows,0,40520,40141.2,102,0,0,0,0,0,0,76,24,2
577.675,0,35906560,windows,0,9160,9001.25,48,0,0,0,0,0,0,32,14,2
577.724,1,36395008,windows,0,37445,37101.2,97,0,0,0,0,0,0,69,26,2
577.928,0,35921920,windows,0,8845,8691.25,47,0,0,0,0,0,0,31,14,2
577.978,1,36411392,windows,0,29630,29630,87,0,0,0,0,0,0,68,18,1
578.189,0,35938304,windows,0,8245,7826.25,45,0,0,0,0,0,0,29,14,2
578.231,1,36426752,windows,0,26290,25636.2,82,0,0,0,0,0,0,64,17,1
578.44,0,35954688,windows,0,8245,7826.25,45,0,0,0,0,0,0,29,14,2
578.483,1,36443136,windows,0,23810,23153.8,78,0,0,0,0,0,0,60,17,1
578.7,0,35971072,windows,0,7960,7685,44,0,0,0,0,0,0,28,14,2
578.74,1,36460544,windows,0,22755,22400,76,0,0,0,0,0,0,57,18,1
578.963,0,35989504,windows,0,7410,7261.25,43,0,0,0,0,0,0,30,12,1
578.992,1,36477952,windows,0,22055,21436.2,75,0,0,0,0,0,0,57,17,1
579.217,0,36007936,windows,0,6555,6555,40,0,0,0,0,0,0,27,12,1
579.249,1,36496384,windows,0,17815,17480,67,0,0,0,0,0,0,49,17,1
579.468,0,36026368,windows,0,6370,6231.25,40,0,0,0,0,0,0,28,11,1
579.504,1,36514816,windows,0,16535,16535,65,0,0,0,0,0,0,49,15,1
579.72,0,36043776,windows,0,6095,5961.25,39,0,0,0,0,0,0,27,11,1
579.76,1,36532224,windows,0,14995,14761.2,62,0,0,0,0,0,0,47,14,1
579.971,0,36061184,windows,0,5570,5570,38,0,0,0,0,0,0,28,9,1
580.019,1,36550656,windows,0,13775,13775,59,0,0,0,0,0,0,43,15,1
580.233,0,36079616,windows,0,5295,5295,37,0,0,0,0,0,0,27,9,1
580.279,1,36569088,windows,0,11730,11707.5,55,0,0,0,0,0,0,42,12,1
580.494,0,36096000,windows,0,5295,5295,37,0,0,0,0,0,0,27,9,1
580.534,1,36585472,windows,0,11375,11191.2,53,0,0,0,0,0,0,37,15,1
580.748,0,36111360,windows,0,5295,5295,37,0,0,0,0,0,0,27,9,1
580.798,1,36601856,windows,0,9395,9231.25,48,0,0,0,0,0,0,33,14,1
581.001,0,36129792,windows,0,5295,5295,37,0,0,0,0,0,0,27,9,1
581.062,1,36619264,windows,0,9190,9190,48,0,0,0,0,0,0,34,13,1
581.256,0,36146176,windows,0,5295,5295,37,0,0,0,0,0,0,27,9,1
581.318,1,36635648,windows,0,8030,7848.75,45,0,0,0,0,0,0,32,12,1
581.513,0,36166656,windows,0,100,100,5,0,0,0,0,0,0,4,1,0
581.582,1,36654080,windows,0,7570,7388.75,44,0,0,0,0,0,0,32,11,1
581.763,0,36188160,windows,0,100,100,5,0,0,0,0,0,0,4,1,0
581.84,1,36672512,windows,0,7475,7288.75,44,0,0,0,0,0,0,33,10,1
582.028,0,36211712,windows,0,100,100,5,0,0,0,0,0,0,4,1,0
582.1,1,36689920,windows,0,7095,6897.5,43,0,0,0,0,0,0,33,9,1
582.279,0,36233216,windows,0,100,100,5,0,0,0,0,0,0,4,1,0
582.357,1,36709376,windows,0,6455,6432.5,41,0,0,0,0,0,0,31,9,1
582.535,0,36255744,windows,0,100,100,5,0,0,0,0,0,0,4,1,0
582.621,1,36729856,windows,0,6455,6432.5,41,0,0,0,0,0,0,31,9,1
582.795,0,36276224,windows,0,100,100,5,0,0,0,0,0,0,4,1,0
582.882,1,36747264,windows,0,6455,6432.5,41,0,0,0,0,0,0,31,9,1
583.046,0,36293632,windows,0,100,100,5,0,0,0,0,0,0,4,1,0
583.138,1,36764672,windows,0,5855,5832.5,39,0,0,0,0,0,0,29,9,1
583.307,0,36312064,windows,0,100,100,5,0,0,0,0,0,0,4,1,0
583.395,1,36783104,windows,0,5675,5457.5,38,0,0,0,0,0,0,27,10,1
583.558,0,36329472,windows,0,100,100,5,0,0,0,0,0,0,4,1,0
583.656,1,36802560,windows,0,5230,5207.5,37,0,0,0,0,0,0,28,8,1
583.818,0,36347904,windows,0,100,100,5,0,0,0,0,0,0,4,1,0
583.913,1,36822016,windows,0,4955,4798.75,36,0,0,0,0,0,0,27,8,1
584.071,0,36366336,windows,0,100,100,5,0,0,0,0,0,0,4,1,0
584.173,1,36841472,windows,0,4955,4798.75,36,0,0,0,0,0,0,27,8,1
584.323,0,36384768,windows,0,100,100,5,0,0,0,0,0,0,4,1,0
584.426,1,36859904,windows,0,4690,4538.75,35,0,0,0,0,0,0,26,8,1
584.583,0,36403200,windows,0,100,100,5,0,0,0,0,0,0,4,1,0
584.688,1,36879360,windows,0,4405,4126.25,33,0,0,0,0,0,0,25,8,0
584.841,0,36422656,windows,0,100,100,5,0,0,0,0,0,0,4,1,0
584.949,1,36898816,windows,0,4405,4126.25,33,0,0,0,0,0,0,25,8,0
585.098,0,36444160,windows,0,100,100,5,0,0,0,0,0,0,4,1,0
585.21,1,36918272,windows,0,4405,4126.25,33,0,0,0,0,0,0,25,8,0
585.359,0,36465664,windows,0,100,100,5,0,0,0,0,0,0,4,1,0
585.469,1,36935680,windows,0,3925,3656.25,31,0,0,0,0,0,0,23,8,0
585.622,0,36485120,windows,0,100,100,5,0,0,0,0,0,0,4,1,0
585.732,1,36953088,windows,0,3700,3700,30,0,0,0,0,0,0,22,8,0
585.876,0,36504576,windows,0,100,100,5,0,0,0,0,0,0,4,1,0
585.982,1,36970496,windows,0,3700,3700,30,0,0,0,0,0,0,22,8,0
586.134,0,36523008,windows,0,100,100,5,0,0,0,0,0,0,4,1,0
586.233,1,36988928,windows,0,3700,3700,30,0,0,0,0,0,0,22,8,0
586.389,0,36539392,windows,0,100,100,5,0,0,0,0,0,0,4,1,0
586.483,1,37008384,windows,0,3700,3700,30,0,0,0,0,0,0,22,8,0
586.647,0,36559872,windows,0,100,100,5,0,0,0,0,0,0,4,1,0
586.737,1,37028864,windows,0,3700,3700,30,0,0,0,0,0,0,22,8,0
586.899,0,36579328,repair,0,100,100,5,0,0,0,0,0,0,4,1,0
586.987,1,37051392,windows,0,100,100,5,0,0,0,0,0,0,4,1,0
587.153,0,36598784,windows,0,100,100,5,0,0,0,0,0,0,4,1,0
587.248,1,37075968,windows,0,100,100,5,0,0,0,0,0,0,4,1,0
587.406,0,36616192,windows,0,100,100,5,0,0,0,0,0,0,4,1,0
587.509,1,37098496,windows,0,100,100,5,0,0,0,0,0,0,4,1,0
587.664,0,36633600,windows,0,100,100,5,0,0,0,0,0,0,4,1,0
587.767,1,37121024,windows,0,100,100,5,0,0,0,0,0,0,4,1,0
587.927,0,36649984,windows,0,100,100,5,0,0,0,0,0,0,4,1,0
588.019,1,37142528,windows,0,100,100,5,0,0,0,0,0,0,4,1,0
588.186,0,36665344,windows,0,100,100,5,0,0,0,0,0,0,4,1,0
588.279,1,37160960,windows,0,100,100,5,0,0,0,0,0,0,4,1,0
588.437,0,36680704,windows,0,100,100,5,0,0,0,0,0,0,4,1,0
588.536,1,37181440,windows,0,100,100,5,0,0,0,0,0,0,4,1,0
588.692,0,36696064,windows,0,100,100,5,0,0,0,0,0,0,4,1,0
588.793,1,37200896,windows,0,100,100,5,0,0,0,0,0,0,4,1,0
588.959,0,36711424,windows,0,100,100,5,0,0,0,0,0,0,4,1,0
589.044,1,37220352,windows,0,100,100,5,0,0,0,0,0,0,4,1,0
589.219,0,36728832,windows,0,100,100,5,0,0,0,0,0,0,4,1,0
589.298,1,37240832,windows,0,100,100,5,0,0,0,0,0,0,4,1,0
589.479,0,36746240,windows,0,100,100,5,0,0,0,0,0,0,4,1,0
589.55,1,37262336,windows,0,100,100,5,0,0,0,0,0,0,4,1,0
589.73,0,36762624,windows,0,100,100,5,0,0,0,0,0,0,4,1,0
589.802,1,37279744,windows,0,100,100,5,0,0,0,0,0,0,4,1,0
589.993,0,36781056,windows,0,100,100,5,0,0,0,0,0,0,4,1,0
590.06,1,37301248,windows,0,100,100,5,0,0,0,0,0,0,4,1,0
590.253,0,36798464,windows,0,100,100,5,0,0,0,0,0,0,4,1,0
590.32,1,37321728,windows,0,100,100,5,0,0,0,0,0,0,4,1,0
590.515,0,36815872,windows,0,100,100,5,0,0,0,0,0,0,4,1,0
590.58,1,37341184,windows,0,100,100,5,0,0,0,0,0,0,4,1,0
590.766,0,36832256,windows,0,100,100,5,0,0,0,0,0,0,4,1,0
590.836,1,37359616,windows,0,100,100,5,0,0,0,0,0,0,4,1,0
591.019,0,36849664,windows,0,100,100,5,0,0,0,0,0,0,4,1,0
591.088,1,37377024,windows,0,100,100,5,0,0,0,0,0,0,4,1,0
591.281,0,36869120,windows,0,100,100,5,0,0,0,0,0,0,4,1,0
591.339,1,37395456,windows,0,100,100,5,0,0,0,0,0,0,4,1,0
591.535,0,36887552,windows,0,100,100,5,0,0,0,0,0,0,4,1,0
591.597,1,37414912,windows,0,100,100,5,0,0,0,0,0,0,4,1,0
591.793,0,36905984,windows,0,100,100,5,0,0,0,0,0,0,4,1,0
591.859,1,37434368,windows,0,100,100,5,0,0,0,0,0,0,4,1,0
592.051,0,36925440,windows,0,100,100,5,0,0,0,0,0,0,4,1,0
592.117,1,37454848,windows,0,100,100,5,0,0,0,0,0,0,4,1,0
592.303,0,36946944,windows,0,100,100,5,0,0,0,0,0,0,4,1,0
592.373,1,37473280,windows,0,100,100,5,0,0,0,0,0,0,4,1,0
592.557,0,36966400,windows,0,100,100,5,0,0,0,0,0,0,4,1,0
592.635,1,37491712,windows,0,100,100,5,0,0,0,0,0,0,4,1,0
592.815,0,36984832,repair,0,100,100,5,0,0,0,0,0,0,4,1,0
592.897,1,37511168,windows,0,100,100,5,0,0,0,0,0,0,4,1,0
593.072,0,37002240,windows,0,100,100,5,0,0,0,0,0,0,4,1,0
593.148,1,37528576,windows,0,100,100,5,0,0,0,0,0,0,4,1,0
593.326,0,37018624,windows,0,100,100,5,0,0,0,0,0,0,4,1,0
593.406,1,37550080,windows,0,100,100,5,0,0,0,0,0,0,4,1,0
593.59,0,37035008,windows,0,100,100,5,0,0,0,0,0,0,4,1,0
593.656,1,37570560,windows,0,100,100,5,0,0,0,0,0,0,4,1,0
593.841,0,37050368,windows,0,100,100,5,0,0,0,0,0,0,4,1,0
593.913,1,37587968,repair,0,100,100,5,0,0,0,0,0,0,4,1,0
594.104,0,37065728,windows,0,100,100,5,0,0,0,0,0,0,4,1,0
594.175,1,37605376,repair,0,100,100,5,0,0,0,0,0,0,4,1,0
594.358,0,37080064,windows,0,100,100,5,0,0,0,0,0,0,4,1,0
594.433,1,37621760,windows,0,100,100,5,0,0,0,0,0,0,4,1,0
594.611,0,37094400,windows,0,100,100,5,0,0,0,0,0,0,4,1,0
594.691,1,37636096,windows,0,100,100,5,0,0,0,0,0,0,4,1,0
594.868,0,37108736,windows,0,100,100,5,0,0,0,0,0,0,4,1,0
594.95,1,37652480,windows,0,100,100,5,0,0,0,0,0,0,4,1,0
595.123,0,37125120,windows,0,100,100,5,0,0,0,0,0,0,4,1,0
595.201,1,37666816,windows,0,100,100,5,0,0,0,0,0,0,4,1,0
595.377,0,37141504,windows,0,100,100,5,0,0,0,0,0,0,4,1,0
595.459,1,37683200,windows,0,100,100,5,0,0,0,0,0,0,4,1,0
595.628,0,37157888,windows,0,100,100,5,0,0,0,0,0,0,4,1,0
595.712,1,37699584,windows,0,100,100,5,0,0,0,0,0,0,4,1,0
595.883,0,37174272,windows,0,100,100,5,0,0,0,0,0,0,4,1,0
595.97,1,37715968,windows,0,100,100,5,0,0,0,0,0,0,4,1,0
596.139,0,37191680,windows,0,100,100,5,0,0,0,0,0,0,4,1,0
596.234,1,37734400,windows,0,100,100,5,0,0,0,0,0,0,4,1,0
596.392,0,37210112,windows,0,100,100,5,0,0,0,0,0,0,4,1,0
596.485,1,37751808,windows,0,100,100,5,0,0,0,0,0,0,4,1,0
596.655,0,37229568,windows,0,100,100,5,0,0,0,0,0,0,4,1,0
596.748,1,37770240,windows,0,100,100,5,0,0,0,0,0,0,4,1,0
596.914,0,37249024,windows,0,100,100,5,0,0,0,0,0,0,4,1,0
597.009,1,37787648,windows,0,100,100,5,0,0,0,0,0,0,4,1,0
597.169,0,37265408,windows,0,100,100,5,0,0,0,0,0,0,4,1,0
597.277,1,37803008,windows,0,100,100,5,0,0,0,0,0,0,4,1,0
597.42,0,37282816,windows,0,100,100,5,0,0,0,0,0,0,4,1,0
597.543,1,37817344,windows,0,100,100,5,0,0,0,0,0,0,4,1,0
597.678,0,37299200,windows,0,100,100,5,0,0,0,0,0,0,4,1,0
597.795,1,37831680,windows,0,100,100,5,0,0,0,0,0,0,4,1,0
597.932,0,37316608,windows,0,100,100,5,0,0,0,0,0,0,4,1,0
598.058,1,37844992,windows,0,100,100,5,0,0,0,0,0,0,4,1,0
598.183,0,37332992,windows,0,100,100,5,0,0,0,0,0,0,4,1,0
598.309,1,37859328,windows,0,100,100,5,0,0,0,0,0,0,4,1,0
598.444,0,37349376,windows,0,100,100,5,0,0,0,0,0,0,4,1,0
598.568,1,37877760,windows,0,100,100,5,0,0,0,0,0,0,4,1,0
598.695,0,37365760,windows,0,100,100,5,0,0,0,0,0,0,4,1,0
598.825,1,37896192,windows,0,100,100,5,0,0,0,0,0,0,4,1,0
598.959,0,37383168,windows,0,100,100,5,0,0,0,0,0,0,4,1,0
599.078,1,37914624,windows,0,100,100,5,0,0,0,0,0,0,4,1,0
599.223,0,37400576,windows,0,100,100,5,0,0,0,0,0,0,4,1,0
599.334,1,37931008,windows,0,100,100,5,0,0,0,0,0,0,4,1,0
599.478,0,37417984,windows,0,100,100,5,0,0,0,0,0,0,4,1,0
599.593,1,37950464,windows,0,100,100,5,0,0,0,0,0,0,4,1,0
599.731,0,37434368,windows,0,100,100,5,0,0,0,0,0,0,4,1,0
599.856,1,37968896,windows,0,100,100,5,0,0,0,0,0,0,4,1,0
599.991,0,37452800,windows,0,100,100,5,0,0,0,0,0,0,4,1,0
600.006,0,37453824,end,0,100,100,5,0,0,0,0,0,0,4,1,0
600.007,1,37979136,end,0,100,100,5,0,0,0,0,0,0,4,1,0
