seconds,worker,moves,phase,hard,objective,surrogate,soft,lecturerConflicts,groupConflicts,roomConflicts,groupTravel,lecturerTravel,abstractRoomOverflow,lecturerWindows,groupWindows,mixedOnlineDays
0.0528991,1,0,start,1122,8.38935e+07,8.38836e+07,2202,0,0,0,732,390,0,1480,498,224
0.0583959,0,0,start,1100,8.1298e+07,8.12741e+07,2232,0,0,0,705,395,0,1525,490,217
0.309144,0,20480,repair,781,2.78282e+08,2.78196e+08,7270,71,174,125,280,131,0,4086,3001,183
0.31018,1,24576,repair,739,2.97817e+08,2.97811e+08,7560,62,167,120,230,160,0,4244,3120,196
0.564413,0,38912,repair,625,2.82228e+08,2.82222e+08,7433,38,131,109,239,108,0,4225,3024,184
0.565758,1,46080,repair,594,2.75773e+08,2.75752e+08,7332,48,113,115,202,116,0,4150,3010,172
0.81565,0,57344,repair,528,2.553e+08,2.553e+08,7122,38,114,109,184,83,0,4071,2877,174
0.820662,1,67584,repair,463,2.24734e+08,2.2471e+08,6724,30,100,73,173,87,0,3900,2674,150
1.06834,0,74752,repair,435,2.25892e+08,2.25814e+08,6802,31,85,78,155,86,0,3976,2663,163
1.07928,1,89088,repair,373,2.08859e+08,2.08859e+08,6510,22,80,56,135,80,0,3829,2568,113
1.33284,0,94208,repair,344,2.18109e+08,2.18056e+08,6694,21,49,51,147,76,0,3933,2618,143
1.34153,1,110592,repair,280,2.12311e+08,2.12292e+08,6598,18,44,31,115,72,0,3889,2590,119
1.58487,0,111616,repair,296,1.88598e+08,1.88549e+08,6255,18,43,38,124,73,0,3720,2415,120
1.60181,1,130048,repair,203,2.06641e+08,2.06619e+08,6510,7,34,42,74,46,0,3820,2572,118
1.84342,0,129024,repair,220,1.98931e+08,1.98908e+08,6362,11,51,40,72,46,0,3691,2542,129
1.86063,1,150528,repair,161,1.64217e+08,1.64151e+08,5812,11,21,23,68,38,0,3412,2291,109
2.09707,0,147456,repair,178,1.68678e+08,1.68674e+08,5977,10,29,30,76,33,0,3592,2269,116
2.11843,1,168960,repair,121,1.44051e+08,1.43993e+08,5535,4,25,20,48,24,0,3348,2090,97
2.35282,0,164864,repair,134,1.68326e+08,1.68326e+08,5990,6,20,22,54,32,0,3597,2266,127
2.37016,1,185344,repair,89,1.41024e+08,1.41007e+08,5564,6,11,11,42,19,0,3453,2011,100
2.61643,0,183296,repair,98,1.58098e+08,1.58037e+08,5755,4,14,16,47,17,0,3413,2227,115
2.62951,1,202752,repair,57,1.26138e+08,1.26138e+08,5288,2,5,10,24,16,0,3313,1883,92
2.87593,0,200704,repair,65,1.448e+08,1.44759e+08,5595,2,8,8,32,15,0,3412,2075,108
2.88931,1,220160,repair,34,1.22057e+08,1.22017e+08,5191,1,3,5,15,10,0,3246,1859,86
3.13445,0,219136,repair,49,1.19457e+08,1.19457e+08,5148,2,9,10,16,12,0,3226,1832,90
3.14966,1,237568,repair,21,1.05973e+08,1.05973e+08,4810,0,2,0,14,5,0,2992,1747,71
3.38528,0,239616,repair,30,1.02642e+08,1.02627e+08,4805,1,3,1,13,12,0,3073,1662,70
3.40597,1,253952,repair,10,9.51512e+07,9.51041e+07,4591,0,2,0,7,1,0,2884,1634,73
3.64421,0,261120,repair,8,1.03011e+08,1.02962e+08,4737,0,1,2,3,2,0,2932,1730,75
3.66706,1,271360,repair,2,9.03217e+07,9.02761e+07,4504,0,0,0,0,2,0,2868,1566,70
3.90432,0,282624,repair,1,8.40048e+07,8.40029e+07,4383,0,0,0,0,1,0,2850,1471,62
3.92612,1,288768,repair,2,8.02998e+07,8.0298e+07,4236,0,0,0,0,2,0,2693,1482,61
4.1584,0,303104,repair,1,6.6898e+07,6.68592e+07,3937,0,0,0,1,0,0,2576,1296,65
4.1917,1,307200,windows,0,5.79094e+07,5.78861e+07,3696,0,0,0,0,0,0,2479,1164,53
4.41443,0,322560,windows,0,5.44694e+07,5.44447e+07,3580,0,0,0,0,0,0,2374,1144,62
4.44747,1,321536,windows,0,4.85582e+07,4.85567e+07,3356,0,0,0,0,0,0,2212,1096,48
4.6883,0,339968,windows,0,4.23053e+07,4.22826e+07,3134,0,0,0,0,0,0,2029,1039,66
4.70544,1,334848,windows,0,4.13562e+07,4.1326e+07,3118,0,0,0,0,0,0,2087,988,43
4.94389,0,354304,windows,0,3.574e+07,3.57304e+07,2901,0,0,0,0,0,0,1920,928,53
4.96204,1,349184,windows,0,3.54478e+07,3.54478e+07,2901,0,0,0,0,0,0,1971,894,36
5.19407,0,367616,windows,0,3.03923e+07,3.0382e+07,2680,0,0,0,0,0,0,1792,845,43
5.21362,1,362496,windows,0,3.03339e+07,3.03163e+07,2674,0,0,0,0,0,0,1809,835,30
5.44444,0,380928,windows,0,2.67471e+07,2.67318e+07,2541,0,0,0,0,0,0,1731,765,45
5.48485,1,376832,windows,0,2.49786e+07,2.4964e+07,2454,0,0,0,0,0,0,1683,734,37
5.70679,0,397312,windows,0,2.15717e+07,2.15567e+07,2261,0,0,0,0,0,0,1527,703,31
5.74969,1,391168,windows,0,2.10919e+07,2.10919e+07,2253,0,0,0,0,0,0,1544,676,33
5.97088,0,413696,windows,0,1.76724e+07,1.76724e+07,2059,0,0,0,0,0,0,1404,624,31
6.00847,1,404480,windows,0,1.82609e+07,1.82478e+07,2118,0,0,0,0,0,0,1480,603,35
6.23236,0,431104,windows,0,1.46793e+07,1.46785e+07,1887,0,0,0,0,0,0,1307,553,27
6.26937,1,420864,windows,0,1.55213e+07,1.55145e+07,1947,0,0,0,0,0,0,1353,563,31
6.49407,0,448512,windows,0,1.22251e+07,1.22251e+07,1723,0,0,0,0,0,0,1192,505,26
6.53172,1,437248,windows,0,1.26805e+07,1.26745e+07,1749,0,0,0,0,0,0,1199,523,27
6.74635,0,464896,windows,0,9.9067e+06,9.90593e+06,1553,0,0,0,0,0,0,1072,455,26
6.78791,1,454656,windows,0,1.02864e+07,1.02708e+07,1563,0,0,0,0,0,0,1059,483,21
7.00477,0,481280,windows,0,8.22624e+06,8.21734e+06,1411,0,0,0,0,0,0,975,416,20
7.05433,1,471040,windows,0,8.62772e+06,8.62713e+06,1441,0,0,0,0,0,0,990,431,20
7.26775,0,498688,windows,0,6.987e+06,6.97447e+06,1318,0,0,0,0,0,0,936,360,22
7.31639,1,486400,windows,0,7.46864e+06,7.46041e+06,1365,0,0,0,0,0,0,966,373,26
7.52772,0,516096,windows,0,5.9579e+06,5.95739e+06,1217,0,0,0,0,0,0,873,327,17
7.57606,1,499712,windows,0,6.28597e+06,6.27448e+06,1240,0,0,0,0,0,0,856,361,23
7.79632,0,530432,windows,0,4.87127e+06,4.86121e+06,1092,0,0,0,0,0,0,762,313,17
7.83721,1,513024,windows,0,5.26696e+06,5.26696e+06,1144,0,0,0,0,0,0,820,308,16
8.05875,0,543744,windows,0,4.12872e+06,4.1252e+06,1007,0,0,0,0,0,0,705,286,16
8.10495,1,527360,windows,0,4.53758e+06,4.52804e+06,1060,0,0,0,0,0,0,758,288,14
8.32392,0,558080,windows,0,3.5121e+06,3.50832e+06,932,0,0,0,0,0,0,651,263,18
8.36799,1,541696,windows,0,3.91888e+06,3.91501e+06,984,0,0,0,0,0,0,704,268,12
8.58149,0,572416,windows,0,2.98359e+06,2.98315e+06,864,0,0,0,0,0,0,618,231,15
8.61899,1,557056,windows,0,3.35696e+06,3.35319e+06,918,0,0,0,0,0,0,660,242,16
8.83672,0,586752,windows,0,2.54055e+06,2.53579e+06,800,0,0,0,0,0,0,570,213,17
8.88649,1,573440,windows,0,2.65076e+06,2.65043e+06,806,0,0,0,0,0,0,567,228,11
9.09836,0,602112,windows,0,1.99048e+06,1.9866e+06,706,0,0,0,0,0,0,496,194,16
9.14425,1,589824,windows,0,2.16088e+06,2.15396e+06,728,0,0,0,0,0,0,515,204,9
9.35606,0,618496,windows,0,1.5838e+06,1.58112e+06,632,0,0,0,0,0,0,447,170,15
9.39432,1,606208,windows,0,1.7591e+06,1.75297e+06,665,0,0,0,0,0,0,484,171,10
9.61942,0,634880,windows,0,1.33518e+06,1.33172e+06,582,0,0,0,0,0,0,415,153,14
9.64863,1,622592,windows,0,1.51928e+06,1.51584e+06,619,0,0,0,0,0,0,451,158,10
9.87464,0,652288,windows,0,1.10228e+06,1.09999e+06,528,0,0,0,0,0,0,369,144,15
9.90494,1,638976,windows,0,1.14285e+06,1.13815e+06,535,0,0,0,0,0,0,390,138,7
10.1308,0,669696,windows,0,872825,872412,466,0,0,0,0,0,0,317,135,14
10.1555,1,655360,windows,0,920440,920440,478,0,0,0,0,0,0,344,128,6
10.3898,0,687104,windows,0,690485,690485,417,0,0,0,0,0,0,285,118,14
10.4103,1,671744,windows,0,751555,751555,434,0,0,0,0,0,0,319,110,5
10.6468,0,704512,windows,0,561455,558136,379,0,0,0,0,0,0,269,99,11
10.6701,1,687104,windows,0,640295,636886,403,0,0,0,0,0,0,303,95,5
10.8971,0,721920,windows,0,453910,452721,342,0,0,0,0,0,0,238,91,13
10.926,1,703488,windows,0,528505,525174,366,0,0,0,0,0,0,269,91,6
11.1524,0,739328,windows,0,326350,326028,293,0,0,0,0,0,0,212,70,11
11.1797,1,719872,windows,0,387895,386278,317,0,0,0,0,0,0,239,71,7
11.4067,0,757760,windows,0,250615,249309,259,0,0,0,0,0,0,185,61,13
11.4456,1,737280,windows,0,324145,322930,290,0,0,0,0,0,0,223,61,6
11.6628,0,776192,windows,0,211540,210339,238,0,0,0,0,0,0,170,56,12
11.707,1,753664,windows,0,277630,276395,267,0,0,0,0,0,0,200,62,5
11.9303,0,794624,windows,0,176645,175218,217,0,0,0,0,0,0,151,54,12
11.9715,1,771072,windows,0,233650,233650,245,0,0,0,0,0,0,182,58,5
12.1966,0,809984,windows,0,134995,134049,190,0,0,0,0,0,0,137,44,9
12.2286,1,787456,windows,0,167830,167101,206,0,0,0,0,0,0,146,55,5
12.4621,0,824320,windows,0,117895,116939,179,0,0,0,0,0,0,127,41,11
12.4915,1,803840,windows,0,135550,135550,187,0,0,0,0,0,0,136,46,5
12.7125,0,837632,windows,0,105730,105468,169,0,0,0,0,0,0,122,38,9
12.7535,1,821248,windows,0,120860,120688,178,0,0,0,0,0,0,130,42,6
12.968,0,851968,windows,0,101555,101292,166,0,0,0,0,0,0,121,36,9
13.0154,1,837632,windows,0,106840,105912,168,0,0,0,0,0,0,124,38,6
13.2254,0,867328,windows,0,89650,88692.5,156,0,0,0,0,0,0,112,35,9
13.2766,1,852992,windows,0,76940,76248.8,143,0,0,0,0,0,0,104,33,6
13.4891,0,883712,windows,0,68285,68052.5,135,0,0,0,0,0,0,93,34,8
13.5345,1,869376,windows,0,69250,68615,135,0,0,0,0,0,0,98,32,5
13.756,0,900096,windows,0,57765,56503.8,125,0,0,0,0,0,0,87,30,8
13.797,1,887808,windows,0,59240,59240,125,0,0,0,0,0,0,94,27,4
14.0198,0,915456,windows,0,52625,51433.8,120,0,0,0,0,0,0,85,27,8
14.0496,1,906240,windows,0,52310,51738.8,118,0,0,0,0,0,0,86,27,5
14.27,0,929792,windows,0,42095,41892.5,107,0,0,0,0,0,0,75,25,7
14.2998,1,923648,windows,0,43455,42546.2,107,0,0,0,0,0,0,75,27,5
14.5319,0,945152,windows,0,41115,40063.8,106,0,0,0,0,0,0,75,24,7
14.5642,1,941056,windows,0,35825,35825,98,0,0,0,0,0,0,75,19,4
14.7884,0,959488,windows,0,32735,32198.8,95,0,0,0,0,0,0,67,21,7
14.8172,1,958464,windows,0,32905,32530,94,0,0,0,0,0,0,71,19,4
15.0501,0,973824,windows,0,28505,28332.5,88,0,0,0,0,0,0,61,21,6
15.0718,1,975872,windows,0,29230,29230,89,0,0,0,0,0,0,64,20,5
15.3144,0,989184,windows,0,26145,25688.8,84,0,0,0,0,0,0,57,21,6
15.3258,1,994304,windows,0,23945,23945,80,0,0,0,0,0,0,57,19,4
15.5796,0,1004544,windows,0,22775,22297.5,79,0,0,0,0,0,0,57,17,5
15.5821,1,1011712,windows,0,22210,21921.2,77,0,0,0,0,0,0,58,16,3
15.8352,0,1018880,windows,0,21655,21177.5,77,0,0,0,0,0,0,55,17,5
15.8403,1,1029120,windows,0,19970,19970,73,0,0,0,0,0,0,54,16,3
16.0905,1,1046528,windows,0,18910,18910,71,0,0,0,0,0,0,52,16,3
16.1019,0,1034240,windows,0,17390,17247.5,69,0,0,0,0,0,0,48,16,5
16.3523,0,1047552,windows,0,15830,15392.5,66,0,0,0,0,0,0,46,15,5
16.3541,1,1063936,windows,0,17890,17890,69,0,0,0,0,0,0,50,16,3
16.6053,1,1080320,windows,0,14050,13516.2,60,0,0,0,0,0,0,40,17,3
16.608,0,1061888,windows,0,14930,14273.8,64,0,0,0,0,0,0,44,15,5
16.8654,1,1094656,windows,0,13390,13191.2,59,0,0,0,0,0,0,40,16,3
16.8706,0,1077248,windows,0,13490,13138.8,61,0,0,0,0,0,0,42,14,5
17.1243,0,1091584,windows,0,13075,12728.8,60,0,0,0,0,0,0,41,14,5
17.132,1,1108992,windows,0,12610,12295,57,0,0,0,0,0,0,38,16,3
17.3815,0,1105920,windows,0,12095,11768.8,57,0,0,0,0,0,0,37,15,5
17.3834,1,1123328,windows,0,11870,11376.2,55,0,0,0,0,0,0,36,16,3
17.6358,0,1119232,windows,0,11995,11678.8,56,0,0,0,0,0,0,35,16,5
17.6424,1,1139712,windows,0,11515,11515,54,0,0,0,0,0,0,35,16,3
17.8924,0,1133568,windows,0,11030,10718.8,54,0,0,0,0,0,0,34,15,5
17.8991,1,1157120,windows,0,10130,9875,52,0,0,0,0,0,0,36,13,3
18.1433,0,1146880,windows,0,10115,9697.5,52,0,0,0,0,0,0,33,14,5
18.1552,1,1174528,windows,0,8595,8595,48,0,0,0,0,0,0,33,12,3
18.4013,0,1161216,windows,0,9790,9372.5,51,0,0,0,0,0,0,32,14,5
18.4121,1,1189888,windows,0,8470,8301.25,48,0,0,0,0,0,0,34,11,3
18.6583,0,1175552,windows,0,9790,9372.5,51,0,0,0,0,0,0,32,14,5
18.6716,1,1204224,windows,0,8050,8050,47,0,0,0,0,0,0,34,10,3
18.9202,0,1189888,windows,0,9475,9057.5,50,0,0,0,0,0,0,31,14,5
18.9361,1,1218560,windows,0,7390,7390,45,0,0,0,0,0,0,32,10,3
19.1769,0,1204224,windows,0,8630,8487.5,48,0,0,0,0,0,0,30,13,5
19.2014,1,1233920,windows,0,6895,6680,43,0,0,0,0,0,0,29,11,3
19.4269,0,1218560,windows,0,8630,8487.5,48,0,0,0,0,0,0,30,13,5
19.4641,1,1249280,windows,0,6335,6120,41,0,0,0,0,0,0,27,11,3
19.6791,0,1232896,windows,0,8050,7768.75,46,0,0,0,0,0,0,28,13,5
19.7297,1,1264640,windows,0,5915,5915,40,0,0,0,0,0,0,27,10,3
19.9371,0,1247232,windows,0,8050,7768.75,46,0,0,0,0,0,0,28,13,5
19.9921,1,1282048,windows,0,5915,5915,40,0,0,0,0,0,0,27,10,3
20.1909,0,1261568,windows,0,7275,7132.5,44,0,0,0,0,0,0,27,12,5
20.2516,1,1299456,windows,0,5650,5650,39,0,0,0,0,0,0,26,10,3
20.4472,0,1274880,windows,0,7010,6867.5,43,0,0,0,0,0,0,26,12,5
20.5102,1,1316864,windows,0,5650,5650,39,0,0,0,0,0,0,26,10,3
20.7029,0,1288192,windows,0,7010,6867.5,43,0,0,0,0,0,0,26,12,5
20.7745,1,1335296,windows,0,5650,5650,39,0,0,0,0,0,0,26,10,3
20.9544,0,1302528,windows,0,7010,6867.5,43,0,0,0,0,0,0,26,12,5
21.0409,1,1350656,windows,0,5650,5650,39,0,0,0,0,0,0,26,10,3
21.2204,0,1317888,windows,0,7010,6867.5,43,0,0,0,0,0,0,26,12,5
21.2953,1,1364992,windows,0,5650,5650,39,0,0,0,0,0,0,26,10,3
21.4895,0,1333248,windows,0,7010,6867.5,43,0,0,0,0,0,0,26,12,5
21.5501,1,1379328,windows,0,5650,5650,39,0,0,0,0,0,0,26,10,3
21.7431,0,1347584,windows,0,6755,6488.75,42,0,0,0,0,0,0,25,12,5
21.8125,1,1394688,windows,0,5650,5650,39,0,0,0,0,0,0,26,10,3
22.0094,0,1362944,windows,0,6755,6488.75,42,0,0,0,0,0,0,25,12,5
22.0717,1,1409024,windows,0,5650,5650,39,0,0,0,0,0,0,26,10,3
22.2687,0,1378304,windows,0,6510,6248.75,41,0,0,0,0,0,0,24,12,5
22.3268,1,1424384,windows,0,5650,5650,39,0,0,0,0,0,0,26,10,3
22.535,0,1393664,windows,0,6510,6248.75,41,0,0,0,0,0,0,24,12,5
22.5871,1,1439744,windows,0,5650,5650,39,0,0,0,0,0,0,26,10,3
22.7949,0,1409024,windows,0,6510,6248.75,41,0,0,0,0,0,0,24,12,5
22.8515,1,1455104,repair,0,5650,5650,39,0,0,0,0,0,0,26,10,3
23.0525,0,1424384,windows,0,6510,6248.75,41,0,0,0,0,0,0,24,12,5
23.1128,1,1470464,repair,0,5650,5650,39,0,0,0,0,0,0,26,10,3
23.3154,0,1438720,windows,0,5650,5650,39,0,0,0,0,0,0,26,10,3
23.3665,1,1485824,windows,0,5650,5650,39,0,0,0,0,0,0,26,10,3
23.5662,0,1453056,windows,0,5650,5650,39,0,0,0,0,0,0,26,10,3
23.6294,1,1501184,windows,0,5650,5650,39,0,0,0,0,0,0,26,10,3
23.8289,0,1468416,windows,0,5650,5650,39,0,0,0,0,0,0,26,10,3
23.8937,1,1516544,windows,0,5650,5650,39,0,0,0,0,0,0,26,10,3
24.0873,0,1483776,windows,0,5650,5650,39,0,0,0,0,0,0,26,10,3
24.1448,1,1530880,windows,0,5650,5650,39,0,0,0,0,0,0,26,10,3
24.3509,0,1498112,windows,0,5650,5650,39,0,0,0,0,0,0,26,10,3
24.4048,1,1544192,windows,0,5650,5650,39,0,0,0,0,0,0,26,10,3
24.6156,0,1513472,windows,0,5650,5650,39,0,0,0,0,0,0,26,10,3
24.6577,1,1557504,windows,0,5650,5650,39,0,0,0,0,0,0,26,10,3
24.8781,0,1528832,windows,0,5650,5650,39,0,0,0,0,0,0,26,10,3
24.9148,1,1571840,windows,0,5650,5650,39,0,0,0,0,0,0,26,10,3
25.1347,0,1544192,windows,0,5170,5170,38,0,0,0,0,0,0,28,7,3
25.1676,1,1586176,windows,0,5650,5650,39,0,0,0,0,0,0,26,10,3
25.3958,0,1559552,windows,0,5170,5170,38,0,0,0,0,0,0,28,7,3
25.4318,1,1599488,windows,0,5650,5650,39,0,0,0,0,0,0,26,10,3
25.6578,0,1574912,windows,0,4630,4630,36,0,0,0,0,0,0,26,7,3
25.699,1,1615872,windows,0,5650,5650,39,0,0,0,0,0,0,26,10,3
25.911,0,1590272,windows,0,4375,4375,35,0,0,0,0,0,0,25,7,3
25.9573,1,1633280,windows,0,5395,5395,38,0,0,0,0,0,0,25,10,3
26.1632,0,1605632,windows,0,4375,4375,35,0,0,0,0,0,0,25,7,3
26.2213,1,1651712,windows,0,5150,5150,37,0,0,0,0,0,0,24,10,3
26.4247,0,1620992,windows,0,4375,4375,35,0,0,0,0,0,0,25,7,3
26.4774,1,1670144,windows,0,5150,5150,37,0,0,0,0,0,0,24,10,3
26.6899,0,1636352,windows,0,4130,4130,34,0,0,0,0,0,0,24,7,3
26.7341,1,1688576,windows,0,4915,4915,36,0,0,0,0,0,0,23,10,3
26.9548,0,1651712,windows,0,4130,4130,34,0,0,0,0,0,0,24,7,3
26.9943,1,1707008,windows,0,4915,4915,36,0,0,0,0,0,0,23,10,3
27.2164,0,1667072,windows,0,4130,4130,34,0,0,0,0,0,0,24,7,3
27.2451,1,1724416,windows,0,4915,4915,36,0,0,0,0,0,0,23,10,3
27.4772,0,1681408,windows,0,3895,3760,33,0,0,0,0,0,0,23,7,3
27.5075,1,1742848,windows,0,3895,3895,33,0,0,0,0,0,0,23,7,3
27.7306,0,1695744,windows,0,3895,3760,33,0,0,0,0,0,0,23,7,3
27.7597,1,1761280,windows,0,3895,3895,33,0,0,0,0,0,0,23,7,3
27.9959,0,1711104,windows,0,3670,3535,32,0,0,0,0,0,0,22,7,3
28.0187,1,1779712,windows,0,3895,3895,33,0,0,0,0,0,0,23,7,3
28.2597,0,1726464,windows,0,3455,3320,31,0,0,0,0,0,0,21,7,3
28.2823,1,1799168,windows,0,3895,3895,33,0,0,0,0,0,0,23,7,3
28.5144,0,1741824,windows,0,3455,3320,31,0,0,0,0,0,0,21,7,3
28.5416,1,1817600,windows,0,3670,3535,32,0,0,0,0,0,0,22,7,3
28.7724,0,1757184,windows,0,3455,3320,31,0,0,0,0,0,0,21,7,3
28.7944,1,1835008,windows,0,3670,3535,32,0,0,0,0,0,0,22,7,3
29.0356,0,1772544,windows,0,3055,2920,29,0,0,0,0,0,0,19,7,3
29.0595,1,1851392,windows,0,3670,3535,32,0,0,0,0,0,0,22,7,3
29.3007,0,1787904,windows,0,3055,2920,29,0,0,0,0,0,0,19,7,3
29.3232,1,1868800,windows,0,3055,2920,29,0,0,0,0,0,0,19,7,3
29.5624,0,1803264,windows,0,3055,2920,29,0,0,0,0,0,0,19,7,3
29.5868,1,1887232,windows,0,3055,2920,29,0,0,0,0,0,0,19,7,3
29.8274,0,1818624,windows,0,3055,2920,29,0,0,0,0,0,0,19,7,3
29.8466,1,1905664,windows,0,3055,2920,29,0,0,0,0,0,0,19,7,3
30.0885,0,1833984,windows,0,3055,2920,29,0,0,0,0,0,0,19,7,3
30.1098,1,1924096,windows,0,3055,2920,29,0,0,0,0,0,0,19,7,3
30.3553,0,1849344,windows,0,3055,2920,29,0,0,0,0,0,0,19,7,3
30.365,1,1940480,windows,0,3055,2920,29,0,0,0,0,0,0,19,7,3
30.6204,0,1864704,windows,0,3055,2920,29,0,0,0,0,0,0,19,7,3
30.6208,1,1957888,windows,0,3055,2920,29,0,0,0,0,0,0,19,7,3
30.8717,1,1975296,windows,0,3055,2920,29,0,0,0,0,0,0,19,7,3
30.9061,0,1879040,windows,0,3055,2920,29,0,0,0,0,0,0,19,7,3
31.1274,1,1991680,windows,0,3055,2920,29,0,0,0,0,0,0,19,7,3
31.158,0,1893376,windows,0,3055,2920,29,0,0,0,0,0,0,19,7,3
31.39,1,2010112,windows,0,3055,2920,29,0,0,0,0,0,0,19,7,3
31.4171,0,1907712,windows,0,3055,2920,29,0,0,0,0,0,0,19,7,3
31.6418,1,2026496,windows,0,3055,2920,29,0,0,0,0,0,0,19,7,3
31.6754,0,1922048,windows,0,3055,2920,29,0,0,0,0,0,0,19,7,3
31.8933,1,2042880,windows,0,3055,2920,29,0,0,0,0,0,0,19,7,3
31.9304,0,1936384,windows,0,2870,2735,28,0,0,0,0,0,0,18,7,3
32.1499,1,2059264,repair,0,3055,2920,29,0,0,0,0,0,0,19,7,3
32.1825,0,1950720,windows,0,2870,2735,28,0,0,0,0,0,0,18,7,3
32.4079,1,2075648,repair,0,3055,2920,29,0,0,0,0,0,0,19,7,3
32.4398,0,1964032,windows,0,2695,2560,27,0,0,0,0,0,0,17,7,3
32.6648,1,2093056,windows,0,3055,2920,29,0,0,0,0,0,0,19,7,3
32.7022,0,1978368,windows,0,2695,2560,27,0,0,0,0,0,0,17,7,3
32.9264,1,2110464,windows,0,3055,2920,29,0,0,0,0,0,0,19,7,3
32.97,0,1992704,windows,0,2695,2560,27,0,0,0,0,0,0,17,7,3
33.18,1,2126848,windows,0,3055,2920,29,0,0,0,0,0,0,19,7,3
33.226,0,2007040,windows,0,2695,2560,27,0,0,0,0,0,0,17,7,3
33.4442,1,2143232,windows,0,3055,2920,29,0,0,0,0,0,0,19,7,3
33.4904,0,2021376,windows,0,2695,2560,27,0,0,0,0,0,0,17,7,3
33.7036,1,2159616,windows,0,3055,2920,29,0,0,0,0,0,0,19,7,3
33.7519,0,2035712,windows,0,2695,2560,27,0,0,0,0,0,0,17,7,3
33.9631,1,2178048,windows,0,3055,2920,29,0,0,0,0,0,0,19,7,3
34.0158,0,2050048,windows,0,2695,2560,27,0,0,0,0,0,0,17,7,3
34.2181,1,2196480,windows,0,3055,2920,29,0,0,0,0,0,0,19,7,3
34.2745,0,2064384,windows,0,2695,2560,27,0,0,0,0,0,0,17,7,3
34.479,1,2214912,windows,0,3055,2920,29,0,0,0,0,0,0,19,7,3
34.5384,0,2078720,windows,0,2695,2560,27,0,0,0,0,0,0,17,7,3
34.7424,1,2231296,windows,0,3055,2920,29,0,0,0,0,0,0,19,7,3
34.7962,0,2093056,windows,0,2695,2560,27,0,0,0,0,0,0,17,7,3
35.0057,1,2249728,windows,0,3055,2920,29,0,0,0,0,0,0,19,7,3
35.0487,0,2107392,windows,0,2695,2560,27,0,0,0,0,0,0,17,7,3
35.2622,1,2268160,windows,0,3055,2920,29,0,0,0,0,0,0,19,7,3
35.3068,0,2121728,windows,0,2695,2560,27,0,0,0,0,0,0,17,7,3
35.5173,1,2286592,windows,0,3055,2920,29,0,0,0,0,0,0,19,7,3
35.5599,0,2135040,windows,0,2695,2560,27,0,0,0,0,0,0,17,7,3
35.7679,1,2304000,windows,0,3055,2920,29,0,0,0,0,0,0,19,7,3
35.8129,0,2150400,windows,0,2695,2560,27,0,0,0,0,0,0,17,7,3
36.0227,1,2320384,windows,0,3055,2920,29,0,0,0,0,0,0,19,7,3
36.0788,0,2165760,windows,0,2695,2560,27,0,0,0,0,0,0,17,7,3
36.2816,1,2338816,windows,0,3055,2920,29,0,0,0,0,0,0,19,7,3
36.3408,0,2181120,windows,0,2695,2560,27,0,0,0,0,0,0,17,7,3
36.5405,1,2356224,windows,0,3055,2920,29,0,0,0,0,0,0,19,7,3
36.6082,0,2196480,windows,0,2695,2560,27,0,0,0,0,0,0,17,7,3
36.7929,1,2373632,windows,0,3055,2920,29,0,0,0,0,0,0,19,7,3
36.8651,0,2210816,repair,0,2695,2560,27,0,0,0,0,0,0,17,7,3
37.057,1,2392064,windows,0,3055,2920,29,0,0,0,0,0,0,19,7,3
37.1271,0,2225152,repair,0,2695,2560,27,0,0,0,0,0,0,17,7,3
37.3157,1,2410496,windows,0,3055,2920,29,0,0,0,0,0,0,19,7,3
37.3878,0,2239488,repair,0,2695,2560,27,0,0,0,0,0,0,17,7,3
37.5736,1,2427904,windows,0,3055,2920,29,0,0,0,0,0,0,19,7,3
37.6384,0,2253824,windows,0,2695,2560,27,0,0,0,0,0,0,17,7,3
37.8345,1,2446336,windows,0,3055,2920,29,0,0,0,0,0,0,19,7,3
37.9039,0,2269184,windows,0,2695,2560,27,0,0,0,0,0,0,17,7,3
38.0992,1,2461696,windows,0,3055,2920,29,0,0,0,0,0,0,19,7,3
38.1653,0,2284544,windows,0,2695,2560,27,0,0,0,0,0,0,17,7,3
38.36,1,2480128,windows,0,2870,2735,28,0,0,0,0,0,0,18,7,3
38.4237,0,2298880,windows,0,2695,2560,27,0,0,0,0,0,0,17,7,3
38.6234,1,2497536,windows,0,2870,2735,28,0,0,0,0,0,0,18,7,3
38.678,0,2313216,windows,0,2695,2560,27,0,0,0,0,0,0,17,7,3
38.8802,1,2513920,windows,0,2695,2560,27,0,0,0,0,0,0,17,7,3
38.9309,0,2326528,windows,0,2695,2560,27,0,0,0,0,0,0,17,7,3
39.1433,1,2530304,windows,0,2695,2560,27,0,0,0,0,0,0,17,7,3
39.1972,0,2341888,windows,0,2695,2560,27,0,0,0,0,0,0,17,7,3
39.4049,1,2547712,windows,0,2695,2560,27,0,0,0,0,0,0,17,7,3
39.4638,0,2358272,windows,0,2695,2560,27,0,0,0,0,0,0,17,7,3
39.6646,1,2565120,windows,0,2530,2395,26,0,0,0,0,0,0,16,7,3
39.7191,0,2374656,windows,0,2695,2560,27,0,0,0,0,0,0,17,7,3
39.9163,1,2581504,windows,0,2530,2395,26,0,0,0,0,0,0,16,7,3
39.973,0,2392064,windows,0,2695,2560,27,0,0,0,0,0,0,17,7,3
40.1669,1,2595840,windows,0,2375,2240,25,0,0,0,0,0,0,15,7,3
40.2351,0,2409472,windows,0,2695,2560,27,0,0,0,0,0,0,17,7,3
40.4293,1,2610176,windows,0,2375,2240,25,0,0,0,0,0,0,15,7,3
40.4984,0,2426880,windows,0,2695,2560,27,0,0,0,0,0,0,17,7,3
40.6953,1,2625536,windows,0,2375,2240,25,0,0,0,0,0,0,15,7,3
40.7533,0,2444288,windows,0,2375,2240,25,0,0,0,0,0,0,15,7,3
40.9621,1,2640896,windows,0,2375,2240,25,0,0,0,0,0,0,15,7,3
41.0093,0,2460672,windows,0,2375,2240,25,0,0,0,0,0,0,15,7,3
41.2178,1,2656256,windows,0,2375,2240,25,0,0,0,0,0,0,15,7,3
41.262,0,2477056,windows,0,2375,2240,25,0,0,0,0,0,0,15,7,3
41.4705,1,2670592,windows,0,2375,2240,25,0,0,0,0,0,0,15,7,3
41.5251,0,2494464,windows,0,2375,2240,25,0,0,0,0,0,0,15,7,3
41.7281,1,2682880,windows,0,2375,2240,25,0,0,0,0,0,0,15,7,3
41.777,0,2510848,windows,0,2375,2240,25,0,0,0,0,0,0,15,7,3
41.9784,1,2697216,windows,0,2375,2240,25,0,0,0,0,0,0,15,7,3
42.0366,0,2528256,windows,0,2375,2240,25,0,0,0,0,0,0,15,7,3
42.2407,1,2712576,windows,0,2375,2240,25,0,0,0,0,0,0,15,7,3
42.2998,0,2546688,windows,0,2375,2240,25,0,0,0,0,0,0,15,7,3
42.4994,1,2727936,windows,0,2375,2240,25,0,0,0,0,0,0,15,7,3
42.5589,0,2564096,windows,0,2375,2240,25,0,0,0,0,0,0,15,7,3
42.7677,1,2741248,windows,0,2375,2240,25,0,0,0,0,0,0,15,7,3
42.8207,0,2581504,windows,0,2375,2240,25,0,0,0,0,0,0,15,7,3
43.0316,1,2756608,windows,0,2375,2240,25,0,0,0,0,0,0,15,7,3
43.0719,0,2598912,windows,0,2375,2240,25,0,0,0,0,0,0,15,7,3
43.289,1,2770944,windows,0,2375,2240,25,0,0,0,0,0,0,15,7,3
43.3326,0,2617344,windows,0,2375,2240,25,0,0,0,0,0,0,15,7,3
43.5507,1,2786304,windows,0,2375,2240,25,0,0,0,0,0,0,15,7,3
43.5832,0,2633728,windows,0,2375,2240,25,0,0,0,0,0,0,15,7,3
43.8181,1,2802688,repair,0,2375,2240,25,0,0,0,0,0,0,15,7,3
43.8461,0,2650112,windows,0,2375,2240,25,0,0,0,0,0,0,15,7,3
44.0797,1,2819072,repair,0,2375,2240,25,0,0,0,0,0,0,15,7,3
44.0993,0,2666496,windows,0,2375,2240,25,0,0,0,0,0,0,15,7,3
44.3401,1,2837504,repair,0,2375,2240,25,0,0,0,0,0,0,15,7,3
44.3624,0,2683904,windows,0,2375,2240,25,0,0,0,0,0,0,15,7,3
44.6066,1,2855936,windows,0,2375,2240,25,0,0,0,0,0,0,15,7,3
44.6235,0,2698240,windows,0,2375,2240,25,0,0,0,0,0,0,15,7,3
44.8696,1,2871296,windows,0,2375,2240,25,0,0,0,0,0,0,15,7,3
44.8799,0,2712576,windows,0,2375,2240,25,0,0,0,0,0,0,15,7,3
45.1311,1,2888704,windows,0,2375,2240,25,0,0,0,0,0,0,15,7,3
45.1409,0,2727936,repair,0,2375,2240,25,0,0,0,0,0,0,15,7,3
45.3862,1,2905088,windows,0,2375,2240,25,0,0,0,0,0,0,15,7,3
45.4064,0,2743296,windows,0,2375,2240,25,0,0,0,0,0,0,15,7,3
45.6515,1,2922496,windows,0,2375,2240,25,0,0,0,0,0,0,15,7,3
45.675,0,2756608,windows,0,2375,2240,25,0,0,0,0,0,0,15,7,3
45.9111,1,2937856,windows,0,2375,2240,25,0,0,0,0,0,0,15,7,3
45.9276,0,2770944,windows,0,2375,2240,25,0,0,0,0,0,0,15,7,3
46.1644,1,2954240,windows,0,2375,2240,25,0,0,0,0,0,0,15,7,3
46.1937,0,2785280,windows,0,2375,2240,25,0,0,0,0,0,0,15,7,3
46.4254,1,2971648,windows,0,2375,2240,25,0,0,0,0,0,0,15,7,3
46.4469,0,2798592,windows,0,2375,2240,25,0,0,0,0,0,0,15,7,3
46.6875,1,2989056,windows,0,2375,2240,25,0,0,0,0,0,0,15,7,3
46.7074,0,2812928,windows,0,2375,2240,25,0,0,0,0,0,0,15,7,3
46.9378,1,3005440,windows,0,2375,2240,25,0,0,0,0,0,0,15,7,3
46.9679,0,2828288,windows,0,2375,2240,25,0,0,0,0,0,0,15,7,3
47.1922,1,3021824,windows,0,2375,2240,25,0,0,0,0,0,0,15,7,3
47.2263,0,2844672,windows,0,2375,2240,25,0,0,0,0,0,0,15,7,3
47.4501,1,3037184,windows,0,2375,2240,25,0,0,0,0,0,0,15,7,3
47.4925,0,2861056,windows,0,2375,2240,25,0,0,0,0,0,0,15,7,3
47.7035,1,3049472,windows,0,2375,2240,25,0,0,0,0,0,0,15,7,3
47.7471,0,2874368,windows,0,2375,2240,25,0,0,0,0,0,0,15,7,3
47.9614,1,3063808,windows,0,2375,2240,25,0,0,0,0,0,0,15,7,3
48.0125,0,2889728,windows,0,2375,2240,25,0,0,0,0,0,0,15,7,3
48.219,1,3081216,windows,0,2375,2240,25,0,0,0,0,0,0,15,7,3
48.2696,0,2904064,windows,0,2375,2240,25,0,0,0,0,0,0,15,7,3
48.4816,1,3097600,windows,0,2375,2240,25,0,0,0,0,0,0,15,7,3
48.5406,0,2918400,windows,0,2375,2240,25,0,0,0,0,0,0,15,7,3
48.74,1,3113984,windows,0,2375,2240,25,0,0,0,0,0,0,15,7,3
48.805,0,2932736,windows,0,2375,2240,25,0,0,0,0,0,0,15,7,3
49.0036,1,3127296,windows,0,2375,2240,25,0,0,0,0,0,0,15,7,3
49.0588,0,2946048,windows,0,2375,2240,25,0,0,0,0,0,0,15,7,3
49.2546,1,3140608,windows,0,2375,2240,25,0,0,0,0,0,0,15,7,3
49.3186,0,2960384,windows,0,2375,2240,25,0,0,0,0,0,0,15,7,3
49.5187,1,3154944,windows,0,2375,2240,25,0,0,0,0,0,0,15,7,3
49.5857,0,2974720,windows,0,2375,2240,25,0,0,0,0,0,0,15,7,3
49.7778,1,3169280,windows,0,2375,2240,25,0,0,0,0,0,0,15,7,3
49.8414,0,2989056,windows,0,2375,2240,25,0,0,0,0,0,0,15,7,3
50.0278,1,3183616,windows,0,2375,2240,25,0,0,0,0,0,0,15,7,3
50.104,0,3003392,repair,0,2375,2240,25,0,0,0,0,0,0,15,7,3
50.2797,1,3201024,windows,0,2375,2240,25,0,0,0,0,0,0,15,7,3
50.3598,0,3018752,repair,0,2375,2240,25,0,0,0,0,0,0,15,7,3
50.5406,1,3219456,windows,0,2375,2240,25,0,0,0,0,0,0,15,7,3
50.623,0,3034112,windows,0,2375,2240,25,0,0,0,0,0,0,15,7,3
50.8013,1,3237888,windows,0,2375,2240,25,0,0,0,0,0,0,15,7,3
50.8788,0,3048448,windows,0,2375,2240,25,0,0,0,0,0,0,15,7,3
51.055,1,3255296,windows,0,2375,2240,25,0,0,0,0,0,0,15,7,3
51.1331,0,3062784,windows,0,2375,2240,25,0,0,0,0,0,0,15,7,3
51.3117,1,3273728,windows,0,2375,2240,25,0,0,0,0,0,0,15,7,3
51.3838,0,3077120,windows,0,2375,2240,25,0,0,0,0,0,0,15,7,3
51.5651,1,3292160,windows,0,2375,2240,25,0,0,0,0,0,0,15,7,3
51.6465,0,3091456,windows,0,2375,2240,25,0,0,0,0,0,0,15,7,3
51.825,1,3307520,windows,0,2375,2240,25,0,0,0,0,0,0,15,7,3
51.8995,0,3105792,windows,0,2375,2240,25,0,0,0,0,0,0,15,7,3
52.0881,1,3322880,windows,0,2375,2240,25,0,0,0,0,0,0,15,7,3
52.1528,0,3120128,windows,0,2375,2240,25,0,0,0,0,0,0,15,7,3
52.3486,1,3336192,windows,0,2375,2240,25,0,0,0,0,0,0,15,7,3
52.4033,0,3134464,windows,0,2375,2240,25,0,0,0,0,0,0,15,7,3
52.5992,1,3350528,windows,0,2375,2240,25,0,0,0,0,0,0,15,7,3
52.6629,0,3148800,windows,0,2375,2240,25,0,0,0,0,0,0,15,7,3
52.8565,1,3364864,windows,0,2375,2240,25,0,0,0,0,0,0,15,7,3
52.9249,0,3167232,windows,0,2375,2240,25,0,0,0,0,0,0,15,7,3
53.1071,1,3379200,windows,0,2375,2240,25,0,0,0,0,0,0,15,7,3
53.1789,0,3184640,windows,0,2375,2240,25,0,0,0,0,0,0,15,7,3
53.3604,1,3393536,repair,0,2375,2240,25,0,0,0,0,0,0,15,7,3
53.4401,0,3201024,windows,0,2375,2240,25,0,0,0,0,0,0,15,7,3
53.6114,1,3409920,repair,0,2375,2240,25,0,0,0,0,0,0,15,7,3
53.7051,0,3216384,windows,0,2375,2240,25,0,0,0,0,0,0,15,7,3
53.8682,1,3428352,windows,0,2375,2240,25,0,0,0,0,0,0,15,7,3
53.9631,0,3233792,windows,0,2375,2240,25,0,0,0,0,0,0,15,7,3
54.1279,1,3445760,windows,0,2375,2240,25,0,0,0,0,0,0,15,7,3
54.221,0,3253248,windows,0,2375,2240,25,0,0,0,0,0,0,15,7,3
54.3848,1,3463168,windows,0,2375,2240,25,0,0,0,0,0,0,15,7,3
54.4712,0,3271680,windows,0,2375,2240,25,0,0,0,0,0,0,15,7,3
54.6351,1,3479552,windows,0,2375,2240,25,0,0,0,0,0,0,15,7,3
54.7283,0,3288064,windows,0,2375,2240,25,0,0,0,0,0,0,15,7,3
54.904,1,3496960,windows,0,2375,2240,25,0,0,0,0,0,0,15,7,3
54.98,0,3302400,windows,0,2375,2240,25,0,0,0,0,0,0,15,7,3
55.159,1,3513344,windows,0,2375,2240,25,0,0,0,0,0,0,15,7,3
55.2317,0,3316736,windows,0,2375,2240,25,0,0,0,0,0,0,15,7,3
55.4174,1,3530752,windows,0,2375,2240,25,0,0,0,0,0,0,15,7,3
55.4964,0,3333120,windows,0,2375,2240,25,0,0,0,0,0,0,15,7,3
55.6684,1,3546112,windows,0,2375,2240,25,0,0,0,0,0,0,15,7,3
55.7562,0,3348480,windows,0,2375,2240,25,0,0,0,0,0,0,15,7,3
55.9186,1,3562496,windows,0,2375,2240,25,0,0,0,0,0,0,15,7,3
56.0128,0,3363840,windows,0,2375,2240,25,0,0,0,0,0,0,15,7,3
56.1687,1,3578880,windows,0,2375,2240,25,0,0,0,0,0,0,15,7,3
56.2716,0,3378176,windows,0,2375,2240,25,0,0,0,0,0,0,15,7,3
56.4325,1,3596288,windows,0,2375,2240,25,0,0,0,0,0,0,15,7,3
56.5296,0,3392512,windows,0,2375,2240,25,0,0,0,0,0,0,15,7,3
56.6957,1,3613696,windows,0,2375,2240,25,0,0,0,0,0,0,15,7,3
56.7884,0,3407872,windows,0,2375,2240,25,0,0,0,0,0,0,15,7,3
56.9598,1,3630080,windows,0,2375,2240,25,0,0,0,0,0,0,15,7,3
57.053,0,3421184,windows,0,2375,2240,25,0,0,0,0,0,0,15,7,3
57.2109,1,3647488,windows,0,2375,2240,25,0,0,0,0,0,0,15,7,3
57.3138,0,3435520,windows,0,2375,2240,25,0,0,0,0,0,0,15,7,3
57.4619,1,3664896,windows,0,2375,2240,25,0,0,0,0,0,0,15,7,3
57.564,0,3449856,windows,0,2375,2240,25,0,0,0,0,0,0,15,7,3
57.7254,1,3682304,windows,0,2375,2240,25,0,0,0,0,0,0,15,7,3
57.8217,0,3465216,windows,0,2230,2026.25,24,0,0,0,0,0,0,14,7,3
57.9831,1,3698688,windows,0,2375,2240,25,0,0,0,0,0,0,15,7,3
58.0869,0,3480576,windows,0,2230,2026.25,24,0,0,0,0,0,0,14,7,3
58.2339,1,3716096,windows,0,2375,2240,25,0,0,0,0,0,0,15,7,3
58.3406,0,3495936,windows,0,2095,1896.25,23,0,0,0,0,0,0,13,7,3
58.496,1,3733504,windows,0,2375,2240,25,0,0,0,0,0,0,15,7,3
58.6,0,3510272,windows,0,1970,1776.25,22,0,0,0,0,0,0,12,7,3
58.7521,1,3750912,windows,0,2375,2240,25,0,0,0,0,0,0,15,7,3
58.8627,0,3523584,windows,0,1970,1776.25,22,0,0,0,0,0,0,12,7,3
59.005,1,3766272,windows,0,2095,1960,23,0,0,0,0,0,0,13,7,3
59.1214,0,3537920,windows,0,1970,1776.25,22,0,0,0,0,0,0,12,7,3
59.2602,1,3783680,windows,0,2095,1960,23,0,0,0,0,0,0,13,7,3
59.3889,0,3553280,windows,0,1970,1776.25,22,0,0,0,0,0,0,12,7,3
59.5239,1,3801088,windows,0,2095,1960,23,0,0,0,0,0,0,13,7,3
59.6518,0,3567616,windows,0,1970,1776.25,22,0,0,0,0,0,0,12,7,3
59.7857,1,3818496,windows,0,2095,1960,23,0,0,0,0,0,0,13,7,3
59.9203,0,3581952,windows,0,1970,1776.25,22,0,0,0,0,0,0,12,7,3
60.0484,1,3835904,windows,0,2095,1960,23,0,0,0,0,0,0,13,7,3
60.1715,0,3596288,windows,0,1970,1776.25,22,0,0,0,0,0,0,12,7,3
60.3065,1,3854336,windows,0,2095,1960,23,0,0,0,0,0,0,13,7,3
60.4223,0,3610624,windows,0,1970,1776.25,22,0,0,0,0,0,0,12,7,3
60.5666,1,3871744,windows,0,2095,1960,23,0,0,0,0,0,0,13,7,3
60.6747,0,3622912,windows,0,1970,1776.25,22,0,0,0,0,0,0,12,7,3
60.826,1,3890176,windows,0,2095,1960,23,0,0,0,0,0,0,13,7,3
60.9323,0,3637248,windows,0,1970,1776.25,22,0,0,0,0,0,0,12,7,3
61.089,1,3906560,windows,0,2095,1960,23,0,0,0,0,0,0,13,7,3
61.1973,0,3652608,windows,0,1970,1776.25,22,0,0,0,0,0,0,12,7,3
61.3414,1,3923968,windows,0,2095,1960,23,0,0,0,0,0,0,13,7,3
61.4545,0,3666944,windows,0,1970,1776.25,22,0,0,0,0,0,0,12,7,3
61.6062,1,3941376,windows,0,2095,1960,23,0,0,0,0,0,0,13,7,3
61.7233,0,3681280,windows,0,1970,1776.25,22,0,0,0,0,0,0,12,7,3
61.8599,1,3957760,windows,0,1970,1835,22,0,0,0,0,0,0,12,7,3
61.9845,0,3693568,windows,0,1970,1776.25,22,0,0,0,0,0,0,12,7,3
62.1168,1,3976192,windows,0,1970,1835,22,0,0,0,0,0,0,12,7,3
62.2454,0,3708928,windows,0,1970,1776.25,22,0,0,0,0,0,0,12,7,3
62.3737,1,3994624,windows,0,1970,1835,22,0,0,0,0,0,0,12,7,3
62.505,0,3724288,windows,0,1970,1776.25,22,0,0,0,0,0,0,12,7,3
62.6317,1,4013056,windows,0,1970,1835,22,0,0,0,0,0,0,12,7,3
62.766,0,3739648,windows,0,1970,1776.25,22,0,0,0,0,0,0,12,7,3
62.8829,1,4031488,windows,0,1970,1835,22,0,0,0,0,0,0,12,7,3
63.0326,0,3755008,repair,0,1970,1776.25,22,0,0,0,0,0,0,12,7,3
63.1337,1,4048896,windows,0,1970,1835,22,0,0,0,0,0,0,12,7,3
63.2855,0,3771392,repair,0,1970,1776.25,22,0,0,0,0,0,0,12,7,3
63.3887,1,4067328,windows,0,1970,1835,22,0,0,0,0,0,0,12,7,3
63.5389,0,3786752,windows,0,1970,1776.25,22,0,0,0,0,0,0,12,7,3
63.6506,1,4084736,windows,0,1970,1835,22,0,0,0,0,0,0,12,7,3
63.7894,0,3802112,windows,0,1970,1776.25,22,0,0,0,0,0,0,12,7,3
63.9018,1,4101120,windows,0,1970,1835,22,0,0,0,0,0,0,12,7,3
64.05,0,3817472,windows,0,1970,1776.25,22,0,0,0,0,0,0,12,7,3
64.1531,1,4118528,windows,0,1970,1835,22,0,0,0,0,0,0,12,7,3
64.3125,0,3832832,windows,0,1970,1776.25,22,0,0,0,0,0,0,12,7,3
64.4138,1,4135936,windows,0,1970,1835,22,0,0,0,0,0,0,12,7,3
64.5633,0,3847168,windows,0,1970,1776.25,22,0,0,0,0,0,0,12,7,3
64.6662,1,4154368,windows,0,1970,1835,22,0,0,0,0,0,0,12,7,3
64.8271,0,3862528,windows,0,1970,1776.25,22,0,0,0,0,0,0,12,7,3
64.9252,1,4172800,windows,0,1970,1835,22,0,0,0,0,0,0,12,7,3
65.0892,0,3877888,windows,0,1970,1776.25,22,0,0,0,0,0,0,12,7,3
65.1784,1,4191232,windows,0,1970,1835,22,0,0,0,0,0,0,12,7,3
65.3487,0,3893248,windows,0,1970,1776.25,22,0,0,0,0,0,0,12,7,3
65.4403,1,4210688,windows,0,1970,1835,22,0,0,0,0,0,0,12,7,3
65.6042,0,3907584,windows,0,1970,1776.25,22,0,0,0,0,0,0,12,7,3
65.694,1,4229120,windows,0,1970,1835,22,0,0,0,0,0,0,12,7,3
65.8637,0,3922944,windows,0,1970,1776.25,22,0,0,0,0,0,0,12,7,3
65.9513,1,4245504,windows,0,1970,1835,22,0,0,0,0,0,0,12,7,3
66.127,0,3938304,windows,0,1970,1776.25,22,0,0,0,0,0,0,12,7,3
66.213,1,4263936,windows,0,1970,1835,22,0,0,0,0,0,0,12,7,3
66.3809,0,3952640,windows,0,1970,1776.25,22,0,0,0,0,0,0,12,7,3
66.4744,1,4282368,windows,0,1970,1835,22,0,0,0,0,0,0,12,7,3
66.6422,0,3968000,windows,0,1970,1776.25,22,0,0,0,0,0,0,12,7,3
66.7267,1,4297728,windows,0,1970,1835,22,0,0,0,0,0,0,12,7,3
66.9021,0,3983360,windows,0,1970,1776.25,22,0,0,0,0,0,0,12,7,3
66.9884,1,4315136,windows,0,1970,1835,22,0,0,0,0,0,0,12,7,3
67.1536,0,3998720,windows,0,1970,1776.25,22,0,0,0,0,0,0,12,7,3
67.2429,1,4332544,windows,0,1970,1835,22,0,0,0,0,0,0,12,7,3
67.4224,0,4014080,windows,0,1970,1776.25,22,0,0,0,0,0,0,12,7,3
67.4973,1,4350976,windows,0,1970,1835,22,0,0,0,0,0,0,12,7,3
67.6764,0,4026368,windows,0,1970,1776.25,22,0,0,0,0,0,0,12,7,3
67.7577,1,4368384,windows,0,1970,1835,22,0,0,0,0,0,0,12,7,3
67.9399,0,4040704,windows,0,1970,1776.25,22,0,0,0,0,0,0,12,7,3
68.015,1,4385792,windows,0,1970,1835,22,0,0,0,0,0,0,12,7,3
68.2027,0,4055040,windows,0,1970,1776.25,22,0,0,0,0,0,0,12,7,3
68.2757,1,4404224,windows,0,1970,1835,22,0,0,0,0,0,0,12,7,3
68.4622,0,4069376,windows,0,1970,1776.25,22,0,0,0,0,0,0,12,7,3
68.5399,1,4421632,windows,0,1970,1835,22,0,0,0,0,0,0,12,7,3
68.7222,0,4085760,windows,0,1970,1776.25,22,0,0,0,0,0,0,12,7,3
68.799,1,4440064,windows,0,1970,1835,22,0,0,0,0,0,0,12,7,3
68.988,0,4102144,windows,0,1970,1776.25,22,0,0,0,0,0,0,12,7,3
69.0614,1,4458496,windows,0,1970,1835,22,0,0,0,0,0,0,12,7,3
69.2458,0,4118528,windows,0,1970,1776.25,22,0,0,0,0,0,0,12,7,3
69.3245,1,4476928,windows,0,1970,1835,22,0,0,0,0,0,0,12,7,3
69.5055,0,4135936,windows,0,1970,1776.25,22,0,0,0,0,0,0,12,7,3
69.5835,1,4495360,windows,0,1970,1835,22,0,0,0,0,0,0,12,7,3
69.7692,0,4152320,windows,0,1970,1776.25,22,0,0,0,0,0,0,12,7,3
69.8359,1,4513792,windows,0,1970,1835,22,0,0,0,0,0,0,12,7,3
70.0324,0,4169728,windows,0,1970,1776.25,22,0,0,0,0,0,0,12,7,3
70.0925,1,4532224,windows,0,1855,1720,21,0,0,0,0,0,0,11,7,3
70.2884,0,4186112,windows,0,1970,1776.25,22,0,0,0,0,0,0,12,7,3
70.3428,1,4548608,windows,0,1855,1720,21,0,0,0,0,0,0,11,7,3
70.5385,0,4201472,windows,0,1970,1776.25,22,0,0,0,0,0,0,12,7,3
70.5963,1,4564992,windows,0,1855,1720,21,0,0,0,0,0,0,11,7,3
70.7948,0,4216832,repair,0,1970,1776.25,22,0,0,0,0,0,0,12,7,3
70.861,1,4582400,windows,0,1855,1720,21,0,0,0,0,0,0,11,7,3
71.0565,0,4233216,repair,0,1970,1776.25,22,0,0,0,0,0,0,12,7,3
71.1144,1,4599808,windows,0,1855,1720,21,0,0,0,0,0,0,11,7,3
71.3175,0,4250624,repair,0,1970,1776.25,22,0,0,0,0,0,0,12,7,3
71.3747,1,4618240,windows,0,1855,1720,21,0,0,0,0,0,0,11,7,3
71.5834,0,4269056,repair,0,1970,1776.25,22,0,0,0,0,0,0,12,7,3
71.6359,1,4636672,windows,0,1855,1720,21,0,0,0,0,0,0,11,7,3
71.8432,0,4284416,windows,0,1970,1776.25,22,0,0,0,0,0,0,12,7,3
71.8957,1,4655104,windows,0,1855,1720,21,0,0,0,0,0,0,11,7,3
72.0969,0,4298752,windows,0,1970,1776.25,22,0,0,0,0,0,0,12,7,3
72.1515,1,4673536,windows,0,1855,1720,21,0,0,0,0,0,0,11,7,3
72.3555,0,4313088,windows,0,1970,1776.25,22,0,0,0,0,0,0,12,7,3
72.4067,1,4691968,windows,0,1855,1720,21,0,0,0,0,0,0,11,7,3
72.6181,0,4327424,windows,0,1970,1776.25,22,0,0,0,0,0,0,12,7,3
72.6682,1,4710400,windows,0,1855,1720,21,0,0,0,0,0,0,11,7,3
72.8705,0,4339712,windows,0,1970,1776.25,22,0,0,0,0,0,0,12,7,3
72.919,1,4724736,repair,0,1855,1720,21,0,0,0,0,0,0,11,7,3
73.1281,0,4354048,windows,0,1970,1776.25,22,0,0,0,0,0,0,12,7,3
73.1801,1,4742144,repair,0,1855,1720,21,0,0,0,0,0,0,11,7,3
73.3831,0,4369408,windows,0,1970,1776.25,22,0,0,0,0,0,0,12,7,3
73.4307,1,4759552,windows,0,1855,1720,21,0,0,0,0,0,0,11,7,3
73.6449,0,4386816,windows,0,1970,1776.25,22,0,0,0,0,0,0,12,7,3
73.6947,1,4776960,windows,0,1855,1720,21,0,0,0,0,0,0,11,7,3
73.9083,0,4404224,windows,0,1970,1776.25,22,0,0,0,0,0,0,12,7,3
73.9486,1,4794368,windows,0,1855,1720,21,0,0,0,0,0,0,11,7,3
74.1737,0,4422656,windows,0,1970,1776.25,22,0,0,0,0,0,0,12,7,3
74.2088,1,4811776,windows,0,1855,1720,21,0,0,0,0,0,0,11,7,3
74.4344,0,4441088,windows,0,1970,1776.25,22,0,0,0,0,0,0,12,7,3
74.4712,1,4830208,windows,0,1855,1720,21,0,0,0,0,0,0,11,7,3
74.6914,0,4459520,windows,0,1970,1776.25,22,0,0,0,0,0,0,12,7,3
74.7277,1,4847616,windows,0,1855,1720,21,0,0,0,0,0,0,11,7,3
74.949,0,4475904,windows,0,1970,1776.25,22,0,0,0,0,0,0,12,7,3
74.9845,1,4866048,windows,0,1855,1720,21,0,0,0,0,0,0,11,7,3
75.2025,0,4495360,windows,0,1970,1776.25,22,0,0,0,0,0,0,12,7,3
75.2444,1,4885504,windows,0,1855,1720,21,0,0,0,0,0,0,11,7,3
75.4535,0,4514816,windows,0,1970,1776.25,22,0,0,0,0,0,0,12,7,3
75.4965,1,4903936,windows,0,1855,1720,21,0,0,0,0,0,0,11,7,3
75.712,0,4532224,windows,0,1970,1776.25,22,0,0,0,0,0,0,12,7,3
75.7558,1,4922368,windows,0,1855,1720,21,0,0,0,0,0,0,11,7,3
75.9629,0,4549632,windows,0,1970,1776.25,22,0,0,0,0,0,0,12,7,3
76.0106,1,4940800,windows,0,1855,1720,21,0,0,0,0,0,0,11,7,3
76.2183,0,4564992,windows,0,1970,1776.25,22,0,0,0,0,0,0,12,7,3
76.2705,1,4960256,windows,0,1855,1720,21,0,0,0,0,0,0,11,7,3
76.4853,0,4580352,windows,0,1970,1776.25,22,0,0,0,0,0,0,12,7,3
76.527,1,4977664,windows,0,1855,1720,21,0,0,0,0,0,0,11,7,3
76.7538,0,4595712,repair,0,1970,1776.25,22,0,0,0,0,0,0,12,7,3
76.7823,1,4994048,windows,0,1855,1720,21,0,0,0,0,0,0,11,7,3
77.015,0,4614144,repair,0,1970,1776.25,22,0,0,0,0,0,0,12,7,3
77.0356,1,5012480,windows,0,1855,1720,21,0,0,0,0,0,0,11,7,3
77.2799,0,4633600,windows,0,1970,1776.25,22,0,0,0,0,0,0,12,7,3
77.2894,1,5030912,windows,0,1855,1720,21,0,0,0,0,0,0,11,7,3
77.5401,0,4653056,windows,0,1970,1776.25,22,0,0,0,0,0,0,12,7,3
77.5489,1,5048320,repair,0,1855,1720,21,0,0,0,0,0,0,11,7,3
77.7975,0,4671488,windows,0,1970,1776.25,22,0,0,0,0,0,0,12,7,3
77.8021,1,5067776,repair,0,1855,1720,21,0,0,0,0,0,0,11,7,3
78.0525,0,4686848,windows,0,1970,1776.25,22,0,0,0,0,0,0,12,7,3
78.0568,1,5084160,windows,0,1855,1720,21,0,0,0,0,0,0,11,7,3
78.3066,0,4701184,windows,0,1970,1776.25,22,0,0,0,0,0,0,12,7,3
78.3086,1,5101568,windows,0,1855,1720,21,0,0,0,0,0,0,11,7,3
78.5651,1,5117952,windows,0,1855,1720,21,0,0,0,0,0,0,11,7,3
78.5711,0,4717568,windows,0,1970,1776.25,22,0,0,0,0,0,0,12,7,3
78.8236,1,5134336,windows,0,1855,1720,21,0,0,0,0,0,0,11,7,3
78.8424,0,4736000,windows,0,1970,1776.25,22,0,0,0,0,0,0,12,7,3
79.0855,1,5150720,windows,0,1855,1720,21,0,0,0,0,0,0,11,7,3
79.1071,0,4753408,windows,0,1970,1776.25,22,0,0,0,0,0,0,12,7,3
79.3378,1,5168128,windows,0,1855,1720,21,0,0,0,0,0,0,11,7,3
79.3673,0,4770816,windows,0,1970,1776.25,22,0,0,0,0,0,0,12,7,3
79.595,1,5184512,windows,0,1855,1720,21,0,0,0,0,0,0,11,7,3
79.6311,0,4789248,windows,0,1970,1776.25,22,0,0,0,0,0,0,12,7,3
79.8496,1,5200896,windows,0,1855,1720,21,0,0,0,0,0,0,11,7,3
79.8822,0,4805632,windows,0,1970,1776.25,22,0,0,0,0,0,0,12,7,3
80.1,1,5217280,windows,0,1855,1720,21,0,0,0,0,0,0,11,7,3
80.1443,0,4823040,windows,0,1970,1776.25,22,0,0,0,0,0,0,12,7,3
80.3509,1,5234688,windows,0,1855,1720,21,0,0,0,0,0,0,11,7,3
80.3993,0,4840448,windows,0,1970,1776.25,22,0,0,0,0,0,0,12,7,3
80.6143,1,5252096,windows,0,1855,1720,21,0,0,0,0,0,0,11,7,3
80.659,0,4856832,windows,0,1970,1776.25,22,0,0,0,0,0,0,12,7,3
80.8775,1,5270528,windows,0,1855,1720,21,0,0,0,0,0,0,11,7,3
80.9222,0,4874240,windows,0,1970,1776.25,22,0,0,0,0,0,0,12,7,3
81.1382,1,5287936,windows,0,1855,1720,21,0,0,0,0,0,0,11,7,3
81.1809,0,4888576,windows,0,1970,1776.25,22,0,0,0,0,0,0,12,7,3
81.3911,1,5305344,windows,0,1855,1720,21,0,0,0,0,0,0,11,7,3
81.4346,0,4902912,windows,0,1970,1776.25,22,0,0,0,0,0,0,12,7,3
81.6456,1,5321728,windows,0,1855,1720,21,0,0,0,0,0,0,11,7,3
81.6959,0,4913152,repair,829,2.46897e+08,2.46878e+08,6818,49,146,148,321,165,0,3825,2797,196
81.9068,1,5340160,windows,0,1855,1720,21,0,0,0,0,0,0,11,7,3
81.9618,0,4929536,repair,665,2.88444e+08,2.88355e+08,7345,48,123,134,229,131,0,3996,3145,204
82.1773,1,5351424,windows,0,1855,1720,21,0,0,0,0,0,0,11,7,3
82.2267,0,4938752,repair,608,2.72527e+08,2.72467e+08,7303,38,119,125,213,113,0,4121,2987,195
82.4296,1,5363712,windows,0,1855,1720,21,0,0,0,0,0,0,11,7,3
82.4835,0,4951040,repair,524,2.79279e+08,2.79259e+08,7264,30,105,105,185,99,0,3969,3110,185
82.6858,1,5380096,windows,0,1855,1720,21,0,0,0,0,0,0,11,7,3
82.7464,0,4968448,repair,448,2.37169e+08,2.37164e+08,6888,29,93,89,158,79,0,3935,2779,174
82.9493,1,5399552,windows,0,1855,1720,21,0,0,0,0,0,0,11,7,3
83.0037,0,4985856,repair,348,2.27679e+08,2.27619e+08,6677,19,61,50,129,89,0,3756,2770,151
83.1995,1,5417984,windows,0,1855,1720,21,0,0,0,0,0,0,11,7,3
83.2542,0,5002240,repair,287,2.13994e+08,2.1397e+08,6601,8,37,57,124,61,0,3848,2620,133
83.4616,1,5437440,windows,0,1855,1720,21,0,0,0,0,0,0,11,7,3
83.5066,0,5018624,repair,236,2.01199e+08,2.01195e+08,6398,9,51,36,86,54,0,3711,2554,133
83.7121,1,5452800,repair,0,1855,1720,21,0,0,0,0,0,0,11,7,3
83.7569,0,5033984,repair,184,1.95645e+08,1.95645e+08,6319,14,39,30,57,44,0,3665,2522,132
83.9771,1,5469184,repair,0,1855,1720,21,0,0,0,0,0,0,11,7,3
84.0226,0,5051392,repair,148,1.64133e+08,1.64115e+08,5846,7,28,16,56,41,0,3447,2277,122
84.2351,1,5487616,windows,0,1855,1720,21,0,0,0,0,0,0,11,7,3
84.283,0,5068800,repair,113,1.57397e+08,1.57393e+08,5798,5,12,18,56,22,0,3508,2181,109
84.4976,1,5505024,windows,0,1855,1720,21,0,0,0,0,0,0,11,7,3
84.5382,0,5085184,repair,90,1.38782e+08,1.38782e+08,5506,3,10,11,53,13,0,3410,2001,95
84.7595,1,5519360,windows,0,1855,1720,21,0,0,0,0,0,0,11,7,3
84.7966,0,5101568,repair,57,1.42298e+08,1.42237e+08,5525,3,13,6,19,16,0,3372,2063,90
85.0194,1,5533696,windows,0,1855,1720,21,0,0,0,0,0,0,11,7,3
85.0602,0,5117952,repair,39,1.16141e+08,1.16123e+08,4972,2,8,8,15,6,0,3026,1873,73
85.2815,1,5549056,windows,0,1855,1720,21,0,0,0,0,0,0,11,7,3
85.3138,0,5133312,repair,21,1.08293e+08,1.08256e+08,4853,0,2,3,14,2,0,3016,1770,67
85.5422,1,5563392,windows,0,1855,1720,21,0,0,0,0,0,0,11,7,3
85.5673,0,5149696,repair,9,9.80053e+07,9.79904e+07,4678,2,1,0,5,1,0,2983,1634,61
85.7976,1,5577728,windows,0,1855,1720,21,0,0,0,0,0,0,11,7,3
85.8273,0,5166080,repair,2,8.61157e+07,8.61002e+07,4358,0,2,0,0,0,0,2749,1553,56
86.0568,1,5592064,windows,0,1855,1720,21,0,0,0,0,0,0,11,7,3
86.0923,0,5182464,repair,1,7.18691e+07,7.18422e+07,4059,0,0,0,1,0,0,2663,1348,48
86.3235,1,5607424,windows,0,1855,1720,21,0,0,0,0,0,0,11,7,3
86.3575,0,5198848,repair,1,6.01361e+07,6.01347e+07,3727,0,0,0,0,1,0,2462,1220,45
86.591,1,5621760,windows,0,1855,1720,21,0,0,0,0,0,0,11,7,3
86.6083,0,5214208,repair,0,5.62799e+07,5.62785e+07,3602,0,0,0,0,0,0,2370,1186,46
86.8597,1,5636096,windows,0,1855,1720,21,0,0,0,0,0,0,11,7,3
86.8622,0,5230592,repair,0,4.69008e+07,4.68804e+07,3352,0,0,0,0,0,0,2281,1020,51
87.1125,1,5648384,windows,0,1855,1720,21,0,0,0,0,0,0,11,7,3
87.1149,0,5244928,windows,0,3.8521e+07,3.85195e+07,3008,0,0,0,0,0,0,1997,962,49
87.3689,1,5663744,windows,0,1855,1720,21,0,0,0,0,0,0,11,7,3
87.3771,0,5258240,windows,0,3.26466e+07,3.26356e+07,2814,0,0,0,0,0,0,1945,827,42
87.6189,1,5679104,windows,0,1855,1720,21,0,0,0,0,0,0,11,7,3
87.6303,0,5271552,windows,0,2.81994e+07,2.81749e+07,2600,0,0,0,0,0,0,1789,780,31
87.8714,1,5694464,windows,0,1855,1720,21,0,0,0,0,0,0,11,7,3
87.896,0,5286912,windows,0,2.42035e+07,2.41793e+07,2394,0,0,0,0,0,0,1605,751,38
88.1236,1,5708800,repair,0,1855,1720,21,0,0,0,0,0,0,11,7,3
88.1494,0,5300224,windows,0,1.99512e+07,1.99363e+07,2163,0,0,0,0,0,0,1434,694,35
88.3777,1,5725184,repair,0,1855,1720,21,0,0,0,0,0,0,11,7,3
88.4152,0,5314560,windows,0,1.68748e+07,1.6874e+07,2012,0,0,0,0,0,0,1379,606,27
88.6383,1,5745664,repair,0,1855,1720,21,0,0,0,0,0,0,11,7,3
88.6738,0,5327872,windows,0,1.47828e+07,1.47763e+07,1885,0,0,0,0,0,0,1300,562,23
88.9013,1,5765120,windows,0,1855,1720,21,0,0,0,0,0,0,11,7,3
88.9391,0,5341184,windows,0,1.28716e+07,1.28648e+07,1771,0,0,0,0,0,0,1244,506,21
89.1594,1,5780480,windows,0,1855,1720,21,0,0,0,0,0,0,11,7,3
89.206,0,5355520,windows,0,1.13534e+07,1.13435e+07,1672,0,0,0,0,0,0,1186,464,22
89.4279,1,5794816,windows,0,1855,1720,21,0,0,0,0,0,0,11,7,3
89.4644,0,5368832,windows,0,9.43412e+06,9.42464e+06,1492,0,0,0,0,0,0,992,474,26
89.6945,1,5809152,windows,0,1855,1720,21,0,0,0,0,0,0,11,7,3
89.7324,0,5383168,windows,0,7.94927e+06,7.9444e+06,1400,0,0,0,0,0,0,974,399,27
89.9564,1,5823488,windows,0,1855,1720,21,0,0,0,0,0,0,11,7,3
89.999,0,5397504,windows,0,6.86208e+06,6.85702e+06,1289,0,0,0,0,0,0,883,384,22
90.2086,1,5837824,windows,0,1855,1720,21,0,0,0,0,0,0,11,7,3
90.2544,0,5411840,windows,0,5.90797e+06,5.89684e+06,1200,0,0,0,0,0,0,832,349,19
90.4665,1,5852160,windows,0,1855,1720,21,0,0,0,0,0,0,11,7,3
90.5173,0,5426176,windows,0,5.18656e+06,5.18196e+06,1138,0,0,0,0,0,0,819,302,17
90.7282,1,5866496,windows,0,1855,1720,21,0,0,0,0,0,0,11,7,3
90.7682,0,5439488,windows,0,4.21662e+06,4.21272e+06,1011,0,0,0,0,0,0,703,295,13
90.9949,1,5879808,windows,0,1855,1720,21,0,0,0,0,0,0,11,7,3
91.0227,0,5452800,windows,0,3.63887e+06,3.63849e+06,948,0,0,0,0,0,0,674,261,13
91.2482,1,5893120,windows,0,1855,1720,21,0,0,0,0,0,0,11,7,3
91.2791,0,5466112,windows,0,3.10868e+06,3.10067e+06,874,0,0,0,0,0,0,612,248,14
91.5017,1,5906432,windows,0,1855,1720,21,0,0,0,0,0,0,11,7,3
91.535,0,5479424,windows,0,2.64888e+06,2.64121e+06,810,0,0,0,0,0,0,576,222,12
91.7678,1,5920768,windows,0,1855,1720,21,0,0,0,0,0,0,11,7,3
91.7861,0,5493760,windows,0,2.3106e+06,2.30664e+06,760,0,0,0,0,0,0,552,198,10
92.0351,1,5935104,windows,0,1855,1720,21,0,0,0,0,0,0,11,7,3
92.0439,0,5508096,windows,0,1.75126e+06,1.74762e+06,658,0,0,0,0,0,0,466,182,10
92.2966,1,5949440,windows,0,1855,1720,21,0,0,0,0,0,0,11,7,3
92.3108,0,5522432,windows,0,1.47734e+06,1.47185e+06,604,0,0,0,0,0,0,425,169,10
92.5632,1,5963776,windows,0,1855,1720,21,0,0,0,0,0,0,11,7,3
92.5783,0,5536768,windows,0,1.25069e+06,1.24867e+06,560,0,0,0,0,0,0,404,147,9
92.8137,1,5978112,windows,0,1855,1720,21,0,0,0,0,0,0,11,7,3
92.8338,0,5551104,windows,0,1.10333e+06,1.10333e+06,524,0,0,0,0,0,0,372,143,9
93.0799,1,5992448,windows,0,1855,1720,21,0,0,0,0,0,0,11,7,3
93.0907,0,5565440,windows,0,931355,929651,480,0,0,0,0,0,0,341,132,7
93.3409,0,5578752,windows,0,734450,730304,427,0,0,0,0,0,0,298,120,9
93.3442,1,6006784,windows,0,1855,1720,21,0,0,0,0,0,0,11,7,3
93.598,1,6018048,windows,0,1855,1720,21,0,0,0,0,0,0,11,7,3
93.6041,0,5594112,windows,0,605725,605725,387,0,0,0,0,0,0,269,110,8
93.8631,0,5608448,windows,0,492680,491451,351,0,0,0,0,0,0,246,97,8
93.8645,1,6032384,windows,0,1855,1720,21,0,0,0,0,0,0,11,7,3
94.1154,1,6046720,windows,0,1855,1720,21,0,0,0,0,0,0,11,7,3
94.1285,0,5622784,windows,0,428975,426066,329,0,0,0,0,0,0,235,87,7
94.3723,1,6063104,windows,0,1855,1720,21,0,0,0,0,0,0,11,7,3
94.3851,0,5636096,windows,0,359890,358115,296,0,0,0,0,0,0,200,89,7
94.6242,1,6079488,windows,0,1855,1720,21,0,0,0,0,0,0,11,7,3
94.6481,0,5650432,windows,0,268565,267130,259,0,0,0,0,0,0,181,72,6
94.8765,1,6095872,windows,0,1855,1720,21,0,0,0,0,0,0,11,7,3
94.9079,0,5664768,windows,0,230080,229231,241,0,0,0,0,0,0,170,65,6
95.139,1,6113280,windows,0,1855,1720,21,0,0,0,0,0,0,11,7,3
95.1734,0,5679104,windows,0,197005,197005,221,0,0,0,0,0,0,151,64,6
95.4021,1,6130688,windows,0,1855,1720,21,0,0,0,0,0,0,11,7,3
95.4399,0,5692416,windows,0,173570,173570,207,0,0,0,0,0,0,142,60,5
95.6585,1,6144000,windows,0,1855,1720,21,0,0,0,0,0,0,11,7,3
95.696,0,5705728,windows,0,155675,154981,198,0,0,0,0,0,0,139,54,5
95.9086,1,6154240,repair,1083,8.39279e+07,8.3921e+07,2753,10,23,34,637,379,0,1671,851,231
95.9546,0,5720064,windows,0,103995,103995,162,0,0,0,0,0,0,117,42,3
96.1657,1,6169600,repair,710,2.92928e+08,2.92922e+08,7402,66,146,114,247,137,0,4068,3146,188
96.2128,0,5734400,windows,0,96260,95425,156,0,0,0,0,0,0,110,42,4
96.4283,1,6187008,repair,577,2.9031e+08,2.90243e+08,7503,47,110,105,205,110,0,4236,3102,165
96.4701,0,5748736,windows,0,82195,81681.2,144,0,0,0,0,0,0,103,38,3
96.69,1,6203392,repair,494,2.554e+08,2.55321e+08,7035,36,101,95,160,102,0,3956,2926,153
96.7333,0,5763072,windows,0,78210,78210,141,0,0,0,0,0,0,102,36,3
96.9482,1,6219776,repair,397,2.47106e+08,2.47106e+08,7027,21,78,79,139,80,0,4048,2838,141
96.985,0,5777408,windows,0,69470,68991.2,133,0,0,0,0,0,0,96,34,3
97.202,1,6240256,repair,332,2.00199e+08,2.00149e+08,6395,13,56,56,130,77,0,3758,2514,123
97.2463,0,5791744,windows,0,54805,53623.8,117,0,0,0,0,0,0,79,34,4
97.4583,1,6260736,repair,266,1.87291e+08,1.87288e+08,6233,16,52,38,106,54,0,3716,2410,107
97.4967,0,5806080,windows,0,47360,46868.8,110,0,0,0,0,0,0,76,30,4
97.7188,1,6281216,repair,186,1.94324e+08,1.94324e+08,6215,17,35,24,63,47,0,3545,2552,118
97.7589,0,5820416,windows,0,45125,44648.8,107,0,0,0,0,0,0,73,30,4
97.9785,1,6301696,repair,133,1.67119e+08,1.67101e+08,5930,8,25,16,59,25,0,3563,2268,99
98.0129,0,5834752,windows,0,42505,41817.5,104,0,0,0,0,0,0,71,29,4
98.2369,1,6321152,repair,104,1.38865e+08,1.38862e+08,5441,4,11,18,48,23,0,3279,2055,107
98.2713,0,5848064,windows,0,38425,37988.8,98,0,0,0,0,0,0,65,29,4
98.4922,1,6338560,repair,74,1.31821e+08,1.31821e+08,5361,3,10,12,30,19,0,3306,1959,96
98.5317,0,5862400,windows,0,31285,30898.8,87,0,0,0,0,0,0,55,28,4
98.7498,1,6352896,repair,40,1.28002e+08,1.27983e+08,5301,3,11,6,13,7,0,3293,1917,91
98.7951,0,5875712,windows,0,25480,25367.5,79,0,0,0,0,0,0,50,25,4
99.0138,1,6368256,repair,29,1.09725e+08,1.09672e+08,4919,2,7,2,11,7,0,3080,1762,77
99.0644,0,5888000,windows,0,22855,22772.5,75,0,0,0,0,0,0,49,23,3
99.2667,1,6384640,repair,15,1.01498e+08,1.01465e+08,4721,0,3,0,7,5,0,2966,1694,61
99.3181,0,5901312,windows,0,21955,21628.8,74,0,0,0,0,0,0,49,22,3
99.5224,1,6401024,repair,7,8.70923e+07,8.70902e+07,4440,0,0,0,6,1,0,2848,1523,69
99.5786,0,5915648,windows,0,19990,19532.5,72,0,0,0,0,0,0,50,19,3
99.7891,1,6417408,repair,3,8.1411e+07,8.13954e+07,4273,0,1,1,1,0,0,2718,1489,66
99.8457,0,5931008,windows,0,18070,17612.5,68,0,0,0,0,0,0,46,19,3
100.057,1,6432768,windows,0,6.26303e+07,6.26054e+07,3810,0,0,0,0,0,0,2516,1243,51
100.105,0,5946368,windows,0,16585,16585,64,0,0,0,0,0,0,43,19,2
100.322,1,6447104,windows,0,5.11634e+07,5.11621e+07,3449,0,0,0,0,0,0,2291,1115,43
100.357,0,5961728,windows,0,13900,13900,59,0,0,0,0,0,0,40,17,2
100.579,1,6461440,windows,0,4.3114e+07,4.30829e+07,3163,0,0,0,0,0,0,2090,1030,43
100.612,0,5976064,windows,0,12755,12561.2,56,0,0,0,0,0,0,39,16,1
100.832,1,6475776,windows,0,3.57772e+07,3.57772e+07,2886,0,0,0,0,0,0,1908,936,42
100.874,0,5990400,windows,0,12755,12561.2,56,0,0,0,0,0,0,39,16,1
101.101,1,6490112,windows,0,2.84709e+07,2.84699e+07,2579,0,0,0,0,0,0,1718,827,34
101.127,0,6004736,windows,0,12370,12181.2,55,0,0,0,0,0,0,38,16,1
101.353,1,6504448,windows,0,2.37468e+07,2.37381e+07,2341,0,0,0,0,0,0,1538,771,32
101.387,0,6020096,windows,0,11375,11080,53,0,0,0,0,0,0,37,15,1
101.614,1,6519808,windows,0,2.01113e+07,2.00981e+07,2200,0,0,0,0,0,0,1506,661,33
101.645,0,6034432,windows,0,9755,9755,50,0,0,0,0,0,0,37,12,1
101.873,1,6534144,windows,0,1.71373e+07,1.71249e+07,2022,0,0,0,0,0,0,1369,622,31
101.911,0,6049792,windows,0,9390,9390,49,0,0,0,0,0,0,36,12,1
102.136,1,6548480,windows,0,1.45558e+07,1.4555e+07,1837,0,0,0,0,0,0,1207,602,28
102.179,0,6064128,windows,0,9390,9390,49,0,0,0,0,0,0,36,12,1
102.396,1,6562816,windows,0,1.22167e+07,1.22108e+07,1717,0,0,0,0,0,0,1183,510,24
102.441,0,6078464,windows,0,9390,9390,49,0,0,0,0,0,0,36,12,1
102.653,1,6577152,windows,0,1.03809e+07,1.03748e+07,1582,0,0,0,0,0,0,1098,466,18
102.71,0,6093824,windows,0,8355,8355,46,0,0,0,0,0,0,33,12,1
102.904,1,6591488,windows,0,9.06862e+06,9.06829e+06,1479,0,0,0,0,0,0,1041,427,11
102.976,0,6109184,windows,0,8355,8355,46,0,0,0,0,0,0,33,12,1
103.169,1,6605824,windows,0,7.678e+06,7.66523e+06,1356,0,0,0,0,0,0,939,404,13
103.235,0,6124544,windows,0,8030,8030,45,0,0,0,0,0,0,32,12,1
103.424,1,6619136,windows,0,6.3146e+06,6.30996e+06,1233,0,0,0,0,0,0,859,362,12
103.5,0,6139904,windows,0,7715,7715,44,0,0,0,0,0,0,31,12,1
103.694,1,6633472,windows,0,5.31098e+06,5.31098e+06,1135,0,0,0,0,0,0,796,327,12
103.752,0,6154240,windows,0,7715,7715,44,0,0,0,0,0,0,31,12,1
103.962,1,6647808,windows,0,4.55416e+06,4.55007e+06,1056,0,0,0,0,0,0,748,296,12
104.007,0,6168576,windows,0,7475,7280,44,0,0,0,0,0,0,33,10,1
104.218,1,6661120,windows,0,3.98362e+06,3.97458e+06,984,0,0,0,0,0,0,698,278,8
104.274,0,6183936,windows,0,7475,7280,44,0,0,0,0,0,0,33,10,1
104.473,1,6674432,windows,0,3.44597e+06,3.44245e+06,920,0,0,0,0,0,0,664,249,7
104.545,0,6199296,windows,0,6950,6586.25,42,0,0,0,0,0,0,30,11,1
104.732,1,6688768,windows,0,2.78015e+06,2.77724e+06,820,0,0,0,0,0,0,582,233,5
104.803,0,6214656,windows,0,6950,6586.25,42,0,0,0,0,0,0,30,11,1
104.993,1,6703104,windows,0,2.27831e+06,2.27831e+06,750,0,0,0,0,0,0,542,201,7
105.066,0,6230016,windows,0,6950,6586.25,42,0,0,0,0,0,0,30,11,1
105.26,1,6718464,windows,0,1.89476e+06,1.89476e+06,676,0,0,0,0,0,0,471,198,7
105.322,0,6245376,windows,0,6950,6586.25,42,0,0,0,0,0,0,30,11,1
105.526,1,6733824,windows,0,1.62451e+06,1.61876e+06,631,0,0,0,0,0,0,448,176,7
105.579,0,6259712,windows,0,1855,1720,21,0,0,0,0,0,0,11,7,3
105.788,1,6748160,windows,0,1.37468e+06,1.37451e+06,580,0,0,0,0,0,0,412,162,6
105.831,0,6275072,windows,0,1855,1720,21,0,0,0,0,0,0,11,7,3
106.054,1,6762496,windows,0,1.08716e+06,1.08241e+06,514,0,0,0,0,0,0,360,148,6
106.096,0,6290432,windows,0,1855,1720,21,0,0,0,0,0,0,11,7,3
106.318,1,6777856,windows,0,863030,861119,462,0,0,0,0,0,0,318,133,11
106.362,0,6305792,windows,0,1855,1720,21,0,0,0,0,0,0,11,7,3
106.569,1,6792192,windows,0,730715,730452,430,0,0,0,0,0,0,309,112,9
106.619,0,6320128,windows,0,1855,1720,21,0,0,0,0,0,0,11,7,3
106.825,1,6806528,windows,0,623980,623688,397,0,0,0,0,0,0,280,107,10
106.883,0,6335488,windows,0,1855,1720,21,0,0,0,0,0,0,11,7,3
107.08,1,6820864,windows,0,498065,496609,352,0,0,0,0,0,0,245,99,8
107.146,0,6349824,windows,0,1855,1720,21,0,0,0,0,0,0,11,7,3
107.345,1,6835200,windows,0,390050,390050,306,0,0,0,0,0,0,204,95,7
107.413,0,6365184,windows,0,1855,1720,21,0,0,0,0,0,0,11,7,3
107.603,1,6849536,windows,0,329375,327720,285,0,0,0,0,0,0,195,83,7
107.675,0,6380544,windows,0,1855,1720,21,0,0,0,0,0,0,11,7,3
107.869,1,6864896,windows,0,277775,275376,263,0,0,0,0,0,0,181,75,7
107.938,0,6396928,windows,0,1855,1720,21,0,0,0,0,0,0,11,7,3
108.132,1,6879232,windows,0,240070,237826,244,0,0,0,0,0,0,166,71,7
108.204,0,6413312,windows,0,1855,1720,21,0,0,0,0,0,0,11,7,3
108.389,1,6893568,windows,0,188245,188245,213,0,0,0,0,0,0,137,68,8
108.466,0,6426624,windows,0,1855,1720,21,0,0,0,0,0,0,11,7,3
108.641,1,6906880,windows,0,147890,147281,189,0,0,0,0,0,0,122,60,7
108.722,0,6441984,windows,0,1855,1720,21,0,0,0,0,0,0,11,7,3
108.896,1,6920192,windows,0,129925,129925,177,0,0,0,0,0,0,115,56,6
108.975,0,6455296,windows,0,1855,1720,21,0,0,0,0,0,0,11,7,3
109.164,1,6935552,windows,0,116645,115398,167,0,0,0,0,0,0,107,54,6
109.232,0,6470656,windows,0,1855,1720,21,0,0,0,0,0,0,11,7,3
109.416,1,6950912,windows,0,99570,99367.5,154,0,0,0,0,0,0,96,51,7
109.494,0,6487040,repair,0,1855,1720,21,0,0,0,0,0,0,11,7,3
109.667,1,6965248,windows,0,83045,82170,143,0,0,0,0,0,0,93,44,6
109.751,0,6502400,windows,0,1855,1720,21,0,0,0,0,0,0,11,7,3
109.929,1,6980608,windows,0,66700,66527.5,128,0,0,0,0,0,0,82,40,6
110.002,0,6516736,windows,0,1855,1720,21,0,0,0,0,0,0,11,7,3
110.193,1,6994944,windows,0,61145,60972.5,122,0,0,0,0,0,0,77,39,6
110.26,0,6531072,windows,0,1855,1720,21,0,0,0,0,0,0,11,7,3
110.458,1,7010304,windows,0,57340,57167.5,118,0,0,0,0,0,0,74,38,6
110.528,0,6545408,windows,0,1855,1720,21,0,0,0,0,0,0,11,7,3
110.724,1,7024640,windows,0,51580,50363.8,114,0,0,0,0,0,0,74,34,6
110.79,0,6560768,windows,0,1855,1720,21,0,0,0,0,0,0,11,7,3
110.988,1,7038976,windows,0,38695,38552.5,99,0,0,0,0,0,0,65,29,5
111.056,0,6575104,windows,0,1855,1720,21,0,0,0,0,0,0,11,7,3
111.241,1,7053312,windows,0,34115,33457.5,94,0,0,0,0,0,0,63,26,5
111.311,0,6589440,windows,0,1855,1720,21,0,0,0,0,0,0,11,7,3
111.504,1,7067648,windows,0,29650,29198.8,89,0,0,0,0,0,0,62,22,5
111.569,0,6603776,windows,0,1855,1720,21,0,0,0,0,0,0,11,7,3
111.757,1,7081984,windows,0,28430,27988.8,87,0,0,0,0,0,0,60,22,5
111.82,0,6618112,windows,0,1855,1720,21,0,0,0,0,0,0,11,7,3
112.019,1,7096320,windows,0,27575,27432.5,85,0,0,0,0,0,0,57,23,5
112.072,0,6631424,windows,0,1855,1720,21,0,0,0,0,0,0,11,7,3
112.288,1,7110656,windows,0,23090,22688.8,78,0,0,0,0,0,0,52,21,5
112.337,0,6645760,windows,0,1855,1720,21,0,0,0,0,0,0,11,7,3
112.547,1,7124992,windows,0,20615,20057.5,73,0,0,0,0,0,0,47,21,5
112.608,0,6660096,windows,0,1855,1720,21,0,0,0,0,0,0,11,7,3
112.803,1,7139328,windows,0,18875,18113.8,70,0,0,0,0,0,0,45,20,5
112.864,0,6674432,windows,0,1855,1720,21,0,0,0,0,0,0,11,7,3
113.061,1,7155712,windows,0,17650,17288.8,68,0,0,0,0,0,0,44,19,5
113.132,0,6688768,windows,0,1855,1720,21,0,0,0,0,0,0,11,7,3
113.323,1,7173120,windows,0,16375,15857.5,65,0,0,0,0,0,0,41,19,5
113.392,0,6703104,windows,0,1855,1720,21,0,0,0,0,0,0,11,7,3
113.582,1,7190528,windows,0,14835,14337.5,62,0,0,0,0,0,0,39,18,5
113.65,0,6717440,windows,0,1855,1720,21,0,0,0,0,0,0,11,7,3
113.836,1,7207936,windows,0,12385,12272.5,56,0,0,0,0,0,0,35,17,4
113.906,0,6731776,windows,0,1855,1720,21,0,0,0,0,0,0,11,7,3
114.087,1,7225344,windows,0,11380,11267.5,54,0,0,0,0,0,0,34,16,4
114.156,0,6746112,windows,0,1855,1720,21,0,0,0,0,0,0,11,7,3
114.352,1,7243776,windows,0,9520,9248.75,50,0,0,0,0,0,0,32,14,4
114.42,0,6761472,windows,0,1855,1720,21,0,0,0,0,0,0,11,7,3
114.604,1,7260160,windows,0,9520,9248.75,50,0,0,0,0,0,0,32,14,4
114.675,0,6775808,windows,0,1855,1720,21,0,0,0,0,0,0,11,7,3
114.858,1,7277568,windows,0,9205,8938.75,49,0,0,0,0,0,0,31,14,4
114.942,0,6791168,windows,0,1855,1720,21,0,0,0,0,0,0,11,7,3
115.121,1,7296000,windows,0,8065,7697.5,46,0,0,0,0,0,0,29,13,4
115.207,0,6806528,windows,0,1855,1720,21,0,0,0,0,0,0,11,7,3
115.381,1,7310336,windows,0,8065,7697.5,46,0,0,0,0,0,0,29,13,4
115.457,0,6820864,windows,0,1855,1720,21,0,0,0,0,0,0,11,7,3
115.631,1,7324672,windows,0,7780,7412.5,45,0,0,0,0,0,0,28,13,4
115.711,0,6835200,windows,0,1855,1720,21,0,0,0,0,0,0,11,7,3
115.898,1,7340032,windows,0,7565,7217.5,45,0,0,0,0,0,0,29,12,4
115.978,0,6849536,windows,0,1855,1720,21,0,0,0,0,0,0,11,7,3
116.155,1,7354368,windows,0,7005,6657.5,43,0,0,0,0,0,0,27,12,4
116.231,0,6860800,windows,0,1855,1720,21,0,0,0,0,0,0,11,7,3
116.411,1,7368704,windows,0,6985,6617.5,42,0,0,0,0,0,0,25,13,4
116.482,0,6875136,windows,0,1855,1720,21,0,0,0,0,0,0,11,7,3
116.673,1,7386112,windows,0,6240,5892.5,40,0,0,0,0,0,0,24,12,4
116.742,0,6890496,windows,0,1855,1720,21,0,0,0,0,0,0,11,7,3
116.937,1,7404544,windows,0,6005,5543.75,39,0,0,0,0,0,0,23,12,4
117.002,0,6904832,windows,0,1855,1720,21,0,0,0,0,0,0,11,7,3
117.193,1,7418880,windows,0,6005,5543.75,39,0,0,0,0,0,0,23,12,4
117.256,0,6919168,windows,0,1855,1720,21,0,0,0,0,0,0,11,7,3
117.449,1,7436288,windows,0,6005,5543.75,39,0,0,0,0,0,0,23,12,4
117.517,0,6934528,repair,0,1855,1720,21,0,0,0,0,0,0,11,7,3
117.709,1,7455744,windows,0,6005,5543.75,39,0,0,0,0,0,0,23,12,4
117.783,0,6950912,windows,0,1855,1720,21,0,0,0,0,0,0,11,7,3
117.965,1,7473152,windows,0,5780,5323.75,38,0,0,0,0,0,0,22,12,4
118.05,0,6966272,windows,0,1855,1720,21,0,0,0,0,0,0,11,7,3
118.227,1,7488512,windows,0,5780,5323.75,38,0,0,0,0,0,0,22,12,4
118.3,0,6980608,windows,0,1855,1720,21,0,0,0,0,0,0,11,7,3
118.482,1,7503872,windows,0,5780,5323.75,38,0,0,0,0,0,0,22,12,4
118.563,0,6994944,windows,0,1855,1720,21,0,0,0,0,0,0,11,7,3
118.742,1,7517184,windows,0,5780,5323.75,38,0,0,0,0,0,0,22,12,4
118.818,0,7007232,windows,0,1855,1720,21,0,0,0,0,0,0,11,7,3
119.003,1,7530496,windows,0,1855,1720,21,0,0,0,0,0,0,11,7,3
119.072,0,7021568,windows,0,1855,1720,21,0,0,0,0,0,0,11,7,3
119.256,1,7546880,windows,0,1855,1720,21,0,0,0,0,0,0,11,7,3
119.328,0,7037952,windows,0,1855,1720,21,0,0,0,0,0,0,11,7,3
119.515,1,7564288,windows,0,1855,1720,21,0,0,0,0,0,0,11,7,3
119.589,0,7054336,windows,0,1855,1720,21,0,0,0,0,0,0,11,7,3
119.768,1,7581696,windows,0,1855,1720,21,0,0,0,0,0,0,11,7,3
119.851,0,7072768,windows,0,1855,1720,21,0,0,0,0,0,0,11,7,3
120.018,1,7600128,windows,0,1855,1720,21,0,0,0,0,0,0,11,7,3
120.112,0,7091200,windows,0,1855,1720,21,0,0,0,0,0,0,11,7,3
120.281,1,7620608,windows,0,1855,1720,21,0,0,0,0,0,0,11,7,3
120.369,0,7109632,windows,0,1855,1720,21,0,0,0,0,0,0,11,7,3
120.54,1,7639040,windows,0,1855,1720,21,0,0,0,0,0,0,11,7,3
120.631,0,7127040,windows,0,1855,1720,21,0,0,0,0,0,0,11,7,3
120.799,1,7658496,windows,0,1855,1720,21,0,0,0,0,0,0,11,7,3
120.893,0,7145472,windows,0,1855,1720,21,0,0,0,0,0,0,11,7,3
121.062,1,7675904,windows,0,1855,1720,21,0,0,0,0,0,0,11,7,3
121.146,0,7161856,windows,0,1855,1720,21,0,0,0,0,0,0,11,7,3
121.317,1,7692288,windows,0,1855,1720,21,0,0,0,0,0,0,11,7,3
121.41,0,7179264,windows,0,1855,1720,21,0,0,0,0,0,0,11,7,3
121.575,1,7711744,windows,0,1855,1720,21,0,0,0,0,0,0,11,7,3
121.67,0,7197696,windows,0,1855,1720,21,0,0,0,0,0,0,11,7,3
121.836,1,7731200,windows,0,1855,1720,21,0,0,0,0,0,0,11,7,3
121.922,0,7213056,windows,0,1855,1720,21,0,0,0,0,0,0,11,7,3
122.093,1,7749632,windows,0,1855,1720,21,0,0,0,0,0,0,11,7,3
122.181,0,7232512,windows,0,1855,1720,21,0,0,0,0,0,0,11,7,3
122.348,1,7764992,windows,0,1855,1720,21,0,0,0,0,0,0,11,7,3
122.434,0,7251968,windows,0,1855,1720,21,0,0,0,0,0,0,11,7,3
122.605,1,7779328,windows,0,1855,1720,21,0,0,0,0,0,0,11,7,3
122.695,0,7272448,windows,0,1855,1720,21,0,0,0,0,0,0,11,7,3
122.869,1,7793664,windows,0,1855,1720,21,0,0,0,0,0,0,11,7,3
122.949,0,7290880,windows,0,1855,1720,21,0,0,0,0,0,0,11,7,3
123.129,1,7808000,windows,0,1855,1720,21,0,0,0,0,0,0,11,7,3
123.209,0,7310336,windows,0,1855,1720,21,0,0,0,0,0,0,11,7,3
123.394,1,7822336,windows,0,1855,1720,21,0,0,0,0,0,0,11,7,3
123.466,0,7329792,windows,0,1855,1720,21,0,0,0,0,0,0,11,7,3
123.647,1,7837696,windows,0,1855,1720,21,0,0,0,0,0,0,11,7,3
123.722,0,7348224,windows,0,1855,1720,21,0,0,0,0,0,0,11,7,3
123.903,1,7855104,windows,0,1855,1720,21,0,0,0,0,0,0,11,7,3
123.98,0,7366656,windows,0,1855,1720,21,0,0,0,0,0,0,11,7,3
124.155,1,7871488,windows,0,1855,1720,21,0,0,0,0,0,0,11,7,3
124.242,0,7386112,windows,0,1855,1720,21,0,0,0,0,0,0,11,7,3
124.405,1,7889920,windows,0,1855,1720,21,0,0,0,0,0,0,11,7,3
124.494,0,7404544,windows,0,1855,1720,21,0,0,0,0,0,0,11,7,3
124.667,1,7907328,windows,0,1855,1720,21,0,0,0,0,0,0,11,7,3
124.748,0,7424000,windows,0,1855,1720,21,0,0,0,0,0,0,11,7,3
124.922,1,7924736,windows,0,1855,1720,21,0,0,0,0,0,0,11,7,3
125.004,0,7443456,windows,0,1855,1720,21,0,0,0,0,0,0,11,7,3
125.183,1,7942144,windows,0,1855,1720,21,0,0,0,0,0,0,11,7,3
125.254,0,7461888,windows,0,1855,1720,21,0,0,0,0,0,0,11,7,3
125.443,1,7959552,windows,0,1855,1720,21,0,0,0,0,0,0,11,7,3
125.513,0,7481344,windows,0,1855,1720,21,0,0,0,0,0,0,11,7,3
125.707,1,7977984,windows,0,1855,1720,21,0,0,0,0,0,0,11,7,3
125.769,0,7499776,windows,0,1855,1720,21,0,0,0,0,0,0,11,7,3
125.96,1,7994368,repair,0,1855,1720,21,0,0,0,0,0,0,11,7,3
126.032,0,7516160,windows,0,1855,1720,21,0,0,0,0,0,0,11,7,3
126.212,1,8011776,repair,0,1855,1720,21,0,0,0,0,0,0,11,7,3
126.286,0,7533568,windows,0,1855,1720,21,0,0,0,0,0,0,11,7,3
126.473,1,8030208,windows,0,1855,1720,21,0,0,0,0,0,0,11,7,3
126.552,0,7552000,windows,0,1855,1720,21,0,0,0,0,0,0,11,7,3
126.734,1,8047616,windows,0,1855,1720,21,0,0,0,0,0,0,11,7,3
126.802,0,7570432,windows,0,1855,1720,21,0,0,0,0,0,0,11,7,3
126.996,1,8065024,windows,0,1855,1720,21,0,0,0,0,0,0,11,7,3
127.055,0,7587840,windows,0,1855,1720,21,0,0,0,0,0,0,11,7,3
127.256,1,8082432,windows,0,1855,1720,21,0,0,0,0,0,0,11,7,3
127.316,0,7606272,windows,0,1855,1720,21,0,0,0,0,0,0,11,7,3
127.516,1,8100864,windows,0,1855,1720,21,0,0,0,0,0,0,11,7,3
127.621,0,7624704,repair,1103,9.36911e+07,9.36614e+07,3125,14,47,40,664,338,0,1927,1008,190
127.777,1,8118272,windows,0,1855,1720,21,0,0,0,0,0,0,11,7,3
127.88,0,7645184,repair,695,3.05498e+08,3.05413e+08,7643,53,154,106,241,141,0,4270,3180,193
128.042,1,8136704,windows,0,1855,1720,21,0,0,0,0,0,0,11,7,3
128.141,0,7667712,repair,559,2.60728e+08,2.60645e+08,7189,43,134,107,181,94,0,4111,2904,174
128.294,1,8154112,windows,0,1855,1720,21,0,0,0,0,0,0,11,7,3
128.393,0,7688192,repair,450,2.43686e+08,2.43609e+08,6920,38,85,77,154,96,0,3923,2842,155
128.557,1,8172544,windows,0,1855,1720,21,0,0,0,0,0,0,11,7,3
128.651,0,7709696,repair,351,2.05275e+08,2.0527e+08,6399,25,47,51,152,76,0,3645,2597,157
128.815,1,8190976,windows,0,1855,1720,21,0,0,0,0,0,0,11,7,3
128.903,0,7730176,repair,282,1.86789e+08,1.86741e+08,6178,10,51,49,107,65,0,3624,2437,117
129.068,1,8208384,windows,0,1855,1720,21,0,0,0,0,0,0,11,7,3
129.156,0,7749632,repair,218,1.79382e+08,1.79331e+08,6022,11,33,37,89,48,0,3508,2412,102
129.326,1,8225792,windows,0,1855,1720,21,0,0,0,0,0,0,11,7,3
129.411,0,7770112,repair,148,1.7002e+08,1.69999e+08,5989,7,27,22,66,26,0,3605,2282,102
129.581,1,8243200,windows,0,1855,1720,21,0,0,0,0,0,0,11,7,3
129.669,0,7790592,repair,110,1.44537e+08,1.4452e+08,5516,3,19,15,44,29,0,3317,2109,90
129.839,1,8262656,windows,0,1855,1720,21,0,0,0,0,0,0,11,7,3
129.927,0,7811072,repair,78,1.33328e+08,1.33272e+08,5421,6,12,11,29,20,0,3424,1929,68
130.095,1,8282112,windows,0,1855,1720,21,0,0,0,0,0,0,11,7,3
130.187,0,7832576,repair,42,1.15336e+08,1.1532e+08,5032,1,8,8,18,7,0,3160,1806,66
130.35,1,8298496,windows,0,1855,1720,21,0,0,0,0,0,0,11,7,3
130.442,0,7853056,repair,25,9.99307e+07,9.9914e+07,4698,1,6,2,8,8,0,2960,1673,65
130.602,1,8315904,windows,0,1855,1720,21,0,0,0,0,0,0,11,7,3
130.703,0,7872512,repair,12,8.99683e+07,8.99226e+07,4463,0,1,0,6,5,0,2831,1578,54
130.867,1,8334336,windows,0,1855,1720,21,0,0,0,0,0,0,11,7,3
130.966,0,7891968,repair,1,7.97876e+07,7.97576e+07,4289,0,0,0,1,0,0,2820,1413,56
131.129,1,8351744,repair,0,1855,1720,21,0,0,0,0,0,0,11,7,3
131.226,0,7912448,windows,0,6.31111e+07,6.30982e+07,3845,0,0,0,0,0,0,2574,1223,48
131.38,1,8370176,windows,0,1855,1720,21,0,0,0,0,0,0,11,7,3
131.48,0,7929856,windows,0,5.16208e+07,5.15981e+07,3454,0,0,0,0,0,0,2271,1135,48
131.633,1,8386560,windows,0,1855,1720,21,0,0,0,0,0,0,11,7,3
131.738,0,7946240,windows,0,4.2178e+07,4.21658e+07,3183,0,0,0,0,0,0,2180,958,45
131.883,1,8402944,windows,0,1855,1720,21,0,0,0,0,0,0,11,7,3
131.999,0,7962624,windows,0,3.3884e+07,3.38654e+07,2857,0,0,0,0,0,0,1947,862,48
132.139,1,8419328,windows,0,1855,1720,21,0,0,0,0,0,0,11,7,3
132.258,0,7980032,windows,0,2.76649e+07,2.76636e+07,2604,0,0,0,0,0,0,1812,748,44
132.393,1,8436736,windows,0,1855,1720,21,0,0,0,0,0,0,11,7,3
132.521,0,7997440,windows,0,2.29561e+07,2.29482e+07,2342,0,0,0,0,0,0,1582,721,39
132.651,1,8452096,windows,0,1855,1720,21,0,0,0,0,0,0,11,7,3
132.777,0,8014848,windows,0,1.89894e+07,1.89765e+07,2134,0,0,0,0,0,0,1457,646,31
132.915,1,8469504,windows,0,1855,1720,21,0,0,0,0,0,0,11,7,3
133.042,0,8032256,windows,0,1.51046e+07,1.50865e+07,1892,0,0,0,0,0,0,1286,584,22
133.168,1,8484864,windows,0,1855,1720,21,0,0,0,0,0,0,11,7,3
133.302,0,8047616,windows,0,1.27691e+07,1.27691e+07,1770,0,0,0,0,0,0,1271,484,15
133.431,1,8501248,windows,0,1855,1720,21,0,0,0,0,0,0,11,7,3
133.562,0,8066048,windows,0,1.08167e+07,1.0807e+07,1639,0,0,0,0,0,0,1163,449,27
133.682,1,8517632,windows,0,1855,1720,21,0,0,0,0,0,0,11,7,3
133.812,0,8082432,windows,0,9.10431e+06,9.09523e+06,1494,0,0,0,0,0,0,1050,423,21
133.939,1,8535040,windows,0,1855,1720,21,0,0,0,0,0,0,11,7,3
134.075,0,8097792,windows,0,7.53956e+06,7.53152e+06,1348,0,0,0,0,0,0,927,402,19
134.199,1,8551424,windows,0,1855,1720,21,0,0,0,0,0,0,11,7,3
134.334,0,8111104,windows,0,6.50333e+06,6.50333e+06,1271,0,0,0,0,0,0,902,348,21
134.457,1,8568832,windows,0,1855,1720,21,0,0,0,0,0,0,11,7,3
134.586,0,8124416,windows,0,5.56543e+06,5.55853e+06,1178,0,0,0,0,0,0,842,317,19
134.71,1,8585216,windows,0,1855,1720,21,0,0,0,0,0,0,11,7,3
134.852,0,8138752,windows,0,4.87423e+06,4.86441e+06,1100,0,0,0,0,0,0,794,293,13
134.965,1,8602624,windows,0,1855,1720,21,0,0,0,0,0,0,11,7,3
135.105,0,8152064,windows,0,4.0359e+06,4.02986e+06,993,0,0,0,0,0,0,697,283,13
135.221,1,8620032,windows,0,1855,1720,21,0,0,0,0,0,0,11,7,3
135.36,0,8165376,windows,0,3.35202e+06,3.3486e+06,900,0,0,0,0,0,0,627,263,10
135.484,1,8638464,windows,0,1855,1720,21,0,0,0,0,0,0,11,7,3
135.62,0,8180736,windows,0,2.7999e+06,2.79203e+06,828,0,0,0,0,0,0,585,233,10
135.738,1,8655872,windows,0,1855,1720,21,0,0,0,0,0,0,11,7,3
135.885,0,8196096,windows,0,2.35316e+06,2.35316e+06,765,0,0,0,0,0,0,557,200,8
135.998,1,8674304,windows,0,1855,1720,21,0,0,0,0,0,0,11,7,3
136.137,0,8209408,windows,0,2.06754e+06,2.06108e+06,723,0,0,0,0,0,0,539,175,9
136.248,1,8691712,windows,0,1855,1720,21,0,0,0,0,0,0,11,7,3
136.39,0,8222720,windows,0,1.72645e+06,1.72294e+06,655,0,0,0,0,0,0,470,176,9
136.502,1,8710144,windows,0,1855,1720,21,0,0,0,0,0,0,11,7,3
136.644,0,8236032,windows,0,1.44084e+06,1.44055e+06,592,0,0,0,0,0,0,408,174,10
136.764,1,8728576,windows,0,1855,1720,21,0,0,0,0,0,0,11,7,3
136.914,0,8249344,windows,0,1.20983e+06,1.20963e+06,548,0,0,0,0,0,0,394,147,7
137.027,1,8742912,repair,887,2.32968e+08,2.32895e+08,6513,65,148,149,334,191,0,3594,2729,190
137.176,0,8262656,windows,0,1.03326e+06,1.03022e+06,507,0,0,0,0,0,0,359,139,9
137.283,1,8764416,repair,653,2.95331e+08,2.9531e+08,7493,58,152,121,216,106,0,4157,3153,183
137.434,0,8274944,windows,0,894590,891772,473,0,0,0,0,0,0,336,128,9
137.544,1,8785920,repair,526,2.69483e+08,2.69483e+08,7204,40,102,98,196,90,0,4018,3014,172
137.701,0,8289280,windows,0,710670,706754,419,0,0,0,0,0,0,300,114,5
137.802,1,8806400,repair,411,2.57584e+08,2.5758e+08,7163,31,106,81,123,70,0,4101,2909,153
137.959,0,8302592,windows,0,547885,544564,371,0,0,0,0,0,0,275,92,4
138.068,1,8827904,repair,338,2.05737e+08,2.05718e+08,6435,18,75,66,107,72,0,3717,2585,133
138.212,0,8315904,windows,0,456950,455619,336,0,0,0,0,0,0,238,93,5
138.328,1,8848384,repair,263,1.93027e+08,1.93004e+08,6383,19,55,35,101,53,0,3850,2417,116
138.476,0,8330240,windows,0,383875,382098,310,0,0,0,0,0,0,223,82,5
138.584,1,8866816,repair,205,1.69277e+08,1.69277e+08,5940,11,40,38,72,44,0,3537,2296,107
138.736,0,8342528,windows,0,324355,322858,288,0,0,0,0,0,0,215,68,5
138.843,1,8886272,repair,153,1.66597e+08,1.66597e+08,5884,8,21,23,68,33,0,3503,2284,97
138.997,0,8355840,windows,0,262300,261189,259,0,0,0,0,0,0,188,65,6
139.097,1,8905728,repair,114,1.44245e+08,1.44203e+08,5559,10,26,12,44,22,0,3382,2079,98
139.249,0,8369152,windows,0,202370,201531,228,0,0,0,0,0,0,168,55,5
139.348,1,8925184,repair,76,1.36835e+08,1.36835e+08,5459,2,8,11,37,18,0,3373,1994,92
139.505,0,8382464,windows,0,162280,161491,205,0,0,0,0,0,0,158,43,4
139.607,1,8944640,repair,42,1.21843e+08,1.21803e+08,5183,3,7,6,21,5,0,3234,1861,88
139.756,0,8395776,windows,0,140315,138786,190,0,0,0,0,0,0,147,40,3
139.868,1,8965120,repair,26,1.08344e+08,1.08327e+08,4873,0,1,3,19,3,0,3019,1768,86
140.025,0,8410112,windows,0,119600,118941,176,0,0,0,0,0,0,132,40,4
140.13,1,8985600,repair,13,9.14597e+07,9.14574e+07,4552,0,1,1,9,2,0,2915,1562,75
140.285,0,8424448,windows,0,102280,101671,163,0,0,0,0,0,0,122,37,4
140.382,1,9005056,repair,5,7.68733e+07,7.68595e+07,4217,0,1,0,1,3,0,2769,1386,62
140.541,0,8437760,windows,0,76295,76152.5,139,0,0,0,0,0,0,95,39,5
140.641,1,9024512,repair,0,6.57769e+07,6.57643e+07,3884,0,0,0,0,0,0,2518,1303,63
140.792,0,8451072,windows,0,62695,62078.8,129,0,0,0,0,0,0,95,29,5
140.898,1,9043968,repair,0,5.40423e+07,5.40423e+07,3554,0,0,0,0,0,0,2351,1147,56
141.055,0,8465408,windows,0,57260,56638.8,124,0,0,0,0,0,0,90,28,6
141.155,1,9062400,windows,0,4.34465e+07,4.34154e+07,3187,0,0,0,0,0,0,2113,1026,48
141.313,0,8479744,windows,0,51250,51107.5,117,0,0,0,0,0,0,86,26,5
141.415,1,9080832,windows,0,3.5394e+07,3.5394e+07,2890,0,0,0,0,0,0,1940,909,41
141.571,0,8494080,windows,0,46270,45728.8,111,0,0,0,0,0,0,80,26,5
141.672,1,9098240,windows,0,2.93935e+07,2.93681e+07,2638,0,0,0,0,0,0,1770,827,41
141.837,0,8508416,windows,0,32875,32106.2,94,0,0,0,0,0,0,67,22,5
141.932,1,9114624,windows,0,2.33915e+07,2.33766e+07,2349,0,0,0,0,0,0,1567,744,38
142.09,0,8521728,windows,0,28310,28001.2,86,0,0,0,0,0,0,62,21,3
142.188,1,9131008,windows,0,1.88605e+07,1.88476e+07,2127,0,0,0,0,0,0,1444,648,35
142.347,0,8536064,windows,0,25910,25910,82,0,0,0,0,0,0,58,21,3
142.445,1,9148416,windows,0,1.57403e+07,1.5729e+07,1960,0,0,0,0,0,0,1359,569,32
142.603,0,8550400,windows,0,24515,24515,80,0,0,0,0,0,0,57,20,3
142.698,1,9164800,windows,0,1.32536e+07,1.32418e+07,1783,0,0,0,0,0,0,1207,545,31
142.853,0,8563712,windows,0,23950,23671.2,79,0,0,0,0,0,0,56,20,3
142.951,1,9181184,windows,0,1.07585e+07,1.07432e+07,1599,0,0,0,0,0,0,1075,498,26
143.12,0,8578048,windows,0,18235,17960,70,0,0,0,0,0,0,53,14,3
143.212,1,9197568,windows,0,8.76732e+06,8.75309e+06,1458,0,0,0,0,0,0,1009,428,21
143.387,0,8591360,windows,0,16195,15920,66,0,0,0,0,0,0,49,14,3
143.462,1,9213952,windows,0,7.37478e+06,7.37431e+06,1334,0,0,0,0,0,0,925,393,16
143.641,0,8604672,windows,0,15655,15400,65,0,0,0,0,0,0,49,13,3
143.722,1,9231360,windows,0,6.13043e+06,6.12352e+06,1221,0,0,0,0,0,0,864,346,11
143.904,0,8619008,windows,0,13865,13570,60,0,0,0,0,0,0,43,15,2
143.981,1,9248768,windows,0,4.98562e+06,4.97543e+06,1099,0,0,0,0,0,0,771,317,11
144.164,0,8633344,windows,0,12245,12245,57,0,0,0,0,0,0,43,12,2
144.245,1,9266176,windows,0,3.98416e+06,3.97505e+06,984,0,0,0,0,0,0,688,284,12
144.415,0,8647680,windows,0,11150,11067.5,55,0,0,0,0,0,0,40,12,3
144.499,1,9282560,windows,0,3.3339e+06,3.33361e+06,904,0,0,0,0,0,0,642,252,10
144.677,0,8662016,windows,0,8960,8960,49,0,0,0,0,0,0,38,9,2
144.751,1,9298944,windows,0,2.84654e+06,2.83852e+06,840,0,0,0,0,0,0,594,232,14
144.94,0,8676352,windows,0,8155,8155,46,0,0,0,0,0,0,37,8,1
145.006,1,9316352,windows,0,2.22154e+06,2.21876e+06,727,0,0,0,0,0,0,491,225,11
145.202,0,8690688,windows,0,7775,7601.25,45,0,0,0,0,0,0,35,9,1
145.26,1,9332736,windows,0,1.77376e+06,1.77353e+06,652,0,0,0,0,0,0,448,196,8
145.455,0,8705024,windows,0,7095,7095,43,0,0,0,0,0,0,33,9,1
145.522,1,9350144,windows,0,1.45418e+06,1.45418e+06,603,0,0,0,0,0,0,435,159,9
145.716,0,8720384,windows,0,6770,6770,42,0,0,0,0,0,0,32,9,1
145.778,1,9366528,windows,0,1.21894e+06,1.21894e+06,553,0,0,0,0,0,0,399,145,9
145.979,0,8734720,windows,0,5295,5161.25,37,0,0,0,0,0,0,27,9,1
146.039,1,9383936,windows,0,1.00746e+06,1.00711e+06,501,0,0,0,0,0,0,348,141,12
146.245,0,8750080,windows,0,5030,5030,36,0,0,0,0,0,0,26,9,1
146.293,1,9400320,windows,0,738995,735126,428,0,0,0,0,0,0,303,118,7
146.497,0,8764416,windows,0,4690,4535,35,0,0,0,0,0,0,26,8,1
146.559,1,9417728,windows,0,597515,595360,386,0,0,0,0,0,0,269,108,9
146.76,0,8778752,windows,0,4690,4535,35,0,0,0,0,0,0,26,8,1
146.818,1,9435136,windows,0,508645,507441,353,0,0,0,0,0,0,241,104,8
147.026,0,8793088,windows,0,4690,4535,35,0,0,0,0,0,0,26,8,1
147.071,1,9451520,windows,0,443110,441335,334,0,0,0,0,0,0,238,89,7
147.281,0,8807424,windows,0,4435,4280,34,0,0,0,0,0,0,25,8,1
147.326,1,9467904,windows,0,325685,323076,283,0,0,0,0,0,0,195,82,6
147.543,0,8822784,windows,0,4435,4280,34,0,0,0,0,0,0,25,8,1
147.588,1,9485312,windows,0,275885,274450,263,0,0,0,0,0,0,185,72,6
147.806,0,8838144,windows,0,4190,4035,33,0,0,0,0,0,0,24,8,1
147.841,1,9502720,windows,0,230470,229175,242,0,0,0,0,0,0,170,65,7
148.06,0,8853504,windows,0,4190,4035,33,0,0,0,0,0,0,24,8,1
148.104,1,9521152,windows,0,182365,181611,215,0,0,0,0,0,0,151,58,6
148.32,0,8868864,windows,0,3955,3955,32,0,0,0,0,0,0,23,8,1
148.369,1,9538560,windows,0,121810,121191,176,0,0,0,0,0,0,124,47,5
148.577,0,8882176,windows,0,3955,3955,32,0,0,0,0,0,0,23,8,1
148.626,1,9554944,windows,0,105010,104431,164,0,0,0,0,0,0,116,43,5
148.842,0,8896512,windows,0,3730,3575,31,0,0,0,0,0,0,22,8,1
148.884,1,9571328,windows,0,96115,95200,154,0,0,0,0,0,0,103,46,5
149.098,0,8910848,windows,0,3625,3490,30,0,0,0,0,0,0,23,7,0
149.145,1,9588736,windows,0,86035,85551.2,144,0,0,0,0,0,0,97,44,3
149.359,0,8924160,windows,0,3400,3265,29,0,0,0,0,0,0,22,7,0
149.399,1,9605120,windows,0,64910,64910,127,0,0,0,0,0,0,88,36,3
149.619,0,8939520,windows,0,2925,2810,27,0,0,0,0,0,0,21,6,0
149.65,1,9621504,windows,0,52505,52101.2,116,0,0,0,0,0,0,81,31,4
149.884,0,8954880,windows,0,2720,2605,26,0,0,0,0,0,0,20,6,0
149.909,1,9638912,windows,0,43735,43371.2,105,0,0,0,0,0,0,73,29,3
150.134,0,8969216,windows,0,2720,2605,26,0,0,0,0,0,0,20,6,0
150.172,1,9657344,windows,0,40210,39871.2,100,0,0,0,0,0,0,68,29,3
150.392,0,8984576,windows,0,2720,2605,26,0,0,0,0,0,0,20,6,0
150.426,1,9675776,windows,0,31630,31075,87,0,0,0,0,0,0,56,28,3
150.659,0,8999936,windows,0,2720,2605,26,0,0,0,0,0,0,20,6,0
150.677,1,9692160,windows,0,28370,28370,82,0,0,0,0,0,0,52,27,3
150.92,0,9017344,windows,0,2525,2410,25,0,0,0,0,0,0,19,6,0
150.941,1,9710592,windows,0,25430,25430,80,0,0,0,0,0,0,54,23,3
151.174,0,9033728,windows,0,2525,2410,25,0,0,0,0,0,0,19,6,0
151.195,1,9729024,windows,0,22835,22360,74,0,0,0,0,0,0,47,24,3
151.425,0,9049088,windows,0,2525,2410,25,0,0,0,0,0,0,19,6,0
151.452,1,9747456,windows,0,20380,19945,70,0,0,0,0,0,0,46,22,2
151.682,0,9066496,windows,0,2525,2410,25,0,0,0,0,0,0,19,6,0
151.709,1,9764864,windows,0,16940,16741.2,63,0,0,0,0,0,0,40,21,2
151.942,0,9083904,windows,0,2525,2410,25,0,0,0,0,0,0,19,6,0
151.961,1,9782272,windows,0,15420,15420,59,0,0,0,0,0,0,36,21,2
152.197,0,9097216,windows,0,2525,2410,25,0,0,0,0,0,0,19,6,0
152.216,1,9800704,windows,0,15420,15420,59,0,0,0,0,0,0,36,21,2
152.463,0,9114624,windows,0,2525,2410,25,0,0,0,0,0,0,19,6,0
152.481,1,9818112,windows,0,13445,13445,57,0,0,0,0,0,0,37,18,2
152.723,0,9131008,windows,0,2525,2410,25,0,0,0,0,0,0,19,6,0
152.734,1,9836544,windows,0,11275,10960,52,0,0,0,0,0,0,35,16,1
152.987,0,9148416,windows,0,2525,2410,25,0,0,0,0,0,0,19,6,0
152.994,1,9854976,windows,0,10595,10116.2,50,0,0,0,0,0,0,33,16,1
153.25,0,9162752,windows,0,2525,2410,25,0,0,0,0,0,0,19,6,0
153.255,1,9873408,windows,0,9955,9640,48,0,0,0,0,0,0,31,16,1
153.512,1,9891840,windows,0,9070,8755,45,0,0,0,0,0,0,28,16,1
153.524,0,9183232,windows,0,2525,2410,25,0,0,0,0,0,0,19,6,0
153.774,1,9911296,windows,0,8530,8215,43,0,0,0,0,0,0,26,16,1
153.783,0,9201664,windows,0,2525,2410,25,0,0,0,0,0,0,19,6,0
154.029,1,9929728,windows,0,8030,7715,41,0,0,0,0,0,0,24,16,1
154.034,0,9214976,windows,0,2525,2410,25,0,0,0,0,0,0,19,6,0
154.288,1,9948160,windows,0,7410,7115,40,0,0,0,0,0,0,24,15,1
154.295,0,9233408,windows,0,2525,2410,25,0,0,0,0,0,0,19,6,0
154.547,1,9966592,windows,0,7330,7330,41,0,0,0,0,0,0,26,14,1
154.563,0,9251840,windows,0,2525,2410,25,0,0,0,0,0,0,19,6,0
154.8,1,9985024,windows,0,7330,7330,41,0,0,0,0,0,0,26,14,1
154.824,0,9271296,windows,0,2525,2410,25,0,0,0,0,0,0,19,6,0
155.053,1,10003456,windows,0,6155,6155,36,0,0,0,0,0,0,21,14,1
155.082,0,9289728,repair,0,2525,2410,25,0,0,0,0,0,0,19,6,0
155.306,1,10021888,windows,0,6155,6155,36,0,0,0,0,0,0,21,14,1
155.345,0,9308160,repair,0,2525,2410,25,0,0,0,0,0,0,19,6,0
155.57,1,10041344,windows,0,5950,5851.25,35,0,0,0,0,0,0,20,14,1
155.606,0,9326592,windows,0,2525,2410,25,0,0,0,0,0,0,19,6,0
155.823,1,10058752,windows,0,5950,5851.25,35,0,0,0,0,0,0,20,14,1
155.87,0,9344000,windows,0,2525,2410,25,0,0,0,0,0,0,19,6,0
156.079,1,10077184,windows,0,5950,5851.25,35,0,0,0,0,0,0,20,14,1
156.123,0,9360384,windows,0,2525,2410,25,0,0,0,0,0,0,19,6,0
156.34,1,10095616,windows,0,5950,5851.25,35,0,0,0,0,0,0,20,14,1
156.383,0,9377792,windows,0,2525,2410,25,0,0,0,0,0,0,19,6,0
156.594,1,10115072,windows,0,5585,5481.25,34,0,0,0,0,0,0,21,13,0
156.639,0,9395200,windows,0,2525,2410,25,0,0,0,0,0,0,19,6,0
156.852,1,10133504,windows,0,5380,5380,33,0,0,0,0,0,0,20,13,0
156.897,0,9413632,windows,0,2525,2410,25,0,0,0,0,0,0,19,6,0
157.113,1,10152960,windows,0,5380,5380,33,0,0,0,0,0,0,20,13,0
157.152,0,9431040,windows,0,2525,2410,25,0,0,0,0,0,0,19,6,0
157.369,1,10171392,windows,0,5185,5091.25,32,0,0,0,0,0,0,19,13,0
157.417,0,9449472,windows,0,2525,2410,25,0,0,0,0,0,0,19,6,0
157.619,1,10188800,windows,0,5000,4911.25,31,0,0,0,0,0,0,18,13,0
157.672,0,9466880,windows,0,2525,2410,25,0,0,0,0,0,0,19,6,0
157.882,1,10208256,windows,0,4825,4825,30,0,0,0,0,0,0,17,13,0
157.936,0,9483264,windows,0,2525,2410,25,0,0,0,0,0,0,19,6,0
158.144,1,10224640,windows,0,4825,4825,30,0,0,0,0,0,0,17,13,0
158.194,0,9498624,windows,0,2525,2410,25,0,0,0,0,0,0,19,6,0
158.396,1,10241024,windows,0,4660,4660,29,0,0,0,0,0,0,16,13,0
158.447,0,9515008,windows,0,2525,2410,25,0,0,0,0,0,0,19,6,0
158.649,1,10256384,windows,0,4660,4660,29,0,0,0,0,0,0,16,13,0
158.705,0,9533440,windows,0,2525,2410,25,0,0,0,0,0,0,19,6,0
158.899,1,10272768,windows,0,4660,4660,29,0,0,0,0,0,0,16,13,0
158.963,0,9546752,windows,0,2525,2410,25,0,0,0,0,0,0,19,6,0
159.16,1,10288128,windows,0,4660,4660,29,0,0,0,0,0,0,16,13,0
159.221,0,9561088,windows,0,2525,2410,25,0,0,0,0,0,0,19,6,0
159.412,1,10304512,windows,0,1855,1720,21,0,0,0,0,0,0,11,7,3
159.476,0,9575424,windows,0,2525,2410,25,0,0,0,0,0,0,19,6,0
159.673,1,10319872,windows,0,1855,1720,21,0,0,0,0,0,0,11,7,3
159.737,0,9590784,windows,0,2525,2410,25,0,0,0,0,0,0,19,6,0
159.927,1,10334208,windows,0,1855,1720,21,0,0,0,0,0,0,11,7,3
160.001,0,9606144,windows,0,1855,1720,21,0,0,0,0,0,0,11,7,3
160.191,1,10349568,windows,0,1855,1720,21,0,0,0,0,0,0,11,7,3
160.264,0,9624576,windows,0,1855,1720,21,0,0,0,0,0,0,11,7,3
160.458,1,10364928,windows,0,1855,1720,21,0,0,0,0,0,0,11,7,3
160.529,0,9643008,windows,0,1855,1720,21,0,0,0,0,0,0,11,7,3
160.709,1,10379264,windows,0,1855,1720,21,0,0,0,0,0,0,11,7,3
160.793,0,9659392,windows,0,1855,1720,21,0,0,0,0,0,0,11,7,3
160.964,1,10393600,windows,0,1855,1720,21,0,0,0,0,0,0,11,7,3
161.045,0,9671680,windows,0,1855,1720,21,0,0,0,0,0,0,11,7,3
161.219,1,10407936,windows,0,1855,1720,21,0,0,0,0,0,0,11,7,3
161.298,0,9686016,windows,0,1855,1720,21,0,0,0,0,0,0,11,7,3
161.472,1,10423296,windows,0,1855,1720,21,0,0,0,0,0,0,11,7,3
161.563,0,9701376,windows,0,1855,1720,21,0,0,0,0,0,0,11,7,3
161.736,1,10438656,windows,0,1855,1720,21,0,0,0,0,0,0,11,7,3
161.817,0,9716736,windows,0,1855,1720,21,0,0,0,0,0,0,11,7,3
161.991,1,10454016,windows,0,1855,1720,21,0,0,0,0,0,0,11,7,3
162.081,0,9731072,repair,0,1855,1720,21,0,0,0,0,0,0,11,7,3
162.249,1,10469376,windows,0,1855,1720,21,0,0,0,0,0,0,11,7,3
162.334,0,9745408,repair,0,1855,1720,21,0,0,0,0,0,0,11,7,3
162.506,1,10484736,windows,0,1855,1720,21,0,0,0,0,0,0,11,7,3
162.59,0,9760768,repair,0,1855,1720,21,0,0,0,0,0,0,11,7,3
162.756,1,10500096,windows,0,1855,1720,21,0,0,0,0,0,0,11,7,3
162.841,0,9776128,windows,0,1855,1720,21,0,0,0,0,0,0,11,7,3
163.016,1,10516480,windows,0,1855,1720,21,0,0,0,0,0,0,11,7,3
163.092,0,9790464,windows,0,1855,1720,21,0,0,0,0,0,0,11,7,3
163.267,1,10533888,windows,0,1855,1720,21,0,0,0,0,0,0,11,7,3
163.355,0,9805824,windows,0,1855,1720,21,0,0,0,0,0,0,11,7,3
163.612,1,10550272,windows,0,1855,1720,21,0,0,0,0,0,0,11,7,3
163.616,0,9820160,windows,0,1855,1720,21,0,0,0,0,0,0,11,7,3
163.867,1,10565632,windows,0,1855,1720,21,0,0,0,0,0,0,11,7,3
163.883,0,9835520,windows,0,1855,1720,21,0,0,0,0,0,0,11,7,3
164.122,1,10580992,windows,0,1855,1720,21,0,0,0,0,0,0,11,7,3
164.149,0,9850880,windows,0,1855,1720,21,0,0,0,0,0,0,11,7,3
164.38,1,10596352,windows,0,1855,1720,21,0,0,0,0,0,0,11,7,3
164.405,0,9865216,windows,0,1855,1720,21,0,0,0,0,0,0,11,7,3
164.631,1,10610688,windows,0,1855,1720,21,0,0,0,0,0,0,11,7,3
164.663,0,9879552,windows,0,1855,1720,21,0,0,0,0,0,0,11,7,3
164.888,1,10626048,windows,0,1855,1720,21,0,0,0,0,0,0,11,7,3
164.921,0,9895936,windows,0,1855,1720,21,0,0,0,0,0,0,11,7,3
165.15,1,10643456,windows,0,1855,1720,21,0,0,0,0,0,0,11,7,3
165.172,0,9912320,windows,0,1855,1720,21,0,0,0,0,0,0,11,7,3
165.415,1,10658816,windows,0,1855,1720,21,0,0,0,0,0,0,11,7,3
165.426,0,9928704,windows,0,1855,1720,21,0,0,0,0,0,0,11,7,3
165.672,1,10674176,windows,0,1855,1720,21,0,0,0,0,0,0,11,7,3
165.689,0,9948160,windows,0,1855,1720,21,0,0,0,0,0,0,11,7,3
165.932,1,10687488,windows,0,1855,1720,21,0,0,0,0,0,0,11,7,3
165.951,0,9967616,windows,0,1855,1720,21,0,0,0,0,0,0,11,7,3
166.196,1,10703872,windows,0,1855,1720,21,0,0,0,0,0,0,11,7,3
166.208,0,9986048,windows,0,1855,1720,21,0,0,0,0,0,0,11,7,3
166.45,1,10719232,windows,0,1855,1720,21,0,0,0,0,0,0,11,7,3
166.463,0,10002432,repair,0,1855,1720,21,0,0,0,0,0,0,11,7,3
166.71,1,10734592,windows,0,1855,1720,21,0,0,0,0,0,0,11,7,3
166.724,0,10019840,windows,0,1855,1720,21,0,0,0,0,0,0,11,7,3
166.976,1,10748928,windows,0,1855,1720,21,0,0,0,0,0,0,11,7,3
166.989,0,10037248,windows,0,1855,1720,21,0,0,0,0,0,0,11,7,3
167.232,1,10761216,windows,0,1855,1720,21,0,0,0,0,0,0,11,7,3
167.244,0,10053632,windows,0,1855,1720,21,0,0,0,0,0,0,11,7,3
167.489,1,10776576,windows,0,1855,1720,21,0,0,0,0,0,0,11,7,3
167.496,0,10070016,windows,0,1855,1720,21,0,0,0,0,0,0,11,7,3
167.747,1,10791936,windows,0,1855,1720,21,0,0,0,0,0,0,11,7,3
167.75,0,10087424,windows,0,1855,1720,21,0,0,0,0,0,0,11,7,3
168.001,1,10807296,windows,0,1855,1720,21,0,0,0,0,0,0,11,7,3
168.018,0,10105856,windows,0,1855,1720,21,0,0,0,0,0,0,11,7,3
168.251,1,10822656,repair,0,1855,1720,21,0,0,0,0,0,0,11,7,3
168.274,0,10120192,windows,0,1855,1720,21,0,0,0,0,0,0,11,7,3
168.509,1,10839040,repair,0,1855,1720,21,0,0,0,0,0,0,11,7,3
168.535,0,10135552,windows,0,1855,1720,21,0,0,0,0,0,0,11,7,3
168.759,1,10853376,windows,0,1855,1720,21,0,0,0,0,0,0,11,7,3
168.798,0,10150912,windows,0,1855,1720,21,0,0,0,0,0,0,11,7,3
169.02,1,10868736,windows,0,1855,1720,21,0,0,0,0,0,0,11,7,3
169.05,0,10165248,windows,0,1855,1720,21,0,0,0,0,0,0,11,7,3
169.271,1,10883072,windows,0,1855,1720,21,0,0,0,0,0,0,11,7,3
169.304,0,10180608,windows,0,1855,1720,21,0,0,0,0,0,0,11,7,3
169.526,1,10898432,windows,0,1855,1720,21,0,0,0,0,0,0,11,7,3
169.559,0,10195968,windows,0,1855,1720,21,0,0,0,0,0,0,11,7,3
169.783,1,10913792,windows,0,1855,1720,21,0,0,0,0,0,0,11,7,3
169.824,0,10211328,windows,0,1855,1720,21,0,0,0,0,0,0,11,7,3
170.046,1,10930176,windows,0,1855,1720,21,0,0,0,0,0,0,11,7,3
170.093,0,10226688,repair,0,1855,1720,21,0,0,0,0,0,0,11,7,3
170.301,1,10945536,windows,0,1855,1720,21,0,0,0,0,0,0,11,7,3
170.36,0,10242048,repair,0,1855,1720,21,0,0,0,0,0,0,11,7,3
170.554,1,10958848,windows,0,1855,1720,21,0,0,0,0,0,0,11,7,3
170.624,0,10257408,windows,0,1855,1720,21,0,0,0,0,0,0,11,7,3
170.815,1,10975232,windows,0,1855,1720,21,0,0,0,0,0,0,11,7,3
170.882,0,10272768,windows,0,1855,1720,21,0,0,0,0,0,0,11,7,3
171.074,1,10990592,windows,0,1855,1720,21,0,0,0,0,0,0,11,7,3
171.142,0,10287104,windows,0,1855,1720,21,0,0,0,0,0,0,11,7,3
171.324,1,11005952,windows,0,1855,1720,21,0,0,0,0,0,0,11,7,3
171.396,0,10301440,windows,0,1855,1720,21,0,0,0,0,0,0,11,7,3
171.579,1,11021312,windows,0,1855,1720,21,0,0,0,0,0,0,11,7,3
171.654,0,10315776,windows,0,1855,1720,21,0,0,0,0,0,0,11,7,3
171.831,1,11036672,windows,0,1855,1720,21,0,0,0,0,0,0,11,7,3
171.904,0,10330112,windows,0,1855,1720,21,0,0,0,0,0,0,11,7,3
172.088,1,11051008,repair,0,1855,1720,21,0,0,0,0,0,0,11,7,3
172.161,0,10344448,windows,0,1855,1720,21,0,0,0,0,0,0,11,7,3
172.341,1,11067392,repair,0,1855,1720,21,0,0,0,0,0,0,11,7,3
172.416,0,10358784,windows,0,1855,1720,21,0,0,0,0,0,0,11,7,3
172.601,1,11083776,repair,0,1855,1720,21,0,0,0,0,0,0,11,7,3
172.668,0,10373120,windows,0,1855,1720,21,0,0,0,0,0,0,11,7,3
172.865,1,11100160,repair,0,1855,1720,21,0,0,0,0,0,0,11,7,3
172.932,0,10387456,windows,0,1855,1720,21,0,0,0,0,0,0,11,7,3
173.121,1,11114496,windows,0,1855,1720,21,0,0,0,0,0,0,11,7,3
173.2,0,10401792,windows,0,1855,1720,21,0,0,0,0,0,0,11,7,3
173.376,1,11129856,windows,0,1855,1720,21,0,0,0,0,0,0,11,7,3
173.454,0,10416128,windows,0,1855,1720,21,0,0,0,0,0,0,11,7,3
173.642,1,11144192,windows,0,1855,1720,21,0,0,0,0,0,0,11,7,3
173.712,0,10430464,windows,0,1855,1720,21,0,0,0,0,0,0,11,7,3
173.896,1,11158528,windows,0,1855,1720,21,0,0,0,0,0,0,11,7,3
173.977,0,10445824,windows,0,1855,1720,21,0,0,0,0,0,0,11,7,3
174.148,1,11172864,windows,0,1855,1720,21,0,0,0,0,0,0,11,7,3
174.232,0,10460160,windows,0,1855,1720,21,0,0,0,0,0,0,11,7,3
174.405,1,11187200,windows,0,1855,1720,21,0,0,0,0,0,0,11,7,3
174.5,0,10475520,windows,0,1855,1720,21,0,0,0,0,0,0,11,7,3
174.674,1,11201536,windows,0,1855,1720,21,0,0,0,0,0,0,11,7,3
174.753,0,10489856,windows,0,1855,1720,21,0,0,0,0,0,0,11,7,3
174.932,1,11214848,windows,0,1855,1720,21,0,0,0,0,0,0,11,7,3
175.009,0,10505216,windows,0,1855,1720,21,0,0,0,0,0,0,11,7,3
175.186,1,11229184,windows,0,1855,1720,21,0,0,0,0,0,0,11,7,3
175.274,0,10521600,windows,0,1855,1720,21,0,0,0,0,0,0,11,7,3
175.437,1,11245568,windows,0,1855,1720,21,0,0,0,0,0,0,11,7,3
175.529,0,10537984,windows,0,1855,1720,21,0,0,0,0,0,0,11,7,3
175.691,1,11261952,windows,0,1855,1720,21,0,0,0,0,0,0,11,7,3
175.791,0,10553344,windows,0,1855,1720,21,0,0,0,0,0,0,11,7,3
175.956,1,11280384,windows,0,1855,1720,21,0,0,0,0,0,0,11,7,3
176.049,0,10568704,windows,0,1855,1720,21,0,0,0,0,0,0,11,7,3
176.212,1,11297792,windows,0,1855,1720,21,0,0,0,0,0,0,11,7,3
176.316,0,10585088,windows,0,1855,1720,21,0,0,0,0,0,0,11,7,3
176.469,1,11315200,windows,0,1855,1720,21,0,0,0,0,0,0,11,7,3
176.581,0,10601472,windows,0,1855,1720,21,0,0,0,0,0,0,11,7,3
176.73,1,11334656,windows,0,1855,1720,21,0,0,0,0,0,0,11,7,3
176.836,0,10615808,windows,0,1855,1720,21,0,0,0,0,0,0,11,7,3
176.986,1,11353088,windows,0,1855,1720,21,0,0,0,0,0,0,11,7,3
177.102,0,10631168,windows,0,1855,1720,21,0,0,0,0,0,0,11,7,3
177.3,1,11371520,windows,0,1855,1720,21,0,0,0,0,0,0,11,7,3
177.358,0,10645504,windows,0,1855,1720,21,0,0,0,0,0,0,11,7,3
177.551,1,11389952,windows,0,1855,1720,21,0,0,0,0,0,0,11,7,3
177.617,0,10660864,windows,0,1855,1720,21,0,0,0,0,0,0,11,7,3
177.806,1,11408384,windows,0,1855,1720,21,0,0,0,0,0,0,11,7,3
177.883,0,10677248,windows,0,1855,1720,21,0,0,0,0,0,0,11,7,3
178.066,1,11427840,windows,0,1855,1720,21,0,0,0,0,0,0,11,7,3
178.146,0,10692608,windows,0,1855,1720,21,0,0,0,0,0,0,11,7,3
178.324,1,11446272,repair,0,1855,1720,21,0,0,0,0,0,0,11,7,3
178.404,0,10706944,repair,0,1855,1720,21,0,0,0,0,0,0,11,7,3
178.576,1,11466752,repair,0,1855,1720,21,0,0,0,0,0,0,11,7,3
178.671,0,10722304,repair,0,1855,1720,21,0,0,0,0,0,0,11,7,3
178.83,1,11484160,windows,0,1855,1720,21,0,0,0,0,0,0,11,7,3
178.933,0,10736640,windows,0,1855,1720,21,0,0,0,0,0,0,11,7,3
179.091,1,11501568,windows,0,1855,1720,21,0,0,0,0,0,0,11,7,3
179.201,0,10752000,windows,0,1855,1720,21,0,0,0,0,0,0,11,7,3
179.346,1,11518976,windows,0,1855,1720,21,0,0,0,0,0,0,11,7,3
179.453,0,10766336,windows,0,1855,1720,21,0,0,0,0,0,0,11,7,3
179.602,1,11535360,windows,0,1855,1720,21,0,0,0,0,0,0,11,7,3
179.709,0,10780672,windows,0,1855,1720,21,0,0,0,0,0,0,11,7,3
179.865,1,11552768,windows,0,1855,1720,21,0,0,0,0,0,0,11,7,3
179.96,0,10795008,windows,0,1855,1720,21,0,0,0,0,0,0,11,7,3
180.128,1,11570176,windows,0,1855,1720,21,0,0,0,0,0,0,11,7,3
180.222,0,10809344,windows,0,1855,1720,21,0,0,0,0,0,0,11,7,3
180.386,1,11586560,windows,0,1855,1720,21,0,0,0,0,0,0,11,7,3
180.478,0,10823680,windows,0,1855,1720,21,0,0,0,0,0,0,11,7,3
180.66,1,11600896,repair,1029,1.00564e+08,1.0052e+08,3880,32,98,73,546,280,0,2371,1293,216
180.744,0,10839040,windows,0,1855,1720,21,0,0,0,0,0,0,11,7,3
180.924,1,11620352,repair,671,2.86719e+08,2.86631e+08,7364,36,148,118,235,134,0,4063,3105,196
181,0,10852352,windows,0,1855,1720,21,0,0,0,0,0,0,11,7,3
181.182,1,11640832,repair,542,2.6878e+08,2.6876e+08,7222,38,94,111,181,118,0,4071,2990,161
181.254,0,10866688,windows,0,1855,1720,21,0,0,0,0,0,0,11,7,3
181.432,1,11659264,repair,460,2.27356e+08,2.27296e+08,6706,30,83,93,160,94,0,3809,2733,164
181.505,0,10880000,windows,0,1855,1720,21,0,0,0,0,0,0,11,7,3
181.685,1,11679744,repair,355,2.19759e+08,2.19735e+08,6642,13,77,59,127,79,0,3808,2679,155
181.767,0,10894336,windows,0,1855,1720,21,0,0,0,0,0,0,11,7,3
181.946,1,11700224,repair,283,2.12551e+08,2.12493e+08,6498,17,45,49,105,67,0,3687,2665,146
182.028,0,10908672,windows,0,1855,1720,21,0,0,0,0,0,0,11,7,3
182.204,1,11719680,repair,217,1.87245e+08,1.87193e+08,6270,6,35,35,97,44,0,3712,2413,145
182.279,0,10921984,windows,0,1855,1720,21,0,0,0,0,0,0,11,7,3
182.466,1,11740160,repair,157,1.63077e+08,1.63031e+08,5794,12,32,13,65,35,0,3394,2285,115
182.539,0,10936320,windows,0,1855,1720,21,0,0,0,0,0,0,11,7,3
182.728,1,11760640,repair,106,1.63424e+08,1.63361e+08,5811,1,19,12,41,33,0,3430,2280,101
182.789,0,10949632,windows,0,1855,1720,21,0,0,0,0,0,0,11,7,3
182.979,1,11780096,repair,74,1.43111e+08,1.43109e+08,5484,4,10,9,26,25,0,3295,2103,86
183.051,0,10964992,windows,0,1855,1720,21,0,0,0,0,0,0,11,7,3
183.241,1,11800576,repair,44,1.18876e+08,1.18823e+08,5094,4,12,4,14,10,0,3156,1855,83
183.303,0,10979328,windows,0,1855,1720,21,0,0,0,0,0,0,11,7,3
183.494,1,11820032,repair,20,1.09644e+08,1.09591e+08,4918,1,2,4,10,3,0,3090,1757,71
183.562,0,10993664,windows,0,1855,1720,21,0,0,0,0,0,0,11,7,3
183.753,1,11839488,repair,10,9.35382e+07,9.35235e+07,4589,0,2,1,6,1,0,2938,1585,66
183.826,0,11009024,windows,0,1855,1720,21,0,0,0,0,0,0,11,7,3
184.011,1,11858944,repair,6,7.46039e+07,7.45742e+07,4148,1,1,0,2,2,0,2699,1379,70
184.087,0,11024384,windows,0,1855,1720,21,0,0,0,0,0,0,11,7,3
184.269,1,11879424,repair,3,6.29915e+07,6.29769e+07,3850,1,0,0,1,1,0,2570,1222,58
184.35,0,11039744,windows,0,1855,1720,21,0,0,0,0,0,0,11,7,3
184.526,1,11898880,windows,0,5.38809e+07,5.38572e+07,3556,0,0,0,0,0,0,2390,1124,42
184.613,0,11055104,windows,0,1855,1720,21,0,0,0,0,0,0,11,7,3
184.785,1,11915264,windows,0,4.40869e+07,4.40655e+07,3226,0,0,0,0,0,0,2176,1009,41
184.868,0,11069440,windows,0,1855,1720,21,0,0,0,0,0,0,11,7,3
185.045,1,11931648,windows,0,3.47686e+07,3.47686e+07,2897,0,0,0,0,0,0,1989,864,44
185.12,0,11083776,windows,0,1855,1720,21,0,0,0,0,0,0,11,7,3
185.296,1,11948032,windows,0,2.83195e+07,2.83093e+07,2605,0,0,0,0,0,0,1760,799,46
185.447,0,11099136,repair,1060,9.93217e+07,9.92957e+07,3602,26,70,76,571,317,0,2096,1300,206
185.565,1,11965440,windows,0,2.3402e+07,2.33865e+07,2374,0,0,0,0,0,0,1615,718,41
185.706,0,11115520,repair,701,2.83268e+08,2.83247e+08,7322,44,172,117,245,123,0,4093,3062,167
185.822,1,11981824,windows,0,1.98546e+07,1.98411e+07,2199,0,0,0,0,0,0,1539,632,28
185.96,0,11132928,repair,585,2.63354e+08,2.63275e+08,7175,34,130,108,198,115,0,4071,2933,171
186.079,1,11998208,windows,0,1.61789e+07,1.61784e+07,1933,0,0,0,0,0,0,1289,627,17
186.22,0,11151360,repair,483,2.55232e+08,2.55207e+08,7162,34,101,81,184,83,0,4129,2861,172
186.336,1,12013568,windows,0,1.33385e+07,1.33385e+07,1784,0,0,0,0,0,0,1228,538,18
186.479,0,11168768,repair,391,2.38809e+08,2.38809e+08,6931,31,72,73,132,83,0,3991,2785,155
186.592,1,12029952,windows,0,1.10942e+07,1.1084e+07,1639,0,0,0,0,0,0,1136,481,22
186.733,0,11186176,repair,324,2.10788e+08,2.10765e+08,6531,24,47,50,129,74,0,3774,2611,146
186.844,1,12046336,windows,0,9.48838e+06,9.48291e+06,1530,0,0,0,0,0,0,1094,418,18
186.984,0,11202560,repair,272,1.91865e+08,1.91815e+08,6219,10,46,43,107,66,0,3582,2503,134
187.102,1,12062720,windows,0,7.71958e+06,7.71417e+06,1381,0,0,0,0,0,0,993,373,15
187.243,0,11219968,repair,217,1.77714e+08,1.77693e+08,6089,12,25,49,91,40,0,3605,2357,127
187.358,1,12079104,windows,0,6.31914e+06,6.31869e+06,1251,0,0,0,0,0,0,899,337,15
187.506,0,11237376,repair,163,1.62933e+08,1.62884e+08,5793,6,36,29,59,33,0,3415,2277,101
187.609,1,12094464,windows,0,5.45318e+06,5.45318e+06,1164,0,0,0,0,0,0,835,313,16
187.763,0,11252736,repair,135,1.44967e+08,1.4495e+08,5562,7,10,24,63,31,0,3378,2087,97
187.869,1,12109824,windows,0,4.79624e+06,4.79249e+06,1077,0,0,0,0,0,0,751,314,12
188.03,0,11269120,repair,92,1.47932e+08,1.47912e+08,5628,8,17,16,30,21,0,3426,2107,95
188.131,1,12125184,windows,0,4.10436e+06,4.09528e+06,1006,0,0,0,0,0,0,721,274,11
188.281,0,11284480,repair,76,1.24583e+08,1.24583e+08,5212,1,16,7,34,18,0,3245,1892,75
188.383,1,12137472,windows,0,3.27532e+06,3.27532e+06,898,0,0,0,0,0,0,639,248,11
188.546,0,11299840,repair,43,1.22347e+08,1.22293e+08,5225,3,4,4,21,11,0,3309,1835,81
188.639,1,12150784,windows,0,2.74544e+06,2.74509e+06,821,0,0,0,0,0,0,577,232,12
188.799,0,11315200,repair,23,1.20505e+08,1.20452e+08,5163,3,1,3,8,8,0,3233,1844,86
188.897,1,12164096,windows,0,2.3372e+06,2.33433e+06,770,0,0,0,0,0,0,573,186,11
189.05,0,11328512,repair,14,1.07507e+08,1.07489e+08,4901,0,0,1,6,7,0,3108,1718,75
189.155,1,12180480,windows,0,1.95072e+06,1.9468e+06,699,0,0,0,0,0,0,507,182,10
189.311,0,11343872,repair,5,9.52709e+07,9.52558e+07,4655,0,0,1,3,1,0,3009,1579,67
189.419,1,12196864,windows,0,1.58814e+06,1.58255e+06,632,0,0,0,0,0,0,453,167,12
189.569,0,11358208,repair,1,8.28484e+07,8.28323e+07,4368,0,1,0,0,0,0,2865,1444,59
189.674,1,12211200,windows,0,1.24392e+06,1.24153e+06,561,0,0,0,0,0,0,397,150,14
189.825,0,11373568,repair,1,6.88214e+07,6.88065e+07,3999,0,1,0,0,0,0,2643,1300,56
189.93,1,12228608,windows,0,996260,993485,499,0,0,0,0,0,0,348,139,12
190.079,0,11388928,repair,1,5.94802e+07,5.94802e+07,3718,0,1,0,0,0,0,2454,1210,54
190.185,1,12247040,windows,0,796115,793760,448,0,0,0,0,0,0,321,118,9
190.339,0,11405312,repair,0,5.47234e+07,5.47217e+07,3605,0,0,0,0,0,0,2427,1122,56
190.441,1,12264448,windows,0,679730,678241,415,0,0,0,0,0,0,298,108,9
190.597,0,11422720,windows,0,4.35101e+07,4.34892e+07,3211,0,0,0,0,0,0,2183,991,37
190.693,1,12280832,windows,0,501730,500461,357,0,0,0,0,0,0,254,94,9
190.852,0,11440128,windows,0,3.48367e+07,3.4827e+07,2861,0,0,0,0,0,0,1931,899,31
190.954,1,12297216,windows,0,415580,413852,326,0,0,0,0,0,0,242,78,6
191.105,0,11454464,windows,0,2.99057e+07,2.99046e+07,2659,0,0,0,0,0,0,1786,834,39
191.218,1,12314624,windows,0,359215,359215,303,0,0,0,0,0,0,227,71,5
191.365,0,11468800,windows,0,2.55956e+07,2.55805e+07,2471,0,0,0,0,0,0,1683,755,33
191.482,1,12331008,windows,0,311425,311312,280,0,0,0,0,0,0,205,71,4
191.625,0,11483136,windows,0,2.21215e+07,2.21206e+07,2290,0,0,0,0,0,0,1550,710,30
191.749,1,12345344,windows,0,230320,229045,240,0,0,0,0,0,0,172,64,4
191.878,0,11496448,windows,0,1.83326e+07,1.83196e+07,2077,0,0,0,0,0,0,1397,654,26
192.007,1,12359680,windows,0,184495,183711,217,0,0,0,0,0,0,157,55,5
192.136,0,11509760,windows,0,1.55793e+07,1.55785e+07,1946,0,0,0,0,0,0,1351,567,28
192.268,1,12377088,windows,0,150535,149560,195,0,0,0,0,0,0,143,49,3
192.389,0,11523072,windows,0,1.37694e+07,1.37521e+07,1808,0,0,0,0,0,0,1223,560,25
192.527,1,12393472,windows,0,124645,123770,177,0,0,0,0,0,0,131,44,2
192.655,0,11536384,windows,0,1.21638e+07,1.21577e+07,1729,0,0,0,0,0,0,1220,485,24
192.79,1,12409856,windows,0,96050,95215,155,0,0,0,0,0,0,110,42,3
192.919,0,11550720,windows,0,1.04305e+07,1.0425e+07,1593,0,0,0,0,0,0,1107,463,23
193.043,1,12425216,windows,0,70895,70160,133,0,0,0,0,0,0,93,37,3
193.17,0,11564032,windows,0,8.55136e+06,8.54209e+06,1435,0,0,0,0,0,0,982,431,22
193.301,1,12440576,windows,0,64630,63895,126,0,0,0,0,0,0,86,37,3
193.429,0,11578368,windows,0,7.35456e+06,7.3492e+06,1345,0,0,0,0,0,0,942,381,22
193.558,1,12455936,windows,0,58520,57845,120,0,0,0,0,0,0,84,34,2
193.685,0,11591680,windows,0,6.36173e+06,6.34979e+06,1254,0,0,0,0,0,0,888,347,19
193.824,1,12472320,windows,0,51365,50316.2,111,0,0,0,0,0,0,75,34,2
193.947,0,11606016,windows,0,5.52383e+06,5.5191e+06,1172,0,0,0,0,0,0,834,319,19
194.091,1,12487680,windows,0,38605,38605,99,0,0,0,0,0,0,67,28,4
194.205,0,11619328,windows,0,4.68365e+06,4.68365e+06,1077,0,0,0,0,0,0,758,300,19
194.357,1,12502016,windows,0,32255,31720,89,0,0,0,0,0,0,59,27,3
194.455,0,11632640,windows,0,3.85812e+06,3.85416e+06,975,0,0,0,0,0,0,675,280,20
194.614,1,12516352,windows,0,28775,28775,83,0,0,0,0,0,0,57,25,1
194.707,0,11645952,windows,0,3.28838e+06,3.28518e+06,903,0,0,0,0,0,0,639,249,15
194.872,1,12530688,windows,0,26290,26290,80,0,0,0,0,0,0,56,23,1
194.964,0,11660288,windows,0,2.78261e+06,2.77929e+06,830,0,0,0,0,0,0,588,229,13
195.129,1,12545024,windows,0,21385,21332.5,74,0,0,0,0,0,0,53,19,2
195.221,0,11674624,windows,0,2.40654e+06,2.39965e+06,775,0,0,0,0,0,0,559,205,11
195.397,1,12560384,windows,0,18030,17436.2,67,0,0,0,0,0,0,48,18,1
195.48,0,11688960,windows,0,2.0185e+06,2.01811e+06,705,0,0,0,0,0,0,491,201,13
195.652,1,12574720,windows,0,15755,15541.2,62,0,0,0,0,0,0,43,18,1
195.731,0,11702272,windows,0,1.62623e+06,1.62585e+06,636,0,0,0,0,0,0,446,177,13
195.911,1,12590080,windows,0,13415,13415,57,0,0,0,0,0,0,39,17,1
195.999,0,11716608,windows,0,1.37099e+06,1.36761e+06,591,0,0,0,0,0,0,428,150,13
196.173,1,12605440,windows,0,12755,12755,56,0,0,0,0,0,0,39,16,1
196.262,0,11730944,windows,0,1.13622e+06,1.13294e+06,535,0,0,0,0,0,0,377,145,13
196.43,1,12620800,windows,0,9190,9190,48,0,0,0,0,0,0,34,13,1
196.526,0,11745280,windows,0,981435,978920,502,0,0,0,0,0,0,363,126,13
196.682,1,12636160,windows,0,8575,8575,47,0,0,0,0,0,0,35,11,1
196.779,0,11758592,windows,0,808930,807411,446,0,0,0,0,0,0,304,131,11
196.936,1,12651520,windows,0,8355,8355,46,0,0,0,0,0,0,33,12,1
197.039,0,11771904,windows,0,648755,648432,406,0,0,0,0,0,0,287,108,11
197.197,1,12666880,windows,0,8215,7960,45,0,0,0,0,0,0,31,13,1
197.304,0,11786240,windows,0,545295,545295,365,0,0,0,0,0,0,243,111,11
197.459,1,12683264,windows,0,8215,7960,45,0,0,0,0,0,0,31,13,1
197.57,0,11800576,windows,0,464495,462358,345,0,0,0,0,0,0,243,91,11
197.726,1,12699648,windows,0,7115,6971.25,42,0,0,0,0,0,0,29,12,1
197.824,0,11814912,windows,0,407155,405058,318,0,0,0,0,0,0,217,92,9
197.988,1,12715008,windows,0,7115,6971.25,42,0,0,0,0,0,0,29,12,1
198.101,0,11829248,windows,0,331195,329238,282,0,0,0,0,0,0,187,88,7
198.241,1,12730368,windows,0,6655,6440,41,0,0,0,0,0,0,29,11,1
198.358,0,11842560,windows,0,274405,274405,261,0,0,0,0,0,0,181,74,6
198.502,1,12746752,windows,0,6655,6440,41,0,0,0,0,0,0,29,11,1
198.618,0,11856896,windows,0,228035,228035,240,0,0,0,0,0,0,167,66,7
198.76,1,12762112,windows,0,6655,6440,41,0,0,0,0,0,0,29,11,1
198.887,0,11871232,windows,0,205520,204741,228,0,0,0,0,0,0,156,64,8
199.012,1,12777472,windows,0,6370,6231.25,40,0,0,0,0,0,0,28,11,1
199.141,0,11885568,windows,0,181060,181060,215,0,0,0,0,0,0,148,59,8
199.265,1,12794880,windows,0,6370,6231.25,40,0,0,0,0,0,0,28,11,1
199.407,0,11900928,windows,0,143905,143251,192,0,0,0,0,0,0,131,53,8
199.528,1,12814336,windows,0,6095,5746.25,39,0,0,0,0,0,0,27,11,1
199.673,0,11915264,windows,0,105790,105790,163,0,0,0,0,0,0,112,46,5
199.788,1,12833792,windows,0,6095,5746.25,39,0,0,0,0,0,0,27,11,1
199.933,0,11929600,windows,0,89735,89735,153,0,0,0,0,0,0,111,37,5
200.041,1,12852224,windows,0,5675,5346.25,38,0,0,0,0,0,0,27,10,1
200.188,0,11942912,windows,0,75250,74056.2,140,0,0,0,0,0,0,100,35,5
200.291,1,12871680,windows,0,5155,4960,36,0,0,0,0,0,0,25,10,1
200.452,0,11958272,windows,0,69575,68920,135,0,0,0,0,0,0,97,33,5
200.552,1,12892160,windows,0,5155,4960,36,0,0,0,0,0,0,25,10,1
200.714,0,11972608,windows,0,62590,61915,127,0,0,0,0,0,0,88,34,5
200.81,1,12911616,windows,0,4910,4715,35,0,0,0,0,0,0,24,10,1
200.979,0,11987968,windows,0,49615,49231.2,113,0,0,0,0,0,0,77,31,5
201.069,1,12931072,windows,0,4870,4655,34,0,0,0,0,0,0,22,11,1
201.233,0,12002304,windows,0,41975,41975,105,0,0,0,0,0,0,73,27,5
201.331,1,12950528,windows,0,4870,4655,34,0,0,0,0,0,0,22,11,1
201.483,0,12016640,windows,0,33755,33755,94,0,0,0,0,0,0,69,22,3
201.584,1,12969984,windows,0,4655,4440,33,0,0,0,0,0,0,21,11,1
201.74,0,12030976,windows,0,31220,30911.2,90,0,0,0,0,0,0,62,24,4
201.839,1,12988416,windows,0,4655,4440,33,0,0,0,0,0,0,21,11,1
202.002,0,12045312,windows,0,27565,27565,85,0,0,0,0,0,0,59,22,4
202.091,1,13008896,windows,0,4655,4440,33,0,0,0,0,0,0,21,11,1
202.253,0,12060672,windows,0,20820,20581.2,73,0,0,0,0,0,0,48,21,4
202.347,1,13028352,windows,0,4450,4235,32,0,0,0,0,0,0,20,11,1
202.509,0,12077056,windows,0,18980,18545,68,0,0,0,0,0,0,42,22,4
202.607,1,13048832,windows,0,4450,4235,32,0,0,0,0,0,0,20,11,1
202.77,0,12092416,windows,0,18120,17911.2,67,0,0,0,0,0,0,42,21,4
202.869,1,13068288,windows,0,4450,4235,32,0,0,0,0,0,0,20,11,1
203.031,0,12107776,windows,0,16885,16681.2,65,0,0,0,0,0,0,41,20,4
203.131,1,13088768,windows,0,4070,3895,32,0,0,0,0,0,0,22,9,1
203.292,0,12123136,windows,0,14260,14260,61,0,0,0,0,0,0,40,17,4
203.381,1,13107200,windows,0,3730,3575,31,0,0,0,0,0,0,22,8,1
203.544,0,12137472,windows,0,13865,13865,60,0,0,0,0,0,0,39,17,4
203.632,1,13123584,windows,0,3650,3475,30,0,0,0,0,0,0,20,9,1
203.804,0,12150784,windows,0,12740,12561.2,57,0,0,0,0,0,0,36,17,4
203.884,1,13139968,windows,0,3310,3211.25,29,0,0,0,0,0,0,20,8,1
204.066,0,12165120,windows,0,12530,12195,56,0,0,0,0,0,0,36,17,3
204.137,1,13158400,windows,0,3310,3211.25,29,0,0,0,0,0,0,20,8,1
204.332,0,12180480,windows,0,11990,11695,56,0,0,0,0,0,0,38,15,3
204.388,1,13177856,windows,0,3310,3211.25,29,0,0,0,0,0,0,20,8,1
204.596,0,12195840,windows,0,11250,10955,54,0,0,0,0,0,0,36,15,3
204.639,1,13196288,windows,0,3310,3211.25,29,0,0,0,0,0,0,20,8,1
204.859,0,12211200,windows,0,10510,10351.2,51,0,0,0,0,0,0,32,16,3
204.894,1,13215744,windows,0,3310,3211.25,29,0,0,0,0,0,0,20,8,1
205.12,0,12226560,windows,0,9650,9491.25,48,0,0,0,0,0,0,32,15,1
205.207,1,13234176,windows,0,3310,3211.25,29,0,0,0,0,0,0,20,8,1
205.377,0,12241920,windows,0,9070,8795,47,0,0,0,0,0,0,32,14,1
205.46,1,13253632,windows,0,2930,2930,27,0,0,0,0,0,0,18,8,1
205.629,0,12257280,windows,0,8855,8600,47,0,0,0,0,0,0,33,13,1
205.715,1,13273088,windows,0,2930,2930,27,0,0,0,0,0,0,18,8,1
205.884,0,12272640,windows,0,8355,8120,46,0,0,0,0,0,0,33,12,1
205.967,1,13293568,windows,0,2930,2930,27,0,0,0,0,0,0,18,8,1
206.147,0,12285952,windows,0,6835,6486.25,42,0,0,0,0,0,0,31,10,1
206.226,1,13313024,windows,0,2930,2930,27,0,0,0,0,0,0,18,8,1
206.409,0,12301312,windows,0,6835,6486.25,42,0,0,0,0,0,0,31,10,1
206.489,1,13332480,windows,0,2930,2930,27,0,0,0,0,0,0,18,8,1
206.671,0,12317696,windows,0,6370,6155,40,0,0,0,0,0,0,28,11,1
206.748,1,13350912,windows,0,2930,2930,27,0,0,0,0,0,0,18,8,1
206.937,0,12334080,windows,0,6185,5783.75,40,0,0,0,0,0,0,27,11,2
207.002,1,13368320,windows,0,2930,2930,27,0,0,0,0,0,0,18,8,1
207.19,0,12349440,windows,0,5675,5480,38,0,0,0,0,0,0,27,10,1
207.252,1,13384704,windows,0,2930,2930,27,0,0,0,0,0,0,18,8,1
207.45,0,12366848,windows,0,5295,5120,37,0,0,0,0,0,0,27,9,1
207.515,1,13402112,windows,0,2930,2930,27,0,0,0,0,0,0,18,8,1
207.712,0,12383232,windows,0,5295,5120,37,0,0,0,0,0,0,27,9,1
207.769,1,13419520,windows,0,2930,2930,27,0,0,0,0,0,0,18,8,1
207.975,0,12399616,windows,0,5295,5120,37,0,0,0,0,0,0,27,9,1
208.025,1,13437952,windows,0,2930,2930,27,0,0,0,0,0,0,18,8,1
208.281,1,13456384,windows,0,2930,2930,27,0,0,0,0,0,0,18,8,1
208.289,0,12414976,windows,0,5295,5120,37,0,0,0,0,0,0,27,9,1
208.537,1,13474816,windows,0,2930,2930,27,0,0,0,0,0,0,18,8,1
208.549,0,12431360,windows,0,5295,5120,37,0,0,0,0,0,0,27,9,1
208.792,1,13491200,windows,0,1855,1720,21,0,0,0,0,0,0,11,7,3
208.807,0,12447744,windows,0,5295,5120,37,0,0,0,0,0,0,27,9,1
209.054,1,13507584,windows,0,1855,1720,21,0,0,0,0,0,0,11,7,3
209.065,0,12463104,windows,0,5295,5120,37,0,0,0,0,0,0,27,9,1
209.317,1,13526016,windows,0,1750,1615,20,0,0,0,0,0,0,10,7,3
209.321,0,12478464,windows,0,5295,5120,37,0,0,0,0,0,0,27,9,1
209.571,1,13543424,windows,0,1750,1615,20,0,0,0,0,0,0,10,7,3
209.585,0,12489728,windows,0,5295,5120,37,0,0,0,0,0,0,27,9,1
209.827,1,13561856,windows,0,1750,1615,20,0,0,0,0,0,0,10,7,3
209.837,0,12505088,windows,0,5295,5120,37,0,0,0,0,0,0,27,9,1
210.084,1,13579264,windows,0,1750,1615,20,0,0,0,0,0,0,10,7,3
210.094,0,12520448,windows,0,5295,5120,37,0,0,0,0,0,0,27,9,1
210.345,1,13598720,windows,0,1750,1615,20,0,0,0,0,0,0,10,7,3
210.355,0,12536832,windows,0,5295,5120,37,0,0,0,0,0,0,27,9,1
210.606,1,13616128,windows,0,1750,1615,20,0,0,0,0,0,0,10,7,3
210.621,0,12551168,windows,0,5155,4960,36,0,0,0,0,0,0,25,10,1
210.87,1,13631488,windows,0,1750,1615,20,0,0,0,0,0,0,10,7,3
210.884,0,12567552,windows,0,5155,4960,36,0,0,0,0,0,0,25,10,1
211.121,1,13647872,windows,0,1750,1615,20,0,0,0,0,0,0,10,7,3
211.141,0,12583936,windows,0,4910,4596.25,35,0,0,0,0,0,0,24,10,1
211.385,1,13664256,windows,0,1750,1615,20,0,0,0,0,0,0,10,7,3
211.399,0,12599296,windows,0,4910,4596.25,35,0,0,0,0,0,0,24,10,1
211.643,1,13679616,windows,0,1750,1615,20,0,0,0,0,0,0,10,7,3
211.659,0,12615680,windows,0,4910,4596.25,35,0,0,0,0,0,0,24,10,1
211.902,1,13696000,windows,0,1750,1615,20,0,0,0,0,0,0,10,7,3
211.92,0,12631040,windows,0,4910,4596.25,35,0,0,0,0,0,0,24,10,1
212.164,1,13712384,windows,0,1750,1615,20,0,0,0,0,0,0,10,7,3
212.18,0,12646400,windows,0,1750,1615,20,0,0,0,0,0,0,10,7,3
212.415,1,13728768,windows,0,1750,1615,20,0,0,0,0,0,0,10,7,3
212.439,0,12661760,windows,0,1750,1615,20,0,0,0,0,0,0,10,7,3
212.672,1,13745152,windows,0,1750,1615,20,0,0,0,0,0,0,10,7,3
212.705,0,12678144,windows,0,1750,1615,20,0,0,0,0,0,0,10,7,3
212.926,1,13762560,windows,0,1750,1615,20,0,0,0,0,0,0,10,7,3
212.967,0,12694528,windows,0,1750,1615,20,0,0,0,0,0,0,10,7,3
213.181,1,13779968,windows,0,1750,1615,20,0,0,0,0,0,0,10,7,3
213.224,0,12709888,windows,0,1750,1615,20,0,0,0,0,0,0,10,7,3
213.433,1,13797376,windows,0,1750,1615,20,0,0,0,0,0,0,10,7,3
213.477,0,12725248,windows,0,1750,1615,20,0,0,0,0,0,0,10,7,3
213.685,1,13813760,windows,0,1750,1615,20,0,0,0,0,0,0,10,7,3
213.728,0,12739584,windows,0,1750,1615,20,0,0,0,0,0,0,10,7,3
213.945,1,13831168,windows,0,1750,1615,20,0,0,0,0,0,0,10,7,3
213.996,0,12755968,windows,0,1750,1615,20,0,0,0,0,0,0,10,7,3
214.21,1,13848576,windows,0,1750,1615,20,0,0,0,0,0,0,10,7,3
214.252,0,12771328,windows,0,1750,1615,20,0,0,0,0,0,0,10,7,3
214.473,1,13865984,windows,0,1750,1615,20,0,0,0,0,0,0,10,7,3
214.507,0,12786688,windows,0,1750,1615,20,0,0,0,0,0,0,10,7,3
214.725,1,13882368,windows,0,1750,1615,20,0,0,0,0,0,0,10,7,3
214.758,0,12802048,windows,0,1750,1615,20,0,0,0,0,0,0,10,7,3
214.978,1,13898752,windows,0,1750,1615,20,0,0,0,0,0,0,10,7,3
215.019,0,12817408,windows,0,1750,1615,20,0,0,0,0,0,0,10,7,3
215.234,1,13913088,windows,0,1750,1615,20,0,0,0,0,0,0,10,7,3
215.282,0,12832768,windows,0,1750,1615,20,0,0,0,0,0,0,10,7,3
215.497,1,13932544,windows,0,1750,1615,20,0,0,0,0,0,0,10,7,3
215.547,0,12847104,windows,0,1750,1615,20,0,0,0,0,0,0,10,7,3
215.748,1,13949952,windows,0,1750,1615,20,0,0,0,0,0,0,10,7,3
215.812,0,12862464,windows,0,1750,1615,20,0,0,0,0,0,0,10,7,3
215.999,1,13966336,windows,0,1750,1615,20,0,0,0,0,0,0,10,7,3
216.074,0,12877824,windows,0,1750,1615,20,0,0,0,0,0,0,10,7,3
216.25,1,13980672,windows,0,1750,1615,20,0,0,0,0,0,0,10,7,3
216.336,0,12893184,windows,0,1750,1615,20,0,0,0,0,0,0,10,7,3
216.502,1,13998080,windows,0,1750,1615,20,0,0,0,0,0,0,10,7,3
216.591,0,12907520,windows,0,1750,1615,20,0,0,0,0,0,0,10,7,3
216.76,1,14017536,windows,0,1750,1615,20,0,0,0,0,0,0,10,7,3
216.845,0,12922880,windows,0,1750,1615,20,0,0,0,0,0,0,10,7,3
217.016,1,14035968,windows,0,1750,1615,20,0,0,0,0,0,0,10,7,3
217.096,0,12938240,windows,0,1750,1615,20,0,0,0,0,0,0,10,7,3
217.271,1,14055424,windows,0,1750,1615,20,0,0,0,0,0,0,10,7,3
217.353,0,12953600,windows,0,1750,1615,20,0,0,0,0,0,0,10,7,3
217.522,1,14073856,windows,0,1750,1615,20,0,0,0,0,0,0,10,7,3
217.603,0,12968960,windows,0,1750,1615,20,0,0,0,0,0,0,10,7,3
217.778,1,14091264,windows,0,1750,1615,20,0,0,0,0,0,0,10,7,3
217.856,0,12984320,windows,0,1750,1615,20,0,0,0,0,0,0,10,7,3
218.029,1,14107648,windows,0,1750,1615,20,0,0,0,0,0,0,10,7,3
218.115,0,12999680,windows,0,1750,1615,20,0,0,0,0,0,0,10,7,3
218.295,1,14125056,windows,0,1750,1615,20,0,0,0,0,0,0,10,7,3
218.374,0,13015040,windows,0,1750,1615,20,0,0,0,0,0,0,10,7,3
218.554,1,14141440,windows,0,1750,1615,20,0,0,0,0,0,0,10,7,3
218.641,0,13030400,windows,0,1750,1615,20,0,0,0,0,0,0,10,7,3
218.806,1,14156800,windows,0,1750,1615,20,0,0,0,0,0,0,10,7,3
218.895,0,13044736,windows,0,1750,1615,20,0,0,0,0,0,0,10,7,3
219.056,1,14172160,windows,0,1750,1615,20,0,0,0,0,0,0,10,7,3
219.151,0,13059072,windows,0,1750,1615,20,0,0,0,0,0,0,10,7,3
219.317,1,14190592,windows,0,1750,1615,20,0,0,0,0,0,0,10,7,3
219.414,0,13074432,windows,0,1750,1615,20,0,0,0,0,0,0,10,7,3
219.572,1,14210048,windows,0,1750,1615,20,0,0,0,0,0,0,10,7,3
219.669,0,13089792,windows,0,1750,1615,20,0,0,0,0,0,0,10,7,3
219.83,1,14230528,windows,0,1480,1411.25,19,0,0,0,0,0,0,14,5,0
219.924,0,13105152,windows,0,1750,1615,20,0,0,0,0,0,0,10,7,3
220.082,1,14249984,windows,0,1220,1220,17,0,0,0,0,0,0,12,5,0
220.181,0,13120512,windows,0,1750,1615,20,0,0,0,0,0,0,10,7,3
220.335,1,14270464,windows,0,1220,1220,17,0,0,0,0,0,0,12,5,0
220.445,0,13135872,windows,0,1750,1615,20,0,0,0,0,0,0,10,7,3
220.587,1,14289920,windows,0,820,725,13,0,0,0,0,0,0,8,5,0
220.704,0,13151232,windows,0,1750,1615,20,0,0,0,0,0,0,10,7,3
220.84,1,14310400,windows,0,820,725,13,0,0,0,0,0,0,8,5,0
220.956,0,13165568,windows,0,1750,1615,20,0,0,0,0,0,0,10,7,3
221.102,1,14329856,windows,0,820,725,13,0,0,0,0,0,0,8,5,0
221.21,0,13179904,windows,0,1750,1615,20,0,0,0,0,0,0,10,7,3
221.39,1,14348288,windows,0,820,725,13,0,0,0,0,0,0,8,5,0
221.462,0,13194240,windows,0,1750,1615,20,0,0,0,0,0,0,10,7,3
221.648,1,14367744,windows,0,820,725,13,0,0,0,0,0,0,8,5,0
221.731,0,13209600,windows,0,1750,1615,20,0,0,0,0,0,0,10,7,3
221.906,1,14388224,windows,0,820,725,13,0,0,0,0,0,0,8,5,0
221.996,0,13223936,windows,0,1750,1615,20,0,0,0,0,0,0,10,7,3
222.156,1,14407680,windows,0,820,725,13,0,0,0,0,0,0,8,5,0
222.251,0,13237248,windows,0,1750,1615,20,0,0,0,0,0,0,10,7,3
222.409,1,14423040,windows,0,820,725,13,0,0,0,0,0,0,8,5,0
222.513,0,13252608,windows,0,1750,1615,20,0,0,0,0,0,0,10,7,3
222.659,1,14442496,windows,0,820,725,13,0,0,0,0,0,0,8,5,0
222.773,0,13267968,windows,0,1750,1615,20,0,0,0,0,0,0,10,7,3
222.912,1,14462976,windows,0,820,725,13,0,0,0,0,0,0,8,5,0
223.034,0,13283328,windows,0,1750,1615,20,0,0,0,0,0,0,10,7,3
223.166,1,14483456,windows,0,820,725,13,0,0,0,0,0,0,8,5,0
223.292,0,13298688,windows,0,1750,1615,20,0,0,0,0,0,0,10,7,3
223.42,1,14502912,windows,0,820,725,13,0,0,0,0,0,0,8,5,0
223.55,0,13313024,windows,0,1750,1615,20,0,0,0,0,0,0,10,7,3
223.672,1,14520320,windows,0,820,725,13,0,0,0,0,0,0,8,5,0
223.806,0,13327360,windows,0,1750,1615,20,0,0,0,0,0,0,10,7,3
223.93,1,14537728,windows,0,820,725,13,0,0,0,0,0,0,8,5,0
224.072,0,13343744,windows,0,1750,1615,20,0,0,0,0,0,0,10,7,3
224.186,1,14555136,windows,0,820,725,13,0,0,0,0,0,0,8,5,0
224.336,0,13359104,windows,0,820,725,13,0,0,0,0,0,0,8,5,0
224.436,1,14572544,windows,0,820,725,13,0,0,0,0,0,0,8,5,0
224.592,0,13375488,windows,0,820,725,13,0,0,0,0,0,0,8,5,0
224.7,1,14589952,windows,0,820,725,13,0,0,0,0,0,0,8,5,0
224.844,0,13392896,windows,0,820,725,13,0,0,0,0,0,0,8,5,0
224.963,1,14608384,windows,0,820,725,13,0,0,0,0,0,0,8,5,0
225.099,0,13412352,windows,0,820,725,13,0,0,0,0,0,0,8,5,0
225.221,1,14625792,windows,0,820,725,13,0,0,0,0,0,0,8,5,0
225.358,0,13429760,windows,0,820,725,13,0,0,0,0,0,0,8,5,0
225.486,1,14644224,windows,0,820,725,13,0,0,0,0,0,0,8,5,0
225.62,0,13451264,windows,0,820,725,13,0,0,0,0,0,0,8,5,0
225.748,1,14661632,windows,0,820,725,13,0,0,0,0,0,0,8,5,0
225.875,0,13470720,windows,0,820,725,13,0,0,0,0,0,0,8,5,0
226.011,1,14679040,windows,0,820,725,13,0,0,0,0,0,0,8,5,0
226.137,0,13491200,windows,0,820,725,13,0,0,0,0,0,0,8,5,0
226.269,1,14698496,windows,0,820,725,13,0,0,0,0,0,0,8,5,0
226.395,0,13510656,repair,0,820,725,13,0,0,0,0,0,0,8,5,0
226.521,1,14718976,windows,0,820,725,13,0,0,0,0,0,0,8,5,0
226.659,0,13530112,windows,0,820,725,13,0,0,0,0,0,0,8,5,0
226.776,1,14734336,windows,0,820,725,13,0,0,0,0,0,0,8,5,0
226.918,0,13548544,windows,0,820,725,13,0,0,0,0,0,0,8,5,0
227.027,1,14754816,windows,0,820,725,13,0,0,0,0,0,0,8,5,0
227.173,0,13563904,windows,0,820,725,13,0,0,0,0,0,0,8,5,0
227.286,1,14767104,windows,0,820,725,13,0,0,0,0,0,0,8,5,0
227.428,0,13577216,windows,0,820,725,13,0,0,0,0,0,0,8,5,0
227.537,1,14785536,windows,0,820,725,13,0,0,0,0,0,0,8,5,0
227.682,0,13589504,windows,0,820,725,13,0,0,0,0,0,0,8,5,0
227.797,1,14803968,windows,0,820,725,13,0,0,0,0,0,0,8,5,0
227.936,0,13605888,windows,0,820,725,13,0,0,0,0,0,0,8,5,0
228.054,1,14823424,windows,0,820,725,13,0,0,0,0,0,0,8,5,0
228.205,0,13623296,windows,0,820,725,13,0,0,0,0,0,0,8,5,0
228.314,1,14841856,windows,0,820,725,13,0,0,0,0,0,0,8,5,0
228.46,0,13639680,windows,0,820,725,13,0,0,0,0,0,0,8,5,0
228.574,1,14861312,windows,0,820,725,13,0,0,0,0,0,0,8,5,0
228.722,0,13658112,windows,0,820,725,13,0,0,0,0,0,0,8,5,0
228.829,1,14883840,windows,0,745,650,12,0,0,0,0,0,0,7,5,0
228.973,0,13676544,windows,0,820,725,13,0,0,0,0,0,0,8,5,0
229.083,1,14904320,windows,0,745,650,12,0,0,0,0,0,0,7,5,0
229.232,0,13693952,windows,0,820,725,13,0,0,0,0,0,0,8,5,0
229.342,1,14925824,windows,0,745,650,12,0,0,0,0,0,0,7,5,0
229.489,0,13715456,windows,0,820,725,13,0,0,0,0,0,0,8,5,0
229.601,1,14943232,windows,0,745,650,12,0,0,0,0,0,0,7,5,0
229.74,0,13734912,windows,0,820,725,13,0,0,0,0,0,0,8,5,0
229.859,1,14964736,windows,0,745,650,12,0,0,0,0,0,0,7,5,0
229.991,0,13754368,windows,0,820,725,13,0,0,0,0,0,0,8,5,0
230.119,1,14986240,windows,0,745,650,12,0,0,0,0,0,0,7,5,0
230.252,0,13770752,windows,0,820,725,13,0,0,0,0,0,0,8,5,0
230.37,1,15006720,repair,0,745,650,12,0,0,0,0,0,0,7,5,0
230.512,0,13793280,windows,0,820,725,13,0,0,0,0,0,0,8,5,0
230.621,1,15024128,repair,0,745,650,12,0,0,0,0,0,0,7,5,0
230.768,0,13813760,windows,0,820,725,13,0,0,0,0,0,0,8,5,0
230.871,1,15043584,repair,0,745,650,12,0,0,0,0,0,0,7,5,0
231.024,0,13834240,repair,0,820,725,13,0,0,0,0,0,0,8,5,0
231.136,1,15060992,windows,0,745,650,12,0,0,0,0,0,0,7,5,0
231.287,0,13853696,repair,0,820,725,13,0,0,0,0,0,0,8,5,0
231.394,1,15078400,windows,0,745,650,12,0,0,0,0,0,0,7,5,0
231.544,0,13874176,repair,0,820,725,13,0,0,0,0,0,0,8,5,0
231.655,1,15094784,windows,0,745,650,12,0,0,0,0,0,0,7,5,0
231.799,0,13891584,windows,0,820,725,13,0,0,0,0,0,0,8,5,0
231.918,1,15112192,windows,0,745,650,12,0,0,0,0,0,0,7,5,0
232.059,0,13908992,windows,0,820,725,13,0,0,0,0,0,0,8,5,0
232.171,1,15128576,windows,0,745,650,12,0,0,0,0,0,0,7,5,0
232.313,0,13925376,windows,0,820,725,13,0,0,0,0,0,0,8,5,0
232.429,1,15144960,windows,0,745,650,12,0,0,0,0,0,0,7,5,0
232.564,0,13941760,windows,0,820,725,13,0,0,0,0,0,0,8,5,0
232.683,1,15161344,windows,0,745,650,12,0,0,0,0,0,0,7,5,0
232.823,0,13959168,windows,0,820,725,13,0,0,0,0,0,0,8,5,0
232.945,1,15178752,windows,0,745,650,12,0,0,0,0,0,0,7,5,0
233.084,0,13977600,windows,0,745,650,12,0,0,0,0,0,0,7,5,0
233.208,1,15196160,windows,0,745,650,12,0,0,0,0,0,0,7,5,0
233.336,0,13998080,windows,0,745,650,12,0,0,0,0,0,0,7,5,0
233.47,1,15212544,windows,0,745,650,12,0,0,0,0,0,0,7,5,0
233.6,0,14017536,windows,0,745,650,12,0,0,0,0,0,0,7,5,0
233.735,1,15227904,windows,0,745,650,12,0,0,0,0,0,0,7,5,0
233.855,0,14035968,windows,0,745,650,12,0,0,0,0,0,0,7,5,0
233.992,1,15242240,windows,0,745,650,12,0,0,0,0,0,0,7,5,0
234.108,0,14050304,windows,0,745,650,12,0,0,0,0,0,0,7,5,0
234.256,1,15258624,windows,0,745,650,12,0,0,0,0,0,0,7,5,0
234.368,0,14069760,windows,0,745,650,12,0,0,0,0,0,0,7,5,0
234.52,1,15275008,windows,0,745,650,12,0,0,0,0,0,0,7,5,0
234.624,0,14089216,windows,0,745,650,12,0,0,0,0,0,0,7,5,0
234.781,1,15291392,windows,0,745,650,12,0,0,0,0,0,0,7,5,0
234.883,0,14108672,windows,0,745,650,12,0,0,0,0,0,0,7,5,0
235.043,1,15308800,windows,0,745,650,12,0,0,0,0,0,0,7,5,0
235.133,0,14126080,repair,0,745,650,12,0,0,0,0,0,0,7,5,0
235.299,1,15326208,windows,0,745,650,12,0,0,0,0,0,0,7,5,0
235.39,0,14145536,repair,0,745,650,12,0,0,0,0,0,0,7,5,0
235.554,1,15343616,windows,0,745,650,12,0,0,0,0,0,0,7,5,0
235.652,0,14163968,windows,0,745,650,12,0,0,0,0,0,0,7,5,0
235.819,1,15360000,windows,0,745,650,12,0,0,0,0,0,0,7,5,0
235.905,0,14180352,windows,0,745,650,12,0,0,0,0,0,0,7,5,0
236.08,1,15378432,windows,0,745,650,12,0,0,0,0,0,0,7,5,0
236.16,0,14196736,windows,0,745,650,12,0,0,0,0,0,0,7,5,0
236.332,1,15396864,windows,0,745,650,12,0,0,0,0,0,0,7,5,0
236.41,0,14214144,windows,0,745,650,12,0,0,0,0,0,0,7,5,0
236.591,1,15415296,repair,0,745,650,12,0,0,0,0,0,0,7,5,0
236.667,0,14231552,windows,0,745,650,12,0,0,0,0,0,0,7,5,0
236.844,1,15435776,repair,0,745,650,12,0,0,0,0,0,0,7,5,0
236.928,0,14249984,windows,0,745,650,12,0,0,0,0,0,0,7,5,0
237.102,1,15454208,windows,0,745,650,12,0,0,0,0,0,0,7,5,0
237.181,0,14267392,windows,0,745,650,12,0,0,0,0,0,0,7,5,0
237.358,1,15472640,windows,0,745,650,12,0,0,0,0,0,0,7,5,0
237.436,0,14284800,windows,0,745,650,12,0,0,0,0,0,0,7,5,0
237.622,1,15491072,windows,0,745,650,12,0,0,0,0,0,0,7,5,0
237.696,0,14302208,windows,0,745,650,12,0,0,0,0,0,0,7,5,0
237.887,1,15508480,windows,0,745,650,12,0,0,0,0,0,0,7,5,0
237.955,0,14317568,windows,0,745,650,12,0,0,0,0,0,0,7,5,0
238.14,1,15522816,windows,0,745,650,12,0,0,0,0,0,0,7,5,0
238.222,0,14332928,windows,0,745,650,12,0,0,0,0,0,0,7,5,0
238.405,1,15537152,windows,0,745,650,12,0,0,0,0,0,0,7,5,0
238.474,0,14347264,windows,0,745,650,12,0,0,0,0,0,0,7,5,0
238.664,1,15551488,windows,0,745,650,12,0,0,0,0,0,0,7,5,0
238.736,0,14360576,windows,0,745,650,12,0,0,0,0,0,0,7,5,0
238.918,1,15564800,windows,0,745,650,12,0,0,0,0,0,0,7,5,0
239.004,0,14374912,windows,0,745,650,12,0,0,0,0,0,0,7,5,0
239.185,1,15579136,windows,0,745,650,12,0,0,0,0,0,0,7,5,0
239.271,0,14389248,repair,0,745,650,12,0,0,0,0,0,0,7,5,0
239.445,1,15593472,windows,0,745,650,12,0,0,0,0,0,0,7,5,0
239.528,0,14404608,repair,0,745,650,12,0,0,0,0,0,0,7,5,0
239.699,1,15606784,windows,0,745,650,12,0,0,0,0,0,0,7,5,0
239.784,0,14419968,windows,0,745,650,12,0,0,0,0,0,0,7,5,0
239.956,1,15620096,windows,0,745,650,12,0,0,0,0,0,0,7,5,0
240.041,0,14434304,windows,0,745,650,12,0,0,0,0,0,0,7,5,0
240.221,1,15633408,windows,0,745,650,12,0,0,0,0,0,0,7,5,0
240.292,0,14448640,windows,0,745,650,12,0,0,0,0,0,0,7,5,0
240.476,1,15646720,windows,0,745,650,12,0,0,0,0,0,0,7,5,0
240.544,0,14461952,windows,0,745,650,12,0,0,0,0,0,0,7,5,0
240.735,1,15660032,windows,0,745,650,12,0,0,0,0,0,0,7,5,0
240.805,0,14475264,windows,0,745,650,12,0,0,0,0,0,0,7,5,0
240.987,1,15673344,windows,0,745,650,12,0,0,0,0,0,0,7,5,0
241.07,0,14489600,windows,0,745,650,12,0,0,0,0,0,0,7,5,0
241.238,1,15687680,windows,0,745,650,12,0,0,0,0,0,0,7,5,0
241.329,0,14503936,windows,0,745,650,12,0,0,0,0,0,0,7,5,0
241.499,1,15698944,windows,0,745,650,12,0,0,0,0,0,0,7,5,0
241.607,0,14518272,windows,0,745,650,12,0,0,0,0,0,0,7,5,0
241.763,1,15716352,windows,0,745,650,12,0,0,0,0,0,0,7,5,0
241.866,0,14532608,windows,0,745,650,12,0,0,0,0,0,0,7,5,0
242.025,1,15733760,windows,0,745,650,12,0,0,0,0,0,0,7,5,0
242.12,0,14545920,windows,0,745,650,12,0,0,0,0,0,0,7,5,0
242.289,1,15750144,windows,0,745,650,12,0,0,0,0,0,0,7,5,0
242.387,0,14559232,windows,0,745,650,12,0,0,0,0,0,0,7,5,0
242.551,1,15766528,repair,0,745,650,12,0,0,0,0,0,0,7,5,0
242.64,0,14572544,windows,0,745,650,12,0,0,0,0,0,0,7,5,0
242.804,1,15781888,repair,0,745,650,12,0,0,0,0,0,0,7,5,0
242.89,0,14584832,windows,0,745,650,12,0,0,0,0,0,0,7,5,0
243.062,1,15796224,windows,0,745,650,12,0,0,0,0,0,0,7,5,0
243.157,0,14599168,windows,0,745,650,12,0,0,0,0,0,0,7,5,0
243.323,1,15809536,windows,0,745,650,12,0,0,0,0,0,0,7,5,0
243.411,0,14612480,windows,0,745,650,12,0,0,0,0,0,0,7,5,0
243.587,1,15823872,windows,0,745,650,12,0,0,0,0,0,0,7,5,0
243.678,0,14626816,windows,0,745,650,12,0,0,0,0,0,0,7,5,0
243.845,1,15837184,windows,0,745,650,12,0,0,0,0,0,0,7,5,0
243.944,0,14641152,windows,0,745,650,12,0,0,0,0,0,0,7,5,0
244.096,1,15851520,windows,0,745,650,12,0,0,0,0,0,0,7,5,0
244.215,0,14655488,windows,0,745,650,12,0,0,0,0,0,0,7,5,0
244.364,1,15865856,windows,0,745,650,12,0,0,0,0,0,0,7,5,0
244.471,0,14669824,windows,0,745,650,12,0,0,0,0,0,0,7,5,0
244.636,1,15880192,windows,0,745,650,12,0,0,0,0,0,0,7,5,0
244.731,0,14684160,windows,0,745,650,12,0,0,0,0,0,0,7,5,0
244.904,1,15893504,windows,0,745,650,12,0,0,0,0,0,0,7,5,0
244.988,0,14698496,windows,0,745,650,12,0,0,0,0,0,0,7,5,0
245.158,1,15906816,windows,0,745,650,12,0,0,0,0,0,0,7,5,0
245.244,0,14712832,windows,0,745,650,12,0,0,0,0,0,0,7,5,0
245.42,1,15920128,windows,0,745,650,12,0,0,0,0,0,0,7,5,0
245.508,0,14728192,windows,0,745,650,12,0,0,0,0,0,0,7,5,0
245.676,1,15935488,windows,0,745,650,12,0,0,0,0,0,0,7,5,0
245.768,0,14742528,windows,0,745,650,12,0,0,0,0,0,0,7,5,0
245.941,1,15951872,windows,0,745,650,12,0,0,0,0,0,0,7,5,0
246.043,0,14756864,repair,0,745,650,12,0,0,0,0,0,0,7,5,0
246.203,1,15968256,windows,0,745,650,12,0,0,0,0,0,0,7,5,0
246.298,0,14771200,repair,0,745,650,12,0,0,0,0,0,0,7,5,0
246.459,1,15982592,windows,0,745,650,12,0,0,0,0,0,0,7,5,0
246.558,0,14786560,windows,0,745,650,12,0,0,0,0,0,0,7,5,0
246.719,1,15996928,windows,0,745,650,12,0,0,0,0,0,0,7,5,0
246.826,0,14800896,windows,0,745,650,12,0,0,0,0,0,0,7,5,0
246.984,1,16011264,windows,0,745,650,12,0,0,0,0,0,0,7,5,0
247.087,0,14814208,windows,0,745,650,12,0,0,0,0,0,0,7,5,0
247.254,1,16025600,windows,0,745,650,12,0,0,0,0,0,0,7,5,0
247.353,0,14829568,windows,0,745,650,12,0,0,0,0,0,0,7,5,0
247.515,1,16040960,windows,0,745,650,12,0,0,0,0,0,0,7,5,0
247.617,0,14843904,windows,0,745,650,12,0,0,0,0,0,0,7,5,0
247.778,1,16055296,windows,0,745,650,12,0,0,0,0,0,0,7,5,0
247.868,0,14857216,windows,0,745,650,12,0,0,0,0,0,0,7,5,0
248.034,1,16069632,windows,0,745,650,12,0,0,0,0,0,0,7,5,0
248.121,0,14870528,windows,0,745,650,12,0,0,0,0,0,0,7,5,0
248.286,1,16083968,windows,0,745,650,12,0,0,0,0,0,0,7,5,0
248.374,0,14883840,windows,0,745,650,12,0,0,0,0,0,0,7,5,0
248.545,1,16098304,windows,0,745,650,12,0,0,0,0,0,0,7,5,0
248.64,0,14898176,windows,0,745,650,12,0,0,0,0,0,0,7,5,0
248.858,1,16112640,repair,1061,7.59616e+07,7.59476e+07,2177,0,0,0,678,383,0,1474,484,219
248.895,0,14912512,windows,0,745,650,12,0,0,0,0,0,0,7,5,0
249.118,1,16128000,repair,726,2.61994e+08,2.61994e+08,7086,60,159,112,265,130,0,4024,2900,162
249.152,0,14926848,windows,0,745,650,12,0,0,0,0,0,0,7,5,0
249.375,1,16145408,repair,600,2.73536e+08,2.73455e+08,7202,41,119,110,215,115,0,3970,3047,185
249.403,0,14940160,windows,0,745,650,12,0,0,0,0,0,0,7,5,0
249.637,1,16162816,repair,504,2.54172e+08,2.54167e+08,6961,38,116,92,175,83,0,3842,2949,170
249.665,0,14954496,windows,0,745,650,12,0,0,0,0,0,0,7,5,0
249.902,1,16179200,repair,412,2.48627e+08,2.4857e+08,7015,33,91,74,132,82,0,4028,2858,129
249.93,0,14968832,windows,0,745,650,12,0,0,0,0,0,0,7,5,0
250.155,1,16195584,repair,347,2.1144e+08,2.1144e+08,6498,23,54,60,137,73,0,3778,2616,104
250.191,0,14983168,windows,0,745,650,12,0,0,0,0,0,0,7,5,0
250.422,1,16212992,repair,289,1.97317e+08,1.97313e+08,6343,20,57,40,111,61,0,3720,2507,116
250.443,0,14997504,windows,0,745,650,12,0,0,0,0,0,0,7,5,0
250.675,1,16229376,repair,242,1.78115e+08,1.78068e+08,6143,18,49,34,91,50,0,3700,2322,121
250.7,0,15011840,windows,0,745,650,12,0,0,0,0,0,0,7,5,0
250.939,1,16245760,repair,190,1.63181e+08,1.63116e+08,5882,8,37,37,72,36,0,3552,2224,106
250.954,0,15026176,windows,0,745,650,12,0,0,0,0,0,0,7,5,0
251.203,1,16262144,repair,147,1.54256e+08,1.54235e+08,5736,6,24,32,52,33,0,3481,2155,100
251.22,0,15040512,windows,0,745,650,12,0,0,0,0,0,0,7,5,0
251.453,1,16277504,repair,112,1.47445e+08,1.47442e+08,5616,5,13,21,49,24,0,3409,2106,101
251.483,0,15055872,windows,0,745,650,12,0,0,0,0,0,0,7,5,0
251.715,1,16293888,repair,78,1.42137e+08,1.42133e+08,5597,2,12,10,33,21,0,3479,2014,104
251.742,0,15069184,windows,0,745,650,12,0,0,0,0,0,0,7,5,0
251.977,1,16309248,repair,49,1.38082e+08,1.38022e+08,5541,2,4,7,23,13,0,3486,1962,93
252,0,15082496,windows,0,745,650,12,0,0,0,0,0,0,7,5,0
252.239,1,16325632,repair,30,1.22701e+08,1.22682e+08,5177,1,1,8,14,6,0,3229,1876,72
252.252,0,15098880,windows,0,745,650,12,0,0,0,0,0,0,7,5,0
252.495,1,16342016,repair,20,1.08968e+08,1.08966e+08,4956,1,1,5,10,3,0,3186,1704,66
252.518,0,15117312,windows,0,745,650,12,0,0,0,0,0,0,7,5,0
252.762,1,16358400,repair,7,1.03875e+08,1.03826e+08,4818,0,0,1,5,1,0,3076,1680,62
252.77,0,15132672,windows,0,745,650,12,0,0,0,0,0,0,7,5,0
253.016,1,16372736,repair,3,8.75555e+07,8.75246e+07,4410,0,1,2,0,0,0,2822,1544,44
253.076,0,15147008,windows,0,745,650,12,0,0,0,0,0,0,7,5,0
253.278,1,16388096,repair,3,8.75555e+07,8.75246e+07,4410,0,1,2,0,0,0,2822,1544,44
253.331,0,15161344,windows,0,745,650,12,0,0,0,0,0,0,7,5,0
253.541,1,16403456,repair,2,6.11031e+07,6.11017e+07,3752,0,0,1,1,0,0,2467,1237,48
253.593,0,15180800,windows,0,745,650,12,0,0,0,0,0,0,7,5,0
253.794,1,16418816,repair,2,5.2513e+07,5.2513e+07,3520,0,0,0,2,0,0,2387,1095,38
253.853,0,15199232,windows,0,745,650,12,0,0,0,0,0,0,7,5,0
254.054,1,16434176,repair,2,4.53729e+07,4.53415e+07,3282,0,0,0,2,0,0,2225,1014,43
254.117,0,15216640,windows,0,745,650,12,0,0,0,0,0,0,7,5,0
254.318,1,16449536,repair,1,4.08348e+07,4.08243e+07,3124,0,0,0,1,0,0,2115,959,50
254.37,0,15227904,repair,793,2.74113e+08,2.74054e+08,7240,57,192,128,271,145,0,4069,2966,205
254.583,1,16464896,windows,0,3.59063e+07,3.5905e+07,2923,0,0,0,0,0,0,1977,903,43
254.625,0,15245312,repair,651,2.72321e+08,2.72241e+08,7283,45,136,106,245,119,0,4148,2963,172
254.836,1,16478208,windows,0,3.05452e+07,3.05354e+07,2669,0,0,0,0,0,0,1781,856,32
254.879,0,15264768,repair,524,2.63415e+08,2.63331e+08,7087,26,99,97,203,99,0,3963,2982,142
255.105,1,16492544,windows,0,2.62361e+07,2.62351e+07,2491,0,0,0,0,0,0,1681,777,33
255.134,0,15283200,repair,425,2.39355e+08,2.393e+08,6957,30,86,91,152,66,0,4045,2766,146
255.375,1,16506880,windows,0,2.2462e+07,2.24611e+07,2306,0,0,0,0,0,0,1561,716,29
255.385,0,15302656,repair,351,2.08943e+08,2.08887e+08,6472,20,59,62,126,84,0,3721,2610,141
255.635,1,16521216,windows,0,1.93563e+07,1.93481e+07,2152,0,0,0,0,0,0,1481,647,24
255.642,0,15320064,repair,288,1.96979e+08,1.96979e+08,6296,15,47,38,128,60,0,3627,2534,135
255.892,0,15337472,repair,230,1.86901e+08,1.86852e+08,6182,13,36,31,98,52,0,3608,2449,125
255.902,1,16534528,windows,0,1.63793e+07,1.63793e+07,1968,0,0,0,0,0,0,1332,612,24
256.154,0,15356928,repair,175,1.62272e+08,1.62207e+08,5862,11,38,25,64,37,0,3526,2225,111
256.158,1,16548864,windows,0,1.38584e+07,1.38464e+07,1811,0,0,0,0,0,0,1225,563,23
256.408,0,15375360,repair,132,1.5887e+08,1.58867e+08,5822,9,25,18,58,22,0,3548,2182,92
256.416,1,16564224,windows,0,1.16406e+07,1.16397e+07,1692,0,0,0,0,0,0,1177,484,31
256.662,0,15393792,repair,105,1.30279e+08,1.30276e+08,5300,4,16,17,40,28,0,3246,1963,91
256.682,1,16580608,windows,0,1.00553e+07,1.00489e+07,1576,0,0,0,0,0,0,1100,446,30
256.922,0,15413248,repair,57,1.33629e+08,1.33573e+08,5343,3,8,14,20,12,0,3273,1998,72
256.94,1,16596992,windows,0,8.54976e+06,8.54474e+06,1450,0,0,0,0,0,0,1003,418,29
257.176,0,15431680,repair,40,1.10316e+08,1.10301e+08,4907,1,3,11,20,5,0,3053,1782,72
257.204,1,16612352,windows,0,6.97413e+06,6.96874e+06,1309,0,0,0,0,0,0,894,384,31
257.435,0,15451136,repair,20,1.05483e+08,1.05483e+08,4887,0,2,3,12,3,0,3141,1673,73
257.464,1,16628736,windows,0,5.80538e+06,5.80538e+06,1198,0,0,0,0,0,0,821,347,30
257.693,0,15469568,repair,10,9.65314e+07,9.64994e+07,4676,0,3,1,6,0,0,3006,1600,70
257.723,1,16644096,windows,0,5.04014e+06,5.03943e+06,1116,0,0,0,0,0,0,773,319,24
257.953,0,15488000,repair,4,7.84494e+07,7.84474e+07,4271,1,1,0,2,0,0,2813,1392,66
257.983,1,16660480,windows,0,4.1966e+06,4.19263e+06,998,0,0,0,0,0,0,657,318,23
258.211,0,15506432,repair,2,6.64391e+07,6.64264e+07,3909,0,1,0,1,0,0,2551,1300,58
258.233,1,16672768,windows,0,3.42084e+06,3.42031e+06,913,0,0,0,0,0,0,625,270,18
258.468,0,15525888,repair,2,5.43593e+07,5.43369e+07,3582,0,0,0,1,1,0,2419,1119,44
258.492,1,16687104,windows,0,2.86222e+06,2.85744e+06,841,0,0,0,0,0,0,585,239,17
258.72,0,15543296,windows,0,4.77413e+07,4.77397e+07,3338,0,0,0,0,0,0,2206,1080,52
258.755,1,16700416,windows,0,2.50588e+06,2.5031e+06,792,0,0,0,0,0,0,556,218,18
258.98,0,15557632,windows,0,3.84652e+07,3.84436e+07,2972,0,0,0,0,0,0,1917,1000,55
259.005,1,16713728,windows,0,2.14834e+06,2.14572e+06,738,0,0,0,0,0,0,525,195,18
259.238,0,15574016,windows,0,3.14799e+07,3.14705e+07,2757,0,0,0,0,0,0,1870,834,53
259.256,1,16730112,windows,0,1.81472e+06,1.80796e+06,677,0,0,0,0,0,0,466,189,22
259.494,0,15588352,windows,0,2.71641e+07,2.71628e+07,2577,0,0,0,0,0,0,1784,748,45
259.516,1,16746496,windows,0,1.3628e+06,1.36233e+06,583,0,0,0,0,0,0,401,166,16
259.757,0,15604736,windows,0,2.31989e+07,2.31908e+07,2366,0,0,0,0,0,0,1628,704,34
259.77,1,16760832,windows,0,1.15574e+06,1.15574e+06,537,0,0,0,0,0,0,369,153,15
260.018,0,15621120,windows,0,1.81093e+07,1.81081e+07,2092,0,0,0,0,0,0,1425,629,38
260.036,1,16775168,windows,0,991750,991750,500,0,0,0,0,0,0,346,139,15
260.275,0,15637504,windows,0,1.50249e+07,1.50238e+07,1909,0,0,0,0,0,0,1301,571,37
260.29,1,16789504,windows,0,870790,868659,474,0,0,0,0,0,0,338,121,15
260.53,0,15653888,windows,0,1.27896e+07,1.27723e+07,1767,0,0,0,0,0,0,1223,514,30
260.546,1,16803840,windows,0,734345,734345,434,0,0,0,0,0,0,311,111,12
260.793,0,15669248,windows,0,1.09271e+07,1.09263e+07,1631,0,0,0,0,0,0,1131,475,25
260.797,1,16817152,windows,0,563545,563545,376,0,0,0,0,0,0,257,107,12
261.062,0,15682560,windows,0,9.26477e+06,9.25055e+06,1483,0,0,0,0,0,0,998,462,23
261.064,1,16831488,windows,0,481120,481120,352,0,0,0,0,0,0,248,92,12
261.326,1,16845824,windows,0,416740,415591,328,0,0,0,0,0,0,230,86,12
261.331,0,15695872,windows,0,7.87214e+06,7.87214e+06,1378,0,0,0,0,0,0,943,413,22
261.584,1,16860160,windows,0,355805,354731,303,0,0,0,0,0,0,215,78,10
261.589,0,15709184,windows,0,6.80004e+06,6.79553e+06,1293,0,0,0,0,0,0,903,368,22
261.851,1,16873472,windows,0,295945,293546,274,0,0,0,0,0,0,197,71,6
261.857,0,15722496,windows,0,5.90744e+06,5.90331e+06,1197,0,0,0,0,0,0,827,352,18
262.106,1,16886784,windows,0,218425,217611,234,0,0,0,0,0,0,163,65,6
262.109,0,15734784,windows,0,5.22796e+06,5.22084e+06,1130,0,0,0,0,0,0,783,328,19
262.363,0,15747072,windows,0,4.50743e+06,4.50743e+06,1048,0,0,0,0,0,0,730,303,15
262.374,1,16901120,windows,0,181375,179456,213,0,0,0,0,0,0,149,59,5
262.624,1,16914432,windows,0,151550,150871,195,0,0,0,0,0,0,136,54,5
262.634,0,15759360,windows,0,3.75607e+06,3.75244e+06,942,0,0,0,0,0,0,626,299,17
262.885,1,16928768,windows,0,135250,135250,185,0,0,0,0,0,0,130,50,5
262.891,0,15772672,windows,0,3.2057e+06,3.20223e+06,884,0,0,0,0,0,0,613,257,14
263.143,0,15784960,windows,0,2.8338e+06,2.83339e+06,843,0,0,0,0,0,0,607,222,14
263.148,1,16943104,windows,0,121390,121390,177,0,0,0,0,0,0,128,44,5
263.401,0,15798272,windows,0,2.44838e+06,2.44563e+06,780,0,0,0,0,0,0,551,215,14
263.406,1,16957440,windows,0,84825,84652.5,144,0,0,0,0,0,0,93,45,6
263.658,0,15811584,windows,0,2.13803e+06,2.13545e+06,731,0,0,0,0,0,0,516,200,15
263.668,1,16971776,windows,0,75965,75348.8,137,0,0,0,0,0,0,89,42,6
263.917,0,15823872,windows,0,1.72468e+06,1.72427e+06,646,0,0,0,0,0,0,436,196,14
263.929,1,16986112,windows,0,64300,64127.5,129,0,0,0,0,0,0,88,35,6
264.18,0,15836160,windows,0,1.46253e+06,1.46049e+06,596,0,0,0,0,0,0,408,177,11
264.183,1,17001472,windows,0,58645,58472.5,123,0,0,0,0,0,0,83,34,6
264.44,0,15850496,windows,0,1.25176e+06,1.25143e+06,556,0,0,0,0,0,0,387,158,11
264.444,1,17016832,windows,0,52175,51136.2,115,0,0,0,0,0,0,77,33,5
264.699,1,17032192,windows,0,34940,34641.2,91,0,0,0,0,0,0,60,29,2
264.707,0,15865856,windows,0,1.05973e+06,1.05973e+06,519,0,0,0,0,0,0,382,128,9
264.956,1,17049600,windows,0,32770,32687.5,89,0,0,0,0,0,0,58,28,3
264.958,0,15881216,windows,0,912940,912940,484,0,0,0,0,0,0,358,116,10
265.209,0,15895552,windows,0,706720,702896,419,0,0,0,0,0,0,290,119,10
265.222,1,17065984,windows,0,30380,29792.5,85,0,0,0,0,0,0,56,27,2
265.463,0,15909888,windows,0,585565,585332,385,0,0,0,0,0,0,277,100,8
265.479,1,17081344,windows,0,26665,26612.5,80,0,0,0,0,0,0,53,25,2
265.72,0,15923200,windows,0,509855,507798,359,0,0,0,0,0,0,259,93,7
265.74,1,17096704,windows,0,22210,22210,70,0,0,0,0,0,0,44,25,1
265.985,0,15938560,windows,0,442400,442168,334,0,0,0,0,0,0,236,90,8
265.991,1,17111040,windows,0,20370,20370,67,0,0,0,0,0,0,42,24,1
266.246,1,17126400,windows,0,18955,18306.2,66,0,0,0,0,0,0,43,22,1
266.247,0,15953920,windows,0,372670,371631,303,0,0,0,0,0,0,208,88,7
266.512,0,15968256,windows,0,296755,296755,274,0,0,0,0,0,0,199,70,5
266.513,1,17142784,windows,0,16850,16435,62,0,0,0,0,0,0,40,21,1
266.772,1,17160192,windows,0,16850,16435,62,0,0,0,0,0,0,40,21,1
266.773,0,15982592,windows,0,243385,241176,246,0,0,0,0,0,0,175,67,4
267.023,0,15995904,windows,0,214340,213085,231,0,0,0,0,0,0,164,63,4
267.034,1,17176576,windows,0,14510,14115,57,0,0,0,0,0,0,36,20,1
267.277,0,16009216,windows,0,182600,181851,213,0,0,0,0,0,0,150,59,4
267.294,1,17192960,windows,0,13730,13355,56,0,0,0,0,0,0,36,19,1
267.528,0,16023552,windows,0,156470,156470,198,0,0,0,0,0,0,138,55,5
267.549,1,17210368,windows,0,13030,12486.2,54,0,0,0,0,0,0,34,19,1
267.782,0,16036864,windows,0,109550,108991,165,0,0,0,0,0,0,112,48,5
267.808,1,17227776,windows,0,12695,12320,53,0,0,0,0,0,0,33,19,1
268.051,0,16051200,windows,0,90775,90261.2,151,0,0,0,0,0,0,103,43,5
268.062,1,17244160,windows,0,12055,11680,51,0,0,0,0,0,0,31,19,1
268.304,0,16064512,windows,0,79525,78246.2,141,0,0,0,0,0,0,97,40,4
268.317,1,17260544,windows,0,12055,11680,51,0,0,0,0,0,0,31,19,1
268.559,0,16080896,windows,0,71680,70925,134,0,0,0,0,0,0,92,38,4
268.578,1,17277952,windows,0,11170,10795,48,0,0,0,0,0,0,28,19,1
268.816,0,16097280,windows,0,67205,67205,129,0,0,0,0,0,0,87,38,4
268.835,1,17295360,windows,0,10015,9680,47,0,0,0,0,0,0,29,17,1
269.069,0,16112640,windows,0,49270,49270,108,0,0,0,0,0,0,70,35,3
269.088,1,17311744,windows,0,10015,9680,47,0,0,0,0,0,0,29,17,1
269.335,0,16129024,windows,0,46510,45835,105,0,0,0,0,0,0,68,34,3
269.346,1,17329152,windows,0,9455,9120,45,0,0,0,0,0,0,27,17,1
269.596,1,17345536,windows,0,9030,9007.5,46,0,0,0,0,0,0,30,15,1
269.605,0,16145408,windows,0,40595,40595,98,0,0,0,0,0,0,63,32,3
269.852,1,17362944,windows,0,8735,8712.5,45,0,0,0,0,0,0,29,15,1
269.871,0,16160768,windows,0,39355,39355,96,0,0,0,0,0,0,61,32,3
270.103,1,17379328,windows,0,8420,8125,43,0,0,0,0,0,0,28,15,0
270.136,0,16176128,windows,0,32770,32195,88,0,0,0,0,0,0,56,29,3
270.364,1,17394688,windows,0,8420,8125,43,0,0,0,0,0,0,28,15,0
270.389,0,16191488,windows,0,28895,28895,83,0,0,0,0,0,0,53,27,3
270.617,1,17409024,windows,0,8145,7850,42,0,0,0,0,0,0,27,15,0
270.652,0,16208896,windows,0,26290,26290,79,0,0,0,0,0,0,50,26,3
270.87,1,17424384,windows,0,7880,7585,41,0,0,0,0,0,0,26,15,0
270.903,0,16225280,windows,0,25270,25270,78,0,0,0,0,0,0,50,25,3
271.123,1,17441792,windows,0,7840,7565,42,0,0,0,0,0,0,28,14,0
271.159,0,16239616,windows,0,22015,21306.2,71,0,0,0,0,0,0,43,25,3
271.378,1,17460224,windows,0,7300,7025,40,0,0,0,0,0,0,26,14,0
271.41,0,16252928,windows,0,19670,19670,68,0,0,0,0,0,0,42,23,3
271.641,1,17478656,windows,0,6800,6406.25,38,0,0,0,0,0,0,24,14,0
271.669,0,16267264,windows,0,18770,18770,67,0,0,0,0,0,0,42,22,3
271.899,1,17496064,windows,0,6340,5956.25,36,0,0,0,0,0,0,22,14,0
271.921,0,16281600,windows,0,17950,17950,65,0,0,0,0,0,0,40,22,3
272.155,1,17512448,windows,0,6125,5746.25,35,0,0,0,0,0,0,21,14,0
272.172,0,16295936,windows,0,17950,17950,65,0,0,0,0,0,0,40,22,3
272.409,1,17528832,windows,0,6125,5746.25,35,0,0,0,0,0,0,21,14,0
272.431,0,16311296,windows,0,15095,14901.2,61,0,0,0,0,0,0,39,19,3
272.669,1,17546240,windows,0,6125,5746.25,35,0,0,0,0,0,0,21,14,0
272.693,0,16326656,windows,0,14335,14151.2,59,0,0,0,0,0,0,37,19,3
272.921,1,17562624,windows,0,6125,5746.25,35,0,0,0,0,0,0,21,14,0
272.948,0,16342016,windows,0,13230,13230,57,0,0,0,0,0,0,36,18,3
273.183,1,17579008,windows,0,6125,5746.25,35,0,0,0,0,0,0,21,14,0
273.2,0,16356352,windows,0,13230,13230,57,0,0,0,0,0,0,36,18,3
273.448,1,17596416,windows,0,5920,5546.25,34,0,0,0,0,0,0,20,14,0
273.465,0,16371712,windows,0,11170,11170,52,0,0,0,0,0,0,32,17,3
273.703,1,17612800,windows,0,5920,5546.25,34,0,0,0,0,0,0,20,14,0
273.716,0,16386048,windows,0,11170,11170,52,0,0,0,0,0,0,32,17,3
273.959,1,17629184,windows,0,5920,5546.25,34,0,0,0,0,0,0,20,14,0
273.978,0,16401408,windows,0,10855,10701.2,51,0,0,0,0,0,0,31,17,3
274.226,1,17646592,windows,0,5920,5546.25,34,0,0,0,0,0,0,20,14,0
274.242,0,16416768,windows,0,10855,10701.2,51,0,0,0,0,0,0,31,17,3
274.478,1,17662976,windows,0,5920,5546.25,34,0,0,0,0,0,0,20,14,0
274.51,0,16432128,windows,0,9970,9831.25,48,0,0,0,0,0,0,28,17,3
274.741,1,17678336,windows,0,5725,5450,33,0,0,0,0,0,0,19,14,0
274.765,0,16446464,windows,0,9430,9301.25,46,0,0,0,0,0,0,26,17,3
274.997,1,17693696,windows,0,5725,5450,33,0,0,0,0,0,0,19,14,0
275.026,0,16460800,windows,0,8930,8811.25,44,0,0,0,0,0,0,24,17,3
275.247,1,17709056,windows,0,5725,5450,33,0,0,0,0,0,0,19,14,0
275.293,0,16475136,windows,0,8930,8811.25,44,0,0,0,0,0,0,24,17,3
275.503,1,17725440,windows,0,5540,5265,32,0,0,0,0,0,0,18,14,0
275.55,0,16489472,windows,0,8695,8581.25,43,0,0,0,0,0,0,23,17,3
275.761,1,17742848,windows,0,5365,5090,31,0,0,0,0,0,0,17,14,0
275.815,0,16503808,windows,0,8695,8581.25,43,0,0,0,0,0,0,23,17,3
276.019,1,17760256,windows,0,5365,5090,31,0,0,0,0,0,0,17,14,0
276.074,0,16518144,windows,0,8695,8581.25,43,0,0,0,0,0,0,23,17,3
276.277,1,17778688,windows,0,4825,4570,30,0,0,0,0,0,0,17,13,0
276.34,0,16532480,windows,0,8035,7606.25,42,0,0,0,0,0,0,23,16,3
276.532,1,17797120,windows,0,4825,4570,30,0,0,0,0,0,0,17,13,0
276.607,0,16547840,windows,0,8035,7606.25,42,0,0,0,0,0,0,23,16,3
276.797,1,17814528,windows,0,4825,4570,30,0,0,0,0,0,0,17,13,0
276.868,0,16563200,windows,0,8035,7606.25,42,0,0,0,0,0,0,23,16,3
277.063,1,17829888,windows,0,4825,4570,30,0,0,0,0,0,0,17,13,0
277.121,0,16577536,windows,0,8035,7606.25,42,0,0,0,0,0,0,23,16,3
277.315,1,17839104,windows,0,4825,4570,30,0,0,0,0,0,0,17,13,0
277.389,0,16591872,windows,0,8035,7606.25,42,0,0,0,0,0,0,23,16,3
277.572,1,17855488,windows,0,4825,4570,30,0,0,0,0,0,0,17,13,0
277.652,0,16606208,windows,0,7595,7176.25,40,0,0,0,0,0,0,21,16,3
277.831,1,17871872,windows,0,4825,4570,30,0,0,0,0,0,0,17,13,0
277.909,0,16620544,windows,0,7595,7176.25,40,0,0,0,0,0,0,21,16,3
278.084,1,17890304,windows,0,4825,4570,30,0,0,0,0,0,0,17,13,0
278.162,0,16634880,windows,0,7595,7176.25,40,0,0,0,0,0,0,21,16,3
278.336,1,17907712,windows,0,4825,4570,30,0,0,0,0,0,0,17,13,0
278.412,0,16649216,windows,0,7595,7176.25,40,0,0,0,0,0,0,21,16,3
278.59,1,17926144,windows,0,4825,4570,30,0,0,0,0,0,0,17,13,0
278.677,0,16664576,windows,0,7190,7190,40,0,0,0,0,0,0,22,15,3
278.846,1,17941504,windows,0,4825,4570,30,0,0,0,0,0,0,17,13,0
278.943,0,16679936,windows,0,6395,6120,38,0,0,0,0,0,0,21,14,3
279.105,1,17955840,windows,0,4825,4570,30,0,0,0,0,0,0,17,13,0
279.206,0,16698368,windows,0,6145,5890,38,0,0,0,0,0,0,23,13,2
279.362,1,17970176,windows,0,4825,4570,30,0,0,0,0,0,0,17,13,0
279.467,0,16715776,windows,0,5645,5410,37,0,0,0,0,0,0,23,12,2
279.618,1,17984512,windows,0,4825,4570,30,0,0,0,0,0,0,17,13,0
279.733,0,16732160,windows,0,5645,5410,37,0,0,0,0,0,0,23,12,2
279.878,1,17999872,windows,0,4825,4570,30,0,0,0,0,0,0,17,13,0
279.986,0,16746496,windows,0,5185,4970,36,0,0,0,0,0,0,23,11,2
280.133,1,18015232,windows,0,4825,4570,30,0,0,0,0,0,0,17,13,0
280.245,0,16761856,windows,0,5185,4970,36,0,0,0,0,0,0,23,11,2
280.39,1,18025472,windows,0,4825,4570,30,0,0,0,0,0,0,17,13,0
280.503,0,16776192,windows,0,4745,4745,34,0,0,0,0,0,0,21,11,2
280.65,1,18040832,windows,0,4825,4570,30,0,0,0,0,0,0,17,13,0
280.771,0,16791552,windows,0,4325,4130,33,0,0,0,0,0,0,21,10,2
280.914,1,18057216,windows,0,4825,4570,30,0,0,0,0,0,0,17,13,0
281.034,0,16805888,windows,0,4120,3925,32,0,0,0,0,0,0,20,10,2
281.167,1,18072576,windows,0,4825,4570,30,0,0,0,0,0,0,17,13,0
281.29,0,16821248,windows,0,3925,3730,31,0,0,0,0,0,0,19,10,2
281.429,1,18088960,windows,0,4660,4405,29,0,0,0,0,0,0,16,13,0
281.545,0,16836608,windows,0,3740,3545,30,0,0,0,0,0,0,18,10,2
281.684,1,18105344,windows,0,4660,4405,29,0,0,0,0,0,0,16,13,0
281.811,0,16855040,windows,0,3740,3545,30,0,0,0,0,0,0,18,10,2
281.947,1,18122752,windows,0,4660,4405,29,0,0,0,0,0,0,16,13,0
282.067,0,16870400,windows,0,3740,3545,30,0,0,0,0,0,0,18,10,2
282.211,1,18140160,windows,0,4660,4405,29,0,0,0,0,0,0,16,13,0
282.332,0,16886784,windows,0,3740,3545,30,0,0,0,0,0,0,18,10,2
282.467,1,18157568,windows,0,4660,4405,29,0,0,0,0,0,0,16,13,0
282.589,0,16902144,windows,0,745,650,12,0,0,0,0,0,0,7,5,0
282.725,1,18174976,windows,0,4505,4250,28,0,0,0,0,0,0,15,13,0
282.842,0,16919552,windows,0,745,650,12,0,0,0,0,0,0,7,5,0
282.979,1,18192384,windows,0,4505,4250,28,0,0,0,0,0,0,15,13,0
283.102,0,16937984,windows,0,745,650,12,0,0,0,0,0,0,7,5,0
283.237,1,18208768,windows,0,4505,4250,28,0,0,0,0,0,0,15,13,0
283.355,0,16955392,windows,0,745,650,12,0,0,0,0,0,0,7,5,0
283.487,1,18225152,windows,0,4505,4250,28,0,0,0,0,0,0,15,13,0
283.607,0,16971776,windows,0,745,650,12,0,0,0,0,0,0,7,5,0
283.743,1,18241536,windows,0,4505,4250,28,0,0,0,0,0,0,15,13,0
283.869,0,16987136,windows,0,745,650,12,0,0,0,0,0,0,7,5,0
284.002,1,18257920,windows,0,4225,3970,26,0,0,0,0,0,0,13,13,0
284.124,0,17002496,windows,0,745,650,12,0,0,0,0,0,0,7,5,0
284.266,1,18275328,windows,0,4225,3970,26,0,0,0,0,0,0,13,13,0
284.386,0,17018880,windows,0,745,650,12,0,0,0,0,0,0,7,5,0
284.532,1,18293760,windows,0,4225,3970,26,0,0,0,0,0,0,13,13,0
284.648,0,17037312,windows,0,745,650,12,0,0,0,0,0,0,7,5,0
284.787,1,18310144,windows,0,4225,3970,26,0,0,0,0,0,0,13,13,0
284.91,0,17055744,windows,0,745,650,12,0,0,0,0,0,0,7,5,0
285.042,1,18326528,windows,0,4225,3970,26,0,0,0,0,0,0,13,13,0
285.165,0,17075200,windows,0,745,650,12,0,0,0,0,0,0,7,5,0
285.3,1,18342912,windows,0,745,650,12,0,0,0,0,0,0,7,5,0
285.426,0,17097728,windows,0,745,650,12,0,0,0,0,0,0,7,5,0
285.551,1,18360320,windows,0,745,650,12,0,0,0,0,0,0,7,5,0
285.676,0,17119232,windows,0,745,650,12,0,0,0,0,0,0,7,5,0
285.81,1,18377728,windows,0,745,650,12,0,0,0,0,0,0,7,5,0
285.933,0,17139712,windows,0,745,650,12,0,0,0,0,0,0,7,5,0
286.078,1,18396160,windows,0,725,650,13,0,0,0,0,0,0,9,4,0
286.198,0,17155072,windows,0,745,650,12,0,0,0,0,0,0,7,5,0
286.342,1,18413568,windows,0,725,650,13,0,0,0,0,0,0,9,4,0
286.463,0,17167360,windows,0,745,650,12,0,0,0,0,0,0,7,5,0
286.592,1,18429952,windows,0,725,650,13,0,0,0,0,0,0,9,4,0
286.725,0,17183744,windows,0,745,650,12,0,0,0,0,0,0,7,5,0
286.845,1,18446336,windows,0,725,650,13,0,0,0,0,0,0,9,4,0
286.977,0,17202176,windows,0,745,650,12,0,0,0,0,0,0,7,5,0
287.11,1,18463744,windows,0,725,650,13,0,0,0,0,0,0,9,4,0
287.233,0,17219584,windows,0,745,650,12,0,0,0,0,0,0,7,5,0
287.369,1,18481152,windows,0,725,650,13,0,0,0,0,0,0,9,4,0
287.495,0,17236992,windows,0,725,650,13,0,0,0,0,0,0,9,4,0
287.634,1,18495488,windows,0,725,650,13,0,0,0,0,0,0,9,4,0
287.758,0,17254400,windows,0,725,650,13,0,0,0,0,0,0,9,4,0
287.887,1,18511872,windows,0,725,650,13,0,0,0,0,0,0,9,4,0
288.011,0,17273856,windows,0,640,565,12,0,0,0,0,0,0,8,4,0
288.142,1,18528256,windows,0,565,490,11,0,0,0,0,0,0,7,4,0
288.273,0,17293312,windows,0,640,565,12,0,0,0,0,0,0,8,4,0
288.395,1,18544640,windows,0,565,490,11,0,0,0,0,0,0,7,4,0
288.532,0,17311744,windows,0,640,565,12,0,0,0,0,0,0,8,4,0
288.659,1,18563072,windows,0,565,490,11,0,0,0,0,0,0,7,4,0
288.787,0,17330176,windows,0,640,565,12,0,0,0,0,0,0,8,4,0
288.913,1,18581504,windows,0,565,490,11,0,0,0,0,0,0,7,4,0
289.05,0,17348608,windows,0,640,565,12,0,0,0,0,0,0,8,4,0
289.167,1,18597888,windows,0,565,490,11,0,0,0,0,0,0,7,4,0
289.316,0,17366016,windows,0,640,565,12,0,0,0,0,0,0,8,4,0
289.421,1,18615296,windows,0,565,490,11,0,0,0,0,0,0,7,4,0
289.575,0,17379328,windows,0,640,565,12,0,0,0,0,0,0,8,4,0
289.675,1,18632704,windows,0,565,490,11,0,0,0,0,0,0,7,4,0
289.833,0,17392640,windows,0,640,565,12,0,0,0,0,0,0,8,4,0
289.941,1,18651136,windows,0,565,490,11,0,0,0,0,0,0,7,4,0
290.096,0,17410048,windows,0,500,425,10,0,0,0,0,0,0,6,4,0
290.193,1,18665472,windows,0,565,490,11,0,0,0,0,0,0,7,4,0
290.349,0,17428480,windows,0,500,425,10,0,0,0,0,0,0,6,4,0
290.448,1,18683904,windows,0,565,490,11,0,0,0,0,0,0,7,4,0
290.613,0,17445888,windows,0,500,425,10,0,0,0,0,0,0,6,4,0
290.705,1,18702336,windows,0,565,490,11,0,0,0,0,0,0,7,4,0
290.891,0,17463296,windows,0,500,425,10,0,0,0,0,0,0,6,4,0
290.961,1,18720768,windows,0,565,490,11,0,0,0,0,0,0,7,4,0
291.143,0,17479680,windows,0,500,425,10,0,0,0,0,0,0,6,4,0
291.214,1,18737152,windows,0,565,490,11,0,0,0,0,0,0,7,4,0
291.394,0,17497088,windows,0,500,425,10,0,0,0,0,0,0,6,4,0
291.468,1,18753536,windows,0,565,490,11,0,0,0,0,0,0,7,4,0
291.645,0,17513472,windows,0,445,370,9,0,0,0,0,0,0,5,4,0
291.729,1,18769920,windows,0,565,490,11,0,0,0,0,0,0,7,4,0
291.909,0,17530880,windows,0,445,370,9,0,0,0,0,0,0,5,4,0
291.994,1,18786304,windows,0,565,490,11,0,0,0,0,0,0,7,4,0
292.174,0,17548288,windows,0,445,370,9,0,0,0,0,0,0,5,4,0
292.256,1,18800640,windows,0,565,490,11,0,0,0,0,0,0,7,4,0
292.442,0,17564672,windows,0,445,370,9,0,0,0,0,0,0,5,4,0
292.512,1,18816000,windows,0,565,490,11,0,0,0,0,0,0,7,4,0
292.695,0,17581056,windows,0,445,370,9,0,0,0,0,0,0,5,4,0
292.779,1,18832384,windows,0,565,490,11,0,0,0,0,0,0,7,4,0
292.95,0,17596416,windows,0,445,370,9,0,0,0,0,0,0,5,4,0
293.037,1,18847744,windows,0,445,370,9,0,0,0,0,0,0,5,4,0
293.21,0,17612800,windows,0,445,370,9,0,0,0,0,0,0,5,4,0
293.294,1,18865152,windows,0,445,370,9,0,0,0,0,0,0,5,4,0
293.472,0,17630208,windows,0,445,370,9,0,0,0,0,0,0,5,4,0
293.558,1,18882560,windows,0,445,370,9,0,0,0,0,0,0,5,4,0
293.73,0,17645568,repair,0,445,370,9,0,0,0,0,0,0,5,4,0
293.819,1,18899968,windows,0,445,370,9,0,0,0,0,0,0,5,4,0
293.991,0,17660928,repair,0,445,370,9,0,0,0,0,0,0,5,4,0
294.083,1,18917376,windows,0,445,370,9,0,0,0,0,0,0,5,4,0
294.251,0,17676288,repair,0,445,370,9,0,0,0,0,0,0,5,4,0
294.333,1,18932736,windows,0,445,370,9,0,0,0,0,0,0,5,4,0
294.517,0,17692672,repair,0,445,370,9,0,0,0,0,0,0,5,4,0
294.591,1,18949120,windows,0,445,370,9,0,0,0,0,0,0,5,4,0
294.767,0,17710080,repair,0,445,370,9,0,0,0,0,0,0,5,4,0
294.855,1,18964480,windows,0,445,370,9,0,0,0,0,0,0,5,4,0
295.019,0,17724416,windows,0,445,370,9,0,0,0,0,0,0,5,4,0
295.12,1,18979840,windows,0,445,370,9,0,0,0,0,0,0,5,4,0
295.278,0,17738752,windows,0,445,370,9,0,0,0,0,0,0,5,4,0
295.371,1,18995200,windows,0,445,370,9,0,0,0,0,0,0,5,4,0
295.528,0,17753088,windows,0,445,370,9,0,0,0,0,0,0,5,4,0
295.636,1,19011584,windows,0,445,370,9,0,0,0,0,0,0,5,4,0
295.786,0,17766400,windows,0,445,370,9,0,0,0,0,0,0,5,4,0
295.893,1,19027968,windows,0,445,370,9,0,0,0,0,0,0,5,4,0
296.049,0,17780736,windows,0,445,370,9,0,0,0,0,0,0,5,4,0
296.15,1,19044352,windows,0,445,370,9,0,0,0,0,0,0,5,4,0
296.312,0,17795072,windows,0,445,370,9,0,0,0,0,0,0,5,4,0
296.401,1,19061760,windows,0,445,370,9,0,0,0,0,0,0,5,4,0
296.571,0,17809408,windows,0,445,370,9,0,0,0,0,0,0,5,4,0
296.661,1,19079168,windows,0,445,370,9,0,0,0,0,0,0,5,4,0
296.829,0,17824768,windows,0,445,370,9,0,0,0,0,0,0,5,4,0
296.924,1,19096576,windows,0,445,370,9,0,0,0,0,0,0,5,4,0
297.083,0,17841152,windows,0,445,370,9,0,0,0,0,0,0,5,4,0
297.184,1,19115008,windows,0,445,370,9,0,0,0,0,0,0,5,4,0
297.333,0,17857536,windows,0,445,370,9,0,0,0,0,0,0,5,4,0
297.446,1,19133440,windows,0,445,370,9,0,0,0,0,0,0,5,4,0
297.597,0,17874944,windows,0,445,370,9,0,0,0,0,0,0,5,4,0
297.7,1,19150848,windows,0,445,370,9,0,0,0,0,0,0,5,4,0
297.856,0,17890304,windows,0,445,370,9,0,0,0,0,0,0,5,4,0
297.969,1,19169280,repair,0,445,370,9,0,0,0,0,0,0,5,4,0
298.112,0,17906688,windows,0,445,370,9,0,0,0,0,0,0,5,4,0
298.224,1,19186688,repair,0,445,370,9,0,0,0,0,0,0,5,4,0
298.371,0,17922048,windows,0,445,370,9,0,0,0,0,0,0,5,4,0
298.479,1,19204096,windows,0,445,370,9,0,0,0,0,0,0,5,4,0
298.635,0,17937408,windows,0,445,370,9,0,0,0,0,0,0,5,4,0
298.735,1,19219456,windows,0,445,370,9,0,0,0,0,0,0,5,4,0
298.901,0,17951744,windows,0,445,370,9,0,0,0,0,0,0,5,4,0
298.995,1,19234816,windows,0,445,370,9,0,0,0,0,0,0,5,4,0
299.166,0,17968128,windows,0,445,370,9,0,0,0,0,0,0,5,4,0
299.249,1,19249152,windows,0,445,370,9,0,0,0,0,0,0,5,4,0
299.419,0,17983488,windows,0,445,370,9,0,0,0,0,0,0,5,4,0
299.502,1,19264512,windows,0,445,370,9,0,0,0,0,0,0,5,4,0
299.678,0,17998848,windows,0,445,370,9,0,0,0,0,0,0,5,4,0
299.766,1,19279872,windows,0,445,370,9,0,0,0,0,0,0,5,4,0
299.93,0,18014208,windows,0,445,370,9,0,0,0,0,0,0,5,4,0
300.026,1,19295232,windows,0,445,370,9,0,0,0,0,0,0,5,4,0
300.187,0,18030592,windows,0,445,370,9,0,0,0,0,0,0,5,4,0
300.284,1,19310592,windows,0,445,370,9,0,0,0,0,0,0,5,4,0
300.455,0,18048000,windows,0,445,370,9,0,0,0,0,0,0,5,4,0
300.545,1,19325952,windows,0,445,370,9,0,0,0,0,0,0,5,4,0
300.707,0,18063360,windows,0,445,370,9,0,0,0,0,0,0,5,4,0
300.799,1,19341312,windows,0,445,370,9,0,0,0,0,0,0,5,4,0
300.962,0,18079744,windows,0,445,370,9,0,0,0,0,0,0,5,4,0
301.052,1,19356672,windows,0,445,370,9,0,0,0,0,0,0,5,4,0
301.221,0,18096128,windows,0,445,370,9,0,0,0,0,0,0,5,4,0
301.309,1,19373056,windows,0,445,370,9,0,0,0,0,0,0,5,4,0
301.489,0,18110464,repair,0,445,370,9,0,0,0,0,0,0,5,4,0
301.562,1,19388416,windows,0,445,370,9,0,0,0,0,0,0,5,4,0
301.753,0,18125824,repair,0,445,370,9,0,0,0,0,0,0,5,4,0
301.821,1,19404800,windows,0,445,370,9,0,0,0,0,0,0,5,4,0
302.01,0,18140160,windows,0,445,370,9,0,0,0,0,0,0,5,4,0
302.072,1,19420160,windows,0,445,370,9,0,0,0,0,0,0,5,4,0
302.263,0,18153472,windows,0,445,370,9,0,0,0,0,0,0,5,4,0
302.322,1,19436544,windows,0,445,370,9,0,0,0,0,0,0,5,4,0
302.529,0,18167808,windows,0,445,370,9,0,0,0,0,0,0,5,4,0
302.58,1,19454976,windows,0,445,370,9,0,0,0,0,0,0,5,4,0
302.79,0,18182144,windows,0,445,370,9,0,0,0,0,0,0,5,4,0
302.831,1,19472384,windows,0,445,370,9,0,0,0,0,0,0,5,4,0
303.041,0,18196480,windows,0,445,370,9,0,0,0,0,0,0,5,4,0
303.084,1,19490816,windows,0,445,370,9,0,0,0,0,0,0,5,4,0
303.305,0,18211840,windows,0,445,370,9,0,0,0,0,0,0,5,4,0
303.34,1,19508224,windows,0,445,370,9,0,0,0,0,0,0,5,4,0
303.555,0,18225152,windows,0,445,370,9,0,0,0,0,0,0,5,4,0
303.593,1,19525632,windows,0,445,370,9,0,0,0,0,0,0,5,4,0
303.81,0,18238464,windows,0,445,370,9,0,0,0,0,0,0,5,4,0
303.854,1,19543040,repair,0,445,370,9,0,0,0,0,0,0,5,4,0
304.07,0,18251776,windows,0,445,370,9,0,0,0,0,0,0,5,4,0
304.107,1,19558400,repair,0,445,370,9,0,0,0,0,0,0,5,4,0
304.32,0,18265088,windows,0,445,370,9,0,0,0,0,0,0,5,4,0
304.367,1,19573760,windows,0,445,370,9,0,0,0,0,0,0,5,4,0
304.573,0,18278400,windows,0,445,370,9,0,0,0,0,0,0,5,4,0
304.63,1,19590144,windows,0,445,370,9,0,0,0,0,0,0,5,4,0
304.841,0,18292736,windows,0,445,370,9,0,0,0,0,0,0,5,4,0
304.882,1,19605504,windows,0,445,370,9,0,0,0,0,0,0,5,4,0
305.104,0,18307072,windows,0,445,370,9,0,0,0,0,0,0,5,4,0
305.147,1,19620864,windows,0,445,370,9,0,0,0,0,0,0,5,4,0
305.357,0,18321408,windows,0,445,370,9,0,0,0,0,0,0,5,4,0
305.41,1,19636224,windows,0,445,370,9,0,0,0,0,0,0,5,4,0
305.61,0,18335744,windows,0,445,370,9,0,0,0,0,0,0,5,4,0
305.664,1,19651584,windows,0,445,370,9,0,0,0,0,0,0,5,4,0
305.864,0,18350080,windows,0,445,370,9,0,0,0,0,0,0,5,4,0
305.929,1,19664896,windows,0,445,370,9,0,0,0,0,0,0,5,4,0
306.115,0,18365440,windows,0,445,370,9,0,0,0,0,0,0,5,4,0
306.183,1,19679232,windows,0,445,370,9,0,0,0,0,0,0,5,4,0
306.365,0,18378752,windows,0,445,370,9,0,0,0,0,0,0,5,4,0
306.446,1,19694592,windows,0,445,370,9,0,0,0,0,0,0,5,4,0
306.628,0,18394112,windows,0,445,370,9,0,0,0,0,0,0,5,4,0
306.708,1,19710976,windows,0,445,370,9,0,0,0,0,0,0,5,4,0
306.879,0,18408448,windows,0,445,370,9,0,0,0,0,0,0,5,4,0
306.971,1,19727360,windows,0,445,370,9,0,0,0,0,0,0,5,4,0
307.14,0,18423808,windows,0,445,370,9,0,0,0,0,0,0,5,4,0
307.226,1,19744768,windows,0,445,370,9,0,0,0,0,0,0,5,4,0
307.391,0,18438144,windows,0,445,370,9,0,0,0,0,0,0,5,4,0
307.482,1,19762176,windows,0,445,370,9,0,0,0,0,0,0,5,4,0
307.648,0,18452480,windows,0,445,370,9,0,0,0,0,0,0,5,4,0
307.742,1,19778560,windows,0,445,370,9,0,0,0,0,0,0,5,4,0
307.913,0,18470912,windows,0,445,370,9,0,0,0,0,0,0,5,4,0
308.005,1,19794944,repair,0,445,370,9,0,0,0,0,0,0,5,4,0
308.171,0,18488320,windows,0,445,370,9,0,0,0,0,0,0,5,4,0
308.265,1,19810304,repair,0,445,370,9,0,0,0,0,0,0,5,4,0
308.425,0,18505728,windows,0,445,370,9,0,0,0,0,0,0,5,4,0
308.516,1,19825664,repair,0,445,370,9,0,0,0,0,0,0,5,4,0
308.682,0,18522112,repair,0,445,370,9,0,0,0,0,0,0,5,4,0
308.778,1,19841024,windows,0,445,370,9,0,0,0,0,0,0,5,4,0
308.941,0,18537472,repair,0,445,370,9,0,0,0,0,0,0,5,4,0
309.032,1,19855360,windows,0,445,370,9,0,0,0,0,0,0,5,4,0
309.198,0,18551808,repair,0,445,370,9,0,0,0,0,0,0,5,4,0
309.285,1,19868672,windows,0,445,370,9,0,0,0,0,0,0,5,4,0
309.453,0,18566144,windows,0,445,370,9,0,0,0,0,0,0,5,4,0
309.552,1,19884032,windows,0,445,370,9,0,0,0,0,0,0,5,4,0
309.712,0,18580480,windows,0,445,370,9,0,0,0,0,0,0,5,4,0
309.803,1,19897344,windows,0,445,370,9,0,0,0,0,0,0,5,4,0
309.98,0,18594816,windows,0,445,370,9,0,0,0,0,0,0,5,4,0
310.071,1,19912704,windows,0,445,370,9,0,0,0,0,0,0,5,4,0
310.244,0,18609152,windows,0,445,370,9,0,0,0,0,0,0,5,4,0
310.326,1,19927040,windows,0,445,370,9,0,0,0,0,0,0,5,4,0
310.513,0,18623488,windows,0,445,370,9,0,0,0,0,0,0,5,4,0
310.598,1,19940352,windows,0,445,370,9,0,0,0,0,0,0,5,4,0
310.767,0,18636800,windows,0,445,370,9,0,0,0,0,0,0,5,4,0
310.849,1,19954688,windows,0,445,370,9,0,0,0,0,0,0,5,4,0
311.033,0,18651136,windows,0,445,370,9,0,0,0,0,0,0,5,4,0
311.102,1,19968000,windows,0,445,370,9,0,0,0,0,0,0,5,4,0
311.29,0,18664448,windows,0,445,370,9,0,0,0,0,0,0,5,4,0
311.364,1,19982336,windows,0,445,370,9,0,0,0,0,0,0,5,4,0
311.553,0,18677760,windows,0,445,370,9,0,0,0,0,0,0,5,4,0
311.621,1,19995648,windows,0,445,370,9,0,0,0,0,0,0,5,4,0
311.816,0,18693120,windows,0,445,370,9,0,0,0,0,0,0,5,4,0
311.871,1,20009984,windows,0,445,370,9,0,0,0,0,0,0,5,4,0
312.066,0,18708480,windows,0,445,370,9,0,0,0,0,0,0,5,4,0
312.124,1,20024320,windows,0,445,370,9,0,0,0,0,0,0,5,4,0
312.319,0,18723840,windows,0,445,370,9,0,0,0,0,0,0,5,4,0
312.377,1,20038656,windows,0,445,370,9,0,0,0,0,0,0,5,4,0
312.585,0,18739200,windows,0,445,370,9,0,0,0,0,0,0,5,4,0
312.637,1,20052992,windows,0,445,370,9,0,0,0,0,0,0,5,4,0
312.846,0,18753536,windows,0,445,370,9,0,0,0,0,0,0,5,4,0
312.895,1,20067328,windows,0,445,370,9,0,0,0,0,0,0,5,4,0
313.104,0,18766848,windows,0,445,370,9,0,0,0,0,0,0,5,4,0
313.15,1,20078592,repair,793,2.75898e+08,2.75892e+08,7132,53,156,140,299,145,0,3910,3033,189
313.367,0,18781184,windows,0,445,370,9,0,0,0,0,0,0,5,4,0
313.403,1,20096000,repair,655,2.66335e+08,2.66255e+08,7113,42,132,130,226,125,0,3967,2979,167
313.627,0,18795520,windows,0,445,370,9,0,0,0,0,0,0,5,4,0
313.665,1,20114432,repair,532,2.62948e+08,2.62869e+08,7153,35,106,95,194,102,0,4029,2954,170
313.892,0,18808832,windows,0,445,370,9,0,0,0,0,0,0,5,4,0
313.917,1,20131840,repair,451,2.40923e+08,2.40923e+08,6939,29,92,83,159,88,0,4005,2789,145
314.157,0,18822144,windows,0,445,370,9,0,0,0,0,0,0,5,4,0
314.169,1,20148224,repair,369,2.172e+08,2.17127e+08,6554,18,91,63,121,76,0,3743,2679,132
314.411,0,18832384,repair,778,2.43311e+08,2.43305e+08,6756,51,156,139,264,168,0,3741,2817,198
314.429,1,20165632,repair,318,1.92016e+08,1.92016e+08,6271,7,60,42,138,71,0,3719,2447,105
314.674,0,18848768,repair,617,2.83575e+08,2.83493e+08,7349,38,131,99,228,121,0,4099,3081,169
314.693,1,20183040,repair,247,1.91578e+08,1.9156e+08,6188,12,44,41,99,51,0,3583,2506,99
314.927,0,18866176,repair,534,2.40404e+08,2.40344e+08,6959,31,113,77,215,98,0,4055,2742,162
314.949,1,20199424,repair,186,1.87375e+08,1.87305e+08,6262,8,34,40,69,35,0,3738,2412,112
315.178,0,18881536,repair,456,2.26873e+08,2.26799e+08,6680,24,92,99,158,83,0,3798,2735,147
315.203,1,20215808,repair,149,1.74259e+08,1.74259e+08,6016,4,24,30,59,32,0,3566,2343,107
315.435,0,18897920,repair,362,2.30601e+08,2.30601e+08,6747,19,68,56,146,73,0,3841,2766,140
315.457,1,20232192,repair,117,1.51187e+08,1.51123e+08,5607,6,12,23,52,24,0,3326,2182,99
315.695,0,18914304,repair,311,1.90114e+08,1.90092e+08,6261,12,61,68,111,59,0,3697,2441,123
315.71,1,20248576,repair,83,1.46943e+08,1.46926e+08,5615,3,15,11,37,17,0,3413,2100,102
315.956,0,18930688,repair,256,1.85389e+08,1.85336e+08,6067,9,48,38,101,60,0,3467,2482,118
315.968,1,20264960,repair,53,1.29474e+08,1.29435e+08,5309,5,10,7,20,11,0,3249,1953,107
316.219,0,18946048,repair,210,1.73933e+08,1.7393e+08,5949,9,33,33,86,49,0,3476,2367,106
316.233,1,20282368,repair,30,1.20642e+08,1.2064e+08,5135,1,5,4,10,10,0,3171,1872,92
316.472,0,18962432,repair,156,1.65445e+08,1.6538e+08,5906,7,29,19,63,38,0,3557,2250,99
316.493,1,20299776,repair,21,9.85436e+07,9.84928e+07,4685,0,2,4,9,6,0,2924,1666,95
316.728,0,18978816,repair,122,1.55189e+08,1.55171e+08,5764,9,26,15,52,20,0,3500,2159,105
316.748,1,20316160,repair,10,9.36063e+07,9.35737e+07,4553,0,0,2,5,3,0,2837,1630,86
316.985,0,18995200,repair,84,1.54528e+08,1.5451e+08,5765,2,12,11,41,18,0,3543,2137,85
317.014,1,20333568,repair,4,8.96538e+07,8.96396e+07,4487,1,1,1,0,1,0,2841,1567,79
317.239,0,19010560,repair,62,1.41042e+08,1.40984e+08,5414,4,11,8,28,11,0,3223,2107,84
317.271,1,20349952,repair,3,7.85608e+07,7.85586e+07,4269,0,0,1,1,1,0,2792,1404,73
317.499,0,19026944,repair,40,1.21765e+08,1.21765e+08,5144,3,9,5,15,8,0,3200,1876,68
317.521,1,20366336,repair,1,6.01192e+07,6.01192e+07,3730,0,0,0,0,1,0,2448,1226,56
317.754,0,19043328,repair,27,1.05159e+08,1.0511e+08,4851,2,6,3,11,5,0,3090,1692,69
317.779,1,20382720,repair,1,5.17228e+07,5.16888e+07,3473,0,0,0,0,1,0,2286,1129,58
318.014,0,19060736,repair,17,9.00816e+07,9.00652e+07,4510,1,6,2,6,2,0,2897,1549,64
318.041,1,20398080,windows,0,4.34076e+07,4.33956e+07,3175,0,0,0,0,0,0,2083,1040,52
318.269,0,19078144,repair,6,8.34006e+07,8.33711e+07,4351,0,3,2,1,0,0,2819,1476,56
318.297,1,20413440,windows,0,3.50314e+07,3.50205e+07,2873,0,0,0,0,0,0,1927,906,40
318.533,0,19097600,repair,2,6.68883e+07,6.68883e+07,3941,0,1,0,1,0,0,2605,1282,54
318.549,1,20428800,windows,0,2.91432e+07,2.91267e+07,2629,0,0,0,0,0,0,1761,824,44
318.792,0,19117056,repair,1,5.43204e+07,5.42855e+07,3552,0,0,0,1,0,0,2346,1156,50
318.805,1,20443136,windows,0,2.49718e+07,2.49718e+07,2461,0,0,0,0,0,0,1698,725,38
319.052,0,19135488,windows,0,4.42611e+07,4.42611e+07,3241,0,0,0,0,0,0,2183,1009,49
319.06,1,20458496,windows,0,2.14251e+07,2.14251e+07,2265,0,0,0,0,0,0,1523,699,43
319.309,0,19152896,windows,0,3.5168e+07,3.51571e+07,2880,0,0,0,0,0,0,1924,911,45
319.32,1,20474880,windows,0,1.68792e+07,1.68713e+07,2020,0,0,0,0,0,0,1380,605,35
319.566,0,19169280,windows,0,2.86753e+07,2.86742e+07,2610,0,0,0,0,0,0,1767,807,36
319.575,1,20491264,windows,0,1.43051e+07,1.4287e+07,1864,0,0,0,0,0,0,1297,542,25
319.819,0,19185664,windows,0,2.33784e+07,2.33645e+07,2375,0,0,0,0,0,0,1650,698,27
319.839,1,20507648,windows,0,1.21738e+07,1.21673e+07,1708,0,0,0,0,0,0,1169,516,23
320.084,0,19203072,windows,0,1.94061e+07,1.93987e+07,2149,0,0,0,0,0,0,1474,653,22
320.099,1,20524032,windows,0,1.03311e+07,1.03165e+07,1593,0,0,0,0,0,0,1121,449,23
320.34,0,19219456,windows,0,1.60867e+07,1.60739e+07,1950,0,0,0,0,0,0,1323,605,22
320.351,1,20538368,windows,0,8.5568e+06,8.5568e+06,1431,0,0,0,0,0,0,985,430,16
320.592,0,19233792,windows,0,1.34768e+07,1.347e+07,1788,0,0,0,0,0,0,1212,553,23
320.602,1,20552704,windows,0,7.17107e+06,7.17063e+06,1313,0,0,0,0,0,0,908,390,15
320.853,0,19250176,windows,0,1.11955e+07,1.1185e+07,1650,0,0,0,0,0,0,1141,483,26
320.855,1,20569088,windows,0,5.9966e+06,5.99619e+06,1222,0,0,0,0,0,0,888,320,14
321.116,0,19265536,windows,0,9.69558e+06,9.69005e+06,1556,0,0,0,0,0,0,1107,421,28
321.12,1,20585472,windows,0,5.05994e+06,5.05994e+06,1123,0,0,0,0,0,0,820,291,12
321.379,0,19280896,windows,0,8.42005e+06,8.40602e+06,1435,0,0,0,0,0,0,994,416,25
321.383,1,20600832,windows,0,4.144e+06,4.13817e+06,1009,0,0,0,0,0,0,722,277,10
321.634,0,19294208,windows,0,6.93252e+06,6.92021e+06,1280,0,0,0,0,0,0,863,400,17
321.648,1,20616192,windows,0,3.38359e+06,3.37996e+06,912,0,0,0,0,0,0,638,259,15
321.898,1,20631552,windows,0,2.8274e+06,2.82288e+06,840,0,0,0,0,0,0,600,226,14
321.9,0,19308544,windows,0,5.83039e+06,5.8257e+06,1192,0,0,0,0,0,0,826,347,19
322.155,1,20646912,windows,0,2.47428e+06,2.47024e+06,790,0,0,0,0,0,0,575,202,13
322.163,0,19321856,windows,0,5.13007e+06,5.126e+06,1128,0,0,0,0,0,0,814,301,13
322.418,1,20663296,windows,0,2.13246e+06,2.13246e+06,730,0,0,0,0,0,0,523,195,12
322.424,0,19336192,windows,0,4.4513e+06,4.44708e+06,1054,0,0,0,0,0,0,763,277,14
322.676,1,20678656,windows,0,1.68406e+06,1.68406e+06,650,0,0,0,0,0,0,477,165,8
322.688,0,19349504,windows,0,3.89426e+06,3.89079e+06,975,0,0,0,0,0,0,693,273,9
322.932,1,20694016,windows,0,1.34256e+06,1.34256e+06,583,0,0,0,0,0,0,426,147,10
322.948,0,19362816,windows,0,3.11637e+06,3.1114e+06,872,0,0,0,0,0,0,612,249,11
323.195,1,20710400,windows,0,1.12802e+06,1.12489e+06,535,0,0,0,0,0,0,384,139,12
323.214,0,19376128,windows,0,2.68966e+06,2.68482e+06,806,0,0,0,0,0,0,550,242,14
323.46,1,20726784,windows,0,910425,910425,478,0,0,0,0,0,0,339,129,10
323.479,0,19390464,windows,0,2.2942e+06,2.28976e+06,754,0,0,0,0,0,0,537,206,11
323.718,1,20742144,windows,0,698515,696809,416,0,0,0,0,0,0,289,118,9
323.734,0,19403776,windows,0,2.02302e+06,2.02018e+06,710,0,0,0,0,0,0,511,189,10
323.986,1,20758528,windows,0,544345,542058,368,0,0,0,0,0,0,257,103,8
323.987,0,19418112,windows,0,1.72837e+06,1.72608e+06,651,0,0,0,0,0,0,458,184,9
324.244,0,19431424,windows,0,1.36494e+06,1.35968e+06,580,0,0,0,0,0,0,411,161,8
324.25,1,20774912,windows,0,458325,458152,339,0,0,0,0,0,0,243,90,6
324.51,0,19445760,windows,0,1.16602e+06,1.16408e+06,543,0,0,0,0,0,0,388,143,12
324.516,1,20791296,windows,0,381830,378824,308,0,0,0,0,0,0,214,87,7
324.766,0,19459072,windows,0,1.0119e+06,1.0119e+06,504,0,0,0,0,0,0,359,135,10
324.783,1,20806656,windows,0,315325,315152,279,0,0,0,0,0,0,193,80,6
325.024,0,19473408,windows,0,849000,849000,461,0,0,0,0,0,0,330,123,8
325.046,1,20822016,windows,0,225170,225088,235,0,0,0,0,0,0,166,66,3
325.275,0,19486720,windows,0,735110,734848,430,0,0,0,0,0,0,306,115,9
325.312,1,20838400,windows,0,181895,181895,215,0,0,0,0,0,0,161,51,3
325.54,0,19501056,windows,0,571315,571315,374,0,0,0,0,0,0,263,106,5
325.574,1,20854784,windows,0,158525,157791,201,0,0,0,0,0,0,147,50,4
325.792,0,19514368,windows,0,485060,483679,348,0,0,0,0,0,0,254,90,4
325.838,1,20871168,windows,0,129405,129405,179,0,0,0,0,0,0,129,48,2
326.065,0,19529728,windows,0,413045,412932,321,0,0,0,0,0,0,233,84,4
326.104,1,20887552,windows,0,92920,92045,150,0,0,0,0,0,0,104,44,2
326.33,0,19545088,windows,0,345235,342594,294,0,0,0,0,0,0,217,74,3
326.37,1,20903936,windows,0,73345,72530,132,0,0,0,0,0,0,89,41,2
326.602,0,19561472,windows,0,270230,267826,254,0,0,0,0,0,0,174,77,3
326.631,1,20918272,windows,0,64225,63781.2,126,0,0,0,0,0,0,89,35,2
326.856,0,19576832,windows,0,203675,202520,226,0,0,0,0,0,0,165,58,3
326.881,1,20932608,windows,0,56725,56725,119,0,0,0,0,0,0,85,32,2
327.107,0,19593216,windows,0,174770,172896,208,0,0,0,0,0,0,148,57,3
327.149,1,20947968,windows,0,46700,46165,109,0,0,0,0,0,0,80,27,2
327.358,0,19609600,windows,0,154020,153908,196,0,0,0,0,0,0,138,54,4
327.413,1,20962304,windows,0,35330,35330,94,0,0,0,0,0,0,64,27,3
327.621,0,19625984,windows,0,144115,143038,190,0,0,0,0,0,0,137,50,3
327.672,1,20976640,windows,0,32850,32315,90,0,0,0,0,0,0,60,27,3
327.879,0,19641344,windows,0,105310,104312,161,0,0,0,0,0,0,112,46,3
327.933,1,20990976,windows,0,30035,30035,86,0,0,0,0,0,0,57,26,3
328.145,0,19658752,windows,0,80545,79243.8,142,0,0,0,0,0,0,103,37,2
328.197,1,21006336,windows,0,26815,26320,81,0,0,0,0,0,0,53,25,3
328.411,0,19676160,windows,0,69830,69807.5,132,0,0,0,0,0,0,98,33,1
328.458,1,21021696,windows,0,23345,22930,78,0,0,0,0,0,0,53,21,4
328.662,0,19692544,windows,0,60095,59033.8,123,0,0,0,0,0,0,93,29,1
328.72,1,21038080,windows,0,18755,18428.8,70,0,0,0,0,0,0,49,18,3
328.913,0,19708928,windows,0,44675,44652.5,104,0,0,0,0,0,0,73,30,1
328.981,1,21053440,windows,0,16310,15852.5,64,0,0,0,0,0,0,42,19,3
329.166,0,19725312,windows,0,35995,35638.8,94,0,0,0,0,0,0,67,26,1
329.235,1,21068800,windows,0,15145,14757.5,62,0,0,0,0,0,0,43,17,2
329.428,0,19742720,windows,0,30770,30461.2,87,0,0,0,0,0,0,62,24,1
329.5,1,21084160,windows,0,14455,13833.8,61,0,0,0,0,0,0,41,17,3
329.683,0,19759104,windows,0,24835,24835,78,0,0,0,0,0,0,55,22,1
329.759,1,21099520,windows,0,12225,12172.5,56,0,0,0,0,0,0,39,15,2
329.933,0,19776512,windows,0,22370,22370,74,0,0,0,0,0,0,52,21,1
330.021,1,21114880,windows,0,11020,10967.5,52,0,0,0,0,0,0,34,16,2
330.195,0,19792896,windows,0,17060,17060,64,0,0,0,0,0,0,46,18,0
330.288,1,21130240,windows,0,10685,10632.5,51,0,0,0,0,0,0,33,16,2
330.454,0,19809280,windows,0,15655,15655,61,0,0,0,0,0,0,41,19,1
330.545,1,21144576,windows,0,10685,10632.5,51,0,0,0,0,0,0,33,16,2
330.718,0,19824640,windows,0,14885,14326.2,59,0,0,0,0,0,0,41,18,0
330.813,1,21158912,windows,0,10360,10307.5,50,0,0,0,0,0,0,32,16,2
330.98,0,19840000,windows,0,13120,12805,56,0,0,0,0,0,0,40,16,0
331.07,1,21171200,windows,0,9740,9372.5,48,0,0,0,0,0,0,30,16,2
331.239,0,19856384,windows,0,10625,10330,50,0,0,0,0,0,0,35,15,0
331.321,1,21184512,windows,0,9070,9070,47,0,0,0,0,0,0,32,14,1
331.502,0,19872768,windows,0,9160,8736.25,47,0,0,0,0,0,0,34,13,0
331.575,1,21197824,windows,0,8755,8755,46,0,0,0,0,0,0,31,14,1
331.766,0,19889152,windows,0,7880,7476.25,43,0,0,0,0,0,0,30,13,0
331.826,1,21211136,windows,0,8755,8755,46,0,0,0,0,0,0,31,14,1
332.019,0,19905536,windows,0,7300,6906.25,41,0,0,0,0,0,0,28,13,0
332.081,1,21226496,windows,0,8755,8755,46,0,0,0,0,0,0,31,14,1
332.28,0,19921920,windows,0,6760,6376.25,39,0,0,0,0,0,0,26,13,0
332.344,1,21240832,windows,0,8155,8155,44,0,0,0,0,0,0,29,14,1
332.535,0,19939328,windows,0,6760,6376.25,39,0,0,0,0,0,0,26,13,0
332.602,1,21256192,windows,0,8155,8155,44,0,0,0,0,0,0,29,14,1
332.79,0,19955712,windows,0,6760,6376.25,39,0,0,0,0,0,0,26,13,0
332.861,1,21270528,windows,0,7330,7330,42,0,0,0,0,0,0,28,13,1
333.054,0,19973120,windows,0,6505,6126.25,38,0,0,0,0,0,0,25,13,0
333.118,1,21285888,windows,0,7055,7055,41,0,0,0,0,0,0,27,13,1
333.314,0,19989504,windows,0,6505,6126.25,38,0,0,0,0,0,0,25,13,0
333.387,1,21301248,windows,0,7055,7055,41,0,0,0,0,0,0,27,13,1
333.569,0,20005888,windows,0,6505,6126.25,38,0,0,0,0,0,0,25,13,0
333.651,1,21317632,windows,0,6535,6535,39,0,0,0,0,0,0,25,13,1
333.832,0,20022272,windows,0,6505,6126.25,38,0,0,0,0,0,0,25,13,0
333.902,1,21332992,windows,0,6535,6535,39,0,0,0,0,0,0,25,13,1
334.093,0,20039680,windows,0,6505,6126.25,38,0,0,0,0,0,0,25,13,0
334.155,1,21349376,windows,0,6035,6035,38,0,0,0,0,0,0,25,12,1
334.346,0,20057088,windows,0,5760,5525,36,0,0,0,0,0,0,24,12,0
334.415,1,21365760,windows,0,5790,5790,37,0,0,0,0,0,0,24,12,1
334.601,0,20073472,windows,0,5380,5185,36,0,0,0,0,0,0,26,10,0
334.674,1,21382144,windows,0,5095,4981.25,35,0,0,0,0,0,0,23,11,1
334.854,0,20090880,windows,0,4880,4685,34,0,0,0,0,0,0,24,10,0
334.932,1,21397504,windows,0,4870,4761.25,34,0,0,0,0,0,0,22,11,1
335.104,0,20107264,windows,0,4880,4685,34,0,0,0,0,0,0,24,10,0
335.185,1,21411840,windows,0,4655,4551.25,33,0,0,0,0,0,0,21,11,1
335.357,0,20124672,windows,0,4645,4336.25,33,0,0,0,0,0,0,23,10,0
335.443,1,21427200,windows,0,4655,4551.25,33,0,0,0,0,0,0,21,11,1
335.62,0,20142080,windows,0,4265,3976.25,32,0,0,0,0,0,0,23,9,0
335.694,1,21442560,windows,0,4655,4551.25,33,0,0,0,0,0,0,21,11,1
335.883,0,20160512,windows,0,4265,3976.25,32,0,0,0,0,0,0,23,9,0
335.947,1,21456896,windows,0,4450,4450,32,0,0,0,0,0,0,20,11,1
336.141,0,20178944,windows,0,3825,3546.25,30,0,0,0,0,0,0,21,9,0
336.214,1,21474304,windows,0,4450,4450,32,0,0,0,0,0,0,20,11,1
336.394,0,20197376,windows,0,3825,3546.25,30,0,0,0,0,0,0,21,9,0
336.472,1,21490688,windows,0,4070,4070,30,0,0,0,0,0,0,18,11,1
336.651,0,20213760,windows,0,3620,3346.25,29,0,0,0,0,0,0,20,9,0
336.725,1,21505024,windows,0,3895,3895,29,0,0,0,0,0,0,17,11,1
336.917,0,20231168,windows,0,3620,3346.25,29,0,0,0,0,0,0,20,9,0
336.983,1,21520384,windows,0,3895,3895,29,0,0,0,0,0,0,17,11,1
337.17,0,20246528,windows,0,3620,3346.25,29,0,0,0,0,0,0,20,9,0
337.24,1,21535744,windows,0,3865,3865,28,0,0,0,0,0,0,17,11,0
337.435,0,20261888,windows,0,3280,3181.25,28,0,0,0,0,0,0,20,8,0
337.503,1,21551104,windows,0,3865,3865,28,0,0,0,0,0,0,17,11,0
337.697,0,20279296,windows,0,3280,3181.25,28,0,0,0,0,0,0,20,8,0
337.768,1,21567488,windows,0,3445,3445,27,0,0,0,0,0,0,17,10,0
337.958,0,20297728,windows,0,3085,2836.25,27,0,0,0,0,0,0,19,8,0
338.02,1,21582848,windows,0,3445,3445,27,0,0,0,0,0,0,17,10,0
338.222,0,20314112,windows,0,3085,2836.25,27,0,0,0,0,0,0,19,8,0
338.288,1,21598208,windows,0,3425,3425,28,0,0,0,0,0,0,19,9,0
338.478,0,20329472,windows,0,2725,2570,25,0,0,0,0,0,0,17,8,0
338.545,1,21613568,windows,0,3425,3425,28,0,0,0,0,0,0,19,9,0
338.734,0,20340736,windows,0,2725,2570,25,0,0,0,0,0,0,17,8,0
338.801,1,21627904,windows,0,3240,3240,27,0,0,0,0,0,0,18,9,0
338.986,0,20355072,windows,0,2725,2570,25,0,0,0,0,0,0,17,8,0
339.058,1,21642240,windows,0,3240,3240,27,0,0,0,0,0,0,18,9,0
339.237,0,20369408,windows,0,2725,2570,25,0,0,0,0,0,0,17,8,0
339.322,1,21658624,windows,0,3240,3240,27,0,0,0,0,0,0,18,9,0
339.492,0,20384768,windows,0,2725,2570,25,0,0,0,0,0,0,17,8,0
339.586,1,21675008,windows,0,3240,3240,27,0,0,0,0,0,0,18,9,0
339.75,0,20401152,windows,0,2725,2570,25,0,0,0,0,0,0,17,8,0
339.837,1,21690368,windows,0,3240,3240,27,0,0,0,0,0,0,18,9,0
340.002,0,20416512,windows,0,445,370,9,0,0,0,0,0,0,5,4,0
340.101,1,21706752,windows,0,3240,3240,27,0,0,0,0,0,0,18,9,0
340.255,0,20432896,windows,0,445,370,9,0,0,0,0,0,0,5,4,0
340.36,1,21719040,windows,0,3240,3240,27,0,0,0,0,0,0,18,9,0
340.514,0,20450304,windows,0,445,370,9,0,0,0,0,0,0,5,4,0
340.612,1,21734400,windows,0,3240,3240,27,0,0,0,0,0,0,18,9,0
340.77,0,20468736,windows,0,445,370,9,0,0,0,0,0,0,5,4,0
340.866,1,21749760,windows,0,3240,3240,27,0,0,0,0,0,0,18,9,0
341.023,0,20484096,windows,0,445,370,9,0,0,0,0,0,0,5,4,0
341.128,1,21766144,windows,0,3240,3240,27,0,0,0,0,0,0,18,9,0
341.276,0,20501504,windows,0,445,370,9,0,0,0,0,0,0,5,4,0
341.386,1,21783552,windows,0,3240,3240,27,0,0,0,0,0,0,18,9,0
341.532,0,20519936,windows,0,445,370,9,0,0,0,0,0,0,5,4,0
341.65,1,21798912,windows,0,3240,3240,27,0,0,0,0,0,0,18,9,0
341.792,0,20539392,windows,0,445,370,9,0,0,0,0,0,0,5,4,0
341.914,1,21816320,windows,0,3240,3240,27,0,0,0,0,0,0,18,9,0
342.045,0,20556800,repair,0,445,370,9,0,0,0,0,0,0,5,4,0
342.171,1,21832704,windows,0,3240,3240,27,0,0,0,0,0,0,18,9,0
342.299,0,20575232,repair,0,445,370,9,0,0,0,0,0,0,5,4,0
342.433,1,21851136,windows,0,3240,3240,27,0,0,0,0,0,0,18,9,0
342.557,0,20593664,windows,0,445,370,9,0,0,0,0,0,0,5,4,0
342.687,1,21867520,windows,0,3240,3240,27,0,0,0,0,0,0,18,9,0
342.821,0,20611072,windows,0,445,370,9,0,0,0,0,0,0,5,4,0
342.95,1,21883904,windows,0,3240,3240,27,0,0,0,0,0,0,18,9,0
343.075,0,20627456,windows,0,445,370,9,0,0,0,0,0,0,5,4,0
343.203,1,21900288,windows,0,3240,3240,27,0,0,0,0,0,0,18,9,0
343.34,0,20644864,windows,0,445,370,9,0,0,0,0,0,0,5,4,0
343.466,1,21917696,windows,0,445,370,9,0,0,0,0,0,0,5,4,0
343.59,0,20660224,windows,0,445,370,9,0,0,0,0,0,0,5,4,0
343.719,1,21936128,windows,0,445,370,9,0,0,0,0,0,0,5,4,0
343.843,0,20675584,windows,0,445,370,9,0,0,0,0,0,0,5,4,0
343.973,1,21955584,windows,0,445,370,9,0,0,0,0,0,0,5,4,0
344.105,0,20691968,windows,0,445,370,9,0,0,0,0,0,0,5,4,0
344.233,1,21975040,windows,0,445,370,9,0,0,0,0,0,0,5,4,0
344.358,0,20708352,windows,0,445,370,9,0,0,0,0,0,0,5,4,0
344.484,1,21992448,windows,0,445,370,9,0,0,0,0,0,0,5,4,0
344.612,0,20724736,windows,0,445,370,9,0,0,0,0,0,0,5,4,0
344.74,1,22009856,windows,0,445,370,9,0,0,0,0,0,0,5,4,0
344.879,0,20741120,windows,0,445,370,9,0,0,0,0,0,0,5,4,0
344.993,1,22027264,windows,0,445,370,9,0,0,0,0,0,0,5,4,0
345.14,0,20757504,windows,0,445,370,9,0,0,0,0,0,0,5,4,0
345.252,1,22045696,windows,0,445,370,9,0,0,0,0,0,0,5,4,0
345.408,0,20772864,windows,0,445,370,9,0,0,0,0,0,0,5,4,0
345.503,1,22064128,windows,0,445,370,9,0,0,0,0,0,0,5,4,0
345.663,0,20788224,windows,0,445,370,9,0,0,0,0,0,0,5,4,0
345.758,1,22081536,windows,0,445,370,9,0,0,0,0,0,0,5,4,0
345.915,0,20804608,windows,0,445,370,9,0,0,0,0,0,0,5,4,0
346.012,1,22099968,windows,0,445,370,9,0,0,0,0,0,0,5,4,0
346.174,0,20822016,windows,0,445,370,9,0,0,0,0,0,0,5,4,0
346.269,1,22119424,windows,0,445,370,9,0,0,0,0,0,0,5,4,0
346.425,0,20837376,windows,0,445,370,9,0,0,0,0,0,0,5,4,0
346.533,1,22138880,windows,0,445,370,9,0,0,0,0,0,0,5,4,0
346.692,0,20852736,repair,0,445,370,9,0,0,0,0,0,0,5,4,0
346.786,1,22157312,windows,0,445,370,9,0,0,0,0,0,0,5,4,0
346.957,0,20867072,repair,0,445,370,9,0,0,0,0,0,0,5,4,0
347.036,1,22174720,windows,0,445,370,9,0,0,0,0,0,0,5,4,0
347.211,0,20881408,windows,0,445,370,9,0,0,0,0,0,0,5,4,0
347.297,1,22192128,windows,0,445,370,9,0,0,0,0,0,0,5,4,0
347.473,0,20896768,windows,0,445,370,9,0,0,0,0,0,0,5,4,0
347.554,1,22210560,windows,0,445,370,9,0,0,0,0,0,0,5,4,0
347.729,0,20911104,windows,0,445,370,9,0,0,0,0,0,0,5,4,0
347.809,1,22227968,windows,0,445,370,9,0,0,0,0,0,0,5,4,0
347.995,0,20925440,windows,0,445,370,9,0,0,0,0,0,0,5,4,0
348.065,1,22245376,windows,0,445,370,9,0,0,0,0,0,0,5,4,0
348.248,0,20938752,windows,0,445,370,9,0,0,0,0,0,0,5,4,0
348.325,1,22260736,windows,0,445,370,9,0,0,0,0,0,0,5,4,0
348.511,0,20953088,windows,0,445,370,9,0,0,0,0,0,0,5,4,0
348.58,1,22277120,windows,0,445,370,9,0,0,0,0,0,0,5,4,0
348.773,0,20966400,windows,0,445,370,9,0,0,0,0,0,0,5,4,0
348.835,1,22293504,windows,0,445,370,9,0,0,0,0,0,0,5,4,0
349.034,0,20980736,windows,0,445,370,9,0,0,0,0,0,0,5,4,0
349.093,1,22308864,windows,0,445,370,9,0,0,0,0,0,0,5,4,0
349.289,0,20994048,windows,0,445,370,9,0,0,0,0,0,0,5,4,0
349.358,1,22326272,windows,0,445,370,9,0,0,0,0,0,0,5,4,0
349.555,0,21008384,windows,0,445,370,9,0,0,0,0,0,0,5,4,0
349.615,1,22342656,windows,0,445,370,9,0,0,0,0,0,0,5,4,0
349.811,0,21022720,windows,0,445,370,9,0,0,0,0,0,0,5,4,0
349.866,1,22359040,windows,0,445,370,9,0,0,0,0,0,0,5,4,0
350.073,0,21037056,windows,0,445,370,9,0,0,0,0,0,0,5,4,0
350.13,1,22375424,windows,0,445,370,9,0,0,0,0,0,0,5,4,0
350.33,0,21051392,windows,0,445,370,9,0,0,0,0,0,0,5,4,0
350.383,1,22391808,windows,0,445,370,9,0,0,0,0,0,0,5,4,0
350.603,0,21068800,windows,0,445,370,9,0,0,0,0,0,0,5,4,0
350.644,1,22408192,windows,0,445,370,9,0,0,0,0,0,0,5,4,0
350.857,0,21084160,windows,0,445,370,9,0,0,0,0,0,0,5,4,0
350.909,1,22424576,windows,0,445,370,9,0,0,0,0,0,0,5,4,0
351.113,0,21099520,windows,0,445,370,9,0,0,0,0,0,0,5,4,0
351.164,1,22441984,windows,0,445,370,9,0,0,0,0,0,0,5,4,0
351.367,0,21113856,repair,0,445,370,9,0,0,0,0,0,0,5,4,0
351.415,1,22460416,windows,0,445,370,9,0,0,0,0,0,0,5,4,0
351.632,0,21129216,repair,0,445,370,9,0,0,0,0,0,0,5,4,0
351.666,1,22478848,windows,0,445,370,9,0,0,0,0,0,0,5,4,0
351.885,0,21143552,windows,0,445,370,9,0,0,0,0,0,0,5,4,0
351.924,1,22497280,windows,0,445,370,9,0,0,0,0,0,0,5,4,0
352.144,0,21157888,windows,0,445,370,9,0,0,0,0,0,0,5,4,0
352.178,1,22512640,repair,0,445,370,9,0,0,0,0,0,0,5,4,0
352.411,0,21172224,windows,0,445,370,9,0,0,0,0,0,0,5,4,0
352.443,1,22530048,windows,0,445,370,9,0,0,0,0,0,0,5,4,0
352.662,0,21185536,windows,0,445,370,9,0,0,0,0,0,0,5,4,0
352.708,1,22546432,windows,0,445,370,9,0,0,0,0,0,0,5,4,0
352.916,0,21198848,windows,0,445,370,9,0,0,0,0,0,0,5,4,0
352.96,1,22561792,windows,0,445,370,9,0,0,0,0,0,0,5,4,0
353.17,0,21213184,windows,0,445,370,9,0,0,0,0,0,0,5,4,0
353.21,1,22577152,windows,0,445,370,9,0,0,0,0,0,0,5,4,0
353.429,0,21228544,windows,0,445,370,9,0,0,0,0,0,0,5,4,0
353.468,1,22592512,windows,0,445,370,9,0,0,0,0,0,0,5,4,0
353.679,0,21241856,windows,0,445,370,9,0,0,0,0,0,0,5,4,0
353.732,1,22607872,windows,0,445,370,9,0,0,0,0,0,0,5,4,0
353.941,0,21256192,windows,0,445,370,9,0,0,0,0,0,0,5,4,0
353.991,1,22623232,windows,0,445,370,9,0,0,0,0,0,0,5,4,0
354.195,0,21273600,windows,0,445,370,9,0,0,0,0,0,0,5,4,0
354.246,1,22638592,windows,0,445,370,9,0,0,0,0,0,0,5,4,0
354.453,0,21289984,windows,0,445,370,9,0,0,0,0,0,0,5,4,0
354.501,1,22653952,windows,0,445,370,9,0,0,0,0,0,0,5,4,0
354.706,0,21305344,windows,0,445,370,9,0,0,0,0,0,0,5,4,0
354.756,1,22669312,windows,0,445,370,9,0,0,0,0,0,0,5,4,0
354.964,0,21323776,windows,0,445,370,9,0,0,0,0,0,0,5,4,0
355.006,1,22685696,windows,0,445,370,9,0,0,0,0,0,0,5,4,0
355.22,0,21345280,windows,0,445,370,9,0,0,0,0,0,0,5,4,0
355.262,1,22702080,windows,0,445,370,9,0,0,0,0,0,0,5,4,0
355.48,0,21366784,windows,0,445,370,9,0,0,0,0,0,0,5,4,0
355.527,1,22718464,windows,0,445,370,9,0,0,0,0,0,0,5,4,0
355.731,0,21384192,repair,0,445,370,9,0,0,0,0,0,0,5,4,0
355.791,1,22733824,windows,0,445,370,9,0,0,0,0,0,0,5,4,0
355.981,0,21400576,repair,0,445,370,9,0,0,0,0,0,0,5,4,0
356.054,1,22750208,windows,0,445,370,9,0,0,0,0,0,0,5,4,0
356.24,0,21417984,windows,0,445,370,9,0,0,0,0,0,0,5,4,0
356.309,1,22766592,windows,0,445,370,9,0,0,0,0,0,0,5,4,0
356.49,0,21435392,windows,0,445,370,9,0,0,0,0,0,0,5,4,0
356.562,1,22784000,windows,0,445,370,9,0,0,0,0,0,0,5,4,0
356.741,0,21447680,windows,0,445,370,9,0,0,0,0,0,0,5,4,0
356.816,1,22801408,windows,0,445,370,9,0,0,0,0,0,0,5,4,0
356.994,0,21464064,windows,0,445,370,9,0,0,0,0,0,0,5,4,0
357.075,1,22819840,windows,0,445,370,9,0,0,0,0,0,0,5,4,0
357.246,0,21478400,windows,0,445,370,9,0,0,0,0,0,0,5,4,0
357.332,1,22838272,windows,0,445,370,9,0,0,0,0,0,0,5,4,0
357.499,0,21492736,windows,0,445,370,9,0,0,0,0,0,0,5,4,0
357.595,1,22857728,windows,0,445,370,9,0,0,0,0,0,0,5,4,0
357.76,0,21507072,windows,0,445,370,9,0,0,0,0,0,0,5,4,0
357.853,1,22878208,windows,0,445,370,9,0,0,0,0,0,0,5,4,0
358.029,0,21522432,windows,0,445,370,9,0,0,0,0,0,0,5,4,0
358.105,1,22893568,windows,0,445,370,9,0,0,0,0,0,0,5,4,0
358.288,0,21536768,windows,0,445,370,9,0,0,0,0,0,0,5,4,0
358.368,1,22913024,windows,0,445,370,9,0,0,0,0,0,0,5,4,0
358.553,0,21552128,windows,0,445,370,9,0,0,0,0,0,0,5,4,0
358.628,1,22931456,windows,0,445,370,9,0,0,0,0,0,0,5,4,0
358.819,0,21567488,windows,0,445,370,9,0,0,0,0,0,0,5,4,0
358.879,1,22948864,windows,0,445,370,9,0,0,0,0,0,0,5,4,0
359.075,0,21582848,windows,0,445,370,9,0,0,0,0,0,0,5,4,0
359.134,1,22965248,repair,0,445,370,9,0,0,0,0,0,0,5,4,0
359.336,0,21599232,windows,0,445,370,9,0,0,0,0,0,0,5,4,0
359.39,1,22980608,repair,0,445,370,9,0,0,0,0,0,0,5,4,0
359.594,0,21614592,windows,0,445,370,9,0,0,0,0,0,0,5,4,0
359.646,1,22995968,windows,0,445,370,9,0,0,0,0,0,0,5,4,0
359.851,0,21628928,windows,0,445,370,9,0,0,0,0,0,0,5,4,0
359.896,1,23011328,windows,0,445,370,9,0,0,0,0,0,0,5,4,0
360.113,0,21644288,windows,0,445,370,9,0,0,0,0,0,0,5,4,0
360.15,1,23025664,windows,0,445,370,9,0,0,0,0,0,0,5,4,0
360.368,0,21659648,windows,0,445,370,9,0,0,0,0,0,0,5,4,0
360.404,1,23040000,windows,0,445,370,9,0,0,0,0,0,0,5,4,0
360.621,0,21675008,windows,0,445,370,9,0,0,0,0,0,0,5,4,0
360.663,1,23054336,windows,0,445,370,9,0,0,0,0,0,0,5,4,0
360.884,0,21690368,windows,0,445,370,9,0,0,0,0,0,0,5,4,0
360.92,1,23068672,windows,0,445,370,9,0,0,0,0,0,0,5,4,0
361.146,0,21703680,windows,0,445,370,9,0,0,0,0,0,0,5,4,0
361.186,1,23083008,windows,0,445,370,9,0,0,0,0,0,0,5,4,0
361.402,0,21716992,windows,0,445,370,9,0,0,0,0,0,0,5,4,0
361.436,1,23097344,windows,0,445,370,9,0,0,0,0,0,0,5,4,0
361.667,0,21733376,windows,0,445,370,9,0,0,0,0,0,0,5,4,0
361.689,1,23111680,windows,0,445,370,9,0,0,0,0,0,0,5,4,0
361.919,0,21748736,windows,0,445,370,9,0,0,0,0,0,0,5,4,0
361.957,1,23127040,windows,0,445,370,9,0,0,0,0,0,0,5,4,0
362.179,0,21761024,repair,938,1.4135e+08,1.41336e+08,4938,44,138,126,410,220,0,2774,1973,191
362.213,1,23141376,windows,0,445,370,9,0,0,0,0,0,0,5,4,0
362.439,0,21778432,repair,679,2.6734e+08,2.6734e+08,7208,53,130,108,255,133,0,4113,2926,169
362.473,1,23155712,windows,0,445,370,9,0,0,0,0,0,0,5,4,0
362.701,0,21796864,repair,556,2.58147e+08,2.58142e+08,7037,37,113,102,193,111,0,3964,2934,139
362.723,1,23170048,windows,0,445,370,9,0,0,0,0,0,0,5,4,0
362.963,0,21814272,repair,457,2.43903e+08,2.43879e+08,6965,39,89,70,180,79,0,4004,2812,149
362.976,1,23184384,windows,0,445,370,9,0,0,0,0,0,0,5,4,0
363.228,0,21831680,repair,370,2.21295e+08,2.21222e+08,6641,16,65,62,149,78,0,3797,2694,150
363.239,1,23199744,windows,0,445,370,9,0,0,0,0,0,0,5,4,0
363.482,0,21849088,repair,311,1.9118e+08,1.9113e+08,6195,17,57,41,131,65,0,3568,2495,132
363.495,1,23215104,windows,0,445,370,9,0,0,0,0,0,0,5,4,0
363.742,0,21865472,repair,259,1.82277e+08,1.82255e+08,6130,15,38,30,114,62,0,3597,2400,133
363.751,1,23229440,windows,0,445,370,9,0,0,0,0,0,0,5,4,0
364.002,0,21880832,repair,213,1.74164e+08,1.74099e+08,5998,9,30,38,96,40,0,3532,2347,119
364.002,1,23244800,windows,0,445,370,9,0,0,0,0,0,0,5,4,0
364.253,0,21896192,repair,171,1.51544e+08,1.51527e+08,5707,8,26,26,81,30,0,3492,2115,100
364.269,1,23261184,windows,0,445,370,9,0,0,0,0,0,0,5,4,0
364.506,0,21911552,repair,127,1.57953e+08,1.57891e+08,5734,4,14,23,58,28,0,3418,2223,93
364.521,1,23275520,windows,0,445,370,9,0,0,0,0,0,0,5,4,0
364.772,0,21927936,repair,97,1.46238e+08,1.46238e+08,5562,3,11,22,35,26,0,3361,2113,88
364.784,1,23290880,windows,0,445,370,9,0,0,0,0,0,0,5,4,0
365.037,0,21944320,repair,73,1.36056e+08,1.36012e+08,5374,2,13,6,35,17,0,3245,2037,92
365.048,1,23307264,windows,0,445,370,9,0,0,0,0,0,0,5,4,0
365.295,0,21960704,repair,42,1.18984e+08,1.18947e+08,5156,6,6,5,16,9,0,3267,1808,81
365.309,1,23323648,windows,0,445,370,9,0,0,0,0,0,0,5,4,0
365.556,0,21977088,repair,29,1.06947e+08,1.06895e+08,4864,4,2,1,16,6,0,3053,1734,77
365.566,1,23340032,windows,0,445,370,9,0,0,0,0,0,0,5,4,0
365.809,0,21993472,repair,16,9.9119e+07,9.91021e+07,4689,3,1,2,8,2,0,2957,1662,70
365.826,1,23356416,windows,0,445,370,9,0,0,0,0,0,0,5,4,0
366.067,0,22009856,repair,7,9.63994e+07,9.63522e+07,4643,1,0,2,3,1,0,2945,1626,72
366.081,1,23372800,windows,0,445,370,9,0,0,0,0,0,0,5,4,0
366.321,0,22027264,repair,3,7.25043e+07,7.25043e+07,4103,0,2,1,0,0,0,2688,1346,69
366.339,1,23389184,windows,0,445,370,9,0,0,0,0,0,0,5,4,0
366.573,0,22043648,windows,0,6.19946e+07,6.19677e+07,3785,0,0,0,0,0,0,2471,1252,62
366.605,1,23406592,windows,0,445,370,9,0,0,0,0,0,0,5,4,0
366.837,0,22061056,windows,0,5.00896e+07,5.00768e+07,3427,0,0,0,0,0,0,2290,1091,46
366.86,1,23424000,windows,0,445,370,9,0,0,0,0,0,0,5,4,0
367.089,0,22075392,windows,0,4.25147e+07,4.25042e+07,3165,0,0,0,0,0,0,2117,1001,47
367.111,1,23439360,windows,0,445,370,9,0,0,0,0,0,0,5,4,0
367.348,0,22088704,windows,0,3.51211e+07,3.51031e+07,2882,0,0,0,0,0,0,1939,902,41
367.363,1,23458816,windows,0,445,370,9,0,0,0,0,0,0,5,4,0
367.605,0,22102016,windows,0,2.94725e+07,2.94725e+07,2601,0,0,0,0,0,0,1688,871,42
367.616,1,23472128,repair,970,1.15275e+08,1.15275e+08,4255,25,87,94,491,273,0,2418,1624,213
367.861,0,22115328,windows,0,2.5252e+07,2.52437e+07,2454,0,0,0,0,0,0,1660,756,38
367.869,1,23489536,repair,691,2.62375e+08,2.62317e+08,7125,46,127,156,237,125,0,4050,2911,164
368.116,0,22128640,windows,0,2.21731e+07,2.21731e+07,2327,0,0,0,0,0,0,1617,673,37
368.129,1,23506944,repair,576,2.57487e+08,2.57425e+08,7128,28,117,102,212,117,0,4088,2876,164
368.378,0,22141952,windows,0,1.93137e+07,1.92926e+07,2180,0,0,0,0,0,0,1522,620,38
368.385,1,23523328,repair,470,2.61273e+08,2.61273e+08,7132,23,89,79,182,97,0,4031,2950,151
368.635,0,22156288,windows,0,1.61675e+07,1.61482e+07,1973,0,0,0,0,0,0,1357,589,27
368.646,1,23540736,repair,380,2.37821e+08,2.37746e+08,6911,23,75,59,147,76,0,4013,2769,129
368.897,1,23557120,repair,331,1.98559e+08,1.98559e+08,6438,13,61,53,141,63,0,3848,2462,128
368.897,0,22169600,windows,0,1.3602e+07,1.35957e+07,1822,0,0,0,0,0,0,1265,528,29
369.15,1,23573504,repair,269,1.89864e+08,1.8986e+08,6275,15,40,43,119,52,0,3700,2439,136
369.158,0,22182912,windows,0,1.1814e+07,1.1814e+07,1709,0,0,0,0,0,0,1218,468,23
369.414,1,23590912,repair,219,1.76872e+08,1.76851e+08,6059,14,33,30,96,46,0,3591,2353,115
369.416,0,22196224,windows,0,1.02805e+07,1.02652e+07,1581,0,0,0,0,0,0,1102,458,21
369.666,1,23606272,repair,164,1.68883e+08,1.68862e+08,5953,5,30,27,62,40,0,3574,2281,98
369.674,0,22209536,windows,0,9.04493e+06,9.036e+06,1468,0,0,0,0,0,0,1004,447,17
369.927,0,22222848,windows,0,7.5371e+06,7.52909e+06,1344,0,0,0,0,0,0,929,401,14
369.93,1,23623680,repair,129,1.49687e+08,1.49644e+08,5605,6,26,15,55,27,0,3354,2153,98
370.179,0,22236160,windows,0,6.33247e+06,6.33247e+06,1238,0,0,0,0,0,0,866,359,13
370.185,1,23640064,repair,92,1.48849e+08,1.48803e+08,5633,6,13,4,47,22,0,3401,2126,106
370.437,0,22250496,windows,0,5.38307e+06,5.37209e+06,1143,0,0,0,0,0,0,800,330,13
370.44,1,23656448,repair,68,1.44473e+08,1.44473e+08,5599,5,9,6,36,12,0,3437,2061,101
370.689,0,22264832,windows,0,4.63696e+06,4.62694e+06,1073,0,0,0,0,0,0,771,288,14
370.699,1,23672832,repair,40,1.26012e+08,1.25954e+08,5272,2,4,5,16,13,0,3280,1896,96
370.94,0,22279168,windows,0,4.02992e+06,4.02957e+06,988,0,0,0,0,0,0,688,288,12
370.959,1,23689216,repair,23,1.16664e+08,1.16664e+08,5085,0,1,4,10,8,0,3196,1808,81
371.207,0,22293504,windows,0,3.35572e+06,3.3522e+06,905,0,0,0,0,0,0,634,259,12
371.22,1,23705600,repair,18,9.83483e+07,9.83483e+07,4687,0,2,3,9,4,0,2961,1648,78
371.468,0,22307840,windows,0,2.77999e+06,2.77672e+06,826,0,0,0,0,0,0,578,235,13
371.472,1,23720960,repair,8,9.28546e+07,9.28546e+07,4555,0,0,2,3,3,0,2895,1594,66
371.722,0,22322176,windows,0,2.37722e+06,2.3742e+06,764,0,0,0,0,0,0,535,217,12
371.723,1,23736320,repair,1,8.24075e+07,8.24075e+07,4353,0,1,0,0,0,0,2856,1441,56
371.977,1,23751680,repair,1,6.92169e+07,6.91907e+07,4009,0,0,0,1,0,0,2646,1306,57
371.985,0,22337536,windows,0,2.02195e+06,2.01913e+06,707,0,0,0,0,0,0,500,196,11
372.229,1,23766016,repair,1,5.91716e+07,5.91699e+07,3727,0,0,0,1,0,0,2480,1190,57
372.25,0,22352896,windows,0,1.69606e+06,1.68986e+06,646,0,0,0,0,0,0,454,182,10
372.499,1,23781376,windows,0,5.06303e+07,5.0629e+07,3454,0,0,0,0,0,0,2323,1086,45
372.504,0,22367232,windows,0,1.35802e+06,1.35472e+06,575,0,0,0,0,0,0,403,165,7
372.754,1,23795712,windows,0,4.16134e+07,4.15938e+07,3139,0,0,0,0,0,0,2112,981,46
372.764,0,22382592,windows,0,1.1329e+06,1.13004e+06,531,0,0,0,0,0,0,380,143,8
373.01,1,23810048,windows,0,3.30839e+07,3.30839e+07,2808,0,0,0,0,0,0,1893,869,46
373.024,0,22396928,windows,0,966025,965792,494,0,0,0,0,0,0,361,125,8
373.267,1,23824384,windows,0,2.74909e+07,2.74755e+07,2574,0,0,0,0,0,0,1762,772,40
373.278,0,22410240,windows,0,822865,822632,454,0,0,0,0,0,0,325,121,8
373.521,1,23837696,windows,0,2.36628e+07,2.36617e+07,2382,0,0,0,0,0,0,1621,724,37
373.54,0,22423552,windows,0,681825,681592,410,0,0,0,0,0,0,285,117,8
373.773,1,23851008,windows,0,2.01353e+07,2.01343e+07,2198,0,0,0,0,0,0,1493,669,36
373.807,0,22436864,windows,0,524540,524248,363,0,0,0,0,0,0,252,101,10
374.026,1,23865344,windows,0,1.67585e+07,1.6751e+07,1993,0,0,0,0,0,0,1351,617,25
374.065,0,22451200,windows,0,441830,441830,334,0,0,0,0,0,0,234,91,9
374.288,1,23879680,windows,0,1.39647e+07,1.39587e+07,1811,0,0,0,0,0,0,1207,577,27
374.321,0,22465536,windows,0,383120,381405,310,0,0,0,0,0,0,216,86,8
374.55,1,23894016,windows,0,1.19016e+07,1.19016e+07,1698,0,0,0,0,0,0,1166,504,28
374.575,0,22478848,windows,0,336400,333766,290,0,0,0,0,0,0,200,82,8
374.81,1,23908352,windows,0,1.04449e+07,1.04295e+07,1612,0,0,0,0,0,0,1138,444,30
374.834,0,22493184,windows,0,283700,282781,267,0,0,0,0,0,0,184,75,8
375.064,1,23922688,windows,0,9.20808e+06,9.19981e+06,1515,0,0,0,0,0,0,1073,414,28
375.094,0,22507520,windows,0,212210,210875,228,0,0,0,0,0,0,156,67,5
375.326,1,23936000,windows,0,7.61587e+06,7.61507e+06,1357,0,0,0,0,0,0,920,410,27
375.351,0,22521856,windows,0,177875,177875,210,0,0,0,0,0,0,145,60,5
375.597,1,23949312,windows,0,6.43325e+06,6.42606e+06,1261,0,0,0,0,0,0,874,360,27
375.616,0,22536192,windows,0,159020,158159,200,0,0,0,0,0,0,138,56,6
375.866,1,23963648,windows,0,5.55205e+06,5.54795e+06,1178,0,0,0,0,0,0,820,329,29
375.883,0,22551552,windows,0,143065,142892,190,0,0,0,0,0,0,131,53,6
376.128,1,23976960,windows,0,4.81816e+06,4.80827e+06,1100,0,0,0,0,0,0,771,302,27
376.144,0,22564864,windows,0,123520,122372,177,0,0,0,0,0,0,122,49,6
376.38,1,23990272,windows,0,4.18195e+06,4.17535e+06,1021,0,0,0,0,0,0,704,290,27
376.409,0,22579200,windows,0,99570,99031.2,158,0,0,0,0,0,0,108,45,5
376.638,1,24003584,windows,0,3.44021e+06,3.44021e+06,922,0,0,0,0,0,0,636,265,21
376.66,0,22592512,windows,0,89750,89750,150,0,0,0,0,0,0,102,43,5
376.905,1,24016896,windows,0,2.88197e+06,2.87369e+06,846,0,0,0,0,0,0,588,239,19
376.916,0,22605824,windows,0,76675,76675,140,0,0,0,0,0,0,97,38,5
377.166,1,24031232,windows,0,2.40234e+06,2.39738e+06,774,0,0,0,0,0,0,535,219,20
377.173,0,22620160,windows,0,69535,68800,133,0,0,0,0,0,0,91,37,5
377.432,1,24045568,windows,0,2.0283e+06,2.02177e+06,710,0,0,0,0,0,0,481,207,22
377.438,0,22634496,windows,0,63280,63280,128,0,0,0,0,0,0,92,32,4
377.697,1,24059904,windows,0,1.76835e+06,1.76488e+06,673,0,0,0,0,0,0,480,174,19
377.697,0,22647808,windows,0,49520,49520,110,0,0,0,0,0,0,72,34,4
377.952,1,24073216,windows,0,1.4143e+06,1.41379e+06,597,0,0,0,0,0,0,415,165,17
377.966,0,22662144,windows,0,45460,44476.2,106,0,0,0,0,0,0,70,32,4
378.217,1,24086528,windows,0,1.164e+06,1.164e+06,545,0,0,0,0,0,0,390,141,14
378.227,0,22676480,windows,0,39280,38386.2,100,0,0,0,0,0,0,68,28,4
378.469,1,24099840,windows,0,1.0042e+06,1.00236e+06,509,0,0,0,0,0,0,369,126,14
378.482,0,22691840,windows,0,34765,34461.2,93,0,0,0,0,0,0,61,28,4
378.72,1,24113152,windows,0,843425,839436,466,0,0,0,0,0,0,339,115,12
378.749,0,22707200,windows,0,33060,33060,91,0,0,0,0,0,0,60,27,4
378.976,1,24126464,windows,0,737105,735561,434,0,0,0,0,0,0,309,113,12
379.002,0,22721536,windows,0,25985,25985,80,0,0,0,0,0,0,51,25,4
379.237,1,24139776,windows,0,589055,587721,385,0,0,0,0,0,0,267,107,11
379.268,0,22737920,windows,0,22855,22611.2,75,0,0,0,0,0,0,49,23,3
379.49,1,24153088,windows,0,465805,465805,349,0,0,0,0,0,0,247,88,14
379.527,0,22753280,windows,0,21275,21275,74,0,0,0,0,0,0,51,20,3
379.741,1,24166400,windows,0,388960,387811,321,0,0,0,0,0,0,230,77,14
379.779,0,22767616,windows,0,19790,19790,71,0,0,0,0,0,0,48,20,3
380.005,1,24180736,windows,0,344930,343475,302,0,0,0,0,0,0,216,73,13
380.039,0,22782976,windows,0,19315,19315,70,0,0,0,0,0,0,47,20,3
380.272,1,24195072,windows,0,313405,313405,287,0,0,0,0,0,0,199,74,14
380.301,0,22798336,windows,0,16675,16197.5,64,0,0,0,0,0,0,41,20,3
380.534,1,24208384,windows,0,255245,253930,259,0,0,0,0,0,0,181,66,12
380.561,0,22813696,windows,0,15490,15407.5,62,0,0,0,0,0,0,40,19,3
380.791,1,24218624,windows,0,210560,208626,238,0,0,0,0,0,0,172,54,12
380.816,0,22829056,windows,0,15095,14637.5,61,0,0,0,0,0,0,39,19,3
381.042,1,24230912,windows,0,188005,188005,225,0,0,0,0,0,0,161,52,12
381.079,0,22843392,windows,0,14335,13877.5,59,0,0,0,0,0,0,37,19,3
381.294,1,24243200,windows,0,165220,164451,212,0,0,0,0,0,0,154,46,12
381.331,0,22857728,windows,0,13230,13147.5,57,0,0,0,0,0,0,36,18,3
381.561,1,24256512,windows,0,146240,146240,197,0,0,0,0,0,0,138,49,10
381.583,0,22872064,windows,0,11555,10963.8,52,0,0,0,0,0,0,31,18,3
381.829,1,24269824,windows,0,133500,132811,190,0,0,0,0,0,0,138,42,10
381.846,0,22887424,windows,0,9890,9658.75,49,0,0,0,0,0,0,30,16,3
382.08,1,24283136,windows,0,107345,106450,168,0,0,0,0,0,0,113,45,10
382.103,0,22902784,windows,0,9595,9368.75,48,0,0,0,0,0,0,29,16,3
382.333,1,24296448,windows,0,84045,83752.5,151,0,0,0,0,0,0,105,36,10
382.372,0,22918144,windows,0,9575,9338.75,49,0,0,0,0,0,0,31,15,3
382.589,1,24309760,windows,0,75955,75692.5,144,0,0,0,0,0,0,103,32,9
382.642,0,22932480,windows,0,8975,8748.75,47,0,0,0,0,0,0,29,15,3
382.843,1,24323072,windows,0,63680,62413.8,132,0,0,0,0,0,0,96,28,8
382.893,0,22946816,windows,0,8975,8748.75,47,0,0,0,0,0,0,29,15,3
383.104,1,24337408,windows,0,55940,55258.8,124,0,0,0,0,0,0,90,26,8
383.147,0,22961152,windows,0,8690,8468.75,46,0,0,0,0,0,0,28,15,3
383.365,1,24351744,windows,0,46775,45876.2,113,0,0,0,0,0,0,81,25,7
383.411,0,22976512,windows,0,8395,8168.75,46,0,0,0,0,0,0,29,14,3
383.623,1,24366080,windows,0,40820,39976.2,106,0,0,0,0,0,0,74,24,8
383.671,0,22990848,windows,0,8395,8168.75,46,0,0,0,0,0,0,29,14,3
383.886,1,24380416,windows,0,36550,36095,100,0,0,0,0,0,0,70,23,7
383.931,0,23006208,windows,0,7835,7752.5,44,0,0,0,0,0,0,27,14,3
384.149,1,24394752,windows,0,33620,33245,95,0,0,0,0,0,0,72,19,4
384.192,0,23021568,windows,0,7835,7752.5,44,0,0,0,0,0,0,27,14,3
384.409,1,24409088,windows,0,30760,30425,91,0,0,0,0,0,0,70,17,4
384.461,0,23036928,windows,0,7570,7358.75,43,0,0,0,0,0,0,26,14,3
384.676,1,24423424,windows,0,28705,28705,88,0,0,0,0,0,0,67,17,4
384.721,0,23052288,windows,0,7570,7358.75,43,0,0,0,0,0,0,26,14,3
384.942,1,24437760,windows,0,22420,22131.2,78,0,0,0,0,0,0,58,16,4
384.978,0,23067648,windows,0,6775,6568.75,41,0,0,0,0,0,0,25,13,3
385.207,1,24452096,windows,0,20480,20221.2,74,0,0,0,0,0,0,52,18,4
385.23,0,23083008,windows,0,6775,6568.75,41,0,0,0,0,0,0,25,13,3
385.48,0,23097344,windows,0,6530,6447.5,40,0,0,0,0,0,0,24,13,3
385.481,1,24466432,windows,0,19730,18983.8,73,0,0,0,0,0,0,50,18,5
385.746,1,24481792,windows,0,19535,19057.5,73,0,0,0,0,0,0,51,17,5
385.746,0,23111680,windows,0,6530,6447.5,40,0,0,0,0,0,0,24,13,3
386.004,1,24498176,windows,0,17405,17405,69,0,0,0,0,0,0,51,14,4
386.009,0,23127040,windows,0,6295,6212.5,39,0,0,0,0,0,0,23,13,3
386.263,0,23142400,windows,0,6295,6212.5,39,0,0,0,0,0,0,23,13,3
386.266,1,24513536,windows,0,15920,15920,66,0,0,0,0,0,0,48,14,4
386.521,1,24527872,windows,0,15445,15170,65,0,0,0,0,0,0,47,14,4
386.528,0,23157760,windows,0,6295,6212.5,39,0,0,0,0,0,0,23,13,3
386.774,1,24542208,windows,0,15445,15170,65,0,0,0,0,0,0,47,14,4
386.797,0,23173120,windows,0,6295,6212.5,39,0,0,0,0,0,0,23,13,3
387.031,1,24557568,windows,0,13940,13476.2,62,0,0,0,0,0,0,46,12,4
387.051,0,23187456,windows,0,445,370,9,0,0,0,0,0,0,5,4,0
387.295,1,24572928,windows,0,13940,13476.2,62,0,0,0,0,0,0,46,12,4
387.311,0,23204864,windows,0,445,370,9,0,0,0,0,0,0,5,4,0
387.546,1,24588288,windows,0,12605,12370,59,0,0,0,0,0,0,43,12,4
387.572,0,23222272,windows,0,445,370,9,0,0,0,0,0,0,5,4,0
387.8,1,24603648,windows,0,12605,12370,59,0,0,0,0,0,0,43,12,4
387.829,0,23240704,windows,0,445,370,9,0,0,0,0,0,0,5,4,0
388.054,1,24619008,windows,0,12605,12370,59,0,0,0,0,0,0,43,12,4
388.092,0,23257088,windows,0,445,370,9,0,0,0,0,0,0,5,4,0
388.321,1,24634368,windows,0,12180,11736.2,58,0,0,0,0,0,0,42,12,4
388.358,0,23275520,windows,0,445,370,9,0,0,0,0,0,0,5,4,0
388.58,1,24650752,windows,0,12180,11736.2,58,0,0,0,0,0,0,42,12,4
388.612,0,23293952,windows,0,445,370,9,0,0,0,0,0,0,5,4,0
388.839,1,24666112,windows,0,12180,11736.2,58,0,0,0,0,0,0,42,12,4
388.872,0,23313408,windows,0,445,370,9,0,0,0,0,0,0,5,4,0
389.104,1,24682496,windows,0,12180,11736.2,58,0,0,0,0,0,0,42,12,4
389.133,0,23331840,windows,0,445,370,9,0,0,0,0,0,0,5,4,0
389.369,1,24698880,windows,0,11765,11530,57,0,0,0,0,0,0,41,12,4
389.383,0,23350272,windows,0,445,370,9,0,0,0,0,0,0,5,4,0
389.634,1,24715264,windows,0,10205,9970,53,0,0,0,0,0,0,37,12,4
389.637,0,23368704,windows,0,445,370,9,0,0,0,0,0,0,5,4,0
389.893,0,23387136,windows,0,445,370,9,0,0,0,0,0,0,5,4,0
389.897,1,24730624,windows,0,10205,9970,53,0,0,0,0,0,0,37,12,4
390.143,0,23403520,windows,0,445,370,9,0,0,0,0,0,0,5,4,0
390.148,1,24744960,windows,0,10205,9970,53,0,0,0,0,0,0,37,12,4
390.401,1,24759296,windows,0,9840,9426.25,52,0,0,0,0,0,0,36,12,4
390.404,0,23421952,windows,0,445,370,9,0,0,0,0,0,0,5,4,0
390.654,1,24773632,windows,0,9840,9426.25,52,0,0,0,0,0,0,36,12,4
390.659,0,23440384,windows,0,445,370,9,0,0,0,0,0,0,5,4,0
390.909,1,24791040,windows,0,9840,9426.25,52,0,0,0,0,0,0,36,12,4
390.912,0,23458816,windows,0,445,370,9,0,0,0,0,0,0,5,4,0
391.167,0,23476224,windows,0,445,370,9,0,0,0,0,0,0,5,4,0
391.174,1,24808448,windows,0,9485,9250,51,0,0,0,0,0,0,35,12,4
391.42,0,23493632,windows,0,445,370,9,0,0,0,0,0,0,5,4,0
391.435,1,24826880,windows,0,9485,9250,51,0,0,0,0,0,0,35,12,4
391.671,0,23510016,windows,0,445,370,9,0,0,0,0,0,0,5,4,0
391.686,1,24844288,windows,0,9140,8905,50,0,0,0,0,0,0,34,12,4
391.928,0,23526400,windows,0,445,370,9,0,0,0,0,0,0,5,4,0
391.939,1,24861696,windows,0,8805,8406.25,49,0,0,0,0,0,0,33,12,4
392.187,0,23542784,windows,0,445,370,9,0,0,0,0,0,0,5,4,0
392.198,1,24879104,windows,0,8805,8406.25,49,0,0,0,0,0,0,33,12,4
392.45,0,23559168,windows,0,445,370,9,0,0,0,0,0,0,5,4,0
392.454,1,24896512,windows,0,8480,8245,48,0,0,0,0,0,0,32,12,4
392.705,1,24914944,windows,0,8480,8245,48,0,0,0,0,0,0,32,12,4
392.711,0,23577600,windows,0,445,370,9,0,0,0,0,0,0,5,4,0
392.956,1,24932352,windows,0,8480,8245,48,0,0,0,0,0,0,32,12,4
392.965,0,23595008,windows,0,445,370,9,0,0,0,0,0,0,5,4,0
393.215,0,23610368,windows,0,445,370,9,0,0,0,0,0,0,5,4,0
393.217,1,24950784,windows,0,445,370,9,0,0,0,0,0,0,5,4,0
393.466,0,23629824,windows,0,445,370,9,0,0,0,0,0,0,5,4,0
393.474,1,24971264,windows,0,445,370,9,0,0,0,0,0,0,5,4,0
393.722,0,23649280,windows,0,445,370,9,0,0,0,0,0,0,5,4,0
393.726,1,24990720,windows,0,445,370,9,0,0,0,0,0,0,5,4,0
393.975,0,23668736,windows,0,445,370,9,0,0,0,0,0,0,5,4,0
393.976,1,25011200,windows,0,445,370,9,0,0,0,0,0,0,5,4,0
394.226,0,23685120,windows,0,445,370,9,0,0,0,0,0,0,5,4,0
394.229,1,25031680,windows,0,445,370,9,0,0,0,0,0,0,5,4,0
394.479,1,25054208,windows,0,445,370,9,0,0,0,0,0,0,5,4,0
394.481,0,23704576,windows,0,445,370,9,0,0,0,0,0,0,5,4,0
394.732,1,25071616,windows,0,445,370,9,0,0,0,0,0,0,5,4,0
394.741,0,23721984,windows,0,445,370,9,0,0,0,0,0,0,5,4,0
394.987,1,25089024,windows,0,445,370,9,0,0,0,0,0,0,5,4,0
394.995,0,23740416,windows,0,445,370,9,0,0,0,0,0,0,5,4,0
395.247,1,25105408,windows,0,445,370,9,0,0,0,0,0,0,5,4,0
395.258,0,23755776,windows,0,445,370,9,0,0,0,0,0,0,5,4,0
395.502,1,25122816,windows,0,445,370,9,0,0,0,0,0,0,5,4,0
395.516,0,23775232,windows,0,445,370,9,0,0,0,0,0,0,5,4,0
395.759,1,25140224,windows,0,445,370,9,0,0,0,0,0,0,5,4,0
395.773,0,23795712,windows,0,445,370,9,0,0,0,0,0,0,5,4,0
396.02,1,25157632,windows,0,445,370,9,0,0,0,0,0,0,5,4,0
396.026,0,23814144,repair,0,445,370,9,0,0,0,0,0,0,5,4,0
396.272,1,25174016,windows,0,445,370,9,0,0,0,0,0,0,5,4,0
396.28,0,23830528,windows,0,445,370,9,0,0,0,0,0,0,5,4,0
396.535,1,25191424,windows,0,445,370,9,0,0,0,0,0,0,5,4,0
396.539,0,23847936,windows,0,445,370,9,0,0,0,0,0,0,5,4,0
396.798,1,25208832,windows,0,445,370,9,0,0,0,0,0,0,5,4,0
396.801,0,23865344,windows,0,445,370,9,0,0,0,0,0,0,5,4,0
397.055,1,25227264,windows,0,445,370,9,0,0,0,0,0,0,5,4,0
397.062,0,23881728,windows,0,445,370,9,0,0,0,0,0,0,5,4,0
397.314,0,23898112,windows,0,445,370,9,0,0,0,0,0,0,5,4,0
397.315,1,25246720,windows,0,445,370,9,0,0,0,0,0,0,5,4,0
397.568,1,25266176,windows,0,445,370,9,0,0,0,0,0,0,5,4,0
397.573,0,23915520,windows,0,445,370,9,0,0,0,0,0,0,5,4,0
397.824,1,25284608,windows,0,445,370,9,0,0,0,0,0,0,5,4,0
397.831,0,23932928,windows,0,445,370,9,0,0,0,0,0,0,5,4,0
398.087,0,23948288,windows,0,445,370,9,0,0,0,0,0,0,5,4,0
398.093,1,25299968,windows,0,445,370,9,0,0,0,0,0,0,5,4,0
398.345,1,25315328,windows,0,445,370,9,0,0,0,0,0,0,5,4,0
398.35,0,23964672,windows,0,445,370,9,0,0,0,0,0,0,5,4,0
398.6,1,25329664,windows,0,445,370,9,0,0,0,0,0,0,5,4,0
398.605,0,23980032,windows,0,445,370,9,0,0,0,0,0,0,5,4,0
398.867,1,25346048,windows,0,445,370,9,0,0,0,0,0,0,5,4,0
398.867,0,23996416,windows,0,445,370,9,0,0,0,0,0,0,5,4,0
399.119,0,24010752,windows,0,445,370,9,0,0,0,0,0,0,5,4,0
399.128,1,25361408,windows,0,445,370,9,0,0,0,0,0,0,5,4,0
399.372,0,24025088,windows,0,445,370,9,0,0,0,0,0,0,5,4,0
399.384,1,25376768,windows,0,445,370,9,0,0,0,0,0,0,5,4,0
399.632,0,24041472,windows,0,445,370,9,0,0,0,0,0,0,5,4,0
399.634,1,25391104,windows,0,445,370,9,0,0,0,0,0,0,5,4,0
399.895,0,24058880,windows,0,445,370,9,0,0,0,0,0,0,5,4,0
399.901,1,25407488,windows,0,445,370,9,0,0,0,0,0,0,5,4,0
400.154,1,25422848,windows,0,445,370,9,0,0,0,0,0,0,5,4,0
400.162,0,24074240,repair,0,445,370,9,0,0,0,0,0,0,5,4,0
400.409,1,25438208,windows,0,445,370,9,0,0,0,0,0,0,5,4,0
400.427,0,24088576,repair,0,445,370,9,0,0,0,0,0,0,5,4,0
400.666,1,25454592,windows,0,445,370,9,0,0,0,0,0,0,5,4,0
400.68,0,24102912,repair,0,445,370,9,0,0,0,0,0,0,5,4,0
400.926,1,25470976,windows,0,445,370,9,0,0,0,0,0,0,5,4,0
400.933,0,24118272,windows,0,445,370,9,0,0,0,0,0,0,5,4,0
401.191,1,25488384,windows,0,445,370,9,0,0,0,0,0,0,5,4,0
401.198,0,24133632,windows,0,445,370,9,0,0,0,0,0,0,5,4,0
401.451,1,25505792,windows,0,445,370,9,0,0,0,0,0,0,5,4,0
401.467,0,24147968,windows,0,445,370,9,0,0,0,0,0,0,5,4,0
401.712,1,25523200,windows,0,445,370,9,0,0,0,0,0,0,5,4,0
401.723,0,24162304,windows,0,445,370,9,0,0,0,0,0,0,5,4,0
401.963,1,25539584,windows,0,445,370,9,0,0,0,0,0,0,5,4,0
401.98,0,24175616,windows,0,445,370,9,0,0,0,0,0,0,5,4,0
402.224,1,25556992,windows,0,445,370,9,0,0,0,0,0,0,5,4,0
402.24,0,24192000,windows,0,445,370,9,0,0,0,0,0,0,5,4,0
402.483,1,25575424,windows,0,445,370,9,0,0,0,0,0,0,5,4,0
402.502,0,24209408,windows,0,445,370,9,0,0,0,0,0,0,5,4,0
402.754,0,24226816,windows,0,445,370,9,0,0,0,0,0,0,5,4,0
402.769,1,25592832,windows,0,445,370,9,0,0,0,0,0,0,5,4,0
403.012,0,24244224,windows,0,445,370,9,0,0,0,0,0,0,5,4,0
403.029,1,25612288,windows,0,445,370,9,0,0,0,0,0,0,5,4,0
403.266,0,24261632,windows,0,445,370,9,0,0,0,0,0,0,5,4,0
403.288,1,25631744,windows,0,445,370,9,0,0,0,0,0,0,5,4,0
403.518,0,24279040,windows,0,445,370,9,0,0,0,0,0,0,5,4,0
403.541,1,25650176,windows,0,445,370,9,0,0,0,0,0,0,5,4,0
403.769,0,24296448,windows,0,445,370,9,0,0,0,0,0,0,5,4,0
403.798,1,25666560,repair,0,445,370,9,0,0,0,0,0,0,5,4,0
404.021,0,24314880,windows,0,445,370,9,0,0,0,0,0,0,5,4,0
404.058,1,25682944,windows,0,445,370,9,0,0,0,0,0,0,5,4,0
404.273,0,24333312,windows,0,445,370,9,0,0,0,0,0,0,5,4,0
404.309,1,25697280,windows,0,445,370,9,0,0,0,0,0,0,5,4,0
404.527,0,24350720,windows,0,445,370,9,0,0,0,0,0,0,5,4,0
404.564,1,25712640,windows,0,445,370,9,0,0,0,0,0,0,5,4,0
404.779,0,24369152,windows,0,445,370,9,0,0,0,0,0,0,5,4,0
404.827,1,25728000,windows,0,445,370,9,0,0,0,0,0,0,5,4,0
405.041,0,24388608,windows,0,445,370,9,0,0,0,0,0,0,5,4,0
405.088,1,25743360,windows,0,445,370,9,0,0,0,0,0,0,5,4,0
405.304,0,24409088,windows,0,445,370,9,0,0,0,0,0,0,5,4,0
405.345,1,25757696,windows,0,445,370,9,0,0,0,0,0,0,5,4,0
405.572,0,24425472,repair,1006,8.06852e+07,8.06759e+07,3059,13,53,44,580,316,0,1860,983,216
405.614,1,25773056,windows,0,445,370,9,0,0,0,0,0,0,5,4,0
405.834,0,24445952,repair,655,2.69087e+08,2.69028e+08,7246,36,127,133,227,132,0,4121,2948,177
405.876,1,25789440,windows,0,445,370,9,0,0,0,0,0,0,5,4,0
406.092,0,24467456,repair,520,2.58481e+08,2.58481e+08,7150,27,94,109,195,95,0,4076,2902,172
406.138,1,25804800,windows,0,445,370,9,0,0,0,0,0,0,5,4,0
406.345,0,24487936,repair,422,2.42404e+08,2.42399e+08,6953,31,59,72,178,82,0,3979,2811,163
406.388,1,25819136,windows,0,445,370,9,0,0,0,0,0,0,5,4,0
406.598,0,24507392,repair,329,2.2188e+08,2.21802e+08,6644,16,62,53,136,62,0,3799,2706,139
406.639,1,25833472,windows,0,445,370,9,0,0,0,0,0,0,5,4,0
406.86,0,24527872,repair,274,1.96537e+08,1.96519e+08,6294,24,50,42,110,48,0,3621,2536,137
406.905,1,25848832,windows,0,445,370,9,0,0,0,0,0,0,5,4,0
407.115,0,24547328,repair,212,1.67083e+08,1.67066e+08,5889,13,37,29,85,48,0,3468,2295,126
407.168,1,25864192,windows,0,445,370,9,0,0,0,0,0,0,5,4,0
407.37,0,24565760,repair,154,1.55652e+08,1.55606e+08,5795,13,25,23,59,34,0,3547,2143,105
407.425,1,25880576,windows,0,445,370,9,0,0,0,0,0,0,5,4,0
407.624,0,24584192,repair,107,1.56075e+08,1.56031e+08,5675,4,20,17,44,22,0,3357,2227,91
407.682,1,25897984,windows,0,445,370,9,0,0,0,0,0,0,5,4,0
407.876,0,24603648,repair,82,1.29151e+08,1.29148e+08,5203,4,9,10,43,16,0,3102,2007,94
407.946,1,25916416,windows,0,445,370,9,0,0,0,0,0,0,5,4,0
408.134,0,24622080,repair,41,1.31068e+08,1.31065e+08,5307,3,5,6,19,8,0,3239,1979,89
408.211,1,25934848,windows,0,445,370,9,0,0,0,0,0,0,5,4,0
408.385,0,24639488,repair,28,1.14237e+08,1.14199e+08,5068,1,2,4,15,6,0,3241,1754,73
408.462,1,25951232,windows,0,445,370,9,0,0,0,0,0,0,5,4,0
408.642,0,24655872,repair,15,1.04746e+08,1.04744e+08,4874,1,2,3,7,2,0,3130,1667,77
408.718,1,25968640,windows,0,445,370,9,0,0,0,0,0,0,5,4,0
408.901,0,24674304,repair,6,9.01093e+07,9.0095e+07,4485,1,0,0,3,2,0,2867,1564,54
408.978,1,25986048,windows,0,445,370,9,0,0,0,0,0,0,5,4,0
409.152,0,24691712,repair,3,7.37678e+07,7.37525e+07,4158,0,1,2,0,0,0,2805,1311,42
409.231,1,26003456,windows,0,445,370,9,0,0,0,0,0,0,5,4,0
409.405,0,24709120,repair,2,6.30018e+07,6.29766e+07,3795,0,0,1,1,0,0,2492,1263,40
409.489,1,26020864,windows,0,445,370,9,0,0,0,0,0,0,5,4,0
409.66,0,24727552,repair,2,5.35756e+07,5.35527e+07,3521,0,0,1,1,0,0,2335,1146,40
409.747,1,26041344,windows,0,445,370,9,0,0,0,0,0,0,5,4,0
409.914,0,24745984,repair,1,4.58081e+07,4.57762e+07,3260,0,0,0,1,0,0,2160,1059,41
410,1,26060800,windows,0,445,370,9,0,0,0,0,0,0,5,4,0
410.169,0,24766464,repair,0,4.34308e+07,4.34204e+07,3157,0,0,0,0,0,0,2074,1046,37
410.264,1,26081280,repair,0,445,370,9,0,0,0,0,0,0,5,4,0
410.431,0,24783872,windows,0,3.00571e+07,3.00314e+07,2656,0,0,0,0,0,0,1790,837,29
410.525,1,26099712,repair,0,445,370,9,0,0,0,0,0,0,5,4,0
410.686,0,24796160,windows,0,2.57544e+07,2.57376e+07,2440,0,0,0,0,0,0,1614,797,29
410.781,1,26118144,repair,0,445,370,9,0,0,0,0,0,0,5,4,0
410.951,0,24809472,windows,0,2.20335e+07,2.20187e+07,2289,0,0,0,0,0,0,1561,701,27
411.033,1,26135552,repair,0,445,370,9,0,0,0,0,0,0,5,4,0
411.218,0,24823808,windows,0,1.91112e+07,1.91104e+07,2156,0,0,0,0,0,0,1505,623,28
411.288,1,26151936,windows,0,445,370,9,0,0,0,0,0,0,5,4,0
411.489,0,24838144,windows,0,1.67379e+07,1.67374e+07,2003,0,0,0,0,0,0,1389,595,19
411.549,1,26168320,windows,0,445,370,9,0,0,0,0,0,0,5,4,0
411.752,0,24851456,windows,0,1.38645e+07,1.38576e+07,1821,0,0,0,0,0,0,1249,550,22
411.811,1,26183680,windows,0,445,370,9,0,0,0,0,0,0,5,4,0
412.017,0,24864768,windows,0,1.19447e+07,1.1944e+07,1706,0,0,0,0,0,0,1194,490,22
412.071,1,26199040,windows,0,445,370,9,0,0,0,0,0,0,5,4,0
412.274,0,24878080,windows,0,1.03784e+07,1.0372e+07,1598,0,0,0,0,0,0,1120,452,26
412.321,1,26214400,windows,0,445,370,9,0,0,0,0,0,0,5,4,0
412.531,0,24891392,windows,0,9.09359e+06,9.0876e+06,1502,0,0,0,0,0,0,1074,407,21
412.571,1,26230784,windows,0,445,370,9,0,0,0,0,0,0,5,4,0
412.784,0,24904704,windows,0,8.00173e+06,8.00173e+06,1411,0,0,0,0,0,0,1010,380,21
412.83,1,26247168,windows,0,445,370,9,0,0,0,0,0,0,5,4,0
413.04,0,24918016,windows,0,6.43904e+06,6.43422e+06,1253,0,0,0,0,0,0,883,356,14
413.093,1,26262528,windows,0,445,370,9,0,0,0,0,0,0,5,4,0
413.304,0,24932352,windows,0,5.4493e+06,5.4493e+06,1162,0,0,0,0,0,0,830,316,16
413.354,1,26278912,windows,0,445,370,9,0,0,0,0,0,0,5,4,0
413.568,0,24947712,windows,0,4.6323e+06,4.62652e+06,1071,0,0,0,0,0,0,769,289,13
413.607,1,26292224,repair,759,2.57682e+08,2.57663e+08,6872,59,164,125,279,132,0,3725,2950,197
413.833,0,24964096,windows,0,3.90848e+06,3.90332e+06,990,0,0,0,0,0,0,717,258,15
413.86,1,26312704,repair,592,2.78036e+08,2.78031e+08,7238,31,121,102,225,113,0,3974,3081,183
414.088,0,24979456,windows,0,3.14402e+06,3.14093e+06,878,0,0,0,0,0,0,618,248,12
414.122,1,26333184,repair,482,2.57247e+08,2.57247e+08,7090,33,87,93,173,96,0,3984,2931,175
414.338,0,24993792,windows,0,2.51254e+06,2.50968e+06,791,0,0,0,0,0,0,572,209,10
414.375,1,26352640,repair,375,2.45007e+08,2.44984e+08,6907,25,76,58,129,87,0,3882,2879,146
414.604,0,25008128,windows,0,2.15172e+06,2.14875e+06,735,0,0,0,0,0,0,537,188,10
414.634,1,26372096,repair,315,2.04511e+08,2.04437e+08,6358,22,49,48,127,69,0,3640,2602,116
414.859,0,25021440,windows,0,1.86188e+06,1.85573e+06,678,0,0,0,0,0,0,480,188,10
414.889,1,26390528,repair,253,1.9647e+08,1.96398e+08,6369,12,49,31,111,50,0,3751,2489,129
415.112,0,25034752,windows,0,1.61155e+06,1.60925e+06,635,0,0,0,0,0,0,460,166,9
415.144,1,26407936,repair,202,1.83203e+08,1.83185e+08,6133,5,41,36,80,40,0,3593,2421,119
415.372,0,25048064,windows,0,1.29496e+06,1.29469e+06,572,0,0,0,0,0,0,419,144,9
415.403,1,26426368,repair,146,1.66214e+08,1.66214e+08,5909,4,32,23,60,27,0,3540,2266,103
415.625,0,25061376,windows,0,1.07094e+06,1.07071e+06,520,0,0,0,0,0,0,381,131,8
415.666,1,26444800,repair,107,1.49192e+08,1.49192e+08,5604,1,17,11,57,21,0,3376,2140,88
415.892,0,25073664,windows,0,944850,944708,485,0,0,0,0,0,0,354,126,5
415.923,1,26461184,repair,76,1.47252e+08,1.47207e+08,5538,4,9,11,31,21,0,3316,2144,78
416.146,0,25088000,windows,0,798920,796645,448,0,0,0,0,0,0,328,114,6
416.186,1,26478592,repair,44,1.49174e+08,1.49158e+08,5561,4,10,5,17,8,0,3309,2170,82
416.403,0,25102336,windows,0,677605,677492,409,0,0,0,0,0,0,295,110,4
416.437,1,26496000,repair,33,1.17903e+08,1.17851e+08,5102,1,7,5,15,5,0,3218,1816,68
416.655,0,25115648,windows,0,550280,548192,369,0,0,0,0,0,0,266,99,4
416.694,1,26514432,repair,10,1.14672e+08,1.14637e+08,5067,1,1,2,2,4,0,3241,1761,65
416.912,0,25128960,windows,0,410765,410712,315,0,0,0,0,0,0,223,90,2
416.954,1,26532864,repair,6,9.35969e+07,9.35804e+07,4556,0,0,1,3,2,0,2864,1619,73
417.169,0,25142272,windows,0,338245,338192,289,0,0,0,0,0,0,211,76,2
417.208,1,26549248,repair,1,7.89217e+07,7.89079e+07,4250,0,0,0,1,0,0,2755,1429,66
417.433,0,25156608,windows,0,295405,294361,273,0,0,0,0,0,0,209,62,2
417.467,1,26565632,repair,0,7.28988e+07,7.28971e+07,4030,0,0,0,0,0,0,2555,1417,58
417.686,0,25171968,windows,0,246865,246865,250,0,0,0,0,0,0,193,55,2
417.722,1,26582016,repair,0,5.82341e+07,5.81962e+07,3672,0,0,0,0,0,0,2404,1209,59
417.951,0,25188352,windows,0,185375,184601,215,0,0,0,0,0,0,155,57,3
417.99,1,26597376,windows,0,4.45205e+07,4.45205e+07,3191,0,0,0,0,0,0,2047,1083,61
418.213,0,25203712,windows,0,146120,144486,192,0,0,0,0,0,0,144,46,2
418.254,1,26611712,windows,0,3.74125e+07,3.74027e+07,2966,0,0,0,0,0,0,1953,955,58
418.468,0,25219072,windows,0,121600,120951,175,0,0,0,0,0,0,130,43,2
418.508,1,26626048,windows,0,3.20897e+07,3.20897e+07,2771,0,0,0,0,0,0,1865,855,51
418.731,0,25233408,windows,0,111520,110911,167,0,0,0,0,0,0,122,43,2
418.768,1,26640384,windows,0,2.7602e+07,2.75869e+07,2595,0,0,0,0,0,0,1797,755,43
418.993,0,25248768,windows,0,99245,99245,157,0,0,0,0,0,0,113,42,2
419.025,1,26654720,windows,0,2.2204e+07,2.21817e+07,2268,0,0,0,0,0,0,1492,743,33
419.251,0,25264128,windows,0,71780,71125,133,0,0,0,0,0,0,100,33,0
419.276,1,26669056,windows,0,1.89608e+07,1.89597e+07,2130,0,0,0,0,0,0,1438,655,37
419.504,0,25279488,windows,0,60660,60181.2,123,0,0,0,0,0,0,96,27,0
419.532,1,26683392,windows,0,1.61944e+07,1.61934e+07,1961,0,0,0,0,0,0,1313,614,34
419.767,0,25294848,windows,0,52105,51166.2,114,0,0,0,0,0,0,89,25,0
419.8,1,26698752,windows,0,1.36411e+07,1.36347e+07,1830,0,0,0,0,0,0,1269,527,34
420.033,0,25310208,windows,0,47525,47525,109,0,0,0,0,0,0,87,22,0
420.058,1,26713088,windows,0,1.16329e+07,1.16329e+07,1681,0,0,0,0,0,0,1151,499,31
420.299,0,25325568,windows,0,43300,42865,104,0,0,0,0,0,0,82,22,0
420.315,1,26727424,windows,0,9.65754e+06,9.65679e+06,1537,0,0,0,0,0,0,1069,443,25
420.563,0,25339904,windows,0,31705,31250,88,0,0,0,0,0,0,65,23,0
420.577,1,26741760,windows,0,8.27406e+06,8.26837e+06,1427,0,0,0,0,0,0,1001,403,23
420.82,0,25354240,windows,0,27845,27450,83,0,0,0,0,0,0,63,20,0
420.836,1,26757120,windows,0,7.08424e+06,7.07952e+06,1322,0,0,0,0,0,0,944,362,16
421.078,0,25369600,windows,0,24625,24625,78,0,0,0,0,0,0,59,19,0
421.103,1,26772480,windows,0,6.06914e+06,6.06257e+06,1226,0,0,0,0,0,0,883,329,14
421.328,0,25383936,windows,0,23945,23530,76,0,0,0,0,0,0,55,21,0
421.356,1,26785792,windows,0,5.06797e+06,5.05712e+06,1109,0,0,0,0,0,0,766,326,17
421.59,0,25399296,windows,0,22160,22160,74,0,0,0,0,0,0,56,18,0
421.622,1,26800128,windows,0,4.25856e+06,4.25856e+06,1024,0,0,0,0,0,0,720,288,16
421.844,0,25414656,windows,0,18980,18376.2,68,0,0,0,0,0,0,50,18,0
421.887,1,26813440,windows,0,3.68282e+06,3.68235e+06,962,0,0,0,0,0,0,695,251,16
422.108,0,25431040,windows,0,16360,16131.2,63,0,0,0,0,0,0,46,17,0
422.142,1,26827776,windows,0,3.14053e+06,3.13733e+06,888,0,0,0,0,0,0,640,233,15
422.373,0,25447424,windows,0,15245,15245,61,0,0,0,0,0,0,45,16,0
422.401,1,26842112,windows,0,2.73748e+06,2.73701e+06,831,0,0,0,0,0,0,598,217,16
422.63,0,25463808,windows,0,14800,14581.2,60,0,0,0,0,0,0,44,16,0
422.665,1,26856448,windows,0,2.2347e+06,2.23183e+06,733,0,0,0,0,0,0,497,223,13
422.883,0,25481216,windows,0,14180,14180,59,0,0,0,0,0,0,44,15,0
422.931,1,26870784,windows,0,1.85122e+06,1.84746e+06,674,0,0,0,0,0,0,478,188,8
423.146,0,25498624,windows,0,13600,13600,58,0,0,0,0,0,0,44,14,0
423.197,1,26886144,windows,0,1.54904e+06,1.54585e+06,623,0,0,0,0,0,0,455,160,8
423.397,0,25516032,windows,0,13120,13120,56,0,0,0,0,0,0,40,16,0
423.462,1,26901504,windows,0,1.33812e+06,1.33496e+06,576,0,0,0,0,0,0,409,158,9
423.656,0,25533440,windows,0,12500,12006.2,55,0,0,0,0,0,0,40,15,0
423.713,1,26915840,windows,0,1.12859e+06,1.1256e+06,525,0,0,0,0,0,0,368,150,7
423.919,0,25551872,windows,0,11720,11236.2,53,0,0,0,0,0,0,38,15,0
423.98,1,26930176,windows,0,830530,827875,450,0,0,0,0,0,0,308,133,9
424.171,0,25569280,windows,0,10625,10330,50,0,0,0,0,0,0,35,15,0
424.247,1,26944512,windows,0,685490,681524,415,0,0,0,0,0,0,294,112,9
424.432,0,25586688,windows,0,10625,10330,50,0,0,0,0,0,0,35,15,0
424.506,1,26958848,windows,0,591140,590908,384,0,0,0,0,0,0,270,106,8
424.683,0,25603072,windows,0,10075,9626.25,50,0,0,0,0,0,0,35,14,1
424.759,1,26973184,windows,0,519060,517539,362,0,0,0,0,0,0,258,96,8
424.937,0,25620480,windows,0,9505,9076.25,48,0,0,0,0,0,0,35,13,0
425.026,1,26987520,windows,0,412185,412185,314,0,0,0,0,0,0,207,99,8
425.187,0,25635840,windows,0,9505,9076.25,48,0,0,0,0,0,0,35,13,0
425.281,1,27001856,windows,0,329285,327610,285,0,0,0,0,0,0,193,84,8
425.447,0,25651200,windows,0,9505,9076.25,48,0,0,0,0,0,0,35,13,0
425.545,1,27017216,windows,0,280040,280040,265,0,0,0,0,0,0,182,75,8
425.703,0,25665536,windows,0,9505,9076.25,48,0,0,0,0,0,0,35,13,0
425.811,1,27032576,windows,0,245060,243452,249,0,0,0,0,0,0,172,69,8
425.958,0,25679872,windows,0,9160,8905,47,0,0,0,0,0,0,34,13,0
426.061,1,27046912,windows,0,217195,216932,236,0,0,0,0,0,0,163,64,9
426.225,0,25694208,windows,0,9005,8596.25,47,0,0,0,0,0,0,35,12,0
426.314,1,27061248,windows,0,174325,174092,211,0,0,0,0,0,0,145,58,8
426.477,0,25709568,windows,0,8000,7765,44,0,0,0,0,0,0,32,12,0
426.569,1,27075584,windows,0,132575,132312,185,0,0,0,0,0,0,125,51,9
426.737,0,25723904,windows,0,8000,7765,44,0,0,0,0,0,0,32,12,0
426.831,1,27090944,windows,0,110630,109126,168,0,0,0,0,0,0,114,47,7
426.988,0,25739264,windows,0,8000,7765,44,0,0,0,0,0,0,32,12,0
427.086,1,27105280,windows,0,89825,89010,152,0,0,0,0,0,0,105,41,6
427.24,0,25754624,windows,0,8000,7765,44,0,0,0,0,0,0,32,12,0
427.339,1,27119616,windows,0,80705,80010,146,0,0,0,0,0,0,105,35,6
427.493,0,25769984,windows,0,7685,7450,43,0,0,0,0,0,0,31,12,0
427.601,1,27133952,windows,0,60325,59477.5,125,0,0,0,0,0,0,85,34,6
427.76,0,25785344,windows,0,7685,7450,43,0,0,0,0,0,0,31,12,0
427.862,1,27148288,windows,0,52765,52198.8,117,0,0,0,0,0,0,79,32,6
428.024,0,25801728,windows,0,7685,7450,43,0,0,0,0,0,0,31,12,0
428.119,1,27161600,windows,0,45480,44945,109,0,0,0,0,0,0,78,27,4
428.279,0,25817088,windows,0,7685,7450,43,0,0,0,0,0,0,31,12,0
428.379,1,27174912,windows,0,42440,42440,105,0,0,0,0,0,0,74,27,4
428.547,0,25832448,windows,0,7380,7145,42,0,0,0,0,0,0,30,12,0
428.637,1,27189248,windows,0,39280,38725,100,0,0,0,0,0,0,68,28,4
428.814,0,25848832,windows,0,7085,6850,41,0,0,0,0,0,0,29,12,0
428.897,1,27204608,windows,0,35380,34516.2,94,0,0,0,0,0,0,62,28,4
429.064,0,25864192,windows,0,6625,6410,40,0,0,0,0,0,0,29,11,0
429.151,1,27218944,windows,0,27680,27205,84,0,0,0,0,0,0,56,24,4
429.319,0,25879552,windows,0,6625,6410,40,0,0,0,0,0,0,29,11,0
429.416,1,27234304,windows,0,23995,23296.2,78,0,0,0,0,0,0,53,22,3
429.577,0,25894912,windows,0,6625,6410,40,0,0,0,0,0,0,29,11,0
429.678,1,27247616,windows,0,22850,22455,77,0,0,0,0,0,0,54,20,3
429.834,0,25909248,windows,0,5645,5645,37,0,0,0,0,0,0,27,10,0
429.935,1,27260928,windows,0,22070,22070,76,0,0,0,0,0,0,54,19,3
430.103,0,25925632,windows,0,5380,5380,36,0,0,0,0,0,0,26,10,0
430.198,1,27276288,windows,0,19990,19990,72,0,0,0,0,0,0,50,19,3
430.37,0,25940992,windows,0,5380,5380,36,0,0,0,0,0,0,26,10,0
430.467,1,27290624,windows,0,18850,18226.2,69,0,0,0,0,0,0,46,20,3
430.624,0,25955328,windows,0,5380,5380,36,0,0,0,0,0,0,26,10,0
430.719,1,27303936,windows,0,18395,17776.2,68,0,0,0,0,0,0,45,20,3
430.881,0,25970688,windows,0,5125,5125,35,0,0,0,0,0,0,25,10,0
430.983,1,27318272,windows,0,17950,17336.2,67,0,0,0,0,0,0,44,20,3
431.144,0,25986048,windows,0,5125,5125,35,0,0,0,0,0,0,25,10,0
431.238,1,27332608,windows,0,16735,16360,65,0,0,0,0,0,0,43,19,3
431.397,0,25998336,windows,0,5125,5125,35,0,0,0,0,0,0,25,10,0
431.493,1,27346944,windows,0,14870,14870,62,0,0,0,0,0,0,42,17,3
431.653,0,26014720,windows,0,4880,4761.25,34,0,0,0,0,0,0,24,10,0
431.749,1,27361280,windows,0,13655,13655,59,0,0,0,0,0,0,39,17,3
431.905,0,26032128,windows,0,4420,4311.25,32,0,0,0,0,0,0,22,10,0
431.999,1,27375616,windows,0,13655,13655,59,0,0,0,0,0,0,39,17,3
432.171,0,26049536,windows,0,4420,4311.25,32,0,0,0,0,0,0,22,10,0
432.25,1,27389952,windows,0,13270,13081.2,58,0,0,0,0,0,0,38,17,3
432.426,0,26065920,windows,0,4420,4311.25,32,0,0,0,0,0,0,22,10,0
432.506,1,27404288,windows,0,12845,12651.2,57,0,0,0,0,0,0,39,16,2
432.686,0,26083328,windows,0,4420,4311.25,32,0,0,0,0,0,0,22,10,0
432.771,1,27419648,windows,0,12085,11901.2,55,0,0,0,0,0,0,37,16,2
432.946,0,26100736,windows,0,4205,4101.25,31,0,0,0,0,0,0,21,10,0
433.033,1,27435008,windows,0,11720,11541.2,54,0,0,0,0,0,0,36,16,2
433.204,0,26118144,windows,0,4205,4101.25,31,0,0,0,0,0,0,21,10,0
433.291,1,27449344,windows,0,11720,11541.2,54,0,0,0,0,0,0,36,16,2
433.466,0,26137600,windows,0,4205,4101.25,31,0,0,0,0,0,0,21,10,0
433.553,1,27464704,windows,0,11020,10851.2,52,0,0,0,0,0,0,34,16,2
433.723,0,26155008,windows,0,4205,4101.25,31,0,0,0,0,0,0,21,10,0
433.807,1,27479040,windows,0,10595,10595,50,0,0,0,0,0,0,33,16,1
433.974,0,26172416,windows,0,4205,4101.25,31,0,0,0,0,0,0,21,10,0
434.059,1,27493376,windows,0,10310,10015,50,0,0,0,0,0,0,34,15,1
434.228,0,26189824,windows,0,445,370,9,0,0,0,0,0,0,5,4,0
434.313,1,27507712,windows,0,10310,10015,50,0,0,0,0,0,0,34,15,1
434.483,0,26208256,windows,0,445,370,9,0,0,0,0,0,0,5,4,0
434.566,1,27522048,windows,0,9730,9561.25,49,0,0,0,0,0,0,34,14,1
434.734,0,26225664,windows,0,445,370,9,0,0,0,0,0,0,5,4,0
434.83,1,27537408,windows,0,9650,9355,48,0,0,0,0,0,0,32,15,1
434.988,0,26244096,windows,0,445,370,9,0,0,0,0,0,0,5,4,0
435.083,1,27552768,windows,0,9070,9070,47,0,0,0,0,0,0,32,14,1
435.246,0,26262528,windows,0,445,370,9,0,0,0,0,0,0,5,4,0
435.342,1,27568128,windows,0,9070,9070,47,0,0,0,0,0,0,32,14,1
435.501,0,26281984,windows,0,445,370,9,0,0,0,0,0,0,5,4,0
435.605,1,27584512,windows,0,9070,9070,47,0,0,0,0,0,0,32,14,1
435.755,0,26300416,windows,0,445,370,9,0,0,0,0,0,0,5,4,0
435.867,1,27599872,windows,0,8450,8175,45,0,0,0,0,0,0,30,14,1
436.007,0,26318848,windows,0,445,370,9,0,0,0,0,0,0,5,4,0
436.133,1,27615232,windows,0,8155,7736.25,44,0,0,0,0,0,0,29,14,1
436.27,0,26337280,windows,0,445,370,9,0,0,0,0,0,0,5,4,0
436.392,1,27630592,windows,0,8155,7736.25,44,0,0,0,0,0,0,29,14,1
436.53,0,26356736,windows,0,445,370,9,0,0,0,0,0,0,5,4,0
436.655,1,27646976,windows,0,7880,7476.25,43,0,0,0,0,0,0,30,13,0
436.792,0,26375168,windows,0,445,370,9,0,0,0,0,0,0,5,4,0
436.92,1,27662336,windows,0,7840,7426.25,42,0,0,0,0,0,0,28,14,0
437.055,0,26393600,windows,0,445,370,9,0,0,0,0,0,0,5,4,0
437.18,1,27677696,windows,0,7585,7330,42,0,0,0,0,0,0,29,13,0
437.311,0,26411008,windows,0,445,370,9,0,0,0,0,0,0,5,4,0
437.433,1,27692032,windows,0,7300,7045,41,0,0,0,0,0,0,28,13,0
437.572,0,26427392,windows,0,445,370,9,0,0,0,0,0,0,5,4,0
437.697,1,27708416,windows,0,7300,7045,41,0,0,0,0,0,0,28,13,0
437.837,0,26442752,windows,0,445,370,9,0,0,0,0,0,0,5,4,0
437.962,1,27724800,windows,0,6505,6126.25,38,0,0,0,0,0,0,25,13,0
438.091,0,26457088,windows,0,445,370,9,0,0,0,0,0,0,5,4,0
438.227,1,27741184,windows,0,6260,5886.25,37,0,0,0,0,0,0,24,13,0
438.347,0,26470400,windows,0,445,370,9,0,0,0,0,0,0,5,4,0
438.489,1,27757568,windows,0,6025,5770,36,0,0,0,0,0,0,23,13,0
438.598,0,26484736,windows,0,445,370,9,0,0,0,0,0,0,5,4,0
438.741,1,27772928,windows,0,6025,5770,36,0,0,0,0,0,0,23,13,0
438.851,0,26499072,windows,0,445,370,9,0,0,0,0,0,0,5,4,0
438.996,1,27787264,windows,0,6025,5770,36,0,0,0,0,0,0,23,13,0
439.117,0,26514432,windows,0,445,370,9,0,0,0,0,0,0,5,4,0
439.249,1,27804672,windows,0,6025,5770,36,0,0,0,0,0,0,23,13,0
439.374,0,26529792,windows,0,445,370,9,0,0,0,0,0,0,5,4,0
439.502,1,27821056,windows,0,6025,5770,36,0,0,0,0,0,0,23,13,0
439.633,0,26544128,windows,0,445,370,9,0,0,0,0,0,0,5,4,0
439.763,1,27838464,windows,0,5585,5226.25,34,0,0,0,0,0,0,21,13,0
439.893,0,26559488,windows,0,445,370,9,0,0,0,0,0,0,5,4,0
440.02,1,27854848,windows,0,5525,5176.25,35,0,0,0,0,0,0,23,12,0
440.15,0,26574848,windows,0,445,370,9,0,0,0,0,0,0,5,4,0
440.284,1,27871232,windows,0,5300,4956.25,34,0,0,0,0,0,0,22,12,0
440.407,0,26590208,windows,0,445,370,9,0,0,0,0,0,0,5,4,0
440.542,1,27887616,windows,0,5085,4746.25,33,0,0,0,0,0,0,21,12,0
440.664,0,26604544,windows,0,445,370,9,0,0,0,0,0,0,5,4,0
440.798,1,27904000,windows,0,5085,4746.25,33,0,0,0,0,0,0,21,12,0
440.919,0,26619904,windows,0,445,370,9,0,0,0,0,0,0,5,4,0
441.052,1,27919360,windows,0,4880,4546.25,32,0,0,0,0,0,0,20,12,0
441.17,0,26635264,windows,0,445,370,9,0,0,0,0,0,0,5,4,0
441.312,1,27935744,windows,0,4880,4546.25,32,0,0,0,0,0,0,20,12,0
441.428,0,26651648,windows,0,445,370,9,0,0,0,0,0,0,5,4,0
441.572,1,27954176,windows,0,4880,4546.25,32,0,0,0,0,0,0,20,12,0
441.682,0,26668032,windows,0,445,370,9,0,0,0,0,0,0,5,4,0
441.828,1,27973632,windows,0,4880,4546.25,32,0,0,0,0,0,0,20,12,0
441.938,0,26684416,windows,0,445,370,9,0,0,0,0,0,0,5,4,0
442.089,1,27994112,windows,0,445,370,9,0,0,0,0,0,0,5,4,0
442.199,0,26703872,windows,0,445,370,9,0,0,0,0,0,0,5,4,0
442.345,1,28015616,windows,0,445,370,9,0,0,0,0,0,0,5,4,0
442.453,0,26721280,windows,0,445,370,9,0,0,0,0,0,0,5,4,0
442.606,1,28037120,windows,0,445,370,9,0,0,0,0,0,0,5,4,0
442.714,0,26739712,windows,0,445,370,9,0,0,0,0,0,0,5,4,0
442.862,1,28058624,windows,0,445,370,9,0,0,0,0,0,0,5,4,0
442.971,0,26758144,windows,0,445,370,9,0,0,0,0,0,0,5,4,0
443.114,1,28080128,windows,0,445,370,9,0,0,0,0,0,0,5,4,0
443.236,0,26776576,windows,0,445,370,9,0,0,0,0,0,0,5,4,0
443.374,1,28099584,windows,0,445,370,9,0,0,0,0,0,0,5,4,0
443.487,0,26793984,windows,0,445,370,9,0,0,0,0,0,0,5,4,0
443.633,1,28118016,windows,0,445,370,9,0,0,0,0,0,0,5,4,0
443.749,0,26811392,windows,0,445,370,9,0,0,0,0,0,0,5,4,0
443.89,1,28137472,windows,0,445,370,9,0,0,0,0,0,0,5,4,0
444,0,26828800,windows,0,445,370,9,0,0,0,0,0,0,5,4,0
444.153,1,28156928,windows,0,445,370,9,0,0,0,0,0,0,5,4,0
444.261,0,26846208,repair,0,445,370,9,0,0,0,0,0,0,5,4,0
444.416,1,28176384,windows,0,445,370,9,0,0,0,0,0,0,5,4,0
444.512,0,26862592,repair,0,445,370,9,0,0,0,0,0,0,5,4,0
444.671,1,28196864,windows,0,445,370,9,0,0,0,0,0,0,5,4,0
444.773,0,26880000,windows,0,445,370,9,0,0,0,0,0,0,5,4,0
444.921,1,28218368,windows,0,445,370,9,0,0,0,0,0,0,5,4,0
445.024,0,26896384,windows,0,445,370,9,0,0,0,0,0,0,5,4,0
445.173,1,28239872,windows,0,445,370,9,0,0,0,0,0,0,5,4,0
445.284,0,26912768,windows,0,445,370,9,0,0,0,0,0,0,5,4,0
445.424,1,28259328,windows,0,445,370,9,0,0,0,0,0,0,5,4,0
445.551,0,26929152,windows,0,445,370,9,0,0,0,0,0,0,5,4,0
445.676,1,28278784,repair,0,445,370,9,0,0,0,0,0,0,5,4,0
445.813,0,26944512,windows,0,445,370,9,0,0,0,0,0,0,5,4,0
445.934,1,28299264,repair,0,445,370,9,0,0,0,0,0,0,5,4,0
446.075,0,26959872,windows,0,445,370,9,0,0,0,0,0,0,5,4,0
446.185,1,28320768,repair,0,445,370,9,0,0,0,0,0,0,5,4,0
446.329,0,26974208,windows,0,445,370,9,0,0,0,0,0,0,5,4,0
446.439,1,28341248,windows,0,445,370,9,0,0,0,0,0,0,5,4,0
446.594,0,26989568,windows,0,445,370,9,0,0,0,0,0,0,5,4,0
446.694,1,28359680,windows,0,445,370,9,0,0,0,0,0,0,5,4,0
446.849,0,27003904,windows,0,445,370,9,0,0,0,0,0,0,5,4,0
446.958,1,28378112,windows,0,445,370,9,0,0,0,0,0,0,5,4,0
447.102,0,27018240,windows,0,445,370,9,0,0,0,0,0,0,5,4,0
447.21,1,28395520,windows,0,445,370,9,0,0,0,0,0,0,5,4,0
447.354,0,27032576,windows,0,445,370,9,0,0,0,0,0,0,5,4,0
447.466,1,28412928,windows,0,445,370,9,0,0,0,0,0,0,5,4,0
447.615,0,27047936,windows,0,445,370,9,0,0,0,0,0,0,5,4,0
447.722,1,28431360,windows,0,445,370,9,0,0,0,0,0,0,5,4,0
447.878,0,27063296,windows,0,445,370,9,0,0,0,0,0,0,5,4,0
447.979,1,28449792,windows,0,445,370,9,0,0,0,0,0,0,5,4,0
448.134,0,27077632,windows,0,445,370,9,0,0,0,0,0,0,5,4,0
448.241,1,28468224,windows,0,445,370,9,0,0,0,0,0,0,5,4,0
448.393,0,27092992,windows,0,445,370,9,0,0,0,0,0,0,5,4,0
448.496,1,28486656,windows,0,445,370,9,0,0,0,0,0,0,5,4,0
448.658,0,27106304,repair,0,445,370,9,0,0,0,0,0,0,5,4,0
448.755,1,28504064,windows,0,445,370,9,0,0,0,0,0,0,5,4,0
448.909,0,27120640,repair,0,445,370,9,0,0,0,0,0,0,5,4,0
449.007,1,28520448,windows,0,445,370,9,0,0,0,0,0,0,5,4,0
449.164,0,27134976,windows,0,445,370,9,0,0,0,0,0,0,5,4,0
449.264,1,28539904,windows,0,445,370,9,0,0,0,0,0,0,5,4,0
449.424,0,27150336,windows,0,445,370,9,0,0,0,0,0,0,5,4,0
449.522,1,28560384,windows,0,445,370,9,0,0,0,0,0,0,5,4,0
449.682,0,27164672,windows,0,445,370,9,0,0,0,0,0,0,5,4,0
449.772,1,28577792,windows,0,445,370,9,0,0,0,0,0,0,5,4,0
449.94,0,27180032,windows,0,445,370,9,0,0,0,0,0,0,5,4,0
450.026,1,28599296,windows,0,445,370,9,0,0,0,0,0,0,5,4,0
450.19,0,27194368,windows,0,445,370,9,0,0,0,0,0,0,5,4,0
450.283,1,28620800,windows,0,445,370,9,0,0,0,0,0,0,5,4,0
450.449,0,27209728,windows,0,445,370,9,0,0,0,0,0,0,5,4,0
450.54,1,28641280,repair,0,445,370,9,0,0,0,0,0,0,5,4,0
450.704,0,27224064,windows,0,445,370,9,0,0,0,0,0,0,5,4,0
450.802,1,28661760,windows,0,445,370,9,0,0,0,0,0,0,5,4,0
450.961,0,27239424,windows,0,445,370,9,0,0,0,0,0,0,5,4,0
451.058,1,28680192,windows,0,445,370,9,0,0,0,0,0,0,5,4,0
451.212,0,27253760,windows,0,445,370,9,0,0,0,0,0,0,5,4,0
451.321,1,28698624,windows,0,445,370,9,0,0,0,0,0,0,5,4,0
451.467,0,27268096,windows,0,445,370,9,0,0,0,0,0,0,5,4,0
451.577,1,28717056,windows,0,445,370,9,0,0,0,0,0,0,5,4,0
451.729,0,27282432,windows,0,445,370,9,0,0,0,0,0,0,5,4,0
451.834,1,28735488,windows,0,445,370,9,0,0,0,0,0,0,5,4,0
451.985,0,27297792,windows,0,445,370,9,0,0,0,0,0,0,5,4,0
452.085,1,28753920,windows,0,445,370,9,0,0,0,0,0,0,5,4,0
452.253,0,27313152,windows,0,445,370,9,0,0,0,0,0,0,5,4,0
452.345,1,28772352,windows,0,445,370,9,0,0,0,0,0,0,5,4,0
452.503,0,27326464,windows,0,445,370,9,0,0,0,0,0,0,5,4,0
452.603,1,28790784,windows,0,445,370,9,0,0,0,0,0,0,5,4,0
452.767,0,27341824,windows,0,445,370,9,0,0,0,0,0,0,5,4,0
452.866,1,28810240,windows,0,445,370,9,0,0,0,0,0,0,5,4,0
453.026,0,27357184,windows,0,445,370,9,0,0,0,0,0,0,5,4,0
453.124,1,28829696,windows,0,445,370,9,0,0,0,0,0,0,5,4,0
453.278,0,27371520,windows,0,445,370,9,0,0,0,0,0,0,5,4,0
453.377,1,28848128,windows,0,445,370,9,0,0,0,0,0,0,5,4,0
453.537,0,27386880,windows,0,445,370,9,0,0,0,0,0,0,5,4,0
453.633,1,28867584,windows,0,445,370,9,0,0,0,0,0,0,5,4,0
453.787,0,27398144,repair,767,2.66115e+08,2.66115e+08,7039,52,172,119,285,139,0,3883,2966,190
453.888,1,28887040,repair,0,445,370,9,0,0,0,0,0,0,5,4,0
454.04,0,27416576,repair,614,2.72237e+08,2.72178e+08,7259,46,144,93,231,100,0,4083,2992,184
454.145,1,28906496,repair,0,445,370,9,0,0,0,0,0,0,5,4,0
454.293,0,27433984,repair,518,2.58537e+08,2.58532e+08,7108,23,114,90,191,100,0,4016,2922,170
454.397,1,28923904,windows,0,445,370,9,0,0,0,0,0,0,5,4,0
454.556,0,27451392,repair,426,2.56551e+08,2.56527e+08,7052,24,78,69,170,85,0,3937,2948,167
454.649,1,28940288,windows,0,445,370,9,0,0,0,0,0,0,5,4,0
454.811,0,27467776,repair,358,2.08928e+08,2.08857e+08,6425,19,60,72,123,84,0,3663,2631,131
454.913,1,28957696,windows,0,445,370,9,0,0,0,0,0,0,5,4,0
455.066,0,27484160,repair,295,2.02771e+08,2.02748e+08,6441,19,57,45,114,60,0,3785,2536,120
455.168,1,28974080,windows,0,445,370,9,0,0,0,0,0,0,5,4,0
455.327,0,27501568,repair,243,1.76824e+08,1.76777e+08,6110,11,42,41,98,51,0,3671,2319,120
455.433,1,28991488,windows,0,445,370,9,0,0,0,0,0,0,5,4,0
455.589,0,27517952,repair,185,1.71941e+08,1.71892e+08,5983,6,39,29,69,42,0,3555,2319,109
455.695,1,29007872,windows,0,445,370,9,0,0,0,0,0,0,5,4,0
455.843,0,27533312,repair,142,1.61017e+08,1.61014e+08,5803,14,24,18,53,33,0,3463,2239,101
455.951,1,29024256,windows,0,445,370,9,0,0,0,0,0,0,5,4,0
456.11,0,27550720,repair,110,1.46556e+08,1.4651e+08,5571,4,17,20,44,25,0,3351,2119,101
456.204,1,29041664,windows,0,445,370,9,0,0,0,0,0,0,5,4,0
456.37,0,27567104,repair,79,1.43432e+08,1.43371e+08,5521,4,14,9,33,19,0,3355,2083,83
456.464,1,29059072,windows,0,445,370,9,0,0,0,0,0,0,5,4,0
456.623,0,27582464,repair,54,1.2908e+08,1.29078e+08,5294,5,7,8,19,15,0,3259,1945,90
456.722,1,29075456,windows,0,445,370,9,0,0,0,0,0,0,5,4,0
456.887,0,27598848,repair,40,1.06405e+08,1.06387e+08,4879,2,6,3,18,11,0,3058,1722,99
456.98,1,29091840,windows,0,445,370,9,0,0,0,0,0,0,5,4,0
457.153,0,27615232,repair,22,1.02159e+08,1.02142e+08,4771,1,5,1,7,8,0,3008,1684,79
457.233,1,29107200,windows,0,445,370,9,0,0,0,0,0,0,5,4,0
457.413,0,27631616,repair,11,9.40737e+07,9.40568e+07,4594,2,2,0,5,2,0,2906,1607,81
457.489,1,29123584,windows,0,445,370,9,0,0,0,0,0,0,5,4,0
457.676,0,27648000,repair,3,8.43897e+07,8.43435e+07,4352,0,1,0,1,1,0,2767,1516,69
457.745,1,29138944,windows,0,445,370,9,0,0,0,0,0,0,5,4,0
457.927,0,27665408,repair,3,6.62483e+07,6.62209e+07,3932,0,1,0,1,1,0,2597,1273,62
458.012,1,29155328,windows,0,445,370,9,0,0,0,0,0,0,5,4,0
458.192,0,27682816,repair,2,5.756e+07,5.75583e+07,3688,0,1,0,0,1,0,2474,1159,55
458.266,1,29171712,repair,0,445,370,9,0,0,0,0,0,0,5,4,0
458.449,0,27700224,repair,1,5.39254e+07,5.39254e+07,3541,0,0,0,0,1,0,2326,1157,58
458.522,1,29188096,repair,0,445,370,9,0,0,0,0,0,0,5,4,0
458.713,0,27716608,windows,0,4.39055e+07,4.3895e+07,3191,0,0,0,0,0,0,2093,1047,51
458.775,1,29205504,repair,0,445,370,9,0,0,0,0,0,0,5,4,0
458.967,0,27729920,windows,0,3.60681e+07,3.60495e+07,2905,0,0,0,0,0,0,1933,931,41
459.031,1,29221888,windows,0,445,370,9,0,0,0,0,0,0,5,4,0
459.233,0,27742208,windows,0,3.11856e+07,3.11686e+07,2709,0,0,0,0,0,0,1824,852,33
459.286,1,29239296,windows,0,445,370,9,0,0,0,0,0,0,5,4,0
459.501,0,27756544,windows,0,2.68633e+07,2.68538e+07,2529,0,0,0,0,0,0,1731,770,28
459.539,1,29256704,windows,0,445,370,9,0,0,0,0,0,0,5,4,0
459.766,0,27770880,windows,0,2.30129e+07,2.30129e+07,2334,0,0,0,0,0,0,1591,719,24
459.802,1,29275136,windows,0,445,370,9,0,0,0,0,0,0,5,4,0
460.022,0,27784192,windows,0,1.9312e+07,1.92905e+07,2115,0,0,0,0,0,0,1406,686,23
460.06,1,29292544,windows,0,445,370,9,0,0,0,0,0,0,5,4,0
460.286,0,27798528,windows,0,1.57832e+07,1.57714e+07,1936,0,0,0,0,0,0,1320,594,22
460.314,1,29309952,windows,0,445,370,9,0,0,0,0,0,0,5,4,0
460.551,0,27812864,windows,0,1.34407e+07,1.34231e+07,1792,0,0,0,0,0,0,1229,542,21
460.567,1,29326336,windows,0,445,370,9,0,0,0,0,0,0,5,4,0
460.817,0,27827200,windows,0,1.16026e+07,1.15928e+07,1677,0,0,0,0,0,0,1165,490,22
460.824,1,29343744,windows,0,445,370,9,0,0,0,0,0,0,5,4,0
461.073,0,27841536,windows,0,1.01239e+07,1.01232e+07,1570,0,0,0,0,0,0,1089,457,24
461.074,1,29361152,windows,0,445,370,9,0,0,0,0,0,0,5,4,0
461.337,1,29379584,windows,0,445,370,9,0,0,0,0,0,0,5,4,0
461.339,0,27855872,windows,0,8.33287e+06,8.31854e+06,1420,0,0,0,0,0,0,958,431,31
461.593,1,29396992,windows,0,445,370,9,0,0,0,0,0,0,5,4,0
461.599,0,27870208,windows,0,7.01862e+06,7.0134e+06,1313,0,0,0,0,0,0,919,373,21
461.853,1,29414400,windows,0,445,370,9,0,0,0,0,0,0,5,4,0
461.866,0,27884544,windows,0,5.92141e+06,5.92141e+06,1202,0,0,0,0,0,0,844,343,15
462.117,1,29432832,windows,0,445,370,9,0,0,0,0,0,0,5,4,0
462.127,0,27897856,windows,0,5.16997e+06,5.15983e+06,1135,0,0,0,0,0,0,814,304,17
462.376,1,29451264,windows,0,445,370,9,0,0,0,0,0,0,5,4,0
462.38,0,27912192,windows,0,4.47317e+06,4.47317e+06,1047,0,0,0,0,0,0,730,300,17
462.629,1,29470720,windows,0,445,370,9,0,0,0,0,0,0,5,4,0
462.638,0,27925504,windows,0,3.63722e+06,3.63722e+06,944,0,0,0,0,0,0,666,266,12
462.892,1,29489152,windows,0,445,370,9,0,0,0,0,0,0,5,4,0
462.905,0,27939840,windows,0,2.96461e+06,2.96171e+06,842,0,0,0,0,0,0,580,253,9
463.144,1,29507584,windows,0,445,370,9,0,0,0,0,0,0,5,4,0
463.159,0,27954176,windows,0,2.51042e+06,2.51042e+06,784,0,0,0,0,0,0,563,215,6
463.403,1,29527040,windows,0,445,370,9,0,0,0,0,0,0,5,4,0
463.414,0,27968512,windows,0,2.17588e+06,2.17159e+06,734,0,0,0,0,0,0,524,200,10
463.659,1,29541376,repair,849,2.30794e+08,2.30716e+08,6508,56,180,153,305,155,0,3578,2734,196
463.672,0,27982848,windows,0,1.88882e+06,1.88633e+06,688,0,0,0,0,0,0,499,179,10
463.915,1,29562880,repair,644,2.74304e+08,2.74244e+08,7238,47,133,106,244,114,0,4028,3021,189
463.923,0,27996160,windows,0,1.48918e+06,1.48897e+06,599,0,0,0,0,0,0,415,177,7
464.172,1,29584384,repair,521,2.50272e+08,2.50252e+08,6990,29,109,89,189,105,0,3946,2875,169
464.173,0,28009472,windows,0,1.25908e+06,1.2557e+06,550,0,0,0,0,0,0,383,162,5
464.424,1,29604864,repair,399,2.34829e+08,2.34804e+08,6870,23,82,82,132,80,0,3959,2760,151
464.43,0,28023808,windows,0,1.04518e+06,1.04217e+06,506,0,0,0,0,0,0,358,142,6
464.682,1,29626368,repair,317,2.14032e+08,2.14032e+08,6625,20,52,48,113,84,0,3874,2607,144
464.694,0,28039168,windows,0,895420,895420,469,0,0,0,0,0,0,332,131,6
464.937,1,29646848,repair,253,1.8794e+08,1.87869e+08,6235,10,42,38,98,65,0,3690,2427,118
464.946,0,28053504,windows,0,793705,791909,446,0,0,0,0,0,0,325,115,6
465.194,1,29666304,repair,185,1.85641e+08,1.85588e+08,6214,9,38,32,67,39,0,3667,2420,127
465.209,0,28066816,windows,0,600440,600268,382,0,0,0,0,0,0,264,112,6
465.452,1,29686784,repair,150,1.47639e+08,1.47619e+08,5572,7,22,31,59,31,0,3315,2142,115
465.463,0,28081152,windows,0,499680,497532,351,0,0,0,0,0,0,246,99,6
465.704,1,29706240,repair,100,1.50251e+08,1.5023e+08,5683,5,17,14,44,20,0,3471,2115,97
465.724,0,28095488,windows,0,437650,437508,330,0,0,0,0,0,0,236,89,5
465.956,1,29725696,repair,56,1.502e+08,1.50197e+08,5634,1,6,12,28,9,0,3379,2153,102
465.987,0,28109824,windows,0,372725,371050,303,0,0,0,0,0,0,215,84,4
466.212,1,29745152,repair,33,1.31017e+08,1.30958e+08,5272,4,4,6,13,6,0,3181,2002,89
466.25,0,28124160,windows,0,319025,319025,282,0,0,0,0,0,0,203,75,4
466.471,1,29764608,repair,22,1.09961e+08,1.09961e+08,4988,3,4,3,10,2,0,3189,1716,83
466.515,0,28138496,windows,0,242395,240958,244,0,0,0,0,0,0,173,68,3
466.735,1,29785088,repair,16,9.1037e+07,9.09917e+07,4586,3,2,4,7,0,0,2999,1515,72
466.777,0,28152832,windows,0,203105,202992,224,0,0,0,0,0,0,157,63,4
466.988,1,29804544,repair,2,8.37655e+07,8.37655e+07,4396,0,0,1,1,0,0,2878,1453,65
467.03,0,28166144,windows,0,189380,188529,215,0,0,0,0,0,0,148,63,4
467.245,1,29824000,repair,2,6.61833e+07,6.61577e+07,3919,0,1,0,1,0,0,2577,1282,60
467.294,0,28180480,windows,0,166705,166592,202,0,0,0,0,0,0,139,59,4
467.503,1,29842432,windows,0,5.51887e+07,5.51535e+07,3572,0,0,0,0,0,0,2345,1175,52
467.547,0,28194816,windows,0,155030,153144,194,0,0,0,0,0,0,134,57,3
467.763,1,29859840,windows,0,4.37351e+07,4.37031e+07,3200,0,0,0,0,0,0,2153,1013,34
467.807,0,28209152,windows,0,114530,112936,162,0,0,0,0,0,0,108,53,1
468.03,1,29874176,windows,0,3.4885e+07,3.48741e+07,2868,0,0,0,0,0,0,1919,906,43
468.064,0,28223488,windows,0,93965,93912.5,151,0,0,0,0,0,0,105,44,2
468.282,1,29887488,windows,0,2.97543e+07,2.97543e+07,2665,0,0,0,0,0,0,1801,821,43
468.316,0,28237824,windows,0,82445,81908.8,141,0,0,0,0,0,0,97,42,2
468.538,1,29901824,windows,0,2.55575e+07,2.55491e+07,2470,0,0,0,0,0,0,1690,750,30
468.574,0,28253184,windows,0,75365,75312.5,135,0,0,0,0,0,0,93,40,2
468.797,1,29916160,windows,0,2.20624e+07,2.20398e+07,2295,0,0,0,0,0,0,1568,698,29
468.835,0,28267520,windows,0,72860,72032.5,133,0,0,0,0,0,0,92,39,2
469.059,1,29930496,windows,0,1.84541e+07,1.84534e+07,2098,0,0,0,0,0,0,1433,639,26
469.094,0,28281856,windows,0,58975,58280,119,0,0,0,0,0,0,83,35,1
469.321,1,29944832,windows,0,1.52183e+07,1.52004e+07,1925,0,0,0,0,0,0,1341,557,27
469.359,0,28297216,windows,0,50450,50450,108,0,0,0,0,0,0,72,35,1
469.584,1,29959168,windows,0,1.28534e+07,1.28466e+07,1765,0,0,0,0,0,0,1231,513,21
469.628,0,28312576,windows,0,47650,46975,105,0,0,0,0,0,0,70,34,1
469.844,1,29973504,windows,0,1.11572e+07,1.11477e+07,1647,0,0,0,0,0,0,1150,476,21
469.89,0,28326912,windows,0,43590,43590,100,0,0,0,0,0,0,66,33,1
470.102,1,29987840,windows,0,9.69248e+06,9.68715e+06,1535,0,0,0,0,0,0,1066,447,22
470.153,0,28342272,windows,0,40355,40355,96,0,0,0,0,0,0,63,32,1
470.371,1,30002176,windows,0,7.87399e+06,7.86038e+06,1382,0,0,0,0,0,0,950,409,23
470.421,0,28357632,windows,0,29350,29350,84,0,0,0,0,0,0,58,25,1
470.623,1,30015488,windows,0,6.7904e+06,6.7904e+06,1295,0,0,0,0,0,0,910,363,22
470.679,0,28371968,windows,0,26575,26575,79,0,0,0,0,0,0,53,25,1
470.886,1,30029824,windows,0,5.82102e+06,5.82102e+06,1190,0,0,0,0,0,0,825,347,18
470.937,0,28386304,windows,0,25535,25535,77,0,0,0,0,0,0,51,25,1
471.144,1,30044160,windows,0,5.07773e+06,5.07773e+06,1113,0,0,0,0,0,0,774,322,17
471.197,0,28401664,windows,0,22795,22795,70,0,0,0,0,0,0,43,26,1
471.411,1,30059520,windows,0,4.311e+06,4.30506e+06,1034,0,0,0,0,0,0,743,278,13
471.452,0,28416000,windows,0,21675,21200,70,0,0,0,0,0,0,45,24,1
471.677,1,30073856,windows,0,3.55637e+06,3.55637e+06,932,0,0,0,0,0,0,652,267,13
471.721,0,28430336,windows,0,17710,17511.2,63,0,0,0,0,0,0,40,22,1
471.927,1,30087168,windows,0,3.04402e+06,3.04402e+06,867,0,0,0,0,0,0,616,239,12
471.985,0,28444672,windows,0,17315,17315,62,0,0,0,0,0,0,39,22,1
472.186,1,30100480,windows,0,2.63954e+06,2.63213e+06,803,0,0,0,0,0,0,560,231,12
472.241,0,28459008,windows,0,15665,15665,58,0,0,0,0,0,0,37,21,0
472.446,1,30114816,windows,0,2.281e+06,2.27828e+06,758,0,0,0,0,0,0,543,200,15
472.506,0,28474368,windows,0,14845,14661.2,57,0,0,0,0,0,0,37,20,0
472.696,1,30128128,windows,0,1.93621e+06,1.92955e+06,698,0,0,0,0,0,0,496,187,15
472.776,0,28489728,windows,0,14125,13730,55,0,0,0,0,0,0,35,20,0
472.964,1,30142464,windows,0,1.575e+06,1.575e+06,627,0,0,0,0,0,0,439,174,14
473.035,0,28505088,windows,0,12605,12431.2,53,0,0,0,0,0,0,35,18,0
473.23,1,30156800,windows,0,1.32562e+06,1.32319e+06,579,0,0,0,0,0,0,416,151,12
473.296,0,28520448,windows,0,11925,11761.2,51,0,0,0,0,0,0,33,18,0
473.491,1,30171136,windows,0,1.13894e+06,1.13894e+06,531,0,0,0,0,0,0,372,149,10
473.551,0,28535808,windows,0,11600,11441.2,50,0,0,0,0,0,0,32,18,0
473.744,1,30185472,windows,0,964045,962079,483,0,0,0,0,0,0,323,148,12
473.811,0,28551168,windows,0,11560,11056.2,51,0,0,0,0,0,0,34,17,0
474.01,1,30199808,windows,0,809485,805164,451,0,0,0,0,0,0,319,122,10
474.065,0,28565504,windows,0,10585,10250,48,0,0,0,0,0,0,31,17,0
474.278,1,30214144,windows,0,630560,628225,393,0,0,0,0,0,0,266,117,10
474.329,0,28580864,windows,0,9040,8725,44,0,0,0,0,0,0,28,16,0
474.534,1,30226432,windows,0,561405,558958,373,0,0,0,0,0,0,255,108,10
474.59,0,28596224,windows,0,8125,7850,43,0,0,0,0,0,0,29,14,0
474.792,1,30240768,windows,0,469045,469045,343,0,0,0,0,0,0,241,94,8
474.846,0,28611584,windows,0,7840,7840,42,0,0,0,0,0,0,28,14,0
475.06,1,30255104,windows,0,411595,409880,322,0,0,0,0,0,0,229,86,7
475.099,0,28626944,windows,0,7565,7565,41,0,0,0,0,0,0,27,14,0
475.318,1,30269440,windows,0,343435,342249,290,0,0,0,0,0,0,197,86,7
475.357,0,28642304,windows,0,7300,6906.25,41,0,0,0,0,0,0,28,13,0
475.573,1,30282752,windows,0,271040,271040,257,0,0,0,0,0,0,174,77,6
475.626,0,28658688,windows,0,6760,6505,39,0,0,0,0,0,0,26,13,0
475.836,1,30297088,windows,0,233330,232229,244,0,0,0,0,0,0,168,67,9
475.889,0,28674048,windows,0,6760,6505,39,0,0,0,0,0,0,26,13,0
476.097,1,30311424,windows,0,207730,206709,228,0,0,0,0,0,0,152,67,9
476.145,0,28690432,windows,0,6505,6250,38,0,0,0,0,0,0,25,13,0
476.349,1,30325760,windows,0,179570,179308,211,0,0,0,0,0,0,138,64,9
476.397,0,28705792,windows,0,6260,6005,37,0,0,0,0,0,0,24,13,0
476.619,1,30340096,windows,0,146790,146528,192,0,0,0,0,0,0,126,57,9
476.652,0,28721152,windows,0,6260,6005,37,0,0,0,0,0,0,24,13,0
476.886,1,30354432,windows,0,115765,115532,171,0,0,0,0,0,0,113,50,8
476.906,0,28735488,windows,0,6260,6005,37,0,0,0,0,0,0,24,13,0
477.151,1,30368768,windows,0,92260,91112.5,152,0,0,0,0,0,0,98,46,8
477.158,0,28750848,windows,0,6260,6005,37,0,0,0,0,0,0,24,13,0
477.412,1,30381056,windows,0,88420,87272.5,148,0,0,0,0,0,0,94,46,8
477.426,0,28766208,windows,0,6025,5770,36,0,0,0,0,0,0,23,13,0
477.678,1,30396416,windows,0,71945,70493.8,136,0,0,0,0,0,0,89,39,8
477.688,0,28782592,windows,0,5800,5436.25,35,0,0,0,0,0,0,22,13,0
477.942,1,30410752,windows,0,70405,69417.5,135,0,0,0,0,0,0,89,38,8
477.957,0,28800000,windows,0,5585,5330,34,0,0,0,0,0,0,21,13,0
478.193,1,30424064,windows,0,57970,57767.5,122,0,0,0,0,0,0,80,35,7
478.219,0,28818432,windows,0,5585,5330,34,0,0,0,0,0,0,21,13,0
478.454,1,30438400,windows,0,53090,52887.5,119,0,0,0,0,0,0,82,30,7
478.47,0,28834816,windows,0,5585,5330,34,0,0,0,0,0,0,21,13,0
478.713,1,30451712,windows,0,49495,49292.5,115,0,0,0,0,0,0,79,29,7
478.724,0,28851200,windows,0,5380,5026.25,33,0,0,0,0,0,0,20,13,0
478.977,0,28867584,windows,0,5380,5026.25,33,0,0,0,0,0,0,20,13,0
478.979,1,30466048,windows,0,48350,48147.5,113,0,0,0,0,0,0,76,30,7
479.227,0,28882944,windows,0,5185,4930,32,0,0,0,0,0,0,19,13,0
479.234,1,30480384,windows,0,44530,43772.5,109,0,0,0,0,0,0,74,28,7
479.482,0,28900352,windows,0,5185,4930,32,0,0,0,0,0,0,19,13,0
479.487,1,30494720,windows,0,38075,37872.5,98,0,0,0,0,0,0,61,30,7
479.741,1,30509056,windows,0,34165,33992.5,93,0,0,0,0,0,0,59,28,6
479.741,0,28917760,windows,0,5185,4930,32,0,0,0,0,0,0,19,13,0
480.003,1,30523392,windows,0,33580,33407.5,91,0,0,0,0,0,0,56,29,6
480.006,0,28934144,windows,0,5185,4930,32,0,0,0,0,0,0,19,13,0
480.263,1,30537728,windows,0,29420,29247.5,88,0,0,0,0,0,0,58,24,6
480.263,0,28949504,windows,0,5185,4930,32,0,0,0,0,0,0,19,13,0
480.517,1,30552064,windows,0,26645,26208.8,83,0,0,0,0,0,0,53,24,6
480.525,0,28965888,windows,0,445,370,9,0,0,0,0,0,0,5,4,0
480.777,0,28986368,windows,0,445,370,9,0,0,0,0,0,0,5,4,0
480.777,1,30569472,windows,0,24280,24107.5,80,0,0,0,0,0,0,52,22,6
481.039,0,29006848,windows,0,445,370,9,0,0,0,0,0,0,5,4,0
481.039,1,30586880,windows,0,21905,21488.8,76,0,0,0,0,0,0,49,21,6
481.301,1,30604288,windows,0,20440,20048.8,72,0,0,0,0,0,0,44,22,6
481.31,0,29028352,windows,0,445,370,9,0,0,0,0,0,0,5,4,0
481.559,1,30621696,windows,0,17080,16907.5,66,0,0,0,0,0,0,40,20,6
481.564,0,29049856,windows,0,445,370,9,0,0,0,0,0,0,5,4,0
481.818,0,29070336,windows,0,445,370,9,0,0,0,0,0,0,5,4,0
481.818,1,30639104,windows,0,16685,16512.5,65,0,0,0,0,0,0,39,20,6
482.074,0,29090816,windows,0,445,370,9,0,0,0,0,0,0,5,4,0
482.074,1,30656512,windows,0,15925,15568.8,63,0,0,0,0,0,0,37,20,6
482.332,1,30673920,windows,0,15560,15208.8,62,0,0,0,0,0,0,36,20,6
482.336,0,29107200,windows,0,445,370,9,0,0,0,0,0,0,5,4,0
482.595,1,30691328,windows,0,14080,13907.5,59,0,0,0,0,0,0,34,19,6
482.602,0,29124608,windows,0,445,370,9,0,0,0,0,0,0,5,4,0
482.852,0,29139968,windows,0,445,370,9,0,0,0,0,0,0,5,4,0
482.858,1,30708736,windows,0,13010,12867.5,57,0,0,0,0,0,0,34,18,5
483.109,1,30724096,windows,0,12350,12048.8,55,0,0,0,0,0,0,32,18,5
483.112,0,29157376,windows,0,445,370,9,0,0,0,0,0,0,5,4,0
483.37,1,30739456,windows,0,12035,11738.8,54,0,0,0,0,0,0,31,18,5
483.372,0,29173760,windows,0,445,370,9,0,0,0,0,0,0,5,4,0
483.633,0,29190144,windows,0,445,370,9,0,0,0,0,0,0,5,4,0
483.634,1,30755840,windows,0,11435,11148.8,52,0,0,0,0,0,0,29,18,5
483.888,0,29206528,windows,0,445,370,9,0,0,0,0,0,0,5,4,0
483.891,1,30771200,windows,0,11435,11148.8,52,0,0,0,0,0,0,29,18,5
484.139,0,29224960,windows,0,445,370,9,0,0,0,0,0,0,5,4,0
484.148,1,30786560,windows,0,10875,10598.8,50,0,0,0,0,0,0,27,18,5
484.392,0,29245440,windows,0,445,370,9,0,0,0,0,0,0,5,4,0
484.403,1,30801920,windows,0,10875,10598.8,50,0,0,0,0,0,0,27,18,5
484.643,0,29263872,windows,0,445,370,9,0,0,0,0,0,0,5,4,0
484.663,1,30817280,windows,0,9385,9272.5,46,0,0,0,0,0,0,25,17,4
484.902,0,29281280,windows,0,445,370,9,0,0,0,0,0,0,5,4,0
484.921,1,30833664,windows,0,9380,8912.5,44,0,0,0,0,0,0,22,18,4
485.165,0,29300736,windows,0,445,370,9,0,0,0,0,0,0,5,4,0
485.182,1,30850048,windows,0,8245,7703.75,43,0,0,0,0,0,0,23,16,4
485.421,0,29321216,windows,0,445,370,9,0,0,0,0,0,0,5,4,0
485.439,1,30866432,windows,0,8245,7703.75,43,0,0,0,0,0,0,23,16,4
485.681,0,29340672,windows,0,445,370,9,0,0,0,0,0,0,5,4,0
485.697,1,30881792,windows,0,8245,7703.75,43,0,0,0,0,0,0,23,16,4
485.931,0,29356032,windows,0,445,370,9,0,0,0,0,0,0,5,4,0
485.949,1,30897152,windows,0,8020,7483.75,42,0,0,0,0,0,0,22,16,4
486.187,0,29375488,windows,0,445,370,9,0,0,0,0,0,0,5,4,0
486.209,1,30913536,windows,0,7190,7190,40,0,0,0,0,0,0,22,15,3
486.444,0,29394944,windows,0,445,370,9,0,0,0,0,0,0,5,4,0
486.475,1,30929920,windows,0,7190,7190,40,0,0,0,0,0,0,22,15,3
486.697,0,29412352,windows,0,445,370,9,0,0,0,0,0,0,5,4,0
486.734,1,30946304,windows,0,7070,7070,41,0,0,0,0,0,0,24,14,3
486.959,0,29428736,repair,0,445,370,9,0,0,0,0,0,0,5,4,0
486.985,1,30961664,windows,0,7070,7070,41,0,0,0,0,0,0,24,14,3
487.211,0,29445120,windows,0,445,370,9,0,0,0,0,0,0,5,4,0
487.249,1,30977024,windows,0,6395,6395,38,0,0,0,0,0,0,21,14,3
487.464,0,29460480,windows,0,445,370,9,0,0,0,0,0,0,5,4,0
487.503,1,30992384,windows,0,6190,6190,37,0,0,0,0,0,0,20,14,3
487.73,0,29475840,windows,0,445,370,9,0,0,0,0,0,0,5,4,0
487.768,1,31008768,windows,0,5995,5901.25,36,0,0,0,0,0,0,19,14,3
487.996,0,29491200,windows,0,445,370,9,0,0,0,0,0,0,5,4,0
488.033,1,31025152,windows,0,5810,5721.25,35,0,0,0,0,0,0,18,14,3
488.26,0,29507584,windows,0,445,370,9,0,0,0,0,0,0,5,4,0
488.286,1,31041536,windows,0,5810,5721.25,35,0,0,0,0,0,0,18,14,3
488.524,0,29523968,windows,0,445,370,9,0,0,0,0,0,0,5,4,0
488.537,1,31057920,windows,0,5810,5721.25,35,0,0,0,0,0,0,18,14,3
488.783,0,29540352,windows,0,445,370,9,0,0,0,0,0,0,5,4,0
488.8,1,31075328,windows,0,5810,5721.25,35,0,0,0,0,0,0,18,14,3
489.037,0,29555712,windows,0,445,370,9,0,0,0,0,0,0,5,4,0
489.061,1,31090688,windows,0,5810,5721.25,35,0,0,0,0,0,0,18,14,3
489.295,0,29572096,windows,0,445,370,9,0,0,0,0,0,0,5,4,0
489.312,1,31106048,windows,0,5500,5401.25,35,0,0,0,0,0,0,20,13,2
489.549,0,29587456,windows,0,445,370,9,0,0,0,0,0,0,5,4,0
489.57,1,31122432,windows,0,5305,5211.25,34,0,0,0,0,0,0,19,13,2
489.808,0,29604864,windows,0,445,370,9,0,0,0,0,0,0,5,4,0
489.824,1,31136768,windows,0,5305,5211.25,34,0,0,0,0,0,0,19,13,2
490.06,0,29621248,windows,0,445,370,9,0,0,0,0,0,0,5,4,0
490.074,1,31151104,windows,0,5305,5211.25,34,0,0,0,0,0,0,19,13,2
490.314,0,29637632,windows,0,445,370,9,0,0,0,0,0,0,5,4,0
490.325,1,31166464,windows,0,5305,5211.25,34,0,0,0,0,0,0,19,13,2
490.57,0,29654016,windows,0,445,370,9,0,0,0,0,0,0,5,4,0
490.592,1,31180800,windows,0,5120,4865,33,0,0,0,0,0,0,18,13,2
490.828,0,29669376,windows,0,445,370,9,0,0,0,0,0,0,5,4,0
490.864,1,31197184,windows,0,5120,4865,33,0,0,0,0,0,0,18,13,2
491.089,0,29685760,windows,0,445,370,9,0,0,0,0,0,0,5,4,0
491.121,1,31212544,windows,0,4715,4480,32,0,0,0,0,0,0,19,12,1
491.352,0,29702144,windows,0,445,370,9,0,0,0,0,0,0,5,4,0
491.383,1,31230976,windows,0,4715,4480,32,0,0,0,0,0,0,19,12,1
491.605,0,29718528,windows,0,445,370,9,0,0,0,0,0,0,5,4,0
491.642,1,31249408,windows,0,4530,4295,31,0,0,0,0,0,0,18,12,1
491.869,0,29735936,windows,0,445,370,9,0,0,0,0,0,0,5,4,0
491.9,1,31267840,windows,0,4530,4295,31,0,0,0,0,0,0,18,12,1
492.122,0,29753344,windows,0,445,370,9,0,0,0,0,0,0,5,4,0
492.155,1,31286272,windows,0,4530,4295,31,0,0,0,0,0,0,18,12,1
492.381,0,29771776,windows,0,445,370,9,0,0,0,0,0,0,5,4,0
492.413,1,31304704,windows,0,4355,4120,30,0,0,0,0,0,0,17,12,1
492.632,0,29788160,repair,0,445,370,9,0,0,0,0,0,0,5,4,0
492.669,1,31323136,windows,0,4355,4120,30,0,0,0,0,0,0,17,12,1
492.884,0,29805568,repair,0,445,370,9,0,0,0,0,0,0,5,4,0
492.925,1,31341568,windows,0,4355,4120,30,0,0,0,0,0,0,17,12,1
493.145,0,29824000,windows,0,445,370,9,0,0,0,0,0,0,5,4,0
493.184,1,31361024,windows,0,4035,3800,28,0,0,0,0,0,0,15,12,1
493.398,0,29840384,windows,0,445,370,9,0,0,0,0,0,0,5,4,0
493.446,1,31380480,windows,0,3890,3655,27,0,0,0,0,0,0,14,12,1
493.649,0,29855744,windows,0,445,370,9,0,0,0,0,0,0,5,4,0
493.698,1,31398912,windows,0,3890,3655,27,0,0,0,0,0,0,14,12,1
493.906,0,29872128,windows,0,445,370,9,0,0,0,0,0,0,5,4,0
493.959,1,31418368,windows,0,3890,3655,27,0,0,0,0,0,0,14,12,1
494.168,0,29888512,windows,0,445,370,9,0,0,0,0,0,0,5,4,0
494.214,1,31437824,windows,0,3890,3655,27,0,0,0,0,0,0,14,12,1
494.428,0,29905920,windows,0,445,370,9,0,0,0,0,0,0,5,4,0
494.472,1,31452160,windows,0,3890,3655,27,0,0,0,0,0,0,14,12,1
494.682,0,29922304,windows,0,445,370,9,0,0,0,0,0,0,5,4,0
494.725,1,31470592,windows,0,3890,3655,27,0,0,0,0,0,0,14,12,1
494.939,0,29939712,windows,0,445,370,9,0,0,0,0,0,0,5,4,0
494.989,1,31491072,windows,0,3890,3655,27,0,0,0,0,0,0,14,12,1
495.193,0,29956096,windows,0,445,370,9,0,0,0,0,0,0,5,4,0
495.244,1,31510528,windows,0,3890,3655,27,0,0,0,0,0,0,14,12,1
495.444,0,29972480,windows,0,445,370,9,0,0,0,0,0,0,5,4,0
495.502,1,31531008,windows,0,3755,3456.25,26,0,0,0,0,0,0,13,12,1
495.702,0,29988864,windows,0,445,370,9,0,0,0,0,0,0,5,4,0
495.754,1,31550464,windows,0,3755,3456.25,26,0,0,0,0,0,0,13,12,1
495.96,0,30004224,windows,0,445,370,9,0,0,0,0,0,0,5,4,0
496.017,1,31570944,windows,0,3755,3456.25,26,0,0,0,0,0,0,13,12,1
496.225,0,30020608,windows,0,445,370,9,0,0,0,0,0,0,5,4,0
496.281,1,31590400,windows,0,3755,3456.25,26,0,0,0,0,0,0,13,12,1
496.483,0,30036992,windows,0,445,370,9,0,0,0,0,0,0,5,4,0
496.537,1,31609856,windows,0,3755,3456.25,26,0,0,0,0,0,0,13,12,1
496.746,0,30054400,windows,0,445,370,9,0,0,0,0,0,0,5,4,0
496.792,1,31630336,windows,0,445,370,9,0,0,0,0,0,0,5,4,0
497,0,30070784,windows,0,445,370,9,0,0,0,0,0,0,5,4,0
497.048,1,31651840,windows,0,445,370,9,0,0,0,0,0,0,5,4,0
497.256,0,30087168,windows,0,445,370,9,0,0,0,0,0,0,5,4,0
497.302,1,31672320,windows,0,445,370,9,0,0,0,0,0,0,5,4,0
497.52,0,30105600,windows,0,445,370,9,0,0,0,0,0,0,5,4,0
497.556,1,31690752,windows,0,445,370,9,0,0,0,0,0,0,5,4,0
497.773,0,30124032,windows,0,445,370,9,0,0,0,0,0,0,5,4,0
497.81,1,31711232,windows,0,445,370,9,0,0,0,0,0,0,5,4,0
498.027,0,30142464,windows,0,445,370,9,0,0,0,0,0,0,5,4,0
498.062,1,31731712,windows,0,445,370,9,0,0,0,0,0,0,5,4,0
498.285,0,30156800,windows,0,445,370,9,0,0,0,0,0,0,5,4,0
498.323,1,31749120,windows,0,445,370,9,0,0,0,0,0,0,5,4,0
498.546,0,30171136,windows,0,445,370,9,0,0,0,0,0,0,5,4,0
498.576,1,31765504,windows,0,445,370,9,0,0,0,0,0,0,5,4,0
498.812,0,30188544,windows,0,445,370,9,0,0,0,0,0,0,5,4,0
498.834,1,31781888,windows,0,445,370,9,0,0,0,0,0,0,5,4,0
499.064,0,30204928,windows,0,445,370,9,0,0,0,0,0,0,5,4,0
499.096,1,31799296,windows,0,445,370,9,0,0,0,0,0,0,5,4,0
499.314,0,30222336,windows,0,445,370,9,0,0,0,0,0,0,5,4,0
499.356,1,31816704,windows,0,445,370,9,0,0,0,0,0,0,5,4,0
499.584,0,30234624,repair,901,1.70745e+08,1.70678e+08,5559,51,143,131,365,211,0,3111,2241,207
499.606,1,31832064,repair,0,445,370,9,0,0,0,0,0,0,5,4,0
499.845,0,30251008,repair,683,2.61906e+08,2.61848e+08,7165,47,139,130,230,137,0,4089,2891,185
499.869,1,31848448,repair,0,445,370,9,0,0,0,0,0,0,5,4,0
500.101,0,30268416,repair,556,2.6705e+08,2.6703e+08,7173,32,113,104,188,119,0,3991,2996,186
500.121,1,31866880,repair,0,445,370,9,0,0,0,0,0,0,5,4,0
500.352,0,30285824,repair,474,2.42871e+08,2.42846e+08,6938,19,84,71,191,109,0,3966,2808,164
500.379,1,31885312,windows,0,445,370,9,0,0,0,0,0,0,5,4,0
500.609,0,30303232,repair,381,2.23612e+08,2.23608e+08,6758,26,76,63,146,70,0,3961,2657,140
500.635,1,31902720,windows,0,445,370,9,0,0,0,0,0,0,5,4,0
500.866,0,30321664,repair,308,2.11533e+08,2.1148e+08,6563,18,40,55,120,75,0,3831,2601,131
500.899,1,31920128,windows,0,445,370,9,0,0,0,0,0,0,5,4,0
501.119,0,30340096,repair,251,1.88696e+08,1.88647e+08,6183,17,33,35,110,56,0,3571,2477,135
501.162,1,31937536,windows,0,445,370,9,0,0,0,0,0,0,5,4,0
501.374,0,30359552,repair,177,1.94667e+08,1.94616e+08,6235,7,42,33,54,41,0,3576,2546,113
501.415,1,31954944,windows,0,445,370,9,0,0,0,0,0,0,5,4,0
501.632,0,30381056,repair,138,1.50811e+08,1.50808e+08,5687,8,24,14,72,20,0,3489,2111,87
501.678,1,31973376,windows,0,445,370,9,0,0,0,0,0,0,5,4,0
501.895,0,30401536,repair,96,1.41338e+08,1.41295e+08,5565,6,14,10,42,24,0,3460,2012,93
501.938,1,31991808,windows,0,445,370,9,0,0,0,0,0,0,5,4,0
502.145,0,30420992,repair,67,1.26534e+08,1.26532e+08,5204,2,16,11,24,14,0,3167,1950,87
502.2,1,32011264,windows,0,445,370,9,0,0,0,0,0,0,5,4,0
502.41,0,30441472,repair,33,1.21158e+08,1.21102e+08,5157,1,4,5,17,6,0,3204,1865,88
502.47,1,32029696,windows,0,445,370,9,0,0,0,0,0,0,5,4,0
502.664,0,30458880,repair,19,1.09441e+08,1.09406e+08,4907,0,4,2,9,4,0,3059,1767,81
502.728,1,32046080,windows,0,445,370,9,0,0,0,0,0,0,5,4,0
502.925,0,30478336,repair,9,9.50128e+07,9.49654e+07,4530,0,2,0,4,3,0,2789,1673,68
502.99,1,32064512,windows,0,445,370,9,0,0,0,0,0,0,5,4,0
503.185,0,30495744,repair,1,8.29269e+07,8.28815e+07,4363,0,0,0,1,0,0,2836,1459,68
503.251,1,32082944,windows,0,445,370,9,0,0,0,0,0,0,5,4,0
503.448,0,30513152,windows,0,6.8556e+07,6.85267e+07,3935,0,0,0,0,0,0,2507,1360,68
503.503,1,32102400,windows,0,445,370,9,0,0,0,0,0,0,5,4,0
503.713,0,30529536,windows,0,5.44665e+07,5.44649e+07,3551,0,0,0,0,0,0,2332,1166,53
503.759,1,32121856,windows,0,445,370,9,0,0,0,0,0,0,5,4,0
503.966,0,30546944,windows,0,4.30294e+07,4.2997e+07,3189,0,0,0,0,0,0,2127,1008,54
504.013,1,32142336,windows,0,445,370,9,0,0,0,0,0,0,5,4,0
504.223,0,30563328,windows,0,3.34145e+07,3.33954e+07,2810,0,0,0,0,0,0,1877,887,46
504.275,1,32160768,windows,0,445,370,9,0,0,0,0,0,0,5,4,0
504.48,0,30578688,windows,0,2.76208e+07,2.76113e+07,2542,0,0,0,0,0,0,1691,815,36
504.535,1,32179200,windows,0,445,370,9,0,0,0,0,0,0,5,4,0
504.737,0,30594048,windows,0,2.342e+07,2.33976e+07,2363,0,0,0,0,0,0,1616,719,28
504.794,1,32198656,windows,0,445,370,9,0,0,0,0,0,0,5,4,0
505.001,0,30609408,windows,0,1.98641e+07,1.98515e+07,2200,0,0,0,0,0,0,1543,630,27
505.047,1,32218112,windows,0,445,370,9,0,0,0,0,0,0,5,4,0
505.252,0,30624768,windows,0,1.64794e+07,1.64794e+07,1954,0,0,0,0,0,0,1294,636,24
505.302,1,32237568,windows,0,445,370,9,0,0,0,0,0,0,5,4,0
505.502,0,30640128,windows,0,1.34622e+07,1.345e+07,1767,0,0,0,0,0,0,1167,576,24
505.553,1,32253952,repair,0,445,370,9,0,0,0,0,0,0,5,4,0
505.769,0,30656512,windows,0,1.12177e+07,1.12082e+07,1652,0,0,0,0,0,0,1157,475,20
505.818,1,32271360,windows,0,445,370,9,0,0,0,0,0,0,5,4,0
506.03,0,30672896,windows,0,9.4291e+06,9.42017e+06,1510,0,0,0,0,0,0,1041,447,22
506.072,1,32288768,windows,0,445,370,9,0,0,0,0,0,0,5,4,0
506.285,0,30689280,windows,0,8.1041e+06,8.09537e+06,1419,0,0,0,0,0,0,996,395,28
506.327,1,32306176,windows,0,445,370,9,0,0,0,0,0,0,5,4,0
506.548,0,30705664,windows,0,6.43526e+06,6.43526e+06,1268,0,0,0,0,0,0,905,341,22
506.589,1,32323584,windows,0,445,370,9,0,0,0,0,0,0,5,4,0
506.814,0,30722048,windows,0,5.36766e+06,5.3607e+06,1149,0,0,0,0,0,0,809,323,17
506.855,1,32339968,windows,0,445,370,9,0,0,0,0,0,0,5,4,0
507.066,0,30737408,windows,0,4.60596e+06,4.60596e+06,1062,0,0,0,0,0,0,745,302,15
507.125,1,32355328,windows,0,445,370,9,0,0,0,0,0,0,5,4,0
507.33,0,30753792,windows,0,3.90878e+06,3.90294e+06,992,0,0,0,0,0,0,709,263,20
507.375,1,32368640,windows,0,445,370,9,0,0,0,0,0,0,5,4,0
507.595,0,30769152,windows,0,3.10112e+06,3.09528e+06,871,0,0,0,0,0,0,589,260,22
507.634,1,32384000,windows,0,445,370,9,0,0,0,0,0,0,5,4,0
507.852,0,30785536,windows,0,2.59426e+06,2.59139e+06,809,0,0,0,0,0,0,573,217,19
507.892,1,32401408,windows,0,445,370,9,0,0,0,0,0,0,5,4,0
508.105,0,30800896,windows,0,2.19728e+06,2.19728e+06,737,0,0,0,0,0,0,515,208,14
508.149,1,32417792,windows,0,445,370,9,0,0,0,0,0,0,5,4,0
508.36,0,30816256,windows,0,1.92968e+06,1.92921e+06,698,0,0,0,0,0,0,496,186,16
508.399,1,32434176,windows,0,445,370,9,0,0,0,0,0,0,5,4,0
508.62,0,30831616,windows,0,1.63102e+06,1.62846e+06,629,0,0,0,0,0,0,423,191,15
508.652,1,32451584,windows,0,445,370,9,0,0,0,0,0,0,5,4,0
508.872,0,30845952,windows,0,1.3405e+06,1.3405e+06,578,0,0,0,0,0,0,406,160,12
508.915,1,32468992,windows,0,445,370,9,0,0,0,0,0,0,5,4,0
509.131,0,30861312,windows,0,1.114e+06,1.11181e+06,528,0,0,0,0,0,0,373,144,11
509.167,1,32485376,windows,0,445,370,9,0,0,0,0,0,0,5,4,0
509.392,0,30876672,windows,0,931285,928610,483,0,0,0,0,0,0,337,134,12
509.42,1,32501760,windows,0,445,370,9,0,0,0,0,0,0,5,4,0
509.655,0,30889984,windows,0,796540,794559,450,0,0,0,0,0,0,314,122,14
509.68,1,32518144,windows,0,445,370,9,0,0,0,0,0,0,5,4,0
509.909,0,30903296,windows,0,619765,618059,397,0,0,0,0,0,0,283,104,10
509.934,1,32531456,windows,0,445,370,9,0,0,0,0,0,0,5,4,0
510.171,0,30917632,windows,0,509030,507539,356,0,0,0,0,0,0,246,101,9
510.186,1,32548864,windows,0,445,370,9,0,0,0,0,0,0,5,4,0
510.441,0,30931968,windows,0,412825,411721,322,0,0,0,0,0,0,221,91,10
510.447,1,32566272,windows,0,445,370,9,0,0,0,0,0,0,5,4,0
510.695,0,30945280,windows,0,371420,370371,306,0,0,0,0,0,0,210,86,10
510.699,1,32583680,windows,0,445,370,9,0,0,0,0,0,0,5,4,0
510.961,1,32601088,repair,0,445,370,9,0,0,0,0,0,0,5,4,0
510.961,0,30959616,windows,0,327395,327072,292,0,0,0,0,0,0,207,74,11
511.223,1,32618496,repair,0,445,370,9,0,0,0,0,0,0,5,4,0
511.232,0,30973952,windows,0,268445,268445,263,0,0,0,0,0,0,183,70,10
511.477,1,32636928,windows,0,445,370,9,0,0,0,0,0,0,5,4,0
511.489,0,30986240,windows,0,217625,216490,240,0,0,0,0,0,0,173,57,10
511.738,1,32652288,windows,0,445,370,9,0,0,0,0,0,0,5,4,0
511.755,0,31000576,windows,0,185750,185428,220,0,0,0,0,0,0,150,59,11
511.999,1,32668672,windows,0,445,370,9,0,0,0,0,0,0,5,4,0
512.022,0,31014912,windows,0,153025,152732,200,0,0,0,0,0,0,137,53,10
512.267,1,32683008,windows,0,445,370,9,0,0,0,0,0,0,5,4,0
512.277,0,31028224,windows,0,140365,140132,191,0,0,0,0,0,0,133,50,8
512.53,0,31041536,windows,0,109790,109790,165,0,0,0,0,0,0,108,50,7
512.531,1,32697344,windows,0,445,370,9,0,0,0,0,0,0,5,4,0
512.786,1,32712704,windows,0,445,370,9,0,0,0,0,0,0,5,4,0
512.787,0,31054848,windows,0,87110,87110,150,0,0,0,0,0,0,102,41,7
513.051,1,32729088,windows,0,445,370,9,0,0,0,0,0,0,5,4,0
513.051,0,31069184,windows,0,72050,71847.5,138,0,0,0,0,0,0,96,35,7
513.308,1,32745472,windows,0,445,370,9,0,0,0,0,0,0,5,4,0
513.317,0,31084544,windows,0,64655,63998.8,131,0,0,0,0,0,0,91,33,7
513.564,1,32761856,windows,0,445,370,9,0,0,0,0,0,0,5,4,0
513.578,0,31098880,windows,0,57230,57027.5,123,0,0,0,0,0,0,84,32,7
513.82,1,32777216,windows,0,445,370,9,0,0,0,0,0,0,5,4,0
513.833,0,31113216,windows,0,49900,49152.5,115,0,0,0,0,0,0,80,29,6
514.074,1,32793600,windows,0,445,370,9,0,0,0,0,0,0,5,4,0
514.085,0,31127552,windows,0,40160,39638.8,103,0,0,0,0,0,0,70,27,6
514.334,1,32809984,windows,0,445,370,9,0,0,0,0,0,0,5,4,0
514.352,0,31142912,windows,0,35045,34063.8,97,0,0,0,0,0,0,67,24,6
514.591,1,32825344,windows,0,445,370,9,0,0,0,0,0,0,5,4,0
514.616,0,31159296,windows,0,30910,30910,91,0,0,0,0,0,0,64,22,5
514.842,1,32840704,windows,0,445,370,9,0,0,0,0,0,0,5,4,0
514.869,0,31174656,windows,0,30545,30090,88,0,0,0,0,0,0,63,23,2
515.104,1,32857088,windows,0,445,370,9,0,0,0,0,0,0,5,4,0
515.136,0,31191040,windows,0,25185,24901.2,80,0,0,0,0,0,0,57,21,2
515.357,1,32873472,windows,0,445,370,9,0,0,0,0,0,0,5,4,0
515.397,0,31206400,windows,0,22460,22460,75,0,0,0,0,0,0,52,21,2
515.612,1,32887808,repair,785,2.70281e+08,2.70281e+08,7107,71,169,144,248,153,0,3890,3002,215
515.649,0,31220736,windows,0,20620,20371.2,72,0,0,0,0,0,0,50,20,2
515.876,1,32908288,repair,624,2.65361e+08,2.65356e+08,7209,45,139,111,230,99,0,4106,2927,176
515.912,0,31236096,windows,0,18700,18471.2,68,0,0,0,0,0,0,46,20,2
516.14,1,32928768,repair,510,2.43932e+08,2.43913e+08,6897,32,104,92,181,101,0,3907,2838,152
516.176,0,31251456,windows,0,18185,18185,66,0,0,0,0,0,0,43,21,2
516.397,1,32948224,repair,393,2.22892e+08,2.22816e+08,6743,24,65,81,132,91,0,3954,2653,136
516.429,0,31265792,windows,0,16025,15801.2,64,0,0,0,0,0,0,45,17,2
516.651,1,32968704,repair,315,2.00818e+08,2.00799e+08,6414,15,41,73,127,59,0,3762,2522,130
516.688,0,31282176,windows,0,12235,12152.5,56,0,0,0,0,0,0,37,16,3
516.908,1,32988160,repair,248,1.88247e+08,1.88244e+08,6217,19,51,28,86,64,0,3654,2445,118
516.95,0,31299584,windows,0,11100,11100,53,0,0,0,0,0,0,36,15,2
517.167,1,33008640,repair,175,1.79096e+08,1.79078e+08,6074,10,33,25,72,35,0,3569,2390,115
517.204,0,31318016,windows,0,10400,10231.2,51,0,0,0,0,0,0,34,15,2
517.425,1,33030144,repair,128,1.64487e+08,1.64424e+08,5937,5,25,15,53,30,0,3598,2224,115
517.466,0,31336448,windows,0,10065,9901.25,50,0,0,0,0,0,0,33,15,2
517.681,1,33049600,repair,97,1.37475e+08,1.37435e+08,5467,5,19,5,48,20,0,3374,2000,93
517.721,0,31354880,windows,0,9190,9190,48,0,0,0,0,0,0,34,13,1
517.94,1,33068032,repair,58,1.37193e+08,1.37174e+08,5467,1,12,16,16,13,0,3372,2000,95
517.978,0,31372288,windows,0,8855,8855,47,0,0,0,0,0,0,33,13,1
518.194,1,33084416,repair,44,1.10973e+08,1.10935e+08,4981,3,9,8,16,8,0,3150,1748,83
518.239,0,31387648,windows,0,8355,8355,46,0,0,0,0,0,0,33,12,1
518.459,1,33100800,repair,22,1.11399e+08,1.11381e+08,5010,4,4,3,8,3,0,3219,1724,67
518.491,0,31403008,windows,0,8355,8355,46,0,0,0,0,0,0,33,12,1
518.717,1,33117184,repair,10,1.03851e+08,1.03851e+08,4786,2,2,0,2,4,0,2995,1715,76
518.756,0,31418368,windows,0,8030,7636.25,45,0,0,0,0,0,0,32,12,1
518.978,1,33131520,repair,5,8.81706e+07,8.81706e+07,4465,1,0,0,3,1,0,2860,1535,70
519.008,0,31430656,windows,0,7410,7175,43,0,0,0,0,0,0,30,12,1
519.241,1,33147904,repair,2,8.44068e+07,8.44068e+07,4385,0,1,0,0,1,0,2830,1487,68
519.267,0,31446016,windows,0,7410,7175,43,0,0,0,0,0,0,30,12,1
519.496,1,33164288,repair,1,6.1282e+07,6.1282e+07,3775,0,0,0,1,0,0,2489,1229,57
519.521,0,31461376,windows,0,6950,6950,42,0,0,0,0,0,0,30,11,1
519.749,1,33179648,repair,1,5.33281e+07,5.33061e+07,3564,0,1,0,0,0,0,2410,1100,54
519.774,0,31475712,windows,0,6655,6440,41,0,0,0,0,0,0,29,11,1
520.004,1,33196032,repair,1,4.62077e+07,4.61967e+07,3299,0,0,0,1,0,0,2196,1049,54
520.029,0,31491072,windows,0,6655,6440,41,0,0,0,0,0,0,29,11,1
520.274,1,33211392,windows,0,3.85792e+07,3.85598e+07,2992,0,0,0,0,0,0,1984,971,37
520.284,0,31506432,windows,0,6645,6410,41,0,0,0,0,0,0,27,12,2
520.542,1,33224704,windows,0,3.29653e+07,3.29383e+07,2779,0,0,0,0,0,0,1854,887,38
520.545,0,31521792,windows,0,6645,6410,41,0,0,0,0,0,0,27,12,2
520.8,0,31537152,windows,0,6645,6410,41,0,0,0,0,0,0,27,12,2
520.808,1,33239040,windows,0,2.78789e+07,2.78779e+07,2571,0,0,0,0,0,0,1744,795,32
521.052,0,31551488,windows,0,6645,6410,41,0,0,0,0,0,0,27,12,2
521.078,1,33253376,windows,0,2.38107e+07,2.38017e+07,2382,0,0,0,0,0,0,1620,730,32
521.315,0,31566848,windows,0,6645,6410,41,0,0,0,0,0,0,27,12,2
521.343,1,33266688,windows,0,2.06659e+07,2.06651e+07,2246,0,0,0,0,0,0,1578,640,28
521.569,0,31582208,windows,0,6645,6410,41,0,0,0,0,0,0,27,12,2
521.607,1,33280000,windows,0,1.69002e+07,1.68934e+07,2010,0,0,0,0,0,0,1372,611,27
521.832,0,31598592,windows,0,445,370,9,0,0,0,0,0,0,5,4,0
521.863,1,33293312,windows,0,1.45259e+07,1.45251e+07,1878,0,0,0,0,0,0,1302,549,27
522.096,0,31616000,windows,0,445,370,9,0,0,0,0,0,0,5,4,0
522.126,1,33307648,windows,0,1.25653e+07,1.25653e+07,1754,0,0,0,0,0,0,1218,506,30
522.358,0,31633408,windows,0,445,370,9,0,0,0,0,0,0,5,4,0
522.387,1,33319936,windows,0,1.09934e+07,1.09869e+07,1641,0,0,0,0,0,0,1145,470,26
522.614,0,31651840,windows,0,445,370,9,0,0,0,0,0,0,5,4,0
522.651,1,33334272,windows,0,9.56414e+06,9.55004e+06,1530,0,0,0,0,0,0,1067,439,24
522.871,0,31668224,windows,0,445,370,9,0,0,0,0,0,0,5,4,0
522.913,1,33347584,windows,0,7.83026e+06,7.81725e+06,1386,0,0,0,0,0,0,989,383,14
523.133,0,31685632,windows,0,445,370,9,0,0,0,0,0,0,5,4,0
523.165,1,33364992,windows,0,6.53864e+06,6.53801e+06,1278,0,0,0,0,0,0,915,342,21
523.386,0,31703040,windows,0,445,370,9,0,0,0,0,0,0,5,4,0
523.43,1,33383424,windows,0,5.40792e+06,5.40161e+06,1157,0,0,0,0,0,0,825,316,16
523.646,0,31720448,windows,0,445,370,9,0,0,0,0,0,0,5,4,0
523.694,1,33401856,windows,0,4.56944e+06,4.56899e+06,1068,0,0,0,0,0,0,771,282,15
523.9,0,31735808,windows,0,445,370,9,0,0,0,0,0,0,5,4,0
523.948,1,33418240,windows,0,3.63742e+06,3.63411e+06,948,0,0,0,0,0,0,662,268,18
524.16,0,31753216,windows,0,445,370,9,0,0,0,0,0,0,5,4,0
524.205,1,33435648,windows,0,2.94816e+06,2.94771e+06,852,0,0,0,0,0,0,595,242,15
524.421,0,31770624,windows,0,445,370,9,0,0,0,0,0,0,5,4,0
524.471,1,33453056,windows,0,2.44032e+06,2.43294e+06,784,0,0,0,0,0,0,563,206,15
524.683,0,31788032,windows,0,445,370,9,0,0,0,0,0,0,5,4,0
524.728,1,33468416,windows,0,2.06294e+06,2.05856e+06,716,0,0,0,0,0,0,503,199,14
524.949,0,31805440,windows,0,445,370,9,0,0,0,0,0,0,5,4,0
524.99,1,33485824,windows,0,1.5259e+06,1.52373e+06,615,0,0,0,0,0,0,433,171,11
525.209,0,31822848,windows,0,445,370,9,0,0,0,0,0,0,5,4,0
525.255,1,33503232,windows,0,1.2022e+06,1.19991e+06,550,0,0,0,0,0,0,393,146,11
525.463,0,31837184,windows,0,445,370,9,0,0,0,0,0,0,5,4,0
525.516,1,33520640,windows,0,998680,995592,504,0,0,0,0,0,0,356,134,14
525.722,0,31852544,windows,0,445,370,9,0,0,0,0,0,0,5,4,0
525.774,1,33536000,windows,0,866710,863712,466,0,0,0,0,0,0,322,131,13
525.981,0,31867904,windows,0,445,370,9,0,0,0,0,0,0,5,4,0
526.033,1,33551360,windows,0,638320,634726,402,0,0,0,0,0,0,280,110,12
526.234,0,31882240,windows,0,445,370,9,0,0,0,0,0,0,5,4,0
526.285,1,33566720,windows,0,542645,541009,371,0,0,0,0,0,0,257,102,12
526.493,0,31897600,windows,0,445,370,9,0,0,0,0,0,0,5,4,0
526.541,1,33582080,windows,0,467975,467592,351,0,0,0,0,0,0,255,83,13
526.753,0,31912960,windows,0,445,370,9,0,0,0,0,0,0,5,4,0
526.804,1,33598464,windows,0,404270,402352,329,0,0,0,0,0,0,240,74,15
527.009,0,31929344,windows,0,445,370,9,0,0,0,0,0,0,5,4,0
527.061,1,33614848,windows,0,313095,311398,287,0,0,0,0,0,0,207,69,11
527.27,0,31944704,windows,0,445,370,9,0,0,0,0,0,0,5,4,0
527.321,1,33631232,windows,0,226640,225741,244,0,0,0,0,0,0,180,56,8
527.522,0,31960064,windows,0,445,370,9,0,0,0,0,0,0,5,4,0
527.574,1,33647616,windows,0,193640,193640,225,0,0,0,0,0,0,162,55,8
527.782,0,31975424,windows,0,445,370,9,0,0,0,0,0,0,5,4,0
527.83,1,33662976,windows,0,163495,161766,207,0,0,0,0,0,0,151,49,7
528.037,0,31991808,windows,0,445,370,9,0,0,0,0,0,0,5,4,0
528.082,1,33679360,windows,0,140040,140040,192,0,0,0,0,0,0,144,42,6
528.3,0,32009216,windows,0,445,370,9,0,0,0,0,0,0,5,4,0
528.347,1,33694720,windows,0,92325,91490,155,0,0,0,0,0,0,105,42,8
528.563,0,32029696,windows,0,445,370,9,0,0,0,0,0,0,5,4,0
528.607,1,33711104,windows,0,77840,77840,144,0,0,0,0,0,0,100,36,8
528.815,0,32047104,repair,0,445,370,9,0,0,0,0,0,0,5,4,0
528.864,1,33727488,windows,0,66945,66945,134,0,0,0,0,0,0,93,33,8
529.07,0,32064512,repair,0,445,370,9,0,0,0,0,0,0,5,4,0
529.129,1,33742848,windows,0,61545,61545,128,0,0,0,0,0,0,87,33,8
529.325,0,32082944,windows,0,445,370,9,0,0,0,0,0,0,5,4,0
529.391,1,33757184,windows,0,50630,50261.2,114,0,0,0,0,0,0,74,33,7
529.582,0,32100352,windows,0,445,370,9,0,0,0,0,0,0,5,4,0
529.66,1,33771520,windows,0,39455,39081.2,103,0,0,0,0,0,0,75,23,5
529.845,0,32118784,windows,0,445,370,9,0,0,0,0,0,0,5,4,0
529.931,1,33785856,windows,0,36470,36101.2,98,0,0,0,0,0,0,74,21,3
530.104,0,32136192,windows,0,445,370,9,0,0,0,0,0,0,5,4,0
530.184,1,33802240,windows,0,31145,30426.2,90,0,0,0,0,0,0,69,19,2
530.365,0,32153600,windows,0,445,370,9,0,0,0,0,0,0,5,4,0
530.442,1,33818624,windows,0,27680,27680,85,0,0,0,0,0,0,66,17,2
530.62,0,32169984,windows,0,445,370,9,0,0,0,0,0,0,5,4,0
530.705,1,33835008,windows,0,20860,20860,74,0,0,0,0,0,0,58,14,2
530.87,0,32186368,windows,0,445,370,9,0,0,0,0,0,0,5,4,0
530.968,1,33851392,windows,0,17995,17720,68,0,0,0,0,0,0,53,14,1
531.128,0,32203776,windows,0,445,370,9,0,0,0,0,0,0,5,4,0
531.229,1,33867776,windows,0,16930,16930,66,0,0,0,0,0,0,52,13,1
531.385,0,32221184,windows,0,445,370,9,0,0,0,0,0,0,5,4,0
531.493,1,33883136,windows,0,15910,15661.2,64,0,0,0,0,0,0,50,13,1
531.641,0,32238592,windows,0,445,370,9,0,0,0,0,0,0,5,4,0
531.756,1,33899520,windows,0,13955,13721.2,60,0,0,0,0,0,0,47,12,1
531.899,0,32256000,windows,0,445,370,9,0,0,0,0,0,0,5,4,0
532.006,1,33914880,windows,0,12655,12655,57,0,0,0,0,0,0,43,13,1
532.15,0,32272384,windows,0,445,370,9,0,0,0,0,0,0,5,4,0
532.27,1,33931264,windows,0,12590,12590,57,0,0,0,0,0,0,44,12,1
532.411,0,32289792,windows,0,445,370,9,0,0,0,0,0,0,5,4,0
532.527,1,33947648,windows,0,12130,11696.2,56,0,0,0,0,0,0,44,11,1
532.665,0,32306176,windows,0,445,370,9,0,0,0,0,0,0,5,4,0
532.792,1,33965056,windows,0,10850,10446.2,53,0,0,0,0,0,0,42,10,1
532.923,0,32322560,repair,0,445,370,9,0,0,0,0,0,0,5,4,0
533.056,1,33982464,windows,0,10435,10036.2,52,0,0,0,0,0,0,41,10,1
533.178,0,32339968,windows,0,445,370,9,0,0,0,0,0,0,5,4,0
533.312,1,33999872,windows,0,9250,9055,49,0,0,0,0,0,0,38,10,1
533.436,0,32357376,windows,0,445,370,9,0,0,0,0,0,0,5,4,0
533.565,1,34017280,windows,0,8130,7955,46,0,0,0,0,0,0,36,9,1
533.698,0,32374784,windows,0,445,370,9,0,0,0,0,0,0,5,4,0
533.823,1,34034688,windows,0,7775,7426.25,45,0,0,0,0,0,0,35,9,1
533.954,0,32392192,windows,0,445,370,9,0,0,0,0,0,0,5,4,0
534.074,1,34053120,windows,0,7430,7086.25,44,0,0,0,0,0,0,34,9,1
534.211,0,32409600,windows,0,445,370,9,0,0,0,0,0,0,5,4,0
534.326,1,34070528,windows,0,6430,6430,41,0,0,0,0,0,0,32,8,1
534.472,0,32427008,windows,0,445,370,9,0,0,0,0,0,0,5,4,0
534.577,1,34087936,windows,0,6115,5960,40,0,0,0,0,0,0,31,8,1
534.731,0,32441344,windows,0,445,370,9,0,0,0,0,0,0,5,4,0
534.839,1,34105344,windows,0,6115,5960,40,0,0,0,0,0,0,31,8,1
534.985,0,32455680,windows,0,445,370,9,0,0,0,0,0,0,5,4,0
535.099,1,34122752,windows,0,6115,5960,40,0,0,0,0,0,0,31,8,1
535.253,0,32471040,windows,0,445,370,9,0,0,0,0,0,0,5,4,0
535.356,1,34140160,windows,0,5855,5680,39,0,0,0,0,0,0,29,9,1
535.512,0,32486400,windows,0,445,370,9,0,0,0,0,0,0,5,4,0
535.611,1,34158592,windows,0,5515,5360,38,0,0,0,0,0,0,29,8,1
535.773,0,32500736,windows,0,445,370,9,0,0,0,0,0,0,5,4,0
535.863,1,34176000,windows,0,5515,5360,38,0,0,0,0,0,0,29,8,1
536.035,0,32515072,windows,0,445,370,9,0,0,0,0,0,0,5,4,0
536.128,1,34194432,windows,0,4955,4800,36,0,0,0,0,0,0,27,8,1
536.298,0,32529408,windows,0,445,370,9,0,0,0,0,0,0,5,4,0
536.378,1,34210816,windows,0,4955,4800,36,0,0,0,0,0,0,27,8,1
536.565,0,32544768,windows,0,445,370,9,0,0,0,0,0,0,5,4,0
536.634,1,34228224,windows,0,4655,4386.25,35,0,0,0,0,0,0,27,7,1
536.816,0,32558080,windows,0,445,370,9,0,0,0,0,0,0,5,4,0
536.891,1,34246656,windows,0,4655,4386.25,35,0,0,0,0,0,0,27,7,1
537.083,0,32571392,windows,0,445,370,9,0,0,0,0,0,0,5,4,0
537.145,1,34265088,windows,0,4390,4126.25,34,0,0,0,0,0,0,26,7,1
537.345,0,32585728,windows,0,445,370,9,0,0,0,0,0,0,5,4,0
537.397,1,34283520,windows,0,4390,4126.25,34,0,0,0,0,0,0,26,7,1
537.602,0,32600064,windows,0,445,370,9,0,0,0,0,0,0,5,4,0
537.656,1,34301952,windows,0,3890,3755,32,0,0,0,0,0,0,24,7,1
537.86,0,32615424,windows,0,445,370,9,0,0,0,0,0,0,5,4,0
537.916,1,34320384,windows,0,3890,3755,32,0,0,0,0,0,0,24,7,1
538.114,0,32631808,windows,0,445,370,9,0,0,0,0,0,0,5,4,0
538.176,1,34340864,windows,0,3515,3360,30,0,0,0,0,0,0,21,8,1
538.373,0,32649216,windows,0,445,370,9,0,0,0,0,0,0,5,4,0
538.431,1,34360320,windows,0,3010,2875,28,0,0,0,0,0,0,20,7,1
538.627,0,32666624,windows,0,445,370,9,0,0,0,0,0,0,5,4,0
538.684,1,34378752,windows,0,3010,2875,28,0,0,0,0,0,0,20,7,1
538.892,0,32680960,windows,0,445,370,9,0,0,0,0,0,0,5,4,0
538.935,1,34395136,windows,0,2815,2815,27,0,0,0,0,0,0,19,7,1
539.145,0,32698368,windows,0,445,370,9,0,0,0,0,0,0,5,4,0
539.186,1,34411520,windows,0,2815,2815,27,0,0,0,0,0,0,19,7,1
539.398,0,32714752,windows,0,445,370,9,0,0,0,0,0,0,5,4,0
539.438,1,34429952,windows,0,2815,2815,27,0,0,0,0,0,0,19,7,1
539.658,0,32733184,windows,0,445,370,9,0,0,0,0,0,0,5,4,0
539.695,1,34447360,windows,0,2815,2815,27,0,0,0,0,0,0,19,7,1
539.919,0,32749568,windows,0,445,370,9,0,0,0,0,0,0,5,4,0
539.954,1,34460672,windows,0,2815,2815,27,0,0,0,0,0,0,19,7,1
540.169,0,32768000,windows,0,445,370,9,0,0,0,0,0,0,5,4,0
540.209,1,34479104,windows,0,2815,2815,27,0,0,0,0,0,0,19,7,1
540.434,0,32786432,windows,0,445,370,9,0,0,0,0,0,0,5,4,0
540.462,1,34497536,windows,0,2815,2815,27,0,0,0,0,0,0,19,7,1
540.698,0,32804864,windows,0,445,370,9,0,0,0,0,0,0,5,4,0
540.712,1,34515968,windows,0,2815,2815,27,0,0,0,0,0,0,19,7,1
540.952,0,32817152,repair,795,2.51254e+08,2.51189e+08,6724,74,148,141,293,139,0,3573,2932,219
540.971,1,34533376,repair,0,2815,2815,27,0,0,0,0,0,0,19,7,1
541.207,0,32834560,repair,630,2.83195e+08,2.83195e+08,7364,42,123,102,241,122,0,4107,3070,187
541.238,1,34550784,repair,0,2815,2815,27,0,0,0,0,0,0,19,7,1
541.46,0,32850944,repair,527,2.69646e+08,2.69646e+08,7286,36,109,95,187,100,0,4167,2966,153
541.5,1,34567168,windows,0,2815,2815,27,0,0,0,0,0,0,19,7,1
541.721,0,32867328,repair,455,2.53445e+08,2.53383e+08,7075,22,90,77,162,104,0,4049,2881,145
541.756,1,34583552,windows,0,2815,2815,27,0,0,0,0,0,0,19,7,1
541.973,0,32885760,repair,356,2.22998e+08,2.22978e+08,6692,19,57,50,154,76,0,3906,2674,112
542.011,1,34599936,windows,0,2815,2815,27,0,0,0,0,0,0,19,7,1
542.228,0,32906240,repair,290,1.98288e+08,1.98219e+08,6424,15,44,44,125,62,0,3824,2475,125
542.274,1,34616320,windows,0,2815,2815,27,0,0,0,0,0,0,19,7,1
542.481,0,32925696,repair,228,1.82544e+08,1.82475e+08,6127,12,41,42,86,47,0,3614,2405,108
542.533,1,34632704,windows,0,2815,2815,27,0,0,0,0,0,0,19,7,1
542.734,0,32945152,repair,168,1.63847e+08,1.63844e+08,5869,11,28,26,66,37,0,3520,2246,103
542.79,1,34648064,windows,0,2815,2815,27,0,0,0,0,0,0,19,7,1
542.99,0,32964608,repair,126,1.52352e+08,1.52332e+08,5672,8,22,19,50,27,0,3394,2168,110
543.053,1,34664448,windows,0,2815,2815,27,0,0,0,0,0,0,19,7,1
543.24,0,32984064,repair,92,1.32916e+08,1.32916e+08,5321,3,14,13,40,22,0,3215,2009,97
543.305,1,34679808,windows,0,2815,2815,27,0,0,0,0,0,0,19,7,1
543.502,0,33003520,repair,47,1.39256e+08,1.39216e+08,5482,2,8,9,17,11,0,3371,2027,84
543.557,1,34694144,windows,0,2815,2815,27,0,0,0,0,0,0,19,7,1
543.753,0,33022976,repair,29,1.16271e+08,1.16269e+08,5080,2,5,2,15,5,0,3187,1806,87
543.817,1,34709504,windows,0,2815,2815,27,0,0,0,0,0,0,19,7,1
544.016,0,33043456,repair,16,1.00316e+08,1.00316e+08,4664,1,3,1,8,3,0,2864,1719,81
544.073,1,34726912,windows,0,2815,2815,27,0,0,0,0,0,0,19,7,1
544.269,0,33062912,repair,7,8.71862e+07,8.71839e+07,4447,0,3,0,3,1,0,2846,1525,76
544.334,1,34746368,windows,0,445,370,9,0,0,0,0,0,0,5,4,0
544.527,0,33082368,repair,0,8.02546e+07,8.02546e+07,4264,0,0,0,0,0,0,2743,1458,63
544.591,1,34764800,windows,0,445,370,9,0,0,0,0,0,0,5,4,0
544.778,0,33100800,repair,0,6.22633e+07,6.22365e+07,3795,0,0,0,0,0,0,2482,1252,61
544.849,1,34782208,windows,0,445,370,9,0,0,0,0,0,0,5,4,0
545.034,0,33120256,windows,0,4.86286e+07,4.86174e+07,3371,0,0,0,0,0,0,2255,1076,40
545.109,1,34800640,windows,0,445,370,9,0,0,0,0,0,0,5,4,0
545.285,0,33136640,windows,0,4.09475e+07,4.0928e+07,3109,0,0,0,0,0,0,2090,976,43
545.359,1,34818048,windows,0,445,370,9,0,0,0,0,0,0,5,4,0
545.542,0,33154048,windows,0,3.36664e+07,3.36555e+07,2825,0,0,0,0,0,0,1886,889,50
545.617,1,34834432,windows,0,445,370,9,0,0,0,0,0,0,5,4,0
545.804,0,33171456,windows,0,2.62208e+07,2.62125e+07,2495,0,0,0,0,0,0,1659,787,49
545.872,1,34848768,windows,0,445,370,9,0,0,0,0,0,0,5,4,0
546.065,0,33188864,windows,0,2.17326e+07,2.17247e+07,2296,0,0,0,0,0,0,1581,678,37
546.127,1,34865152,windows,0,445,370,9,0,0,0,0,0,0,5,4,0
546.32,0,33206272,windows,0,1.83431e+07,1.83423e+07,2103,0,0,0,0,0,0,1455,622,26
546.393,1,34881536,windows,0,445,370,9,0,0,0,0,0,0,5,4,0
546.583,0,33223680,windows,0,1.56426e+07,1.5624e+07,1950,0,0,0,0,0,0,1373,557,20
546.656,1,34897920,windows,0,445,370,9,0,0,0,0,0,0,5,4,0
546.842,0,33240064,windows,0,1.26556e+07,1.26489e+07,1753,0,0,0,0,0,0,1230,504,19
546.918,1,34914304,windows,0,445,370,9,0,0,0,0,0,0,5,4,0
547.1,0,33256448,windows,0,1.05528e+07,1.05428e+07,1602,0,0,0,0,0,0,1113,466,23
547.174,1,34930688,windows,0,445,370,9,0,0,0,0,0,0,5,4,0
547.351,0,33272832,windows,0,9.01055e+06,9.00536e+06,1482,0,0,0,0,0,0,1038,425,19
547.436,1,34948096,windows,0,445,370,9,0,0,0,0,0,0,5,4,0
547.605,0,33289216,windows,0,7.68528e+06,7.68483e+06,1380,0,0,0,0,0,0,997,368,15
547.688,1,34963456,windows,0,445,370,9,0,0,0,0,0,0,5,4,0
547.86,0,33304576,windows,0,6.36133e+06,6.34969e+06,1239,0,0,0,0,0,0,850,370,19
547.94,1,34978816,windows,0,445,370,9,0,0,0,0,0,0,5,4,0
548.114,0,33320960,windows,0,5.26451e+06,5.25729e+06,1135,0,0,0,0,0,0,784,330,21
548.192,1,34994176,windows,0,445,370,9,0,0,0,0,0,0,5,4,0
548.377,0,33338368,windows,0,4.46544e+06,4.46166e+06,1057,0,0,0,0,0,0,757,282,18
548.446,1,35011584,windows,0,445,370,9,0,0,0,0,0,0,5,4,0
548.64,0,33355776,windows,0,3.76796e+06,3.76273e+06,969,0,0,0,0,0,0,691,262,16
548.706,1,35030016,windows,0,445,370,9,0,0,0,0,0,0,5,4,0
548.892,0,33372160,windows,0,3.02927e+06,3.02129e+06,858,0,0,0,0,0,0,594,251,13
548.962,1,35049472,windows,0,445,370,9,0,0,0,0,0,0,5,4,0
549.145,0,33387520,windows,0,2.49112e+06,2.48357e+06,788,0,0,0,0,0,0,557,216,15
549.219,1,35067904,windows,0,445,370,9,0,0,0,0,0,0,5,4,0
549.405,0,33404928,windows,0,2.0208e+06,2.01784e+06,713,0,0,0,0,0,0,510,189,14
549.469,1,35086336,windows,0,445,370,9,0,0,0,0,0,0,5,4,0
549.668,0,33422336,windows,0,1.64551e+06,1.64324e+06,638,0,0,0,0,0,0,454,175,9
549.724,1,35104768,windows,0,445,370,9,0,0,0,0,0,0,5,4,0
549.922,0,33439744,windows,0,1.3066e+06,1.30124e+06,569,0,0,0,0,0,0,406,155,8
549.975,1,35124224,windows,0,445,370,9,0,0,0,0,0,0,5,4,0
550.18,0,33457152,windows,0,1.0313e+06,1.02842e+06,502,0,0,0,0,0,0,359,139,4
550.237,1,35144704,windows,0,445,370,9,0,0,0,0,0,0,5,4,0
550.432,0,33473536,windows,0,810325,810325,451,0,0,0,0,0,0,337,110,4
550.489,1,35165184,windows,0,445,370,9,0,0,0,0,0,0,5,4,0
550.684,0,33490944,windows,0,667400,665152,410,0,0,0,0,0,0,300,104,6
550.741,1,35184640,windows,0,445,370,9,0,0,0,0,0,0,5,4,0
550.947,0,33508352,windows,0,527950,524676,359,0,0,0,0,0,0,256,100,3
551.005,1,35205120,windows,0,445,370,9,0,0,0,0,0,0,5,4,0
551.204,0,33524736,windows,0,410875,408066,320,0,0,0,0,0,0,235,82,3
551.258,1,35223552,windows,0,445,370,9,0,0,0,0,0,0,5,4,0
551.455,0,33541120,windows,0,351935,351935,295,0,0,0,0,0,0,213,79,3
551.515,1,35241984,windows,0,445,370,9,0,0,0,0,0,0,5,4,0
551.713,0,33558528,windows,0,301090,301008,276,0,0,0,0,0,0,208,65,3
551.77,1,35259392,windows,0,445,370,9,0,0,0,0,0,0,5,4,0
551.965,0,33574912,windows,0,264445,263118,257,0,0,0,0,0,0,191,64,2
552.03,1,35276800,windows,0,445,370,9,0,0,0,0,0,0,5,4,0
552.222,0,33591296,windows,0,195835,195752,222,0,0,0,0,0,0,163,56,3
552.28,1,35294208,windows,0,445,370,9,0,0,0,0,0,0,5,4,0
552.479,0,33608704,windows,0,152345,151358,196,0,0,0,0,0,0,147,47,2
552.542,1,35311616,windows,0,445,370,9,0,0,0,0,0,0,5,4,0
552.741,0,33626112,windows,0,125940,125828,178,0,0,0,0,0,0,126,48,4
552.796,1,35328000,windows,0,445,370,9,0,0,0,0,0,0,5,4,0
552.996,0,33643520,windows,0,104405,102824,161,0,0,0,0,0,0,111,46,4
553.063,1,35346432,windows,0,445,370,9,0,0,0,0,0,0,5,4,0
553.251,0,33659904,windows,0,76435,76352.5,140,0,0,0,0,0,0,103,34,3
553.315,1,35362816,windows,0,445,370,9,0,0,0,0,0,0,5,4,0
553.503,0,33677312,windows,0,64830,64208.8,131,0,0,0,0,0,0,96,30,5
553.576,1,35384320,windows,0,445,370,9,0,0,0,0,0,0,5,4,0
553.767,0,33694720,windows,0,58210,58067.5,123,0,0,0,0,0,0,86,32,5
553.835,1,35405824,windows,0,445,370,9,0,0,0,0,0,0,5,4,0
554.023,0,33712128,windows,0,52925,51803.8,117,0,0,0,0,0,0,83,30,4
554.091,1,35425280,repair,0,445,370,9,0,0,0,0,0,0,5,4,0
554.274,0,33728512,windows,0,40880,40388.8,104,0,0,0,0,0,0,76,24,4
554.347,1,35443712,repair,0,445,370,9,0,0,0,0,0,0,5,4,0
554.53,0,33744896,windows,0,32690,32547.5,94,0,0,0,0,0,0,68,21,5
554.607,1,35462144,repair,0,445,370,9,0,0,0,0,0,0,5,4,0
554.783,0,33759232,windows,0,29650,29072.5,89,0,0,0,0,0,0,62,22,5
554.869,1,35480576,windows,0,445,370,9,0,0,0,0,0,0,5,4,0
555.036,0,33773568,windows,0,28430,27988.8,87,0,0,0,0,0,0,60,22,5
555.126,1,35497984,windows,0,445,370,9,0,0,0,0,0,0,5,4,0
555.301,0,33788928,windows,0,26120,25718.8,83,0,0,0,0,0,0,58,21,4
555.389,1,35515392,windows,0,445,370,9,0,0,0,0,0,0,5,4,0
555.555,0,33803264,windows,0,19100,18798.8,70,0,0,0,0,0,0,50,18,2
555.64,1,35531776,windows,0,445,370,9,0,0,0,0,0,0,5,4,0
555.806,0,33817600,windows,0,18605,18250,69,0,0,0,0,0,0,49,18,2
555.896,1,35548160,windows,0,445,370,9,0,0,0,0,0,0,5,4,0
556.072,0,33832960,windows,0,17905,17852.5,68,0,0,0,0,0,0,49,17,2
556.16,1,35565568,windows,0,445,370,9,0,0,0,0,0,0,5,4,0
556.338,0,33847296,windows,0,16945,16658.8,66,0,0,0,0,0,0,47,17,2
556.419,1,35582976,windows,0,445,370,9,0,0,0,0,0,0,5,4,0
556.594,0,33861632,windows,0,14920,14867.5,62,0,0,0,0,0,0,44,16,2
556.669,1,35599360,windows,0,445,370,9,0,0,0,0,0,0,5,4,0
556.858,0,33878016,windows,0,12620,12567.5,57,0,0,0,0,0,0,40,15,2
556.923,1,35616768,windows,0,445,370,9,0,0,0,0,0,0,5,4,0
557.124,0,33894400,windows,0,12040,11987.5,56,0,0,0,0,0,0,40,14,2
557.181,1,35634176,windows,0,445,370,9,0,0,0,0,0,0,5,4,0
557.383,0,33910784,windows,0,11840,11787.5,55,0,0,0,0,0,0,38,15,2
557.432,1,35651584,windows,0,445,370,9,0,0,0,0,0,0,5,4,0
557.645,0,33928192,windows,0,11405,11352.5,55,0,0,0,0,0,0,41,12,2
557.689,1,35670016,windows,0,445,370,9,0,0,0,0,0,0,5,4,0
557.895,0,33944576,windows,0,11000,10947.5,54,0,0,0,0,0,0,40,12,2
557.956,1,35687424,windows,0,445,370,9,0,0,0,0,0,0,5,4,0
558.158,0,33960960,windows,0,11000,10947.5,54,0,0,0,0,0,0,40,12,2
558.216,1,35702784,windows,0,445,370,9,0,0,0,0,0,0,5,4,0
558.41,0,33976320,windows,0,10605,10317.5,53,0,0,0,0,0,0,39,12,2
558.481,1,35718144,windows,0,445,370,9,0,0,0,0,0,0,5,4,0
558.665,0,33992704,windows,0,10605,10317.5,53,0,0,0,0,0,0,39,12,2
558.733,1,35733504,windows,0,445,370,9,0,0,0,0,0,0,5,4,0
558.932,0,34008064,windows,0,10605,10317.5,53,0,0,0,0,0,0,39,12,2
558.99,1,35747840,windows,0,445,370,9,0,0,0,0,0,0,5,4,0
559.192,0,34024448,windows,0,10220,9932.5,52,0,0,0,0,0,0,38,12,2
559.251,1,35766272,windows,0,445,370,9,0,0,0,0,0,0,5,4,0
559.443,0,34040832,windows,0,10145,9877.5,52,0,0,0,0,0,0,39,11,2
559.515,1,35783680,windows,0,445,370,9,0,0,0,0,0,0,5,4,0
559.699,0,34057216,windows,0,9020,8752.5,49,0,0,0,0,0,0,36,11,2
559.77,1,35801088,windows,0,445,370,9,0,0,0,0,0,0,5,4,0
559.956,0,34073600,windows,0,9020,8752.5,49,0,0,0,0,0,0,36,11,2
560.03,1,35816448,windows,0,445,370,9,0,0,0,0,0,0,5,4,0
560.21,0,34089984,windows,0,8665,8397.5,48,0,0,0,0,0,0,35,11,2
560.285,1,35834880,windows,0,445,370,9,0,0,0,0,0,0,5,4,0
560.471,0,34105344,windows,0,8665,8397.5,48,0,0,0,0,0,0,35,11,2
560.544,1,35852288,windows,0,445,370,9,0,0,0,0,0,0,5,4,0
560.73,0,34121728,windows,0,8665,8397.5,48,0,0,0,0,0,0,35,11,2
560.798,1,35869696,windows,0,445,370,9,0,0,0,0,0,0,5,4,0
560.987,0,34138112,windows,0,8320,8052.5,47,0,0,0,0,0,0,34,11,2
561.055,1,35886080,windows,0,445,370,9,0,0,0,0,0,0,5,4,0
561.242,0,34153472,windows,0,7660,7392.5,45,0,0,0,0,0,0,32,11,2
561.31,1,35903488,windows,0,445,370,9,0,0,0,0,0,0,5,4,0
561.501,0,34169856,windows,0,7660,7392.5,45,0,0,0,0,0,0,32,11,2
561.568,1,35920896,windows,0,445,370,9,0,0,0,0,0,0,5,4,0
561.766,0,34186240,windows,0,7660,7392.5,45,0,0,0,0,0,0,32,11,2
561.821,1,35937280,windows,0,445,370,9,0,0,0,0,0,0,5,4,0
562.02,0,34201600,windows,0,7660,7392.5,45,0,0,0,0,0,0,32,11,2
562.083,1,35949568,repair,807,2.6116e+08,2.6116e+08,6964,65,166,144,272,160,0,3821,2939,204
562.286,0,34219008,windows,0,445,370,9,0,0,0,0,0,0,5,4,0
562.338,1,35966976,repair,647,2.63207e+08,2.63182e+08,7105,49,137,123,225,113,0,3993,2946,166
562.537,0,34237440,windows,0,445,370,9,0,0,0,0,0,0,5,4,0
562.596,1,35984384,repair,522,2.64251e+08,2.64192e+08,7199,40,107,88,192,95,0,4092,2946,161
562.788,0,34254848,windows,0,445,370,9,0,0,0,0,0,0,5,4,0
562.855,1,36001792,repair,423,2.58006e+08,2.57943e+08,7173,30,84,66,157,86,0,4132,2897,144
563.049,0,34273280,windows,0,445,370,9,0,0,0,0,0,0,5,4,0
563.114,1,36019200,repair,348,2.45112e+08,2.45055e+08,6912,18,57,65,125,83,0,3905,2877,130
563.312,0,34290688,windows,0,445,370,9,0,0,0,0,0,0,5,4,0
563.376,1,36036608,repair,298,1.96147e+08,1.96078e+08,6248,16,59,42,123,58,0,3574,2545,129
563.564,0,34309120,windows,0,445,370,9,0,0,0,0,0,0,5,4,0
563.633,1,36054016,repair,242,1.95345e+08,1.95293e+08,6196,13,42,41,97,49,0,3479,2577,140
563.828,0,34328576,windows,0,445,370,9,0,0,0,0,0,0,5,4,0
563.898,1,36070400,repair,180,1.89849e+08,1.89828e+08,6204,7,31,42,68,32,0,3607,2487,110
564.08,0,34344960,windows,0,445,370,9,0,0,0,0,0,0,5,4,0
564.153,1,36086784,repair,147,1.58204e+08,1.58156e+08,5664,4,28,12,63,40,0,3308,2265,91
564.34,0,34365440,windows,0,445,370,9,0,0,0,0,0,0,5,4,0
564.404,1,36103168,repair,121,1.33247e+08,1.33204e+08,5332,6,11,20,58,26,0,3232,2004,96
564.598,0,34383872,windows,0,445,370,9,0,0,0,0,0,0,5,4,0
564.657,1,36119552,repair,80,1.38229e+08,1.38227e+08,5427,5,11,13,32,19,0,3303,2041,83
564.85,0,34402304,windows,0,445,370,9,0,0,0,0,0,0,5,4,0
564.912,1,36135936,repair,54,1.20458e+08,1.20458e+08,5138,2,9,8,17,18,0,3198,1858,82
565.112,0,34420736,windows,0,445,370,9,0,0,0,0,0,0,5,4,0
565.175,1,36153344,repair,28,1.1625e+08,1.16235e+08,5008,2,5,5,8,8,0,3089,1849,70
565.376,0,34440192,windows,0,445,370,9,0,0,0,0,0,0,5,4,0
565.439,1,36170752,repair,15,1.06477e+08,1.06425e+08,4848,1,4,2,8,0,0,3046,1731,71
565.635,0,34458624,windows,0,445,370,9,0,0,0,0,0,0,5,4,0
565.697,1,36187136,repair,10,9.01951e+07,9.01653e+07,4577,1,2,0,6,1,0,3022,1490,65
565.887,0,34476032,windows,0,445,370,9,0,0,0,0,0,0,5,4,0
565.952,1,36203520,repair,3,8.38496e+07,8.38496e+07,4361,0,1,2,0,0,0,2829,1479,53
566.14,0,34491392,windows,0,445,370,9,0,0,0,0,0,0,5,4,0
566.213,1,36220928,repair,0,6.83382e+07,6.82974e+07,3964,0,0,0,0,0,0,2597,1314,53
566.397,0,34508800,windows,0,445,370,9,0,0,0,0,0,0,5,4,0
566.468,1,36236288,windows,0,5.75703e+07,5.75343e+07,3644,0,0,0,0,0,0,2398,1199,47
566.65,0,34528256,windows,0,445,370,9,0,0,0,0,0,0,5,4,0
566.72,1,36250624,windows,0,4.86238e+07,4.86111e+07,3374,0,0,0,0,0,0,2240,1083,51
566.942,0,34547712,windows,0,445,370,9,0,0,0,0,0,0,5,4,0
566.971,1,36263936,windows,0,4.12373e+07,4.12057e+07,3088,0,0,0,0,0,0,2037,1011,40
567.2,0,34564096,windows,0,445,370,9,0,0,0,0,0,0,5,4,0
567.238,1,36277248,windows,0,3.35107e+07,3.34912e+07,2790,0,0,0,0,0,0,1834,912,44
567.457,0,34580480,windows,0,445,370,9,0,0,0,0,0,0,5,4,0
567.499,1,36291584,windows,0,2.83592e+07,2.83592e+07,2585,0,0,0,0,0,0,1746,809,30
567.712,0,34597888,windows,0,445,370,9,0,0,0,0,0,0,5,4,0
567.761,1,36305920,windows,0,2.40568e+07,2.40342e+07,2408,0,0,0,0,0,0,1656,718,34
567.98,0,34616320,repair,0,445,370,9,0,0,0,0,0,0,5,4,0
568.012,1,36320256,windows,0,2.06119e+07,2.0611e+07,2204,0,0,0,0,0,0,1476,696,32
568.243,0,34632704,repair,0,445,370,9,0,0,0,0,0,0,5,4,0
568.264,1,36333568,windows,0,1.74878e+07,1.74672e+07,2041,0,0,0,0,0,0,1372,634,35
568.501,0,34650112,repair,0,445,370,9,0,0,0,0,0,0,5,4,0
568.524,1,36346880,windows,0,1.49477e+07,1.4947e+07,1884,0,0,0,0,0,0,1279,581,24
568.756,0,34666496,repair,0,445,370,9,0,0,0,0,0,0,5,4,0
568.778,1,36360192,windows,0,1.29605e+07,1.29605e+07,1765,0,0,0,0,0,0,1214,528,23
569.018,0,34681856,windows,0,445,370,9,0,0,0,0,0,0,5,4,0
569.046,1,36372480,windows,0,1.14704e+07,1.14606e+07,1664,0,0,0,0,0,0,1152,491,21
569.27,0,34697216,windows,0,445,370,9,0,0,0,0,0,0,5,4,0
569.304,1,36385792,windows,0,1.0242e+07,1.02366e+07,1566,0,0,0,0,0,0,1071,474,21
569.538,0,34712576,windows,0,445,370,9,0,0,0,0,0,0,5,4,0
569.562,1,36398080,windows,0,9.12132e+06,9.12057e+06,1492,0,0,0,0,0,0,1033,434,25
569.789,0,34727936,windows,0,445,370,9,0,0,0,0,0,0,5,4,0
569.826,1,36410368,windows,0,7.537e+06,7.53643e+06,1352,0,0,0,0,0,0,937,396,19
570.041,0,34743296,windows,0,445,370,9,0,0,0,0,0,0,5,4,0
570.077,1,36422656,windows,0,6.61788e+06,6.61788e+06,1265,0,0,0,0,0,0,873,374,18
570.293,0,34757632,windows,0,445,370,9,0,0,0,0,0,0,5,4,0
570.343,1,36435968,windows,0,5.82478e+06,5.82433e+06,1193,0,0,0,0,0,0,839,339,15
570.55,0,34771968,windows,0,445,370,9,0,0,0,0,0,0,5,4,0
570.598,1,36449280,windows,0,5.15788e+06,5.15356e+06,1117,0,0,0,0,0,0,771,330,16
570.807,0,34788352,windows,0,445,370,9,0,0,0,0,0,0,5,4,0
570.85,1,36462592,windows,0,4.55742e+06,4.54757e+06,1053,0,0,0,0,0,0,719,313,21
571.066,0,34802688,windows,0,445,370,9,0,0,0,0,0,0,5,4,0
571.112,1,36474880,windows,0,3.78924e+06,3.78555e+06,949,0,0,0,0,0,0,633,298,18
571.33,0,34819072,windows,0,445,370,9,0,0,0,0,0,0,5,4,0
571.369,1,36488192,windows,0,3.249e+06,3.249e+06,889,0,0,0,0,0,0,615,260,14
571.588,0,34835456,windows,0,445,370,9,0,0,0,0,0,0,5,4,0
571.636,1,36502528,windows,0,2.73751e+06,2.73751e+06,822,0,0,0,0,0,0,590,223,9
571.842,0,34850816,windows,0,445,370,9,0,0,0,0,0,0,5,4,0
571.892,1,36516864,windows,0,2.38912e+06,2.38608e+06,769,0,0,0,0,0,0,550,209,10
572.1,0,34866176,windows,0,445,370,9,0,0,0,0,0,0,5,4,0
572.149,1,36531200,windows,0,2.0896e+06,2.08701e+06,721,0,0,0,0,0,0,518,193,10
572.361,0,34883584,windows,0,445,370,9,0,0,0,0,0,0,5,4,0
572.411,1,36545536,windows,0,1.62246e+06,1.62213e+06,631,0,0,0,0,0,0,439,181,11
572.622,0,34902016,windows,0,445,370,9,0,0,0,0,0,0,5,4,0
572.669,1,36560896,windows,0,1.38205e+06,1.38205e+06,585,0,0,0,0,0,0,410,164,11
572.882,0,34921472,windows,0,445,370,9,0,0,0,0,0,0,5,4,0
572.926,1,36575232,windows,0,1.17298e+06,1.17008e+06,543,0,0,0,0,0,0,387,145,11
573.132,0,34940928,windows,0,445,370,9,0,0,0,0,0,0,5,4,0
573.183,1,36589568,windows,0,1.01178e+06,1.00707e+06,505,0,0,0,0,0,0,365,131,9
573.388,0,34959360,windows,0,445,370,9,0,0,0,0,0,0,5,4,0
573.444,1,36603904,windows,0,879410,879410,470,0,0,0,0,0,0,336,125,9
573.647,0,34978816,windows,0,445,370,9,0,0,0,0,0,0,5,4,0
573.708,1,36619264,windows,0,670120,670120,403,0,0,0,0,0,0,274,121,8
573.909,0,34997248,windows,0,445,370,9,0,0,0,0,0,0,5,4,0
573.958,1,36632576,windows,0,567220,567220,373,0,0,0,0,0,0,256,109,8
574.172,0,35013632,windows,0,445,370,9,0,0,0,0,0,0,5,4,0
574.208,1,36645888,windows,0,481160,480928,345,0,0,0,0,0,0,238,99,8
574.433,0,35032064,windows,0,445,370,9,0,0,0,0,0,0,5,4,0
574.466,1,36660224,windows,0,428585,425504,328,0,0,0,0,0,0,235,87,6
574.688,0,35049472,windows,0,445,370,9,0,0,0,0,0,0,5,4,0
574.731,1,36674560,windows,0,355595,355452,298,0,0,0,0,0,0,213,80,5
574.948,0,35065856,windows,0,445,370,9,0,0,0,0,0,0,5,4,0
574.99,1,36688896,windows,0,280020,277686,265,0,0,0,0,0,0,192,69,4
575.206,0,35080192,windows,0,445,370,9,0,0,0,0,0,0,5,4,0
575.25,1,36705280,windows,0,224630,223639,238,0,0,0,0,0,0,170,63,5
575.461,0,35096576,windows,0,445,370,9,0,0,0,0,0,0,5,4,0
575.509,1,36719616,windows,0,197635,196689,224,0,0,0,0,0,0,161,58,5
575.721,0,35113984,windows,0,445,370,9,0,0,0,0,0,0,5,4,0
575.769,1,36733952,windows,0,172990,171732,209,0,0,0,0,0,0,148,56,5
575.973,0,35131392,windows,0,445,370,9,0,0,0,0,0,0,5,4,0
576.02,1,36748288,windows,0,151570,150719,197,0,0,0,0,0,0,142,50,5
576.224,0,35147776,windows,0,445,370,9,0,0,0,0,0,0,5,4,0
576.271,1,36763648,windows,0,109550,109408,165,0,0,0,0,0,0,112,48,5
576.481,0,35164160,windows,0,445,370,9,0,0,0,0,0,0,5,4,0
576.533,1,36777984,windows,0,93805,92386.2,151,0,0,0,0,0,0,101,46,4
576.737,0,35179520,windows,0,445,370,9,0,0,0,0,0,0,5,4,0
576.798,1,36792320,windows,0,83075,82591.2,144,0,0,0,0,0,0,97,42,5
576.996,0,35194880,windows,0,445,370,9,0,0,0,0,0,0,5,4,0
577.058,1,36807680,windows,0,74980,74980,139,0,0,0,0,0,0,100,35,4
577.261,0,35209216,windows,0,445,370,9,0,0,0,0,0,0,5,4,0
577.312,1,36824064,windows,0,62280,62280,126,0,0,0,0,0,0,84,36,6
577.528,0,35224576,windows,0,445,370,9,0,0,0,0,0,0,5,4,0
577.574,1,36840448,windows,0,51140,50761.2,113,0,0,0,0,0,0,76,33,4
577.794,0,35240960,windows,0,445,370,9,0,0,0,0,0,0,5,4,0
577.835,1,36856832,windows,0,42145,41530,102,0,0,0,0,0,0,67,31,4
578.059,0,35256320,windows,0,445,370,9,0,0,0,0,0,0,5,4,0
578.087,1,36872192,windows,0,39080,38751.2,99,0,0,0,0,0,0,66,29,4
578.313,0,35270656,windows,0,445,370,9,0,0,0,0,0,0,5,4,0
578.342,1,36886528,windows,0,36520,35636.2,95,0,0,0,0,0,0,62,29,4
578.564,0,35286016,windows,0,445,370,9,0,0,0,0,0,0,5,4,0
578.599,1,36902912,windows,0,30245,30245,87,0,0,0,0,0,0,57,26,4
578.829,0,35301376,windows,0,445,370,9,0,0,0,0,0,0,5,4,0
578.854,1,36918272,windows,0,24985,24741.2,78,0,0,0,0,0,0,49,25,4
579.093,0,35316736,windows,0,445,370,9,0,0,0,0,0,0,5,4,0
579.119,1,36932608,windows,0,23520,23281.2,76,0,0,0,0,0,0,48,24,4
579.351,0,35333120,repair,0,445,370,9,0,0,0,0,0,0,5,4,0
579.374,1,36947968,windows,0,22580,22341.2,75,0,0,0,0,0,0,48,23,4
579.604,0,35348480,repair,0,445,370,9,0,0,0,0,0,0,5,4,0
579.633,1,36963328,windows,0,18565,18565,67,0,0,0,0,0,0,41,22,4
579.866,0,35363840,repair,0,445,370,9,0,0,0,0,0,0,5,4,0
579.884,1,36978688,windows,0,18160,18160,66,0,0,0,0,0,0,40,22,4
580.125,0,35378176,repair,0,445,370,9,0,0,0,0,0,0,5,4,0
580.137,1,36994048,windows,0,16520,16520,63,0,0,0,0,0,0,38,21,4
580.387,0,35391488,windows,0,445,370,9,0,0,0,0,0,0,5,4,0
580.4,1,37010432,windows,0,16520,16520,63,0,0,0,0,0,0,38,21,4
580.653,0,35405824,windows,0,445,370,9,0,0,0,0,0,0,5,4,0
580.663,1,37026816,windows,0,14745,14581.2,58,0,0,0,0,0,0,33,21,4
580.911,0,35421184,windows,0,445,370,9,0,0,0,0,0,0,5,4,0
580.915,1,37042176,windows,0,14420,14005,57,0,0,0,0,0,0,32,21,4
581.17,0,35436544,windows,0,445,370,9,0,0,0,0,0,0,5,4,0
581.178,1,37058560,windows,0,14180,13805,59,0,0,0,0,0,0,36,19,4
581.429,0,35451904,windows,0,445,370,9,0,0,0,0,0,0,5,4,0
581.439,1,37074944,windows,0,13440,13085,58,0,0,0,0,0,0,36,18,4
581.689,0,35467264,windows,0,445,370,9,0,0,0,0,0,0,5,4,0
581.705,1,37092352,windows,0,12820,12445,55,0,0,0,0,0,0,32,19,4
581.944,0,35482624,windows,0,445,370,9,0,0,0,0,0,0,5,4,0
581.972,1,37107712,windows,0,12505,12130,54,0,0,0,0,0,0,31,19,4
582.2,0,35497984,windows,0,445,370,9,0,0,0,0,0,0,5,4,0
582.238,1,37123072,windows,0,12405,12050,55,0,0,0,0,0,0,33,18,4
582.455,0,35514368,windows,0,445,370,9,0,0,0,0,0,0,5,4,0
582.505,1,37138432,windows,0,11765,11410,53,0,0,0,0,0,0,31,18,4
582.707,0,35531776,windows,0,445,370,9,0,0,0,0,0,0,5,4,0
582.762,1,37152768,windows,0,11460,11105,52,0,0,0,0,0,0,30,18,4
582.964,0,35548160,windows,0,445,370,9,0,0,0,0,0,0,5,4,0
583.023,1,37167104,windows,0,11460,11105,52,0,0,0,0,0,0,30,18,4
583.223,0,35565568,windows,0,445,370,9,0,0,0,0,0,0,5,4,0
583.286,1,37182464,windows,0,11165,10666.2,51,0,0,0,0,0,0,29,18,4
583.479,0,35586048,windows,0,445,370,9,0,0,0,0,0,0,5,4,0
583.549,1,37199872,windows,0,10880,10525,50,0,0,0,0,0,0,28,18,4
583.732,0,35602432,repair,921,1.36932e+08,1.36926e+08,4925,65,141,122,384,209,0,2805,1932,188
583.809,1,37215232,windows,0,10880,10525,50,0,0,0,0,0,0,28,18,4
583.987,0,35621888,repair,662,2.63556e+08,2.63472e+08,7158,42,137,136,215,132,0,4017,2935,206
584.064,1,37232640,windows,0,9955,9486.25,48,0,0,0,0,0,0,31,16,1
584.248,0,35642368,repair,530,2.37963e+08,2.37938e+08,6932,39,112,92,191,96,0,4034,2734,164
584.317,1,37249024,windows,0,8735,8591.25,45,0,0,0,0,0,0,29,15,1
584.51,0,35662848,repair,426,2.37975e+08,2.37914e+08,6890,17,92,78,156,83,0,3957,2782,151
584.569,1,37265408,windows,0,8450,8301.25,45,0,0,0,0,0,0,30,14,1
584.761,0,35682304,repair,332,2.14896e+08,2.14824e+08,6531,15,63,50,137,67,0,3697,2674,160
584.823,1,37280768,windows,0,7055,6921.25,41,0,0,0,0,0,0,27,13,1
585.012,0,35701760,repair,267,1.99147e+08,1.99073e+08,6402,11,44,30,120,62,0,3751,2512,139
585.088,1,37296128,windows,0,7055,6921.25,41,0,0,0,0,0,0,27,13,1
585.267,0,35720192,repair,215,1.84526e+08,1.84526e+08,6265,11,32,31,86,55,0,3778,2361,126
585.338,1,37309440,windows,0,7055,6921.25,41,0,0,0,0,0,0,27,13,1
585.533,0,35736576,repair,160,1.7117e+08,1.71124e+08,6050,5,35,21,61,38,0,3670,2267,113
585.6,1,37322752,windows,0,6790,6790,40,0,0,0,0,0,0,26,13,1
585.784,0,35751936,repair,118,1.6627e+08,1.66221e+08,5963,4,18,25,40,31,0,3606,2242,115
585.86,1,37337088,windows,0,6535,6535,39,0,0,0,0,0,0,25,13,1
586.036,0,35767296,repair,94,1.49196e+08,1.49133e+08,5630,3,16,11,43,21,0,3378,2139,113
586.123,1,37351424,windows,0,5830,5830,36,0,0,0,0,0,0,22,13,1
586.29,0,35782656,repair,69,1.38056e+08,1.38037e+08,5431,3,8,10,35,13,0,3291,2043,97
586.379,1,37364736,windows,0,5830,5830,36,0,0,0,0,0,0,22,13,1
586.551,0,35798016,repair,47,1.23585e+08,1.23583e+08,5222,1,6,6,19,15,0,3277,1866,79
586.647,1,37379072,windows,0,5830,5830,36,0,0,0,0,0,0,22,13,1
586.807,0,35813376,repair,27,1.21903e+08,1.21863e+08,5209,2,2,2,14,7,0,3275,1844,90
586.916,1,37392384,windows,0,5615,5615,35,0,0,0,0,0,0,21,13,1
587.066,0,35828736,repair,17,1.14087e+08,1.14051e+08,5039,0,1,1,7,8,0,3171,1783,85
587.171,1,37405696,windows,0,5555,5441.25,36,0,0,0,0,0,0,23,12,1
587.325,0,35844096,repair,13,9.01011e+07,9.00531e+07,4525,0,0,2,4,7,0,2888,1552,85
587.427,1,37420032,windows,0,5555,5441.25,36,0,0,0,0,0,0,23,12,1
587.583,0,35859456,repair,4,8.19844e+07,8.19844e+07,4328,0,1,2,1,0,0,2796,1462,70
587.689,1,37435392,windows,0,5555,5441.25,36,0,0,0,0,0,0,23,12,1
587.847,0,35875840,repair,3,7.17296e+07,7.16896e+07,4095,0,0,2,0,1,0,2703,1324,68
587.94,1,37449728,windows,0,5555,5441.25,36,0,0,0,0,0,0,23,12,1
588.111,0,35892224,repair,1,5.93302e+07,5.93062e+07,3724,0,0,0,0,1,0,2465,1201,58
588.203,1,37465088,windows,0,5330,5221.25,35,0,0,0,0,0,0,22,12,1
588.375,0,35909632,repair,1,5.02568e+07,5.02568e+07,3425,0,0,0,0,1,0,2274,1103,48
588.467,1,37480448,windows,0,5330,5221.25,35,0,0,0,0,0,0,22,12,1
588.639,0,35926016,repair,1,4.34537e+07,4.3443e+07,3208,0,0,0,0,1,0,2147,1008,53
588.724,1,37494784,windows,0,5115,5115,34,0,0,0,0,0,0,21,12,1
588.906,0,35941376,windows,0,3.51217e+07,3.51121e+07,2881,0,0,0,0,0,0,1921,911,49
588.989,1,37510144,windows,0,5115,5115,34,0,0,0,0,0,0,21,12,1
589.17,0,35955712,windows,0,2.93408e+07,2.93227e+07,2633,0,0,0,0,0,0,1751,835,47
589.256,1,37525504,windows,0,5115,5115,34,0,0,0,0,0,0,21,12,1
589.423,0,35969024,windows,0,2.52706e+07,2.52694e+07,2479,0,0,0,0,0,0,1710,728,41
589.521,1,37540864,windows,0,5115,5115,34,0,0,0,0,0,0,21,12,1
589.682,0,35983360,windows,0,2.181e+07,2.1801e+07,2299,0,0,0,0,0,0,1588,677,34
589.783,1,37556224,windows,0,445,370,9,0,0,0,0,0,0,5,4,0
589.95,0,35997696,windows,0,1.83864e+07,1.83864e+07,2086,0,0,0,0,0,0,1410,649,27
590.038,1,37573632,windows,0,445,370,9,0,0,0,0,0,0,5,4,0
590.216,0,36012032,windows,0,1.51925e+07,1.51806e+07,1894,0,0,0,0,0,0,1268,597,29
590.293,1,37590016,windows,0,445,370,9,0,0,0,0,0,0,5,4,0
590.475,0,36026368,windows,0,1.30133e+07,1.29965e+07,1761,0,0,0,0,0,0,1197,540,24
590.547,1,37606400,windows,0,445,370,9,0,0,0,0,0,0,5,4,0
590.732,0,36040704,windows,0,1.14155e+07,1.14001e+07,1664,0,0,0,0,0,0,1166,480,18
590.802,1,37623808,windows,0,445,370,9,0,0,0,0,0,0,5,4,0
590.995,0,36055040,windows,0,9.79933e+06,9.78515e+06,1551,0,0,0,0,0,0,1094,436,21
591.063,1,37643264,windows,0,445,370,9,0,0,0,0,0,0,5,4,0
591.248,0,36068352,windows,0,8.05087e+06,8.04223e+06,1404,0,0,0,0,0,0,982,401,21
591.321,1,37660672,windows,0,445,370,9,0,0,0,0,0,0,5,4,0
591.502,0,36081664,windows,0,6.8864e+06,6.8864e+06,1299,0,0,0,0,0,0,923,362,14
591.574,1,37678080,windows,0,445,370,9,0,0,0,0,0,0,5,4,0
591.769,0,36096000,windows,0,5.91106e+06,5.90675e+06,1213,0,0,0,0,0,0,861,331,21
591.836,1,37696512,repair,0,445,370,9,0,0,0,0,0,0,5,4,0
592.034,0,36110336,windows,0,5.1098e+06,5.09891e+06,1121,0,0,0,0,0,0,781,320,20
592.099,1,37714944,windows,0,445,370,9,0,0,0,0,0,0,5,4,0
592.295,0,36124672,windows,0,4.48496e+06,4.47481e+06,1056,0,0,0,0,0,0,744,292,20
592.35,1,37731328,windows,0,445,370,9,0,0,0,0,0,0,5,4,0
592.562,0,36139008,windows,0,3.5923e+06,3.58623e+06,935,0,0,0,0,0,0,640,277,18
592.629,1,37748736,windows,0,445,370,9,0,0,0,0,0,0,5,4,0
592.82,0,36153344,windows,0,2.9559e+06,2.94796e+06,864,0,0,0,0,0,0,631,219,14
592.879,1,37764096,windows,0,445,370,9,0,0,0,0,0,0,5,4,0
593.073,0,36167680,windows,0,2.56607e+06,2.56607e+06,798,0,0,0,0,0,0,566,219,13
593.141,1,37780480,windows,0,445,370,9,0,0,0,0,0,0,5,4,0
593.331,0,36182016,windows,0,2.20358e+06,2.20317e+06,740,0,0,0,0,0,0,521,205,14
593.403,1,37797888,windows,0,445,370,9,0,0,0,0,0,0,5,4,0
593.588,0,36196352,windows,0,1.8835e+06,1.8835e+06,688,0,0,0,0,0,0,490,184,14
593.666,1,37814272,windows,0,445,370,9,0,0,0,0,0,0,5,4,0
593.848,0,36210688,windows,0,1.48292e+06,1.48079e+06,607,0,0,0,0,0,0,426,169,12
593.924,1,37828608,windows,0,445,370,9,0,0,0,0,0,0,5,4,0
594.114,0,36225024,windows,0,1.23533e+06,1.23501e+06,553,0,0,0,0,0,0,386,156,11
594.187,1,37843968,windows,0,445,370,9,0,0,0,0,0,0,5,4,0
594.375,0,36239360,windows,0,1.08882e+06,1.08847e+06,522,0,0,0,0,0,0,366,144,12
594.448,1,37860352,windows,0,445,370,9,0,0,0,0,0,0,5,4,0
594.628,0,36253696,windows,0,928445,926701,483,0,0,0,0,0,0,349,126,8
594.715,1,37876736,windows,0,445,370,9,0,0,0,0,0,0,5,4,0
594.881,0,36268032,windows,0,781265,781265,442,0,0,0,0,0,0,315,119,8
594.977,1,37893120,windows,0,445,370,9,0,0,0,0,0,0,5,4,0
595.135,0,36281344,windows,0,590060,587905,384,0,0,0,0,0,0,266,108,10
595.228,1,37909504,windows,0,445,370,9,0,0,0,0,0,0,5,4,0
595.386,0,36294656,windows,0,496000,494459,355,0,0,0,0,0,0,250,95,10
595.491,1,37925888,windows,0,445,370,9,0,0,0,0,0,0,5,4,0
595.65,0,36308992,windows,0,419515,419252,326,0,0,0,0,0,0,229,88,9
595.743,1,37941248,windows,0,445,370,9,0,0,0,0,0,0,5,4,0
595.91,0,36323328,windows,0,366930,366668,306,0,0,0,0,0,0,216,81,9
595.998,1,37959680,windows,0,445,370,9,0,0,0,0,0,0,5,4,0
596.172,0,36337664,windows,0,309620,306944,282,0,0,0,0,0,0,202,72,8
596.255,1,37975040,windows,0,445,370,9,0,0,0,0,0,0,5,4,0
596.433,0,36350976,windows,0,241725,241492,245,0,0,0,0,0,0,165,72,8
596.521,1,37991424,windows,0,445,370,9,0,0,0,0,0,0,5,4,0
596.7,0,36364288,windows,0,197710,196649,227,0,0,0,0,0,0,160,58,9
596.777,1,38007808,windows,0,445,370,9,0,0,0,0,0,0,5,4,0
596.96,0,36377600,windows,0,169970,169211,212,0,0,0,0,0,0,152,51,9
597.03,1,38023168,windows,0,445,370,9,0,0,0,0,0,0,5,4,0
597.223,0,36390912,windows,0,148295,147611,197,0,0,0,0,0,0,137,51,9
597.284,1,38038528,repair,0,445,370,9,0,0,0,0,0,0,5,4,0
597.488,0,36405248,windows,0,127330,127068,182,0,0,0,0,0,0,124,49,9
597.535,1,38052864,repair,0,445,370,9,0,0,0,0,0,0,5,4,0
597.746,0,36418560,windows,0,92240,91468.8,156,0,0,0,0,0,0,108,40,8
597.791,1,38068224,repair,0,445,370,9,0,0,0,0,0,0,5,4,0
598.009,0,36432896,windows,0,74425,72983.8,140,0,0,0,0,0,0,95,37,8
598.056,1,38083584,repair,0,445,370,9,0,0,0,0,0,0,5,4,0
598.265,0,36446208,windows,0,66280,65312.5,131,0,0,0,0,0,0,86,37,8
598.319,1,38098944,windows,0,445,370,9,0,0,0,0,0,0,5,4,0
598.525,0,36460544,windows,0,58420,57093.8,123,0,0,0,0,0,0,80,35,8
598.57,1,38113280,windows,0,445,370,9,0,0,0,0,0,0,5,4,0
598.789,0,36474880,windows,0,54685,53777.5,119,0,0,0,0,0,0,77,34,8
598.829,1,38127616,windows,0,445,370,9,0,0,0,0,0,0,5,4,0
599.039,0,36488192,windows,0,42545,42312.5,106,0,0,0,0,0,0,69,29,8
599.081,1,38141952,windows,0,445,370,9,0,0,0,0,0,0,5,4,0
599.291,0,36502528,windows,0,36820,36587.5,98,0,0,0,0,0,0,62,28,8
599.341,1,38156288,windows,0,445,370,9,0,0,0,0,0,0,5,4,0
599.548,0,36517888,windows,0,35005,34478.8,95,0,0,0,0,0,0,59,28,8
599.601,1,38170624,windows,0,445,370,9,0,0,0,0,0,0,5,4,0
599.802,0,36533248,windows,0,33640,32912.5,95,0,0,0,0,0,0,62,25,8
599.856,1,38183936,windows,0,445,370,9,0,0,0,0,0,0,5,4,0
600.001,0,36544512,end,0,32660,32118.8,94,0,0,0,0,0,0,62,24,8
600.002,1,38192128,end,0,445,370,9,0,0,0,0,0,0,5,4,0
