seconds,worker,moves,phase,hard,objective,surrogate,soft,lecturerConflicts,groupConflicts,roomConflicts,groupTravel,lecturerTravel,abstractRoomOverflow,lecturerWindows,groupWindows,mixedOnlineDays
0.0506387,0,0,start,1093,8.38548e+07,8.38296e+07,2403,0,0,0,720,373,0,1683,481,239
0.0612386,1,0,start,1063,7.89105e+07,7.88927e+07,2325,0,0,0,693,370,0,1611,486,228
0.303642,0,23552,repair,734,3.02726e+08,3.02662e+08,7533,59,160,125,270,120,0,4144,3190,199
0.319227,1,20480,repair,726,2.88492e+08,2.88487e+08,7390,58,156,132,245,135,0,4133,3089,168
0.562,0,45056,repair,592,2.6988e+08,2.69855e+08,7200,31,131,125,193,112,0,4022,3005,173
0.580728,1,38912,repair,598,2.66772e+08,2.66713e+08,7180,36,124,85,237,116,0,4043,2961,176
0.822055,0,65536,repair,455,2.73984e+08,2.7392e+08,7400,33,102,84,150,86,0,4272,2980,148
0.843648,1,57344,repair,497,2.53779e+08,2.53695e+08,7035,37,97,75,179,109,0,3930,2913,192
1.07337,0,87040,repair,374,2.30045e+08,2.29967e+08,6845,20,71,57,147,79,0,4003,2701,141
1.09407,1,74752,repair,397,2.45747e+08,2.45742e+08,7016,26,78,71,141,81,0,4023,2833,160
1.32598,0,103424,repair,314,1.99148e+08,1.99148e+08,6365,21,64,49,104,76,0,3721,2522,122
1.34768,1,91136,repair,340,2.18995e+08,2.18922e+08,6585,20,65,62,137,56,0,3736,2700,149
1.58884,0,122880,repair,235,2.10471e+08,2.10419e+08,6493,14,37,37,83,64,0,3727,2638,128
1.61005,1,107520,repair,289,1.91345e+08,1.91277e+08,6249,14,43,44,121,67,0,3616,2481,152
1.842,0,142336,repair,185,1.64718e+08,1.647e+08,5925,8,30,25,75,47,0,3590,2225,110
1.87093,1,123904,repair,231,1.91767e+08,1.91713e+08,6219,15,26,37,102,51,0,3558,2514,147
2.10499,0,159744,repair,138,1.60939e+08,1.60939e+08,5806,4,15,15,66,38,0,3476,2232,98
2.13313,1,140288,repair,178,1.72195e+08,1.72173e+08,6027,7,35,38,66,32,0,3596,2306,125
2.35543,0,177152,repair,108,1.4637e+08,1.4635e+08,5548,1,15,9,54,29,0,3320,2128,100
2.39827,1,153600,repair,149,1.54787e+08,1.54726e+08,5697,3,24,21,71,30,0,3394,2193,110
2.60649,0,193536,repair,72,1.44101e+08,1.44056e+08,5539,6,13,14,15,24,0,3352,2092,95
2.66464,1,168960,repair,122,1.50579e+08,1.50532e+08,5551,9,16,20,54,23,0,3226,2211,114
2.86657,0,211968,repair,54,1.19898e+08,1.19879e+08,5183,2,8,10,19,15,0,3277,1815,91
2.92415,1,184320,repair,98,1.3067e+08,1.30667e+08,5333,3,11,17,46,21,0,3270,1957,106
3.12122,0,227328,repair,34,1.1401e+08,1.13959e+08,5043,2,4,6,16,6,0,3201,1769,73
3.18426,1,199680,repair,55,1.35792e+08,1.35749e+08,5439,2,10,7,24,12,0,3372,1983,84
3.37776,0,241664,repair,18,1.06845e+08,1.06795e+08,4851,0,1,3,8,6,0,3032,1742,77
3.44458,1,215040,repair,40,1.20509e+08,1.20456e+08,5166,3,5,7,18,7,0,3259,1833,74
3.63187,0,258048,repair,7,9.63149e+07,9.63149e+07,4657,1,1,1,2,2,0,2968,1614,75
3.70477,1,231424,repair,25,1.1098e+08,1.10978e+08,4952,1,3,3,10,8,0,3112,1766,74
3.88446,0,274432,repair,6,7.84744e+07,7.84441e+07,4264,0,0,1,2,3,0,2787,1405,72
3.95897,1,246784,repair,15,1.01319e+08,1.01271e+08,4808,0,2,0,7,6,0,3100,1629,79
4.14237,0,290816,repair,1,7.20358e+07,7.20223e+07,4092,0,0,0,0,1,0,2689,1337,66
4.21165,1,262144,repair,5,9.08847e+07,9.08827e+07,4541,0,0,1,4,0,0,2922,1550,69
4.39883,0,306176,windows,0,6.1118e+07,6.1118e+07,3770,0,0,0,0,0,0,2480,1230,60
4.47265,1,279552,repair,2,7.74012e+07,7.73994e+07,4199,0,0,0,2,0,0,2719,1420,60
4.65272,0,320512,windows,0,5.13559e+07,5.13559e+07,3463,0,0,0,0,0,0,2286,1121,56
4.73268,1,299008,repair,0,6.97308e+07,6.97039e+07,3994,0,0,0,0,0,0,2588,1344,62
4.91991,0,334848,windows,0,4.04788e+07,4.04788e+07,3052,0,0,0,0,0,0,1986,1017,49
4.99394,1,317440,windows,0,5.18557e+07,5.18218e+07,3485,0,0,0,0,0,0,2314,1118,53
5.17608,0,348160,windows,0,3.42535e+07,3.42339e+07,2840,0,0,0,0,0,0,1887,905,48
5.2521,1,332800,windows,0,4.15264e+07,4.15264e+07,3106,0,0,0,0,0,0,2059,1007,40
5.42795,0,361472,windows,0,2.95913e+07,2.95748e+07,2650,0,0,0,0,0,0,1781,827,42
5.51295,1,349184,windows,0,3.43825e+07,3.43713e+07,2878,0,0,0,0,0,0,1975,861,42
5.69005,0,375808,windows,0,2.52581e+07,2.52567e+07,2473,0,0,0,0,0,0,1686,741,46
5.77971,1,365568,windows,0,2.9013e+07,2.9004e+07,2652,0,0,0,0,0,0,1807,794,51
5.95336,0,391168,windows,0,2.12064e+07,2.11835e+07,2232,0,0,0,0,0,0,1477,716,39
6.04779,1,379904,windows,0,2.45152e+07,2.45152e+07,2420,0,0,0,0,0,0,1637,744,39
6.21817,0,405504,windows,0,1.74314e+07,1.74303e+07,2054,0,0,0,0,0,0,1398,617,39
6.31373,1,394240,windows,0,2.02567e+07,2.02491e+07,2207,0,0,0,0,0,0,1516,661,30
6.47992,0,415744,windows,0,1.58437e+07,1.58307e+07,1947,0,0,0,0,0,0,1314,599,34
6.58152,1,403456,windows,0,1.81345e+07,1.81135e+07,2067,0,0,0,0,0,0,1376,657,34
6.76189,0,423936,windows,0,1.43244e+07,1.43236e+07,1848,0,0,0,0,0,0,1253,568,27
6.84352,1,411648,windows,0,1.64707e+07,1.64707e+07,1975,0,0,0,0,0,0,1321,621,33
7.02543,0,435200,windows,0,1.27597e+07,1.2753e+07,1747,0,0,0,0,0,0,1190,532,25
7.10617,1,424960,windows,0,1.42e+07,1.41817e+07,1851,0,0,0,0,0,0,1264,556,31
7.28063,0,449536,windows,0,1.10669e+07,1.10567e+07,1640,0,0,0,0,0,0,1142,476,22
7.36506,1,439296,windows,0,1.20885e+07,1.20719e+07,1723,0,0,0,0,0,0,1207,489,27
7.53383,0,462848,windows,0,9.20986e+06,9.19498e+06,1474,0,0,0,0,0,0,987,465,22
7.6235,1,452608,windows,0,9.97692e+06,9.97172e+06,1547,0,0,0,0,0,0,1041,476,30
7.79694,0,477184,windows,0,7.73606e+06,7.72784e+06,1365,0,0,0,0,0,0,932,411,22
7.89016,1,466944,windows,0,8.47038e+06,8.46969e+06,1439,0,0,0,0,0,0,1001,415,23
8.06028,0,491520,windows,0,6.67718e+06,6.67718e+06,1282,0,0,0,0,0,0,906,358,18
8.14442,1,480256,windows,0,7.46258e+06,7.46258e+06,1357,0,0,0,0,0,0,960,377,20
8.332,0,505856,windows,0,5.90228e+06,5.89819e+06,1191,0,0,0,0,0,0,818,357,16
8.40407,1,493568,windows,0,6.58819e+06,6.57666e+06,1281,0,0,0,0,0,0,908,350,23
8.59518,0,520192,windows,0,5.14228e+06,5.14228e+06,1116,0,0,0,0,0,0,776,326,14
8.66398,1,507904,windows,0,5.66728e+06,5.66028e+06,1174,0,0,0,0,0,0,800,350,24
8.852,0,533504,windows,0,4.06819e+06,4.06819e+06,997,0,0,0,0,0,0,700,284,13
8.93141,1,522240,windows,0,4.61546e+06,4.61493e+06,1070,0,0,0,0,0,0,757,295,18
9.11394,0,547840,windows,0,3.46819e+06,3.46499e+06,919,0,0,0,0,0,0,640,266,13
9.19745,1,536576,windows,0,3.92293e+06,3.91336e+06,989,0,0,0,0,0,0,694,274,21
9.37574,0,561152,windows,0,2.96138e+06,2.95652e+06,851,0,0,0,0,0,0,596,243,12
9.45215,1,549888,windows,0,3.37455e+06,3.36883e+06,918,0,0,0,0,0,0,642,255,21
9.63484,0,575488,windows,0,2.54405e+06,2.53978e+06,795,0,0,0,0,0,0,570,214,11
9.7106,1,564224,windows,0,2.87396e+06,2.87047e+06,844,0,0,0,0,0,0,585,240,19
9.89338,0,589824,windows,0,2.19962e+06,2.1954e+06,740,0,0,0,0,0,0,533,197,10
9.96878,1,578560,windows,0,2.43118e+06,2.42846e+06,779,0,0,0,0,0,0,544,217,18
10.1498,0,603136,windows,0,1.76597e+06,1.76577e+06,662,0,0,0,0,0,0,480,175,7
10.2261,1,591872,windows,0,1.9776e+06,1.97467e+06,706,0,0,0,0,0,0,509,184,13
10.409,0,616448,windows,0,1.45408e+06,1.45203e+06,591,0,0,0,0,0,0,410,175,6
10.4806,1,605184,windows,0,1.68964e+06,1.68617e+06,649,0,0,0,0,0,0,465,174,10
10.6683,0,629760,windows,0,1.23764e+06,1.23572e+06,548,0,0,0,0,0,0,384,158,6
10.7421,1,619520,windows,0,1.42946e+06,1.42414e+06,599,0,0,0,0,0,0,429,159,11
10.9196,0,643072,windows,0,1.0592e+06,1.0592e+06,511,0,0,0,0,0,0,365,140,6
11.0014,1,633856,windows,0,1.21679e+06,1.21486e+06,550,0,0,0,0,0,0,386,153,11
11.174,0,656384,windows,0,911485,907044,479,0,0,0,0,0,0,347,124,8
11.2698,1,649216,windows,0,979430,977681,494,0,0,0,0,0,0,350,135,9
11.4378,0,669696,windows,0,666415,666212,405,0,0,0,0,0,0,283,115,7
11.5265,1,663552,windows,0,791765,791472,443,0,0,0,0,0,0,307,126,10
11.6964,0,684032,windows,0,523400,523400,362,0,0,0,0,0,0,260,96,6
11.7833,1,677888,windows,0,654325,652619,405,0,0,0,0,0,0,283,112,10
11.9575,0,698368,windows,0,425470,423715,327,0,0,0,0,0,0,232,88,7
12.0458,1,692224,windows,0,562700,561331,380,0,0,0,0,0,0,274,96,10
12.2115,0,711680,windows,0,353775,353775,301,0,0,0,0,0,0,219,75,7
12.3032,1,706560,windows,0,484000,481772,349,0,0,0,0,0,0,242,97,10
12.4664,0,724992,windows,0,311440,311440,282,0,0,0,0,0,0,200,74,8
12.5572,1,719872,windows,0,388930,388668,314,0,0,0,0,0,0,220,85,9
12.7272,0,738304,windows,0,239720,238265,243,0,0,0,0,0,0,162,73,8
12.809,1,733184,windows,0,315475,313938,288,0,0,0,0,0,0,215,64,9
12.9873,0,751616,windows,0,184765,183961,219,0,0,0,0,0,0,161,52,6
13.0643,1,746496,windows,0,261715,261452,262,0,0,0,0,0,0,191,62,9
13.2387,0,764928,windows,0,159505,158791,202,0,0,0,0,0,0,143,53,6
13.3247,1,759808,windows,0,226495,225018,243,0,0,0,0,0,0,173,61,9
13.5028,0,779264,windows,0,141395,141192,192,0,0,0,0,0,0,137,48,7
13.5914,1,774144,windows,0,201275,201012,230,0,0,0,0,0,0,165,56,9
13.7626,0,793600,windows,0,121720,121081,178,0,0,0,0,0,0,128,44,6
13.8427,1,788480,windows,0,178190,177149,217,0,0,0,0,0,0,156,52,9
14.0309,0,807936,windows,0,87415,86600,149,0,0,0,0,0,0,103,41,5
14.0976,1,804864,windows,0,127955,127955,184,0,0,0,0,0,0,129,46,9
14.2937,0,822272,windows,0,71035,70581.2,134,0,0,0,0,0,0,91,38,5
14.3609,1,822272,windows,0,104850,104075,168,0,0,0,0,0,0,120,39,9
14.5606,0,837632,windows,0,62590,61476.2,127,0,0,0,0,0,0,88,34,5
14.6193,1,838656,windows,0,93350,92575,158,0,0,0,0,0,0,110,39,9
14.8246,0,852992,windows,0,51970,50956.2,116,0,0,0,0,0,0,80,31,5
14.8741,1,852992,windows,0,84355,84355,150,0,0,0,0,0,0,103,38,9
15.0823,0,867328,windows,0,49170,49170,113,0,0,0,0,0,0,78,30,5
15.1389,1,867328,windows,0,72545,72081.2,138,0,0,0,0,0,0,93,37,8
15.3352,0,881664,windows,0,39475,39121.2,102,0,0,0,0,0,0,71,26,5
15.3965,1,881664,windows,0,63630,62233.8,129,0,0,0,0,0,0,84,36,9
15.5955,0,897024,windows,0,32000,32000,90,0,0,0,0,0,0,60,26,4
15.6501,1,896000,windows,0,57230,56252.5,121,0,0,0,0,0,0,76,36,9
15.8578,0,912384,windows,0,29800,29800,87,0,0,0,0,0,0,58,25,4
15.9175,1,911360,windows,0,53705,53158.8,116,0,0,0,0,0,0,75,35,6
16.1108,0,926720,windows,0,28820,28531.2,86,0,0,0,0,0,0,58,24,4
16.1698,1,924672,windows,0,49685,49138.8,113,0,0,0,0,0,0,75,32,6
16.3745,0,942080,windows,0,27520,27065,83,0,0,0,0,0,0,58,23,2
16.4364,1,940032,windows,0,41095,40771.2,101,0,0,0,0,0,0,65,31,5
16.6402,0,957440,windows,0,22465,21763.8,76,0,0,0,0,0,0,55,19,2
16.7001,1,956416,windows,0,36175,35296.2,95,0,0,0,0,0,0,61,29,5
16.8961,0,971776,windows,0,19945,19628.8,72,0,0,0,0,0,0,53,17,2
16.9544,1,972800,windows,0,31670,30846.2,88,0,0,0,0,0,0,58,27,3
17.1555,0,986112,windows,0,18515,18515,68,0,0,0,0,0,0,49,18,1
17.2098,1,988160,windows,0,30610,30095,87,0,0,0,0,0,0,58,26,3
17.4239,0,1000448,windows,0,16670,16116.2,65,0,0,0,0,0,0,48,16,1
17.4636,1,1003520,windows,0,28035,28035,84,0,0,0,0,0,0,57,24,3
17.6797,0,1014784,windows,0,15275,14960,62,0,0,0,0,0,0,45,16,1
17.7201,1,1019904,windows,0,25835,25835,80,0,0,0,0,0,0,53,24,3
17.9378,0,1029120,windows,0,13195,12706.2,58,0,0,0,0,0,0,43,14,1
17.9783,1,1037312,windows,0,23135,22871.2,77,0,0,0,0,0,0,53,21,3
18.2008,0,1044480,windows,0,11730,11521.2,55,0,0,0,0,0,0,42,12,1
18.2358,1,1053696,windows,0,22610,22351.2,76,0,0,0,0,0,0,52,21,3
18.4525,0,1057792,windows,0,10910,10910,53,0,0,0,0,0,0,40,12,1
18.4995,1,1070080,windows,0,21590,21341.2,74,0,0,0,0,0,0,50,21,3
18.7033,0,1072128,windows,0,10910,10910,53,0,0,0,0,0,0,40,12,1
18.7502,1,1086464,windows,0,20530,20530,71,0,0,0,0,0,0,46,22,3
18.9642,0,1089536,windows,0,9890,9635,50,0,0,0,0,0,0,36,13,1
19.0042,1,1102848,windows,0,19195,19195,68,0,0,0,0,0,0,43,22,3
19.2288,0,1107968,windows,0,9670,9481.25,50,0,0,0,0,0,0,38,11,1
19.2608,1,1119232,windows,0,18770,18770,67,0,0,0,0,0,0,42,22,3
19.4888,0,1124352,windows,0,8575,8401.25,47,0,0,0,0,0,0,35,11,1
19.5243,1,1135616,windows,0,17910,17910,66,0,0,0,0,0,0,42,21,3
19.7395,0,1141760,windows,0,8355,8355,46,0,0,0,0,0,0,33,12,1
19.7874,1,1153024,windows,0,17090,16891.2,64,0,0,0,0,0,0,40,21,3
20.0008,0,1160192,windows,0,7570,7355,44,0,0,0,0,0,0,32,11,1
20.0531,1,1170432,windows,0,16270,16270,63,0,0,0,0,0,0,40,20,3
20.2584,0,1174528,windows,0,7570,7355,44,0,0,0,0,0,0,32,11,1
20.3132,1,1187840,windows,0,15115,15115,60,0,0,0,0,0,0,37,20,3
20.524,0,1188864,windows,0,6950,6950,42,0,0,0,0,0,0,30,11,1
20.5653,1,1204224,windows,0,15115,15115,60,0,0,0,0,0,0,37,20,3
20.7832,0,1206272,windows,0,6370,6155,40,0,0,0,0,0,0,28,11,1
20.8215,1,1218560,windows,0,14050,14050,57,0,0,0,0,0,0,34,20,3
21.0455,0,1225728,windows,0,5675,5480,38,0,0,0,0,0,0,27,10,1
21.0864,1,1232896,windows,0,13715,13715,56,0,0,0,0,0,0,33,20,3
21.3141,0,1243136,windows,0,5410,5215,37,0,0,0,0,0,0,26,10,1
21.3396,1,1247232,windows,0,12610,12610,54,0,0,0,0,0,0,32,19,3
21.5729,0,1257472,windows,0,4910,4910,35,0,0,0,0,0,0,24,10,1
21.6045,1,1263616,windows,0,11870,11870,53,0,0,0,0,0,0,32,18,3
21.8296,0,1272832,windows,0,4405,4405,33,0,0,0,0,0,0,25,8,0
21.8695,1,1281024,windows,0,11345,11181.2,52,0,0,0,0,0,0,33,17,2
22.0879,0,1288192,windows,0,4160,4160,32,0,0,0,0,0,0,24,8,0
22.1266,1,1298432,windows,0,9280,8816.25,45,0,0,0,0,0,0,26,17,2
22.338,0,1302528,windows,0,3280,3026.25,28,0,0,0,0,0,0,20,8,0
22.3856,1,1315840,windows,0,9025,8690,44,0,0,0,0,0,0,25,17,2
22.5971,0,1317888,windows,0,3280,3026.25,28,0,0,0,0,0,0,20,8,0
22.6356,1,1332224,windows,0,8780,8445,43,0,0,0,0,0,0,24,17,2
22.8503,0,1334272,windows,0,3085,2930,27,0,0,0,0,0,0,19,8,0
22.8904,1,1348608,windows,0,7445,7341.25,39,0,0,0,0,0,0,21,16,2
23.1005,0,1352704,windows,0,3065,2890,26,0,0,0,0,0,0,17,9,0
23.1529,1,1364992,windows,0,7040,7040,39,0,0,0,0,0,0,22,15,2
23.3614,0,1372160,windows,0,2725,2570,25,0,0,0,0,0,0,17,8,0
23.4083,1,1378304,windows,0,7040,7040,39,0,0,0,0,0,0,22,15,2
23.6257,0,1388544,windows,0,2725,2570,25,0,0,0,0,0,0,17,8,0
23.6617,1,1391616,windows,0,6825,6825,38,0,0,0,0,0,0,21,15,2
23.88,0,1403904,windows,0,2725,2570,25,0,0,0,0,0,0,17,8,0
23.9313,1,1403904,windows,0,6825,6825,38,0,0,0,0,0,0,21,15,2
24.1343,0,1420288,windows,0,2725,2570,25,0,0,0,0,0,0,17,8,0
24.1925,1,1417216,windows,0,6240,6240,35,0,0,0,0,0,0,18,15,2
24.3918,0,1436672,windows,0,2560,2405,24,0,0,0,0,0,0,16,8,0
24.4565,1,1431552,windows,0,5845,5845,35,0,0,0,0,0,0,19,14,2
24.6447,0,1452032,windows,0,2560,2405,24,0,0,0,0,0,0,16,8,0
24.7173,1,1446912,windows,0,5660,5571.25,34,0,0,0,0,0,0,18,14,2
24.9031,0,1467392,windows,0,2560,2405,24,0,0,0,0,0,0,16,8,0
24.9731,1,1461248,windows,0,5660,5571.25,34,0,0,0,0,0,0,18,14,2
25.1624,0,1482752,windows,0,2560,2405,24,0,0,0,0,0,0,16,8,0
25.2337,1,1475584,windows,0,5500,5500,35,0,0,0,0,0,0,20,13,2
25.4237,0,1498112,windows,0,2560,2405,24,0,0,0,0,0,0,16,8,0
25.4887,1,1489920,windows,0,5120,5120,33,0,0,0,0,0,0,18,13,2
25.6837,0,1513472,windows,0,2560,2405,24,0,0,0,0,0,0,16,8,0
25.7431,1,1504256,windows,0,5120,5120,33,0,0,0,0,0,0,18,13,2
25.9344,0,1527808,windows,0,2560,2405,24,0,0,0,0,0,0,16,8,0
26.0067,1,1518592,windows,0,5120,5120,33,0,0,0,0,0,0,18,13,2
26.1917,0,1542144,repair,0,2560,2405,24,0,0,0,0,0,0,16,8,0
26.2575,1,1533952,windows,0,4945,4945,32,0,0,0,0,0,0,17,13,2
26.4483,0,1557504,windows,0,2560,2405,24,0,0,0,0,0,0,16,8,0
26.5169,1,1550336,windows,0,4780,4780,31,0,0,0,0,0,0,16,13,2
26.7001,0,1572864,windows,0,2560,2405,24,0,0,0,0,0,0,16,8,0
26.7786,1,1566720,windows,0,4780,4780,31,0,0,0,0,0,0,16,13,2
26.9614,0,1585152,windows,0,2560,2405,24,0,0,0,0,0,0,16,8,0
27.0355,1,1581056,windows,0,4780,4780,31,0,0,0,0,0,0,16,13,2
27.2309,0,1599488,windows,0,2560,2405,24,0,0,0,0,0,0,16,8,0
27.2881,1,1596416,windows,0,4625,4625,30,0,0,0,0,0,0,15,13,2
27.4849,0,1613824,windows,0,2560,2405,24,0,0,0,0,0,0,16,8,0
27.5551,1,1611776,windows,0,4625,4625,30,0,0,0,0,0,0,15,13,2
27.7502,0,1629184,windows,0,2560,2405,24,0,0,0,0,0,0,16,8,0
27.8096,1,1628160,windows,0,4625,4625,30,0,0,0,0,0,0,15,13,2
28.0034,0,1643520,windows,0,2560,2405,24,0,0,0,0,0,0,16,8,0
28.064,1,1642496,windows,0,4625,4625,30,0,0,0,0,0,0,15,13,2
28.2592,0,1656832,windows,0,2560,2405,24,0,0,0,0,0,0,16,8,0
28.3308,1,1657856,windows,0,4625,4625,30,0,0,0,0,0,0,15,13,2
28.523,0,1671168,windows,0,2560,2405,24,0,0,0,0,0,0,16,8,0
28.5836,1,1672192,windows,0,4625,4625,30,0,0,0,0,0,0,15,13,2
28.7796,0,1685504,windows,0,2560,2405,24,0,0,0,0,0,0,16,8,0
28.8375,1,1687552,windows,0,2560,2405,24,0,0,0,0,0,0,16,8,0
29.0444,0,1700864,windows,0,2560,2405,24,0,0,0,0,0,0,16,8,0
29.102,1,1702912,windows,0,2560,2405,24,0,0,0,0,0,0,16,8,0
29.3072,0,1716224,windows,0,2560,2405,24,0,0,0,0,0,0,16,8,0
29.3566,1,1718272,windows,0,2560,2405,24,0,0,0,0,0,0,16,8,0
29.5706,0,1731584,windows,0,2560,2405,24,0,0,0,0,0,0,16,8,0
29.6071,1,1733632,windows,0,2560,2405,24,0,0,0,0,0,0,16,8,0
29.8237,0,1746944,windows,0,2560,2405,24,0,0,0,0,0,0,16,8,0
29.8609,1,1751040,windows,0,2560,2405,24,0,0,0,0,0,0,16,8,0
30.083,0,1763328,windows,0,2560,2405,24,0,0,0,0,0,0,16,8,0
30.1241,1,1766400,windows,0,2560,2405,24,0,0,0,0,0,0,16,8,0
30.346,0,1779712,windows,0,2560,2405,24,0,0,0,0,0,0,16,8,0
30.3885,1,1782784,windows,0,2560,2405,24,0,0,0,0,0,0,16,8,0
30.6107,0,1797120,windows,0,2560,2405,24,0,0,0,0,0,0,16,8,0
30.6448,1,1799168,windows,0,2560,2405,24,0,0,0,0,0,0,16,8,0
30.8757,0,1814528,windows,0,2105,1970,22,0,0,0,0,0,0,15,7,0
30.905,1,1815552,windows,0,2560,2405,24,0,0,0,0,0,0,16,8,0
31.1307,0,1830912,windows,0,2105,1970,22,0,0,0,0,0,0,15,7,0
31.1645,1,1831936,windows,0,2105,1970,22,0,0,0,0,0,0,15,7,0
31.394,0,1848320,windows,0,2105,1970,22,0,0,0,0,0,0,15,7,0
31.4225,1,1848320,windows,0,2105,1970,22,0,0,0,0,0,0,15,7,0
31.6562,0,1865728,windows,0,1960,1825,21,0,0,0,0,0,0,14,7,0
31.6832,1,1865728,windows,0,1960,1825,21,0,0,0,0,0,0,14,7,0
31.9141,0,1883136,windows,0,1960,1825,21,0,0,0,0,0,0,14,7,0
31.9378,1,1883136,windows,0,1960,1825,21,0,0,0,0,0,0,14,7,0
32.166,0,1900544,windows,0,1825,1690,20,0,0,0,0,0,0,13,7,0
32.1947,1,1902592,windows,0,1960,1825,21,0,0,0,0,0,0,14,7,0
32.4209,0,1917952,windows,0,1825,1690,20,0,0,0,0,0,0,13,7,0
32.4575,1,1921024,windows,0,1960,1825,21,0,0,0,0,0,0,14,7,0
32.6785,0,1936384,windows,0,1825,1690,20,0,0,0,0,0,0,13,7,0
32.7081,1,1938432,windows,0,1960,1825,21,0,0,0,0,0,0,14,7,0
32.943,0,1954816,windows,0,1700,1565,19,0,0,0,0,0,0,12,7,0
32.9684,1,1956864,windows,0,1700,1565,19,0,0,0,0,0,0,12,7,0
33.1931,0,1971200,windows,0,1700,1565,19,0,0,0,0,0,0,12,7,0
33.2281,1,1973248,windows,0,1585,1450,18,0,0,0,0,0,0,11,7,0
33.4546,0,1988608,windows,0,1585,1450,18,0,0,0,0,0,0,11,7,0
33.488,1,1989632,windows,0,1480,1345,17,0,0,0,0,0,0,10,7,0
33.7131,0,2006016,windows,0,1585,1450,18,0,0,0,0,0,0,11,7,0
33.7432,1,2006016,windows,0,1480,1345,17,0,0,0,0,0,0,10,7,0
33.9792,0,2023424,windows,0,1385,1250,16,0,0,0,0,0,0,9,7,0
33.9968,1,2023424,windows,0,1480,1345,17,0,0,0,0,0,0,10,7,0
34.2412,0,2039808,windows,0,1385,1250,16,0,0,0,0,0,0,9,7,0
34.2597,1,2040832,windows,0,1480,1345,17,0,0,0,0,0,0,10,7,0
34.4969,0,2058240,windows,0,1300,1165,15,0,0,0,0,0,0,8,7,0
34.5162,1,2057216,windows,0,1385,1250,16,0,0,0,0,0,0,9,7,0
34.7608,0,2075648,windows,0,1300,1165,15,0,0,0,0,0,0,8,7,0
34.7763,1,2073600,windows,0,1385,1250,16,0,0,0,0,0,0,9,7,0
35.0243,0,2093056,windows,0,1300,1165,15,0,0,0,0,0,0,8,7,0
35.0364,1,2091008,windows,0,1385,1250,16,0,0,0,0,0,0,9,7,0
35.2801,0,2109440,windows,0,1225,1090,14,0,0,0,0,0,0,7,7,0
35.297,1,2108416,windows,0,1385,1250,16,0,0,0,0,0,0,9,7,0
35.5415,0,2126848,windows,0,1225,1090,14,0,0,0,0,0,0,7,7,0
35.5547,1,2124800,windows,0,1385,1250,16,0,0,0,0,0,0,9,7,0
35.798,0,2143232,windows,0,1160,1025,13,0,0,0,0,0,0,6,7,0
35.8197,1,2142208,windows,0,1385,1250,16,0,0,0,0,0,0,9,7,0
36.0531,0,2159616,windows,0,1060,925,11,0,0,0,0,0,0,4,7,0
36.071,1,2157568,windows,0,1160,1025,13,0,0,0,0,0,0,6,7,0
36.3032,0,2176000,windows,0,1060,925,11,0,0,0,0,0,0,4,7,0
36.323,1,2173952,windows,0,1160,1025,13,0,0,0,0,0,0,6,7,0
36.556,0,2192384,windows,0,1060,925,11,0,0,0,0,0,0,4,7,0
36.5839,1,2190336,windows,0,1160,1025,13,0,0,0,0,0,0,6,7,0
36.8082,0,2209792,windows,0,1060,925,11,0,0,0,0,0,0,4,7,0
36.8417,1,2207744,windows,0,1160,1025,13,0,0,0,0,0,0,6,7,0
37.0611,0,2227200,windows,0,1060,925,11,0,0,0,0,0,0,4,7,0
37.1035,1,2226176,windows,0,1160,1025,13,0,0,0,0,0,0,6,7,0
37.3119,0,2243584,windows,0,1060,925,11,0,0,0,0,0,0,4,7,0
37.3589,1,2245632,windows,0,1160,1025,13,0,0,0,0,0,0,6,7,0
37.5757,0,2260992,windows,0,1060,925,11,0,0,0,0,0,0,4,7,0
37.6092,1,2263040,windows,0,1160,1025,13,0,0,0,0,0,0,6,7,0
37.8407,0,2278400,windows,0,1060,925,11,0,0,0,0,0,0,4,7,0
37.8599,1,2280448,windows,0,1160,1025,13,0,0,0,0,0,0,6,7,0
38.0935,0,2293760,windows,0,1060,925,11,0,0,0,0,0,0,4,7,0
38.1208,1,2297856,windows,0,1160,1025,13,0,0,0,0,0,0,6,7,0
38.3484,0,2308096,windows,0,1060,925,11,0,0,0,0,0,0,4,7,0
38.381,1,2314240,windows,0,1160,1025,13,0,0,0,0,0,0,6,7,0
38.6019,0,2324480,windows,0,1060,925,11,0,0,0,0,0,0,4,7,0
38.6381,1,2330624,windows,0,1160,1025,13,0,0,0,0,0,0,6,7,0
38.863,0,2341888,windows,0,1060,925,11,0,0,0,0,0,0,4,7,0
38.9001,1,2348032,windows,0,1160,1025,13,0,0,0,0,0,0,6,7,0
39.1227,0,2359296,windows,0,1060,925,11,0,0,0,0,0,0,4,7,0
39.1512,1,2365440,windows,0,1060,925,11,0,0,0,0,0,0,4,7,0
39.3758,0,2377728,windows,0,1060,925,11,0,0,0,0,0,0,4,7,0
39.4026,1,2385920,windows,0,1060,925,11,0,0,0,0,0,0,4,7,0
39.6416,0,2395136,windows,0,1060,925,11,0,0,0,0,0,0,4,7,0
39.6562,1,2405376,windows,0,1060,925,11,0,0,0,0,0,0,4,7,0
39.906,0,2413568,windows,0,1060,925,11,0,0,0,0,0,0,4,7,0
39.9128,1,2425856,windows,0,1060,925,11,0,0,0,0,0,0,4,7,0
40.1628,0,2430976,windows,0,1060,925,11,0,0,0,0,0,0,4,7,0
40.1721,1,2442240,windows,0,1060,925,11,0,0,0,0,0,0,4,7,0
40.4175,0,2448384,windows,0,1060,925,11,0,0,0,0,0,0,4,7,0
40.4244,1,2457600,windows,0,1060,925,11,0,0,0,0,0,0,4,7,0
40.6814,0,2464768,windows,0,1060,925,11,0,0,0,0,0,0,4,7,0
40.6817,1,2472960,windows,0,1060,925,11,0,0,0,0,0,0,4,7,0
40.9455,0,2482176,windows,0,1060,925,11,0,0,0,0,0,0,4,7,0
40.9488,1,2489344,windows,0,1060,925,11,0,0,0,0,0,0,4,7,0
41.204,0,2497536,windows,0,1060,925,11,0,0,0,0,0,0,4,7,0
41.2132,1,2504704,windows,0,1060,925,11,0,0,0,0,0,0,4,7,0
41.4583,0,2512896,windows,0,1060,925,11,0,0,0,0,0,0,4,7,0
41.4776,1,2521088,windows,0,1060,925,11,0,0,0,0,0,0,4,7,0
41.7154,0,2529280,windows,0,1040,925,14,0,0,0,0,0,0,8,6,0
41.7279,1,2539520,repair,0,1060,925,11,0,0,0,0,0,0,4,7,0
41.9718,0,2545664,windows,0,1040,925,14,0,0,0,0,0,0,8,6,0
41.9864,1,2560000,windows,0,1060,925,11,0,0,0,0,0,0,4,7,0
42.2244,0,2562048,windows,0,965,850,13,0,0,0,0,0,0,7,6,0
42.2494,1,2579456,windows,0,1060,925,11,0,0,0,0,0,0,4,7,0
42.4845,0,2578432,windows,0,965,850,13,0,0,0,0,0,0,7,6,0
42.506,1,2596864,windows,0,1060,925,11,0,0,0,0,0,0,4,7,0
42.7423,0,2594816,windows,0,845,730,11,0,0,0,0,0,0,5,6,0
42.7584,1,2614272,windows,0,1060,925,11,0,0,0,0,0,0,4,7,0
43.0041,0,2611200,windows,0,845,730,11,0,0,0,0,0,0,5,6,0
43.0122,1,2632704,windows,0,1060,925,11,0,0,0,0,0,0,4,7,0
43.2637,0,2628608,windows,0,845,730,11,0,0,0,0,0,0,5,6,0
43.2663,1,2649088,windows,0,1060,925,11,0,0,0,0,0,0,4,7,0
43.5322,1,2666496,windows,0,845,730,11,0,0,0,0,0,0,5,6,0
43.5336,0,2647040,windows,0,845,730,11,0,0,0,0,0,0,5,6,0
43.7928,1,2682880,windows,0,845,730,11,0,0,0,0,0,0,5,6,0
43.7974,0,2664448,windows,0,845,730,11,0,0,0,0,0,0,5,6,0
44.0515,1,2700288,windows,0,845,730,11,0,0,0,0,0,0,5,6,0
44.0589,0,2681856,windows,0,845,730,11,0,0,0,0,0,0,5,6,0
44.3055,1,2717696,windows,0,845,730,11,0,0,0,0,0,0,5,6,0
44.3216,0,2699264,windows,0,845,730,11,0,0,0,0,0,0,5,6,0
44.5618,1,2734080,repair,0,845,730,11,0,0,0,0,0,0,5,6,0
44.5725,0,2714624,windows,0,845,730,11,0,0,0,0,0,0,5,6,0
44.8162,1,2752512,repair,0,845,730,11,0,0,0,0,0,0,5,6,0
44.8264,0,2732032,windows,0,845,730,11,0,0,0,0,0,0,5,6,0
45.0708,1,2767872,windows,0,845,730,11,0,0,0,0,0,0,5,6,0
45.089,0,2749440,windows,0,845,730,11,0,0,0,0,0,0,5,6,0
45.3256,1,2782208,windows,0,845,730,11,0,0,0,0,0,0,5,6,0
45.3552,0,2764800,windows,0,845,730,11,0,0,0,0,0,0,5,6,0
45.5802,1,2797568,windows,0,845,730,11,0,0,0,0,0,0,5,6,0
45.6114,0,2781184,windows,0,845,730,11,0,0,0,0,0,0,5,6,0
45.8322,1,2811904,windows,0,845,730,11,0,0,0,0,0,0,5,6,0
45.8659,0,2799616,windows,0,845,730,11,0,0,0,0,0,0,5,6,0
46.0892,1,2826240,windows,0,845,730,11,0,0,0,0,0,0,5,6,0
46.1181,0,2820096,windows,0,845,730,11,0,0,0,0,0,0,5,6,0
46.3589,1,2840576,windows,0,845,730,11,0,0,0,0,0,0,5,6,0
46.3737,0,2840576,windows,0,845,730,11,0,0,0,0,0,0,5,6,0
46.6137,1,2854912,windows,0,845,730,11,0,0,0,0,0,0,5,6,0
46.6282,0,2859008,windows,0,845,730,11,0,0,0,0,0,0,5,6,0
46.8718,1,2870272,windows,0,845,730,11,0,0,0,0,0,0,5,6,0
46.8853,0,2877440,windows,0,845,730,11,0,0,0,0,0,0,5,6,0
47.1288,1,2886656,windows,0,845,730,11,0,0,0,0,0,0,5,6,0
47.1474,0,2896896,windows,0,845,730,11,0,0,0,0,0,0,5,6,0
47.3914,1,2905088,windows,0,845,730,11,0,0,0,0,0,0,5,6,0
47.4004,0,2914304,windows,0,845,730,11,0,0,0,0,0,0,5,6,0
47.6556,1,2924544,windows,0,845,730,11,0,0,0,0,0,0,5,6,0
47.6578,0,2929664,windows,0,845,730,11,0,0,0,0,0,0,5,6,0
47.9101,0,2945024,windows,0,845,730,11,0,0,0,0,0,0,5,6,0
47.9121,1,2944000,windows,0,845,730,11,0,0,0,0,0,0,5,6,0
48.1616,0,2960384,windows,0,845,730,11,0,0,0,0,0,0,5,6,0
48.1744,1,2963456,windows,0,845,730,11,0,0,0,0,0,0,5,6,0
48.4247,0,2976768,windows,0,845,730,11,0,0,0,0,0,0,5,6,0
48.432,1,2980864,windows,0,845,730,11,0,0,0,0,0,0,5,6,0
48.6857,0,2994176,windows,0,845,730,11,0,0,0,0,0,0,5,6,0
48.6874,1,2996224,windows,0,845,730,11,0,0,0,0,0,0,5,6,0
48.9405,1,3011584,windows,0,845,730,11,0,0,0,0,0,0,5,6,0
48.9482,0,3011584,windows,0,745,650,12,0,0,0,0,0,0,7,5,0
49.1907,1,3025920,windows,0,745,650,12,0,0,0,0,0,0,7,5,0
49.2076,0,3026944,windows,0,680,585,11,0,0,0,0,0,0,6,5,0
49.4563,1,3042304,windows,0,625,530,10,0,0,0,0,0,0,5,5,0
49.4598,0,3042304,windows,0,680,585,11,0,0,0,0,0,0,6,5,0
49.717,1,3058688,windows,0,625,530,10,0,0,0,0,0,0,5,5,0
49.7187,0,3058688,windows,0,680,585,11,0,0,0,0,0,0,6,5,0
49.9738,1,3076096,windows,0,625,530,10,0,0,0,0,0,0,5,5,0
49.9766,0,3076096,windows,0,680,585,11,0,0,0,0,0,0,6,5,0
50.2294,1,3092480,windows,0,625,530,10,0,0,0,0,0,0,5,5,0
50.2383,0,3093504,windows,0,625,530,10,0,0,0,0,0,0,5,5,0
50.4895,1,3109888,windows,0,625,530,10,0,0,0,0,0,0,5,5,0
50.4996,0,3110912,windows,0,625,530,10,0,0,0,0,0,0,5,5,0
50.7555,1,3127296,windows,0,625,530,10,0,0,0,0,0,0,5,5,0
50.7595,0,3128320,windows,0,625,530,10,0,0,0,0,0,0,5,5,0
51.0144,1,3143680,windows,0,625,530,10,0,0,0,0,0,0,5,5,0
51.0216,0,3145728,windows,0,625,530,10,0,0,0,0,0,0,5,5,0
51.27,1,3161088,windows,0,625,530,10,0,0,0,0,0,0,5,5,0
51.2746,0,3162112,windows,0,625,530,10,0,0,0,0,0,0,5,5,0
51.5215,1,3177472,windows,0,625,530,10,0,0,0,0,0,0,5,5,0
51.5332,0,3178496,windows,0,625,530,10,0,0,0,0,0,0,5,5,0
51.7747,1,3193856,windows,0,625,530,10,0,0,0,0,0,0,5,5,0
51.7944,0,3194880,windows,0,625,530,10,0,0,0,0,0,0,5,5,0
52.0259,1,3209216,windows,0,625,530,10,0,0,0,0,0,0,5,5,0
52.0536,0,3211264,windows,0,625,530,10,0,0,0,0,0,0,5,5,0
52.2888,1,3224576,windows,0,625,530,10,0,0,0,0,0,0,5,5,0
52.3135,0,3228672,windows,0,625,530,10,0,0,0,0,0,0,5,5,0
52.5437,1,3239936,windows,0,625,530,10,0,0,0,0,0,0,5,5,0
52.578,0,3245056,windows,0,625,530,10,0,0,0,0,0,0,5,5,0
52.8063,1,3256320,windows,0,625,530,10,0,0,0,0,0,0,5,5,0
52.8363,0,3261440,windows,0,625,530,10,0,0,0,0,0,0,5,5,0
53.0625,1,3272704,windows,0,625,530,10,0,0,0,0,0,0,5,5,0
53.0986,0,3277824,windows,0,625,530,10,0,0,0,0,0,0,5,5,0
53.3252,1,3290112,windows,0,625,530,10,0,0,0,0,0,0,5,5,0
53.3559,0,3294208,windows,0,625,530,10,0,0,0,0,0,0,5,5,0
53.5778,1,3306496,windows,0,625,530,10,0,0,0,0,0,0,5,5,0
53.6081,0,3310592,windows,0,625,530,10,0,0,0,0,0,0,5,5,0
53.8429,1,3322880,windows,0,625,530,10,0,0,0,0,0,0,5,5,0
53.8644,0,3329024,windows,0,625,530,10,0,0,0,0,0,0,5,5,0
54.1007,1,3338240,windows,0,625,530,10,0,0,0,0,0,0,5,5,0
54.1256,0,3350528,windows,0,625,530,10,0,0,0,0,0,0,5,5,0
54.3605,1,3355648,windows,0,625,530,10,0,0,0,0,0,0,5,5,0
54.3773,0,3371008,windows,0,625,530,10,0,0,0,0,0,0,5,5,0
54.6119,1,3375104,windows,0,625,530,10,0,0,0,0,0,0,5,5,0
54.6322,0,3391488,windows,0,625,530,10,0,0,0,0,0,0,5,5,0
54.8695,1,3393536,windows,0,625,530,10,0,0,0,0,0,0,5,5,0
54.8832,0,3410944,windows,0,625,530,10,0,0,0,0,0,0,5,5,0
55.123,1,3412992,windows,0,625,530,10,0,0,0,0,0,0,5,5,0
55.1412,0,3429376,windows,0,625,530,10,0,0,0,0,0,0,5,5,0
55.3827,1,3431424,windows,0,625,530,10,0,0,0,0,0,0,5,5,0
55.3955,0,3446784,windows,0,625,530,10,0,0,0,0,0,0,5,5,0
55.6395,1,3448832,windows,0,625,530,10,0,0,0,0,0,0,5,5,0
55.649,0,3465216,windows,0,625,530,10,0,0,0,0,0,0,5,5,0
55.8931,1,3467264,windows,0,625,530,10,0,0,0,0,0,0,5,5,0
55.9014,0,3481600,windows,0,625,530,10,0,0,0,0,0,0,5,5,0
56.1552,1,3485696,windows,0,625,530,10,0,0,0,0,0,0,5,5,0
56.1634,0,3496960,windows,0,625,530,10,0,0,0,0,0,0,5,5,0
56.4135,1,3505152,windows,0,625,530,10,0,0,0,0,0,0,5,5,0
56.4248,0,3512320,windows,0,625,530,10,0,0,0,0,0,0,5,5,0
56.6678,1,3524608,windows,0,625,530,10,0,0,0,0,0,0,5,5,0
56.6889,0,3527680,windows,0,625,530,10,0,0,0,0,0,0,5,5,0
56.9287,1,3542016,windows,0,625,530,10,0,0,0,0,0,0,5,5,0
56.9544,0,3543040,windows,0,625,530,10,0,0,0,0,0,0,5,5,0
57.1861,1,3560448,windows,0,625,530,10,0,0,0,0,0,0,5,5,0
57.2091,0,3557376,windows,0,625,530,10,0,0,0,0,0,0,5,5,0
57.4481,1,3579904,windows,0,625,530,10,0,0,0,0,0,0,5,5,0
57.4728,0,3572736,windows,0,625,530,10,0,0,0,0,0,0,5,5,0
57.7108,1,3598336,windows,0,625,530,10,0,0,0,0,0,0,5,5,0
57.7306,0,3588096,windows,0,625,530,10,0,0,0,0,0,0,5,5,0
57.9739,1,3618816,windows,0,625,530,10,0,0,0,0,0,0,5,5,0
57.9867,0,3603456,windows,0,625,530,10,0,0,0,0,0,0,5,5,0
58.231,1,3637248,windows,0,625,530,10,0,0,0,0,0,0,5,5,0
58.2462,0,3617792,windows,0,625,530,10,0,0,0,0,0,0,5,5,0
58.4932,1,3655680,windows,0,625,530,10,0,0,0,0,0,0,5,5,0
58.5054,0,3633152,windows,0,625,530,10,0,0,0,0,0,0,5,5,0
58.7554,1,3674112,windows,0,625,530,10,0,0,0,0,0,0,5,5,0
58.7641,0,3648512,windows,0,625,530,10,0,0,0,0,0,0,5,5,0
59.0088,1,3692544,windows,0,625,530,10,0,0,0,0,0,0,5,5,0
59.0249,0,3663872,windows,0,625,530,10,0,0,0,0,0,0,5,5,0
59.2738,1,3710976,windows,0,625,530,10,0,0,0,0,0,0,5,5,0
59.2792,0,3679232,repair,0,625,530,10,0,0,0,0,0,0,5,5,0
59.5371,1,3728384,windows,0,625,530,10,0,0,0,0,0,0,5,5,0
59.5406,0,3694592,repair,0,625,530,10,0,0,0,0,0,0,5,5,0
59.7947,0,3709952,windows,0,625,530,10,0,0,0,0,0,0,5,5,0
59.7958,1,3747840,windows,0,625,530,10,0,0,0,0,0,0,5,5,0
60.0491,1,3767296,windows,0,625,530,10,0,0,0,0,0,0,5,5,0
60.0593,0,3725312,windows,0,625,530,10,0,0,0,0,0,0,5,5,0
60.3048,1,3785728,windows,0,625,530,10,0,0,0,0,0,0,5,5,0
60.3146,0,3739648,windows,0,625,530,10,0,0,0,0,0,0,5,5,0
60.566,1,3804160,windows,0,625,530,10,0,0,0,0,0,0,5,5,0
60.575,0,3755008,windows,0,625,530,10,0,0,0,0,0,0,5,5,0
60.8257,0,3769344,windows,0,625,530,10,0,0,0,0,0,0,5,5,0
60.8257,1,3823616,windows,0,625,530,10,0,0,0,0,0,0,5,5,0
61.079,1,3843072,windows,0,625,530,10,0,0,0,0,0,0,5,5,0
61.0837,0,3783680,windows,0,625,530,10,0,0,0,0,0,0,5,5,0
61.3361,1,3862528,windows,0,625,530,10,0,0,0,0,0,0,5,5,0
61.3381,0,3798016,windows,0,625,530,10,0,0,0,0,0,0,5,5,0
61.5865,1,3880960,windows,0,625,530,10,0,0,0,0,0,0,5,5,0
61.6071,0,3812352,windows,0,625,530,10,0,0,0,0,0,0,5,5,0
61.8374,1,3899392,windows,0,625,530,10,0,0,0,0,0,0,5,5,0
61.8657,0,3826688,windows,0,625,530,10,0,0,0,0,0,0,5,5,0
62.1016,1,3917824,windows,0,625,530,10,0,0,0,0,0,0,5,5,0
62.124,0,3841024,windows,0,625,530,10,0,0,0,0,0,0,5,5,0
62.3662,1,3936256,windows,0,625,530,10,0,0,0,0,0,0,5,5,0
62.3815,0,3855360,windows,0,625,530,10,0,0,0,0,0,0,5,5,0
62.6297,1,3954688,windows,0,625,530,10,0,0,0,0,0,0,5,5,0
62.6325,0,3869696,windows,0,625,530,10,0,0,0,0,0,0,5,5,0
62.8827,1,3971072,windows,0,625,530,10,0,0,0,0,0,0,5,5,0
62.8984,0,3884032,windows,0,625,530,10,0,0,0,0,0,0,5,5,0
63.1415,1,3985408,windows,0,625,530,10,0,0,0,0,0,0,5,5,0
63.1616,0,3900416,windows,0,625,530,10,0,0,0,0,0,0,5,5,0
63.3985,1,4000768,windows,0,625,530,10,0,0,0,0,0,0,5,5,0
63.4162,0,3917824,windows,0,625,530,10,0,0,0,0,0,0,5,5,0
63.6616,1,4016128,windows,0,625,530,10,0,0,0,0,0,0,5,5,0
63.6668,0,3935232,windows,0,625,530,10,0,0,0,0,0,0,5,5,0
63.9197,0,3950592,windows,0,625,530,10,0,0,0,0,0,0,5,5,0
63.9271,1,4031488,windows,0,625,530,10,0,0,0,0,0,0,5,5,0
64.1842,0,3965952,windows,0,625,530,10,0,0,0,0,0,0,5,5,0
64.1845,1,4046848,windows,0,625,530,10,0,0,0,0,0,0,5,5,0
64.4345,0,3980288,windows,0,625,530,10,0,0,0,0,0,0,5,5,0
64.4388,1,4063232,windows,0,625,530,10,0,0,0,0,0,0,5,5,0
64.6892,0,3995648,repair,0,625,530,10,0,0,0,0,0,0,5,5,0
64.6993,1,4079616,repair,0,625,530,10,0,0,0,0,0,0,5,5,0
64.9552,0,4012032,repair,0,625,530,10,0,0,0,0,0,0,5,5,0
64.9656,1,4094976,repair,0,625,530,10,0,0,0,0,0,0,5,5,0
65.2152,0,4029440,repair,0,625,530,10,0,0,0,0,0,0,5,5,0
65.2237,1,4110336,windows,0,625,530,10,0,0,0,0,0,0,5,5,0
65.4733,0,4044800,windows,0,625,530,10,0,0,0,0,0,0,5,5,0
65.4761,1,4124672,windows,0,625,530,10,0,0,0,0,0,0,5,5,0
65.7293,1,4139008,windows,0,625,530,10,0,0,0,0,0,0,5,5,0
65.7327,0,4059136,windows,0,625,530,10,0,0,0,0,0,0,5,5,0
65.9942,1,4154368,windows,0,625,530,10,0,0,0,0,0,0,5,5,0
66.0067,0,4072448,windows,0,625,530,10,0,0,0,0,0,0,5,5,0
66.2551,1,4165632,windows,0,625,530,10,0,0,0,0,0,0,5,5,0
66.2668,0,4085760,windows,0,625,530,10,0,0,0,0,0,0,5,5,0
66.5248,1,4177920,windows,0,625,530,10,0,0,0,0,0,0,5,5,0
66.5356,0,4099072,windows,0,625,530,10,0,0,0,0,0,0,5,5,0
66.783,1,4192256,windows,0,625,530,10,0,0,0,0,0,0,5,5,0
66.7941,0,4112384,windows,0,625,530,10,0,0,0,0,0,0,5,5,0
67.0496,1,4209664,windows,0,625,530,10,0,0,0,0,0,0,5,5,0
67.0512,0,4125696,windows,0,625,530,10,0,0,0,0,0,0,5,5,0
67.3027,0,4139008,windows,0,625,530,10,0,0,0,0,0,0,5,5,0
67.3051,1,4226048,windows,0,625,530,10,0,0,0,0,0,0,5,5,0
67.5638,1,4242432,windows,0,625,530,10,0,0,0,0,0,0,5,5,0
67.57,0,4154368,windows,0,625,530,10,0,0,0,0,0,0,5,5,0
67.8306,1,4259840,windows,0,625,530,10,0,0,0,0,0,0,5,5,0
67.8365,0,4167680,windows,0,625,530,10,0,0,0,0,0,0,5,5,0
68.0865,1,4277248,windows,0,625,530,10,0,0,0,0,0,0,5,5,0
68.0923,0,4182016,windows,0,625,530,10,0,0,0,0,0,0,5,5,0
68.3457,1,4293632,windows,0,625,530,10,0,0,0,0,0,0,5,5,0
68.3594,0,4196352,windows,0,625,530,10,0,0,0,0,0,0,5,5,0
68.6024,1,4310016,windows,0,625,530,10,0,0,0,0,0,0,5,5,0
68.6136,0,4210688,windows,0,625,530,10,0,0,0,0,0,0,5,5,0
68.8664,1,4327424,windows,0,625,530,10,0,0,0,0,0,0,5,5,0
68.867,0,4226048,windows,0,625,530,10,0,0,0,0,0,0,5,5,0
69.126,1,4343808,windows,0,625,530,10,0,0,0,0,0,0,5,5,0
69.1311,0,4242432,windows,0,625,530,10,0,0,0,0,0,0,5,5,0
69.387,1,4360192,windows,0,625,530,10,0,0,0,0,0,0,5,5,0
69.3913,0,4258816,windows,0,625,530,10,0,0,0,0,0,0,5,5,0
69.6422,1,4376576,windows,0,625,530,10,0,0,0,0,0,0,5,5,0
69.6489,0,4275200,windows,0,625,530,10,0,0,0,0,0,0,5,5,0
69.8982,1,4395008,windows,0,625,530,10,0,0,0,0,0,0,5,5,0
69.9033,0,4292608,windows,0,625,530,10,0,0,0,0,0,0,5,5,0
70.149,1,4411392,windows,0,625,530,10,0,0,0,0,0,0,5,5,0
70.1578,0,4310016,windows,0,625,530,10,0,0,0,0,0,0,5,5,0
70.4027,1,4429824,windows,0,625,530,10,0,0,0,0,0,0,5,5,0
70.415,0,4328448,windows,0,625,530,10,0,0,0,0,0,0,5,5,0
70.6563,1,4448256,windows,0,625,530,10,0,0,0,0,0,0,5,5,0
70.675,0,4346880,windows,0,625,530,10,0,0,0,0,0,0,5,5,0
70.9083,1,4467712,windows,0,625,530,10,0,0,0,0,0,0,5,5,0
70.9369,0,4365312,windows,0,625,530,10,0,0,0,0,0,0,5,5,0
71.1699,1,4486144,windows,0,625,530,10,0,0,0,0,0,0,5,5,0
71.1935,0,4382720,windows,0,625,530,10,0,0,0,0,0,0,5,5,0
71.4235,1,4503552,windows,0,625,530,10,0,0,0,0,0,0,5,5,0
71.4489,0,4400128,windows,0,625,530,10,0,0,0,0,0,0,5,5,0
71.6761,1,4520960,windows,0,625,530,10,0,0,0,0,0,0,5,5,0
71.7108,0,4417536,windows,0,625,530,10,0,0,0,0,0,0,5,5,0
71.9362,1,4540416,windows,0,625,530,10,0,0,0,0,0,0,5,5,0
71.9697,0,4434944,repair,0,625,530,10,0,0,0,0,0,0,5,5,0
72.1947,1,4558848,windows,0,625,530,10,0,0,0,0,0,0,5,5,0
72.234,0,4452352,repair,0,625,530,10,0,0,0,0,0,0,5,5,0
72.4482,1,4576256,windows,0,625,530,10,0,0,0,0,0,0,5,5,0
72.4935,0,4471808,windows,0,625,530,10,0,0,0,0,0,0,5,5,0
72.6999,1,4594688,windows,0,625,530,10,0,0,0,0,0,0,5,5,0
72.7556,0,4489216,windows,0,625,530,10,0,0,0,0,0,0,5,5,0
72.9605,1,4614144,windows,0,625,530,10,0,0,0,0,0,0,5,5,0
73.0091,0,4505600,windows,0,625,530,10,0,0,0,0,0,0,5,5,0
73.2152,1,4633600,windows,0,565,456.25,11,0,0,0,0,0,0,7,4,0
73.2608,0,4523008,windows,0,625,530,10,0,0,0,0,0,0,5,5,0
73.4715,1,4652032,windows,0,565,456.25,11,0,0,0,0,0,0,7,4,0
73.5259,0,4540416,windows,0,625,530,10,0,0,0,0,0,0,5,5,0
73.728,1,4671488,windows,0,565,456.25,11,0,0,0,0,0,0,7,4,0
73.7803,0,4557824,windows,0,625,530,10,0,0,0,0,0,0,5,5,0
73.9793,1,4690944,windows,0,500,396.25,10,0,0,0,0,0,0,6,4,0
74.0435,0,4575232,windows,0,625,530,10,0,0,0,0,0,0,5,5,0
74.2374,1,4711424,windows,0,500,396.25,10,0,0,0,0,0,0,6,4,0
74.304,0,4593664,windows,0,625,530,10,0,0,0,0,0,0,5,5,0
74.4878,1,4731904,windows,0,500,396.25,10,0,0,0,0,0,0,6,4,0
74.5652,0,4611072,windows,0,625,530,10,0,0,0,0,0,0,5,5,0
74.7454,1,4752384,windows,0,500,396.25,10,0,0,0,0,0,0,6,4,0
74.8164,0,4628480,windows,0,625,530,10,0,0,0,0,0,0,5,5,0
74.9978,1,4771840,windows,0,445,370,9,0,0,0,0,0,0,5,4,0
75.0761,0,4645888,windows,0,625,530,10,0,0,0,0,0,0,5,5,0
75.2489,1,4793344,windows,0,445,370,9,0,0,0,0,0,0,5,4,0
75.3277,0,4661248,windows,0,625,530,10,0,0,0,0,0,0,5,5,0
75.5007,1,4813824,windows,0,445,370,9,0,0,0,0,0,0,5,4,0
75.5819,0,4675584,windows,0,625,530,10,0,0,0,0,0,0,5,5,0
75.7518,1,4833280,windows,0,445,370,9,0,0,0,0,0,0,5,4,0
75.8453,0,4690944,windows,0,625,530,10,0,0,0,0,0,0,5,5,0
76.0074,1,4852736,windows,0,445,370,9,0,0,0,0,0,0,5,4,0
76.1054,0,4705280,windows,0,625,530,10,0,0,0,0,0,0,5,5,0
76.2664,1,4871168,windows,0,445,370,9,0,0,0,0,0,0,5,4,0
76.361,0,4720640,windows,0,625,530,10,0,0,0,0,0,0,5,5,0
76.5263,1,4887552,windows,0,445,370,9,0,0,0,0,0,0,5,4,0
76.6113,0,4736000,windows,0,625,530,10,0,0,0,0,0,0,5,5,0
76.7908,1,4902912,windows,0,445,370,9,0,0,0,0,0,0,5,4,0
76.8692,0,4752384,windows,0,445,370,9,0,0,0,0,0,0,5,4,0
77.0485,1,4918272,windows,0,445,370,9,0,0,0,0,0,0,5,4,0
77.136,0,4769792,windows,0,445,370,9,0,0,0,0,0,0,5,4,0
77.3046,1,4933632,windows,0,445,370,9,0,0,0,0,0,0,5,4,0
77.3882,0,4786176,windows,0,445,370,9,0,0,0,0,0,0,5,4,0
77.5589,1,4948992,windows,0,445,370,9,0,0,0,0,0,0,5,4,0
77.6465,0,4802560,windows,0,445,370,9,0,0,0,0,0,0,5,4,0
77.8196,1,4966400,windows,0,445,370,9,0,0,0,0,0,0,5,4,0
77.9146,0,4818944,windows,0,445,370,9,0,0,0,0,0,0,5,4,0
78.0701,1,4982784,windows,0,445,370,9,0,0,0,0,0,0,5,4,0
78.1674,0,4833280,windows,0,445,370,9,0,0,0,0,0,0,5,4,0
78.323,1,4998144,windows,0,445,370,9,0,0,0,0,0,0,5,4,0
78.4252,0,4848640,windows,0,445,370,9,0,0,0,0,0,0,5,4,0
78.586,1,5014528,windows,0,445,370,9,0,0,0,0,0,0,5,4,0
78.6882,0,4865024,windows,0,445,370,9,0,0,0,0,0,0,5,4,0
78.8398,1,5029888,windows,0,445,370,9,0,0,0,0,0,0,5,4,0
78.9497,0,4881408,windows,0,445,370,9,0,0,0,0,0,0,5,4,0
79.0983,1,5046272,windows,0,400,325,8,0,0,0,0,0,0,4,4,0
79.2093,0,4896768,windows,0,445,370,9,0,0,0,0,0,0,5,4,0
79.3617,1,5063680,windows,0,400,325,8,0,0,0,0,0,0,4,4,0
79.4673,0,4910080,repair,0,445,370,9,0,0,0,0,0,0,5,4,0
79.6147,1,5081088,windows,0,400,325,8,0,0,0,0,0,0,4,4,0
79.7237,0,4924416,windows,0,445,370,9,0,0,0,0,0,0,5,4,0
79.8694,1,5098496,windows,0,400,325,8,0,0,0,0,0,0,4,4,0
79.9828,0,4939776,windows,0,445,370,9,0,0,0,0,0,0,5,4,0
80.1287,1,5114880,windows,0,400,325,8,0,0,0,0,0,0,4,4,0
80.2458,0,4954112,windows,0,445,370,9,0,0,0,0,0,0,5,4,0
80.3917,1,5132288,windows,0,400,325,8,0,0,0,0,0,0,4,4,0
80.5058,0,4968448,windows,0,445,370,9,0,0,0,0,0,0,5,4,0
80.656,1,5149696,windows,0,400,325,8,0,0,0,0,0,0,4,4,0
80.7611,0,4982784,windows,0,445,370,9,0,0,0,0,0,0,5,4,0
80.9154,1,5167104,repair,0,400,325,8,0,0,0,0,0,0,4,4,0
81.0223,0,4996096,windows,0,445,370,9,0,0,0,0,0,0,5,4,0
81.178,1,5183488,windows,0,400,325,8,0,0,0,0,0,0,4,4,0
81.2752,0,5010432,windows,0,445,370,9,0,0,0,0,0,0,5,4,0
81.4316,1,5198848,windows,0,400,325,8,0,0,0,0,0,0,4,4,0
81.5271,0,5023744,windows,0,445,370,9,0,0,0,0,0,0,5,4,0
81.6877,1,5213184,windows,0,400,325,8,0,0,0,0,0,0,4,4,0
81.7867,0,5038080,windows,0,445,370,9,0,0,0,0,0,0,5,4,0
81.9475,1,5230592,windows,0,400,325,8,0,0,0,0,0,0,4,4,0
82.0395,0,5052416,windows,0,445,370,9,0,0,0,0,0,0,5,4,0
82.2099,1,5248000,windows,0,400,325,8,0,0,0,0,0,0,4,4,0
82.3034,0,5067776,windows,0,445,370,9,0,0,0,0,0,0,5,4,0
82.4728,1,5263360,windows,0,400,325,8,0,0,0,0,0,0,4,4,0
82.5727,0,5083136,windows,0,400,325,8,0,0,0,0,0,0,4,4,0
82.7315,1,5277696,windows,0,400,325,8,0,0,0,0,0,0,4,4,0
82.8272,0,5100544,windows,0,400,325,8,0,0,0,0,0,0,4,4,0
82.9956,1,5292032,windows,0,400,325,8,0,0,0,0,0,0,4,4,0
83.0929,0,5117952,windows,0,400,325,8,0,0,0,0,0,0,4,4,0
83.2515,1,5306368,windows,0,400,325,8,0,0,0,0,0,0,4,4,0
83.3596,0,5135360,windows,0,400,325,8,0,0,0,0,0,0,4,4,0
83.5024,1,5320704,windows,0,400,325,8,0,0,0,0,0,0,4,4,0
83.61,0,5151744,windows,0,400,325,8,0,0,0,0,0,0,4,4,0
83.756,1,5336064,windows,0,400,325,8,0,0,0,0,0,0,4,4,0
83.8601,0,5168128,windows,0,400,325,8,0,0,0,0,0,0,4,4,0
84.0171,1,5352448,windows,0,400,325,8,0,0,0,0,0,0,4,4,0
84.1199,0,5184512,windows,0,400,325,8,0,0,0,0,0,0,4,4,0
84.2704,1,5371904,windows,0,400,325,8,0,0,0,0,0,0,4,4,0
84.373,0,5201920,windows,0,400,325,8,0,0,0,0,0,0,4,4,0
84.5298,1,5392384,windows,0,400,325,8,0,0,0,0,0,0,4,4,0
84.6348,0,5220352,windows,0,400,325,8,0,0,0,0,0,0,4,4,0
84.7846,1,5412864,windows,0,400,325,8,0,0,0,0,0,0,4,4,0
84.8872,0,5238784,windows,0,400,325,8,0,0,0,0,0,0,4,4,0
85.043,1,5433344,windows,0,400,325,8,0,0,0,0,0,0,4,4,0
85.142,0,5255168,windows,0,400,325,8,0,0,0,0,0,0,4,4,0
85.297,1,5452800,windows,0,400,325,8,0,0,0,0,0,0,4,4,0
85.4044,0,5271552,windows,0,400,325,8,0,0,0,0,0,0,4,4,0
85.5651,1,5470208,windows,0,400,325,8,0,0,0,0,0,0,4,4,0
85.6649,0,5287936,windows,0,400,325,8,0,0,0,0,0,0,4,4,0
85.8236,1,5485568,windows,0,400,325,8,0,0,0,0,0,0,4,4,0
85.9281,0,5306368,windows,0,400,325,8,0,0,0,0,0,0,4,4,0
86.0839,1,5499904,windows,0,400,325,8,0,0,0,0,0,0,4,4,0
86.1823,0,5323776,windows,0,400,325,8,0,0,0,0,0,0,4,4,0
86.3465,1,5515264,windows,0,400,325,8,0,0,0,0,0,0,4,4,0
86.4461,0,5341184,windows,0,400,325,8,0,0,0,0,0,0,4,4,0
86.5994,1,5530624,windows,0,400,325,8,0,0,0,0,0,0,4,4,0
86.7065,0,5357568,windows,0,400,325,8,0,0,0,0,0,0,4,4,0
86.8567,1,5545984,windows,0,400,325,8,0,0,0,0,0,0,4,4,0
86.9612,0,5373952,windows,0,400,325,8,0,0,0,0,0,0,4,4,0
87.1159,1,5563392,windows,0,400,325,8,0,0,0,0,0,0,4,4,0
87.2138,0,5392384,windows,0,400,325,8,0,0,0,0,0,0,4,4,0
87.3744,1,5580800,windows,0,400,325,8,0,0,0,0,0,0,4,4,0
87.4779,0,5409792,windows,0,400,325,8,0,0,0,0,0,0,4,4,0
87.6263,1,5599232,windows,0,400,325,8,0,0,0,0,0,0,4,4,0
87.7435,0,5429248,windows,0,400,325,8,0,0,0,0,0,0,4,4,0
87.8831,1,5618688,windows,0,400,325,8,0,0,0,0,0,0,4,4,0
87.9948,0,5446656,windows,0,400,325,8,0,0,0,0,0,0,4,4,0
88.138,1,5637120,windows,0,400,325,8,0,0,0,0,0,0,4,4,0
88.2566,0,5466112,windows,0,400,325,8,0,0,0,0,0,0,4,4,0
88.3919,1,5656576,windows,0,400,325,8,0,0,0,0,0,0,4,4,0
88.5129,0,5485568,windows,0,400,325,8,0,0,0,0,0,0,4,4,0
88.6491,1,5677056,windows,0,400,325,8,0,0,0,0,0,0,4,4,0
88.7635,0,5504000,windows,0,400,325,8,0,0,0,0,0,0,4,4,0
88.9069,1,5696512,repair,0,400,325,8,0,0,0,0,0,0,4,4,0
89.0237,0,5523456,windows,0,400,325,8,0,0,0,0,0,0,4,4,0
89.1615,1,5715968,repair,0,400,325,8,0,0,0,0,0,0,4,4,0
89.2787,0,5540864,windows,0,400,325,8,0,0,0,0,0,0,4,4,0
89.4221,1,5734400,windows,0,400,325,8,0,0,0,0,0,0,4,4,0
89.5376,0,5558272,windows,0,400,325,8,0,0,0,0,0,0,4,4,0
89.6735,1,5751808,windows,0,400,325,8,0,0,0,0,0,0,4,4,0
89.7906,0,5577728,windows,0,400,325,8,0,0,0,0,0,0,4,4,0
89.9395,1,5770240,windows,0,400,325,8,0,0,0,0,0,0,4,4,0
90.0563,0,5596160,windows,0,400,325,8,0,0,0,0,0,0,4,4,0
90.1919,1,5786624,windows,0,400,325,8,0,0,0,0,0,0,4,4,0
90.3126,0,5613568,windows,0,400,325,8,0,0,0,0,0,0,4,4,0
90.4431,1,5804032,windows,0,400,325,8,0,0,0,0,0,0,4,4,0
90.5686,0,5632000,windows,0,400,325,8,0,0,0,0,0,0,4,4,0
90.6951,1,5821440,windows,0,400,325,8,0,0,0,0,0,0,4,4,0
90.8242,0,5650432,windows,0,400,325,8,0,0,0,0,0,0,4,4,0
90.9578,1,5838848,windows,0,400,325,8,0,0,0,0,0,0,4,4,0
91.077,0,5666816,repair,0,400,325,8,0,0,0,0,0,0,4,4,0
91.2131,1,5857280,windows,0,400,325,8,0,0,0,0,0,0,4,4,0
91.3315,0,5685248,windows,0,400,325,8,0,0,0,0,0,0,4,4,0
91.4714,1,5874688,windows,0,400,325,8,0,0,0,0,0,0,4,4,0
91.5926,0,5701632,windows,0,400,325,8,0,0,0,0,0,0,4,4,0
91.7373,1,5892096,windows,0,400,325,8,0,0,0,0,0,0,4,4,0
91.8501,0,5716992,windows,0,400,325,8,0,0,0,0,0,0,4,4,0
91.996,1,5910528,windows,0,400,325,8,0,0,0,0,0,0,4,4,0
92.1151,0,5731328,windows,0,400,325,8,0,0,0,0,0,0,4,4,0
92.2598,1,5929984,windows,0,400,325,8,0,0,0,0,0,0,4,4,0
92.3837,0,5744640,windows,0,400,325,8,0,0,0,0,0,0,4,4,0
92.5102,1,5948416,windows,0,400,325,8,0,0,0,0,0,0,4,4,0
92.635,0,5757952,windows,0,400,325,8,0,0,0,0,0,0,4,4,0
92.7639,1,5967872,windows,0,400,325,8,0,0,0,0,0,0,4,4,0
92.899,0,5771264,windows,0,400,325,8,0,0,0,0,0,0,4,4,0
93.0207,1,5985280,windows,0,400,325,8,0,0,0,0,0,0,4,4,0
93.1556,0,5784576,windows,0,400,325,8,0,0,0,0,0,0,4,4,0
93.286,1,6000640,repair,0,400,325,8,0,0,0,0,0,0,4,4,0
93.4076,0,5797888,windows,0,400,325,8,0,0,0,0,0,0,4,4,0
93.5414,1,6016000,repair,0,400,325,8,0,0,0,0,0,0,4,4,0
93.6714,0,5812224,windows,0,400,325,8,0,0,0,0,0,0,4,4,0
93.799,1,6031360,windows,0,400,325,8,0,0,0,0,0,0,4,4,0
93.9284,0,5826560,windows,0,400,325,8,0,0,0,0,0,0,4,4,0
94.0655,1,6046720,windows,0,400,325,8,0,0,0,0,0,0,4,4,0
94.1888,0,5840896,windows,0,400,325,8,0,0,0,0,0,0,4,4,0
94.3332,1,6061056,windows,0,400,325,8,0,0,0,0,0,0,4,4,0
94.446,0,5857280,windows,0,400,325,8,0,0,0,0,0,0,4,4,0
94.5942,1,6075392,windows,0,400,325,8,0,0,0,0,0,0,4,4,0
94.6985,0,5871616,windows,0,400,325,8,0,0,0,0,0,0,4,4,0
94.8567,1,6089728,windows,0,400,325,8,0,0,0,0,0,0,4,4,0
94.949,0,5885952,windows,0,400,325,8,0,0,0,0,0,0,4,4,0
95.1169,1,6104064,windows,0,400,325,8,0,0,0,0,0,0,4,4,0
95.215,0,5900288,windows,0,400,325,8,0,0,0,0,0,0,4,4,0
95.3671,1,6118400,windows,0,400,325,8,0,0,0,0,0,0,4,4,0
95.4735,0,5915648,windows,0,400,325,8,0,0,0,0,0,0,4,4,0
95.6176,1,6132736,windows,0,400,325,8,0,0,0,0,0,0,4,4,0
95.735,0,5931008,windows,0,400,325,8,0,0,0,0,0,0,4,4,0
95.8722,1,6147072,windows,0,400,325,8,0,0,0,0,0,0,4,4,0
96.0028,0,5947392,windows,0,400,325,8,0,0,0,0,0,0,4,4,0
96.1276,1,6161408,windows,0,400,325,8,0,0,0,0,0,0,4,4,0
96.2554,0,5962752,windows,0,400,325,8,0,0,0,0,0,0,4,4,0
96.3778,1,6175744,windows,0,400,325,8,0,0,0,0,0,0,4,4,0
96.506,0,5977088,repair,0,400,325,8,0,0,0,0,0,0,4,4,0
96.6363,1,6190080,windows,0,400,325,8,0,0,0,0,0,0,4,4,0
96.7588,0,5993472,repair,0,400,325,8,0,0,0,0,0,0,4,4,0
96.8865,1,6204416,windows,0,400,325,8,0,0,0,0,0,0,4,4,0
97.0176,0,6009856,repair,0,400,325,8,0,0,0,0,0,0,4,4,0
97.1468,1,6219776,windows,0,400,325,8,0,0,0,0,0,0,4,4,0
97.2712,0,6024192,windows,0,400,325,8,0,0,0,0,0,0,4,4,0
97.4148,1,6235136,windows,0,400,325,8,0,0,0,0,0,0,4,4,0
97.524,0,6037504,windows,0,400,325,8,0,0,0,0,0,0,4,4,0
97.67,1,6250496,windows,0,400,325,8,0,0,0,0,0,0,4,4,0
97.7774,0,6051840,windows,0,400,325,8,0,0,0,0,0,0,4,4,0
97.9293,1,6265856,windows,0,400,325,8,0,0,0,0,0,0,4,4,0
98.0458,0,6066176,windows,0,400,325,8,0,0,0,0,0,0,4,4,0
98.1916,1,6280192,windows,0,400,325,8,0,0,0,0,0,0,4,4,0
98.2966,0,6079488,windows,0,400,325,8,0,0,0,0,0,0,4,4,0
98.4493,1,6294528,windows,0,400,325,8,0,0,0,0,0,0,4,4,0
98.5506,0,6092800,windows,0,400,325,8,0,0,0,0,0,0,4,4,0
98.7046,1,6309888,windows,0,400,325,8,0,0,0,0,0,0,4,4,0
98.8042,0,6107136,windows,0,400,325,8,0,0,0,0,0,0,4,4,0
98.9652,1,6326272,windows,0,400,325,8,0,0,0,0,0,0,4,4,0
99.0686,0,6121472,windows,0,400,325,8,0,0,0,0,0,0,4,4,0
99.227,1,6341632,windows,0,400,325,8,0,0,0,0,0,0,4,4,0
99.3288,0,6135808,windows,0,400,325,8,0,0,0,0,0,0,4,4,0
99.4827,1,6355968,windows,0,400,325,8,0,0,0,0,0,0,4,4,0
99.5917,0,6149120,windows,0,400,325,8,0,0,0,0,0,0,4,4,0
99.7466,1,6371328,windows,0,400,325,8,0,0,0,0,0,0,4,4,0
99.8567,0,6163456,windows,0,400,325,8,0,0,0,0,0,0,4,4,0
100.002,1,6386688,windows,0,400,325,8,0,0,0,0,0,0,4,4,0
100.121,0,6176768,windows,0,400,325,8,0,0,0,0,0,0,4,4,0
100.273,1,6402048,repair,0,400,325,8,0,0,0,0,0,0,4,4,0
100.389,0,6190080,windows,0,400,325,8,0,0,0,0,0,0,4,4,0
100.532,1,6416384,windows,0,400,325,8,0,0,0,0,0,0,4,4,0
100.652,0,6203392,windows,0,400,325,8,0,0,0,0,0,0,4,4,0
100.793,1,6431744,windows,0,400,325,8,0,0,0,0,0,0,4,4,0
100.907,0,6216704,windows,0,400,325,8,0,0,0,0,0,0,4,4,0
101.053,1,6446080,windows,0,400,325,8,0,0,0,0,0,0,4,4,0
101.169,0,6227968,windows,0,400,325,8,0,0,0,0,0,0,4,4,0
101.306,1,6460416,windows,0,400,325,8,0,0,0,0,0,0,4,4,0
101.423,0,6241280,windows,0,400,325,8,0,0,0,0,0,0,4,4,0
101.567,1,6474752,windows,0,400,325,8,0,0,0,0,0,0,4,4,0
101.692,0,6255616,windows,0,400,325,8,0,0,0,0,0,0,4,4,0
101.833,1,6489088,windows,0,400,325,8,0,0,0,0,0,0,4,4,0
101.943,0,6268928,windows,0,400,325,8,0,0,0,0,0,0,4,4,0
102.095,1,6503424,windows,0,400,325,8,0,0,0,0,0,0,4,4,0
102.196,0,6282240,windows,0,400,325,8,0,0,0,0,0,0,4,4,0
102.348,1,6517760,windows,0,400,325,8,0,0,0,0,0,0,4,4,0
102.454,0,6295552,windows,0,400,325,8,0,0,0,0,0,0,4,4,0
102.609,1,6532096,windows,0,400,325,8,0,0,0,0,0,0,4,4,0
102.722,0,6309888,windows,0,400,325,8,0,0,0,0,0,0,4,4,0
102.865,1,6546432,windows,0,400,325,8,0,0,0,0,0,0,4,4,0
102.985,0,6324224,windows,0,400,325,8,0,0,0,0,0,0,4,4,0
103.117,1,6561792,windows,0,400,325,8,0,0,0,0,0,0,4,4,0
103.236,0,6338560,windows,0,400,325,8,0,0,0,0,0,0,4,4,0
103.384,1,6578176,windows,0,400,325,8,0,0,0,0,0,0,4,4,0
103.488,0,6353920,windows,0,400,325,8,0,0,0,0,0,0,4,4,0
103.642,1,6592512,windows,0,400,325,8,0,0,0,0,0,0,4,4,0
103.739,0,6368256,windows,0,400,325,8,0,0,0,0,0,0,4,4,0
103.895,1,6606848,windows,0,400,325,8,0,0,0,0,0,0,4,4,0
104,0,6385664,windows,0,400,325,8,0,0,0,0,0,0,4,4,0
104.158,1,6622208,windows,0,400,325,8,0,0,0,0,0,0,4,4,0
104.253,0,6401024,windows,0,400,325,8,0,0,0,0,0,0,4,4,0
104.409,1,6637568,windows,0,400,325,8,0,0,0,0,0,0,4,4,0
104.507,0,6415360,windows,0,400,325,8,0,0,0,0,0,0,4,4,0
104.674,1,6654976,windows,0,400,325,8,0,0,0,0,0,0,4,4,0
104.759,0,6430720,repair,0,400,325,8,0,0,0,0,0,0,4,4,0
104.936,1,6672384,windows,0,400,325,8,0,0,0,0,0,0,4,4,0
105.016,0,6448128,repair,0,400,325,8,0,0,0,0,0,0,4,4,0
105.187,1,6687744,windows,0,400,325,8,0,0,0,0,0,0,4,4,0
105.275,0,6464512,windows,0,400,325,8,0,0,0,0,0,0,4,4,0
105.445,1,6703104,repair,0,400,325,8,0,0,0,0,0,0,4,4,0
105.526,0,6480896,windows,0,400,325,8,0,0,0,0,0,0,4,4,0
105.702,1,6716416,repair,0,400,325,8,0,0,0,0,0,0,4,4,0
105.786,0,6497280,windows,0,400,325,8,0,0,0,0,0,0,4,4,0
105.965,1,6729728,repair,0,400,325,8,0,0,0,0,0,0,4,4,0
106.049,0,6513664,windows,0,400,325,8,0,0,0,0,0,0,4,4,0
106.226,1,6744064,windows,0,400,325,8,0,0,0,0,0,0,4,4,0
106.313,0,6530048,windows,0,400,325,8,0,0,0,0,0,0,4,4,0
106.487,1,6758400,windows,0,400,325,8,0,0,0,0,0,0,4,4,0
106.577,0,6545408,windows,0,400,325,8,0,0,0,0,0,0,4,4,0
106.746,1,6772736,windows,0,400,325,8,0,0,0,0,0,0,4,4,0
106.827,0,6560768,windows,0,400,325,8,0,0,0,0,0,0,4,4,0
107.006,1,6788096,windows,0,400,325,8,0,0,0,0,0,0,4,4,0
107.078,0,6576128,windows,0,400,325,8,0,0,0,0,0,0,4,4,0
107.264,1,6803456,windows,0,400,325,8,0,0,0,0,0,0,4,4,0
107.334,0,6592512,windows,0,400,325,8,0,0,0,0,0,0,4,4,0
107.533,1,6818816,windows,0,400,325,8,0,0,0,0,0,0,4,4,0
107.59,0,6609920,windows,0,400,325,8,0,0,0,0,0,0,4,4,0
107.798,1,6833152,windows,0,400,325,8,0,0,0,0,0,0,4,4,0
107.851,0,6628352,windows,0,400,325,8,0,0,0,0,0,0,4,4,0
108.055,1,6847488,windows,0,400,325,8,0,0,0,0,0,0,4,4,0
108.11,0,6645760,windows,0,400,325,8,0,0,0,0,0,0,4,4,0
108.31,1,6861824,windows,0,400,325,8,0,0,0,0,0,0,4,4,0
108.366,0,6663168,windows,0,400,325,8,0,0,0,0,0,0,4,4,0
108.574,1,6877184,windows,0,400,325,8,0,0,0,0,0,0,4,4,0
108.623,0,6680576,windows,0,400,325,8,0,0,0,0,0,0,4,4,0
108.827,1,6891520,windows,0,400,325,8,0,0,0,0,0,0,4,4,0
108.879,0,6696960,windows,0,400,325,8,0,0,0,0,0,0,4,4,0
109.09,1,6906880,windows,0,400,325,8,0,0,0,0,0,0,4,4,0
109.136,0,6713344,windows,0,400,325,8,0,0,0,0,0,0,4,4,0
109.349,1,6922240,windows,0,400,325,8,0,0,0,0,0,0,4,4,0
109.393,0,6729728,windows,0,400,325,8,0,0,0,0,0,0,4,4,0
109.613,1,6937600,windows,0,400,325,8,0,0,0,0,0,0,4,4,0
109.657,0,6748160,windows,0,400,325,8,0,0,0,0,0,0,4,4,0
109.875,1,6952960,windows,0,400,325,8,0,0,0,0,0,0,4,4,0
109.916,0,6766592,repair,0,400,325,8,0,0,0,0,0,0,4,4,0
110.142,1,6968320,windows,0,400,325,8,0,0,0,0,0,0,4,4,0
110.176,0,6785024,windows,0,400,325,8,0,0,0,0,0,0,4,4,0
110.397,1,6984704,windows,0,400,325,8,0,0,0,0,0,0,4,4,0
110.433,0,6802432,windows,0,400,325,8,0,0,0,0,0,0,4,4,0
110.657,1,7000064,windows,0,400,325,8,0,0,0,0,0,0,4,4,0
110.695,0,6819840,windows,0,400,325,8,0,0,0,0,0,0,4,4,0
110.915,1,7016448,windows,0,400,325,8,0,0,0,0,0,0,4,4,0
110.952,0,6837248,windows,0,400,325,8,0,0,0,0,0,0,4,4,0
111.174,1,7031808,windows,0,400,325,8,0,0,0,0,0,0,4,4,0
111.212,0,6853632,windows,0,400,325,8,0,0,0,0,0,0,4,4,0
111.431,1,7047168,windows,0,400,325,8,0,0,0,0,0,0,4,4,0
111.468,0,6868992,windows,0,400,325,8,0,0,0,0,0,0,4,4,0
111.689,1,7062528,repair,0,400,325,8,0,0,0,0,0,0,4,4,0
111.729,0,6884352,windows,0,400,325,8,0,0,0,0,0,0,4,4,0
111.941,1,7076864,repair,0,400,325,8,0,0,0,0,0,0,4,4,0
111.994,0,6899712,windows,0,400,325,8,0,0,0,0,0,0,4,4,0
112.199,1,7091200,windows,0,400,325,8,0,0,0,0,0,0,4,4,0
112.26,0,6915072,windows,0,400,325,8,0,0,0,0,0,0,4,4,0
112.459,1,7105536,windows,0,400,325,8,0,0,0,0,0,0,4,4,0
112.511,0,6929408,windows,0,400,325,8,0,0,0,0,0,0,4,4,0
112.721,1,7119872,windows,0,400,325,8,0,0,0,0,0,0,4,4,0
112.763,0,6944768,windows,0,400,325,8,0,0,0,0,0,0,4,4,0
112.972,1,7133184,windows,0,400,325,8,0,0,0,0,0,0,4,4,0
113.023,0,6961152,windows,0,400,325,8,0,0,0,0,0,0,4,4,0
113.241,1,7148544,windows,0,400,325,8,0,0,0,0,0,0,4,4,0
113.286,0,6977536,windows,0,400,325,8,0,0,0,0,0,0,4,4,0
113.503,1,7162880,windows,0,400,325,8,0,0,0,0,0,0,4,4,0
113.546,0,6992896,windows,0,400,325,8,0,0,0,0,0,0,4,4,0
113.758,1,7177216,windows,0,400,325,8,0,0,0,0,0,0,4,4,0
113.807,0,7008256,windows,0,400,325,8,0,0,0,0,0,0,4,4,0
114.013,1,7190528,windows,0,400,325,8,0,0,0,0,0,0,4,4,0
114.061,0,7023616,windows,0,400,325,8,0,0,0,0,0,0,4,4,0
114.275,1,7203840,windows,0,400,325,8,0,0,0,0,0,0,4,4,0
114.321,0,7040000,windows,0,400,325,8,0,0,0,0,0,0,4,4,0
114.534,1,7217152,windows,0,400,325,8,0,0,0,0,0,0,4,4,0
114.573,0,7054336,windows,0,400,325,8,0,0,0,0,0,0,4,4,0
114.792,1,7231488,windows,0,400,325,8,0,0,0,0,0,0,4,4,0
114.833,0,7071744,windows,0,400,325,8,0,0,0,0,0,0,4,4,0
115.059,1,7244800,windows,0,400,325,8,0,0,0,0,0,0,4,4,0
115.085,0,7088128,windows,0,400,325,8,0,0,0,0,0,0,4,4,0
115.324,1,7259136,windows,0,400,325,8,0,0,0,0,0,0,4,4,0
115.346,0,7105536,windows,0,400,325,8,0,0,0,0,0,0,4,4,0
115.574,1,7272448,windows,0,400,325,8,0,0,0,0,0,0,4,4,0
115.603,0,7121920,windows,0,400,325,8,0,0,0,0,0,0,4,4,0
115.828,1,7286784,windows,0,400,325,8,0,0,0,0,0,0,4,4,0
115.853,0,7139328,windows,0,400,325,8,0,0,0,0,0,0,4,4,0
116.091,1,7301120,windows,0,400,325,8,0,0,0,0,0,0,4,4,0
116.112,0,7155712,windows,0,400,325,8,0,0,0,0,0,0,4,4,0
116.345,1,7314432,repair,0,400,325,8,0,0,0,0,0,0,4,4,0
116.363,0,7171072,windows,0,400,325,8,0,0,0,0,0,0,4,4,0
116.603,1,7329792,repair,0,400,325,8,0,0,0,0,0,0,4,4,0
116.616,0,7186432,windows,0,400,325,8,0,0,0,0,0,0,4,4,0
116.865,1,7345152,windows,0,400,325,8,0,0,0,0,0,0,4,4,0
116.877,0,7201792,windows,0,400,325,8,0,0,0,0,0,0,4,4,0
117.123,1,7359488,windows,0,400,325,8,0,0,0,0,0,0,4,4,0
117.14,0,7218176,windows,0,400,325,8,0,0,0,0,0,0,4,4,0
117.384,1,7373824,windows,0,400,325,8,0,0,0,0,0,0,4,4,0
117.393,0,7234560,windows,0,400,325,8,0,0,0,0,0,0,4,4,0
117.639,1,7387136,windows,0,400,325,8,0,0,0,0,0,0,4,4,0
117.646,0,7251968,windows,0,400,325,8,0,0,0,0,0,0,4,4,0
117.89,1,7401472,windows,0,400,325,8,0,0,0,0,0,0,4,4,0
117.905,0,7269376,windows,0,400,325,8,0,0,0,0,0,0,4,4,0
118.156,1,7415808,windows,0,400,325,8,0,0,0,0,0,0,4,4,0
118.158,0,7285760,windows,0,400,325,8,0,0,0,0,0,0,4,4,0
118.415,0,7303168,repair,0,400,325,8,0,0,0,0,0,0,4,4,0
118.42,1,7429120,windows,0,400,325,8,0,0,0,0,0,0,4,4,0
118.667,0,7322624,repair,0,400,325,8,0,0,0,0,0,0,4,4,0
118.67,1,7443456,windows,0,400,325,8,0,0,0,0,0,0,4,4,0
118.927,1,7457792,windows,0,400,325,8,0,0,0,0,0,0,4,4,0
118.931,0,7342080,repair,0,400,325,8,0,0,0,0,0,0,4,4,0
119.177,1,7471104,windows,0,400,325,8,0,0,0,0,0,0,4,4,0
119.184,0,7360512,repair,0,400,325,8,0,0,0,0,0,0,4,4,0
119.427,1,7484416,windows,0,400,325,8,0,0,0,0,0,0,4,4,0
119.437,0,7376896,repair,0,400,325,8,0,0,0,0,0,0,4,4,0
119.68,1,7498752,windows,0,400,325,8,0,0,0,0,0,0,4,4,0
119.701,0,7393280,windows,0,400,325,8,0,0,0,0,0,0,4,4,0
119.939,1,7514112,windows,0,400,325,8,0,0,0,0,0,0,4,4,0
119.956,0,7409664,windows,0,400,325,8,0,0,0,0,0,0,4,4,0
120.191,1,7528448,windows,0,400,325,8,0,0,0,0,0,0,4,4,0
120.21,0,7426048,windows,0,400,325,8,0,0,0,0,0,0,4,4,0
120.451,1,7543808,windows,0,400,325,8,0,0,0,0,0,0,4,4,0
120.473,0,7442432,windows,0,400,325,8,0,0,0,0,0,0,4,4,0
120.706,1,7559168,windows,0,400,325,8,0,0,0,0,0,0,4,4,0
120.73,0,7458816,windows,0,400,325,8,0,0,0,0,0,0,4,4,0
120.97,1,7574528,windows,0,400,325,8,0,0,0,0,0,0,4,4,0
120.988,0,7475200,windows,0,400,325,8,0,0,0,0,0,0,4,4,0
121.229,1,7589888,windows,0,400,325,8,0,0,0,0,0,0,4,4,0
121.239,0,7491584,windows,0,400,325,8,0,0,0,0,0,0,4,4,0
121.48,1,7604224,windows,0,400,325,8,0,0,0,0,0,0,4,4,0
121.493,0,7507968,windows,0,400,325,8,0,0,0,0,0,0,4,4,0
121.731,1,7618560,windows,0,400,325,8,0,0,0,0,0,0,4,4,0
121.76,0,7524352,windows,0,400,325,8,0,0,0,0,0,0,4,4,0
121.994,1,7635968,windows,0,400,325,8,0,0,0,0,0,0,4,4,0
122.018,0,7539712,windows,0,400,325,8,0,0,0,0,0,0,4,4,0
122.251,1,7653376,windows,0,400,325,8,0,0,0,0,0,0,4,4,0
122.286,0,7556096,windows,0,400,325,8,0,0,0,0,0,0,4,4,0
122.509,1,7670784,windows,0,400,325,8,0,0,0,0,0,0,4,4,0
122.536,0,7572480,windows,0,400,325,8,0,0,0,0,0,0,4,4,0
122.761,1,7689216,windows,0,400,325,8,0,0,0,0,0,0,4,4,0
122.8,0,7589888,windows,0,400,325,8,0,0,0,0,0,0,4,4,0
123.012,1,7707648,windows,0,400,325,8,0,0,0,0,0,0,4,4,0
123.051,0,7606272,windows,0,400,325,8,0,0,0,0,0,0,4,4,0
123.275,1,7727104,windows,0,400,325,8,0,0,0,0,0,0,4,4,0
123.301,0,7622656,windows,0,400,325,8,0,0,0,0,0,0,4,4,0
123.531,1,7744512,windows,0,400,325,8,0,0,0,0,0,0,4,4,0
123.563,0,7639040,windows,0,400,325,8,0,0,0,0,0,0,4,4,0
123.782,1,7762944,repair,0,400,325,8,0,0,0,0,0,0,4,4,0
123.816,0,7655424,windows,0,400,325,8,0,0,0,0,0,0,4,4,0
124.034,1,7779328,windows,0,400,325,8,0,0,0,0,0,0,4,4,0
124.07,0,7670784,windows,0,400,325,8,0,0,0,0,0,0,4,4,0
124.299,1,7795712,windows,0,400,325,8,0,0,0,0,0,0,4,4,0
124.332,0,7686144,windows,0,400,325,8,0,0,0,0,0,0,4,4,0
124.559,1,7812096,windows,0,400,325,8,0,0,0,0,0,0,4,4,0
124.583,0,7701504,windows,0,400,325,8,0,0,0,0,0,0,4,4,0
124.818,1,7829504,windows,0,400,325,8,0,0,0,0,0,0,4,4,0
124.849,0,7718912,windows,0,400,325,8,0,0,0,0,0,0,4,4,0
125.082,1,7845888,windows,0,400,325,8,0,0,0,0,0,0,4,4,0
125.1,0,7735296,windows,0,400,325,8,0,0,0,0,0,0,4,4,0
125.339,1,7862272,windows,0,400,325,8,0,0,0,0,0,0,4,4,0
125.352,0,7750656,windows,0,400,325,8,0,0,0,0,0,0,4,4,0
125.603,1,7878656,windows,0,400,325,8,0,0,0,0,0,0,4,4,0
125.614,0,7766016,repair,0,400,325,8,0,0,0,0,0,0,4,4,0
125.859,1,7892992,windows,0,400,325,8,0,0,0,0,0,0,4,4,0
125.871,0,7782400,repair,0,400,325,8,0,0,0,0,0,0,4,4,0
126.117,1,7906304,windows,0,400,325,8,0,0,0,0,0,0,4,4,0
126.128,0,7798784,repair,0,400,325,8,0,0,0,0,0,0,4,4,0
126.385,1,7921664,windows,0,400,325,8,0,0,0,0,0,0,4,4,0
126.394,0,7816192,repair,0,400,325,8,0,0,0,0,0,0,4,4,0
126.645,0,7831552,repair,0,400,325,8,0,0,0,0,0,0,4,4,0
126.652,1,7936000,windows,0,400,325,8,0,0,0,0,0,0,4,4,0
126.902,0,7847936,repair,0,400,325,8,0,0,0,0,0,0,4,4,0
126.913,1,7950336,repair,0,400,325,8,0,0,0,0,0,0,4,4,0
127.16,0,7862272,windows,0,400,325,8,0,0,0,0,0,0,4,4,0
127.174,1,7965696,repair,0,400,325,8,0,0,0,0,0,0,4,4,0
127.422,0,7876608,windows,0,400,325,8,0,0,0,0,0,0,4,4,0
127.434,1,7981056,repair,0,400,325,8,0,0,0,0,0,0,4,4,0
127.687,0,7890944,windows,0,400,325,8,0,0,0,0,0,0,4,4,0
127.7,1,7996416,repair,0,400,325,8,0,0,0,0,0,0,4,4,0
127.947,0,7905280,windows,0,400,325,8,0,0,0,0,0,0,4,4,0
127.95,1,8011776,repair,0,400,325,8,0,0,0,0,0,0,4,4,0
128.198,0,7917568,windows,0,400,325,8,0,0,0,0,0,0,4,4,0
128.218,1,8027136,windows,0,400,325,8,0,0,0,0,0,0,4,4,0
128.45,0,7929856,windows,0,400,325,8,0,0,0,0,0,0,4,4,0
128.474,1,8040448,windows,0,400,325,8,0,0,0,0,0,0,4,4,0
128.709,0,7943168,windows,0,400,325,8,0,0,0,0,0,0,4,4,0
128.729,1,8053760,windows,0,400,325,8,0,0,0,0,0,0,4,4,0
128.967,0,7956480,windows,0,400,325,8,0,0,0,0,0,0,4,4,0
128.98,1,8067072,windows,0,400,325,8,0,0,0,0,0,0,4,4,0
129.235,0,7969792,windows,0,400,325,8,0,0,0,0,0,0,4,4,0
129.238,1,8081408,windows,0,400,325,8,0,0,0,0,0,0,4,4,0
129.499,1,8095744,windows,0,400,325,8,0,0,0,0,0,0,4,4,0
129.507,0,7984128,windows,0,400,325,8,0,0,0,0,0,0,4,4,0
129.759,1,8110080,windows,0,400,325,8,0,0,0,0,0,0,4,4,0
129.764,0,7997440,windows,0,400,325,8,0,0,0,0,0,0,4,4,0
130.016,0,8010752,windows,0,400,325,8,0,0,0,0,0,0,4,4,0
130.019,1,8124416,windows,0,400,325,8,0,0,0,0,0,0,4,4,0
130.276,1,8138752,windows,0,400,325,8,0,0,0,0,0,0,4,4,0
130.278,0,8025088,windows,0,400,325,8,0,0,0,0,0,0,4,4,0
130.535,1,8152064,windows,0,400,325,8,0,0,0,0,0,0,4,4,0
130.545,0,8039424,windows,0,400,325,8,0,0,0,0,0,0,4,4,0
130.79,1,8166400,windows,0,400,325,8,0,0,0,0,0,0,4,4,0
130.801,0,8052736,windows,0,400,325,8,0,0,0,0,0,0,4,4,0
131.047,1,8179712,windows,0,400,325,8,0,0,0,0,0,0,4,4,0
131.059,0,8065024,windows,0,400,325,8,0,0,0,0,0,0,4,4,0
131.298,1,8193024,windows,0,400,325,8,0,0,0,0,0,0,4,4,0
131.323,0,8080384,repair,0,400,325,8,0,0,0,0,0,0,4,4,0
131.562,1,8206336,windows,0,400,325,8,0,0,0,0,0,0,4,4,0
131.581,0,8095744,repair,0,400,325,8,0,0,0,0,0,0,4,4,0
131.812,1,8219648,windows,0,400,325,8,0,0,0,0,0,0,4,4,0
131.848,0,8111104,repair,0,400,325,8,0,0,0,0,0,0,4,4,0
132.073,1,8233984,windows,0,400,325,8,0,0,0,0,0,0,4,4,0
132.115,0,8125440,windows,0,400,325,8,0,0,0,0,0,0,4,4,0
132.323,1,8247296,windows,0,400,325,8,0,0,0,0,0,0,4,4,0
132.389,0,8139776,windows,0,400,325,8,0,0,0,0,0,0,4,4,0
132.591,1,8261632,windows,0,400,325,8,0,0,0,0,0,0,4,4,0
132.641,0,8153088,windows,0,400,325,8,0,0,0,0,0,0,4,4,0
132.841,1,8275968,windows,0,400,325,8,0,0,0,0,0,0,4,4,0
132.904,0,8167424,windows,0,400,325,8,0,0,0,0,0,0,4,4,0
133.108,1,8290304,windows,0,400,325,8,0,0,0,0,0,0,4,4,0
133.165,0,8181760,windows,0,400,325,8,0,0,0,0,0,0,4,4,0
133.36,1,8303616,windows,0,400,325,8,0,0,0,0,0,0,4,4,0
133.432,0,8196096,windows,0,400,325,8,0,0,0,0,0,0,4,4,0
133.621,1,8317952,windows,0,400,325,8,0,0,0,0,0,0,4,4,0
133.697,0,8211456,windows,0,400,325,8,0,0,0,0,0,0,4,4,0
133.878,1,8332288,windows,0,400,325,8,0,0,0,0,0,0,4,4,0
133.955,0,8228864,windows,0,400,325,8,0,0,0,0,0,0,4,4,0
134.139,1,8347648,windows,0,400,325,8,0,0,0,0,0,0,4,4,0
134.217,0,8246272,windows,0,400,325,8,0,0,0,0,0,0,4,4,0
134.391,1,8361984,windows,0,400,325,8,0,0,0,0,0,0,4,4,0
134.481,0,8264704,windows,0,400,325,8,0,0,0,0,0,0,4,4,0
134.66,1,8377344,windows,0,400,325,8,0,0,0,0,0,0,4,4,0
134.732,0,8282112,windows,0,400,325,8,0,0,0,0,0,0,4,4,0
134.922,1,8395776,windows,0,400,325,8,0,0,0,0,0,0,4,4,0
134.988,0,8299520,windows,0,400,325,8,0,0,0,0,0,0,4,4,0
135.186,1,8415232,windows,0,400,325,8,0,0,0,0,0,0,4,4,0
135.239,0,8317952,windows,0,400,325,8,0,0,0,0,0,0,4,4,0
135.439,1,8430592,windows,0,400,325,8,0,0,0,0,0,0,4,4,0
135.49,0,8335360,windows,0,400,325,8,0,0,0,0,0,0,4,4,0
135.694,1,8445952,windows,0,400,325,8,0,0,0,0,0,0,4,4,0
135.742,0,8353792,windows,0,400,325,8,0,0,0,0,0,0,4,4,0
135.946,1,8461312,windows,0,400,325,8,0,0,0,0,0,0,4,4,0
136.009,0,8369152,windows,0,400,325,8,0,0,0,0,0,0,4,4,0
136.207,1,8476672,windows,0,400,325,8,0,0,0,0,0,0,4,4,0
136.269,0,8384512,windows,0,400,325,8,0,0,0,0,0,0,4,4,0
136.469,1,8492032,repair,0,400,325,8,0,0,0,0,0,0,4,4,0
136.527,0,8399872,windows,0,400,325,8,0,0,0,0,0,0,4,4,0
136.731,1,8507392,repair,0,400,325,8,0,0,0,0,0,0,4,4,0
136.779,0,8416256,windows,0,400,325,8,0,0,0,0,0,0,4,4,0
136.989,1,8521728,repair,0,400,325,8,0,0,0,0,0,0,4,4,0
137.039,0,8431616,windows,0,400,325,8,0,0,0,0,0,0,4,4,0
137.25,1,8537088,repair,0,400,325,8,0,0,0,0,0,0,4,4,0
137.298,0,8446976,windows,0,400,325,8,0,0,0,0,0,0,4,4,0
137.511,1,8553472,windows,0,400,325,8,0,0,0,0,0,0,4,4,0
137.563,0,8462336,windows,0,400,325,8,0,0,0,0,0,0,4,4,0
137.77,1,8570880,windows,0,400,325,8,0,0,0,0,0,0,4,4,0
137.815,0,8477696,windows,0,400,325,8,0,0,0,0,0,0,4,4,0
138.033,1,8589312,windows,0,400,325,8,0,0,0,0,0,0,4,4,0
138.066,0,8494080,windows,0,400,325,8,0,0,0,0,0,0,4,4,0
138.288,1,8605696,windows,0,400,325,8,0,0,0,0,0,0,4,4,0
138.319,0,8510464,windows,0,400,325,8,0,0,0,0,0,0,4,4,0
138.547,1,8622080,windows,0,400,325,8,0,0,0,0,0,0,4,4,0
138.577,0,8525824,windows,0,400,325,8,0,0,0,0,0,0,4,4,0
138.807,1,8639488,windows,0,400,325,8,0,0,0,0,0,0,4,4,0
138.833,0,8541184,windows,0,400,325,8,0,0,0,0,0,0,4,4,0
139.059,1,8655872,windows,0,400,325,8,0,0,0,0,0,0,4,4,0
139.095,0,8555520,repair,0,400,325,8,0,0,0,0,0,0,4,4,0
139.321,1,8673280,windows,0,400,325,8,0,0,0,0,0,0,4,4,0
139.359,0,8570880,repair,0,400,325,8,0,0,0,0,0,0,4,4,0
139.583,1,8690688,windows,0,400,325,8,0,0,0,0,0,0,4,4,0
139.62,0,8587264,repair,0,400,325,8,0,0,0,0,0,0,4,4,0
139.834,1,8707072,windows,0,400,325,8,0,0,0,0,0,0,4,4,0
139.889,0,8602624,windows,0,400,325,8,0,0,0,0,0,0,4,4,0
140.096,1,8724480,windows,0,400,325,8,0,0,0,0,0,0,4,4,0
140.14,0,8615936,windows,0,400,325,8,0,0,0,0,0,0,4,4,0
140.35,1,8741888,windows,0,400,325,8,0,0,0,0,0,0,4,4,0
140.405,0,8632320,windows,0,400,325,8,0,0,0,0,0,0,4,4,0
140.614,1,8760320,windows,0,400,325,8,0,0,0,0,0,0,4,4,0
140.663,0,8648704,windows,0,400,325,8,0,0,0,0,0,0,4,4,0
140.876,1,8777728,windows,0,400,325,8,0,0,0,0,0,0,4,4,0
140.916,0,8665088,windows,0,400,325,8,0,0,0,0,0,0,4,4,0
141.128,1,8792064,windows,0,400,325,8,0,0,0,0,0,0,4,4,0
141.166,0,8681472,windows,0,400,325,8,0,0,0,0,0,0,4,4,0
141.379,1,8806400,windows,0,400,325,8,0,0,0,0,0,0,4,4,0
141.425,0,8698880,windows,0,400,325,8,0,0,0,0,0,0,4,4,0
141.636,1,8821760,windows,0,400,325,8,0,0,0,0,0,0,4,4,0
141.683,0,8716288,windows,0,400,325,8,0,0,0,0,0,0,4,4,0
141.891,1,8837120,windows,0,400,325,8,0,0,0,0,0,0,4,4,0
141.949,0,8733696,windows,0,400,325,8,0,0,0,0,0,0,4,4,0
142.15,1,8852480,repair,0,400,325,8,0,0,0,0,0,0,4,4,0
142.2,0,8751104,windows,0,400,325,8,0,0,0,0,0,0,4,4,0
142.41,1,8867840,repair,0,400,325,8,0,0,0,0,0,0,4,4,0
142.461,0,8767488,windows,0,400,325,8,0,0,0,0,0,0,4,4,0
142.673,1,8884224,windows,0,400,325,8,0,0,0,0,0,0,4,4,0
142.72,0,8784896,windows,0,400,325,8,0,0,0,0,0,0,4,4,0
142.924,1,8898560,windows,0,400,325,8,0,0,0,0,0,0,4,4,0
142.978,0,8802304,windows,0,400,325,8,0,0,0,0,0,0,4,4,0
143.182,1,8911872,windows,0,400,325,8,0,0,0,0,0,0,4,4,0
143.234,0,8820736,windows,0,400,325,8,0,0,0,0,0,0,4,4,0
143.443,1,8927232,windows,0,400,325,8,0,0,0,0,0,0,4,4,0
143.5,0,8836096,windows,0,400,325,8,0,0,0,0,0,0,4,4,0
143.699,1,8942592,windows,0,400,325,8,0,0,0,0,0,0,4,4,0
143.752,0,8850432,windows,0,400,325,8,0,0,0,0,0,0,4,4,0
143.954,1,8956928,windows,0,400,325,8,0,0,0,0,0,0,4,4,0
144.013,0,8867840,windows,0,400,325,8,0,0,0,0,0,0,4,4,0
144.21,1,8972288,windows,0,400,325,8,0,0,0,0,0,0,4,4,0
144.267,0,8885248,windows,0,400,325,8,0,0,0,0,0,0,4,4,0
144.469,1,8988672,windows,0,400,325,8,0,0,0,0,0,0,4,4,0
144.527,0,8900608,windows,0,400,325,8,0,0,0,0,0,0,4,4,0
144.721,1,9005056,windows,0,400,325,8,0,0,0,0,0,0,4,4,0
144.779,0,8914944,windows,0,400,325,8,0,0,0,0,0,0,4,4,0
144.972,1,9021440,windows,0,400,325,8,0,0,0,0,0,0,4,4,0
145.044,0,8930304,windows,0,400,325,8,0,0,0,0,0,0,4,4,0
145.23,1,9037824,windows,0,400,325,8,0,0,0,0,0,0,4,4,0
145.311,0,8945664,windows,0,400,325,8,0,0,0,0,0,0,4,4,0
145.483,1,9054208,windows,0,400,325,8,0,0,0,0,0,0,4,4,0
145.561,0,8961024,windows,0,400,325,8,0,0,0,0,0,0,4,4,0
145.744,1,9069568,windows,0,400,325,8,0,0,0,0,0,0,4,4,0
145.818,0,8975360,windows,0,400,325,8,0,0,0,0,0,0,4,4,0
145.998,1,9085952,windows,0,400,325,8,0,0,0,0,0,0,4,4,0
146.073,0,8989696,windows,0,400,325,8,0,0,0,0,0,0,4,4,0
146.251,1,9101312,windows,0,400,325,8,0,0,0,0,0,0,4,4,0
146.337,0,9005056,windows,0,400,325,8,0,0,0,0,0,0,4,4,0
146.505,1,9117696,windows,0,400,325,8,0,0,0,0,0,0,4,4,0
146.597,0,9020416,windows,0,400,325,8,0,0,0,0,0,0,4,4,0
146.768,1,9134080,windows,0,400,325,8,0,0,0,0,0,0,4,4,0
146.851,0,9033728,windows,0,400,325,8,0,0,0,0,0,0,4,4,0
147.02,1,9150464,windows,0,400,325,8,0,0,0,0,0,0,4,4,0
147.116,0,9049088,windows,0,400,325,8,0,0,0,0,0,0,4,4,0
147.284,1,9167872,windows,0,400,325,8,0,0,0,0,0,0,4,4,0
147.371,0,9063424,repair,0,400,325,8,0,0,0,0,0,0,4,4,0
147.546,1,9184256,windows,0,400,325,8,0,0,0,0,0,0,4,4,0
147.624,0,9080832,repair,0,400,325,8,0,0,0,0,0,0,4,4,0
147.796,1,9200640,windows,0,400,325,8,0,0,0,0,0,0,4,4,0
147.883,0,9099264,windows,0,400,325,8,0,0,0,0,0,0,4,4,0
148.063,1,9218048,windows,0,400,325,8,0,0,0,0,0,0,4,4,0
148.139,0,9116672,windows,0,400,325,8,0,0,0,0,0,0,4,4,0
148.325,1,9234432,windows,0,400,325,8,0,0,0,0,0,0,4,4,0
148.396,0,9133056,windows,0,400,325,8,0,0,0,0,0,0,4,4,0
148.575,1,9251840,windows,0,400,325,8,0,0,0,0,0,0,4,4,0
148.652,0,9149440,windows,0,400,325,8,0,0,0,0,0,0,4,4,0
148.84,1,9269248,windows,0,400,325,8,0,0,0,0,0,0,4,4,0
148.908,0,9164800,windows,0,400,325,8,0,0,0,0,0,0,4,4,0
149.098,1,9286656,repair,0,400,325,8,0,0,0,0,0,0,4,4,0
149.174,0,9181184,windows,0,400,325,8,0,0,0,0,0,0,4,4,0
149.36,1,9304064,repair,0,400,325,8,0,0,0,0,0,0,4,4,0
149.433,0,9197568,windows,0,400,325,8,0,0,0,0,0,0,4,4,0
149.635,1,9323520,repair,0,400,325,8,0,0,0,0,0,0,4,4,0
149.683,0,9213952,windows,0,400,325,8,0,0,0,0,0,0,4,4,0
149.896,1,9338880,repair,0,400,325,8,0,0,0,0,0,0,4,4,0
149.94,0,9228288,windows,0,400,325,8,0,0,0,0,0,0,4,4,0
150.149,1,9358336,windows,0,400,325,8,0,0,0,0,0,0,4,4,0
150.197,0,9242624,windows,0,400,325,8,0,0,0,0,0,0,4,4,0
150.413,1,9375744,windows,0,400,325,8,0,0,0,0,0,0,4,4,0
150.458,0,9257984,windows,0,400,325,8,0,0,0,0,0,0,4,4,0
150.67,1,9394176,windows,0,400,325,8,0,0,0,0,0,0,4,4,0
150.723,0,9273344,windows,0,400,325,8,0,0,0,0,0,0,4,4,0
150.931,1,9411584,windows,0,400,325,8,0,0,0,0,0,0,4,4,0
150.984,0,9288704,windows,0,400,325,8,0,0,0,0,0,0,4,4,0
151.196,1,9427968,windows,0,400,325,8,0,0,0,0,0,0,4,4,0
151.236,0,9303040,windows,0,400,325,8,0,0,0,0,0,0,4,4,0
151.451,1,9444352,windows,0,400,325,8,0,0,0,0,0,0,4,4,0
151.492,0,9317376,windows,0,400,325,8,0,0,0,0,0,0,4,4,0
151.719,1,9458688,windows,0,400,325,8,0,0,0,0,0,0,4,4,0
151.755,0,9332736,windows,0,400,325,8,0,0,0,0,0,0,4,4,0
151.979,1,9473024,windows,0,400,325,8,0,0,0,0,0,0,4,4,0
152.005,0,9348096,windows,0,400,325,8,0,0,0,0,0,0,4,4,0
152.24,1,9487360,windows,0,400,325,8,0,0,0,0,0,0,4,4,0
152.266,0,9364480,windows,0,400,325,8,0,0,0,0,0,0,4,4,0
152.506,1,9502720,windows,0,400,325,8,0,0,0,0,0,0,4,4,0
152.519,0,9379840,windows,0,400,325,8,0,0,0,0,0,0,4,4,0
152.764,1,9521152,windows,0,400,325,8,0,0,0,0,0,0,4,4,0
152.773,0,9395200,windows,0,400,325,8,0,0,0,0,0,0,4,4,0
153.017,1,9539584,windows,0,400,325,8,0,0,0,0,0,0,4,4,0
153.033,0,9411584,windows,0,400,325,8,0,0,0,0,0,0,4,4,0
153.277,1,9558016,windows,0,400,325,8,0,0,0,0,0,0,4,4,0
153.299,0,9427968,windows,0,400,325,8,0,0,0,0,0,0,4,4,0
153.531,1,9575424,windows,0,400,325,8,0,0,0,0,0,0,4,4,0
153.551,0,9443328,windows,0,400,325,8,0,0,0,0,0,0,4,4,0
153.788,1,9592832,windows,0,400,325,8,0,0,0,0,0,0,4,4,0
153.807,0,9458688,windows,0,400,325,8,0,0,0,0,0,0,4,4,0
154.046,1,9610240,windows,0,400,325,8,0,0,0,0,0,0,4,4,0
154.072,0,9474048,repair,0,400,325,8,0,0,0,0,0,0,4,4,0
154.301,1,9627648,windows,0,400,325,8,0,0,0,0,0,0,4,4,0
154.325,0,9489408,repair,0,400,325,8,0,0,0,0,0,0,4,4,0
154.559,1,9644032,windows,0,400,325,8,0,0,0,0,0,0,4,4,0
154.587,0,9505792,repair,0,400,325,8,0,0,0,0,0,0,4,4,0
154.817,1,9660416,windows,0,400,325,8,0,0,0,0,0,0,4,4,0
154.84,0,9521152,windows,0,400,325,8,0,0,0,0,0,0,4,4,0
155.076,1,9676800,windows,0,400,325,8,0,0,0,0,0,0,4,4,0
155.103,0,9536512,windows,0,400,325,8,0,0,0,0,0,0,4,4,0
155.326,1,9694208,windows,0,400,325,8,0,0,0,0,0,0,4,4,0
155.368,0,9551872,windows,0,400,325,8,0,0,0,0,0,0,4,4,0
155.582,1,9711616,windows,0,400,325,8,0,0,0,0,0,0,4,4,0
155.629,0,9567232,windows,0,400,325,8,0,0,0,0,0,0,4,4,0
155.843,1,9730048,windows,0,400,325,8,0,0,0,0,0,0,4,4,0
155.888,0,9582592,windows,0,400,325,8,0,0,0,0,0,0,4,4,0
156.094,1,9747456,windows,0,400,325,8,0,0,0,0,0,0,4,4,0
156.148,0,9597952,windows,0,400,325,8,0,0,0,0,0,0,4,4,0
156.351,1,9764864,repair,0,400,325,8,0,0,0,0,0,0,4,4,0
156.399,0,9612288,windows,0,400,325,8,0,0,0,0,0,0,4,4,0
156.61,1,9783296,windows,0,400,325,8,0,0,0,0,0,0,4,4,0
156.669,0,9627648,windows,0,400,325,8,0,0,0,0,0,0,4,4,0
156.868,1,9799680,windows,0,400,325,8,0,0,0,0,0,0,4,4,0
156.921,0,9644032,windows,0,400,325,8,0,0,0,0,0,0,4,4,0
157.129,1,9814016,windows,0,400,325,8,0,0,0,0,0,0,4,4,0
157.178,0,9662464,windows,0,400,325,8,0,0,0,0,0,0,4,4,0
157.383,1,9828352,windows,0,400,325,8,0,0,0,0,0,0,4,4,0
157.438,0,9680896,windows,0,400,325,8,0,0,0,0,0,0,4,4,0
157.64,1,9842688,windows,0,400,325,8,0,0,0,0,0,0,4,4,0
157.704,0,9698304,windows,0,400,325,8,0,0,0,0,0,0,4,4,0
157.902,1,9860096,windows,0,400,325,8,0,0,0,0,0,0,4,4,0
157.968,0,9714688,windows,0,400,325,8,0,0,0,0,0,0,4,4,0
158.163,1,9878528,windows,0,400,325,8,0,0,0,0,0,0,4,4,0
158.228,0,9731072,windows,0,400,325,8,0,0,0,0,0,0,4,4,0
158.423,1,9895936,windows,0,400,325,8,0,0,0,0,0,0,4,4,0
158.488,0,9747456,windows,0,400,325,8,0,0,0,0,0,0,4,4,0
158.688,1,9916416,windows,0,400,325,8,0,0,0,0,0,0,4,4,0
158.74,0,9762816,windows,0,400,325,8,0,0,0,0,0,0,4,4,0
158.942,1,9934848,windows,0,400,325,8,0,0,0,0,0,0,4,4,0
159.004,0,9779200,windows,0,400,325,8,0,0,0,0,0,0,4,4,0
159.201,1,9953280,windows,0,400,325,8,0,0,0,0,0,0,4,4,0
159.266,0,9795584,windows,0,400,325,8,0,0,0,0,0,0,4,4,0
159.461,1,9970688,windows,0,400,325,8,0,0,0,0,0,0,4,4,0
159.519,0,9810944,windows,0,400,325,8,0,0,0,0,0,0,4,4,0
159.718,1,9989120,windows,0,400,325,8,0,0,0,0,0,0,4,4,0
159.773,0,9827328,windows,0,400,325,8,0,0,0,0,0,0,4,4,0
159.97,1,10008576,windows,0,400,325,8,0,0,0,0,0,0,4,4,0
160.031,0,9843712,windows,0,400,325,8,0,0,0,0,0,0,4,4,0
160.225,1,10028032,windows,0,400,325,8,0,0,0,0,0,0,4,4,0
160.288,0,9859072,repair,0,400,325,8,0,0,0,0,0,0,4,4,0
160.486,1,10051584,windows,0,400,325,8,0,0,0,0,0,0,4,4,0
160.547,0,9874432,windows,0,400,325,8,0,0,0,0,0,0,4,4,0
160.744,1,10074112,windows,0,400,325,8,0,0,0,0,0,0,4,4,0
160.808,0,9888768,windows,0,400,325,8,0,0,0,0,0,0,4,4,0
161.002,1,10096640,windows,0,400,325,8,0,0,0,0,0,0,4,4,0
161.072,0,9904128,windows,0,400,325,8,0,0,0,0,0,0,4,4,0
161.255,1,10117120,windows,0,400,325,8,0,0,0,0,0,0,4,4,0
161.324,0,9918464,windows,0,400,325,8,0,0,0,0,0,0,4,4,0
161.507,1,10136576,windows,0,400,325,8,0,0,0,0,0,0,4,4,0
161.58,0,9933824,windows,0,400,325,8,0,0,0,0,0,0,4,4,0
161.76,1,10156032,repair,0,400,325,8,0,0,0,0,0,0,4,4,0
161.846,0,9949184,windows,0,400,325,8,0,0,0,0,0,0,4,4,0
162.022,1,10177536,repair,0,400,325,8,0,0,0,0,0,0,4,4,0
162.11,0,9963520,windows,0,400,325,8,0,0,0,0,0,0,4,4,0
162.278,1,10194944,windows,0,400,325,8,0,0,0,0,0,0,4,4,0
162.363,0,9976832,windows,0,400,325,8,0,0,0,0,0,0,4,4,0
162.535,1,10211328,windows,0,400,325,8,0,0,0,0,0,0,4,4,0
162.62,0,9990144,windows,0,400,325,8,0,0,0,0,0,0,4,4,0
162.791,1,10227712,windows,0,400,325,8,0,0,0,0,0,0,4,4,0
162.875,0,10003456,windows,0,400,325,8,0,0,0,0,0,0,4,4,0
163.045,1,10244096,windows,0,400,325,8,0,0,0,0,0,0,4,4,0
163.133,0,10017792,windows,0,400,325,8,0,0,0,0,0,0,4,4,0
163.305,1,10259456,windows,0,400,325,8,0,0,0,0,0,0,4,4,0
163.394,0,10031104,windows,0,400,325,8,0,0,0,0,0,0,4,4,0
163.561,1,10274816,windows,0,400,325,8,0,0,0,0,0,0,4,4,0
163.648,0,10044416,windows,0,400,325,8,0,0,0,0,0,0,4,4,0
163.817,1,10290176,windows,0,400,325,8,0,0,0,0,0,0,4,4,0
163.909,0,10058752,windows,0,400,325,8,0,0,0,0,0,0,4,4,0
164.086,1,10306560,windows,0,400,325,8,0,0,0,0,0,0,4,4,0
164.165,0,10072064,windows,0,400,325,8,0,0,0,0,0,0,4,4,0
164.337,1,10321920,windows,0,400,325,8,0,0,0,0,0,0,4,4,0
164.419,0,10085376,windows,0,400,325,8,0,0,0,0,0,0,4,4,0
164.591,1,10338304,windows,0,400,325,8,0,0,0,0,0,0,4,4,0
164.671,0,10099712,windows,0,400,325,8,0,0,0,0,0,0,4,4,0
164.85,1,10353664,windows,0,400,325,8,0,0,0,0,0,0,4,4,0
164.927,0,10113024,windows,0,400,325,8,0,0,0,0,0,0,4,4,0
165.108,1,10369024,windows,0,400,325,8,0,0,0,0,0,0,4,4,0
165.181,0,10127360,windows,0,400,325,8,0,0,0,0,0,0,4,4,0
165.368,1,10385408,windows,0,400,325,8,0,0,0,0,0,0,4,4,0
165.439,0,10141696,windows,0,400,325,8,0,0,0,0,0,0,4,4,0
165.625,1,10402816,windows,0,400,325,8,0,0,0,0,0,0,4,4,0
165.7,0,10156032,windows,0,400,325,8,0,0,0,0,0,0,4,4,0
165.892,1,10417152,windows,0,400,325,8,0,0,0,0,0,0,4,4,0
165.959,0,10168320,repair,0,400,325,8,0,0,0,0,0,0,4,4,0
166.159,1,10431488,windows,0,400,325,8,0,0,0,0,0,0,4,4,0
166.213,0,10182656,repair,0,400,325,8,0,0,0,0,0,0,4,4,0
166.422,1,10445824,windows,0,400,325,8,0,0,0,0,0,0,4,4,0
166.464,0,10198016,repair,0,400,325,8,0,0,0,0,0,0,4,4,0
166.691,1,10460160,windows,0,400,325,8,0,0,0,0,0,0,4,4,0
166.725,0,10213376,windows,0,400,325,8,0,0,0,0,0,0,4,4,0
166.942,1,10474496,windows,0,400,325,8,0,0,0,0,0,0,4,4,0
166.977,0,10227712,windows,0,400,325,8,0,0,0,0,0,0,4,4,0
167.202,1,10489856,windows,0,400,325,8,0,0,0,0,0,0,4,4,0
167.24,0,10242048,windows,0,400,325,8,0,0,0,0,0,0,4,4,0
167.463,1,10504192,windows,0,400,325,8,0,0,0,0,0,0,4,4,0
167.504,0,10256384,windows,0,400,325,8,0,0,0,0,0,0,4,4,0
167.715,1,10519552,windows,0,400,325,8,0,0,0,0,0,0,4,4,0
167.769,0,10270720,windows,0,400,325,8,0,0,0,0,0,0,4,4,0
167.977,1,10534912,windows,0,400,325,8,0,0,0,0,0,0,4,4,0
168.029,0,10285056,windows,0,400,325,8,0,0,0,0,0,0,4,4,0
168.24,1,10550272,windows,0,400,325,8,0,0,0,0,0,0,4,4,0
168.284,0,10299392,windows,0,400,325,8,0,0,0,0,0,0,4,4,0
168.493,1,10566656,windows,0,400,325,8,0,0,0,0,0,0,4,4,0
168.547,0,10314752,windows,0,400,325,8,0,0,0,0,0,0,4,4,0
168.756,1,10583040,windows,0,400,325,8,0,0,0,0,0,0,4,4,0
168.805,0,10329088,windows,0,400,325,8,0,0,0,0,0,0,4,4,0
169.013,1,10598400,windows,0,400,325,8,0,0,0,0,0,0,4,4,0
169.066,0,10343424,windows,0,400,325,8,0,0,0,0,0,0,4,4,0
169.27,1,10613760,windows,0,400,325,8,0,0,0,0,0,0,4,4,0
169.324,0,10356736,windows,0,400,325,8,0,0,0,0,0,0,4,4,0
169.53,1,10630144,windows,0,400,325,8,0,0,0,0,0,0,4,4,0
169.578,0,10372096,windows,0,400,325,8,0,0,0,0,0,0,4,4,0
169.782,1,10645504,repair,0,400,325,8,0,0,0,0,0,0,4,4,0
169.836,0,10389504,windows,0,400,325,8,0,0,0,0,0,0,4,4,0
170.054,1,10659840,repair,0,400,325,8,0,0,0,0,0,0,4,4,0
170.088,0,10406912,windows,0,400,325,8,0,0,0,0,0,0,4,4,0
170.306,1,10673152,windows,0,400,325,8,0,0,0,0,0,0,4,4,0
170.339,0,10422272,windows,0,400,325,8,0,0,0,0,0,0,4,4,0
170.56,1,10687488,windows,0,400,325,8,0,0,0,0,0,0,4,4,0
170.59,0,10436608,windows,0,400,325,8,0,0,0,0,0,0,4,4,0
170.824,1,10701824,windows,0,400,325,8,0,0,0,0,0,0,4,4,0
170.849,0,10451968,windows,0,400,325,8,0,0,0,0,0,0,4,4,0
171.092,1,10716160,windows,0,400,325,8,0,0,0,0,0,0,4,4,0
171.108,0,10467328,windows,0,400,325,8,0,0,0,0,0,0,4,4,0
171.356,1,10730496,windows,0,400,325,8,0,0,0,0,0,0,4,4,0
171.362,0,10482688,windows,0,400,325,8,0,0,0,0,0,0,4,4,0
171.625,1,10744832,windows,0,400,325,8,0,0,0,0,0,0,4,4,0
171.636,0,10498048,windows,0,400,325,8,0,0,0,0,0,0,4,4,0
171.886,1,10759168,windows,0,400,325,8,0,0,0,0,0,0,4,4,0
171.887,0,10513408,windows,0,400,325,8,0,0,0,0,0,0,4,4,0
172.142,1,10773504,windows,0,400,325,8,0,0,0,0,0,0,4,4,0
172.142,0,10527744,windows,0,400,325,8,0,0,0,0,0,0,4,4,0
172.394,0,10543104,windows,0,400,325,8,0,0,0,0,0,0,4,4,0
172.412,1,10787840,windows,0,400,325,8,0,0,0,0,0,0,4,4,0
172.652,0,10557440,windows,0,400,325,8,0,0,0,0,0,0,4,4,0
172.681,1,10802176,windows,0,400,325,8,0,0,0,0,0,0,4,4,0
172.919,0,10572800,windows,0,400,325,8,0,0,0,0,0,0,4,4,0
172.942,1,10816512,windows,0,400,325,8,0,0,0,0,0,0,4,4,0
173.185,0,10587136,repair,0,400,325,8,0,0,0,0,0,0,4,4,0
173.192,1,10829824,windows,0,400,325,8,0,0,0,0,0,0,4,4,0
173.447,1,10843136,repair,0,400,325,8,0,0,0,0,0,0,4,4,0
173.448,0,10602496,repair,0,400,325,8,0,0,0,0,0,0,4,4,0
173.705,1,10857472,repair,0,400,325,8,0,0,0,0,0,0,4,4,0
173.711,0,10617856,repair,0,400,325,8,0,0,0,0,0,0,4,4,0
173.955,1,10871808,windows,0,400,325,8,0,0,0,0,0,0,4,4,0
173.964,0,10633216,windows,0,400,325,8,0,0,0,0,0,0,4,4,0
174.224,1,10886144,windows,0,400,325,8,0,0,0,0,0,0,4,4,0
174.228,0,10647552,windows,0,400,325,8,0,0,0,0,0,0,4,4,0
174.478,1,10900480,windows,0,400,325,8,0,0,0,0,0,0,4,4,0
174.487,0,10661888,windows,0,400,325,8,0,0,0,0,0,0,4,4,0
174.74,0,10676224,windows,0,400,325,8,0,0,0,0,0,0,4,4,0
174.741,1,10911744,windows,0,400,325,8,0,0,0,0,0,0,4,4,0
174.995,0,10690560,windows,0,400,325,8,0,0,0,0,0,0,4,4,0
174.998,1,10926080,windows,0,400,325,8,0,0,0,0,0,0,4,4,0
175.249,0,10704896,windows,0,400,325,8,0,0,0,0,0,0,4,4,0
175.255,1,10940416,windows,0,400,325,8,0,0,0,0,0,0,4,4,0
175.512,1,10954752,windows,0,400,325,8,0,0,0,0,0,0,4,4,0
175.513,0,10719232,windows,0,400,325,8,0,0,0,0,0,0,4,4,0
175.763,0,10733568,windows,0,400,325,8,0,0,0,0,0,0,4,4,0
175.774,1,10969088,windows,0,400,325,8,0,0,0,0,0,0,4,4,0
176.015,0,10747904,windows,0,400,325,8,0,0,0,0,0,0,4,4,0
176.026,1,10983424,windows,0,400,325,8,0,0,0,0,0,0,4,4,0
176.272,0,10762240,windows,0,400,325,8,0,0,0,0,0,0,4,4,0
176.292,1,10997760,windows,0,400,325,8,0,0,0,0,0,0,4,4,0
176.535,0,10776576,windows,0,400,325,8,0,0,0,0,0,0,4,4,0
176.557,1,11012096,windows,0,400,325,8,0,0,0,0,0,0,4,4,0
176.794,0,10789888,windows,0,400,325,8,0,0,0,0,0,0,4,4,0
176.813,1,11025408,windows,0,400,325,8,0,0,0,0,0,0,4,4,0
177.053,0,10804224,windows,0,400,325,8,0,0,0,0,0,0,4,4,0
177.077,1,11039744,windows,0,400,325,8,0,0,0,0,0,0,4,4,0
177.308,0,10818560,windows,0,400,325,8,0,0,0,0,0,0,4,4,0
177.329,1,11053056,windows,0,400,325,8,0,0,0,0,0,0,4,4,0
177.564,0,10832896,windows,0,400,325,8,0,0,0,0,0,0,4,4,0
177.591,1,11067392,windows,0,400,325,8,0,0,0,0,0,0,4,4,0
177.819,0,10846208,windows,0,400,325,8,0,0,0,0,0,0,4,4,0
177.845,1,11080704,windows,0,400,325,8,0,0,0,0,0,0,4,4,0
178.07,0,10860544,windows,0,400,325,8,0,0,0,0,0,0,4,4,0
178.11,1,11096064,windows,0,400,325,8,0,0,0,0,0,0,4,4,0
178.331,0,10874880,windows,0,400,325,8,0,0,0,0,0,0,4,4,0
178.363,1,11109376,windows,0,400,325,8,0,0,0,0,0,0,4,4,0
178.594,0,10889216,windows,0,400,325,8,0,0,0,0,0,0,4,4,0
178.621,1,11122688,windows,0,400,325,8,0,0,0,0,0,0,4,4,0
178.851,0,10902528,windows,0,400,325,8,0,0,0,0,0,0,4,4,0
178.882,1,11136000,windows,0,400,325,8,0,0,0,0,0,0,4,4,0
179.118,0,10916864,windows,0,400,325,8,0,0,0,0,0,0,4,4,0
179.145,1,11150336,windows,0,400,325,8,0,0,0,0,0,0,4,4,0
179.369,0,10930176,windows,0,400,325,8,0,0,0,0,0,0,4,4,0
179.399,1,11163648,windows,0,400,325,8,0,0,0,0,0,0,4,4,0
179.624,0,10944512,windows,0,400,325,8,0,0,0,0,0,0,4,4,0
179.655,1,11175936,windows,0,400,325,8,0,0,0,0,0,0,4,4,0
179.881,0,10958848,windows,0,400,325,8,0,0,0,0,0,0,4,4,0
179.91,1,11189248,repair,0,400,325,8,0,0,0,0,0,0,4,4,0
180.153,0,10973184,repair,0,400,325,8,0,0,0,0,0,0,4,4,0
180.175,1,11203584,repair,0,400,325,8,0,0,0,0,0,0,4,4,0
180.404,0,10988544,windows,0,400,325,8,0,0,0,0,0,0,4,4,0
180.436,1,11216896,windows,0,400,325,8,0,0,0,0,0,0,4,4,0
180.66,0,11003904,windows,0,400,325,8,0,0,0,0,0,0,4,4,0
180.689,1,11229184,windows,0,400,325,8,0,0,0,0,0,0,4,4,0
180.918,0,11019264,windows,0,400,325,8,0,0,0,0,0,0,4,4,0
180.953,1,11241472,windows,0,400,325,8,0,0,0,0,0,0,4,4,0
181.168,0,11033600,windows,0,400,325,8,0,0,0,0,0,0,4,4,0
181.219,1,11254784,windows,0,400,325,8,0,0,0,0,0,0,4,4,0
181.427,0,11048960,windows,0,400,325,8,0,0,0,0,0,0,4,4,0
181.481,1,11268096,windows,0,400,325,8,0,0,0,0,0,0,4,4,0
181.683,0,11063296,windows,0,400,325,8,0,0,0,0,0,0,4,4,0
181.751,1,11280384,windows,0,400,325,8,0,0,0,0,0,0,4,4,0
181.948,0,11078656,windows,0,400,325,8,0,0,0,0,0,0,4,4,0
182.018,1,11293696,windows,0,400,325,8,0,0,0,0,0,0,4,4,0
182.205,0,11092992,windows,0,400,325,8,0,0,0,0,0,0,4,4,0
182.27,1,11305984,windows,0,400,325,8,0,0,0,0,0,0,4,4,0
182.457,0,11106304,windows,0,400,325,8,0,0,0,0,0,0,4,4,0
182.535,1,11319296,windows,0,400,325,8,0,0,0,0,0,0,4,4,0
182.728,0,11120640,windows,0,400,325,8,0,0,0,0,0,0,4,4,0
182.8,1,11332608,windows,0,400,325,8,0,0,0,0,0,0,4,4,0
182.992,0,11134976,windows,0,400,325,8,0,0,0,0,0,0,4,4,0
183.059,1,11345920,windows,0,400,325,8,0,0,0,0,0,0,4,4,0
183.248,0,11148288,repair,0,400,325,8,0,0,0,0,0,0,4,4,0
183.316,1,11359232,windows,0,400,325,8,0,0,0,0,0,0,4,4,0
183.5,0,11162624,repair,0,400,325,8,0,0,0,0,0,0,4,4,0
183.575,1,11373568,windows,0,400,325,8,0,0,0,0,0,0,4,4,0
183.762,0,11177984,repair,0,400,325,8,0,0,0,0,0,0,4,4,0
183.834,1,11387904,windows,0,400,325,8,0,0,0,0,0,0,4,4,0
184.018,0,11193344,repair,0,400,325,8,0,0,0,0,0,0,4,4,0
184.086,1,11401216,windows,0,400,325,8,0,0,0,0,0,0,4,4,0
184.268,0,11206656,windows,0,400,325,8,0,0,0,0,0,0,4,4,0
184.351,1,11415552,windows,0,400,325,8,0,0,0,0,0,0,4,4,0
184.526,0,11219968,windows,0,400,325,8,0,0,0,0,0,0,4,4,0
184.608,1,11429888,windows,0,400,325,8,0,0,0,0,0,0,4,4,0
184.777,0,11233280,windows,0,400,325,8,0,0,0,0,0,0,4,4,0
184.859,1,11443200,windows,0,400,325,8,0,0,0,0,0,0,4,4,0
185.042,0,11247616,windows,0,400,325,8,0,0,0,0,0,0,4,4,0
185.122,1,11457536,windows,0,400,325,8,0,0,0,0,0,0,4,4,0
185.292,0,11260928,windows,0,400,325,8,0,0,0,0,0,0,4,4,0
185.373,1,11471872,windows,0,400,325,8,0,0,0,0,0,0,4,4,0
185.552,0,11275264,windows,0,400,325,8,0,0,0,0,0,0,4,4,0
185.638,1,11487232,windows,0,400,325,8,0,0,0,0,0,0,4,4,0
185.817,0,11289600,windows,0,400,325,8,0,0,0,0,0,0,4,4,0
185.89,1,11501568,windows,0,400,325,8,0,0,0,0,0,0,4,4,0
186.078,0,11303936,windows,0,400,325,8,0,0,0,0,0,0,4,4,0
186.15,1,11515904,windows,0,400,325,8,0,0,0,0,0,0,4,4,0
186.341,0,11317248,windows,0,400,325,8,0,0,0,0,0,0,4,4,0
186.41,1,11530240,windows,0,400,325,8,0,0,0,0,0,0,4,4,0
186.604,0,11330560,windows,0,400,325,8,0,0,0,0,0,0,4,4,0
186.674,1,11544576,windows,0,400,325,8,0,0,0,0,0,0,4,4,0
186.855,0,11343872,windows,0,400,325,8,0,0,0,0,0,0,4,4,0
186.933,1,11558912,windows,0,400,325,8,0,0,0,0,0,0,4,4,0
187.119,0,11359232,windows,0,400,325,8,0,0,0,0,0,0,4,4,0
187.185,1,11573248,windows,0,400,325,8,0,0,0,0,0,0,4,4,0
187.375,0,11374592,windows,0,400,325,8,0,0,0,0,0,0,4,4,0
187.449,1,11588608,windows,0,400,325,8,0,0,0,0,0,0,4,4,0
187.625,0,11387904,windows,0,400,325,8,0,0,0,0,0,0,4,4,0
187.701,1,11602944,windows,0,400,325,8,0,0,0,0,0,0,4,4,0
187.883,0,11402240,windows,0,400,325,8,0,0,0,0,0,0,4,4,0
187.956,1,11617280,repair,0,400,325,8,0,0,0,0,0,0,4,4,0
188.143,0,11417600,windows,0,400,325,8,0,0,0,0,0,0,4,4,0
188.216,1,11632640,repair,0,400,325,8,0,0,0,0,0,0,4,4,0
188.4,0,11432960,windows,0,400,325,8,0,0,0,0,0,0,4,4,0
188.468,1,11649024,repair,0,400,325,8,0,0,0,0,0,0,4,4,0
188.662,0,11448320,windows,0,400,325,8,0,0,0,0,0,0,4,4,0
188.726,1,11666432,repair,0,400,325,8,0,0,0,0,0,0,4,4,0
188.918,0,11462656,windows,0,400,325,8,0,0,0,0,0,0,4,4,0
188.983,1,11681792,windows,0,400,325,8,0,0,0,0,0,0,4,4,0
189.181,0,11476992,windows,0,400,325,8,0,0,0,0,0,0,4,4,0
189.248,1,11697152,windows,0,400,325,8,0,0,0,0,0,0,4,4,0
189.445,0,11492352,windows,0,400,325,8,0,0,0,0,0,0,4,4,0
189.515,1,11711488,windows,0,400,325,8,0,0,0,0,0,0,4,4,0
189.708,0,11507712,windows,0,400,325,8,0,0,0,0,0,0,4,4,0
189.785,1,11725824,windows,0,400,325,8,0,0,0,0,0,0,4,4,0
189.96,0,11522048,windows,0,400,325,8,0,0,0,0,0,0,4,4,0
190.047,1,11739136,windows,0,400,325,8,0,0,0,0,0,0,4,4,0
190.227,0,11536384,repair,0,400,325,8,0,0,0,0,0,0,4,4,0
190.3,1,11752448,windows,0,400,325,8,0,0,0,0,0,0,4,4,0
190.488,0,11552768,repair,0,400,325,8,0,0,0,0,0,0,4,4,0
190.55,1,11765760,windows,0,400,325,8,0,0,0,0,0,0,4,4,0
190.739,0,11568128,repair,0,400,325,8,0,0,0,0,0,0,4,4,0
190.815,1,11781120,windows,0,400,325,8,0,0,0,0,0,0,4,4,0
191.005,0,11584512,repair,0,400,325,8,0,0,0,0,0,0,4,4,0
191.073,1,11798528,windows,0,400,325,8,0,0,0,0,0,0,4,4,0
191.258,0,11598848,windows,0,400,325,8,0,0,0,0,0,0,4,4,0
191.326,1,11814912,windows,0,400,325,8,0,0,0,0,0,0,4,4,0
191.519,0,11613184,windows,0,400,325,8,0,0,0,0,0,0,4,4,0
191.587,1,11833344,windows,0,400,325,8,0,0,0,0,0,0,4,4,0
191.771,0,11626496,windows,0,400,325,8,0,0,0,0,0,0,4,4,0
191.844,1,11849728,windows,0,400,325,8,0,0,0,0,0,0,4,4,0
192.038,0,11640832,windows,0,400,325,8,0,0,0,0,0,0,4,4,0
192.108,1,11868160,windows,0,400,325,8,0,0,0,0,0,0,4,4,0
192.301,0,11655168,windows,0,400,325,8,0,0,0,0,0,0,4,4,0
192.364,1,11884544,windows,0,400,325,8,0,0,0,0,0,0,4,4,0
192.562,0,11669504,windows,0,400,325,8,0,0,0,0,0,0,4,4,0
192.616,1,11901952,windows,0,400,325,8,0,0,0,0,0,0,4,4,0
192.826,0,11683840,windows,0,400,325,8,0,0,0,0,0,0,4,4,0
192.873,1,11918336,windows,0,400,325,8,0,0,0,0,0,0,4,4,0
193.094,0,11698176,windows,0,400,325,8,0,0,0,0,0,0,4,4,0
193.131,1,11932672,windows,0,400,325,8,0,0,0,0,0,0,4,4,0
193.356,0,11712512,windows,0,400,325,8,0,0,0,0,0,0,4,4,0
193.394,1,11947008,windows,0,400,325,8,0,0,0,0,0,0,4,4,0
193.621,0,11726848,windows,0,400,325,8,0,0,0,0,0,0,4,4,0
193.646,1,11961344,windows,0,400,325,8,0,0,0,0,0,0,4,4,0
193.873,0,11741184,windows,0,400,325,8,0,0,0,0,0,0,4,4,0
193.913,1,11976704,windows,0,400,325,8,0,0,0,0,0,0,4,4,0
194.126,0,11754496,windows,0,400,325,8,0,0,0,0,0,0,4,4,0
194.181,1,11991040,windows,0,400,325,8,0,0,0,0,0,0,4,4,0
194.379,0,11767808,windows,0,400,325,8,0,0,0,0,0,0,4,4,0
194.444,1,12005376,windows,0,400,325,8,0,0,0,0,0,0,4,4,0
194.637,0,11781120,windows,0,400,325,8,0,0,0,0,0,0,4,4,0
194.711,1,12020736,windows,0,400,325,8,0,0,0,0,0,0,4,4,0
194.904,0,11795456,windows,0,400,325,8,0,0,0,0,0,0,4,4,0
194.978,1,12036096,windows,0,400,325,8,0,0,0,0,0,0,4,4,0
195.16,0,11808768,windows,0,400,325,8,0,0,0,0,0,0,4,4,0
195.239,1,12051456,windows,0,400,325,8,0,0,0,0,0,0,4,4,0
195.423,0,11823104,windows,0,400,325,8,0,0,0,0,0,0,4,4,0
195.489,1,12064768,windows,0,400,325,8,0,0,0,0,0,0,4,4,0
195.674,0,11836416,windows,0,400,325,8,0,0,0,0,0,0,4,4,0
195.747,1,12079104,repair,0,400,325,8,0,0,0,0,0,0,4,4,0
195.926,0,11850752,windows,0,400,325,8,0,0,0,0,0,0,4,4,0
195.999,1,12093440,windows,0,400,325,8,0,0,0,0,0,0,4,4,0
196.176,0,11864064,windows,0,400,325,8,0,0,0,0,0,0,4,4,0
196.265,1,12108800,windows,0,400,325,8,0,0,0,0,0,0,4,4,0
196.433,0,11877376,windows,0,400,325,8,0,0,0,0,0,0,4,4,0
196.524,1,12124160,windows,0,400,325,8,0,0,0,0,0,0,4,4,0
196.686,0,11891712,windows,0,400,325,8,0,0,0,0,0,0,4,4,0
196.787,1,12138496,windows,0,400,325,8,0,0,0,0,0,0,4,4,0
196.936,0,11907072,windows,0,400,325,8,0,0,0,0,0,0,4,4,0
197.04,1,12154880,windows,0,400,325,8,0,0,0,0,0,0,4,4,0
197.193,0,11922432,windows,0,400,325,8,0,0,0,0,0,0,4,4,0
197.3,1,12171264,windows,0,400,325,8,0,0,0,0,0,0,4,4,0
197.458,0,11937792,windows,0,400,325,8,0,0,0,0,0,0,4,4,0
197.566,1,12187648,windows,0,400,325,8,0,0,0,0,0,0,4,4,0
197.717,0,11951104,windows,0,400,325,8,0,0,0,0,0,0,4,4,0
197.821,1,12203008,windows,0,400,325,8,0,0,0,0,0,0,4,4,0
197.977,0,11965440,windows,0,400,325,8,0,0,0,0,0,0,4,4,0
198.087,1,12220416,windows,0,400,325,8,0,0,0,0,0,0,4,4,0
198.227,0,11978752,repair,0,400,325,8,0,0,0,0,0,0,4,4,0
198.337,1,12236800,windows,0,400,325,8,0,0,0,0,0,0,4,4,0
198.492,0,11994112,repair,0,400,325,8,0,0,0,0,0,0,4,4,0
198.589,1,12254208,windows,0,400,325,8,0,0,0,0,0,0,4,4,0
198.753,0,12008448,windows,0,400,325,8,0,0,0,0,0,0,4,4,0
198.852,1,12271616,windows,0,400,325,8,0,0,0,0,0,0,4,4,0
199.01,0,12022784,windows,0,400,325,8,0,0,0,0,0,0,4,4,0
199.107,1,12288000,windows,0,400,325,8,0,0,0,0,0,0,4,4,0
199.279,0,12037120,windows,0,400,325,8,0,0,0,0,0,0,4,4,0
199.36,1,12303360,windows,0,400,325,8,0,0,0,0,0,0,4,4,0
199.549,0,12051456,windows,0,400,325,8,0,0,0,0,0,0,4,4,0
199.622,1,12319744,windows,0,400,325,8,0,0,0,0,0,0,4,4,0
199.805,0,12065792,windows,0,400,325,8,0,0,0,0,0,0,4,4,0
199.878,1,12335104,windows,0,400,325,8,0,0,0,0,0,0,4,4,0
200.072,0,12080128,windows,0,400,325,8,0,0,0,0,0,0,4,4,0
200.14,1,12350464,windows,0,400,325,8,0,0,0,0,0,0,4,4,0
200.33,0,12092416,windows,0,400,325,8,0,0,0,0,0,0,4,4,0
200.39,1,12365824,windows,0,400,325,8,0,0,0,0,0,0,4,4,0
200.592,0,12105728,windows,0,400,325,8,0,0,0,0,0,0,4,4,0
200.641,1,12381184,windows,0,400,325,8,0,0,0,0,0,0,4,4,0
200.849,0,12119040,windows,0,400,325,8,0,0,0,0,0,0,4,4,0
200.899,1,12397568,windows,0,400,325,8,0,0,0,0,0,0,4,4,0
201.101,0,12132352,windows,0,400,325,8,0,0,0,0,0,0,4,4,0
201.165,1,12416000,windows,0,400,325,8,0,0,0,0,0,0,4,4,0
201.356,0,12145664,windows,0,400,325,8,0,0,0,0,0,0,4,4,0
201.431,1,12433408,windows,0,400,325,8,0,0,0,0,0,0,4,4,0
201.61,0,12158976,windows,0,400,325,8,0,0,0,0,0,0,4,4,0
201.691,1,12449792,windows,0,400,325,8,0,0,0,0,0,0,4,4,0
201.869,0,12172288,windows,0,400,325,8,0,0,0,0,0,0,4,4,0
201.956,1,12465152,repair,0,400,325,8,0,0,0,0,0,0,4,4,0
202.138,0,12185600,windows,0,400,325,8,0,0,0,0,0,0,4,4,0
202.213,1,12480512,repair,0,400,325,8,0,0,0,0,0,0,4,4,0
202.407,0,12198912,windows,0,400,325,8,0,0,0,0,0,0,4,4,0
202.477,1,12495872,repair,0,400,325,8,0,0,0,0,0,0,4,4,0
202.671,0,12213248,windows,0,400,325,8,0,0,0,0,0,0,4,4,0
202.73,1,12512256,repair,0,400,325,8,0,0,0,0,0,0,4,4,0
202.93,0,12226560,repair,0,400,325,8,0,0,0,0,0,0,4,4,0
202.997,1,12527616,windows,0,400,325,8,0,0,0,0,0,0,4,4,0
203.185,0,12240896,windows,0,400,325,8,0,0,0,0,0,0,4,4,0
203.248,1,12541952,windows,0,400,325,8,0,0,0,0,0,0,4,4,0
203.444,0,12255232,windows,0,400,325,8,0,0,0,0,0,0,4,4,0
203.505,1,12556288,windows,0,400,325,8,0,0,0,0,0,0,4,4,0
203.701,0,12269568,windows,0,400,325,8,0,0,0,0,0,0,4,4,0
203.769,1,12571648,windows,0,400,325,8,0,0,0,0,0,0,4,4,0
203.952,0,12283904,windows,0,400,325,8,0,0,0,0,0,0,4,4,0
204.035,1,12587008,windows,0,400,325,8,0,0,0,0,0,0,4,4,0
204.209,0,12298240,windows,0,400,325,8,0,0,0,0,0,0,4,4,0
204.287,1,12601344,windows,0,400,325,8,0,0,0,0,0,0,4,4,0
204.475,0,12312576,windows,0,400,325,8,0,0,0,0,0,0,4,4,0
204.539,1,12615680,windows,0,400,325,8,0,0,0,0,0,0,4,4,0
204.743,0,12326912,windows,0,400,325,8,0,0,0,0,0,0,4,4,0
204.804,1,12631040,windows,0,400,325,8,0,0,0,0,0,0,4,4,0
205.004,0,12341248,windows,0,400,325,8,0,0,0,0,0,0,4,4,0
205.06,1,12645376,windows,0,400,325,8,0,0,0,0,0,0,4,4,0
205.265,0,12354560,windows,0,400,325,8,0,0,0,0,0,0,4,4,0
205.326,1,12660736,windows,0,400,325,8,0,0,0,0,0,0,4,4,0
205.527,0,12368896,windows,0,400,325,8,0,0,0,0,0,0,4,4,0
205.577,1,12675072,windows,0,400,325,8,0,0,0,0,0,0,4,4,0
205.78,0,12383232,windows,0,400,325,8,0,0,0,0,0,0,4,4,0
205.835,1,12689408,windows,0,400,325,8,0,0,0,0,0,0,4,4,0
206.038,0,12397568,windows,0,400,325,8,0,0,0,0,0,0,4,4,0
206.085,1,12703744,windows,0,400,325,8,0,0,0,0,0,0,4,4,0
206.29,0,12410880,windows,0,400,325,8,0,0,0,0,0,0,4,4,0
206.337,1,12718080,windows,0,400,325,8,0,0,0,0,0,0,4,4,0
206.548,0,12424192,windows,0,400,325,8,0,0,0,0,0,0,4,4,0
206.598,1,12732416,windows,0,400,325,8,0,0,0,0,0,0,4,4,0
206.8,0,12436480,windows,0,400,325,8,0,0,0,0,0,0,4,4,0
206.858,1,12746752,windows,0,400,325,8,0,0,0,0,0,0,4,4,0
207.053,0,12449792,windows,0,400,325,8,0,0,0,0,0,0,4,4,0
207.112,1,12762112,windows,0,400,325,8,0,0,0,0,0,0,4,4,0
207.321,0,12464128,windows,0,400,325,8,0,0,0,0,0,0,4,4,0
207.37,1,12777472,windows,0,400,325,8,0,0,0,0,0,0,4,4,0
207.576,0,12478464,windows,0,400,325,8,0,0,0,0,0,0,4,4,0
207.632,1,12792832,windows,0,400,325,8,0,0,0,0,0,0,4,4,0
207.832,0,12492800,windows,0,400,325,8,0,0,0,0,0,0,4,4,0
207.886,1,12808192,windows,0,400,325,8,0,0,0,0,0,0,4,4,0
208.082,0,12507136,windows,0,400,325,8,0,0,0,0,0,0,4,4,0
208.138,1,12824576,windows,0,400,325,8,0,0,0,0,0,0,4,4,0
208.343,0,12521472,repair,0,400,325,8,0,0,0,0,0,0,4,4,0
208.392,1,12840960,windows,0,400,325,8,0,0,0,0,0,0,4,4,0
208.595,0,12536832,repair,0,400,325,8,0,0,0,0,0,0,4,4,0
208.647,1,12857344,windows,0,400,325,8,0,0,0,0,0,0,4,4,0
208.848,0,12550144,windows,0,400,325,8,0,0,0,0,0,0,4,4,0
208.912,1,12874752,windows,0,400,325,8,0,0,0,0,0,0,4,4,0
209.115,0,12564480,windows,0,400,325,8,0,0,0,0,0,0,4,4,0
209.173,1,12892160,windows,0,400,325,8,0,0,0,0,0,0,4,4,0
209.381,0,12579840,windows,0,400,325,8,0,0,0,0,0,0,4,4,0
209.436,1,12909568,windows,0,400,325,8,0,0,0,0,0,0,4,4,0
209.65,0,12595200,windows,0,400,325,8,0,0,0,0,0,0,4,4,0
209.692,1,12928000,windows,0,400,325,8,0,0,0,0,0,0,4,4,0
209.914,0,12609536,windows,0,400,325,8,0,0,0,0,0,0,4,4,0
209.944,1,12946432,windows,0,400,325,8,0,0,0,0,0,0,4,4,0
210.172,0,12623872,windows,0,400,325,8,0,0,0,0,0,0,4,4,0
210.194,1,12963840,windows,0,400,325,8,0,0,0,0,0,0,4,4,0
210.428,0,12638208,windows,0,400,325,8,0,0,0,0,0,0,4,4,0
210.452,1,12980224,windows,0,400,325,8,0,0,0,0,0,0,4,4,0
210.68,0,12652544,windows,0,400,325,8,0,0,0,0,0,0,4,4,0
210.705,1,12996608,windows,0,400,325,8,0,0,0,0,0,0,4,4,0
210.944,0,12666880,windows,0,400,325,8,0,0,0,0,0,0,4,4,0
210.962,1,13010944,repair,0,400,325,8,0,0,0,0,0,0,4,4,0
211.204,0,12680192,windows,0,400,325,8,0,0,0,0,0,0,4,4,0
211.226,1,13026304,repair,0,400,325,8,0,0,0,0,0,0,4,4,0
211.464,0,12692480,windows,0,400,325,8,0,0,0,0,0,0,4,4,0
211.489,1,13041664,windows,0,400,325,8,0,0,0,0,0,0,4,4,0
211.718,0,12705792,windows,0,400,325,8,0,0,0,0,0,0,4,4,0
211.748,1,13058048,windows,0,400,325,8,0,0,0,0,0,0,4,4,0
211.978,0,12720128,windows,0,400,325,8,0,0,0,0,0,0,4,4,0
212.008,1,13076480,windows,0,400,325,8,0,0,0,0,0,0,4,4,0
212.239,0,12734464,windows,0,400,325,8,0,0,0,0,0,0,4,4,0
212.273,1,13094912,windows,0,400,325,8,0,0,0,0,0,0,4,4,0
212.489,0,12746752,windows,0,400,325,8,0,0,0,0,0,0,4,4,0
212.529,1,13110272,windows,0,400,325,8,0,0,0,0,0,0,4,4,0
212.752,0,12762112,windows,0,400,325,8,0,0,0,0,0,0,4,4,0
212.791,1,13124608,windows,0,400,325,8,0,0,0,0,0,0,4,4,0
213.004,0,12776448,windows,0,400,325,8,0,0,0,0,0,0,4,4,0
213.053,1,13138944,windows,0,400,325,8,0,0,0,0,0,0,4,4,0
213.262,0,12790784,windows,0,400,325,8,0,0,0,0,0,0,4,4,0
213.311,1,13152256,windows,0,400,325,8,0,0,0,0,0,0,4,4,0
213.513,0,12805120,windows,0,400,325,8,0,0,0,0,0,0,4,4,0
213.569,1,13166592,windows,0,400,325,8,0,0,0,0,0,0,4,4,0
213.772,0,12820480,windows,0,400,325,8,0,0,0,0,0,0,4,4,0
213.822,1,13180928,windows,0,400,325,8,0,0,0,0,0,0,4,4,0
214.032,0,12835840,windows,0,400,325,8,0,0,0,0,0,0,4,4,0
214.073,1,13195264,windows,0,400,325,8,0,0,0,0,0,0,4,4,0
214.289,0,12850176,windows,0,400,325,8,0,0,0,0,0,0,4,4,0
214.337,1,13209600,windows,0,400,325,8,0,0,0,0,0,0,4,4,0
214.549,0,12865536,repair,0,400,325,8,0,0,0,0,0,0,4,4,0
214.593,1,13223936,windows,0,400,325,8,0,0,0,0,0,0,4,4,0
214.813,0,12884992,windows,0,400,325,8,0,0,0,0,0,0,4,4,0
214.85,1,13238272,windows,0,400,325,8,0,0,0,0,0,0,4,4,0
215.069,0,12901376,windows,0,400,325,8,0,0,0,0,0,0,4,4,0
215.118,1,13252608,windows,0,400,325,8,0,0,0,0,0,0,4,4,0
215.331,0,12917760,windows,0,400,325,8,0,0,0,0,0,0,4,4,0
215.378,1,13266944,windows,0,400,325,8,0,0,0,0,0,0,4,4,0
215.584,0,12933120,windows,0,400,325,8,0,0,0,0,0,0,4,4,0
215.642,1,13282304,windows,0,400,325,8,0,0,0,0,0,0,4,4,0
215.838,0,12948480,windows,0,400,325,8,0,0,0,0,0,0,4,4,0
215.905,1,13297664,windows,0,400,325,8,0,0,0,0,0,0,4,4,0
216.089,0,12964864,windows,0,400,325,8,0,0,0,0,0,0,4,4,0
216.166,1,13313024,windows,0,400,325,8,0,0,0,0,0,0,4,4,0
216.35,0,12981248,windows,0,400,325,8,0,0,0,0,0,0,4,4,0
216.426,1,13328384,windows,0,400,325,8,0,0,0,0,0,0,4,4,0
216.607,0,12997632,windows,0,400,325,8,0,0,0,0,0,0,4,4,0
216.681,1,13343744,windows,0,400,325,8,0,0,0,0,0,0,4,4,0
216.871,0,13014016,windows,0,400,325,8,0,0,0,0,0,0,4,4,0
216.935,1,13359104,windows,0,400,325,8,0,0,0,0,0,0,4,4,0
217.122,0,13029376,windows,0,400,325,8,0,0,0,0,0,0,4,4,0
217.201,1,13374464,windows,0,400,325,8,0,0,0,0,0,0,4,4,0
217.379,0,13044736,windows,0,400,325,8,0,0,0,0,0,0,4,4,0
217.451,1,13388800,windows,0,400,325,8,0,0,0,0,0,0,4,4,0
217.634,0,13061120,windows,0,400,325,8,0,0,0,0,0,0,4,4,0
217.719,1,13404160,windows,0,400,325,8,0,0,0,0,0,0,4,4,0
217.896,0,13077504,windows,0,400,325,8,0,0,0,0,0,0,4,4,0
217.981,1,13420544,windows,0,400,325,8,0,0,0,0,0,0,4,4,0
218.152,0,13093888,windows,0,400,325,8,0,0,0,0,0,0,4,4,0
218.231,1,13435904,windows,0,400,325,8,0,0,0,0,0,0,4,4,0
218.407,0,13110272,windows,0,400,325,8,0,0,0,0,0,0,4,4,0
218.497,1,13452288,windows,0,400,325,8,0,0,0,0,0,0,4,4,0
218.667,0,13126656,windows,0,400,325,8,0,0,0,0,0,0,4,4,0
218.752,1,13465600,repair,0,400,325,8,0,0,0,0,0,0,4,4,0
218.927,0,13143040,windows,0,400,325,8,0,0,0,0,0,0,4,4,0
219.015,1,13480960,repair,0,400,325,8,0,0,0,0,0,0,4,4,0
219.181,0,13158400,windows,0,400,325,8,0,0,0,0,0,0,4,4,0
219.271,1,13496320,windows,0,400,325,8,0,0,0,0,0,0,4,4,0
219.436,0,13174784,windows,0,400,325,8,0,0,0,0,0,0,4,4,0
219.536,1,13511680,windows,0,400,325,8,0,0,0,0,0,0,4,4,0
219.694,0,13191168,windows,0,400,325,8,0,0,0,0,0,0,4,4,0
219.787,1,13526016,windows,0,400,325,8,0,0,0,0,0,0,4,4,0
219.956,0,13207552,windows,0,400,325,8,0,0,0,0,0,0,4,4,0
220.043,1,13541376,windows,0,400,325,8,0,0,0,0,0,0,4,4,0
220.21,0,13223936,windows,0,400,325,8,0,0,0,0,0,0,4,4,0
220.294,1,13554688,windows,0,400,325,8,0,0,0,0,0,0,4,4,0
220.467,0,13240320,repair,0,400,325,8,0,0,0,0,0,0,4,4,0
220.558,1,13570048,windows,0,400,325,8,0,0,0,0,0,0,4,4,0
220.733,0,13258752,repair,0,400,325,8,0,0,0,0,0,0,4,4,0
220.825,1,13584384,windows,0,400,325,8,0,0,0,0,0,0,4,4,0
220.988,0,13276160,repair,0,400,325,8,0,0,0,0,0,0,4,4,0
221.088,1,13598720,windows,0,400,325,8,0,0,0,0,0,0,4,4,0
221.254,0,13294592,windows,0,400,325,8,0,0,0,0,0,0,4,4,0
221.341,1,13613056,windows,0,400,325,8,0,0,0,0,0,0,4,4,0
221.504,0,13309952,windows,0,400,325,8,0,0,0,0,0,0,4,4,0
221.593,1,13627392,windows,0,400,325,8,0,0,0,0,0,0,4,4,0
221.767,0,13326336,windows,0,400,325,8,0,0,0,0,0,0,4,4,0
221.855,1,13641728,windows,0,400,325,8,0,0,0,0,0,0,4,4,0
222.019,0,13342720,windows,0,400,325,8,0,0,0,0,0,0,4,4,0
222.109,1,13656064,windows,0,400,325,8,0,0,0,0,0,0,4,4,0
222.279,0,13359104,windows,0,400,325,8,0,0,0,0,0,0,4,4,0
222.363,1,13670400,windows,0,400,325,8,0,0,0,0,0,0,4,4,0
222.542,0,13375488,windows,0,400,325,8,0,0,0,0,0,0,4,4,0
222.622,1,13684736,windows,0,400,325,8,0,0,0,0,0,0,4,4,0
222.8,0,13391872,windows,0,400,325,8,0,0,0,0,0,0,4,4,0
222.882,1,13700096,windows,0,400,325,8,0,0,0,0,0,0,4,4,0
223.051,0,13408256,windows,0,400,325,8,0,0,0,0,0,0,4,4,0
223.135,1,13714432,windows,0,400,325,8,0,0,0,0,0,0,4,4,0
223.309,0,13423616,windows,0,400,325,8,0,0,0,0,0,0,4,4,0
223.391,1,13728768,windows,0,400,325,8,0,0,0,0,0,0,4,4,0
223.572,0,13440000,windows,0,400,325,8,0,0,0,0,0,0,4,4,0
223.646,1,13743104,windows,0,400,325,8,0,0,0,0,0,0,4,4,0
223.826,0,13455360,windows,0,400,325,8,0,0,0,0,0,0,4,4,0
223.91,1,13758464,windows,0,400,325,8,0,0,0,0,0,0,4,4,0
224.088,0,13471744,windows,0,400,325,8,0,0,0,0,0,0,4,4,0
224.168,1,13772800,windows,0,400,325,8,0,0,0,0,0,0,4,4,0
224.346,0,13487104,windows,0,400,325,8,0,0,0,0,0,0,4,4,0
224.438,1,13788160,windows,0,400,325,8,0,0,0,0,0,0,4,4,0
224.604,0,13501440,windows,0,400,325,8,0,0,0,0,0,0,4,4,0
224.689,1,13803520,windows,0,400,325,8,0,0,0,0,0,0,4,4,0
224.858,0,13515776,windows,0,400,325,8,0,0,0,0,0,0,4,4,0
224.953,1,13820928,windows,0,400,325,8,0,0,0,0,0,0,4,4,0
225.118,0,13533184,windows,0,400,325,8,0,0,0,0,0,0,4,4,0
225.203,1,13837312,windows,0,400,325,8,0,0,0,0,0,0,4,4,0
225.383,0,13550592,windows,0,400,325,8,0,0,0,0,0,0,4,4,0
225.456,1,13853696,windows,0,400,325,8,0,0,0,0,0,0,4,4,0
225.64,0,13568000,windows,0,400,325,8,0,0,0,0,0,0,4,4,0
225.713,1,13872128,windows,0,400,325,8,0,0,0,0,0,0,4,4,0
225.9,0,13586432,windows,0,400,325,8,0,0,0,0,0,0,4,4,0
225.967,1,13889536,windows,0,400,325,8,0,0,0,0,0,0,4,4,0
226.16,0,13603840,windows,0,400,325,8,0,0,0,0,0,0,4,4,0
226.221,1,13907968,windows,0,400,325,8,0,0,0,0,0,0,4,4,0
226.42,0,13621248,windows,0,400,325,8,0,0,0,0,0,0,4,4,0
226.474,1,13925376,repair,0,400,325,8,0,0,0,0,0,0,4,4,0
226.678,0,13637632,windows,0,400,325,8,0,0,0,0,0,0,4,4,0
226.738,1,13943808,repair,0,400,325,8,0,0,0,0,0,0,4,4,0
226.939,0,13654016,windows,0,400,325,8,0,0,0,0,0,0,4,4,0
226.989,1,13960192,windows,0,400,325,8,0,0,0,0,0,0,4,4,0
227.204,0,13671424,windows,0,400,325,8,0,0,0,0,0,0,4,4,0
227.247,1,13977600,windows,0,400,325,8,0,0,0,0,0,0,4,4,0
227.46,0,13686784,repair,0,400,325,8,0,0,0,0,0,0,4,4,0
227.5,1,13993984,windows,0,400,325,8,0,0,0,0,0,0,4,4,0
227.718,0,13705216,repair,0,400,325,8,0,0,0,0,0,0,4,4,0
227.759,1,14011392,windows,0,400,325,8,0,0,0,0,0,0,4,4,0
227.977,0,13723648,windows,0,400,325,8,0,0,0,0,0,0,4,4,0
228.009,1,14028800,windows,0,400,325,8,0,0,0,0,0,0,4,4,0
228.231,0,13740032,windows,0,400,325,8,0,0,0,0,0,0,4,4,0
228.261,1,14045184,windows,0,400,325,8,0,0,0,0,0,0,4,4,0
228.492,0,13757440,windows,0,400,325,8,0,0,0,0,0,0,4,4,0
228.517,1,14061568,windows,0,400,325,8,0,0,0,0,0,0,4,4,0
228.754,0,13774848,windows,0,400,325,8,0,0,0,0,0,0,4,4,0
228.778,1,14078976,windows,0,400,325,8,0,0,0,0,0,0,4,4,0
229.02,0,13791232,windows,0,400,325,8,0,0,0,0,0,0,4,4,0
229.038,1,14094336,windows,0,400,325,8,0,0,0,0,0,0,4,4,0
229.282,0,13806592,windows,0,400,325,8,0,0,0,0,0,0,4,4,0
229.296,1,14109696,windows,0,400,325,8,0,0,0,0,0,0,4,4,0
229.536,0,13821952,windows,0,400,325,8,0,0,0,0,0,0,4,4,0
229.559,1,14126080,windows,0,400,325,8,0,0,0,0,0,0,4,4,0
229.793,0,13838336,windows,0,400,325,8,0,0,0,0,0,0,4,4,0
229.817,1,14143488,windows,0,400,325,8,0,0,0,0,0,0,4,4,0
230.045,0,13855744,windows,0,400,325,8,0,0,0,0,0,0,4,4,0
230.068,1,14160896,windows,0,400,325,8,0,0,0,0,0,0,4,4,0
230.304,0,13873152,windows,0,400,325,8,0,0,0,0,0,0,4,4,0
230.32,1,14178304,windows,0,400,325,8,0,0,0,0,0,0,4,4,0
230.558,0,13890560,windows,0,400,325,8,0,0,0,0,0,0,4,4,0
230.572,1,14195712,windows,0,400,325,8,0,0,0,0,0,0,4,4,0
230.817,0,13907968,windows,0,400,325,8,0,0,0,0,0,0,4,4,0
230.825,1,14213120,windows,0,400,325,8,0,0,0,0,0,0,4,4,0
231.071,0,13924352,windows,0,400,325,8,0,0,0,0,0,0,4,4,0
231.08,1,14230528,windows,0,400,325,8,0,0,0,0,0,0,4,4,0
231.333,1,14247936,windows,0,400,325,8,0,0,0,0,0,0,4,4,0
231.334,0,13941760,windows,0,400,325,8,0,0,0,0,0,0,4,4,0
231.586,0,13958144,windows,0,400,325,8,0,0,0,0,0,0,4,4,0
231.588,1,14265344,windows,0,400,325,8,0,0,0,0,0,0,4,4,0
231.837,0,13973504,windows,0,400,325,8,0,0,0,0,0,0,4,4,0
231.848,1,14282752,windows,0,400,325,8,0,0,0,0,0,0,4,4,0
232.099,0,13989888,windows,0,400,325,8,0,0,0,0,0,0,4,4,0
232.11,1,14301184,windows,0,400,325,8,0,0,0,0,0,0,4,4,0
232.361,0,14007296,repair,0,400,325,8,0,0,0,0,0,0,4,4,0
232.374,1,14319616,windows,0,400,325,8,0,0,0,0,0,0,4,4,0
232.614,0,14025728,windows,0,400,325,8,0,0,0,0,0,0,4,4,0
232.627,1,14337024,windows,0,400,325,8,0,0,0,0,0,0,4,4,0
232.869,0,14042112,windows,0,400,325,8,0,0,0,0,0,0,4,4,0
232.889,1,14354432,repair,0,400,325,8,0,0,0,0,0,0,4,4,0
233.125,0,14058496,windows,0,400,325,8,0,0,0,0,0,0,4,4,0
233.141,1,14370816,repair,0,400,325,8,0,0,0,0,0,0,4,4,0
233.386,0,14075904,windows,0,400,325,8,0,0,0,0,0,0,4,4,0
233.402,1,14388224,repair,0,400,325,8,0,0,0,0,0,0,4,4,0
233.65,0,14092288,windows,0,400,325,8,0,0,0,0,0,0,4,4,0
233.669,1,14405632,windows,0,400,325,8,0,0,0,0,0,0,4,4,0
233.907,0,14108672,windows,0,400,325,8,0,0,0,0,0,0,4,4,0
233.922,1,14422016,windows,0,400,325,8,0,0,0,0,0,0,4,4,0
234.171,0,14127104,windows,0,400,325,8,0,0,0,0,0,0,4,4,0
234.177,1,14439424,windows,0,400,325,8,0,0,0,0,0,0,4,4,0
234.421,0,14144512,windows,0,400,325,8,0,0,0,0,0,0,4,4,0
234.434,1,14456832,windows,0,400,325,8,0,0,0,0,0,0,4,4,0
234.675,0,14162944,windows,0,400,325,8,0,0,0,0,0,0,4,4,0
234.686,1,14474240,windows,0,400,325,8,0,0,0,0,0,0,4,4,0
234.931,0,14182400,windows,0,400,325,8,0,0,0,0,0,0,4,4,0
234.938,1,14492672,windows,0,400,325,8,0,0,0,0,0,0,4,4,0
235.191,0,14200832,windows,0,400,325,8,0,0,0,0,0,0,4,4,0
235.199,1,14507008,windows,0,400,325,8,0,0,0,0,0,0,4,4,0
235.444,0,14219264,windows,0,400,325,8,0,0,0,0,0,0,4,4,0
235.455,1,14520320,windows,0,400,325,8,0,0,0,0,0,0,4,4,0
235.695,0,14236672,windows,0,400,325,8,0,0,0,0,0,0,4,4,0
235.71,1,14533632,windows,0,400,325,8,0,0,0,0,0,0,4,4,0
235.951,0,14254080,windows,0,400,325,8,0,0,0,0,0,0,4,4,0
235.976,1,14547968,windows,0,400,325,8,0,0,0,0,0,0,4,4,0
236.202,0,14272512,windows,0,400,325,8,0,0,0,0,0,0,4,4,0
236.227,1,14561280,windows,0,400,325,8,0,0,0,0,0,0,4,4,0
236.465,0,14289920,windows,0,400,325,8,0,0,0,0,0,0,4,4,0
236.493,1,14575616,windows,0,400,325,8,0,0,0,0,0,0,4,4,0
236.721,0,14307328,windows,0,400,325,8,0,0,0,0,0,0,4,4,0
236.762,1,14589952,windows,0,400,325,8,0,0,0,0,0,0,4,4,0
236.981,0,14323712,windows,0,400,325,8,0,0,0,0,0,0,4,4,0
237.025,1,14603264,windows,0,400,325,8,0,0,0,0,0,0,4,4,0
237.24,0,14341120,windows,0,400,325,8,0,0,0,0,0,0,4,4,0
237.29,1,14617600,windows,0,400,325,8,0,0,0,0,0,0,4,4,0
237.501,0,14358528,windows,0,400,325,8,0,0,0,0,0,0,4,4,0
237.541,1,14630912,windows,0,400,325,8,0,0,0,0,0,0,4,4,0
237.754,0,14376960,windows,0,400,325,8,0,0,0,0,0,0,4,4,0
237.801,1,14646272,windows,0,400,325,8,0,0,0,0,0,0,4,4,0
238.021,0,14396416,windows,0,400,325,8,0,0,0,0,0,0,4,4,0
238.058,1,14660608,windows,0,400,325,8,0,0,0,0,0,0,4,4,0
238.28,0,14414848,windows,0,400,325,8,0,0,0,0,0,0,4,4,0
238.322,1,14674944,windows,0,400,325,8,0,0,0,0,0,0,4,4,0
238.534,0,14433280,windows,0,400,325,8,0,0,0,0,0,0,4,4,0
238.576,1,14689280,windows,0,400,325,8,0,0,0,0,0,0,4,4,0
238.791,0,14450688,repair,0,400,325,8,0,0,0,0,0,0,4,4,0
238.828,1,14703616,windows,0,400,325,8,0,0,0,0,0,0,4,4,0
239.046,0,14470144,repair,0,400,325,8,0,0,0,0,0,0,4,4,0
239.098,1,14718976,windows,0,400,325,8,0,0,0,0,0,0,4,4,0
239.298,0,14488576,repair,0,400,325,8,0,0,0,0,0,0,4,4,0
239.359,1,14735360,windows,0,400,325,8,0,0,0,0,0,0,4,4,0
239.557,0,14507008,windows,0,400,325,8,0,0,0,0,0,0,4,4,0
239.618,1,14749696,windows,0,400,325,8,0,0,0,0,0,0,4,4,0
239.814,0,14524416,windows,0,400,325,8,0,0,0,0,0,0,4,4,0
239.879,1,14764032,windows,0,400,325,8,0,0,0,0,0,0,4,4,0
240.073,0,14539776,windows,0,400,325,8,0,0,0,0,0,0,4,4,0
240.148,1,14778368,windows,0,400,325,8,0,0,0,0,0,0,4,4,0
240.333,0,14555136,windows,0,400,325,8,0,0,0,0,0,0,4,4,0
240.404,1,14792704,windows,0,400,325,8,0,0,0,0,0,0,4,4,0
240.586,0,14571520,windows,0,400,325,8,0,0,0,0,0,0,4,4,0
240.674,1,14807040,repair,0,400,325,8,0,0,0,0,0,0,4,4,0
240.842,0,14587904,windows,0,400,325,8,0,0,0,0,0,0,4,4,0
240.927,1,14822400,repair,0,400,325,8,0,0,0,0,0,0,4,4,0
241.1,0,14605312,windows,0,400,325,8,0,0,0,0,0,0,4,4,0
241.183,1,14839808,repair,0,400,325,8,0,0,0,0,0,0,4,4,0
241.354,0,14622720,windows,0,400,325,8,0,0,0,0,0,0,4,4,0
241.436,1,14854144,windows,0,400,325,8,0,0,0,0,0,0,4,4,0
241.618,0,14639104,windows,0,400,325,8,0,0,0,0,0,0,4,4,0
241.698,1,14868480,windows,0,400,325,8,0,0,0,0,0,0,4,4,0
241.872,0,14656512,windows,0,400,325,8,0,0,0,0,0,0,4,4,0
241.96,1,14882816,windows,0,400,325,8,0,0,0,0,0,0,4,4,0
242.127,0,14673920,windows,0,400,325,8,0,0,0,0,0,0,4,4,0
242.218,1,14900224,windows,0,400,325,8,0,0,0,0,0,0,4,4,0
242.389,0,14691328,windows,0,400,325,8,0,0,0,0,0,0,4,4,0
242.479,1,14917632,windows,0,400,325,8,0,0,0,0,0,0,4,4,0
242.649,0,14708736,windows,0,400,325,8,0,0,0,0,0,0,4,4,0
242.733,1,14935040,windows,0,400,325,8,0,0,0,0,0,0,4,4,0
242.911,0,14726144,windows,0,400,325,8,0,0,0,0,0,0,4,4,0
242.994,1,14953472,windows,0,400,325,8,0,0,0,0,0,0,4,4,0
243.166,0,14742528,windows,0,400,325,8,0,0,0,0,0,0,4,4,0
243.255,1,14970880,windows,0,400,325,8,0,0,0,0,0,0,4,4,0
243.421,0,14759936,windows,0,400,325,8,0,0,0,0,0,0,4,4,0
243.514,1,14988288,windows,0,400,325,8,0,0,0,0,0,0,4,4,0
243.672,0,14776320,windows,0,400,325,8,0,0,0,0,0,0,4,4,0
243.769,1,15004672,windows,0,400,325,8,0,0,0,0,0,0,4,4,0
243.923,0,14793728,windows,0,400,325,8,0,0,0,0,0,0,4,4,0
244.037,1,15019008,windows,0,400,325,8,0,0,0,0,0,0,4,4,0
244.184,0,14809088,windows,0,400,325,8,0,0,0,0,0,0,4,4,0
244.295,1,15033344,windows,0,400,325,8,0,0,0,0,0,0,4,4,0
244.44,0,14826496,windows,0,400,325,8,0,0,0,0,0,0,4,4,0
244.557,1,15047680,windows,0,400,325,8,0,0,0,0,0,0,4,4,0
244.703,0,14844928,windows,0,400,325,8,0,0,0,0,0,0,4,4,0
244.824,1,15063040,windows,0,400,325,8,0,0,0,0,0,0,4,4,0
244.964,0,14862336,windows,0,400,325,8,0,0,0,0,0,0,4,4,0
245.091,1,15078400,windows,0,400,325,8,0,0,0,0,0,0,4,4,0
245.218,0,14878720,windows,0,400,325,8,0,0,0,0,0,0,4,4,0
245.351,1,15092736,windows,0,400,325,8,0,0,0,0,0,0,4,4,0
245.48,0,14896128,repair,0,400,325,8,0,0,0,0,0,0,4,4,0
245.606,1,15107072,windows,0,400,325,8,0,0,0,0,0,0,4,4,0
245.734,0,14913536,repair,0,400,325,8,0,0,0,0,0,0,4,4,0
245.857,1,15120384,windows,0,400,325,8,0,0,0,0,0,0,4,4,0
245.996,0,14930944,repair,0,400,325,8,0,0,0,0,0,0,4,4,0
246.131,1,15134720,windows,0,400,325,8,0,0,0,0,0,0,4,4,0
246.262,0,14948352,repair,0,400,325,8,0,0,0,0,0,0,4,4,0
246.398,1,15149056,windows,0,400,325,8,0,0,0,0,0,0,4,4,0
246.523,0,14962688,repair,0,400,325,8,0,0,0,0,0,0,4,4,0
246.665,1,15163392,windows,0,400,325,8,0,0,0,0,0,0,4,4,0
246.775,0,14979072,repair,0,400,325,8,0,0,0,0,0,0,4,4,0
246.928,1,15177728,windows,0,400,325,8,0,0,0,0,0,0,4,4,0
247.037,0,14996480,repair,0,400,325,8,0,0,0,0,0,0,4,4,0
247.193,1,15192064,windows,0,400,325,8,0,0,0,0,0,0,4,4,0
247.301,0,15010816,windows,0,400,325,8,0,0,0,0,0,0,4,4,0
247.451,1,15207424,windows,0,400,325,8,0,0,0,0,0,0,4,4,0
247.552,0,15025152,windows,0,400,325,8,0,0,0,0,0,0,4,4,0
247.713,1,15222784,windows,0,400,325,8,0,0,0,0,0,0,4,4,0
247.808,0,15039488,windows,0,400,325,8,0,0,0,0,0,0,4,4,0
247.977,1,15238144,windows,0,400,325,8,0,0,0,0,0,0,4,4,0
248.074,0,15053824,windows,0,400,325,8,0,0,0,0,0,0,4,4,0
248.246,1,15253504,windows,0,400,325,8,0,0,0,0,0,0,4,4,0
248.337,0,15068160,windows,0,400,325,8,0,0,0,0,0,0,4,4,0
248.51,1,15267840,repair,0,400,325,8,0,0,0,0,0,0,4,4,0
248.597,0,15082496,windows,0,400,325,8,0,0,0,0,0,0,4,4,0
248.771,1,15283200,repair,0,400,325,8,0,0,0,0,0,0,4,4,0
248.859,0,15096832,windows,0,400,325,8,0,0,0,0,0,0,4,4,0
249.029,1,15300608,repair,0,400,325,8,0,0,0,0,0,0,4,4,0
249.111,0,15111168,windows,0,400,325,8,0,0,0,0,0,0,4,4,0
249.29,1,15318016,repair,0,400,325,8,0,0,0,0,0,0,4,4,0
249.381,0,15125504,windows,0,400,325,8,0,0,0,0,0,0,4,4,0
249.547,1,15332352,windows,0,400,325,8,0,0,0,0,0,0,4,4,0
249.647,0,15139840,windows,0,400,325,8,0,0,0,0,0,0,4,4,0
249.815,1,15346688,windows,0,400,325,8,0,0,0,0,0,0,4,4,0
249.912,0,15154176,windows,0,400,325,8,0,0,0,0,0,0,4,4,0
250.068,1,15360000,windows,0,400,325,8,0,0,0,0,0,0,4,4,0
250.173,0,15168512,windows,0,400,325,8,0,0,0,0,0,0,4,4,0
250.323,1,15372288,windows,0,400,325,8,0,0,0,0,0,0,4,4,0
250.431,0,15182848,windows,0,400,325,8,0,0,0,0,0,0,4,4,0
250.586,1,15385600,windows,0,400,325,8,0,0,0,0,0,0,4,4,0
250.684,0,15196160,windows,0,400,325,8,0,0,0,0,0,0,4,4,0
250.846,1,15397888,windows,0,400,325,8,0,0,0,0,0,0,4,4,0
250.938,0,15209472,windows,0,400,325,8,0,0,0,0,0,0,4,4,0
251.115,1,15411200,windows,0,400,325,8,0,0,0,0,0,0,4,4,0
251.202,0,15223808,repair,0,400,325,8,0,0,0,0,0,0,4,4,0
251.382,1,15424512,windows,0,400,325,8,0,0,0,0,0,0,4,4,0
251.46,0,15238144,repair,0,400,325,8,0,0,0,0,0,0,4,4,0
251.646,1,15437824,windows,0,400,325,8,0,0,0,0,0,0,4,4,0
251.727,0,15252480,repair,0,400,325,8,0,0,0,0,0,0,4,4,0
251.906,1,15451136,windows,0,400,325,8,0,0,0,0,0,0,4,4,0
251.994,0,15266816,repair,0,400,325,8,0,0,0,0,0,0,4,4,0
252.157,1,15466496,windows,0,400,325,8,0,0,0,0,0,0,4,4,0
252.253,0,15281152,windows,0,400,325,8,0,0,0,0,0,0,4,4,0
252.423,1,15481856,windows,0,400,325,8,0,0,0,0,0,0,4,4,0
252.509,0,15295488,windows,0,400,325,8,0,0,0,0,0,0,4,4,0
252.68,1,15497216,windows,0,400,325,8,0,0,0,0,0,0,4,4,0
252.768,0,15309824,windows,0,400,325,8,0,0,0,0,0,0,4,4,0
252.938,1,15513600,windows,0,400,325,8,0,0,0,0,0,0,4,4,0
253.021,0,15323136,windows,0,400,325,8,0,0,0,0,0,0,4,4,0
253.199,1,15531008,windows,0,400,325,8,0,0,0,0,0,0,4,4,0
253.273,0,15336448,windows,0,400,325,8,0,0,0,0,0,0,4,4,0
253.456,1,15547392,windows,0,400,325,8,0,0,0,0,0,0,4,4,0
253.532,0,15350784,windows,0,400,325,8,0,0,0,0,0,0,4,4,0
253.711,1,15561728,windows,0,400,325,8,0,0,0,0,0,0,4,4,0
253.788,0,15365120,windows,0,400,325,8,0,0,0,0,0,0,4,4,0
253.965,1,15576064,windows,0,400,325,8,0,0,0,0,0,0,4,4,0
254.051,0,15379456,windows,0,400,325,8,0,0,0,0,0,0,4,4,0
254.222,1,15590400,windows,0,400,325,8,0,0,0,0,0,0,4,4,0
254.317,0,15393792,windows,0,400,325,8,0,0,0,0,0,0,4,4,0
254.476,1,15604736,windows,0,400,325,8,0,0,0,0,0,0,4,4,0
254.58,0,15408128,windows,0,400,325,8,0,0,0,0,0,0,4,4,0
254.728,1,15619072,windows,0,400,325,8,0,0,0,0,0,0,4,4,0
254.848,0,15423488,windows,0,400,325,8,0,0,0,0,0,0,4,4,0
254.989,1,15634432,windows,0,400,325,8,0,0,0,0,0,0,4,4,0
255.118,0,15438848,windows,0,400,325,8,0,0,0,0,0,0,4,4,0
255.243,1,15648768,repair,0,400,325,8,0,0,0,0,0,0,4,4,0
255.384,0,15454208,windows,0,400,325,8,0,0,0,0,0,0,4,4,0
255.5,1,15665152,repair,0,400,325,8,0,0,0,0,0,0,4,4,0
255.645,0,15468544,windows,0,400,325,8,0,0,0,0,0,0,4,4,0
255.767,1,15681536,windows,0,400,325,8,0,0,0,0,0,0,4,4,0
255.913,0,15482880,windows,0,400,325,8,0,0,0,0,0,0,4,4,0
256.018,1,15695872,windows,0,400,325,8,0,0,0,0,0,0,4,4,0
256.175,0,15497216,windows,0,400,325,8,0,0,0,0,0,0,4,4,0
256.279,1,15710208,windows,0,400,325,8,0,0,0,0,0,0,4,4,0
256.429,0,15511552,windows,0,400,325,8,0,0,0,0,0,0,4,4,0
256.544,1,15724544,windows,0,400,325,8,0,0,0,0,0,0,4,4,0
256.691,0,15524864,windows,0,400,325,8,0,0,0,0,0,0,4,4,0
256.802,1,15738880,windows,0,400,325,8,0,0,0,0,0,0,4,4,0
256.946,0,15539200,windows,0,400,325,8,0,0,0,0,0,0,4,4,0
257.061,1,15753216,windows,0,400,325,8,0,0,0,0,0,0,4,4,0
257.209,0,15553536,windows,0,400,325,8,0,0,0,0,0,0,4,4,0
257.322,1,15767552,windows,0,400,325,8,0,0,0,0,0,0,4,4,0
257.462,0,15567872,windows,0,400,325,8,0,0,0,0,0,0,4,4,0
257.576,1,15781888,windows,0,400,325,8,0,0,0,0,0,0,4,4,0
257.726,0,15583232,windows,0,400,325,8,0,0,0,0,0,0,4,4,0
257.844,1,15797248,windows,0,400,325,8,0,0,0,0,0,0,4,4,0
257.978,0,15597568,repair,0,400,325,8,0,0,0,0,0,0,4,4,0
258.109,1,15811584,windows,0,400,325,8,0,0,0,0,0,0,4,4,0
258.229,0,15611904,repair,0,400,325,8,0,0,0,0,0,0,4,4,0
258.364,1,15823872,windows,0,400,325,8,0,0,0,0,0,0,4,4,0
258.483,0,15626240,windows,0,400,325,8,0,0,0,0,0,0,4,4,0
258.616,1,15839232,windows,0,400,325,8,0,0,0,0,0,0,4,4,0
258.75,0,15641600,windows,0,400,325,8,0,0,0,0,0,0,4,4,0
258.869,1,15854592,windows,0,400,325,8,0,0,0,0,0,0,4,4,0
259.003,0,15655936,windows,0,400,325,8,0,0,0,0,0,0,4,4,0
259.121,1,15869952,windows,0,400,325,8,0,0,0,0,0,0,4,4,0
259.268,0,15670272,windows,0,400,325,8,0,0,0,0,0,0,4,4,0
259.379,1,15885312,windows,0,400,325,8,0,0,0,0,0,0,4,4,0
259.527,0,15683584,windows,0,400,325,8,0,0,0,0,0,0,4,4,0
259.638,1,15900672,windows,0,400,325,8,0,0,0,0,0,0,4,4,0
259.791,0,15697920,windows,0,400,325,8,0,0,0,0,0,0,4,4,0
259.901,1,15917056,windows,0,400,325,8,0,0,0,0,0,0,4,4,0
260.057,0,15710208,windows,0,400,325,8,0,0,0,0,0,0,4,4,0
260.162,1,15932416,windows,0,400,325,8,0,0,0,0,0,0,4,4,0
260.308,0,15723520,windows,0,400,325,8,0,0,0,0,0,0,4,4,0
260.412,1,15947776,windows,0,400,325,8,0,0,0,0,0,0,4,4,0
260.565,0,15737856,windows,0,400,325,8,0,0,0,0,0,0,4,4,0
260.673,1,15964160,windows,0,400,325,8,0,0,0,0,0,0,4,4,0
260.816,0,15752192,windows,0,400,325,8,0,0,0,0,0,0,4,4,0
260.935,1,15979520,windows,0,400,325,8,0,0,0,0,0,0,4,4,0
261.082,0,15766528,windows,0,400,325,8,0,0,0,0,0,0,4,4,0
261.199,1,15994880,windows,0,400,325,8,0,0,0,0,0,0,4,4,0
261.341,0,15777792,windows,0,400,325,8,0,0,0,0,0,0,4,4,0
261.458,1,16010240,windows,0,400,325,8,0,0,0,0,0,0,4,4,0
261.591,0,15792128,windows,0,400,325,8,0,0,0,0,0,0,4,4,0
261.711,1,16025600,windows,0,400,325,8,0,0,0,0,0,0,4,4,0
261.845,0,15807488,windows,0,400,325,8,0,0,0,0,0,0,4,4,0
261.976,1,16040960,windows,0,400,325,8,0,0,0,0,0,0,4,4,0
262.1,0,15822848,windows,0,400,325,8,0,0,0,0,0,0,4,4,0
262.232,1,16056320,windows,0,400,325,8,0,0,0,0,0,0,4,4,0
262.36,0,15838208,windows,0,400,325,8,0,0,0,0,0,0,4,4,0
262.495,1,16072704,windows,0,400,325,8,0,0,0,0,0,0,4,4,0
262.612,0,15853568,windows,0,400,325,8,0,0,0,0,0,0,4,4,0
262.754,1,16089088,windows,0,400,325,8,0,0,0,0,0,0,4,4,0
262.875,0,15868928,windows,0,400,325,8,0,0,0,0,0,0,4,4,0
263.006,1,16104448,windows,0,400,325,8,0,0,0,0,0,0,4,4,0
263.142,0,15883264,windows,0,400,325,8,0,0,0,0,0,0,4,4,0
263.268,1,16120832,windows,0,400,325,8,0,0,0,0,0,0,4,4,0
263.393,0,15896576,windows,0,400,325,8,0,0,0,0,0,0,4,4,0
263.522,1,16137216,windows,0,400,325,8,0,0,0,0,0,0,4,4,0
263.643,0,15909888,windows,0,400,325,8,0,0,0,0,0,0,4,4,0
263.785,1,16155648,windows,0,400,325,8,0,0,0,0,0,0,4,4,0
263.907,0,15926272,windows,0,400,325,8,0,0,0,0,0,0,4,4,0
264.045,1,16173056,windows,0,400,325,8,0,0,0,0,0,0,4,4,0
264.167,0,15942656,windows,0,400,325,8,0,0,0,0,0,0,4,4,0
264.307,1,16190464,windows,0,365,290,7,0,0,0,0,0,0,3,4,0
264.421,0,15959040,windows,0,400,325,8,0,0,0,0,0,0,4,4,0
264.572,1,16206848,windows,0,365,290,7,0,0,0,0,0,0,3,4,0
264.674,0,15975424,windows,0,400,325,8,0,0,0,0,0,0,4,4,0
264.833,1,16224256,windows,0,365,290,7,0,0,0,0,0,0,3,4,0
264.937,0,15991808,windows,0,400,325,8,0,0,0,0,0,0,4,4,0
265.094,1,16244736,windows,0,365,290,7,0,0,0,0,0,0,3,4,0
265.196,0,16009216,windows,0,365,290,7,0,0,0,0,0,0,3,4,0
265.345,1,16264192,windows,0,365,290,7,0,0,0,0,0,0,3,4,0
265.46,0,16029696,windows,0,365,290,7,0,0,0,0,0,0,3,4,0
265.597,1,16281600,windows,0,365,290,7,0,0,0,0,0,0,3,4,0
265.716,0,16049152,windows,0,365,290,7,0,0,0,0,0,0,3,4,0
265.855,1,16301056,windows,0,365,290,7,0,0,0,0,0,0,3,4,0
265.968,0,16068608,windows,0,365,290,7,0,0,0,0,0,0,3,4,0
266.12,1,16321536,windows,0,365,290,7,0,0,0,0,0,0,3,4,0
266.224,0,16088064,windows,0,365,290,7,0,0,0,0,0,0,3,4,0
266.376,1,16340992,windows,0,365,290,7,0,0,0,0,0,0,3,4,0
266.488,0,16106496,windows,0,365,290,7,0,0,0,0,0,0,3,4,0
266.634,1,16360448,windows,0,365,290,7,0,0,0,0,0,0,3,4,0
266.739,0,16123904,windows,0,365,290,7,0,0,0,0,0,0,3,4,0
266.885,1,16379904,windows,0,365,290,7,0,0,0,0,0,0,3,4,0
266.996,0,16142336,windows,0,365,290,7,0,0,0,0,0,0,3,4,0
267.142,1,16400384,windows,0,365,290,7,0,0,0,0,0,0,3,4,0
267.256,0,16161792,windows,0,365,290,7,0,0,0,0,0,0,3,4,0
267.399,1,16419840,windows,0,365,290,7,0,0,0,0,0,0,3,4,0
267.518,0,16179200,windows,0,365,290,7,0,0,0,0,0,0,3,4,0
267.663,1,16439296,windows,0,365,290,7,0,0,0,0,0,0,3,4,0
267.772,0,16194560,windows,0,365,290,7,0,0,0,0,0,0,3,4,0
267.918,1,16457728,windows,0,365,290,7,0,0,0,0,0,0,3,4,0
268.029,0,16207872,windows,0,365,290,7,0,0,0,0,0,0,3,4,0
268.171,1,16476160,windows,0,365,290,7,0,0,0,0,0,0,3,4,0
268.286,0,16222208,windows,0,365,290,7,0,0,0,0,0,0,3,4,0
268.429,1,16495616,windows,0,365,290,7,0,0,0,0,0,0,3,4,0
268.538,0,16237568,repair,0,365,290,7,0,0,0,0,0,0,3,4,0
268.685,1,16514048,repair,0,365,290,7,0,0,0,0,0,0,3,4,0
268.788,0,16254976,windows,0,365,290,7,0,0,0,0,0,0,3,4,0
268.941,1,16533504,repair,0,365,290,7,0,0,0,0,0,0,3,4,0
269.039,0,16271360,windows,0,365,290,7,0,0,0,0,0,0,3,4,0
269.204,1,16551936,windows,0,365,290,7,0,0,0,0,0,0,3,4,0
269.304,0,16287744,windows,0,365,290,7,0,0,0,0,0,0,3,4,0
269.454,1,16568320,windows,0,365,290,7,0,0,0,0,0,0,3,4,0
269.558,0,16302080,windows,0,365,290,7,0,0,0,0,0,0,3,4,0
269.71,1,16585728,windows,0,365,290,7,0,0,0,0,0,0,3,4,0
269.818,0,16317440,windows,0,365,290,7,0,0,0,0,0,0,3,4,0
269.969,1,16603136,windows,0,365,290,7,0,0,0,0,0,0,3,4,0
270.074,0,16331776,windows,0,365,290,7,0,0,0,0,0,0,3,4,0
270.232,1,16620544,windows,0,365,290,7,0,0,0,0,0,0,3,4,0
270.338,0,16347136,windows,0,365,290,7,0,0,0,0,0,0,3,4,0
270.482,1,16637952,windows,0,365,290,7,0,0,0,0,0,0,3,4,0
270.602,0,16363520,windows,0,365,290,7,0,0,0,0,0,0,3,4,0
270.735,1,16654336,windows,0,365,290,7,0,0,0,0,0,0,3,4,0
270.853,0,16378880,windows,0,365,290,7,0,0,0,0,0,0,3,4,0
271.002,1,16671744,windows,0,365,290,7,0,0,0,0,0,0,3,4,0
271.113,0,16395264,windows,0,365,290,7,0,0,0,0,0,0,3,4,0
271.254,1,16689152,windows,0,365,290,7,0,0,0,0,0,0,3,4,0
271.371,0,16411648,windows,0,365,290,7,0,0,0,0,0,0,3,4,0
271.51,1,16706560,windows,0,365,290,7,0,0,0,0,0,0,3,4,0
271.626,0,16430080,windows,0,365,290,7,0,0,0,0,0,0,3,4,0
271.771,1,16723968,windows,0,365,290,7,0,0,0,0,0,0,3,4,0
271.878,0,16446464,windows,0,365,290,7,0,0,0,0,0,0,3,4,0
272.032,1,16741376,windows,0,365,290,7,0,0,0,0,0,0,3,4,0
272.142,0,16463872,windows,0,365,290,7,0,0,0,0,0,0,3,4,0
272.282,1,16757760,windows,0,365,290,7,0,0,0,0,0,0,3,4,0
272.399,0,16482304,windows,0,365,290,7,0,0,0,0,0,0,3,4,0
272.545,1,16775168,windows,0,365,290,7,0,0,0,0,0,0,3,4,0
272.654,0,16500736,windows,0,365,290,7,0,0,0,0,0,0,3,4,0
272.798,1,16793600,windows,0,365,290,7,0,0,0,0,0,0,3,4,0
272.912,0,16516096,windows,0,365,290,7,0,0,0,0,0,0,3,4,0
273.057,1,16813056,windows,0,365,290,7,0,0,0,0,0,0,3,4,0
273.173,0,16530432,windows,0,365,290,7,0,0,0,0,0,0,3,4,0
273.315,1,16831488,windows,0,365,290,7,0,0,0,0,0,0,3,4,0
273.442,0,16544768,windows,0,365,290,7,0,0,0,0,0,0,3,4,0
273.573,1,16848896,windows,0,365,290,7,0,0,0,0,0,0,3,4,0
273.693,0,16559104,windows,0,365,290,7,0,0,0,0,0,0,3,4,0
273.828,1,16866304,repair,0,365,290,7,0,0,0,0,0,0,3,4,0
273.946,0,16574464,windows,0,365,290,7,0,0,0,0,0,0,3,4,0
274.082,1,16882688,windows,0,365,290,7,0,0,0,0,0,0,3,4,0
274.197,0,16588800,windows,0,365,290,7,0,0,0,0,0,0,3,4,0
274.345,1,16901120,windows,0,365,290,7,0,0,0,0,0,0,3,4,0
274.46,0,16603136,windows,0,365,290,7,0,0,0,0,0,0,3,4,0
274.609,1,16918528,windows,0,365,290,7,0,0,0,0,0,0,3,4,0
274.724,0,16618496,windows,0,365,290,7,0,0,0,0,0,0,3,4,0
274.864,1,16933888,windows,0,365,290,7,0,0,0,0,0,0,3,4,0
274.992,0,16633856,windows,0,365,290,7,0,0,0,0,0,0,3,4,0
275.13,1,16951296,windows,0,365,290,7,0,0,0,0,0,0,3,4,0
275.254,0,16648192,windows,0,365,290,7,0,0,0,0,0,0,3,4,0
275.382,1,16967680,windows,0,365,290,7,0,0,0,0,0,0,3,4,0
275.518,0,16663552,windows,0,365,290,7,0,0,0,0,0,0,3,4,0
275.637,1,16984064,windows,0,365,290,7,0,0,0,0,0,0,3,4,0
275.778,0,16678912,windows,0,365,290,7,0,0,0,0,0,0,3,4,0
275.896,1,17000448,windows,0,365,290,7,0,0,0,0,0,0,3,4,0
276.034,0,16694272,windows,0,365,290,7,0,0,0,0,0,0,3,4,0
276.153,1,17016832,windows,0,365,290,7,0,0,0,0,0,0,3,4,0
276.292,0,16710656,windows,0,365,290,7,0,0,0,0,0,0,3,4,0
276.403,1,17033216,windows,0,365,290,7,0,0,0,0,0,0,3,4,0
276.549,0,16726016,windows,0,365,290,7,0,0,0,0,0,0,3,4,0
276.664,1,17050624,windows,0,365,290,7,0,0,0,0,0,0,3,4,0
276.81,0,16742400,windows,0,365,290,7,0,0,0,0,0,0,3,4,0
276.916,1,17068032,windows,0,365,290,7,0,0,0,0,0,0,3,4,0
277.07,0,16758784,windows,0,365,290,7,0,0,0,0,0,0,3,4,0
277.171,1,17085440,windows,0,365,290,7,0,0,0,0,0,0,3,4,0
277.325,0,16774144,windows,0,365,290,7,0,0,0,0,0,0,3,4,0
277.422,1,17102848,windows,0,365,290,7,0,0,0,0,0,0,3,4,0
277.584,0,16789504,repair,0,365,290,7,0,0,0,0,0,0,3,4,0
277.683,1,17120256,windows,0,365,290,7,0,0,0,0,0,0,3,4,0
277.837,0,16803840,repair,0,365,290,7,0,0,0,0,0,0,3,4,0
277.937,1,17137664,windows,0,365,290,7,0,0,0,0,0,0,3,4,0
278.102,0,16819200,repair,0,365,290,7,0,0,0,0,0,0,3,4,0
278.187,1,17155072,windows,0,365,290,7,0,0,0,0,0,0,3,4,0
278.362,0,16835584,repair,0,365,290,7,0,0,0,0,0,0,3,4,0
278.447,1,17173504,windows,0,365,290,7,0,0,0,0,0,0,3,4,0
278.629,0,16851968,windows,0,365,290,7,0,0,0,0,0,0,3,4,0
278.702,1,17190912,windows,0,365,290,7,0,0,0,0,0,0,3,4,0
278.89,0,16866304,windows,0,365,290,7,0,0,0,0,0,0,3,4,0
278.964,1,17208320,windows,0,365,290,7,0,0,0,0,0,0,3,4,0
279.143,0,16879616,windows,0,365,290,7,0,0,0,0,0,0,3,4,0
279.221,1,17225728,windows,0,365,290,7,0,0,0,0,0,0,3,4,0
279.398,0,16892928,windows,0,365,290,7,0,0,0,0,0,0,3,4,0
279.479,1,17243136,windows,0,365,290,7,0,0,0,0,0,0,3,4,0
279.656,0,16906240,windows,0,365,290,7,0,0,0,0,0,0,3,4,0
279.738,1,17258496,repair,0,365,290,7,0,0,0,0,0,0,3,4,0
279.924,0,16920576,windows,0,365,290,7,0,0,0,0,0,0,3,4,0
280.001,1,17275904,windows,0,365,290,7,0,0,0,0,0,0,3,4,0
280.182,0,16933888,windows,0,365,290,7,0,0,0,0,0,0,3,4,0
280.266,1,17292288,windows,0,365,290,7,0,0,0,0,0,0,3,4,0
280.442,0,16947200,windows,0,365,290,7,0,0,0,0,0,0,3,4,0
280.526,1,17309696,windows,0,365,290,7,0,0,0,0,0,0,3,4,0
280.699,0,16961536,windows,0,365,290,7,0,0,0,0,0,0,3,4,0
280.788,1,17327104,windows,0,365,290,7,0,0,0,0,0,0,3,4,0
280.966,0,16975872,windows,0,365,290,7,0,0,0,0,0,0,3,4,0
281.04,1,17343488,windows,0,365,290,7,0,0,0,0,0,0,3,4,0
281.231,0,16990208,windows,0,365,290,7,0,0,0,0,0,0,3,4,0
281.298,1,17359872,windows,0,365,290,7,0,0,0,0,0,0,3,4,0
281.488,0,17004544,windows,0,365,290,7,0,0,0,0,0,0,3,4,0
281.559,1,17377280,windows,0,365,290,7,0,0,0,0,0,0,3,4,0
281.748,0,17018880,windows,0,365,290,7,0,0,0,0,0,0,3,4,0
281.824,1,17395712,windows,0,365,290,7,0,0,0,0,0,0,3,4,0
282.004,0,17033216,windows,0,365,290,7,0,0,0,0,0,0,3,4,0
282.089,1,17413120,windows,0,365,290,7,0,0,0,0,0,0,3,4,0
282.271,0,17048576,windows,0,365,290,7,0,0,0,0,0,0,3,4,0
282.354,1,17430528,windows,0,365,290,7,0,0,0,0,0,0,3,4,0
282.533,0,17063936,windows,0,365,290,7,0,0,0,0,0,0,3,4,0
282.616,1,17449984,windows,0,365,290,7,0,0,0,0,0,0,3,4,0
282.795,0,17079296,windows,0,365,290,7,0,0,0,0,0,0,3,4,0
282.879,1,17469440,windows,0,365,290,7,0,0,0,0,0,0,3,4,0
283.055,0,17094656,windows,0,365,290,7,0,0,0,0,0,0,3,4,0
283.131,1,17488896,windows,0,365,290,7,0,0,0,0,0,0,3,4,0
283.311,0,17108992,windows,0,365,290,7,0,0,0,0,0,0,3,4,0
283.384,1,17508352,windows,0,365,290,7,0,0,0,0,0,0,3,4,0
283.572,0,17124352,windows,0,365,290,7,0,0,0,0,0,0,3,4,0
283.641,1,17528832,windows,0,365,290,7,0,0,0,0,0,0,3,4,0
283.829,0,17138688,windows,0,365,290,7,0,0,0,0,0,0,3,4,0
283.9,1,17549312,windows,0,365,290,7,0,0,0,0,0,0,3,4,0
284.091,0,17154048,windows,0,365,290,7,0,0,0,0,0,0,3,4,0
284.151,1,17568768,windows,0,365,290,7,0,0,0,0,0,0,3,4,0
284.347,0,17168384,windows,0,365,290,7,0,0,0,0,0,0,3,4,0
284.406,1,17588224,windows,0,365,290,7,0,0,0,0,0,0,3,4,0
284.601,0,17183744,windows,0,365,290,7,0,0,0,0,0,0,3,4,0
284.665,1,17606656,windows,0,365,290,7,0,0,0,0,0,0,3,4,0
284.857,0,17199104,windows,0,365,290,7,0,0,0,0,0,0,3,4,0
284.924,1,17627136,windows,0,365,290,7,0,0,0,0,0,0,3,4,0
285.121,0,17213440,windows,0,365,290,7,0,0,0,0,0,0,3,4,0
285.178,1,17647616,windows,0,365,290,7,0,0,0,0,0,0,3,4,0
285.378,0,17228800,windows,0,365,290,7,0,0,0,0,0,0,3,4,0
285.429,1,17667072,repair,0,365,290,7,0,0,0,0,0,0,3,4,0
285.629,0,17244160,windows,0,365,290,7,0,0,0,0,0,0,3,4,0
285.684,1,17686528,repair,0,365,290,7,0,0,0,0,0,0,3,4,0
285.895,0,17261568,repair,0,365,290,7,0,0,0,0,0,0,3,4,0
285.943,1,17703936,windows,0,365,290,7,0,0,0,0,0,0,3,4,0
286.152,0,17276928,repair,0,365,290,7,0,0,0,0,0,0,3,4,0
286.207,1,17718272,windows,0,365,290,7,0,0,0,0,0,0,3,4,0
286.405,0,17295360,repair,0,365,290,7,0,0,0,0,0,0,3,4,0
286.474,1,17732608,windows,0,365,290,7,0,0,0,0,0,0,3,4,0
286.657,0,17311744,repair,0,365,290,7,0,0,0,0,0,0,3,4,0
286.727,1,17745920,windows,0,365,290,7,0,0,0,0,0,0,3,4,0
286.909,0,17326080,windows,0,365,290,7,0,0,0,0,0,0,3,4,0
286.985,1,17760256,windows,0,365,290,7,0,0,0,0,0,0,3,4,0
287.171,0,17342464,windows,0,365,290,7,0,0,0,0,0,0,3,4,0
287.251,1,17774592,windows,0,365,290,7,0,0,0,0,0,0,3,4,0
287.431,0,17358848,windows,0,365,290,7,0,0,0,0,0,0,3,4,0
287.518,1,17788928,windows,0,365,290,7,0,0,0,0,0,0,3,4,0
287.696,0,17375232,windows,0,365,290,7,0,0,0,0,0,0,3,4,0
287.768,1,17803264,windows,0,365,290,7,0,0,0,0,0,0,3,4,0
287.946,0,17390592,windows,0,365,290,7,0,0,0,0,0,0,3,4,0
288.02,1,17817600,windows,0,365,290,7,0,0,0,0,0,0,3,4,0
288.2,0,17405952,windows,0,365,290,7,0,0,0,0,0,0,3,4,0
288.281,1,17830912,windows,0,365,290,7,0,0,0,0,0,0,3,4,0
288.46,0,17421312,windows,0,365,290,7,0,0,0,0,0,0,3,4,0
288.536,1,17844224,windows,0,365,290,7,0,0,0,0,0,0,3,4,0
288.72,0,17437696,windows,0,365,290,7,0,0,0,0,0,0,3,4,0
288.787,1,17858560,windows,0,365,290,7,0,0,0,0,0,0,3,4,0
288.983,0,17453056,windows,0,365,290,7,0,0,0,0,0,0,3,4,0
289.051,1,17874944,windows,0,365,290,7,0,0,0,0,0,0,3,4,0
289.244,0,17468416,windows,0,365,290,7,0,0,0,0,0,0,3,4,0
289.304,1,17890304,repair,0,365,290,7,0,0,0,0,0,0,3,4,0
289.503,0,17482752,windows,0,365,290,7,0,0,0,0,0,0,3,4,0
289.557,1,17907712,repair,0,365,290,7,0,0,0,0,0,0,3,4,0
289.753,0,17496064,windows,0,365,290,7,0,0,0,0,0,0,3,4,0
289.821,1,17927168,windows,0,365,290,7,0,0,0,0,0,0,3,4,0
290.012,0,17510400,windows,0,365,290,7,0,0,0,0,0,0,3,4,0
290.085,1,17944576,windows,0,365,290,7,0,0,0,0,0,0,3,4,0
290.271,0,17523712,windows,0,365,290,7,0,0,0,0,0,0,3,4,0
290.336,1,17959936,windows,0,365,290,7,0,0,0,0,0,0,3,4,0
290.524,0,17537024,windows,0,365,290,7,0,0,0,0,0,0,3,4,0
290.592,1,17976320,windows,0,365,290,7,0,0,0,0,0,0,3,4,0
290.781,0,17550336,windows,0,365,290,7,0,0,0,0,0,0,3,4,0
290.848,1,17992704,windows,0,365,290,7,0,0,0,0,0,0,3,4,0
291.045,0,17564672,windows,0,365,290,7,0,0,0,0,0,0,3,4,0
291.105,1,18009088,windows,0,365,290,7,0,0,0,0,0,0,3,4,0
291.305,0,17579008,windows,0,365,290,7,0,0,0,0,0,0,3,4,0
291.366,1,18026496,windows,0,365,290,7,0,0,0,0,0,0,3,4,0
291.584,0,17594368,windows,0,365,290,7,0,0,0,0,0,0,3,4,0
291.624,1,18043904,windows,0,365,290,7,0,0,0,0,0,0,3,4,0
291.836,0,17607680,windows,0,365,290,7,0,0,0,0,0,0,3,4,0
291.886,1,18062336,windows,0,365,290,7,0,0,0,0,0,0,3,4,0
292.101,0,17622016,windows,0,365,290,7,0,0,0,0,0,0,3,4,0
292.147,1,18079744,windows,0,365,290,7,0,0,0,0,0,0,3,4,0
292.366,0,17636352,windows,0,365,290,7,0,0,0,0,0,0,3,4,0
292.41,1,18097152,windows,0,365,290,7,0,0,0,0,0,0,3,4,0
292.628,0,17650688,windows,0,365,290,7,0,0,0,0,0,0,3,4,0
292.661,1,18114560,windows,0,365,290,7,0,0,0,0,0,0,3,4,0
292.884,0,17667072,windows,0,365,290,7,0,0,0,0,0,0,3,4,0
292.915,1,18130944,windows,0,365,290,7,0,0,0,0,0,0,3,4,0
293.139,0,17683456,windows,0,365,290,7,0,0,0,0,0,0,3,4,0
293.166,1,18146304,windows,0,365,290,7,0,0,0,0,0,0,3,4,0
293.397,0,17695744,windows,0,365,290,7,0,0,0,0,0,0,3,4,0
293.423,1,18161664,windows,0,365,290,7,0,0,0,0,0,0,3,4,0
293.652,0,17710080,windows,0,365,290,7,0,0,0,0,0,0,3,4,0
293.69,1,18177024,windows,0,365,290,7,0,0,0,0,0,0,3,4,0
293.908,0,17726464,windows,0,365,290,7,0,0,0,0,0,0,3,4,0
293.952,1,18193408,repair,0,365,290,7,0,0,0,0,0,0,3,4,0
294.161,0,17742848,windows,0,365,290,7,0,0,0,0,0,0,3,4,0
294.207,1,18210816,repair,0,365,290,7,0,0,0,0,0,0,3,4,0
294.413,0,17760256,windows,0,365,290,7,0,0,0,0,0,0,3,4,0
294.466,1,18230272,repair,0,365,290,7,0,0,0,0,0,0,3,4,0
294.669,0,17778688,repair,0,365,290,7,0,0,0,0,0,0,3,4,0
294.72,1,18248704,windows,0,365,290,7,0,0,0,0,0,0,3,4,0
294.924,0,17798144,repair,0,365,290,7,0,0,0,0,0,0,3,4,0
294.97,1,18265088,windows,0,365,290,7,0,0,0,0,0,0,3,4,0
295.187,0,17817600,repair,0,365,290,7,0,0,0,0,0,0,3,4,0
295.225,1,18281472,windows,0,365,290,7,0,0,0,0,0,0,3,4,0
295.446,0,17837056,repair,0,365,290,7,0,0,0,0,0,0,3,4,0
295.48,1,18297856,windows,0,365,290,7,0,0,0,0,0,0,3,4,0
295.7,0,17851392,windows,0,365,290,7,0,0,0,0,0,0,3,4,0
296.011,1,18309120,windows,0,365,290,7,0,0,0,0,0,0,3,4,0
296.031,0,17852416,windows,0,365,290,7,0,0,0,0,0,0,3,4,0
296.271,1,18321408,windows,0,365,290,7,0,0,0,0,0,0,3,4,0
296.284,0,17866752,windows,0,365,290,7,0,0,0,0,0,0,3,4,0
296.532,1,18334720,windows,0,365,290,7,0,0,0,0,0,0,3,4,0
296.54,0,17883136,windows,0,365,290,7,0,0,0,0,0,0,3,4,0
296.788,1,18349056,windows,0,365,290,7,0,0,0,0,0,0,3,4,0
296.8,0,17898496,windows,0,365,290,7,0,0,0,0,0,0,3,4,0
297.045,1,18363392,windows,0,365,290,7,0,0,0,0,0,0,3,4,0
297.067,0,17911808,windows,0,365,290,7,0,0,0,0,0,0,3,4,0
297.312,1,18377728,windows,0,365,290,7,0,0,0,0,0,0,3,4,0
297.329,0,17926144,windows,0,365,290,7,0,0,0,0,0,0,3,4,0
297.571,1,18392064,windows,0,365,290,7,0,0,0,0,0,0,3,4,0
297.587,0,17939456,windows,0,365,290,7,0,0,0,0,0,0,3,4,0
297.839,1,18407424,windows,0,365,290,7,0,0,0,0,0,0,3,4,0
297.843,0,17952768,windows,0,365,290,7,0,0,0,0,0,0,3,4,0
298.1,0,17965056,windows,0,365,290,7,0,0,0,0,0,0,3,4,0
298.102,1,18421760,windows,0,365,290,7,0,0,0,0,0,0,3,4,0
298.356,0,17976320,windows,0,365,290,7,0,0,0,0,0,0,3,4,0
298.356,1,18435072,windows,0,365,290,7,0,0,0,0,0,0,3,4,0
298.618,1,18450432,windows,0,365,290,7,0,0,0,0,0,0,3,4,0
298.623,0,17991680,windows,0,365,290,7,0,0,0,0,0,0,3,4,0
298.875,1,18465792,windows,0,365,290,7,0,0,0,0,0,0,3,4,0
298.884,0,18007040,windows,0,365,290,7,0,0,0,0,0,0,3,4,0
299.14,1,18481152,windows,0,365,290,7,0,0,0,0,0,0,3,4,0
299.14,0,18022400,windows,0,365,290,7,0,0,0,0,0,0,3,4,0
299.402,1,18497536,windows,0,365,290,7,0,0,0,0,0,0,3,4,0
299.403,0,18037760,windows,0,365,290,7,0,0,0,0,0,0,3,4,0
299.658,1,18512896,windows,0,365,290,7,0,0,0,0,0,0,3,4,0
299.658,0,18053120,windows,0,365,290,7,0,0,0,0,0,0,3,4,0
299.915,1,18528256,windows,0,365,290,7,0,0,0,0,0,0,3,4,0
299.925,0,18068480,windows,0,365,290,7,0,0,0,0,0,0,3,4,0
300.176,0,18081792,windows,0,365,290,7,0,0,0,0,0,0,3,4,0
300.178,1,18543616,windows,0,365,290,7,0,0,0,0,0,0,3,4,0
300.437,0,18096128,windows,0,365,290,7,0,0,0,0,0,0,3,4,0
300.437,1,18561024,windows,0,365,290,7,0,0,0,0,0,0,3,4,0
300.693,1,18576384,windows,0,365,290,7,0,0,0,0,0,0,3,4,0
300.699,0,18109440,windows,0,365,290,7,0,0,0,0,0,0,3,4,0
300.948,1,18592768,windows,0,365,290,7,0,0,0,0,0,0,3,4,0
300.966,0,18123776,windows,0,365,290,7,0,0,0,0,0,0,3,4,0
301.206,1,18609152,windows,0,365,290,7,0,0,0,0,0,0,3,4,0
301.217,0,18136064,windows,0,365,290,7,0,0,0,0,0,0,3,4,0
301.463,1,18624512,repair,0,365,290,7,0,0,0,0,0,0,3,4,0
301.487,0,18149376,windows,0,365,290,7,0,0,0,0,0,0,3,4,0
301.721,1,18639872,repair,0,365,290,7,0,0,0,0,0,0,3,4,0
301.755,0,18162688,windows,0,365,290,7,0,0,0,0,0,0,3,4,0
301.981,1,18656256,windows,0,365,290,7,0,0,0,0,0,0,3,4,0
302.016,0,18176000,windows,0,365,290,7,0,0,0,0,0,0,3,4,0
302.238,1,18670592,windows,0,365,290,7,0,0,0,0,0,0,3,4,0
302.273,0,18188288,windows,0,365,290,7,0,0,0,0,0,0,3,4,0
302.498,1,18684928,windows,0,365,290,7,0,0,0,0,0,0,3,4,0
302.54,0,18201600,windows,0,365,290,7,0,0,0,0,0,0,3,4,0
302.752,1,18700288,windows,0,365,290,7,0,0,0,0,0,0,3,4,0
302.796,0,18214912,windows,0,365,290,7,0,0,0,0,0,0,3,4,0
303.01,1,18715648,windows,0,365,290,7,0,0,0,0,0,0,3,4,0
303.056,0,18229248,windows,0,365,290,7,0,0,0,0,0,0,3,4,0
303.271,1,18731008,windows,0,365,290,7,0,0,0,0,0,0,3,4,0
303.322,0,18242560,windows,0,365,290,7,0,0,0,0,0,0,3,4,0
303.524,1,18746368,windows,0,365,290,7,0,0,0,0,0,0,3,4,0
303.579,0,18256896,windows,0,365,290,7,0,0,0,0,0,0,3,4,0
303.78,1,18760704,windows,0,365,290,7,0,0,0,0,0,0,3,4,0
303.845,0,18271232,windows,0,365,290,7,0,0,0,0,0,0,3,4,0
304.045,1,18775040,windows,0,365,290,7,0,0,0,0,0,0,3,4,0
304.104,0,18284544,windows,0,365,290,7,0,0,0,0,0,0,3,4,0
304.301,1,18789376,windows,0,365,290,7,0,0,0,0,0,0,3,4,0
304.356,0,18297856,windows,0,365,290,7,0,0,0,0,0,0,3,4,0
304.557,1,18802688,windows,0,365,290,7,0,0,0,0,0,0,3,4,0
304.606,0,18312192,windows,0,365,290,7,0,0,0,0,0,0,3,4,0
304.813,1,18816000,windows,0,365,290,7,0,0,0,0,0,0,3,4,0
304.858,0,18327552,repair,0,365,290,7,0,0,0,0,0,0,3,4,0
305.068,1,18829312,windows,0,365,290,7,0,0,0,0,0,0,3,4,0
305.119,0,18341888,repair,0,365,290,7,0,0,0,0,0,0,3,4,0
305.329,1,18842624,windows,0,365,290,7,0,0,0,0,0,0,3,4,0
305.379,0,18358272,windows,0,365,290,7,0,0,0,0,0,0,3,4,0
305.591,1,18857984,windows,0,365,290,7,0,0,0,0,0,0,3,4,0
305.634,0,18371584,windows,0,365,290,7,0,0,0,0,0,0,3,4,0
305.843,1,18873344,windows,0,365,290,7,0,0,0,0,0,0,3,4,0
305.896,0,18385920,windows,0,365,290,7,0,0,0,0,0,0,3,4,0
306.105,1,18889728,windows,0,365,290,7,0,0,0,0,0,0,3,4,0
306.159,0,18399232,windows,0,365,290,7,0,0,0,0,0,0,3,4,0
306.362,1,18904064,windows,0,365,290,7,0,0,0,0,0,0,3,4,0
306.42,0,18411520,windows,0,365,290,7,0,0,0,0,0,0,3,4,0
306.625,1,18919424,windows,0,365,290,7,0,0,0,0,0,0,3,4,0
306.675,0,18423808,windows,0,365,290,7,0,0,0,0,0,0,3,4,0
306.885,1,18935808,windows,0,365,290,7,0,0,0,0,0,0,3,4,0
306.928,0,18436096,windows,0,365,290,7,0,0,0,0,0,0,3,4,0
307.146,1,18953216,windows,0,365,290,7,0,0,0,0,0,0,3,4,0
307.179,0,18449408,windows,0,365,290,7,0,0,0,0,0,0,3,4,0
307.407,1,18968576,windows,0,365,290,7,0,0,0,0,0,0,3,4,0
307.446,0,18465792,windows,0,365,290,7,0,0,0,0,0,0,3,4,0
307.671,1,18982912,windows,0,365,290,7,0,0,0,0,0,0,3,4,0
307.706,0,18482176,windows,0,365,290,7,0,0,0,0,0,0,3,4,0
307.926,1,18997248,windows,0,365,290,7,0,0,0,0,0,0,3,4,0
307.959,0,18498560,windows,0,365,290,7,0,0,0,0,0,0,3,4,0
308.179,1,19010560,windows,0,365,290,7,0,0,0,0,0,0,3,4,0
308.211,0,18513920,windows,0,365,290,7,0,0,0,0,0,0,3,4,0
308.439,1,19024896,windows,0,365,290,7,0,0,0,0,0,0,3,4,0
308.47,0,18528256,windows,0,365,290,7,0,0,0,0,0,0,3,4,0
308.708,1,19038208,windows,0,365,290,7,0,0,0,0,0,0,3,4,0
308.723,0,18542592,windows,0,365,290,7,0,0,0,0,0,0,3,4,0
308.965,1,19051520,windows,0,365,290,7,0,0,0,0,0,0,3,4,0
308.982,0,18556928,windows,0,365,290,7,0,0,0,0,0,0,3,4,0
309.224,1,19065856,windows,0,365,290,7,0,0,0,0,0,0,3,4,0
309.246,0,18571264,windows,0,365,290,7,0,0,0,0,0,0,3,4,0
309.493,1,19080192,repair,0,365,290,7,0,0,0,0,0,0,3,4,0
309.509,0,18585600,windows,0,365,290,7,0,0,0,0,0,0,3,4,0
309.75,1,19094528,repair,0,365,290,7,0,0,0,0,0,0,3,4,0
309.771,0,18600960,windows,0,365,290,7,0,0,0,0,0,0,3,4,0
310.004,1,19108864,repair,0,365,290,7,0,0,0,0,0,0,3,4,0
310.023,0,18616320,windows,0,365,290,7,0,0,0,0,0,0,3,4,0
310.261,1,19122176,repair,0,365,290,7,0,0,0,0,0,0,3,4,0
310.283,0,18631680,windows,0,365,290,7,0,0,0,0,0,0,3,4,0
310.517,1,19136512,windows,0,365,290,7,0,0,0,0,0,0,3,4,0
310.546,0,18649088,windows,0,365,290,7,0,0,0,0,0,0,3,4,0
310.767,1,19149824,windows,0,365,290,7,0,0,0,0,0,0,3,4,0
310.812,0,18666496,windows,0,365,290,7,0,0,0,0,0,0,3,4,0
311.02,1,19163136,windows,0,365,290,7,0,0,0,0,0,0,3,4,0
311.068,0,18683904,windows,0,365,290,7,0,0,0,0,0,0,3,4,0
311.28,1,19176448,windows,0,365,290,7,0,0,0,0,0,0,3,4,0
311.32,0,18700288,repair,0,365,290,7,0,0,0,0,0,0,3,4,0
311.546,1,19189760,windows,0,365,290,7,0,0,0,0,0,0,3,4,0
311.577,0,18718720,repair,0,365,290,7,0,0,0,0,0,0,3,4,0
311.799,1,19204096,windows,0,365,290,7,0,0,0,0,0,0,3,4,0
311.827,0,18734080,windows,0,365,290,7,0,0,0,0,0,0,3,4,0
312.062,1,19218432,windows,0,365,290,7,0,0,0,0,0,0,3,4,0
312.087,0,18748416,windows,0,365,290,7,0,0,0,0,0,0,3,4,0
312.316,1,19231744,windows,0,365,290,7,0,0,0,0,0,0,3,4,0
312.341,0,18762752,windows,0,365,290,7,0,0,0,0,0,0,3,4,0
312.568,1,19243008,windows,0,365,290,7,0,0,0,0,0,0,3,4,0
312.601,0,18780160,windows,0,365,290,7,0,0,0,0,0,0,3,4,0
312.824,1,19257344,windows,0,365,290,7,0,0,0,0,0,0,3,4,0
312.851,0,18796544,windows,0,365,290,7,0,0,0,0,0,0,3,4,0
313.087,1,19271680,windows,0,365,290,7,0,0,0,0,0,0,3,4,0
313.103,0,18811904,windows,0,365,290,7,0,0,0,0,0,0,3,4,0
313.348,1,19286016,windows,0,365,290,7,0,0,0,0,0,0,3,4,0
313.36,0,18828288,windows,0,365,290,7,0,0,0,0,0,0,3,4,0
313.6,1,19299328,windows,0,365,290,7,0,0,0,0,0,0,3,4,0
313.622,0,18845696,windows,0,365,290,7,0,0,0,0,0,0,3,4,0
313.867,1,19313664,windows,0,365,290,7,0,0,0,0,0,0,3,4,0
313.884,0,18863104,windows,0,365,290,7,0,0,0,0,0,0,3,4,0
314.118,1,19326976,windows,0,365,290,7,0,0,0,0,0,0,3,4,0
314.143,0,18878464,windows,0,365,290,7,0,0,0,0,0,0,3,4,0
314.368,1,19340288,windows,0,365,290,7,0,0,0,0,0,0,3,4,0
314.404,0,18894848,windows,0,365,290,7,0,0,0,0,0,0,3,4,0
314.633,1,19354624,windows,0,365,290,7,0,0,0,0,0,0,3,4,0
314.667,0,18911232,windows,0,365,290,7,0,0,0,0,0,0,3,4,0
314.896,1,19368960,windows,0,365,290,7,0,0,0,0,0,0,3,4,0
314.934,0,18928640,windows,0,365,290,7,0,0,0,0,0,0,3,4,0
315.148,1,19382272,windows,0,365,290,7,0,0,0,0,0,0,3,4,0
315.199,0,18945024,windows,0,365,290,7,0,0,0,0,0,0,3,4,0
315.414,1,19396608,windows,0,365,290,7,0,0,0,0,0,0,3,4,0
315.455,0,18960384,windows,0,365,290,7,0,0,0,0,0,0,3,4,0
315.671,1,19410944,windows,0,365,290,7,0,0,0,0,0,0,3,4,0
315.717,0,18975744,windows,0,365,290,7,0,0,0,0,0,0,3,4,0
315.924,1,19425280,windows,0,365,290,7,0,0,0,0,0,0,3,4,0
315.975,0,18991104,windows,0,365,290,7,0,0,0,0,0,0,3,4,0
316.182,1,19439616,windows,0,365,290,7,0,0,0,0,0,0,3,4,0
316.24,0,19005440,windows,0,365,290,7,0,0,0,0,0,0,3,4,0
316.444,1,19453952,windows,0,365,290,7,0,0,0,0,0,0,3,4,0
316.496,0,19019776,windows,0,365,290,7,0,0,0,0,0,0,3,4,0
316.7,1,19468288,windows,0,365,290,7,0,0,0,0,0,0,3,4,0
316.747,0,19033088,repair,0,365,290,7,0,0,0,0,0,0,3,4,0
316.957,1,19483648,windows,0,365,290,7,0,0,0,0,0,0,3,4,0
317.006,0,19049472,windows,0,365,290,7,0,0,0,0,0,0,3,4,0
317.223,1,19499008,repair,0,365,290,7,0,0,0,0,0,0,3,4,0
317.27,0,19063808,windows,0,365,290,7,0,0,0,0,0,0,3,4,0
317.475,1,19513344,repair,0,365,290,7,0,0,0,0,0,0,3,4,0
317.52,0,19078144,windows,0,365,290,7,0,0,0,0,0,0,3,4,0
317.735,1,19528704,windows,0,365,290,7,0,0,0,0,0,0,3,4,0
317.784,0,19093504,windows,0,365,290,7,0,0,0,0,0,0,3,4,0
317.987,1,19544064,windows,0,365,290,7,0,0,0,0,0,0,3,4,0
318.054,0,19108864,windows,0,365,290,7,0,0,0,0,0,0,3,4,0
318.256,1,19559424,windows,0,365,290,7,0,0,0,0,0,0,3,4,0
318.322,0,19123200,windows,0,365,290,7,0,0,0,0,0,0,3,4,0
318.507,1,19573760,windows,0,365,290,7,0,0,0,0,0,0,3,4,0
318.58,0,19137536,windows,0,365,290,7,0,0,0,0,0,0,3,4,0
318.774,1,19589120,windows,0,365,290,7,0,0,0,0,0,0,3,4,0
318.84,0,19152896,windows,0,365,290,7,0,0,0,0,0,0,3,4,0
319.026,1,19604480,windows,0,365,290,7,0,0,0,0,0,0,3,4,0
319.091,0,19168256,windows,0,365,290,7,0,0,0,0,0,0,3,4,0
319.279,1,19618816,windows,0,365,290,7,0,0,0,0,0,0,3,4,0
319.348,0,19183616,windows,0,365,290,7,0,0,0,0,0,0,3,4,0
319.543,1,19634176,windows,0,365,290,7,0,0,0,0,0,0,3,4,0
319.609,0,19198976,windows,0,365,290,7,0,0,0,0,0,0,3,4,0
319.8,1,19648512,windows,0,365,290,7,0,0,0,0,0,0,3,4,0
319.874,0,19215360,windows,0,365,290,7,0,0,0,0,0,0,3,4,0
320.065,1,19662848,windows,0,365,290,7,0,0,0,0,0,0,3,4,0
320.149,0,19230720,windows,0,365,290,7,0,0,0,0,0,0,3,4,0
320.329,1,19677184,windows,0,365,290,7,0,0,0,0,0,0,3,4,0
320.402,0,19247104,windows,0,365,290,7,0,0,0,0,0,0,3,4,0
320.589,1,19691520,windows,0,365,290,7,0,0,0,0,0,0,3,4,0
320.662,0,19263488,windows,0,365,290,7,0,0,0,0,0,0,3,4,0
320.844,1,19705856,windows,0,365,290,7,0,0,0,0,0,0,3,4,0
320.917,0,19280896,windows,0,365,290,7,0,0,0,0,0,0,3,4,0
321.101,1,19720192,windows,0,365,290,7,0,0,0,0,0,0,3,4,0
321.178,0,19299328,windows,0,365,290,7,0,0,0,0,0,0,3,4,0
321.362,1,19734528,windows,0,365,290,7,0,0,0,0,0,0,3,4,0
321.437,0,19317760,windows,0,365,290,7,0,0,0,0,0,0,3,4,0
321.624,1,19748864,windows,0,365,290,7,0,0,0,0,0,0,3,4,0
321.699,0,19335168,windows,0,365,290,7,0,0,0,0,0,0,3,4,0
321.878,1,19763200,windows,0,365,290,7,0,0,0,0,0,0,3,4,0
321.961,0,19352576,windows,0,365,290,7,0,0,0,0,0,0,3,4,0
322.133,1,19777536,windows,0,365,290,7,0,0,0,0,0,0,3,4,0
322.22,0,19368960,repair,0,365,290,7,0,0,0,0,0,0,3,4,0
322.399,1,19791872,windows,0,365,290,7,0,0,0,0,0,0,3,4,0
322.484,0,19388416,repair,0,365,290,7,0,0,0,0,0,0,3,4,0
322.662,1,19806208,windows,0,365,290,7,0,0,0,0,0,0,3,4,0
322.741,0,19406848,repair,0,365,290,7,0,0,0,0,0,0,3,4,0
322.929,1,19821568,repair,0,365,290,7,0,0,0,0,0,0,3,4,0
322.997,0,19425280,windows,0,365,290,7,0,0,0,0,0,0,3,4,0
323.18,1,19835904,repair,0,365,290,7,0,0,0,0,0,0,3,4,0
323.259,0,19440640,windows,0,365,290,7,0,0,0,0,0,0,3,4,0
323.431,1,19850240,windows,0,365,290,7,0,0,0,0,0,0,3,4,0
323.523,0,19457024,windows,0,365,290,7,0,0,0,0,0,0,3,4,0
323.687,1,19865600,windows,0,365,290,7,0,0,0,0,0,0,3,4,0
323.782,0,19473408,windows,0,365,290,7,0,0,0,0,0,0,3,4,0
323.939,1,19879936,windows,0,365,290,7,0,0,0,0,0,0,3,4,0
324.043,0,19489792,windows,0,365,290,7,0,0,0,0,0,0,3,4,0
324.209,1,19894272,windows,0,365,290,7,0,0,0,0,0,0,3,4,0
324.299,0,19505152,windows,0,365,290,7,0,0,0,0,0,0,3,4,0
324.475,1,19907584,windows,0,365,290,7,0,0,0,0,0,0,3,4,0
324.561,0,19519488,windows,0,365,290,7,0,0,0,0,0,0,3,4,0
324.74,1,19921920,windows,0,365,290,7,0,0,0,0,0,0,3,4,0
324.827,0,19536896,windows,0,365,290,7,0,0,0,0,0,0,3,4,0
324.999,1,19936256,windows,0,365,290,7,0,0,0,0,0,0,3,4,0
325.079,0,19552256,windows,0,365,290,7,0,0,0,0,0,0,3,4,0
325.251,1,19949568,windows,0,365,290,7,0,0,0,0,0,0,3,4,0
325.341,0,19568640,windows,0,365,290,7,0,0,0,0,0,0,3,4,0
325.509,1,19962880,windows,0,365,290,7,0,0,0,0,0,0,3,4,0
325.603,0,19587072,windows,0,365,290,7,0,0,0,0,0,0,3,4,0
325.773,1,19977216,windows,0,365,290,7,0,0,0,0,0,0,3,4,0
325.867,0,19602432,windows,0,365,290,7,0,0,0,0,0,0,3,4,0
326.045,1,19991552,windows,0,365,290,7,0,0,0,0,0,0,3,4,0
326.129,0,19616768,windows,0,365,290,7,0,0,0,0,0,0,3,4,0
326.313,1,20005888,windows,0,365,290,7,0,0,0,0,0,0,3,4,0
326.383,0,19633152,windows,0,365,290,7,0,0,0,0,0,0,3,4,0
326.567,1,20019200,windows,0,365,290,7,0,0,0,0,0,0,3,4,0
326.633,0,19648512,windows,0,365,290,7,0,0,0,0,0,0,3,4,0
326.827,1,20032512,windows,0,365,290,7,0,0,0,0,0,0,3,4,0
326.887,0,19665920,windows,0,365,290,7,0,0,0,0,0,0,3,4,0
327.079,1,20045824,windows,0,365,290,7,0,0,0,0,0,0,3,4,0
327.148,0,19682304,windows,0,365,290,7,0,0,0,0,0,0,3,4,0
327.336,1,20059136,windows,0,365,290,7,0,0,0,0,0,0,3,4,0
327.404,0,19698688,windows,0,365,290,7,0,0,0,0,0,0,3,4,0
327.602,1,20073472,windows,0,365,290,7,0,0,0,0,0,0,3,4,0
327.654,0,19715072,repair,0,365,290,7,0,0,0,0,0,0,3,4,0
327.864,1,20087808,windows,0,365,290,7,0,0,0,0,0,0,3,4,0
327.916,0,19731456,repair,0,365,290,7,0,0,0,0,0,0,3,4,0
328.121,1,20101120,windows,0,365,290,7,0,0,0,0,0,0,3,4,0
328.174,0,19746816,windows,0,365,290,7,0,0,0,0,0,0,3,4,0
328.391,1,20115456,windows,0,365,290,7,0,0,0,0,0,0,3,4,0
328.432,0,19762176,windows,0,365,290,7,0,0,0,0,0,0,3,4,0
328.653,1,20129792,windows,0,365,290,7,0,0,0,0,0,0,3,4,0
328.689,0,19777536,windows,0,365,290,7,0,0,0,0,0,0,3,4,0
328.913,1,20144128,windows,0,365,290,7,0,0,0,0,0,0,3,4,0
328.941,0,19792896,windows,0,365,290,7,0,0,0,0,0,0,3,4,0
329.166,1,20158464,windows,0,365,290,7,0,0,0,0,0,0,3,4,0
329.205,0,19808256,windows,0,365,290,7,0,0,0,0,0,0,3,4,0
329.428,1,20172800,windows,0,365,290,7,0,0,0,0,0,0,3,4,0
329.488,0,19824640,windows,0,365,290,7,0,0,0,0,0,0,3,4,0
329.69,1,20187136,windows,0,365,290,7,0,0,0,0,0,0,3,4,0
329.747,0,19838976,windows,0,365,290,7,0,0,0,0,0,0,3,4,0
329.954,1,20202496,windows,0,365,290,7,0,0,0,0,0,0,3,4,0
330.016,0,19853312,windows,0,365,290,7,0,0,0,0,0,0,3,4,0
330.207,1,20216832,windows,0,365,290,7,0,0,0,0,0,0,3,4,0
330.267,0,19865600,windows,0,365,290,7,0,0,0,0,0,0,3,4,0
330.458,1,20231168,windows,0,365,290,7,0,0,0,0,0,0,3,4,0
330.527,0,19878912,windows,0,365,290,7,0,0,0,0,0,0,3,4,0
330.71,1,20245504,windows,0,365,290,7,0,0,0,0,0,0,3,4,0
330.779,0,19892224,windows,0,365,290,7,0,0,0,0,0,0,3,4,0
330.966,1,20259840,windows,0,365,290,7,0,0,0,0,0,0,3,4,0
331.044,0,19906560,windows,0,365,290,7,0,0,0,0,0,0,3,4,0
331.229,1,20274176,windows,0,365,290,7,0,0,0,0,0,0,3,4,0
331.307,0,19919872,windows,0,365,290,7,0,0,0,0,0,0,3,4,0
331.481,1,20288512,windows,0,365,290,7,0,0,0,0,0,0,3,4,0
331.563,0,19935232,windows,0,365,290,7,0,0,0,0,0,0,3,4,0
331.741,1,20303872,repair,0,365,290,7,0,0,0,0,0,0,3,4,0
331.816,0,19948544,windows,0,365,290,7,0,0,0,0,0,0,3,4,0
331.994,1,20324352,repair,0,365,290,7,0,0,0,0,0,0,3,4,0
332.075,0,19962880,windows,0,365,290,7,0,0,0,0,0,0,3,4,0
332.249,1,20341760,windows,0,365,290,7,0,0,0,0,0,0,3,4,0
332.335,0,19976192,windows,0,365,290,7,0,0,0,0,0,0,3,4,0
332.507,1,20358144,windows,0,365,290,7,0,0,0,0,0,0,3,4,0
332.598,0,19992576,windows,0,365,290,7,0,0,0,0,0,0,3,4,0
332.772,1,20375552,windows,0,365,290,7,0,0,0,0,0,0,3,4,0
332.855,0,20007936,windows,0,365,290,7,0,0,0,0,0,0,3,4,0
333.038,1,20391936,windows,0,365,290,7,0,0,0,0,0,0,3,4,0
333.111,0,20022272,windows,0,365,290,7,0,0,0,0,0,0,3,4,0
333.303,1,20407296,windows,0,365,290,7,0,0,0,0,0,0,3,4,0
333.372,0,20036608,windows,0,365,290,7,0,0,0,0,0,0,3,4,0
333.557,1,20422656,windows,0,365,290,7,0,0,0,0,0,0,3,4,0
333.628,0,20052992,windows,0,365,290,7,0,0,0,0,0,0,3,4,0
333.816,1,20439040,windows,0,365,290,7,0,0,0,0,0,0,3,4,0
333.882,0,20068352,windows,0,365,290,7,0,0,0,0,0,0,3,4,0
334.073,1,20453376,windows,0,365,290,7,0,0,0,0,0,0,3,4,0
334.15,0,20084736,windows,0,365,290,7,0,0,0,0,0,0,3,4,0
334.325,1,20468736,windows,0,365,290,7,0,0,0,0,0,0,3,4,0
334.41,0,20102144,windows,0,365,290,7,0,0,0,0,0,0,3,4,0
334.586,1,20487168,windows,0,365,290,7,0,0,0,0,0,0,3,4,0
334.672,0,20118528,repair,0,365,290,7,0,0,0,0,0,0,3,4,0
334.844,1,20505600,windows,0,365,290,7,0,0,0,0,0,0,3,4,0
334.924,0,20137984,repair,0,365,290,7,0,0,0,0,0,0,3,4,0
335.097,1,20521984,windows,0,365,290,7,0,0,0,0,0,0,3,4,0
335.176,0,20155392,windows,0,365,290,7,0,0,0,0,0,0,3,4,0
335.348,1,20538368,windows,0,365,290,7,0,0,0,0,0,0,3,4,0
335.437,0,20173824,windows,0,365,290,7,0,0,0,0,0,0,3,4,0
335.612,1,20556800,windows,0,365,290,7,0,0,0,0,0,0,3,4,0
335.689,0,20190208,windows,0,365,290,7,0,0,0,0,0,0,3,4,0
335.863,1,20573184,windows,0,365,290,7,0,0,0,0,0,0,3,4,0
335.947,0,20207616,windows,0,365,290,7,0,0,0,0,0,0,3,4,0
336.125,1,20588544,windows,0,365,290,7,0,0,0,0,0,0,3,4,0
336.199,0,20225024,windows,0,365,290,7,0,0,0,0,0,0,3,4,0
336.379,1,20603904,windows,0,365,290,7,0,0,0,0,0,0,3,4,0
336.46,0,20242432,windows,0,365,290,7,0,0,0,0,0,0,3,4,0
336.644,1,20618240,repair,0,365,290,7,0,0,0,0,0,0,3,4,0
336.727,0,20258816,windows,0,365,290,7,0,0,0,0,0,0,3,4,0
336.902,1,20633600,windows,0,365,290,7,0,0,0,0,0,0,3,4,0
336.983,0,20276224,repair,0,365,290,7,0,0,0,0,0,0,3,4,0
337.157,1,20648960,windows,0,365,290,7,0,0,0,0,0,0,3,4,0
337.239,0,20293632,repair,0,365,290,7,0,0,0,0,0,0,3,4,0
337.41,1,20663296,windows,0,365,290,7,0,0,0,0,0,0,3,4,0
337.492,0,20312064,repair,0,365,290,7,0,0,0,0,0,0,3,4,0
337.663,1,20676608,windows,0,365,290,7,0,0,0,0,0,0,3,4,0
337.751,0,20330496,windows,0,365,290,7,0,0,0,0,0,0,3,4,0
337.914,1,20690944,windows,0,365,290,7,0,0,0,0,0,0,3,4,0
338.017,0,20347904,windows,0,365,290,7,0,0,0,0,0,0,3,4,0
338.17,1,20704256,windows,0,365,290,7,0,0,0,0,0,0,3,4,0
338.269,0,20363264,windows,0,365,290,7,0,0,0,0,0,0,3,4,0
338.43,1,20718592,windows,0,365,290,7,0,0,0,0,0,0,3,4,0
338.535,0,20379648,windows,0,365,290,7,0,0,0,0,0,0,3,4,0
338.689,1,20733952,windows,0,365,290,7,0,0,0,0,0,0,3,4,0
338.799,0,20397056,windows,0,365,290,7,0,0,0,0,0,0,3,4,0
338.945,1,20749312,windows,0,365,290,7,0,0,0,0,0,0,3,4,0
339.063,0,20412416,windows,0,365,290,7,0,0,0,0,0,0,3,4,0
339.197,1,20764672,windows,0,365,290,7,0,0,0,0,0,0,3,4,0
339.317,0,20426752,windows,0,365,290,7,0,0,0,0,0,0,3,4,0
339.46,1,20779008,windows,0,365,290,7,0,0,0,0,0,0,3,4,0
339.571,0,20441088,windows,0,365,290,7,0,0,0,0,0,0,3,4,0
339.716,1,20793344,windows,0,365,290,7,0,0,0,0,0,0,3,4,0
339.834,0,20455424,windows,0,365,290,7,0,0,0,0,0,0,3,4,0
339.98,1,20808704,windows,0,365,290,7,0,0,0,0,0,0,3,4,0
340.089,0,20469760,windows,0,365,290,7,0,0,0,0,0,0,3,4,0
340.241,1,20822016,windows,0,365,290,7,0,0,0,0,0,0,3,4,0
340.341,0,20484096,windows,0,365,290,7,0,0,0,0,0,0,3,4,0
340.491,1,20834304,windows,0,365,290,7,0,0,0,0,0,0,3,4,0
340.602,0,20498432,windows,0,365,290,7,0,0,0,0,0,0,3,4,0
340.745,1,20848640,windows,0,365,290,7,0,0,0,0,0,0,3,4,0
340.871,0,20512768,windows,0,365,290,7,0,0,0,0,0,0,3,4,0
341.004,1,20864000,windows,0,365,290,7,0,0,0,0,0,0,3,4,0
341.14,0,20526080,windows,0,365,290,7,0,0,0,0,0,0,3,4,0
341.257,1,20879360,windows,0,365,290,7,0,0,0,0,0,0,3,4,0
341.394,0,20539392,windows,0,365,290,7,0,0,0,0,0,0,3,4,0
341.52,1,20893696,repair,0,365,290,7,0,0,0,0,0,0,3,4,0
341.656,0,20552704,windows,0,365,290,7,0,0,0,0,0,0,3,4,0
341.78,1,20911104,repair,0,365,290,7,0,0,0,0,0,0,3,4,0
341.907,0,20566016,windows,0,365,290,7,0,0,0,0,0,0,3,4,0
342.039,1,20928512,windows,0,365,290,7,0,0,0,0,0,0,3,4,0
342.157,0,20578304,windows,0,365,290,7,0,0,0,0,0,0,3,4,0
342.29,1,20943872,windows,0,365,290,7,0,0,0,0,0,0,3,4,0
342.425,0,20592640,windows,0,365,290,7,0,0,0,0,0,0,3,4,0
342.541,1,20959232,windows,0,365,290,7,0,0,0,0,0,0,3,4,0
342.688,0,20606976,windows,0,365,290,7,0,0,0,0,0,0,3,4,0
342.807,1,20975616,windows,0,365,290,7,0,0,0,0,0,0,3,4,0
342.94,0,20621312,windows,0,365,290,7,0,0,0,0,0,0,3,4,0
343.064,1,20993024,windows,0,365,290,7,0,0,0,0,0,0,3,4,0
343.192,0,20636672,windows,0,365,290,7,0,0,0,0,0,0,3,4,0
343.33,1,21009408,windows,0,365,290,7,0,0,0,0,0,0,3,4,0
343.449,0,20652032,windows,0,365,290,7,0,0,0,0,0,0,3,4,0
343.585,1,21024768,windows,0,365,290,7,0,0,0,0,0,0,3,4,0
343.71,0,20668416,windows,0,365,290,7,0,0,0,0,0,0,3,4,0
343.85,1,21041152,windows,0,365,290,7,0,0,0,0,0,0,3,4,0
343.967,0,20685824,windows,0,365,290,7,0,0,0,0,0,0,3,4,0
344.112,1,21057536,windows,0,365,290,7,0,0,0,0,0,0,3,4,0
344.22,0,20701184,windows,0,365,290,7,0,0,0,0,0,0,3,4,0
344.378,1,21071872,windows,0,365,290,7,0,0,0,0,0,0,3,4,0
344.48,0,20716544,windows,0,365,290,7,0,0,0,0,0,0,3,4,0
344.629,1,21085184,windows,0,365,290,7,0,0,0,0,0,0,3,4,0
344.739,0,20731904,windows,0,365,290,7,0,0,0,0,0,0,3,4,0
344.886,1,21099520,windows,0,365,290,7,0,0,0,0,0,0,3,4,0
344.992,0,20747264,windows,0,365,290,7,0,0,0,0,0,0,3,4,0
345.151,1,21114880,windows,0,365,290,7,0,0,0,0,0,0,3,4,0
345.258,0,20763648,windows,0,365,290,7,0,0,0,0,0,0,3,4,0
345.409,1,21131264,windows,0,365,290,7,0,0,0,0,0,0,3,4,0
345.513,0,20779008,windows,0,365,290,7,0,0,0,0,0,0,3,4,0
345.672,1,21148672,windows,0,365,290,7,0,0,0,0,0,0,3,4,0
345.773,0,20793344,repair,0,365,290,7,0,0,0,0,0,0,3,4,0
345.924,1,21165056,windows,0,365,290,7,0,0,0,0,0,0,3,4,0
346.036,0,20808704,repair,0,365,290,7,0,0,0,0,0,0,3,4,0
346.185,1,21181440,windows,0,365,290,7,0,0,0,0,0,0,3,4,0
346.295,0,20825088,repair,0,365,290,7,0,0,0,0,0,0,3,4,0
346.44,1,21195776,windows,0,365,290,7,0,0,0,0,0,0,3,4,0
346.561,0,20840448,repair,0,365,290,7,0,0,0,0,0,0,3,4,0
346.692,1,21208064,windows,0,365,290,7,0,0,0,0,0,0,3,4,0
346.827,0,20856832,windows,0,365,290,7,0,0,0,0,0,0,3,4,0
346.959,1,21222400,windows,0,365,290,7,0,0,0,0,0,0,3,4,0
347.083,0,20872192,windows,0,365,290,7,0,0,0,0,0,0,3,4,0
347.211,1,21235712,windows,0,365,290,7,0,0,0,0,0,0,3,4,0
347.345,0,20887552,windows,0,365,290,7,0,0,0,0,0,0,3,4,0
347.466,1,21250048,windows,0,365,290,7,0,0,0,0,0,0,3,4,0
347.607,0,20902912,windows,0,365,290,7,0,0,0,0,0,0,3,4,0
347.725,1,21264384,repair,0,365,290,7,0,0,0,0,0,0,3,4,0
347.865,0,20917248,windows,0,365,290,7,0,0,0,0,0,0,3,4,0
347.996,1,21279744,repair,0,365,290,7,0,0,0,0,0,0,3,4,0
348.12,0,20931584,repair,0,365,290,7,0,0,0,0,0,0,3,4,0
348.265,1,21295104,windows,0,365,290,7,0,0,0,0,0,0,3,4,0
348.378,0,20947968,repair,0,365,290,7,0,0,0,0,0,0,3,4,0
348.519,1,21310464,windows,0,365,290,7,0,0,0,0,0,0,3,4,0
348.641,0,20965376,repair,0,365,290,7,0,0,0,0,0,0,3,4,0
348.781,1,21326848,windows,0,365,290,7,0,0,0,0,0,0,3,4,0
348.898,0,20981760,windows,0,365,290,7,0,0,0,0,0,0,3,4,0
349.033,1,21343232,windows,0,365,290,7,0,0,0,0,0,0,3,4,0
349.157,0,20996096,windows,0,365,290,7,0,0,0,0,0,0,3,4,0
349.299,1,21358592,windows,0,365,290,7,0,0,0,0,0,0,3,4,0
349.408,0,21009408,windows,0,365,290,7,0,0,0,0,0,0,3,4,0
349.552,1,21373952,windows,0,365,290,7,0,0,0,0,0,0,3,4,0
349.675,0,21023744,windows,0,365,290,7,0,0,0,0,0,0,3,4,0
349.805,1,21388288,windows,0,365,290,7,0,0,0,0,0,0,3,4,0
349.936,0,21036032,windows,0,365,290,7,0,0,0,0,0,0,3,4,0
350.067,1,21403648,windows,0,365,290,7,0,0,0,0,0,0,3,4,0
350.192,0,21048320,windows,0,365,290,7,0,0,0,0,0,0,3,4,0
350.319,1,21417984,windows,0,365,290,7,0,0,0,0,0,0,3,4,0
350.448,0,21063680,windows,0,365,290,7,0,0,0,0,0,0,3,4,0
350.581,1,21434368,windows,0,365,290,7,0,0,0,0,0,0,3,4,0
350.713,0,21080064,windows,0,365,290,7,0,0,0,0,0,0,3,4,0
350.844,1,21450752,windows,0,365,290,7,0,0,0,0,0,0,3,4,0
350.971,0,21094400,windows,0,365,290,7,0,0,0,0,0,0,3,4,0
351.103,1,21466112,windows,0,365,290,7,0,0,0,0,0,0,3,4,0
351.222,0,21107712,windows,0,365,290,7,0,0,0,0,0,0,3,4,0
351.358,1,21482496,windows,0,365,290,7,0,0,0,0,0,0,3,4,0
351.483,0,21122048,windows,0,365,290,7,0,0,0,0,0,0,3,4,0
351.608,1,21497856,windows,0,365,290,7,0,0,0,0,0,0,3,4,0
351.744,0,21137408,windows,0,365,290,7,0,0,0,0,0,0,3,4,0
351.868,1,21515264,windows,0,365,290,7,0,0,0,0,0,0,3,4,0
352.009,0,21152768,windows,0,365,290,7,0,0,0,0,0,0,3,4,0
352.119,1,21531648,windows,0,365,290,7,0,0,0,0,0,0,3,4,0
352.266,0,21167104,windows,0,365,290,7,0,0,0,0,0,0,3,4,0
352.384,1,21549056,windows,0,365,290,7,0,0,0,0,0,0,3,4,0
352.526,0,21182464,windows,0,365,290,7,0,0,0,0,0,0,3,4,0
352.639,1,21566464,windows,0,365,290,7,0,0,0,0,0,0,3,4,0
352.796,0,21198848,windows,0,365,290,7,0,0,0,0,0,0,3,4,0
352.892,1,21583872,windows,0,365,290,7,0,0,0,0,0,0,3,4,0
353.062,0,21213184,windows,0,365,290,7,0,0,0,0,0,0,3,4,0
353.145,1,21599232,windows,0,365,290,7,0,0,0,0,0,0,3,4,0
353.326,0,21227520,windows,0,365,290,7,0,0,0,0,0,0,3,4,0
353.395,1,21615616,windows,0,365,290,7,0,0,0,0,0,0,3,4,0
353.596,0,21241856,windows,0,365,290,7,0,0,0,0,0,0,3,4,0
353.655,1,21633024,windows,0,365,290,7,0,0,0,0,0,0,3,4,0
353.85,0,21255168,windows,0,365,290,7,0,0,0,0,0,0,3,4,0
353.916,1,21649408,windows,0,365,290,7,0,0,0,0,0,0,3,4,0
354.111,0,21271552,windows,0,365,290,7,0,0,0,0,0,0,3,4,0
354.169,1,21665792,windows,0,365,290,7,0,0,0,0,0,0,3,4,0
354.373,0,21288960,windows,0,365,290,7,0,0,0,0,0,0,3,4,0
354.421,1,21683200,windows,0,365,290,7,0,0,0,0,0,0,3,4,0
354.636,0,21306368,windows,0,365,290,7,0,0,0,0,0,0,3,4,0
354.678,1,21700608,windows,0,365,290,7,0,0,0,0,0,0,3,4,0
354.898,0,21324800,windows,0,365,290,7,0,0,0,0,0,0,3,4,0
354.937,1,21720064,windows,0,365,290,7,0,0,0,0,0,0,3,4,0
355.163,0,21343232,windows,0,365,290,7,0,0,0,0,0,0,3,4,0
355.196,1,21739520,windows,0,365,290,7,0,0,0,0,0,0,3,4,0
355.417,0,21359616,windows,0,365,290,7,0,0,0,0,0,0,3,4,0
355.456,1,21758976,windows,0,365,290,7,0,0,0,0,0,0,3,4,0
355.67,0,21372928,windows,0,365,290,7,0,0,0,0,0,0,3,4,0
355.72,1,21776384,repair,0,365,290,7,0,0,0,0,0,0,3,4,0
355.929,0,21387264,windows,0,365,290,7,0,0,0,0,0,0,3,4,0
355.978,1,21792768,repair,0,365,290,7,0,0,0,0,0,0,3,4,0
356.186,0,21401600,windows,0,365,290,7,0,0,0,0,0,0,3,4,0
356.237,1,21809152,repair,0,365,290,7,0,0,0,0,0,0,3,4,0
356.439,0,21414912,repair,0,365,290,7,0,0,0,0,0,0,3,4,0
356.501,1,21829632,windows,0,365,290,7,0,0,0,0,0,0,3,4,0
356.696,0,21429248,repair,0,365,290,7,0,0,0,0,0,0,3,4,0
356.755,1,21844992,windows,0,365,290,7,0,0,0,0,0,0,3,4,0
356.96,0,21442560,windows,0,365,290,7,0,0,0,0,0,0,3,4,0
357.011,1,21860352,windows,0,365,290,7,0,0,0,0,0,0,3,4,0
357.215,0,21456896,windows,0,365,290,7,0,0,0,0,0,0,3,4,0
357.275,1,21876736,windows,0,365,290,7,0,0,0,0,0,0,3,4,0
357.465,0,21471232,windows,0,365,290,7,0,0,0,0,0,0,3,4,0
357.526,1,21892096,windows,0,365,290,7,0,0,0,0,0,0,3,4,0
357.725,0,21485568,windows,0,365,290,7,0,0,0,0,0,0,3,4,0
357.782,1,21909504,windows,0,365,290,7,0,0,0,0,0,0,3,4,0
357.979,0,21500928,windows,0,365,290,7,0,0,0,0,0,0,3,4,0
358.04,1,21924864,windows,0,365,290,7,0,0,0,0,0,0,3,4,0
358.239,0,21517312,windows,0,365,290,7,0,0,0,0,0,0,3,4,0
358.302,1,21939200,windows,0,365,290,7,0,0,0,0,0,0,3,4,0
358.497,0,21533696,windows,0,365,290,7,0,0,0,0,0,0,3,4,0
358.567,1,21954560,windows,0,365,290,7,0,0,0,0,0,0,3,4,0
358.762,0,21550080,windows,0,365,290,7,0,0,0,0,0,0,3,4,0
358.83,1,21969920,windows,0,365,290,7,0,0,0,0,0,0,3,4,0
359.029,0,21566464,windows,0,365,290,7,0,0,0,0,0,0,3,4,0
359.085,1,21985280,windows,0,365,290,7,0,0,0,0,0,0,3,4,0
359.299,0,21582848,windows,0,365,290,7,0,0,0,0,0,0,3,4,0
359.336,1,21999616,windows,0,365,290,7,0,0,0,0,0,0,3,4,0
359.563,0,21599232,windows,0,365,290,7,0,0,0,0,0,0,3,4,0
359.586,1,22013952,windows,0,365,290,7,0,0,0,0,0,0,3,4,0
359.823,0,21616640,windows,0,365,290,7,0,0,0,0,0,0,3,4,0
359.846,1,22030336,windows,0,365,290,7,0,0,0,0,0,0,3,4,0
360.087,0,21635072,windows,0,365,290,7,0,0,0,0,0,0,3,4,0
360.112,1,22046720,windows,0,365,290,7,0,0,0,0,0,0,3,4,0
360.341,0,21652480,windows,0,365,290,7,0,0,0,0,0,0,3,4,0
360.37,1,22065152,windows,0,365,290,7,0,0,0,0,0,0,3,4,0
360.601,0,21670912,repair,0,365,290,7,0,0,0,0,0,0,3,4,0
360.631,1,22083584,windows,0,365,290,7,0,0,0,0,0,0,3,4,0
360.857,0,21689344,windows,0,365,290,7,0,0,0,0,0,0,3,4,0
360.884,1,22100992,windows,0,365,290,7,0,0,0,0,0,0,3,4,0
361.115,0,21704704,windows,0,365,290,7,0,0,0,0,0,0,3,4,0
361.143,1,22118400,windows,0,365,290,7,0,0,0,0,0,0,3,4,0
361.381,0,21719040,windows,0,365,290,7,0,0,0,0,0,0,3,4,0
361.401,1,22135808,repair,0,365,290,7,0,0,0,0,0,0,3,4,0
361.635,0,21735424,windows,0,365,290,7,0,0,0,0,0,0,3,4,0
361.662,1,22155264,windows,0,365,290,7,0,0,0,0,0,0,3,4,0
361.897,0,21753856,windows,0,365,290,7,0,0,0,0,0,0,3,4,0
361.926,1,22173696,windows,0,365,290,7,0,0,0,0,0,0,3,4,0
362.16,0,21770240,windows,0,365,290,7,0,0,0,0,0,0,3,4,0
362.19,1,22190080,windows,0,365,290,7,0,0,0,0,0,0,3,4,0
362.423,0,21787648,windows,0,365,290,7,0,0,0,0,0,0,3,4,0
362.453,1,22207488,windows,0,365,290,7,0,0,0,0,0,0,3,4,0
362.673,0,21805056,windows,0,365,290,7,0,0,0,0,0,0,3,4,0
362.71,1,22224896,windows,0,365,290,7,0,0,0,0,0,0,3,4,0
362.933,0,21822464,windows,0,365,290,7,0,0,0,0,0,0,3,4,0
362.968,1,22241280,windows,0,365,290,7,0,0,0,0,0,0,3,4,0
363.198,0,21837824,windows,0,365,290,7,0,0,0,0,0,0,3,4,0
363.224,1,22257664,windows,0,365,290,7,0,0,0,0,0,0,3,4,0
363.448,0,21854208,windows,0,365,290,7,0,0,0,0,0,0,3,4,0
363.483,1,22274048,windows,0,365,290,7,0,0,0,0,0,0,3,4,0
363.708,0,21870592,windows,0,365,290,7,0,0,0,0,0,0,3,4,0
363.752,1,22288384,windows,0,365,290,7,0,0,0,0,0,0,3,4,0
363.968,0,21889024,windows,0,365,290,7,0,0,0,0,0,0,3,4,0
364.019,1,22301696,windows,0,365,290,7,0,0,0,0,0,0,3,4,0
364.228,0,21906432,windows,0,365,290,7,0,0,0,0,0,0,3,4,0
364.279,1,22318080,windows,0,365,290,7,0,0,0,0,0,0,3,4,0
364.484,0,21923840,windows,0,365,290,7,0,0,0,0,0,0,3,4,0
364.531,1,22334464,windows,0,365,290,7,0,0,0,0,0,0,3,4,0
364.736,0,21939200,windows,0,365,290,7,0,0,0,0,0,0,3,4,0
364.785,1,22350848,windows,0,365,290,7,0,0,0,0,0,0,3,4,0
364.996,0,21956608,windows,0,365,290,7,0,0,0,0,0,0,3,4,0
365.047,1,22367232,windows,0,365,290,7,0,0,0,0,0,0,3,4,0
365.247,0,21974016,windows,0,365,290,7,0,0,0,0,0,0,3,4,0
365.301,1,22383616,windows,0,365,290,7,0,0,0,0,0,0,3,4,0
365.505,0,21991424,windows,0,365,290,7,0,0,0,0,0,0,3,4,0
365.561,1,22400000,windows,0,365,290,7,0,0,0,0,0,0,3,4,0
365.771,0,22008832,windows,0,365,290,7,0,0,0,0,0,0,3,4,0
365.822,1,22417408,windows,0,365,290,7,0,0,0,0,0,0,3,4,0
366.028,0,22027264,windows,0,365,290,7,0,0,0,0,0,0,3,4,0
366.085,1,22433792,windows,0,365,290,7,0,0,0,0,0,0,3,4,0
366.29,0,22042624,windows,0,365,290,7,0,0,0,0,0,0,3,4,0
366.341,1,22450176,windows,0,365,290,7,0,0,0,0,0,0,3,4,0
366.543,0,22056960,windows,0,365,290,7,0,0,0,0,0,0,3,4,0
366.598,1,22466560,windows,0,365,290,7,0,0,0,0,0,0,3,4,0
366.802,0,22071296,windows,0,365,290,7,0,0,0,0,0,0,3,4,0
366.854,1,22483968,windows,0,365,290,7,0,0,0,0,0,0,3,4,0
367.065,0,22087680,windows,0,365,290,7,0,0,0,0,0,0,3,4,0
367.106,1,22502400,windows,0,365,290,7,0,0,0,0,0,0,3,4,0
367.329,0,22104064,windows,0,365,290,7,0,0,0,0,0,0,3,4,0
367.364,1,22518784,windows,0,365,290,7,0,0,0,0,0,0,3,4,0
367.585,0,22118400,repair,0,365,290,7,0,0,0,0,0,0,3,4,0
367.629,1,22534144,windows,0,365,290,7,0,0,0,0,0,0,3,4,0
367.84,0,22134784,repair,0,365,290,7,0,0,0,0,0,0,3,4,0
367.884,1,22548480,windows,0,365,290,7,0,0,0,0,0,0,3,4,0
368.091,0,22150144,windows,0,365,290,7,0,0,0,0,0,0,3,4,0
368.144,1,22563840,windows,0,365,290,7,0,0,0,0,0,0,3,4,0
368.354,0,22164480,windows,0,365,290,7,0,0,0,0,0,0,3,4,0
368.398,1,22578176,windows,0,365,290,7,0,0,0,0,0,0,3,4,0
368.609,0,22178816,windows,0,365,290,7,0,0,0,0,0,0,3,4,0
368.662,1,22593536,windows,0,365,290,7,0,0,0,0,0,0,3,4,0
368.877,0,22194176,windows,0,365,290,7,0,0,0,0,0,0,3,4,0
368.915,1,22607872,windows,0,365,290,7,0,0,0,0,0,0,3,4,0
369.147,0,22208512,windows,0,365,290,7,0,0,0,0,0,0,3,4,0
369.167,1,22622208,windows,0,365,290,7,0,0,0,0,0,0,3,4,0
369.415,0,22221824,windows,0,365,290,7,0,0,0,0,0,0,3,4,0
369.425,1,22636544,windows,0,365,290,7,0,0,0,0,0,0,3,4,0
369.673,0,22235136,windows,0,365,290,7,0,0,0,0,0,0,3,4,0
369.678,1,22649856,repair,0,365,290,7,0,0,0,0,0,0,3,4,0
369.938,0,22249472,windows,0,365,290,7,0,0,0,0,0,0,3,4,0
369.938,1,22664192,repair,0,365,290,7,0,0,0,0,0,0,3,4,0
370.197,0,22264832,windows,0,365,290,7,0,0,0,0,0,0,3,4,0
370.2,1,22679552,windows,0,365,290,7,0,0,0,0,0,0,3,4,0
370.459,1,22693888,windows,0,365,290,7,0,0,0,0,0,0,3,4,0
370.463,0,22279168,windows,0,365,290,7,0,0,0,0,0,0,3,4,0
370.709,1,22709248,windows,0,365,290,7,0,0,0,0,0,0,3,4,0
370.715,0,22293504,windows,0,365,290,7,0,0,0,0,0,0,3,4,0
370.966,0,22306816,windows,0,365,290,7,0,0,0,0,0,0,3,4,0
370.968,1,22724608,windows,0,365,290,7,0,0,0,0,0,0,3,4,0
371.225,0,22320128,windows,0,365,290,7,0,0,0,0,0,0,3,4,0
371.226,1,22738944,windows,0,365,290,7,0,0,0,0,0,0,3,4,0
371.478,1,22753280,windows,0,365,290,7,0,0,0,0,0,0,3,4,0
371.479,0,22333440,windows,0,365,290,7,0,0,0,0,0,0,3,4,0
371.738,1,22767616,windows,0,365,290,7,0,0,0,0,0,0,3,4,0
371.746,0,22347776,windows,0,365,290,7,0,0,0,0,0,0,3,4,0
371.995,1,22782976,windows,0,365,290,7,0,0,0,0,0,0,3,4,0
372.011,0,22361088,windows,0,365,290,7,0,0,0,0,0,0,3,4,0
372.251,1,22797312,windows,0,365,290,7,0,0,0,0,0,0,3,4,0
372.265,0,22375424,windows,0,365,290,7,0,0,0,0,0,0,3,4,0
372.518,1,22811648,windows,0,365,290,7,0,0,0,0,0,0,3,4,0
372.535,0,22390784,windows,0,365,290,7,0,0,0,0,0,0,3,4,0
372.779,1,22825984,windows,0,365,290,7,0,0,0,0,0,0,3,4,0
372.795,0,22404096,windows,0,365,290,7,0,0,0,0,0,0,3,4,0
373.045,1,22842368,windows,0,365,290,7,0,0,0,0,0,0,3,4,0
373.064,0,22417408,windows,0,365,290,7,0,0,0,0,0,0,3,4,0
373.302,1,22856704,windows,0,365,290,7,0,0,0,0,0,0,3,4,0
373.328,0,22429696,windows,0,365,290,7,0,0,0,0,0,0,3,4,0
373.552,1,22868992,windows,0,365,290,7,0,0,0,0,0,0,3,4,0
373.582,0,22441984,windows,0,365,290,7,0,0,0,0,0,0,3,4,0
373.811,1,22882304,windows,0,365,290,7,0,0,0,0,0,0,3,4,0
373.842,0,22455296,windows,0,365,290,7,0,0,0,0,0,0,3,4,0
374.082,1,22896640,windows,0,365,290,7,0,0,0,0,0,0,3,4,0
374.101,0,22469632,windows,0,365,290,7,0,0,0,0,0,0,3,4,0
374.336,1,22909952,windows,0,365,290,7,0,0,0,0,0,0,3,4,0
374.352,0,22482944,windows,0,365,290,7,0,0,0,0,0,0,3,4,0
374.589,1,22922240,windows,0,365,290,7,0,0,0,0,0,0,3,4,0
374.611,0,22496256,windows,0,365,290,7,0,0,0,0,0,0,3,4,0
374.845,1,22936576,windows,0,365,290,7,0,0,0,0,0,0,3,4,0
374.865,0,22509568,windows,0,365,290,7,0,0,0,0,0,0,3,4,0
375.109,1,22951936,windows,0,365,290,7,0,0,0,0,0,0,3,4,0
375.134,0,22521856,windows,0,365,290,7,0,0,0,0,0,0,3,4,0
375.36,1,22967296,windows,0,365,290,7,0,0,0,0,0,0,3,4,0
375.393,0,22535168,windows,0,365,290,7,0,0,0,0,0,0,3,4,0
375.628,1,22982656,windows,0,365,290,7,0,0,0,0,0,0,3,4,0
375.66,0,22549504,windows,0,365,290,7,0,0,0,0,0,0,3,4,0
375.879,1,22998016,windows,0,365,290,7,0,0,0,0,0,0,3,4,0
375.916,0,22563840,windows,0,365,290,7,0,0,0,0,0,0,3,4,0
376.135,1,23013376,windows,0,365,290,7,0,0,0,0,0,0,3,4,0
376.167,0,22577152,windows,0,365,290,7,0,0,0,0,0,0,3,4,0
376.394,1,23029760,repair,0,365,290,7,0,0,0,0,0,0,3,4,0
376.423,0,22591488,windows,0,365,290,7,0,0,0,0,0,0,3,4,0
376.656,1,23045120,repair,0,365,290,7,0,0,0,0,0,0,3,4,0
376.692,0,22604800,windows,0,365,290,7,0,0,0,0,0,0,3,4,0
376.908,1,23058432,windows,0,365,290,7,0,0,0,0,0,0,3,4,0
376.956,0,22618112,windows,0,365,290,7,0,0,0,0,0,0,3,4,0
377.175,1,23071744,windows,0,365,290,7,0,0,0,0,0,0,3,4,0
377.22,0,22630400,repair,0,365,290,7,0,0,0,0,0,0,3,4,0
377.434,1,23085056,windows,0,365,290,7,0,0,0,0,0,0,3,4,0
377.471,0,22644736,repair,0,365,290,7,0,0,0,0,0,0,3,4,0
377.706,1,23098368,windows,0,365,290,7,0,0,0,0,0,0,3,4,0
377.74,0,22659072,repair,0,365,290,7,0,0,0,0,0,0,3,4,0
377.968,1,23111680,windows,0,365,290,7,0,0,0,0,0,0,3,4,0
377.994,0,22675456,repair,0,365,290,7,0,0,0,0,0,0,3,4,0
378.227,1,23124992,windows,0,365,290,7,0,0,0,0,0,0,3,4,0
378.245,0,22689792,windows,0,365,290,7,0,0,0,0,0,0,3,4,0
378.488,1,23138304,windows,0,365,290,7,0,0,0,0,0,0,3,4,0
378.5,0,22703104,windows,0,365,290,7,0,0,0,0,0,0,3,4,0
378.743,1,23151616,windows,0,365,290,7,0,0,0,0,0,0,3,4,0
378.752,0,22716416,windows,0,365,290,7,0,0,0,0,0,0,3,4,0
378.994,1,23164928,windows,0,365,290,7,0,0,0,0,0,0,3,4,0
379.012,0,22729728,windows,0,365,290,7,0,0,0,0,0,0,3,4,0
379.27,1,23177216,windows,0,365,290,7,0,0,0,0,0,0,3,4,0
379.271,0,22742016,windows,0,365,290,7,0,0,0,0,0,0,3,4,0
379.521,1,23189504,windows,0,365,290,7,0,0,0,0,0,0,3,4,0
379.524,0,22754304,windows,0,365,290,7,0,0,0,0,0,0,3,4,0
379.779,0,22767616,windows,0,365,290,7,0,0,0,0,0,0,3,4,0
379.781,1,23203840,windows,0,365,290,7,0,0,0,0,0,0,3,4,0
380.04,0,22780928,windows,0,365,290,7,0,0,0,0,0,0,3,4,0
380.051,1,23218176,windows,0,365,290,7,0,0,0,0,0,0,3,4,0
380.304,1,23231488,windows,0,365,290,7,0,0,0,0,0,0,3,4,0
380.312,0,22794240,windows,0,365,290,7,0,0,0,0,0,0,3,4,0
380.565,0,22807552,windows,0,365,290,7,0,0,0,0,0,0,3,4,0
380.57,1,23245824,windows,0,365,290,7,0,0,0,0,0,0,3,4,0
380.822,1,23259136,windows,0,365,290,7,0,0,0,0,0,0,3,4,0
380.827,0,22821888,windows,0,365,290,7,0,0,0,0,0,0,3,4,0
381.077,1,23272448,windows,0,365,290,7,0,0,0,0,0,0,3,4,0
381.092,0,22836224,windows,0,365,290,7,0,0,0,0,0,0,3,4,0
381.346,1,23286784,windows,0,365,290,7,0,0,0,0,0,0,3,4,0
381.356,0,22850560,windows,0,365,290,7,0,0,0,0,0,0,3,4,0
381.602,1,23300096,windows,0,365,290,7,0,0,0,0,0,0,3,4,0
381.611,0,22863872,windows,0,365,290,7,0,0,0,0,0,0,3,4,0
381.865,1,23315456,windows,0,365,290,7,0,0,0,0,0,0,3,4,0
381.867,0,22878208,windows,0,365,290,7,0,0,0,0,0,0,3,4,0
382.119,0,22891520,windows,0,365,290,7,0,0,0,0,0,0,3,4,0
382.119,1,23329792,windows,0,365,290,7,0,0,0,0,0,0,3,4,0
382.385,1,23344128,windows,0,365,290,7,0,0,0,0,0,0,3,4,0
382.387,0,22904832,windows,0,365,290,7,0,0,0,0,0,0,3,4,0
382.648,1,23358464,windows,0,365,290,7,0,0,0,0,0,0,3,4,0
382.654,0,22919168,windows,0,365,290,7,0,0,0,0,0,0,3,4,0
382.9,1,23372800,windows,0,365,290,7,0,0,0,0,0,0,3,4,0
382.914,0,22932480,windows,0,365,290,7,0,0,0,0,0,0,3,4,0
383.165,1,23387136,windows,0,365,290,7,0,0,0,0,0,0,3,4,0
383.166,0,22945792,windows,0,365,290,7,0,0,0,0,0,0,3,4,0
383.422,1,23401472,windows,0,365,290,7,0,0,0,0,0,0,3,4,0
383.431,0,22960128,windows,0,365,290,7,0,0,0,0,0,0,3,4,0
383.677,1,23415808,windows,0,365,290,7,0,0,0,0,0,0,3,4,0
383.692,0,22974464,windows,0,365,290,7,0,0,0,0,0,0,3,4,0
383.937,1,23431168,windows,0,365,290,7,0,0,0,0,0,0,3,4,0
383.958,0,22989824,windows,0,365,290,7,0,0,0,0,0,0,3,4,0
384.195,1,23445504,repair,0,365,290,7,0,0,0,0,0,0,3,4,0
384.228,0,23003136,windows,0,365,290,7,0,0,0,0,0,0,3,4,0
384.45,1,23461888,repair,0,365,290,7,0,0,0,0,0,0,3,4,0
384.478,0,23017472,windows,0,365,290,7,0,0,0,0,0,0,3,4,0
384.703,1,23477248,windows,0,365,290,7,0,0,0,0,0,0,3,4,0
384.742,0,23031808,windows,0,365,290,7,0,0,0,0,0,0,3,4,0
384.968,1,23492608,windows,0,365,290,7,0,0,0,0,0,0,3,4,0
384.999,0,23046144,windows,0,365,290,7,0,0,0,0,0,0,3,4,0
385.236,1,23507968,windows,0,365,290,7,0,0,0,0,0,0,3,4,0
385.259,0,23060480,repair,0,365,290,7,0,0,0,0,0,0,3,4,0
385.488,1,23522304,windows,0,365,290,7,0,0,0,0,0,0,3,4,0
385.523,0,23075840,repair,0,365,290,7,0,0,0,0,0,0,3,4,0
385.742,1,23536640,windows,0,365,290,7,0,0,0,0,0,0,3,4,0
385.778,0,23091200,windows,0,365,290,7,0,0,0,0,0,0,3,4,0
386.01,1,23552000,windows,0,365,290,7,0,0,0,0,0,0,3,4,0
386.038,0,23106560,windows,0,365,290,7,0,0,0,0,0,0,3,4,0
386.271,1,23566336,windows,0,365,290,7,0,0,0,0,0,0,3,4,0
386.29,0,23119872,windows,0,365,290,7,0,0,0,0,0,0,3,4,0
386.534,1,23580672,windows,0,365,290,7,0,0,0,0,0,0,3,4,0
386.553,0,23134208,windows,0,365,290,7,0,0,0,0,0,0,3,4,0
386.794,1,23596032,windows,0,365,290,7,0,0,0,0,0,0,3,4,0
386.809,0,23147520,windows,0,365,290,7,0,0,0,0,0,0,3,4,0
387.06,1,23610368,windows,0,365,290,7,0,0,0,0,0,0,3,4,0
387.063,0,23161856,windows,0,365,290,7,0,0,0,0,0,0,3,4,0
387.312,1,23624704,windows,0,365,290,7,0,0,0,0,0,0,3,4,0
387.323,0,23178240,windows,0,365,290,7,0,0,0,0,0,0,3,4,0
387.581,1,23639040,windows,0,365,290,7,0,0,0,0,0,0,3,4,0
387.582,0,23194624,windows,0,365,290,7,0,0,0,0,0,0,3,4,0
387.832,1,23653376,windows,0,365,290,7,0,0,0,0,0,0,3,4,0
387.838,0,23212032,windows,0,365,290,7,0,0,0,0,0,0,3,4,0
388.083,1,23667712,windows,0,365,290,7,0,0,0,0,0,0,3,4,0
388.088,0,23229440,windows,0,365,290,7,0,0,0,0,0,0,3,4,0
388.342,1,23682048,windows,0,365,290,7,0,0,0,0,0,0,3,4,0
388.342,0,23246848,windows,0,365,290,7,0,0,0,0,0,0,3,4,0
388.595,1,23696384,windows,0,365,290,7,0,0,0,0,0,0,3,4,0
388.597,0,23265280,windows,0,365,290,7,0,0,0,0,0,0,3,4,0
388.856,0,23284736,windows,0,365,290,7,0,0,0,0,0,0,3,4,0
388.858,1,23711744,windows,0,365,290,7,0,0,0,0,0,0,3,4,0
389.109,1,23726080,windows,0,365,290,7,0,0,0,0,0,0,3,4,0
389.116,0,23305216,windows,0,365,290,7,0,0,0,0,0,0,3,4,0
389.364,1,23740416,windows,0,365,290,7,0,0,0,0,0,0,3,4,0
389.375,0,23323648,windows,0,365,290,7,0,0,0,0,0,0,3,4,0
389.618,1,23754752,windows,0,365,290,7,0,0,0,0,0,0,3,4,0
389.637,0,23342080,windows,0,365,290,7,0,0,0,0,0,0,3,4,0
389.88,1,23770112,windows,0,365,290,7,0,0,0,0,0,0,3,4,0
389.889,0,23358464,repair,0,365,290,7,0,0,0,0,0,0,3,4,0
390.134,1,23785472,windows,0,365,290,7,0,0,0,0,0,0,3,4,0
390.146,0,23375872,repair,0,365,290,7,0,0,0,0,0,0,3,4,0
390.39,1,23800832,windows,0,365,290,7,0,0,0,0,0,0,3,4,0
390.398,0,23392256,repair,0,365,290,7,0,0,0,0,0,0,3,4,0
390.655,0,23408640,windows,0,365,290,7,0,0,0,0,0,0,3,4,0
390.657,1,23816192,repair,0,365,290,7,0,0,0,0,0,0,3,4,0
390.913,1,23828480,repair,0,365,290,7,0,0,0,0,0,0,3,4,0
390.915,0,23426048,windows,0,365,290,7,0,0,0,0,0,0,3,4,0
391.172,0,23443456,windows,0,365,290,7,0,0,0,0,0,0,3,4,0
391.173,1,23844864,windows,0,365,290,7,0,0,0,0,0,0,3,4,0
391.432,0,23460864,windows,0,365,290,7,0,0,0,0,0,0,3,4,0
391.432,1,23860224,windows,0,365,290,7,0,0,0,0,0,0,3,4,0
391.696,1,23875584,windows,0,365,290,7,0,0,0,0,0,0,3,4,0
391.698,0,23477248,windows,0,365,290,7,0,0,0,0,0,0,3,4,0
391.954,0,23494656,windows,0,365,290,7,0,0,0,0,0,0,3,4,0
391.961,1,23890944,windows,0,365,290,7,0,0,0,0,0,0,3,4,0
392.212,0,23512064,windows,0,365,290,7,0,0,0,0,0,0,3,4,0
392.22,1,23905280,windows,0,365,290,7,0,0,0,0,0,0,3,4,0
392.473,0,23529472,windows,0,365,290,7,0,0,0,0,0,0,3,4,0
392.486,1,23919616,windows,0,365,290,7,0,0,0,0,0,0,3,4,0
392.726,0,23545856,windows,0,365,290,7,0,0,0,0,0,0,3,4,0
392.757,1,23933952,windows,0,365,290,7,0,0,0,0,0,0,3,4,0
392.981,0,23564288,windows,0,365,290,7,0,0,0,0,0,0,3,4,0
393.02,1,23949312,windows,0,365,290,7,0,0,0,0,0,0,3,4,0
393.241,0,23580672,windows,0,365,290,7,0,0,0,0,0,0,3,4,0
393.282,1,23962624,windows,0,365,290,7,0,0,0,0,0,0,3,4,0
393.503,0,23597056,windows,0,365,290,7,0,0,0,0,0,0,3,4,0
393.543,1,23975936,windows,0,365,290,7,0,0,0,0,0,0,3,4,0
393.761,0,23614464,windows,0,365,290,7,0,0,0,0,0,0,3,4,0
393.806,1,23990272,windows,0,365,290,7,0,0,0,0,0,0,3,4,0
394.016,0,23631872,windows,0,365,290,7,0,0,0,0,0,0,3,4,0
394.062,1,24004608,windows,0,365,290,7,0,0,0,0,0,0,3,4,0
394.268,0,23649280,windows,0,365,290,7,0,0,0,0,0,0,3,4,0
394.319,1,24018944,windows,0,365,290,7,0,0,0,0,0,0,3,4,0
394.528,0,23667712,repair,0,365,290,7,0,0,0,0,0,0,3,4,0
394.581,1,24034304,windows,0,365,290,7,0,0,0,0,0,0,3,4,0
394.783,0,23687168,repair,0,365,290,7,0,0,0,0,0,0,3,4,0
394.846,1,24049664,windows,0,365,290,7,0,0,0,0,0,0,3,4,0
395.039,0,23705600,windows,0,365,290,7,0,0,0,0,0,0,3,4,0
395.102,1,24064000,windows,0,365,290,7,0,0,0,0,0,0,3,4,0
395.301,0,23723008,windows,0,365,290,7,0,0,0,0,0,0,3,4,0
395.363,1,24078336,windows,0,365,290,7,0,0,0,0,0,0,3,4,0
395.563,0,23740416,windows,0,365,290,7,0,0,0,0,0,0,3,4,0
395.614,1,24092672,windows,0,365,290,7,0,0,0,0,0,0,3,4,0
395.821,0,23758848,windows,0,365,290,7,0,0,0,0,0,0,3,4,0
395.874,1,24108032,windows,0,365,290,7,0,0,0,0,0,0,3,4,0
396.076,0,23775232,windows,0,365,290,7,0,0,0,0,0,0,3,4,0
396.139,1,24123392,windows,0,365,290,7,0,0,0,0,0,0,3,4,0
396.334,0,23791616,windows,0,365,290,7,0,0,0,0,0,0,3,4,0
396.398,1,24138752,windows,0,365,290,7,0,0,0,0,0,0,3,4,0
396.587,0,23806976,windows,0,365,290,7,0,0,0,0,0,0,3,4,0
396.653,1,24152064,windows,0,365,290,7,0,0,0,0,0,0,3,4,0
396.841,0,23822336,windows,0,365,290,7,0,0,0,0,0,0,3,4,0
396.915,1,24166400,repair,0,365,290,7,0,0,0,0,0,0,3,4,0
397.096,0,23839744,windows,0,365,290,7,0,0,0,0,0,0,3,4,0
397.179,1,24181760,repair,0,365,290,7,0,0,0,0,0,0,3,4,0
397.35,0,23855104,windows,0,365,290,7,0,0,0,0,0,0,3,4,0
397.438,1,24197120,repair,0,365,290,7,0,0,0,0,0,0,3,4,0
397.606,0,23871488,windows,0,365,290,7,0,0,0,0,0,0,3,4,0
397.689,1,24211456,windows,0,365,290,7,0,0,0,0,0,0,3,4,0
397.869,0,23888896,windows,0,365,290,7,0,0,0,0,0,0,3,4,0
397.954,1,24226816,windows,0,365,290,7,0,0,0,0,0,0,3,4,0
398.132,0,23907328,windows,0,365,290,7,0,0,0,0,0,0,3,4,0
398.22,1,24242176,windows,0,365,290,7,0,0,0,0,0,0,3,4,0
398.383,0,23923712,windows,0,365,290,7,0,0,0,0,0,0,3,4,0
398.477,1,24256512,windows,0,365,290,7,0,0,0,0,0,0,3,4,0
398.636,0,23941120,windows,0,365,290,7,0,0,0,0,0,0,3,4,0
398.732,1,24270848,windows,0,365,290,7,0,0,0,0,0,0,3,4,0
398.888,0,23957504,windows,0,365,290,7,0,0,0,0,0,0,3,4,0
399.002,1,24285184,windows,0,365,290,7,0,0,0,0,0,0,3,4,0
399.149,0,23973888,windows,0,365,290,7,0,0,0,0,0,0,3,4,0
399.269,1,24300544,windows,0,365,290,7,0,0,0,0,0,0,3,4,0
399.402,0,23990272,windows,0,365,290,7,0,0,0,0,0,0,3,4,0
399.524,1,24315904,windows,0,365,290,7,0,0,0,0,0,0,3,4,0
399.655,0,24006656,windows,0,365,290,7,0,0,0,0,0,0,3,4,0
399.786,1,24332288,windows,0,365,290,7,0,0,0,0,0,0,3,4,0
399.908,0,24023040,windows,0,365,290,7,0,0,0,0,0,0,3,4,0
400.05,1,24348672,windows,0,365,290,7,0,0,0,0,0,0,3,4,0
400.169,0,24039424,windows,0,365,290,7,0,0,0,0,0,0,3,4,0
400.301,1,24364032,windows,0,365,290,7,0,0,0,0,0,0,3,4,0
400.421,0,24054784,repair,0,365,290,7,0,0,0,0,0,0,3,4,0
400.564,1,24380416,windows,0,365,290,7,0,0,0,0,0,0,3,4,0
400.678,0,24073216,repair,0,365,290,7,0,0,0,0,0,0,3,4,0
400.821,1,24396800,windows,0,365,290,7,0,0,0,0,0,0,3,4,0
400.933,0,24094720,repair,0,365,290,7,0,0,0,0,0,0,3,4,0
401.074,1,24414208,windows,0,365,290,7,0,0,0,0,0,0,3,4,0
401.192,0,24117248,repair,0,365,290,7,0,0,0,0,0,0,3,4,0
401.329,1,24430592,windows,0,365,290,7,0,0,0,0,0,0,3,4,0
401.444,0,24138752,windows,0,365,290,7,0,0,0,0,0,0,3,4,0
401.583,1,24446976,windows,0,365,290,7,0,0,0,0,0,0,3,4,0
401.695,0,24155136,windows,0,365,290,7,0,0,0,0,0,0,3,4,0
401.837,1,24464384,windows,0,365,290,7,0,0,0,0,0,0,3,4,0
401.948,0,24172544,windows,0,365,290,7,0,0,0,0,0,0,3,4,0
402.093,1,24482816,windows,0,365,290,7,0,0,0,0,0,0,3,4,0
402.208,0,24189952,windows,0,365,290,7,0,0,0,0,0,0,3,4,0
402.345,1,24501248,windows,0,365,290,7,0,0,0,0,0,0,3,4,0
402.475,0,24207360,windows,0,365,290,7,0,0,0,0,0,0,3,4,0
402.597,1,24517632,windows,0,365,290,7,0,0,0,0,0,0,3,4,0
402.74,0,24223744,windows,0,365,290,7,0,0,0,0,0,0,3,4,0
402.862,1,24536064,windows,0,365,290,7,0,0,0,0,0,0,3,4,0
402.994,0,24241152,windows,0,365,290,7,0,0,0,0,0,0,3,4,0
403.121,1,24555520,windows,0,365,290,7,0,0,0,0,0,0,3,4,0
403.258,0,24258560,windows,0,365,290,7,0,0,0,0,0,0,3,4,0
403.372,1,24574976,windows,0,365,290,7,0,0,0,0,0,0,3,4,0
403.521,0,24275968,windows,0,365,290,7,0,0,0,0,0,0,3,4,0
403.634,1,24594432,windows,0,365,290,7,0,0,0,0,0,0,3,4,0
403.778,0,24293376,windows,0,365,290,7,0,0,0,0,0,0,3,4,0
403.894,1,24613888,windows,0,365,290,7,0,0,0,0,0,0,3,4,0
404.034,0,24310784,windows,0,365,290,7,0,0,0,0,0,0,3,4,0
404.152,1,24632320,windows,0,365,290,7,0,0,0,0,0,0,3,4,0
404.293,0,24328192,windows,0,365,290,7,0,0,0,0,0,0,3,4,0
404.405,1,24650752,windows,0,365,290,7,0,0,0,0,0,0,3,4,0
404.555,0,24346624,windows,0,365,290,7,0,0,0,0,0,0,3,4,0
404.66,1,24669184,windows,0,365,290,7,0,0,0,0,0,0,3,4,0
404.806,0,24364032,windows,0,365,290,7,0,0,0,0,0,0,3,4,0
404.922,1,24687616,repair,0,365,290,7,0,0,0,0,0,0,3,4,0
405.066,0,24381440,windows,0,365,290,7,0,0,0,0,0,0,3,4,0
405.18,1,24708096,repair,0,365,290,7,0,0,0,0,0,0,3,4,0
405.319,0,24398848,windows,0,365,290,7,0,0,0,0,0,0,3,4,0
405.442,1,24726528,windows,0,365,290,7,0,0,0,0,0,0,3,4,0
405.571,0,24416256,windows,0,365,290,7,0,0,0,0,0,0,3,4,0
405.698,1,24742912,windows,0,365,290,7,0,0,0,0,0,0,3,4,0
405.833,0,24432640,windows,0,365,290,7,0,0,0,0,0,0,3,4,0
405.955,1,24757248,windows,0,365,290,7,0,0,0,0,0,0,3,4,0
406.089,0,24450048,windows,0,365,290,7,0,0,0,0,0,0,3,4,0
406.213,1,24771584,windows,0,365,290,7,0,0,0,0,0,0,3,4,0
406.352,0,24467456,windows,0,365,290,7,0,0,0,0,0,0,3,4,0
406.464,1,24785920,windows,0,365,290,7,0,0,0,0,0,0,3,4,0
406.614,0,24484864,windows,0,365,290,7,0,0,0,0,0,0,3,4,0
406.726,1,24800256,windows,0,365,290,7,0,0,0,0,0,0,3,4,0
406.869,0,24504320,windows,0,365,290,7,0,0,0,0,0,0,3,4,0
406.979,1,24814592,windows,0,365,290,7,0,0,0,0,0,0,3,4,0
407.122,0,24523776,windows,0,365,290,7,0,0,0,0,0,0,3,4,0
407.241,1,24828928,windows,0,365,290,7,0,0,0,0,0,0,3,4,0
407.374,0,24542208,windows,0,365,290,7,0,0,0,0,0,0,3,4,0
407.499,1,24843264,windows,0,365,290,7,0,0,0,0,0,0,3,4,0
407.634,0,24559616,repair,0,365,290,7,0,0,0,0,0,0,3,4,0
407.767,1,24857600,windows,0,365,290,7,0,0,0,0,0,0,3,4,0
407.886,0,24577024,repair,0,365,290,7,0,0,0,0,0,0,3,4,0
408.024,1,24871936,windows,0,365,290,7,0,0,0,0,0,0,3,4,0
408.139,0,24595456,repair,0,365,290,7,0,0,0,0,0,0,3,4,0
408.285,1,24885248,windows,0,365,290,7,0,0,0,0,0,0,3,4,0
408.396,0,24611840,windows,0,365,290,7,0,0,0,0,0,0,3,4,0
408.548,1,24899584,windows,0,365,290,7,0,0,0,0,0,0,3,4,0
408.653,0,24628224,windows,0,365,290,7,0,0,0,0,0,0,3,4,0
408.806,1,24913920,windows,0,365,290,7,0,0,0,0,0,0,3,4,0
408.908,0,24643584,windows,0,365,290,7,0,0,0,0,0,0,3,4,0
409.06,1,24928256,windows,0,365,290,7,0,0,0,0,0,0,3,4,0
409.173,0,24658944,windows,0,365,290,7,0,0,0,0,0,0,3,4,0
409.317,1,24942592,windows,0,365,290,7,0,0,0,0,0,0,3,4,0
409.439,0,24675328,windows,0,365,290,7,0,0,0,0,0,0,3,4,0
409.586,1,24956928,windows,0,365,290,7,0,0,0,0,0,0,3,4,0
409.704,0,24691712,windows,0,365,290,7,0,0,0,0,0,0,3,4,0
409.854,1,24972288,windows,0,365,290,7,0,0,0,0,0,0,3,4,0
409.96,0,24708096,windows,0,365,290,7,0,0,0,0,0,0,3,4,0
410.122,1,24986624,windows,0,365,290,7,0,0,0,0,0,0,3,4,0
410.211,0,24722432,windows,0,365,290,7,0,0,0,0,0,0,3,4,0
410.383,1,25001984,windows,0,365,290,7,0,0,0,0,0,0,3,4,0
410.476,0,24738816,windows,0,365,290,7,0,0,0,0,0,0,3,4,0
410.643,1,25018368,windows,0,365,290,7,0,0,0,0,0,0,3,4,0
410.731,0,24754176,windows,0,365,290,7,0,0,0,0,0,0,3,4,0
410.901,1,25035776,windows,0,365,290,7,0,0,0,0,0,0,3,4,0
410.991,0,24770560,windows,0,365,290,7,0,0,0,0,0,0,3,4,0
411.171,1,25054208,windows,0,365,290,7,0,0,0,0,0,0,3,4,0
411.247,0,24785920,windows,0,365,290,7,0,0,0,0,0,0,3,4,0
411.433,1,25070592,windows,0,365,290,7,0,0,0,0,0,0,3,4,0
411.508,0,24802304,windows,0,365,290,7,0,0,0,0,0,0,3,4,0
411.7,1,25085952,windows,0,365,290,7,0,0,0,0,0,0,3,4,0
411.771,0,24818688,windows,0,365,290,7,0,0,0,0,0,0,3,4,0
411.955,1,25102336,windows,0,365,290,7,0,0,0,0,0,0,3,4,0
412.03,0,24835072,windows,0,365,290,7,0,0,0,0,0,0,3,4,0
412.218,1,25119744,windows,0,365,290,7,0,0,0,0,0,0,3,4,0
412.295,0,24851456,windows,0,365,290,7,0,0,0,0,0,0,3,4,0
412.481,1,25138176,windows,0,365,290,7,0,0,0,0,0,0,3,4,0
412.56,0,24866816,windows,0,365,290,7,0,0,0,0,0,0,3,4,0
412.742,1,25156608,windows,0,365,290,7,0,0,0,0,0,0,3,4,0
412.822,0,24883200,windows,0,365,290,7,0,0,0,0,0,0,3,4,0
413,1,25174016,repair,0,365,290,7,0,0,0,0,0,0,3,4,0
413.076,0,24898560,windows,0,365,290,7,0,0,0,0,0,0,3,4,0
413.251,1,25190400,repair,0,365,290,7,0,0,0,0,0,0,3,4,0
413.336,0,24913920,repair,0,365,290,7,0,0,0,0,0,0,3,4,0
413.518,1,25204736,windows,0,365,290,7,0,0,0,0,0,0,3,4,0
413.599,0,24932352,repair,0,365,290,7,0,0,0,0,0,0,3,4,0
413.781,1,25219072,windows,0,365,290,7,0,0,0,0,0,0,3,4,0
413.852,0,24949760,windows,0,365,290,7,0,0,0,0,0,0,3,4,0
414.032,1,25232384,windows,0,365,290,7,0,0,0,0,0,0,3,4,0
414.105,0,24966144,windows,0,365,290,7,0,0,0,0,0,0,3,4,0
414.283,1,25246720,windows,0,365,290,7,0,0,0,0,0,0,3,4,0
414.368,0,24983552,windows,0,365,290,7,0,0,0,0,0,0,3,4,0
414.548,1,25261056,windows,0,365,290,7,0,0,0,0,0,0,3,4,0
414.629,0,25000960,windows,0,365,290,7,0,0,0,0,0,0,3,4,0
414.811,1,25276416,windows,0,365,290,7,0,0,0,0,0,0,3,4,0
414.879,0,25018368,windows,0,365,290,7,0,0,0,0,0,0,3,4,0
415.063,1,25292800,windows,0,365,290,7,0,0,0,0,0,0,3,4,0
415.132,0,25035776,windows,0,365,290,7,0,0,0,0,0,0,3,4,0
415.319,1,25308160,windows,0,365,290,7,0,0,0,0,0,0,3,4,0
415.389,0,25053184,windows,0,365,290,7,0,0,0,0,0,0,3,4,0
415.574,1,25324544,windows,0,365,290,7,0,0,0,0,0,0,3,4,0
415.646,0,25070592,windows,0,365,290,7,0,0,0,0,0,0,3,4,0
415.827,1,25340928,windows,0,365,290,7,0,0,0,0,0,0,3,4,0
415.909,0,25088000,windows,0,365,290,7,0,0,0,0,0,0,3,4,0
416.091,1,25358336,windows,0,365,290,7,0,0,0,0,0,0,3,4,0
416.161,0,25103360,windows,0,365,290,7,0,0,0,0,0,0,3,4,0
416.344,1,25374720,windows,0,365,290,7,0,0,0,0,0,0,3,4,0
416.411,0,25118720,windows,0,365,290,7,0,0,0,0,0,0,3,4,0
416.606,1,25391104,windows,0,365,290,7,0,0,0,0,0,0,3,4,0
416.676,0,25135104,windows,0,365,290,7,0,0,0,0,0,0,3,4,0
416.86,1,25405440,repair,0,365,290,7,0,0,0,0,0,0,3,4,0
416.932,0,25147392,windows,0,365,290,7,0,0,0,0,0,0,3,4,0
417.111,1,25421824,repair,0,365,290,7,0,0,0,0,0,0,3,4,0
417.188,0,25163776,windows,0,365,290,7,0,0,0,0,0,0,3,4,0
417.379,1,25434112,repair,0,365,290,7,0,0,0,0,0,0,3,4,0
417.441,0,25180160,windows,0,365,290,7,0,0,0,0,0,0,3,4,0
417.637,1,25447424,repair,0,365,290,7,0,0,0,0,0,0,3,4,0
417.694,0,25196544,windows,0,365,290,7,0,0,0,0,0,0,3,4,0
417.892,1,25460736,windows,0,365,290,7,0,0,0,0,0,0,3,4,0
417.953,0,25212928,windows,0,365,290,7,0,0,0,0,0,0,3,4,0
418.144,1,25474048,windows,0,365,290,7,0,0,0,0,0,0,3,4,0
418.209,0,25230336,windows,0,365,290,7,0,0,0,0,0,0,3,4,0
418.412,1,25487360,windows,0,365,290,7,0,0,0,0,0,0,3,4,0
418.465,0,25247744,windows,0,365,290,7,0,0,0,0,0,0,3,4,0
418.667,1,25503744,windows,0,365,290,7,0,0,0,0,0,0,3,4,0
418.727,0,25265152,windows,0,365,290,7,0,0,0,0,0,0,3,4,0
418.929,1,25521152,windows,0,365,290,7,0,0,0,0,0,0,3,4,0
418.981,0,25282560,windows,0,365,290,7,0,0,0,0,0,0,3,4,0
419.187,1,25538560,windows,0,365,290,7,0,0,0,0,0,0,3,4,0
419.233,0,25299968,windows,0,365,290,7,0,0,0,0,0,0,3,4,0
419.438,1,25554944,windows,0,365,290,7,0,0,0,0,0,0,3,4,0
419.494,0,25318400,windows,0,365,290,7,0,0,0,0,0,0,3,4,0
419.698,1,25572352,windows,0,365,290,7,0,0,0,0,0,0,3,4,0
419.745,0,25336832,windows,0,365,290,7,0,0,0,0,0,0,3,4,0
419.952,1,25589760,windows,0,365,290,7,0,0,0,0,0,0,3,4,0
420.007,0,25356288,windows,0,365,290,7,0,0,0,0,0,0,3,4,0
420.206,1,25607168,windows,0,365,290,7,0,0,0,0,0,0,3,4,0
420.267,0,25376768,windows,0,365,290,7,0,0,0,0,0,0,3,4,0
420.469,1,25625600,windows,0,365,290,7,0,0,0,0,0,0,3,4,0
420.525,0,25398272,windows,0,365,290,7,0,0,0,0,0,0,3,4,0
420.724,1,25644032,windows,0,365,290,7,0,0,0,0,0,0,3,4,0
420.784,0,25417728,repair,0,365,290,7,0,0,0,0,0,0,3,4,0
420.978,1,25662464,windows,0,365,290,7,0,0,0,0,0,0,3,4,0
421.04,0,25437184,repair,0,365,290,7,0,0,0,0,0,0,3,4,0
421.234,1,25680896,windows,0,365,290,7,0,0,0,0,0,0,3,4,0
421.303,0,25454592,windows,0,365,290,7,0,0,0,0,0,0,3,4,0
421.489,1,25699328,windows,0,365,290,7,0,0,0,0,0,0,3,4,0
421.556,0,25469952,windows,0,365,290,7,0,0,0,0,0,0,3,4,0
421.746,1,25717760,windows,0,365,290,7,0,0,0,0,0,0,3,4,0
421.814,0,25485312,windows,0,365,290,7,0,0,0,0,0,0,3,4,0
422.008,1,25737216,windows,0,365,290,7,0,0,0,0,0,0,3,4,0
422.078,0,25501696,windows,0,365,290,7,0,0,0,0,0,0,3,4,0
422.267,1,25756672,windows,0,365,290,7,0,0,0,0,0,0,3,4,0
422.331,0,25517056,windows,0,365,290,7,0,0,0,0,0,0,3,4,0
422.528,1,25775104,windows,0,365,290,7,0,0,0,0,0,0,3,4,0
422.592,0,25532416,windows,0,365,290,7,0,0,0,0,0,0,3,4,0
422.786,1,25793536,windows,0,365,290,7,0,0,0,0,0,0,3,4,0
422.849,0,25547776,windows,0,365,290,7,0,0,0,0,0,0,3,4,0
423.038,1,25812992,windows,0,365,290,7,0,0,0,0,0,0,3,4,0
423.109,0,25563136,windows,0,365,290,7,0,0,0,0,0,0,3,4,0
423.3,1,25833472,windows,0,365,290,7,0,0,0,0,0,0,3,4,0
423.363,0,25578496,windows,0,365,290,7,0,0,0,0,0,0,3,4,0
423.556,1,25852928,windows,0,365,290,7,0,0,0,0,0,0,3,4,0
423.628,0,25594880,windows,0,365,290,7,0,0,0,0,0,0,3,4,0
423.82,1,25872384,repair,0,365,290,7,0,0,0,0,0,0,3,4,0
423.891,0,25611264,windows,0,365,290,7,0,0,0,0,0,0,3,4,0
424.078,1,25891840,repair,0,365,290,7,0,0,0,0,0,0,3,4,0
424.151,0,25627648,windows,0,365,290,7,0,0,0,0,0,0,3,4,0
424.332,1,25911296,windows,0,365,290,7,0,0,0,0,0,0,3,4,0
424.41,0,25644032,windows,0,365,290,7,0,0,0,0,0,0,3,4,0
424.59,1,25928704,windows,0,365,290,7,0,0,0,0,0,0,3,4,0
424.66,0,25659392,windows,0,365,290,7,0,0,0,0,0,0,3,4,0
424.849,1,25946112,windows,0,365,290,7,0,0,0,0,0,0,3,4,0
424.913,0,25674752,windows,0,365,290,7,0,0,0,0,0,0,3,4,0
425.102,1,25963520,windows,0,365,290,7,0,0,0,0,0,0,3,4,0
425.169,0,25688064,windows,0,365,290,7,0,0,0,0,0,0,3,4,0
425.358,1,25980928,windows,0,365,290,7,0,0,0,0,0,0,3,4,0
425.425,0,25705472,windows,0,365,290,7,0,0,0,0,0,0,3,4,0
425.614,1,25998336,windows,0,365,290,7,0,0,0,0,0,0,3,4,0
425.681,0,25721856,windows,0,365,290,7,0,0,0,0,0,0,3,4,0
425.873,1,26015744,windows,0,365,290,7,0,0,0,0,0,0,3,4,0
425.94,0,25739264,windows,0,365,290,7,0,0,0,0,0,0,3,4,0
426.139,1,26033152,windows,0,365,290,7,0,0,0,0,0,0,3,4,0
426.202,0,25755648,repair,0,365,290,7,0,0,0,0,0,0,3,4,0
426.393,1,26050560,windows,0,365,290,7,0,0,0,0,0,0,3,4,0
426.456,0,25772032,repair,0,365,290,7,0,0,0,0,0,0,3,4,0
426.644,1,26065920,windows,0,365,290,7,0,0,0,0,0,0,3,4,0
426.717,0,25788416,windows,0,365,290,7,0,0,0,0,0,0,3,4,0
426.905,1,26082304,windows,0,365,290,7,0,0,0,0,0,0,3,4,0
426.971,0,25804800,windows,0,365,290,7,0,0,0,0,0,0,3,4,0
427.162,1,26098688,windows,0,365,290,7,0,0,0,0,0,0,3,4,0
427.222,0,25820160,windows,0,365,290,7,0,0,0,0,0,0,3,4,0
427.412,1,26115072,windows,0,365,290,7,0,0,0,0,0,0,3,4,0
427.479,0,25836544,windows,0,365,290,7,0,0,0,0,0,0,3,4,0
427.677,1,26130432,windows,0,365,290,7,0,0,0,0,0,0,3,4,0
427.73,0,25852928,windows,0,365,290,7,0,0,0,0,0,0,3,4,0
427.944,1,26144768,windows,0,365,290,7,0,0,0,0,0,0,3,4,0
427.991,0,25869312,windows,0,365,290,7,0,0,0,0,0,0,3,4,0
428.201,1,26158080,windows,0,365,290,7,0,0,0,0,0,0,3,4,0
428.252,0,25884672,windows,0,365,290,7,0,0,0,0,0,0,3,4,0
428.468,1,26172416,windows,0,365,290,7,0,0,0,0,0,0,3,4,0
428.509,0,25900032,windows,0,365,290,7,0,0,0,0,0,0,3,4,0
428.736,1,26186752,windows,0,365,290,7,0,0,0,0,0,0,3,4,0
428.761,0,25915392,windows,0,365,290,7,0,0,0,0,0,0,3,4,0
429.002,1,26202112,windows,0,365,290,7,0,0,0,0,0,0,3,4,0
429.025,0,25931776,windows,0,365,290,7,0,0,0,0,0,0,3,4,0
429.26,1,26216448,windows,0,365,290,7,0,0,0,0,0,0,3,4,0
429.29,0,25948160,windows,0,365,290,7,0,0,0,0,0,0,3,4,0
429.525,1,26230784,repair,0,365,290,7,0,0,0,0,0,0,3,4,0
429.546,0,25963520,windows,0,365,290,7,0,0,0,0,0,0,3,4,0
429.789,1,26246144,repair,0,365,290,7,0,0,0,0,0,0,3,4,0
429.815,0,25977856,windows,0,365,290,7,0,0,0,0,0,0,3,4,0
430.047,1,26261504,repair,0,365,290,7,0,0,0,0,0,0,3,4,0
430.08,0,25992192,windows,0,365,290,7,0,0,0,0,0,0,3,4,0
430.298,1,26275840,repair,0,365,290,7,0,0,0,0,0,0,3,4,0
430.333,0,26005504,windows,0,365,290,7,0,0,0,0,0,0,3,4,0
430.548,1,26290176,windows,0,365,290,7,0,0,0,0,0,0,3,4,0
430.597,0,26018816,windows,0,365,290,7,0,0,0,0,0,0,3,4,0
430.803,1,26304512,windows,0,365,290,7,0,0,0,0,0,0,3,4,0
430.866,0,26033152,windows,0,365,290,7,0,0,0,0,0,0,3,4,0
431.07,1,26319872,windows,0,365,290,7,0,0,0,0,0,0,3,4,0
431.127,0,26047488,windows,0,365,290,7,0,0,0,0,0,0,3,4,0
431.328,1,26334208,windows,0,365,290,7,0,0,0,0,0,0,3,4,0
431.381,0,26060800,windows,0,365,290,7,0,0,0,0,0,0,3,4,0
431.594,1,26348544,windows,0,365,290,7,0,0,0,0,0,0,3,4,0
431.639,0,26075136,windows,0,365,290,7,0,0,0,0,0,0,3,4,0
431.859,1,26362880,windows,0,365,290,7,0,0,0,0,0,0,3,4,0
431.906,0,26089472,windows,0,365,290,7,0,0,0,0,0,0,3,4,0
432.128,1,26378240,windows,0,365,290,7,0,0,0,0,0,0,3,4,0
432.158,0,26103808,windows,0,365,290,7,0,0,0,0,0,0,3,4,0
432.382,1,26391552,windows,0,365,290,7,0,0,0,0,0,0,3,4,0
432.426,0,26118144,windows,0,365,290,7,0,0,0,0,0,0,3,4,0
432.644,1,26405888,windows,0,365,290,7,0,0,0,0,0,0,3,4,0
432.69,0,26133504,windows,0,365,290,7,0,0,0,0,0,0,3,4,0
432.9,1,26422272,windows,0,365,290,7,0,0,0,0,0,0,3,4,0
432.953,0,26148864,repair,0,365,290,7,0,0,0,0,0,0,3,4,0
433.163,1,26437632,windows,0,365,290,7,0,0,0,0,0,0,3,4,0
433.207,0,26163200,repair,0,365,290,7,0,0,0,0,0,0,3,4,0
433.425,1,26454016,windows,0,365,290,7,0,0,0,0,0,0,3,4,0
433.464,0,26178560,repair,0,365,290,7,0,0,0,0,0,0,3,4,0
433.692,1,26470400,windows,0,365,290,7,0,0,0,0,0,0,3,4,0
433.718,0,26194944,repair,0,365,290,7,0,0,0,0,0,0,3,4,0
433.953,1,26487808,windows,0,365,290,7,0,0,0,0,0,0,3,4,0
433.969,0,26209280,windows,0,365,290,7,0,0,0,0,0,0,3,4,0
434.205,1,26504192,windows,0,365,290,7,0,0,0,0,0,0,3,4,0
434.221,0,26222592,windows,0,365,290,7,0,0,0,0,0,0,3,4,0
434.47,1,26520576,windows,0,365,290,7,0,0,0,0,0,0,3,4,0
434.48,0,26235904,windows,0,365,290,7,0,0,0,0,0,0,3,4,0
434.722,1,26534912,windows,0,365,290,7,0,0,0,0,0,0,3,4,0
434.731,0,26249216,windows,0,365,290,7,0,0,0,0,0,0,3,4,0
434.984,1,26549248,repair,0,365,290,7,0,0,0,0,0,0,3,4,0
434.998,0,26262528,windows,0,365,290,7,0,0,0,0,0,0,3,4,0
435.249,1,26564608,repair,0,365,290,7,0,0,0,0,0,0,3,4,0
435.26,0,26275840,windows,0,365,290,7,0,0,0,0,0,0,3,4,0
435.506,1,26579968,repair,0,365,290,7,0,0,0,0,0,0,3,4,0
435.515,0,26289152,windows,0,365,290,7,0,0,0,0,0,0,3,4,0
435.766,1,26595328,repair,0,365,290,7,0,0,0,0,0,0,3,4,0
435.768,0,26302464,windows,0,365,290,7,0,0,0,0,0,0,3,4,0
436.02,0,26315776,windows,0,365,290,7,0,0,0,0,0,0,3,4,0
436.023,1,26610688,windows,0,365,290,7,0,0,0,0,0,0,3,4,0
436.278,0,26330112,windows,0,365,290,7,0,0,0,0,0,0,3,4,0
436.279,1,26625024,windows,0,365,290,7,0,0,0,0,0,0,3,4,0
436.539,1,26639360,windows,0,365,290,7,0,0,0,0,0,0,3,4,0
436.54,0,26344448,windows,0,365,290,7,0,0,0,0,0,0,3,4,0
436.793,1,26653696,windows,0,365,290,7,0,0,0,0,0,0,3,4,0
436.799,0,26357760,windows,0,365,290,7,0,0,0,0,0,0,3,4,0
437.059,1,26668032,windows,0,365,290,7,0,0,0,0,0,0,3,4,0
437.06,0,26372096,windows,0,365,290,7,0,0,0,0,0,0,3,4,0
437.318,0,26385408,windows,0,365,290,7,0,0,0,0,0,0,3,4,0
437.321,1,26682368,windows,0,365,290,7,0,0,0,0,0,0,3,4,0
437.577,1,26695680,windows,0,365,290,7,0,0,0,0,0,0,3,4,0
437.585,0,26399744,windows,0,365,290,7,0,0,0,0,0,0,3,4,0
437.839,1,26710016,windows,0,365,290,7,0,0,0,0,0,0,3,4,0
437.85,0,26415104,windows,0,365,290,7,0,0,0,0,0,0,3,4,0
438.105,0,26428416,windows,0,365,290,7,0,0,0,0,0,0,3,4,0
438.105,1,26724352,windows,0,365,290,7,0,0,0,0,0,0,3,4,0
438.367,1,26737664,windows,0,365,290,7,0,0,0,0,0,0,3,4,0
438.369,0,26442752,windows,0,365,290,7,0,0,0,0,0,0,3,4,0
438.622,0,26457088,windows,0,365,290,7,0,0,0,0,0,0,3,4,0
438.631,1,26752000,windows,0,365,290,7,0,0,0,0,0,0,3,4,0
438.878,0,26471424,windows,0,365,290,7,0,0,0,0,0,0,3,4,0
438.889,1,26766336,windows,0,365,290,7,0,0,0,0,0,0,3,4,0
439.141,1,26780672,windows,0,365,290,7,0,0,0,0,0,0,3,4,0
439.141,0,26486784,windows,0,365,290,7,0,0,0,0,0,0,3,4,0
439.392,1,26795008,windows,0,365,290,7,0,0,0,0,0,0,3,4,0
439.396,0,26501120,windows,0,365,290,7,0,0,0,0,0,0,3,4,0
439.653,0,26515456,windows,0,365,290,7,0,0,0,0,0,0,3,4,0
439.653,1,26809344,windows,0,365,290,7,0,0,0,0,0,0,3,4,0
439.903,1,26823680,windows,0,365,290,7,0,0,0,0,0,0,3,4,0
439.913,0,26529792,windows,0,365,290,7,0,0,0,0,0,0,3,4,0
440.154,1,26836992,windows,0,365,290,7,0,0,0,0,0,0,3,4,0
440.165,0,26543104,windows,0,365,290,7,0,0,0,0,0,0,3,4,0
440.419,1,26851328,windows,0,365,290,7,0,0,0,0,0,0,3,4,0
440.422,0,26557440,windows,0,365,290,7,0,0,0,0,0,0,3,4,0
440.686,1,26866688,windows,0,365,290,7,0,0,0,0,0,0,3,4,0
440.687,0,26571776,repair,0,365,290,7,0,0,0,0,0,0,3,4,0
440.939,0,26586112,repair,0,365,290,7,0,0,0,0,0,0,3,4,0
440.95,1,26882048,windows,0,365,290,7,0,0,0,0,0,0,3,4,0
441.193,0,26599424,repair,0,365,290,7,0,0,0,0,0,0,3,4,0
441.21,1,26896384,windows,0,365,290,7,0,0,0,0,0,0,3,4,0
441.447,0,26613760,windows,0,365,290,7,0,0,0,0,0,0,3,4,0
441.462,1,26910720,windows,0,365,290,7,0,0,0,0,0,0,3,4,0
441.697,0,26627072,windows,0,365,290,7,0,0,0,0,0,0,3,4,0
441.716,1,26925056,windows,0,365,290,7,0,0,0,0,0,0,3,4,0
441.962,0,26641408,windows,0,365,290,7,0,0,0,0,0,0,3,4,0
441.968,1,26939392,windows,0,365,290,7,0,0,0,0,0,0,3,4,0
442.23,0,26655744,windows,0,365,290,7,0,0,0,0,0,0,3,4,0
442.231,1,26954752,windows,0,365,290,7,0,0,0,0,0,0,3,4,0
442.49,0,26670080,windows,0,365,290,7,0,0,0,0,0,0,3,4,0
442.499,1,26971136,windows,0,365,290,7,0,0,0,0,0,0,3,4,0
442.75,1,26986496,windows,0,365,290,7,0,0,0,0,0,0,3,4,0
442.751,0,26684416,windows,0,365,290,7,0,0,0,0,0,0,3,4,0
443.002,0,26698752,windows,0,365,290,7,0,0,0,0,0,0,3,4,0
443.013,1,27002880,windows,0,365,290,7,0,0,0,0,0,0,3,4,0
443.253,0,26713088,windows,0,365,290,7,0,0,0,0,0,0,3,4,0
443.277,1,27019264,windows,0,365,290,7,0,0,0,0,0,0,3,4,0
443.515,0,26727424,windows,0,365,290,7,0,0,0,0,0,0,3,4,0
443.534,1,27035648,windows,0,365,290,7,0,0,0,0,0,0,3,4,0
443.782,0,26741760,windows,0,365,290,7,0,0,0,0,0,0,3,4,0
443.785,1,27052032,windows,0,365,290,7,0,0,0,0,0,0,3,4,0
444.035,0,26756096,windows,0,365,290,7,0,0,0,0,0,0,3,4,0
444.051,1,27068416,windows,0,365,290,7,0,0,0,0,0,0,3,4,0
444.292,0,26769408,windows,0,365,290,7,0,0,0,0,0,0,3,4,0
444.318,1,27084800,windows,0,365,290,7,0,0,0,0,0,0,3,4,0
444.562,0,26783744,windows,0,365,290,7,0,0,0,0,0,0,3,4,0
444.574,1,27100160,repair,0,365,290,7,0,0,0,0,0,0,3,4,0
444.825,0,26798080,windows,0,365,290,7,0,0,0,0,0,0,3,4,0
444.826,1,27116544,repair,0,365,290,7,0,0,0,0,0,0,3,4,0
445.081,1,27132928,repair,0,365,290,7,0,0,0,0,0,0,3,4,0
445.086,0,26812416,windows,0,365,290,7,0,0,0,0,0,0,3,4,0
445.337,0,26826752,windows,0,365,290,7,0,0,0,0,0,0,3,4,0
445.344,1,27148288,windows,0,365,290,7,0,0,0,0,0,0,3,4,0
445.604,0,26842112,windows,0,365,290,7,0,0,0,0,0,0,3,4,0
445.611,1,27162624,windows,0,365,290,7,0,0,0,0,0,0,3,4,0
445.863,1,27179008,windows,0,365,290,7,0,0,0,0,0,0,3,4,0
445.871,0,26857472,windows,0,365,290,7,0,0,0,0,0,0,3,4,0
446.115,1,27195392,windows,0,365,290,7,0,0,0,0,0,0,3,4,0
446.131,0,26875904,windows,0,365,290,7,0,0,0,0,0,0,3,4,0
446.368,1,27211776,windows,0,365,290,7,0,0,0,0,0,0,3,4,0
446.384,0,26894336,windows,0,365,290,7,0,0,0,0,0,0,3,4,0
446.621,1,27228160,windows,0,365,290,7,0,0,0,0,0,0,3,4,0
446.639,0,26910720,windows,0,365,290,7,0,0,0,0,0,0,3,4,0
446.88,1,27244544,windows,0,365,290,7,0,0,0,0,0,0,3,4,0
446.895,0,26925056,windows,0,365,290,7,0,0,0,0,0,0,3,4,0
447.131,1,27259904,windows,0,365,290,7,0,0,0,0,0,0,3,4,0
447.154,0,26941440,windows,0,365,290,7,0,0,0,0,0,0,3,4,0
447.393,1,27277312,windows,0,365,290,7,0,0,0,0,0,0,3,4,0
447.423,0,26957824,windows,0,365,290,7,0,0,0,0,0,0,3,4,0
447.658,1,27294720,windows,0,365,290,7,0,0,0,0,0,0,3,4,0
447.675,0,26974208,windows,0,365,290,7,0,0,0,0,0,0,3,4,0
447.916,1,27312128,windows,0,365,290,7,0,0,0,0,0,0,3,4,0
447.938,0,26990592,repair,0,365,290,7,0,0,0,0,0,0,3,4,0
448.174,1,27329536,windows,0,365,290,7,0,0,0,0,0,0,3,4,0
448.205,0,27008000,windows,0,365,290,7,0,0,0,0,0,0,3,4,0
448.429,1,27345920,windows,0,365,290,7,0,0,0,0,0,0,3,4,0
448.459,0,27023360,windows,0,365,290,7,0,0,0,0,0,0,3,4,0
448.689,1,27364352,windows,0,365,290,7,0,0,0,0,0,0,3,4,0
448.722,0,27039744,windows,0,365,290,7,0,0,0,0,0,0,3,4,0
448.955,1,27382784,windows,0,365,290,7,0,0,0,0,0,0,3,4,0
448.984,0,27056128,windows,0,365,290,7,0,0,0,0,0,0,3,4,0
449.22,1,27400192,windows,0,365,290,7,0,0,0,0,0,0,3,4,0
449.247,0,27071488,windows,0,365,290,7,0,0,0,0,0,0,3,4,0
449.476,1,27416576,windows,0,365,290,7,0,0,0,0,0,0,3,4,0
449.498,0,27086848,windows,0,365,290,7,0,0,0,0,0,0,3,4,0
449.73,1,27433984,windows,0,365,290,7,0,0,0,0,0,0,3,4,0
449.767,0,27103232,windows,0,365,290,7,0,0,0,0,0,0,3,4,0
449.995,1,27451392,repair,0,365,290,7,0,0,0,0,0,0,3,4,0
450.017,0,27117568,windows,0,365,290,7,0,0,0,0,0,0,3,4,0
450.252,1,27469824,repair,0,365,290,7,0,0,0,0,0,0,3,4,0
450.268,0,27130880,windows,0,365,290,7,0,0,0,0,0,0,3,4,0
450.515,1,27488256,repair,0,365,290,7,0,0,0,0,0,0,3,4,0
450.53,0,27146240,windows,0,365,290,7,0,0,0,0,0,0,3,4,0
450.769,1,27504640,windows,0,365,290,7,0,0,0,0,0,0,3,4,0
450.791,0,27160576,windows,0,365,290,7,0,0,0,0,0,0,3,4,0
451.03,1,27522048,windows,0,365,290,7,0,0,0,0,0,0,3,4,0
451.042,0,27175936,windows,0,365,290,7,0,0,0,0,0,0,3,4,0
451.289,1,27538432,windows,0,365,290,7,0,0,0,0,0,0,3,4,0
451.296,0,27191296,windows,0,365,290,7,0,0,0,0,0,0,3,4,0
451.553,1,27555840,windows,0,365,290,7,0,0,0,0,0,0,3,4,0
451.558,0,27207680,windows,0,365,290,7,0,0,0,0,0,0,3,4,0
451.807,1,27573248,windows,0,365,290,7,0,0,0,0,0,0,3,4,0
451.812,0,27225088,windows,0,365,290,7,0,0,0,0,0,0,3,4,0
452.068,1,27589632,windows,0,365,290,7,0,0,0,0,0,0,3,4,0
452.083,0,27240448,windows,0,365,290,7,0,0,0,0,0,0,3,4,0
452.32,1,27604992,windows,0,365,290,7,0,0,0,0,0,0,3,4,0
452.344,0,27252736,windows,0,365,290,7,0,0,0,0,0,0,3,4,0
452.576,1,27621376,windows,0,365,290,7,0,0,0,0,0,0,3,4,0
452.603,0,27267072,windows,0,365,290,7,0,0,0,0,0,0,3,4,0
452.827,1,27637760,windows,0,365,290,7,0,0,0,0,0,0,3,4,0
452.865,0,27282432,windows,0,365,290,7,0,0,0,0,0,0,3,4,0
453.085,1,27652096,windows,0,365,290,7,0,0,0,0,0,0,3,4,0
453.123,0,27296768,windows,0,365,290,7,0,0,0,0,0,0,3,4,0
453.353,1,27668480,windows,0,365,290,7,0,0,0,0,0,0,3,4,0
453.378,0,27311104,windows,0,365,290,7,0,0,0,0,0,0,3,4,0
453.609,1,27683840,windows,0,365,290,7,0,0,0,0,0,0,3,4,0
453.63,0,27326464,windows,0,365,290,7,0,0,0,0,0,0,3,4,0
453.867,1,27698176,windows,0,365,290,7,0,0,0,0,0,0,3,4,0
453.895,0,27342848,windows,0,365,290,7,0,0,0,0,0,0,3,4,0
454.129,1,27712512,windows,0,365,290,7,0,0,0,0,0,0,3,4,0
454.147,0,27358208,windows,0,365,290,7,0,0,0,0,0,0,3,4,0
454.386,1,27725824,windows,0,365,290,7,0,0,0,0,0,0,3,4,0
454.404,0,27372544,windows,0,365,290,7,0,0,0,0,0,0,3,4,0
454.654,1,27741184,windows,0,365,290,7,0,0,0,0,0,0,3,4,0
454.66,0,27388928,windows,0,365,290,7,0,0,0,0,0,0,3,4,0
454.91,1,27756544,windows,0,365,290,7,0,0,0,0,0,0,3,4,0
454.918,0,27406336,windows,0,365,290,7,0,0,0,0,0,0,3,4,0
455.176,1,27771904,windows,0,365,290,7,0,0,0,0,0,0,3,4,0
455.185,0,27423744,windows,0,365,290,7,0,0,0,0,0,0,3,4,0
455.436,1,27786240,windows,0,365,290,7,0,0,0,0,0,0,3,4,0
455.441,0,27442176,windows,0,365,290,7,0,0,0,0,0,0,3,4,0
455.693,0,27459584,windows,0,365,290,7,0,0,0,0,0,0,3,4,0
455.699,1,27801600,windows,0,365,290,7,0,0,0,0,0,0,3,4,0
455.946,0,27476992,windows,0,365,290,7,0,0,0,0,0,0,3,4,0
455.965,1,27815936,windows,0,365,290,7,0,0,0,0,0,0,3,4,0
456.205,0,27493376,windows,0,365,290,7,0,0,0,0,0,0,3,4,0
456.218,1,27830272,windows,0,365,290,7,0,0,0,0,0,0,3,4,0
456.455,0,27509760,windows,0,365,290,7,0,0,0,0,0,0,3,4,0
456.474,1,27846656,windows,0,365,290,7,0,0,0,0,0,0,3,4,0
456.718,0,27526144,windows,0,365,290,7,0,0,0,0,0,0,3,4,0
456.725,1,27864064,windows,0,365,290,7,0,0,0,0,0,0,3,4,0
456.977,0,27542528,windows,0,365,290,7,0,0,0,0,0,0,3,4,0
456.987,1,27880448,repair,0,365,290,7,0,0,0,0,0,0,3,4,0
457.23,0,27556864,repair,0,365,290,7,0,0,0,0,0,0,3,4,0
457.245,1,27897856,windows,0,365,290,7,0,0,0,0,0,0,3,4,0
457.484,0,27572224,repair,0,365,290,7,0,0,0,0,0,0,3,4,0
457.506,1,27915264,windows,0,365,290,7,0,0,0,0,0,0,3,4,0
457.74,0,27589632,repair,0,365,290,7,0,0,0,0,0,0,3,4,0
457.765,1,27931648,windows,0,365,290,7,0,0,0,0,0,0,3,4,0
457.991,0,27608064,windows,0,365,290,7,0,0,0,0,0,0,3,4,0
458.023,1,27949056,windows,0,365,290,7,0,0,0,0,0,0,3,4,0
458.244,0,27624448,windows,0,365,290,7,0,0,0,0,0,0,3,4,0
458.28,1,27965440,windows,0,365,290,7,0,0,0,0,0,0,3,4,0
458.499,0,27640832,windows,0,365,290,7,0,0,0,0,0,0,3,4,0
458.538,1,27981824,windows,0,365,290,7,0,0,0,0,0,0,3,4,0
458.768,0,27658240,windows,0,365,290,7,0,0,0,0,0,0,3,4,0
458.795,1,27999232,windows,0,365,290,7,0,0,0,0,0,0,3,4,0
459.033,0,27672576,windows,0,365,290,7,0,0,0,0,0,0,3,4,0
459.048,1,28015616,windows,0,365,290,7,0,0,0,0,0,0,3,4,0
459.291,0,27685888,windows,0,365,290,7,0,0,0,0,0,0,3,4,0
459.312,1,28033024,windows,0,365,290,7,0,0,0,0,0,0,3,4,0
459.551,0,27700224,windows,0,365,290,7,0,0,0,0,0,0,3,4,0
459.567,1,28049408,windows,0,365,290,7,0,0,0,0,0,0,3,4,0
459.804,0,27714560,windows,0,365,290,7,0,0,0,0,0,0,3,4,0
459.818,1,28065792,windows,0,365,290,7,0,0,0,0,0,0,3,4,0
460.067,0,27728896,windows,0,365,290,7,0,0,0,0,0,0,3,4,0
460.075,1,28083200,windows,0,365,290,7,0,0,0,0,0,0,3,4,0
460.324,0,27742208,windows,0,365,290,7,0,0,0,0,0,0,3,4,0
460.337,1,28099584,windows,0,365,290,7,0,0,0,0,0,0,3,4,0
460.579,0,27755520,windows,0,365,290,7,0,0,0,0,0,0,3,4,0
460.596,1,28115968,windows,0,365,290,7,0,0,0,0,0,0,3,4,0
460.833,0,27768832,windows,0,365,290,7,0,0,0,0,0,0,3,4,0
460.859,1,28132352,windows,0,365,290,7,0,0,0,0,0,0,3,4,0
461.087,0,27782144,windows,0,365,290,7,0,0,0,0,0,0,3,4,0
461.126,1,28149760,windows,0,365,290,7,0,0,0,0,0,0,3,4,0
461.353,0,27795456,windows,0,365,290,7,0,0,0,0,0,0,3,4,0
461.388,1,28166144,windows,0,365,290,7,0,0,0,0,0,0,3,4,0
461.615,0,27808768,windows,0,365,290,7,0,0,0,0,0,0,3,4,0
461.645,1,28182528,windows,0,365,290,7,0,0,0,0,0,0,3,4,0
461.873,0,27822080,windows,0,365,290,7,0,0,0,0,0,0,3,4,0
461.896,1,28198912,windows,0,365,290,7,0,0,0,0,0,0,3,4,0
462.126,0,27835392,windows,0,365,290,7,0,0,0,0,0,0,3,4,0
462.151,1,28217344,windows,0,365,290,7,0,0,0,0,0,0,3,4,0
462.384,0,27848704,windows,0,365,290,7,0,0,0,0,0,0,3,4,0
462.408,1,28235776,windows,0,365,290,7,0,0,0,0,0,0,3,4,0
462.646,0,27863040,windows,0,365,290,7,0,0,0,0,0,0,3,4,0
462.671,1,28255232,windows,0,365,290,7,0,0,0,0,0,0,3,4,0
462.911,0,27878400,windows,0,365,290,7,0,0,0,0,0,0,3,4,0
462.929,1,28272640,repair,0,365,290,7,0,0,0,0,0,0,3,4,0
463.166,0,27891712,windows,0,365,290,7,0,0,0,0,0,0,3,4,0
463.192,1,28291072,repair,0,365,290,7,0,0,0,0,0,0,3,4,0
463.43,0,27905024,windows,0,365,290,7,0,0,0,0,0,0,3,4,0
463.451,1,28309504,repair,0,365,290,7,0,0,0,0,0,0,3,4,0
463.689,0,27919360,windows,0,365,290,7,0,0,0,0,0,0,3,4,0
463.703,1,28325888,windows,0,365,290,7,0,0,0,0,0,0,3,4,0
463.944,0,27933696,windows,0,365,290,7,0,0,0,0,0,0,3,4,0
463.954,1,28342272,windows,0,365,290,7,0,0,0,0,0,0,3,4,0
464.207,1,28358656,windows,0,365,290,7,0,0,0,0,0,0,3,4,0
464.21,0,27948032,windows,0,365,290,7,0,0,0,0,0,0,3,4,0
464.468,1,28375040,windows,0,365,290,7,0,0,0,0,0,0,3,4,0
464.477,0,27963392,windows,0,365,290,7,0,0,0,0,0,0,3,4,0
464.723,1,28390400,windows,0,365,290,7,0,0,0,0,0,0,3,4,0
464.727,0,27977728,windows,0,365,290,7,0,0,0,0,0,0,3,4,0
464.975,1,28405760,windows,0,365,290,7,0,0,0,0,0,0,3,4,0
464.985,0,27993088,windows,0,365,290,7,0,0,0,0,0,0,3,4,0
465.232,1,28421120,windows,0,365,290,7,0,0,0,0,0,0,3,4,0
465.239,0,28007424,windows,0,365,290,7,0,0,0,0,0,0,3,4,0
465.487,1,28436480,windows,0,365,290,7,0,0,0,0,0,0,3,4,0
465.499,0,28022784,windows,0,365,290,7,0,0,0,0,0,0,3,4,0
465.749,0,28038144,windows,0,365,290,7,0,0,0,0,0,0,3,4,0
465.751,1,28452864,windows,0,365,290,7,0,0,0,0,0,0,3,4,0
466,0,28053504,windows,0,365,290,7,0,0,0,0,0,0,3,4,0
466.002,1,28468224,windows,0,365,290,7,0,0,0,0,0,0,3,4,0
466.259,1,28483584,windows,0,365,290,7,0,0,0,0,0,0,3,4,0
466.259,0,28068864,windows,0,365,290,7,0,0,0,0,0,0,3,4,0
466.51,1,28497920,windows,0,365,290,7,0,0,0,0,0,0,3,4,0
466.515,0,28084224,repair,0,365,290,7,0,0,0,0,0,0,3,4,0
466.765,1,28513280,windows,0,365,290,7,0,0,0,0,0,0,3,4,0
466.772,0,28100608,repair,0,365,290,7,0,0,0,0,0,0,3,4,0
467.024,1,28529664,windows,0,365,290,7,0,0,0,0,0,0,3,4,0
467.026,0,28119040,repair,0,365,290,7,0,0,0,0,0,0,3,4,0
467.278,0,28136448,windows,0,365,290,7,0,0,0,0,0,0,3,4,0
467.283,1,28546048,windows,0,365,290,7,0,0,0,0,0,0,3,4,0
467.539,1,28562432,windows,0,365,290,7,0,0,0,0,0,0,3,4,0
467.546,0,28152832,windows,0,365,290,7,0,0,0,0,0,0,3,4,0
467.807,1,28577792,windows,0,365,290,7,0,0,0,0,0,0,3,4,0
467.809,0,28167168,windows,0,365,290,7,0,0,0,0,0,0,3,4,0
468.071,0,28182528,windows,0,365,290,7,0,0,0,0,0,0,3,4,0
468.072,1,28592128,windows,0,365,290,7,0,0,0,0,0,0,3,4,0
468.326,1,28605440,windows,0,365,290,7,0,0,0,0,0,0,3,4,0
468.327,0,28196864,windows,0,365,290,7,0,0,0,0,0,0,3,4,0
468.585,0,28210176,windows,0,365,290,7,0,0,0,0,0,0,3,4,0
468.592,1,28619776,windows,0,365,290,7,0,0,0,0,0,0,3,4,0
468.849,0,28224512,windows,0,365,290,7,0,0,0,0,0,0,3,4,0
468.853,1,28634112,windows,0,365,290,7,0,0,0,0,0,0,3,4,0
469.1,0,28239872,windows,0,365,290,7,0,0,0,0,0,0,3,4,0
469.115,1,28649472,windows,0,365,290,7,0,0,0,0,0,0,3,4,0
469.355,0,28254208,windows,0,365,290,7,0,0,0,0,0,0,3,4,0
469.366,1,28663808,windows,0,365,290,7,0,0,0,0,0,0,3,4,0
469.609,0,28269568,windows,0,365,290,7,0,0,0,0,0,0,3,4,0
469.628,1,28679168,windows,0,365,290,7,0,0,0,0,0,0,3,4,0
469.862,0,28283904,windows,0,365,290,7,0,0,0,0,0,0,3,4,0
469.883,1,28693504,windows,0,365,290,7,0,0,0,0,0,0,3,4,0
470.12,0,28299264,windows,0,365,290,7,0,0,0,0,0,0,3,4,0
470.15,1,28707840,windows,0,365,290,7,0,0,0,0,0,0,3,4,0
470.385,0,28313600,windows,0,365,290,7,0,0,0,0,0,0,3,4,0
470.417,1,28720128,repair,0,365,290,7,0,0,0,0,0,0,3,4,0
470.642,0,28325888,windows,0,365,290,7,0,0,0,0,0,0,3,4,0
470.668,1,28732416,repair,0,365,290,7,0,0,0,0,0,0,3,4,0
470.901,0,28339200,windows,0,365,290,7,0,0,0,0,0,0,3,4,0
470.928,1,28746752,windows,0,365,290,7,0,0,0,0,0,0,3,4,0
471.168,0,28353536,windows,0,365,290,7,0,0,0,0,0,0,3,4,0
471.19,1,28759040,windows,0,365,290,7,0,0,0,0,0,0,3,4,0
471.427,0,28366848,windows,0,365,290,7,0,0,0,0,0,0,3,4,0
471.447,1,28772352,windows,0,365,290,7,0,0,0,0,0,0,3,4,0
471.691,0,28381184,windows,0,365,290,7,0,0,0,0,0,0,3,4,0
471.713,1,28785664,windows,0,365,290,7,0,0,0,0,0,0,3,4,0
471.964,0,28394496,windows,0,365,290,7,0,0,0,0,0,0,3,4,0
471.969,1,28798976,windows,0,365,290,7,0,0,0,0,0,0,3,4,0
472.217,0,28406784,windows,0,365,290,7,0,0,0,0,0,0,3,4,0
472.23,1,28812288,windows,0,365,290,7,0,0,0,0,0,0,3,4,0
472.469,0,28420096,repair,0,365,290,7,0,0,0,0,0,0,3,4,0
472.499,1,28826624,windows,0,365,290,7,0,0,0,0,0,0,3,4,0
472.728,0,28434432,repair,0,365,290,7,0,0,0,0,0,0,3,4,0
472.753,1,28839936,windows,0,365,290,7,0,0,0,0,0,0,3,4,0
472.99,0,28447744,windows,0,365,290,7,0,0,0,0,0,0,3,4,0
473.005,1,28853248,windows,0,365,290,7,0,0,0,0,0,0,3,4,0
473.242,0,28461056,windows,0,365,290,7,0,0,0,0,0,0,3,4,0
473.258,1,28869632,windows,0,365,290,7,0,0,0,0,0,0,3,4,0
473.493,0,28474368,windows,0,365,290,7,0,0,0,0,0,0,3,4,0
473.509,1,28886016,windows,0,365,290,7,0,0,0,0,0,0,3,4,0
473.76,0,28488704,windows,0,365,290,7,0,0,0,0,0,0,3,4,0
473.761,1,28901376,windows,0,365,290,7,0,0,0,0,0,0,3,4,0
474.017,0,28502016,windows,0,365,290,7,0,0,0,0,0,0,3,4,0
474.021,1,28915712,windows,0,365,290,7,0,0,0,0,0,0,3,4,0
474.278,0,28515328,windows,0,365,290,7,0,0,0,0,0,0,3,4,0
474.281,1,28929024,windows,0,365,290,7,0,0,0,0,0,0,3,4,0
474.541,0,28529664,windows,0,365,290,7,0,0,0,0,0,0,3,4,0
474.546,1,28946432,windows,0,365,290,7,0,0,0,0,0,0,3,4,0
474.805,0,28544000,windows,0,365,290,7,0,0,0,0,0,0,3,4,0
474.807,1,28962816,windows,0,365,290,7,0,0,0,0,0,0,3,4,0
475.06,0,28558336,windows,0,365,290,7,0,0,0,0,0,0,3,4,0
475.073,1,28979200,windows,0,365,290,7,0,0,0,0,0,0,3,4,0
475.321,0,28572672,windows,0,365,290,7,0,0,0,0,0,0,3,4,0
475.332,1,28994560,windows,0,365,290,7,0,0,0,0,0,0,3,4,0
475.575,0,28585984,windows,0,365,290,7,0,0,0,0,0,0,3,4,0
475.586,1,29009920,windows,0,365,290,7,0,0,0,0,0,0,3,4,0
475.836,0,28600320,windows,0,365,290,7,0,0,0,0,0,0,3,4,0
475.85,1,29026304,windows,0,365,290,7,0,0,0,0,0,0,3,4,0
476.097,0,28614656,windows,0,365,290,7,0,0,0,0,0,0,3,4,0
476.108,1,29042688,windows,0,365,290,7,0,0,0,0,0,0,3,4,0
476.364,0,28628992,windows,0,365,290,7,0,0,0,0,0,0,3,4,0
476.375,1,29058048,windows,0,365,290,7,0,0,0,0,0,0,3,4,0
476.622,0,28643328,windows,0,365,290,7,0,0,0,0,0,0,3,4,0
476.63,1,29071360,windows,0,365,290,7,0,0,0,0,0,0,3,4,0
476.876,0,28657664,windows,0,365,290,7,0,0,0,0,0,0,3,4,0
476.888,1,29086720,windows,0,365,290,7,0,0,0,0,0,0,3,4,0
477.134,0,28672000,windows,0,365,290,7,0,0,0,0,0,0,3,4,0
477.15,1,29103104,windows,0,365,290,7,0,0,0,0,0,0,3,4,0
477.399,0,28687360,windows,0,365,290,7,0,0,0,0,0,0,3,4,0
477.401,1,29119488,windows,0,365,290,7,0,0,0,0,0,0,3,4,0
477.65,0,28701696,windows,0,365,290,7,0,0,0,0,0,0,3,4,0
477.655,1,29133824,repair,0,365,290,7,0,0,0,0,0,0,3,4,0
477.908,0,28717056,windows,0,365,290,7,0,0,0,0,0,0,3,4,0
477.918,1,29151232,repair,0,365,290,7,0,0,0,0,0,0,3,4,0
478.164,0,28732416,windows,0,365,290,7,0,0,0,0,0,0,3,4,0
478.177,1,29171712,repair,0,365,290,7,0,0,0,0,0,0,3,4,0
478.431,0,28747776,windows,0,365,290,7,0,0,0,0,0,0,3,4,0
478.442,1,29189120,windows,0,365,290,7,0,0,0,0,0,0,3,4,0
478.693,0,28762112,windows,0,365,290,7,0,0,0,0,0,0,3,4,0
478.705,1,29204480,windows,0,365,290,7,0,0,0,0,0,0,3,4,0
478.957,0,28776448,windows,0,365,290,7,0,0,0,0,0,0,3,4,0
478.972,1,29219840,windows,0,365,290,7,0,0,0,0,0,0,3,4,0
479.216,0,28791808,windows,0,365,290,7,0,0,0,0,0,0,3,4,0
479.228,1,29234176,windows,0,365,290,7,0,0,0,0,0,0,3,4,0
479.467,0,28805120,repair,0,365,290,7,0,0,0,0,0,0,3,4,0
479.486,1,29248512,windows,0,365,290,7,0,0,0,0,0,0,3,4,0
479.718,0,28820480,repair,0,365,290,7,0,0,0,0,0,0,3,4,0
479.747,1,29261824,windows,0,365,290,7,0,0,0,0,0,0,3,4,0
479.974,0,28834816,windows,0,365,290,7,0,0,0,0,0,0,3,4,0
480,1,29274112,windows,0,365,290,7,0,0,0,0,0,0,3,4,0
480.237,0,28850176,windows,0,365,290,7,0,0,0,0,0,0,3,4,0
480.262,1,29287424,windows,0,365,290,7,0,0,0,0,0,0,3,4,0
480.489,0,28864512,windows,0,365,290,7,0,0,0,0,0,0,3,4,0
480.525,1,29301760,windows,0,365,290,7,0,0,0,0,0,0,3,4,0
480.75,0,28878848,windows,0,365,290,7,0,0,0,0,0,0,3,4,0
480.784,1,29316096,windows,0,365,290,7,0,0,0,0,0,0,3,4,0
481.019,0,28893184,windows,0,365,290,7,0,0,0,0,0,0,3,4,0
481.055,1,29329408,windows,0,365,290,7,0,0,0,0,0,0,3,4,0
481.269,0,28905472,windows,0,365,290,7,0,0,0,0,0,0,3,4,0
481.313,1,29342720,windows,0,365,290,7,0,0,0,0,0,0,3,4,0
481.532,0,28919808,windows,0,365,290,7,0,0,0,0,0,0,3,4,0
481.569,1,29357056,windows,0,365,290,7,0,0,0,0,0,0,3,4,0
481.793,0,28934144,windows,0,365,290,7,0,0,0,0,0,0,3,4,0
481.837,1,29371392,windows,0,365,290,7,0,0,0,0,0,0,3,4,0
482.053,0,28948480,windows,0,365,290,7,0,0,0,0,0,0,3,4,0
482.103,1,29385728,windows,0,365,290,7,0,0,0,0,0,0,3,4,0
482.312,0,28961792,windows,0,365,290,7,0,0,0,0,0,0,3,4,0
482.361,1,29399040,windows,0,365,290,7,0,0,0,0,0,0,3,4,0
482.575,0,28975104,windows,0,365,290,7,0,0,0,0,0,0,3,4,0
482.62,1,29413376,windows,0,365,290,7,0,0,0,0,0,0,3,4,0
482.831,0,28987392,windows,0,365,290,7,0,0,0,0,0,0,3,4,0
482.88,1,29430784,windows,0,365,290,7,0,0,0,0,0,0,3,4,0
483.087,0,29000704,windows,0,365,290,7,0,0,0,0,0,0,3,4,0
483.141,1,29448192,windows,0,365,290,7,0,0,0,0,0,0,3,4,0
483.339,0,29012992,windows,0,365,290,7,0,0,0,0,0,0,3,4,0
483.405,1,29463552,windows,0,365,290,7,0,0,0,0,0,0,3,4,0
483.604,0,29026304,windows,0,365,290,7,0,0,0,0,0,0,3,4,0
483.673,1,29477888,windows,0,365,290,7,0,0,0,0,0,0,3,4,0
483.862,0,29039616,windows,0,365,290,7,0,0,0,0,0,0,3,4,0
483.939,1,29492224,windows,0,365,290,7,0,0,0,0,0,0,3,4,0
484.128,0,29052928,windows,0,365,290,7,0,0,0,0,0,0,3,4,0
484.189,1,29505536,windows,0,365,290,7,0,0,0,0,0,0,3,4,0
484.39,0,29066240,windows,0,365,290,7,0,0,0,0,0,0,3,4,0
484.449,1,29518848,windows,0,365,290,7,0,0,0,0,0,0,3,4,0
484.652,0,29080576,windows,0,365,290,7,0,0,0,0,0,0,3,4,0
484.716,1,29533184,windows,0,365,290,7,0,0,0,0,0,0,3,4,0
484.917,0,29094912,windows,0,365,290,7,0,0,0,0,0,0,3,4,0
484.966,1,29548544,windows,0,365,290,7,0,0,0,0,0,0,3,4,0
485.174,0,29109248,windows,0,365,290,7,0,0,0,0,0,0,3,4,0
485.23,1,29565952,windows,0,365,290,7,0,0,0,0,0,0,3,4,0
485.432,0,29122560,windows,0,365,290,7,0,0,0,0,0,0,3,4,0
485.484,1,29583360,windows,0,365,290,7,0,0,0,0,0,0,3,4,0
485.689,0,29136896,windows,0,365,290,7,0,0,0,0,0,0,3,4,0
485.737,1,29599744,windows,0,365,290,7,0,0,0,0,0,0,3,4,0
485.952,0,29152256,windows,0,365,290,7,0,0,0,0,0,0,3,4,0
485.99,1,29614080,windows,0,365,290,7,0,0,0,0,0,0,3,4,0
486.217,0,29167616,windows,0,365,290,7,0,0,0,0,0,0,3,4,0
486.249,1,29628416,windows,0,365,290,7,0,0,0,0,0,0,3,4,0
486.469,0,29181952,windows,0,365,290,7,0,0,0,0,0,0,3,4,0
486.517,1,29642752,windows,0,365,290,7,0,0,0,0,0,0,3,4,0
486.721,0,29196288,windows,0,365,290,7,0,0,0,0,0,0,3,4,0
486.776,1,29657088,windows,0,365,290,7,0,0,0,0,0,0,3,4,0
486.985,0,29212672,windows,0,365,290,7,0,0,0,0,0,0,3,4,0
487.036,1,29673472,windows,0,365,290,7,0,0,0,0,0,0,3,4,0
487.24,0,29228032,windows,0,365,290,7,0,0,0,0,0,0,3,4,0
487.291,1,29689856,windows,0,365,290,7,0,0,0,0,0,0,3,4,0
487.499,0,29244416,windows,0,365,290,7,0,0,0,0,0,0,3,4,0
487.547,1,29706240,repair,0,365,290,7,0,0,0,0,0,0,3,4,0
487.749,0,29260800,windows,0,365,290,7,0,0,0,0,0,0,3,4,0
487.803,1,29723648,repair,0,365,290,7,0,0,0,0,0,0,3,4,0
488.014,0,29278208,windows,0,365,290,7,0,0,0,0,0,0,3,4,0
488.068,1,29741056,windows,0,365,290,7,0,0,0,0,0,0,3,4,0
488.267,0,29292544,repair,0,365,290,7,0,0,0,0,0,0,3,4,0
488.329,1,29755392,windows,0,365,290,7,0,0,0,0,0,0,3,4,0
488.528,0,29308928,windows,0,365,290,7,0,0,0,0,0,0,3,4,0
488.593,1,29770752,windows,0,365,290,7,0,0,0,0,0,0,3,4,0
488.787,0,29325312,windows,0,365,290,7,0,0,0,0,0,0,3,4,0
488.845,1,29786112,windows,0,365,290,7,0,0,0,0,0,0,3,4,0
489.055,0,29341696,windows,0,365,290,7,0,0,0,0,0,0,3,4,0
489.098,1,29802496,windows,0,365,290,7,0,0,0,0,0,0,3,4,0
489.311,0,29355008,windows,0,365,290,7,0,0,0,0,0,0,3,4,0
489.361,1,29819904,windows,0,365,290,7,0,0,0,0,0,0,3,4,0
489.576,0,29369344,windows,0,365,290,7,0,0,0,0,0,0,3,4,0
489.625,1,29837312,windows,0,365,290,7,0,0,0,0,0,0,3,4,0
489.845,0,29383680,windows,0,365,290,7,0,0,0,0,0,0,3,4,0
489.884,1,29853696,windows,0,365,290,7,0,0,0,0,0,0,3,4,0
490.107,0,29396992,windows,0,365,290,7,0,0,0,0,0,0,3,4,0
490.142,1,29870080,windows,0,365,290,7,0,0,0,0,0,0,3,4,0
490.372,0,29410304,windows,0,365,290,7,0,0,0,0,0,0,3,4,0
490.393,1,29884416,windows,0,365,290,7,0,0,0,0,0,0,3,4,0
490.631,0,29424640,windows,0,365,290,7,0,0,0,0,0,0,3,4,0
490.65,1,29900800,windows,0,365,290,7,0,0,0,0,0,0,3,4,0
490.898,0,29438976,windows,0,365,290,7,0,0,0,0,0,0,3,4,0
490.908,1,29917184,windows,0,365,290,7,0,0,0,0,0,0,3,4,0
491.16,0,29456384,windows,0,365,290,7,0,0,0,0,0,0,3,4,0
491.171,1,29933568,windows,0,365,290,7,0,0,0,0,0,0,3,4,0
491.416,0,29474816,windows,0,365,290,7,0,0,0,0,0,0,3,4,0
491.421,1,29949952,windows,0,365,290,7,0,0,0,0,0,0,3,4,0
491.684,0,29492224,windows,0,365,290,7,0,0,0,0,0,0,3,4,0
491.684,1,29967360,windows,0,365,290,7,0,0,0,0,0,0,3,4,0
491.939,1,29984768,windows,0,365,290,7,0,0,0,0,0,0,3,4,0
491.941,0,29508608,windows,0,365,290,7,0,0,0,0,0,0,3,4,0
492.19,1,30001152,windows,0,365,290,7,0,0,0,0,0,0,3,4,0
492.208,0,29522944,windows,0,365,290,7,0,0,0,0,0,0,3,4,0
492.45,1,30018560,windows,0,365,290,7,0,0,0,0,0,0,3,4,0
492.465,0,29538304,windows,0,365,290,7,0,0,0,0,0,0,3,4,0
492.713,1,30036992,windows,0,365,290,7,0,0,0,0,0,0,3,4,0
492.728,0,29556736,windows,0,365,290,7,0,0,0,0,0,0,3,4,0
492.969,1,30054400,windows,0,365,290,7,0,0,0,0,0,0,3,4,0
492.986,0,29575168,windows,0,365,290,7,0,0,0,0,0,0,3,4,0
493.23,1,30071808,windows,0,365,290,7,0,0,0,0,0,0,3,4,0
493.249,0,29593600,windows,0,365,290,7,0,0,0,0,0,0,3,4,0
493.484,1,30090240,windows,0,365,290,7,0,0,0,0,0,0,3,4,0
493.512,0,29612032,windows,0,365,290,7,0,0,0,0,0,0,3,4,0
493.743,1,30108672,windows,0,365,290,7,0,0,0,0,0,0,3,4,0
493.773,0,29630464,windows,0,365,290,7,0,0,0,0,0,0,3,4,0
494.004,1,30126080,windows,0,365,290,7,0,0,0,0,0,0,3,4,0
494.032,0,29647872,windows,0,365,290,7,0,0,0,0,0,0,3,4,0
494.271,1,30144512,windows,0,365,290,7,0,0,0,0,0,0,3,4,0
494.284,0,29665280,windows,0,365,290,7,0,0,0,0,0,0,3,4,0
494.53,1,30161920,windows,0,365,290,7,0,0,0,0,0,0,3,4,0
494.536,0,29682688,windows,0,365,290,7,0,0,0,0,0,0,3,4,0
494.791,1,30178304,repair,0,365,290,7,0,0,0,0,0,0,3,4,0
494.797,0,29701120,repair,0,365,290,7,0,0,0,0,0,0,3,4,0
495.047,0,29719552,windows,0,365,290,7,0,0,0,0,0,0,3,4,0
495.056,1,30196736,repair,0,365,290,7,0,0,0,0,0,0,3,4,0
495.304,0,29735936,windows,0,365,290,7,0,0,0,0,0,0,3,4,0
495.31,1,30216192,windows,0,365,290,7,0,0,0,0,0,0,3,4,0
495.559,0,29750272,windows,0,365,290,7,0,0,0,0,0,0,3,4,0
495.574,1,30233600,windows,0,365,290,7,0,0,0,0,0,0,3,4,0
495.822,0,29764608,windows,0,365,290,7,0,0,0,0,0,0,3,4,0
495.839,1,30249984,windows,0,365,290,7,0,0,0,0,0,0,3,4,0
496.083,0,29778944,windows,0,365,290,7,0,0,0,0,0,0,3,4,0
496.105,1,30264320,windows,0,365,290,7,0,0,0,0,0,0,3,4,0
496.346,0,29793280,windows,0,365,290,7,0,0,0,0,0,0,3,4,0
496.356,1,30277632,windows,0,365,290,7,0,0,0,0,0,0,3,4,0
496.609,0,29807616,windows,0,365,290,7,0,0,0,0,0,0,3,4,0
496.612,1,30290944,windows,0,365,290,7,0,0,0,0,0,0,3,4,0
496.86,0,29820928,windows,0,365,290,7,0,0,0,0,0,0,3,4,0
496.863,1,30304256,windows,0,365,290,7,0,0,0,0,0,0,3,4,0
497.123,0,29835264,windows,0,365,290,7,0,0,0,0,0,0,3,4,0
497.128,1,30318592,windows,0,365,290,7,0,0,0,0,0,0,3,4,0
497.375,0,29848576,windows,0,365,290,7,0,0,0,0,0,0,3,4,0
497.382,1,30330880,windows,0,365,290,7,0,0,0,0,0,0,3,4,0
497.639,0,29862912,windows,0,365,290,7,0,0,0,0,0,0,3,4,0
497.646,1,30345216,windows,0,365,290,7,0,0,0,0,0,0,3,4,0
497.903,1,30359552,windows,0,365,290,7,0,0,0,0,0,0,3,4,0
497.907,0,29877248,windows,0,365,290,7,0,0,0,0,0,0,3,4,0
498.159,1,30373888,windows,0,365,290,7,0,0,0,0,0,0,3,4,0
498.177,0,29891584,windows,0,365,290,7,0,0,0,0,0,0,3,4,0
498.419,1,30388224,windows,0,365,290,7,0,0,0,0,0,0,3,4,0
498.433,0,29904896,windows,0,365,290,7,0,0,0,0,0,0,3,4,0
498.684,1,30402560,windows,0,365,290,7,0,0,0,0,0,0,3,4,0
498.695,0,29919232,windows,0,365,290,7,0,0,0,0,0,0,3,4,0
498.949,1,30417920,windows,0,365,290,7,0,0,0,0,0,0,3,4,0
498.959,0,29934592,windows,0,365,290,7,0,0,0,0,0,0,3,4,0
499.221,1,30432256,windows,0,365,290,7,0,0,0,0,0,0,3,4,0
499.223,0,29949952,windows,0,365,290,7,0,0,0,0,0,0,3,4,0
499.479,1,30446592,windows,0,365,290,7,0,0,0,0,0,0,3,4,0
499.489,0,29965312,windows,0,365,290,7,0,0,0,0,0,0,3,4,0
499.733,1,30460928,windows,0,365,290,7,0,0,0,0,0,0,3,4,0
499.753,0,29982720,windows,0,365,290,7,0,0,0,0,0,0,3,4,0
499.999,1,30476288,windows,0,365,290,7,0,0,0,0,0,0,3,4,0
500.016,0,30000128,windows,0,365,290,7,0,0,0,0,0,0,3,4,0
500.26,1,30490624,windows,0,365,290,7,0,0,0,0,0,0,3,4,0
500.269,0,30014464,windows,0,365,290,7,0,0,0,0,0,0,3,4,0
500.522,1,30505984,windows,0,365,290,7,0,0,0,0,0,0,3,4,0
500.527,0,30031872,windows,0,365,290,7,0,0,0,0,0,0,3,4,0
500.779,1,30521344,windows,0,365,290,7,0,0,0,0,0,0,3,4,0
500.788,0,30049280,windows,0,365,290,7,0,0,0,0,0,0,3,4,0
501.037,1,30537728,windows,0,365,290,7,0,0,0,0,0,0,3,4,0
501.048,0,30067712,windows,0,365,290,7,0,0,0,0,0,0,3,4,0
501.294,1,30555136,windows,0,365,290,7,0,0,0,0,0,0,3,4,0
501.305,0,30084096,windows,0,365,290,7,0,0,0,0,0,0,3,4,0
501.547,1,30572544,repair,0,365,290,7,0,0,0,0,0,0,3,4,0
501.56,0,30101504,windows,0,365,290,7,0,0,0,0,0,0,3,4,0
501.81,1,30589952,repair,0,365,290,7,0,0,0,0,0,0,3,4,0
501.826,0,30116864,windows,0,365,290,7,0,0,0,0,0,0,3,4,0
502.061,1,30606336,repair,0,365,290,7,0,0,0,0,0,0,3,4,0
502.083,0,30133248,repair,0,365,290,7,0,0,0,0,0,0,3,4,0
502.313,1,30622720,repair,0,365,290,7,0,0,0,0,0,0,3,4,0
502.343,0,30150656,repair,0,365,290,7,0,0,0,0,0,0,3,4,0
502.572,1,30638080,windows,0,365,290,7,0,0,0,0,0,0,3,4,0
502.606,0,30169088,windows,0,365,290,7,0,0,0,0,0,0,3,4,0
502.833,1,30653440,windows,0,365,290,7,0,0,0,0,0,0,3,4,0
502.858,0,30186496,windows,0,365,290,7,0,0,0,0,0,0,3,4,0
503.083,1,30667776,windows,0,365,290,7,0,0,0,0,0,0,3,4,0
503.108,0,30202880,windows,0,365,290,7,0,0,0,0,0,0,3,4,0
503.338,1,30681088,windows,0,365,290,7,0,0,0,0,0,0,3,4,0
503.363,0,30218240,windows,0,365,290,7,0,0,0,0,0,0,3,4,0
503.591,1,30694400,windows,0,365,290,7,0,0,0,0,0,0,3,4,0
503.615,0,30233600,windows,0,365,290,7,0,0,0,0,0,0,3,4,0
503.851,1,30708736,windows,0,365,290,7,0,0,0,0,0,0,3,4,0
503.88,0,30248960,windows,0,365,290,7,0,0,0,0,0,0,3,4,0
504.107,1,30723072,windows,0,365,290,7,0,0,0,0,0,0,3,4,0
504.135,0,30264320,windows,0,365,290,7,0,0,0,0,0,0,3,4,0
504.368,1,30737408,windows,0,365,290,7,0,0,0,0,0,0,3,4,0
504.402,0,30279680,windows,0,365,290,7,0,0,0,0,0,0,3,4,0
504.623,1,30750720,windows,0,365,290,7,0,0,0,0,0,0,3,4,0
504.666,0,30297088,windows,0,365,290,7,0,0,0,0,0,0,3,4,0
504.886,1,30765056,windows,0,365,290,7,0,0,0,0,0,0,3,4,0
504.925,0,30313472,windows,0,365,290,7,0,0,0,0,0,0,3,4,0
505.14,1,30779392,windows,0,365,290,7,0,0,0,0,0,0,3,4,0
505.187,0,30329856,windows,0,365,290,7,0,0,0,0,0,0,3,4,0
505.4,1,30793728,windows,0,365,290,7,0,0,0,0,0,0,3,4,0
505.441,0,30346240,windows,0,365,290,7,0,0,0,0,0,0,3,4,0
505.667,1,30808064,windows,0,365,290,7,0,0,0,0,0,0,3,4,0
505.703,0,30363648,windows,0,365,290,7,0,0,0,0,0,0,3,4,0
505.923,1,30822400,windows,0,365,290,7,0,0,0,0,0,0,3,4,0
505.966,0,30382080,windows,0,365,290,7,0,0,0,0,0,0,3,4,0
506.189,1,30837760,windows,0,365,290,7,0,0,0,0,0,0,3,4,0
506.216,0,30398464,windows,0,365,290,7,0,0,0,0,0,0,3,4,0
506.455,1,30852096,windows,0,365,290,7,0,0,0,0,0,0,3,4,0
506.476,0,30413824,windows,0,365,290,7,0,0,0,0,0,0,3,4,0
506.717,1,30866432,windows,0,365,290,7,0,0,0,0,0,0,3,4,0
506.728,0,30429184,windows,0,365,290,7,0,0,0,0,0,0,3,4,0
506.981,0,30444544,windows,0,365,290,7,0,0,0,0,0,0,3,4,0
506.982,1,30880768,windows,0,365,290,7,0,0,0,0,0,0,3,4,0
507.234,0,30461952,windows,0,365,290,7,0,0,0,0,0,0,3,4,0
507.242,1,30896128,windows,0,365,290,7,0,0,0,0,0,0,3,4,0
507.492,1,30910464,windows,0,365,290,7,0,0,0,0,0,0,3,4,0
507.493,0,30479360,windows,0,365,290,7,0,0,0,0,0,0,3,4,0
507.749,1,30924800,windows,0,365,290,7,0,0,0,0,0,0,3,4,0
507.753,0,30496768,repair,0,365,290,7,0,0,0,0,0,0,3,4,0
508.01,0,30514176,repair,0,365,290,7,0,0,0,0,0,0,3,4,0
508.018,1,30940160,windows,0,365,290,7,0,0,0,0,0,0,3,4,0
508.269,0,30532608,repair,0,365,290,7,0,0,0,0,0,0,3,4,0
508.271,1,30954496,windows,0,365,290,7,0,0,0,0,0,0,3,4,0
508.522,1,30968832,windows,0,365,290,7,0,0,0,0,0,0,3,4,0
508.53,0,30548992,windows,0,365,290,7,0,0,0,0,0,0,3,4,0
508.774,1,30983168,windows,0,365,290,7,0,0,0,0,0,0,3,4,0
508.783,0,30565376,windows,0,365,290,7,0,0,0,0,0,0,3,4,0
509.027,1,30997504,windows,0,365,290,7,0,0,0,0,0,0,3,4,0
509.043,0,30582784,windows,0,365,290,7,0,0,0,0,0,0,3,4,0
509.284,1,31011840,windows,0,365,290,7,0,0,0,0,0,0,3,4,0
509.304,0,30600192,windows,0,365,290,7,0,0,0,0,0,0,3,4,0
509.541,1,31027200,repair,0,365,290,7,0,0,0,0,0,0,3,4,0
509.565,0,30617600,windows,0,365,290,7,0,0,0,0,0,0,3,4,0
509.792,1,31042560,repair,0,365,290,7,0,0,0,0,0,0,3,4,0
509.816,0,30635008,windows,0,365,290,7,0,0,0,0,0,0,3,4,0
510.056,1,31058944,repair,0,365,290,7,0,0,0,0,0,0,3,4,0
510.07,0,30652416,windows,0,365,290,7,0,0,0,0,0,0,3,4,0
510.313,1,31074304,windows,0,365,290,7,0,0,0,0,0,0,3,4,0
510.328,0,30669824,windows,0,365,290,7,0,0,0,0,0,0,3,4,0
510.576,1,31088640,windows,0,365,290,7,0,0,0,0,0,0,3,4,0
510.585,0,30687232,windows,0,365,290,7,0,0,0,0,0,0,3,4,0
510.832,1,31105024,windows,0,365,290,7,0,0,0,0,0,0,3,4,0
510.843,0,30705664,windows,0,365,290,7,0,0,0,0,0,0,3,4,0
511.1,0,30724096,windows,0,365,290,7,0,0,0,0,0,0,3,4,0
511.101,1,31123456,windows,0,365,290,7,0,0,0,0,0,0,3,4,0
511.353,0,30741504,windows,0,365,290,7,0,0,0,0,0,0,3,4,0
511.353,1,31136768,windows,0,365,290,7,0,0,0,0,0,0,3,4,0
511.605,0,30758912,windows,0,365,290,7,0,0,0,0,0,0,3,4,0
511.607,1,31150080,windows,0,365,290,7,0,0,0,0,0,0,3,4,0
511.858,1,31163392,windows,0,365,290,7,0,0,0,0,0,0,3,4,0
511.869,0,30777344,windows,0,365,290,7,0,0,0,0,0,0,3,4,0
512.113,1,31176704,windows,0,365,290,7,0,0,0,0,0,0,3,4,0
512.124,0,30793728,windows,0,365,290,7,0,0,0,0,0,0,3,4,0
512.377,1,31190016,windows,0,365,290,7,0,0,0,0,0,0,3,4,0
512.388,0,30812160,windows,0,365,290,7,0,0,0,0,0,0,3,4,0
512.63,1,31206400,windows,0,365,290,7,0,0,0,0,0,0,3,4,0
512.65,0,30830592,windows,0,365,290,7,0,0,0,0,0,0,3,4,0
512.882,1,31223808,windows,0,365,290,7,0,0,0,0,0,0,3,4,0
512.901,0,30848000,repair,0,365,290,7,0,0,0,0,0,0,3,4,0
513.145,1,31242240,windows,0,365,290,7,0,0,0,0,0,0,3,4,0
513.166,0,30867456,repair,0,365,290,7,0,0,0,0,0,0,3,4,0
513.396,1,31259648,windows,0,365,290,7,0,0,0,0,0,0,3,4,0
513.416,0,30887936,windows,0,365,290,7,0,0,0,0,0,0,3,4,0
513.653,1,31277056,windows,0,365,290,7,0,0,0,0,0,0,3,4,0
513.681,0,30905344,windows,0,365,290,7,0,0,0,0,0,0,3,4,0
513.905,1,31294464,windows,0,365,290,7,0,0,0,0,0,0,3,4,0
513.937,0,30922752,windows,0,365,290,7,0,0,0,0,0,0,3,4,0
514.159,1,31311872,windows,0,365,290,7,0,0,0,0,0,0,3,4,0
514.189,0,30939136,windows,0,365,290,7,0,0,0,0,0,0,3,4,0
514.422,1,31329280,windows,0,365,290,7,0,0,0,0,0,0,3,4,0
514.448,0,30955520,windows,0,365,290,7,0,0,0,0,0,0,3,4,0
514.678,1,31346688,windows,0,365,290,7,0,0,0,0,0,0,3,4,0
514.702,0,30972928,windows,0,365,290,7,0,0,0,0,0,0,3,4,0
514.943,1,31365120,windows,0,365,290,7,0,0,0,0,0,0,3,4,0
514.957,0,30989312,windows,0,365,290,7,0,0,0,0,0,0,3,4,0
515.207,1,31381504,windows,0,365,290,7,0,0,0,0,0,0,3,4,0
515.231,0,31005696,windows,0,365,290,7,0,0,0,0,0,0,3,4,0
515.465,1,31398912,windows,0,365,290,7,0,0,0,0,0,0,3,4,0
515.488,0,31022080,windows,0,365,290,7,0,0,0,0,0,0,3,4,0
515.72,1,31416320,windows,0,365,290,7,0,0,0,0,0,0,3,4,0
515.752,0,31035392,windows,0,365,290,7,0,0,0,0,0,0,3,4,0
515.976,1,31433728,windows,0,365,290,7,0,0,0,0,0,0,3,4,0
516.004,0,31048704,windows,0,365,290,7,0,0,0,0,0,0,3,4,0
516.241,1,31451136,windows,0,365,290,7,0,0,0,0,0,0,3,4,0
516.266,0,31062016,repair,0,365,290,7,0,0,0,0,0,0,3,4,0
516.497,1,31468544,windows,0,365,290,7,0,0,0,0,0,0,3,4,0
516.525,0,31076352,repair,0,365,290,7,0,0,0,0,0,0,3,4,0
516.753,1,31484928,windows,0,365,290,7,0,0,0,0,0,0,3,4,0
516.792,0,31091712,windows,0,365,290,7,0,0,0,0,0,0,3,4,0
517.005,1,31500288,windows,0,365,290,7,0,0,0,0,0,0,3,4,0
517.048,0,31106048,windows,0,365,290,7,0,0,0,0,0,0,3,4,0
517.26,1,31516672,windows,0,365,290,7,0,0,0,0,0,0,3,4,0
517.309,0,31120384,windows,0,365,290,7,0,0,0,0,0,0,3,4,0
517.516,1,31534080,windows,0,365,290,7,0,0,0,0,0,0,3,4,0
517.563,0,31133696,windows,0,365,290,7,0,0,0,0,0,0,3,4,0
517.782,1,31551488,windows,0,365,290,7,0,0,0,0,0,0,3,4,0
517.821,0,31147008,windows,0,365,290,7,0,0,0,0,0,0,3,4,0
518.045,1,31568896,repair,0,365,290,7,0,0,0,0,0,0,3,4,0
518.085,0,31161344,windows,0,365,290,7,0,0,0,0,0,0,3,4,0
518.303,1,31585280,repair,0,365,290,7,0,0,0,0,0,0,3,4,0
518.343,0,31174656,windows,0,365,290,7,0,0,0,0,0,0,3,4,0
518.565,1,31603712,windows,0,365,290,7,0,0,0,0,0,0,3,4,0
518.605,0,31187968,windows,0,365,290,7,0,0,0,0,0,0,3,4,0
518.821,1,31620096,windows,0,365,290,7,0,0,0,0,0,0,3,4,0
518.855,0,31201280,windows,0,365,290,7,0,0,0,0,0,0,3,4,0
519.073,1,31636480,windows,0,365,290,7,0,0,0,0,0,0,3,4,0
519.106,0,31215616,windows,0,365,290,7,0,0,0,0,0,0,3,4,0
519.326,1,31652864,windows,0,365,290,7,0,0,0,0,0,0,3,4,0
519.365,0,31229952,windows,0,365,290,7,0,0,0,0,0,0,3,4,0
519.593,1,31670272,windows,0,365,290,7,0,0,0,0,0,0,3,4,0
519.633,0,31244288,windows,0,365,290,7,0,0,0,0,0,0,3,4,0
519.846,1,31686656,windows,0,365,290,7,0,0,0,0,0,0,3,4,0
519.892,0,31258624,windows,0,365,290,7,0,0,0,0,0,0,3,4,0
520.097,1,31702016,windows,0,365,290,7,0,0,0,0,0,0,3,4,0
520.146,0,31271936,windows,0,365,290,7,0,0,0,0,0,0,3,4,0
520.348,1,31717376,windows,0,365,290,7,0,0,0,0,0,0,3,4,0
520.408,0,31287296,windows,0,365,290,7,0,0,0,0,0,0,3,4,0
520.598,1,31733760,windows,0,365,290,7,0,0,0,0,0,0,3,4,0
520.67,0,31304704,windows,0,365,290,7,0,0,0,0,0,0,3,4,0
520.859,1,31751168,windows,0,365,290,7,0,0,0,0,0,0,3,4,0
520.922,0,31322112,windows,0,365,290,7,0,0,0,0,0,0,3,4,0
521.113,1,31768576,windows,0,365,290,7,0,0,0,0,0,0,3,4,0
521.185,0,31340544,windows,0,365,290,7,0,0,0,0,0,0,3,4,0
521.375,1,31785984,windows,0,365,290,7,0,0,0,0,0,0,3,4,0
521.44,0,31354880,windows,0,365,290,7,0,0,0,0,0,0,3,4,0
521.637,1,31802368,repair,0,365,290,7,0,0,0,0,0,0,3,4,0
521.707,0,31369216,windows,0,365,290,7,0,0,0,0,0,0,3,4,0
521.898,1,31820800,repair,0,365,290,7,0,0,0,0,0,0,3,4,0
521.97,0,31384576,windows,0,365,290,7,0,0,0,0,0,0,3,4,0
522.166,1,31839232,repair,0,365,290,7,0,0,0,0,0,0,3,4,0
522.235,0,31399936,windows,0,365,290,7,0,0,0,0,0,0,3,4,0
522.429,1,31854592,windows,0,365,290,7,0,0,0,0,0,0,3,4,0
522.491,0,31414272,windows,0,365,290,7,0,0,0,0,0,0,3,4,0
522.69,1,31872000,windows,0,365,290,7,0,0,0,0,0,0,3,4,0
522.755,0,31429632,repair,0,365,290,7,0,0,0,0,0,0,3,4,0
522.948,1,31886336,windows,0,365,290,7,0,0,0,0,0,0,3,4,0
523.017,0,31444992,repair,0,365,290,7,0,0,0,0,0,0,3,4,0
523.21,1,31899648,windows,0,365,290,7,0,0,0,0,0,0,3,4,0
523.272,0,31460352,repair,0,365,290,7,0,0,0,0,0,0,3,4,0
523.461,1,31911936,windows,0,365,290,7,0,0,0,0,0,0,3,4,0
523.526,0,31475712,windows,0,365,290,7,0,0,0,0,0,0,3,4,0
523.725,1,31926272,windows,0,365,290,7,0,0,0,0,0,0,3,4,0
523.779,0,31490048,windows,0,365,290,7,0,0,0,0,0,0,3,4,0
523.983,1,31939584,windows,0,365,290,7,0,0,0,0,0,0,3,4,0
524.032,0,31504384,windows,0,365,290,7,0,0,0,0,0,0,3,4,0
524.244,1,31952896,windows,0,365,290,7,0,0,0,0,0,0,3,4,0
524.285,0,31519744,windows,0,365,290,7,0,0,0,0,0,0,3,4,0
524.497,1,31966208,windows,0,365,290,7,0,0,0,0,0,0,3,4,0
524.538,0,31536128,windows,0,365,290,7,0,0,0,0,0,0,3,4,0
524.766,1,31980544,windows,0,365,290,7,0,0,0,0,0,0,3,4,0
524.795,0,31551488,windows,0,365,290,7,0,0,0,0,0,0,3,4,0
525.021,1,31993856,windows,0,365,290,7,0,0,0,0,0,0,3,4,0
525.046,0,31566848,windows,0,365,290,7,0,0,0,0,0,0,3,4,0
525.278,1,32007168,windows,0,365,290,7,0,0,0,0,0,0,3,4,0
525.308,0,31583232,windows,0,365,290,7,0,0,0,0,0,0,3,4,0
525.545,1,32021504,windows,0,365,290,7,0,0,0,0,0,0,3,4,0
525.561,0,31599616,windows,0,365,290,7,0,0,0,0,0,0,3,4,0
525.813,0,31613952,windows,0,365,290,7,0,0,0,0,0,0,3,4,0
525.82,1,32035840,windows,0,365,290,7,0,0,0,0,0,0,3,4,0
526.067,0,31628288,windows,0,365,290,7,0,0,0,0,0,0,3,4,0
526.089,1,32050176,windows,0,365,290,7,0,0,0,0,0,0,3,4,0
526.333,0,31642624,windows,0,365,290,7,0,0,0,0,0,0,3,4,0
526.345,1,32062464,windows,0,365,290,7,0,0,0,0,0,0,3,4,0
526.592,0,31656960,windows,0,365,290,7,0,0,0,0,0,0,3,4,0
526.601,1,32075776,windows,0,365,290,7,0,0,0,0,0,0,3,4,0
526.857,0,31671296,windows,0,365,290,7,0,0,0,0,0,0,3,4,0
526.858,1,32089088,windows,0,365,290,7,0,0,0,0,0,0,3,4,0
527.112,0,31685632,windows,0,365,290,7,0,0,0,0,0,0,3,4,0
527.119,1,32103424,windows,0,365,290,7,0,0,0,0,0,0,3,4,0
527.367,0,31700992,windows,0,365,290,7,0,0,0,0,0,0,3,4,0
527.373,1,32118784,windows,0,365,290,7,0,0,0,0,0,0,3,4,0
527.622,0,31716352,windows,0,365,290,7,0,0,0,0,0,0,3,4,0
527.633,1,32134144,windows,0,365,290,7,0,0,0,0,0,0,3,4,0
527.876,0,31731712,windows,0,365,290,7,0,0,0,0,0,0,3,4,0
527.887,1,32149504,windows,0,365,290,7,0,0,0,0,0,0,3,4,0
528.142,0,31747072,windows,0,365,290,7,0,0,0,0,0,0,3,4,0
528.145,1,32166912,windows,0,365,290,7,0,0,0,0,0,0,3,4,0
528.392,0,31762432,windows,0,365,290,7,0,0,0,0,0,0,3,4,0
528.407,1,32184320,windows,0,365,290,7,0,0,0,0,0,0,3,4,0
528.657,0,31778816,windows,0,365,290,7,0,0,0,0,0,0,3,4,0
528.667,1,32202752,repair,0,365,290,7,0,0,0,0,0,0,3,4,0
528.921,0,31795200,windows,0,365,290,7,0,0,0,0,0,0,3,4,0
528.921,1,32222208,windows,0,365,290,7,0,0,0,0,0,0,3,4,0
529.171,0,31810560,windows,0,365,290,7,0,0,0,0,0,0,3,4,0
529.176,1,32239616,windows,0,365,290,7,0,0,0,0,0,0,3,4,0
529.424,0,31825920,windows,0,365,290,7,0,0,0,0,0,0,3,4,0
529.43,1,32254976,windows,0,365,290,7,0,0,0,0,0,0,3,4,0
529.676,0,31840256,windows,0,365,290,7,0,0,0,0,0,0,3,4,0
529.685,1,32270336,windows,0,365,290,7,0,0,0,0,0,0,3,4,0
529.937,0,31855616,windows,0,365,290,7,0,0,0,0,0,0,3,4,0
529.943,1,32285696,windows,0,365,290,7,0,0,0,0,0,0,3,4,0
530.196,1,32301056,windows,0,365,290,7,0,0,0,0,0,0,3,4,0
530.203,0,31870976,windows,0,365,290,7,0,0,0,0,0,0,3,4,0
530.46,1,32317440,windows,0,365,290,7,0,0,0,0,0,0,3,4,0
530.465,0,31886336,windows,0,365,290,7,0,0,0,0,0,0,3,4,0
530.722,1,32333824,windows,0,365,290,7,0,0,0,0,0,0,3,4,0
530.727,0,31901696,repair,0,365,290,7,0,0,0,0,0,0,3,4,0
530.979,1,32349184,windows,0,365,290,7,0,0,0,0,0,0,3,4,0
530.986,0,31917056,repair,0,365,290,7,0,0,0,0,0,0,3,4,0
531.237,1,32364544,windows,0,365,290,7,0,0,0,0,0,0,3,4,0
531.239,0,31932416,repair,0,365,290,7,0,0,0,0,0,0,3,4,0
531.496,0,31947776,repair,0,365,290,7,0,0,0,0,0,0,3,4,0
531.499,1,32381952,windows,0,365,290,7,0,0,0,0,0,0,3,4,0
531.753,1,32398336,windows,0,365,290,7,0,0,0,0,0,0,3,4,0
531.76,0,31961088,repair,0,365,290,7,0,0,0,0,0,0,3,4,0
532.018,1,32415744,windows,0,365,290,7,0,0,0,0,0,0,3,4,0
532.024,0,31974400,windows,0,365,290,7,0,0,0,0,0,0,3,4,0
532.275,1,32433152,windows,0,365,290,7,0,0,0,0,0,0,3,4,0
532.284,0,31987712,windows,0,365,290,7,0,0,0,0,0,0,3,4,0
532.534,1,32449536,windows,0,365,290,7,0,0,0,0,0,0,3,4,0
532.542,0,32001024,windows,0,365,290,7,0,0,0,0,0,0,3,4,0
532.795,0,32014336,windows,0,365,290,7,0,0,0,0,0,0,3,4,0
532.797,1,32466944,windows,0,365,290,7,0,0,0,0,0,0,3,4,0
533.054,0,32029696,windows,0,365,290,7,0,0,0,0,0,0,3,4,0
533.055,1,32484352,windows,0,365,290,7,0,0,0,0,0,0,3,4,0
533.311,1,32501760,windows,0,365,290,7,0,0,0,0,0,0,3,4,0
533.313,0,32046080,windows,0,365,290,7,0,0,0,0,0,0,3,4,0
533.569,0,32062464,windows,0,365,290,7,0,0,0,0,0,0,3,4,0
533.571,1,32519168,windows,0,365,290,7,0,0,0,0,0,0,3,4,0
533.822,1,32536576,windows,0,365,290,7,0,0,0,0,0,0,3,4,0
533.835,0,32079872,windows,0,365,290,7,0,0,0,0,0,0,3,4,0
534.085,1,32555008,windows,0,365,290,7,0,0,0,0,0,0,3,4,0
534.092,0,32096256,windows,0,365,290,7,0,0,0,0,0,0,3,4,0
534.343,1,32571392,windows,0,365,290,7,0,0,0,0,0,0,3,4,0
534.349,0,32112640,windows,0,365,290,7,0,0,0,0,0,0,3,4,0
534.603,1,32588800,windows,0,365,290,7,0,0,0,0,0,0,3,4,0
534.604,0,32129024,windows,0,365,290,7,0,0,0,0,0,0,3,4,0
534.861,1,32606208,windows,0,365,290,7,0,0,0,0,0,0,3,4,0
534.862,0,32146432,windows,0,365,290,7,0,0,0,0,0,0,3,4,0
535.115,0,32161792,windows,0,365,290,7,0,0,0,0,0,0,3,4,0
535.125,1,32623616,windows,0,365,290,7,0,0,0,0,0,0,3,4,0
535.366,0,32177152,windows,0,365,290,7,0,0,0,0,0,0,3,4,0
535.375,1,32641024,windows,0,365,290,7,0,0,0,0,0,0,3,4,0
535.625,1,32658432,repair,0,365,290,7,0,0,0,0,0,0,3,4,0
535.626,0,32195584,windows,0,365,290,7,0,0,0,0,0,0,3,4,0
535.879,0,32212992,windows,0,365,290,7,0,0,0,0,0,0,3,4,0
535.888,1,32677888,repair,0,365,290,7,0,0,0,0,0,0,3,4,0
536.138,0,32230400,windows,0,365,290,7,0,0,0,0,0,0,3,4,0
536.146,1,32697344,repair,0,365,290,7,0,0,0,0,0,0,3,4,0
536.398,0,32247808,windows,0,365,290,7,0,0,0,0,0,0,3,4,0
536.409,1,32714752,windows,0,365,290,7,0,0,0,0,0,0,3,4,0
536.649,0,32264192,windows,0,365,290,7,0,0,0,0,0,0,3,4,0
536.665,1,32732160,windows,0,365,290,7,0,0,0,0,0,0,3,4,0
536.906,0,32279552,windows,0,365,290,7,0,0,0,0,0,0,3,4,0
536.925,1,32748544,windows,0,365,290,7,0,0,0,0,0,0,3,4,0
537.166,0,32295936,windows,0,365,290,7,0,0,0,0,0,0,3,4,0
537.175,1,32764928,windows,0,365,290,7,0,0,0,0,0,0,3,4,0
537.417,0,32312320,windows,0,365,290,7,0,0,0,0,0,0,3,4,0
537.439,1,32782336,windows,0,365,290,7,0,0,0,0,0,0,3,4,0
537.672,0,32328704,windows,0,365,290,7,0,0,0,0,0,0,3,4,0
537.696,1,32798720,windows,0,365,290,7,0,0,0,0,0,0,3,4,0
537.926,0,32346112,windows,0,365,290,7,0,0,0,0,0,0,3,4,0
537.959,1,32816128,windows,0,365,290,7,0,0,0,0,0,0,3,4,0
538.177,0,32361472,windows,0,365,290,7,0,0,0,0,0,0,3,4,0
538.227,1,32831488,windows,0,365,290,7,0,0,0,0,0,0,3,4,0
538.439,0,32375808,windows,0,365,290,7,0,0,0,0,0,0,3,4,0
538.48,1,32845824,windows,0,365,290,7,0,0,0,0,0,0,3,4,0
538.694,0,32392192,windows,0,365,290,7,0,0,0,0,0,0,3,4,0
538.742,1,32860160,windows,0,365,290,7,0,0,0,0,0,0,3,4,0
538.959,0,32409600,windows,0,365,290,7,0,0,0,0,0,0,3,4,0
539.002,1,32874496,windows,0,365,290,7,0,0,0,0,0,0,3,4,0
539.214,0,32427008,windows,0,365,290,7,0,0,0,0,0,0,3,4,0
539.268,1,32889856,windows,0,365,290,7,0,0,0,0,0,0,3,4,0
539.477,0,32445440,repair,0,365,290,7,0,0,0,0,0,0,3,4,0
539.528,1,32906240,windows,0,365,290,7,0,0,0,0,0,0,3,4,0
539.728,0,32462848,windows,0,365,290,7,0,0,0,0,0,0,3,4,0
539.785,1,32922624,windows,0,365,290,7,0,0,0,0,0,0,3,4,0
539.979,0,32479232,windows,0,365,290,7,0,0,0,0,0,0,3,4,0
540.036,1,32935936,windows,0,365,290,7,0,0,0,0,0,0,3,4,0
540.236,0,32495616,windows,0,365,290,7,0,0,0,0,0,0,3,4,0
540.304,1,32950272,windows,0,365,290,7,0,0,0,0,0,0,3,4,0
540.5,0,32513024,windows,0,365,290,7,0,0,0,0,0,0,3,4,0
540.561,1,32964608,windows,0,365,290,7,0,0,0,0,0,0,3,4,0
540.764,0,32531456,windows,0,365,290,7,0,0,0,0,0,0,3,4,0
540.822,1,32978944,windows,0,365,290,7,0,0,0,0,0,0,3,4,0
541.016,0,32549888,windows,0,365,290,7,0,0,0,0,0,0,3,4,0
541.079,1,32993280,repair,0,365,290,7,0,0,0,0,0,0,3,4,0
541.28,0,32566272,windows,0,365,290,7,0,0,0,0,0,0,3,4,0
541.343,1,33008640,repair,0,365,290,7,0,0,0,0,0,0,3,4,0
541.539,0,32581632,windows,0,365,290,7,0,0,0,0,0,0,3,4,0
541.608,1,33024000,repair,0,365,290,7,0,0,0,0,0,0,3,4,0
541.802,0,32595968,windows,0,365,290,7,0,0,0,0,0,0,3,4,0
541.862,1,33039360,windows,0,365,290,7,0,0,0,0,0,0,3,4,0
542.058,0,32609280,windows,0,365,290,7,0,0,0,0,0,0,3,4,0
542.12,1,33052672,windows,0,365,290,7,0,0,0,0,0,0,3,4,0
542.322,0,32625664,windows,0,365,290,7,0,0,0,0,0,0,3,4,0
542.381,1,33065984,windows,0,365,290,7,0,0,0,0,0,0,3,4,0
542.576,0,32643072,windows,0,365,290,7,0,0,0,0,0,0,3,4,0
542.644,1,33080320,windows,0,365,290,7,0,0,0,0,0,0,3,4,0
542.829,0,32661504,windows,0,365,290,7,0,0,0,0,0,0,3,4,0
542.911,1,33094656,windows,0,365,290,7,0,0,0,0,0,0,3,4,0
543.086,0,32680960,windows,0,365,290,7,0,0,0,0,0,0,3,4,0
543.177,1,33108992,windows,0,365,290,7,0,0,0,0,0,0,3,4,0
543.339,0,32699392,windows,0,365,290,7,0,0,0,0,0,0,3,4,0
543.441,1,33123328,windows,0,365,290,7,0,0,0,0,0,0,3,4,0
543.596,0,32719872,windows,0,365,290,7,0,0,0,0,0,0,3,4,0
543.693,1,33136640,windows,0,365,290,7,0,0,0,0,0,0,3,4,0
543.849,0,32738304,repair,0,365,290,7,0,0,0,0,0,0,3,4,0
543.961,1,33150976,windows,0,365,290,7,0,0,0,0,0,0,3,4,0
544.099,0,32756736,repair,0,365,290,7,0,0,0,0,0,0,3,4,0
544.215,1,33164288,windows,0,365,290,7,0,0,0,0,0,0,3,4,0
544.351,0,32773120,repair,0,365,290,7,0,0,0,0,0,0,3,4,0
544.477,1,33178624,windows,0,365,290,7,0,0,0,0,0,0,3,4,0
544.61,0,32789504,windows,0,365,290,7,0,0,0,0,0,0,3,4,0
544.73,1,33191936,windows,0,365,290,7,0,0,0,0,0,0,3,4,0
544.862,0,32805888,windows,0,365,290,7,0,0,0,0,0,0,3,4,0
544.993,1,33206272,windows,0,365,290,7,0,0,0,0,0,0,3,4,0
545.118,0,32822272,windows,0,365,290,7,0,0,0,0,0,0,3,4,0
545.257,1,33220608,windows,0,365,290,7,0,0,0,0,0,0,3,4,0
545.371,0,32837632,windows,0,365,290,7,0,0,0,0,0,0,3,4,0
545.53,1,33235968,windows,0,365,290,7,0,0,0,0,0,0,3,4,0
545.636,0,32854016,windows,0,365,290,7,0,0,0,0,0,0,3,4,0
545.795,1,33250304,windows,0,365,290,7,0,0,0,0,0,0,3,4,0
545.896,0,32870400,windows,0,365,290,7,0,0,0,0,0,0,3,4,0
546.048,1,33263616,windows,0,365,290,7,0,0,0,0,0,0,3,4,0
546.147,0,32884736,windows,0,365,290,7,0,0,0,0,0,0,3,4,0
546.308,1,33277952,windows,0,365,290,7,0,0,0,0,0,0,3,4,0
546.397,0,32900096,windows,0,365,290,7,0,0,0,0,0,0,3,4,0
546.564,1,33291264,windows,0,365,290,7,0,0,0,0,0,0,3,4,0
546.657,0,32916480,windows,0,365,290,7,0,0,0,0,0,0,3,4,0
546.827,1,33305600,windows,0,365,290,7,0,0,0,0,0,0,3,4,0
546.918,0,32932864,windows,0,365,290,7,0,0,0,0,0,0,3,4,0
547.089,1,33319936,windows,0,365,290,7,0,0,0,0,0,0,3,4,0
547.182,0,32948224,windows,0,365,290,7,0,0,0,0,0,0,3,4,0
547.345,1,33333248,windows,0,365,290,7,0,0,0,0,0,0,3,4,0
547.434,0,32961536,windows,0,365,290,7,0,0,0,0,0,0,3,4,0
547.6,1,33347584,windows,0,365,290,7,0,0,0,0,0,0,3,4,0
547.7,0,32977920,windows,0,365,290,7,0,0,0,0,0,0,3,4,0
547.851,1,33361920,windows,0,365,290,7,0,0,0,0,0,0,3,4,0
547.956,0,32993280,windows,0,365,290,7,0,0,0,0,0,0,3,4,0
548.104,1,33376256,windows,0,365,290,7,0,0,0,0,0,0,3,4,0
548.216,0,33008640,windows,0,365,290,7,0,0,0,0,0,0,3,4,0
548.363,1,33390592,windows,0,365,290,7,0,0,0,0,0,0,3,4,0
548.466,0,33020928,windows,0,365,290,7,0,0,0,0,0,0,3,4,0
548.621,1,33405952,windows,0,365,290,7,0,0,0,0,0,0,3,4,0
548.728,0,33034240,windows,0,365,290,7,0,0,0,0,0,0,3,4,0
548.881,1,33422336,windows,0,365,290,7,0,0,0,0,0,0,3,4,0
548.98,0,33049600,windows,0,365,290,7,0,0,0,0,0,0,3,4,0
549.144,1,33439744,windows,0,365,290,7,0,0,0,0,0,0,3,4,0
549.235,0,33065984,windows,0,365,290,7,0,0,0,0,0,0,3,4,0
549.398,1,33457152,windows,0,365,290,7,0,0,0,0,0,0,3,4,0
549.489,0,33081344,windows,0,365,290,7,0,0,0,0,0,0,3,4,0
549.653,1,33473536,windows,0,365,290,7,0,0,0,0,0,0,3,4,0
549.752,0,33096704,windows,0,365,290,7,0,0,0,0,0,0,3,4,0
549.904,1,33488896,windows,0,365,290,7,0,0,0,0,0,0,3,4,0
550.012,0,33113088,windows,0,365,290,7,0,0,0,0,0,0,3,4,0
550.156,1,33503232,windows,0,365,290,7,0,0,0,0,0,0,3,4,0
550.274,0,33129472,windows,0,365,290,7,0,0,0,0,0,0,3,4,0
550.41,1,33515520,repair,0,365,290,7,0,0,0,0,0,0,3,4,0
550.533,0,33144832,windows,0,365,290,7,0,0,0,0,0,0,3,4,0
550.668,1,33529856,repair,0,365,290,7,0,0,0,0,0,0,3,4,0
550.805,0,33162240,repair,0,365,290,7,0,0,0,0,0,0,3,4,0
550.931,1,33546240,windows,0,365,290,7,0,0,0,0,0,0,3,4,0
551.059,0,33178624,repair,0,365,290,7,0,0,0,0,0,0,3,4,0
551.183,1,33562624,windows,0,365,290,7,0,0,0,0,0,0,3,4,0
551.323,0,33197056,repair,0,365,290,7,0,0,0,0,0,0,3,4,0
551.441,1,33576960,windows,0,365,290,7,0,0,0,0,0,0,3,4,0
551.585,0,33210368,windows,0,365,290,7,0,0,0,0,0,0,3,4,0
551.701,1,33590272,windows,0,365,290,7,0,0,0,0,0,0,3,4,0
551.84,0,33223680,windows,0,365,290,7,0,0,0,0,0,0,3,4,0
551.957,1,33605632,windows,0,365,290,7,0,0,0,0,0,0,3,4,0
552.107,0,33238016,windows,0,365,290,7,0,0,0,0,0,0,3,4,0
552.221,1,33619968,windows,0,365,290,7,0,0,0,0,0,0,3,4,0
552.362,0,33251328,windows,0,365,290,7,0,0,0,0,0,0,3,4,0
552.471,1,33633280,windows,0,365,290,7,0,0,0,0,0,0,3,4,0
552.622,0,33265664,windows,0,365,290,7,0,0,0,0,0,0,3,4,0
552.722,1,33648640,windows,0,365,290,7,0,0,0,0,0,0,3,4,0
552.885,0,33280000,windows,0,365,290,7,0,0,0,0,0,0,3,4,0
552.98,1,33665024,windows,0,365,290,7,0,0,0,0,0,0,3,4,0
553.151,0,33294336,windows,0,365,290,7,0,0,0,0,0,0,3,4,0
553.243,1,33682432,windows,0,365,290,7,0,0,0,0,0,0,3,4,0
553.414,0,33307648,windows,0,365,290,7,0,0,0,0,0,0,3,4,0
553.507,1,33699840,windows,0,365,290,7,0,0,0,0,0,0,3,4,0
553.688,0,33320960,windows,0,365,290,7,0,0,0,0,0,0,3,4,0
553.767,1,33714176,windows,0,365,290,7,0,0,0,0,0,0,3,4,0
553.938,0,33333248,windows,0,365,290,7,0,0,0,0,0,0,3,4,0
554.029,1,33728512,windows,0,365,290,7,0,0,0,0,0,0,3,4,0
554.197,0,33347584,windows,0,365,290,7,0,0,0,0,0,0,3,4,0
554.293,1,33742848,windows,0,365,290,7,0,0,0,0,0,0,3,4,0
554.459,0,33362944,windows,0,365,290,7,0,0,0,0,0,0,3,4,0
554.547,1,33757184,windows,0,365,290,7,0,0,0,0,0,0,3,4,0
554.721,0,33378304,windows,0,365,290,7,0,0,0,0,0,0,3,4,0
554.813,1,33771520,windows,0,365,290,7,0,0,0,0,0,0,3,4,0
554.989,0,33393664,windows,0,365,290,7,0,0,0,0,0,0,3,4,0
555.081,1,33786880,windows,0,365,290,7,0,0,0,0,0,0,3,4,0
555.252,0,33410048,windows,0,365,290,7,0,0,0,0,0,0,3,4,0
555.342,1,33801216,windows,0,365,290,7,0,0,0,0,0,0,3,4,0
555.52,0,33425408,windows,0,365,290,7,0,0,0,0,0,0,3,4,0
555.611,1,33817600,windows,0,365,290,7,0,0,0,0,0,0,3,4,0
555.775,0,33439744,windows,0,365,290,7,0,0,0,0,0,0,3,4,0
555.864,1,33833984,repair,0,365,290,7,0,0,0,0,0,0,3,4,0
556.032,0,33455104,windows,0,365,290,7,0,0,0,0,0,0,3,4,0
556.126,1,33852416,windows,0,365,290,7,0,0,0,0,0,0,3,4,0
556.295,0,33471488,windows,0,365,290,7,0,0,0,0,0,0,3,4,0
556.39,1,33868800,windows,0,365,290,7,0,0,0,0,0,0,3,4,0
556.555,0,33485824,windows,0,365,290,7,0,0,0,0,0,0,3,4,0
556.651,1,33883136,windows,0,365,290,7,0,0,0,0,0,0,3,4,0
556.821,0,33499136,windows,0,365,290,7,0,0,0,0,0,0,3,4,0
556.913,1,33896448,windows,0,365,290,7,0,0,0,0,0,0,3,4,0
557.078,0,33511424,windows,0,365,290,7,0,0,0,0,0,0,3,4,0
557.166,1,33908736,windows,0,365,290,7,0,0,0,0,0,0,3,4,0
557.337,0,33523712,windows,0,365,290,7,0,0,0,0,0,0,3,4,0
557.43,1,33922048,windows,0,365,290,7,0,0,0,0,0,0,3,4,0
557.59,0,33538048,windows,0,365,290,7,0,0,0,0,0,0,3,4,0
557.684,1,33934336,windows,0,365,290,7,0,0,0,0,0,0,3,4,0
557.852,0,33552384,windows,0,365,290,7,0,0,0,0,0,0,3,4,0
557.941,1,33947648,windows,0,365,290,7,0,0,0,0,0,0,3,4,0
558.11,0,33566720,windows,0,365,290,7,0,0,0,0,0,0,3,4,0
558.197,1,33960960,windows,0,365,290,7,0,0,0,0,0,0,3,4,0
558.369,0,33581056,windows,0,365,290,7,0,0,0,0,0,0,3,4,0
558.465,1,33974272,windows,0,365,290,7,0,0,0,0,0,0,3,4,0
558.63,0,33593344,windows,0,365,290,7,0,0,0,0,0,0,3,4,0
558.734,1,33987584,windows,0,365,290,7,0,0,0,0,0,0,3,4,0
558.88,0,33606656,windows,0,365,290,7,0,0,0,0,0,0,3,4,0
559.01,1,33999872,windows,0,365,290,7,0,0,0,0,0,0,3,4,0
559.137,0,33619968,windows,0,365,290,7,0,0,0,0,0,0,3,4,0
559.275,1,34013184,windows,0,365,290,7,0,0,0,0,0,0,3,4,0
559.391,0,33632256,windows,0,365,290,7,0,0,0,0,0,0,3,4,0
559.542,1,34027520,windows,0,365,290,7,0,0,0,0,0,0,3,4,0
559.653,0,33647616,windows,0,365,290,7,0,0,0,0,0,0,3,4,0
559.809,1,34041856,windows,0,365,290,7,0,0,0,0,0,0,3,4,0
559.914,0,33665024,windows,0,365,290,7,0,0,0,0,0,0,3,4,0
560.063,1,34055168,windows,0,365,290,7,0,0,0,0,0,0,3,4,0
560.17,0,33682432,windows,0,365,290,7,0,0,0,0,0,0,3,4,0
560.318,1,34070528,windows,0,365,290,7,0,0,0,0,0,0,3,4,0
560.427,0,33700864,windows,0,365,290,7,0,0,0,0,0,0,3,4,0
560.576,1,34087936,windows,0,365,290,7,0,0,0,0,0,0,3,4,0
560.687,0,33714176,repair,0,365,290,7,0,0,0,0,0,0,3,4,0
560.84,1,34103296,windows,0,365,290,7,0,0,0,0,0,0,3,4,0
560.942,0,33728512,repair,0,365,290,7,0,0,0,0,0,0,3,4,0
561.103,1,34117632,windows,0,365,290,7,0,0,0,0,0,0,3,4,0
561.204,0,33743872,repair,0,365,290,7,0,0,0,0,0,0,3,4,0
561.359,1,34130944,windows,0,365,290,7,0,0,0,0,0,0,3,4,0
561.46,0,33758208,windows,0,365,290,7,0,0,0,0,0,0,3,4,0
561.618,1,34145280,windows,0,365,290,7,0,0,0,0,0,0,3,4,0
561.718,0,33773568,windows,0,365,290,7,0,0,0,0,0,0,3,4,0
561.886,1,34159616,windows,0,365,290,7,0,0,0,0,0,0,3,4,0
561.973,0,33786880,windows,0,365,290,7,0,0,0,0,0,0,3,4,0
562.156,1,34172928,windows,0,365,290,7,0,0,0,0,0,0,3,4,0
562.245,0,33802240,windows,0,365,290,7,0,0,0,0,0,0,3,4,0
562.407,1,34184192,windows,0,365,290,7,0,0,0,0,0,0,3,4,0
562.507,0,33817600,windows,0,365,290,7,0,0,0,0,0,0,3,4,0
562.674,1,34197504,windows,0,365,290,7,0,0,0,0,0,0,3,4,0
562.766,0,33831936,windows,0,365,290,7,0,0,0,0,0,0,3,4,0
562.935,1,34210816,windows,0,365,290,7,0,0,0,0,0,0,3,4,0
563.026,0,33847296,windows,0,365,290,7,0,0,0,0,0,0,3,4,0
563.2,1,34228224,windows,0,365,290,7,0,0,0,0,0,0,3,4,0
563.278,0,33862656,windows,0,365,290,7,0,0,0,0,0,0,3,4,0
563.452,1,34244608,windows,0,365,290,7,0,0,0,0,0,0,3,4,0
563.536,0,33879040,windows,0,365,290,7,0,0,0,0,0,0,3,4,0
563.716,1,34262016,windows,0,365,290,7,0,0,0,0,0,0,3,4,0
563.802,0,33895424,windows,0,365,290,7,0,0,0,0,0,0,3,4,0
563.977,1,34278400,windows,0,365,290,7,0,0,0,0,0,0,3,4,0
564.057,0,33908736,windows,0,365,290,7,0,0,0,0,0,0,3,4,0
564.24,1,34294784,windows,0,365,290,7,0,0,0,0,0,0,3,4,0
564.316,0,33921024,windows,0,365,290,7,0,0,0,0,0,0,3,4,0
564.491,1,34311168,windows,0,365,290,7,0,0,0,0,0,0,3,4,0
564.575,0,33934336,windows,0,365,290,7,0,0,0,0,0,0,3,4,0
564.753,1,34329600,windows,0,365,290,7,0,0,0,0,0,0,3,4,0
564.83,0,33946624,windows,0,365,290,7,0,0,0,0,0,0,3,4,0
565.012,1,34347008,windows,0,365,290,7,0,0,0,0,0,0,3,4,0
565.094,0,33959936,windows,0,365,290,7,0,0,0,0,0,0,3,4,0
565.275,1,34364416,windows,0,365,290,7,0,0,0,0,0,0,3,4,0
565.359,0,33973248,windows,0,365,290,7,0,0,0,0,0,0,3,4,0
565.537,1,34381824,windows,0,365,290,7,0,0,0,0,0,0,3,4,0
565.613,0,33986560,windows,0,365,290,7,0,0,0,0,0,0,3,4,0
565.793,1,34398208,windows,0,365,290,7,0,0,0,0,0,0,3,4,0
565.872,0,34001920,windows,0,365,290,7,0,0,0,0,0,0,3,4,0
566.05,1,34414592,windows,0,365,290,7,0,0,0,0,0,0,3,4,0
566.126,0,34017280,windows,0,365,290,7,0,0,0,0,0,0,3,4,0
566.31,1,34429952,repair,0,365,290,7,0,0,0,0,0,0,3,4,0
566.384,0,34030592,windows,0,365,290,7,0,0,0,0,0,0,3,4,0
566.574,1,34448384,repair,0,365,290,7,0,0,0,0,0,0,3,4,0
566.639,0,34042880,windows,0,365,290,7,0,0,0,0,0,0,3,4,0
566.825,1,34463744,windows,0,365,290,7,0,0,0,0,0,0,3,4,0
566.892,0,34055168,windows,0,365,290,7,0,0,0,0,0,0,3,4,0
567.09,1,34480128,windows,0,365,290,7,0,0,0,0,0,0,3,4,0
567.16,0,34069504,windows,0,365,290,7,0,0,0,0,0,0,3,4,0
567.352,1,34495488,windows,0,365,290,7,0,0,0,0,0,0,3,4,0
567.41,0,34081792,windows,0,365,290,7,0,0,0,0,0,0,3,4,0
567.611,1,34508800,windows,0,365,290,7,0,0,0,0,0,0,3,4,0
567.664,0,34095104,windows,0,365,290,7,0,0,0,0,0,0,3,4,0
567.861,1,34523136,windows,0,365,290,7,0,0,0,0,0,0,3,4,0
567.915,0,34108416,windows,0,365,290,7,0,0,0,0,0,0,3,4,0
568.124,1,34539520,windows,0,365,290,7,0,0,0,0,0,0,3,4,0
568.166,0,34121728,windows,0,365,290,7,0,0,0,0,0,0,3,4,0
568.374,1,34554880,windows,0,365,290,7,0,0,0,0,0,0,3,4,0
568.43,0,34135040,windows,0,365,290,7,0,0,0,0,0,0,3,4,0
568.641,1,34570240,windows,0,365,290,7,0,0,0,0,0,0,3,4,0
568.681,0,34148352,windows,0,365,290,7,0,0,0,0,0,0,3,4,0
568.895,1,34583552,windows,0,365,290,7,0,0,0,0,0,0,3,4,0
568.938,0,34161664,repair,0,365,290,7,0,0,0,0,0,0,3,4,0
569.15,1,34596864,windows,0,365,290,7,0,0,0,0,0,0,3,4,0
569.204,0,34177024,repair,0,365,290,7,0,0,0,0,0,0,3,4,0
569.409,1,34611200,windows,0,365,290,7,0,0,0,0,0,0,3,4,0
569.461,0,34193408,repair,0,365,290,7,0,0,0,0,0,0,3,4,0
569.669,1,34626560,windows,0,365,290,7,0,0,0,0,0,0,3,4,0
569.719,0,34211840,windows,0,365,290,7,0,0,0,0,0,0,3,4,0
569.929,1,34641920,windows,0,365,290,7,0,0,0,0,0,0,3,4,0
569.973,0,34228224,windows,0,365,290,7,0,0,0,0,0,0,3,4,0
570.196,1,34658304,windows,0,365,290,7,0,0,0,0,0,0,3,4,0
570.224,0,34243584,windows,0,365,290,7,0,0,0,0,0,0,3,4,0
570.446,1,34673664,windows,0,365,290,7,0,0,0,0,0,0,3,4,0
570.482,0,34258944,windows,0,365,290,7,0,0,0,0,0,0,3,4,0
570.71,1,34690048,windows,0,365,290,7,0,0,0,0,0,0,3,4,0
570.752,0,34273280,windows,0,365,290,7,0,0,0,0,0,0,3,4,0
570.974,1,34706432,windows,0,365,290,7,0,0,0,0,0,0,3,4,0
571.004,0,34286592,windows,0,365,290,7,0,0,0,0,0,0,3,4,0
571.232,1,34722816,windows,0,365,290,7,0,0,0,0,0,0,3,4,0
571.263,0,34299904,windows,0,365,290,7,0,0,0,0,0,0,3,4,0
571.49,1,34739200,windows,0,365,290,7,0,0,0,0,0,0,3,4,0
571.522,0,34315264,windows,0,365,290,7,0,0,0,0,0,0,3,4,0
571.745,1,34756608,windows,0,365,290,7,0,0,0,0,0,0,3,4,0
571.78,0,34329600,windows,0,365,290,7,0,0,0,0,0,0,3,4,0
572.008,1,34774016,windows,0,365,290,7,0,0,0,0,0,0,3,4,0
572.035,0,34343936,windows,0,365,290,7,0,0,0,0,0,0,3,4,0
572.261,1,34791424,windows,0,365,290,7,0,0,0,0,0,0,3,4,0
572.297,0,34359296,windows,0,365,290,7,0,0,0,0,0,0,3,4,0
572.515,1,34808832,windows,0,365,290,7,0,0,0,0,0,0,3,4,0
572.555,0,34374656,windows,0,365,290,7,0,0,0,0,0,0,3,4,0
572.775,1,34826240,repair,0,365,290,7,0,0,0,0,0,0,3,4,0
572.809,0,34390016,windows,0,365,290,7,0,0,0,0,0,0,3,4,0
573.025,1,34844672,repair,0,365,290,7,0,0,0,0,0,0,3,4,0
573.061,0,34405376,windows,0,365,290,7,0,0,0,0,0,0,3,4,0
573.287,1,34864128,windows,0,365,290,7,0,0,0,0,0,0,3,4,0
573.323,0,34419712,windows,0,365,290,7,0,0,0,0,0,0,3,4,0
573.542,1,34880512,windows,0,365,290,7,0,0,0,0,0,0,3,4,0
573.585,0,34436096,windows,0,365,290,7,0,0,0,0,0,0,3,4,0
573.802,1,34896896,windows,0,365,290,7,0,0,0,0,0,0,3,4,0
573.844,0,34452480,windows,0,365,290,7,0,0,0,0,0,0,3,4,0
574.062,1,34913280,windows,0,365,290,7,0,0,0,0,0,0,3,4,0
574.101,0,34468864,windows,0,365,290,7,0,0,0,0,0,0,3,4,0
574.327,1,34930688,windows,0,365,290,7,0,0,0,0,0,0,3,4,0
574.358,0,34485248,windows,0,365,290,7,0,0,0,0,0,0,3,4,0
574.58,1,34946048,windows,0,365,290,7,0,0,0,0,0,0,3,4,0
574.625,0,34502656,windows,0,365,290,7,0,0,0,0,0,0,3,4,0
574.835,1,34961408,windows,0,365,290,7,0,0,0,0,0,0,3,4,0
574.884,0,34520064,windows,0,365,290,7,0,0,0,0,0,0,3,4,0
575.103,1,34977792,windows,0,365,290,7,0,0,0,0,0,0,3,4,0
575.145,0,34539520,windows,0,365,290,7,0,0,0,0,0,0,3,4,0
575.361,1,34993152,windows,0,365,290,7,0,0,0,0,0,0,3,4,0
575.403,0,34557952,windows,0,365,290,7,0,0,0,0,0,0,3,4,0
575.626,1,35010560,windows,0,365,290,7,0,0,0,0,0,0,3,4,0
575.653,0,34576384,windows,0,365,290,7,0,0,0,0,0,0,3,4,0
575.896,1,35026944,windows,0,365,290,7,0,0,0,0,0,0,3,4,0
575.91,0,34595840,windows,0,365,290,7,0,0,0,0,0,0,3,4,0
576.153,1,35041280,windows,0,365,290,7,0,0,0,0,0,0,3,4,0
576.177,0,34611200,windows,0,365,290,7,0,0,0,0,0,0,3,4,0
576.41,1,35055616,windows,0,365,290,7,0,0,0,0,0,0,3,4,0
576.434,0,34626560,repair,0,365,290,7,0,0,0,0,0,0,3,4,0
576.661,1,35070976,windows,0,365,290,7,0,0,0,0,0,0,3,4,0
576.696,0,34644992,repair,0,365,290,7,0,0,0,0,0,0,3,4,0
576.911,1,35085312,windows,0,365,290,7,0,0,0,0,0,0,3,4,0
576.953,0,34662400,windows,0,365,290,7,0,0,0,0,0,0,3,4,0
577.171,1,35101696,windows,0,365,290,7,0,0,0,0,0,0,3,4,0
577.215,0,34679808,windows,0,365,290,7,0,0,0,0,0,0,3,4,0
577.437,1,35118080,windows,0,365,290,7,0,0,0,0,0,0,3,4,0
577.47,0,34696192,windows,0,365,290,7,0,0,0,0,0,0,3,4,0
577.688,1,35133440,windows,0,365,290,7,0,0,0,0,0,0,3,4,0
577.732,0,34712576,windows,0,365,290,7,0,0,0,0,0,0,3,4,0
577.947,1,35149824,windows,0,365,290,7,0,0,0,0,0,0,3,4,0
577.996,0,34729984,windows,0,365,290,7,0,0,0,0,0,0,3,4,0
578.203,1,35166208,windows,0,365,290,7,0,0,0,0,0,0,3,4,0
578.246,0,34746368,windows,0,365,290,7,0,0,0,0,0,0,3,4,0
578.462,1,35181568,windows,0,365,290,7,0,0,0,0,0,0,3,4,0
578.509,0,34763776,windows,0,365,290,7,0,0,0,0,0,0,3,4,0
578.715,1,35196928,windows,0,365,290,7,0,0,0,0,0,0,3,4,0
578.771,0,34781184,windows,0,365,290,7,0,0,0,0,0,0,3,4,0
578.973,1,35211264,windows,0,365,290,7,0,0,0,0,0,0,3,4,0
579.026,0,34797568,windows,0,365,290,7,0,0,0,0,0,0,3,4,0
579.237,1,35225600,windows,0,365,290,7,0,0,0,0,0,0,3,4,0
579.288,0,34813952,windows,0,365,290,7,0,0,0,0,0,0,3,4,0
579.499,1,35240960,repair,0,365,290,7,0,0,0,0,0,0,3,4,0
579.546,0,34830336,windows,0,365,290,7,0,0,0,0,0,0,3,4,0
579.76,1,35258368,repair,0,365,290,7,0,0,0,0,0,0,3,4,0
579.803,0,34847744,windows,0,365,290,7,0,0,0,0,0,0,3,4,0
580.016,1,35277824,repair,0,365,290,7,0,0,0,0,0,0,3,4,0
580.064,0,34865152,windows,0,365,290,7,0,0,0,0,0,0,3,4,0
580.274,1,35296256,windows,0,365,290,7,0,0,0,0,0,0,3,4,0
580.314,0,34880512,windows,0,365,290,7,0,0,0,0,0,0,3,4,0
580.527,1,35312640,windows,0,365,290,7,0,0,0,0,0,0,3,4,0
580.565,0,34896896,windows,0,365,290,7,0,0,0,0,0,0,3,4,0
580.78,1,35329024,windows,0,365,290,7,0,0,0,0,0,0,3,4,0
580.826,0,34914304,windows,0,365,290,7,0,0,0,0,0,0,3,4,0
581.045,1,35345408,windows,0,365,290,7,0,0,0,0,0,0,3,4,0
581.088,0,34931712,windows,0,365,290,7,0,0,0,0,0,0,3,4,0
581.31,1,35361792,windows,0,365,290,7,0,0,0,0,0,0,3,4,0
581.339,0,34949120,windows,0,365,290,7,0,0,0,0,0,0,3,4,0
581.576,1,35378176,windows,0,365,290,7,0,0,0,0,0,0,3,4,0
581.603,0,34967552,windows,0,365,290,7,0,0,0,0,0,0,3,4,0
581.839,1,35393536,windows,0,365,290,7,0,0,0,0,0,0,3,4,0
581.854,0,34982912,windows,0,365,290,7,0,0,0,0,0,0,3,4,0
582.099,1,35408896,windows,0,365,290,7,0,0,0,0,0,0,3,4,0
582.106,0,34997248,repair,0,365,290,7,0,0,0,0,0,0,3,4,0
582.359,1,35422208,windows,0,365,290,7,0,0,0,0,0,0,3,4,0
582.361,0,35012608,windows,0,365,290,7,0,0,0,0,0,0,3,4,0
582.622,1,35436544,windows,0,365,290,7,0,0,0,0,0,0,3,4,0
582.626,0,35027968,windows,0,365,290,7,0,0,0,0,0,0,3,4,0
582.881,1,35450880,windows,0,365,290,7,0,0,0,0,0,0,3,4,0
582.888,0,35042304,windows,0,365,290,7,0,0,0,0,0,0,3,4,0
583.138,1,35465216,windows,0,365,290,7,0,0,0,0,0,0,3,4,0
583.156,0,35056640,windows,0,365,290,7,0,0,0,0,0,0,3,4,0
583.4,1,35479552,windows,0,365,290,7,0,0,0,0,0,0,3,4,0
583.419,0,35069952,windows,0,365,290,7,0,0,0,0,0,0,3,4,0
583.659,1,35493888,windows,0,365,290,7,0,0,0,0,0,0,3,4,0
583.686,0,35083264,windows,0,365,290,7,0,0,0,0,0,0,3,4,0
583.923,1,35509248,windows,0,365,290,7,0,0,0,0,0,0,3,4,0
583.95,0,35097600,windows,0,365,290,7,0,0,0,0,0,0,3,4,0
584.186,1,35524608,windows,0,365,290,7,0,0,0,0,0,0,3,4,0
584.207,0,35110912,windows,0,365,290,7,0,0,0,0,0,0,3,4,0
584.443,1,35538944,windows,0,365,290,7,0,0,0,0,0,0,3,4,0
584.469,0,35125248,windows,0,365,290,7,0,0,0,0,0,0,3,4,0
584.699,1,35553280,windows,0,365,290,7,0,0,0,0,0,0,3,4,0
584.727,0,35138560,windows,0,365,290,7,0,0,0,0,0,0,3,4,0
584.958,1,35567616,windows,0,365,290,7,0,0,0,0,0,0,3,4,0
584.98,0,35151872,windows,0,365,290,7,0,0,0,0,0,0,3,4,0
585.208,1,35581952,windows,0,365,290,7,0,0,0,0,0,0,3,4,0
585.242,0,35165184,windows,0,365,290,7,0,0,0,0,0,0,3,4,0
585.471,1,35598336,windows,0,365,290,7,0,0,0,0,0,0,3,4,0
585.497,0,35178496,windows,0,365,290,7,0,0,0,0,0,0,3,4,0
585.726,1,35614720,windows,0,365,290,7,0,0,0,0,0,0,3,4,0
585.759,0,35194880,windows,0,365,290,7,0,0,0,0,0,0,3,4,0
585.99,1,35632128,windows,0,365,290,7,0,0,0,0,0,0,3,4,0
586.023,0,35211264,windows,0,365,290,7,0,0,0,0,0,0,3,4,0
586.241,1,35648512,windows,0,365,290,7,0,0,0,0,0,0,3,4,0
586.279,0,35226624,windows,0,365,290,7,0,0,0,0,0,0,3,4,0
586.496,1,35661824,windows,0,365,290,7,0,0,0,0,0,0,3,4,0
586.542,0,35241984,windows,0,365,290,7,0,0,0,0,0,0,3,4,0
586.749,1,35676160,windows,0,365,290,7,0,0,0,0,0,0,3,4,0
586.801,0,35257344,windows,0,365,290,7,0,0,0,0,0,0,3,4,0
587.009,1,35690496,windows,0,365,290,7,0,0,0,0,0,0,3,4,0
587.067,0,35270656,windows,0,365,290,7,0,0,0,0,0,0,3,4,0
587.269,1,35704832,repair,0,365,290,7,0,0,0,0,0,0,3,4,0
587.33,0,35284992,windows,0,365,290,7,0,0,0,0,0,0,3,4,0
587.529,1,35720192,windows,0,365,290,7,0,0,0,0,0,0,3,4,0
587.582,0,35300352,windows,0,365,290,7,0,0,0,0,0,0,3,4,0
587.78,1,35734528,windows,0,365,290,7,0,0,0,0,0,0,3,4,0
587.844,0,35312640,windows,0,365,290,7,0,0,0,0,0,0,3,4,0
588.034,1,35748864,windows,0,365,290,7,0,0,0,0,0,0,3,4,0
588.1,0,35325952,windows,0,365,290,7,0,0,0,0,0,0,3,4,0
588.29,1,35763200,windows,0,365,290,7,0,0,0,0,0,0,3,4,0
588.364,0,35339264,windows,0,365,290,7,0,0,0,0,0,0,3,4,0
588.555,1,35778560,windows,0,365,290,7,0,0,0,0,0,0,3,4,0
588.621,0,35352576,windows,0,365,290,7,0,0,0,0,0,0,3,4,0
588.811,1,35792896,windows,0,365,290,7,0,0,0,0,0,0,3,4,0
588.876,0,35365888,windows,0,365,290,7,0,0,0,0,0,0,3,4,0
589.078,1,35807232,windows,0,365,290,7,0,0,0,0,0,0,3,4,0
589.146,0,35379200,windows,0,365,290,7,0,0,0,0,0,0,3,4,0
589.346,1,35821568,windows,0,365,290,7,0,0,0,0,0,0,3,4,0
589.418,0,35392512,windows,0,365,290,7,0,0,0,0,0,0,3,4,0
589.614,1,35835904,windows,0,365,290,7,0,0,0,0,0,0,3,4,0
589.677,0,35405824,repair,0,365,290,7,0,0,0,0,0,0,3,4,0
589.864,1,35849216,windows,0,365,290,7,0,0,0,0,0,0,3,4,0
589.94,0,35420160,repair,0,365,290,7,0,0,0,0,0,0,3,4,0
590.123,1,35863552,windows,0,365,290,7,0,0,0,0,0,0,3,4,0
590.203,0,35434496,repair,0,365,290,7,0,0,0,0,0,0,3,4,0
590.376,1,35878912,windows,0,365,290,7,0,0,0,0,0,0,3,4,0
590.463,0,35448832,windows,0,365,290,7,0,0,0,0,0,0,3,4,0
590.643,1,35892224,windows,0,365,290,7,0,0,0,0,0,0,3,4,0
590.721,0,35461120,windows,0,365,290,7,0,0,0,0,0,0,3,4,0
590.907,1,35905536,windows,0,365,290,7,0,0,0,0,0,0,3,4,0
590.983,0,35476480,windows,0,365,290,7,0,0,0,0,0,0,3,4,0
591.172,1,35918848,windows,0,365,290,7,0,0,0,0,0,0,3,4,0
591.255,0,35492864,windows,0,365,290,7,0,0,0,0,0,0,3,4,0
591.443,1,35933184,windows,0,365,290,7,0,0,0,0,0,0,3,4,0
591.518,0,35508224,windows,0,365,290,7,0,0,0,0,0,0,3,4,0
591.696,1,35946496,windows,0,365,290,7,0,0,0,0,0,0,3,4,0
591.778,0,35521536,windows,0,365,290,7,0,0,0,0,0,0,3,4,0
591.961,1,35960832,windows,0,365,290,7,0,0,0,0,0,0,3,4,0
592.044,0,35536896,windows,0,365,290,7,0,0,0,0,0,0,3,4,0
592.215,1,35974144,windows,0,365,290,7,0,0,0,0,0,0,3,4,0
592.301,0,35552256,windows,0,365,290,7,0,0,0,0,0,0,3,4,0
592.479,1,35987456,windows,0,365,290,7,0,0,0,0,0,0,3,4,0
592.551,0,35567616,windows,0,365,290,7,0,0,0,0,0,0,3,4,0
592.73,1,36001792,windows,0,365,290,7,0,0,0,0,0,0,3,4,0
592.814,0,35584000,windows,0,365,290,7,0,0,0,0,0,0,3,4,0
592.993,1,36017152,repair,0,365,290,7,0,0,0,0,0,0,3,4,0
593.071,0,35600384,windows,0,365,290,7,0,0,0,0,0,0,3,4,0
593.253,1,36032512,windows,0,365,290,7,0,0,0,0,0,0,3,4,0
593.321,0,35615744,windows,0,365,290,7,0,0,0,0,0,0,3,4,0
593.514,1,36048896,windows,0,365,290,7,0,0,0,0,0,0,3,4,0
593.576,0,35632128,windows,0,365,290,7,0,0,0,0,0,0,3,4,0
593.774,1,36066304,windows,0,365,290,7,0,0,0,0,0,0,3,4,0
593.836,0,35649536,windows,0,365,290,7,0,0,0,0,0,0,3,4,0
594.025,1,36082688,windows,0,365,290,7,0,0,0,0,0,0,3,4,0
594.092,0,35665920,windows,0,365,290,7,0,0,0,0,0,0,3,4,0
594.283,1,36098048,windows,0,365,290,7,0,0,0,0,0,0,3,4,0
594.345,0,35680256,windows,0,365,290,7,0,0,0,0,0,0,3,4,0
594.538,1,36114432,windows,0,365,290,7,0,0,0,0,0,0,3,4,0
594.609,0,35698688,windows,0,365,290,7,0,0,0,0,0,0,3,4,0
594.802,1,36131840,windows,0,365,290,7,0,0,0,0,0,0,3,4,0
594.864,0,35716096,windows,0,365,290,7,0,0,0,0,0,0,3,4,0
595.056,1,36148224,windows,0,365,290,7,0,0,0,0,0,0,3,4,0
595.115,0,35733504,windows,0,365,290,7,0,0,0,0,0,0,3,4,0
595.321,1,36165632,windows,0,365,290,7,0,0,0,0,0,0,3,4,0
595.375,0,35750912,windows,0,365,290,7,0,0,0,0,0,0,3,4,0
595.575,1,36182016,windows,0,365,290,7,0,0,0,0,0,0,3,4,0
595.637,0,35769344,windows,0,365,290,7,0,0,0,0,0,0,3,4,0
595.833,1,36198400,windows,0,365,290,7,0,0,0,0,0,0,3,4,0
595.894,0,35785728,windows,0,365,290,7,0,0,0,0,0,0,3,4,0
596.093,1,36214784,windows,0,365,290,7,0,0,0,0,0,0,3,4,0
596.153,0,35803136,windows,0,365,290,7,0,0,0,0,0,0,3,4,0
596.345,1,36230144,windows,0,365,290,7,0,0,0,0,0,0,3,4,0
596.419,0,35820544,windows,0,365,290,7,0,0,0,0,0,0,3,4,0
596.602,1,36246528,windows,0,365,290,7,0,0,0,0,0,0,3,4,0
596.684,0,35836928,repair,0,365,290,7,0,0,0,0,0,0,3,4,0
596.853,1,36261888,windows,0,365,290,7,0,0,0,0,0,0,3,4,0
596.944,0,35853312,repair,0,365,290,7,0,0,0,0,0,0,3,4,0
597.106,1,36278272,windows,0,365,290,7,0,0,0,0,0,0,3,4,0
597.207,0,35871744,windows,0,365,290,7,0,0,0,0,0,0,3,4,0
597.37,1,36294656,windows,0,365,290,7,0,0,0,0,0,0,3,4,0
597.458,0,35887104,windows,0,365,290,7,0,0,0,0,0,0,3,4,0
597.624,1,36311040,windows,0,365,290,7,0,0,0,0,0,0,3,4,0
597.725,0,35903488,windows,0,365,290,7,0,0,0,0,0,0,3,4,0
597.88,1,36328448,windows,0,365,290,7,0,0,0,0,0,0,3,4,0
597.99,0,35919872,windows,0,365,290,7,0,0,0,0,0,0,3,4,0
598.146,1,36345856,windows,0,365,290,7,0,0,0,0,0,0,3,4,0
598.246,0,35935232,windows,0,365,290,7,0,0,0,0,0,0,3,4,0
598.403,1,36363264,repair,0,365,290,7,0,0,0,0,0,0,3,4,0
598.504,0,35950592,windows,0,365,290,7,0,0,0,0,0,0,3,4,0
598.656,1,36381696,windows,0,365,290,7,0,0,0,0,0,0,3,4,0
598.756,0,35962880,windows,0,365,290,7,0,0,0,0,0,0,3,4,0
598.92,1,36399104,windows,0,365,290,7,0,0,0,0,0,0,3,4,0
599.011,0,35974144,windows,0,365,290,7,0,0,0,0,0,0,3,4,0
599.18,1,36416512,windows,0,365,290,7,0,0,0,0,0,0,3,4,0
599.277,0,35989504,windows,0,365,290,7,0,0,0,0,0,0,3,4,0
599.435,1,36432896,windows,0,365,290,7,0,0,0,0,0,0,3,4,0
599.549,0,36003840,windows,0,365,290,7,0,0,0,0,0,0,3,4,0
599.697,1,36450304,windows,0,365,290,7,0,0,0,0,0,0,3,4,0
599.799,0,36018176,windows,0,365,290,7,0,0,0,0,0,0,3,4,0
599.951,1,36466688,windows,0,365,290,7,0,0,0,0,0,0,3,4,0
600.001,1,36469760,end,0,365,290,7,0,0,0,0,0,0,3,4,0
600.007,0,36030464,end,0,365,290,7,0,0,0,0,0,0,3,4,0
