seconds,worker,moves,phase,hard,objective,surrogate,soft,lecturerConflicts,groupConflicts,roomConflicts,groupTravel,lecturerTravel,abstractRoomOverflow,lecturerWindows,groupWindows,mixedOnlineDays
0.048097,0,0,start,1092,8.12804e+07,8.12659e+07,2283,0,0,0,706,386,0,1608,459,216
0.061863,1,0,start,1111,8.33816e+07,8.33669e+07,2294,0,0,0,708,403,0,1578,489,227
0.299968,0,25600,repair,720,2.89333e+08,2.89244e+08,7371,55,163,113,239,150,0,4048,3119,204
0.315424,1,20480,repair,758,3.19084e+08,3.19078e+08,7780,66,161,151,254,126,0,4351,3251,178
0.562256,0,48128,repair,568,2.76717e+08,2.76696e+08,7427,41,116,115,182,114,0,4273,2981,173
0.571993,1,38912,repair,629,2.77314e+08,2.77248e+08,7345,31,129,118,235,116,0,4164,3005,176
0.827205,0,66560,repair,444,2.59584e+08,2.5958e+08,7183,28,98,81,154,83,0,4112,2915,156
0.827539,1,60416,repair,502,2.71732e+08,2.71711e+08,7274,25,91,98,191,97,0,4099,3009,166
1.07764,0,83968,repair,376,2.18079e+08,2.18007e+08,6654,25,89,54,132,76,0,3863,2641,150
1.08329,1,81920,repair,403,2.14254e+08,2.14202e+08,6542,16,85,69,135,98,0,3769,2635,138
1.33427,0,101376,repair,312,2.00011e+08,2.00006e+08,6362,20,48,47,131,66,0,3667,2546,149
1.34297,1,104448,repair,315,1.96558e+08,1.96539e+08,6330,12,50,48,134,71,0,3687,2504,139
1.59813,0,118784,repair,251,1.94516e+08,1.94462e+08,6353,13,35,46,98,59,0,3754,2470,129
1.60246,1,125952,repair,235,1.9936e+08,1.9929e+08,6305,11,38,43,90,53,0,3624,2569,112
1.85477,0,136192,repair,194,1.79344e+08,1.79279e+08,6173,13,34,35,78,34,0,3722,2332,119
1.86111,1,147456,repair,175,1.68051e+08,1.68001e+08,5831,14,25,22,71,43,0,3383,2342,106
2.11135,0,157696,repair,147,1.57168e+08,1.57124e+08,5785,6,20,22,60,39,0,3458,2194,133
2.1187,1,168960,repair,137,1.47691e+08,1.47644e+08,5527,6,21,16,65,29,0,3249,2168,110
2.37255,0,179200,repair,103,1.4568e+08,1.45634e+08,5540,4,19,12,42,26,0,3291,2131,118
2.37951,1,190464,repair,89,1.31609e+08,1.31567e+08,5403,4,19,14,32,20,0,3366,1929,108
2.62539,0,199680,repair,64,1.31441e+08,1.31383e+08,5361,3,15,9,26,11,0,3320,1949,92
2.63744,1,210944,repair,53,1.23093e+08,1.23039e+08,5229,1,10,7,22,13,0,3275,1859,95
2.88663,0,220160,repair,39,1.16159e+08,1.16107e+08,5040,0,4,6,14,15,0,3110,1837,93
2.90154,1,231424,repair,31,1.07506e+08,1.07506e+08,4898,0,5,2,17,7,0,3083,1728,87
3.14426,0,239616,repair,20,1.0789e+08,1.07853e+08,4918,0,2,2,9,7,0,3112,1721,85
3.15289,1,249856,repair,16,9.95159e+07,9.94651e+07,4689,1,0,0,13,2,0,2925,1681,83
3.4066,0,259072,repair,7,9.89963e+07,9.8946e+07,4686,0,1,4,1,1,0,2943,1666,77
3.41324,1,269312,repair,5,9.27512e+07,9.27512e+07,4600,0,1,1,1,2,0,2930,1574,96
3.65751,0,278528,repair,5,7.60408e+07,7.60116e+07,4184,0,0,2,1,2,0,2750,1381,53
3.67541,1,287744,windows,0,7.11773e+07,7.11645e+07,4024,0,0,0,0,0,0,2558,1383,83
3.9136,0,300032,repair,1,6.51947e+07,6.51805e+07,3862,0,0,0,0,1,0,2517,1293,52
3.93145,1,307200,windows,0,5.47594e+07,5.47594e+07,3592,0,0,0,0,0,0,2354,1159,79
4.17167,0,319488,windows,0,5.23015e+07,5.22778e+07,3477,0,0,0,0,0,0,2312,1130,35
4.18519,1,325632,windows,0,4.32562e+07,4.32236e+07,3185,0,0,0,0,0,0,2107,1024,54
4.42647,0,337920,windows,0,3.98413e+07,3.98203e+07,3030,0,0,0,0,0,0,1996,997,37
4.44696,1,345088,windows,0,3.34234e+07,3.34218e+07,2798,0,0,0,0,0,0,1842,905,51
4.67733,0,356352,windows,0,3.17814e+07,3.17629e+07,2731,0,0,0,0,0,0,1824,869,38
4.71107,1,363520,windows,0,2.70634e+07,2.70462e+07,2527,0,0,0,0,0,0,1686,800,41
4.93154,0,374784,windows,0,2.56052e+07,2.55886e+07,2444,0,0,0,0,0,0,1628,785,31
4.97054,1,381952,windows,0,2.23582e+07,2.23365e+07,2329,0,0,0,0,0,0,1603,688,38
5.18514,0,392192,windows,0,2.11119e+07,2.10896e+07,2219,0,0,0,0,0,0,1486,709,24
5.22541,1,399360,windows,0,1.76559e+07,1.76549e+07,2061,0,0,0,0,0,0,1408,621,32
5.44423,0,409600,windows,0,1.67365e+07,1.67173e+07,1981,0,0,0,0,0,0,1333,626,22
5.48048,1,417792,windows,0,1.43456e+07,1.43456e+07,1843,0,0,0,0,0,0,1242,575,26
5.70149,0,428032,windows,0,1.36166e+07,1.36166e+07,1820,0,0,0,0,0,0,1277,522,21
5.73436,1,435200,windows,0,1.18359e+07,1.18261e+07,1697,0,0,0,0,0,0,1190,487,20
5.96061,0,445440,windows,0,1.14402e+07,1.14344e+07,1667,0,0,0,0,0,0,1154,488,25
5.99082,1,453632,windows,0,9.99468e+06,9.98934e+06,1551,0,0,0,0,0,0,1069,462,20
6.22461,0,462848,windows,0,9.31082e+06,9.31082e+06,1509,0,0,0,0,0,0,1060,429,20
6.25128,1,471040,windows,0,7.82398e+06,7.81554e+06,1387,0,0,0,0,0,0,975,391,21
6.48368,0,478208,windows,0,7.71584e+06,7.71098e+06,1378,0,0,0,0,0,0,972,386,20
6.50197,1,487424,windows,0,6.69312e+06,6.68588e+06,1284,0,0,0,0,0,0,901,362,21
6.73552,0,491520,windows,0,6.75854e+06,6.7533e+06,1300,0,0,0,0,0,0,942,340,18
6.75798,1,504832,windows,0,5.60528e+06,5.59374e+06,1169,0,0,0,0,0,0,803,344,22
7.00086,0,505856,windows,0,5.73088e+06,5.72657e+06,1193,0,0,0,0,0,0,862,317,14
7.02667,1,522240,windows,0,4.76126e+06,4.75692e+06,1084,0,0,0,0,0,0,762,304,18
7.26474,0,520192,windows,0,4.95581e+06,4.95537e+06,1112,0,0,0,0,0,0,804,293,15
7.27941,1,538624,windows,0,3.75845e+06,3.75845e+06,953,0,0,0,0,0,0,654,284,15
7.53028,0,534528,windows,0,3.90464e+06,3.8953e+06,981,0,0,0,0,0,0,694,273,14
7.53238,1,555008,windows,0,3.07728e+06,3.0723e+06,861,0,0,0,0,0,0,606,249,6
7.7899,0,548864,windows,0,3.23772e+06,3.2328e+06,899,0,0,0,0,0,0,657,232,10
7.79602,1,572416,windows,0,2.51042e+06,2.51042e+06,784,0,0,0,0,0,0,563,215,6
8.05018,0,563200,windows,0,2.74214e+06,2.73774e+06,828,0,0,0,0,0,0,611,209,8
8.05803,1,590848,windows,0,2.06587e+06,2.06561e+06,715,0,0,0,0,0,0,512,194,9
8.30924,0,577536,windows,0,2.34919e+06,2.34636e+06,768,0,0,0,0,0,0,566,193,9
8.31081,1,607232,windows,0,1.60712e+06,1.60712e+06,628,0,0,0,0,0,0,444,176,8
8.56301,1,623616,windows,0,1.30021e+06,1.29679e+06,570,0,0,0,0,0,0,404,155,11
8.56391,0,591872,windows,0,2.06293e+06,2.06267e+06,719,0,0,0,0,0,0,526,184,9
8.81466,1,640000,windows,0,1.09981e+06,1.09765e+06,526,0,0,0,0,0,0,380,137,9
8.8207,0,606208,windows,0,1.53094e+06,1.52512e+06,618,0,0,0,0,0,0,442,166,10
9.077,1,658432,windows,0,922165,917584,477,0,0,0,0,0,0,335,134,8
9.0851,0,621568,windows,0,1.23782e+06,1.23753e+06,554,0,0,0,0,0,0,390,154,10
9.33877,1,675840,windows,0,681715,680281,408,0,0,0,0,0,0,287,116,5
9.33949,0,635904,windows,0,1.06932e+06,1.06645e+06,515,0,0,0,0,0,0,361,144,10
9.58967,0,650240,windows,0,912830,912830,481,0,0,0,0,0,0,344,126,11
9.59768,1,693248,windows,0,527740,525432,357,0,0,0,0,0,0,244,107,6
9.84434,0,664576,windows,0,741830,738046,434,0,0,0,0,0,0,314,111,9
9.85794,1,707584,windows,0,462095,458874,337,0,0,0,0,0,0,237,95,5
10.0951,0,676864,windows,0,597100,597100,387,0,0,0,0,0,0,280,101,6
10.1143,1,721920,windows,0,400960,399659,317,0,0,0,0,0,0,226,85,6
10.3577,0,692224,windows,0,517250,515575,363,0,0,0,0,0,0,274,84,5
10.3684,1,736256,windows,0,298375,298375,265,0,0,0,0,0,0,175,85,5
10.6192,0,707584,windows,0,436860,433896,330,0,0,0,0,0,0,234,90,6
10.6362,1,750592,windows,0,230300,229319,238,0,0,0,0,0,0,162,70,6
10.8867,0,722944,windows,0,368510,367431,303,0,0,0,0,0,0,216,82,5
10.8934,1,763904,windows,0,193870,192909,221,0,0,0,0,0,0,152,62,7
11.1387,0,737280,windows,0,282365,282252,261,0,0,0,0,0,0,179,78,4
11.1501,1,778240,windows,0,181375,180058,213,0,0,0,0,0,0,149,59,5
11.3953,0,751616,windows,0,232240,231249,242,0,0,0,0,0,0,176,62,4
11.414,1,792576,windows,0,154880,153612,194,0,0,0,0,0,0,132,58,4
11.6599,0,765952,windows,0,191865,191752,220,0,0,0,0,0,0,159,57,4
11.6794,1,805888,windows,0,127765,126618,177,0,0,0,0,0,0,121,52,4
11.9273,0,780288,windows,0,171395,170360,208,0,0,0,0,0,0,153,52,3
11.9413,1,819200,windows,0,98500,97392.5,152,0,0,0,0,0,0,98,50,4
12.1896,0,795648,windows,0,152350,152350,195,0,0,0,0,0,0,140,52,3
12.2057,1,833536,windows,0,83890,83308.8,144,0,0,0,0,0,0,100,41,3
12.4404,0,809984,windows,0,108055,107200,165,0,0,0,0,0,0,119,43,3
12.4699,1,847872,windows,0,72085,71528.8,133,0,0,0,0,0,0,89,40,4
12.6919,0,824320,windows,0,81910,81421.2,142,0,0,0,0,0,0,98,41,3
12.7233,1,862208,windows,0,59215,58718.8,121,0,0,0,0,0,0,83,35,3
12.958,0,839680,windows,0,65270,65270,128,0,0,0,0,0,0,90,35,3
12.9753,1,876544,windows,0,55390,54632.5,117,0,0,0,0,0,0,80,34,3
13.2221,0,855040,windows,0,56990,56395,121,0,0,0,0,0,0,88,30,3
13.2369,1,890880,windows,0,44405,44008.8,103,0,0,0,0,0,0,69,32,2
13.4811,0,870400,windows,0,52075,51651.2,116,0,0,0,0,0,0,85,28,3
13.4924,1,905216,windows,0,41120,40452.5,99,0,0,0,0,0,0,66,31,2
13.7455,1,919552,windows,0,38560,37583.8,95,0,0,0,0,0,0,62,31,2
13.7457,0,885760,windows,0,37295,36961.2,97,0,0,0,0,0,0,67,27,3
14.004,0,901120,windows,0,27885,27410,83,0,0,0,0,0,0,57,24,2
14.008,1,934912,windows,0,35545,35492.5,92,0,0,0,0,0,0,61,29,2
14.2588,1,950272,windows,0,34345,33998.8,90,0,0,0,0,0,0,59,29,2
14.2606,0,916480,windows,0,25825,25825,80,0,0,0,0,0,0,55,23,2
14.5135,0,930816,windows,0,23705,23451.2,76,0,0,0,0,0,0,51,23,2
14.516,1,963584,windows,0,24535,24535,75,0,0,0,0,0,0,49,25,1
14.7664,0,945152,windows,0,22300,22051.2,74,0,0,0,0,0,0,50,22,2
14.7796,1,978944,windows,0,22595,22120,72,0,0,0,0,0,0,47,24,1
15.0169,0,959488,windows,0,17905,17661.2,68,0,0,0,0,0,0,49,17,2
15.0451,1,994304,windows,0,22130,21655,71,0,0,0,0,0,0,46,24,1
15.2723,0,973824,windows,0,15420,15065,62,0,0,0,0,0,0,42,18,2
15.2986,1,1010688,windows,0,19855,19855,67,0,0,0,0,0,0,43,23,1
15.5362,0,988160,windows,0,13645,13441.2,59,0,0,0,0,0,0,41,16,2
15.5565,1,1029120,windows,0,17275,17252.5,64,0,0,0,0,0,0,43,20,1
15.7997,0,1002496,windows,0,12845,12651.2,57,0,0,0,0,0,0,39,16,2
15.8069,1,1045504,windows,0,15635,15217.5,60,0,0,0,0,0,0,39,20,1
16.0572,0,1016832,windows,0,12845,12651.2,57,0,0,0,0,0,0,39,16,2
16.0637,1,1063936,windows,0,14095,13888.8,57,0,0,0,0,0,0,37,19,1
16.3082,0,1032192,windows,0,11720,11720,54,0,0,0,0,0,0,36,16,2
16.3195,1,1082368,windows,0,13030,12838.8,54,0,0,0,0,0,0,34,19,1
16.5693,0,1047552,windows,0,11020,11020,52,0,0,0,0,0,0,34,16,2
16.576,1,1101824,windows,0,12055,11503.8,51,0,0,0,0,0,0,31,19,1
16.8258,0,1062912,windows,0,10165,9716.25,51,0,0,0,0,0,0,35,14,2
16.836,1,1120256,windows,0,10155,9777.5,46,0,0,0,0,0,0,27,18,1
17.0896,0,1079296,windows,0,9820,9376.25,50,0,0,0,0,0,0,34,14,2
17.0967,1,1138688,windows,0,10015,9657.5,47,0,0,0,0,0,0,29,17,1
17.3424,0,1094656,windows,0,9160,9001.25,48,0,0,0,0,0,0,32,14,2
17.3502,1,1156096,windows,0,9355,8873.75,46,0,0,0,0,0,0,29,16,1
17.5938,0,1108992,windows,0,8245,8245,45,0,0,0,0,0,0,29,14,2
17.605,1,1172480,windows,0,9355,8873.75,46,0,0,0,0,0,0,29,16,1
17.8456,0,1124352,windows,0,7960,7960,44,0,0,0,0,0,0,28,14,2
17.8633,1,1189888,windows,0,8795,8457.5,44,0,0,0,0,0,0,27,16,1
18.1101,0,1139712,windows,0,7685,7685,43,0,0,0,0,0,0,27,14,2
18.1248,1,1209344,windows,0,8530,8378.75,43,0,0,0,0,0,0,26,16,1
18.3761,0,1154048,windows,0,7685,7685,43,0,0,0,0,0,0,27,14,2
18.3776,1,1225728,windows,0,8030,7573.75,41,0,0,0,0,0,0,24,16,1
18.6366,1,1244160,windows,0,8030,7573.75,41,0,0,0,0,0,0,24,16,1
18.6397,0,1169408,windows,0,7420,7281.25,43,0,0,0,0,0,0,28,13,2
18.8968,1,1262592,windows,0,7355,6913.75,38,0,0,0,0,0,0,21,16,1
18.8973,0,1184768,windows,0,7420,7281.25,43,0,0,0,0,0,0,28,13,2
19.1477,1,1281024,windows,0,7175,6743.75,39,0,0,0,0,0,0,23,15,1
19.161,0,1201152,windows,0,6880,6625,41,0,0,0,0,0,0,26,13,2
19.4107,1,1298432,windows,0,6335,6017.5,35,0,0,0,0,0,0,19,15,1
19.4223,0,1216512,windows,0,6880,6625,41,0,0,0,0,0,0,26,13,2
19.6743,1,1316864,windows,0,6335,6017.5,35,0,0,0,0,0,0,19,15,1
19.6861,0,1232896,windows,0,6880,6625,41,0,0,0,0,0,0,26,13,2
19.9278,1,1334272,windows,0,6335,6017.5,35,0,0,0,0,0,0,19,15,1
19.9362,0,1248256,windows,0,6880,6625,41,0,0,0,0,0,0,26,13,2
20.1888,0,1263616,windows,0,6625,6246.25,40,0,0,0,0,0,0,25,13,2
20.1902,1,1352704,windows,0,6335,6017.5,35,0,0,0,0,0,0,19,15,1
20.4431,1,1371136,windows,0,6335,6017.5,35,0,0,0,0,0,0,19,15,1
20.4447,0,1278976,windows,0,6555,6320,40,0,0,0,0,0,0,27,12,1
20.6948,0,1294336,windows,0,6555,6320,40,0,0,0,0,0,0,27,12,1
20.7013,1,1389568,windows,0,6335,6017.5,35,0,0,0,0,0,0,19,15,1
20.9553,1,1406976,windows,0,6335,6017.5,35,0,0,0,0,0,0,19,15,1
20.9568,0,1309696,windows,0,5790,5555,37,0,0,0,0,0,0,24,12,1
21.2097,1,1425408,windows,0,6335,6017.5,35,0,0,0,0,0,0,19,15,1
21.22,0,1325056,windows,0,5790,5555,37,0,0,0,0,0,0,24,12,1
21.4697,1,1443840,windows,0,6335,6017.5,35,0,0,0,0,0,0,19,15,1
21.4848,0,1341440,windows,0,5790,5555,37,0,0,0,0,0,0,24,12,1
21.729,1,1461248,windows,0,6335,6017.5,35,0,0,0,0,0,0,19,15,1
21.7404,0,1356800,windows,0,5790,5555,37,0,0,0,0,0,0,24,12,1
21.9797,1,1477632,windows,0,5790,5555,37,0,0,0,0,0,0,24,12,1
21.9934,0,1372160,windows,0,5790,5555,37,0,0,0,0,0,0,24,12,1
22.2391,1,1496064,windows,0,5790,5555,37,0,0,0,0,0,0,24,12,1
22.2551,0,1388544,windows,0,5790,5555,37,0,0,0,0,0,0,24,12,1
22.4924,1,1513472,windows,0,5790,5555,37,0,0,0,0,0,0,24,12,1
22.5194,0,1402880,windows,0,5790,5555,37,0,0,0,0,0,0,24,12,1
22.7551,1,1532928,windows,0,5790,5555,37,0,0,0,0,0,0,24,12,1
22.7812,0,1421312,windows,0,5790,5555,37,0,0,0,0,0,0,24,12,1
23.0058,1,1550336,windows,0,5790,5555,37,0,0,0,0,0,0,24,12,1
23.0365,0,1438720,windows,0,5790,5555,37,0,0,0,0,0,0,24,12,1
23.2686,1,1569792,windows,0,5790,5555,37,0,0,0,0,0,0,24,12,1
23.2877,0,1457152,windows,0,5790,5555,37,0,0,0,0,0,0,24,12,1
23.5313,1,1589248,windows,0,5555,5206.25,36,0,0,0,0,0,0,23,12,1
23.5441,0,1476608,windows,0,5790,5555,37,0,0,0,0,0,0,24,12,1
23.796,1,1609728,windows,0,5330,4986.25,35,0,0,0,0,0,0,22,12,1
23.8015,0,1495040,windows,0,5790,5555,37,0,0,0,0,0,0,24,12,1
24.0493,1,1629184,windows,0,4655,4551.25,33,0,0,0,0,0,0,21,11,1
24.0587,0,1511424,windows,0,5790,5555,37,0,0,0,0,0,0,24,12,1
24.308,1,1649664,windows,0,4255,4040,31,0,0,0,0,0,0,19,11,1
24.3185,0,1526784,windows,0,5790,5555,37,0,0,0,0,0,0,24,12,1
24.5713,1,1668096,windows,0,4255,4040,31,0,0,0,0,0,0,19,11,1
24.5729,0,1541120,windows,0,5790,5555,37,0,0,0,0,0,0,24,12,1
24.8274,1,1687552,windows,0,4235,4040,32,0,0,0,0,0,0,21,10,1
24.8337,0,1555456,windows,0,5790,5555,37,0,0,0,0,0,0,24,12,1
25.0856,0,1568768,windows,0,5790,5555,37,0,0,0,0,0,0,24,12,1
25.0893,1,1707008,windows,0,3835,3640,30,0,0,0,0,0,0,19,10,1
25.3397,1,1724416,windows,0,3835,3640,30,0,0,0,0,0,0,19,10,1
25.3413,0,1583104,windows,0,5790,5555,37,0,0,0,0,0,0,24,12,1
25.6,0,1598464,windows,0,5790,5555,37,0,0,0,0,0,0,24,12,1
25.6017,1,1743872,windows,0,3835,3640,30,0,0,0,0,0,0,19,10,1
25.8533,1,1763328,windows,0,3835,3640,30,0,0,0,0,0,0,19,10,1
25.8575,0,1612800,windows,0,5790,5555,37,0,0,0,0,0,0,24,12,1
26.1102,1,1780736,windows,0,3835,3640,30,0,0,0,0,0,0,19,10,1
26.1225,0,1627136,windows,0,5790,5555,37,0,0,0,0,0,0,24,12,1
26.3615,1,1797120,windows,0,3835,3640,30,0,0,0,0,0,0,19,10,1
26.3827,0,1640448,windows,0,3835,3640,30,0,0,0,0,0,0,19,10,1
26.617,1,1814528,windows,0,3650,3455,29,0,0,0,0,0,0,18,10,1
26.6491,0,1655808,windows,0,3835,3640,30,0,0,0,0,0,0,19,10,1
26.8808,1,1831936,windows,0,3650,3455,29,0,0,0,0,0,0,18,10,1
26.9097,0,1670144,windows,0,3835,3640,30,0,0,0,0,0,0,19,10,1
27.1317,1,1849344,windows,0,3475,3280,28,0,0,0,0,0,0,17,10,1
27.1688,0,1684480,windows,0,3835,3640,30,0,0,0,0,0,0,19,10,1
27.3846,1,1864704,windows,0,3455,3186.25,29,0,0,0,0,0,0,19,9,1
27.4382,0,1699840,windows,0,3650,3455,29,0,0,0,0,0,0,18,10,1
27.6399,1,1880064,windows,0,3455,3186.25,29,0,0,0,0,0,0,19,9,1
27.7021,0,1714176,windows,0,3650,3455,29,0,0,0,0,0,0,18,10,1
27.8996,1,1896448,windows,0,3455,3186.25,29,0,0,0,0,0,0,19,9,1
27.9546,0,1728512,windows,0,3650,3455,29,0,0,0,0,0,0,18,10,1
28.1505,1,1912832,windows,0,3455,3186.25,29,0,0,0,0,0,0,19,9,1
28.2216,0,1743872,windows,0,3650,3455,29,0,0,0,0,0,0,18,10,1
28.4091,1,1929216,windows,0,3095,2836.25,27,0,0,0,0,0,0,17,9,1
28.4754,0,1758208,windows,0,3650,3455,29,0,0,0,0,0,0,18,10,1
28.6659,1,1945600,windows,0,3095,2836.25,27,0,0,0,0,0,0,17,9,1
28.7314,0,1772544,windows,0,3475,3280,28,0,0,0,0,0,0,17,10,1
28.9177,1,1964032,windows,0,3095,2836.25,27,0,0,0,0,0,0,17,9,1
28.9854,0,1790976,windows,0,3270,3270,28,0,0,0,0,0,0,18,9,1
29.1869,1,1981440,windows,0,3095,2836.25,27,0,0,0,0,0,0,17,9,1
29.2385,0,1808384,windows,0,3095,3095,27,0,0,0,0,0,0,17,9,1
29.4483,1,1998848,windows,0,2845,2690,27,0,0,0,0,0,0,17,8,2
29.4948,0,1825792,windows,0,2930,2930,26,0,0,0,0,0,0,16,9,1
29.7118,1,2015232,windows,0,2545,2410,26,0,0,0,0,0,0,17,7,2
29.7546,0,1842176,windows,0,2930,2930,26,0,0,0,0,0,0,16,9,1
29.9687,1,2030592,windows,0,2380,2301.25,25,0,0,0,0,0,0,16,7,2
30.0125,0,1857536,windows,0,2560,2481.25,24,0,0,0,0,0,0,16,8,0
30.2233,1,2045952,windows,0,2380,2301.25,25,0,0,0,0,0,0,16,7,2
30.2696,0,1873920,windows,0,2560,2481.25,24,0,0,0,0,0,0,16,8,0
30.4801,1,2062336,windows,0,2030,1915,23,0,0,0,0,0,0,16,6,1
30.5344,0,1890304,windows,0,2260,2191.25,22,0,0,0,0,0,0,14,8,0
30.7315,1,2077696,windows,0,2030,1915,23,0,0,0,0,0,0,16,6,1
30.7868,0,1905664,windows,0,2260,2191.25,22,0,0,0,0,0,0,14,8,0
30.9832,1,2093056,windows,0,1780,1606.25,21,0,0,0,0,0,0,16,5,0
31.0521,0,1922048,windows,0,2125,2061.25,21,0,0,0,0,0,0,13,8,0
31.2367,1,2108416,windows,0,1625,1530,20,0,0,0,0,0,0,15,5,0
31.3058,0,1937408,windows,0,2125,2061.25,21,0,0,0,0,0,0,13,8,0
31.5075,1,2123776,windows,0,1345,1250,18,0,0,0,0,0,0,13,5,0
31.5733,0,1951744,windows,0,2125,2061.25,21,0,0,0,0,0,0,13,8,0
31.758,1,2139136,windows,0,1345,1250,18,0,0,0,0,0,0,13,5,0
31.8253,0,1967104,windows,0,2125,2061.25,21,0,0,0,0,0,0,13,8,0
32.0178,1,2155520,windows,0,1345,1250,18,0,0,0,0,0,0,13,5,0
32.0808,0,1983488,windows,0,1345,1250,18,0,0,0,0,0,0,13,5,0
32.2784,1,2170880,windows,0,1345,1250,18,0,0,0,0,0,0,13,5,0
32.3338,0,1998848,windows,0,1345,1250,18,0,0,0,0,0,0,13,5,0
32.5409,1,2186240,windows,0,1345,1250,18,0,0,0,0,0,0,13,5,0
32.5866,0,2014208,windows,0,1345,1250,18,0,0,0,0,0,0,13,5,0
32.7955,1,2202624,windows,0,1345,1250,18,0,0,0,0,0,0,13,5,0
32.8414,0,2028544,windows,0,1345,1250,18,0,0,0,0,0,0,13,5,0
33.0562,1,2219008,windows,0,1220,1125,17,0,0,0,0,0,0,12,5,0
33.1036,0,2043904,repair,0,1345,1250,18,0,0,0,0,0,0,13,5,0
33.3226,1,2235392,windows,0,1220,1125,17,0,0,0,0,0,0,12,5,0
33.3549,0,2061312,repair,0,1345,1250,18,0,0,0,0,0,0,13,5,0
33.576,1,2250752,windows,0,1220,1125,17,0,0,0,0,0,0,12,5,0
33.6167,0,2079744,windows,0,1345,1250,18,0,0,0,0,0,0,13,5,0
33.8343,1,2267136,windows,0,1220,1125,17,0,0,0,0,0,0,12,5,0
33.8687,0,2098176,windows,0,1345,1250,18,0,0,0,0,0,0,13,5,0
34.0887,1,2283520,windows,0,1220,1125,17,0,0,0,0,0,0,12,5,0
34.1218,0,2116608,windows,0,1345,1250,18,0,0,0,0,0,0,13,5,0
34.3447,1,2298880,windows,0,1220,1125,17,0,0,0,0,0,0,12,5,0
34.3822,0,2135040,windows,0,1345,1250,18,0,0,0,0,0,0,13,5,0
34.607,1,2314240,windows,0,1220,1125,17,0,0,0,0,0,0,12,5,0
34.6379,0,2153472,windows,0,1345,1250,18,0,0,0,0,0,0,13,5,0
34.8744,1,2330624,windows,0,1220,1125,17,0,0,0,0,0,0,12,5,0
34.905,0,2169856,windows,0,1345,1250,18,0,0,0,0,0,0,13,5,0
35.1258,1,2344960,windows,0,1220,1125,17,0,0,0,0,0,0,12,5,0
35.163,0,2184192,windows,0,1345,1250,18,0,0,0,0,0,0,13,5,0
35.3832,1,2359296,windows,0,1220,1125,17,0,0,0,0,0,0,12,5,0
35.4236,0,2198528,windows,0,1345,1250,18,0,0,0,0,0,0,13,5,0
35.6439,1,2374656,windows,0,1220,1125,17,0,0,0,0,0,0,12,5,0
35.6837,0,2212864,windows,0,1345,1250,18,0,0,0,0,0,0,13,5,0
35.9011,1,2390016,windows,0,1220,1125,17,0,0,0,0,0,0,12,5,0
35.9419,0,2227200,windows,0,1345,1250,18,0,0,0,0,0,0,13,5,0
36.1617,1,2405376,windows,0,1220,1125,17,0,0,0,0,0,0,12,5,0
36.1996,0,2241536,windows,0,1220,1125,17,0,0,0,0,0,0,12,5,0
36.4151,1,2419712,windows,0,1220,1125,17,0,0,0,0,0,0,12,5,0
36.4617,0,2258944,windows,0,1105,1010,16,0,0,0,0,0,0,11,5,0
36.6676,1,2434048,windows,0,1220,1125,17,0,0,0,0,0,0,12,5,0
36.719,0,2275328,windows,0,1105,1010,16,0,0,0,0,0,0,11,5,0
36.9245,1,2449408,windows,0,1220,1125,17,0,0,0,0,0,0,12,5,0
36.9771,0,2292736,windows,0,1105,1010,16,0,0,0,0,0,0,11,5,0
37.1759,1,2464768,windows,0,1220,1125,17,0,0,0,0,0,0,12,5,0
37.2375,0,2310144,windows,0,1105,1010,16,0,0,0,0,0,0,11,5,0
37.4321,1,2480128,windows,0,1220,1125,17,0,0,0,0,0,0,12,5,0
37.5077,0,2327552,windows,0,1105,1010,16,0,0,0,0,0,0,11,5,0
37.6973,1,2496512,windows,0,1220,1125,17,0,0,0,0,0,0,12,5,0
37.7605,0,2343936,windows,0,1105,1010,16,0,0,0,0,0,0,11,5,0
37.9576,1,2512896,windows,0,1220,1125,17,0,0,0,0,0,0,12,5,0
38.0111,0,2360320,windows,0,1105,1010,16,0,0,0,0,0,0,11,5,0
38.2165,1,2529280,windows,0,1220,1125,17,0,0,0,0,0,0,12,5,0
38.2636,0,2376704,windows,0,1105,1010,16,0,0,0,0,0,0,11,5,0
38.4736,1,2545664,windows,0,1105,1010,16,0,0,0,0,0,0,11,5,0
38.5152,0,2392064,windows,0,1105,1010,16,0,0,0,0,0,0,11,5,0
38.7377,1,2563072,windows,0,1105,1010,16,0,0,0,0,0,0,11,5,0
38.7776,0,2408448,windows,0,1105,1010,16,0,0,0,0,0,0,11,5,0
39.0027,1,2581504,windows,0,1105,1010,16,0,0,0,0,0,0,11,5,0
39.0357,0,2425856,windows,0,1105,1010,16,0,0,0,0,0,0,11,5,0
39.2693,1,2598912,windows,0,1105,1010,16,0,0,0,0,0,0,11,5,0
39.2981,0,2444288,repair,0,1105,1010,16,0,0,0,0,0,0,11,5,0
39.5363,1,2616320,windows,0,1105,1010,16,0,0,0,0,0,0,11,5,0
39.5515,0,2461696,windows,0,1105,1010,16,0,0,0,0,0,0,11,5,0
39.7952,1,2633728,windows,0,1105,1010,16,0,0,0,0,0,0,11,5,0
39.807,0,2480128,windows,0,1105,1010,16,0,0,0,0,0,0,11,5,0
40.0549,1,2650112,windows,0,1105,1010,16,0,0,0,0,0,0,11,5,0
40.0719,0,2498560,windows,0,1105,1010,16,0,0,0,0,0,0,11,5,0
40.3059,1,2666496,windows,0,1105,1010,16,0,0,0,0,0,0,11,5,0
40.3361,0,2516992,windows,0,1105,1010,16,0,0,0,0,0,0,11,5,0
40.5667,1,2683904,windows,0,1105,1010,16,0,0,0,0,0,0,11,5,0
40.59,0,2534400,windows,0,1105,1010,16,0,0,0,0,0,0,11,5,0
40.8224,1,2701312,windows,0,1105,1010,16,0,0,0,0,0,0,11,5,0
40.8527,0,2552832,windows,0,1105,1010,16,0,0,0,0,0,0,11,5,0
41.082,1,2717696,windows,0,1105,1010,16,0,0,0,0,0,0,11,5,0
41.113,0,2571264,windows,0,1105,1010,16,0,0,0,0,0,0,11,5,0
41.3378,1,2732032,windows,0,1105,1010,16,0,0,0,0,0,0,11,5,0
41.3639,0,2586624,windows,0,1105,1010,16,0,0,0,0,0,0,11,5,0
41.5963,1,2748416,windows,0,1105,1010,16,0,0,0,0,0,0,11,5,0
41.6238,0,2605056,windows,0,1105,1010,16,0,0,0,0,0,0,11,5,0
41.8475,1,2764800,windows,0,1105,1010,16,0,0,0,0,0,0,11,5,0
41.8845,0,2622464,repair,0,1105,1010,16,0,0,0,0,0,0,11,5,0
42.1079,1,2780160,repair,0,1105,1010,16,0,0,0,0,0,0,11,5,0
42.141,0,2641920,windows,0,1105,1010,16,0,0,0,0,0,0,11,5,0
42.3662,1,2796544,repair,0,1105,1010,16,0,0,0,0,0,0,11,5,0
42.3911,0,2660352,windows,0,1105,1010,16,0,0,0,0,0,0,11,5,0
42.6248,1,2811904,windows,0,1105,1010,16,0,0,0,0,0,0,11,5,0
42.6522,0,2678784,windows,0,1105,1010,16,0,0,0,0,0,0,11,5,0
42.8764,1,2827264,windows,0,1105,1010,16,0,0,0,0,0,0,11,5,0
42.9063,0,2696192,windows,0,1105,1010,16,0,0,0,0,0,0,11,5,0
43.129,1,2842624,windows,0,1105,1010,16,0,0,0,0,0,0,11,5,0
43.1636,0,2714624,windows,0,1105,1010,16,0,0,0,0,0,0,11,5,0
43.385,1,2857984,windows,0,1105,1010,16,0,0,0,0,0,0,11,5,0
43.4234,0,2733056,windows,0,1105,1010,16,0,0,0,0,0,0,11,5,0
43.6352,1,2872320,windows,0,1105,1010,16,0,0,0,0,0,0,11,5,0
43.6836,0,2751488,windows,0,1105,1010,16,0,0,0,0,0,0,11,5,0
43.8927,1,2886656,windows,0,1105,1010,16,0,0,0,0,0,0,11,5,0
43.9377,0,2769920,windows,0,1105,1010,16,0,0,0,0,0,0,11,5,0
44.1553,1,2902016,windows,0,1105,1010,16,0,0,0,0,0,0,11,5,0
44.1933,0,2788352,windows,0,1105,1010,16,0,0,0,0,0,0,11,5,0
44.4166,1,2917376,windows,0,1105,1010,16,0,0,0,0,0,0,11,5,0
44.4485,0,2805760,windows,0,1105,1010,16,0,0,0,0,0,0,11,5,0
44.6741,1,2932736,windows,0,1105,1010,16,0,0,0,0,0,0,11,5,0
44.7046,0,2824192,windows,0,1105,1010,16,0,0,0,0,0,0,11,5,0
44.9381,1,2948096,windows,0,1105,1010,16,0,0,0,0,0,0,11,5,0
44.9584,0,2841600,windows,0,1105,1010,16,0,0,0,0,0,0,11,5,0
45.1991,1,2963456,windows,0,1105,1010,16,0,0,0,0,0,0,11,5,0
45.2095,0,2859008,windows,0,1105,1010,16,0,0,0,0,0,0,11,5,0
45.4619,0,2876416,windows,0,1105,1010,16,0,0,0,0,0,0,11,5,0
45.4686,1,2978816,windows,0,1105,1010,16,0,0,0,0,0,0,11,5,0
45.716,0,2892800,repair,0,1105,1010,16,0,0,0,0,0,0,11,5,0
45.7317,1,2994176,windows,0,1105,1010,16,0,0,0,0,0,0,11,5,0
45.9793,0,2911232,repair,0,1105,1010,16,0,0,0,0,0,0,11,5,0
45.9819,1,3008512,windows,0,1105,1010,16,0,0,0,0,0,0,11,5,0
46.2363,0,2928640,repair,0,1105,1010,16,0,0,0,0,0,0,11,5,0
46.2385,1,3023872,windows,0,1105,1010,16,0,0,0,0,0,0,11,5,0
46.4869,0,2945024,windows,0,1105,1010,16,0,0,0,0,0,0,11,5,0
46.4933,1,3040256,windows,0,1105,1010,16,0,0,0,0,0,0,11,5,0
46.7384,0,2961408,windows,0,1105,1010,16,0,0,0,0,0,0,11,5,0
46.7476,1,3057664,windows,0,1105,1010,16,0,0,0,0,0,0,11,5,0
46.9937,0,2977792,windows,0,1105,1010,16,0,0,0,0,0,0,11,5,0
46.9986,1,3074048,windows,0,1105,1010,16,0,0,0,0,0,0,11,5,0
47.2516,0,2994176,windows,0,1105,1010,16,0,0,0,0,0,0,11,5,0
47.2544,1,3089408,windows,0,1105,1010,16,0,0,0,0,0,0,11,5,0
47.5078,1,3104768,windows,0,1105,1010,16,0,0,0,0,0,0,11,5,0
47.5212,0,3010560,windows,0,1105,1010,16,0,0,0,0,0,0,11,5,0
47.7705,1,3119104,windows,0,1105,1010,16,0,0,0,0,0,0,11,5,0
47.783,0,3024896,windows,0,1105,1010,16,0,0,0,0,0,0,11,5,0
48.0457,1,3128320,windows,0,1105,1010,16,0,0,0,0,0,0,11,5,0
48.0539,0,3034112,windows,0,1105,1010,16,0,0,0,0,0,0,11,5,0
48.3071,0,3044352,windows,0,1105,1010,16,0,0,0,0,0,0,11,5,0
48.315,1,3136512,windows,0,1105,1010,16,0,0,0,0,0,0,11,5,0
48.5577,0,3059712,windows,0,1105,1010,16,0,0,0,0,0,0,11,5,0
48.582,1,3148800,windows,0,1105,1010,16,0,0,0,0,0,0,11,5,0
48.8146,0,3067904,windows,0,1105,1010,16,0,0,0,0,0,0,11,5,0
48.8496,1,3159040,windows,0,1105,1010,16,0,0,0,0,0,0,11,5,0
49.0744,0,3081216,windows,0,1105,1010,16,0,0,0,0,0,0,11,5,0
49.11,1,3175424,windows,0,1105,1010,16,0,0,0,0,0,0,11,5,0
49.3333,0,3094528,windows,0,1105,1010,16,0,0,0,0,0,0,11,5,0
49.3635,1,3191808,windows,0,1105,1010,16,0,0,0,0,0,0,11,5,0
49.5881,0,3108864,windows,0,1105,1010,16,0,0,0,0,0,0,11,5,0
49.6189,1,3208192,windows,0,1105,1010,16,0,0,0,0,0,0,11,5,0
49.8484,0,3124224,windows,0,1105,1010,16,0,0,0,0,0,0,11,5,0
49.8767,1,3225600,windows,0,1105,1010,16,0,0,0,0,0,0,11,5,0
50.1156,0,3140608,windows,0,1105,1010,16,0,0,0,0,0,0,11,5,0
50.1388,1,3244032,windows,0,1105,1010,16,0,0,0,0,0,0,11,5,0
50.3699,0,3155968,windows,0,1105,1010,16,0,0,0,0,0,0,11,5,0
50.3977,1,3262464,windows,0,1105,1010,16,0,0,0,0,0,0,11,5,0
50.6452,0,3172352,windows,0,1105,1010,16,0,0,0,0,0,0,11,5,0
50.6498,1,3279872,windows,0,1105,1010,16,0,0,0,0,0,0,11,5,0
50.9054,0,3187712,windows,0,1105,1010,16,0,0,0,0,0,0,11,5,0
50.9086,1,3299328,windows,0,1105,1010,16,0,0,0,0,0,0,11,5,0
51.1634,0,3203072,windows,0,1105,1010,16,0,0,0,0,0,0,11,5,0
51.1663,1,3319808,windows,0,1105,1010,16,0,0,0,0,0,0,11,5,0
51.4166,0,3218432,windows,0,1105,1010,16,0,0,0,0,0,0,11,5,0
51.4261,1,3341312,windows,0,1105,1010,16,0,0,0,0,0,0,11,5,0
51.6796,0,3234816,windows,0,1105,1010,16,0,0,0,0,0,0,11,5,0
51.6878,1,3359744,repair,0,1105,1010,16,0,0,0,0,0,0,11,5,0
51.9421,0,3252224,windows,0,1105,1010,16,0,0,0,0,0,0,11,5,0
51.9422,1,3378176,windows,0,1105,1010,16,0,0,0,0,0,0,11,5,0
52.2046,0,3269632,windows,0,1105,1010,16,0,0,0,0,0,0,11,5,0
52.2055,1,3395584,windows,0,1105,1010,16,0,0,0,0,0,0,11,5,0
52.4592,1,3411968,windows,0,1105,1010,16,0,0,0,0,0,0,11,5,0
52.4599,0,3287040,windows,0,1105,1010,16,0,0,0,0,0,0,11,5,0
52.7202,1,3429376,windows,0,1105,1010,16,0,0,0,0,0,0,11,5,0
52.7204,0,3304448,windows,0,1105,1010,16,0,0,0,0,0,0,11,5,0
52.9768,1,3445760,windows,0,1105,1010,16,0,0,0,0,0,0,11,5,0
52.9793,0,3321856,windows,0,1105,1010,16,0,0,0,0,0,0,11,5,0
53.2378,1,3463168,windows,0,1105,1010,16,0,0,0,0,0,0,11,5,0
53.2427,0,3337216,repair,0,1105,1010,16,0,0,0,0,0,0,11,5,0
53.4949,0,3352576,windows,0,1105,1010,16,0,0,0,0,0,0,11,5,0
53.4979,1,3480576,windows,0,1105,1010,16,0,0,0,0,0,0,11,5,0
53.7565,1,3496960,windows,0,1105,1010,16,0,0,0,0,0,0,11,5,0
53.7613,0,3367936,windows,0,1105,1010,16,0,0,0,0,0,0,11,5,0
54.0196,1,3514368,windows,0,1105,1010,16,0,0,0,0,0,0,11,5,0
54.0216,0,3383296,windows,0,1105,1010,16,0,0,0,0,0,0,11,5,0
54.275,0,3397632,windows,0,1105,1010,16,0,0,0,0,0,0,11,5,0
54.2795,1,3531776,windows,0,1105,1010,16,0,0,0,0,0,0,11,5,0
54.531,0,3411968,windows,0,1105,1010,16,0,0,0,0,0,0,11,5,0
54.542,1,3548160,windows,0,1105,1010,16,0,0,0,0,0,0,11,5,0
54.7905,0,3426304,windows,0,1105,1010,16,0,0,0,0,0,0,11,5,0
54.7967,1,3565568,windows,0,1105,1010,16,0,0,0,0,0,0,11,5,0
55.0479,1,3581952,windows,0,1105,1010,16,0,0,0,0,0,0,11,5,0
55.0482,0,3440640,windows,0,1105,1010,16,0,0,0,0,0,0,11,5,0
55.3065,1,3599360,windows,0,1105,1010,16,0,0,0,0,0,0,11,5,0
55.3107,0,3454976,windows,0,1105,1010,16,0,0,0,0,0,0,11,5,0
55.5668,1,3616768,windows,0,1105,1010,16,0,0,0,0,0,0,11,5,0
55.5741,0,3469312,windows,0,1105,1010,16,0,0,0,0,0,0,11,5,0
55.8204,1,3635200,windows,0,1105,1010,16,0,0,0,0,0,0,11,5,0
55.8244,0,3482624,windows,0,1105,1010,16,0,0,0,0,0,0,11,5,0
56.0785,1,3652608,repair,0,1105,1010,16,0,0,0,0,0,0,11,5,0
56.0807,0,3496960,windows,0,1105,1010,16,0,0,0,0,0,0,11,5,0
56.3338,0,3511296,windows,0,1105,1010,16,0,0,0,0,0,0,11,5,0
56.3368,1,3668992,repair,0,1105,1010,16,0,0,0,0,0,0,11,5,0
56.5927,1,3688448,repair,0,1105,1010,16,0,0,0,0,0,0,11,5,0
56.5963,0,3526656,windows,0,1105,1010,16,0,0,0,0,0,0,11,5,0
56.8474,0,3540992,windows,0,1105,1010,16,0,0,0,0,0,0,11,5,0
56.8629,1,3705856,windows,0,1105,1010,16,0,0,0,0,0,0,11,5,0
57.1108,0,3557376,windows,0,1105,1010,16,0,0,0,0,0,0,11,5,0
57.1238,1,3723264,windows,0,1105,1010,16,0,0,0,0,0,0,11,5,0
57.3641,0,3570688,repair,740,2.70808e+08,2.70783e+08,7177,34,161,138,259,148,0,4029,2969,179
57.3876,1,3740672,windows,0,1105,1010,16,0,0,0,0,0,0,11,5,0
57.6208,0,3589120,repair,594,2.63033e+08,2.63007e+08,7217,37,129,94,223,111,0,4168,2891,158
57.64,1,3757056,windows,0,1105,1010,16,0,0,0,0,0,0,11,5,0
57.8771,0,3606528,repair,505,2.31902e+08,2.31847e+08,6779,31,91,96,196,91,0,3888,2736,155
57.8965,1,3774464,windows,0,1105,1010,16,0,0,0,0,0,0,11,5,0
58.1374,0,3618816,repair,442,2.52724e+08,2.52642e+08,7088,36,91,64,177,74,0,4077,2866,145
58.1637,1,3786752,windows,0,1105,1010,16,0,0,0,0,0,0,11,5,0
58.3943,0,3628032,repair,373,2.39932e+08,2.39928e+08,6850,16,60,75,144,78,0,3883,2835,132
58.4198,1,3796992,windows,0,1105,1010,16,0,0,0,0,0,0,11,5,0
58.6564,0,3645440,repair,316,2.02863e+08,2.02794e+08,6445,20,62,51,126,57,0,3783,2534,128
58.6704,1,3813376,windows,0,1105,1010,16,0,0,0,0,0,0,11,5,0
58.9095,0,3661824,repair,264,1.93822e+08,1.93772e+08,6334,11,45,38,115,55,0,3725,2470,139
58.9231,1,3830784,windows,0,1105,1010,16,0,0,0,0,0,0,11,5,0
59.1632,0,3679232,repair,223,1.64784e+08,1.64781e+08,5843,11,31,34,101,46,0,3471,2268,104
59.1805,1,3845120,windows,0,1105,1010,16,0,0,0,0,0,0,11,5,0
59.4189,0,3695616,repair,172,1.52042e+08,1.51979e+08,5689,5,27,25,69,46,0,3456,2136,97
59.4475,1,3860480,windows,0,1105,1010,16,0,0,0,0,0,0,11,5,0
59.6759,0,3712000,repair,124,1.55097e+08,1.55049e+08,5659,7,21,16,51,29,0,3333,2223,103
59.7108,1,3874816,windows,0,1105,1010,16,0,0,0,0,0,0,11,5,0
59.9292,0,3728384,repair,91,1.4472e+08,1.44717e+08,5559,3,14,13,32,29,0,3394,2082,83
59.9615,1,3889152,windows,0,1105,1010,16,0,0,0,0,0,0,11,5,0
60.1793,0,3744768,repair,71,1.29515e+08,1.29513e+08,5263,2,10,7,39,13,0,3210,1970,83
60.2241,1,3906560,windows,0,1105,1010,16,0,0,0,0,0,0,11,5,0
60.4317,0,3761152,repair,42,1.23472e+08,1.23453e+08,5239,0,9,6,21,6,0,3310,1850,79
60.4823,1,3922944,windows,0,1105,1010,16,0,0,0,0,0,0,11,5,0
60.6877,0,3779584,repair,22,1.14346e+08,1.14292e+08,5094,1,3,2,12,4,0,3269,1742,83
60.7464,1,3938304,windows,0,1105,1010,16,0,0,0,0,0,0,11,5,0
60.9471,0,3800064,repair,12,9.50772e+07,9.50751e+07,4629,2,2,1,5,2,0,2964,1597,68
61.0137,1,3953664,windows,0,1105,1010,16,0,0,0,0,0,0,11,5,0
61.2083,0,3819520,repair,3,8.56604e+07,8.56447e+07,4386,0,0,0,2,1,0,2812,1517,57
61.2742,1,3968000,windows,0,1105,1010,16,0,0,0,0,0,0,11,5,0
61.4599,0,3838976,repair,1,6.89421e+07,6.89421e+07,4003,0,0,0,1,0,0,2656,1296,51
61.5404,1,3979264,repair,1034,1.09228e+08,1.0918e+08,4018,39,86,79,540,290,0,2326,1467,225
61.7219,0,3855360,repair,1,5.78395e+07,5.78037e+07,3679,0,0,0,1,0,0,2464,1171,44
61.793,1,3996672,repair,715,2.57025e+08,2.56942e+08,7023,45,162,126,255,127,0,3971,2879,173
61.977,0,3872768,repair,1,4.85981e+07,4.85852e+07,3390,0,0,0,1,0,0,2277,1063,50
62.056,1,4014080,repair,566,2.8034e+08,2.80314e+08,7389,32,111,108,212,103,0,4155,3047,187
62.2399,0,3891200,windows,0,3.95177e+07,3.9487e+07,3036,0,0,0,0,0,0,2025,974,37
62.3076,1,4030464,repair,484,2.52529e+08,2.52447e+08,7035,33,96,81,187,87,0,3980,2890,165
62.4954,0,3908608,windows,0,3.12346e+07,3.12172e+07,2700,0,0,0,0,0,0,1798,867,35
62.5648,1,4048896,repair,391,2.39846e+08,2.39791e+08,6986,30,82,66,137,76,0,4074,2764,148
62.7577,0,3926016,windows,0,2.5466e+07,2.54508e+07,2455,0,0,0,0,0,0,1659,764,32
62.815,1,4066304,repair,327,2.09542e+08,2.09472e+08,6560,22,67,39,127,72,0,3883,2560,117
63.0216,0,3943424,windows,0,2.08136e+07,2.08136e+07,2249,0,0,0,0,0,0,1564,654,31
63.076,1,4084736,repair,263,1.92249e+08,1.92177e+08,6236,12,43,34,114,60,0,3630,2491,115
63.2806,0,3960832,windows,0,1.63598e+07,1.6347e+07,1990,0,0,0,0,0,0,1367,591,32
63.329,1,4101120,repair,207,2.0195e+08,2.01898e+08,6332,10,46,24,82,45,0,3608,2601,123
63.5351,0,3977216,windows,0,1.34672e+07,1.34664e+07,1818,0,0,0,0,0,0,1276,515,27
63.5868,1,4118528,repair,148,1.85384e+08,1.85381e+08,6143,10,21,21,58,38,0,3575,2455,113
63.7889,0,3993600,windows,0,1.12815e+07,1.12711e+07,1658,0,0,0,0,0,0,1152,481,25
63.847,1,4134912,repair,125,1.52488e+08,1.52485e+08,5704,5,19,11,57,33,0,3463,2142,99
64.0423,0,4009984,windows,0,9.67758e+06,9.6722e+06,1544,0,0,0,0,0,0,1077,439,28
64.1063,1,4152320,repair,93,1.40257e+08,1.40217e+08,5550,3,10,11,43,26,0,3469,1995,86
64.2931,0,4026368,windows,0,7.70299e+06,7.69006e+06,1355,0,0,0,0,0,0,916,418,21
64.3708,1,4169728,repair,61,1.38386e+08,1.38342e+08,5422,3,12,9,27,10,0,3287,2050,85
64.5515,0,4042752,windows,0,6.37381e+06,6.37331e+06,1243,0,0,0,0,0,0,862,364,17
64.6244,1,4187136,repair,43,1.10911e+08,1.10875e+08,4884,2,4,5,23,9,0,3009,1809,66
64.8077,0,4060160,windows,0,5.28055e+06,5.27642e+06,1148,0,0,0,0,0,0,826,305,17
64.877,1,4204544,repair,21,1.08219e+08,1.08203e+08,4883,0,2,2,11,6,0,3069,1746,68
65.0623,0,4076544,windows,0,4.43429e+06,4.42487e+06,1051,0,0,0,0,0,0,750,284,17
65.1321,1,4221952,repair,9,9.86331e+07,9.8618e+07,4712,0,0,2,3,4,0,3030,1622,60
65.3175,0,4092928,windows,0,3.54277e+06,3.53754e+06,933,0,0,0,0,0,0,658,262,13
65.3855,1,4238336,repair,3,8.82081e+07,8.81632e+07,4469,1,0,1,0,1,0,2884,1525,60
65.5763,0,4109312,windows,0,2.81626e+06,2.81335e+06,831,0,0,0,0,0,0,581,237,13
65.6486,1,4255744,repair,1,7.0626e+07,7.06242e+07,4038,0,0,0,1,0,0,2645,1333,60
65.8333,0,4126720,windows,0,2.3042e+06,2.3042e+06,757,0,0,0,0,0,0,545,202,10
65.9088,1,4273152,repair,1,5.99227e+07,5.99227e+07,3725,0,0,0,1,0,0,2463,1215,47
66.0908,0,4144128,windows,0,1.92853e+06,1.92606e+06,689,0,0,0,0,0,0,494,188,7
66.1671,1,4290560,repair,1,5.09709e+07,5.09697e+07,3450,0,0,0,1,0,0,2306,1103,41
66.3499,0,4161536,windows,0,1.4854e+06,1.48511e+06,600,0,0,0,0,0,0,412,178,10
66.4186,1,4306944,windows,0,4.53784e+07,4.53671e+07,3299,0,0,0,0,0,0,2272,988,39
66.6036,0,4177920,windows,0,1.18484e+06,1.18193e+06,543,0,0,0,0,0,0,389,146,8
66.6747,1,4321280,windows,0,3.72538e+07,3.72538e+07,2953,0,0,0,0,0,0,1985,936,32
66.8611,0,4195328,windows,0,941015,941015,487,0,0,0,0,0,0,351,127,9
66.9343,1,4336640,windows,0,3.16428e+07,3.16328e+07,2719,0,0,0,0,0,0,1823,866,30
67.1225,0,4210688,windows,0,807755,803856,454,0,0,0,0,0,0,333,112,9
67.187,1,4350976,windows,0,2.66444e+07,2.66196e+07,2518,0,0,0,0,0,0,1720,769,29
67.3743,0,4227072,windows,0,669295,667831,411,0,0,0,0,0,0,293,109,9
67.4538,1,4365312,windows,0,2.24331e+07,2.24322e+07,2309,0,0,0,0,0,0,1572,709,28
67.627,0,4242432,windows,0,533660,531625,366,0,0,0,0,0,0,254,102,10
67.7067,1,4378624,windows,0,1.86468e+07,1.86458e+07,2095,0,0,0,0,0,0,1400,664,31
67.8772,0,4258816,windows,0,436480,436128,338,0,0,0,0,0,0,244,82,12
67.9665,1,4392960,windows,0,1.56524e+07,1.56524e+07,1946,0,0,0,0,0,0,1328,583,35
68.1278,0,4275200,windows,0,356930,355569,304,0,0,0,0,0,0,220,75,9
68.2312,1,4407296,windows,0,1.34778e+07,1.34674e+07,1820,0,0,0,0,0,0,1268,520,32
68.3859,0,4291584,windows,0,308655,306074,285,0,0,0,0,0,0,213,63,9
68.4853,1,4421632,windows,0,1.15888e+07,1.15829e+07,1695,0,0,0,0,0,0,1192,472,31
68.6381,0,4306944,windows,0,220390,218326,238,0,0,0,0,0,0,170,61,7
68.747,1,4435968,windows,0,9.9971e+06,9.99609e+06,1580,0,0,0,0,0,0,1110,436,34
68.8926,0,4323328,windows,0,182770,182001,217,0,0,0,0,0,0,154,56,7
69.0142,1,4450304,windows,0,8.29214e+06,8.29214e+06,1417,0,0,0,0,0,0,969,423,25
69.1505,0,4340736,windows,0,158555,158555,204,0,0,0,0,0,0,149,48,7
69.266,1,4462592,windows,0,7.2708e+06,7.25858e+06,1340,0,0,0,0,0,0,941,376,23
69.412,0,4358144,windows,0,139595,139595,192,0,0,0,0,0,0,141,44,7
69.5266,1,4476928,windows,0,6.34058e+06,6.33336e+06,1265,0,0,0,0,0,0,915,327,23
69.669,0,4374528,windows,0,101730,101730,163,0,0,0,0,0,0,114,42,7
69.7771,1,4491264,windows,0,5.45533e+06,5.4492e+06,1168,0,0,0,0,0,0,844,307,17
69.932,0,4388864,windows,0,84535,83971.2,151,0,0,0,0,0,0,113,31,7
70.045,1,4505600,windows,0,4.72094e+06,4.72094e+06,1085,0,0,0,0,0,0,777,291,17
70.1859,0,4400128,windows,0,77695,77695,145,0,0,0,0,0,0,109,29,7
70.3001,1,4518912,windows,0,3.81077e+06,3.80738e+06,971,0,0,0,0,0,0,678,274,19
70.4482,0,4413440,windows,0,71335,70821.2,139,0,0,0,0,0,0,103,29,7
70.5631,1,4533248,windows,0,3.19848e+06,3.19009e+06,889,0,0,0,0,0,0,633,244,12
70.7108,0,4425728,windows,0,67295,67295,135,0,0,0,0,0,0,99,29,7
70.8145,1,4546560,windows,0,2.72028e+06,2.71252e+06,825,0,0,0,0,0,0,591,220,14
70.966,0,4440064,windows,0,61570,61570,127,0,0,0,0,0,0,86,34,7
71.0733,1,4560896,windows,0,2.32778e+06,2.32067e+06,771,0,0,0,0,0,0,564,191,16
71.2168,0,4458496,windows,0,45755,44776.2,108,0,0,0,0,0,0,69,32,7
71.3263,1,4575232,windows,0,2.03512e+06,2.03467e+06,718,0,0,0,0,0,0,517,186,15
71.4754,0,4475904,windows,0,41915,41320,104,0,0,0,0,0,0,67,30,7
71.5809,1,4588544,windows,0,1.64582e+06,1.64582e+06,640,0,0,0,0,0,0,457,173,10
71.7269,0,4490240,windows,0,34750,34431.2,95,0,0,0,0,0,0,64,26,5
71.8466,1,4603904,windows,0,1.36756e+06,1.36203e+06,584,0,0,0,0,0,0,416,158,10
71.9936,0,4504576,windows,0,32605,31786.2,91,0,0,0,0,0,0,61,26,4
72.1044,1,4618240,windows,0,1.15696e+06,1.1541e+06,539,0,0,0,0,0,0,386,143,10
72.2545,0,4517888,windows,0,26405,26008.8,83,0,0,0,0,0,0,57,22,4
72.3625,1,4632576,windows,0,995395,995395,498,0,0,0,0,0,0,353,136,9
72.5185,0,4531200,windows,0,23165,22798.8,77,0,0,0,0,0,0,51,22,4
72.6262,1,4646912,windows,0,842110,842110,457,0,0,0,0,0,0,320,128,9
72.7786,0,4544512,windows,0,22660,22547.5,76,0,0,0,0,0,0,50,22,4
72.8926,1,4661248,windows,0,659330,656952,409,0,0,0,0,0,0,294,106,9
73.0319,0,4558848,windows,0,21305,20948.8,74,0,0,0,0,0,0,49,21,4
73.155,1,4676608,windows,0,526660,526428,367,0,0,0,0,0,0,268,91,8
73.2827,0,4573184,windows,0,20000,19253.8,72,0,0,0,0,0,0,48,20,4
73.4203,1,4691968,windows,0,438400,438228,335,0,0,0,0,0,0,250,79,6
73.541,0,4587520,windows,0,19060,18323.8,70,0,0,0,0,0,0,46,20,4
73.6806,1,4707328,windows,0,367870,365174,307,0,0,0,0,0,0,232,70,5
73.8042,0,4600832,windows,0,16430,16430,65,0,0,0,0,0,0,44,18,3
73.9377,1,4722688,windows,0,287545,286469,268,0,0,0,0,0,0,193,71,4
74.0714,0,4615168,windows,0,16270,15875,63,0,0,0,0,0,0,40,20,3
74.1879,1,4739072,windows,0,222130,220046,237,0,0,0,0,0,0,170,62,5
74.3397,0,4630528,windows,0,14355,14355,60,0,0,0,0,0,0,39,18,3
74.4524,1,4758528,windows,0,168925,168925,207,0,0,0,0,0,0,145,56,6
74.5957,0,4644864,windows,0,13595,13411.2,58,0,0,0,0,0,0,37,18,3
74.705,1,4775936,windows,0,140860,140688,190,0,0,0,0,0,0,134,50,6
74.8508,0,4659200,windows,0,13120,13120,57,0,0,0,0,0,0,38,17,2
74.9644,1,4794368,windows,0,98875,97937.5,160,0,0,0,0,0,0,115,40,5
75.1083,0,4676608,windows,0,12380,12045,55,0,0,0,0,0,0,36,17,2
75.2173,1,4810752,windows,0,77680,76892.5,142,0,0,0,0,0,0,104,34,4
75.3616,0,4691968,windows,0,12380,12045,55,0,0,0,0,0,0,36,17,2
75.4768,1,4829184,windows,0,65780,65667.5,131,0,0,0,0,0,0,96,31,4
75.6288,0,4707328,windows,0,11275,10786.2,52,0,0,0,0,0,0,35,16,1
75.7308,1,4845568,windows,0,59680,59567.5,124,0,0,0,0,0,0,88,32,4
75.8868,0,4722688,windows,0,10595,10431.2,50,0,0,0,0,0,0,33,16,1
75.9941,1,4861952,windows,0,47425,46898.8,112,0,0,0,0,0,0,83,25,4
76.151,0,4738048,windows,0,10310,9846.25,50,0,0,0,0,0,0,34,15,1
76.2516,1,4876288,windows,0,37705,36886.2,100,0,0,0,0,0,0,73,23,4
76.4099,0,4753408,windows,0,8855,8855,47,0,0,0,0,0,0,33,13,1
76.5062,1,4891648,windows,0,33800,33800,95,0,0,0,0,0,0,70,21,4
76.6624,0,4768768,windows,0,8530,8530,46,0,0,0,0,0,0,32,13,1
76.7671,1,4905984,windows,0,29480,29367.5,89,0,0,0,0,0,0,66,19,4
76.9162,0,4783104,windows,0,7330,7191.25,42,0,0,0,0,0,0,28,13,1
77.027,1,4921344,windows,0,28325,28212.5,87,0,0,0,0,0,0,63,20,4
77.1686,0,4797440,windows,0,7055,7055,41,0,0,0,0,0,0,27,13,1
77.2801,1,4936704,windows,0,25910,25206.2,82,0,0,0,0,0,0,58,21,3
77.423,0,4811776,windows,0,6370,6370,40,0,0,0,0,0,0,28,11,1
77.5367,1,4951040,windows,0,22315,21920,76,0,0,0,0,0,0,53,20,3
77.6895,0,4827136,windows,0,6370,6370,40,0,0,0,0,0,0,28,11,1
77.7926,1,4964352,windows,0,19495,19251.2,71,0,0,0,0,0,0,49,19,3
77.9472,0,4842496,windows,0,6095,6095,39,0,0,0,0,0,0,27,11,1
78.0596,1,4978688,windows,0,19315,19315,70,0,0,0,0,0,0,47,20,3
78.2151,0,4856832,windows,0,5830,5830,38,0,0,0,0,0,0,26,11,1
78.3215,1,4994048,windows,0,17795,17440,68,0,0,0,0,0,0,47,18,3
78.4815,0,4871168,windows,0,5330,5330,36,0,0,0,0,0,0,24,11,1
78.5789,1,5010432,windows,0,17330,16975,67,0,0,0,0,0,0,46,18,3
78.74,0,4885504,windows,0,5330,5330,36,0,0,0,0,0,0,24,11,1
78.8363,1,5026816,windows,0,13775,13551.2,61,0,0,0,0,0,0,45,13,3
78.9968,0,4901888,windows,0,5330,5330,36,0,0,0,0,0,0,24,11,1
79.0983,1,5043200,windows,0,13220,12832.5,60,0,0,0,0,0,0,42,14,4
79.2486,0,4917248,windows,0,5330,5330,36,0,0,0,0,0,0,24,11,1
79.3559,1,5057536,windows,0,12005,11698.8,57,0,0,0,0,0,0,39,14,4
79.4988,0,4932608,windows,0,5330,5330,36,0,0,0,0,0,0,24,11,1
79.6059,1,5072896,windows,0,12005,11698.8,57,0,0,0,0,0,0,39,14,4
79.7577,0,4947968,windows,0,4870,4870,34,0,0,0,0,0,0,22,11,1
79.8602,1,5088256,windows,0,12005,11698.8,57,0,0,0,0,0,0,39,14,4
80.0133,0,4963328,windows,0,4870,4870,34,0,0,0,0,0,0,22,11,1
80.111,1,5103616,windows,0,10880,10588.8,54,0,0,0,0,0,0,36,14,4
80.277,0,4980736,windows,0,4870,4870,34,0,0,0,0,0,0,22,11,1
80.3668,1,5120000,windows,0,10880,10588.8,54,0,0,0,0,0,0,36,14,4
80.5317,0,4996096,windows,0,4655,4655,33,0,0,0,0,0,0,21,11,1
80.6296,1,5135360,windows,0,9630,9547.5,51,0,0,0,0,0,0,36,12,3
80.7825,0,5011456,windows,0,4655,4655,33,0,0,0,0,0,0,21,11,1
80.8856,1,5150720,windows,0,9275,9192.5,50,0,0,0,0,0,0,35,12,3
81.0389,0,5026816,windows,0,4645,4645,33,0,0,0,0,0,0,23,10,0
81.138,1,5166080,windows,0,9275,9192.5,50,0,0,0,0,0,0,35,12,3
81.2969,0,5043200,windows,0,4645,4645,33,0,0,0,0,0,0,23,10,0
81.3923,1,5182464,windows,0,8665,8665,48,0,0,0,0,0,0,35,11,2
81.5586,0,5061632,windows,0,4420,4420,32,0,0,0,0,0,0,22,10,0
81.6574,1,5198848,windows,0,7985,7985,46,0,0,0,0,0,0,33,11,2
81.811,0,5081088,windows,0,4420,4420,32,0,0,0,0,0,0,22,10,0
81.9077,1,5214208,windows,0,7985,7985,46,0,0,0,0,0,0,33,11,2
82.0618,0,5098496,windows,0,4205,4205,31,0,0,0,0,0,0,21,10,0
82.1646,1,5229568,windows,0,7345,7191.25,44,0,0,0,0,0,0,31,11,2
82.3227,0,5116928,windows,0,4205,4205,31,0,0,0,0,0,0,21,10,0
82.434,1,5245952,windows,0,7040,7040,43,0,0,0,0,0,0,30,11,2
82.5736,0,5134336,windows,0,4205,4205,31,0,0,0,0,0,0,21,10,0
82.6945,1,5262336,windows,0,7040,7040,43,0,0,0,0,0,0,30,11,2
82.8311,0,5152768,windows,0,4205,4205,31,0,0,0,0,0,0,21,10,0
82.9458,1,5277696,windows,0,6745,6745,42,0,0,0,0,0,0,29,11,2
83.088,0,5168128,windows,0,4205,4205,31,0,0,0,0,0,0,21,10,0
83.2109,1,5294080,windows,0,6745,6745,42,0,0,0,0,0,0,29,11,2
83.3505,0,5183488,windows,0,1105,1010,16,0,0,0,0,0,0,11,5,0
83.462,1,5309440,windows,0,6460,6460,41,0,0,0,0,0,0,28,11,2
83.6171,0,5198848,windows,0,1105,1010,16,0,0,0,0,0,0,11,5,0
83.7184,1,5324800,windows,0,6460,6460,41,0,0,0,0,0,0,28,11,2
83.8783,0,5214208,windows,0,1105,1010,16,0,0,0,0,0,0,11,5,0
83.9776,1,5341184,windows,0,6185,6185,40,0,0,0,0,0,0,27,11,2
84.1337,0,5229568,windows,0,1105,1010,16,0,0,0,0,0,0,11,5,0
84.2319,1,5356544,windows,0,6185,6185,40,0,0,0,0,0,0,27,11,2
84.3967,0,5245952,windows,0,1105,1010,16,0,0,0,0,0,0,11,5,0
84.4829,1,5371904,windows,0,5920,5791.25,39,0,0,0,0,0,0,26,11,2
84.6541,0,5264384,windows,0,1105,1010,16,0,0,0,0,0,0,11,5,0
84.746,1,5388288,windows,0,5920,5791.25,39,0,0,0,0,0,0,26,11,2
84.9174,0,5282816,windows,0,1105,1010,16,0,0,0,0,0,0,11,5,0
85.0097,1,5404672,windows,0,5665,5665,38,0,0,0,0,0,0,25,11,2
85.1689,0,5302272,windows,0,1105,1010,16,0,0,0,0,0,0,11,5,0
85.2688,1,5421056,windows,0,5665,5665,38,0,0,0,0,0,0,25,11,2
85.4199,0,5321728,windows,0,1105,1010,16,0,0,0,0,0,0,11,5,0
85.5335,1,5438464,windows,0,5420,5420,37,0,0,0,0,0,0,24,11,2
85.6757,0,5340160,repair,0,1105,1010,16,0,0,0,0,0,0,11,5,0
85.7881,1,5454848,windows,0,5420,5420,37,0,0,0,0,0,0,24,11,2
85.9298,0,5358592,windows,0,1105,1010,16,0,0,0,0,0,0,11,5,0
86.0441,1,5471232,windows,0,5420,5420,37,0,0,0,0,0,0,24,11,2
86.1905,0,5378048,windows,0,1105,1010,16,0,0,0,0,0,0,11,5,0
86.2953,1,5486592,windows,0,5420,5420,37,0,0,0,0,0,0,24,11,2
86.4433,0,5395456,windows,0,1105,1010,16,0,0,0,0,0,0,11,5,0
86.55,1,5500928,windows,0,1105,1010,16,0,0,0,0,0,0,11,5,0
86.7037,0,5411840,windows,0,1105,1010,16,0,0,0,0,0,0,11,5,0
86.801,1,5516288,windows,0,1105,1010,16,0,0,0,0,0,0,11,5,0
86.9546,0,5428224,windows,0,1105,1010,16,0,0,0,0,0,0,11,5,0
87.0601,1,5532672,windows,0,1105,1010,16,0,0,0,0,0,0,11,5,0
87.2101,0,5444608,windows,0,1105,1010,16,0,0,0,0,0,0,11,5,0
87.3202,1,5549056,windows,0,1105,1010,16,0,0,0,0,0,0,11,5,0
87.4632,0,5459968,windows,0,1105,1010,16,0,0,0,0,0,0,11,5,0
87.576,1,5564416,repair,0,1105,1010,16,0,0,0,0,0,0,11,5,0
87.7261,0,5476352,windows,0,1105,1010,16,0,0,0,0,0,0,11,5,0
87.8275,1,5578752,repair,0,1105,1010,16,0,0,0,0,0,0,11,5,0
87.9911,0,5494784,windows,0,1105,1010,16,0,0,0,0,0,0,11,5,0
88.0818,1,5594112,windows,0,1105,1010,16,0,0,0,0,0,0,11,5,0
88.2546,0,5514240,windows,0,1105,1010,16,0,0,0,0,0,0,11,5,0
88.3447,1,5610496,windows,0,1105,1010,16,0,0,0,0,0,0,11,5,0
88.5144,0,5533696,windows,0,1105,1010,16,0,0,0,0,0,0,11,5,0
88.6104,1,5625856,windows,0,1105,1010,16,0,0,0,0,0,0,11,5,0
88.7645,0,5552128,windows,0,1105,1010,16,0,0,0,0,0,0,11,5,0
88.8732,1,5641216,windows,0,1105,1010,16,0,0,0,0,0,0,11,5,0
89.0165,0,5570560,windows,0,1105,1010,16,0,0,0,0,0,0,11,5,0
89.1306,1,5656576,windows,0,1105,1010,16,0,0,0,0,0,0,11,5,0
89.2778,0,5588992,windows,0,1105,1010,16,0,0,0,0,0,0,11,5,0
89.385,1,5671936,windows,0,1105,1010,16,0,0,0,0,0,0,11,5,0
89.5303,0,5607424,windows,0,1105,1010,16,0,0,0,0,0,0,11,5,0
89.6467,1,5688320,windows,0,1105,1010,16,0,0,0,0,0,0,11,5,0
89.7824,0,5626880,windows,0,1105,1010,16,0,0,0,0,0,0,11,5,0
89.9045,1,5704704,windows,0,1105,1010,16,0,0,0,0,0,0,11,5,0
90.0331,0,5645312,windows,0,1105,1010,16,0,0,0,0,0,0,11,5,0
90.1553,1,5718016,windows,0,1105,1010,16,0,0,0,0,0,0,11,5,0
90.2837,0,5664768,windows,0,1105,1010,16,0,0,0,0,0,0,11,5,0
90.4137,1,5733376,windows,0,1105,1010,16,0,0,0,0,0,0,11,5,0
90.5421,0,5685248,windows,0,1105,1010,16,0,0,0,0,0,0,11,5,0
90.675,1,5748736,windows,0,1105,1010,16,0,0,0,0,0,0,11,5,0
90.794,0,5703680,repair,0,1105,1010,16,0,0,0,0,0,0,11,5,0
90.9386,1,5765120,windows,0,1105,1010,16,0,0,0,0,0,0,11,5,0
91.0478,0,5721088,repair,0,1105,1010,16,0,0,0,0,0,0,11,5,0
91.1909,1,5781504,windows,0,1105,1010,16,0,0,0,0,0,0,11,5,0
91.3121,0,5738496,windows,0,1105,1010,16,0,0,0,0,0,0,11,5,0
91.4507,1,5797888,windows,0,1105,1010,16,0,0,0,0,0,0,11,5,0
91.5753,0,5755904,windows,0,1105,1010,16,0,0,0,0,0,0,11,5,0
91.7115,1,5814272,windows,0,1105,1010,16,0,0,0,0,0,0,11,5,0
91.8292,0,5773312,windows,0,1105,1010,16,0,0,0,0,0,0,11,5,0
91.9634,1,5830656,windows,0,1105,1010,16,0,0,0,0,0,0,11,5,0
92.0811,0,5789696,windows,0,1105,1010,16,0,0,0,0,0,0,11,5,0
92.2231,1,5846016,repair,0,1105,1010,16,0,0,0,0,0,0,11,5,0
92.3448,0,5807104,windows,0,1105,1010,16,0,0,0,0,0,0,11,5,0
92.4825,1,5861376,repair,0,1105,1010,16,0,0,0,0,0,0,11,5,0
92.596,0,5824512,windows,0,1105,1010,16,0,0,0,0,0,0,11,5,0
92.7466,1,5877760,repair,0,1105,1010,16,0,0,0,0,0,0,11,5,0
92.8485,0,5839872,windows,0,1105,1010,16,0,0,0,0,0,0,11,5,0
93.0022,1,5893120,windows,0,1105,1010,16,0,0,0,0,0,0,11,5,0
93.1113,0,5857280,windows,0,1105,1010,16,0,0,0,0,0,0,11,5,0
93.2655,1,5908480,windows,0,1105,1010,16,0,0,0,0,0,0,11,5,0
93.3637,0,5873664,windows,0,1105,1010,16,0,0,0,0,0,0,11,5,0
93.5269,1,5923840,windows,0,1105,1010,16,0,0,0,0,0,0,11,5,0
93.6256,0,5891072,windows,0,1105,1010,16,0,0,0,0,0,0,11,5,0
93.7852,1,5939200,windows,0,1105,1010,16,0,0,0,0,0,0,11,5,0
93.8757,0,5907456,windows,0,1105,1010,16,0,0,0,0,0,0,11,5,0
94.0474,1,5954560,windows,0,1105,1010,16,0,0,0,0,0,0,11,5,0
94.1275,0,5925888,windows,0,1105,1010,16,0,0,0,0,0,0,11,5,0
94.3161,1,5969920,windows,0,1105,1010,16,0,0,0,0,0,0,11,5,0
94.3881,0,5944320,windows,0,1105,1010,16,0,0,0,0,0,0,11,5,0
94.5813,1,5985280,windows,0,1105,1010,16,0,0,0,0,0,0,11,5,0
94.6519,0,5961728,windows,0,1105,1010,16,0,0,0,0,0,0,11,5,0
94.8443,1,5999616,windows,0,1105,1010,16,0,0,0,0,0,0,11,5,0
94.902,0,5978112,repair,0,1105,1010,16,0,0,0,0,0,0,11,5,0
95.0978,1,6013952,windows,0,1105,1010,16,0,0,0,0,0,0,11,5,0
95.1676,0,5997568,repair,0,1105,1010,16,0,0,0,0,0,0,11,5,0
95.3644,1,6029312,windows,0,1105,1010,16,0,0,0,0,0,0,11,5,0
95.4231,0,6016000,windows,0,1105,1010,16,0,0,0,0,0,0,11,5,0
95.6208,1,6043648,windows,0,1105,1010,16,0,0,0,0,0,0,11,5,0
95.686,0,6034432,windows,0,1105,1010,16,0,0,0,0,0,0,11,5,0
95.8787,1,6060032,windows,0,1105,1010,16,0,0,0,0,0,0,11,5,0
95.9419,0,6052864,windows,0,1105,1010,16,0,0,0,0,0,0,11,5,0
96.1291,1,6075392,windows,0,1105,1010,16,0,0,0,0,0,0,11,5,0
96.2056,0,6070272,windows,0,1105,1010,16,0,0,0,0,0,0,11,5,0
96.392,1,6091776,windows,0,1105,1010,16,0,0,0,0,0,0,11,5,0
96.456,0,6087680,windows,0,1105,1010,16,0,0,0,0,0,0,11,5,0
96.6565,1,6107136,windows,0,1105,1010,16,0,0,0,0,0,0,11,5,0
96.707,0,6104064,windows,0,1105,1010,16,0,0,0,0,0,0,11,5,0
96.9101,1,6122496,windows,0,1105,1010,16,0,0,0,0,0,0,11,5,0
96.9705,0,6121472,windows,0,1105,1010,16,0,0,0,0,0,0,11,5,0
97.1641,1,6137856,windows,0,1105,1010,16,0,0,0,0,0,0,11,5,0
97.2283,0,6138880,windows,0,1105,1010,16,0,0,0,0,0,0,11,5,0
97.4229,1,6153216,windows,0,1105,1010,16,0,0,0,0,0,0,11,5,0
97.4922,0,6156288,windows,0,1105,1010,16,0,0,0,0,0,0,11,5,0
97.674,1,6169600,windows,0,1105,1010,16,0,0,0,0,0,0,11,5,0
97.7441,0,6172672,windows,0,1105,1010,16,0,0,0,0,0,0,11,5,0
97.9317,1,6185984,windows,0,1105,1010,16,0,0,0,0,0,0,11,5,0
97.9944,0,6189056,windows,0,1105,1010,16,0,0,0,0,0,0,11,5,0
98.1913,1,6201344,repair,0,1105,1010,16,0,0,0,0,0,0,11,5,0
98.2445,0,6205440,windows,0,1105,1010,16,0,0,0,0,0,0,11,5,0
98.4531,1,6216704,repair,0,1105,1010,16,0,0,0,0,0,0,11,5,0
98.5021,0,6222848,windows,0,1105,1010,16,0,0,0,0,0,0,11,5,0
98.7123,1,6232064,windows,0,1105,1010,16,0,0,0,0,0,0,11,5,0
98.753,0,6240256,windows,0,1105,1010,16,0,0,0,0,0,0,11,5,0
98.9696,1,6246400,windows,0,1105,1010,16,0,0,0,0,0,0,11,5,0
99.0078,0,6257664,windows,0,1105,1010,16,0,0,0,0,0,0,11,5,0
99.2345,1,6260736,windows,0,1105,1010,16,0,0,0,0,0,0,11,5,0
99.2595,0,6275072,windows,0,1105,1010,16,0,0,0,0,0,0,11,5,0
99.4991,1,6275072,windows,0,1105,1010,16,0,0,0,0,0,0,11,5,0
99.5156,0,6292480,windows,0,1105,1010,16,0,0,0,0,0,0,11,5,0
99.7612,1,6289408,windows,0,1105,1010,16,0,0,0,0,0,0,11,5,0
99.7749,0,6309888,windows,0,1105,1010,16,0,0,0,0,0,0,11,5,0
100.028,1,6303744,windows,0,1105,1010,16,0,0,0,0,0,0,11,5,0
100.028,0,6328320,windows,0,1105,1010,16,0,0,0,0,0,0,11,5,0
100.278,0,6346752,windows,0,1105,1010,16,0,0,0,0,0,0,11,5,0
100.295,1,6318080,windows,0,1105,1010,16,0,0,0,0,0,0,11,5,0
100.529,0,6366208,windows,0,1105,1010,16,0,0,0,0,0,0,11,5,0
100.559,1,6333440,windows,0,1105,1010,16,0,0,0,0,0,0,11,5,0
100.78,0,6384640,windows,0,1105,1010,16,0,0,0,0,0,0,11,5,0
100.814,1,6347776,windows,0,1105,1010,16,0,0,0,0,0,0,11,5,0
101.041,0,6400000,repair,734,2.91852e+08,2.91769e+08,7427,47,158,156,241,132,0,4116,3120,191
101.08,1,6363136,windows,0,1105,1010,16,0,0,0,0,0,0,11,5,0
101.297,0,6420480,repair,598,2.7253e+08,2.72449e+08,7293,39,118,108,220,113,0,4144,2981,168
101.341,1,6377472,windows,0,1105,1010,16,0,0,0,0,0,0,11,5,0
101.55,0,6439936,repair,486,2.48969e+08,2.48949e+08,7057,41,111,79,162,93,0,4071,2830,156
101.597,1,6391808,windows,0,1105,1010,16,0,0,0,0,0,0,11,5,0
101.801,0,6460416,repair,388,2.11331e+08,2.1126e+08,6574,17,77,72,139,83,0,3869,2574,131
101.85,1,6406144,windows,0,1105,1010,16,0,0,0,0,0,0,11,5,0
102.063,0,6480896,repair,311,1.9107e+08,1.91052e+08,6257,24,45,51,119,72,0,3688,2453,116
102.113,1,6421504,windows,0,1105,1010,16,0,0,0,0,0,0,11,5,0
102.321,0,6500352,repair,243,1.73895e+08,1.73876e+08,6065,16,34,42,102,49,0,3688,2282,95
102.367,1,6435840,windows,0,1105,1010,16,0,0,0,0,0,0,11,5,0
102.576,0,6518784,repair,171,1.80377e+08,1.80358e+08,6162,9,29,28,72,33,0,3726,2345,91
102.621,1,6450176,windows,0,1105,1010,16,0,0,0,0,0,0,11,5,0
102.826,0,6537216,repair,134,1.54877e+08,1.54816e+08,5719,8,19,23,53,31,0,3460,2172,87
102.871,1,6465536,windows,0,1105,1010,16,0,0,0,0,0,0,11,5,0
103.077,0,6555648,repair,100,1.3987e+08,1.39813e+08,5468,8,18,12,41,21,0,3337,2046,85
103.132,1,6480896,windows,0,1105,1010,16,0,0,0,0,0,0,11,5,0
103.33,0,6574080,repair,68,1.32615e+08,1.32596e+08,5337,2,9,7,33,17,0,3251,1992,94
103.392,1,6496256,windows,0,1105,1010,16,0,0,0,0,0,0,11,5,0
103.59,0,6592512,repair,39,1.19136e+08,1.19097e+08,5124,0,9,6,17,7,0,3219,1832,73
103.647,1,6510592,windows,0,1105,1010,16,0,0,0,0,0,0,11,5,0
103.849,0,6611968,repair,23,1.04668e+08,1.04653e+08,4810,1,3,3,10,6,0,3037,1709,64
103.901,1,6525952,windows,0,1105,1010,16,0,0,0,0,0,0,11,5,0
104.1,0,6629376,repair,12,8.9856e+07,8.98399e+07,4477,0,0,1,8,3,0,2846,1569,62
104.163,1,6542336,windows,0,1105,1010,16,0,0,0,0,0,0,11,5,0
104.356,0,6647808,repair,4,7.7662e+07,7.76186e+07,4241,0,2,0,1,1,0,2798,1386,57
104.424,1,6558720,repair,0,1105,1010,16,0,0,0,0,0,0,11,5,0
104.616,0,6667264,repair,2,6.59953e+07,6.59953e+07,3935,0,1,0,1,0,0,2631,1251,53
104.678,1,6576128,repair,0,1105,1010,16,0,0,0,0,0,0,11,5,0
104.867,0,6685696,windows,0,5.58787e+07,5.58437e+07,3637,0,0,0,0,0,0,2447,1137,53
104.938,1,6592512,windows,0,1105,1010,16,0,0,0,0,0,0,11,5,0
105.119,0,6702080,windows,0,4.5059e+07,4.50458e+07,3310,0,0,0,0,0,0,2267,981,62
105.201,1,6608896,windows,0,1105,1010,16,0,0,0,0,0,0,11,5,0
105.381,0,6719488,windows,0,3.53031e+07,3.5275e+07,2860,0,0,0,0,0,0,1881,937,42
105.46,1,6624256,windows,0,1105,1010,16,0,0,0,0,0,0,11,5,0
105.634,0,6735872,windows,0,2.93845e+07,2.93834e+07,2640,0,0,0,0,0,0,1783,820,37
105.717,1,6639616,windows,0,1105,1010,16,0,0,0,0,0,0,11,5,0
105.886,0,6752256,windows,0,2.45346e+07,2.4526e+07,2458,0,0,0,0,0,0,1732,689,37
105.976,1,6654976,windows,0,1105,1010,16,0,0,0,0,0,0,11,5,0
106.141,0,6768640,windows,0,2.04797e+07,2.04589e+07,2217,0,0,0,0,0,0,1533,660,24
106.231,1,6670336,windows,0,1105,1010,16,0,0,0,0,0,0,11,5,0
106.392,0,6785024,windows,0,1.63587e+07,1.63388e+07,1954,0,0,0,0,0,0,1298,629,27
106.494,1,6685696,windows,0,1105,1010,16,0,0,0,0,0,0,11,5,0
106.646,0,6801408,windows,0,1.33759e+07,1.33593e+07,1813,0,0,0,0,0,0,1282,507,24
106.745,1,6701056,windows,0,1105,1010,16,0,0,0,0,0,0,11,5,0
106.908,0,6818816,windows,0,1.11393e+07,1.11386e+07,1661,0,0,0,0,0,0,1188,451,22
106.998,1,6717440,windows,0,1105,1010,16,0,0,0,0,0,0,11,5,0
107.166,0,6836224,windows,0,9.4048e+06,9.39049e+06,1531,0,0,0,0,0,0,1101,408,22
107.259,1,6734848,windows,0,1105,1010,16,0,0,0,0,0,0,11,5,0
107.426,0,6852608,windows,0,7.49096e+06,7.48632e+06,1343,0,0,0,0,0,0,929,398,16
107.516,1,6753280,windows,0,1105,1010,16,0,0,0,0,0,0,11,5,0
107.691,0,6868992,windows,0,6.13387e+06,6.12676e+06,1215,0,0,0,0,0,0,848,356,11
107.775,1,6765568,repair,893,2.01461e+08,2.01394e+08,5981,64,167,146,329,187,0,3272,2536,173
107.945,0,6885376,windows,0,5.1717e+06,5.17129e+06,1134,0,0,0,0,0,0,819,301,14
108.029,1,6784000,repair,696,2.7059e+08,2.70585e+08,7119,60,130,121,227,158,0,3932,3015,172
108.202,0,6901760,windows,0,4.28917e+06,4.28879e+06,1033,0,0,0,0,0,0,746,274,13
108.288,1,6802432,repair,576,2.60207e+08,2.60207e+08,7146,52,128,106,191,99,0,4081,2908,157
108.452,0,6918144,windows,0,3.39894e+06,3.39546e+06,907,0,0,0,0,0,0,631,265,11
108.547,1,6819840,repair,491,2.26972e+08,2.26914e+08,6779,33,110,81,166,101,0,3954,2671,154
108.715,0,6934528,windows,0,2.71796e+06,2.71508e+06,812,0,0,0,0,0,0,576,230,6
108.811,1,6838272,repair,380,2.24813e+08,2.2479e+08,6685,18,68,62,145,87,0,3845,2710,130
108.972,0,6951936,windows,0,2.23056e+06,2.22613e+06,744,0,0,0,0,0,0,528,204,12
109.071,1,6856704,repair,309,2.07781e+08,2.07781e+08,6474,17,65,48,105,74,0,3771,2589,114
109.232,0,6968320,windows,0,1.89701e+06,1.89701e+06,690,0,0,0,0,0,0,512,171,7
109.328,1,6874112,repair,260,1.79224e+08,1.79159e+08,6125,14,43,37,106,60,0,3681,2339,105
109.499,0,6985728,windows,0,1.53432e+06,1.53432e+06,614,0,0,0,0,0,0,437,170,7
109.59,1,6891520,repair,194,1.90869e+08,1.90869e+08,6283,10,36,45,70,33,0,3716,2456,111
109.749,0,7001088,windows,0,1.1938e+06,1.19055e+06,546,0,0,0,0,0,0,388,148,10
109.845,1,6908928,repair,150,1.69057e+08,1.69008e+08,5947,5,24,18,60,43,0,3545,2294,108
110.006,0,7017472,windows,0,955470,953529,487,0,0,0,0,0,0,348,132,7
110.11,1,6926336,repair,115,1.55268e+08,1.55207e+08,5718,7,17,21,46,24,0,3427,2190,101
110.257,0,7033856,windows,0,789820,787989,447,0,0,0,0,0,0,332,109,6
110.363,1,6942720,repair,85,1.41101e+08,1.41081e+08,5523,5,12,16,34,18,0,3381,2043,99
110.507,0,7051264,windows,0,686095,685892,415,0,0,0,0,0,0,299,109,7
110.617,1,6959104,repair,48,1.37388e+08,1.37345e+08,5466,3,3,9,15,18,0,3374,2002,90
110.758,0,7066624,windows,0,513800,513628,352,0,0,0,0,0,0,240,106,6
110.872,1,6975488,repair,31,1.21372e+08,1.21353e+08,5181,1,2,2,14,12,0,3243,1851,87
111.015,0,7083008,windows,0,403705,401930,316,0,0,0,0,0,0,221,89,6
111.132,1,6992896,repair,22,1.0396e+08,1.03911e+08,4833,1,2,3,10,6,0,3057,1688,88
111.273,0,7100416,windows,0,326755,326612,284,0,0,0,0,0,0,199,80,5
111.393,1,7009280,repair,9,1.01032e+08,1.01017e+08,4765,1,0,0,6,2,0,3019,1662,84
111.524,0,7117824,windows,0,274600,273631,267,0,0,0,0,0,0,194,65,8
111.654,1,7025664,repair,1,8.89876e+07,8.89708e+07,4501,0,1,0,0,0,0,2880,1538,83
111.782,0,7134208,windows,0,197570,195586,223,0,0,0,0,0,0,158,60,5
111.914,1,7042048,repair,1,7.17395e+07,7.17262e+07,4065,0,0,0,1,0,0,2650,1351,64
112.037,0,7150592,windows,0,157045,156361,197,0,0,0,0,0,0,137,56,4
112.165,1,7055360,repair,1,6.1512e+07,6.15103e+07,3791,0,0,0,1,0,0,2514,1221,56
112.301,0,7168000,windows,0,123265,122611,178,0,0,0,0,0,0,131,43,4
112.431,1,7070720,windows,0,5.12389e+07,5.12037e+07,3473,0,0,0,0,0,0,2316,1103,54
112.562,0,7185408,windows,0,109745,109131,168,0,0,0,0,0,0,123,41,4
112.694,1,7085056,windows,0,4.21301e+07,4.21183e+07,3152,0,0,0,0,0,0,2130,985,37
112.813,0,7201792,windows,0,83945,83832.5,146,0,0,0,0,0,0,103,39,4
112.948,1,7098368,windows,0,3.40919e+07,3.40919e+07,2805,0,0,0,0,0,0,1853,919,33
113.069,0,7218176,windows,0,70765,70652.5,133,0,0,0,0,0,0,91,38,4
113.212,1,7112704,windows,0,2.85719e+07,2.85719e+07,2610,0,0,0,0,0,0,1770,802,38
113.325,0,7235584,windows,0,60980,60867.5,125,0,0,0,0,0,0,88,33,4
113.464,1,7127040,windows,0,2.44216e+07,2.44122e+07,2419,0,0,0,0,0,0,1646,736,37
113.587,0,7252992,windows,0,55145,54023.8,120,0,0,0,0,0,0,87,29,4
113.73,1,7141376,windows,0,2.09917e+07,2.09907e+07,2247,0,0,0,0,0,0,1543,673,31
113.849,0,7270400,windows,0,46000,45372.5,110,0,0,0,0,0,0,80,26,4
113.982,1,7154688,windows,0,1.77766e+07,1.77757e+07,2050,0,0,0,0,0,0,1377,643,30
114.102,0,7286784,windows,0,29145,28718.8,88,0,0,0,0,0,0,63,21,4
114.246,1,7169024,windows,0,1.47816e+07,1.47639e+07,1880,0,0,0,0,0,0,1295,565,20
114.359,0,7304192,windows,0,26305,26192.5,84,0,0,0,0,0,0,61,19,4
114.508,1,7183360,windows,0,1.27418e+07,1.27247e+07,1757,0,0,0,0,0,0,1220,514,23
114.62,0,7321600,windows,0,23735,23652.5,79,0,0,0,0,0,0,57,19,3
114.767,1,7197696,windows,0,1.08523e+07,1.08523e+07,1615,0,0,0,0,0,0,1113,482,20
114.887,0,7340032,windows,0,22615,22532.5,77,0,0,0,0,0,0,55,19,3
115.032,1,7213056,windows,0,9.30018e+06,9.2948e+06,1513,0,0,0,0,0,0,1075,419,19
115.141,0,7357440,windows,0,17095,16677.5,67,0,0,0,0,0,0,47,17,3
115.284,1,7226368,windows,0,7.81148e+06,7.81095e+06,1376,0,0,0,0,0,0,956,402,18
115.394,0,7374848,windows,0,15970,15572.5,65,0,0,0,0,0,0,46,16,3
115.552,1,7239680,windows,0,6.6373e+06,6.63014e+06,1283,0,0,0,0,0,0,931,339,13
115.65,0,7392256,windows,0,15350,14972.5,64,0,0,0,0,0,0,46,15,3
115.815,1,7254016,windows,0,5.7387e+06,5.7387e+06,1193,0,0,0,0,0,0,863,317,13
115.903,0,7409664,windows,0,14015,13718.8,61,0,0,0,0,0,0,43,15,3
116.077,1,7268352,windows,0,4.95142e+06,4.94724e+06,1098,0,0,0,0,0,0,778,310,10
116.154,0,7427072,windows,0,12190,12107.5,57,0,0,0,0,0,0,40,14,3
116.327,1,7281664,windows,0,4.4323e+06,4.4323e+06,1045,0,0,0,0,0,0,752,283,10
116.415,0,7446528,windows,0,11250,11167.5,54,0,0,0,0,0,0,36,15,3
116.583,1,7294976,windows,0,3.54986e+06,3.54414e+06,931,0,0,0,0,0,0,651,267,13
116.671,0,7464960,windows,0,10670,10587.5,53,0,0,0,0,0,0,36,14,3
116.844,1,7309312,windows,0,3.02925e+06,3.02925e+06,871,0,0,0,0,0,0,630,228,13
116.935,0,7483392,windows,0,9310,9227.5,49,0,0,0,0,0,0,32,14,3
117.106,1,7323648,windows,0,2.53404e+06,2.53124e+06,790,0,0,0,0,0,0,559,220,11
117.19,0,7501824,windows,0,8690,8607.5,47,0,0,0,0,0,0,30,14,3
117.371,1,7337984,windows,0,2.20614e+06,2.20579e+06,742,0,0,0,0,0,0,531,199,12
117.451,0,7520256,windows,0,8690,8607.5,47,0,0,0,0,0,0,30,14,3
117.623,1,7351296,windows,0,1.88932e+06,1.88897e+06,687,0,0,0,0,0,0,490,185,12
117.705,0,7537664,windows,0,7835,7752.5,44,0,0,0,0,0,0,27,14,3
117.892,1,7365632,windows,0,1.46693e+06,1.46667e+06,604,0,0,0,0,0,0,432,163,9
117.955,0,7555072,windows,0,7835,7752.5,44,0,0,0,0,0,0,27,14,3
118.146,1,7378944,windows,0,1.23508e+06,1.22996e+06,557,0,0,0,0,0,0,406,143,8
118.214,0,7573504,windows,0,7835,7752.5,44,0,0,0,0,0,0,27,14,3
118.405,1,7392256,windows,0,1.08548e+06,1.08527e+06,520,0,0,0,0,0,0,375,138,7
118.465,0,7591936,windows,0,7835,7752.5,44,0,0,0,0,0,0,27,14,3
118.67,1,7406592,windows,0,923180,920725,481,0,0,0,0,0,0,352,123,6
118.726,0,7611392,windows,0,1105,1010,16,0,0,0,0,0,0,11,5,0
118.927,1,7420928,windows,0,794545,794545,448,0,0,0,0,0,0,325,115,8
118.98,0,7629824,windows,0,1105,1010,16,0,0,0,0,0,0,11,5,0
119.189,1,7435264,windows,0,580135,579992,379,0,0,0,0,0,0,271,103,5
119.235,0,7650304,windows,0,1105,1010,16,0,0,0,0,0,0,11,5,0
119.455,1,7449600,windows,0,485280,485108,351,0,0,0,0,0,0,258,87,6
119.495,0,7670784,repair,0,1105,1010,16,0,0,0,0,0,0,11,5,0
119.723,1,7463936,windows,0,429980,428192,331,0,0,0,0,0,0,244,81,6
119.747,0,7691264,repair,0,1105,1010,16,0,0,0,0,0,0,11,5,0
119.976,1,7476224,windows,0,383570,382249,312,0,0,0,0,0,0,224,81,7
120.003,0,7709696,windows,0,1105,1010,16,0,0,0,0,0,0,11,5,0
120.238,1,7490560,windows,0,331270,331068,292,0,0,0,0,0,0,214,71,7
120.264,0,7728128,windows,0,1105,1010,16,0,0,0,0,0,0,11,5,0
120.501,1,7504896,windows,0,242615,241701,249,0,0,0,0,0,0,183,61,5
120.523,0,7747584,windows,0,1105,1010,16,0,0,0,0,0,0,11,5,0
120.764,1,7521280,windows,0,202040,201085,230,0,0,0,0,0,0,176,48,6
120.775,0,7766016,windows,0,1105,1010,16,0,0,0,0,0,0,11,5,0
121.022,1,7539712,windows,0,170680,169921,210,0,0,0,0,0,0,152,52,6
121.032,0,7785472,windows,0,1105,1010,16,0,0,0,0,0,0,11,5,0
121.272,1,7557120,windows,0,145260,145260,195,0,0,0,0,0,0,144,45,6
121.293,0,7804928,windows,0,1105,1010,16,0,0,0,0,0,0,11,5,0
121.53,1,7574528,windows,0,100610,100610,163,0,0,0,0,0,0,126,32,5
121.552,0,7824384,windows,0,1105,1010,16,0,0,0,0,0,0,11,5,0
121.791,1,7591936,windows,0,83915,83200,148,0,0,0,0,0,0,107,36,5
121.814,0,7843840,windows,0,1105,1010,16,0,0,0,0,0,0,11,5,0
122.049,1,7609344,windows,0,72875,72200,138,0,0,0,0,0,0,99,34,5
122.074,0,7864320,windows,0,1105,1010,16,0,0,0,0,0,0,11,5,0
122.306,1,7625728,windows,0,63350,63350,130,0,0,0,0,0,0,98,27,5
122.334,0,7881728,windows,0,1105,1010,16,0,0,0,0,0,0,11,5,0
122.569,1,7643136,windows,0,49505,48970,114,0,0,0,0,0,0,83,27,4
122.588,0,7898112,windows,0,1105,1010,16,0,0,0,0,0,0,11,5,0
122.826,1,7660544,windows,0,41365,40810,103,0,0,0,0,0,0,71,28,4
122.843,0,7916544,windows,0,1105,1010,16,0,0,0,0,0,0,11,5,0
123.079,1,7678976,windows,0,36185,35326.2,96,0,0,0,0,0,0,65,27,4
123.105,0,7936000,windows,0,1105,1010,16,0,0,0,0,0,0,11,5,0
123.336,1,7697408,windows,0,31405,31405,89,0,0,0,0,0,0,59,26,4
123.361,0,7953408,repair,0,1105,1010,16,0,0,0,0,0,0,11,5,0
123.597,1,7715840,windows,0,26980,26691.2,84,0,0,0,0,0,0,58,22,4
123.621,0,7971840,windows,0,1105,1010,16,0,0,0,0,0,0,11,5,0
123.855,1,7734272,windows,0,22280,22280,77,0,0,0,0,0,0,54,19,4
123.881,0,7991296,windows,0,1105,1010,16,0,0,0,0,0,0,11,5,0
124.112,1,7753728,windows,0,21540,21271.2,76,0,0,0,0,0,0,54,18,4
124.134,0,8009728,windows,0,1105,1010,16,0,0,0,0,0,0,11,5,0
124.365,1,7772160,windows,0,19570,19235,72,0,0,0,0,0,0,52,17,3
124.391,0,8028160,windows,0,1105,1010,16,0,0,0,0,0,0,11,5,0
124.619,1,7789568,windows,0,16630,16295,66,0,0,0,0,0,0,46,17,3
124.65,0,8045568,windows,0,1105,1010,16,0,0,0,0,0,0,11,5,0
124.879,1,7808000,windows,0,14450,14231.2,62,0,0,0,0,0,0,44,15,3
124.901,0,8062976,windows,0,1105,1010,16,0,0,0,0,0,0,11,5,0
125.134,1,7826432,windows,0,13175,12971.2,59,0,0,0,0,0,0,41,15,3
125.159,0,8082432,windows,0,1105,1010,16,0,0,0,0,0,0,11,5,0
125.395,1,7843840,windows,0,12770,12276.2,58,0,0,0,0,0,0,40,15,3
125.409,0,8098816,windows,0,1105,1010,16,0,0,0,0,0,0,11,5,0
125.66,1,7861248,windows,0,11035,11035,54,0,0,0,0,0,0,37,14,3
125.668,0,8116224,windows,0,1105,1010,16,0,0,0,0,0,0,11,5,0
125.919,0,8133632,windows,0,1105,1010,16,0,0,0,0,0,0,11,5,0
125.925,1,7878656,windows,0,10670,10670,53,0,0,0,0,0,0,36,14,3
126.178,0,8153088,windows,0,1105,1010,16,0,0,0,0,0,0,11,5,0
126.179,1,7895040,windows,0,10315,10315,52,0,0,0,0,0,0,35,14,3
126.429,0,8172544,windows,0,1105,1010,16,0,0,0,0,0,0,11,5,0
126.437,1,7912448,windows,0,10315,10315,52,0,0,0,0,0,0,35,14,3
126.689,0,8192000,windows,0,1105,1010,16,0,0,0,0,0,0,11,5,0
126.692,1,7929856,windows,0,9970,9970,51,0,0,0,0,0,0,34,14,3
126.94,0,8210432,windows,0,1105,1010,16,0,0,0,0,0,0,11,5,0
126.952,1,7947264,windows,0,9635,9635,50,0,0,0,0,0,0,33,14,3
127.197,0,8228864,windows,0,1105,1010,16,0,0,0,0,0,0,11,5,0
127.207,1,7964672,windows,0,9310,9310,49,0,0,0,0,0,0,32,14,3
127.456,0,8249344,windows,0,1105,1010,16,0,0,0,0,0,0,11,5,0
127.457,1,7983104,windows,0,8995,8995,48,0,0,0,0,0,0,31,14,3
127.708,0,8267776,windows,0,1105,1010,16,0,0,0,0,0,0,11,5,0
127.721,1,8001536,windows,0,8000,8000,45,0,0,0,0,0,0,30,13,2
127.963,0,8287232,windows,0,1105,1010,16,0,0,0,0,0,0,11,5,0
127.971,1,8018944,windows,0,7345,7345,44,0,0,0,0,0,0,31,11,2
128.219,0,8307712,windows,0,1105,1010,16,0,0,0,0,0,0,11,5,0
128.23,1,8038400,windows,0,7040,7040,43,0,0,0,0,0,0,30,11,2
128.48,0,8328192,windows,0,1105,1010,16,0,0,0,0,0,0,11,5,0
128.483,1,8056832,windows,0,6460,6321.25,41,0,0,0,0,0,0,28,11,2
128.74,1,8076288,windows,0,6185,6185,40,0,0,0,0,0,0,27,11,2
128.741,0,8347648,repair,0,1105,1010,16,0,0,0,0,0,0,11,5,0
128.991,0,8367104,windows,0,1105,1010,16,0,0,0,0,0,0,11,5,0
129.002,1,8095744,windows,0,5665,5665,38,0,0,0,0,0,0,25,11,2
129.247,0,8387584,windows,0,1105,1010,16,0,0,0,0,0,0,11,5,0
129.26,1,8115200,windows,0,5420,5420,37,0,0,0,0,0,0,24,11,2
129.505,0,8407040,windows,0,1105,1010,16,0,0,0,0,0,0,11,5,0
129.514,1,8134656,windows,0,4960,4960,35,0,0,0,0,0,0,22,11,2
129.756,0,8425472,windows,0,1105,1010,16,0,0,0,0,0,0,11,5,0
129.774,1,8154112,windows,0,4960,4960,35,0,0,0,0,0,0,22,11,2
130.012,0,8444928,windows,0,1105,1010,16,0,0,0,0,0,0,11,5,0
130.032,1,8172544,windows,0,4540,4540,34,0,0,0,0,0,0,22,10,2
130.273,0,8463360,windows,0,1105,1010,16,0,0,0,0,0,0,11,5,0
130.293,1,8190976,windows,0,3925,3925,31,0,0,0,0,0,0,19,10,2
130.535,0,8482816,windows,0,1105,1010,16,0,0,0,0,0,0,11,5,0
130.553,1,8210432,windows,0,3925,3925,31,0,0,0,0,0,0,19,10,2
130.789,0,8501248,windows,0,1105,1010,16,0,0,0,0,0,0,11,5,0
130.816,1,8229888,windows,0,3925,3925,31,0,0,0,0,0,0,19,10,2
131.042,0,8519680,windows,0,1105,1010,16,0,0,0,0,0,0,11,5,0
131.078,1,8249344,windows,0,3925,3925,31,0,0,0,0,0,0,19,10,2
131.293,0,8538112,windows,0,1105,1010,16,0,0,0,0,0,0,11,5,0
131.337,1,8269824,windows,0,3925,3925,31,0,0,0,0,0,0,19,10,2
131.554,0,8556544,windows,0,1105,1010,16,0,0,0,0,0,0,11,5,0
131.597,1,8289280,windows,0,3925,3925,31,0,0,0,0,0,0,19,10,2
131.804,0,8573952,windows,0,1105,1010,16,0,0,0,0,0,0,11,5,0
131.848,1,8308736,windows,0,3925,3925,31,0,0,0,0,0,0,19,10,2
132.06,0,8591360,windows,0,1105,1010,16,0,0,0,0,0,0,11,5,0
132.108,1,8328192,windows,0,1105,1010,16,0,0,0,0,0,0,11,5,0
132.312,0,8608768,windows,0,1105,1010,16,0,0,0,0,0,0,11,5,0
132.368,1,8348672,windows,0,1105,1010,16,0,0,0,0,0,0,11,5,0
132.565,0,8626176,windows,0,1105,1010,16,0,0,0,0,0,0,11,5,0
132.628,1,8371200,windows,0,1105,1010,16,0,0,0,0,0,0,11,5,0
132.819,0,8645632,windows,0,1105,1010,16,0,0,0,0,0,0,11,5,0
132.88,1,8392704,repair,0,1105,1010,16,0,0,0,0,0,0,11,5,0
133.071,0,8663040,windows,0,1105,1010,16,0,0,0,0,0,0,11,5,0
133.141,1,8414208,windows,0,1105,1010,16,0,0,0,0,0,0,11,5,0
133.326,0,8682496,windows,0,1105,1010,16,0,0,0,0,0,0,11,5,0
133.394,1,8434688,windows,0,1105,1010,16,0,0,0,0,0,0,11,5,0
133.577,0,8701952,windows,0,1105,1010,16,0,0,0,0,0,0,11,5,0
133.653,1,8455168,windows,0,1105,1010,16,0,0,0,0,0,0,11,5,0
133.829,0,8720384,repair,0,1105,1010,16,0,0,0,0,0,0,11,5,0
133.907,1,8474624,windows,0,1105,1010,16,0,0,0,0,0,0,11,5,0
134.092,0,8738816,repair,0,1105,1010,16,0,0,0,0,0,0,11,5,0
134.167,1,8495104,windows,0,1105,1010,16,0,0,0,0,0,0,11,5,0
134.347,0,8758272,windows,0,1105,1010,16,0,0,0,0,0,0,11,5,0
134.419,1,8514560,windows,0,1105,1010,16,0,0,0,0,0,0,11,5,0
134.609,0,8776704,windows,0,1105,1010,16,0,0,0,0,0,0,11,5,0
134.681,1,8535040,windows,0,1105,1010,16,0,0,0,0,0,0,11,5,0
134.87,0,8796160,windows,0,1105,1010,16,0,0,0,0,0,0,11,5,0
134.931,1,8554496,windows,0,1105,1010,16,0,0,0,0,0,0,11,5,0
135.123,0,8814592,windows,0,1105,1010,16,0,0,0,0,0,0,11,5,0
135.192,1,8574976,windows,0,1105,1010,16,0,0,0,0,0,0,11,5,0
135.379,0,8832000,windows,0,1105,1010,16,0,0,0,0,0,0,11,5,0
135.455,1,8595456,repair,0,1105,1010,16,0,0,0,0,0,0,11,5,0
135.634,0,8848384,windows,0,1105,1010,16,0,0,0,0,0,0,11,5,0
135.711,1,8614912,windows,0,1105,1010,16,0,0,0,0,0,0,11,5,0
135.895,0,8865792,windows,0,1105,1010,16,0,0,0,0,0,0,11,5,0
135.964,1,8633344,windows,0,1105,1010,16,0,0,0,0,0,0,11,5,0
136.149,0,8882176,windows,0,1105,1010,16,0,0,0,0,0,0,11,5,0
136.221,1,8651776,windows,0,1105,1010,16,0,0,0,0,0,0,11,5,0
136.409,0,8900608,windows,0,1105,1010,16,0,0,0,0,0,0,11,5,0
136.48,1,8670208,windows,0,1105,1010,16,0,0,0,0,0,0,11,5,0
136.668,0,8914944,repair,765,2.5067e+08,2.50593e+08,6847,48,160,134,265,158,0,3780,2872,195
136.738,1,8687616,windows,0,1105,1010,16,0,0,0,0,0,0,11,5,0
136.931,0,8935424,repair,609,2.48872e+08,2.48847e+08,6995,45,134,106,193,131,0,4024,2821,150
137.002,1,8705024,windows,0,1105,1010,16,0,0,0,0,0,0,11,5,0
137.183,0,8955904,repair,481,2.45872e+08,2.45848e+08,6888,43,81,95,184,78,0,3845,2881,162
137.265,1,8723456,windows,0,1105,1010,16,0,0,0,0,0,0,11,5,0
137.439,0,8976384,repair,373,2.46266e+08,2.46246e+08,7012,24,79,59,130,81,0,3998,2849,165
137.524,1,8740864,windows,0,1105,1010,16,0,0,0,0,0,0,11,5,0
137.69,0,8993792,repair,312,2.12842e+08,2.1277e+08,6510,16,72,42,114,68,0,3708,2656,146
137.781,1,8757248,windows,0,1105,1010,16,0,0,0,0,0,0,11,5,0
137.944,0,9011200,repair,258,1.88804e+08,1.88782e+08,6247,9,45,46,98,60,0,3671,2442,134
138.037,1,8775680,windows,0,1105,1010,16,0,0,0,0,0,0,11,5,0
138.203,0,9029632,repair,202,1.86502e+08,1.8645e+08,6242,9,33,39,81,40,0,3692,2417,133
138.291,1,8793088,windows,0,1105,1010,16,0,0,0,0,0,0,11,5,0
138.466,0,9050112,repair,143,1.63088e+08,1.63084e+08,5896,5,20,21,56,41,0,3541,2229,126
138.545,1,8810496,windows,0,1105,1010,16,0,0,0,0,0,0,11,5,0
138.728,0,9070592,repair,101,1.43716e+08,1.43674e+08,5505,4,15,14,49,19,0,3299,2106,100
138.803,1,8828928,windows,0,1105,1010,16,0,0,0,0,0,0,11,5,0
138.988,0,9090048,repair,67,1.33302e+08,1.33284e+08,5277,2,13,14,28,10,0,3140,2045,92
139.057,1,8847360,windows,0,1105,1010,16,0,0,0,0,0,0,11,5,0
139.248,0,9109504,repair,35,1.19884e+08,1.19881e+08,5166,2,6,4,14,9,0,3259,1824,83
139.312,1,8865792,windows,0,1105,1010,16,0,0,0,0,0,0,11,5,0
139.502,0,9128960,repair,23,1.00816e+08,1.00782e+08,4736,2,2,4,13,2,0,2976,1678,82
139.568,1,8884224,windows,0,1105,1010,16,0,0,0,0,0,0,11,5,0
139.761,0,9148416,repair,7,9.43488e+07,9.43144e+07,4594,0,1,0,4,2,0,2910,1610,74
139.828,1,8903680,windows,0,1105,1010,16,0,0,0,0,0,0,11,5,0
140.021,0,9165824,repair,1,7.87876e+07,7.87589e+07,4233,0,0,0,1,0,0,2743,1433,57
140.081,1,8923136,windows,0,1105,1010,16,0,0,0,0,0,0,11,5,0
140.285,0,9185280,repair,1,6.11202e+07,6.11202e+07,3793,0,0,0,1,0,0,2539,1200,54
140.336,1,8942592,repair,0,1105,1010,16,0,0,0,0,0,0,11,5,0
140.535,0,9203712,repair,1,5.22123e+07,5.21784e+07,3512,0,0,0,1,0,0,2350,1107,55
140.588,1,8961024,windows,0,1105,1010,16,0,0,0,0,0,0,11,5,0
140.788,0,9223168,windows,0,4.55059e+07,4.55059e+07,3250,0,0,0,0,0,0,2126,1068,56
140.847,1,8979456,windows,0,1105,1010,16,0,0,0,0,0,0,11,5,0
141.044,0,9239552,windows,0,3.62345e+07,3.62345e+07,2900,0,0,0,0,0,0,1908,948,44
141.103,1,8997888,windows,0,1105,1010,16,0,0,0,0,0,0,11,5,0
141.298,0,9255936,windows,0,2.9965e+07,2.9965e+07,2678,0,0,0,0,0,0,1824,815,39
141.362,1,9015296,windows,0,1105,1010,16,0,0,0,0,0,0,11,5,0
141.564,0,9273344,windows,0,2.46657e+07,2.46414e+07,2425,0,0,0,0,0,0,1641,747,37
141.623,1,9030656,windows,0,1105,1010,16,0,0,0,0,0,0,11,5,0
141.815,0,9289728,windows,0,2.06878e+07,2.06727e+07,2216,0,0,0,0,0,0,1482,695,39
141.874,1,9048064,windows,0,1105,1010,16,0,0,0,0,0,0,11,5,0
142.071,0,9306112,windows,0,1.65082e+07,1.64961e+07,1992,0,0,0,0,0,0,1353,605,34
142.129,1,9064448,windows,0,1105,1010,16,0,0,0,0,0,0,11,5,0
142.322,0,9322496,windows,0,1.37677e+07,1.3756e+07,1815,0,0,0,0,0,0,1241,550,24
142.383,1,9081856,windows,0,1105,1010,16,0,0,0,0,0,0,11,5,0
142.573,0,9338880,windows,0,1.16378e+07,1.16371e+07,1695,0,0,0,0,0,0,1205,467,23
142.646,1,9099264,windows,0,1105,1010,16,0,0,0,0,0,0,11,5,0
142.83,0,9356288,windows,0,9.7793e+06,9.77367e+06,1560,0,0,0,0,0,0,1126,414,20
142.912,1,9116672,windows,0,1105,1010,16,0,0,0,0,0,0,11,5,0
143.081,0,9372672,windows,0,7.94528e+06,7.94528e+06,1376,0,0,0,0,0,0,939,420,17
143.175,1,9135104,windows,0,1105,1010,16,0,0,0,0,0,0,11,5,0
143.338,0,9390080,windows,0,6.54932e+06,6.54932e+06,1261,0,0,0,0,0,0,870,371,20
143.436,1,9155584,windows,0,1105,1010,16,0,0,0,0,0,0,11,5,0
143.604,0,9407488,windows,0,5.48981e+06,5.48981e+06,1160,0,0,0,0,0,0,804,335,21
143.695,1,9175040,windows,0,1105,1010,16,0,0,0,0,0,0,11,5,0
143.856,0,9423872,windows,0,4.84288e+06,4.83696e+06,1104,0,0,0,0,0,0,784,296,24
143.948,1,9193472,windows,0,1105,1010,16,0,0,0,0,0,0,11,5,0
144.123,0,9441280,windows,0,3.77466e+06,3.77135e+06,961,0,0,0,0,0,0,661,281,19
144.208,1,9212928,windows,0,1105,1010,16,0,0,0,0,0,0,11,5,0
144.387,0,9458688,windows,0,3.11998e+06,3.11998e+06,879,0,0,0,0,0,0,615,247,17
144.465,1,9233408,windows,0,1105,1010,16,0,0,0,0,0,0,11,5,0
144.652,0,9474048,windows,0,2.70853e+06,2.70357e+06,824,0,0,0,0,0,0,584,223,17
144.723,1,9252864,repair,0,1105,1010,16,0,0,0,0,0,0,11,5,0
144.917,0,9490432,windows,0,2.28053e+06,2.28053e+06,763,0,0,0,0,0,0,554,192,17
144.978,1,9273344,repair,0,1105,1010,16,0,0,0,0,0,0,11,5,0
145.167,0,9503744,windows,0,1.9019e+06,1.89959e+06,680,0,0,0,0,0,0,463,203,14
145.242,1,9292800,windows,0,1105,1010,16,0,0,0,0,0,0,11,5,0
145.429,0,9517056,windows,0,1.56018e+06,1.55973e+06,625,0,0,0,0,0,0,437,173,15
145.493,1,9311232,windows,0,1105,1010,16,0,0,0,0,0,0,11,5,0
145.688,0,9530368,windows,0,1.33093e+06,1.32729e+06,571,0,0,0,0,0,0,394,166,11
145.745,1,9327616,windows,0,1105,1010,16,0,0,0,0,0,0,11,5,0
145.943,0,9544704,windows,0,1.12771e+06,1.12771e+06,531,0,0,0,0,0,0,380,142,9
145.996,1,9344000,windows,0,1105,1010,16,0,0,0,0,0,0,11,5,0
146.194,0,9561088,windows,0,957245,954278,489,0,0,0,0,0,0,345,134,10
146.26,1,9362432,windows,0,1105,1010,16,0,0,0,0,0,0,11,5,0
146.459,0,9578496,windows,0,744635,744312,432,0,0,0,0,0,0,301,120,11
146.524,1,9380864,windows,0,1105,1010,16,0,0,0,0,0,0,11,5,0
146.719,0,9595904,windows,0,584165,581758,383,0,0,0,0,0,0,267,106,10
146.787,1,9399296,windows,0,1105,1010,16,0,0,0,0,0,0,11,5,0
146.972,0,9614336,windows,0,475750,475488,346,0,0,0,0,0,0,242,95,9
147.037,1,9416704,windows,0,1105,1010,16,0,0,0,0,0,0,11,5,0
147.232,0,9632768,windows,0,380605,380372,311,0,0,0,0,0,0,221,82,8
147.294,1,9435136,windows,0,1105,1010,16,0,0,0,0,0,0,11,5,0
147.482,0,9649152,windows,0,284830,284568,263,0,0,0,0,0,0,172,82,9
147.556,1,9453568,windows,0,1105,1010,16,0,0,0,0,0,0,11,5,0
147.743,0,9665536,windows,0,225865,225632,240,0,0,0,0,0,0,167,65,8
147.81,1,9469952,windows,0,1105,1010,16,0,0,0,0,0,0,11,5,0
148.006,0,9680896,windows,0,198740,198508,226,0,0,0,0,0,0,158,60,8
148.077,1,9485312,windows,0,1105,1010,16,0,0,0,0,0,0,11,5,0
148.266,0,9698304,windows,0,181685,180689,217,0,0,0,0,0,0,153,56,8
148.342,1,9501696,windows,0,1105,1010,16,0,0,0,0,0,0,11,5,0
148.52,0,9715712,windows,0,135800,135628,182,0,0,0,0,0,0,120,56,6
148.602,1,9517056,windows,0,1105,1010,16,0,0,0,0,0,0,11,5,0
148.781,0,9733120,windows,0,103580,103580,161,0,0,0,0,0,0,108,47,6
148.857,1,9532416,windows,0,1105,1010,16,0,0,0,0,0,0,11,5,0
149.038,0,9750528,windows,0,88625,87968.8,148,0,0,0,0,0,0,97,45,6
149.114,1,9547776,windows,0,1105,1010,16,0,0,0,0,0,0,11,5,0
149.291,0,9766912,windows,0,77335,76480,137,0,0,0,0,0,0,89,43,5
149.38,1,9563136,windows,0,1105,1010,16,0,0,0,0,0,0,11,5,0
149.553,0,9784320,windows,0,69730,68935,131,0,0,0,0,0,0,86,40,5
149.642,1,9577472,windows,0,1105,1010,16,0,0,0,0,0,0,11,5,0
149.811,0,9801728,windows,0,52590,52590,113,0,0,0,0,0,0,72,36,5
149.894,1,9595904,windows,0,1105,1010,16,0,0,0,0,0,0,11,5,0
150.072,0,9819136,windows,0,45730,45381.2,107,0,0,0,0,0,0,70,32,5
150.153,1,9612288,repair,768,2.76705e+08,2.76699e+08,7200,53,156,137,273,149,0,3967,3030,203
150.328,0,9836544,windows,0,44310,43981.2,104,0,0,0,0,0,0,66,33,5
150.405,1,9634816,repair,612,2.4255e+08,2.42489e+08,6831,31,117,110,220,134,0,3853,2819,159
150.581,0,9852928,windows,0,40050,39721.2,99,0,0,0,0,0,0,66,30,3
150.665,1,9653248,repair,499,2.46999e+08,2.46979e+08,6981,26,108,87,179,99,0,4017,2829,135
150.846,0,9870336,windows,0,30985,30985,84,0,0,0,0,0,0,53,29,2
150.93,1,9671680,repair,395,2.8562e+08,2.85553e+08,7415,30,80,80,131,74,0,4131,3133,151
151.11,0,9888768,windows,0,29945,29116.2,82,0,0,0,0,0,0,51,29,2
151.192,1,9689088,repair,329,2.27446e+08,2.27391e+08,6767,18,56,49,121,85,0,3907,2719,141
151.372,0,9907200,windows,0,27200,27200,79,0,0,0,0,0,0,50,27,2
151.443,1,9705472,repair,280,1.85392e+08,1.85392e+08,6186,16,39,43,118,64,0,3669,2405,112
151.633,0,9924608,windows,0,26645,26130,79,0,0,0,0,0,0,51,26,2
151.704,1,9721856,repair,232,1.70671e+08,1.70604e+08,5871,13,37,35,80,67,0,3385,2362,124
151.897,0,9943040,windows,0,21230,21011.2,69,0,0,0,0,0,0,44,24,1
151.957,1,9738240,repair,179,1.56473e+08,1.56412e+08,5732,4,35,26,70,44,0,3434,2195,103
152.16,0,9961472,windows,0,18610,18610,64,0,0,0,0,0,0,40,23,1
152.22,1,9756672,repair,130,1.54019e+08,1.53976e+08,5665,7,22,21,46,34,0,3376,2195,94
152.421,0,9979904,windows,0,18530,18321.2,65,0,0,0,0,0,0,42,22,1
152.476,1,9774080,repair,97,1.40342e+08,1.40339e+08,5504,6,19,11,37,24,0,3369,2038,97
152.673,0,9997312,windows,0,17315,16686.2,62,0,0,0,0,0,0,39,22,1
152.729,1,9790464,repair,69,1.32947e+08,1.32944e+08,5322,4,11,12,25,17,0,3226,2007,89
152.929,0,10014720,windows,0,15250,15061.2,59,0,0,0,0,0,0,38,20,1
152.987,1,9806848,repair,43,1.18951e+08,1.18915e+08,5113,2,12,6,11,12,0,3209,1834,70
153.186,0,10033152,windows,0,15250,15061.2,59,0,0,0,0,0,0,38,20,1
153.245,1,9823232,repair,26,1.07341e+08,1.07289e+08,4861,0,7,3,12,4,0,3054,1740,67
153.446,0,10050560,windows,0,13810,13641.2,55,0,0,0,0,0,0,34,20,1
153.499,1,9839616,repair,16,9.62133e+07,9.61815e+07,4677,1,3,2,8,2,0,3021,1588,68
153.707,0,10068992,windows,0,12835,12681.2,52,0,0,0,0,0,0,31,20,1
153.752,1,9856000,repair,7,8.62616e+07,8.62313e+07,4432,0,3,1,2,1,0,2836,1514,82
153.969,0,10086400,windows,0,12235,12091.2,50,0,0,0,0,0,0,29,20,1
154.008,1,9873408,repair,1,7.26489e+07,7.26355e+07,4117,0,1,0,0,0,0,2685,1349,83
154.22,0,10103808,windows,0,11675,11541.2,48,0,0,0,0,0,0,27,20,1
154.263,1,9890816,windows,0,6.12772e+07,6.1275e+07,3787,0,0,0,0,0,0,2480,1232,75
154.481,0,10122240,windows,0,11675,11541.2,48,0,0,0,0,0,0,27,20,1
154.525,1,9906176,windows,0,5.09902e+07,5.09902e+07,3438,0,0,0,0,0,0,2241,1135,62
154.735,0,10139648,windows,0,10910,10791.2,45,0,0,0,0,0,0,24,20,1
154.786,1,9920512,windows,0,4.31852e+07,4.31732e+07,3168,0,0,0,0,0,0,2076,1038,54
154.997,0,10158080,windows,0,10910,10791.2,45,0,0,0,0,0,0,24,20,1
155.053,1,9934848,windows,0,3.47646e+07,3.47539e+07,2860,0,0,0,0,0,0,1915,905,40
155.263,0,10176512,windows,0,10910,10791.2,45,0,0,0,0,0,0,24,20,1
155.318,1,9949184,windows,0,2.90371e+07,2.90371e+07,2601,0,0,0,0,0,0,1715,845,41
155.515,0,10193920,windows,0,10910,10791.2,45,0,0,0,0,0,0,24,20,1
155.57,1,9962496,windows,0,2.52618e+07,2.52618e+07,2425,0,0,0,0,0,0,1598,789,38
155.771,0,10211328,windows,0,10910,10791.2,45,0,0,0,0,0,0,24,20,1
155.826,1,9976832,windows,0,2.20271e+07,2.20042e+07,2303,0,0,0,0,0,0,1568,696,39
156.027,0,10229760,windows,0,1105,1010,16,0,0,0,0,0,0,11,5,0
156.091,1,9991168,windows,0,1.8768e+07,1.87544e+07,2141,0,0,0,0,0,0,1479,624,38
156.293,0,10249216,windows,0,1105,1010,16,0,0,0,0,0,0,11,5,0
156.357,1,10004480,windows,0,1.57954e+07,1.57836e+07,1954,0,0,0,0,0,0,1320,593,41
156.544,0,10268672,windows,0,1105,1010,16,0,0,0,0,0,0,11,5,0
156.62,1,10017792,windows,0,1.35215e+07,1.35106e+07,1810,0,0,0,0,0,0,1228,545,37
156.796,0,10288128,windows,0,1105,1010,16,0,0,0,0,0,0,11,5,0
156.886,1,10032128,windows,0,1.15832e+07,1.15671e+07,1687,0,0,0,0,0,0,1186,476,25
157.046,0,10308608,windows,0,1105,1010,16,0,0,0,0,0,0,11,5,0
157.143,1,10046464,windows,0,9.94944e+06,9.94944e+06,1569,0,0,0,0,0,0,1107,436,26
157.304,0,10329088,windows,0,1105,1010,16,0,0,0,0,0,0,11,5,0
157.405,1,10060800,windows,0,8.47336e+06,8.46458e+06,1442,0,0,0,0,0,0,1013,408,21
157.561,0,10348544,windows,0,1105,1010,16,0,0,0,0,0,0,11,5,0
157.661,1,10074112,windows,0,7.05736e+06,7.05665e+06,1302,0,0,0,0,0,0,880,398,24
157.819,0,10368000,windows,0,1105,1010,16,0,0,0,0,0,0,11,5,0
157.923,1,10088448,windows,0,5.95283e+06,5.94851e+06,1219,0,0,0,0,0,0,864,332,23
158.081,0,10387456,windows,0,1105,1010,16,0,0,0,0,0,0,11,5,0
158.178,1,10102784,windows,0,5.17228e+06,5.17228e+06,1140,0,0,0,0,0,0,807,308,25
158.331,0,10405888,windows,0,1105,1010,16,0,0,0,0,0,0,11,5,0
158.443,1,10117120,windows,0,4.53674e+06,4.53223e+06,1072,0,0,0,0,0,0,773,277,22
158.593,0,10426368,windows,0,1105,1010,16,0,0,0,0,0,0,11,5,0
158.695,1,10130432,windows,0,3.80269e+06,3.79629e+06,957,0,0,0,0,0,0,646,292,19
158.854,0,10446848,windows,0,1105,1010,16,0,0,0,0,0,0,11,5,0
158.948,1,10146816,windows,0,3.07444e+06,3.07136e+06,872,0,0,0,0,0,0,616,242,14
159.11,0,10466304,windows,0,1105,1010,16,0,0,0,0,0,0,11,5,0
159.211,1,10161152,windows,0,2.60374e+06,2.60374e+06,806,0,0,0,0,0,0,574,218,14
159.363,0,10486784,windows,0,1105,1010,16,0,0,0,0,0,0,11,5,0
159.477,1,10175488,windows,0,2.23064e+06,2.22672e+06,748,0,0,0,0,0,0,540,196,12
159.618,0,10508288,windows,0,1105,1010,16,0,0,0,0,0,0,11,5,0
159.737,1,10188800,windows,0,1.95896e+06,1.95638e+06,703,0,0,0,0,0,0,517,176,10
159.871,0,10528768,windows,0,1105,1010,16,0,0,0,0,0,0,11,5,0
160,1,10202112,windows,0,1.56731e+06,1.56477e+06,625,0,0,0,0,0,0,444,170,11
160.135,0,10550272,windows,0,1105,1010,16,0,0,0,0,0,0,11,5,0
160.252,1,10215424,windows,0,1.28722e+06,1.28356e+06,559,0,0,0,0,0,0,381,167,11
160.395,0,10571776,windows,0,1105,1010,16,0,0,0,0,0,0,11,5,0
160.509,1,10229760,windows,0,1.06127e+06,1.06127e+06,520,0,0,0,0,0,0,378,131,11
160.658,0,10592256,windows,0,1105,1010,16,0,0,0,0,0,0,11,5,0
160.773,1,10243072,windows,0,898765,895998,477,0,0,0,0,0,0,343,124,10
160.919,0,10613760,windows,0,1105,1010,16,0,0,0,0,0,0,11,5,0
161.04,1,10257408,windows,0,787100,787100,446,0,0,0,0,0,0,318,118,10
161.18,0,10636288,windows,0,1105,1010,16,0,0,0,0,0,0,11,5,0
161.305,1,10270720,windows,0,615680,612226,398,0,0,0,0,0,0,284,102,12
161.438,0,10656768,windows,0,1105,1010,16,0,0,0,0,0,0,11,5,0
161.578,1,10284032,windows,0,485510,484281,350,0,0,0,0,0,0,246,95,9
161.692,0,10676224,windows,0,1105,1010,16,0,0,0,0,0,0,11,5,0
161.842,1,10298368,windows,0,410745,407744,328,0,0,0,0,0,0,243,75,10
161.95,0,10695680,windows,0,1105,1010,16,0,0,0,0,0,0,11,5,0
162.104,1,10313728,windows,0,352020,350911,302,0,0,0,0,0,0,222,72,8
162.205,0,10711040,windows,0,1105,1010,16,0,0,0,0,0,0,11,5,0
162.365,1,10332160,windows,0,292915,292915,276,0,0,0,0,0,0,199,68,9
162.456,0,10726400,windows,0,1105,1010,16,0,0,0,0,0,0,11,5,0
162.628,1,10349568,windows,0,196465,195691,224,0,0,0,0,0,0,155,61,8
162.719,0,10744832,windows,0,1105,1010,16,0,0,0,0,0,0,11,5,0
162.884,1,10364928,windows,0,155065,155065,202,0,0,0,0,0,0,145,49,8
162.981,0,10762240,windows,0,1105,1010,16,0,0,0,0,0,0,11,5,0
163.138,1,10381312,windows,0,125320,124505,183,0,0,0,0,0,0,134,41,8
163.242,0,10779648,windows,0,1105,1010,16,0,0,0,0,0,0,11,5,0
163.403,1,10396672,windows,0,109115,108118,170,0,0,0,0,0,0,123,40,7
163.492,0,10798080,windows,0,1105,1010,16,0,0,0,0,0,0,11,5,0
163.664,1,10411008,windows,0,80870,79423.8,146,0,0,0,0,0,0,102,37,7
163.752,0,10816512,windows,0,1105,1010,16,0,0,0,0,0,0,11,5,0
163.919,1,10425344,windows,0,66110,65192.5,131,0,0,0,0,0,0,88,36,7
164.012,0,10835968,windows,0,1105,1010,16,0,0,0,0,0,0,11,5,0
164.177,1,10442752,windows,0,51580,51407.5,114,0,0,0,0,0,0,74,34,6
164.265,0,10854400,repair,0,1105,1010,16,0,0,0,0,0,0,11,5,0
164.438,1,10460160,windows,0,44455,43817.5,109,0,0,0,0,0,0,79,25,5
164.529,0,10871808,repair,0,1105,1010,16,0,0,0,0,0,0,11,5,0
164.691,1,10476544,windows,0,42130,41113.8,106,0,0,0,0,0,0,76,25,5
164.779,0,10890240,windows,0,1105,1010,16,0,0,0,0,0,0,11,5,0
164.947,1,10490880,windows,0,28790,28647.5,88,0,0,0,0,0,0,62,21,5
165.037,0,10908672,windows,0,1105,1010,16,0,0,0,0,0,0,11,5,0
165.209,1,10508288,windows,0,26750,26308.8,85,0,0,0,0,0,0,60,20,5
165.293,0,10925056,windows,0,1105,1010,16,0,0,0,0,0,0,11,5,0
165.466,1,10525696,windows,0,24050,23618.8,81,0,0,0,0,0,0,58,18,5
165.556,0,10942464,windows,0,1105,1010,16,0,0,0,0,0,0,11,5,0
165.729,1,10543104,windows,0,23475,23048.8,80,0,0,0,0,0,0,57,18,5
165.806,0,10959872,windows,0,1105,1010,16,0,0,0,0,0,0,11,5,0
165.979,1,10559488,windows,0,18875,18732.5,70,0,0,0,0,0,0,45,20,5
166.059,0,10977280,windows,0,1105,1010,16,0,0,0,0,0,0,11,5,0
166.24,1,10577920,windows,0,16910,16193.8,67,0,0,0,0,0,0,44,18,5
166.312,0,10995712,windows,0,1105,1010,16,0,0,0,0,0,0,11,5,0
166.501,1,10593280,windows,0,16475,15763.8,66,0,0,0,0,0,0,43,18,5
166.574,0,11014144,windows,0,1105,1010,16,0,0,0,0,0,0,11,5,0
166.767,1,10608640,windows,0,15775,15632.5,65,0,0,0,0,0,0,43,17,5
166.832,0,11032576,windows,0,1105,1010,16,0,0,0,0,0,0,11,5,0
167.021,1,10624000,windows,0,15350,15207.5,64,0,0,0,0,0,0,42,17,5
167.092,0,11051008,windows,0,1105,1010,16,0,0,0,0,0,0,11,5,0
167.287,1,10639360,windows,0,13750,13232.5,58,0,0,0,0,0,0,34,19,5
167.344,0,11069440,windows,0,1105,1010,16,0,0,0,0,0,0,11,5,0
167.539,1,10653696,windows,0,13355,12857.5,58,0,0,0,0,0,0,35,18,5
167.602,0,11088896,windows,0,1105,1010,16,0,0,0,0,0,0,11,5,0
167.8,1,10669056,windows,0,12310,12167.5,56,0,0,0,0,0,0,34,17,5
167.867,0,11108352,windows,0,1105,1010,16,0,0,0,0,0,0,11,5,0
168.064,1,10684416,windows,0,10370,10227.5,51,0,0,0,0,0,0,30,16,5
168.126,0,11126784,windows,0,1105,1010,16,0,0,0,0,0,0,11,5,0
168.329,1,10699776,windows,0,9455,9312.5,49,0,0,0,0,0,0,29,15,5
168.385,0,11146240,windows,0,1105,1010,16,0,0,0,0,0,0,11,5,0
168.588,1,10714112,windows,0,9170,9027.5,48,0,0,0,0,0,0,28,15,5
168.637,0,11164672,windows,0,1105,1010,16,0,0,0,0,0,0,11,5,0
168.851,1,10730496,windows,0,8540,8487.5,45,0,0,0,0,0,0,28,15,2
168.891,0,11185152,windows,0,1105,1010,16,0,0,0,0,0,0,11,5,0
169.119,1,10745856,windows,0,7960,7907.5,44,0,0,0,0,0,0,28,14,2
169.15,0,11204608,windows,0,1105,1010,16,0,0,0,0,0,0,11,5,0
169.371,1,10760192,windows,0,7960,7907.5,44,0,0,0,0,0,0,28,14,2
169.407,0,11223040,windows,0,1105,1010,16,0,0,0,0,0,0,11,5,0
169.629,1,10774528,windows,0,7960,7907.5,44,0,0,0,0,0,0,28,14,2
169.663,0,11241472,windows,0,1105,1010,16,0,0,0,0,0,0,11,5,0
169.887,1,10789888,windows,0,7330,7330,42,0,0,0,0,0,0,28,13,1
169.926,0,11260928,windows,0,1105,1010,16,0,0,0,0,0,0,11,5,0
170.14,1,10806272,windows,0,7055,7055,41,0,0,0,0,0,0,27,13,1
170.187,0,11279360,windows,0,1105,1010,16,0,0,0,0,0,0,11,5,0
170.41,1,10822656,windows,0,6790,6535,40,0,0,0,0,0,0,26,13,1
170.45,0,11297792,repair,0,1105,1010,16,0,0,0,0,0,0,11,5,0
170.67,1,10839040,windows,0,6790,6535,40,0,0,0,0,0,0,26,13,1
170.71,0,11315200,repair,0,1105,1010,16,0,0,0,0,0,0,11,5,0
170.924,1,10856448,windows,0,6535,6280,39,0,0,0,0,0,0,25,13,1
170.973,0,11333632,windows,0,1105,1010,16,0,0,0,0,0,0,11,5,0
171.186,1,10874880,windows,0,6535,6280,39,0,0,0,0,0,0,25,13,1
171.233,0,11352064,windows,0,1105,1010,16,0,0,0,0,0,0,11,5,0
171.44,1,10892288,windows,0,6535,6280,39,0,0,0,0,0,0,25,13,1
171.494,0,11369472,windows,0,1105,1010,16,0,0,0,0,0,0,11,5,0
171.696,1,10906624,windows,0,6055,5686.25,37,0,0,0,0,0,0,23,13,1
171.752,0,11386880,windows,0,1105,1010,16,0,0,0,0,0,0,11,5,0
171.953,1,10920960,windows,0,6055,5686.25,37,0,0,0,0,0,0,23,13,1
172.013,0,11405312,windows,0,1105,1010,16,0,0,0,0,0,0,11,5,0
172.21,1,10939392,windows,0,5330,5095,35,0,0,0,0,0,0,22,12,1
172.271,0,11422720,windows,0,1105,1010,16,0,0,0,0,0,0,11,5,0
172.469,1,10956800,windows,0,5115,4880,34,0,0,0,0,0,0,21,12,1
172.526,0,11438080,windows,0,1105,1010,16,0,0,0,0,0,0,11,5,0
172.733,1,10975232,windows,0,5115,4880,34,0,0,0,0,0,0,21,12,1
172.783,0,11452416,windows,0,1105,1010,16,0,0,0,0,0,0,11,5,0
172.993,1,10991616,windows,0,4910,4675,33,0,0,0,0,0,0,20,12,1
173.045,0,11467776,windows,0,1105,1010,16,0,0,0,0,0,0,11,5,0
173.243,1,11006976,windows,0,4910,4675,33,0,0,0,0,0,0,20,12,1
173.307,0,11483136,windows,0,1105,1010,16,0,0,0,0,0,0,11,5,0
173.5,1,11023360,windows,0,4715,4480,32,0,0,0,0,0,0,19,12,1
173.57,0,11499520,windows,0,1105,1010,16,0,0,0,0,0,0,11,5,0
173.75,1,11040768,windows,0,4715,4480,32,0,0,0,0,0,0,19,12,1
173.83,0,11517952,windows,0,1105,1010,16,0,0,0,0,0,0,11,5,0
174.013,1,11059200,windows,0,4715,4480,32,0,0,0,0,0,0,19,12,1
174.088,0,11535360,windows,0,1105,1010,16,0,0,0,0,0,0,11,5,0
174.275,1,11077632,windows,0,4715,4480,32,0,0,0,0,0,0,19,12,1
174.353,0,11551744,windows,0,1105,1010,16,0,0,0,0,0,0,11,5,0
174.539,1,11095040,windows,0,4715,4480,32,0,0,0,0,0,0,19,12,1
174.606,0,11567104,windows,0,1105,1010,16,0,0,0,0,0,0,11,5,0
174.802,1,11111424,windows,0,1105,1010,16,0,0,0,0,0,0,11,5,0
174.858,0,11582464,windows,0,1105,1010,16,0,0,0,0,0,0,11,5,0
175.055,1,11128832,windows,0,1105,1010,16,0,0,0,0,0,0,11,5,0
175.118,0,11600896,windows,0,1105,1010,16,0,0,0,0,0,0,11,5,0
175.311,1,11147264,windows,0,1105,1010,16,0,0,0,0,0,0,11,5,0
175.373,0,11619328,windows,0,1105,1010,16,0,0,0,0,0,0,11,5,0
175.575,1,11164672,windows,0,1105,1010,16,0,0,0,0,0,0,11,5,0
175.627,0,11634688,windows,0,1105,1010,16,0,0,0,0,0,0,11,5,0
175.827,1,11181056,windows,0,1105,1010,16,0,0,0,0,0,0,11,5,0
175.88,0,11653120,windows,0,1105,1010,16,0,0,0,0,0,0,11,5,0
176.091,1,11198464,windows,0,1105,1010,16,0,0,0,0,0,0,11,5,0
176.139,0,11671552,windows,0,1105,1010,16,0,0,0,0,0,0,11,5,0
176.355,1,11215872,windows,0,1000,1000,15,0,0,0,0,0,0,10,5,0
176.4,0,11691008,windows,0,1105,1010,16,0,0,0,0,0,0,11,5,0
176.616,1,11233280,windows,0,1000,1000,15,0,0,0,0,0,0,10,5,0
176.652,0,11708416,windows,0,1105,1010,16,0,0,0,0,0,0,11,5,0
176.878,1,11253760,windows,0,1000,1000,15,0,0,0,0,0,0,10,5,0
176.918,0,11724800,windows,0,1105,1010,16,0,0,0,0,0,0,11,5,0
177.134,1,11274240,windows,0,1000,1000,15,0,0,0,0,0,0,10,5,0
177.17,0,11737088,repair,963,1.21714e+08,1.21714e+08,4521,50,136,120,414,243,0,2545,1769,207
177.39,1,11294720,windows,0,1000,1000,15,0,0,0,0,0,0,10,5,0
177.432,0,11754496,repair,677,2.85609e+08,2.85588e+08,7410,48,137,128,235,129,0,4128,3075,207
177.645,1,11314176,windows,0,1000,1000,15,0,0,0,0,0,0,10,5,0
177.682,0,11771904,repair,568,2.58816e+08,2.58759e+08,7189,33,108,111,211,105,0,4158,2866,165
177.902,1,11333632,windows,0,1000,1000,15,0,0,0,0,0,0,10,5,0
177.943,0,11791360,repair,470,2.30765e+08,2.3071e+08,6790,21,98,88,171,92,0,3934,2718,138
178.155,1,11353088,windows,0,1000,1000,15,0,0,0,0,0,0,10,5,0
178.203,0,11808768,repair,381,2.1042e+08,2.1042e+08,6595,17,70,62,141,91,0,3912,2548,135
178.412,1,11374592,windows,0,1000,1000,15,0,0,0,0,0,0,10,5,0
178.465,0,11826176,repair,299,2.00715e+08,2.00715e+08,6364,23,64,36,108,68,0,3692,2549,123
178.677,1,11393024,windows,0,1000,1000,15,0,0,0,0,0,0,10,5,0
178.721,0,11842560,repair,250,1.79925e+08,1.79905e+08,5970,13,49,31,96,61,0,3402,2450,118
178.933,1,11409408,windows,0,1000,1000,15,0,0,0,0,0,0,10,5,0
178.977,0,11859968,repair,196,1.71831e+08,1.71831e+08,5951,11,33,41,75,36,0,3500,2338,113
179.192,1,11425792,windows,0,1000,1000,15,0,0,0,0,0,0,10,5,0
179.238,0,11882496,repair,133,1.53608e+08,1.53605e+08,5677,6,26,23,51,27,0,3402,2180,95
179.442,1,11441152,windows,0,1000,1000,15,0,0,0,0,0,0,10,5,0
179.49,0,11902976,repair,99,1.34748e+08,1.34692e+08,5354,3,17,11,44,24,0,3244,2020,90
179.695,1,11456512,windows,0,1000,1000,15,0,0,0,0,0,0,10,5,0
179.751,0,11921408,repair,71,1.24881e+08,1.24863e+08,5157,2,7,6,37,19,0,3133,1942,82
179.952,1,11471872,windows,0,1000,1000,15,0,0,0,0,0,0,10,5,0
180.011,0,11938816,repair,33,1.27265e+08,1.27224e+08,5254,3,5,3,12,10,0,3244,1929,81
180.215,1,11488256,windows,0,1000,1000,15,0,0,0,0,0,0,10,5,0
180.268,0,11957248,repair,24,1.01688e+08,1.01637e+08,4768,1,2,7,11,3,0,3017,1673,78
180.471,1,11504640,windows,0,1000,1000,15,0,0,0,0,0,0,10,5,0
180.525,0,11975680,repair,13,8.82444e+07,8.82302e+07,4442,0,1,2,8,2,0,2824,1553,65
180.734,1,11521024,repair,0,1000,1000,15,0,0,0,0,0,0,10,5,0
180.783,0,11994112,repair,2,8.079e+07,8.0788e+07,4269,0,1,0,0,1,0,2730,1473,66
180.988,1,11537408,windows,0,1000,1000,15,0,0,0,0,0,0,10,5,0
181.038,0,12013568,windows,0,6.82023e+07,6.81633e+07,3985,0,0,0,0,0,0,2635,1292,58
181.244,1,11553792,windows,0,1000,1000,15,0,0,0,0,0,0,10,5,0
181.296,0,12029952,windows,0,5.48261e+07,5.48129e+07,3551,0,0,0,0,0,0,2315,1182,54
181.504,1,11569152,windows,0,1000,1000,15,0,0,0,0,0,0,10,5,0
181.555,0,12046336,windows,0,4.51723e+07,4.51598e+07,3268,0,0,0,0,0,0,2189,1028,51
181.758,1,11583488,windows,0,1000,1000,15,0,0,0,0,0,0,10,5,0
181.814,0,12062720,windows,0,3.72484e+07,3.72183e+07,2923,0,0,0,0,0,0,1918,970,35
182.018,1,11597824,windows,0,1000,1000,15,0,0,0,0,0,0,10,5,0
182.08,0,12078080,windows,0,3.01084e+07,3.01084e+07,2644,0,0,0,0,0,0,1748,860,36
182.283,1,11613184,windows,0,1000,1000,15,0,0,0,0,0,0,10,5,0
182.345,0,12091392,windows,0,2.5514e+07,2.54986e+07,2451,0,0,0,0,0,0,1651,770,30
182.541,1,11628544,windows,0,1000,1000,15,0,0,0,0,0,0,10,5,0
182.611,0,12105728,windows,0,2.19432e+07,2.19424e+07,2283,0,0,0,0,0,0,1559,699,25
182.809,1,11643904,windows,0,1000,1000,15,0,0,0,0,0,0,10,5,0
182.879,0,12120064,windows,0,1.90042e+07,1.8997e+07,2127,0,0,0,0,0,0,1459,646,22
183.059,1,11658240,windows,0,1000,1000,15,0,0,0,0,0,0,10,5,0
183.139,0,12134400,windows,0,1.57358e+07,1.57358e+07,1947,0,0,0,0,0,0,1355,572,20
183.323,1,11673600,windows,0,1000,1000,15,0,0,0,0,0,0,10,5,0
183.394,0,12146688,windows,0,1.36343e+07,1.36279e+07,1819,0,0,0,0,0,0,1282,520,17
183.589,1,11689984,windows,0,1000,1000,15,0,0,0,0,0,0,10,5,0
183.654,0,12160000,windows,0,1.17268e+07,1.17204e+07,1679,0,0,0,0,0,0,1166,496,17
183.848,1,11705344,windows,0,1000,1000,15,0,0,0,0,0,0,10,5,0
183.925,0,12174336,windows,0,1.01402e+07,1.01252e+07,1557,0,0,0,0,0,0,1085,461,11
184.105,1,11720704,windows,0,1000,1000,15,0,0,0,0,0,0,10,5,0
184.181,0,12188672,windows,0,8.80632e+06,8.80632e+06,1466,0,0,0,0,0,0,1043,410,13
184.362,1,11735040,repair,0,1000,1000,15,0,0,0,0,0,0,10,5,0
184.433,0,12201984,windows,0,7.13483e+06,7.12207e+06,1309,0,0,0,0,0,0,904,390,15
184.627,1,11750400,repair,0,1000,1000,15,0,0,0,0,0,0,10,5,0
184.692,0,12215296,windows,0,6.07726e+06,6.07673e+06,1211,0,0,0,0,0,0,832,361,18
184.881,1,11765760,repair,0,1000,1000,15,0,0,0,0,0,0,10,5,0
184.955,0,12229632,windows,0,5.23453e+06,5.23049e+06,1140,0,0,0,0,0,0,808,313,19
185.145,1,11782144,repair,0,1000,1000,15,0,0,0,0,0,0,10,5,0
185.212,0,12242944,windows,0,4.59892e+06,4.58929e+06,1072,0,0,0,0,0,0,759,292,21
185.411,1,11798528,windows,0,1000,1000,15,0,0,0,0,0,0,10,5,0
185.464,0,12256256,windows,0,3.95324e+06,3.94757e+06,983,0,0,0,0,0,0,683,284,16
185.675,1,11813888,windows,0,1000,1000,15,0,0,0,0,0,0,10,5,0
185.718,0,12268544,windows,0,3.36788e+06,3.36215e+06,904,0,0,0,0,0,0,624,266,14
185.945,1,11829248,windows,0,1000,1000,15,0,0,0,0,0,0,10,5,0
185.974,0,12281856,windows,0,2.8443e+06,2.83634e+06,831,0,0,0,0,0,0,583,239,9
186.21,1,11844608,windows,0,1000,1000,15,0,0,0,0,0,0,10,5,0
186.229,0,12295168,windows,0,2.45231e+06,2.44952e+06,782,0,0,0,0,0,0,558,211,13
186.463,1,11858944,windows,0,1000,1000,15,0,0,0,0,0,0,10,5,0
186.492,0,12308480,windows,0,2.057e+06,2.05297e+06,713,0,0,0,0,0,0,497,202,14
186.722,1,11874304,windows,0,1000,1000,15,0,0,0,0,0,0,10,5,0
186.749,0,12321792,windows,0,1.82326e+06,1.81956e+06,675,0,0,0,0,0,0,476,185,14
186.989,1,11889664,windows,0,1000,1000,15,0,0,0,0,0,0,10,5,0
187.001,0,12335104,windows,0,1.45888e+06,1.45888e+06,596,0,0,0,0,0,0,405,178,13
187.252,1,11906048,windows,0,1000,1000,15,0,0,0,0,0,0,10,5,0
187.27,0,12349440,windows,0,1.17268e+06,1.17024e+06,550,0,0,0,0,0,0,399,136,15
187.509,1,11922432,windows,0,1000,1000,15,0,0,0,0,0,0,10,5,0
187.529,0,12361728,windows,0,1.01989e+06,1.01775e+06,508,0,0,0,0,0,0,364,133,11
187.76,1,11938816,windows,0,1000,1000,15,0,0,0,0,0,0,10,5,0
187.785,0,12376064,windows,0,865000,863039,469,0,0,0,0,0,0,346,115,8
188.019,1,11956224,windows,0,1000,1000,15,0,0,0,0,0,0,10,5,0
188.043,0,12390400,windows,0,732260,730439,432,0,0,0,0,0,0,318,106,8
188.285,1,11973632,windows,0,1000,1000,15,0,0,0,0,0,0,10,5,0
188.308,0,12405760,windows,0,590690,590690,383,0,0,0,0,0,0,270,106,7
188.538,1,11991040,windows,0,1000,1000,15,0,0,0,0,0,0,10,5,0
188.573,0,12420096,windows,0,461750,460379,340,0,0,0,0,0,0,246,89,5
188.801,1,12008448,windows,0,1000,1000,15,0,0,0,0,0,0,10,5,0
188.837,0,12434432,windows,0,393910,390984,314,0,0,0,0,0,0,226,83,5
189.051,1,12024832,windows,0,1000,1000,15,0,0,0,0,0,0,10,5,0
189.095,0,12448768,windows,0,333480,331872,289,0,0,0,0,0,0,210,75,4
189.304,1,12042240,windows,0,1000,1000,15,0,0,0,0,0,0,10,5,0
189.361,0,12463104,windows,0,277085,276972,263,0,0,0,0,0,0,189,70,4
189.569,1,12059648,windows,0,1000,1000,15,0,0,0,0,0,0,10,5,0
189.626,0,12476416,windows,0,209335,208501,229,0,0,0,0,0,0,167,59,3
189.83,1,12078080,windows,0,1000,1000,15,0,0,0,0,0,0,10,5,0
189.888,0,12490752,windows,0,161720,161720,202,0,0,0,0,0,0,152,48,2
190.08,1,12095488,windows,0,1000,1000,15,0,0,0,0,0,0,10,5,0
190.141,0,12504064,windows,0,138055,138032,185,0,0,0,0,0,0,137,47,1
190.335,1,12112896,repair,0,1000,1000,15,0,0,0,0,0,0,10,5,0
190.403,0,12518400,windows,0,110750,109852,165,0,0,0,0,0,0,120,44,1
190.597,1,12131328,repair,0,1000,1000,15,0,0,0,0,0,0,10,5,0
190.667,0,12532736,windows,0,101650,101628,159,0,0,0,0,0,0,118,40,1
190.851,1,12148736,windows,0,1000,1000,15,0,0,0,0,0,0,10,5,0
190.938,0,12548096,windows,0,82130,81578.8,143,0,0,0,0,0,0,106,36,1
191.103,1,12165120,windows,0,1000,1000,15,0,0,0,0,0,0,10,5,0
191.199,0,12564480,windows,0,63755,63732.5,126,0,0,0,0,0,0,93,32,1
191.367,1,12182528,windows,0,1000,1000,15,0,0,0,0,0,0,10,5,0
191.457,0,12579840,windows,0,58255,58232.5,121,0,0,0,0,0,0,91,29,1
191.628,1,12198912,windows,0,1000,1000,15,0,0,0,0,0,0,10,5,0
191.716,0,12593152,windows,0,55010,53963.8,117,0,0,0,0,0,0,86,30,1
191.882,1,12215296,windows,0,1000,1000,15,0,0,0,0,0,0,10,5,0
191.983,0,12607488,windows,0,49055,49032.5,111,0,0,0,0,0,0,83,27,1
192.149,1,12232704,windows,0,1000,1000,15,0,0,0,0,0,0,10,5,0
192.251,0,12621824,windows,0,39515,39148.8,98,0,0,0,0,0,0,69,28,1
192.416,1,12249088,windows,0,1000,1000,15,0,0,0,0,0,0,10,5,0
192.519,0,12636160,windows,0,35330,34463.8,93,0,0,0,0,0,0,66,26,1
192.669,1,12263424,windows,0,1000,1000,15,0,0,0,0,0,0,10,5,0
192.77,0,12649472,windows,0,33010,32492.5,90,0,0,0,0,0,0,64,25,1
192.935,1,12278784,windows,0,1000,1000,15,0,0,0,0,0,0,10,5,0
193.03,0,12663808,windows,0,31135,30831.2,87,0,0,0,0,0,0,61,25,1
193.199,1,12293120,windows,0,1000,1000,15,0,0,0,0,0,0,10,5,0
193.288,0,12678144,windows,0,26030,25731.2,81,0,0,0,0,0,0,60,20,1
193.454,1,12308480,windows,0,1000,1000,15,0,0,0,0,0,0,10,5,0
193.555,0,12693504,windows,0,21490,21467.5,74,0,0,0,0,0,0,56,17,1
193.709,1,12323840,windows,0,1000,1000,15,0,0,0,0,0,0,10,5,0
193.809,0,12705792,windows,0,18815,18792.5,69,0,0,0,0,0,0,51,17,1
193.963,1,12339200,windows,0,1000,1000,15,0,0,0,0,0,0,10,5,0
194.068,0,12720128,windows,0,18030,17436.2,67,0,0,0,0,0,0,48,18,1
194.222,1,12353536,windows,0,1000,1000,15,0,0,0,0,0,0,10,5,0
194.323,0,12734464,windows,0,17090,16735,65,0,0,0,0,0,0,46,18,1
194.486,1,12367872,windows,0,1000,1000,15,0,0,0,0,0,0,10,5,0
194.587,0,12749824,windows,0,16855,16598.8,65,0,0,0,0,0,0,47,17,1
194.739,1,12381184,windows,0,1000,1000,15,0,0,0,0,0,0,10,5,0
194.84,0,12764160,windows,0,15935,15688.8,63,0,0,0,0,0,0,45,17,1
194.998,1,12393472,repair,0,1000,1000,15,0,0,0,0,0,0,10,5,0
195.093,0,12778496,windows,0,15935,15688.8,63,0,0,0,0,0,0,45,17,1
195.253,1,12409856,repair,0,1000,1000,15,0,0,0,0,0,0,10,5,0
195.35,0,12792832,windows,0,14800,14266.2,60,0,0,0,0,0,0,44,16,0
195.504,1,12427264,repair,0,1000,1000,15,0,0,0,0,0,0,10,5,0
195.615,0,12807168,windows,0,12325,12325,55,0,0,0,0,0,0,41,14,0
195.771,1,12444672,windows,0,1000,1000,15,0,0,0,0,0,0,10,5,0
195.868,0,12821504,windows,0,11600,11285,52,0,0,0,0,0,0,36,16,0
196.037,1,12460032,windows,0,1000,1000,15,0,0,0,0,0,0,10,5,0
196.139,0,12835840,windows,0,11245,10930,51,0,0,0,0,0,0,35,16,0
196.294,1,12475392,windows,0,1000,1000,15,0,0,0,0,0,0,10,5,0
196.389,0,12849152,windows,0,10565,10086.2,49,0,0,0,0,0,0,33,16,0
196.545,1,12489728,windows,0,1000,1000,15,0,0,0,0,0,0,10,5,0
196.644,0,12862464,windows,0,9700,9256.25,48,0,0,0,0,0,0,34,14,0
196.798,1,12504064,windows,0,1000,1000,15,0,0,0,0,0,0,10,5,0
196.896,0,12876800,windows,0,8500,8245,45,0,0,0,0,0,0,32,13,0
197.065,1,12519424,windows,0,1000,1000,15,0,0,0,0,0,0,10,5,0
197.155,0,12891136,windows,0,7445,7445,43,0,0,0,0,0,0,33,10,0
197.321,1,12533760,windows,0,1000,1000,15,0,0,0,0,0,0,10,5,0
197.42,0,12905472,windows,0,7120,7120,42,0,0,0,0,0,0,32,10,0
197.579,1,12549120,windows,0,1000,1000,15,0,0,0,0,0,0,10,5,0
197.686,0,12919808,windows,0,6625,6410,40,0,0,0,0,0,0,29,11,0
197.839,1,12564480,windows,0,1000,1000,15,0,0,0,0,0,0,10,5,0
197.955,0,12934144,windows,0,6625,6410,40,0,0,0,0,0,0,29,11,0
198.091,1,12578816,windows,0,1000,1000,15,0,0,0,0,0,0,10,5,0
198.227,0,12948480,windows,0,5920,5725,38,0,0,0,0,0,0,28,10,0
198.357,1,12594176,windows,0,1000,1000,15,0,0,0,0,0,0,10,5,0
198.477,0,12961792,windows,0,5920,5725,38,0,0,0,0,0,0,28,10,0
198.609,1,12608512,windows,0,1000,1000,15,0,0,0,0,0,0,10,5,0
198.728,0,12977152,windows,0,5920,5725,38,0,0,0,0,0,0,28,10,0
198.863,1,12621824,windows,0,1000,1000,15,0,0,0,0,0,0,10,5,0
198.983,0,12992512,windows,0,5380,5185,36,0,0,0,0,0,0,26,10,0
199.116,1,12636160,windows,0,1000,1000,15,0,0,0,0,0,0,10,5,0
199.25,0,13007872,windows,0,5380,5185,36,0,0,0,0,0,0,26,10,0
199.368,1,12650496,windows,0,1000,1000,15,0,0,0,0,0,0,10,5,0
199.518,0,13023232,windows,0,5125,4930,35,0,0,0,0,0,0,25,10,0
199.621,1,12664832,windows,0,1000,1000,15,0,0,0,0,0,0,10,5,0
199.785,0,13038592,windows,0,5125,4930,35,0,0,0,0,0,0,25,10,0
199.875,1,12679168,windows,0,1000,1000,15,0,0,0,0,0,0,10,5,0
200.048,0,13053952,windows,0,4880,4880,34,0,0,0,0,0,0,24,10,0
200.127,1,12689408,repair,959,1.41255e+08,1.41202e+08,4940,42,113,138,435,231,0,2823,1929,188
200.305,0,13068288,windows,0,4880,4880,34,0,0,0,0,0,0,24,10,0
200.381,1,12706816,repair,700,2.58727e+08,2.58721e+08,7065,52,128,137,251,132,0,3990,2893,182
200.576,0,13083648,windows,0,4880,4880,34,0,0,0,0,0,0,24,10,0
200.644,1,12725248,repair,570,2.6496e+08,2.64875e+08,7232,49,115,88,203,115,0,4121,2930,181
200.826,0,13097984,windows,0,4880,4880,34,0,0,0,0,0,0,24,10,0
200.906,1,12742656,repair,476,2.41216e+08,2.41155e+08,6850,29,105,71,175,96,0,3878,2829,143
201.088,0,13112320,windows,0,4645,4450,33,0,0,0,0,0,0,23,10,0
201.17,1,12760064,repair,385,2.27767e+08,2.27763e+08,6723,29,81,70,132,73,0,3858,2735,130
201.349,0,13126656,windows,0,4645,4450,33,0,0,0,0,0,0,23,10,0
201.428,1,12778496,repair,317,1.9668e+08,1.96677e+08,6443,18,64,54,120,61,0,3891,2431,121
201.617,0,13140992,windows,0,4420,4225,32,0,0,0,0,0,0,22,10,0
201.68,1,12795904,repair,259,1.85048e+08,1.85025e+08,6278,15,46,35,104,59,0,3804,2351,123
201.871,0,13154304,windows,0,4420,4225,32,0,0,0,0,0,0,22,10,0
201.939,1,12813312,repair,215,1.64963e+08,1.64915e+08,5934,11,33,33,87,51,0,3584,2226,124
202.122,0,13168640,windows,0,3825,3825,30,0,0,0,0,0,0,21,9,0
202.196,1,12830720,repair,159,1.56863e+08,1.56799e+08,5765,7,26,26,60,40,0,3468,2188,109
202.388,0,13184000,windows,0,3825,3825,30,0,0,0,0,0,0,21,9,0
202.452,1,12848128,repair,122,1.45308e+08,1.45266e+08,5581,5,20,24,51,22,0,3400,2084,97
202.642,0,13199360,windows,0,3825,3825,30,0,0,0,0,0,0,21,9,0
202.707,1,12865536,repair,88,1.41953e+08,1.41912e+08,5510,4,18,10,38,18,0,3350,2066,94
202.905,0,13215744,windows,0,3825,3825,30,0,0,0,0,0,0,21,9,0
202.971,1,12882944,repair,50,1.37125e+08,1.37108e+08,5467,4,6,11,20,9,0,3391,1992,84
203.167,0,13231104,windows,0,1000,1000,15,0,0,0,0,0,0,10,5,0
203.232,1,12900352,repair,30,1.15643e+08,1.15588e+08,5032,1,2,3,19,5,0,3139,1819,74
203.423,0,13247488,windows,0,1000,1000,15,0,0,0,0,0,0,10,5,0
203.484,1,12916736,repair,18,1.02478e+08,1.02463e+08,4789,0,0,3,9,6,0,3032,1678,79
203.679,0,13263872,windows,0,1000,1000,15,0,0,0,0,0,0,10,5,0
203.735,1,12933120,repair,5,9.82839e+07,9.82343e+07,4687,0,0,1,2,2,0,2983,1638,66
203.948,0,13281280,windows,0,1000,1000,15,0,0,0,0,0,0,10,5,0
203.989,1,12949504,repair,0,8.87532e+07,8.87532e+07,4471,0,0,0,0,0,0,2871,1540,60
204.212,0,13298688,windows,0,1000,1000,15,0,0,0,0,0,0,10,5,0
204.249,1,12965888,repair,0,7.19655e+07,7.19655e+07,4084,0,0,0,0,0,0,2700,1331,53
204.463,0,13316096,windows,0,1000,1000,15,0,0,0,0,0,0,10,5,0
204.506,1,12982272,repair,0,7.19655e+07,7.19655e+07,4084,0,0,0,0,0,0,2700,1331,53
204.716,0,13332480,windows,0,1000,1000,15,0,0,0,0,0,0,10,5,0
204.77,1,13002752,repair,0,5.88011e+07,5.87761e+07,3716,0,0,0,0,0,0,2491,1177,48
204.979,0,13347840,windows,0,1000,1000,15,0,0,0,0,0,0,10,5,0
205.031,1,13023232,repair,0,4.4048e+07,4.40171e+07,3230,0,0,0,0,0,0,2191,1000,39
205.233,0,13362176,windows,0,1000,1000,15,0,0,0,0,0,0,10,5,0
205.297,1,13039616,windows,0,3.33324e+07,3.33324e+07,2796,0,0,0,0,0,0,1868,890,38
205.486,0,13377536,windows,0,1000,1000,15,0,0,0,0,0,0,10,5,0
205.562,1,13054976,windows,0,2.80929e+07,2.80682e+07,2585,0,0,0,0,0,0,1756,795,34
205.742,0,13390848,windows,0,1000,1000,15,0,0,0,0,0,0,10,5,0
205.821,1,13069312,windows,0,2.42897e+07,2.42816e+07,2405,0,0,0,0,0,0,1635,738,32
205.997,0,13405184,windows,0,1000,1000,15,0,0,0,0,0,0,10,5,0
206.089,1,13083648,windows,0,1.98735e+07,1.98735e+07,2160,0,0,0,0,0,0,1426,695,39
206.254,0,13420544,windows,0,1000,1000,15,0,0,0,0,0,0,10,5,0
206.354,1,13097984,windows,0,1.66904e+07,1.66835e+07,2004,0,0,0,0,0,0,1376,600,28
206.518,0,13435904,windows,0,1000,1000,15,0,0,0,0,0,0,10,5,0
206.608,1,13111296,windows,0,1.45711e+07,1.45704e+07,1897,0,0,0,0,0,0,1354,519,24
206.779,0,13451264,windows,0,1000,1000,15,0,0,0,0,0,0,10,5,0
206.863,1,13125632,windows,0,1.26011e+07,1.25848e+07,1744,0,0,0,0,0,0,1205,516,23
207.038,0,13467648,windows,0,1000,1000,15,0,0,0,0,0,0,10,5,0
207.13,1,13139968,windows,0,1.08961e+07,1.08902e+07,1646,0,0,0,0,0,0,1173,447,26
207.301,0,13484032,windows,0,1000,1000,15,0,0,0,0,0,0,10,5,0
207.397,1,13154304,windows,0,9.07381e+06,9.07313e+06,1497,0,0,0,0,0,0,1058,416,23
207.555,0,13500416,windows,0,1000,1000,15,0,0,0,0,0,0,10,5,0
207.657,1,13168640,windows,0,7.77624e+06,7.77573e+06,1388,0,0,0,0,0,0,997,374,17
207.816,0,13515776,repair,0,1000,1000,15,0,0,0,0,0,0,10,5,0
207.91,1,13182976,windows,0,6.8054e+06,6.80044e+06,1289,0,0,0,0,0,0,911,364,14
208.074,0,13533184,repair,0,1000,1000,15,0,0,0,0,0,0,10,5,0
208.164,1,13196288,windows,0,5.97782e+06,5.9734e+06,1223,0,0,0,0,0,0,884,321,18
208.338,0,13549568,windows,0,1000,1000,15,0,0,0,0,0,0,10,5,0
208.416,1,13209600,windows,0,5.17146e+06,5.17146e+06,1141,0,0,0,0,0,0,821,299,21
208.601,0,13566976,windows,0,1000,1000,15,0,0,0,0,0,0,10,5,0
208.668,1,13222912,windows,0,4.2695e+06,4.2695e+06,1028,0,0,0,0,0,0,739,277,12
208.866,0,13583360,windows,0,1000,1000,15,0,0,0,0,0,0,10,5,0
208.927,1,13237248,windows,0,3.62432e+06,3.61529e+06,949,0,0,0,0,0,0,673,260,16
209.128,0,13598720,windows,0,1000,1000,15,0,0,0,0,0,0,10,5,0
209.19,1,13251584,windows,0,3.04706e+06,3.04706e+06,874,0,0,0,0,0,0,643,221,10
209.387,0,13614080,windows,0,1000,1000,15,0,0,0,0,0,0,10,5,0
209.446,1,13265920,windows,0,2.6361e+06,2.63144e+06,814,0,0,0,0,0,0,587,213,14
209.638,0,13629440,windows,0,1000,1000,15,0,0,0,0,0,0,10,5,0
209.713,1,13280256,windows,0,2.29216e+06,2.28937e+06,760,0,0,0,0,0,0,557,192,11
209.899,0,13644800,windows,0,1000,1000,15,0,0,0,0,0,0,10,5,0
209.971,1,13293568,windows,0,1.83998e+06,1.83969e+06,669,0,0,0,0,0,0,464,195,10
210.154,0,13660160,windows,0,1000,1000,15,0,0,0,0,0,0,10,5,0
210.234,1,13307904,windows,0,1.5538e+06,1.55156e+06,624,0,0,0,0,0,0,447,166,11
210.42,0,13676544,windows,0,1000,1000,15,0,0,0,0,0,0,10,5,0
210.499,1,13322240,windows,0,1.29547e+06,1.29307e+06,571,0,0,0,0,0,0,404,154,13
210.679,0,13691904,windows,0,1000,1000,15,0,0,0,0,0,0,10,5,0
210.761,1,13336576,windows,0,1.09013e+06,1.08744e+06,526,0,0,0,0,0,0,380,135,11
210.931,0,13708288,windows,0,1000,1000,15,0,0,0,0,0,0,10,5,0
211.024,1,13350912,windows,0,946145,946145,490,0,0,0,0,0,0,349,129,12
211.182,0,13723648,windows,0,1000,1000,15,0,0,0,0,0,0,10,5,0
211.291,1,13365248,windows,0,720880,719049,426,0,0,0,0,0,0,296,118,12
211.442,0,13740032,windows,0,1000,1000,15,0,0,0,0,0,0,10,5,0
211.552,1,13379584,windows,0,603095,601731,387,0,0,0,0,0,0,273,107,7
211.697,0,13755392,windows,0,1000,1000,15,0,0,0,0,0,0,10,5,0
211.806,1,13393920,windows,0,505460,505460,355,0,0,0,0,0,0,248,99,8
211.949,0,13770752,windows,0,1000,1000,15,0,0,0,0,0,0,10,5,0
212.06,1,13408256,windows,0,446335,445071,339,0,0,0,0,0,0,253,79,7
212.203,0,13786112,windows,0,1000,1000,15,0,0,0,0,0,0,10,5,0
212.315,1,13422592,windows,0,387905,385998,310,0,0,0,0,0,0,217,87,6
212.454,0,13801472,windows,0,1000,1000,15,0,0,0,0,0,0,10,5,0
212.587,1,13437952,windows,0,291380,289925,269,0,0,0,0,0,0,192,73,4
212.714,0,13817856,windows,0,1000,1000,15,0,0,0,0,0,0,10,5,0
212.851,1,13453312,windows,0,237460,235256,242,0,0,0,0,0,0,170,68,4
212.972,0,13834240,windows,0,1000,1000,15,0,0,0,0,0,0,10,5,0
213.111,1,13467648,windows,0,201590,201590,226,0,0,0,0,0,0,162,59,5
213.236,0,13850624,repair,0,1000,1000,15,0,0,0,0,0,0,10,5,0
213.369,1,13481984,windows,0,177205,176451,211,0,0,0,0,0,0,151,56,4
213.501,0,13865984,repair,0,1000,1000,15,0,0,0,0,0,0,10,5,0
213.621,1,13496320,windows,0,147410,147268,189,0,0,0,0,0,0,126,58,5
213.753,0,13881344,windows,0,1000,1000,15,0,0,0,0,0,0,10,5,0
213.886,1,13511680,windows,0,110875,110875,170,0,0,0,0,0,0,125,40,5
214.016,0,13896704,windows,0,1000,1000,15,0,0,0,0,0,0,10,5,0
214.149,1,13527040,windows,0,90850,90707.5,154,0,0,0,0,0,0,112,37,5
214.278,0,13912064,windows,0,1000,1000,15,0,0,0,0,0,0,10,5,0
214.409,1,13542400,windows,0,80365,80365,143,0,0,0,0,0,0,101,38,4
214.538,0,13927424,windows,0,1000,1000,15,0,0,0,0,0,0,10,5,0
214.673,1,13557760,windows,0,72025,72025,136,0,0,0,0,0,0,97,35,4
214.802,0,13942784,windows,0,1000,1000,15,0,0,0,0,0,0,10,5,0
214.931,1,13573120,windows,0,52715,52218.8,116,0,0,0,0,0,0,83,30,3
215.07,0,13958144,windows,0,1000,1000,15,0,0,0,0,0,0,10,5,0
215.196,1,13588480,windows,0,44995,44003.8,108,0,0,0,0,0,0,79,26,3
215.32,0,13972480,windows,0,1000,1000,15,0,0,0,0,0,0,10,5,0
215.453,1,13602816,windows,0,38995,38043.8,100,0,0,0,0,0,0,71,26,3
215.583,0,13987840,windows,0,1000,1000,15,0,0,0,0,0,0,10,5,0
215.709,1,13617152,windows,0,33100,33047.5,91,0,0,0,0,0,0,64,25,2
215.848,0,14003200,windows,0,1000,1000,15,0,0,0,0,0,0,10,5,0
215.969,1,13633536,windows,0,31090,30612.5,88,0,0,0,0,0,0,64,23,1
216.102,0,14017536,windows,0,1000,1000,15,0,0,0,0,0,0,10,5,0
216.23,1,13648896,windows,0,26255,25817.5,81,0,0,0,0,0,0,59,21,1
216.362,0,14031872,windows,0,1000,1000,15,0,0,0,0,0,0,10,5,0
216.493,1,13664256,windows,0,21830,21538.8,74,0,0,0,0,0,0,54,19,1
216.622,0,14046208,windows,0,1000,1000,15,0,0,0,0,0,0,10,5,0
216.751,1,13679616,windows,0,21830,21538.8,74,0,0,0,0,0,0,54,19,1
216.879,0,14060544,windows,0,1000,1000,15,0,0,0,0,0,0,10,5,0
217.012,1,13694976,windows,0,19255,18857.5,69,0,0,0,0,0,0,49,19,1
217.152,0,14075904,windows,0,1000,1000,15,0,0,0,0,0,0,10,5,0
217.277,1,13710336,windows,0,19075,18657.5,68,0,0,0,0,0,0,47,20,1
217.416,0,14090240,windows,0,1000,1000,15,0,0,0,0,0,0,10,5,0
217.536,1,13725696,windows,0,18295,17663.8,67,0,0,0,0,0,0,47,19,1
217.683,0,14104576,windows,0,1000,1000,15,0,0,0,0,0,0,10,5,0
217.798,1,13741056,windows,0,15730,15707.5,63,0,0,0,0,0,0,46,16,1
217.942,0,14118912,windows,0,1000,1000,15,0,0,0,0,0,0,10,5,0
218.061,1,13756416,windows,0,14075,14052.5,60,0,0,0,0,0,0,45,14,1
218.199,0,14132224,windows,0,1000,1000,15,0,0,0,0,0,0,10,5,0
218.325,1,13773824,windows,0,12655,12418.8,57,0,0,0,0,0,0,43,13,1
218.455,0,14146560,windows,0,1000,1000,15,0,0,0,0,0,0,10,5,0
218.58,1,13789184,windows,0,11730,11498.8,55,0,0,0,0,0,0,42,12,1
218.706,0,14161920,windows,0,1000,1000,15,0,0,0,0,0,0,10,5,0
218.844,1,13804544,windows,0,10910,10688.8,53,0,0,0,0,0,0,40,12,1
218.966,0,14176256,repair,0,1000,1000,15,0,0,0,0,0,0,10,5,0
219.108,1,13818880,windows,0,9755,9732.5,50,0,0,0,0,0,0,37,12,1
219.221,0,14191616,repair,0,1000,1000,15,0,0,0,0,0,0,10,5,0
219.364,1,13833216,windows,0,9670,9647.5,50,0,0,0,0,0,0,38,11,1
219.485,0,14209024,repair,0,1000,1000,15,0,0,0,0,0,0,10,5,0
219.623,1,13847552,windows,0,9390,9188.75,49,0,0,0,0,0,0,36,12,1
219.744,0,14224384,windows,0,1000,1000,15,0,0,0,0,0,0,10,5,0
219.882,1,13861888,windows,0,8930,8907.5,48,0,0,0,0,0,0,36,11,1
219.999,0,14238720,windows,0,1000,1000,15,0,0,0,0,0,0,10,5,0
220.14,1,13877248,windows,0,8230,8038.75,46,0,0,0,0,0,0,34,11,1
220.264,0,14254080,windows,0,1000,1000,15,0,0,0,0,0,0,10,5,0
220.402,1,13892608,windows,0,8230,8038.75,46,0,0,0,0,0,0,34,11,1
220.521,0,14269440,windows,0,1000,1000,15,0,0,0,0,0,0,10,5,0
220.663,1,13908992,windows,0,7570,7332.5,44,0,0,0,0,0,0,32,11,1
220.787,0,14284800,windows,0,1000,1000,15,0,0,0,0,0,0,10,5,0
220.914,1,13925376,windows,0,7095,6908.75,43,0,0,0,0,0,0,33,9,1
221.054,0,14300160,windows,0,1000,1000,15,0,0,0,0,0,0,10,5,0
221.172,1,13942784,windows,0,7095,6908.75,43,0,0,0,0,0,0,33,9,1
221.313,0,14315520,windows,0,1000,1000,15,0,0,0,0,0,0,10,5,0
221.436,1,13960192,windows,0,7095,6908.75,43,0,0,0,0,0,0,33,9,1
221.576,0,14330880,windows,0,1000,1000,15,0,0,0,0,0,0,10,5,0
221.694,1,13976576,windows,0,7095,6908.75,43,0,0,0,0,0,0,33,9,1
221.836,0,14346240,windows,0,1000,1000,15,0,0,0,0,0,0,10,5,0
221.958,1,13993984,windows,0,1000,1000,15,0,0,0,0,0,0,10,5,0
222.098,0,14361600,windows,0,1000,1000,15,0,0,0,0,0,0,10,5,0
222.223,1,14011392,windows,0,1000,1000,15,0,0,0,0,0,0,10,5,0
222.363,0,14377984,windows,0,1000,1000,15,0,0,0,0,0,0,10,5,0
222.485,1,14028800,windows,0,1000,1000,15,0,0,0,0,0,0,10,5,0
222.616,0,14393344,windows,0,1000,1000,15,0,0,0,0,0,0,10,5,0
222.748,1,14046208,windows,0,1000,1000,15,0,0,0,0,0,0,10,5,0
222.872,0,14408704,windows,0,1000,1000,15,0,0,0,0,0,0,10,5,0
223.013,1,14061568,repair,0,1000,1000,15,0,0,0,0,0,0,10,5,0
223.138,0,14425088,windows,0,1000,1000,15,0,0,0,0,0,0,10,5,0
223.263,1,14080000,windows,0,1000,1000,15,0,0,0,0,0,0,10,5,0
223.392,0,14440448,windows,0,1000,1000,15,0,0,0,0,0,0,10,5,0
223.523,1,14097408,windows,0,1000,1000,15,0,0,0,0,0,0,10,5,0
223.656,0,14457856,windows,0,1000,1000,15,0,0,0,0,0,0,10,5,0
223.781,1,14113792,windows,0,1000,1000,15,0,0,0,0,0,0,10,5,0
223.915,0,14471168,repair,788,2.83546e+08,2.8354e+08,7237,72,171,155,260,130,0,3948,3094,195
224.044,1,14130176,windows,0,1000,1000,15,0,0,0,0,0,0,10,5,0
224.168,0,14488576,repair,632,2.9552e+08,2.95456e+08,7395,38,143,104,232,115,0,4008,3201,186
224.302,1,14145536,windows,0,1000,1000,15,0,0,0,0,0,0,10,5,0
224.432,0,14507008,repair,535,2.51649e+08,2.51586e+08,6973,33,107,106,180,109,0,3910,2900,163
224.553,1,14161920,windows,0,1000,1000,15,0,0,0,0,0,0,10,5,0
224.686,0,14524416,repair,437,2.48039e+08,2.47976e+08,6874,35,99,75,150,78,0,3810,2921,143
224.803,1,14177280,windows,0,1000,1000,15,0,0,0,0,0,0,10,5,0
224.939,0,14541824,repair,357,2.10417e+08,2.10413e+08,6511,25,69,64,133,66,0,3740,2616,155
225.056,1,14192640,windows,0,1000,1000,15,0,0,0,0,0,0,10,5,0
225.19,0,14562304,repair,279,1.93665e+08,1.93616e+08,6333,20,59,41,99,60,0,3752,2460,121
225.317,1,14209024,windows,0,1000,1000,15,0,0,0,0,0,0,10,5,0
225.448,0,14584832,repair,211,1.70709e+08,1.70687e+08,6004,8,42,39,85,37,0,3611,2281,112
225.57,1,14225408,windows,0,1000,1000,15,0,0,0,0,0,0,10,5,0
225.706,0,14605312,repair,147,1.62709e+08,1.62642e+08,5827,8,20,24,69,26,0,3427,2268,132
225.835,1,14241792,windows,0,1000,1000,15,0,0,0,0,0,0,10,5,0
225.968,0,14625792,repair,105,1.41051e+08,1.41047e+08,5567,5,18,9,50,23,0,3447,2012,108
226.086,1,14258176,windows,0,1000,1000,15,0,0,0,0,0,0,10,5,0
226.223,0,14646272,repair,74,1.30316e+08,1.303e+08,5314,2,8,8,36,20,0,3240,1966,108
226.343,1,14275584,windows,0,1000,1000,15,0,0,0,0,0,0,10,5,0
226.481,0,14667776,repair,37,1.25405e+08,1.25405e+08,5296,1,7,7,12,10,0,3364,1852,80
226.604,1,14292992,windows,0,1000,1000,15,0,0,0,0,0,0,10,5,0
226.742,0,14684160,repair,17,1.25044e+08,1.2499e+08,5223,0,3,0,9,5,0,3245,1900,78
226.859,1,14310400,windows,0,1000,1000,15,0,0,0,0,0,0,10,5,0
227.001,0,14700544,repair,12,1.01439e+08,1.01439e+08,4817,0,2,1,6,3,0,3137,1614,66
227.117,1,14327808,windows,0,1000,1000,15,0,0,0,0,0,0,10,5,0
227.268,0,14717952,repair,9,8.46651e+07,8.46651e+07,4350,0,2,1,3,3,0,2774,1518,58
227.371,1,14345216,windows,0,1000,1000,15,0,0,0,0,0,0,10,5,0
227.522,0,14733312,repair,3,7.39733e+07,7.39322e+07,4100,1,0,0,1,1,0,2648,1393,59
227.627,1,14361600,windows,0,1000,1000,15,0,0,0,0,0,0,10,5,0
227.778,0,14747648,repair,3,5.89543e+07,5.8953e+07,3715,0,0,0,2,1,0,2492,1180,43
227.883,1,14377984,windows,0,1000,1000,15,0,0,0,0,0,0,10,5,0
228.035,0,14763008,repair,2,5.15918e+07,5.15904e+07,3474,0,0,0,1,1,0,2319,1110,45
228.138,1,14393344,windows,0,1000,1000,15,0,0,0,0,0,0,10,5,0
228.295,0,14779392,repair,2,4.45575e+07,4.45247e+07,3238,0,0,0,1,1,0,2161,1028,49
228.39,1,14409728,windows,0,1000,1000,15,0,0,0,0,0,0,10,5,0
228.555,0,14794752,windows,0,3.89605e+07,3.89592e+07,3001,0,0,0,0,0,0,1973,986,42
228.65,1,14427136,windows,0,1000,1000,15,0,0,0,0,0,0,10,5,0
228.816,0,14810112,windows,0,3.18841e+07,3.18665e+07,2780,0,0,0,0,0,0,1921,818,41
228.904,1,14446592,windows,0,1000,1000,15,0,0,0,0,0,0,10,5,0
229.08,0,14825472,windows,0,2.68741e+07,2.68731e+07,2522,0,0,0,0,0,0,1700,787,35
229.159,1,14466048,windows,0,1000,1000,15,0,0,0,0,0,0,10,5,0
229.349,0,14839808,windows,0,2.30754e+07,2.30754e+07,2356,0,0,0,0,0,0,1628,700,28
229.41,1,14483456,windows,0,1000,1000,15,0,0,0,0,0,0,10,5,0
229.601,0,14853120,windows,0,2.01592e+07,2.01583e+07,2211,0,0,0,0,0,0,1530,649,32
229.671,1,14499840,repair,0,1000,1000,15,0,0,0,0,0,0,10,5,0
229.865,0,14867456,windows,0,1.64846e+07,1.64778e+07,1984,0,0,0,0,0,0,1356,603,25
229.921,1,14515200,windows,0,1000,1000,15,0,0,0,0,0,0,10,5,0
230.121,0,14880768,windows,0,1.39507e+07,1.39444e+07,1831,0,0,0,0,0,0,1261,547,23
230.178,1,14530560,windows,0,1000,1000,15,0,0,0,0,0,0,10,5,0
230.383,0,14895104,windows,0,1.19968e+07,1.19858e+07,1681,0,0,0,0,0,0,1136,526,19
230.441,1,14546944,windows,0,1000,1000,15,0,0,0,0,0,0,10,5,0
230.649,0,14909440,windows,0,1.03402e+07,1.03303e+07,1556,0,0,0,0,0,0,1042,495,19
230.704,1,14562304,windows,0,1000,1000,15,0,0,0,0,0,0,10,5,0
230.901,0,14922752,windows,0,8.843e+06,8.84253e+06,1465,0,0,0,0,0,0,1027,422,16
230.965,1,14577664,windows,0,1000,1000,15,0,0,0,0,0,0,10,5,0
231.161,0,14937088,windows,0,7.26581e+06,7.25801e+06,1337,0,0,0,0,0,0,954,368,15
231.22,1,14593024,windows,0,1000,1000,15,0,0,0,0,0,0,10,5,0
231.426,0,14951424,windows,0,6.1864e+06,6.17904e+06,1229,0,0,0,0,0,0,867,348,14
231.474,1,14607360,windows,0,1000,1000,15,0,0,0,0,0,0,10,5,0
231.686,0,14965760,windows,0,5.31228e+06,5.31228e+06,1135,0,0,0,0,0,0,791,330,14
231.736,1,14621696,windows,0,1000,1000,15,0,0,0,0,0,0,10,5,0
231.951,0,14981120,windows,0,4.57709e+06,4.57683e+06,1058,0,0,0,0,0,0,756,293,9
232.002,1,14637056,windows,0,1000,1000,15,0,0,0,0,0,0,10,5,0
232.219,0,14995456,windows,0,3.67104e+06,3.66565e+06,943,0,0,0,0,0,0,665,270,8
232.266,1,14652416,windows,0,1000,1000,15,0,0,0,0,0,0,10,5,0
232.479,0,15008768,windows,0,3.13594e+06,3.13571e+06,884,0,0,0,0,0,0,650,226,8
232.525,1,14668800,windows,0,1000,1000,15,0,0,0,0,0,0,10,5,0
232.74,0,15023104,windows,0,2.62853e+06,2.62347e+06,796,0,0,0,0,0,0,548,237,11
232.785,1,14686208,windows,0,1000,1000,15,0,0,0,0,0,0,10,5,0
233,0,15037440,windows,0,2.25782e+06,2.25749e+06,743,0,0,0,0,0,0,519,213,11
233.037,1,14703616,windows,0,1000,1000,15,0,0,0,0,0,0,10,5,0
233.257,0,15051776,windows,0,1.89354e+06,1.89083e+06,684,0,0,0,0,0,0,485,189,10
233.291,1,14721024,windows,0,1000,1000,15,0,0,0,0,0,0,10,5,0
233.523,0,15065088,windows,0,1.57166e+06,1.56559e+06,617,0,0,0,0,0,0,424,183,10
233.548,1,14739456,windows,0,1000,1000,15,0,0,0,0,0,0,10,5,0
233.786,0,15079424,windows,0,1.2973e+06,1.29181e+06,567,0,0,0,0,0,0,397,159,11
233.802,1,14757888,windows,0,1000,1000,15,0,0,0,0,0,0,10,5,0
234.049,0,15093760,windows,0,1.08772e+06,1.08494e+06,521,0,0,0,0,0,0,374,139,8
234.064,1,14777344,windows,0,1000,1000,15,0,0,0,0,0,0,10,5,0
234.317,1,14795776,windows,0,1000,1000,15,0,0,0,0,0,0,10,5,0
234.317,0,15107072,windows,0,939550,937851,483,0,0,0,0,0,0,340,134,9
234.569,1,14815232,windows,0,1000,1000,15,0,0,0,0,0,0,10,5,0
234.584,0,15121408,windows,0,801920,801920,448,0,0,0,0,0,0,320,120,8
234.827,1,14835712,windows,0,1000,1000,15,0,0,0,0,0,0,10,5,0
234.849,0,15135744,windows,0,618190,615872,393,0,0,0,0,0,0,280,106,7
235.078,1,14855168,windows,0,1000,1000,15,0,0,0,0,0,0,10,5,0
235.107,0,15149056,windows,0,512620,510605,355,0,0,0,0,0,0,248,101,6
235.333,1,14875648,windows,0,1000,1000,15,0,0,0,0,0,0,10,5,0
235.358,0,15162368,windows,0,447555,444726,338,0,0,0,0,0,0,255,78,5
235.591,1,14895104,windows,0,1000,1000,15,0,0,0,0,0,0,10,5,0
235.62,0,15175680,windows,0,383830,382295,312,0,0,0,0,0,0,230,77,5
235.85,1,14914560,windows,0,1000,1000,15,0,0,0,0,0,0,10,5,0
235.887,0,15190016,windows,0,325570,322996,284,0,0,0,0,0,0,200,79,5
236.102,1,14934016,windows,0,1000,1000,15,0,0,0,0,0,0,10,5,0
236.142,0,15204352,windows,0,241905,241051,244,0,0,0,0,0,0,171,69,4
236.358,1,14953472,windows,0,1000,1000,15,0,0,0,0,0,0,10,5,0
236.403,0,15218688,windows,0,185855,184720,217,0,0,0,0,0,0,155,57,5
236.619,1,14971904,windows,0,1000,1000,15,0,0,0,0,0,0,10,5,0
236.664,0,15233024,windows,0,152915,152915,196,0,0,0,0,0,0,137,54,5
236.882,1,14991360,windows,0,1000,1000,15,0,0,0,0,0,0,10,5,0
236.924,0,15247360,windows,0,137270,135606,186,0,0,0,0,0,0,130,51,5
237.139,1,15010816,windows,0,1000,1000,15,0,0,0,0,0,0,10,5,0
237.179,0,15261696,windows,0,123710,122136,177,0,0,0,0,0,0,124,48,5
237.393,1,15030272,windows,0,1000,1000,15,0,0,0,0,0,0,10,5,0
237.439,0,15276032,windows,0,92980,92072.5,154,0,0,0,0,0,0,110,40,4
237.647,1,15049728,windows,0,1000,1000,15,0,0,0,0,0,0,10,5,0
237.702,0,15290368,windows,0,76400,75685,140,0,0,0,0,0,0,100,36,4
237.898,1,15069184,windows,0,1000,1000,15,0,0,0,0,0,0,10,5,0
237.97,0,15305728,windows,0,66535,65920,131,0,0,0,0,0,0,97,31,3
238.156,1,15089664,windows,0,1000,1000,15,0,0,0,0,0,0,10,5,0
238.229,0,15321088,windows,0,61655,61655,125,0,0,0,0,0,0,89,33,3
238.409,1,15110144,windows,0,1000,1000,15,0,0,0,0,0,0,10,5,0
238.495,0,15336448,windows,0,54070,53495,118,0,0,0,0,0,0,86,29,3
238.668,1,15131648,windows,0,1000,1000,15,0,0,0,0,0,0,10,5,0
238.753,0,15350784,windows,0,37595,37251.2,98,0,0,0,0,0,0,69,26,3
238.921,1,15153152,windows,0,1000,1000,15,0,0,0,0,0,0,10,5,0
239.004,0,15365120,windows,0,33250,32755,92,0,0,0,0,0,0,64,25,3
239.174,1,15169536,windows,0,1000,1000,15,0,0,0,0,0,0,10,5,0
239.264,0,15380480,windows,0,30070,29678.8,88,0,0,0,0,0,0,62,23,3
239.427,1,15185920,windows,0,1000,1000,15,0,0,0,0,0,0,10,5,0
239.517,0,15393792,windows,0,27095,26728.8,83,0,0,0,0,0,0,57,23,3
239.712,1,15200256,repair,1071,1.05228e+08,1.05189e+08,3830,37,95,73,572,294,0,2253,1366,211
239.784,0,15408128,windows,0,26195,25828.8,82,0,0,0,0,0,0,57,22,3
239.974,1,15217664,repair,758,2.57949e+08,2.57949e+08,6944,49,158,146,263,142,0,3844,2920,180
240.049,0,15422464,windows,0,22095,21597.5,75,0,0,0,0,0,0,51,21,3
240.227,1,15236096,repair,591,2.88483e+08,2.88478e+08,7423,31,136,111,197,116,0,4134,3118,171
240.31,0,15437824,windows,0,19215,18717.5,69,0,0,0,0,0,0,45,21,3
240.481,1,15254528,repair,517,2.37896e+08,2.37835e+08,6833,45,90,98,178,106,0,3871,2796,166
240.574,0,15453184,windows,0,17515,17037.5,66,0,0,0,0,0,0,43,20,3
240.74,1,15272960,repair,413,2.19452e+08,2.19452e+08,6639,26,73,53,158,103,0,3844,2652,143
240.833,0,15467520,windows,0,17090,16612.5,65,0,0,0,0,0,0,42,20,3
241.001,1,15291392,repair,338,1.99188e+08,1.99114e+08,6299,14,60,59,140,65,0,3593,2561,145
241.084,0,15482880,windows,0,15995,15912.5,64,0,0,0,0,0,0,43,18,3
241.261,1,15308800,repair,282,1.80298e+08,1.80228e+08,6137,11,41,51,117,62,0,3643,2360,134
241.338,0,15500288,windows,0,14750,14667.5,61,0,0,0,0,0,0,40,18,3
241.525,1,15326208,repair,215,1.81108e+08,1.81086e+08,6168,14,42,30,83,46,0,3696,2359,113
241.599,0,15516672,windows,0,13970,13532.5,59,0,0,0,0,0,0,38,18,3
241.786,1,15343616,repair,158,1.71315e+08,1.71248e+08,6057,7,29,34,49,39,0,3688,2263,106
241.851,0,15534080,windows,0,13230,12792.5,57,0,0,0,0,0,0,36,18,3
242.04,1,15360000,repair,127,1.49873e+08,1.4983e+08,5665,8,13,18,59,29,0,3463,2112,90
242.102,0,15551488,windows,0,13230,12792.5,57,0,0,0,0,0,0,36,18,3
242.308,1,15376384,repair,92,1.45501e+08,1.45484e+08,5592,3,8,8,43,30,0,3445,2070,77
242.352,0,15568896,windows,0,12085,11717.5,55,0,0,0,0,0,0,37,16,2
242.566,1,15392768,repair,57,1.4233e+08,1.42269e+08,5483,5,11,10,18,13,0,3304,2091,88
242.608,0,15585280,windows,0,11020,10483.8,52,0,0,0,0,0,0,34,16,2
242.82,1,15410176,repair,38,1.20764e+08,1.20748e+08,5141,0,5,8,14,11,0,3187,1867,87
242.867,0,15603712,windows,0,10045,9677.5,49,0,0,0,0,0,0,31,16,2
243.071,1,15426560,repair,22,1.10373e+08,1.10338e+08,4984,0,6,2,11,3,0,3174,1729,81
243.121,0,15621120,windows,0,9740,9372.5,48,0,0,0,0,0,0,30,16,2
243.327,1,15442944,repair,10,1.03143e+08,1.03128e+08,4767,1,1,0,6,2,0,2978,1712,77
243.378,0,15639552,windows,0,8825,8477.5,46,0,0,0,0,0,0,29,15,2
243.585,1,15459328,repair,5,8.76233e+07,8.75768e+07,4475,0,2,0,1,2,0,2905,1505,65
243.635,0,15657984,windows,0,8540,8192.5,45,0,0,0,0,0,0,28,15,2
243.844,1,15475712,repair,1,7.46834e+07,7.46423e+07,4133,0,1,0,0,0,0,2696,1383,54
243.886,0,15676416,windows,0,8265,7917.5,44,0,0,0,0,0,0,27,15,2
244.099,1,15492096,repair,0,6.9908e+07,6.98681e+07,3985,0,0,0,0,0,0,2586,1349,50
244.139,0,15693824,windows,0,8265,7917.5,44,0,0,0,0,0,0,27,15,2
244.351,1,15508480,windows,0,5.25156e+07,5.25141e+07,3492,0,0,0,0,0,0,2306,1137,49
244.399,0,15713280,windows,0,8000,7652.5,43,0,0,0,0,0,0,26,15,2
244.62,1,15523840,windows,0,4.25629e+07,4.25614e+07,3169,0,0,0,0,0,0,2119,1001,49
244.663,0,15731712,windows,0,7745,7273.75,42,0,0,0,0,0,0,25,15,2
244.877,1,15539200,windows,0,3.58603e+07,3.5859e+07,2906,0,0,0,0,0,0,1941,921,44
244.916,0,15749120,windows,0,7265,6917.5,40,0,0,0,0,0,0,23,15,2
245.143,1,15553536,windows,0,3.04852e+07,3.04759e+07,2704,0,0,0,0,0,0,1847,818,39
245.182,0,15765504,windows,0,7265,6917.5,40,0,0,0,0,0,0,23,15,2
245.406,1,15567872,windows,0,2.60507e+07,2.60269e+07,2486,0,0,0,0,0,0,1675,774,37
245.441,0,15782912,windows,0,7040,6583.75,39,0,0,0,0,0,0,22,15,2
245.669,1,15581184,windows,0,2.13604e+07,2.13453e+07,2254,0,0,0,0,0,0,1516,701,37
245.691,0,15799296,windows,0,7040,6583.75,39,0,0,0,0,0,0,22,15,2
245.92,1,15595520,windows,0,1.83605e+07,1.83595e+07,2106,0,0,0,0,0,0,1445,628,33
245.958,0,15817728,windows,0,7040,6583.75,39,0,0,0,0,0,0,22,15,2
246.176,1,15609856,windows,0,1.57047e+07,1.56972e+07,1949,0,0,0,0,0,0,1354,571,24
246.218,0,15836160,windows,0,6460,6023.75,38,0,0,0,0,0,0,22,14,2
246.435,1,15625216,windows,0,1.34168e+07,1.34062e+07,1811,0,0,0,0,0,0,1289,505,17
246.472,0,15854592,windows,0,6145,5837.5,38,0,0,0,0,0,0,23,13,2
246.693,1,15639552,windows,0,1.12112e+07,1.12047e+07,1659,0,0,0,0,0,0,1164,470,25
246.725,0,15872000,windows,0,5920,5503.75,37,0,0,0,0,0,0,22,13,2
246.954,1,15653888,windows,0,9.32654e+06,9.31255e+06,1504,0,0,0,0,0,0,1045,439,20
246.981,0,15888384,windows,0,5205,4917.5,35,0,0,0,0,0,0,21,12,2
247.212,1,15668224,windows,0,7.90911e+06,7.90354e+06,1398,0,0,0,0,0,0,990,387,21
247.246,0,15905792,windows,0,4805,4752.5,33,0,0,0,0,0,0,19,12,2
247.479,1,15683584,windows,0,6.84318e+06,6.83075e+06,1297,0,0,0,0,0,0,913,365,19
247.507,0,15923200,windows,0,4620,4478.75,32,0,0,0,0,0,0,18,12,2
247.731,1,15697920,windows,0,6.02814e+06,6.02137e+06,1216,0,0,0,0,0,0,863,339,14
247.758,0,15940608,windows,0,4620,4478.75,32,0,0,0,0,0,0,18,12,2
247.983,1,15711232,windows,0,5.02464e+06,5.01853e+06,1115,0,0,0,0,0,0,793,306,16
248.021,0,15959040,windows,0,4280,3992.5,30,0,0,0,0,0,0,16,12,2
248.239,1,15725568,windows,0,4.19762e+06,4.19418e+06,1010,0,0,0,0,0,0,689,301,20
248.273,0,15977472,windows,0,4125,3837.5,29,0,0,0,0,0,0,15,12,2
248.494,1,15739904,windows,0,3.57516e+06,3.56684e+06,952,0,0,0,0,0,0,689,244,19
248.529,0,15996928,windows,0,3980,3692.5,28,0,0,0,0,0,0,14,12,2
248.744,1,15754240,windows,0,3.13486e+06,3.12998e+06,884,0,0,0,0,0,0,622,244,18
248.784,0,16016384,windows,0,3980,3692.5,28,0,0,0,0,0,0,14,12,2
249.004,1,15768576,windows,0,2.72335e+06,2.72279e+06,832,0,0,0,0,0,0,598,215,19
249.046,0,16035840,windows,0,3845,3557.5,27,0,0,0,0,0,0,13,12,2
249.261,1,15781888,windows,0,2.1729e+06,2.1729e+06,738,0,0,0,0,0,0,521,201,16
249.304,0,16055296,windows,0,3845,3557.5,27,0,0,0,0,0,0,13,12,2
249.525,1,15796224,windows,0,1.87834e+06,1.87592e+06,687,0,0,0,0,0,0,484,187,16
249.554,0,16073728,windows,0,3845,3557.5,27,0,0,0,0,0,0,13,12,2
249.784,1,15810560,windows,0,1.63504e+06,1.63132e+06,640,0,0,0,0,0,0,459,170,11
249.812,0,16091136,windows,0,3245,2923.75,27,0,0,0,0,0,0,15,10,2
250.035,1,15823872,windows,0,1.42987e+06,1.42949e+06,603,0,0,0,0,0,0,436,154,13
250.077,0,16108544,windows,0,2865,2563.75,26,0,0,0,0,0,0,15,9,2
250.285,1,15837184,windows,0,1.25682e+06,1.25376e+06,567,0,0,0,0,0,0,419,137,11
250.328,0,16125952,windows,0,2720,2423.75,25,0,0,0,0,0,0,14,9,2
250.551,1,15850496,windows,0,1.02148e+06,1.02115e+06,498,0,0,0,0,0,0,337,150,11
250.58,0,16144384,windows,0,2460,2173.75,23,0,0,0,0,0,0,12,9,2
250.816,1,15864832,windows,0,847225,844398,460,0,0,0,0,0,0,323,127,10
250.834,0,16162816,windows,0,2460,2173.75,23,0,0,0,0,0,0,12,9,2
251.078,1,15879168,windows,0,728000,727708,425,0,0,0,0,0,0,294,121,10
251.101,0,16181248,windows,0,2345,2063.75,22,0,0,0,0,0,0,11,9,2
251.329,1,15893504,windows,0,621120,618732,397,0,0,0,0,0,0,282,105,10
251.364,0,16197632,windows,0,2345,2063.75,22,0,0,0,0,0,0,11,9,2
251.593,1,15908864,windows,0,551570,547944,371,0,0,0,0,0,0,258,104,9
251.623,0,16212992,windows,0,2345,2063.75,22,0,0,0,0,0,0,11,9,2
251.857,1,15923200,windows,0,430870,429721,326,0,0,0,0,0,0,230,91,5
251.881,0,16232448,windows,0,2345,2063.75,22,0,0,0,0,0,0,11,9,2
252.123,1,15937536,windows,0,362585,361389,298,0,0,0,0,0,0,205,87,6
252.138,0,16250880,windows,0,1000,1000,15,0,0,0,0,0,0,10,5,0
252.383,1,15951872,windows,0,307330,305875,278,0,0,0,0,0,0,200,73,5
252.389,0,16271360,windows,0,1000,1000,15,0,0,0,0,0,0,10,5,0
252.634,1,15966208,windows,0,282530,282530,264,0,0,0,0,0,0,184,75,5
252.644,0,16291840,windows,0,1000,1000,15,0,0,0,0,0,0,10,5,0
252.892,1,15980544,windows,0,264630,263761,254,0,0,0,0,0,0,174,75,5
252.906,0,16312320,windows,0,1000,1000,15,0,0,0,0,0,0,10,5,0
253.157,1,15994880,windows,0,204035,202800,226,0,0,0,0,0,0,159,62,5
253.164,0,16331776,windows,0,1000,1000,15,0,0,0,0,0,0,10,5,0
253.421,0,16351232,windows,0,1000,1000,15,0,0,0,0,0,0,10,5,0
253.427,1,16009216,windows,0,168305,168305,206,0,0,0,0,0,0,143,57,6
253.685,0,16370688,windows,0,1000,1000,15,0,0,0,0,0,0,10,5,0
253.69,1,16024576,windows,0,148675,148675,194,0,0,0,0,0,0,137,52,5
253.941,1,16038912,windows,0,135975,135331,185,0,0,0,0,0,0,129,51,5
253.944,0,16389120,windows,0,1000,1000,15,0,0,0,0,0,0,10,5,0
254.205,0,16407552,windows,0,1000,1000,15,0,0,0,0,0,0,10,5,0
254.206,1,16054272,windows,0,116895,116000,173,0,0,0,0,0,0,123,45,5
254.457,0,16425984,windows,0,1000,1000,15,0,0,0,0,0,0,10,5,0
254.472,1,16069632,windows,0,86375,85006.2,145,0,0,0,0,0,0,95,45,5
254.714,0,16444416,windows,0,1000,1000,15,0,0,0,0,0,0,10,5,0
254.722,1,16083968,windows,0,80300,79688.8,139,0,0,0,0,0,0,88,45,6
254.972,0,16463872,windows,0,1000,1000,15,0,0,0,0,0,0,10,5,0
254.976,1,16099328,windows,0,69890,68676.2,132,0,0,0,0,0,0,88,39,5
255.228,1,16113664,windows,0,64515,63800,128,0,0,0,0,0,0,87,36,5
255.233,0,16485376,windows,0,1000,1000,15,0,0,0,0,0,0,10,5,0
255.485,0,16504832,repair,0,1000,1000,15,0,0,0,0,0,0,10,5,0
255.485,1,16129024,windows,0,55075,54400,118,0,0,0,0,0,0,79,34,5
255.742,0,16522240,repair,0,1000,1000,15,0,0,0,0,0,0,10,5,0
255.747,1,16144384,windows,0,45695,45695,109,0,0,0,0,0,0,75,29,5
255.997,0,16539648,windows,0,1000,1000,15,0,0,0,0,0,0,10,5,0
256.013,1,16159744,windows,0,42395,42395,106,0,0,0,0,0,0,75,26,5
256.257,0,16558080,windows,0,1000,1000,15,0,0,0,0,0,0,10,5,0
256.267,1,16174080,windows,0,39475,39121.2,102,0,0,0,0,0,0,71,26,5
256.523,0,16574464,windows,0,1000,1000,15,0,0,0,0,0,0,10,5,0
256.532,1,16189440,windows,0,38450,38450,100,0,0,0,0,0,0,68,27,5
256.783,1,16203776,windows,0,32605,32301.2,91,0,0,0,0,0,0,61,26,4
256.789,0,16588800,windows,0,1000,1000,15,0,0,0,0,0,0,10,5,0
257.045,0,16603136,windows,0,1000,1000,15,0,0,0,0,0,0,10,5,0
257.046,1,16219136,windows,0,28245,28245,85,0,0,0,0,0,0,57,24,4
257.305,0,16618496,windows,0,1000,1000,15,0,0,0,0,0,0,10,5,0
257.306,1,16234496,windows,0,27520,27005,82,0,0,0,0,0,0,52,26,4
257.564,0,16633856,windows,0,1000,1000,15,0,0,0,0,0,0,10,5,0
257.574,1,16249856,windows,0,25835,25571.2,80,0,0,0,0,0,0,53,24,3
257.818,0,16648192,windows,0,1000,1000,15,0,0,0,0,0,0,10,5,0
257.835,1,16264192,windows,0,25310,25051.2,79,0,0,0,0,0,0,52,24,3
258.077,0,16663552,windows,0,1000,1000,15,0,0,0,0,0,0,10,5,0
258.096,1,16278528,windows,0,22835,22601.2,74,0,0,0,0,0,0,47,24,3
258.34,0,16678912,windows,0,1000,1000,15,0,0,0,0,0,0,10,5,0
258.357,1,16291840,windows,0,19790,19551.2,71,0,0,0,0,0,0,48,20,3
258.605,0,16694272,windows,0,1000,1000,15,0,0,0,0,0,0,10,5,0
258.625,1,16306176,windows,0,18850,18621.2,69,0,0,0,0,0,0,46,20,3
258.865,0,16709632,windows,0,1000,1000,15,0,0,0,0,0,0,10,5,0
258.877,1,16321536,windows,0,17615,17391.2,67,0,0,0,0,0,0,45,19,3
259.131,0,16724992,windows,0,1000,1000,15,0,0,0,0,0,0,10,5,0
259.134,1,16337920,windows,0,17615,17391.2,67,0,0,0,0,0,0,45,19,3
259.392,1,16356352,windows,0,15895,15895,63,0,0,0,0,0,0,41,19,3
259.394,0,16739328,windows,0,1000,1000,15,0,0,0,0,0,0,10,5,0
259.648,1,16374784,windows,0,14335,14151.2,59,0,0,0,0,0,0,37,19,3
259.657,0,16754688,windows,0,1000,1000,15,0,0,0,0,0,0,10,5,0
259.908,1,16393216,windows,0,13970,13791.2,58,0,0,0,0,0,0,36,19,3
259.918,0,16771072,windows,0,1000,1000,15,0,0,0,0,0,0,10,5,0
260.166,1,16411648,windows,0,13120,13120,55,0,0,0,0,0,0,34,19,2
260.168,0,16787456,windows,0,1000,1000,15,0,0,0,0,0,0,10,5,0
260.421,1,16431104,windows,0,12460,12085,53,0,0,0,0,0,0,32,19,2
260.421,0,16805888,windows,0,1000,1000,15,0,0,0,0,0,0,10,5,0
260.678,1,16450560,windows,0,12045,12045,53,0,0,0,0,0,0,33,18,2
260.688,0,16823296,windows,0,1000,1000,15,0,0,0,0,0,0,10,5,0
260.931,1,16468992,windows,0,11405,11405,51,0,0,0,0,0,0,31,18,2
260.949,0,16838656,windows,0,1000,1000,15,0,0,0,0,0,0,10,5,0
261.185,1,16488448,windows,0,11020,11020,52,0,0,0,0,0,0,34,16,2
261.211,0,16855040,windows,0,1000,1000,15,0,0,0,0,0,0,10,5,0
261.441,1,16507904,windows,0,10745,10450,52,0,0,0,0,0,0,35,15,2
261.462,0,16871424,windows,0,1000,1000,15,0,0,0,0,0,0,10,5,0
261.692,1,16526336,windows,0,9425,9425,48,0,0,0,0,0,0,31,15,2
261.723,0,16887808,windows,0,1000,1000,15,0,0,0,0,0,0,10,5,0
261.952,1,16545792,windows,0,8845,8845,47,0,0,0,0,0,0,31,14,2
261.977,0,16904192,windows,0,1000,1000,15,0,0,0,0,0,0,10,5,0
262.203,1,16563200,windows,0,8845,8845,47,0,0,0,0,0,0,31,14,2
262.239,0,16922624,windows,0,1000,1000,15,0,0,0,0,0,0,10,5,0
262.455,1,16581632,windows,0,8540,8540,46,0,0,0,0,0,0,30,14,2
262.491,0,16941056,windows,0,1000,1000,15,0,0,0,0,0,0,10,5,0
262.708,1,16600064,windows,0,8245,8245,45,0,0,0,0,0,0,29,14,2
262.749,0,16958464,windows,0,1000,1000,15,0,0,0,0,0,0,10,5,0
262.968,1,16619520,windows,0,7615,7615,43,0,0,0,0,0,0,29,13,1
263.01,0,16976896,windows,0,1000,1000,15,0,0,0,0,0,0,10,5,0
263.227,1,16640000,windows,0,7330,7330,42,0,0,0,0,0,0,28,13,1
263.263,0,16994304,windows,0,1000,1000,15,0,0,0,0,0,0,10,5,0
263.482,1,16660480,windows,0,7055,6921.25,41,0,0,0,0,0,0,27,13,1
263.522,0,17012736,windows,0,1000,1000,15,0,0,0,0,0,0,10,5,0
263.737,1,16679936,windows,0,6290,6161.25,39,0,0,0,0,0,0,26,12,1
263.773,0,17030144,windows,0,1000,1000,15,0,0,0,0,0,0,10,5,0
263.988,1,16700416,windows,0,6290,6161.25,39,0,0,0,0,0,0,26,12,1
264.024,0,17048576,windows,0,1000,1000,15,0,0,0,0,0,0,10,5,0
264.25,1,16720896,windows,0,6290,6161.25,39,0,0,0,0,0,0,26,12,1
264.286,0,17067008,windows,0,1000,1000,15,0,0,0,0,0,0,10,5,0
264.507,1,16740352,windows,0,6290,6161.25,39,0,0,0,0,0,0,26,12,1
264.539,0,17083392,windows,0,1000,1000,15,0,0,0,0,0,0,10,5,0
264.759,1,16759808,windows,0,905,905,14,0,0,0,0,0,0,9,5,0
264.791,0,17100800,windows,0,1000,1000,15,0,0,0,0,0,0,10,5,0
265.013,1,16779264,windows,0,905,905,14,0,0,0,0,0,0,9,5,0
265.053,0,17119232,windows,0,1000,1000,15,0,0,0,0,0,0,10,5,0
265.263,1,16797696,windows,0,905,905,14,0,0,0,0,0,0,9,5,0
265.308,0,17136640,windows,0,1000,1000,15,0,0,0,0,0,0,10,5,0
265.521,1,16817152,windows,0,905,905,14,0,0,0,0,0,0,9,5,0
265.567,0,17154048,windows,0,1000,1000,15,0,0,0,0,0,0,10,5,0
265.775,1,16835584,windows,0,905,905,14,0,0,0,0,0,0,9,5,0
265.82,0,17171456,windows,0,1000,1000,15,0,0,0,0,0,0,10,5,0
266.033,1,16856064,windows,0,905,905,14,0,0,0,0,0,0,9,5,0
266.07,0,17188864,windows,0,1000,1000,15,0,0,0,0,0,0,10,5,0
266.284,1,16877568,windows,0,905,905,14,0,0,0,0,0,0,9,5,0
266.337,0,17204224,windows,0,1000,1000,15,0,0,0,0,0,0,10,5,0
266.537,1,16898048,windows,0,905,905,14,0,0,0,0,0,0,9,5,0
266.606,0,17219584,windows,0,1000,1000,15,0,0,0,0,0,0,10,5,0
266.799,1,16918528,windows,0,905,905,14,0,0,0,0,0,0,9,5,0
266.862,0,17233920,windows,0,1000,1000,15,0,0,0,0,0,0,10,5,0
267.059,1,16937984,windows,0,905,905,14,0,0,0,0,0,0,9,5,0
267.12,0,17248256,windows,0,1000,1000,15,0,0,0,0,0,0,10,5,0
267.32,1,16958464,windows,0,905,905,14,0,0,0,0,0,0,9,5,0
267.381,0,17262592,windows,0,1000,1000,15,0,0,0,0,0,0,10,5,0
267.573,1,16978944,windows,0,905,905,14,0,0,0,0,0,0,9,5,0
267.634,0,17276928,windows,0,1000,1000,15,0,0,0,0,0,0,10,5,0
267.832,1,16999424,windows,0,905,905,14,0,0,0,0,0,0,9,5,0
267.904,0,17292288,windows,0,905,905,14,0,0,0,0,0,0,9,5,0
268.087,1,17018880,windows,0,905,905,14,0,0,0,0,0,0,9,5,0
268.166,0,17307648,windows,0,905,905,14,0,0,0,0,0,0,9,5,0
268.347,1,17039360,windows,0,905,905,14,0,0,0,0,0,0,9,5,0
268.433,0,17323008,windows,0,905,905,14,0,0,0,0,0,0,9,5,0
268.603,1,17058816,windows,0,905,905,14,0,0,0,0,0,0,9,5,0
268.699,0,17339392,windows,0,905,905,14,0,0,0,0,0,0,9,5,0
268.857,1,17078272,repair,0,905,905,14,0,0,0,0,0,0,9,5,0
268.963,0,17355776,windows,0,905,905,14,0,0,0,0,0,0,9,5,0
269.109,1,17098752,windows,0,905,905,14,0,0,0,0,0,0,9,5,0
269.229,0,17371136,windows,0,905,905,14,0,0,0,0,0,0,9,5,0
269.365,1,17117184,windows,0,905,905,14,0,0,0,0,0,0,9,5,0
269.488,0,17386496,windows,0,905,905,14,0,0,0,0,0,0,9,5,0
269.615,1,17135616,windows,0,905,905,14,0,0,0,0,0,0,9,5,0
269.74,0,17402880,windows,0,905,905,14,0,0,0,0,0,0,9,5,0
269.87,1,17154048,windows,0,905,905,14,0,0,0,0,0,0,9,5,0
269.991,0,17419264,windows,0,905,905,14,0,0,0,0,0,0,9,5,0
270.126,1,17173504,windows,0,905,905,14,0,0,0,0,0,0,9,5,0
270.245,0,17435648,windows,0,905,905,14,0,0,0,0,0,0,9,5,0
270.387,1,17193984,windows,0,905,905,14,0,0,0,0,0,0,9,5,0
270.497,0,17451008,windows,0,905,905,14,0,0,0,0,0,0,9,5,0
270.647,1,17214464,windows,0,905,905,14,0,0,0,0,0,0,9,5,0
270.758,0,17465344,repair,0,905,905,14,0,0,0,0,0,0,9,5,0
270.911,1,17233920,windows,0,905,905,14,0,0,0,0,0,0,9,5,0
271.01,0,17479680,windows,0,905,905,14,0,0,0,0,0,0,9,5,0
271.165,1,17254400,windows,0,905,905,14,0,0,0,0,0,0,9,5,0
271.275,0,17494016,windows,0,905,905,14,0,0,0,0,0,0,9,5,0
271.418,1,17273856,windows,0,905,905,14,0,0,0,0,0,0,9,5,0
271.54,0,17507328,windows,0,905,905,14,0,0,0,0,0,0,9,5,0
271.668,1,17293312,repair,0,905,905,14,0,0,0,0,0,0,9,5,0
271.807,0,17521664,windows,0,905,905,14,0,0,0,0,0,0,9,5,0
271.931,1,17313792,repair,0,905,905,14,0,0,0,0,0,0,9,5,0
272.073,0,17536000,windows,0,905,905,14,0,0,0,0,0,0,9,5,0
272.184,1,17330176,windows,0,905,905,14,0,0,0,0,0,0,9,5,0
272.335,0,17550336,windows,0,905,905,14,0,0,0,0,0,0,9,5,0
272.444,1,17347584,windows,0,905,905,14,0,0,0,0,0,0,9,5,0
272.59,0,17564672,windows,0,905,905,14,0,0,0,0,0,0,9,5,0
272.71,1,17363968,windows,0,905,905,14,0,0,0,0,0,0,9,5,0
272.856,0,17579008,windows,0,905,905,14,0,0,0,0,0,0,9,5,0
272.964,1,17380352,windows,0,905,905,14,0,0,0,0,0,0,9,5,0
273.121,0,17594368,windows,0,905,905,14,0,0,0,0,0,0,9,5,0
273.217,1,17396736,windows,0,905,905,14,0,0,0,0,0,0,9,5,0
273.382,0,17608704,windows,0,905,905,14,0,0,0,0,0,0,9,5,0
273.479,1,17413120,windows,0,905,905,14,0,0,0,0,0,0,9,5,0
273.636,0,17623040,windows,0,905,905,14,0,0,0,0,0,0,9,5,0
273.743,1,17430528,windows,0,905,905,14,0,0,0,0,0,0,9,5,0
273.895,0,17638400,windows,0,905,905,14,0,0,0,0,0,0,9,5,0
274.004,1,17447936,windows,0,905,905,14,0,0,0,0,0,0,9,5,0
274.154,0,17653760,windows,0,905,905,14,0,0,0,0,0,0,9,5,0
274.257,1,17464320,windows,0,905,905,14,0,0,0,0,0,0,9,5,0
274.416,0,17669120,windows,0,905,905,14,0,0,0,0,0,0,9,5,0
274.508,1,17481728,windows,0,905,905,14,0,0,0,0,0,0,9,5,0
274.667,0,17683456,windows,0,905,905,14,0,0,0,0,0,0,9,5,0
274.767,1,17498112,windows,0,905,905,14,0,0,0,0,0,0,9,5,0
274.926,0,17698816,windows,0,905,905,14,0,0,0,0,0,0,9,5,0
275.025,1,17515520,windows,0,905,905,14,0,0,0,0,0,0,9,5,0
275.18,0,17713152,windows,0,905,905,14,0,0,0,0,0,0,9,5,0
275.282,1,17532928,windows,0,905,905,14,0,0,0,0,0,0,9,5,0
275.446,0,17728512,windows,0,905,905,14,0,0,0,0,0,0,9,5,0
275.543,1,17550336,windows,0,905,905,14,0,0,0,0,0,0,9,5,0
275.708,0,17743872,windows,0,905,905,14,0,0,0,0,0,0,9,5,0
275.799,1,17568768,windows,0,905,905,14,0,0,0,0,0,0,9,5,0
275.973,0,17760256,windows,0,905,905,14,0,0,0,0,0,0,9,5,0
276.063,1,17588224,windows,0,905,905,14,0,0,0,0,0,0,9,5,0
276.238,0,17776640,windows,0,905,905,14,0,0,0,0,0,0,9,5,0
276.324,1,17607680,windows,0,905,905,14,0,0,0,0,0,0,9,5,0
276.494,0,17792000,windows,0,905,905,14,0,0,0,0,0,0,9,5,0
276.578,1,17628160,windows,0,905,905,14,0,0,0,0,0,0,9,5,0
276.757,0,17807360,windows,0,905,905,14,0,0,0,0,0,0,9,5,0
276.828,1,17647616,repair,0,905,905,14,0,0,0,0,0,0,9,5,0
277.024,0,17822720,repair,0,905,905,14,0,0,0,0,0,0,9,5,0
277.09,1,17665024,repair,0,905,905,14,0,0,0,0,0,0,9,5,0
277.274,0,17836032,repair,0,905,905,14,0,0,0,0,0,0,9,5,0
277.341,1,17682432,repair,0,905,905,14,0,0,0,0,0,0,9,5,0
277.543,0,17851392,windows,0,905,905,14,0,0,0,0,0,0,9,5,0
277.6,1,17700864,windows,0,905,905,14,0,0,0,0,0,0,9,5,0
277.795,0,17865728,windows,0,905,905,14,0,0,0,0,0,0,9,5,0
277.855,1,17719296,windows,0,905,905,14,0,0,0,0,0,0,9,5,0
278.06,0,17881088,windows,0,905,905,14,0,0,0,0,0,0,9,5,0
278.108,1,17737728,windows,0,905,905,14,0,0,0,0,0,0,9,5,0
278.321,0,17895424,windows,0,905,905,14,0,0,0,0,0,0,9,5,0
278.37,1,17756160,windows,0,905,905,14,0,0,0,0,0,0,9,5,0
278.579,0,17908736,windows,0,905,905,14,0,0,0,0,0,0,9,5,0
278.627,1,17773568,windows,0,905,905,14,0,0,0,0,0,0,9,5,0
278.836,0,17923072,windows,0,905,905,14,0,0,0,0,0,0,9,5,0
278.884,1,17792000,windows,0,905,905,14,0,0,0,0,0,0,9,5,0
279.093,0,17937408,windows,0,905,905,14,0,0,0,0,0,0,9,5,0
279.141,1,17808384,windows,0,905,905,14,0,0,0,0,0,0,9,5,0
279.354,0,17951744,windows,0,905,905,14,0,0,0,0,0,0,9,5,0
279.393,1,17826816,windows,0,905,905,14,0,0,0,0,0,0,9,5,0
279.613,0,17966080,windows,0,905,905,14,0,0,0,0,0,0,9,5,0
279.644,1,17845248,windows,0,905,905,14,0,0,0,0,0,0,9,5,0
279.871,0,17980416,windows,0,905,905,14,0,0,0,0,0,0,9,5,0
279.904,1,17863680,windows,0,905,905,14,0,0,0,0,0,0,9,5,0
280.136,0,17994752,windows,0,905,905,14,0,0,0,0,0,0,9,5,0
280.166,1,17881088,windows,0,905,905,14,0,0,0,0,0,0,9,5,0
280.402,0,18010112,windows,0,905,905,14,0,0,0,0,0,0,9,5,0
280.418,1,17899520,windows,0,905,905,14,0,0,0,0,0,0,9,5,0
280.663,0,18024448,windows,0,905,905,14,0,0,0,0,0,0,9,5,0
280.677,1,17918976,windows,0,905,905,14,0,0,0,0,0,0,9,5,0
280.914,0,18037760,windows,0,905,905,14,0,0,0,0,0,0,9,5,0
280.932,1,17938432,windows,0,905,905,14,0,0,0,0,0,0,9,5,0
281.175,0,18052096,windows,0,905,905,14,0,0,0,0,0,0,9,5,0
281.186,1,17957888,windows,0,905,905,14,0,0,0,0,0,0,9,5,0
281.437,0,18066432,windows,0,905,905,14,0,0,0,0,0,0,9,5,0
281.448,1,17977344,windows,0,905,905,14,0,0,0,0,0,0,9,5,0
281.691,0,18079744,windows,0,905,905,14,0,0,0,0,0,0,9,5,0
281.709,1,17995776,windows,0,905,905,14,0,0,0,0,0,0,9,5,0
281.952,0,18094080,windows,0,905,905,14,0,0,0,0,0,0,9,5,0
281.96,1,18015232,windows,0,905,905,14,0,0,0,0,0,0,9,5,0
282.218,1,18033664,windows,0,905,905,14,0,0,0,0,0,0,9,5,0
282.223,0,18108416,windows,0,905,905,14,0,0,0,0,0,0,9,5,0
282.472,1,18053120,windows,0,905,905,14,0,0,0,0,0,0,9,5,0
282.477,0,18122752,windows,0,905,905,14,0,0,0,0,0,0,9,5,0
282.728,1,18072576,windows,0,905,905,14,0,0,0,0,0,0,9,5,0
282.737,0,18137088,windows,0,905,905,14,0,0,0,0,0,0,9,5,0
282.987,1,18088960,repair,808,2.25401e+08,2.25376e+08,6585,46,178,127,306,151,0,3755,2629,201
282.991,0,18151424,windows,0,905,905,14,0,0,0,0,0,0,9,5,0
283.24,1,18110464,repair,596,2.73041e+08,2.72955e+08,7228,48,132,102,218,96,0,4009,3030,189
283.243,0,18165760,windows,0,905,905,14,0,0,0,0,0,0,9,5,0
283.49,1,18131968,repair,478,2.53578e+08,2.53553e+08,7056,42,94,72,176,94,0,4001,2894,161
283.506,0,18180096,windows,0,905,905,14,0,0,0,0,0,0,9,5,0
283.741,1,18152448,repair,362,2.40883e+08,2.40803e+08,6968,27,71,69,129,66,0,4035,2793,140
283.767,0,18198528,windows,0,905,905,14,0,0,0,0,0,0,9,5,0
283.999,1,18174976,repair,288,2.02722e+08,2.02722e+08,6461,14,58,45,104,67,0,3791,2533,137
284.025,0,18217984,windows,0,905,905,14,0,0,0,0,0,0,9,5,0
284.256,1,18197504,repair,218,1.87781e+08,1.87762e+08,6255,14,45,39,77,43,0,3702,2426,127
284.281,0,18237440,repair,0,905,905,14,0,0,0,0,0,0,9,5,0
284.513,1,18219008,repair,153,1.66543e+08,1.66477e+08,5908,8,32,19,55,39,0,3506,2281,121
284.543,0,18257920,repair,0,905,905,14,0,0,0,0,0,0,9,5,0
284.768,1,18240512,repair,102,1.55273e+08,1.55256e+08,5733,4,22,9,46,21,0,3439,2185,109
284.796,0,18277376,windows,0,905,905,14,0,0,0,0,0,0,9,5,0
285.019,1,18260992,repair,78,1.35199e+08,1.3514e+08,5428,3,18,10,27,20,0,3348,1984,96
285.058,0,18295808,windows,0,905,905,14,0,0,0,0,0,0,9,5,0
285.274,1,18280448,repair,43,1.21053e+08,1.21051e+08,5168,3,6,8,16,10,0,3236,1850,82
285.325,0,18313216,windows,0,905,905,14,0,0,0,0,0,0,9,5,0
285.534,1,18299904,repair,22,1.06809e+08,1.06772e+08,4865,1,4,3,12,2,0,3048,1734,83
285.577,0,18329600,windows,0,905,905,14,0,0,0,0,0,0,9,5,0
285.792,1,18320384,repair,9,9.79898e+07,9.79746e+07,4712,0,1,2,5,1,0,3024,1614,74
285.836,0,18348032,windows,0,905,905,14,0,0,0,0,0,0,9,5,0
286.052,1,18340864,repair,3,8.22392e+07,8.2196e+07,4336,0,1,0,2,0,0,2821,1455,60
286.089,0,18366464,windows,0,905,905,14,0,0,0,0,0,0,9,5,0
286.307,1,18361344,windows,0,6.59129e+07,6.5887e+07,3893,0,0,0,0,0,0,2545,1293,55
286.34,0,18384896,windows,0,905,905,14,0,0,0,0,0,0,9,5,0
286.568,1,18379776,windows,0,5.05464e+07,5.05336e+07,3436,0,0,0,0,0,0,2289,1102,45
286.6,0,18403328,windows,0,905,905,14,0,0,0,0,0,0,9,5,0
286.825,1,18398208,windows,0,4.00893e+07,4.00893e+07,3106,0,0,0,0,0,0,2123,935,48
286.852,0,18421760,windows,0,905,905,14,0,0,0,0,0,0,9,5,0
287.079,1,18416640,windows,0,3.08047e+07,3.07943e+07,2707,0,0,0,0,0,0,1832,836,39
287.103,0,18440192,windows,0,905,905,14,0,0,0,0,0,0,9,5,0
287.33,1,18434048,windows,0,2.52364e+07,2.52364e+07,2442,0,0,0,0,0,0,1643,765,34
287.364,0,18459648,windows,0,905,905,14,0,0,0,0,0,0,9,5,0
287.585,1,18452480,windows,0,2.03607e+07,2.0346e+07,2200,0,0,0,0,0,0,1481,684,35
287.618,0,18479104,windows,0,905,905,14,0,0,0,0,0,0,9,5,0
287.842,1,18469888,windows,0,1.68664e+07,1.68653e+07,2023,0,0,0,0,0,0,1384,602,37
287.873,0,18499584,windows,0,905,905,14,0,0,0,0,0,0,9,5,0
288.098,1,18487296,windows,0,1.31377e+07,1.31271e+07,1785,0,0,0,0,0,0,1224,530,31
288.13,0,18520064,windows,0,905,905,14,0,0,0,0,0,0,9,5,0
288.353,1,18503680,windows,0,1.09801e+07,1.09639e+07,1616,0,0,0,0,0,0,1094,499,23
288.38,0,18535424,repair,714,2.62618e+08,2.62618e+08,7079,48,149,120,274,123,0,3986,2919,174
288.614,1,18521088,windows,0,9.02117e+06,9.02061e+06,1472,0,0,0,0,0,0,1012,441,19
288.636,0,18556928,repair,549,2.73841e+08,2.73821e+08,7173,45,120,93,194,97,0,3921,3077,175
288.88,1,18539520,windows,0,7.2733e+06,7.26869e+06,1330,0,0,0,0,0,0,922,388,20
288.894,0,18579456,repair,451,2.24658e+08,2.24599e+08,6701,27,85,70,164,105,0,3851,2692,158
289.135,1,18554880,windows,0,5.8597e+06,5.84887e+06,1210,0,0,0,0,0,0,861,327,22
289.148,0,18598912,repair,365,1.96504e+08,1.96435e+08,6304,23,58,55,157,72,0,3671,2502,131
289.386,1,18572288,windows,0,4.91372e+06,4.91325e+06,1109,0,0,0,0,0,0,803,290,16
289.404,0,18621440,repair,275,1.95106e+08,1.95052e+08,6255,19,52,45,91,68,0,3600,2531,124
289.643,1,18589696,windows,0,4.13501e+06,4.12913e+06,1018,0,0,0,0,0,0,732,269,17
289.663,0,18642944,repair,207,1.86168e+08,1.8615e+08,6247,10,30,27,91,49,0,3718,2402,127
289.901,1,18607104,windows,0,3.40974e+06,3.40454e+06,922,0,0,0,0,0,0,667,243,12
289.915,0,18664448,repair,143,1.65511e+08,1.65491e+08,5820,5,25,25,55,33,0,3376,2319,125
290.157,1,18623488,windows,0,2.71331e+06,2.70541e+06,815,0,0,0,0,0,0,568,234,13
290.167,0,18683904,repair,103,1.48252e+08,1.48192e+08,5648,4,15,6,49,29,0,3444,2101,103
290.419,0,18704384,repair,71,1.28107e+08,1.28049e+08,5292,1,7,9,42,12,0,3259,1930,103
290.419,1,18640896,windows,0,2.16365e+06,2.15964e+06,732,0,0,0,0,0,0,520,201,11
290.671,1,18657280,windows,0,1.82045e+06,1.8143e+06,677,0,0,0,0,0,0,498,170,9
290.677,0,18725888,repair,39,1.17379e+08,1.17342e+08,5079,1,5,5,21,7,0,3141,1840,98
290.923,1,18674688,windows,0,1.55704e+06,1.55455e+06,622,0,0,0,0,0,0,445,168,9
290.927,0,18746368,repair,18,1.10324e+08,1.10324e+08,4920,0,2,1,10,5,0,3060,1779,81
291.186,0,18767872,repair,5,9.57474e+07,9.57005e+07,4649,1,0,0,4,0,0,2987,1597,65
291.188,1,18692096,windows,0,1.10822e+06,1.10522e+06,522,0,0,0,0,0,0,362,150,10
291.44,1,18710528,windows,0,884420,881825,468,0,0,0,0,0,0,330,130,8
291.445,0,18789376,repair,1,7.6498e+07,7.64966e+07,4205,0,1,0,0,0,0,2785,1372,48
291.702,0,18808832,repair,1,6.25726e+07,6.25355e+07,3833,0,1,0,0,0,0,2574,1212,47
291.705,1,18728960,windows,0,724625,722330,424,0,0,0,0,0,0,303,115,6
291.962,0,18830336,repair,0,5.53217e+07,5.52978e+07,3607,0,0,0,0,0,0,2433,1133,41
291.963,1,18747392,windows,0,598105,597872,386,0,0,0,0,0,0,271,107,8
292.216,1,18763776,windows,0,443360,440294,332,0,0,0,0,0,0,240,88,4
292.217,0,18849792,windows,0,4.25258e+07,4.25258e+07,3154,0,0,0,0,0,0,2109,1006,39
292.472,1,18780160,windows,0,359030,358888,298,0,0,0,0,0,0,210,83,5
292.474,0,18867200,windows,0,3.26866e+07,3.26688e+07,2753,0,0,0,0,0,0,1830,892,31
292.727,0,18884608,windows,0,2.68605e+07,2.68446e+07,2516,0,0,0,0,0,0,1690,792,34
292.728,1,18796544,windows,0,310215,310072,281,0,0,0,0,0,0,207,69,5
292.984,1,18812928,windows,0,269570,268132,262,0,0,0,0,0,0,192,65,5
292.986,0,18902016,windows,0,2.20549e+07,2.20398e+07,2304,0,0,0,0,0,0,1568,697,39
293.247,0,18919424,windows,0,1.7739e+07,1.7739e+07,2049,0,0,0,0,0,0,1378,641,30
293.248,1,18830336,windows,0,186055,184918,217,0,0,0,0,0,0,161,53,3
293.501,0,18934784,windows,0,1.45601e+07,1.4549e+07,1872,0,0,0,0,0,0,1295,555,22
293.51,1,18846720,windows,0,150805,149024,193,0,0,0,0,0,0,139,52,2
293.761,0,18952192,windows,0,1.2245e+07,1.22286e+07,1734,0,0,0,0,0,0,1235,480,19
293.77,1,18863104,windows,0,124325,124325,175,0,0,0,0,0,0,125,48,2
294.022,0,18970624,windows,0,1.0047e+07,1.0038e+07,1568,0,0,0,0,0,0,1097,448,23
294.039,1,18877440,windows,0,112045,111441,167,0,0,0,0,0,0,121,44,2
294.285,0,18989056,windows,0,8.00352e+06,8.00293e+06,1395,0,0,0,0,0,0,969,406,20
294.302,1,18891776,windows,0,88285,86986.2,147,0,0,0,0,0,0,109,38,0
294.549,0,19007488,windows,0,6.48004e+06,6.48004e+06,1253,0,0,0,0,0,0,862,371,20
294.561,1,18906112,windows,0,73525,72376.2,135,0,0,0,0,0,0,103,32,0
294.805,0,19025920,windows,0,5.47741e+06,5.46602e+06,1155,0,0,0,0,0,0,794,340,21
294.819,1,18920448,windows,0,59860,59391.2,122,0,0,0,0,0,0,94,28,0
295.063,0,19044352,windows,0,4.52784e+06,4.52725e+06,1057,0,0,0,0,0,0,737,300,20
295.087,1,18935808,windows,0,56425,55850,118,0,0,0,0,0,0,89,29,0
295.323,0,19062784,windows,0,3.44524e+06,3.43624e+06,921,0,0,0,0,0,0,639,264,18
295.341,1,18950144,windows,0,49510,48992.5,112,0,0,0,0,0,0,86,25,1
295.575,0,19079168,windows,0,2.8301e+06,2.82197e+06,840,0,0,0,0,0,0,589,233,18
295.594,1,18964480,windows,0,37960,37591.2,97,0,0,0,0,0,0,74,23,0
295.835,0,19097600,windows,0,2.30666e+06,2.30619e+06,754,0,0,0,0,0,0,521,217,16
295.852,1,18978816,windows,0,32625,32625,90,0,0,0,0,0,0,69,21,0
296.099,0,19116032,windows,0,1.9431e+06,1.93886e+06,701,0,0,0,0,0,0,497,187,17
296.11,1,18993152,windows,0,27220,26516.2,82,0,0,0,0,0,0,62,20,0
296.356,0,19133440,windows,0,1.46286e+06,1.45691e+06,593,0,0,0,0,0,0,401,181,11
296.372,1,19008512,windows,0,27220,26516.2,82,0,0,0,0,0,0,62,20,0
296.618,0,19151872,windows,0,1.155e+06,1.155e+06,538,0,0,0,0,0,0,384,144,10
296.628,1,19022848,windows,0,24245,23850,77,0,0,0,0,0,0,57,20,0
296.87,0,19169280,windows,0,935975,935975,483,0,0,0,0,0,0,337,135,11
296.889,1,19038208,windows,0,20180,20180,71,0,0,0,0,0,0,56,15,0
297.13,0,19187712,windows,0,783410,780752,443,0,0,0,0,0,0,314,120,9
297.157,1,19053568,windows,0,18020,17725,67,0,0,0,0,0,0,52,15,0
297.385,0,19205120,windows,0,557525,556019,373,0,0,0,0,0,0,267,100,6
297.418,1,19066880,windows,0,17505,17210,66,0,0,0,0,0,0,51,15,0
297.64,0,19222528,windows,0,456515,453436,334,0,0,0,0,0,0,233,96,5
297.674,1,19081216,windows,0,14500,14500,60,0,0,0,0,0,0,46,14,0
297.892,0,19238912,windows,0,378260,376565,305,0,0,0,0,0,0,216,85,4
297.938,1,19096576,windows,0,13320,13025,57,0,0,0,0,0,0,42,15,0
298.154,0,19257344,windows,0,315400,313832,284,0,0,0,0,0,0,208,70,6
298.196,1,19110912,windows,0,12325,12121.2,55,0,0,0,0,0,0,41,14,0
298.407,0,19274752,windows,0,223835,222981,238,0,0,0,0,0,0,171,62,5
298.449,1,19125248,windows,0,11525,11525,53,0,0,0,0,0,0,39,14,0
298.657,0,19292160,windows,0,188150,187199,220,0,0,0,0,0,0,162,53,5
298.715,1,19140608,windows,0,11525,11525,53,0,0,0,0,0,0,39,14,0
298.915,0,19309568,windows,0,159505,158649,202,0,0,0,0,0,0,149,49,4
298.976,1,19154944,windows,0,10765,10490,51,0,0,0,0,0,0,37,14,0
299.175,0,19328000,windows,0,136945,135194,186,0,0,0,0,0,0,133,49,4
299.231,1,19170304,windows,0,10765,10490,51,0,0,0,0,0,0,37,14,0
299.442,0,19343360,windows,0,96680,96567.5,153,0,0,0,0,0,0,102,47,4
299.483,1,19187712,windows,0,10400,9946.25,50,0,0,0,0,0,0,36,14,0
299.701,0,19357696,windows,0,82235,81360,140,0,0,0,0,0,0,93,44,3
299.745,1,19204096,windows,0,10045,9770,49,0,0,0,0,0,0,35,14,0
299.964,0,19372032,windows,0,74230,73375,132,0,0,0,0,0,0,86,43,3
300.004,1,19220480,windows,0,9700,9425,48,0,0,0,0,0,0,34,14,0
300.222,0,19390464,windows,0,62770,62361.2,123,0,0,0,0,0,0,82,38,3
300.261,1,19238912,windows,0,9160,8736.25,47,0,0,0,0,0,0,34,13,0
300.478,0,19408896,windows,0,50175,49801.2,111,0,0,0,0,0,0,75,33,3
300.514,1,19257344,windows,0,8500,8245,45,0,0,0,0,0,0,32,13,0
300.736,0,19427328,windows,0,40055,39701.2,101,0,0,0,0,0,0,71,27,3
300.78,1,19275776,windows,0,8185,7776.25,44,0,0,0,0,0,0,31,13,0
300.987,0,19444736,windows,0,33895,33571.2,93,0,0,0,0,0,0,65,25,3
301.043,1,19294208,windows,0,7880,7625,43,0,0,0,0,0,0,30,13,0
301.248,0,19463168,windows,0,28450,28171.2,84,0,0,0,0,0,0,56,25,3
301.3,1,19311616,windows,0,7880,7625,43,0,0,0,0,0,0,30,13,0
301.513,0,19482624,windows,0,26095,25791.2,83,0,0,0,0,0,0,61,19,3
301.558,1,19329024,windows,0,7585,7186.25,42,0,0,0,0,0,0,29,13,0
301.768,0,19500032,windows,0,20770,20521.2,73,0,0,0,0,0,0,50,20,3
301.809,1,19345408,windows,0,7585,7186.25,42,0,0,0,0,0,0,29,13,0
302.033,0,19517440,windows,0,19010,18771.2,70,0,0,0,0,0,0,48,19,3
302.071,1,19362816,windows,0,7300,6906.25,41,0,0,0,0,0,0,28,13,0
302.285,0,19533824,windows,0,18070,17695,68,0,0,0,0,0,0,46,19,3
302.336,1,19381248,windows,0,7300,6906.25,41,0,0,0,0,0,0,28,13,0
302.548,0,19550208,windows,0,16310,16310,64,0,0,0,0,0,0,42,19,3
302.586,1,19398656,windows,0,7300,6906.25,41,0,0,0,0,0,0,28,13,0
302.812,0,19567616,windows,0,13825,13337.5,58,0,0,0,0,0,0,35,19,4
302.839,1,19416064,windows,0,6760,6376.25,39,0,0,0,0,0,0,26,13,0
303.069,0,19585024,windows,0,12385,11937.5,56,0,0,0,0,0,0,35,17,4
303.096,1,19434496,windows,0,6760,6376.25,39,0,0,0,0,0,0,26,13,0
303.332,0,19603456,windows,0,12385,11937.5,56,0,0,0,0,0,0,35,17,4
303.353,1,19452928,windows,0,6505,6250,38,0,0,0,0,0,0,25,13,0
303.592,0,19621888,windows,0,11065,10617.5,52,0,0,0,0,0,0,31,17,4
303.604,1,19471360,windows,0,5800,5456.25,37,0,0,0,0,0,0,26,11,0
303.85,0,19640320,windows,0,10835,10356.2,52,0,0,0,0,0,0,33,16,3
303.859,1,19490816,windows,0,5380,5056.25,36,0,0,0,0,0,0,26,10,0
304.104,0,19658752,windows,0,9595,9280,48,0,0,0,0,0,0,29,16,3
304.113,1,19510272,windows,0,5125,4806.25,35,0,0,0,0,0,0,25,10,0
304.354,0,19676160,windows,0,9595,9280,48,0,0,0,0,0,0,29,16,3
304.368,1,19528704,windows,0,4880,4566.25,34,0,0,0,0,0,0,24,10,0
304.616,0,19694592,windows,0,9035,8720,46,0,0,0,0,0,0,27,16,3
304.629,1,19548160,windows,0,4265,4151.25,32,0,0,0,0,0,0,23,9,0
304.87,0,19712000,windows,0,9035,8720,46,0,0,0,0,0,0,27,16,3
304.88,1,19566592,windows,0,4265,4151.25,32,0,0,0,0,0,0,23,9,0
305.128,0,19728384,windows,0,8770,8455,45,0,0,0,0,0,0,26,16,3
305.141,1,19585024,windows,0,4265,4151.25,32,0,0,0,0,0,0,23,9,0
305.391,0,19745792,windows,0,8515,8200,44,0,0,0,0,0,0,25,16,3
305.404,1,19603456,windows,0,4040,3756.25,31,0,0,0,0,0,0,22,9,0
305.643,0,19763200,windows,0,8035,7720,42,0,0,0,0,0,0,23,16,3
305.668,1,19622912,windows,0,3925,3656.25,31,0,0,0,0,0,0,23,8,0
305.9,0,19781632,windows,0,8035,7720,42,0,0,0,0,0,0,23,16,3
305.926,1,19642368,windows,0,3925,3656.25,31,0,0,0,0,0,0,23,8,0
306.159,0,19800064,windows,0,7810,7386.25,41,0,0,0,0,0,0,22,16,3
306.191,1,19661824,windows,0,3485,3226.25,29,0,0,0,0,0,0,21,8,0
306.42,0,19817472,windows,0,7810,7386.25,41,0,0,0,0,0,0,22,16,3
306.453,1,19680256,windows,0,3485,3226.25,29,0,0,0,0,0,0,21,8,0
306.675,0,19833856,windows,0,7390,6976.25,39,0,0,0,0,0,0,20,16,3
306.707,1,19698688,windows,0,3485,3226.25,29,0,0,0,0,0,0,21,8,0
306.928,0,19851264,windows,0,7390,6976.25,39,0,0,0,0,0,0,20,16,3
306.968,1,19719168,windows,0,3485,3226.25,29,0,0,0,0,0,0,21,8,0
307.189,0,19868672,windows,0,7390,6976.25,39,0,0,0,0,0,0,20,16,3
307.23,1,19738624,windows,0,905,905,14,0,0,0,0,0,0,9,5,0
307.44,0,19887104,windows,0,7195,6880,38,0,0,0,0,0,0,19,16,3
307.483,1,19757056,windows,0,905,905,14,0,0,0,0,0,0,9,5,0
307.691,0,19904512,windows,0,7010,6695,37,0,0,0,0,0,0,18,16,3
307.734,1,19775488,windows,0,905,905,14,0,0,0,0,0,0,9,5,0
307.952,0,19920896,windows,0,7010,6695,37,0,0,0,0,0,0,18,16,3
307.998,1,19794944,windows,0,905,905,14,0,0,0,0,0,0,9,5,0
308.204,0,19939328,windows,0,7010,6695,37,0,0,0,0,0,0,18,16,3
308.249,1,19813376,windows,0,905,905,14,0,0,0,0,0,0,9,5,0
308.458,0,19958784,windows,0,7010,6695,37,0,0,0,0,0,0,18,16,3
308.512,1,19833856,windows,0,905,905,14,0,0,0,0,0,0,9,5,0
308.72,0,19977216,windows,0,905,905,14,0,0,0,0,0,0,9,5,0
308.778,1,19851264,windows,0,905,905,14,0,0,0,0,0,0,9,5,0
308.984,0,19996672,windows,0,905,905,14,0,0,0,0,0,0,9,5,0
309.043,1,19868672,windows,0,905,905,14,0,0,0,0,0,0,9,5,0
309.242,0,20017152,windows,0,905,905,14,0,0,0,0,0,0,9,5,0
309.31,1,19887104,windows,0,905,905,14,0,0,0,0,0,0,9,5,0
309.494,0,20036608,windows,0,905,905,14,0,0,0,0,0,0,9,5,0
309.564,1,19903488,windows,0,905,905,14,0,0,0,0,0,0,9,5,0
309.754,0,20054016,windows,0,905,905,14,0,0,0,0,0,0,9,5,0
309.82,1,19918848,windows,0,905,905,14,0,0,0,0,0,0,9,5,0
310.01,0,20072448,windows,0,905,905,14,0,0,0,0,0,0,9,5,0
310.082,1,19936256,windows,0,905,905,14,0,0,0,0,0,0,9,5,0
310.268,0,20087808,windows,0,905,905,14,0,0,0,0,0,0,9,5,0
310.338,1,19954688,windows,0,905,905,14,0,0,0,0,0,0,9,5,0
310.527,0,20104192,windows,0,905,905,14,0,0,0,0,0,0,9,5,0
310.6,1,19973120,windows,0,905,905,14,0,0,0,0,0,0,9,5,0
310.783,0,20119552,windows,0,905,905,14,0,0,0,0,0,0,9,5,0
310.864,1,19991552,windows,0,905,905,14,0,0,0,0,0,0,9,5,0
311.038,0,20135936,windows,0,905,905,14,0,0,0,0,0,0,9,5,0
311.127,1,20011008,windows,0,905,905,14,0,0,0,0,0,0,9,5,0
311.292,0,20152320,windows,0,905,905,14,0,0,0,0,0,0,9,5,0
311.383,1,20030464,windows,0,905,905,14,0,0,0,0,0,0,9,5,0
311.555,0,20169728,windows,0,905,905,14,0,0,0,0,0,0,9,5,0
311.644,1,20049920,windows,0,905,905,14,0,0,0,0,0,0,9,5,0
311.817,0,20187136,windows,0,905,905,14,0,0,0,0,0,0,9,5,0
311.896,1,20068352,windows,0,905,905,14,0,0,0,0,0,0,9,5,0
312.08,0,20203520,windows,0,905,905,14,0,0,0,0,0,0,9,5,0
312.15,1,20087808,windows,0,905,905,14,0,0,0,0,0,0,9,5,0
312.34,0,20219904,windows,0,905,905,14,0,0,0,0,0,0,9,5,0
312.404,1,20106240,windows,0,905,905,14,0,0,0,0,0,0,9,5,0
312.59,0,20236288,windows,0,905,905,14,0,0,0,0,0,0,9,5,0
312.661,1,20125696,windows,0,905,905,14,0,0,0,0,0,0,9,5,0
312.855,0,20252672,windows,0,905,905,14,0,0,0,0,0,0,9,5,0
312.92,1,20144128,windows,0,905,905,14,0,0,0,0,0,0,9,5,0
313.114,0,20268032,repair,0,905,905,14,0,0,0,0,0,0,9,5,0
313.17,1,20161536,windows,0,905,905,14,0,0,0,0,0,0,9,5,0
313.372,0,20283392,repair,0,905,905,14,0,0,0,0,0,0,9,5,0
313.426,1,20178944,windows,0,905,905,14,0,0,0,0,0,0,9,5,0
313.639,0,20299776,windows,0,905,905,14,0,0,0,0,0,0,9,5,0
313.686,1,20195328,windows,0,905,905,14,0,0,0,0,0,0,9,5,0
313.895,0,20316160,windows,0,905,905,14,0,0,0,0,0,0,9,5,0
313.936,1,20213760,windows,0,905,905,14,0,0,0,0,0,0,9,5,0
314.149,0,20330496,windows,0,905,905,14,0,0,0,0,0,0,9,5,0
314.195,1,20233216,windows,0,905,905,14,0,0,0,0,0,0,9,5,0
314.401,0,20345856,windows,0,905,905,14,0,0,0,0,0,0,9,5,0
314.451,1,20252672,windows,0,905,905,14,0,0,0,0,0,0,9,5,0
314.658,0,20360192,windows,0,905,905,14,0,0,0,0,0,0,9,5,0
314.702,1,20271104,windows,0,905,905,14,0,0,0,0,0,0,9,5,0
314.913,0,20374528,windows,0,905,905,14,0,0,0,0,0,0,9,5,0
314.955,1,20289536,windows,0,905,905,14,0,0,0,0,0,0,9,5,0
315.172,0,20388864,windows,0,905,905,14,0,0,0,0,0,0,9,5,0
315.207,1,20307968,windows,0,905,905,14,0,0,0,0,0,0,9,5,0
315.426,0,20403200,windows,0,905,905,14,0,0,0,0,0,0,9,5,0
315.458,1,20326400,windows,0,905,905,14,0,0,0,0,0,0,9,5,0
315.689,0,20417536,windows,0,905,905,14,0,0,0,0,0,0,9,5,0
315.718,1,20345856,windows,0,905,905,14,0,0,0,0,0,0,9,5,0
315.95,0,20431872,windows,0,905,905,14,0,0,0,0,0,0,9,5,0
315.979,1,20365312,windows,0,905,905,14,0,0,0,0,0,0,9,5,0
316.206,0,20445184,windows,0,905,905,14,0,0,0,0,0,0,9,5,0
316.235,1,20383744,repair,0,905,905,14,0,0,0,0,0,0,9,5,0
316.466,0,20459520,windows,0,905,905,14,0,0,0,0,0,0,9,5,0
316.489,1,20401152,repair,0,905,905,14,0,0,0,0,0,0,9,5,0
316.728,0,20474880,windows,0,905,905,14,0,0,0,0,0,0,9,5,0
316.745,1,20420608,repair,0,905,905,14,0,0,0,0,0,0,9,5,0
316.987,0,20490240,windows,0,905,905,14,0,0,0,0,0,0,9,5,0
317.003,1,20439040,windows,0,905,905,14,0,0,0,0,0,0,9,5,0
317.239,0,20504576,windows,0,905,905,14,0,0,0,0,0,0,9,5,0
317.254,1,20455424,windows,0,905,905,14,0,0,0,0,0,0,9,5,0
317.507,0,20519936,windows,0,905,905,14,0,0,0,0,0,0,9,5,0
317.513,1,20472832,windows,0,905,905,14,0,0,0,0,0,0,9,5,0
317.765,0,20535296,windows,0,905,905,14,0,0,0,0,0,0,9,5,0
317.768,1,20489216,windows,0,905,905,14,0,0,0,0,0,0,9,5,0
318.018,0,20551680,windows,0,905,905,14,0,0,0,0,0,0,9,5,0
318.028,1,20506624,windows,0,905,905,14,0,0,0,0,0,0,9,5,0
318.27,0,20568064,windows,0,905,905,14,0,0,0,0,0,0,9,5,0
318.281,1,20524032,windows,0,905,905,14,0,0,0,0,0,0,9,5,0
318.529,0,20584448,windows,0,905,905,14,0,0,0,0,0,0,9,5,0
318.537,1,20541440,windows,0,905,905,14,0,0,0,0,0,0,9,5,0
318.788,1,20558848,windows,0,905,905,14,0,0,0,0,0,0,9,5,0
318.791,0,20600832,windows,0,905,905,14,0,0,0,0,0,0,9,5,0
319.048,0,20616192,windows,0,905,905,14,0,0,0,0,0,0,9,5,0
319.055,1,20575232,windows,0,905,905,14,0,0,0,0,0,0,9,5,0
319.308,0,20632576,windows,0,905,905,14,0,0,0,0,0,0,9,5,0
319.313,1,20589568,windows,0,905,905,14,0,0,0,0,0,0,9,5,0
319.558,0,20648960,windows,0,905,905,14,0,0,0,0,0,0,9,5,0
319.568,1,20603904,windows,0,905,905,14,0,0,0,0,0,0,9,5,0
319.823,0,20662272,repair,0,905,905,14,0,0,0,0,0,0,9,5,0
319.828,1,20618240,windows,0,905,905,14,0,0,0,0,0,0,9,5,0
320.074,0,20676608,repair,0,905,905,14,0,0,0,0,0,0,9,5,0
320.079,1,20632576,windows,0,905,905,14,0,0,0,0,0,0,9,5,0
320.336,0,20695040,repair,0,905,905,14,0,0,0,0,0,0,9,5,0
320.341,1,20647936,windows,0,905,905,14,0,0,0,0,0,0,9,5,0
320.599,0,20713472,windows,0,905,905,14,0,0,0,0,0,0,9,5,0
320.606,1,20663296,windows,0,905,905,14,0,0,0,0,0,0,9,5,0
320.853,0,20730880,windows,0,905,905,14,0,0,0,0,0,0,9,5,0
320.867,1,20678656,windows,0,905,905,14,0,0,0,0,0,0,9,5,0
321.11,0,20749312,windows,0,905,905,14,0,0,0,0,0,0,9,5,0
321.122,1,20694016,windows,0,905,905,14,0,0,0,0,0,0,9,5,0
321.371,0,20767744,windows,0,905,905,14,0,0,0,0,0,0,9,5,0
321.384,1,20709376,windows,0,905,905,14,0,0,0,0,0,0,9,5,0
321.63,0,20785152,windows,0,905,905,14,0,0,0,0,0,0,9,5,0
321.635,1,20723712,repair,0,905,905,14,0,0,0,0,0,0,9,5,0
321.882,0,20802560,windows,0,905,905,14,0,0,0,0,0,0,9,5,0
321.89,1,20740096,repair,0,905,905,14,0,0,0,0,0,0,9,5,0
322.14,0,20820992,windows,0,905,905,14,0,0,0,0,0,0,9,5,0
322.142,1,20756480,windows,0,905,905,14,0,0,0,0,0,0,9,5,0
322.405,0,20839424,windows,0,905,905,14,0,0,0,0,0,0,9,5,0
322.408,1,20772864,windows,0,905,905,14,0,0,0,0,0,0,9,5,0
322.657,0,20856832,windows,0,905,905,14,0,0,0,0,0,0,9,5,0
322.674,1,20787200,windows,0,905,905,14,0,0,0,0,0,0,9,5,0
322.911,0,20875264,windows,0,905,905,14,0,0,0,0,0,0,9,5,0
322.94,1,20802560,windows,0,905,905,14,0,0,0,0,0,0,9,5,0
323.167,0,20893696,windows,0,905,905,14,0,0,0,0,0,0,9,5,0
323.198,1,20817920,windows,0,905,905,14,0,0,0,0,0,0,9,5,0
323.429,0,20912128,windows,0,905,905,14,0,0,0,0,0,0,9,5,0
323.453,1,20831232,windows,0,905,905,14,0,0,0,0,0,0,9,5,0
323.683,0,20929536,windows,0,905,905,14,0,0,0,0,0,0,9,5,0
323.709,1,20844544,windows,0,905,905,14,0,0,0,0,0,0,9,5,0
323.94,0,20947968,windows,0,905,905,14,0,0,0,0,0,0,9,5,0
323.965,1,20858880,windows,0,905,905,14,0,0,0,0,0,0,9,5,0
324.199,0,20966400,repair,0,905,905,14,0,0,0,0,0,0,9,5,0
324.227,1,20873216,windows,0,905,905,14,0,0,0,0,0,0,9,5,0
324.454,0,20983808,repair,0,905,905,14,0,0,0,0,0,0,9,5,0
324.491,1,20887552,windows,0,905,905,14,0,0,0,0,0,0,9,5,0
324.716,0,21002240,windows,0,905,905,14,0,0,0,0,0,0,9,5,0
324.749,1,20901888,windows,0,905,905,14,0,0,0,0,0,0,9,5,0
324.967,0,21018624,windows,0,905,905,14,0,0,0,0,0,0,9,5,0
325.01,1,20915200,windows,0,905,905,14,0,0,0,0,0,0,9,5,0
325.226,0,21035008,windows,0,905,905,14,0,0,0,0,0,0,9,5,0
325.278,1,20928512,windows,0,905,905,14,0,0,0,0,0,0,9,5,0
325.477,0,21051392,windows,0,905,905,14,0,0,0,0,0,0,9,5,0
325.529,1,20940800,windows,0,905,905,14,0,0,0,0,0,0,9,5,0
325.741,0,21067776,windows,0,905,905,14,0,0,0,0,0,0,9,5,0
325.798,1,20953088,windows,0,905,905,14,0,0,0,0,0,0,9,5,0
325.992,0,21084160,windows,0,905,905,14,0,0,0,0,0,0,9,5,0
326.054,1,20966400,windows,0,905,905,14,0,0,0,0,0,0,9,5,0
326.243,0,21100544,windows,0,905,905,14,0,0,0,0,0,0,9,5,0
326.305,1,20981760,windows,0,905,905,14,0,0,0,0,0,0,9,5,0
326.502,0,21117952,windows,0,905,905,14,0,0,0,0,0,0,9,5,0
326.559,1,20996096,windows,0,905,905,14,0,0,0,0,0,0,9,5,0
326.766,0,21135360,windows,0,905,905,14,0,0,0,0,0,0,9,5,0
326.822,1,21010432,windows,0,905,905,14,0,0,0,0,0,0,9,5,0
327.018,0,21152768,windows,0,905,905,14,0,0,0,0,0,0,9,5,0
327.076,1,21025792,windows,0,905,905,14,0,0,0,0,0,0,9,5,0
327.284,0,21169152,windows,0,905,905,14,0,0,0,0,0,0,9,5,0
327.33,1,21040128,repair,1024,7.47735e+07,7.47735e+07,2680,11,41,37,593,342,0,1621,847,212
327.543,0,21185536,windows,0,905,905,14,0,0,0,0,0,0,9,5,0
327.592,1,21059584,repair,669,2.68987e+08,2.68923e+08,7229,49,132,112,252,124,0,4095,2948,186
327.799,0,21198848,repair,805,2.58759e+08,2.58701e+08,6921,52,176,148,279,150,0,3775,2931,215
327.851,1,21081088,repair,520,2.71377e+08,2.71356e+08,7271,36,99,105,186,94,0,4100,3005,166
328.051,0,21218304,repair,627,2.74924e+08,2.74838e+08,7280,39,135,95,252,106,0,4111,3000,169
328.113,1,21103616,repair,412,2.32605e+08,2.32585e+08,6895,18,88,69,152,85,0,4036,2706,153
328.303,0,21237760,repair,528,2.52074e+08,2.51997e+08,7061,35,112,82,179,120,0,4027,2861,173
328.364,1,21125120,repair,314,2.13692e+08,2.13673e+08,6584,17,66,45,123,63,0,3827,2622,135
328.566,0,21258240,repair,411,2.31422e+08,2.31363e+08,6855,29,92,75,133,82,0,3976,2720,159
328.617,1,21143552,repair,255,1.95527e+08,1.95455e+08,6282,9,41,45,96,64,0,3625,2527,130
328.821,0,21276672,repair,330,2.10596e+08,2.10539e+08,6446,24,57,48,135,66,0,3671,2646,129
328.879,1,21160960,repair,205,1.79558e+08,1.79555e+08,6076,6,30,28,98,43,0,3575,2388,113
329.081,0,21296128,repair,270,1.87789e+08,1.8774e+08,6228,17,55,43,102,53,0,3650,2438,140
329.137,1,21179392,repair,151,1.62271e+08,1.62254e+08,5834,10,23,17,60,41,0,3493,2240,101
329.333,0,21314560,repair,212,1.74404e+08,1.74336e+08,6015,13,41,30,91,37,0,3544,2345,126
329.389,1,21198848,repair,116,1.45413e+08,1.45393e+08,5565,7,24,10,50,25,0,3368,2098,99
329.587,0,21332992,repair,155,1.57586e+08,1.57538e+08,5718,7,25,16,69,38,0,3385,2228,105
329.645,1,21219328,repair,80,1.33787e+08,1.33748e+08,5380,1,8,13,36,22,0,3308,1983,89
329.843,0,21351424,repair,112,1.49538e+08,1.49492e+08,5613,2,21,15,49,25,0,3362,2149,102
329.899,1,21239808,repair,45,1.24137e+08,1.24118e+08,5242,0,7,5,19,14,0,3268,1876,98
330.102,0,21370880,repair,77,1.41356e+08,1.41312e+08,5506,6,13,13,25,20,0,3343,2062,101
330.157,1,21259264,repair,21,1.14858e+08,1.14803e+08,4999,0,3,3,9,6,0,3069,1837,93
330.361,0,21389312,repair,45,1.28706e+08,1.28703e+08,5216,3,8,9,15,10,0,3149,1986,81
330.418,1,21280768,repair,11,9.78539e+07,9.78364e+07,4707,0,4,0,3,4,0,3003,1621,83
330.621,0,21408768,repair,19,1.20508e+08,1.20469e+08,5118,0,3,3,9,4,0,3180,1868,70
330.671,1,21300224,repair,3,8.4537e+07,8.45076e+07,4410,0,0,2,0,1,0,2865,1472,73
330.882,0,21428224,repair,8,1.03708e+08,1.03706e+08,4814,0,1,2,3,2,0,3044,1691,79
330.927,1,21321728,repair,0,7.01158e+07,7.0074e+07,4039,0,0,0,0,0,0,2644,1323,72
331.134,0,21446656,repair,5,8.77683e+07,8.77236e+07,4480,0,1,1,2,1,0,2901,1509,70
331.183,1,21340160,windows,0,5.34356e+07,5.34221e+07,3533,0,0,0,0,0,0,2322,1148,63
331.396,0,21468160,repair,1,6.79132e+07,6.7885e+07,3955,0,0,0,1,0,0,2575,1316,64
331.443,1,21358592,windows,0,4.28689e+07,4.28689e+07,3162,0,0,0,0,0,0,2061,1037,64
331.651,0,21488640,repair,0,5.79081e+07,5.78823e+07,3672,0,0,0,0,0,0,2412,1198,62
331.705,1,21376000,windows,0,3.31394e+07,3.31394e+07,2777,0,0,0,0,0,0,1810,913,54
331.904,0,21509120,windows,0,4.63983e+07,4.63663e+07,3299,0,0,0,0,0,0,2206,1049,44
331.958,1,21392384,windows,0,2.74293e+07,2.74293e+07,2527,0,0,0,0,0,0,1676,817,34
332.164,0,21523456,windows,0,3.78338e+07,3.78051e+07,2996,0,0,0,0,0,0,2024,930,42
332.217,1,21408768,windows,0,2.29222e+07,2.28989e+07,2342,0,0,0,0,0,0,1595,713,34
332.415,0,21539840,windows,0,3.13748e+07,3.13734e+07,2757,0,0,0,0,0,0,1890,820,47
332.471,1,21426176,windows,0,1.92912e+07,1.92837e+07,2165,0,0,0,0,0,0,1487,640,38
332.668,0,21556224,windows,0,2.65844e+07,2.65593e+07,2535,0,0,0,0,0,0,1738,756,41
332.726,1,21441536,windows,0,1.56934e+07,1.56806e+07,1950,0,0,0,0,0,0,1329,584,37
332.93,0,21573632,windows,0,2.19332e+07,2.19244e+07,2292,0,0,0,0,0,0,1559,698,35
332.99,1,21455872,windows,0,1.3472e+07,1.34606e+07,1825,0,0,0,0,0,0,1270,518,37
333.197,0,21590016,windows,0,1.7242e+07,1.72217e+07,2023,0,0,0,0,0,0,1362,630,31
333.247,1,21471232,windows,0,1.14819e+07,1.14723e+07,1686,0,0,0,0,0,0,1169,480,37
333.452,0,21606400,windows,0,1.45405e+07,1.45397e+07,1869,0,0,0,0,0,0,1279,563,27
333.503,1,21487616,windows,0,9.76632e+06,9.75717e+06,1541,0,0,0,0,0,0,1053,458,30
333.711,0,21623808,windows,0,1.21742e+07,1.21742e+07,1726,0,0,0,0,0,0,1218,487,21
333.766,1,21504000,windows,0,7.9554e+06,7.94279e+06,1409,0,0,0,0,0,0,1005,380,24
333.963,0,21640192,windows,0,1.02307e+07,1.02247e+07,1561,0,0,0,0,0,0,1061,479,21
334.03,1,21521408,windows,0,6.38066e+06,6.37563e+06,1254,0,0,0,0,0,0,877,355,22
334.22,0,21656576,windows,0,8.0695e+06,8.0557e+06,1382,0,0,0,0,0,0,934,430,18
334.287,1,21538816,windows,0,5.36407e+06,5.36407e+06,1156,0,0,0,0,0,0,814,319,23
334.483,0,21673984,windows,0,6.71288e+06,6.70829e+06,1291,0,0,0,0,0,0,919,352,20
334.537,1,21556224,windows,0,4.60314e+06,4.60314e+06,1080,0,0,0,0,0,0,774,282,24
334.735,0,21690368,windows,0,5.68618e+06,5.68618e+06,1175,0,0,0,0,0,0,819,341,15
334.794,1,21572608,windows,0,3.60139e+06,3.59213e+06,945,0,0,0,0,0,0,656,268,21
334.996,0,21707776,windows,0,4.79552e+06,4.79517e+06,1082,0,0,0,0,0,0,764,306,12
335.05,1,21590016,windows,0,2.9105e+06,2.90522e+06,854,0,0,0,0,0,0,599,235,20
335.263,0,21724160,windows,0,3.81644e+06,3.81027e+06,958,0,0,0,0,0,0,656,288,14
335.302,1,21607424,windows,0,2.45038e+06,2.45038e+06,784,0,0,0,0,0,0,562,208,14
335.523,0,21740544,windows,0,3.13655e+06,3.13302e+06,880,0,0,0,0,0,0,618,247,15
335.554,1,21624832,windows,0,2.02682e+06,2.02647e+06,712,0,0,0,0,0,0,510,190,12
335.782,0,21756928,windows,0,2.63471e+06,2.62745e+06,810,0,0,0,0,0,0,578,219,13
335.816,1,21641216,windows,0,1.58082e+06,1.57499e+06,617,0,0,0,0,0,0,419,187,11
336.046,0,21773312,windows,0,2.2282e+06,2.22148e+06,743,0,0,0,0,0,0,526,205,12
336.08,1,21657600,windows,0,1.25495e+06,1.2528e+06,554,0,0,0,0,0,0,390,157,7
336.306,0,21789696,windows,0,1.70426e+06,1.69805e+06,656,0,0,0,0,0,0,469,173,14
336.335,1,21673984,windows,0,1.0456e+06,1.04276e+06,512,0,0,0,0,0,0,373,132,7
336.568,0,21807104,windows,0,1.34975e+06,1.34975e+06,580,0,0,0,0,0,0,410,159,11
336.59,1,21691392,windows,0,902600,900649,474,0,0,0,0,0,0,332,132,10
336.821,0,21823488,windows,0,1.17324e+06,1.17014e+06,547,0,0,0,0,0,0,397,138,12
336.849,1,21707776,windows,0,739375,736758,433,0,0,0,0,0,0,307,115,11
337.088,0,21840896,windows,0,1.00274e+06,999658,502,0,0,0,0,0,0,353,137,12
337.11,1,21723136,windows,0,598825,598532,390,0,0,0,0,0,0,277,103,10
337.346,0,21857280,windows,0,760450,760450,435,0,0,0,0,0,0,310,118,7
337.362,1,21740544,windows,0,484930,484930,354,0,0,0,0,0,0,260,85,9
337.608,0,21873664,windows,0,609760,608311,393,0,0,0,0,0,0,290,97,6
337.613,1,21757952,windows,0,409810,408601,325,0,0,0,0,0,0,242,76,7
337.872,1,21774336,windows,0,325685,324711,283,0,0,0,0,0,0,195,82,6
337.873,0,21891072,windows,0,509765,508451,361,0,0,0,0,0,0,263,90,8
338.124,1,21787648,windows,0,259040,259040,253,0,0,0,0,0,0,174,73,6
338.131,0,21908480,windows,0,449705,447818,340,0,0,0,0,0,0,249,83,8
338.377,1,21799936,windows,0,227080,224886,236,0,0,0,0,0,0,160,70,6
338.387,0,21924864,windows,0,330845,330672,289,0,0,0,0,0,0,207,76,6
338.638,1,21814272,windows,0,190040,190040,220,0,0,0,0,0,0,156,58,6
338.64,0,21941248,windows,0,269950,269950,261,0,0,0,0,0,0,188,68,5
338.903,0,21958656,windows,0,222395,222395,238,0,0,0,0,0,0,173,60,5
338.906,1,21829632,windows,0,176845,175570,207,0,0,0,0,0,0,137,64,6
339.155,0,21975040,windows,0,194435,193280,222,0,0,0,0,0,0,159,58,5
339.172,1,21843968,windows,0,152255,152255,195,0,0,0,0,0,0,131,57,7
339.405,0,21991424,windows,0,153970,152855,197,0,0,0,0,0,0,134,56,7
339.426,1,21859328,windows,0,117650,117650,174,0,0,0,0,0,0,120,47,7
339.668,0,22007808,windows,0,113890,112692,172,0,0,0,0,0,0,116,47,9
339.679,1,21876736,windows,0,98150,96523.8,158,0,0,0,0,0,0,106,45,7
339.927,0,22024192,windows,0,99665,98236.2,160,0,0,0,0,0,0,107,45,8
339.94,1,21895168,windows,0,83435,83232.5,144,0,0,0,0,0,0,93,44,7
340.182,0,22039552,windows,0,88070,88070,152,0,0,0,0,0,0,106,39,7
340.2,1,21912576,windows,0,73120,71673.8,138,0,0,0,0,0,0,92,38,8
340.446,0,22057984,windows,0,75580,75580,141,0,0,0,0,0,0,100,35,6
340.451,1,21929984,windows,0,50875,50875,116,0,0,0,0,0,0,83,28,5
340.705,0,22075392,windows,0,55195,55195,118,0,0,0,0,0,0,83,32,3
340.708,1,21948416,windows,0,42775,42278.8,105,0,0,0,0,0,0,71,29,5
340.958,1,21965824,windows,0,38770,38627.5,101,0,0,0,0,0,0,70,26,5
340.962,0,22092800,windows,0,52750,52750,115,0,0,0,0,0,0,80,32,3
341.213,0,22110208,windows,0,46880,46132.5,108,0,0,0,0,0,0,72,32,4
341.223,1,21985280,windows,0,36715,36057.5,98,0,0,0,0,0,0,67,26,5
341.469,0,22127616,windows,0,41915,41915,104,0,0,0,0,0,0,75,26,3
341.485,1,22003712,windows,0,27835,26963.8,86,0,0,0,0,0,0,59,22,5
341.72,0,22145024,windows,0,34555,34555,92,0,0,0,0,0,0,61,28,3
341.736,1,22021120,windows,0,24150,23323.8,80,0,0,0,0,0,0,54,21,5
341.976,0,22162432,windows,0,30695,30381.2,89,0,0,0,0,0,0,63,23,3
342.001,1,22039552,windows,0,21485,21485,75,0,0,0,0,0,0,51,20,4
342.233,0,22179840,windows,0,27670,27381.2,84,0,0,0,0,0,0,58,23,3
342.262,1,22055936,windows,0,19780,19521.2,73,0,0,0,0,0,0,52,17,4
342.496,0,22197248,windows,0,25975,25701.2,81,0,0,0,0,0,0,55,23,3
342.52,1,22073344,windows,0,16840,16840,67,0,0,0,0,0,0,46,17,4
342.761,0,22215680,windows,0,23995,23648.8,78,0,0,0,0,0,0,53,22,3
342.786,1,22090752,windows,0,15080,15080,63,0,0,0,0,0,0,42,17,4
343.015,0,22233088,windows,0,22165,21486.2,75,0,0,0,0,0,0,49,22,4
343.045,1,22108160,windows,0,14225,13930,62,0,0,0,0,0,0,43,15,4
343.268,0,22250496,windows,0,20345,20111.2,72,0,0,0,0,0,0,47,21,4
343.298,1,22125568,windows,0,13800,13296.2,61,0,0,0,0,0,0,42,15,4
343.521,0,22267904,windows,0,18850,18850,69,0,0,0,0,0,0,46,20,3
343.552,1,22144000,windows,0,12400,11926.2,58,0,0,0,0,0,0,40,14,4
343.78,0,22286336,windows,0,18535,18535,69,0,0,0,0,0,0,47,19,3
343.814,1,22162432,windows,0,10705,10705,54,0,0,0,0,0,0,37,13,4
344.038,0,22303744,windows,0,17170,16951.2,66,0,0,0,0,0,0,44,19,3
344.073,1,22180864,windows,0,10370,10181.2,53,0,0,0,0,0,0,38,12,3
344.291,0,22321152,windows,0,16735,16521.2,65,0,0,0,0,0,0,43,19,3
344.342,1,22199296,windows,0,10370,10181.2,53,0,0,0,0,0,0,38,12,3
344.55,0,22339584,windows,0,15895,15895,63,0,0,0,0,0,0,41,19,3
344.595,1,22216704,windows,0,9630,9395,51,0,0,0,0,0,0,36,12,3
344.806,0,22356992,windows,0,15095,15095,61,0,0,0,0,0,0,39,19,3
344.858,1,22235136,windows,0,9630,9395,51,0,0,0,0,0,0,36,12,3
345.068,0,22374400,windows,0,14205,14011.2,59,0,0,0,0,0,0,39,18,2
345.121,1,22253568,windows,0,9275,9101.25,50,0,0,0,0,0,0,35,12,3
345.321,0,22391808,windows,0,13820,13631.2,58,0,0,0,0,0,0,38,18,2
345.382,1,22272000,windows,0,9275,9101.25,50,0,0,0,0,0,0,35,12,3
345.576,0,22409216,windows,0,12725,12725,55,0,0,0,0,0,0,35,18,2
345.633,1,22288384,windows,0,8665,8450,48,0,0,0,0,0,0,35,11,2
345.836,0,22427648,windows,0,12725,12725,55,0,0,0,0,0,0,35,18,2
345.886,1,22306816,windows,0,8320,7936.25,47,0,0,0,0,0,0,34,11,2
346.098,0,22447104,windows,0,12380,12380,55,0,0,0,0,0,0,36,17,2
346.142,1,22325248,windows,0,7985,7770,46,0,0,0,0,0,0,33,11,2
346.359,0,22465536,windows,0,11680,11511.2,53,0,0,0,0,0,0,34,17,2
346.399,1,22343680,windows,0,7495,7412.5,45,0,0,0,0,0,0,31,11,3
346.61,0,22482944,windows,0,11345,11181.2,52,0,0,0,0,0,0,33,17,2
346.664,1,22361088,windows,0,6770,6770,42,0,0,0,0,0,0,32,9,1
346.875,0,22502400,windows,0,11345,11181.2,52,0,0,0,0,0,0,33,17,2
346.923,1,22378496,windows,0,6770,6770,42,0,0,0,0,0,0,32,9,1
347.128,0,22520832,windows,0,11020,10861.2,51,0,0,0,0,0,0,32,17,2
347.177,1,22395904,windows,0,6770,6770,42,0,0,0,0,0,0,32,9,1
347.389,0,22540288,windows,0,11020,10861.2,51,0,0,0,0,0,0,32,17,2
347.436,1,22413312,windows,0,6770,6770,42,0,0,0,0,0,0,32,9,1
347.644,0,22558720,windows,0,10705,10551.2,50,0,0,0,0,0,0,31,17,2
347.698,1,22430720,windows,0,6770,6770,42,0,0,0,0,0,0,32,9,1
347.902,0,22577152,windows,0,10705,10551.2,50,0,0,0,0,0,0,31,17,2
347.957,1,22449152,windows,0,6235,6040,40,0,0,0,0,0,0,29,10,1
348.164,0,22595584,windows,0,9650,9501.25,47,0,0,0,0,0,0,30,16,1
348.209,1,22466560,windows,0,5855,5855,39,0,0,0,0,0,0,29,9,1
348.416,0,22614016,windows,0,9650,9501.25,47,0,0,0,0,0,0,30,16,1
348.46,1,22483968,windows,0,5570,5570,38,0,0,0,0,0,0,28,9,1
348.68,0,22632448,windows,0,9335,9335,47,0,0,0,0,0,0,31,15,1
348.722,1,22501376,windows,0,5295,5295,37,0,0,0,0,0,0,27,9,1
348.942,0,22651904,windows,0,9030,9030,46,0,0,0,0,0,0,30,15,1
348.976,1,22517760,windows,0,4955,4955,36,0,0,0,0,0,0,27,8,1
349.195,0,22669312,windows,0,8735,8735,45,0,0,0,0,0,0,29,15,1
349.241,1,22534144,windows,0,4955,4955,36,0,0,0,0,0,0,27,8,1
349.448,0,22686720,windows,0,8735,8735,45,0,0,0,0,0,0,29,15,1
349.496,1,22549504,windows,0,4955,4955,36,0,0,0,0,0,0,27,8,1
349.712,0,22705152,windows,0,8735,8735,45,0,0,0,0,0,0,29,15,1
349.759,1,22565888,windows,0,4955,4955,36,0,0,0,0,0,0,27,8,1
349.974,0,22723584,windows,0,8175,8175,43,0,0,0,0,0,0,27,15,1
350.01,1,22582272,windows,0,905,905,14,0,0,0,0,0,0,9,5,0
350.227,0,22740992,windows,0,8175,8175,43,0,0,0,0,0,0,27,15,1
350.266,1,22601728,windows,0,905,905,14,0,0,0,0,0,0,9,5,0
350.482,0,22759424,windows,0,7910,7910,42,0,0,0,0,0,0,26,15,1
350.524,1,22622208,windows,0,905,905,14,0,0,0,0,0,0,9,5,0
350.736,0,22777856,windows,0,7910,7910,42,0,0,0,0,0,0,26,15,1
350.775,1,22641664,windows,0,905,905,14,0,0,0,0,0,0,9,5,0
350.988,0,22796288,windows,0,7910,7910,42,0,0,0,0,0,0,26,15,1
351.03,1,22661120,windows,0,905,905,14,0,0,0,0,0,0,9,5,0
351.242,0,22814720,windows,0,7655,7655,41,0,0,0,0,0,0,25,15,1
351.291,1,22680576,windows,0,905,905,14,0,0,0,0,0,0,9,5,0
351.496,0,22833152,windows,0,7330,7201.25,41,0,0,0,0,0,0,26,14,1
351.548,1,22699008,windows,0,905,905,14,0,0,0,0,0,0,9,5,0
351.758,0,22850560,windows,0,7330,7201.25,41,0,0,0,0,0,0,26,14,1
351.805,1,22717440,windows,0,905,905,14,0,0,0,0,0,0,9,5,0
352.02,0,22868992,windows,0,7330,7201.25,41,0,0,0,0,0,0,26,14,1
352.057,1,22735872,windows,0,905,905,14,0,0,0,0,0,0,9,5,0
352.272,0,22887424,windows,0,7055,6921.25,41,0,0,0,0,0,0,27,13,1
352.308,1,22754304,windows,0,905,905,14,0,0,0,0,0,0,9,5,0
352.524,0,22905856,windows,0,6790,6790,40,0,0,0,0,0,0,26,13,1
352.57,1,22773760,windows,0,905,905,14,0,0,0,0,0,0,9,5,0
352.788,0,22924288,windows,0,6535,6535,39,0,0,0,0,0,0,25,13,1
352.825,1,22792192,windows,0,905,905,14,0,0,0,0,0,0,9,5,0
353.048,0,22941696,windows,0,6290,6171.25,38,0,0,0,0,0,0,24,13,1
353.085,1,22811648,windows,0,905,905,14,0,0,0,0,0,0,9,5,0
353.299,0,22958080,windows,0,6290,6171.25,38,0,0,0,0,0,0,24,13,1
353.344,1,22832128,windows,0,905,905,14,0,0,0,0,0,0,9,5,0
353.559,0,22975488,windows,0,6290,6171.25,38,0,0,0,0,0,0,24,13,1
353.595,1,22852608,windows,0,905,905,14,0,0,0,0,0,0,9,5,0
353.82,0,22992896,windows,0,6290,6171.25,38,0,0,0,0,0,0,24,13,1
353.852,1,22872064,windows,0,905,905,14,0,0,0,0,0,0,9,5,0
354.073,0,23011328,windows,0,6290,6171.25,38,0,0,0,0,0,0,24,13,1
354.108,1,22891520,windows,0,905,905,14,0,0,0,0,0,0,9,5,0
354.336,0,23030784,windows,0,905,905,14,0,0,0,0,0,0,9,5,0
354.367,1,22910976,windows,0,905,905,14,0,0,0,0,0,0,9,5,0
354.6,0,23050240,windows,0,905,905,14,0,0,0,0,0,0,9,5,0
354.618,1,22928384,windows,0,905,905,14,0,0,0,0,0,0,9,5,0
354.861,0,23070720,windows,0,905,905,14,0,0,0,0,0,0,9,5,0
354.881,1,22947840,windows,0,905,905,14,0,0,0,0,0,0,9,5,0
355.124,0,23091200,windows,0,905,905,14,0,0,0,0,0,0,9,5,0
355.131,1,22966272,windows,0,905,905,14,0,0,0,0,0,0,9,5,0
355.381,0,23109632,windows,0,905,905,14,0,0,0,0,0,0,9,5,0
355.389,1,22983680,windows,0,905,905,14,0,0,0,0,0,0,9,5,0
355.631,0,23128064,windows,0,905,905,14,0,0,0,0,0,0,9,5,0
355.641,1,23001088,windows,0,905,905,14,0,0,0,0,0,0,9,5,0
355.892,1,23017472,windows,0,905,905,14,0,0,0,0,0,0,9,5,0
355.893,0,23146496,windows,0,905,905,14,0,0,0,0,0,0,9,5,0
356.151,1,23033856,windows,0,905,905,14,0,0,0,0,0,0,9,5,0
356.156,0,23164928,windows,0,905,905,14,0,0,0,0,0,0,9,5,0
356.406,1,23052288,windows,0,905,905,14,0,0,0,0,0,0,9,5,0
356.415,0,23182336,windows,0,905,905,14,0,0,0,0,0,0,9,5,0
356.664,1,23071744,windows,0,905,905,14,0,0,0,0,0,0,9,5,0
356.676,0,23201792,windows,0,905,905,14,0,0,0,0,0,0,9,5,0
356.917,1,23092224,windows,0,905,905,14,0,0,0,0,0,0,9,5,0
356.927,0,23220224,windows,0,905,905,14,0,0,0,0,0,0,9,5,0
357.177,1,23113728,windows,0,905,905,14,0,0,0,0,0,0,9,5,0
357.185,0,23239680,windows,0,905,905,14,0,0,0,0,0,0,9,5,0
357.436,1,23136256,windows,0,905,905,14,0,0,0,0,0,0,9,5,0
357.443,0,23261184,windows,0,905,905,14,0,0,0,0,0,0,9,5,0
357.695,1,23156736,windows,0,905,905,14,0,0,0,0,0,0,9,5,0
357.699,0,23279616,windows,0,905,905,14,0,0,0,0,0,0,9,5,0
357.946,1,23174144,repair,0,905,905,14,0,0,0,0,0,0,9,5,0
357.953,0,23299072,windows,0,905,905,14,0,0,0,0,0,0,9,5,0
358.201,1,23192576,windows,0,905,905,14,0,0,0,0,0,0,9,5,0
358.215,0,23318528,repair,0,905,905,14,0,0,0,0,0,0,9,5,0
358.452,1,23209984,windows,0,905,905,14,0,0,0,0,0,0,9,5,0
358.479,0,23336960,repair,0,905,905,14,0,0,0,0,0,0,9,5,0
358.712,1,23228416,windows,0,905,905,14,0,0,0,0,0,0,9,5,0
358.74,0,23356416,windows,0,905,905,14,0,0,0,0,0,0,9,5,0
358.97,1,23245824,windows,0,905,905,14,0,0,0,0,0,0,9,5,0
358.999,0,23373824,windows,0,905,905,14,0,0,0,0,0,0,9,5,0
359.227,1,23262208,windows,0,905,905,14,0,0,0,0,0,0,9,5,0
359.257,0,23389184,windows,0,905,905,14,0,0,0,0,0,0,9,5,0
359.482,1,23279616,windows,0,905,905,14,0,0,0,0,0,0,9,5,0
359.512,0,23404544,windows,0,905,905,14,0,0,0,0,0,0,9,5,0
359.736,1,23296000,windows,0,905,905,14,0,0,0,0,0,0,9,5,0
359.775,0,23421952,windows,0,905,905,14,0,0,0,0,0,0,9,5,0
359.993,1,23312384,windows,0,905,905,14,0,0,0,0,0,0,9,5,0
360.038,0,23439360,windows,0,905,905,14,0,0,0,0,0,0,9,5,0
360.262,1,23329792,windows,0,905,905,14,0,0,0,0,0,0,9,5,0
360.294,0,23457792,windows,0,905,905,14,0,0,0,0,0,0,9,5,0
360.522,1,23348224,windows,0,905,905,14,0,0,0,0,0,0,9,5,0
360.556,0,23477248,windows,0,905,905,14,0,0,0,0,0,0,9,5,0
360.777,1,23366656,windows,0,905,905,14,0,0,0,0,0,0,9,5,0
360.817,0,23495680,windows,0,905,905,14,0,0,0,0,0,0,9,5,0
361.032,1,23385088,windows,0,905,905,14,0,0,0,0,0,0,9,5,0
361.07,0,23512064,windows,0,905,905,14,0,0,0,0,0,0,9,5,0
361.286,1,23404544,windows,0,905,905,14,0,0,0,0,0,0,9,5,0
361.328,0,23531520,windows,0,905,905,14,0,0,0,0,0,0,9,5,0
361.539,1,23422976,windows,0,905,905,14,0,0,0,0,0,0,9,5,0
361.58,0,23552000,repair,0,905,905,14,0,0,0,0,0,0,9,5,0
361.794,1,23441408,repair,0,905,905,14,0,0,0,0,0,0,9,5,0
361.84,0,23571456,windows,0,905,905,14,0,0,0,0,0,0,9,5,0
362.05,1,23458816,windows,0,905,905,14,0,0,0,0,0,0,9,5,0
362.099,0,23588864,windows,0,905,905,14,0,0,0,0,0,0,9,5,0
362.306,1,23476224,windows,0,905,905,14,0,0,0,0,0,0,9,5,0
362.362,0,23606272,windows,0,905,905,14,0,0,0,0,0,0,9,5,0
362.567,1,23493632,windows,0,905,905,14,0,0,0,0,0,0,9,5,0
362.62,0,23624704,windows,0,905,905,14,0,0,0,0,0,0,9,5,0
362.825,1,23511040,windows,0,905,905,14,0,0,0,0,0,0,9,5,0
362.883,0,23644160,windows,0,905,905,14,0,0,0,0,0,0,9,5,0
363.082,1,23528448,windows,0,905,905,14,0,0,0,0,0,0,9,5,0
363.145,0,23662592,windows,0,905,905,14,0,0,0,0,0,0,9,5,0
363.348,1,23546880,windows,0,905,905,14,0,0,0,0,0,0,9,5,0
363.406,0,23680000,windows,0,905,905,14,0,0,0,0,0,0,9,5,0
363.6,1,23563264,windows,0,905,905,14,0,0,0,0,0,0,9,5,0
363.666,0,23698432,windows,0,905,905,14,0,0,0,0,0,0,9,5,0
363.863,1,23580672,windows,0,905,905,14,0,0,0,0,0,0,9,5,0
363.921,0,23717888,windows,0,905,905,14,0,0,0,0,0,0,9,5,0
364.128,1,23598080,windows,0,905,905,14,0,0,0,0,0,0,9,5,0
364.173,0,23737344,windows,0,905,905,14,0,0,0,0,0,0,9,5,0
364.385,1,23615488,windows,0,905,905,14,0,0,0,0,0,0,9,5,0
364.435,0,23756800,repair,0,905,905,14,0,0,0,0,0,0,9,5,0
364.637,1,23631872,windows,0,905,905,14,0,0,0,0,0,0,9,5,0
364.695,0,23774208,repair,0,905,905,14,0,0,0,0,0,0,9,5,0
364.89,1,23650304,windows,0,905,905,14,0,0,0,0,0,0,9,5,0
364.946,0,23792640,windows,0,905,905,14,0,0,0,0,0,0,9,5,0
365.143,1,23668736,windows,0,905,905,14,0,0,0,0,0,0,9,5,0
365.202,0,23811072,windows,0,905,905,14,0,0,0,0,0,0,9,5,0
365.406,1,23687168,windows,0,905,905,14,0,0,0,0,0,0,9,5,0
365.466,0,23829504,windows,0,905,905,14,0,0,0,0,0,0,9,5,0
365.669,1,23705600,windows,0,905,905,14,0,0,0,0,0,0,9,5,0
365.721,0,23846912,windows,0,905,905,14,0,0,0,0,0,0,9,5,0
365.933,1,23723008,repair,0,905,905,14,0,0,0,0,0,0,9,5,0
365.982,0,23865344,windows,0,905,905,14,0,0,0,0,0,0,9,5,0
366.191,1,23741440,repair,0,905,905,14,0,0,0,0,0,0,9,5,0
366.239,0,23882752,windows,0,905,905,14,0,0,0,0,0,0,9,5,0
366.455,1,23758848,windows,0,905,905,14,0,0,0,0,0,0,9,5,0
366.504,0,23901184,windows,0,905,905,14,0,0,0,0,0,0,9,5,0
366.708,1,23776256,windows,0,905,905,14,0,0,0,0,0,0,9,5,0
366.754,0,23917568,windows,0,905,905,14,0,0,0,0,0,0,9,5,0
366.959,1,23792640,windows,0,905,905,14,0,0,0,0,0,0,9,5,0
367.01,0,23933952,windows,0,905,905,14,0,0,0,0,0,0,9,5,0
367.213,1,23810048,windows,0,905,905,14,0,0,0,0,0,0,9,5,0
367.273,0,23951360,windows,0,905,905,14,0,0,0,0,0,0,9,5,0
367.471,1,23827456,windows,0,905,905,14,0,0,0,0,0,0,9,5,0
367.528,0,23969792,repair,0,905,905,14,0,0,0,0,0,0,9,5,0
367.736,1,23845888,windows,0,905,905,14,0,0,0,0,0,0,9,5,0
367.786,0,23989248,repair,0,905,905,14,0,0,0,0,0,0,9,5,0
367.991,1,23864320,windows,0,905,905,14,0,0,0,0,0,0,9,5,0
368.041,0,24009728,windows,0,905,905,14,0,0,0,0,0,0,9,5,0
368.246,1,23882752,windows,0,905,905,14,0,0,0,0,0,0,9,5,0
368.302,0,24028160,windows,0,905,905,14,0,0,0,0,0,0,9,5,0
368.504,1,23901184,windows,0,905,905,14,0,0,0,0,0,0,9,5,0
368.554,0,24046592,windows,0,905,905,14,0,0,0,0,0,0,9,5,0
368.784,1,23918592,repair,1053,8.8865e+07,8.88438e+07,3229,25,48,49,598,333,0,1951,1060,218
368.804,0,24064000,windows,0,905,905,14,0,0,0,0,0,0,9,5,0
369.037,1,23939072,repair,687,2.71897e+08,2.71877e+08,7151,52,157,119,224,135,0,3976,3015,160
369.06,0,24081408,windows,0,905,905,14,0,0,0,0,0,0,9,5,0
369.289,1,23961600,repair,541,2.56481e+08,2.56456e+08,7151,36,118,96,179,112,0,4109,2870,172
369.318,0,24099840,windows,0,905,905,14,0,0,0,0,0,0,9,5,0
369.552,1,23983104,repair,416,2.49271e+08,2.49251e+08,6994,27,85,85,128,91,0,3976,2881,137
369.573,0,24117248,windows,0,905,905,14,0,0,0,0,0,0,9,5,0
369.806,1,24004608,repair,337,2.09791e+08,2.09771e+08,6551,22,56,51,134,74,0,3865,2568,118
369.839,0,24134656,windows,0,905,905,14,0,0,0,0,0,0,9,5,0
370.06,1,24020992,repair,276,2.05399e+08,2.05348e+08,6447,7,55,54,99,61,0,3758,2575,114
370.099,0,24151040,windows,0,905,905,14,0,0,0,0,0,0,9,5,0
370.317,1,24041472,repair,222,1.74734e+08,1.7473e+08,6029,10,40,32,83,57,0,3555,2343,131
370.363,0,24167424,windows,0,905,905,14,0,0,0,0,0,0,9,5,0
370.57,1,24061952,repair,155,1.63367e+08,1.63302e+08,5849,7,16,24,74,34,0,3490,2252,107
370.621,0,24184832,windows,0,905,905,14,0,0,0,0,0,0,9,5,0
370.827,1,24084480,repair,116,1.45079e+08,1.45076e+08,5549,2,14,19,39,42,0,3336,2106,107
370.88,0,24202240,windows,0,905,905,14,0,0,0,0,0,0,9,5,0
371.087,1,24107008,repair,77,1.32476e+08,1.32473e+08,5360,5,13,14,26,19,0,3285,1976,99
371.133,0,24219648,windows,0,905,905,14,0,0,0,0,0,0,9,5,0
371.34,1,24127488,repair,37,1.2617e+08,1.2617e+08,5250,2,4,6,12,13,0,3262,1907,81
371.394,0,24238080,windows,0,905,905,14,0,0,0,0,0,0,9,5,0
371.597,1,24147968,repair,18,1.15867e+08,1.15813e+08,5067,1,1,4,8,4,0,3190,1800,77
371.654,0,24256512,windows,0,905,905,14,0,0,0,0,0,0,9,5,0
371.856,1,24167424,repair,7,1.01369e+08,1.01352e+08,4750,1,0,1,4,1,0,2996,1678,76
371.912,0,24274944,windows,0,905,905,14,0,0,0,0,0,0,9,5,0
372.114,1,24186880,repair,1,8.09084e+07,8.08658e+07,4331,0,0,0,1,0,0,2842,1421,68
372.168,0,24292352,windows,0,905,905,14,0,0,0,0,0,0,9,5,0
372.374,1,24204288,repair,1,6.85495e+07,6.85085e+07,3994,0,0,1,0,0,0,2634,1299,61
372.42,0,24308736,windows,0,905,905,14,0,0,0,0,0,0,9,5,0
372.626,1,24221696,windows,0,5.6352e+07,5.63283e+07,3616,0,0,0,0,0,0,2380,1182,54
372.679,0,24326144,windows,0,905,905,14,0,0,0,0,0,0,9,5,0
372.882,1,24238080,windows,0,4.61155e+07,4.60833e+07,3262,0,0,0,0,0,0,2129,1081,52
372.94,0,24343552,windows,0,905,905,14,0,0,0,0,0,0,9,5,0
373.144,1,24254464,windows,0,3.54716e+07,3.54612e+07,2846,0,0,0,0,0,0,1852,956,38
373.194,0,24356864,repair,850,2.34412e+08,2.34339e+08,6634,61,151,159,315,164,0,3726,2717,191
373.401,1,24270848,windows,0,2.85801e+07,2.85637e+07,2589,0,0,0,0,0,0,1734,822,33
373.454,0,24378368,repair,639,2.77273e+08,2.77192e+08,7259,36,124,114,249,116,0,4035,3044,180
373.654,1,24287232,windows,0,2.40124e+07,2.40043e+07,2382,0,0,0,0,0,0,1609,743,30
373.713,0,24399872,repair,506,2.59342e+08,2.59317e+08,7074,23,106,89,180,108,0,3969,2949,156
373.918,1,24305664,windows,0,1.99712e+07,1.99638e+07,2180,0,0,0,0,0,0,1483,669,28
373.973,0,24422400,repair,387,2.26026e+08,2.26022e+08,6841,13,70,71,154,79,0,4056,2641,144
374.18,1,24324096,windows,0,1.54425e+07,1.54425e+07,1924,0,0,0,0,0,0,1315,582,27
374.224,0,24444928,repair,301,2.1455e+08,2.14526e+08,6647,19,63,42,115,62,0,3915,2600,132
374.441,1,24343552,windows,0,1.27896e+07,1.27896e+07,1764,0,0,0,0,0,0,1234,508,22
374.479,0,24467456,repair,236,1.97609e+08,1.97605e+08,6312,14,55,46,79,42,0,3654,2542,116
374.698,1,24361984,windows,0,1.06305e+07,1.06244e+07,1597,0,0,0,0,0,0,1100,478,19
374.74,0,24489984,repair,172,1.61587e+08,1.6157e+08,5819,5,29,28,61,49,0,3502,2228,89
374.952,1,24380416,windows,0,8.56155e+06,8.55268e+06,1423,0,0,0,0,0,0,960,444,19
374.996,0,24512512,repair,126,1.46908e+08,1.46863e+08,5600,5,19,13,63,26,0,3418,2095,87
375.214,1,24398848,windows,0,6.70206e+06,6.69445e+06,1280,0,0,0,0,0,0,906,360,14
375.247,0,24534016,repair,87,1.3046e+08,1.30458e+08,5296,3,12,13,36,23,0,3264,1960,72
375.466,1,24417280,windows,0,5.53516e+06,5.5305e+06,1170,0,0,0,0,0,0,831,322,17
375.507,0,24555520,repair,52,1.1799e+08,1.17936e+08,5110,3,5,8,30,6,0,3225,1813,72
375.716,1,24434688,windows,0,4.60256e+06,4.59677e+06,1071,0,0,0,0,0,0,763,290,18
375.761,0,24576000,repair,25,1.1466e+08,1.14608e+08,4986,2,5,1,14,3,0,3095,1825,66
375.979,1,24452096,windows,0,3.59248e+06,3.59248e+06,942,0,0,0,0,0,0,675,256,11
376.012,0,24595456,repair,13,9.93833e+07,9.93331e+07,4655,0,4,0,9,0,0,2903,1690,62
376.232,1,24468480,windows,0,2.8385e+06,2.83525e+06,837,0,0,0,0,0,0,604,225,8
376.268,0,24614912,repair,3,8.34482e+07,8.34177e+07,4367,0,0,1,1,1,0,2865,1455,47
376.492,1,24486912,windows,0,2.28268e+06,2.27983e+06,746,0,0,0,0,0,0,529,210,7
376.526,0,24637440,repair,2,6.51202e+07,6.50813e+07,3924,0,0,0,1,1,0,2668,1214,42
376.752,1,24505344,windows,0,1.89948e+06,1.89341e+06,686,0,0,0,0,0,0,503,178,5
376.786,0,24658944,repair,2,5.28652e+07,5.28415e+07,3514,0,0,0,1,1,0,2347,1124,43
377.016,1,24521728,windows,0,1.44232e+06,1.43687e+06,598,0,0,0,0,0,0,437,156,5
377.04,0,24678400,windows,0,4.58529e+07,4.58421e+07,3262,0,0,0,0,0,0,2160,1060,42
377.279,1,24539136,windows,0,1.10992e+06,1.10676e+06,519,0,0,0,0,0,0,363,150,6
377.295,0,24691712,windows,0,3.77146e+07,3.77146e+07,2920,0,0,0,0,0,0,1891,995,34
377.532,1,24555520,windows,0,881060,881060,467,0,0,0,0,0,0,340,123,4
377.558,0,24707072,windows,0,3.14285e+07,3.14194e+07,2716,0,0,0,0,0,0,1836,853,27
377.796,1,24572928,windows,0,749135,745336,431,0,0,0,0,0,0,317,111,3
377.821,0,24724480,windows,0,2.62343e+07,2.62343e+07,2509,0,0,0,0,0,0,1726,752,31
378.051,1,24591360,windows,0,536110,534771,365,0,0,0,0,0,0,268,94,3
378.077,0,24741888,windows,0,2.18871e+07,2.18656e+07,2295,0,0,0,0,0,0,1585,682,28
378.314,1,24608768,windows,0,414980,414980,324,0,0,0,0,0,0,242,78,4
378.335,0,24757248,windows,0,1.7609e+07,1.7609e+07,2047,0,0,0,0,0,0,1406,621,20
378.566,1,24627200,windows,0,332360,332188,292,0,0,0,0,0,0,216,70,6
378.599,0,24775680,windows,0,1.43926e+07,1.43809e+07,1859,0,0,0,0,0,0,1282,555,22
378.823,1,24646656,windows,0,276295,276295,263,0,0,0,0,0,0,193,67,3
378.854,0,24793088,windows,0,1.20034e+07,1.19967e+07,1716,0,0,0,0,0,0,1220,477,19
379.078,1,24665088,windows,0,188470,187295,216,0,0,0,0,0,0,154,59,3
379.108,0,24810496,windows,0,1.01138e+07,1.01138e+07,1575,0,0,0,0,0,0,1118,439,18
379.331,1,24681472,windows,0,156080,155125,200,0,0,0,0,0,0,148,48,4
379.369,0,24825856,windows,0,8.28662e+06,8.27826e+06,1414,0,0,0,0,0,0,978,418,18
379.586,1,24698880,windows,0,133145,132441,184,0,0,0,0,0,0,141,41,2
379.622,0,24842240,windows,0,6.94037e+06,6.93235e+06,1299,0,0,0,0,0,0,906,376,17
379.838,1,24716288,windows,0,117660,117001,173,0,0,0,0,0,0,132,39,2
379.876,0,24858624,windows,0,5.73324e+06,5.72653e+06,1183,0,0,0,0,0,0,833,336,14
380.104,1,24733696,windows,0,85820,85820,147,0,0,0,0,0,0,108,37,2
380.127,0,24875008,windows,0,4.88117e+06,4.87057e+06,1092,0,0,0,0,0,0,760,315,17
380.355,1,24750080,windows,0,70700,70700,133,0,0,0,0,0,0,96,35,2
380.38,0,24889344,windows,0,3.91855e+06,3.9091e+06,970,0,0,0,0,0,0,670,289,11
380.607,1,24764416,windows,0,58345,57316.2,122,0,0,0,0,0,0,91,29,2
380.636,0,24904704,windows,0,3.29216e+06,3.28353e+06,905,0,0,0,0,0,0,641,248,16
380.864,1,24779776,windows,0,50925,50521.2,113,0,0,0,0,0,0,81,30,2
380.892,0,24922112,windows,0,2.74717e+06,2.73922e+06,829,0,0,0,0,0,0,586,226,17
381.127,1,24795136,windows,0,45425,45425,108,0,0,0,0,0,0,81,25,2
381.15,0,24939520,windows,0,2.3423e+06,2.33928e+06,762,0,0,0,0,0,0,546,206,10
381.388,1,24810496,windows,0,33325,33325,93,0,0,0,0,0,0,71,20,2
381.412,0,24957952,windows,0,1.75192e+06,1.74921e+06,662,0,0,0,0,0,0,472,178,12
381.652,1,24825856,windows,0,30405,30061.2,89,0,0,0,0,0,0,69,18,2
381.675,0,24975360,windows,0,1.40608e+06,1.40376e+06,591,0,0,0,0,0,0,430,155,6
381.913,1,24840192,windows,0,25340,24666.2,81,0,0,0,0,0,0,60,19,2
381.928,0,24993792,windows,0,1.15362e+06,1.15076e+06,538,0,0,0,0,0,0,397,135,6
382.181,1,24855552,windows,0,21395,21111.2,74,0,0,0,0,0,0,57,16,1
382.189,0,25010176,windows,0,1.0001e+06,997218,500,0,0,0,0,0,0,359,133,8
382.433,1,24869888,windows,0,20195,20195,72,0,0,0,0,0,0,57,14,1
382.446,0,25027584,windows,0,746080,745908,431,0,0,0,0,0,0,310,115,6
382.696,1,24884224,windows,0,14995,14995,62,0,0,0,0,0,0,47,14,1
382.7,0,25044992,windows,0,595885,592486,387,0,0,0,0,0,0,281,100,6
382.96,0,25063424,windows,0,494770,492955,354,0,0,0,0,0,0,256,91,7
382.962,1,24899584,windows,0,13955,13955,60,0,0,0,0,0,0,47,12,1
383.217,1,24914944,windows,0,11405,11352.5,55,0,0,0,0,0,0,41,12,2
383.221,0,25081856,windows,0,408815,408612,323,0,0,0,0,0,0,235,81,7
383.479,1,24930304,windows,0,9760,9707.5,51,0,0,0,0,0,0,38,11,2
383.483,0,25099264,windows,0,309020,307909,275,0,0,0,0,0,0,188,81,6
383.735,0,25116672,windows,0,258080,257908,251,0,0,0,0,0,0,170,75,6
383.737,1,24945664,windows,0,9725,9672.5,51,0,0,0,0,0,0,39,10,2
383.988,0,25135104,windows,0,212195,211219,232,0,0,0,0,0,0,167,60,5
383.996,1,24961024,windows,0,9725,9672.5,51,0,0,0,0,0,0,39,10,2
384.239,0,25152512,windows,0,180175,178978,215,0,0,0,0,0,0,157,53,5
384.263,1,24976384,windows,0,8530,8341.25,47,0,0,0,0,0,0,38,8,1
384.495,0,25171968,windows,0,126210,125112,179,0,0,0,0,0,0,126,48,5
384.522,1,24993792,windows,0,7435,7261.25,44,0,0,0,0,0,0,35,8,1
384.757,0,25190400,windows,0,99470,99267.5,161,0,0,0,0,0,0,112,42,7
384.787,1,25012224,windows,0,6760,6591.25,41,0,0,0,0,0,0,34,7,0
385.011,0,25208832,windows,0,87865,87692.5,152,0,0,0,0,0,0,109,37,6
385.045,1,25030656,windows,0,6400,6400,40,0,0,0,0,0,0,32,8,0
385.269,0,25228288,windows,0,77245,76570,143,0,0,0,0,0,0,103,34,6
385.302,1,25049088,windows,0,5220,5220,36,0,0,0,0,0,0,30,6,0
385.521,0,25246720,windows,0,49135,48437.5,111,0,0,0,0,0,0,77,31,3
385.563,1,25067520,windows,0,5000,4851.25,35,0,0,0,0,0,0,30,5,0
385.772,0,25264128,windows,0,38655,38037.5,99,0,0,0,0,0,0,69,27,3
385.823,1,25085952,windows,0,4360,4360,33,0,0,0,0,0,0,26,7,0
386.025,0,25283584,windows,0,32860,32551.2,90,0,0,0,0,0,0,62,26,2
386.082,1,25104384,windows,0,4100,4100,32,0,0,0,0,0,0,26,6,0
386.276,0,25302016,windows,0,28105,28105,84,0,0,0,0,0,0,59,23,2
386.346,1,25119744,windows,0,4100,4100,32,0,0,0,0,0,0,26,6,0
386.528,0,25319424,windows,0,21035,20781.2,72,0,0,0,0,0,0,51,20,1
386.604,1,25133056,windows,0,4100,4100,32,0,0,0,0,0,0,26,6,0
386.78,0,25335808,windows,0,20530,20281.2,71,0,0,0,0,0,0,50,20,1
386.866,1,25146368,windows,0,4100,4100,32,0,0,0,0,0,0,26,6,0
387.034,0,25354240,windows,0,17465,17465,66,0,0,0,0,0,0,45,19,2
387.117,1,25160704,windows,0,3845,3721.25,31,0,0,0,0,0,0,25,6,0
387.296,0,25372672,windows,0,16585,16585,64,0,0,0,0,0,0,43,19,2
387.373,1,25175040,windows,0,3845,3721.25,31,0,0,0,0,0,0,25,6,0
387.556,0,25390080,windows,0,16160,16160,63,0,0,0,0,0,0,42,19,2
387.633,1,25189376,windows,0,3845,3721.25,31,0,0,0,0,0,0,25,6,0
387.813,0,25407488,windows,0,15340,15340,61,0,0,0,0,0,0,40,19,2
387.895,1,25203712,windows,0,3845,3721.25,31,0,0,0,0,0,0,25,6,0
388.075,0,25425920,windows,0,15250,14875,60,0,0,0,0,0,0,40,19,1
388.16,1,25219072,windows,0,3845,3721.25,31,0,0,0,0,0,0,25,6,0
388.332,0,25444352,windows,0,13970,13970,59,0,0,0,0,0,0,42,16,1
388.415,1,25233408,windows,0,905,905,14,0,0,0,0,0,0,9,5,0
388.582,0,25462784,windows,0,11995,11995,54,0,0,0,0,0,0,37,16,1
388.671,1,25248768,windows,0,905,905,14,0,0,0,0,0,0,9,5,0
388.845,0,25482240,windows,0,11275,11275,52,0,0,0,0,0,0,35,16,1
388.927,1,25264128,windows,0,905,905,14,0,0,0,0,0,0,9,5,0
389.102,0,25500672,windows,0,10930,10930,51,0,0,0,0,0,0,34,16,1
389.19,1,25280512,windows,0,905,905,14,0,0,0,0,0,0,9,5,0
389.36,0,25518080,windows,0,9030,9030,46,0,0,0,0,0,0,30,15,1
389.442,1,25295872,windows,0,905,905,14,0,0,0,0,0,0,9,5,0
389.612,0,25535488,windows,0,9030,9030,46,0,0,0,0,0,0,30,15,1
389.702,1,25313280,repair,0,905,905,14,0,0,0,0,0,0,9,5,0
389.868,0,25553920,windows,0,8450,8175,45,0,0,0,0,0,0,30,14,1
389.955,1,25329664,windows,0,905,905,14,0,0,0,0,0,0,9,5,0
390.128,0,25571328,windows,0,8125,7850,43,0,0,0,0,0,0,29,14,0
390.215,1,25345024,windows,0,905,905,14,0,0,0,0,0,0,9,5,0
390.387,0,25588736,windows,0,7085,7085,41,0,0,0,0,0,0,29,12,0
390.467,1,25359360,windows,0,905,905,14,0,0,0,0,0,0,9,5,0
390.649,0,25605120,windows,0,6260,6260,37,0,0,0,0,0,0,24,13,0
390.728,1,25373696,windows,0,905,905,14,0,0,0,0,0,0,9,5,0
390.913,0,25620480,windows,0,6260,6260,37,0,0,0,0,0,0,24,13,0
390.984,1,25390080,windows,0,905,905,14,0,0,0,0,0,0,9,5,0
391.177,0,25637888,windows,0,6025,5911.25,36,0,0,0,0,0,0,23,13,0
391.241,1,25409536,windows,0,905,905,14,0,0,0,0,0,0,9,5,0
391.432,0,25655296,windows,0,6025,5911.25,36,0,0,0,0,0,0,23,13,0
391.496,1,25427968,windows,0,905,905,14,0,0,0,0,0,0,9,5,0
391.686,0,25671680,windows,0,5380,5380,33,0,0,0,0,0,0,20,13,0
391.75,1,25446400,windows,0,905,905,14,0,0,0,0,0,0,9,5,0
391.941,0,25689088,windows,0,5380,5380,33,0,0,0,0,0,0,20,13,0
392.015,1,25466880,windows,0,905,905,14,0,0,0,0,0,0,9,5,0
392.191,0,25706496,windows,0,4880,4781.25,32,0,0,0,0,0,0,20,12,0
392.267,1,25486336,windows,0,905,905,14,0,0,0,0,0,0,9,5,0
392.445,0,25723904,windows,0,4880,4781.25,32,0,0,0,0,0,0,20,12,0
392.529,1,25506816,windows,0,905,905,14,0,0,0,0,0,0,9,5,0
392.706,0,25741312,windows,0,4880,4781.25,32,0,0,0,0,0,0,20,12,0
392.784,1,25526272,windows,0,905,905,14,0,0,0,0,0,0,9,5,0
392.962,0,25758720,windows,0,905,905,14,0,0,0,0,0,0,9,5,0
393.042,1,25545728,windows,0,905,905,14,0,0,0,0,0,0,9,5,0
393.22,0,25778176,windows,0,905,905,14,0,0,0,0,0,0,9,5,0
393.295,1,25563136,windows,0,905,905,14,0,0,0,0,0,0,9,5,0
393.473,0,25796608,windows,0,905,905,14,0,0,0,0,0,0,9,5,0
393.548,1,25581568,windows,0,905,905,14,0,0,0,0,0,0,9,5,0
393.726,0,25815040,windows,0,905,905,14,0,0,0,0,0,0,9,5,0
393.805,1,25601024,windows,0,905,905,14,0,0,0,0,0,0,9,5,0
393.986,0,25834496,repair,0,905,905,14,0,0,0,0,0,0,9,5,0
394.066,1,25621504,windows,0,905,905,14,0,0,0,0,0,0,9,5,0
394.237,0,25852928,windows,0,905,905,14,0,0,0,0,0,0,9,5,0
394.327,1,25641984,windows,0,905,905,14,0,0,0,0,0,0,9,5,0
394.497,0,25871360,windows,0,905,905,14,0,0,0,0,0,0,9,5,0
394.589,1,25662464,windows,0,905,905,14,0,0,0,0,0,0,9,5,0
394.754,0,25888768,windows,0,905,905,14,0,0,0,0,0,0,9,5,0
394.84,1,25681920,windows,0,905,905,14,0,0,0,0,0,0,9,5,0
395.006,0,25906176,windows,0,905,905,14,0,0,0,0,0,0,9,5,0
395.094,1,25702400,windows,0,905,905,14,0,0,0,0,0,0,9,5,0
395.27,0,25924608,windows,0,905,905,14,0,0,0,0,0,0,9,5,0
395.346,1,25721856,windows,0,905,905,14,0,0,0,0,0,0,9,5,0
395.532,0,25942016,windows,0,905,905,14,0,0,0,0,0,0,9,5,0
395.603,1,25741312,windows,0,905,905,14,0,0,0,0,0,0,9,5,0
395.795,0,25959424,windows,0,905,905,14,0,0,0,0,0,0,9,5,0
395.856,1,25761792,windows,0,905,905,14,0,0,0,0,0,0,9,5,0
396.048,0,25975808,windows,0,905,905,14,0,0,0,0,0,0,9,5,0
396.117,1,25782272,windows,0,905,905,14,0,0,0,0,0,0,9,5,0
396.307,0,25993216,windows,0,905,905,14,0,0,0,0,0,0,9,5,0
396.38,1,25802752,windows,0,905,905,14,0,0,0,0,0,0,9,5,0
396.566,0,26010624,windows,0,905,905,14,0,0,0,0,0,0,9,5,0
396.64,1,25823232,windows,0,905,905,14,0,0,0,0,0,0,9,5,0
396.83,0,26029056,windows,0,905,905,14,0,0,0,0,0,0,9,5,0
396.893,1,25841664,windows,0,905,905,14,0,0,0,0,0,0,9,5,0
397.085,0,26046464,windows,0,905,905,14,0,0,0,0,0,0,9,5,0
397.146,1,25859072,windows,0,905,905,14,0,0,0,0,0,0,9,5,0
397.339,0,26063872,windows,0,905,905,14,0,0,0,0,0,0,9,5,0
397.398,1,25877504,windows,0,905,905,14,0,0,0,0,0,0,9,5,0
397.589,0,26080256,windows,0,905,905,14,0,0,0,0,0,0,9,5,0
397.655,1,25896960,windows,0,905,905,14,0,0,0,0,0,0,9,5,0
397.857,0,26097664,windows,0,905,905,14,0,0,0,0,0,0,9,5,0
397.91,1,25916416,windows,0,905,905,14,0,0,0,0,0,0,9,5,0
398.112,0,26115072,windows,0,905,905,14,0,0,0,0,0,0,9,5,0
398.168,1,25936896,windows,0,905,905,14,0,0,0,0,0,0,9,5,0
398.376,0,26132480,windows,0,905,905,14,0,0,0,0,0,0,9,5,0
398.427,1,25956352,windows,0,905,905,14,0,0,0,0,0,0,9,5,0
398.639,0,26150912,windows,0,905,905,14,0,0,0,0,0,0,9,5,0
398.678,1,25973760,windows,0,905,905,14,0,0,0,0,0,0,9,5,0
398.894,0,26169344,windows,0,905,905,14,0,0,0,0,0,0,9,5,0
398.943,1,25994240,windows,0,905,905,14,0,0,0,0,0,0,9,5,0
399.145,0,26184704,windows,0,905,905,14,0,0,0,0,0,0,9,5,0
399.197,1,26011648,repair,0,905,905,14,0,0,0,0,0,0,9,5,0
399.401,0,26201088,windows,0,905,905,14,0,0,0,0,0,0,9,5,0
399.453,1,26030080,repair,0,905,905,14,0,0,0,0,0,0,9,5,0
399.652,0,26216448,windows,0,905,905,14,0,0,0,0,0,0,9,5,0
399.707,1,26048512,windows,0,905,905,14,0,0,0,0,0,0,9,5,0
399.906,0,26231808,windows,0,905,905,14,0,0,0,0,0,0,9,5,0
399.963,1,26065920,windows,0,905,905,14,0,0,0,0,0,0,9,5,0
400.171,0,26248192,windows,0,905,905,14,0,0,0,0,0,0,9,5,0
400.223,1,26084352,windows,0,905,905,14,0,0,0,0,0,0,9,5,0
400.438,0,26265600,windows,0,905,905,14,0,0,0,0,0,0,9,5,0
400.483,1,26101760,windows,0,905,905,14,0,0,0,0,0,0,9,5,0
400.706,0,26283008,windows,0,905,905,14,0,0,0,0,0,0,9,5,0
400.74,1,26120192,windows,0,905,905,14,0,0,0,0,0,0,9,5,0
400.963,0,26297344,repair,0,905,905,14,0,0,0,0,0,0,9,5,0
400.995,1,26138624,windows,0,905,905,14,0,0,0,0,0,0,9,5,0
401.22,0,26312704,repair,0,905,905,14,0,0,0,0,0,0,9,5,0
401.247,1,26156032,windows,0,905,905,14,0,0,0,0,0,0,9,5,0
401.476,0,26329088,windows,0,905,905,14,0,0,0,0,0,0,9,5,0
401.51,1,26173440,windows,0,905,905,14,0,0,0,0,0,0,9,5,0
401.728,0,26343424,windows,0,905,905,14,0,0,0,0,0,0,9,5,0
401.761,1,26189824,windows,0,905,905,14,0,0,0,0,0,0,9,5,0
401.992,0,26358784,windows,0,905,905,14,0,0,0,0,0,0,9,5,0
402.02,1,26206208,windows,0,905,905,14,0,0,0,0,0,0,9,5,0
402.247,0,26374144,windows,0,905,905,14,0,0,0,0,0,0,9,5,0
402.279,1,26223616,windows,0,905,905,14,0,0,0,0,0,0,9,5,0
402.499,0,26389504,windows,0,905,905,14,0,0,0,0,0,0,9,5,0
402.539,1,26241024,windows,0,905,905,14,0,0,0,0,0,0,9,5,0
402.753,0,26404864,windows,0,905,905,14,0,0,0,0,0,0,9,5,0
402.796,1,26259456,windows,0,905,905,14,0,0,0,0,0,0,9,5,0
403.019,0,26421248,windows,0,905,905,14,0,0,0,0,0,0,9,5,0
403.048,1,26277888,windows,0,905,905,14,0,0,0,0,0,0,9,5,0
403.281,0,26437632,windows,0,905,905,14,0,0,0,0,0,0,9,5,0
403.298,1,26296320,windows,0,905,905,14,0,0,0,0,0,0,9,5,0
403.537,0,26454016,windows,0,905,905,14,0,0,0,0,0,0,9,5,0
403.56,1,26315776,windows,0,905,905,14,0,0,0,0,0,0,9,5,0
403.79,0,26469376,windows,0,905,905,14,0,0,0,0,0,0,9,5,0
403.813,1,26334208,windows,0,905,905,14,0,0,0,0,0,0,9,5,0
404.045,0,26484736,windows,0,905,905,14,0,0,0,0,0,0,9,5,0
404.075,1,26353664,windows,0,905,905,14,0,0,0,0,0,0,9,5,0
404.302,0,26500096,windows,0,905,905,14,0,0,0,0,0,0,9,5,0
404.333,1,26369024,windows,0,905,905,14,0,0,0,0,0,0,9,5,0
404.559,0,26516480,windows,0,905,905,14,0,0,0,0,0,0,9,5,0
404.595,1,26384384,repair,0,905,905,14,0,0,0,0,0,0,9,5,0
404.811,0,26530816,windows,0,905,905,14,0,0,0,0,0,0,9,5,0
404.853,1,26400768,repair,0,905,905,14,0,0,0,0,0,0,9,5,0
405.075,0,26548224,windows,0,905,905,14,0,0,0,0,0,0,9,5,0
405.115,1,26419200,repair,0,905,905,14,0,0,0,0,0,0,9,5,0
405.334,0,26565632,windows,0,905,905,14,0,0,0,0,0,0,9,5,0
405.37,1,26439680,repair,0,905,905,14,0,0,0,0,0,0,9,5,0
405.594,0,26583040,windows,0,905,905,14,0,0,0,0,0,0,9,5,0
405.627,1,26461184,repair,0,905,905,14,0,0,0,0,0,0,9,5,0
405.848,0,26599424,windows,0,905,905,14,0,0,0,0,0,0,9,5,0
405.883,1,26479616,windows,0,905,905,14,0,0,0,0,0,0,9,5,0
406.11,0,26615808,windows,0,905,905,14,0,0,0,0,0,0,9,5,0
406.147,1,26494976,windows,0,905,905,14,0,0,0,0,0,0,9,5,0
406.362,0,26631168,windows,0,905,905,14,0,0,0,0,0,0,9,5,0
406.407,1,26509312,windows,0,905,905,14,0,0,0,0,0,0,9,5,0
406.62,0,26647552,windows,0,905,905,14,0,0,0,0,0,0,9,5,0
406.658,1,26523648,windows,0,905,905,14,0,0,0,0,0,0,9,5,0
406.874,0,26662912,windows,0,905,905,14,0,0,0,0,0,0,9,5,0
406.911,1,26537984,windows,0,905,905,14,0,0,0,0,0,0,9,5,0
407.132,0,26679296,windows,0,905,905,14,0,0,0,0,0,0,9,5,0
407.167,1,26552320,windows,0,905,905,14,0,0,0,0,0,0,9,5,0
407.4,0,26694656,windows,0,905,905,14,0,0,0,0,0,0,9,5,0
407.435,1,26566656,windows,0,905,905,14,0,0,0,0,0,0,9,5,0
407.671,0,26710016,windows,0,905,905,14,0,0,0,0,0,0,9,5,0
407.69,1,26580992,windows,0,905,905,14,0,0,0,0,0,0,9,5,0
407.934,0,26726400,windows,0,905,905,14,0,0,0,0,0,0,9,5,0
407.954,1,26596352,windows,0,905,905,14,0,0,0,0,0,0,9,5,0
408.193,0,26741760,windows,0,905,905,14,0,0,0,0,0,0,9,5,0
408.208,1,26609664,windows,0,905,905,14,0,0,0,0,0,0,9,5,0
408.453,0,26757120,windows,0,905,905,14,0,0,0,0,0,0,9,5,0
408.469,1,26624000,windows,0,905,905,14,0,0,0,0,0,0,9,5,0
408.717,0,26773504,windows,0,905,905,14,0,0,0,0,0,0,9,5,0
408.726,1,26638336,windows,0,905,905,14,0,0,0,0,0,0,9,5,0
408.976,0,26790912,windows,0,905,905,14,0,0,0,0,0,0,9,5,0
408.987,1,26653696,windows,0,905,905,14,0,0,0,0,0,0,9,5,0
409.234,0,26807296,windows,0,905,905,14,0,0,0,0,0,0,9,5,0
409.249,1,26668032,windows,0,905,905,14,0,0,0,0,0,0,9,5,0
409.489,0,26822656,windows,0,905,905,14,0,0,0,0,0,0,9,5,0
409.515,1,26683392,windows,0,905,905,14,0,0,0,0,0,0,9,5,0
409.741,0,26838016,windows,0,905,905,14,0,0,0,0,0,0,9,5,0
409.779,1,26698752,windows,0,905,905,14,0,0,0,0,0,0,9,5,0
410.006,0,26854400,windows,0,905,905,14,0,0,0,0,0,0,9,5,0
410.03,1,26713088,windows,0,905,905,14,0,0,0,0,0,0,9,5,0
410.264,0,26871808,windows,0,905,905,14,0,0,0,0,0,0,9,5,0
410.292,1,26727424,windows,0,905,905,14,0,0,0,0,0,0,9,5,0
410.52,0,26888192,windows,0,905,905,14,0,0,0,0,0,0,9,5,0
410.558,1,26741760,windows,0,905,905,14,0,0,0,0,0,0,9,5,0
410.773,0,26903552,repair,0,905,905,14,0,0,0,0,0,0,9,5,0
410.814,1,26756096,windows,0,905,905,14,0,0,0,0,0,0,9,5,0
411.03,0,26919936,repair,0,905,905,14,0,0,0,0,0,0,9,5,0
411.129,1,26771456,repair,1020,8.35022e+07,8.35022e+07,3085,15,43,37,584,341,0,1895,983,207
411.286,0,26937344,repair,0,905,905,14,0,0,0,0,0,0,9,5,0
411.379,1,26788864,repair,697,2.65108e+08,2.65103e+08,7147,51,145,132,231,138,0,4043,2933,171
411.538,0,26953728,repair,0,905,905,14,0,0,0,0,0,0,9,5,0
411.632,1,26806272,repair,575,2.51277e+08,2.51195e+08,6978,36,123,103,203,110,0,3938,2877,163
411.803,0,26970112,windows,0,905,905,14,0,0,0,0,0,0,9,5,0
411.897,1,26824704,repair,473,2.64788e+08,2.64762e+08,7279,28,82,79,178,106,0,4190,2923,166
412.067,0,26985472,windows,0,905,905,14,0,0,0,0,0,0,9,5,0
412.147,1,26842112,repair,379,2.30029e+08,2.29955e+08,6846,27,79,70,129,74,0,4005,2703,138
412.328,0,27000832,windows,0,905,905,14,0,0,0,0,0,0,9,5,0
412.405,1,26860544,repair,310,2.03585e+08,2.0353e+08,6466,18,63,53,113,63,0,3792,2539,135
412.591,0,27016192,windows,0,905,905,14,0,0,0,0,0,0,9,5,0
412.664,1,26877952,repair,256,1.88932e+08,1.88909e+08,6234,13,38,35,116,54,0,3651,2449,134
412.845,0,27030528,windows,0,905,905,14,0,0,0,0,0,0,9,5,0
412.926,1,26895360,repair,206,1.76243e+08,1.76221e+08,6141,14,34,34,90,34,0,3717,2298,126
413.1,0,27044864,windows,0,905,905,14,0,0,0,0,0,0,9,5,0
413.189,1,26912768,repair,148,1.67266e+08,1.67199e+08,5970,6,21,20,59,42,0,3615,2247,108
413.352,0,27059200,windows,0,905,905,14,0,0,0,0,0,0,9,5,0
413.453,1,26930176,repair,107,1.56524e+08,1.56521e+08,5698,5,19,10,47,26,0,3364,2228,106
413.617,0,27074560,windows,0,905,905,14,0,0,0,0,0,0,9,5,0
413.714,1,26947584,repair,79,1.51193e+08,1.51147e+08,5693,4,10,12,36,17,0,3461,2131,101
413.871,0,27089920,windows,0,905,905,14,0,0,0,0,0,0,9,5,0
413.975,1,26964992,repair,46,1.38184e+08,1.38184e+08,5526,0,5,7,22,12,0,3465,1973,88
414.123,0,27101184,repair,801,2.39768e+08,2.39743e+08,6758,62,152,132,293,162,0,3796,2755,207
414.239,1,26983424,repair,32,1.10932e+08,1.10897e+08,4984,0,4,1,19,8,0,3184,1733,67
414.384,0,27119616,repair,617,2.86192e+08,2.86129e+08,7346,48,114,109,218,128,0,4045,3122,179
414.501,1,27000832,repair,19,9.68594e+07,9.6825e+07,4697,0,4,1,4,10,0,3017,1599,81
414.642,0,27138048,repair,529,2.46605e+08,2.46605e+08,6996,38,111,105,181,94,0,4007,2824,165
414.764,1,27018240,repair,8,8.94237e+07,8.93901e+07,4484,0,1,0,4,3,0,2844,1562,78
414.906,0,27155456,repair,437,2.40221e+08,2.4014e+08,6927,32,69,65,182,89,0,3950,2797,180
415.023,1,27035648,repair,1,8.6918e+07,8.6918e+07,4432,0,0,0,0,1,0,2821,1532,79
415.159,0,27172864,repair,360,2.09461e+08,2.09438e+08,6470,21,65,56,138,80,0,3704,2618,148
415.283,1,27054080,repair,0,7.48035e+07,7.47604e+07,4177,0,0,0,0,0,0,2742,1361,74
415.411,0,27189248,repair,291,2.06201e+08,2.06127e+08,6591,13,44,42,121,71,0,3938,2508,145
415.551,1,27070464,windows,0,5.31524e+07,5.3118e+07,3535,0,0,0,0,0,0,2335,1135,65
415.673,0,27206656,repair,240,1.85243e+08,1.85225e+08,6205,12,37,29,93,69,0,3654,2412,139
415.802,1,27084800,windows,0,4.55741e+07,4.55631e+07,3288,0,0,0,0,0,0,2209,1027,52
415.937,0,27224064,repair,180,1.83846e+08,1.83824e+08,6179,10,36,33,65,36,0,3647,2410,122
416.057,1,27099136,windows,0,3.72375e+07,3.72275e+07,2968,0,0,0,0,0,0,2002,926,40
416.192,0,27241472,repair,138,1.68433e+08,1.6843e+08,5935,5,18,18,67,30,0,3537,2291,107
416.316,1,27112448,windows,0,3.10879e+07,3.10694e+07,2687,0,0,0,0,0,0,1778,873,36
416.452,0,27258880,repair,100,1.583e+08,1.58279e+08,5826,5,14,10,46,25,0,3558,2173,95
416.586,1,27126784,windows,0,2.61504e+07,2.61491e+07,2484,0,0,0,0,0,0,1654,788,42
416.713,0,27276288,repair,74,1.37031e+08,1.36971e+08,5374,1,18,10,35,10,0,3236,2053,85
416.844,1,27140096,windows,0,2.27245e+07,2.27235e+07,2328,0,0,0,0,0,0,1577,716,35
416.979,0,27293696,repair,42,1.28591e+08,1.28551e+08,5233,2,5,8,18,9,0,3194,1967,72
417.101,1,27153408,windows,0,2.00633e+07,2.00502e+07,2211,0,0,0,0,0,0,1519,651,41
417.244,0,27311104,repair,25,1.10047e+08,1.09994e+08,4901,0,1,6,11,7,0,3065,1774,62
417.357,1,27166720,windows,0,1.70758e+07,1.70558e+07,2027,0,0,0,0,0,0,1386,610,31
417.507,0,27328512,repair,18,9.09222e+07,9.09076e+07,4531,2,1,6,6,3,0,2927,1549,55
417.622,1,27181056,windows,0,1.411e+07,1.40996e+07,1864,0,0,0,0,0,0,1316,521,27
417.773,0,27345920,repair,8,8.42808e+07,8.42351e+07,4326,0,0,2,2,4,0,2752,1522,52
417.888,1,27195392,windows,0,1.21616e+07,1.21609e+07,1722,0,0,0,0,0,0,1202,496,24
418.032,0,27363328,repair,4,7.18435e+07,7.18435e+07,4087,0,3,0,0,1,0,2707,1325,55
418.151,1,27207680,windows,0,1.07067e+07,1.07061e+07,1616,0,0,0,0,0,0,1137,460,19
418.283,0,27379712,repair,2,6.1154e+07,6.1154e+07,3749,0,1,0,0,1,0,2459,1242,48
418.403,1,27220992,windows,0,9.35532e+06,9.34998e+06,1515,0,0,0,0,0,0,1069,426,20
418.548,0,27396096,windows,0,5.20679e+07,5.20322e+07,3493,0,0,0,0,0,0,2315,1122,56
418.675,1,27235328,windows,0,7.84478e+06,7.84413e+06,1390,0,0,0,0,0,0,977,391,22
418.814,0,27411456,windows,0,4.30085e+07,4.29977e+07,3182,0,0,0,0,0,0,2145,999,38
418.94,1,27249664,windows,0,6.64068e+06,6.63356e+06,1280,0,0,0,0,0,0,905,356,19
419.067,0,27425792,windows,0,3.40328e+07,3.40052e+07,2810,0,0,0,0,0,0,1840,923,47
419.204,1,27264000,windows,0,5.70014e+06,5.69961e+06,1178,0,0,0,0,0,0,817,343,18
419.325,0,27440128,windows,0,2.89501e+07,2.89501e+07,2601,0,0,0,0,0,0,1726,837,38
419.467,1,27278336,windows,0,4.96436e+06,4.96041e+06,1109,0,0,0,0,0,0,790,303,16
419.587,0,27455488,windows,0,2.40069e+07,2.39919e+07,2380,0,0,0,0,0,0,1595,750,35
419.717,1,27291648,windows,0,4.3462e+06,4.3418e+06,1050,0,0,0,0,0,0,767,264,19
419.854,0,27470848,windows,0,2.04159e+07,2.04147e+07,2202,0,0,0,0,0,0,1475,689,38
419.986,1,27304960,windows,0,3.4873e+06,3.48206e+06,920,0,0,0,0,0,0,650,262,8
420.107,0,27485184,windows,0,1.76495e+07,1.76426e+07,2056,0,0,0,0,0,0,1375,638,43
420.24,1,27318272,windows,0,3.04096e+06,3.03769e+06,860,0,0,0,0,0,0,608,244,8
420.363,0,27499520,windows,0,1.44327e+07,1.44202e+07,1856,0,0,0,0,0,0,1248,575,33
420.505,1,27332608,windows,0,2.59806e+06,2.59806e+06,799,0,0,0,0,0,0,569,221,9
420.623,0,27514880,windows,0,1.22013e+07,1.21954e+07,1724,0,0,0,0,0,0,1184,508,32
420.759,1,27345920,windows,0,2.29418e+06,2.2874e+06,750,0,0,0,0,0,0,539,205,6
420.886,0,27530240,windows,0,1.03323e+07,1.0326e+07,1585,0,0,0,0,0,0,1087,469,29
421.018,1,27360256,windows,0,2.00578e+06,2.00561e+06,708,0,0,0,0,0,0,525,177,6
421.146,0,27545600,windows,0,8.87616e+06,8.86181e+06,1477,0,0,0,0,0,0,1029,422,26
421.272,1,27373568,windows,0,1.60426e+06,1.59832e+06,631,0,0,0,0,0,0,451,171,9
421.399,0,27559936,windows,0,7.42894e+06,7.42393e+06,1319,0,0,0,0,0,0,872,425,22
421.529,1,27387904,windows,0,1.32147e+06,1.31605e+06,573,0,0,0,0,0,0,408,156,9
421.651,0,27574272,windows,0,6.2714e+06,6.2714e+06,1241,0,0,0,0,0,0,850,363,28
421.79,1,27402240,windows,0,1.12666e+06,1.12639e+06,533,0,0,0,0,0,0,387,137,9
421.909,0,27589632,windows,0,5.41304e+06,5.40223e+06,1144,0,0,0,0,0,0,771,348,25
422.04,1,27415552,windows,0,970150,967512,498,0,0,0,0,0,0,370,119,9
422.172,0,27604992,windows,0,4.671e+06,4.671e+06,1079,0,0,0,0,0,0,759,298,22
422.307,1,27429888,windows,0,833480,833248,459,0,0,0,0,0,0,334,117,8
422.428,0,27619328,windows,0,4.08428e+06,4.08428e+06,1004,0,0,0,0,0,0,705,282,17
422.576,1,27444224,windows,0,630505,630332,396,0,0,0,0,0,0,283,107,6
422.69,0,27633664,windows,0,3.31074e+06,3.31074e+06,900,0,0,0,0,0,0,623,261,16
422.841,1,27458560,windows,0,498000,497768,350,0,0,0,0,0,0,240,102,8
422.95,0,27648000,windows,0,2.78935e+06,2.78891e+06,836,0,0,0,0,0,0,598,223,15
423.099,1,27472896,windows,0,408405,406730,319,0,0,0,0,0,0,231,84,4
423.211,0,27663360,windows,0,2.38818e+06,2.38771e+06,775,0,0,0,0,0,0,552,207,16
423.353,1,27487232,windows,0,335890,334801,291,0,0,0,0,0,0,218,70,3
423.48,0,27678720,windows,0,2.11598e+06,2.10898e+06,731,0,0,0,0,0,0,519,195,17
423.612,1,27501568,windows,0,294285,294285,271,0,0,0,0,0,0,195,72,4
423.74,0,27693056,windows,0,1.77077e+06,1.76464e+06,658,0,0,0,0,0,0,448,195,15
423.877,1,27515904,windows,0,218050,215916,230,0,0,0,0,0,0,160,67,3
423.992,0,27707392,windows,0,1.45661e+06,1.45661e+06,606,0,0,0,0,0,0,432,161,13
424.134,1,27530240,windows,0,183895,182720,213,0,0,0,0,0,0,151,59,3
424.25,0,27722752,windows,0,1.2346e+06,1.23267e+06,556,0,0,0,0,0,0,385,156,15
424.4,1,27545600,windows,0,160355,160272,202,0,0,0,0,0,0,151,48,3
424.504,0,27737088,windows,0,1.0843e+06,1.0843e+06,524,0,0,0,0,0,0,369,141,14
424.661,1,27559936,windows,0,146290,146208,192,0,0,0,0,0,0,140,49,3
424.767,0,27752448,windows,0,906985,904450,478,0,0,0,0,0,0,341,127,10
424.92,1,27574272,windows,0,133250,133168,184,0,0,0,0,0,0,136,45,3
425.031,0,27767808,windows,0,697115,693226,408,0,0,0,0,0,0,275,126,7
425.188,1,27589632,windows,0,88760,88201.2,150,0,0,0,0,0,0,112,36,2
425.283,0,27782144,windows,0,589670,587212,378,0,0,0,0,0,0,258,113,7
425.456,1,27604992,windows,0,68620,68131.2,132,0,0,0,0,0,0,98,32,2
425.534,0,27796480,windows,0,499490,499490,354,0,0,0,0,0,0,252,95,7
425.716,1,27619328,windows,0,62735,62735,127,0,0,0,0,0,0,93,31,3
425.798,0,27811840,windows,0,448840,448840,334,0,0,0,0,0,0,236,92,6
425.974,1,27634688,windows,0,58495,58495,123,0,0,0,0,0,0,91,29,3
426.063,0,27827200,windows,0,392105,390530,314,0,0,0,0,0,0,231,79,4
426.227,1,27649024,windows,0,52370,51712.5,116,0,0,0,0,0,0,84,29,3
426.319,0,27841536,windows,0,304780,304780,276,0,0,0,0,0,0,194,76,6
426.49,1,27664384,windows,0,36185,36185,96,0,0,0,0,0,0,65,27,4
426.57,0,27855872,windows,0,259390,258115,257,0,0,0,0,0,0,188,64,5
426.743,1,27678720,windows,0,30980,30980,89,0,0,0,0,0,0,60,25,4
426.839,0,27871232,windows,0,229535,229392,243,0,0,0,0,0,0,181,57,5
427.003,1,27694080,windows,0,27680,27401.2,84,0,0,0,0,0,0,56,24,4
427.102,0,27886592,windows,0,206995,206995,228,0,0,0,0,0,0,167,58,3
427.259,1,27709440,windows,0,25430,25430,80,0,0,0,0,0,0,54,23,3
427.364,0,27901952,windows,0,175490,175490,209,0,0,0,0,0,0,150,56,3
427.513,1,27724800,windows,0,22855,22528.8,75,0,0,0,0,0,0,49,23,3
427.622,0,27916288,windows,0,129115,127426,174,0,0,0,0,0,0,115,56,3
427.779,1,27739136,windows,0,19670,19378.8,68,0,0,0,0,0,0,42,23,3
427.888,0,27931648,windows,0,109675,109131,162,0,0,0,0,0,0,109,50,3
428.032,1,27753472,windows,0,15875,15792.5,62,0,0,0,0,0,0,39,20,3
428.154,0,27947008,windows,0,97295,97295,151,0,0,0,0,0,0,99,49,3
428.295,1,27768832,windows,0,15875,15792.5,62,0,0,0,0,0,0,39,20,3
428.42,0,27962368,windows,0,92470,92470,148,0,0,0,0,0,0,98,47,3
428.553,1,27783168,windows,0,14335,13877.5,59,0,0,0,0,0,0,37,19,3
428.68,0,27977728,windows,0,76210,76210,136,0,0,0,0,0,0,92,41,3
428.811,1,27797504,windows,0,13970,13333.8,58,0,0,0,0,0,0,36,19,3
428.946,0,27993088,windows,0,63775,63775,125,0,0,0,0,0,0,85,37,3
429.078,1,27812864,windows,0,12175,11757.5,55,0,0,0,0,0,0,35,17,3
429.198,0,28007424,windows,0,58995,58591.2,120,0,0,0,0,0,0,81,36,3
429.338,1,27828224,windows,0,11020,10652.5,52,0,0,0,0,0,0,34,16,2
429.454,0,28022784,windows,0,51805,51805,113,0,0,0,0,0,0,79,32,2
429.604,1,27843584,windows,0,10255,10232.5,51,0,0,0,0,0,0,37,13,1
429.704,0,28037120,windows,0,46520,45885,106,0,0,0,0,0,0,72,32,2
429.869,1,27859968,windows,0,8690,8432.5,47,0,0,0,0,0,0,34,12,1
429.962,0,28051456,windows,0,41785,40836.2,100,0,0,0,0,0,0,67,31,2
430.136,1,27875328,windows,0,8030,7772.5,45,0,0,0,0,0,0,32,12,1
430.217,0,28065792,windows,0,36160,35585,93,0,0,0,0,0,0,62,29,2
430.396,1,27890688,windows,0,7715,7457.5,44,0,0,0,0,0,0,31,12,1
430.481,0,28081152,windows,0,33205,32650,89,0,0,0,0,0,0,59,28,2
430.655,1,27906048,windows,0,6830,6433.75,41,0,0,0,0,0,0,28,12,1
430.742,0,28096512,windows,0,31520,31520,85,0,0,0,0,0,0,54,29,2
430.906,1,27920384,windows,0,6830,6433.75,41,0,0,0,0,0,0,28,12,1
431.004,0,28111872,windows,0,29885,29370,85,0,0,0,0,0,0,57,26,2
431.157,1,27935744,windows,0,6555,6163.75,40,0,0,0,0,0,0,27,12,1
431.258,0,28126208,windows,0,27685,26906.2,81,0,0,0,0,0,0,53,26,2
431.416,1,27951104,windows,0,6555,6163.75,40,0,0,0,0,0,0,27,12,1
431.519,0,28141568,windows,0,25120,25120,77,0,0,0,0,0,0,50,25,2
431.682,1,27966464,windows,0,6290,6032.5,39,0,0,0,0,0,0,26,12,1
431.783,0,28156928,windows,0,24140,23406.2,75,0,0,0,0,0,0,48,25,2
431.95,1,27982848,windows,0,6290,6032.5,39,0,0,0,0,0,0,26,12,1
432.05,0,28172288,windows,0,22685,22210,73,0,0,0,0,0,0,47,24,2
432.201,1,27997184,windows,0,5830,5807.5,38,0,0,0,0,0,0,26,11,1
432.305,0,28187648,windows,0,21745,21056.2,72,0,0,0,0,0,0,47,23,2
432.464,1,28012544,windows,0,5575,5552.5,37,0,0,0,0,0,0,25,11,1
432.557,0,28201984,windows,0,20825,20370,70,0,0,0,0,0,0,45,23,2
432.715,1,28026880,windows,0,5330,5188.75,36,0,0,0,0,0,0,24,11,1
432.818,0,28217344,windows,0,18305,17656.2,64,0,0,0,0,0,0,39,23,2
432.982,1,28043264,windows,0,5330,5188.75,36,0,0,0,0,0,0,24,11,1
433.08,0,28231680,windows,0,17920,17276.2,63,0,0,0,0,0,0,38,23,2
433.248,1,28059648,windows,0,4255,4232.5,31,0,0,0,0,0,0,19,11,1
433.344,0,28247040,windows,0,17920,17276.2,63,0,0,0,0,0,0,38,23,2
433.511,1,28076032,windows,0,4255,4232.5,31,0,0,0,0,0,0,19,11,1
433.596,0,28261376,windows,0,17180,16546.2,61,0,0,0,0,0,0,36,23,2
433.776,1,28091392,windows,0,4030,4007.5,31,0,0,0,0,0,0,20,10,1
433.853,0,28277760,windows,0,16825,16196.2,60,0,0,0,0,0,0,35,23,2
434.038,1,28107776,windows,0,3650,3627.5,29,0,0,0,0,0,0,18,10,1
434.112,0,28293120,windows,0,16145,15526.2,58,0,0,0,0,0,0,33,23,2
434.291,1,28123136,windows,0,3650,3627.5,29,0,0,0,0,0,0,18,10,1
434.364,0,28308480,windows,0,15505,14896.2,56,0,0,0,0,0,0,31,23,2
434.555,1,28139520,windows,0,3475,3452.5,28,0,0,0,0,0,0,17,10,1
434.63,0,28323840,windows,0,15200,14596.2,55,0,0,0,0,0,0,30,23,2
434.81,1,28155904,windows,0,3475,3452.5,28,0,0,0,0,0,0,17,10,1
434.883,0,28339200,windows,0,14005,13426.2,53,0,0,0,0,0,0,29,22,2
435.07,1,28171264,windows,0,3475,3452.5,28,0,0,0,0,0,0,17,10,1
435.144,0,28354560,windows,0,13465,13090,56,0,0,0,0,0,0,35,19,2
435.322,1,28185600,windows,0,3475,3452.5,28,0,0,0,0,0,0,17,10,1
435.398,0,28369920,windows,0,13080,12546.2,56,0,0,0,0,0,0,36,18,2
435.578,1,28200960,windows,0,3310,3287.5,27,0,0,0,0,0,0,16,10,1
435.649,0,28385280,windows,0,12045,11526.2,53,0,0,0,0,0,0,33,18,2
435.844,1,28217344,windows,0,3310,3287.5,27,0,0,0,0,0,0,16,10,1
435.902,0,28400640,windows,0,11680,11680,53,0,0,0,0,0,0,34,17,2
436.096,1,28233728,windows,0,3310,3287.5,27,0,0,0,0,0,0,16,10,1
436.153,0,28416000,windows,0,10400,9916.25,49,0,0,0,0,0,0,30,17,2
436.355,1,28248064,windows,0,3155,2937.5,26,0,0,0,0,0,0,15,10,1
436.404,0,28429312,windows,0,10400,9916.25,49,0,0,0,0,0,0,30,17,2
436.605,1,28261376,windows,0,3010,2792.5,25,0,0,0,0,0,0,14,10,1
436.657,0,28442624,windows,0,9820,9485,47,0,0,0,0,0,0,28,17,2
436.863,1,28276736,windows,0,3010,2792.5,25,0,0,0,0,0,0,14,10,1
436.916,0,28456960,windows,0,9820,9485,47,0,0,0,0,0,0,28,17,2
437.127,1,28293120,windows,0,3010,2792.5,25,0,0,0,0,0,0,14,10,1
437.178,0,28472320,windows,0,9545,9210,46,0,0,0,0,0,0,27,17,2
437.382,1,28308480,windows,0,3010,2792.5,25,0,0,0,0,0,0,14,10,1
437.436,0,28487680,windows,0,9545,9210,46,0,0,0,0,0,0,27,17,2
437.647,1,28322816,windows,0,3010,2792.5,25,0,0,0,0,0,0,14,10,1
437.686,0,28502016,windows,0,9545,9210,46,0,0,0,0,0,0,27,17,2
437.903,1,28338176,windows,0,905,905,14,0,0,0,0,0,0,9,5,0
437.94,0,28517376,windows,0,9280,8945,45,0,0,0,0,0,0,26,17,2
438.153,1,28352512,windows,0,905,905,14,0,0,0,0,0,0,9,5,0
438.205,0,28533760,windows,0,9025,8690,44,0,0,0,0,0,0,25,17,2
438.414,1,28368896,windows,0,905,905,14,0,0,0,0,0,0,9,5,0
438.461,0,28549120,windows,0,9025,8690,44,0,0,0,0,0,0,25,17,2
438.674,1,28385280,windows,0,905,905,14,0,0,0,0,0,0,9,5,0
438.724,0,28564480,windows,0,9025,8690,44,0,0,0,0,0,0,25,17,2
438.929,1,28400640,windows,0,905,905,14,0,0,0,0,0,0,9,5,0
438.98,0,28580864,windows,0,9025,8690,44,0,0,0,0,0,0,25,17,2
439.182,1,28416000,windows,0,905,905,14,0,0,0,0,0,0,9,5,0
439.231,0,28598272,windows,0,9025,8690,44,0,0,0,0,0,0,25,17,2
439.436,1,28430336,windows,0,905,905,14,0,0,0,0,0,0,9,5,0
439.492,0,28615680,windows,0,905,905,14,0,0,0,0,0,0,9,5,0
439.697,1,28444672,windows,0,905,905,14,0,0,0,0,0,0,9,5,0
439.748,0,28633088,windows,0,905,905,14,0,0,0,0,0,0,9,5,0
439.953,1,28457984,windows,0,905,905,14,0,0,0,0,0,0,9,5,0
440.009,0,28651520,windows,0,905,905,14,0,0,0,0,0,0,9,5,0
440.215,1,28473344,windows,0,905,905,14,0,0,0,0,0,0,9,5,0
440.26,0,28669952,windows,0,905,905,14,0,0,0,0,0,0,9,5,0
440.48,1,28488704,windows,0,905,905,14,0,0,0,0,0,0,9,5,0
440.512,0,28687360,windows,0,905,905,14,0,0,0,0,0,0,9,5,0
440.738,1,28503040,windows,0,905,905,14,0,0,0,0,0,0,9,5,0
440.772,0,28705792,windows,0,905,905,14,0,0,0,0,0,0,9,5,0
440.992,1,28517376,windows,0,905,905,14,0,0,0,0,0,0,9,5,0
441.025,0,28725248,windows,0,905,905,14,0,0,0,0,0,0,9,5,0
441.244,1,28532736,windows,0,905,905,14,0,0,0,0,0,0,9,5,0
441.288,0,28743680,windows,0,905,905,14,0,0,0,0,0,0,9,5,0
441.496,1,28549120,windows,0,905,905,14,0,0,0,0,0,0,9,5,0
441.54,0,28762112,windows,0,905,905,14,0,0,0,0,0,0,9,5,0
441.747,1,28565504,windows,0,905,905,14,0,0,0,0,0,0,9,5,0
441.796,0,28780544,windows,0,905,905,14,0,0,0,0,0,0,9,5,0
442.002,1,28581888,windows,0,905,905,14,0,0,0,0,0,0,9,5,0
442.059,0,28798976,windows,0,905,905,14,0,0,0,0,0,0,9,5,0
442.254,1,28598272,windows,0,905,905,14,0,0,0,0,0,0,9,5,0
442.31,0,28817408,windows,0,905,905,14,0,0,0,0,0,0,9,5,0
442.517,1,28615680,windows,0,905,905,14,0,0,0,0,0,0,9,5,0
442.574,0,28836864,windows,0,905,905,14,0,0,0,0,0,0,9,5,0
442.77,1,28632064,windows,0,905,905,14,0,0,0,0,0,0,9,5,0
442.833,0,28856320,windows,0,905,905,14,0,0,0,0,0,0,9,5,0
443.031,1,28649472,windows,0,905,905,14,0,0,0,0,0,0,9,5,0
443.092,0,28875776,windows,0,905,905,14,0,0,0,0,0,0,9,5,0
443.283,1,28665856,windows,0,905,905,14,0,0,0,0,0,0,9,5,0
443.349,0,28894208,windows,0,905,905,14,0,0,0,0,0,0,9,5,0
443.535,1,28682240,windows,0,905,905,14,0,0,0,0,0,0,9,5,0
443.611,0,28913664,windows,0,905,905,14,0,0,0,0,0,0,9,5,0
443.798,1,28700672,windows,0,905,905,14,0,0,0,0,0,0,9,5,0
443.867,0,28932096,windows,0,905,905,14,0,0,0,0,0,0,9,5,0
444.058,1,28717056,windows,0,905,905,14,0,0,0,0,0,0,9,5,0
444.128,0,28950528,windows,0,905,905,14,0,0,0,0,0,0,9,5,0
444.309,1,28733440,windows,0,905,905,14,0,0,0,0,0,0,9,5,0
444.384,0,28969984,windows,0,905,905,14,0,0,0,0,0,0,9,5,0
444.568,1,28748800,windows,0,905,905,14,0,0,0,0,0,0,9,5,0
444.642,0,28989440,repair,0,905,905,14,0,0,0,0,0,0,9,5,0
444.832,1,28765184,windows,0,905,905,14,0,0,0,0,0,0,9,5,0
444.898,0,29007872,windows,0,905,905,14,0,0,0,0,0,0,9,5,0
445.086,1,28781568,windows,0,905,905,14,0,0,0,0,0,0,9,5,0
445.152,0,29026304,windows,0,905,905,14,0,0,0,0,0,0,9,5,0
445.34,1,28797952,windows,0,905,905,14,0,0,0,0,0,0,9,5,0
445.414,0,29044736,windows,0,905,905,14,0,0,0,0,0,0,9,5,0
445.591,1,28814336,windows,0,905,905,14,0,0,0,0,0,0,9,5,0
445.682,0,29063168,windows,0,905,905,14,0,0,0,0,0,0,9,5,0
445.848,1,28831744,windows,0,905,905,14,0,0,0,0,0,0,9,5,0
445.945,0,29081600,windows,0,905,905,14,0,0,0,0,0,0,9,5,0
446.111,1,28849152,windows,0,905,905,14,0,0,0,0,0,0,9,5,0
446.202,0,29100032,windows,0,905,905,14,0,0,0,0,0,0,9,5,0
446.361,1,28864512,windows,0,905,905,14,0,0,0,0,0,0,9,5,0
446.454,0,29117440,windows,0,905,905,14,0,0,0,0,0,0,9,5,0
446.626,1,28881920,windows,0,905,905,14,0,0,0,0,0,0,9,5,0
446.707,0,29134848,windows,0,905,905,14,0,0,0,0,0,0,9,5,0
446.878,1,28898304,windows,0,905,905,14,0,0,0,0,0,0,9,5,0
446.966,0,29154304,windows,0,905,905,14,0,0,0,0,0,0,9,5,0
447.136,1,28915712,windows,0,905,905,14,0,0,0,0,0,0,9,5,0
447.22,0,29172736,windows,0,905,905,14,0,0,0,0,0,0,9,5,0
447.392,1,28932096,windows,0,905,905,14,0,0,0,0,0,0,9,5,0
447.472,0,29190144,repair,0,905,905,14,0,0,0,0,0,0,9,5,0
447.653,1,28948480,windows,0,905,905,14,0,0,0,0,0,0,9,5,0
447.731,0,29207552,repair,0,905,905,14,0,0,0,0,0,0,9,5,0
447.906,1,28963840,windows,0,905,905,14,0,0,0,0,0,0,9,5,0
447.985,0,29224960,windows,0,905,905,14,0,0,0,0,0,0,9,5,0
448.16,1,28979200,windows,0,905,905,14,0,0,0,0,0,0,9,5,0
448.235,0,29242368,windows,0,905,905,14,0,0,0,0,0,0,9,5,0
448.423,1,28995584,windows,0,905,905,14,0,0,0,0,0,0,9,5,0
448.491,0,29259776,windows,0,905,905,14,0,0,0,0,0,0,9,5,0
448.681,1,29011968,windows,0,905,905,14,0,0,0,0,0,0,9,5,0
448.752,0,29277184,windows,0,905,905,14,0,0,0,0,0,0,9,5,0
448.932,1,29028352,windows,0,905,905,14,0,0,0,0,0,0,9,5,0
449.002,0,29295616,windows,0,905,905,14,0,0,0,0,0,0,9,5,0
449.186,1,29043712,windows,0,905,905,14,0,0,0,0,0,0,9,5,0
449.253,0,29313024,windows,0,905,905,14,0,0,0,0,0,0,9,5,0
449.447,1,29060096,windows,0,905,905,14,0,0,0,0,0,0,9,5,0
449.515,0,29331456,windows,0,905,905,14,0,0,0,0,0,0,9,5,0
449.701,1,29076480,windows,0,905,905,14,0,0,0,0,0,0,9,5,0
449.773,0,29348864,windows,0,905,905,14,0,0,0,0,0,0,9,5,0
449.964,1,29093888,windows,0,905,905,14,0,0,0,0,0,0,9,5,0
450.036,0,29367296,windows,0,905,905,14,0,0,0,0,0,0,9,5,0
450.223,1,29111296,windows,0,905,905,14,0,0,0,0,0,0,9,5,0
450.289,0,29385728,windows,0,905,905,14,0,0,0,0,0,0,9,5,0
450.477,1,29127680,windows,0,905,905,14,0,0,0,0,0,0,9,5,0
450.55,0,29405184,windows,0,905,905,14,0,0,0,0,0,0,9,5,0
450.733,1,29143040,repair,0,905,905,14,0,0,0,0,0,0,9,5,0
450.802,0,29422592,windows,0,905,905,14,0,0,0,0,0,0,9,5,0
450.993,1,29160448,repair,0,905,905,14,0,0,0,0,0,0,9,5,0
451.058,0,29441024,windows,0,905,905,14,0,0,0,0,0,0,9,5,0
451.248,1,29175808,windows,0,905,905,14,0,0,0,0,0,0,9,5,0
451.308,0,29459456,windows,0,905,905,14,0,0,0,0,0,0,9,5,0
451.513,1,29191168,windows,0,905,905,14,0,0,0,0,0,0,9,5,0
451.562,0,29478912,windows,0,905,905,14,0,0,0,0,0,0,9,5,0
451.781,1,29205504,windows,0,905,905,14,0,0,0,0,0,0,9,5,0
451.813,0,29497344,repair,0,905,905,14,0,0,0,0,0,0,9,5,0
452.042,1,29220864,windows,0,905,905,14,0,0,0,0,0,0,9,5,0
452.068,0,29516800,repair,0,905,905,14,0,0,0,0,0,0,9,5,0
452.304,1,29235200,windows,0,905,905,14,0,0,0,0,0,0,9,5,0
452.323,0,29538304,windows,0,905,905,14,0,0,0,0,0,0,9,5,0
452.566,1,29249536,windows,0,905,905,14,0,0,0,0,0,0,9,5,0
452.574,0,29555712,windows,0,905,905,14,0,0,0,0,0,0,9,5,0
452.816,1,29262848,windows,0,905,905,14,0,0,0,0,0,0,9,5,0
452.825,0,29573120,windows,0,905,905,14,0,0,0,0,0,0,9,5,0
453.07,1,29277184,windows,0,905,905,14,0,0,0,0,0,0,9,5,0
453.088,0,29590528,windows,0,905,905,14,0,0,0,0,0,0,9,5,0
453.33,1,29290496,windows,0,905,905,14,0,0,0,0,0,0,9,5,0
453.351,0,29606912,windows,0,905,905,14,0,0,0,0,0,0,9,5,0
453.591,1,29304832,windows,0,905,905,14,0,0,0,0,0,0,9,5,0
453.607,0,29624320,windows,0,905,905,14,0,0,0,0,0,0,9,5,0
453.845,1,29318144,windows,0,905,905,14,0,0,0,0,0,0,9,5,0
453.87,0,29641728,windows,0,905,905,14,0,0,0,0,0,0,9,5,0
454.104,1,29332480,windows,0,905,905,14,0,0,0,0,0,0,9,5,0
454.123,0,29659136,windows,0,905,905,14,0,0,0,0,0,0,9,5,0
454.362,1,29346816,windows,0,905,905,14,0,0,0,0,0,0,9,5,0
454.376,0,29676544,windows,0,905,905,14,0,0,0,0,0,0,9,5,0
454.618,1,29361152,windows,0,905,905,14,0,0,0,0,0,0,9,5,0
454.639,0,29693952,windows,0,905,905,14,0,0,0,0,0,0,9,5,0
454.87,1,29375488,windows,0,905,905,14,0,0,0,0,0,0,9,5,0
454.894,0,29711360,windows,0,905,905,14,0,0,0,0,0,0,9,5,0
455.128,1,29390848,windows,0,905,905,14,0,0,0,0,0,0,9,5,0
455.156,0,29729792,windows,0,905,905,14,0,0,0,0,0,0,9,5,0
455.382,1,29405184,windows,0,905,905,14,0,0,0,0,0,0,9,5,0
455.411,0,29748224,windows,0,905,905,14,0,0,0,0,0,0,9,5,0
455.633,1,29419520,windows,0,905,905,14,0,0,0,0,0,0,9,5,0
455.664,0,29766656,windows,0,905,905,14,0,0,0,0,0,0,9,5,0
455.888,1,29433856,windows,0,905,905,14,0,0,0,0,0,0,9,5,0
455.915,0,29785088,windows,0,905,905,14,0,0,0,0,0,0,9,5,0
456.145,1,29448192,windows,0,905,905,14,0,0,0,0,0,0,9,5,0
456.173,0,29803520,windows,0,905,905,14,0,0,0,0,0,0,9,5,0
456.397,1,29463552,windows,0,905,905,14,0,0,0,0,0,0,9,5,0
456.431,0,29821952,windows,0,905,905,14,0,0,0,0,0,0,9,5,0
456.654,1,29478912,repair,0,905,905,14,0,0,0,0,0,0,9,5,0
456.693,0,29837312,repair,1037,7.57171e+07,7.57171e+07,2488,10,16,19,649,343,0,1577,704,207
456.919,1,29495296,repair,0,905,905,14,0,0,0,0,0,0,9,5,0
456.944,0,29856768,repair,675,2.67414e+08,2.67355e+08,7148,52,149,117,237,120,0,4013,2966,169
457.178,1,29510656,windows,0,905,905,14,0,0,0,0,0,0,9,5,0
457.201,0,29878272,repair,532,2.66569e+08,2.66489e+08,7198,27,108,93,202,102,0,4036,2979,183
457.428,1,29526016,windows,0,905,905,14,0,0,0,0,0,0,9,5,0
457.463,0,29899776,repair,427,2.45263e+08,2.45238e+08,6984,25,90,72,165,75,0,3996,2832,156
457.692,1,29541376,windows,0,905,905,14,0,0,0,0,0,0,9,5,0
457.716,0,29920256,repair,331,2.16445e+08,2.16426e+08,6599,12,58,54,139,68,0,3821,2647,131
457.943,1,29555712,windows,0,905,905,14,0,0,0,0,0,0,9,5,0
457.979,0,29940736,repair,259,1.96583e+08,1.96532e+08,6274,13,45,35,106,60,0,3607,2543,124
458.195,1,29570048,windows,0,905,905,14,0,0,0,0,0,0,9,5,0
458.241,0,29961216,repair,200,1.79231e+08,1.7921e+08,6037,7,30,42,79,42,0,3491,2417,129
458.457,1,29585408,windows,0,905,905,14,0,0,0,0,0,0,9,5,0
458.497,0,29980672,repair,153,1.49746e+08,1.49746e+08,5620,14,24,20,57,38,0,3380,2142,98
458.708,1,29599744,windows,0,905,905,14,0,0,0,0,0,0,9,5,0
458.75,0,30001152,repair,107,1.44449e+08,1.4443e+08,5508,6,13,18,45,25,0,3305,2113,90
458.969,1,29615104,windows,0,905,905,14,0,0,0,0,0,0,9,5,0
459.003,0,30021632,repair,74,1.29412e+08,1.29396e+08,5220,5,6,10,35,18,0,3128,2001,91
459.234,1,29630464,windows,0,905,905,14,0,0,0,0,0,0,9,5,0
459.259,0,30042112,repair,43,1.13696e+08,1.13696e+08,4952,2,10,6,17,8,0,3058,1827,67
459.496,1,29645824,windows,0,905,905,14,0,0,0,0,0,0,9,5,0
459.511,0,30062592,repair,13,1.13055e+08,1.13055e+08,5073,1,3,1,4,4,0,3273,1722,78
459.757,1,29661184,windows,0,905,905,14,0,0,0,0,0,0,9,5,0
459.763,0,30082048,repair,7,9.54669e+07,9.54669e+07,4666,0,1,0,6,0,0,3026,1574,66
460.008,1,29675520,windows,0,905,905,14,0,0,0,0,0,0,9,5,0
460.022,0,30102528,repair,1,8.85145e+07,8.84676e+07,4469,0,1,0,0,0,0,2871,1536,62
460.277,1,29690880,windows,0,905,905,14,0,0,0,0,0,0,9,5,0
460.277,0,30123008,repair,1,7.73708e+07,7.73404e+07,4205,0,0,0,0,1,0,2719,1419,67
460.533,0,30140416,windows,0,5.17414e+07,5.17414e+07,3492,0,0,0,0,0,0,2338,1103,51
460.535,1,29706240,windows,0,905,905,14,0,0,0,0,0,0,9,5,0
460.786,0,30156800,windows,0,4.21373e+07,4.21163e+07,3141,0,0,0,0,0,0,2106,998,37
460.8,1,29722624,windows,0,905,905,14,0,0,0,0,0,0,9,5,0
461.054,0,30174208,windows,0,3.47082e+07,3.46986e+07,2864,0,0,0,0,0,0,1933,894,37
461.057,1,29739008,windows,0,905,905,14,0,0,0,0,0,0,9,5,0
461.305,0,30190592,windows,0,2.90291e+07,2.90291e+07,2649,0,0,0,0,0,0,1829,783,37
461.322,1,29756416,windows,0,905,905,14,0,0,0,0,0,0,9,5,0
461.555,0,30204928,windows,0,2.35318e+07,2.35095e+07,2381,0,0,0,0,0,0,1649,704,28
461.577,1,29768704,repair,916,1.764e+08,1.76384e+08,5640,56,179,141,350,190,0,3123,2305,212
461.811,0,30220288,windows,0,2.00064e+07,1.99859e+07,2193,0,0,0,0,0,0,1528,645,20
461.831,1,29786112,repair,695,2.67936e+08,2.67857e+08,7112,58,147,147,219,124,0,3931,2998,183
462.065,0,30234624,windows,0,1.69854e+07,1.69846e+07,2020,0,0,0,0,0,0,1387,606,27
462.089,1,29803520,repair,568,2.63524e+08,2.63504e+08,7157,39,132,82,219,96,0,4031,2946,180
462.33,0,30249984,windows,0,1.46296e+07,1.46177e+07,1887,0,0,0,0,0,0,1308,550,29
462.339,1,29820928,repair,472,2.56081e+08,2.56022e+08,7006,22,98,82,176,94,0,3875,2957,174
462.587,0,30264320,windows,0,1.21659e+07,1.21497e+07,1705,0,0,0,0,0,0,1163,519,23
462.593,1,29838336,repair,381,2.33857e+08,2.33777e+08,6871,28,70,72,135,76,0,3964,2751,156
462.848,0,30278656,windows,0,9.98138e+06,9.96596e+06,1544,0,0,0,0,0,0,1046,474,24
462.855,1,29855744,repair,325,2.05247e+08,2.05195e+08,6417,19,58,43,136,69,0,3710,2581,126
463.103,0,30292992,windows,0,8.64882e+06,8.64811e+06,1460,0,0,0,0,0,0,1025,411,24
463.115,1,29872128,repair,275,1.79764e+08,1.79698e+08,6101,15,55,34,109,62,0,3588,2376,137
463.369,0,30308352,windows,0,7.38133e+06,7.37299e+06,1351,0,0,0,0,0,0,946,380,25
463.37,1,29889536,repair,206,1.99556e+08,1.99534e+08,6414,14,30,36,89,37,0,3784,2515,115
463.624,1,29911040,repair,146,1.69186e+08,1.69186e+08,5985,4,28,15,57,42,0,3617,2268,100
463.625,0,30323712,windows,0,6.41144e+06,6.40453e+06,1261,0,0,0,0,0,0,895,346,20
463.884,1,29932544,repair,108,1.48588e+08,1.48525e+08,5596,0,11,10,56,31,0,3349,2142,105
463.884,0,30338048,windows,0,5.24456e+06,5.23793e+06,1125,0,0,0,0,0,0,779,332,14
464.138,1,29954048,repair,69,1.38919e+08,1.38919e+08,5433,2,8,9,37,13,0,3291,2054,88
464.139,0,30353408,windows,0,4.3621e+06,4.35851e+06,1027,0,0,0,0,0,0,717,299,11
464.389,1,29974528,repair,36,1.25234e+08,1.25194e+08,5259,3,6,6,15,6,0,3313,1873,73
464.397,0,30368768,windows,0,3.69847e+06,3.6897e+06,958,0,0,0,0,0,0,698,251,9
464.641,1,29991936,repair,18,1.17171e+08,1.17154e+08,5066,1,1,4,10,2,0,3178,1824,64
464.658,0,30384128,windows,0,3.14708e+06,3.1439e+06,885,0,0,0,0,0,0,637,236,12
464.902,1,30008320,repair,10,1.02911e+08,1.02896e+08,4774,1,4,1,3,1,0,3039,1683,52
464.917,0,30398464,windows,0,2.56432e+06,2.56145e+06,802,0,0,0,0,0,0,573,214,15
465.161,1,30023680,repair,4,8.6662e+07,8.66159e+07,4421,0,2,1,1,0,0,2852,1515,54
465.174,0,30412800,windows,0,2.16886e+06,2.16191e+06,733,0,0,0,0,0,0,521,201,11
465.416,1,30040064,repair,2,7.20972e+07,7.20972e+07,4068,0,0,0,2,0,0,2680,1344,44
465.429,0,30427136,windows,0,1.86074e+06,1.85426e+06,676,0,0,0,0,0,0,475,191,10
465.668,1,30056448,repair,1,6.25746e+07,6.25359e+07,3824,0,0,0,1,0,0,2549,1225,50
465.683,0,30441472,windows,0,1.60198e+06,1.59949e+06,628,0,0,0,0,0,0,441,177,10
465.925,1,30072832,repair,1,5.41493e+07,5.41359e+07,3569,0,0,0,1,0,0,2391,1129,49
465.946,0,30456832,windows,0,1.3898e+06,1.38458e+06,589,0,0,0,0,0,0,426,155,8
466.183,1,30089216,repair,1,4.71596e+07,4.71596e+07,3325,0,0,0,1,0,0,2211,1064,50
466.197,0,30471168,windows,0,1.0811e+06,1.07857e+06,524,0,0,0,0,0,0,389,127,8
466.434,1,30103552,windows,0,4.00785e+07,4.00488e+07,3067,0,0,0,0,0,0,2048,976,43
466.447,0,30487552,windows,0,860195,855834,462,0,0,0,0,0,0,329,126,7
466.691,1,30117888,windows,0,3.35279e+07,3.35185e+07,2802,0,0,0,0,0,0,1881,889,32
466.704,0,30501888,windows,0,727375,727375,425,0,0,0,0,0,0,307,113,5
466.954,1,30132224,windows,0,2.8469e+07,2.84444e+07,2615,0,0,0,0,0,0,1793,786,36
466.967,0,30517248,windows,0,615240,613689,390,0,0,0,0,0,0,276,108,6
467.213,1,30146560,windows,0,2.44501e+07,2.4435e+07,2442,0,0,0,0,0,0,1703,704,35
467.228,0,30532608,windows,0,514070,512175,358,0,0,0,0,0,0,258,95,5
467.475,1,30162944,windows,0,1.96286e+07,1.96081e+07,2169,0,0,0,0,0,0,1481,657,31
467.479,0,30546944,windows,0,374900,374900,306,0,0,0,0,0,0,222,80,4
467.734,1,30180352,windows,0,1.59661e+07,1.59651e+07,1953,0,0,0,0,0,0,1316,603,34
467.744,0,30562304,windows,0,290675,289098,270,0,0,0,0,0,0,193,72,5
467.994,1,30198784,windows,0,1.2978e+07,1.2978e+07,1773,0,0,0,0,0,0,1220,525,28
467.996,0,30577664,windows,0,240505,240505,246,0,0,0,0,0,0,173,67,6
468.251,1,30216192,windows,0,1.10229e+07,1.10134e+07,1644,0,0,0,0,0,0,1144,472,28
468.259,0,30593024,windows,0,217195,216992,232,0,0,0,0,0,0,157,68,7
468.511,1,30233600,windows,0,8.75123e+06,8.74185e+06,1457,0,0,0,0,0,0,1000,432,25
468.525,0,30608384,windows,0,166775,166632,207,0,0,0,0,0,0,151,51,5
468.765,1,30251008,windows,0,7.15773e+06,7.14463e+06,1318,0,0,0,0,0,0,900,393,25
468.777,0,30622720,windows,0,133105,132329,184,0,0,0,0,0,0,133,47,4
469.018,1,30269440,windows,0,5.85922e+06,5.8545e+06,1193,0,0,0,0,0,0,819,353,21
469.038,0,30638080,windows,0,106230,106088,164,0,0,0,0,0,0,114,45,5
469.271,1,30286848,windows,0,4.93471e+06,4.9303e+06,1102,0,0,0,0,0,0,770,313,19
469.298,0,30653440,windows,0,90245,89417.5,153,0,0,0,0,0,0,113,36,4
469.529,1,30302208,windows,0,3.97146e+06,3.9656e+06,999,0,0,0,0,0,0,715,265,19
469.564,0,30668800,windows,0,77405,76788.8,141,0,0,0,0,0,0,101,36,4
469.78,1,30315520,windows,0,3.42124e+06,3.42079e+06,916,0,0,0,0,0,0,639,262,15
469.817,0,30683136,windows,0,56470,56470,120,0,0,0,0,0,0,86,31,3
470.031,1,30328832,windows,0,2.93013e+06,2.93013e+06,852,0,0,0,0,0,0,600,237,15
470.074,0,30697472,windows,0,46445,46392.5,109,0,0,0,0,0,0,81,26,2
470.281,1,30343168,windows,0,2.49834e+06,2.49566e+06,782,0,0,0,0,0,0,537,229,16
470.338,0,30712832,windows,0,41005,40397.5,101,0,0,0,0,0,0,71,28,2
470.54,1,30357504,windows,0,2.12904e+06,2.12516e+06,734,0,0,0,0,0,0,523,194,17
470.595,0,30727168,windows,0,35595,35037.5,96,0,0,0,0,0,0,69,24,3
470.794,1,30370816,windows,0,1.69669e+06,1.693e+06,650,0,0,0,0,0,0,448,185,17
470.846,0,30741504,windows,0,31580,31092.5,90,0,0,0,0,0,0,66,22,2
471.061,1,30386176,windows,0,1.38254e+06,1.37688e+06,598,0,0,0,0,0,0,431,149,18
471.109,0,30756864,windows,0,25480,25427.5,80,0,0,0,0,0,0,56,22,2
471.328,1,30401536,windows,0,1.13776e+06,1.13442e+06,540,0,0,0,0,0,0,381,142,17
471.364,0,30772224,windows,0,24380,24058.8,78,0,0,0,0,0,0,54,22,2
471.594,1,30416896,windows,0,970765,965874,501,0,0,0,0,0,0,353,130,18
471.627,0,30787584,windows,0,22805,22752.5,75,0,0,0,0,0,0,51,22,2
471.856,1,30432256,windows,0,792340,792340,447,0,0,0,0,0,0,304,127,16
471.884,0,30801920,windows,0,21090,20735,73,0,0,0,0,0,0,54,18,1
472.107,1,30447616,windows,0,622700,622700,396,0,0,0,0,0,0,278,108,10
472.15,0,30817280,windows,0,20555,19936.2,72,0,0,0,0,0,0,53,18,1
472.368,1,30465024,windows,0,503495,503495,355,0,0,0,0,0,0,247,99,9
472.4,0,30831616,windows,0,17245,17001.2,67,0,0,0,0,0,0,49,16,2
472.618,1,30482432,windows,0,405410,403815,325,0,0,0,0,0,0,234,80,11
472.652,0,30846976,windows,0,16285,16285,65,0,0,0,0,0,0,47,16,2
472.877,1,30500864,windows,0,327115,325889,288,0,0,0,0,0,0,205,76,7
472.91,0,30862336,windows,0,15200,15200,63,0,0,0,0,0,0,46,15,2
473.138,1,30519296,windows,0,221885,219524,237,0,0,0,0,0,0,163,66,8
473.173,0,30878720,windows,0,13720,13720,60,0,0,0,0,0,0,44,14,2
473.389,1,30536704,windows,0,169660,169660,210,0,0,0,0,0,0,154,50,6
473.427,0,30894080,windows,0,13285,13285,59,0,0,0,0,0,0,43,14,2
473.648,1,30555136,windows,0,140985,140985,192,0,0,0,0,0,0,141,45,6
473.691,0,30909440,windows,0,12225,12031.2,56,0,0,0,0,0,0,39,15,2
473.907,1,30572544,windows,0,114485,113650,173,0,0,0,0,0,0,125,42,6
473.946,0,30924800,windows,0,11260,11071.2,54,0,0,0,0,0,0,38,14,2
474.164,1,30589952,windows,0,73265,73265,138,0,0,0,0,0,0,101,33,4
474.215,0,30940160,windows,0,10795,10795,52,0,0,0,0,0,0,37,14,1
474.429,1,30607360,windows,0,58175,57520,121,0,0,0,0,0,0,85,33,3
474.468,0,30954496,windows,0,8690,8521.25,47,0,0,0,0,0,0,34,12,1
474.688,1,30622720,windows,0,50185,50185,110,0,0,0,0,0,0,71,35,4
474.729,0,30969856,windows,0,8690,8521.25,47,0,0,0,0,0,0,34,12,1
474.939,1,30640128,windows,0,38180,37841.2,99,0,0,0,0,0,0,68,27,4
474.995,0,30987264,windows,0,8355,8191.25,46,0,0,0,0,0,0,33,12,1
475.203,1,30655488,windows,0,29170,29170,87,0,0,0,0,0,0,62,22,3
475.258,0,31003648,windows,0,8355,8191.25,46,0,0,0,0,0,0,33,12,1
475.462,1,30671872,windows,0,25430,25161.2,80,0,0,0,0,0,0,54,23,3
475.518,0,31019008,windows,0,7715,7715,44,0,0,0,0,0,0,31,12,1
475.721,1,30689280,windows,0,21095,21095,73,0,0,0,0,0,0,49,21,3
475.778,0,31034368,windows,0,7115,7115,42,0,0,0,0,0,0,29,12,1
475.974,1,30706688,windows,0,19840,19840,71,0,0,0,0,0,0,50,19,2
476.035,0,31051776,windows,0,6655,6655,41,0,0,0,0,0,0,29,11,1
476.229,1,30724096,windows,0,16280,16061.2,64,0,0,0,0,0,0,44,18,2
476.289,0,31069184,windows,0,6655,6655,41,0,0,0,0,0,0,29,11,1
476.494,1,30740480,windows,0,9670,9670,50,0,0,0,0,0,0,38,11,1
476.555,0,31087616,windows,0,6235,6091.25,40,0,0,0,0,0,0,29,10,1
476.754,1,30754816,windows,0,8575,8575,47,0,0,0,0,0,0,35,11,1
476.811,0,31104000,windows,0,6235,6091.25,40,0,0,0,0,0,0,29,10,1
477.009,1,30769152,windows,0,8155,8155,46,0,0,0,0,0,0,35,10,1
477.069,0,31119360,windows,0,5950,5616.25,39,0,0,0,0,0,0,28,10,1
477.272,1,30783488,windows,0,7810,7810,45,0,0,0,0,0,0,34,10,1
477.325,0,31137792,windows,0,5675,5480,38,0,0,0,0,0,0,27,10,1
477.537,1,30798848,windows,0,6835,6835,42,0,0,0,0,0,0,31,10,1
477.583,0,31157248,windows,0,5675,5480,38,0,0,0,0,0,0,27,10,1
477.791,1,30813184,windows,0,6530,6530,41,0,0,0,0,0,0,30,10,1
477.843,0,31175680,windows,0,5675,5480,38,0,0,0,0,0,0,27,10,1
478.046,1,30827520,windows,0,6235,6235,40,0,0,0,0,0,0,29,10,1
478.096,0,31193088,windows,0,5675,5480,38,0,0,0,0,0,0,27,10,1
478.3,1,30841856,windows,0,5950,5950,39,0,0,0,0,0,0,28,10,1
478.352,0,31211520,windows,0,5675,5480,38,0,0,0,0,0,0,27,10,1
478.563,1,30857216,windows,0,5675,5675,38,0,0,0,0,0,0,27,10,1
478.613,0,31229952,windows,0,905,905,14,0,0,0,0,0,0,9,5,0
478.819,1,30871552,windows,0,5675,5675,38,0,0,0,0,0,0,27,10,1
478.866,0,31248384,windows,0,905,905,14,0,0,0,0,0,0,9,5,0
479.074,1,30885888,windows,0,5675,5675,38,0,0,0,0,0,0,27,10,1
479.124,0,31264768,windows,0,905,905,14,0,0,0,0,0,0,9,5,0
479.34,1,30900224,windows,0,5155,5031.25,36,0,0,0,0,0,0,25,10,1
479.376,0,31280128,windows,0,905,905,14,0,0,0,0,0,0,9,5,0
479.608,1,30914560,windows,0,5155,5031.25,36,0,0,0,0,0,0,25,10,1
479.63,0,31296512,windows,0,905,905,14,0,0,0,0,0,0,9,5,0
479.865,1,30927872,windows,0,5155,5031.25,36,0,0,0,0,0,0,25,10,1
479.894,0,31315968,windows,0,905,905,14,0,0,0,0,0,0,9,5,0
480.117,1,30942208,windows,0,5155,5031.25,36,0,0,0,0,0,0,25,10,1
480.151,0,31336448,windows,0,905,905,14,0,0,0,0,0,0,9,5,0
480.38,1,30957568,windows,0,4775,4651.25,35,0,0,0,0,0,0,25,9,1
480.41,0,31356928,windows,0,905,905,14,0,0,0,0,0,0,9,5,0
480.635,1,30973952,windows,0,4295,4295,33,0,0,0,0,0,0,23,9,1
480.672,0,31377408,windows,0,905,905,14,0,0,0,0,0,0,9,5,0
480.892,1,30992384,windows,0,4295,4295,33,0,0,0,0,0,0,23,9,1
480.934,0,31396864,windows,0,905,905,14,0,0,0,0,0,0,9,5,0
481.148,1,31010816,windows,0,4295,4295,33,0,0,0,0,0,0,23,9,1
481.195,0,31415296,windows,0,905,905,14,0,0,0,0,0,0,9,5,0
481.402,1,31029248,windows,0,4295,4295,33,0,0,0,0,0,0,23,9,1
481.451,0,31432704,windows,0,905,905,14,0,0,0,0,0,0,9,5,0
481.658,1,31047680,windows,0,4070,4070,32,0,0,0,0,0,0,22,9,1
481.712,0,31451136,windows,0,905,905,14,0,0,0,0,0,0,9,5,0
481.914,1,31065088,windows,0,3855,3751.25,31,0,0,0,0,0,0,21,9,1
481.976,0,31469568,windows,0,905,905,14,0,0,0,0,0,0,9,5,0
482.167,1,31083520,windows,0,3270,3270,28,0,0,0,0,0,0,18,9,1
482.239,0,31486976,windows,0,905,905,14,0,0,0,0,0,0,9,5,0
482.424,1,31101952,windows,0,3270,3270,28,0,0,0,0,0,0,18,9,1
482.496,0,31504384,windows,0,905,905,14,0,0,0,0,0,0,9,5,0
482.679,1,31120384,windows,0,3270,3270,28,0,0,0,0,0,0,18,9,1
482.747,0,31521792,windows,0,905,905,14,0,0,0,0,0,0,9,5,0
482.941,1,31139840,windows,0,3270,3270,28,0,0,0,0,0,0,18,9,1
482.998,0,31540224,windows,0,905,905,14,0,0,0,0,0,0,9,5,0
483.195,1,31158272,windows,0,3270,3270,28,0,0,0,0,0,0,18,9,1
483.253,0,31558656,windows,0,905,905,14,0,0,0,0,0,0,9,5,0
483.459,1,31176704,windows,0,905,905,14,0,0,0,0,0,0,9,5,0
483.517,0,31577088,repair,0,905,905,14,0,0,0,0,0,0,9,5,0
483.714,1,31195136,windows,0,905,905,14,0,0,0,0,0,0,9,5,0
483.774,0,31594496,repair,0,905,905,14,0,0,0,0,0,0,9,5,0
483.966,1,31214592,windows,0,905,905,14,0,0,0,0,0,0,9,5,0
484.025,0,31613952,repair,0,905,905,14,0,0,0,0,0,0,9,5,0
484.225,1,31234048,windows,0,905,905,14,0,0,0,0,0,0,9,5,0
484.28,0,31632384,windows,0,905,905,14,0,0,0,0,0,0,9,5,0
484.476,1,31252480,windows,0,905,905,14,0,0,0,0,0,0,9,5,0
484.536,0,31650816,windows,0,905,905,14,0,0,0,0,0,0,9,5,0
484.731,1,31270912,windows,0,905,905,14,0,0,0,0,0,0,9,5,0
484.793,0,31669248,windows,0,905,905,14,0,0,0,0,0,0,9,5,0
484.985,1,31291392,windows,0,905,905,14,0,0,0,0,0,0,9,5,0
485.049,0,31687680,windows,0,905,905,14,0,0,0,0,0,0,9,5,0
485.242,1,31307776,windows,0,905,905,14,0,0,0,0,0,0,9,5,0
485.31,0,31704064,windows,0,905,905,14,0,0,0,0,0,0,9,5,0
485.497,1,31325184,windows,0,905,905,14,0,0,0,0,0,0,9,5,0
485.562,0,31719424,windows,0,905,905,14,0,0,0,0,0,0,9,5,0
485.752,1,31341568,windows,0,905,905,14,0,0,0,0,0,0,9,5,0
485.827,0,31736832,windows,0,905,905,14,0,0,0,0,0,0,9,5,0
486.003,1,31356928,windows,0,905,905,14,0,0,0,0,0,0,9,5,0
486.084,0,31753216,windows,0,905,905,14,0,0,0,0,0,0,9,5,0
486.257,1,31375360,windows,0,905,905,14,0,0,0,0,0,0,9,5,0
486.338,0,31768576,windows,0,905,905,14,0,0,0,0,0,0,9,5,0
486.512,1,31393792,windows,0,905,905,14,0,0,0,0,0,0,9,5,0
486.596,0,31783936,windows,0,905,905,14,0,0,0,0,0,0,9,5,0
486.765,1,31410176,windows,0,905,905,14,0,0,0,0,0,0,9,5,0
486.856,0,31799296,windows,0,905,905,14,0,0,0,0,0,0,9,5,0
487.016,1,31427584,windows,0,905,905,14,0,0,0,0,0,0,9,5,0
487.115,0,31817728,windows,0,905,905,14,0,0,0,0,0,0,9,5,0
487.267,1,31444992,windows,0,905,905,14,0,0,0,0,0,0,9,5,0
487.371,0,31837184,windows,0,905,905,14,0,0,0,0,0,0,9,5,0
487.53,1,31461376,windows,0,905,905,14,0,0,0,0,0,0,9,5,0
487.626,0,31857664,windows,0,905,905,14,0,0,0,0,0,0,9,5,0
487.794,1,31476736,windows,0,905,905,14,0,0,0,0,0,0,9,5,0
487.89,0,31874048,windows,0,905,905,14,0,0,0,0,0,0,9,5,0
488.054,1,31492096,windows,0,905,905,14,0,0,0,0,0,0,9,5,0
488.141,0,31889408,windows,0,905,905,14,0,0,0,0,0,0,9,5,0
488.318,1,31508480,windows,0,905,905,14,0,0,0,0,0,0,9,5,0
488.405,0,31904768,repair,0,905,905,14,0,0,0,0,0,0,9,5,0
488.573,1,31524864,windows,0,905,905,14,0,0,0,0,0,0,9,5,0
488.666,0,31921152,repair,0,905,905,14,0,0,0,0,0,0,9,5,0
488.827,1,31539200,windows,0,905,905,14,0,0,0,0,0,0,9,5,0
488.921,0,31936512,windows,0,905,905,14,0,0,0,0,0,0,9,5,0
489.087,1,31556608,windows,0,905,905,14,0,0,0,0,0,0,9,5,0
489.185,0,31950848,windows,0,905,905,14,0,0,0,0,0,0,9,5,0
489.339,1,31571968,windows,0,905,905,14,0,0,0,0,0,0,9,5,0
489.449,0,31965184,windows,0,905,905,14,0,0,0,0,0,0,9,5,0
489.592,1,31587328,windows,0,905,905,14,0,0,0,0,0,0,9,5,0
489.702,0,31978496,windows,0,905,905,14,0,0,0,0,0,0,9,5,0
489.859,1,31602688,windows,0,905,905,14,0,0,0,0,0,0,9,5,0
489.959,0,31992832,windows,0,905,905,14,0,0,0,0,0,0,9,5,0
490.116,1,31617024,repair,0,905,905,14,0,0,0,0,0,0,9,5,0
490.215,0,32007168,windows,0,905,905,14,0,0,0,0,0,0,9,5,0
490.377,1,31632384,repair,0,905,905,14,0,0,0,0,0,0,9,5,0
490.466,0,32021504,windows,0,905,905,14,0,0,0,0,0,0,9,5,0
490.638,1,31647744,windows,0,905,905,14,0,0,0,0,0,0,9,5,0
490.728,0,32035840,windows,0,905,905,14,0,0,0,0,0,0,9,5,0
490.897,1,31662080,windows,0,905,905,14,0,0,0,0,0,0,9,5,0
490.99,0,32051200,windows,0,905,905,14,0,0,0,0,0,0,9,5,0
491.161,1,31676416,windows,0,905,905,14,0,0,0,0,0,0,9,5,0
491.243,0,32065536,windows,0,905,905,14,0,0,0,0,0,0,9,5,0
491.421,1,31690752,windows,0,905,905,14,0,0,0,0,0,0,9,5,0
491.503,0,32079872,windows,0,905,905,14,0,0,0,0,0,0,9,5,0
491.672,1,31704064,windows,0,905,905,14,0,0,0,0,0,0,9,5,0
491.757,0,32094208,windows,0,905,905,14,0,0,0,0,0,0,9,5,0
491.935,1,31718400,windows,0,905,905,14,0,0,0,0,0,0,9,5,0
492.013,0,32108544,windows,0,905,905,14,0,0,0,0,0,0,9,5,0
492.188,1,31732736,windows,0,905,905,14,0,0,0,0,0,0,9,5,0
492.28,0,32123904,windows,0,905,905,14,0,0,0,0,0,0,9,5,0
492.453,1,31747072,windows,0,905,905,14,0,0,0,0,0,0,9,5,0
492.534,0,32139264,windows,0,905,905,14,0,0,0,0,0,0,9,5,0
492.704,1,31760384,windows,0,905,905,14,0,0,0,0,0,0,9,5,0
492.793,0,32154624,windows,0,905,905,14,0,0,0,0,0,0,9,5,0
492.96,1,31774720,windows,0,905,905,14,0,0,0,0,0,0,9,5,0
493.049,0,32169984,windows,0,905,905,14,0,0,0,0,0,0,9,5,0
493.217,1,31789056,windows,0,905,905,14,0,0,0,0,0,0,9,5,0
493.311,0,32185344,windows,0,905,905,14,0,0,0,0,0,0,9,5,0
493.479,1,31803392,windows,0,905,905,14,0,0,0,0,0,0,9,5,0
493.568,0,32200704,windows,0,905,905,14,0,0,0,0,0,0,9,5,0
493.739,1,31817728,windows,0,905,905,14,0,0,0,0,0,0,9,5,0
493.834,0,32217088,windows,0,905,905,14,0,0,0,0,0,0,9,5,0
493.989,1,31832064,windows,0,905,905,14,0,0,0,0,0,0,9,5,0
494.099,0,32233472,windows,0,905,905,14,0,0,0,0,0,0,9,5,0
494.255,1,31847424,windows,0,905,905,14,0,0,0,0,0,0,9,5,0
494.363,0,32249856,windows,0,905,905,14,0,0,0,0,0,0,9,5,0
494.508,1,31861760,windows,0,905,905,14,0,0,0,0,0,0,9,5,0
494.614,0,32265216,windows,0,905,905,14,0,0,0,0,0,0,9,5,0
494.77,1,31877120,windows,0,905,905,14,0,0,0,0,0,0,9,5,0
494.869,0,32280576,windows,0,905,905,14,0,0,0,0,0,0,9,5,0
495.029,1,31892480,windows,0,905,905,14,0,0,0,0,0,0,9,5,0
495.137,0,32295936,repair,0,905,905,14,0,0,0,0,0,0,9,5,0
495.287,1,31906816,windows,0,905,905,14,0,0,0,0,0,0,9,5,0
495.403,0,32310272,repair,0,905,905,14,0,0,0,0,0,0,9,5,0
495.54,1,31921152,windows,0,905,905,14,0,0,0,0,0,0,9,5,0
495.656,0,32324608,windows,0,905,905,14,0,0,0,0,0,0,9,5,0
495.79,1,31935488,windows,0,905,905,14,0,0,0,0,0,0,9,5,0
495.911,0,32337920,windows,0,905,905,14,0,0,0,0,0,0,9,5,0
496.059,1,31950848,windows,0,905,905,14,0,0,0,0,0,0,9,5,0
496.169,0,32353280,windows,0,905,905,14,0,0,0,0,0,0,9,5,0
496.323,1,31967232,windows,0,905,905,14,0,0,0,0,0,0,9,5,0
496.427,0,32367616,windows,0,905,905,14,0,0,0,0,0,0,9,5,0
496.582,1,31983616,windows,0,905,905,14,0,0,0,0,0,0,9,5,0
496.677,0,32381952,windows,0,905,905,14,0,0,0,0,0,0,9,5,0
496.846,1,32000000,windows,0,905,905,14,0,0,0,0,0,0,9,5,0
496.933,0,32396288,windows,0,905,905,14,0,0,0,0,0,0,9,5,0
497.104,1,32016384,windows,0,905,905,14,0,0,0,0,0,0,9,5,0
497.194,0,32411648,windows,0,905,905,14,0,0,0,0,0,0,9,5,0
497.363,1,32032768,windows,0,905,905,14,0,0,0,0,0,0,9,5,0
497.46,0,32427008,windows,0,905,905,14,0,0,0,0,0,0,9,5,0
497.616,1,32047104,repair,0,905,905,14,0,0,0,0,0,0,9,5,0
497.711,0,32441344,windows,0,905,905,14,0,0,0,0,0,0,9,5,0
497.879,1,32062464,repair,0,905,905,14,0,0,0,0,0,0,9,5,0
497.969,0,32456704,windows,0,905,905,14,0,0,0,0,0,0,9,5,0
498.13,1,32078848,repair,0,905,905,14,0,0,0,0,0,0,9,5,0
498.23,0,32472064,windows,0,905,905,14,0,0,0,0,0,0,9,5,0
498.382,1,32093184,windows,0,905,905,14,0,0,0,0,0,0,9,5,0
498.491,0,32488448,windows,0,905,905,14,0,0,0,0,0,0,9,5,0
498.641,1,32107520,windows,0,905,905,14,0,0,0,0,0,0,9,5,0
498.756,0,32504832,windows,0,905,905,14,0,0,0,0,0,0,9,5,0
498.894,1,32120832,windows,0,905,905,14,0,0,0,0,0,0,9,5,0
499.017,0,32522240,windows,0,905,905,14,0,0,0,0,0,0,9,5,0
499.156,1,32135168,windows,0,905,905,14,0,0,0,0,0,0,9,5,0
499.278,0,32534528,repair,826,2.04239e+08,2.04188e+08,6106,60,136,141,317,172,0,3338,2562,206
499.407,1,32148480,windows,0,905,905,14,0,0,0,0,0,0,9,5,0
499.535,0,32551936,repair,641,2.65862e+08,2.65856e+08,7185,33,126,102,253,127,0,4085,2929,171
499.683,1,32161792,windows,0,905,905,14,0,0,0,0,0,0,9,5,0
499.79,0,32568320,repair,530,2.70632e+08,2.70547e+08,7278,33,96,98,204,99,0,4129,2984,165
499.949,1,32176128,windows,0,905,905,14,0,0,0,0,0,0,9,5,0
500.048,0,32584704,repair,442,2.59272e+08,2.59272e+08,7169,24,82,81,166,89,0,4081,2921,167
500.203,1,32190464,windows,0,905,905,14,0,0,0,0,0,0,9,5,0
500.304,0,32602112,repair,370,2.19094e+08,2.19018e+08,6719,22,76,74,138,60,0,3955,2619,145
500.46,1,32204800,windows,0,905,905,14,0,0,0,0,0,0,9,5,0
500.554,0,32619520,repair,311,1.99629e+08,1.99629e+08,6458,14,61,48,122,66,0,3859,2473,126
500.726,1,32219136,windows,0,905,905,14,0,0,0,0,0,0,9,5,0
500.806,0,32636928,repair,245,1.97849e+08,1.9778e+08,6389,15,44,44,98,44,0,3768,2500,121
500.982,1,32233472,windows,0,905,905,14,0,0,0,0,0,0,9,5,0
501.061,0,32654336,repair,207,1.7234e+08,1.7234e+08,6076,9,37,33,94,34,0,3701,2262,113
501.233,1,32247808,windows,0,905,905,14,0,0,0,0,0,0,9,5,0
501.312,0,32670720,repair,157,1.5374e+08,1.53678e+08,5828,4,31,19,69,34,0,3658,2072,98
501.493,1,32262144,windows,0,905,905,14,0,0,0,0,0,0,9,5,0
501.564,0,32687104,repair,122,1.45124e+08,1.45124e+08,5587,3,31,10,50,28,0,3423,2072,92
501.749,1,32277504,windows,0,905,905,14,0,0,0,0,0,0,9,5,0
501.827,0,32703488,repair,92,1.34574e+08,1.34574e+08,5377,5,8,16,43,20,0,3295,1998,84
502.015,1,32293888,windows,0,905,905,14,0,0,0,0,0,0,9,5,0
502.092,0,32719872,repair,71,1.22167e+08,1.22129e+08,5133,4,13,11,26,17,0,3159,1897,77
502.265,1,32309248,windows,0,905,905,14,0,0,0,0,0,0,9,5,0
502.356,0,32736256,repair,36,1.20075e+08,1.20037e+08,5078,1,4,7,18,6,0,3093,1897,88
502.518,1,32325632,windows,0,905,905,14,0,0,0,0,0,0,9,5,0
502.614,0,32751616,repair,23,1.06404e+08,1.06354e+08,4802,0,1,7,11,4,0,2956,1768,78
502.778,1,32342016,windows,0,905,905,14,0,0,0,0,0,0,9,5,0
502.864,0,32765952,repair,13,9.48033e+07,9.47564e+07,4600,0,0,4,7,2,0,2915,1615,70
503.036,1,32359424,windows,0,905,905,14,0,0,0,0,0,0,9,5,0
503.126,0,32781312,repair,7,8.63506e+07,8.63201e+07,4411,0,1,1,5,0,0,2820,1524,67
503.296,1,32373760,windows,0,905,905,14,0,0,0,0,0,0,9,5,0
503.378,0,32795648,repair,2,7.64824e+07,7.64824e+07,4176,0,0,0,1,1,0,2706,1410,60
503.549,1,32388096,windows,0,905,905,14,0,0,0,0,0,0,9,5,0
503.632,0,32811008,repair,2,6.60568e+07,6.60553e+07,3914,0,0,0,2,0,0,2587,1275,52
503.81,1,32403456,windows,0,905,905,14,0,0,0,0,0,0,9,5,0
503.897,0,32827392,repair,1,5.74099e+07,5.73962e+07,3648,0,0,0,1,0,0,2394,1197,57
504.076,1,32418816,windows,0,905,905,14,0,0,0,0,0,0,9,5,0
504.16,0,32843776,repair,1,4.83518e+07,4.83501e+07,3369,0,0,0,1,0,0,2235,1079,55
504.34,1,32434176,windows,0,905,905,14,0,0,0,0,0,0,9,5,0
504.419,0,32859136,repair,0,4.36348e+07,4.36023e+07,3230,0,0,0,0,0,0,2179,995,56
504.596,1,32448512,windows,0,905,905,14,0,0,0,0,0,0,9,5,0
504.676,0,32871424,windows,0,3.63568e+07,3.63288e+07,2949,0,0,0,0,0,0,2003,901,45
504.848,1,32465920,windows,0,905,905,14,0,0,0,0,0,0,9,5,0
504.937,0,32884736,windows,0,3.09834e+07,3.09656e+07,2724,0,0,0,0,0,0,1856,828,40
505.108,1,32479232,repair,811,2.42511e+08,2.42487e+08,6696,51,154,149,285,172,0,3714,2810,172
505.206,0,32898048,windows,0,2.66517e+07,2.66423e+07,2508,0,0,0,0,0,0,1683,789,36
505.371,1,32496640,repair,636,2.90387e+08,2.90362e+08,7362,45,139,113,223,116,0,4063,3148,151
505.46,0,32911360,windows,0,2.30405e+07,2.30393e+07,2344,0,0,0,0,0,0,1582,724,38
505.622,1,32514048,repair,548,2.43295e+08,2.43295e+08,6924,47,88,96,207,110,0,3953,2806,165
505.712,0,32922624,windows,0,2.04727e+07,2.04506e+07,2205,0,0,0,0,0,0,1485,686,34
505.876,1,32529408,repair,468,2.39837e+08,2.39781e+08,6880,33,93,80,162,100,0,3917,2806,157
505.962,0,32934912,windows,0,1.70338e+07,1.70138e+07,2020,0,0,0,0,0,0,1376,614,30
506.137,1,32545792,repair,378,2.29606e+08,2.29601e+08,6788,30,73,76,125,74,0,3884,2742,162
506.225,0,32948224,windows,0,1.46431e+07,1.46423e+07,1851,0,0,0,0,0,0,1230,594,27
506.391,1,32562176,repair,322,2.084e+08,2.08382e+08,6439,13,57,56,123,73,0,3674,2625,140
506.48,0,32961536,windows,0,1.28203e+07,1.28142e+07,1764,0,0,0,0,0,0,1221,517,26
506.643,1,32578560,repair,259,2.08157e+08,2.08134e+08,6517,10,50,39,108,52,0,3780,2592,145
506.736,0,32974848,windows,0,1.11404e+07,1.11339e+07,1651,0,0,0,0,0,0,1153,473,25
506.906,1,32593920,repair,225,1.72039e+08,1.72021e+08,6044,11,34,35,99,46,0,3661,2273,110
506.987,0,32988160,windows,0,9.72256e+06,9.72256e+06,1543,0,0,0,0,0,0,1082,439,22
507.167,1,32610304,repair,170,1.57362e+08,1.57301e+08,5770,9,35,17,69,40,0,3465,2193,112
507.247,0,33001472,windows,0,7.92736e+06,7.91401e+06,1394,0,0,0,0,0,0,981,394,19
507.417,1,32625664,repair,129,1.60433e+08,1.60416e+08,5768,9,17,12,62,29,0,3402,2255,111
507.51,0,33014784,windows,0,6.7786e+06,6.7786e+06,1293,0,0,0,0,0,0,922,355,16
507.688,1,32642048,repair,99,1.4403e+08,1.43972e+08,5607,6,22,12,38,21,0,3443,2051,113
507.772,0,33028096,windows,0,5.92468e+06,5.91788e+06,1206,0,0,0,0,0,0,849,340,17
507.944,1,32658432,repair,72,1.32995e+08,1.32952e+08,5354,3,15,5,30,19,0,3275,1987,92
508.03,0,33041408,windows,0,5.2869e+06,5.28276e+06,1147,0,0,0,0,0,0,827,305,15
508.212,1,32673792,repair,48,1.15094e+08,1.15041e+08,5015,1,2,5,25,15,0,3104,1825,86
508.296,0,33054720,windows,0,4.69602e+06,4.69225e+06,1076,0,0,0,0,0,0,755,303,18
508.464,1,32688128,repair,31,1.10458e+08,1.10422e+08,4901,1,2,9,15,4,0,3016,1799,86
508.555,0,33067008,windows,0,3.86507e+06,3.86139e+06,963,0,0,0,0,0,0,660,290,13
508.721,1,32703488,repair,16,1.05357e+08,1.05341e+08,4758,2,0,2,9,3,0,2906,1774,78
508.814,0,33080320,windows,0,3.27102e+06,3.26799e+06,884,0,0,0,0,0,0,607,267,10
508.977,1,32719872,repair,9,8.9945e+07,8.99429e+07,4506,0,0,1,5,3,0,2883,1553,70
509.071,0,33093632,windows,0,2.77998e+06,2.77516e+06,828,0,0,0,0,0,0,591,227,10
509.227,1,32736256,repair,2,7.93985e+07,7.93847e+07,4267,0,0,0,1,1,0,2761,1434,72
509.337,0,33107968,windows,0,2.39123e+06,2.38681e+06,769,0,0,0,0,0,0,552,208,9
509.49,1,32753664,repair,1,6.73967e+07,6.73561e+07,3990,0,0,0,1,0,0,2655,1265,70
509.592,0,33121280,windows,0,2.12174e+06,2.1151e+06,724,0,0,0,0,0,0,526,192,6
509.744,1,32768000,windows,0,5.95502e+07,5.95502e+07,3742,0,0,0,0,0,0,2487,1194,61
509.851,0,33134592,windows,0,1.71054e+06,1.70688e+06,645,0,0,0,0,0,0,456,183,6
509.995,1,32781312,windows,0,5.0533e+07,5.05201e+07,3426,0,0,0,0,0,0,2252,1120,54
510.113,0,33146880,windows,0,1.4121e+06,1.40856e+06,587,0,0,0,0,0,0,413,167,7
510.266,1,32795648,windows,0,4.31287e+07,4.30967e+07,3198,0,0,0,0,0,0,2161,993,44
510.367,0,33161216,windows,0,1.22448e+06,1.22448e+06,553,0,0,0,0,0,0,405,142,6
510.529,1,32809984,windows,0,3.41511e+07,3.41327e+07,2808,0,0,0,0,0,0,1852,921,35
510.634,0,33175552,windows,0,1.03888e+06,1.03865e+06,506,0,0,0,0,0,0,356,142,8
510.786,1,32823296,windows,0,2.95583e+07,2.95494e+07,2641,0,0,0,0,0,0,1788,823,30
510.888,0,33189888,windows,0,883080,882908,468,0,0,0,0,0,0,336,126,6
511.045,1,32840704,windows,0,2.47126e+07,2.47126e+07,2442,0,0,0,0,0,0,1694,719,29
511.149,0,33204224,windows,0,656945,655581,398,0,0,0,0,0,0,273,119,6
511.3,1,32858112,windows,0,2.05157e+07,2.05021e+07,2212,0,0,0,0,0,0,1499,680,33
511.405,0,33218560,windows,0,538770,537511,362,0,0,0,0,0,0,252,105,5
511.563,1,32874496,windows,0,1.62059e+07,1.61942e+07,1978,0,0,0,0,0,0,1365,586,27
511.66,0,33232896,windows,0,455735,455735,333,0,0,0,0,0,0,231,97,5
511.817,1,32889856,windows,0,1.33628e+07,1.33565e+07,1805,0,0,0,0,0,0,1265,517,23
511.92,0,33247232,windows,0,380695,380695,307,0,0,0,0,0,0,217,85,5
512.078,1,32906240,windows,0,1.13933e+07,1.13876e+07,1652,0,0,0,0,0,0,1135,497,20
512.172,0,33261568,windows,0,332965,332965,285,0,0,0,0,0,0,199,82,4
512.342,1,32922624,windows,0,9.63659e+06,9.62727e+06,1533,0,0,0,0,0,0,1076,438,19
512.429,0,33274880,windows,0,255970,255009,250,0,0,0,0,0,0,176,71,3
512.603,1,32937984,windows,0,7.70429e+06,7.69559e+06,1362,0,0,0,0,0,0,936,407,19
512.686,0,33288192,windows,0,217430,216092,232,0,0,0,0,0,0,166,63,3
512.868,1,32953344,windows,0,6.44213e+06,6.4378e+06,1253,0,0,0,0,0,0,866,366,21
512.945,0,33302528,windows,0,173090,172299,205,0,0,0,0,0,0,142,60,3
513.119,1,32968704,windows,0,5.48914e+06,5.48222e+06,1165,0,0,0,0,0,0,827,321,17
513.208,0,33316864,windows,0,155905,155139,194,0,0,0,0,0,0,131,59,4
513.387,1,32985088,windows,0,4.64555e+06,4.64169e+06,1075,0,0,0,0,0,0,772,288,15
513.473,0,33331200,windows,0,141415,140238,185,0,0,0,0,0,0,127,55,3
513.646,1,33000448,windows,0,3.8324e+06,3.82896e+06,974,0,0,0,0,0,0,688,270,16
513.738,0,33345536,windows,0,104470,104388,158,0,0,0,0,0,0,106,49,3
513.903,1,33015808,windows,0,3.11725e+06,3.11181e+06,875,0,0,0,0,0,0,610,250,15
513.994,0,33359872,windows,0,91010,90927.5,149,0,0,0,0,0,0,102,44,3
514.162,1,33032192,windows,0,2.56566e+06,2.56132e+06,799,0,0,0,0,0,0,569,217,13
514.246,0,33374208,windows,0,83170,82212.5,141,0,0,0,0,0,0,94,44,3
514.413,1,33048576,windows,0,2.1339e+06,2.1297e+06,733,0,0,0,0,0,0,529,191,13
514.508,0,33388544,windows,0,78795,77413.8,138,0,0,0,0,0,0,93,42,3
514.664,1,33064960,windows,0,1.74325e+06,1.73931e+06,661,0,0,0,0,0,0,470,178,13
514.775,0,33402880,windows,0,71830,71012.5,134,0,0,0,0,0,0,94,37,3
514.922,1,33081344,windows,0,1.32712e+06,1.32428e+06,582,0,0,0,0,0,0,429,142,11
515.035,0,33416192,windows,0,58175,57437.5,121,0,0,0,0,0,0,85,33,3
515.183,1,33098752,windows,0,1.05864e+06,1.05864e+06,518,0,0,0,0,0,0,379,130,9
515.288,0,33430528,windows,0,47890,47458.8,107,0,0,0,0,0,0,70,34,3
515.449,1,33117184,windows,0,888835,888835,478,0,0,0,0,0,0,359,110,9
515.552,0,33444864,windows,0,46400,45343.8,105,0,0,0,0,0,0,70,33,2
515.708,1,33134592,windows,0,712200,708374,430,0,0,0,0,0,0,324,96,10
515.821,0,33460224,windows,0,42460,42407.5,101,0,0,0,0,0,0,68,31,2
515.962,1,33150976,windows,0,542685,540770,371,0,0,0,0,0,0,267,96,8
516.072,0,33473536,windows,0,39605,39208.8,99,0,0,0,0,0,0,69,28,2
516.212,1,33167360,windows,0,453630,452311,343,0,0,0,0,0,0,264,72,7
516.334,0,33487872,windows,0,32610,31746.2,85,0,0,0,0,0,0,54,30,1
516.467,1,33183744,windows,0,382745,382745,316,0,0,0,0,0,0,239,69,8
516.591,0,33502208,windows,0,29190,28386.2,82,0,0,0,0,0,0,54,27,1
516.717,1,33200128,windows,0,337480,336411,295,0,0,0,0,0,0,214,73,8
516.85,0,33517568,windows,0,24555,24080,76,0,0,0,0,0,0,51,24,1
516.978,1,33216512,windows,0,229510,228419,244,0,0,0,0,0,0,178,59,7
517.116,0,33532928,windows,0,22130,21436.2,72,0,0,0,0,0,0,48,23,1
517.242,1,33233920,windows,0,183055,181880,217,0,0,0,0,0,0,149,59,9
517.374,0,33548288,windows,0,21655,21421.2,71,0,0,0,0,0,0,47,23,1
517.5,1,33251328,windows,0,149780,148126,199,0,0,0,0,0,0,144,47,8
517.641,0,33563648,windows,0,16555,16555,60,0,0,0,0,0,0,37,22,1
517.762,1,33268736,windows,0,132415,132415,187,0,0,0,0,0,0,131,47,9
517.901,0,33580032,windows,0,14115,13760,58,0,0,0,0,0,0,39,18,1
518.014,1,33286144,windows,0,103325,101684,165,0,0,0,0,0,0,115,42,8
518.154,0,33596416,windows,0,13030,13030,56,0,0,0,0,0,0,38,17,1
518.264,1,33303552,windows,0,82345,81598.8,148,0,0,0,0,0,0,103,37,8
518.419,0,33612800,windows,0,11750,11750,54,0,0,0,0,0,0,38,15,1
518.515,1,33320960,windows,0,67150,67150,135,0,0,0,0,0,0,100,28,7
518.683,0,33629184,windows,0,11010,11010,52,0,0,0,0,0,0,36,15,1
518.771,1,33338368,windows,0,60940,60471.2,128,0,0,0,0,0,0,94,28,6
518.939,0,33645568,windows,0,9955,9640,48,0,0,0,0,0,0,31,16,1
519.022,1,33354752,windows,0,48260,48260,113,0,0,0,0,0,0,84,25,4
519.192,0,33659904,windows,0,9650,9186.25,47,0,0,0,0,0,0,30,16,1
519.272,1,33368064,windows,0,41645,40786.2,105,0,0,0,0,0,0,77,24,4
519.452,0,33675264,windows,0,9650,9186.25,47,0,0,0,0,0,0,30,16,1
519.524,1,33382400,windows,0,35825,35076.2,98,0,0,0,0,0,0,75,19,4
519.705,0,33688576,windows,0,8530,8215,43,0,0,0,0,0,0,26,16,1
519.783,1,33398784,windows,0,32980,32236.2,94,0,0,0,0,0,0,70,20,4
519.968,0,33702912,windows,0,7910,7910,42,0,0,0,0,0,0,26,15,1
520.044,1,33415168,windows,0,31600,30866.2,92,0,0,0,0,0,0,68,20,4
520.232,0,33718272,windows,0,7910,7910,42,0,0,0,0,0,0,26,15,1
520.299,1,33429504,windows,0,25480,25171.2,83,0,0,0,0,0,0,62,17,4
520.487,0,33733632,windows,0,7410,7410,40,0,0,0,0,0,0,24,15,1
520.552,1,33443840,windows,0,23080,23080,79,0,0,0,0,0,0,58,17,4
520.744,0,33751040,windows,0,6950,6841.25,38,0,0,0,0,0,0,22,15,1
520.81,1,33458176,windows,0,20725,20725,75,0,0,0,0,0,0,55,16,4
521.003,0,33770496,windows,0,6370,6261.25,37,0,0,0,0,0,0,22,14,1
521.068,1,33472512,windows,0,19560,19560,73,0,0,0,0,0,0,54,15,4
521.257,0,33789952,windows,0,6370,6261.25,37,0,0,0,0,0,0,22,14,1
521.324,1,33486848,windows,0,17985,17985,70,0,0,0,0,0,0,51,15,4
521.517,0,33810432,windows,0,6155,6155,36,0,0,0,0,0,0,21,14,1
521.577,1,33501184,windows,0,17710,17710,69,0,0,0,0,0,0,52,14,3
521.768,0,33828864,windows,0,5950,5950,35,0,0,0,0,0,0,20,14,1
521.837,1,33515520,windows,0,15105,14586.2,64,0,0,0,0,0,0,45,15,4
522.028,0,33847296,windows,0,5950,5950,35,0,0,0,0,0,0,20,14,1
522.091,1,33529856,windows,0,13220,13220,60,0,0,0,0,0,0,42,14,4
522.289,0,33866752,windows,0,5950,5950,35,0,0,0,0,0,0,20,14,1
522.356,1,33545216,windows,0,12805,12601.2,59,0,0,0,0,0,0,41,14,4
522.548,0,33886208,windows,0,5950,5950,35,0,0,0,0,0,0,20,14,1
522.623,1,33560576,windows,0,12805,12601.2,59,0,0,0,0,0,0,41,14,4
522.807,0,33904640,windows,0,5755,5755,34,0,0,0,0,0,0,19,14,1
522.888,1,33577984,windows,0,11255,11255,55,0,0,0,0,0,0,39,13,3
523.066,0,33924096,windows,0,5755,5755,34,0,0,0,0,0,0,19,14,1
523.145,1,33595392,windows,0,10370,10370,53,0,0,0,0,0,0,38,12,3
523.322,0,33943552,windows,0,5755,5755,34,0,0,0,0,0,0,19,14,1
523.398,1,33612800,windows,0,10370,10370,53,0,0,0,0,0,0,38,12,3
523.58,0,33964032,windows,0,5755,5755,34,0,0,0,0,0,0,19,14,1
523.662,1,33632256,windows,0,9640,9640,51,0,0,0,0,0,0,34,13,4
523.842,0,33984512,windows,0,905,905,14,0,0,0,0,0,0,9,5,0
523.923,1,33651712,windows,0,8270,7876.25,47,0,0,0,0,0,0,32,12,3
524.101,0,34004992,windows,0,905,905,14,0,0,0,0,0,0,9,5,0
524.175,1,33670144,windows,0,8270,7876.25,47,0,0,0,0,0,0,32,12,3
524.355,0,34025472,windows,0,905,905,14,0,0,0,0,0,0,9,5,0
524.435,1,33689600,windows,0,8270,7876.25,47,0,0,0,0,0,0,32,12,3
524.611,0,34045952,windows,0,905,905,14,0,0,0,0,0,0,9,5,0
524.692,1,33708032,windows,0,8150,7895,46,0,0,0,0,0,0,30,13,3
524.866,0,34065408,windows,0,905,905,14,0,0,0,0,0,0,9,5,0
524.943,1,33726464,windows,0,7650,7650,45,0,0,0,0,0,0,30,12,3
525.125,0,34085888,windows,0,905,905,14,0,0,0,0,0,0,9,5,0
525.2,1,33744896,windows,0,6895,6751.25,43,0,0,0,0,0,0,29,11,3
525.375,0,34106368,windows,0,905,905,14,0,0,0,0,0,0,9,5,0
525.461,1,33764352,windows,0,6610,6471.25,42,0,0,0,0,0,0,28,11,3
525.631,0,34125824,windows,0,905,905,14,0,0,0,0,0,0,9,5,0
525.725,1,33782784,windows,0,5915,5720,40,0,0,0,0,0,0,27,10,3
525.893,0,34145280,repair,0,905,905,14,0,0,0,0,0,0,9,5,0
525.985,1,33801216,windows,0,5915,5720,40,0,0,0,0,0,0,27,10,3
526.148,0,34163712,repair,0,905,905,14,0,0,0,0,0,0,9,5,0
526.245,1,33818624,windows,0,5000,4881.25,36,0,0,0,0,0,0,24,10,2
526.408,0,34182144,windows,0,905,905,14,0,0,0,0,0,0,9,5,0
526.502,1,33835008,windows,0,4765,4651.25,35,0,0,0,0,0,0,23,10,2
526.672,0,34198528,windows,0,905,905,14,0,0,0,0,0,0,9,5,0
526.763,1,33851392,windows,0,4280,4280,34,0,0,0,0,0,0,24,8,2
526.926,0,34214912,windows,0,905,905,14,0,0,0,0,0,0,9,5,0
527.02,1,33868800,windows,0,4280,4280,34,0,0,0,0,0,0,24,8,2
527.189,0,34233344,windows,0,905,905,14,0,0,0,0,0,0,9,5,0
527.272,1,33887232,windows,0,4045,4045,33,0,0,0,0,0,0,23,8,2
527.442,0,34251776,windows,0,905,905,14,0,0,0,0,0,0,9,5,0
527.529,1,33905664,windows,0,4045,4045,33,0,0,0,0,0,0,23,8,2
527.701,0,34270208,windows,0,905,905,14,0,0,0,0,0,0,9,5,0
527.785,1,33923072,windows,0,3820,3556.25,32,0,0,0,0,0,0,22,8,2
527.963,0,34289664,windows,0,905,905,14,0,0,0,0,0,0,9,5,0
528.042,1,33941504,windows,0,3625,3376.25,30,0,0,0,0,0,0,23,7,0
528.222,0,34308096,windows,0,905,905,14,0,0,0,0,0,0,9,5,0
528.293,1,33959936,windows,0,3625,3376.25,30,0,0,0,0,0,0,23,7,0
528.476,0,34325504,windows,0,905,905,14,0,0,0,0,0,0,9,5,0
528.554,1,33979392,windows,0,3365,3136.25,29,0,0,0,0,0,0,23,6,0
528.736,0,34344960,windows,0,905,905,14,0,0,0,0,0,0,9,5,0
528.813,1,33999872,windows,0,3185,2946.25,28,0,0,0,0,0,0,21,7,0
528.989,0,34364416,windows,0,905,905,14,0,0,0,0,0,0,9,5,0
529.071,1,34019328,windows,0,2925,2706.25,27,0,0,0,0,0,0,21,6,0
529.25,0,34382848,windows,0,905,905,14,0,0,0,0,0,0,9,5,0
529.326,1,34037760,windows,0,2925,2706.25,27,0,0,0,0,0,0,21,6,0
529.515,0,34400256,windows,0,905,905,14,0,0,0,0,0,0,9,5,0
529.582,1,34056192,windows,0,2720,2506.25,26,0,0,0,0,0,0,20,6,0
529.777,0,34417664,windows,0,905,905,14,0,0,0,0,0,0,9,5,0
529.834,1,34073600,windows,0,2720,2506.25,26,0,0,0,0,0,0,20,6,0
530.04,0,34437120,windows,0,905,905,14,0,0,0,0,0,0,9,5,0
530.085,1,34093056,windows,0,2720,2506.25,26,0,0,0,0,0,0,20,6,0
530.29,0,34455552,windows,0,905,905,14,0,0,0,0,0,0,9,5,0
530.348,1,34113536,windows,0,905,905,14,0,0,0,0,0,0,9,5,0
530.544,0,34472960,repair,0,905,905,14,0,0,0,0,0,0,9,5,0
530.609,1,34130944,windows,0,905,905,14,0,0,0,0,0,0,9,5,0
530.807,0,34489344,repair,0,905,905,14,0,0,0,0,0,0,9,5,0
530.866,1,34148352,windows,0,905,905,14,0,0,0,0,0,0,9,5,0
531.065,0,34506752,windows,0,905,905,14,0,0,0,0,0,0,9,5,0
531.129,1,34168832,windows,0,905,905,14,0,0,0,0,0,0,9,5,0
531.318,0,34524160,windows,0,905,905,14,0,0,0,0,0,0,9,5,0
531.384,1,34187264,windows,0,905,905,14,0,0,0,0,0,0,9,5,0
531.578,0,34540544,windows,0,905,905,14,0,0,0,0,0,0,9,5,0
531.644,1,34206720,windows,0,905,905,14,0,0,0,0,0,0,9,5,0
531.835,0,34557952,windows,0,905,905,14,0,0,0,0,0,0,9,5,0
531.904,1,34227200,windows,0,905,905,14,0,0,0,0,0,0,9,5,0
532.094,0,34575360,windows,0,905,905,14,0,0,0,0,0,0,9,5,0
532.157,1,34246656,windows,0,905,905,14,0,0,0,0,0,0,9,5,0
532.352,0,34592768,windows,0,905,905,14,0,0,0,0,0,0,9,5,0
532.419,1,34266112,windows,0,905,905,14,0,0,0,0,0,0,9,5,0
532.605,0,34610176,windows,0,905,905,14,0,0,0,0,0,0,9,5,0
532.67,1,34284544,windows,0,905,905,14,0,0,0,0,0,0,9,5,0
532.859,0,34627584,windows,0,905,905,14,0,0,0,0,0,0,9,5,0
532.924,1,34304000,windows,0,905,905,14,0,0,0,0,0,0,9,5,0
533.121,0,34647040,windows,0,905,905,14,0,0,0,0,0,0,9,5,0
533.181,1,34323456,windows,0,905,905,14,0,0,0,0,0,0,9,5,0
533.373,0,34665472,windows,0,905,905,14,0,0,0,0,0,0,9,5,0
533.434,1,34341888,repair,0,905,905,14,0,0,0,0,0,0,9,5,0
533.628,0,34682880,windows,0,905,905,14,0,0,0,0,0,0,9,5,0
533.687,1,34358272,repair,0,905,905,14,0,0,0,0,0,0,9,5,0
533.887,0,34702336,windows,0,905,905,14,0,0,0,0,0,0,9,5,0
533.947,1,34375680,windows,0,905,905,14,0,0,0,0,0,0,9,5,0
534.143,0,34720768,windows,0,905,905,14,0,0,0,0,0,0,9,5,0
534.2,1,34395136,windows,0,905,905,14,0,0,0,0,0,0,9,5,0
534.401,0,34739200,windows,0,905,905,14,0,0,0,0,0,0,9,5,0
534.465,1,34413568,windows,0,905,905,14,0,0,0,0,0,0,9,5,0
534.657,0,34758656,windows,0,905,905,14,0,0,0,0,0,0,9,5,0
534.723,1,34430976,windows,0,905,905,14,0,0,0,0,0,0,9,5,0
534.916,0,34778112,windows,0,905,905,14,0,0,0,0,0,0,9,5,0
534.976,1,34448384,windows,0,905,905,14,0,0,0,0,0,0,9,5,0
535.168,0,34797568,windows,0,905,905,14,0,0,0,0,0,0,9,5,0
535.227,1,34465792,windows,0,905,905,14,0,0,0,0,0,0,9,5,0
535.429,0,34819072,windows,0,905,905,14,0,0,0,0,0,0,9,5,0
535.49,1,34485248,windows,0,905,905,14,0,0,0,0,0,0,9,5,0
535.692,0,34838528,windows,0,905,905,14,0,0,0,0,0,0,9,5,0
535.741,1,34503680,windows,0,905,905,14,0,0,0,0,0,0,9,5,0
535.954,0,34859008,repair,0,905,905,14,0,0,0,0,0,0,9,5,0
535.996,1,34523136,windows,0,905,905,14,0,0,0,0,0,0,9,5,0
536.206,0,34878464,repair,0,905,905,14,0,0,0,0,0,0,9,5,0
536.249,1,34542592,windows,0,905,905,14,0,0,0,0,0,0,9,5,0
536.462,0,34897920,windows,0,905,905,14,0,0,0,0,0,0,9,5,0
536.503,1,34562048,windows,0,905,905,14,0,0,0,0,0,0,9,5,0
536.715,0,34916352,windows,0,905,905,14,0,0,0,0,0,0,9,5,0
536.76,1,34581504,repair,0,905,905,14,0,0,0,0,0,0,9,5,0
536.975,0,34934784,windows,0,905,905,14,0,0,0,0,0,0,9,5,0
537.019,1,34601984,repair,0,905,905,14,0,0,0,0,0,0,9,5,0
537.227,0,34953216,windows,0,905,905,14,0,0,0,0,0,0,9,5,0
537.271,1,34622464,repair,0,905,905,14,0,0,0,0,0,0,9,5,0
537.478,0,34970624,windows,0,905,905,14,0,0,0,0,0,0,9,5,0
537.526,1,34641920,windows,0,905,905,14,0,0,0,0,0,0,9,5,0
537.728,0,34988032,windows,0,905,905,14,0,0,0,0,0,0,9,5,0
537.784,1,34660352,windows,0,905,905,14,0,0,0,0,0,0,9,5,0
537.98,0,35006464,windows,0,905,905,14,0,0,0,0,0,0,9,5,0
538.043,1,34678784,windows,0,905,905,14,0,0,0,0,0,0,9,5,0
538.24,0,35024896,windows,0,905,905,14,0,0,0,0,0,0,9,5,0
538.294,1,34696192,windows,0,905,905,14,0,0,0,0,0,0,9,5,0
538.502,0,35044352,windows,0,905,905,14,0,0,0,0,0,0,9,5,0
538.551,1,34713600,windows,0,905,905,14,0,0,0,0,0,0,9,5,0
538.753,0,35061760,windows,0,905,905,14,0,0,0,0,0,0,9,5,0
538.814,1,34732032,windows,0,905,905,14,0,0,0,0,0,0,9,5,0
539.014,0,35081216,windows,0,905,905,14,0,0,0,0,0,0,9,5,0
539.079,1,34750464,windows,0,905,905,14,0,0,0,0,0,0,9,5,0
539.27,0,35100672,windows,0,905,905,14,0,0,0,0,0,0,9,5,0
539.334,1,34767872,windows,0,905,905,14,0,0,0,0,0,0,9,5,0
539.529,0,35121152,windows,0,905,905,14,0,0,0,0,0,0,9,5,0
539.594,1,34786304,windows,0,905,905,14,0,0,0,0,0,0,9,5,0
539.782,0,35138560,repair,0,905,905,14,0,0,0,0,0,0,9,5,0
539.847,1,34803712,windows,0,905,905,14,0,0,0,0,0,0,9,5,0
540.04,0,35158016,windows,0,905,905,14,0,0,0,0,0,0,9,5,0
540.111,1,34821120,windows,0,905,905,14,0,0,0,0,0,0,9,5,0
540.3,0,35175424,windows,0,905,905,14,0,0,0,0,0,0,9,5,0
540.373,1,34839552,windows,0,905,905,14,0,0,0,0,0,0,9,5,0
540.556,0,35193856,windows,0,905,905,14,0,0,0,0,0,0,9,5,0
540.628,1,34856960,windows,0,905,905,14,0,0,0,0,0,0,9,5,0
540.813,0,35211264,windows,0,905,905,14,0,0,0,0,0,0,9,5,0
540.891,1,34876416,windows,0,905,905,14,0,0,0,0,0,0,9,5,0
541.069,0,35229696,windows,0,905,905,14,0,0,0,0,0,0,9,5,0
541.148,1,34894848,windows,0,905,905,14,0,0,0,0,0,0,9,5,0
541.323,0,35243008,repair,897,1.7235e+08,1.72335e+08,5490,51,135,129,394,188,0,3005,2289,196
541.398,1,34913280,windows,0,905,905,14,0,0,0,0,0,0,9,5,0
541.576,0,35263488,repair,644,2.76089e+08,2.76063e+08,7281,43,141,108,229,123,0,4090,3018,173
541.653,1,34931712,windows,0,905,905,14,0,0,0,0,0,0,9,5,0
541.837,0,35284992,repair,521,2.48086e+08,2.4801e+08,7002,32,105,91,191,102,0,4010,2835,157
541.909,1,34950144,windows,0,905,905,14,0,0,0,0,0,0,9,5,0
542.093,0,35305472,repair,400,2.56577e+08,2.56551e+08,7177,19,74,89,144,74,0,4133,2889,155
542.173,1,34969600,windows,0,905,905,14,0,0,0,0,0,0,9,5,0
542.352,0,35326976,repair,314,2.14883e+08,2.14879e+08,6596,16,59,42,129,68,0,3821,2634,141
542.428,1,34988032,windows,0,905,905,14,0,0,0,0,0,0,9,5,0
542.614,0,35344384,repair,256,2.0383e+08,2.0383e+08,6484,17,43,41,104,51,0,3781,2550,153
542.692,1,35004416,windows,0,905,905,14,0,0,0,0,0,0,9,5,0
542.872,0,35360768,repair,220,1.70629e+08,1.70583e+08,5996,6,40,32,96,46,0,3582,2288,126
542.948,1,35021824,windows,0,905,905,14,0,0,0,0,0,0,9,5,0
543.127,0,35377152,repair,165,1.67959e+08,1.67937e+08,5926,12,31,22,67,33,0,3491,2300,135
543.212,1,35039232,windows,0,905,905,14,0,0,0,0,0,0,9,5,0
543.39,0,35393536,repair,126,1.55899e+08,1.55899e+08,5733,9,26,14,54,23,0,3434,2193,106
543.469,1,35057664,windows,0,905,905,14,0,0,0,0,0,0,9,5,0
543.645,0,35410944,repair,96,1.39588e+08,1.39585e+08,5518,1,10,13,50,22,0,3396,2016,106
543.724,1,35075072,windows,0,905,905,14,0,0,0,0,0,0,9,5,0
543.905,0,35432448,repair,52,1.311e+08,1.3106e+08,5317,6,7,9,15,15,0,3262,1970,85
543.98,1,35089408,windows,0,905,905,14,0,0,0,0,0,0,9,5,0
544.167,0,35453952,repair,27,1.15749e+08,1.15695e+08,5109,2,4,1,11,9,0,3279,1758,72
544.233,1,35103744,windows,0,905,905,14,0,0,0,0,0,0,9,5,0
544.418,0,35474432,repair,11,1.0182e+08,1.01769e+08,4744,0,0,1,5,5,0,2975,1694,75
544.49,1,35117056,windows,0,905,905,14,0,0,0,0,0,0,9,5,0
544.674,0,35492864,repair,8,8.48267e+07,8.48247e+07,4392,0,0,1,5,2,0,2830,1494,68
544.748,1,35131392,windows,0,905,905,14,0,0,0,0,0,0,9,5,0
544.927,0,35509248,repair,1,7.59607e+07,7.59607e+07,4189,0,1,0,0,0,0,2761,1374,54
545.008,1,35145728,windows,0,905,905,14,0,0,0,0,0,0,9,5,0
545.179,0,35525632,repair,1,6.40942e+07,6.40813e+07,3887,0,0,0,1,0,0,2587,1235,65
545.274,1,35161088,windows,0,905,905,14,0,0,0,0,0,0,9,5,0
545.43,0,35542016,repair,1,5.44584e+07,5.44447e+07,3588,0,0,0,1,0,0,2407,1127,54
545.533,1,35175424,windows,0,905,905,14,0,0,0,0,0,0,9,5,0
545.682,0,35558400,repair,1,4.76457e+07,4.76345e+07,3354,0,0,0,1,0,0,2246,1057,51
545.797,1,35190784,windows,0,905,905,14,0,0,0,0,0,0,9,5,0
545.95,0,35573760,windows,0,4.05352e+07,4.0525e+07,3078,0,0,0,0,0,0,2039,992,47
546.048,1,35205120,windows,0,905,905,14,0,0,0,0,0,0,9,5,0
546.2,0,35588096,windows,0,3.40201e+07,3.40189e+07,2841,0,0,0,0,0,0,1921,881,39
546.312,1,35220480,windows,0,905,905,14,0,0,0,0,0,0,9,5,0
546.457,0,35602432,windows,0,2.8869e+07,2.8859e+07,2634,0,0,0,0,0,0,1821,783,30
546.574,1,35235840,windows,0,905,905,14,0,0,0,0,0,0,9,5,0
546.718,0,35616768,windows,0,2.50865e+07,2.50769e+07,2466,0,0,0,0,0,0,1705,725,36
546.835,1,35251200,windows,0,905,905,14,0,0,0,0,0,0,9,5,0
546.986,0,35630080,windows,0,2.20724e+07,2.20592e+07,2323,0,0,0,0,0,0,1633,660,30
547.09,1,35264512,windows,0,905,905,14,0,0,0,0,0,0,9,5,0
547.244,0,35643392,windows,0,1.84374e+07,1.84293e+07,2110,0,0,0,0,0,0,1456,625,29
547.341,1,35278848,windows,0,905,905,14,0,0,0,0,0,0,9,5,0
547.508,0,35657728,windows,0,1.58155e+07,1.58083e+07,1939,0,0,0,0,0,0,1328,591,20
547.607,1,35294208,windows,0,905,905,14,0,0,0,0,0,0,9,5,0
547.76,0,35671040,windows,0,1.34945e+07,1.34882e+07,1808,0,0,0,0,0,0,1259,527,22
547.859,1,35308544,windows,0,905,905,14,0,0,0,0,0,0,9,5,0
548.021,0,35684352,windows,0,1.17792e+07,1.17734e+07,1683,0,0,0,0,0,0,1167,498,18
548.116,1,35322880,windows,0,905,905,14,0,0,0,0,0,0,9,5,0
548.282,0,35698688,windows,0,1.02881e+07,1.02819e+07,1588,0,0,0,0,0,0,1119,448,21
548.371,1,35337216,windows,0,905,905,14,0,0,0,0,0,0,9,5,0
548.539,0,35712000,windows,0,8.28757e+06,8.2739e+06,1423,0,0,0,0,0,0,998,406,19
548.634,1,35348480,repair,887,2.09207e+08,2.09139e+08,6307,67,197,147,312,164,0,3580,2511,216
548.808,0,35726336,windows,0,6.98725e+06,6.98227e+06,1298,0,0,0,0,0,0,896,385,17
548.886,1,35366912,repair,680,2.79993e+08,2.79906e+08,7410,50,151,139,216,124,0,4216,3003,191
549.064,0,35740672,windows,0,6.00064e+06,5.99346e+06,1223,0,0,0,0,0,0,873,330,20
549.14,1,35385344,repair,554,2.68005e+08,2.67941e+08,7232,37,115,99,208,95,0,4085,2972,175
549.323,0,35755008,windows,0,5.20723e+06,5.20661e+06,1141,0,0,0,0,0,0,812,308,21
549.4,1,35403776,repair,468,2.48575e+08,2.48498e+08,7014,29,70,96,177,96,0,4037,2842,135
549.586,0,35769344,windows,0,4.41724e+06,4.41667e+06,1046,0,0,0,0,0,0,735,292,19
549.661,1,35422208,repair,368,2.17007e+08,2.16988e+08,6569,19,78,65,131,75,0,3769,2668,132
549.849,0,35782656,windows,0,3.58756e+06,3.5792e+06,946,0,0,0,0,0,0,689,246,11
549.918,1,35439616,repair,307,2.01634e+08,2.01615e+08,6363,21,50,46,134,56,0,3653,2568,142
550.105,0,35794944,windows,0,3.16306e+06,3.15955e+06,885,0,0,0,0,0,0,632,241,12
550.182,1,35457024,repair,252,1.94142e+08,1.94123e+08,6301,11,37,40,108,56,0,3676,2494,131
550.368,0,35809280,windows,0,2.71438e+06,2.71387e+06,825,0,0,0,0,0,0,585,223,17
550.436,1,35473408,repair,190,1.9281e+08,1.92806e+08,6247,9,31,33,74,43,0,3607,2514,126
550.635,0,35823616,windows,0,2.34709e+06,2.34211e+06,765,0,0,0,0,0,0,526,218,21
550.687,1,35490816,repair,150,1.58788e+08,1.58768e+08,5812,10,25,22,65,28,0,3532,2186,94
550.903,0,35837952,windows,0,1.99141e+06,1.98897e+06,704,0,0,0,0,0,0,488,199,17
550.945,1,35508224,repair,113,1.45948e+08,1.45906e+08,5581,6,11,18,54,24,0,3406,2090,85
551.184,0,35848192,windows,0,1.69328e+06,1.68902e+06,645,0,0,0,0,0,0,439,190,16
551.211,1,35525632,repair,84,1.3091e+08,1.30871e+08,5346,3,10,11,42,18,0,3318,1942,86
551.441,0,35858432,windows,0,1.47674e+06,1.47424e+06,602,0,0,0,0,0,0,407,179,16
551.466,1,35542016,repair,51,1.26033e+08,1.25978e+08,5188,4,7,7,26,7,0,3166,1945,77
551.7,0,35871744,windows,0,1.25376e+06,1.25171e+06,567,0,0,0,0,0,0,411,142,14
551.73,1,35557376,repair,34,1.15696e+08,1.15694e+08,5065,0,1,6,20,7,0,3200,1793,72
551.952,0,35885056,windows,0,1.064e+06,1.06359e+06,519,0,0,0,0,0,0,365,140,14
551.987,1,35573760,repair,23,1.04775e+08,1.04725e+08,4816,0,1,1,12,9,0,3030,1713,73
552.215,0,35899392,windows,0,912430,911988,483,0,0,0,0,0,0,340,128,15
552.237,1,35590144,repair,16,8.85901e+07,8.85884e+07,4453,0,1,1,10,4,0,2848,1548,57
552.475,0,35912704,windows,0,734915,730644,434,0,0,0,0,0,0,303,116,15
552.487,1,35605504,repair,7,8.04064e+07,8.03637e+07,4295,0,3,0,3,1,0,2803,1432,60
552.732,0,35926016,windows,0,573835,571880,384,0,0,0,0,0,0,275,98,11
552.739,1,35621888,windows,0,7.34928e+07,7.34652e+07,4095,0,0,0,0,0,0,2655,1381,59
552.997,0,35941376,windows,0,470065,468841,348,0,0,0,0,0,0,245,91,12
552.998,1,35638272,windows,0,5.9715e+07,5.96912e+07,3740,0,0,0,0,0,0,2497,1193,50
553.252,0,35957760,windows,0,382545,380458,312,0,0,0,0,0,0,213,87,12
553.255,1,35656704,windows,0,4.78585e+07,4.78572e+07,3342,0,0,0,0,0,0,2224,1074,44
553.511,1,35675136,windows,0,3.58016e+07,3.57828e+07,2880,0,0,0,0,0,0,1904,939,37
553.515,0,35975168,windows,0,327650,327328,289,0,0,0,0,0,0,198,80,11
553.762,1,35692544,windows,0,2.87454e+07,2.87292e+07,2637,0,0,0,0,0,0,1838,769,30
553.778,0,35992576,windows,0,229990,227826,242,0,0,0,0,0,0,166,67,9
554.013,1,35710976,windows,0,2.3485e+07,2.34766e+07,2396,0,0,0,0,0,0,1679,684,33
554.036,0,36009984,windows,0,180205,178074,215,0,0,0,0,0,0,149,58,8
554.265,1,35729408,windows,0,1.91928e+07,1.91928e+07,2169,0,0,0,0,0,0,1518,618,33
554.292,0,36027392,windows,0,156820,155552,202,0,0,0,0,0,0,142,52,8
554.529,1,35747840,windows,0,1.48175e+07,1.48169e+07,1872,0,0,0,0,0,0,1269,581,22
554.55,0,36044800,windows,0,136930,136019,189,0,0,0,0,0,0,130,50,9
554.791,1,35766272,windows,0,1.20406e+07,1.20348e+07,1701,0,0,0,0,0,0,1170,509,22
554.815,0,36062208,windows,0,98510,97432.5,159,0,0,0,0,0,0,108,44,7
555.047,1,35784704,windows,0,1.00213e+07,1.00157e+07,1567,0,0,0,0,0,0,1103,443,21
555.073,0,36079616,windows,0,88070,87867.5,152,0,0,0,0,0,0,106,39,7
555.31,1,35803136,windows,0,8.00822e+06,8.00769e+06,1382,0,0,0,0,0,0,942,422,18
555.324,0,36097024,windows,0,74435,74232.5,140,0,0,0,0,0,0,97,36,7
555.563,1,35820544,windows,0,6.40176e+06,6.39728e+06,1261,0,0,0,0,0,0,897,344,20
555.578,0,36114432,windows,0,67985,67157.5,134,0,0,0,0,0,0,95,33,6
555.815,1,35837952,windows,0,5.21876e+06,5.21876e+06,1133,0,0,0,0,0,0,781,328,24
555.841,0,36131840,windows,0,53920,53132.5,119,0,0,0,0,0,0,82,31,6
556.083,1,35856384,windows,0,4.31964e+06,4.31523e+06,1048,0,0,0,0,0,0,769,260,19
556.096,0,36149248,windows,0,45725,44957.5,109,0,0,0,0,0,0,73,30,6
556.334,1,35873792,windows,0,3.42723e+06,3.42349e+06,919,0,0,0,0,0,0,636,264,19
556.352,0,36165632,windows,0,44285,43163.8,107,0,0,0,0,0,0,71,30,6
556.593,1,35892224,windows,0,2.75776e+06,2.75023e+06,824,0,0,0,0,0,0,579,232,13
556.612,0,36184064,windows,0,38080,37558.8,101,0,0,0,0,0,0,70,25,6
556.852,1,35909632,windows,0,2.2768e+06,2.27388e+06,747,0,0,0,0,0,0,526,211,10
556.868,0,36201472,windows,0,33065,32892.5,92,0,0,0,0,0,0,59,27,6
557.113,1,35927040,windows,0,1.90218e+06,1.89602e+06,687,0,0,0,0,0,0,493,185,9
557.122,0,36218880,windows,0,32005,31317.5,91,0,0,0,0,0,0,59,26,6
557.366,1,35943424,windows,0,1.47004e+06,1.46643e+06,604,0,0,0,0,0,0,428,166,10
557.385,0,36236288,windows,0,29420,28483.8,88,0,0,0,0,0,0,58,24,6
557.624,1,35960832,windows,0,1.16954e+06,1.16925e+06,544,0,0,0,0,0,0,395,139,10
557.642,0,36253696,windows,0,29420,28483.8,88,0,0,0,0,0,0,58,24,6
557.888,1,35978240,windows,0,1.01189e+06,1.00756e+06,508,0,0,0,0,0,0,376,123,9
557.904,0,36271104,windows,0,26975,26975,85,0,0,0,0,0,0,59,21,5
558.149,1,35994624,windows,0,844365,841970,461,0,0,0,0,0,0,333,120,8
558.168,0,36288512,windows,0,22015,22015,77,0,0,0,0,0,0,53,19,5
558.414,1,36011008,windows,0,666485,664290,407,0,0,0,0,0,0,291,110,6
558.423,0,36304896,windows,0,19425,19425,70,0,0,0,0,0,0,45,21,4
558.667,1,36027392,windows,0,528275,526911,366,0,0,0,0,0,0,273,88,5
558.674,0,36322304,windows,0,19425,19425,70,0,0,0,0,0,0,45,21,4
558.931,1,36042752,windows,0,446990,445395,339,0,0,0,0,0,0,252,80,7
558.938,0,36339712,windows,0,17380,16786.2,67,0,0,0,0,0,0,44,19,4
559.188,1,36059136,windows,0,383090,383090,314,0,0,0,0,0,0,232,75,7
559.2,0,36354048,windows,0,15700,15700,63,0,0,0,0,0,0,40,19,4
559.443,1,36075520,windows,0,307805,307805,281,0,0,0,0,0,0,207,68,6
559.46,0,36368384,windows,0,15700,15700,63,0,0,0,0,0,0,40,19,4
559.697,1,36091904,windows,0,229205,229205,241,0,0,0,0,0,0,171,64,6
559.722,0,36382720,windows,0,14545,13986.2,60,0,0,0,0,0,0,37,19,4
559.961,1,36108288,windows,0,186605,186605,221,0,0,0,0,0,0,167,48,6
559.98,0,36398080,windows,0,14180,14180,59,0,0,0,0,0,0,36,19,4
560.217,1,36123648,windows,0,156205,156205,201,0,0,0,0,0,0,145,50,6
560.238,0,36413440,windows,0,13085,13085,57,0,0,0,0,0,0,35,18,4
560.474,1,36140032,windows,0,138185,136596,190,0,0,0,0,0,0,139,45,6
560.495,0,36428800,windows,0,12820,12445,55,0,0,0,0,0,0,32,19,4
560.738,1,36156416,windows,0,95075,94872.5,158,0,0,0,0,0,0,111,40,7
560.745,0,36446208,windows,0,11870,11515,53,0,0,0,0,0,0,32,18,3
560.995,1,36172800,windows,0,80965,80330,147,0,0,0,0,0,0,109,32,6
560.996,0,36463616,windows,0,10835,10671.2,52,0,0,0,0,0,0,33,16,3
561.247,0,36482048,windows,0,10510,10036.2,51,0,0,0,0,0,0,32,16,3
561.252,1,36190208,windows,0,64825,64825,130,0,0,0,0,0,0,95,31,4
561.505,0,36500480,windows,0,10510,10036.2,51,0,0,0,0,0,0,32,16,3
561.512,1,36207616,windows,0,55490,54838.8,123,0,0,0,0,0,0,90,26,7
561.757,0,36514816,windows,0,9890,9890,50,0,0,0,0,0,0,32,15,3
561.773,1,36224000,windows,0,46220,45745,112,0,0,0,0,0,0,82,24,6
562.015,0,36529152,windows,0,9890,9890,50,0,0,0,0,0,0,32,15,3
562.024,1,36240384,windows,0,37960,37581.2,102,0,0,0,0,0,0,76,20,6
562.268,0,36543488,windows,0,9890,9890,50,0,0,0,0,0,0,32,15,3
562.277,1,36256768,windows,0,35105,34751.2,98,0,0,0,0,0,0,71,21,6
562.535,0,36558848,windows,0,8975,8975,47,0,0,0,0,0,0,29,15,3
562.543,1,36274176,windows,0,31240,30805,92,0,0,0,0,0,0,64,22,6
562.796,0,36574208,windows,0,8975,8975,47,0,0,0,0,0,0,29,15,3
562.799,1,36291584,windows,0,29230,28516.2,89,0,0,0,0,0,0,64,20,5
563.048,0,36588544,windows,0,8975,8975,47,0,0,0,0,0,0,29,15,3
563.058,1,36308992,windows,0,23935,23600,81,0,0,0,0,0,0,59,17,5
563.3,0,36603904,windows,0,8975,8975,47,0,0,0,0,0,0,29,15,3
563.309,1,36326400,windows,0,18500,18205,71,0,0,0,0,0,0,52,15,4
563.562,0,36620288,windows,0,8975,8975,47,0,0,0,0,0,0,29,15,3
563.571,1,36344832,windows,0,15920,15645,66,0,0,0,0,0,0,48,14,4
563.817,0,36636672,windows,0,8975,8975,47,0,0,0,0,0,0,29,15,3
563.822,1,36362240,windows,0,14905,14650,64,0,0,0,0,0,0,47,13,4
564.074,0,36654080,windows,0,905,905,14,0,0,0,0,0,0,9,5,0
564.085,1,36380672,windows,0,13645,13370,61,0,0,0,0,0,0,43,14,4
564.331,0,36672512,windows,0,905,905,14,0,0,0,0,0,0,9,5,0
564.341,1,36399104,windows,0,12805,12326.2,59,0,0,0,0,0,0,41,14,4
564.586,0,36692992,windows,0,905,905,14,0,0,0,0,0,0,9,5,0
564.592,1,36416512,windows,0,12680,12216.2,59,0,0,0,0,0,0,42,13,4
564.843,1,36433920,windows,0,11860,11860,57,0,0,0,0,0,0,40,13,4
564.848,0,36713472,windows,0,905,905,14,0,0,0,0,0,0,9,5,0
565.099,1,36452352,windows,0,11360,10926.2,56,0,0,0,0,0,0,40,12,4
565.11,0,36733952,windows,0,905,905,14,0,0,0,0,0,0,9,5,0
565.362,1,36471808,windows,0,10205,9970,53,0,0,0,0,0,0,37,12,4
565.37,0,36753408,windows,0,905,905,14,0,0,0,0,0,0,9,5,0
565.622,1,36490240,windows,0,9485,9250,51,0,0,0,0,0,0,35,12,4
565.627,0,36771840,windows,0,905,905,14,0,0,0,0,0,0,9,5,0
565.876,1,36508672,windows,0,9025,8810,50,0,0,0,0,0,0,35,11,4
565.877,0,36791296,windows,0,905,905,14,0,0,0,0,0,0,9,5,0
566.132,0,36811776,windows,0,905,905,14,0,0,0,0,0,0,9,5,0
566.138,1,36528128,windows,0,9025,8810,50,0,0,0,0,0,0,35,11,4
566.392,0,36832256,windows,0,905,905,14,0,0,0,0,0,0,9,5,0
566.4,1,36547584,windows,0,9025,8810,50,0,0,0,0,0,0,35,11,4
566.645,0,36851712,windows,0,905,905,14,0,0,0,0,0,0,9,5,0
566.659,1,36567040,windows,0,8680,8465,49,0,0,0,0,0,0,34,11,4
566.9,0,36872192,windows,0,905,905,14,0,0,0,0,0,0,9,5,0
566.918,1,36586496,windows,0,8345,8130,48,0,0,0,0,0,0,33,11,4
567.154,0,36892672,windows,0,905,905,14,0,0,0,0,0,0,9,5,0
567.169,1,36605952,windows,0,8020,7805,47,0,0,0,0,0,0,32,11,4
567.408,0,36913152,windows,0,905,905,14,0,0,0,0,0,0,9,5,0
567.429,1,36625408,windows,0,8020,7805,47,0,0,0,0,0,0,32,11,4
567.667,0,36933632,windows,0,905,905,14,0,0,0,0,0,0,9,5,0
567.688,1,36644864,windows,0,8020,7805,47,0,0,0,0,0,0,32,11,4
567.923,0,36954112,windows,0,905,905,14,0,0,0,0,0,0,9,5,0
567.95,1,36664320,windows,0,8020,7805,47,0,0,0,0,0,0,32,11,4
568.185,0,36975616,windows,0,905,905,14,0,0,0,0,0,0,9,5,0
568.201,1,36682752,windows,0,905,905,14,0,0,0,0,0,0,9,5,0
568.446,0,36995072,windows,0,905,905,14,0,0,0,0,0,0,9,5,0
568.457,1,36701184,windows,0,905,905,14,0,0,0,0,0,0,9,5,0
568.699,0,37012480,windows,0,905,905,14,0,0,0,0,0,0,9,5,0
568.707,1,36720640,windows,0,820,725,13,0,0,0,0,0,0,8,5,0
568.958,0,37030912,windows,0,905,905,14,0,0,0,0,0,0,9,5,0
568.961,1,36741120,windows,0,820,725,13,0,0,0,0,0,0,8,5,0
569.209,0,37048320,windows,0,905,905,14,0,0,0,0,0,0,9,5,0
569.213,1,36761600,windows,0,820,725,13,0,0,0,0,0,0,8,5,0
569.465,0,37066752,windows,0,905,905,14,0,0,0,0,0,0,9,5,0
569.466,1,36781056,windows,0,820,725,13,0,0,0,0,0,0,8,5,0
569.719,1,36799488,windows,0,820,725,13,0,0,0,0,0,0,8,5,0
569.725,0,37086208,windows,0,905,905,14,0,0,0,0,0,0,9,5,0
569.977,1,36817920,windows,0,820,725,13,0,0,0,0,0,0,8,5,0
569.988,0,37105664,windows,0,905,905,14,0,0,0,0,0,0,9,5,0
570.228,1,36836352,windows,0,820,725,13,0,0,0,0,0,0,8,5,0
570.242,0,37126144,windows,0,905,905,14,0,0,0,0,0,0,9,5,0
570.482,1,36855808,windows,0,820,725,13,0,0,0,0,0,0,8,5,0
570.5,0,37146624,windows,0,905,905,14,0,0,0,0,0,0,9,5,0
570.735,1,36875264,windows,0,820,725,13,0,0,0,0,0,0,8,5,0
570.75,0,37166080,windows,0,820,725,13,0,0,0,0,0,0,8,5,0
570.987,1,36895744,windows,0,820,725,13,0,0,0,0,0,0,8,5,0
571.001,0,37187584,windows,0,820,725,13,0,0,0,0,0,0,8,5,0
571.237,1,36915200,windows,0,820,725,13,0,0,0,0,0,0,8,5,0
571.253,0,37209088,windows,0,820,725,13,0,0,0,0,0,0,8,5,0
571.501,1,36935680,windows,0,820,725,13,0,0,0,0,0,0,8,5,0
571.508,0,37229568,windows,0,820,725,13,0,0,0,0,0,0,8,5,0
571.753,1,36953088,windows,0,820,725,13,0,0,0,0,0,0,8,5,0
571.767,0,37248000,repair,0,820,725,13,0,0,0,0,0,0,8,5,0
572.007,1,36970496,windows,0,820,725,13,0,0,0,0,0,0,8,5,0
572.023,0,37266432,windows,0,820,725,13,0,0,0,0,0,0,8,5,0
572.269,1,36988928,windows,0,820,725,13,0,0,0,0,0,0,8,5,0
572.28,0,37284864,windows,0,820,725,13,0,0,0,0,0,0,8,5,0
572.525,1,37007360,windows,0,820,725,13,0,0,0,0,0,0,8,5,0
572.532,0,37303296,windows,0,820,725,13,0,0,0,0,0,0,8,5,0
572.784,1,37025792,windows,0,820,725,13,0,0,0,0,0,0,8,5,0
572.791,0,37322752,windows,0,820,725,13,0,0,0,0,0,0,8,5,0
573.039,1,37044224,windows,0,820,725,13,0,0,0,0,0,0,8,5,0
573.05,0,37340160,windows,0,820,725,13,0,0,0,0,0,0,8,5,0
573.289,1,37062656,windows,0,820,725,13,0,0,0,0,0,0,8,5,0
573.309,0,37357568,windows,0,820,725,13,0,0,0,0,0,0,8,5,0
573.549,1,37082112,windows,0,820,725,13,0,0,0,0,0,0,8,5,0
573.561,0,37374976,windows,0,820,725,13,0,0,0,0,0,0,8,5,0
573.8,1,37100544,windows,0,820,725,13,0,0,0,0,0,0,8,5,0
573.816,0,37393408,windows,0,820,725,13,0,0,0,0,0,0,8,5,0
574.051,1,37118976,repair,0,820,725,13,0,0,0,0,0,0,8,5,0
574.066,0,37410816,windows,0,820,725,13,0,0,0,0,0,0,8,5,0
574.312,1,37138432,windows,0,820,725,13,0,0,0,0,0,0,8,5,0
574.329,0,37430272,windows,0,820,725,13,0,0,0,0,0,0,8,5,0
574.576,1,37157888,windows,0,820,725,13,0,0,0,0,0,0,8,5,0
574.582,0,37449728,windows,0,820,725,13,0,0,0,0,0,0,8,5,0
574.828,1,37175296,windows,0,820,725,13,0,0,0,0,0,0,8,5,0
574.842,0,37469184,windows,0,820,725,13,0,0,0,0,0,0,8,5,0
575.089,1,37193728,windows,0,820,725,13,0,0,0,0,0,0,8,5,0
575.101,0,37487616,repair,0,820,725,13,0,0,0,0,0,0,8,5,0
575.346,1,37212160,windows,0,820,725,13,0,0,0,0,0,0,8,5,0
575.361,0,37506048,windows,0,820,725,13,0,0,0,0,0,0,8,5,0
575.603,1,37230592,windows,0,820,725,13,0,0,0,0,0,0,8,5,0
575.615,0,37522432,windows,0,820,725,13,0,0,0,0,0,0,8,5,0
575.864,1,37248000,windows,0,820,725,13,0,0,0,0,0,0,8,5,0
575.874,0,37539840,windows,0,820,725,13,0,0,0,0,0,0,8,5,0
576.12,1,37265408,windows,0,820,725,13,0,0,0,0,0,0,8,5,0
576.136,0,37557248,windows,0,820,725,13,0,0,0,0,0,0,8,5,0
576.38,1,37283840,windows,0,820,725,13,0,0,0,0,0,0,8,5,0
576.398,0,37575680,windows,0,820,725,13,0,0,0,0,0,0,8,5,0
576.635,1,37301248,windows,0,820,725,13,0,0,0,0,0,0,8,5,0
576.652,0,37593088,windows,0,820,725,13,0,0,0,0,0,0,8,5,0
576.887,1,37318656,windows,0,820,725,13,0,0,0,0,0,0,8,5,0
576.903,0,37608448,windows,0,820,725,13,0,0,0,0,0,0,8,5,0
577.142,1,37337088,windows,0,820,725,13,0,0,0,0,0,0,8,5,0
577.154,0,37623808,windows,0,820,725,13,0,0,0,0,0,0,8,5,0
577.399,1,37355520,windows,0,820,725,13,0,0,0,0,0,0,8,5,0
577.404,0,37637120,windows,0,820,725,13,0,0,0,0,0,0,8,5,0
577.649,1,37374976,windows,0,820,725,13,0,0,0,0,0,0,8,5,0
577.657,0,37652480,windows,0,820,725,13,0,0,0,0,0,0,8,5,0
577.913,1,37393408,repair,0,820,725,13,0,0,0,0,0,0,8,5,0
577.92,0,37667840,windows,0,820,725,13,0,0,0,0,0,0,8,5,0
578.17,1,37412864,repair,0,820,725,13,0,0,0,0,0,0,8,5,0
578.176,0,37682176,windows,0,820,725,13,0,0,0,0,0,0,8,5,0
578.427,1,37431296,windows,0,820,725,13,0,0,0,0,0,0,8,5,0
578.429,0,37697536,windows,0,820,725,13,0,0,0,0,0,0,8,5,0
578.677,1,37448704,windows,0,820,725,13,0,0,0,0,0,0,8,5,0
578.685,0,37713920,windows,0,820,725,13,0,0,0,0,0,0,8,5,0
578.938,1,37467136,windows,0,820,725,13,0,0,0,0,0,0,8,5,0
578.943,0,37735424,windows,0,820,725,13,0,0,0,0,0,0,8,5,0
579.189,1,37485568,windows,0,820,725,13,0,0,0,0,0,0,8,5,0
579.2,0,37755904,windows,0,820,725,13,0,0,0,0,0,0,8,5,0
579.444,1,37502976,windows,0,820,725,13,0,0,0,0,0,0,8,5,0
579.457,0,37775360,windows,0,820,725,13,0,0,0,0,0,0,8,5,0
579.706,1,37520384,windows,0,820,725,13,0,0,0,0,0,0,8,5,0
579.717,0,37790720,windows,0,820,725,13,0,0,0,0,0,0,8,5,0
579.959,1,37538816,windows,0,820,725,13,0,0,0,0,0,0,8,5,0
579.98,0,37808128,windows,0,820,725,13,0,0,0,0,0,0,8,5,0
580.215,1,37556224,windows,0,820,725,13,0,0,0,0,0,0,8,5,0
580.23,0,37823488,repair,0,820,725,13,0,0,0,0,0,0,8,5,0
580.469,1,37573632,windows,0,820,725,13,0,0,0,0,0,0,8,5,0
580.49,0,37838848,windows,0,820,725,13,0,0,0,0,0,0,8,5,0
580.723,1,37591040,windows,0,820,725,13,0,0,0,0,0,0,8,5,0
580.74,0,37853184,windows,0,820,725,13,0,0,0,0,0,0,8,5,0
580.979,1,37608448,windows,0,820,725,13,0,0,0,0,0,0,8,5,0
580.997,0,37868544,windows,0,820,725,13,0,0,0,0,0,0,8,5,0
581.243,1,37625856,windows,0,820,725,13,0,0,0,0,0,0,8,5,0
581.253,0,37881856,windows,0,820,725,13,0,0,0,0,0,0,8,5,0
581.5,1,37643264,windows,0,820,725,13,0,0,0,0,0,0,8,5,0
581.52,0,37897216,windows,0,820,725,13,0,0,0,0,0,0,8,5,0
581.752,1,37659648,windows,0,820,725,13,0,0,0,0,0,0,8,5,0
581.778,0,37913600,windows,0,820,725,13,0,0,0,0,0,0,8,5,0
582.008,1,37675008,windows,0,820,725,13,0,0,0,0,0,0,8,5,0
582.037,0,37931008,windows,0,820,725,13,0,0,0,0,0,0,8,5,0
582.259,1,37691392,windows,0,820,725,13,0,0,0,0,0,0,8,5,0
582.303,0,37945344,windows,0,820,725,13,0,0,0,0,0,0,8,5,0
582.517,1,37708800,windows,0,820,725,13,0,0,0,0,0,0,8,5,0
582.57,0,37960704,windows,0,820,725,13,0,0,0,0,0,0,8,5,0
582.777,1,37726208,windows,0,820,725,13,0,0,0,0,0,0,8,5,0
582.823,0,37975040,windows,0,820,725,13,0,0,0,0,0,0,8,5,0
583.033,1,37744640,windows,0,820,725,13,0,0,0,0,0,0,8,5,0
583.079,0,37990400,windows,0,820,725,13,0,0,0,0,0,0,8,5,0
583.285,1,37762048,windows,0,820,725,13,0,0,0,0,0,0,8,5,0
583.338,0,38005760,windows,0,820,725,13,0,0,0,0,0,0,8,5,0
583.544,1,37780480,windows,0,820,725,13,0,0,0,0,0,0,8,5,0
583.595,0,38021120,windows,0,820,725,13,0,0,0,0,0,0,8,5,0
583.795,1,37799936,windows,0,820,725,13,0,0,0,0,0,0,8,5,0
583.856,0,38036480,windows,0,820,725,13,0,0,0,0,0,0,8,5,0
584.056,1,37820416,windows,0,820,725,13,0,0,0,0,0,0,8,5,0
584.107,0,38050816,windows,0,820,725,13,0,0,0,0,0,0,8,5,0
584.315,1,37840896,windows,0,820,725,13,0,0,0,0,0,0,8,5,0
584.373,0,38066176,windows,0,820,725,13,0,0,0,0,0,0,8,5,0
584.565,1,37860352,windows,0,820,725,13,0,0,0,0,0,0,8,5,0
584.631,0,38081536,windows,0,820,725,13,0,0,0,0,0,0,8,5,0
584.82,1,37879808,repair,0,820,725,13,0,0,0,0,0,0,8,5,0
584.887,0,38095872,windows,0,820,725,13,0,0,0,0,0,0,8,5,0
585.082,1,37900288,repair,0,820,725,13,0,0,0,0,0,0,8,5,0
585.152,0,38110208,repair,0,820,725,13,0,0,0,0,0,0,8,5,0
585.332,1,37921792,windows,0,820,725,13,0,0,0,0,0,0,8,5,0
585.407,0,38123520,repair,0,820,725,13,0,0,0,0,0,0,8,5,0
585.595,1,37941248,windows,0,820,725,13,0,0,0,0,0,0,8,5,0
585.665,0,38137856,windows,0,820,725,13,0,0,0,0,0,0,8,5,0
585.848,1,37958656,windows,0,820,725,13,0,0,0,0,0,0,8,5,0
585.931,0,38153216,windows,0,820,725,13,0,0,0,0,0,0,8,5,0
586.099,1,37975040,windows,0,820,725,13,0,0,0,0,0,0,8,5,0
586.187,0,38167552,windows,0,820,725,13,0,0,0,0,0,0,8,5,0
586.353,1,37992448,windows,0,820,725,13,0,0,0,0,0,0,8,5,0
586.439,0,38182912,windows,0,820,725,13,0,0,0,0,0,0,8,5,0
586.609,1,38009856,windows,0,820,725,13,0,0,0,0,0,0,8,5,0
586.697,0,38197248,windows,0,820,725,13,0,0,0,0,0,0,8,5,0
586.862,1,38023168,windows,0,820,725,13,0,0,0,0,0,0,8,5,0
586.949,0,38210560,windows,0,820,725,13,0,0,0,0,0,0,8,5,0
587.128,1,38037504,windows,0,820,725,13,0,0,0,0,0,0,8,5,0
587.204,0,38223872,windows,0,820,725,13,0,0,0,0,0,0,8,5,0
587.391,1,38051840,windows,0,820,725,13,0,0,0,0,0,0,8,5,0
587.464,0,38239232,windows,0,820,725,13,0,0,0,0,0,0,8,5,0
587.643,1,38065152,windows,0,820,725,13,0,0,0,0,0,0,8,5,0
587.725,0,38254592,windows,0,820,725,13,0,0,0,0,0,0,8,5,0
587.904,1,38079488,windows,0,820,725,13,0,0,0,0,0,0,8,5,0
587.982,0,38269952,windows,0,820,725,13,0,0,0,0,0,0,8,5,0
588.156,1,38093824,windows,0,820,725,13,0,0,0,0,0,0,8,5,0
588.234,0,38284288,windows,0,820,725,13,0,0,0,0,0,0,8,5,0
588.408,1,38108160,windows,0,820,725,13,0,0,0,0,0,0,8,5,0
588.488,0,38298624,windows,0,820,725,13,0,0,0,0,0,0,8,5,0
588.671,1,38123520,windows,0,820,725,13,0,0,0,0,0,0,8,5,0
588.745,0,38312960,windows,0,820,725,13,0,0,0,0,0,0,8,5,0
588.923,1,38137856,windows,0,820,725,13,0,0,0,0,0,0,8,5,0
589.012,0,38327296,windows,0,820,725,13,0,0,0,0,0,0,8,5,0
589.186,1,38153216,windows,0,820,725,13,0,0,0,0,0,0,8,5,0
589.274,0,38343680,windows,0,820,725,13,0,0,0,0,0,0,8,5,0
589.44,1,38168576,windows,0,820,725,13,0,0,0,0,0,0,8,5,0
589.534,0,38361088,windows,0,820,725,13,0,0,0,0,0,0,8,5,0
589.703,1,38183936,windows,0,820,725,13,0,0,0,0,0,0,8,5,0
589.787,0,38380544,windows,0,820,725,13,0,0,0,0,0,0,8,5,0
589.953,1,38198272,windows,0,820,725,13,0,0,0,0,0,0,8,5,0
590.04,0,38394880,repair,1052,9.34645e+07,9.34645e+07,3498,24,79,67,539,343,0,2082,1211,205
590.215,1,38211584,windows,0,820,725,13,0,0,0,0,0,0,8,5,0
590.297,0,38414336,repair,700,2.85053e+08,2.84986e+08,7363,54,152,141,239,114,0,4098,3079,186
590.483,1,38222848,repair,967,1.36362e+08,1.36356e+08,4885,52,141,146,406,222,0,2775,1902,208
590.55,0,38435840,repair,577,2.47752e+08,2.47747e+08,6997,30,115,98,213,121,0,4003,2819,175
590.736,1,38237184,repair,703,2.78019e+08,2.77933e+08,7267,43,137,141,254,128,0,4053,3033,181
590.803,0,38455296,repair,459,2.47387e+08,2.47367e+08,7054,22,91,83,177,86,0,4062,2820,172
590.995,1,38254592,repair,589,2.70169e+08,2.70089e+08,7230,38,123,102,201,125,0,4085,2985,160
591.056,0,38476800,repair,358,2.15821e+08,2.15768e+08,6610,18,86,60,135,59,0,3835,2633,142
591.252,1,38272000,repair,496,2.50472e+08,2.50409e+08,6981,41,113,100,166,76,0,3934,2891,156
591.306,0,38496256,repair,288,1.94485e+08,1.94463e+08,6275,17,49,37,112,73,0,3647,2504,124
591.504,1,38288384,repair,401,2.53054e+08,2.53029e+08,7103,34,95,74,133,65,0,4076,2880,147
591.561,0,38516736,repair,228,1.77339e+08,1.77289e+08,6085,10,42,25,106,45,0,3644,2336,105
591.761,1,38304768,repair,347,2.10576e+08,2.10557e+08,6449,18,72,54,139,64,0,3681,2640,128
591.82,0,38537216,repair,167,1.62519e+08,1.62457e+08,5924,12,32,29,68,26,0,3618,2191,115
592.022,1,38321152,repair,278,2.08044e+08,2.07988e+08,6476,19,47,45,112,55,0,3753,2601,122
592.082,0,38557696,repair,124,1.45411e+08,1.45411e+08,5576,7,23,18,51,25,0,3359,2100,117
592.284,1,38337536,repair,222,2.0408e+08,2.04077e+08,6401,17,40,33,92,40,0,3680,2595,126
592.338,0,38577152,repair,81,1.51588e+08,1.51542e+08,5652,2,19,13,34,13,0,3370,2171,111
592.544,1,38352896,repair,177,1.83886e+08,1.83819e+08,6231,13,39,20,69,36,0,3747,2372,112
592.592,0,38596608,repair,56,1.23473e+08,1.23416e+08,5144,4,5,10,17,20,0,3121,1929,94
592.798,1,38369280,repair,149,1.47097e+08,1.47035e+08,5527,14,27,21,55,32,0,3279,2151,97
592.854,0,38617088,repair,30,1.12979e+08,1.12977e+08,4987,2,1,12,9,6,0,3116,1792,79
593.055,1,38385664,repair,106,1.5217e+08,1.52167e+08,5683,5,12,14,47,28,0,3439,2150,94
593.112,0,38636544,repair,15,1.01381e+08,1.01364e+08,4727,1,0,3,7,4,0,2958,1695,74
593.316,1,38402048,repair,83,1.30517e+08,1.30475e+08,5257,1,12,12,39,19,0,3192,1990,75
593.373,0,38657024,repair,4,8.56417e+07,8.56417e+07,4407,0,0,0,2,2,0,2854,1497,56
593.569,1,38417408,repair,47,1.32661e+08,1.32661e+08,5360,2,9,7,19,10,0,3292,1977,91
593.628,0,38676480,repair,2,6.83721e+07,6.83326e+07,3947,0,1,0,0,1,0,2550,1337,60
593.826,1,38432768,repair,33,1.23671e+08,1.23615e+08,5245,2,4,5,15,7,0,3312,1852,81
593.887,0,38691840,repair,1,6.05326e+07,6.05083e+07,3753,0,1,0,0,0,0,2483,1217,53
594.083,1,38449152,repair,24,1.00401e+08,1.00384e+08,4771,0,4,0,14,6,0,3064,1632,75
594.138,0,38707200,repair,1,5.23945e+07,5.2393e+07,3498,0,1,0,0,0,0,2318,1128,52
594.346,1,38464512,repair,9,9.72045e+07,9.71721e+07,4674,0,1,0,6,2,0,2981,1622,71
594.4,0,38723584,repair,0,4.72201e+07,4.72076e+07,3313,0,0,0,0,0,0,2176,1083,54
594.604,1,38480896,repair,1,8.8553e+07,8.85058e+07,4454,0,0,1,0,0,0,2835,1553,66
594.659,0,38743040,repair,0,3.64964e+07,3.6495e+07,2957,0,0,0,0,0,0,2004,904,49
594.861,1,38496256,repair,1,7.30907e+07,7.305e+07,4097,0,1,0,0,0,0,2664,1369,64
594.912,0,38760448,repair,0,3.64964e+07,3.6495e+07,2957,0,0,0,0,0,0,2004,904,49
595.112,1,38510592,windows,0,6.25036e+07,6.2476e+07,3767,0,0,0,0,0,0,2417,1288,62
595.173,0,38775808,repair,0,2.75957e+07,2.75858e+07,2568,0,0,0,0,0,0,1749,783,36
595.378,1,38524928,windows,0,5.21546e+07,5.21188e+07,3455,0,0,0,0,0,0,2250,1157,48
595.428,0,38794240,windows,0,2.22995e+07,2.22987e+07,2318,0,0,0,0,0,0,1604,686,28
595.643,1,38539264,windows,0,4.32681e+07,4.32666e+07,3195,0,0,0,0,0,0,2135,1010,50
595.69,0,38811648,windows,0,1.91375e+07,1.91304e+07,2133,0,0,0,0,0,0,1426,668,39
595.895,1,38552576,windows,0,3.58155e+07,3.57858e+07,2865,0,0,0,0,0,0,1866,958,41
595.945,0,38829056,windows,0,1.60317e+07,1.60307e+07,1969,0,0,0,0,0,0,1346,589,34
596.16,1,38565888,windows,0,3.01071e+07,3.00807e+07,2668,0,0,0,0,0,0,1815,825,28
596.21,0,38842368,windows,0,1.37907e+07,1.379e+07,1819,0,0,0,0,0,0,1250,546,23
596.429,1,38580224,windows,0,2.56707e+07,2.56548e+07,2488,0,0,0,0,0,0,1710,742,36
596.464,0,38855680,windows,0,1.17534e+07,1.17369e+07,1680,0,0,0,0,0,0,1154,504,22
596.684,1,38593536,windows,0,2.21035e+07,2.21027e+07,2310,0,0,0,0,0,0,1602,680,28
596.714,0,38870016,windows,0,1.00685e+07,1.00593e+07,1580,0,0,0,0,0,0,1129,429,22
596.939,1,38606848,windows,0,1.94618e+07,1.94611e+07,2169,0,0,0,0,0,0,1512,633,24
596.967,0,38885376,windows,0,8.63182e+06,8.62293e+06,1456,0,0,0,0,0,0,1022,412,22
597.196,1,38620160,windows,0,1.6144e+07,1.6144e+07,1952,0,0,0,0,0,0,1308,615,29
597.218,0,38898688,windows,0,7.54618e+06,7.53371e+06,1361,0,0,0,0,0,0,956,385,20
597.474,1,38633472,windows,0,1.37349e+07,1.37287e+07,1810,0,0,0,0,0,0,1233,553,24
597.479,0,38913024,windows,0,6.23112e+06,6.21932e+06,1238,0,0,0,0,0,0,875,346,17
597.734,1,38645760,windows,0,1.20923e+07,1.20857e+07,1712,0,0,0,0,0,0,1195,497,20
597.739,0,38926336,windows,0,5.24372e+06,5.24319e+06,1124,0,0,0,0,0,0,768,338,18
597.993,1,38659072,windows,0,1.0622e+07,1.06158e+07,1611,0,0,0,0,0,0,1136,456,19
598.003,0,38939648,windows,0,4.59026e+06,4.58975e+06,1061,0,0,0,0,0,0,741,303,17
598.258,1,38672384,windows,0,9.28448e+06,9.2787e+06,1507,0,0,0,0,0,0,1074,419,14
598.272,0,38953984,windows,0,3.97229e+06,3.96286e+06,991,0,0,0,0,0,0,702,274,15
598.51,1,38684672,windows,0,7.87174e+06,7.87174e+06,1382,0,0,0,0,0,0,957,405,20
598.526,0,38967296,windows,0,3.49746e+06,3.49416e+06,929,0,0,0,0,0,0,659,257,13
598.76,1,38696960,windows,0,6.82152e+06,6.81639e+06,1298,0,0,0,0,0,0,925,356,17
598.795,0,38980608,windows,0,2.87648e+06,2.87352e+06,841,0,0,0,0,0,0,593,236,12
599.017,1,38709248,windows,0,5.90533e+06,5.90533e+06,1199,0,0,0,0,0,0,830,350,19
599.051,0,38993920,windows,0,2.40653e+06,2.40339e+06,772,0,0,0,0,0,0,540,217,15
599.27,1,38721536,windows,0,5.2336e+06,5.23315e+06,1138,0,0,0,0,0,0,813,310,15
599.317,0,39007232,windows,0,2.1054e+06,2.10124e+06,718,0,0,0,0,0,0,497,208,13
599.53,1,38733824,windows,0,4.51717e+06,4.50699e+06,1048,0,0,0,0,0,0,728,305,15
599.585,0,39021568,windows,0,1.83863e+06,1.83863e+06,676,0,0,0,0,0,0,486,181,9
599.784,1,38746112,windows,0,4.0143e+06,4.01379e+06,997,0,0,0,0,0,0,703,277,17
599.842,0,39034880,windows,0,1.63264e+06,1.63264e+06,633,0,0,0,0,0,0,453,174,6
600.006,1,38757376,end,0,3.33812e+06,3.33812e+06,909,0,0,0,0,0,0,630,259,20
600.015,0,39044096,end,0,1.41551e+06,1.41537e+06,586,0,0,0,0,0,0,414,167,5
