seconds,worker,moves,phase,hard,objective,surrogate,soft,lecturerConflicts,groupConflicts,roomConflicts,groupTravel,lecturerTravel,abstractRoomOverflow,lecturerWindows,groupWindows,mixedOnlineDays
0.0551536,0,0,start,1092,8.12804e+07,8.12659e+07,2283,0,0,0,706,386,0,1608,459,216
0.0627968,1,0,start,1111,8.33816e+07,8.33669e+07,2294,0,0,0,708,403,0,1578,489,227
0.312585,0,21504,repair,755,2.83236e+08,2.83154e+08,7268,58,172,123,256,146,0,3988,3081,199
0.322267,1,21504,repair,758,3.19084e+08,3.19078e+08,7780,66,161,151,254,126,0,4351,3251,178
0.567145,0,43008,repair,599,2.68969e+08,2.68949e+08,7242,45,123,110,202,119,0,4076,2975,191
0.578994,1,44032,repair,587,2.87928e+08,2.8784e+08,7420,41,124,101,217,104,0,4128,3114,178
0.831578,0,63488,repair,474,2.58701e+08,2.58639e+08,7226,43,83,103,178,67,0,4198,2872,156
0.84337,1,64512,repair,475,2.51805e+08,2.5178e+08,7116,28,83,101,170,93,0,4098,2846,172
1.08276,0,82944,repair,380,2.24966e+08,2.24893e+08,6732,25,79,59,137,80,0,3885,2697,150
1.09577,1,81920,repair,403,2.14254e+08,2.14202e+08,6542,16,85,69,135,98,0,3769,2635,138
1.33998,0,100352,repair,318,1.98291e+08,1.98268e+08,6371,19,54,45,138,62,0,3706,2513,152
1.34838,1,99328,repair,340,1.90742e+08,1.90693e+08,6249,15,63,49,136,77,0,3645,2457,147
1.59378,0,117760,repair,251,1.94516e+08,1.94462e+08,6353,13,35,46,98,59,0,3754,2470,129
1.60431,1,116736,repair,260,2.10072e+08,2.10069e+08,6538,11,42,45,102,60,0,3830,2595,113
1.85046,0,134144,repair,195,1.91682e+08,1.91682e+08,6384,13,34,39,69,40,0,3842,2414,128
1.85538,1,133120,repair,209,1.87766e+08,1.87716e+08,6130,9,32,31,94,43,0,3540,2486,104
2.1072,0,152576,repair,155,1.65832e+08,1.65829e+08,5956,9,25,23,59,39,0,3583,2242,131
2.1179,1,151552,repair,168,1.58926e+08,1.58882e+08,5771,6,31,25,71,35,0,3449,2218,104
2.3687,1,168960,repair,137,1.47691e+08,1.47644e+08,5527,6,21,16,65,29,0,3249,2168,110
2.37251,0,169984,repair,122,1.53137e+08,1.53089e+08,5672,6,21,18,45,32,0,3355,2191,126
2.62744,1,185344,repair,103,1.29028e+08,1.29028e+08,5320,4,17,10,42,30,0,3296,1925,99
2.62938,0,187392,repair,91,1.37932e+08,1.37929e+08,5496,4,18,11,41,17,0,3392,1998,106
2.88672,0,203776,repair,56,1.30884e+08,1.30865e+08,5353,2,10,5,23,16,0,3328,1939,86
2.89259,1,200704,repair,65,1.26287e+08,1.26249e+08,5323,5,12,12,25,11,0,3351,1867,105
3.14423,0,220160,repair,39,1.16159e+08,1.16107e+08,5040,0,4,6,14,15,0,3110,1837,93
3.14769,1,217088,repair,43,1.2316e+08,1.2316e+08,5190,0,4,6,21,12,0,3206,1890,94
3.40021,0,235520,repair,23,1.09962e+08,1.09909e+08,4925,0,2,3,10,8,0,3073,1768,84
3.4067,1,236544,repair,27,1.04535e+08,1.04501e+08,4791,1,3,1,16,6,0,2982,1730,79
3.6528,0,249856,repair,13,1.02043e+08,1.01992e+08,4751,0,1,1,7,4,0,2975,1697,79
3.66329,1,256000,repair,12,9.74912e+07,9.74767e+07,4655,0,1,0,9,2,0,2915,1655,85
3.90632,0,267264,repair,7,9.89963e+07,9.8946e+07,4686,0,1,4,1,1,0,2943,1666,77
3.91447,1,275456,repair,3,7.90318e+07,7.90155e+07,4256,0,0,1,1,1,0,2719,1446,91
4.16426,0,284672,repair,3,7.32932e+07,7.32919e+07,4118,0,0,1,1,1,0,2734,1339,45
4.17662,1,295936,windows,0,6.31037e+07,6.30767e+07,3841,0,0,0,0,0,0,2522,1248,71
4.41433,0,301056,repair,1,6.43562e+07,6.43165e+07,3840,0,0,0,0,1,0,2504,1283,53
4.42783,1,314368,windows,0,5.0675e+07,5.06636e+07,3459,0,0,0,0,0,0,2281,1107,71
4.67978,1,331776,windows,0,3.96013e+07,3.95897e+07,3043,0,0,0,0,0,0,2010,983,50
4.67989,0,317440,windows,0,5.39147e+07,5.39147e+07,3531,0,0,0,0,0,0,2352,1145,34
4.93488,0,331776,windows,0,4.33476e+07,4.33264e+07,3203,0,0,0,0,0,0,2164,997,42
4.94302,1,349184,windows,0,3.18316e+07,3.183e+07,2741,0,0,0,0,0,0,1813,875,53
5.19046,0,346112,windows,0,3.55512e+07,3.55234e+07,2898,0,0,0,0,0,0,1956,905,37
5.19668,1,365568,windows,0,2.64049e+07,2.63807e+07,2495,0,0,0,0,0,0,1668,789,38
5.4512,0,360448,windows,0,3.01451e+07,3.01272e+07,2661,0,0,0,0,0,0,1785,842,34
5.45144,1,380928,windows,0,2.26708e+07,2.26555e+07,2336,0,0,0,0,0,0,1591,706,39
5.70322,0,373760,windows,0,2.61031e+07,2.60939e+07,2467,0,0,0,0,0,0,1643,793,31
5.71618,1,398336,windows,0,1.80095e+07,1.79958e+07,2076,0,0,0,0,0,0,1408,635,33
5.95646,0,387072,windows,0,2.27925e+07,2.27838e+07,2329,0,0,0,0,0,0,1595,709,25
5.97883,1,416768,windows,0,1.44449e+07,1.44387e+07,1851,0,0,0,0,0,0,1248,576,27
6.20934,0,400384,windows,0,1.87787e+07,1.87584e+07,2107,0,0,0,0,0,0,1419,659,29
6.23738,1,432128,windows,0,1.23289e+07,1.23228e+07,1741,0,0,0,0,0,0,1232,486,23
6.46245,0,413696,windows,0,1.596e+07,1.59593e+07,1951,0,0,0,0,0,0,1335,593,23
6.49995,1,446464,windows,0,1.06276e+07,1.06276e+07,1602,0,0,0,0,0,0,1117,468,17
6.71657,0,428032,windows,0,1.36166e+07,1.36166e+07,1820,0,0,0,0,0,0,1277,522,21
6.75602,1,460800,windows,0,9.01742e+06,9.00365e+06,1480,0,0,0,0,0,0,1025,433,22
6.97186,0,441344,windows,0,1.19848e+07,1.19788e+07,1715,0,0,0,0,0,0,1200,488,27
7.00695,1,474112,windows,0,7.56388e+06,7.5509e+06,1370,0,0,0,0,0,0,975,374,21
7.23568,0,454656,windows,0,1.04413e+07,1.04413e+07,1601,0,0,0,0,0,0,1126,452,23
7.27452,1,490496,windows,0,6.49608e+06,6.49608e+06,1261,0,0,0,0,0,0,879,362,20
7.49717,0,466944,windows,0,8.87995e+06,8.87475e+06,1475,0,0,0,0,0,0,1040,416,19
7.53845,1,504832,windows,0,5.60528e+06,5.59374e+06,1169,0,0,0,0,0,0,803,344,22
7.76051,0,480256,windows,0,7.54139e+06,7.54139e+06,1367,0,0,0,0,0,0,976,372,19
7.81172,1,518144,windows,0,4.928e+06,4.9217e+06,1099,0,0,0,0,0,0,766,315,18
8.02249,0,488448,windows,0,6.9701e+06,6.96292e+06,1315,0,0,0,0,0,0,936,359,20
8.06716,1,526336,windows,0,4.4258e+06,4.41563e+06,1040,0,0,0,0,0,0,720,302,18
8.27322,0,495616,windows,0,6.4162e+06,6.40948e+06,1264,0,0,0,0,0,0,911,336,17
8.32365,1,535552,windows,0,3.90952e+06,3.90404e+06,982,0,0,0,0,0,0,693,274,15
8.53035,0,509952,windows,0,5.50028e+06,5.49575e+06,1162,0,0,0,0,0,0,824,324,14
8.57589,1,549888,windows,0,3.27138e+06,3.26784e+06,899,0,0,0,0,0,0,643,245,11
8.78812,0,524288,windows,0,4.7784e+06,4.77403e+06,1090,0,0,0,0,0,0,780,294,16
8.84167,1,564224,windows,0,2.79604e+06,2.79604e+06,824,0,0,0,0,0,0,583,234,7
9.05213,0,538624,windows,0,3.72434e+06,3.71893e+06,954,0,0,0,0,0,0,671,271,12
9.10323,1,581632,windows,0,2.31422e+06,2.31405e+06,748,0,0,0,0,0,0,527,215,6
9.31244,0,552960,windows,0,3.08184e+06,3.07405e+06,873,0,0,0,0,0,0,633,232,8
9.3563,1,598016,windows,0,1.85027e+06,1.8464e+06,671,0,0,0,0,0,0,468,194,9
9.57942,0,568320,windows,0,2.6083e+06,2.6083e+06,803,0,0,0,0,0,0,583,213,7
9.6127,1,614400,windows,0,1.44606e+06,1.4439e+06,602,0,0,0,0,0,0,433,159,10
9.84387,0,583680,windows,0,2.21954e+06,2.21954e+06,748,0,0,0,0,0,0,559,181,8
9.8778,1,631808,windows,0,1.20576e+06,1.20061e+06,551,0,0,0,0,0,0,397,144,10
10.1046,0,598016,windows,0,1.80541e+06,1.80129e+06,662,0,0,0,0,0,0,460,193,9
10.1381,1,650240,windows,0,1.00596e+06,1.00596e+06,502,0,0,0,0,0,0,359,134,9
10.3569,0,611328,windows,0,1.42706e+06,1.4234e+06,592,0,0,0,0,0,0,413,169,10
10.3889,1,666624,windows,0,779230,779028,441,0,0,0,0,0,0,316,118,7
10.6102,0,626688,windows,0,1.17836e+06,1.1754e+06,542,0,0,0,0,0,0,384,148,10
10.6408,1,679936,windows,0,639170,637771,396,0,0,0,0,0,0,280,111,5
10.866,0,644096,windows,0,978110,978110,497,0,0,0,0,0,0,360,128,9
10.9089,1,694272,windows,0,527740,525432,357,0,0,0,0,0,0,244,107,6
11.1195,0,661504,windows,0,818230,813904,456,0,0,0,0,0,0,326,119,11
11.1665,1,708608,windows,0,458050,456749,334,0,0,0,0,0,0,232,97,5
11.3801,0,679936,windows,0,577790,576391,383,0,0,0,0,0,0,280,96,7
11.4225,1,722944,windows,0,399845,399672,317,0,0,0,0,0,0,227,84,6
11.6328,0,698368,windows,0,485750,484135,352,0,0,0,0,0,0,266,81,5
11.6733,1,737280,windows,0,293170,292321,261,0,0,0,0,0,0,170,86,5
11.8898,0,716800,windows,0,395420,392596,314,0,0,0,0,0,0,222,86,6
11.9236,1,751616,windows,0,227080,226109,236,0,0,0,0,0,0,160,70,6
12.1518,0,735232,windows,0,305065,304071,276,0,0,0,0,0,0,199,73,4
12.1846,1,770048,windows,0,190370,190168,218,0,0,0,0,0,0,148,63,7
12.4038,0,751616,windows,0,232240,231249,242,0,0,0,0,0,0,176,62,4
12.4397,1,787456,windows,0,163225,161304,202,0,0,0,0,0,0,143,55,4
12.6685,0,770048,windows,0,185590,184495,216,0,0,0,0,0,0,158,55,3
12.696,1,802816,windows,0,139550,139468,181,0,0,0,0,0,0,120,58,3
12.9195,0,788480,windows,0,158315,157320,200,0,0,0,0,0,0,147,50,3
12.9564,1,817152,windows,0,101505,99883.8,154,0,0,0,0,0,0,99,51,4
13.1748,0,806912,windows,0,121540,120921,175,0,0,0,0,0,0,124,47,4
13.2189,1,831488,windows,0,85910,85012.5,146,0,0,0,0,0,0,102,41,3
13.4265,0,825344,windows,0,81275,80781.2,142,0,0,0,0,0,0,99,40,3
13.4725,1,848896,windows,0,71945,71398.8,132,0,0,0,0,0,0,87,41,4
13.6872,0,843776,windows,0,64375,64375,127,0,0,0,0,0,0,89,35,3
13.7355,1,868352,windows,0,58390,58307.5,120,0,0,0,0,0,0,82,35,3
13.9453,0,861184,windows,0,56115,55520,120,0,0,0,0,0,0,87,30,3
13.9905,1,885760,windows,0,45020,43963.8,102,0,0,0,0,0,0,66,34,2
14.2109,0,878592,windows,0,48470,48470,112,0,0,0,0,0,0,82,27,3
14.245,1,903168,windows,0,41120,40452.5,99,0,0,0,0,0,0,66,31,2
14.4665,0,893952,windows,0,30620,29826.2,87,0,0,0,0,0,0,60,25,2
14.5103,1,919552,windows,0,38560,37583.8,95,0,0,0,0,0,0,62,31,2
14.7189,0,911360,windows,0,26765,26765,81,0,0,0,0,0,0,55,24,2
14.7738,1,937984,windows,0,35545,35492.5,92,0,0,0,0,0,0,61,29,2
14.9753,0,927744,windows,0,24745,24745,78,0,0,0,0,0,0,53,23,2
15.0274,1,954368,windows,0,28675,28401.2,82,0,0,0,0,0,0,55,26,1
15.2303,0,945152,windows,0,22300,22051.2,74,0,0,0,0,0,0,50,22,2
15.2794,1,972800,windows,0,22615,22615,73,0,0,0,0,0,0,49,23,1
15.4808,0,962560,windows,0,17645,17290,67,0,0,0,0,0,0,47,18,2
15.5359,1,991232,windows,0,22130,21655,71,0,0,0,0,0,0,46,24,1
15.7398,0,980992,windows,0,14485,14485,61,0,0,0,0,0,0,43,16,2
15.7956,1,1010688,windows,0,19855,19855,67,0,0,0,0,0,0,43,23,1
15.9929,0,998400,windows,0,13505,13311.2,58,0,0,0,0,0,0,39,17,2
16.0499,1,1029120,windows,0,17275,17252.5,64,0,0,0,0,0,0,43,20,1
16.2458,0,1015808,windows,0,12845,12651.2,57,0,0,0,0,0,0,39,16,2
16.3018,1,1046528,windows,0,15635,15217.5,60,0,0,0,0,0,0,39,20,1
16.504,0,1034240,windows,0,11720,11720,54,0,0,0,0,0,0,36,16,2
16.5609,1,1064960,windows,0,13730,13528.8,56,0,0,0,0,0,0,36,19,1
16.7549,0,1052672,windows,0,10400,9936.25,51,0,0,0,0,0,0,34,15,2
16.8188,1,1083392,windows,0,13030,12838.8,54,0,0,0,0,0,0,34,19,1
17.0092,0,1071104,windows,0,10165,9716.25,51,0,0,0,0,0,0,35,14,2
17.0729,1,1101824,windows,0,12055,11503.8,51,0,0,0,0,0,0,31,19,1
17.2719,0,1090560,windows,0,9820,9376.25,50,0,0,0,0,0,0,34,14,2
17.3263,1,1120256,windows,0,10155,9777.5,46,0,0,0,0,0,0,27,18,1
17.5329,0,1110016,windows,0,8245,8245,45,0,0,0,0,0,0,29,14,2
17.5894,1,1138688,windows,0,10015,9657.5,47,0,0,0,0,0,0,29,17,1
17.7872,0,1129472,windows,0,7960,7960,44,0,0,0,0,0,0,28,14,2
17.8451,1,1157120,windows,0,9355,8873.75,46,0,0,0,0,0,0,29,16,1
18.0434,0,1147904,windows,0,7685,7685,43,0,0,0,0,0,0,27,14,2
18.1068,1,1175552,windows,0,9070,8732.5,45,0,0,0,0,0,0,28,16,1
18.301,0,1166336,windows,0,7420,7281.25,43,0,0,0,0,0,0,28,13,2
18.3606,1,1192960,windows,0,8795,8457.5,44,0,0,0,0,0,0,27,16,1
18.553,0,1183744,windows,0,7420,7281.25,43,0,0,0,0,0,0,28,13,2
18.6168,1,1210368,windows,0,8530,8378.75,43,0,0,0,0,0,0,26,16,1
18.8153,0,1203200,windows,0,6880,6625,41,0,0,0,0,0,0,26,13,2
18.8673,1,1228800,windows,0,8030,7573.75,41,0,0,0,0,0,0,24,16,1
19.0745,0,1222656,windows,0,6880,6625,41,0,0,0,0,0,0,26,13,2
19.1242,1,1247232,windows,0,7795,7343.75,40,0,0,0,0,0,0,23,16,1
19.3314,0,1242112,windows,0,6880,6625,41,0,0,0,0,0,0,26,13,2
19.3812,1,1262592,windows,0,7355,6913.75,38,0,0,0,0,0,0,21,16,1
19.5905,0,1260544,windows,0,6625,6246.25,40,0,0,0,0,0,0,25,13,2
19.6327,1,1276928,windows,0,7175,6743.75,39,0,0,0,0,0,0,23,15,1
19.849,0,1278976,windows,0,6555,6320,40,0,0,0,0,0,0,27,12,1
19.891,1,1292288,windows,0,6335,6017.5,35,0,0,0,0,0,0,19,15,1
20.1036,0,1296384,windows,0,6555,6320,40,0,0,0,0,0,0,27,12,1
20.152,1,1309696,windows,0,6335,6017.5,35,0,0,0,0,0,0,19,15,1
20.3639,0,1313792,windows,0,5790,5555,37,0,0,0,0,0,0,24,12,1
20.4128,1,1327104,windows,0,6335,6017.5,35,0,0,0,0,0,0,19,15,1
20.6215,0,1330176,windows,0,5790,5555,37,0,0,0,0,0,0,24,12,1
20.6706,1,1342464,windows,0,6335,6017.5,35,0,0,0,0,0,0,19,15,1
20.8798,0,1347584,windows,0,5790,5555,37,0,0,0,0,0,0,24,12,1
20.9206,1,1357824,windows,0,5790,5555,37,0,0,0,0,0,0,24,12,1
21.1314,0,1366016,windows,0,5790,5555,37,0,0,0,0,0,0,24,12,1
21.1839,1,1376256,windows,0,5790,5555,37,0,0,0,0,0,0,24,12,1
21.3962,0,1383424,windows,0,5790,5555,37,0,0,0,0,0,0,24,12,1
21.4422,1,1395712,windows,0,5790,5555,37,0,0,0,0,0,0,24,12,1
21.6494,0,1398784,windows,0,5790,5555,37,0,0,0,0,0,0,24,12,1
21.7046,1,1416192,windows,0,5790,5555,37,0,0,0,0,0,0,24,12,1
21.902,0,1414144,windows,0,5790,5555,37,0,0,0,0,0,0,24,12,1
21.9682,1,1431552,windows,0,5790,5555,37,0,0,0,0,0,0,24,12,1
22.1613,0,1428480,windows,0,5790,5555,37,0,0,0,0,0,0,24,12,1
22.2213,1,1445888,windows,0,5790,5555,37,0,0,0,0,0,0,24,12,1
22.4277,0,1442816,windows,0,5790,5555,37,0,0,0,0,0,0,24,12,1
22.4863,1,1463296,windows,0,5790,5555,37,0,0,0,0,0,0,24,12,1
22.6948,0,1458176,windows,0,5790,5555,37,0,0,0,0,0,0,24,12,1
22.7526,1,1478656,windows,0,5330,4996.25,36,0,0,0,0,0,0,24,11,1
22.9563,0,1473536,windows,0,5790,5555,37,0,0,0,0,0,0,24,12,1
23.0096,1,1495040,windows,0,5330,4996.25,36,0,0,0,0,0,0,24,11,1
23.2215,0,1488896,windows,0,5790,5555,37,0,0,0,0,0,0,24,12,1
23.2679,1,1510400,windows,0,4910,4596.25,35,0,0,0,0,0,0,24,10,1
23.4798,0,1504256,windows,0,5790,5555,37,0,0,0,0,0,0,24,12,1
23.5256,1,1524736,windows,0,4910,4596.25,35,0,0,0,0,0,0,24,10,1
23.7478,0,1520640,windows,0,5790,5555,37,0,0,0,0,0,0,24,12,1
23.78,1,1539072,windows,0,4530,4355,34,0,0,0,0,0,0,24,9,1
24.0138,0,1536000,windows,0,5790,5555,37,0,0,0,0,0,0,24,12,1
24.0319,1,1554432,windows,0,4295,4120,33,0,0,0,0,0,0,23,9,1
24.2758,0,1551360,windows,0,5790,5555,37,0,0,0,0,0,0,24,12,1
24.2887,1,1569792,windows,0,4295,4120,33,0,0,0,0,0,0,23,9,1
24.5388,0,1566720,windows,0,5790,5555,37,0,0,0,0,0,0,24,12,1
24.5523,1,1585152,windows,0,3650,3551.25,30,0,0,0,0,0,0,20,9,1
24.7939,0,1581056,windows,0,5790,5555,37,0,0,0,0,0,0,24,12,1
24.8063,1,1599488,windows,0,3455,3186.25,29,0,0,0,0,0,0,19,9,1
25.0485,0,1596416,windows,0,5790,5555,37,0,0,0,0,0,0,24,12,1
25.0599,1,1614848,windows,0,3270,3095,28,0,0,0,0,0,0,18,9,1
25.3133,1,1630208,windows,0,3270,3095,28,0,0,0,0,0,0,18,9,1
25.3145,0,1611776,windows,0,5790,5555,37,0,0,0,0,0,0,24,12,1
25.5654,0,1626112,windows,0,5790,5555,37,0,0,0,0,0,0,24,12,1
25.5694,1,1645568,windows,0,2900,2900,26,0,0,0,0,0,0,18,8,0
25.823,1,1659904,windows,0,2900,2900,26,0,0,0,0,0,0,18,8,0
25.8249,0,1640448,windows,0,2900,2900,26,0,0,0,0,0,0,18,8,0
26.0798,1,1675264,windows,0,2900,2900,26,0,0,0,0,0,0,18,8,0
26.0922,0,1655808,windows,0,2900,2900,26,0,0,0,0,0,0,18,8,0
26.3387,1,1691648,windows,0,2900,2900,26,0,0,0,0,0,0,18,8,0
26.3532,0,1671168,windows,0,2900,2900,26,0,0,0,0,0,0,18,8,0
26.5956,1,1707008,windows,0,2900,2900,26,0,0,0,0,0,0,18,8,0
26.6038,0,1686528,windows,0,2725,2570,25,0,0,0,0,0,0,17,8,0
26.8496,1,1722368,windows,0,2725,2486.25,25,0,0,0,0,0,0,17,8,0
26.86,0,1701888,windows,0,2725,2570,25,0,0,0,0,0,0,17,8,0
27.1089,1,1737728,windows,0,2425,2341.25,24,0,0,0,0,0,0,17,7,0
27.1161,0,1717248,windows,0,2725,2570,25,0,0,0,0,0,0,17,8,0
27.3624,1,1754112,windows,0,2425,2341.25,24,0,0,0,0,0,0,17,7,0
27.3733,0,1733632,windows,0,2560,2405,24,0,0,0,0,0,0,16,8,0
27.6229,1,1770496,windows,0,2260,2046.25,23,0,0,0,0,0,0,16,7,0
27.6355,0,1750016,windows,0,2560,2405,24,0,0,0,0,0,0,16,8,0
27.8858,1,1786880,windows,0,2260,2046.25,23,0,0,0,0,0,0,16,7,0
27.8945,0,1766400,windows,0,2560,2405,24,0,0,0,0,0,0,16,8,0
28.1418,1,1799168,windows,0,2260,2046.25,23,0,0,0,0,0,0,16,7,0
28.1506,0,1781760,windows,0,2560,2405,24,0,0,0,0,0,0,16,8,0
28.4014,0,1797120,windows,0,2560,2405,24,0,0,0,0,0,0,16,8,0
28.4087,1,1815552,windows,0,2260,2046.25,23,0,0,0,0,0,0,16,7,0
28.656,0,1812480,windows,0,2560,2405,24,0,0,0,0,0,0,16,8,0
28.6721,1,1830912,windows,0,2260,2046.25,23,0,0,0,0,0,0,16,7,0
28.9223,0,1828864,windows,0,2260,2046.25,23,0,0,0,0,0,0,16,7,0
28.937,1,1847296,windows,0,2260,2046.25,23,0,0,0,0,0,0,16,7,0
29.1853,0,1844224,windows,0,2260,2046.25,23,0,0,0,0,0,0,16,7,0
29.1988,1,1863680,windows,0,2105,1896.25,22,0,0,0,0,0,0,15,7,0
29.4372,0,1858560,windows,0,2260,2046.25,23,0,0,0,0,0,0,16,7,0
29.464,1,1880064,windows,0,2105,1896.25,22,0,0,0,0,0,0,15,7,0
29.692,0,1873920,windows,0,2105,1896.25,22,0,0,0,0,0,0,15,7,0
29.7242,1,1896448,windows,0,2105,1896.25,22,0,0,0,0,0,0,15,7,0
29.9593,0,1890304,windows,0,1960,1756.25,21,0,0,0,0,0,0,14,7,0
29.9803,1,1911808,windows,0,2105,1896.25,22,0,0,0,0,0,0,15,7,0
30.2262,0,1906688,windows,0,1960,1756.25,21,0,0,0,0,0,0,14,7,0
30.2332,1,1927168,windows,0,2105,1896.25,22,0,0,0,0,0,0,15,7,0
30.4819,0,1923072,windows,0,1960,1756.25,21,0,0,0,0,0,0,14,7,0
30.4985,1,1942528,windows,0,1960,1756.25,21,0,0,0,0,0,0,14,7,0
30.7434,0,1939456,windows,0,1825,1690,20,0,0,0,0,0,0,13,7,0
30.7522,1,1957888,windows,0,1825,1690,20,0,0,0,0,0,0,13,7,0
31.0059,1,1973248,windows,0,1825,1690,20,0,0,0,0,0,0,13,7,0
31.0094,0,1955840,windows,0,1825,1690,20,0,0,0,0,0,0,13,7,0
31.2714,1,1989632,windows,0,1700,1565,19,0,0,0,0,0,0,12,7,0
31.2724,0,1971200,windows,0,1825,1690,20,0,0,0,0,0,0,13,7,0
31.5259,0,1986560,windows,0,1825,1690,20,0,0,0,0,0,0,13,7,0
31.5316,1,2006016,windows,0,1700,1565,19,0,0,0,0,0,0,12,7,0
31.7824,1,2021376,windows,0,1700,1565,19,0,0,0,0,0,0,12,7,0
31.7835,0,2001920,windows,0,1825,1690,20,0,0,0,0,0,0,13,7,0
32.0409,0,2017280,windows,0,1825,1690,20,0,0,0,0,0,0,13,7,0
32.0444,1,2037760,windows,0,1700,1565,19,0,0,0,0,0,0,12,7,0
32.3023,0,2032640,windows,0,1700,1565,19,0,0,0,0,0,0,12,7,0
32.3063,1,2053120,windows,0,1700,1565,19,0,0,0,0,0,0,12,7,0
32.558,1,2068480,windows,0,1700,1565,19,0,0,0,0,0,0,12,7,0
32.563,0,2048000,windows,0,1700,1565,19,0,0,0,0,0,0,12,7,0
32.8184,0,2063360,windows,0,1700,1565,19,0,0,0,0,0,0,12,7,0
32.8224,1,2084864,windows,0,1700,1565,19,0,0,0,0,0,0,12,7,0
33.0711,0,2078720,windows,0,1700,1565,19,0,0,0,0,0,0,12,7,0
33.0865,1,2101248,windows,0,1700,1565,19,0,0,0,0,0,0,12,7,0
33.3256,0,2093056,windows,0,1700,1565,19,0,0,0,0,0,0,12,7,0
33.3516,1,2117632,windows,0,1700,1565,19,0,0,0,0,0,0,12,7,0
33.5928,0,2107392,windows,0,1700,1565,19,0,0,0,0,0,0,12,7,0
33.6053,1,2132992,windows,0,1700,1565,19,0,0,0,0,0,0,12,7,0
33.8484,0,2121728,windows,0,1700,1565,19,0,0,0,0,0,0,12,7,0
33.8618,1,2149376,windows,0,1700,1565,19,0,0,0,0,0,0,12,7,0
34.1091,0,2136064,windows,0,1700,1565,19,0,0,0,0,0,0,12,7,0
34.1234,1,2164736,windows,0,1700,1565,19,0,0,0,0,0,0,12,7,0
34.3677,0,2151424,windows,0,1700,1565,19,0,0,0,0,0,0,12,7,0
34.3826,1,2180096,windows,0,1700,1565,19,0,0,0,0,0,0,12,7,0
34.6193,0,2165760,windows,0,1700,1565,19,0,0,0,0,0,0,12,7,0
34.6392,1,2195456,windows,0,1700,1565,19,0,0,0,0,0,0,12,7,0
34.883,0,2181120,windows,0,1700,1565,19,0,0,0,0,0,0,12,7,0
34.892,1,2209792,windows,0,1700,1565,19,0,0,0,0,0,0,12,7,0
35.1382,0,2196480,windows,0,1700,1565,19,0,0,0,0,0,0,12,7,0
35.1505,1,2225152,windows,0,1700,1565,19,0,0,0,0,0,0,12,7,0
35.3962,0,2211840,windows,0,1700,1565,19,0,0,0,0,0,0,12,7,0
35.4129,1,2240512,windows,0,1700,1565,19,0,0,0,0,0,0,12,7,0
35.6517,0,2227200,windows,0,1700,1565,19,0,0,0,0,0,0,12,7,0
35.6778,1,2256896,windows,0,1700,1565,19,0,0,0,0,0,0,12,7,0
35.9043,0,2241536,windows,0,1700,1565,19,0,0,0,0,0,0,12,7,0
35.9417,1,2272256,windows,0,1700,1565,19,0,0,0,0,0,0,12,7,0
36.1677,0,2258944,windows,0,1700,1565,19,0,0,0,0,0,0,12,7,0
36.21,1,2287616,windows,0,1700,1565,19,0,0,0,0,0,0,12,7,0
36.4229,0,2274304,repair,0,1700,1565,19,0,0,0,0,0,0,12,7,0
36.4684,1,2302976,windows,0,1700,1565,19,0,0,0,0,0,0,12,7,0
36.676,0,2289664,windows,0,1700,1565,19,0,0,0,0,0,0,12,7,0
36.7304,1,2318336,windows,0,1700,1565,19,0,0,0,0,0,0,12,7,0
36.9317,0,2305024,windows,0,1700,1565,19,0,0,0,0,0,0,12,7,0
36.9812,1,2332672,windows,0,1700,1565,19,0,0,0,0,0,0,12,7,0
37.1893,0,2320384,windows,0,1700,1565,19,0,0,0,0,0,0,12,7,0
37.2457,1,2349056,windows,0,1330,1255,19,0,0,0,0,0,0,14,4,1
37.4482,0,2334720,windows,0,1700,1565,19,0,0,0,0,0,0,12,7,0
37.5006,1,2364416,windows,0,1330,1255,19,0,0,0,0,0,0,14,4,1
37.6988,0,2345984,windows,0,1700,1565,19,0,0,0,0,0,0,12,7,0
37.7602,1,2378752,windows,0,1330,1255,19,0,0,0,0,0,0,14,4,1
37.9506,0,2359296,windows,0,1700,1565,19,0,0,0,0,0,0,12,7,0
38.0166,1,2393088,windows,0,1330,1255,19,0,0,0,0,0,0,14,4,1
38.2163,0,2373632,windows,0,1700,1565,19,0,0,0,0,0,0,12,7,0
38.27,1,2408448,windows,0,1195,1120,18,0,0,0,0,0,0,13,4,1
38.4786,0,2387968,windows,0,1700,1565,19,0,0,0,0,0,0,12,7,0
38.5341,1,2423808,windows,0,1195,1120,18,0,0,0,0,0,0,13,4,1
38.7375,0,2402304,windows,0,1700,1565,19,0,0,0,0,0,0,12,7,0
38.7864,1,2439168,windows,0,1195,1120,18,0,0,0,0,0,0,13,4,1
38.993,0,2416640,windows,0,1700,1565,19,0,0,0,0,0,0,12,7,0
39.0509,1,2455552,windows,0,1070,995,17,0,0,0,0,0,0,12,4,1
39.2559,0,2433024,windows,0,1700,1565,19,0,0,0,0,0,0,12,7,0
39.3129,1,2470912,windows,0,1070,995,17,0,0,0,0,0,0,12,4,1
39.5099,0,2448384,windows,0,1700,1565,19,0,0,0,0,0,0,12,7,0
39.5778,1,2486272,windows,0,1070,995,17,0,0,0,0,0,0,12,4,1
39.7608,0,2462720,windows,0,1700,1565,19,0,0,0,0,0,0,12,7,0
39.8315,1,2501632,windows,0,1070,995,17,0,0,0,0,0,0,12,4,1
40.0177,0,2480128,windows,0,1700,1565,19,0,0,0,0,0,0,12,7,0
40.0922,1,2516992,windows,0,1070,995,17,0,0,0,0,0,0,12,4,1
40.2863,0,2498560,windows,0,1700,1565,19,0,0,0,0,0,0,12,7,0
40.3545,1,2533376,windows,0,1070,995,17,0,0,0,0,0,0,12,4,1
40.5529,0,2513920,windows,0,1070,995,17,0,0,0,0,0,0,12,4,1
40.6066,1,2548736,windows,0,1070,995,17,0,0,0,0,0,0,12,4,1
40.8208,0,2529280,windows,0,1070,995,17,0,0,0,0,0,0,12,4,1
40.8624,1,2564096,windows,0,1070,995,17,0,0,0,0,0,0,12,4,1
41.0766,0,2544640,windows,0,1070,995,17,0,0,0,0,0,0,12,4,1
41.1268,1,2579456,windows,0,1070,995,17,0,0,0,0,0,0,12,4,1
41.3289,0,2558976,windows,0,1070,995,17,0,0,0,0,0,0,12,4,1
41.3918,1,2594816,windows,0,1070,995,17,0,0,0,0,0,0,12,4,1
41.5973,0,2574336,windows,0,1070,995,17,0,0,0,0,0,0,12,4,1
41.6542,1,2611200,windows,0,1070,995,17,0,0,0,0,0,0,12,4,1
41.8603,0,2589696,windows,0,1070,995,17,0,0,0,0,0,0,12,4,1
41.9196,1,2627584,windows,0,1070,995,17,0,0,0,0,0,0,12,4,1
42.1145,0,2605056,windows,0,1070,995,17,0,0,0,0,0,0,12,4,1
42.1806,1,2643968,windows,0,1070,995,17,0,0,0,0,0,0,12,4,1
42.3664,0,2620416,windows,0,1070,995,17,0,0,0,0,0,0,12,4,1
42.4347,1,2659328,windows,0,1070,995,17,0,0,0,0,0,0,12,4,1
42.617,0,2635776,windows,0,1070,995,17,0,0,0,0,0,0,12,4,1
42.6882,1,2674688,windows,0,1070,995,17,0,0,0,0,0,0,12,4,1
42.8692,0,2651136,windows,0,1070,995,17,0,0,0,0,0,0,12,4,1
42.9393,1,2690048,windows,0,1070,995,17,0,0,0,0,0,0,12,4,1
43.1262,0,2667520,windows,0,1070,995,17,0,0,0,0,0,0,12,4,1
43.1992,1,2705408,windows,0,1070,995,17,0,0,0,0,0,0,12,4,1
43.387,0,2683904,windows,0,1070,995,17,0,0,0,0,0,0,12,4,1
43.4615,1,2721792,windows,0,1045,992.5,17,0,0,0,0,0,0,11,4,2
43.6433,0,2699264,windows,0,1070,995,17,0,0,0,0,0,0,12,4,1
43.7168,1,2738176,windows,0,955,880,16,0,0,0,0,0,0,11,4,1
43.8955,0,2713600,repair,0,1070,995,17,0,0,0,0,0,0,12,4,1
43.9813,1,2754560,windows,0,955,880,16,0,0,0,0,0,0,11,4,1
44.1506,0,2728960,windows,0,1070,995,17,0,0,0,0,0,0,12,4,1
44.2364,1,2769920,windows,0,955,880,16,0,0,0,0,0,0,11,4,1
44.4074,0,2744320,windows,0,1070,995,17,0,0,0,0,0,0,12,4,1
44.5019,1,2786304,windows,0,955,880,16,0,0,0,0,0,0,11,4,1
44.662,0,2759680,windows,0,1070,995,17,0,0,0,0,0,0,12,4,1
44.7604,1,2801664,windows,0,955,880,16,0,0,0,0,0,0,11,4,1
44.9254,0,2774016,windows,0,1070,995,17,0,0,0,0,0,0,12,4,1
45.0129,1,2817024,windows,0,955,880,16,0,0,0,0,0,0,11,4,1
45.1859,0,2789376,windows,0,1070,995,17,0,0,0,0,0,0,12,4,1
45.2637,1,2832384,windows,0,955,880,16,0,0,0,0,0,0,11,4,1
45.4438,0,2803712,windows,0,1070,995,17,0,0,0,0,0,0,12,4,1
45.5171,1,2848768,windows,0,955,880,16,0,0,0,0,0,0,11,4,1
45.6962,0,2818048,windows,0,1070,995,17,0,0,0,0,0,0,12,4,1
45.7807,1,2865152,windows,0,955,880,16,0,0,0,0,0,0,11,4,1
45.9506,0,2833408,windows,0,1070,995,17,0,0,0,0,0,0,12,4,1
46.0427,1,2881536,windows,0,955,880,16,0,0,0,0,0,0,11,4,1
46.2092,0,2848768,windows,0,1070,995,17,0,0,0,0,0,0,12,4,1
46.3087,1,2896896,windows,0,955,880,16,0,0,0,0,0,0,11,4,1
46.4725,0,2864128,windows,0,1070,995,17,0,0,0,0,0,0,12,4,1
46.561,1,2910208,windows,0,955,880,16,0,0,0,0,0,0,11,4,1
46.7251,0,2879488,windows,0,1070,995,17,0,0,0,0,0,0,12,4,1
46.8266,1,2923520,windows,0,955,880,16,0,0,0,0,0,0,11,4,1
46.9844,0,2893824,windows,0,1070,995,17,0,0,0,0,0,0,12,4,1
47.0887,1,2937856,windows,0,955,880,16,0,0,0,0,0,0,11,4,1
47.2349,0,2908160,windows,0,955,880,16,0,0,0,0,0,0,11,4,1
47.3438,1,2952192,windows,0,955,880,16,0,0,0,0,0,0,11,4,1
47.4947,0,2923520,windows,0,955,880,16,0,0,0,0,0,0,11,4,1
47.5949,1,2966528,windows,0,955,880,16,0,0,0,0,0,0,11,4,1
47.7473,0,2938880,windows,0,955,880,16,0,0,0,0,0,0,11,4,1
47.8563,1,2980864,windows,0,955,880,16,0,0,0,0,0,0,11,4,1
48.0047,0,2954240,windows,0,955,880,16,0,0,0,0,0,0,11,4,1
48.1113,1,2995200,windows,0,955,880,16,0,0,0,0,0,0,11,4,1
48.2744,0,2970624,windows,0,955,880,16,0,0,0,0,0,0,11,4,1
48.3787,1,3009536,windows,0,955,880,16,0,0,0,0,0,0,11,4,1
48.5249,0,2984960,windows,0,955,880,16,0,0,0,0,0,0,11,4,1
48.6328,1,3023872,windows,0,955,880,16,0,0,0,0,0,0,11,4,1
48.78,0,2999296,windows,0,955,880,16,0,0,0,0,0,0,11,4,1
48.893,1,3039232,windows,0,955,880,16,0,0,0,0,0,0,11,4,1
49.0321,0,3015680,windows,0,955,880,16,0,0,0,0,0,0,11,4,1
49.1461,1,3054592,windows,0,955,880,16,0,0,0,0,0,0,11,4,1
49.2905,0,3032064,windows,0,955,880,16,0,0,0,0,0,0,11,4,1
49.4111,1,3070976,windows,0,955,880,16,0,0,0,0,0,0,11,4,1
49.5504,0,3048448,windows,0,955,880,16,0,0,0,0,0,0,11,4,1
49.6735,1,3087360,windows,0,955,880,16,0,0,0,0,0,0,11,4,1
49.8166,0,3064832,windows,0,955,880,16,0,0,0,0,0,0,11,4,1
49.9386,1,3103744,windows,0,955,880,16,0,0,0,0,0,0,11,4,1
50.0786,0,3081216,windows,0,955,880,16,0,0,0,0,0,0,11,4,1
50.1888,1,3119104,windows,0,955,880,16,0,0,0,0,0,0,11,4,1
50.342,0,3097600,windows,0,955,880,16,0,0,0,0,0,0,11,4,1
50.4482,1,3134464,repair,0,955,880,16,0,0,0,0,0,0,11,4,1
50.6094,0,3108864,windows,0,955,880,16,0,0,0,0,0,0,11,4,1
50.7095,1,3146752,repair,0,955,880,16,0,0,0,0,0,0,11,4,1
50.892,0,3122176,windows,0,900,786.25,15,0,0,0,0,0,0,12,3,0
50.9597,1,3160064,windows,0,955,880,16,0,0,0,0,0,0,11,4,1
51.1616,0,3131392,windows,0,900,786.25,15,0,0,0,0,0,0,12,3,0
51.2237,1,3169280,windows,0,955,880,16,0,0,0,0,0,0,11,4,1
51.4344,0,3140608,windows,0,900,786.25,15,0,0,0,0,0,0,12,3,0
51.49,1,3178496,windows,0,955,880,16,0,0,0,0,0,0,11,4,1
51.6931,0,3156992,windows,0,820,771.25,14,0,0,0,0,0,0,10,4,0
51.743,1,3192832,windows,0,955,880,16,0,0,0,0,0,0,11,4,1
51.9546,0,3173376,windows,0,820,771.25,14,0,0,0,0,0,0,10,4,0
52.0023,1,3207168,windows,0,955,880,16,0,0,0,0,0,0,11,4,1
52.2154,0,3189760,windows,0,585,486.25,12,0,0,0,0,0,0,9,3,0
52.2527,1,3221504,windows,0,955,880,16,0,0,0,0,0,0,11,4,1
52.4792,0,3205120,windows,0,585,486.25,12,0,0,0,0,0,0,9,3,0
52.507,1,3236864,windows,0,955,880,16,0,0,0,0,0,0,11,4,1
52.7339,0,3221504,windows,0,585,486.25,12,0,0,0,0,0,0,9,3,0
52.7663,1,3252224,windows,0,955,880,16,0,0,0,0,0,0,11,4,1
52.9857,0,3236864,windows,0,585,486.25,12,0,0,0,0,0,0,9,3,0
53.0236,1,3267584,windows,0,955,880,16,0,0,0,0,0,0,11,4,1
53.2494,0,3253248,windows,0,585,486.25,12,0,0,0,0,0,0,9,3,0
53.2812,1,3282944,windows,0,955,880,16,0,0,0,0,0,0,11,4,1
53.5077,0,3269632,windows,0,585,486.25,12,0,0,0,0,0,0,9,3,0
53.5423,1,3298304,windows,0,955,880,16,0,0,0,0,0,0,11,4,1
53.7664,0,3286016,windows,0,585,486.25,12,0,0,0,0,0,0,9,3,0
53.7976,1,3313664,windows,0,955,880,16,0,0,0,0,0,0,11,4,1
54.0239,0,3302400,windows,0,585,486.25,12,0,0,0,0,0,0,9,3,0
54.0562,1,3329024,windows,0,585,486.25,12,0,0,0,0,0,0,9,3,0
54.281,0,3318784,windows,0,585,486.25,12,0,0,0,0,0,0,9,3,0
54.3147,1,3344384,windows,0,585,486.25,12,0,0,0,0,0,0,9,3,0
54.5368,0,3335168,windows,0,585,486.25,12,0,0,0,0,0,0,9,3,0
54.579,1,3359744,windows,0,585,486.25,12,0,0,0,0,0,0,9,3,0
54.7918,0,3350528,windows,0,585,486.25,12,0,0,0,0,0,0,9,3,0
54.8466,1,3375104,windows,0,500,445,11,0,0,0,0,0,0,8,3,0
55.0474,0,3366912,windows,0,585,486.25,12,0,0,0,0,0,0,9,3,0
55.1082,1,3390464,windows,0,500,445,11,0,0,0,0,0,0,8,3,0
55.2981,0,3382272,windows,0,585,486.25,12,0,0,0,0,0,0,9,3,0
55.3639,1,3405824,windows,0,500,445,11,0,0,0,0,0,0,8,3,0
55.5528,0,3398656,windows,0,585,486.25,12,0,0,0,0,0,0,9,3,0
55.6237,1,3421184,windows,0,500,445,11,0,0,0,0,0,0,8,3,0
55.8054,0,3414016,windows,0,585,486.25,12,0,0,0,0,0,0,9,3,0
55.8912,1,3436544,windows,0,500,445,11,0,0,0,0,0,0,8,3,0
56.0663,0,3429376,windows,0,585,486.25,12,0,0,0,0,0,0,9,3,0
56.1536,1,3451904,windows,0,500,445,11,0,0,0,0,0,0,8,3,0
56.3307,0,3445760,windows,0,585,486.25,12,0,0,0,0,0,0,9,3,0
56.4138,1,3467264,windows,0,500,445,11,0,0,0,0,0,0,8,3,0
56.5882,0,3460096,windows,0,500,445,11,0,0,0,0,0,0,8,3,0
56.6732,1,3481600,windows,0,500,445,11,0,0,0,0,0,0,8,3,0
56.8552,0,3476480,windows,0,500,445,11,0,0,0,0,0,0,8,3,0
56.9348,1,3497984,windows,0,500,445,11,0,0,0,0,0,0,8,3,0
57.1135,0,3491840,windows,0,500,445,11,0,0,0,0,0,0,8,3,0
57.2016,1,3515392,windows,0,500,445,11,0,0,0,0,0,0,8,3,0
57.3646,0,3505152,windows,0,500,445,11,0,0,0,0,0,0,8,3,0
57.4597,1,3530752,windows,0,500,445,11,0,0,0,0,0,0,8,3,0
57.6247,0,3519488,windows,0,500,445,11,0,0,0,0,0,0,8,3,0
57.7168,1,3546112,windows,0,500,445,11,0,0,0,0,0,0,8,3,0
57.8768,0,3535872,windows,0,500,445,11,0,0,0,0,0,0,8,3,0
57.9697,1,3561472,windows,0,500,445,11,0,0,0,0,0,0,8,3,0
58.1425,0,3552256,windows,0,500,445,11,0,0,0,0,0,0,8,3,0
58.226,1,3577856,windows,0,500,445,11,0,0,0,0,0,0,8,3,0
58.4099,0,3568640,windows,0,500,445,11,0,0,0,0,0,0,8,3,0
58.4879,1,3592192,windows,0,500,445,11,0,0,0,0,0,0,8,3,0
58.663,0,3582976,windows,0,500,445,11,0,0,0,0,0,0,8,3,0
58.7517,1,3607552,windows,0,500,445,11,0,0,0,0,0,0,8,3,0
58.9223,0,3599360,windows,0,500,445,11,0,0,0,0,0,0,8,3,0
59.0088,1,3621888,windows,0,500,445,11,0,0,0,0,0,0,8,3,0
59.1768,0,3614720,windows,0,500,445,11,0,0,0,0,0,0,8,3,0
59.2647,1,3637248,windows,0,500,445,11,0,0,0,0,0,0,8,3,0
59.4325,0,3631104,windows,0,500,445,11,0,0,0,0,0,0,8,3,0
59.5303,1,3652608,windows,0,500,445,11,0,0,0,0,0,0,8,3,0
59.6963,0,3648512,windows,0,500,445,11,0,0,0,0,0,0,8,3,0
59.7973,1,3667968,windows,0,500,445,11,0,0,0,0,0,0,8,3,0
59.9572,0,3664896,windows,0,500,445,11,0,0,0,0,0,0,8,3,0
60.0487,1,3682304,windows,0,500,445,11,0,0,0,0,0,0,8,3,0
60.2218,0,3681280,windows,0,500,445,11,0,0,0,0,0,0,8,3,0
60.3105,1,3696640,windows,0,500,445,11,0,0,0,0,0,0,8,3,0
60.4829,0,3699712,windows,0,500,445,11,0,0,0,0,0,0,8,3,0
60.5673,1,3712000,windows,0,500,445,11,0,0,0,0,0,0,8,3,0
60.7368,0,3717120,windows,0,500,445,11,0,0,0,0,0,0,8,3,0
60.8276,1,3728384,windows,0,500,445,11,0,0,0,0,0,0,8,3,0
60.9924,0,3733504,windows,0,500,445,11,0,0,0,0,0,0,8,3,0
61.0793,1,3743744,windows,0,500,445,11,0,0,0,0,0,0,8,3,0
61.2525,0,3749888,windows,0,500,445,11,0,0,0,0,0,0,8,3,0
61.3435,1,3760128,windows,0,500,445,11,0,0,0,0,0,0,8,3,0
61.5126,0,3766272,windows,0,500,445,11,0,0,0,0,0,0,8,3,0
61.5975,1,3774464,repair,0,500,445,11,0,0,0,0,0,0,8,3,0
61.781,0,3782656,windows,0,500,445,11,0,0,0,0,0,0,8,3,0
61.8527,1,3787776,repair,0,500,445,11,0,0,0,0,0,0,8,3,0
62.0323,0,3798016,repair,0,500,445,11,0,0,0,0,0,0,8,3,0
62.1044,1,3805184,repair,0,500,445,11,0,0,0,0,0,0,8,3,0
62.293,0,3812352,repair,0,500,445,11,0,0,0,0,0,0,8,3,0
62.3629,1,3823616,repair,0,500,445,11,0,0,0,0,0,0,8,3,0
62.5469,0,3825664,windows,0,500,445,11,0,0,0,0,0,0,8,3,0
62.614,1,3838976,repair,0,500,445,11,0,0,0,0,0,0,8,3,0
62.8023,0,3840000,windows,0,500,445,11,0,0,0,0,0,0,8,3,0
62.8757,1,3854336,windows,0,500,445,11,0,0,0,0,0,0,8,3,0
63.0553,0,3853312,windows,0,500,445,11,0,0,0,0,0,0,8,3,0
63.1388,1,3870720,windows,0,500,445,11,0,0,0,0,0,0,8,3,0
63.3172,0,3868672,windows,0,500,445,11,0,0,0,0,0,0,8,3,0
63.3921,1,3889152,windows,0,500,445,11,0,0,0,0,0,0,8,3,0
63.5673,0,3883008,windows,0,500,445,11,0,0,0,0,0,0,8,3,0
63.6554,1,3907584,windows,0,500,445,11,0,0,0,0,0,0,8,3,0
63.8302,0,3897344,windows,0,500,445,11,0,0,0,0,0,0,8,3,0
63.9133,1,3924992,windows,0,500,445,11,0,0,0,0,0,0,8,3,0
64.0918,0,3912704,windows,0,500,445,11,0,0,0,0,0,0,8,3,0
64.1696,1,3943424,windows,0,500,445,11,0,0,0,0,0,0,8,3,0
64.344,0,3927040,windows,0,500,445,11,0,0,0,0,0,0,8,3,0
64.4199,1,3960832,windows,0,500,445,11,0,0,0,0,0,0,8,3,0
64.605,0,3942400,windows,0,500,445,11,0,0,0,0,0,0,8,3,0
64.6737,1,3979264,windows,0,500,445,11,0,0,0,0,0,0,8,3,0
64.8728,0,3957760,windows,0,500,445,11,0,0,0,0,0,0,8,3,0
64.9248,1,3996672,windows,0,500,445,11,0,0,0,0,0,0,8,3,0
65.1405,0,3973120,windows,0,500,445,11,0,0,0,0,0,0,8,3,0
65.1772,1,4014080,windows,0,500,445,11,0,0,0,0,0,0,8,3,0
65.4093,0,3988480,windows,0,500,445,11,0,0,0,0,0,0,8,3,0
65.432,1,4031488,windows,0,500,445,11,0,0,0,0,0,0,8,3,0
65.6687,0,4002816,windows,0,500,445,11,0,0,0,0,0,0,8,3,0
65.6896,1,4048896,repair,0,500,445,11,0,0,0,0,0,0,8,3,0
65.9363,0,4018176,windows,0,500,445,11,0,0,0,0,0,0,8,3,0
65.9436,1,4065280,repair,0,500,445,11,0,0,0,0,0,0,8,3,0
66.1913,0,4033536,windows,0,500,445,11,0,0,0,0,0,0,8,3,0
66.2037,1,4082688,repair,0,500,445,11,0,0,0,0,0,0,8,3,0
66.4483,0,4048896,windows,0,500,445,11,0,0,0,0,0,0,8,3,0
66.4568,1,4100096,windows,0,500,445,11,0,0,0,0,0,0,8,3,0
66.7025,0,4063232,windows,0,500,445,11,0,0,0,0,0,0,8,3,0
66.7154,1,4117504,windows,0,500,445,11,0,0,0,0,0,0,8,3,0
66.9657,1,4134912,windows,0,500,445,11,0,0,0,0,0,0,8,3,0
66.9677,0,4079616,windows,0,500,445,11,0,0,0,0,0,0,8,3,0
67.2244,1,4151296,windows,0,500,445,11,0,0,0,0,0,0,8,3,0
67.2279,0,4094976,windows,0,500,445,11,0,0,0,0,0,0,8,3,0
67.4849,0,4109312,windows,0,500,445,11,0,0,0,0,0,0,8,3,0
67.4892,1,4167680,windows,0,500,445,11,0,0,0,0,0,0,8,3,0
67.7412,1,4184064,windows,0,500,445,11,0,0,0,0,0,0,8,3,0
67.7492,0,4124672,windows,0,500,445,11,0,0,0,0,0,0,8,3,0
67.9921,1,4200448,windows,0,500,445,11,0,0,0,0,0,0,8,3,0
68.0105,0,4139008,windows,0,500,445,11,0,0,0,0,0,0,8,3,0
68.2564,1,4218880,windows,0,500,445,11,0,0,0,0,0,0,8,3,0
68.261,0,4154368,windows,0,500,445,11,0,0,0,0,0,0,8,3,0
68.5171,1,4236288,windows,0,500,445,11,0,0,0,0,0,0,8,3,0
68.5179,0,4170752,windows,0,500,445,11,0,0,0,0,0,0,8,3,0
68.7791,0,4187136,windows,0,500,445,11,0,0,0,0,0,0,8,3,0
68.7809,1,4251648,windows,0,500,445,11,0,0,0,0,0,0,8,3,0
69.0353,1,4264960,windows,0,500,445,11,0,0,0,0,0,0,8,3,0
69.0424,0,4203520,windows,0,500,445,11,0,0,0,0,0,0,8,3,0
69.2963,1,4279296,windows,0,500,445,11,0,0,0,0,0,0,8,3,0
69.3058,0,4219904,windows,0,500,445,11,0,0,0,0,0,0,8,3,0
69.5602,1,4293632,windows,0,500,445,11,0,0,0,0,0,0,8,3,0
69.563,0,4237312,windows,0,500,445,11,0,0,0,0,0,0,8,3,0
69.8149,0,4253696,windows,0,500,445,11,0,0,0,0,0,0,8,3,0
69.8165,1,4307968,windows,0,500,445,11,0,0,0,0,0,0,8,3,0
70.0667,1,4321280,windows,0,500,445,11,0,0,0,0,0,0,8,3,0
70.0714,0,4270080,windows,0,500,445,11,0,0,0,0,0,0,8,3,0
70.325,1,4335616,windows,0,500,445,11,0,0,0,0,0,0,8,3,0
70.3349,0,4286464,repair,0,500,445,11,0,0,0,0,0,0,8,3,0
70.5839,1,4349952,windows,0,500,445,11,0,0,0,0,0,0,8,3,0
70.5934,0,4301824,windows,0,500,445,11,0,0,0,0,0,0,8,3,0
70.8378,1,4364288,windows,0,500,445,11,0,0,0,0,0,0,8,3,0
70.8616,0,4317184,windows,0,500,445,11,0,0,0,0,0,0,8,3,0
71.0919,1,4378624,windows,0,500,445,11,0,0,0,0,0,0,8,3,0
71.125,0,4331520,windows,0,500,445,11,0,0,0,0,0,0,8,3,0
71.3468,1,4392960,windows,0,500,445,11,0,0,0,0,0,0,8,3,0
71.3763,0,4345856,windows,0,500,445,11,0,0,0,0,0,0,8,3,0
71.6044,1,4406272,repair,0,500,445,11,0,0,0,0,0,0,8,3,0
71.6323,0,4360192,windows,0,500,445,11,0,0,0,0,0,0,8,3,0
71.8665,1,4420608,repair,0,500,445,11,0,0,0,0,0,0,8,3,0
71.8879,0,4374528,windows,0,500,445,11,0,0,0,0,0,0,8,3,0
72.1284,1,4434944,windows,0,500,445,11,0,0,0,0,0,0,8,3,0
72.1381,0,4388864,windows,0,500,445,11,0,0,0,0,0,0,8,3,0
72.3912,1,4452352,windows,0,500,445,11,0,0,0,0,0,0,8,3,0
72.3956,0,4403200,windows,0,500,445,11,0,0,0,0,0,0,8,3,0
72.6547,1,4469760,windows,0,500,445,11,0,0,0,0,0,0,8,3,0
72.6554,0,4417536,windows,0,500,445,11,0,0,0,0,0,0,8,3,0
72.9075,0,4430848,windows,0,500,445,11,0,0,0,0,0,0,8,3,0
72.9078,1,4487168,windows,0,500,445,11,0,0,0,0,0,0,8,3,0
73.1673,0,4445184,windows,0,500,445,11,0,0,0,0,0,0,8,3,0
73.1684,1,4505600,windows,0,500,445,11,0,0,0,0,0,0,8,3,0
73.4283,0,4459520,windows,0,500,445,11,0,0,0,0,0,0,8,3,0
73.4315,1,4523008,windows,0,500,445,11,0,0,0,0,0,0,8,3,0
73.6806,0,4471808,windows,0,500,445,11,0,0,0,0,0,0,8,3,0
73.6867,1,4540416,windows,0,500,445,11,0,0,0,0,0,0,8,3,0
73.9378,0,4486144,windows,0,500,445,11,0,0,0,0,0,0,8,3,0
73.938,1,4557824,windows,0,500,445,11,0,0,0,0,0,0,8,3,0
74.189,0,4500480,windows,0,500,445,11,0,0,0,0,0,0,8,3,0
74.1915,1,4575232,windows,0,500,445,11,0,0,0,0,0,0,8,3,0
74.4449,0,4515840,windows,0,500,445,11,0,0,0,0,0,0,8,3,0
74.4451,1,4592640,windows,0,500,445,11,0,0,0,0,0,0,8,3,0
74.6984,1,4610048,windows,0,500,445,11,0,0,0,0,0,0,8,3,0
74.7046,0,4531200,windows,0,500,445,11,0,0,0,0,0,0,8,3,0
74.9491,1,4627456,windows,0,500,445,11,0,0,0,0,0,0,8,3,0
74.9624,0,4546560,windows,0,500,445,11,0,0,0,0,0,0,8,3,0
75.2019,1,4645888,windows,0,500,445,11,0,0,0,0,0,0,8,3,0
75.2249,0,4561920,windows,0,500,445,11,0,0,0,0,0,0,8,3,0
75.4629,1,4664320,windows,0,500,445,11,0,0,0,0,0,0,8,3,0
75.476,0,4579328,windows,0,500,445,11,0,0,0,0,0,0,8,3,0
75.7169,1,4682752,windows,0,500,445,11,0,0,0,0,0,0,8,3,0
75.7329,0,4595712,windows,0,500,445,11,0,0,0,0,0,0,8,3,0
75.978,1,4701184,windows,0,500,445,11,0,0,0,0,0,0,8,3,0
75.9964,0,4614144,windows,0,500,445,11,0,0,0,0,0,0,8,3,0
76.2388,1,4719616,windows,0,500,445,11,0,0,0,0,0,0,8,3,0
76.2571,0,4634624,windows,0,500,445,11,0,0,0,0,0,0,8,3,0
76.4996,1,4738048,windows,0,500,445,11,0,0,0,0,0,0,8,3,0
76.5171,0,4654080,windows,0,500,445,11,0,0,0,0,0,0,8,3,0
76.7527,1,4756480,repair,0,500,445,11,0,0,0,0,0,0,8,3,0
76.7787,0,4674560,windows,0,500,445,11,0,0,0,0,0,0,8,3,0
77.0111,1,4775936,windows,0,500,445,11,0,0,0,0,0,0,8,3,0
77.0407,0,4695040,repair,0,500,445,11,0,0,0,0,0,0,8,3,0
77.2708,1,4795392,windows,0,500,445,11,0,0,0,0,0,0,8,3,0
77.2947,0,4715520,repair,0,500,445,11,0,0,0,0,0,0,8,3,0
77.5264,1,4811776,windows,0,500,445,11,0,0,0,0,0,0,8,3,0
77.5537,0,4734976,repair,0,500,445,11,0,0,0,0,0,0,8,3,0
77.7893,1,4829184,windows,0,500,445,11,0,0,0,0,0,0,8,3,0
77.8098,0,4754432,repair,0,500,445,11,0,0,0,0,0,0,8,3,0
78.0455,1,4846592,windows,0,500,445,11,0,0,0,0,0,0,8,3,0
78.0676,0,4773888,repair,0,500,445,11,0,0,0,0,0,0,8,3,0
78.2966,1,4864000,windows,0,500,445,11,0,0,0,0,0,0,8,3,0
78.3296,0,4792320,windows,0,500,445,11,0,0,0,0,0,0,8,3,0
78.5493,1,4880384,windows,0,500,445,11,0,0,0,0,0,0,8,3,0
78.5869,0,4810752,windows,0,500,445,11,0,0,0,0,0,0,8,3,0
78.8092,1,4897792,windows,0,500,445,11,0,0,0,0,0,0,8,3,0
78.8476,0,4830208,windows,0,500,445,11,0,0,0,0,0,0,8,3,0
79.0668,1,4915200,windows,0,500,445,11,0,0,0,0,0,0,8,3,0
79.1051,0,4848640,windows,0,500,445,11,0,0,0,0,0,0,8,3,0
79.3287,1,4931584,windows,0,500,445,11,0,0,0,0,0,0,8,3,0
79.3593,0,4864000,windows,0,500,445,11,0,0,0,0,0,0,8,3,0
79.5957,1,4945920,windows,0,500,445,11,0,0,0,0,0,0,8,3,0
79.6194,0,4878336,windows,0,500,445,11,0,0,0,0,0,0,8,3,0
79.862,1,4961280,windows,0,500,445,11,0,0,0,0,0,0,8,3,0
79.8938,0,4892672,windows,0,500,445,11,0,0,0,0,0,0,8,3,0
80.1279,1,4975616,windows,0,500,445,11,0,0,0,0,0,0,8,3,0
80.1498,0,4905984,windows,0,500,445,11,0,0,0,0,0,0,8,3,0
80.3908,1,4989952,windows,0,500,445,11,0,0,0,0,0,0,8,3,0
80.4039,0,4920320,windows,0,500,445,11,0,0,0,0,0,0,8,3,0
80.6549,1,5004288,windows,0,500,445,11,0,0,0,0,0,0,8,3,0
80.6674,0,4935680,windows,0,500,445,11,0,0,0,0,0,0,8,3,0
80.9155,1,5018624,windows,0,500,445,11,0,0,0,0,0,0,8,3,0
80.9231,0,4950016,windows,0,500,445,11,0,0,0,0,0,0,8,3,0
81.1777,1,5033984,windows,0,500,445,11,0,0,0,0,0,0,8,3,0
81.1821,0,4964352,windows,0,500,445,11,0,0,0,0,0,0,8,3,0
81.4349,1,5048320,windows,0,500,445,11,0,0,0,0,0,0,8,3,0
81.4422,0,4978688,windows,0,500,445,11,0,0,0,0,0,0,8,3,0
81.6862,1,5062656,windows,0,500,445,11,0,0,0,0,0,0,8,3,0
81.6923,0,4993024,windows,0,500,445,11,0,0,0,0,0,0,8,3,0
81.9367,1,5076992,windows,0,500,445,11,0,0,0,0,0,0,8,3,0
81.954,0,5008384,repair,0,500,445,11,0,0,0,0,0,0,8,3,0
82.1893,1,5094400,windows,0,500,445,11,0,0,0,0,0,0,8,3,0
82.2191,0,5024768,repair,0,500,445,11,0,0,0,0,0,0,8,3,0
82.4498,1,5109760,windows,0,500,445,11,0,0,0,0,0,0,8,3,0
82.481,0,5042176,repair,0,500,445,11,0,0,0,0,0,0,8,3,0
82.7158,1,5125120,windows,0,500,445,11,0,0,0,0,0,0,8,3,0
82.7331,0,5057536,windows,0,500,445,11,0,0,0,0,0,0,8,3,0
82.976,1,5140480,windows,0,500,445,11,0,0,0,0,0,0,8,3,0
82.9899,0,5071872,windows,0,500,445,11,0,0,0,0,0,0,8,3,0
83.2268,1,5156864,windows,0,500,445,11,0,0,0,0,0,0,8,3,0
83.2424,0,5086208,windows,0,500,445,11,0,0,0,0,0,0,8,3,0
83.4906,1,5173248,windows,0,500,445,11,0,0,0,0,0,0,8,3,0
83.4973,0,5100544,windows,0,500,445,11,0,0,0,0,0,0,8,3,0
83.7438,1,5189632,windows,0,500,445,11,0,0,0,0,0,0,8,3,0
83.7566,0,5114880,windows,0,500,445,11,0,0,0,0,0,0,8,3,0
84.0024,1,5208064,windows,0,500,445,11,0,0,0,0,0,0,8,3,0
84.015,0,5129216,windows,0,500,445,11,0,0,0,0,0,0,8,3,0
84.2629,1,5228544,windows,0,500,445,11,0,0,0,0,0,0,8,3,0
84.2802,0,5144576,windows,0,500,445,11,0,0,0,0,0,0,8,3,0
84.5142,1,5248000,windows,0,500,445,11,0,0,0,0,0,0,8,3,0
84.5387,0,5158912,windows,0,500,445,11,0,0,0,0,0,0,8,3,0
84.7791,1,5268480,repair,0,500,445,11,0,0,0,0,0,0,8,3,0
84.8077,0,5174272,windows,0,500,445,11,0,0,0,0,0,0,8,3,0
85.0414,1,5289984,windows,0,500,445,11,0,0,0,0,0,0,8,3,0
85.0719,0,5189632,windows,0,500,445,11,0,0,0,0,0,0,8,3,0
85.2971,1,5309440,windows,0,500,445,11,0,0,0,0,0,0,8,3,0
85.3303,0,5203968,windows,0,500,445,11,0,0,0,0,0,0,8,3,0
85.5606,1,5327872,windows,0,500,445,11,0,0,0,0,0,0,8,3,0
85.5979,0,5219328,windows,0,500,445,11,0,0,0,0,0,0,8,3,0
85.8183,1,5344256,windows,0,500,445,11,0,0,0,0,0,0,8,3,0
85.8505,0,5233664,windows,0,500,445,11,0,0,0,0,0,0,8,3,0
86.0734,1,5360640,windows,0,500,445,11,0,0,0,0,0,0,8,3,0
86.122,0,5249024,windows,0,500,445,11,0,0,0,0,0,0,8,3,0
86.3303,1,5378048,windows,0,500,445,11,0,0,0,0,0,0,8,3,0
86.3852,0,5264384,windows,0,500,445,11,0,0,0,0,0,0,8,3,0
86.5854,1,5395456,windows,0,500,445,11,0,0,0,0,0,0,8,3,0
86.6534,0,5279744,windows,0,500,445,11,0,0,0,0,0,0,8,3,0
86.8456,1,5413888,windows,0,500,445,11,0,0,0,0,0,0,8,3,0
86.9052,0,5294080,windows,0,500,445,11,0,0,0,0,0,0,8,3,0
87.097,1,5431296,windows,0,500,445,11,0,0,0,0,0,0,8,3,0
87.1744,0,5309440,windows,0,500,445,11,0,0,0,0,0,0,8,3,0
87.3533,1,5449728,windows,0,500,445,11,0,0,0,0,0,0,8,3,0
87.4265,0,5323776,windows,0,500,445,11,0,0,0,0,0,0,8,3,0
87.6161,1,5467136,windows,0,500,445,11,0,0,0,0,0,0,8,3,0
87.6906,0,5339136,windows,0,500,445,11,0,0,0,0,0,0,8,3,0
87.8764,1,5485568,windows,0,500,445,11,0,0,0,0,0,0,8,3,0
87.9486,0,5353472,windows,0,500,445,11,0,0,0,0,0,0,8,3,0
88.1384,1,5505024,windows,0,500,445,11,0,0,0,0,0,0,8,3,0
88.2096,0,5367808,repair,0,500,445,11,0,0,0,0,0,0,8,3,0
88.4005,1,5523456,windows,0,500,445,11,0,0,0,0,0,0,8,3,0
88.4678,0,5384192,repair,0,500,445,11,0,0,0,0,0,0,8,3,0
88.6523,1,5540864,windows,0,500,445,11,0,0,0,0,0,0,8,3,0
88.7322,0,5400576,repair,0,500,445,11,0,0,0,0,0,0,8,3,0
88.9184,1,5556224,windows,0,500,445,11,0,0,0,0,0,0,8,3,0
88.993,0,5417984,repair,0,500,445,11,0,0,0,0,0,0,8,3,0
89.1754,1,5571584,windows,0,500,445,11,0,0,0,0,0,0,8,3,0
89.25,0,5432320,windows,0,500,445,11,0,0,0,0,0,0,8,3,0
89.4408,1,5585920,windows,0,500,445,11,0,0,0,0,0,0,8,3,0
89.5092,0,5446656,windows,0,500,445,11,0,0,0,0,0,0,8,3,0
89.6992,1,5600256,windows,0,500,445,11,0,0,0,0,0,0,8,3,0
89.7665,0,5460992,windows,0,500,445,11,0,0,0,0,0,0,8,3,0
89.9514,1,5614592,windows,0,500,445,11,0,0,0,0,0,0,8,3,0
90.0203,0,5475328,windows,0,500,445,11,0,0,0,0,0,0,8,3,0
90.2169,1,5628928,windows,0,500,445,11,0,0,0,0,0,0,8,3,0
90.2804,0,5487616,windows,0,500,445,11,0,0,0,0,0,0,8,3,0
90.48,1,5642240,windows,0,500,445,11,0,0,0,0,0,0,8,3,0
90.5385,0,5501952,windows,0,500,445,11,0,0,0,0,0,0,8,3,0
90.7372,1,5657600,windows,0,500,445,11,0,0,0,0,0,0,8,3,0
90.8069,0,5516288,windows,0,500,445,11,0,0,0,0,0,0,8,3,0
91.0002,1,5672960,windows,0,500,445,11,0,0,0,0,0,0,8,3,0
91.0669,0,5530624,windows,0,500,445,11,0,0,0,0,0,0,8,3,0
91.2601,1,5689344,windows,0,500,445,11,0,0,0,0,0,0,8,3,0
91.3302,0,5543936,windows,0,500,445,11,0,0,0,0,0,0,8,3,0
91.5196,1,5706752,windows,0,500,445,11,0,0,0,0,0,0,8,3,0
91.5943,0,5559296,windows,0,500,445,11,0,0,0,0,0,0,8,3,0
91.7721,1,5724160,windows,0,500,445,11,0,0,0,0,0,0,8,3,0
91.8553,0,5573632,windows,0,500,445,11,0,0,0,0,0,0,8,3,0
92.0278,1,5741568,windows,0,500,445,11,0,0,0,0,0,0,8,3,0
92.1069,0,5587968,windows,0,500,445,11,0,0,0,0,0,0,8,3,0
92.287,1,5758976,repair,0,500,445,11,0,0,0,0,0,0,8,3,0
92.3759,0,5602304,windows,0,500,445,11,0,0,0,0,0,0,8,3,0
92.5491,1,5776384,repair,0,500,445,11,0,0,0,0,0,0,8,3,0
92.6285,0,5615616,windows,0,500,445,11,0,0,0,0,0,0,8,3,0
92.8065,1,5793792,windows,0,500,445,11,0,0,0,0,0,0,8,3,0
92.8921,0,5630976,windows,0,500,445,11,0,0,0,0,0,0,8,3,0
93.068,1,5811200,windows,0,500,445,11,0,0,0,0,0,0,8,3,0
93.1566,0,5645312,windows,0,500,445,11,0,0,0,0,0,0,8,3,0
93.3198,1,5826560,windows,0,500,445,11,0,0,0,0,0,0,8,3,0
93.4209,0,5660672,windows,0,500,445,11,0,0,0,0,0,0,8,3,0
93.5712,1,5841920,windows,0,500,445,11,0,0,0,0,0,0,8,3,0
93.678,0,5675008,windows,0,500,445,11,0,0,0,0,0,0,8,3,0
93.8286,1,5858304,windows,0,500,445,11,0,0,0,0,0,0,8,3,0
93.9385,0,5690368,windows,0,500,445,11,0,0,0,0,0,0,8,3,0
94.0911,1,5874688,windows,0,500,445,11,0,0,0,0,0,0,8,3,0
94.1927,0,5704704,windows,0,500,445,11,0,0,0,0,0,0,8,3,0
94.355,1,5892096,windows,0,500,445,11,0,0,0,0,0,0,8,3,0
94.451,0,5720064,windows,0,500,445,11,0,0,0,0,0,0,8,3,0
94.6103,1,5907456,windows,0,500,445,11,0,0,0,0,0,0,8,3,0
94.7048,0,5734400,windows,0,500,445,11,0,0,0,0,0,0,8,3,0
94.8748,1,5924864,windows,0,500,445,11,0,0,0,0,0,0,8,3,0
94.9728,0,5749760,windows,0,500,445,11,0,0,0,0,0,0,8,3,0
95.1342,1,5940224,windows,0,500,445,11,0,0,0,0,0,0,8,3,0
95.2362,0,5765120,windows,0,500,445,11,0,0,0,0,0,0,8,3,0
95.3871,1,5956608,windows,0,500,445,11,0,0,0,0,0,0,8,3,0
95.4882,0,5779456,windows,0,500,445,11,0,0,0,0,0,0,8,3,0
95.6425,1,5972992,windows,0,500,445,11,0,0,0,0,0,0,8,3,0
95.7524,0,5794816,windows,0,500,445,11,0,0,0,0,0,0,8,3,0
95.9054,1,5990400,windows,0,500,445,11,0,0,0,0,0,0,8,3,0
96.0062,0,5810176,windows,0,500,445,11,0,0,0,0,0,0,8,3,0
96.1663,1,6006784,windows,0,500,445,11,0,0,0,0,0,0,8,3,0
96.263,0,5829632,windows,0,500,445,11,0,0,0,0,0,0,8,3,0
96.436,1,6024192,windows,0,500,445,11,0,0,0,0,0,0,8,3,0
96.5177,0,5849088,repair,0,500,445,11,0,0,0,0,0,0,8,3,0
96.687,1,6040576,windows,0,500,445,11,0,0,0,0,0,0,8,3,0
96.7798,0,5869568,repair,0,500,445,11,0,0,0,0,0,0,8,3,0
96.9403,1,6056960,windows,0,500,445,11,0,0,0,0,0,0,8,3,0
97.0354,0,5888000,windows,0,500,445,11,0,0,0,0,0,0,8,3,0
97.2029,1,6075392,windows,0,500,445,11,0,0,0,0,0,0,8,3,0
97.2907,0,5905408,windows,0,500,445,11,0,0,0,0,0,0,8,3,0
97.4632,1,6093824,windows,0,500,445,11,0,0,0,0,0,0,8,3,0
97.5423,0,5921792,windows,0,500,445,11,0,0,0,0,0,0,8,3,0
97.7171,1,6111232,windows,0,500,445,11,0,0,0,0,0,0,8,3,0
97.7935,0,5938176,windows,0,500,445,11,0,0,0,0,0,0,8,3,0
97.9704,1,6128640,windows,0,500,445,11,0,0,0,0,0,0,8,3,0
98.0543,0,5955584,windows,0,500,445,11,0,0,0,0,0,0,8,3,0
98.2285,1,6147072,windows,0,500,445,11,0,0,0,0,0,0,8,3,0
98.3179,0,5974016,windows,0,500,445,11,0,0,0,0,0,0,8,3,0
98.4786,1,6163456,repair,0,500,445,11,0,0,0,0,0,0,8,3,0
98.577,0,5991424,windows,0,500,445,11,0,0,0,0,0,0,8,3,0
98.7302,1,6180864,windows,0,500,445,11,0,0,0,0,0,0,8,3,0
98.8319,0,6008832,windows,0,500,445,11,0,0,0,0,0,0,8,3,0
98.9802,1,6197248,windows,0,500,445,11,0,0,0,0,0,0,8,3,0
99.0941,0,6027264,windows,0,500,445,11,0,0,0,0,0,0,8,3,0
99.2418,1,6214656,windows,0,500,445,11,0,0,0,0,0,0,8,3,0
99.3589,0,6045696,windows,0,500,445,11,0,0,0,0,0,0,8,3,0
99.5069,1,6231040,windows,0,500,445,11,0,0,0,0,0,0,8,3,0
99.6207,0,6064128,windows,0,500,445,11,0,0,0,0,0,0,8,3,0
99.765,1,6247424,windows,0,500,445,11,0,0,0,0,0,0,8,3,0
99.8707,0,6081536,windows,0,500,445,11,0,0,0,0,0,0,8,3,0
100.027,1,6263808,windows,0,500,445,11,0,0,0,0,0,0,8,3,0
100.13,0,6099968,windows,0,500,445,11,0,0,0,0,0,0,8,3,0
100.278,1,6279168,windows,0,500,445,11,0,0,0,0,0,0,8,3,0
100.391,0,6117376,windows,0,500,445,11,0,0,0,0,0,0,8,3,0
100.533,1,6295552,windows,0,500,445,11,0,0,0,0,0,0,8,3,0
100.653,0,6134784,repair,0,500,445,11,0,0,0,0,0,0,8,3,0
100.793,1,6312960,windows,0,500,445,11,0,0,0,0,0,0,8,3,0
100.907,0,6152192,windows,0,500,445,11,0,0,0,0,0,0,8,3,0
101.053,1,6330368,windows,0,500,445,11,0,0,0,0,0,0,8,3,0
101.16,0,6170624,windows,0,500,445,11,0,0,0,0,0,0,8,3,0
101.319,1,6347776,windows,0,500,445,11,0,0,0,0,0,0,8,3,0
101.411,0,6187008,windows,0,500,445,11,0,0,0,0,0,0,8,3,0
101.576,1,6362112,windows,0,500,445,11,0,0,0,0,0,0,8,3,0
101.67,0,6203392,windows,0,500,445,11,0,0,0,0,0,0,8,3,0
101.826,1,6376448,windows,0,500,445,11,0,0,0,0,0,0,8,3,0
101.924,0,6218752,windows,0,500,445,11,0,0,0,0,0,0,8,3,0
102.078,1,6390784,windows,0,500,445,11,0,0,0,0,0,0,8,3,0
102.185,0,6236160,windows,0,500,445,11,0,0,0,0,0,0,8,3,0
102.34,1,6408192,windows,0,500,445,11,0,0,0,0,0,0,8,3,0
102.435,0,6253568,windows,0,500,445,11,0,0,0,0,0,0,8,3,0
102.6,1,6425600,windows,0,500,445,11,0,0,0,0,0,0,8,3,0
102.688,0,6268928,windows,0,500,445,11,0,0,0,0,0,0,8,3,0
102.857,1,6444032,repair,0,500,445,11,0,0,0,0,0,0,8,3,0
102.939,0,6285312,windows,0,500,445,11,0,0,0,0,0,0,8,3,0
103.112,1,6464512,repair,0,500,445,11,0,0,0,0,0,0,8,3,0
103.19,0,6301696,windows,0,500,445,11,0,0,0,0,0,0,8,3,0
103.366,1,6484992,windows,0,500,445,11,0,0,0,0,0,0,8,3,0
103.441,0,6319104,windows,0,500,445,11,0,0,0,0,0,0,8,3,0
103.626,1,6505472,windows,0,500,445,11,0,0,0,0,0,0,8,3,0
103.695,0,6336512,windows,0,500,445,11,0,0,0,0,0,0,8,3,0
103.879,1,6521856,windows,0,500,445,11,0,0,0,0,0,0,8,3,0
103.947,0,6353920,windows,0,500,445,11,0,0,0,0,0,0,8,3,0
104.132,1,6536192,windows,0,500,445,11,0,0,0,0,0,0,8,3,0
104.203,0,6372352,windows,0,500,445,11,0,0,0,0,0,0,8,3,0
104.394,1,6551552,windows,0,500,445,11,0,0,0,0,0,0,8,3,0
104.464,0,6390784,repair,0,500,445,11,0,0,0,0,0,0,8,3,0
104.657,1,6566912,windows,0,500,445,11,0,0,0,0,0,0,8,3,0
104.722,0,6408192,repair,0,500,445,11,0,0,0,0,0,0,8,3,0
104.925,1,6582272,windows,0,500,445,11,0,0,0,0,0,0,8,3,0
104.977,0,6427648,windows,0,500,445,11,0,0,0,0,0,0,8,3,0
105.186,1,6596608,windows,0,500,445,11,0,0,0,0,0,0,8,3,0
105.238,0,6446080,windows,0,500,445,11,0,0,0,0,0,0,8,3,0
105.451,1,6610944,windows,0,500,445,11,0,0,0,0,0,0,8,3,0
105.494,0,6462464,windows,0,500,445,11,0,0,0,0,0,0,8,3,0
105.711,1,6625280,windows,0,500,445,11,0,0,0,0,0,0,8,3,0
105.759,0,6478848,windows,0,500,445,11,0,0,0,0,0,0,8,3,0
105.973,1,6639616,windows,0,500,445,11,0,0,0,0,0,0,8,3,0
106.009,0,6494208,windows,0,500,445,11,0,0,0,0,0,0,8,3,0
106.235,1,6654976,windows,0,500,445,11,0,0,0,0,0,0,8,3,0
106.259,0,6509568,windows,0,500,445,11,0,0,0,0,0,0,8,3,0
106.488,1,6669312,windows,0,500,445,11,0,0,0,0,0,0,8,3,0
106.516,0,6525952,windows,0,500,445,11,0,0,0,0,0,0,8,3,0
106.745,1,6684672,windows,0,500,445,11,0,0,0,0,0,0,8,3,0
106.768,0,6543360,windows,0,500,445,11,0,0,0,0,0,0,8,3,0
107.002,1,6700032,windows,0,500,445,11,0,0,0,0,0,0,8,3,0
107.02,0,6559744,windows,0,500,445,11,0,0,0,0,0,0,8,3,0
107.252,1,6715392,windows,0,500,445,11,0,0,0,0,0,0,8,3,0
107.282,0,6577152,windows,0,500,445,11,0,0,0,0,0,0,8,3,0
107.51,1,6730752,windows,0,500,445,11,0,0,0,0,0,0,8,3,0
107.546,0,6595584,windows,0,500,445,11,0,0,0,0,0,0,8,3,0
107.765,1,6747136,windows,0,500,445,11,0,0,0,0,0,0,8,3,0
107.809,0,6611968,windows,0,500,445,11,0,0,0,0,0,0,8,3,0
108.017,1,6761472,windows,0,500,445,11,0,0,0,0,0,0,8,3,0
108.076,0,6626304,windows,0,500,445,11,0,0,0,0,0,0,8,3,0
108.279,1,6777856,repair,0,500,445,11,0,0,0,0,0,0,8,3,0
108.343,0,6640640,windows,0,500,445,11,0,0,0,0,0,0,8,3,0
108.533,1,6794240,repair,0,500,445,11,0,0,0,0,0,0,8,3,0
108.606,0,6656000,windows,0,500,445,11,0,0,0,0,0,0,8,3,0
108.789,1,6809600,windows,0,500,445,11,0,0,0,0,0,0,8,3,0
108.865,0,6671360,repair,0,500,445,11,0,0,0,0,0,0,8,3,0
109.054,1,6824960,windows,0,500,445,11,0,0,0,0,0,0,8,3,0
109.123,0,6687744,repair,0,500,445,11,0,0,0,0,0,0,8,3,0
109.312,1,6840320,windows,0,500,445,11,0,0,0,0,0,0,8,3,0
109.382,0,6704128,windows,0,500,445,11,0,0,0,0,0,0,8,3,0
109.577,1,6854656,windows,0,500,445,11,0,0,0,0,0,0,8,3,0
109.636,0,6718464,windows,0,500,445,11,0,0,0,0,0,0,8,3,0
109.835,1,6868992,windows,0,500,445,11,0,0,0,0,0,0,8,3,0
109.89,0,6732800,windows,0,500,445,11,0,0,0,0,0,0,8,3,0
110.095,1,6883328,windows,0,500,445,11,0,0,0,0,0,0,8,3,0
110.157,0,6748160,windows,0,500,445,11,0,0,0,0,0,0,8,3,0
110.361,1,6897664,windows,0,500,445,11,0,0,0,0,0,0,8,3,0
110.411,0,6761472,windows,0,500,445,11,0,0,0,0,0,0,8,3,0
110.616,1,6912000,windows,0,500,445,11,0,0,0,0,0,0,8,3,0
110.665,0,6774784,windows,0,500,445,11,0,0,0,0,0,0,8,3,0
110.874,1,6926336,windows,0,500,445,11,0,0,0,0,0,0,8,3,0
110.924,0,6789120,windows,0,500,445,11,0,0,0,0,0,0,8,3,0
111.138,1,6941696,windows,0,500,445,11,0,0,0,0,0,0,8,3,0
111.176,0,6802432,windows,0,500,445,11,0,0,0,0,0,0,8,3,0
111.405,1,6957056,windows,0,500,445,11,0,0,0,0,0,0,8,3,0
111.438,0,6816768,windows,0,500,445,11,0,0,0,0,0,0,8,3,0
111.67,1,6971392,windows,0,500,445,11,0,0,0,0,0,0,8,3,0
111.697,0,6831104,windows,0,500,445,11,0,0,0,0,0,0,8,3,0
111.921,1,6984704,windows,0,500,445,11,0,0,0,0,0,0,8,3,0
111.955,0,6843392,windows,0,500,445,11,0,0,0,0,0,0,8,3,0
112.184,1,6999040,windows,0,500,445,11,0,0,0,0,0,0,8,3,0
112.223,0,6857728,windows,0,500,445,11,0,0,0,0,0,0,8,3,0
112.435,1,7009280,windows,0,500,445,11,0,0,0,0,0,0,8,3,0
112.487,0,6872064,windows,0,500,445,11,0,0,0,0,0,0,8,3,0
112.702,1,7024640,windows,0,500,445,11,0,0,0,0,0,0,8,3,0
112.754,0,6886400,windows,0,500,445,11,0,0,0,0,0,0,8,3,0
112.956,1,7038976,windows,0,500,445,11,0,0,0,0,0,0,8,3,0
113.006,0,6899712,windows,0,500,445,11,0,0,0,0,0,0,8,3,0
113.212,1,7055360,windows,0,500,445,11,0,0,0,0,0,0,8,3,0
113.269,0,6914048,windows,0,500,445,11,0,0,0,0,0,0,8,3,0
113.473,1,7072768,windows,0,500,445,11,0,0,0,0,0,0,8,3,0
113.527,0,6927360,windows,0,500,445,11,0,0,0,0,0,0,8,3,0
113.733,1,7091200,windows,0,500,445,11,0,0,0,0,0,0,8,3,0
113.78,0,6940672,windows,0,500,445,11,0,0,0,0,0,0,8,3,0
113.991,1,7108608,windows,0,500,445,11,0,0,0,0,0,0,8,3,0
114.036,0,6953984,windows,0,500,445,11,0,0,0,0,0,0,8,3,0
114.248,1,7126016,windows,0,500,445,11,0,0,0,0,0,0,8,3,0
114.293,0,6968320,windows,0,500,445,11,0,0,0,0,0,0,8,3,0
114.503,1,7144448,windows,0,500,445,11,0,0,0,0,0,0,8,3,0
114.552,0,6983680,windows,0,500,445,11,0,0,0,0,0,0,8,3,0
114.758,1,7161856,windows,0,500,445,11,0,0,0,0,0,0,8,3,0
114.821,0,6999040,windows,0,500,445,11,0,0,0,0,0,0,8,3,0
115.015,1,7178240,windows,0,500,445,11,0,0,0,0,0,0,8,3,0
115.072,0,7014400,windows,0,500,445,11,0,0,0,0,0,0,8,3,0
115.275,1,7194624,windows,0,500,445,11,0,0,0,0,0,0,8,3,0
115.336,0,7029760,windows,0,500,445,11,0,0,0,0,0,0,8,3,0
115.527,1,7207936,windows,0,500,445,11,0,0,0,0,0,0,8,3,0
115.596,0,7045120,windows,0,500,445,11,0,0,0,0,0,0,8,3,0
115.779,1,7222272,windows,0,500,445,11,0,0,0,0,0,0,8,3,0
115.859,0,7060480,windows,0,500,445,11,0,0,0,0,0,0,8,3,0
116.041,1,7236608,windows,0,500,445,11,0,0,0,0,0,0,8,3,0
116.11,0,7075840,windows,0,500,445,11,0,0,0,0,0,0,8,3,0
116.293,1,7250944,windows,0,500,445,11,0,0,0,0,0,0,8,3,0
116.364,0,7091200,windows,0,500,445,11,0,0,0,0,0,0,8,3,0
116.546,1,7265280,windows,0,500,445,11,0,0,0,0,0,0,8,3,0
116.626,0,7106560,windows,0,500,445,11,0,0,0,0,0,0,8,3,0
116.801,1,7279616,windows,0,500,445,11,0,0,0,0,0,0,8,3,0
116.879,0,7121920,windows,0,500,445,11,0,0,0,0,0,0,8,3,0
117.052,1,7293952,windows,0,500,445,11,0,0,0,0,0,0,8,3,0
117.146,0,7139328,windows,0,500,445,11,0,0,0,0,0,0,8,3,0
117.312,1,7309312,windows,0,500,445,11,0,0,0,0,0,0,8,3,0
117.399,0,7154688,repair,0,500,445,11,0,0,0,0,0,0,8,3,0
117.563,1,7323648,windows,0,500,445,11,0,0,0,0,0,0,8,3,0
117.662,0,7171072,repair,0,500,445,11,0,0,0,0,0,0,8,3,0
117.825,1,7340032,windows,0,500,445,11,0,0,0,0,0,0,8,3,0
117.921,0,7189504,windows,0,500,445,11,0,0,0,0,0,0,8,3,0
118.091,1,7356416,windows,0,500,445,11,0,0,0,0,0,0,8,3,0
118.173,0,7206912,windows,0,500,445,11,0,0,0,0,0,0,8,3,0
118.343,1,7371776,windows,0,500,445,11,0,0,0,0,0,0,8,3,0
118.438,0,7224320,windows,0,500,445,11,0,0,0,0,0,0,8,3,0
118.604,1,7387136,windows,0,500,445,11,0,0,0,0,0,0,8,3,0
118.695,0,7240704,windows,0,500,445,11,0,0,0,0,0,0,8,3,0
118.864,1,7403520,windows,0,500,445,11,0,0,0,0,0,0,8,3,0
118.948,0,7256064,windows,0,500,445,11,0,0,0,0,0,0,8,3,0
119.116,1,7418880,windows,0,500,445,11,0,0,0,0,0,0,8,3,0
119.215,0,7272448,windows,0,500,445,11,0,0,0,0,0,0,8,3,0
119.37,1,7435264,windows,0,500,445,11,0,0,0,0,0,0,8,3,0
119.468,0,7285760,windows,0,500,445,11,0,0,0,0,0,0,8,3,0
119.637,1,7449600,windows,0,500,445,11,0,0,0,0,0,0,8,3,0
119.725,0,7299072,windows,0,500,445,11,0,0,0,0,0,0,8,3,0
119.889,1,7463936,windows,0,500,445,11,0,0,0,0,0,0,8,3,0
119.977,0,7314432,windows,0,500,445,11,0,0,0,0,0,0,8,3,0
120.144,1,7480320,windows,0,500,445,11,0,0,0,0,0,0,8,3,0
120.24,0,7330816,windows,0,500,445,11,0,0,0,0,0,0,8,3,0
120.406,1,7495680,windows,0,500,445,11,0,0,0,0,0,0,8,3,0
120.49,0,7347200,windows,0,500,445,11,0,0,0,0,0,0,8,3,0
120.67,1,7512064,windows,0,500,445,11,0,0,0,0,0,0,8,3,0
120.754,0,7364608,windows,0,500,445,11,0,0,0,0,0,0,8,3,0
120.921,1,7528448,windows,0,500,445,11,0,0,0,0,0,0,8,3,0
121.005,0,7378944,windows,0,500,445,11,0,0,0,0,0,0,8,3,0
121.174,1,7543808,windows,0,500,445,11,0,0,0,0,0,0,8,3,0
121.27,0,7395328,windows,0,500,445,11,0,0,0,0,0,0,8,3,0
121.424,1,7559168,windows,0,500,445,11,0,0,0,0,0,0,8,3,0
121.537,0,7409664,windows,0,500,445,11,0,0,0,0,0,0,8,3,0
121.688,1,7574528,repair,0,500,445,11,0,0,0,0,0,0,8,3,0
121.809,0,7424000,windows,0,500,445,11,0,0,0,0,0,0,8,3,0
121.941,1,7587840,repair,0,500,445,11,0,0,0,0,0,0,8,3,0
122.065,0,7437312,windows,0,500,445,11,0,0,0,0,0,0,8,3,0
122.191,1,7603200,repair,0,500,445,11,0,0,0,0,0,0,8,3,0
122.324,0,7449600,windows,0,500,445,11,0,0,0,0,0,0,8,3,0
122.457,1,7619584,repair,0,500,445,11,0,0,0,0,0,0,8,3,0
122.587,0,7462912,repair,0,500,445,11,0,0,0,0,0,0,8,3,0
122.715,1,7633920,windows,0,500,445,11,0,0,0,0,0,0,8,3,0
122.845,0,7476224,repair,0,500,445,11,0,0,0,0,0,0,8,3,0
122.984,1,7649280,windows,0,500,445,11,0,0,0,0,0,0,8,3,0
123.108,0,7492608,windows,0,500,445,11,0,0,0,0,0,0,8,3,0
123.24,1,7663616,windows,0,500,445,11,0,0,0,0,0,0,8,3,0
123.358,0,7505920,windows,0,500,445,11,0,0,0,0,0,0,8,3,0
123.503,1,7676928,windows,0,500,445,11,0,0,0,0,0,0,8,3,0
123.61,0,7519232,windows,0,500,445,11,0,0,0,0,0,0,8,3,0
123.771,1,7691264,windows,0,500,445,11,0,0,0,0,0,0,8,3,0
123.877,0,7533568,windows,0,500,445,11,0,0,0,0,0,0,8,3,0
124.031,1,7704576,windows,0,500,445,11,0,0,0,0,0,0,8,3,0
124.135,0,7546880,windows,0,500,445,11,0,0,0,0,0,0,8,3,0
124.294,1,7718912,windows,0,500,445,11,0,0,0,0,0,0,8,3,0
124.389,0,7561216,windows,0,500,445,11,0,0,0,0,0,0,8,3,0
124.555,1,7733248,windows,0,500,445,11,0,0,0,0,0,0,8,3,0
124.653,0,7579648,windows,0,500,445,11,0,0,0,0,0,0,8,3,0
124.823,1,7748608,windows,0,500,445,11,0,0,0,0,0,0,8,3,0
124.916,0,7592960,windows,0,500,445,11,0,0,0,0,0,0,8,3,0
125.075,1,7762944,windows,0,500,445,11,0,0,0,0,0,0,8,3,0
125.18,0,7605248,windows,0,500,445,11,0,0,0,0,0,0,8,3,0
125.342,1,7777280,windows,0,500,445,11,0,0,0,0,0,0,8,3,0
125.436,0,7618560,windows,0,500,445,11,0,0,0,0,0,0,8,3,0
125.601,1,7791616,windows,0,500,445,11,0,0,0,0,0,0,8,3,0
125.689,0,7632896,windows,0,500,445,11,0,0,0,0,0,0,8,3,0
125.87,1,7806976,windows,0,500,445,11,0,0,0,0,0,0,8,3,0
125.951,0,7646208,windows,0,500,445,11,0,0,0,0,0,0,8,3,0
126.134,1,7822336,windows,0,500,445,11,0,0,0,0,0,0,8,3,0
126.215,0,7663616,windows,0,500,445,11,0,0,0,0,0,0,8,3,0
126.392,1,7836672,windows,0,500,445,11,0,0,0,0,0,0,8,3,0
126.477,0,7682048,windows,0,500,445,11,0,0,0,0,0,0,8,3,0
126.656,1,7852032,windows,0,500,445,11,0,0,0,0,0,0,8,3,0
126.74,0,7700480,windows,0,500,445,11,0,0,0,0,0,0,8,3,0
126.921,1,7867392,windows,0,500,445,11,0,0,0,0,0,0,8,3,0
126.993,0,7715840,windows,0,500,445,11,0,0,0,0,0,0,8,3,0
127.185,1,7880704,windows,0,500,445,11,0,0,0,0,0,0,8,3,0
127.248,0,7731200,windows,0,500,445,11,0,0,0,0,0,0,8,3,0
127.437,1,7894016,windows,0,500,445,11,0,0,0,0,0,0,8,3,0
127.519,0,7748608,windows,0,500,445,11,0,0,0,0,0,0,8,3,0
127.691,1,7907328,windows,0,500,445,11,0,0,0,0,0,0,8,3,0
127.769,0,7764992,windows,0,500,445,11,0,0,0,0,0,0,8,3,0
127.956,1,7920640,windows,0,500,445,11,0,0,0,0,0,0,8,3,0
128.033,0,7782400,windows,0,500,445,11,0,0,0,0,0,0,8,3,0
128.21,1,7933952,windows,0,500,445,11,0,0,0,0,0,0,8,3,0
128.302,0,7798784,windows,0,500,445,11,0,0,0,0,0,0,8,3,0
128.466,1,7947264,windows,0,500,445,11,0,0,0,0,0,0,8,3,0
128.554,0,7813120,windows,0,500,445,11,0,0,0,0,0,0,8,3,0
128.716,1,7960576,windows,0,500,445,11,0,0,0,0,0,0,8,3,0
128.819,0,7827456,windows,0,500,445,11,0,0,0,0,0,0,8,3,0
128.971,1,7974912,windows,0,500,445,11,0,0,0,0,0,0,8,3,0
129.071,0,7842816,windows,0,500,445,11,0,0,0,0,0,0,8,3,0
129.238,1,7989248,windows,0,500,445,11,0,0,0,0,0,0,8,3,0
129.336,0,7859200,windows,0,500,445,11,0,0,0,0,0,0,8,3,0
129.501,1,8004608,windows,0,500,445,11,0,0,0,0,0,0,8,3,0
129.602,0,7875584,repair,0,500,445,11,0,0,0,0,0,0,8,3,0
129.763,1,8019968,windows,0,500,445,11,0,0,0,0,0,0,8,3,0
129.854,0,7889920,repair,0,500,445,11,0,0,0,0,0,0,8,3,0
130.016,1,8034304,windows,0,500,445,11,0,0,0,0,0,0,8,3,0
130.117,0,7904256,windows,0,500,445,11,0,0,0,0,0,0,8,3,0
130.276,1,8047616,windows,0,500,445,11,0,0,0,0,0,0,8,3,0
130.379,0,7918592,windows,0,500,445,11,0,0,0,0,0,0,8,3,0
130.538,1,8061952,windows,0,500,445,11,0,0,0,0,0,0,8,3,0
130.633,0,7930880,windows,0,500,445,11,0,0,0,0,0,0,8,3,0
130.802,1,8076288,windows,0,500,445,11,0,0,0,0,0,0,8,3,0
130.896,0,7945216,windows,0,500,445,11,0,0,0,0,0,0,8,3,0
131.057,1,8088576,windows,0,500,445,11,0,0,0,0,0,0,8,3,0
131.163,0,7959552,windows,0,500,445,11,0,0,0,0,0,0,8,3,0
131.319,1,8107008,windows,0,500,445,11,0,0,0,0,0,0,8,3,0
131.414,0,7975936,windows,0,500,445,11,0,0,0,0,0,0,8,3,0
131.579,1,8126464,windows,0,500,445,11,0,0,0,0,0,0,8,3,0
131.676,0,7994368,windows,0,500,445,11,0,0,0,0,0,0,8,3,0
131.836,1,8144896,windows,0,500,445,11,0,0,0,0,0,0,8,3,0
131.94,0,8009728,windows,0,500,445,11,0,0,0,0,0,0,8,3,0
132.087,1,8162304,windows,0,500,445,11,0,0,0,0,0,0,8,3,0
132.193,0,8024064,windows,0,500,445,11,0,0,0,0,0,0,8,3,0
132.348,1,8178688,windows,0,500,445,11,0,0,0,0,0,0,8,3,0
132.447,0,8039424,windows,0,500,445,11,0,0,0,0,0,0,8,3,0
132.613,1,8195072,windows,0,500,445,11,0,0,0,0,0,0,8,3,0
132.698,0,8055808,windows,0,500,445,11,0,0,0,0,0,0,8,3,0
132.872,1,8210432,windows,0,500,445,11,0,0,0,0,0,0,8,3,0
132.949,0,8072192,windows,0,500,445,11,0,0,0,0,0,0,8,3,0
133.131,1,8224768,windows,0,500,445,11,0,0,0,0,0,0,8,3,0
133.213,0,8089600,windows,0,500,445,11,0,0,0,0,0,0,8,3,0
133.39,1,8239104,windows,0,500,445,11,0,0,0,0,0,0,8,3,0
133.469,0,8107008,windows,0,500,445,11,0,0,0,0,0,0,8,3,0
133.646,1,8253440,windows,0,500,445,11,0,0,0,0,0,0,8,3,0
133.73,0,8125440,windows,0,500,445,11,0,0,0,0,0,0,8,3,0
133.897,1,8267776,windows,0,500,445,11,0,0,0,0,0,0,8,3,0
133.985,0,8143872,windows,0,500,445,11,0,0,0,0,0,0,8,3,0
134.16,1,8283136,windows,0,500,445,11,0,0,0,0,0,0,8,3,0
134.236,0,8161280,windows,0,500,445,11,0,0,0,0,0,0,8,3,0
134.42,1,8297472,windows,0,500,445,11,0,0,0,0,0,0,8,3,0
134.491,0,8178688,windows,0,500,445,11,0,0,0,0,0,0,8,3,0
134.675,1,8311808,windows,0,500,445,11,0,0,0,0,0,0,8,3,0
134.742,0,8197120,windows,0,500,445,11,0,0,0,0,0,0,8,3,0
134.94,1,8327168,windows,0,500,445,11,0,0,0,0,0,0,8,3,0
135.001,0,8215552,windows,0,500,445,11,0,0,0,0,0,0,8,3,0
135.198,1,8342528,windows,0,500,445,11,0,0,0,0,0,0,8,3,0
135.264,0,8233984,windows,0,500,445,11,0,0,0,0,0,0,8,3,0
135.448,1,8356864,windows,0,500,445,11,0,0,0,0,0,0,8,3,0
135.52,0,8250368,windows,0,500,445,11,0,0,0,0,0,0,8,3,0
135.711,1,8372224,windows,0,500,445,11,0,0,0,0,0,0,8,3,0
135.778,0,8267776,repair,0,500,445,11,0,0,0,0,0,0,8,3,0
135.964,1,8387584,windows,0,500,445,11,0,0,0,0,0,0,8,3,0
136.033,0,8287232,repair,0,500,445,11,0,0,0,0,0,0,8,3,0
136.228,1,8403968,windows,0,500,445,11,0,0,0,0,0,0,8,3,0
136.292,0,8306688,windows,0,500,445,11,0,0,0,0,0,0,8,3,0
136.484,1,8419328,windows,0,500,445,11,0,0,0,0,0,0,8,3,0
136.557,0,8324096,windows,0,500,445,11,0,0,0,0,0,0,8,3,0
136.736,1,8433664,windows,0,500,445,11,0,0,0,0,0,0,8,3,0
136.817,0,8341504,windows,0,500,445,11,0,0,0,0,0,0,8,3,0
136.988,1,8448000,windows,0,500,445,11,0,0,0,0,0,0,8,3,0
137.069,0,8357888,windows,0,500,445,11,0,0,0,0,0,0,8,3,0
137.246,1,8463360,windows,0,500,445,11,0,0,0,0,0,0,8,3,0
137.33,0,8375296,windows,0,500,445,11,0,0,0,0,0,0,8,3,0
137.511,1,8478720,windows,0,500,445,11,0,0,0,0,0,0,8,3,0
137.584,0,8391680,windows,0,500,445,11,0,0,0,0,0,0,8,3,0
137.761,1,8493056,repair,0,500,445,11,0,0,0,0,0,0,8,3,0
137.836,0,8408064,windows,0,500,445,11,0,0,0,0,0,0,8,3,0
138.024,1,8509440,repair,0,500,445,11,0,0,0,0,0,0,8,3,0
138.09,0,8422400,windows,0,500,445,11,0,0,0,0,0,0,8,3,0
138.283,1,8526848,windows,0,500,445,11,0,0,0,0,0,0,8,3,0
138.357,0,8437760,windows,0,500,445,11,0,0,0,0,0,0,8,3,0
138.547,1,8540160,windows,0,500,445,11,0,0,0,0,0,0,8,3,0
138.624,0,8452096,windows,0,500,445,11,0,0,0,0,0,0,8,3,0
138.8,1,8553472,windows,0,500,445,11,0,0,0,0,0,0,8,3,0
138.878,0,8466432,windows,0,500,445,11,0,0,0,0,0,0,8,3,0
139.054,1,8569856,windows,0,500,445,11,0,0,0,0,0,0,8,3,0
139.132,0,8480768,windows,0,500,445,11,0,0,0,0,0,0,8,3,0
139.314,1,8585216,windows,0,500,445,11,0,0,0,0,0,0,8,3,0
139.395,0,8496128,windows,0,500,445,11,0,0,0,0,0,0,8,3,0
139.574,1,8601600,windows,0,500,445,11,0,0,0,0,0,0,8,3,0
139.649,0,8510464,windows,0,500,445,11,0,0,0,0,0,0,8,3,0
139.849,1,8616960,windows,0,500,445,11,0,0,0,0,0,0,8,3,0
139.907,0,8524800,windows,0,500,445,11,0,0,0,0,0,0,8,3,0
140.116,1,8630272,windows,0,500,445,11,0,0,0,0,0,0,8,3,0
140.159,0,8539136,windows,0,500,445,11,0,0,0,0,0,0,8,3,0
140.37,1,8644608,windows,0,500,445,11,0,0,0,0,0,0,8,3,0
140.414,0,8555520,windows,0,500,445,11,0,0,0,0,0,0,8,3,0
140.628,1,8660992,windows,0,500,445,11,0,0,0,0,0,0,8,3,0
140.666,0,8572928,windows,0,500,445,11,0,0,0,0,0,0,8,3,0
140.887,1,8676352,windows,0,500,445,11,0,0,0,0,0,0,8,3,0
140.927,0,8589312,windows,0,500,445,11,0,0,0,0,0,0,8,3,0
141.137,1,8689664,windows,0,500,445,11,0,0,0,0,0,0,8,3,0
141.178,0,8603648,windows,0,500,445,11,0,0,0,0,0,0,8,3,0
141.406,1,8704000,windows,0,500,445,11,0,0,0,0,0,0,8,3,0
141.446,0,8619008,windows,0,500,445,11,0,0,0,0,0,0,8,3,0
141.659,1,8717312,windows,0,500,445,11,0,0,0,0,0,0,8,3,0
141.699,0,8633344,repair,0,500,445,11,0,0,0,0,0,0,8,3,0
141.91,1,8730624,windows,0,500,445,11,0,0,0,0,0,0,8,3,0
141.951,0,8647680,repair,0,500,445,11,0,0,0,0,0,0,8,3,0
142.17,1,8744960,repair,0,500,445,11,0,0,0,0,0,0,8,3,0
142.204,0,8662016,windows,0,500,445,11,0,0,0,0,0,0,8,3,0
142.426,1,8760320,repair,0,500,445,11,0,0,0,0,0,0,8,3,0
142.456,0,8675328,windows,0,500,445,11,0,0,0,0,0,0,8,3,0
142.677,1,8774656,windows,0,500,445,11,0,0,0,0,0,0,8,3,0
142.715,0,8689664,windows,0,500,445,11,0,0,0,0,0,0,8,3,0
142.941,1,8788992,windows,0,500,445,11,0,0,0,0,0,0,8,3,0
142.966,0,8702976,windows,0,500,445,11,0,0,0,0,0,0,8,3,0
143.216,1,8803328,windows,0,500,445,11,0,0,0,0,0,0,8,3,0
143.224,0,8716288,windows,0,500,445,11,0,0,0,0,0,0,8,3,0
143.478,1,8816640,windows,0,500,445,11,0,0,0,0,0,0,8,3,0
143.48,0,8729600,windows,0,500,445,11,0,0,0,0,0,0,8,3,0
143.731,0,8742912,windows,0,500,445,11,0,0,0,0,0,0,8,3,0
143.744,1,8829952,windows,0,500,445,11,0,0,0,0,0,0,8,3,0
143.986,0,8756224,windows,0,500,445,11,0,0,0,0,0,0,8,3,0
144.01,1,8845312,windows,0,500,445,11,0,0,0,0,0,0,8,3,0
144.25,0,8770560,windows,0,500,445,11,0,0,0,0,0,0,8,3,0
144.267,1,8860672,windows,0,500,445,11,0,0,0,0,0,0,8,3,0
144.514,0,8784896,windows,0,500,445,11,0,0,0,0,0,0,8,3,0
144.529,1,8877056,windows,0,500,445,11,0,0,0,0,0,0,8,3,0
144.772,0,8798208,windows,0,500,445,11,0,0,0,0,0,0,8,3,0
144.789,1,8893440,windows,0,500,445,11,0,0,0,0,0,0,8,3,0
145.03,0,8812544,windows,0,500,445,11,0,0,0,0,0,0,8,3,0
145.047,1,8909824,windows,0,500,445,11,0,0,0,0,0,0,8,3,0
145.288,0,8826880,windows,0,500,445,11,0,0,0,0,0,0,8,3,0
145.309,1,8927232,windows,0,500,445,11,0,0,0,0,0,0,8,3,0
145.545,0,8840192,windows,0,500,445,11,0,0,0,0,0,0,8,3,0
145.569,1,8945664,windows,0,500,445,11,0,0,0,0,0,0,8,3,0
145.798,0,8855552,windows,0,500,445,11,0,0,0,0,0,0,8,3,0
145.827,1,8963072,windows,0,500,445,11,0,0,0,0,0,0,8,3,0
146.057,0,8870912,windows,0,500,445,11,0,0,0,0,0,0,8,3,0
146.079,1,8980480,windows,0,500,445,11,0,0,0,0,0,0,8,3,0
146.307,0,8885248,windows,0,500,445,11,0,0,0,0,0,0,8,3,0
146.33,1,8996864,windows,0,500,445,11,0,0,0,0,0,0,8,3,0
146.565,0,8900608,windows,0,500,445,11,0,0,0,0,0,0,8,3,0
146.581,1,9013248,windows,0,500,445,11,0,0,0,0,0,0,8,3,0
146.828,0,8915968,windows,0,500,445,11,0,0,0,0,0,0,8,3,0
146.838,1,9031680,windows,0,500,445,11,0,0,0,0,0,0,8,3,0
147.08,0,8930304,windows,0,500,445,11,0,0,0,0,0,0,8,3,0
147.096,1,9050112,repair,0,500,445,11,0,0,0,0,0,0,8,3,0
147.346,0,8944640,windows,0,500,445,11,0,0,0,0,0,0,8,3,0
147.354,1,9070592,repair,0,500,445,11,0,0,0,0,0,0,8,3,0
147.607,0,8958976,windows,0,500,445,11,0,0,0,0,0,0,8,3,0
147.615,1,9089024,windows,0,500,445,11,0,0,0,0,0,0,8,3,0
147.867,1,9104384,windows,0,500,445,11,0,0,0,0,0,0,8,3,0
147.875,0,8973312,windows,0,500,445,11,0,0,0,0,0,0,8,3,0
148.117,1,9118720,windows,0,500,445,11,0,0,0,0,0,0,8,3,0
148.134,0,8987648,windows,0,500,445,11,0,0,0,0,0,0,8,3,0
148.377,1,9134080,windows,0,500,445,11,0,0,0,0,0,0,8,3,0
148.386,0,9000960,windows,0,500,445,11,0,0,0,0,0,0,8,3,0
148.644,1,9149440,windows,0,500,445,11,0,0,0,0,0,0,8,3,0
148.654,0,9015296,windows,0,500,445,11,0,0,0,0,0,0,8,3,0
148.899,1,9165824,windows,0,500,445,11,0,0,0,0,0,0,8,3,0
148.924,0,9032704,windows,0,500,445,11,0,0,0,0,0,0,8,3,0
149.149,1,9180160,windows,0,500,445,11,0,0,0,0,0,0,8,3,0
149.176,0,9047040,windows,0,500,445,11,0,0,0,0,0,0,8,3,0
149.414,1,9195520,windows,0,500,445,11,0,0,0,0,0,0,8,3,0
149.428,0,9062400,windows,0,500,445,11,0,0,0,0,0,0,8,3,0
149.674,1,9208832,windows,0,500,445,11,0,0,0,0,0,0,8,3,0
149.685,0,9078784,windows,0,500,445,11,0,0,0,0,0,0,8,3,0
149.941,1,9223168,windows,0,500,445,11,0,0,0,0,0,0,8,3,0
149.951,0,9094144,windows,0,500,445,11,0,0,0,0,0,0,8,3,0
150.198,1,9236480,windows,0,500,445,11,0,0,0,0,0,0,8,3,0
150.21,0,9107456,windows,0,500,445,11,0,0,0,0,0,0,8,3,0
150.453,1,9250816,windows,0,500,445,11,0,0,0,0,0,0,8,3,0
150.47,0,9123840,repair,0,500,445,11,0,0,0,0,0,0,8,3,0
150.705,1,9264128,windows,0,500,445,11,0,0,0,0,0,0,8,3,0
150.733,0,9141248,repair,0,500,445,11,0,0,0,0,0,0,8,3,0
150.958,1,9277440,windows,0,500,445,11,0,0,0,0,0,0,8,3,0
150.989,0,9158656,repair,0,500,445,11,0,0,0,0,0,0,8,3,0
151.21,1,9290752,windows,0,500,445,11,0,0,0,0,0,0,8,3,0
151.249,0,9176064,windows,0,500,445,11,0,0,0,0,0,0,8,3,0
151.477,1,9305088,windows,0,500,445,11,0,0,0,0,0,0,8,3,0
151.512,0,9190400,windows,0,500,445,11,0,0,0,0,0,0,8,3,0
151.736,1,9319424,windows,0,500,445,11,0,0,0,0,0,0,8,3,0
151.778,0,9203712,windows,0,500,445,11,0,0,0,0,0,0,8,3,0
152.003,1,9333760,windows,0,500,445,11,0,0,0,0,0,0,8,3,0
152.045,0,9218048,windows,0,500,445,11,0,0,0,0,0,0,8,3,0
152.272,1,9348096,windows,0,500,445,11,0,0,0,0,0,0,8,3,0
152.3,0,9231360,windows,0,500,445,11,0,0,0,0,0,0,8,3,0
152.525,1,9360384,windows,0,500,445,11,0,0,0,0,0,0,8,3,0
152.562,0,9244672,windows,0,500,445,11,0,0,0,0,0,0,8,3,0
152.779,1,9374720,windows,0,500,445,11,0,0,0,0,0,0,8,3,0
152.814,0,9256960,windows,0,500,445,11,0,0,0,0,0,0,8,3,0
153.034,1,9387008,repair,0,500,445,11,0,0,0,0,0,0,8,3,0
153.076,0,9270272,windows,0,500,445,11,0,0,0,0,0,0,8,3,0
153.286,1,9401344,windows,0,500,445,11,0,0,0,0,0,0,8,3,0
153.332,0,9283584,windows,0,500,445,11,0,0,0,0,0,0,8,3,0
153.551,1,9415680,windows,0,500,445,11,0,0,0,0,0,0,8,3,0
153.593,0,9296896,windows,0,500,445,11,0,0,0,0,0,0,8,3,0
153.817,1,9428992,windows,0,500,445,11,0,0,0,0,0,0,8,3,0
153.853,0,9311232,windows,0,500,445,11,0,0,0,0,0,0,8,3,0
154.069,1,9441280,windows,0,500,445,11,0,0,0,0,0,0,8,3,0
154.112,0,9325568,windows,0,500,445,11,0,0,0,0,0,0,8,3,0
154.324,1,9454592,windows,0,500,445,11,0,0,0,0,0,0,8,3,0
154.369,0,9341952,windows,0,500,445,11,0,0,0,0,0,0,8,3,0
154.577,1,9466880,windows,0,500,445,11,0,0,0,0,0,0,8,3,0
154.628,0,9358336,windows,0,500,445,11,0,0,0,0,0,0,8,3,0
154.841,1,9480192,windows,0,500,445,11,0,0,0,0,0,0,8,3,0
154.883,0,9374720,windows,0,500,445,11,0,0,0,0,0,0,8,3,0
155.106,1,9493504,windows,0,500,445,11,0,0,0,0,0,0,8,3,0
155.134,0,9391104,windows,0,500,445,11,0,0,0,0,0,0,8,3,0
155.365,1,9507840,windows,0,500,445,11,0,0,0,0,0,0,8,3,0
155.396,0,9408512,windows,0,500,445,11,0,0,0,0,0,0,8,3,0
155.632,1,9522176,windows,0,500,445,11,0,0,0,0,0,0,8,3,0
155.657,0,9425920,windows,0,500,445,11,0,0,0,0,0,0,8,3,0
155.893,1,9539584,windows,0,500,445,11,0,0,0,0,0,0,8,3,0
155.914,0,9443328,windows,0,500,445,11,0,0,0,0,0,0,8,3,0
156.155,1,9558016,windows,0,500,445,11,0,0,0,0,0,0,8,3,0
156.178,0,9461760,windows,0,500,445,11,0,0,0,0,0,0,8,3,0
156.419,1,9576448,windows,0,500,445,11,0,0,0,0,0,0,8,3,0
156.441,0,9479168,windows,0,500,445,11,0,0,0,0,0,0,8,3,0
156.673,1,9594880,windows,0,500,445,11,0,0,0,0,0,0,8,3,0
156.703,0,9497600,windows,0,500,445,11,0,0,0,0,0,0,8,3,0
156.935,1,9613312,windows,0,500,445,11,0,0,0,0,0,0,8,3,0
156.96,0,9515008,windows,0,500,445,11,0,0,0,0,0,0,8,3,0
157.187,1,9630720,windows,0,500,445,11,0,0,0,0,0,0,8,3,0
157.212,0,9532416,windows,0,500,445,11,0,0,0,0,0,0,8,3,0
157.437,1,9646080,windows,0,500,445,11,0,0,0,0,0,0,8,3,0
157.475,0,9550848,windows,0,500,445,11,0,0,0,0,0,0,8,3,0
157.7,1,9661440,windows,0,500,445,11,0,0,0,0,0,0,8,3,0
157.726,0,9568256,windows,0,500,445,11,0,0,0,0,0,0,8,3,0
157.963,1,9677824,windows,0,500,445,11,0,0,0,0,0,0,8,3,0
157.986,0,9586688,windows,0,500,445,11,0,0,0,0,0,0,8,3,0
158.223,1,9694208,windows,0,500,445,11,0,0,0,0,0,0,8,3,0
158.249,0,9605120,repair,0,500,445,11,0,0,0,0,0,0,8,3,0
158.487,1,9710592,windows,0,500,445,11,0,0,0,0,0,0,8,3,0
158.511,0,9623552,windows,0,500,445,11,0,0,0,0,0,0,8,3,0
158.738,1,9726976,windows,0,500,445,11,0,0,0,0,0,0,8,3,0
158.766,0,9640960,windows,0,500,445,11,0,0,0,0,0,0,8,3,0
158.995,1,9746432,windows,0,500,445,11,0,0,0,0,0,0,8,3,0
159.025,0,9659392,windows,0,500,445,11,0,0,0,0,0,0,8,3,0
159.255,1,9763840,repair,0,500,445,11,0,0,0,0,0,0,8,3,0
159.291,0,9676800,windows,0,500,445,11,0,0,0,0,0,0,8,3,0
159.513,1,9778176,repair,0,500,445,11,0,0,0,0,0,0,8,3,0
159.555,0,9691136,windows,0,500,445,11,0,0,0,0,0,0,8,3,0
159.768,1,9793536,windows,0,500,445,11,0,0,0,0,0,0,8,3,0
159.818,0,9706496,windows,0,500,445,11,0,0,0,0,0,0,8,3,0
160.036,1,9808896,windows,0,500,445,11,0,0,0,0,0,0,8,3,0
160.077,0,9720832,windows,0,500,445,11,0,0,0,0,0,0,8,3,0
160.3,1,9824256,windows,0,500,445,11,0,0,0,0,0,0,8,3,0
160.343,0,9736192,windows,0,500,445,11,0,0,0,0,0,0,8,3,0
160.559,1,9839616,windows,0,500,445,11,0,0,0,0,0,0,8,3,0
160.601,0,9750528,windows,0,500,445,11,0,0,0,0,0,0,8,3,0
160.824,1,9854976,windows,0,500,445,11,0,0,0,0,0,0,8,3,0
160.857,0,9765888,windows,0,500,445,11,0,0,0,0,0,0,8,3,0
161.084,1,9869312,windows,0,500,445,11,0,0,0,0,0,0,8,3,0
161.107,0,9780224,windows,0,500,445,11,0,0,0,0,0,0,8,3,0
161.344,1,9883648,windows,0,500,445,11,0,0,0,0,0,0,8,3,0
161.371,0,9795584,windows,0,500,445,11,0,0,0,0,0,0,8,3,0
161.61,1,9897984,windows,0,500,445,11,0,0,0,0,0,0,8,3,0
161.628,0,9810944,windows,0,500,445,11,0,0,0,0,0,0,8,3,0
161.864,1,9912320,windows,0,500,445,11,0,0,0,0,0,0,8,3,0
161.881,0,9826304,windows,0,500,445,11,0,0,0,0,0,0,8,3,0
162.128,1,9926656,windows,0,500,445,11,0,0,0,0,0,0,8,3,0
162.139,0,9841664,windows,0,500,445,11,0,0,0,0,0,0,8,3,0
162.392,1,9939968,windows,0,500,445,11,0,0,0,0,0,0,8,3,0
162.404,0,9857024,windows,0,500,445,11,0,0,0,0,0,0,8,3,0
162.662,1,9954304,windows,0,500,445,11,0,0,0,0,0,0,8,3,0
162.666,0,9872384,windows,0,500,445,11,0,0,0,0,0,0,8,3,0
162.922,0,9887744,windows,0,500,445,11,0,0,0,0,0,0,8,3,0
162.927,1,9968640,windows,0,500,445,11,0,0,0,0,0,0,8,3,0
163.183,0,9903104,windows,0,500,445,11,0,0,0,0,0,0,8,3,0
163.186,1,9982976,windows,0,500,445,11,0,0,0,0,0,0,8,3,0
163.437,1,9997312,windows,0,500,445,11,0,0,0,0,0,0,8,3,0
163.445,0,9918464,repair,0,500,445,11,0,0,0,0,0,0,8,3,0
163.704,1,10012672,windows,0,500,445,11,0,0,0,0,0,0,8,3,0
163.71,0,9934848,repair,0,500,445,11,0,0,0,0,0,0,8,3,0
163.968,1,10028032,windows,0,500,445,11,0,0,0,0,0,0,8,3,0
163.97,0,9950208,windows,0,500,445,11,0,0,0,0,0,0,8,3,0
164.229,1,10043392,windows,0,500,445,11,0,0,0,0,0,0,8,3,0
164.232,0,9966592,windows,0,500,445,11,0,0,0,0,0,0,8,3,0
164.486,0,9980928,windows,0,500,445,11,0,0,0,0,0,0,8,3,0
164.498,1,10058752,windows,0,500,445,11,0,0,0,0,0,0,8,3,0
164.748,0,9996288,windows,0,500,445,11,0,0,0,0,0,0,8,3,0
164.755,1,10075136,windows,0,500,445,11,0,0,0,0,0,0,8,3,0
165.002,0,10011648,windows,0,500,445,11,0,0,0,0,0,0,8,3,0
165.006,1,10093568,windows,0,500,445,11,0,0,0,0,0,0,8,3,0
165.253,0,10027008,windows,0,500,445,11,0,0,0,0,0,0,8,3,0
165.268,1,10112000,windows,0,500,445,11,0,0,0,0,0,0,8,3,0
165.507,0,10041344,windows,0,500,445,11,0,0,0,0,0,0,8,3,0
165.521,1,10128384,repair,0,500,445,11,0,0,0,0,0,0,8,3,0
165.775,0,10056704,windows,0,500,445,11,0,0,0,0,0,0,8,3,0
165.776,1,10147840,repair,0,500,445,11,0,0,0,0,0,0,8,3,0
166.035,0,10072064,windows,0,500,445,11,0,0,0,0,0,0,8,3,0
166.036,1,10169344,repair,0,500,445,11,0,0,0,0,0,0,8,3,0
166.288,1,10191872,repair,0,500,445,11,0,0,0,0,0,0,8,3,0
166.291,0,10086400,windows,0,500,445,11,0,0,0,0,0,0,8,3,0
166.541,1,10210304,windows,0,500,445,11,0,0,0,0,0,0,8,3,0
166.547,0,10101760,windows,0,500,445,11,0,0,0,0,0,0,8,3,0
166.792,1,10228736,windows,0,500,445,11,0,0,0,0,0,0,8,3,0
166.798,0,10117120,windows,0,500,445,11,0,0,0,0,0,0,8,3,0
167.056,1,10245120,windows,0,500,445,11,0,0,0,0,0,0,8,3,0
167.06,0,10132480,windows,0,500,445,11,0,0,0,0,0,0,8,3,0
167.314,0,10147840,windows,0,500,445,11,0,0,0,0,0,0,8,3,0
167.318,1,10259456,windows,0,500,445,11,0,0,0,0,0,0,8,3,0
167.571,1,10272768,windows,0,500,445,11,0,0,0,0,0,0,8,3,0
167.576,0,10163200,windows,0,500,445,11,0,0,0,0,0,0,8,3,0
167.829,1,10287104,windows,0,500,445,11,0,0,0,0,0,0,8,3,0
167.839,0,10178560,windows,0,500,445,11,0,0,0,0,0,0,8,3,0
168.089,1,10301440,windows,0,500,445,11,0,0,0,0,0,0,8,3,0
168.093,0,10192896,windows,0,500,445,11,0,0,0,0,0,0,8,3,0
168.341,1,10315776,windows,0,500,445,11,0,0,0,0,0,0,8,3,0
168.347,0,10207232,windows,0,500,445,11,0,0,0,0,0,0,8,3,0
168.597,1,10329088,windows,0,500,445,11,0,0,0,0,0,0,8,3,0
168.609,0,10221568,windows,0,500,445,11,0,0,0,0,0,0,8,3,0
168.853,1,10343424,windows,0,500,445,11,0,0,0,0,0,0,8,3,0
168.861,0,10236928,windows,0,500,445,11,0,0,0,0,0,0,8,3,0
169.108,1,10357760,windows,0,500,445,11,0,0,0,0,0,0,8,3,0
169.112,0,10252288,windows,0,500,445,11,0,0,0,0,0,0,8,3,0
169.374,1,10373120,windows,0,500,445,11,0,0,0,0,0,0,8,3,0
169.38,0,10267648,repair,0,500,445,11,0,0,0,0,0,0,8,3,0
169.633,1,10387456,windows,0,500,445,11,0,0,0,0,0,0,8,3,0
169.638,0,10283008,repair,0,500,445,11,0,0,0,0,0,0,8,3,0
169.892,1,10401792,windows,0,500,445,11,0,0,0,0,0,0,8,3,0
169.902,0,10298368,repair,0,500,445,11,0,0,0,0,0,0,8,3,0
170.152,1,10416128,windows,0,500,445,11,0,0,0,0,0,0,8,3,0
170.157,0,10312704,repair,0,500,445,11,0,0,0,0,0,0,8,3,0
170.405,1,10430464,windows,0,500,445,11,0,0,0,0,0,0,8,3,0
170.419,0,10327040,windows,0,500,445,11,0,0,0,0,0,0,8,3,0
170.659,1,10444800,windows,0,500,445,11,0,0,0,0,0,0,8,3,0
170.678,0,10342400,windows,0,500,445,11,0,0,0,0,0,0,8,3,0
170.915,1,10459136,windows,0,500,445,11,0,0,0,0,0,0,8,3,0
170.929,0,10355712,windows,0,500,445,11,0,0,0,0,0,0,8,3,0
171.18,1,10474496,windows,0,500,445,11,0,0,0,0,0,0,8,3,0
171.192,0,10371072,windows,0,500,445,11,0,0,0,0,0,0,8,3,0
171.44,1,10489856,windows,0,500,445,11,0,0,0,0,0,0,8,3,0
171.456,0,10385408,windows,0,500,445,11,0,0,0,0,0,0,8,3,0
171.701,1,10505216,windows,0,500,445,11,0,0,0,0,0,0,8,3,0
171.725,0,10399744,windows,0,500,445,11,0,0,0,0,0,0,8,3,0
171.967,1,10520576,windows,0,500,445,11,0,0,0,0,0,0,8,3,0
171.99,0,10414080,windows,0,500,445,11,0,0,0,0,0,0,8,3,0
172.229,1,10535936,windows,0,500,445,11,0,0,0,0,0,0,8,3,0
172.252,0,10431488,windows,0,500,445,11,0,0,0,0,0,0,8,3,0
172.48,1,10550272,windows,0,500,445,11,0,0,0,0,0,0,8,3,0
172.508,0,10448896,windows,0,500,445,11,0,0,0,0,0,0,8,3,0
172.732,1,10565632,windows,0,500,445,11,0,0,0,0,0,0,8,3,0
172.772,0,10466304,windows,0,500,445,11,0,0,0,0,0,0,8,3,0
172.994,1,10579968,windows,0,500,445,11,0,0,0,0,0,0,8,3,0
173.035,0,10482688,windows,0,500,445,11,0,0,0,0,0,0,8,3,0
173.246,1,10594304,windows,0,500,445,11,0,0,0,0,0,0,8,3,0
173.295,0,10500096,windows,0,500,445,11,0,0,0,0,0,0,8,3,0
173.5,1,10608640,windows,0,500,445,11,0,0,0,0,0,0,8,3,0
173.556,0,10517504,windows,0,500,445,11,0,0,0,0,0,0,8,3,0
173.756,1,10625024,windows,0,500,445,11,0,0,0,0,0,0,8,3,0
173.806,0,10531840,windows,0,500,445,11,0,0,0,0,0,0,8,3,0
174.013,1,10641408,windows,0,500,445,11,0,0,0,0,0,0,8,3,0
174.069,0,10547200,windows,0,500,445,11,0,0,0,0,0,0,8,3,0
174.27,1,10657792,windows,0,500,445,11,0,0,0,0,0,0,8,3,0
174.331,0,10563584,windows,0,500,445,11,0,0,0,0,0,0,8,3,0
174.524,1,10674176,windows,0,500,445,11,0,0,0,0,0,0,8,3,0
174.592,0,10582016,windows,0,500,445,11,0,0,0,0,0,0,8,3,0
174.784,1,10691584,windows,0,500,445,11,0,0,0,0,0,0,8,3,0
174.843,0,10599424,windows,0,500,445,11,0,0,0,0,0,0,8,3,0
175.034,1,10707968,repair,0,500,445,11,0,0,0,0,0,0,8,3,0
175.095,0,10616832,windows,0,500,445,11,0,0,0,0,0,0,8,3,0
175.29,1,10723328,repair,0,500,445,11,0,0,0,0,0,0,8,3,0
175.354,0,10635264,windows,0,500,445,11,0,0,0,0,0,0,8,3,0
175.545,1,10738688,repair,0,500,445,11,0,0,0,0,0,0,8,3,0
175.614,0,10653696,windows,0,500,445,11,0,0,0,0,0,0,8,3,0
175.796,1,10756096,windows,0,500,445,11,0,0,0,0,0,0,8,3,0
175.87,0,10672128,windows,0,500,445,11,0,0,0,0,0,0,8,3,0
176.049,1,10769408,windows,0,500,445,11,0,0,0,0,0,0,8,3,0
176.134,0,10691584,windows,0,500,445,11,0,0,0,0,0,0,8,3,0
176.307,1,10784768,windows,0,500,445,11,0,0,0,0,0,0,8,3,0
176.387,0,10707968,windows,0,500,445,11,0,0,0,0,0,0,8,3,0
176.57,1,10799104,windows,0,500,445,11,0,0,0,0,0,0,8,3,0
176.645,0,10723328,repair,0,500,445,11,0,0,0,0,0,0,8,3,0
176.83,1,10813440,windows,0,500,445,11,0,0,0,0,0,0,8,3,0
176.903,0,10740736,repair,0,500,445,11,0,0,0,0,0,0,8,3,0
177.092,1,10827776,windows,0,500,445,11,0,0,0,0,0,0,8,3,0
177.156,0,10759168,windows,0,500,445,11,0,0,0,0,0,0,8,3,0
177.356,1,10843136,windows,0,500,445,11,0,0,0,0,0,0,8,3,0
177.412,0,10776576,windows,0,500,445,11,0,0,0,0,0,0,8,3,0
177.611,1,10857472,windows,0,500,445,11,0,0,0,0,0,0,8,3,0
177.669,0,10792960,windows,0,500,445,11,0,0,0,0,0,0,8,3,0
177.878,1,10872832,windows,0,500,445,11,0,0,0,0,0,0,8,3,0
177.923,0,10810368,windows,0,500,445,11,0,0,0,0,0,0,8,3,0
178.131,1,10887168,windows,0,500,445,11,0,0,0,0,0,0,8,3,0
178.181,0,10827776,windows,0,500,445,11,0,0,0,0,0,0,8,3,0
178.385,1,10901504,windows,0,500,445,11,0,0,0,0,0,0,8,3,0
178.432,0,10844160,windows,0,500,445,11,0,0,0,0,0,0,8,3,0
178.639,1,10914816,windows,0,500,445,11,0,0,0,0,0,0,8,3,0
178.694,0,10861568,windows,0,500,445,11,0,0,0,0,0,0,8,3,0
178.902,1,10928128,windows,0,500,445,11,0,0,0,0,0,0,8,3,0
178.956,0,10878976,windows,0,500,445,11,0,0,0,0,0,0,8,3,0
179.157,1,10941440,windows,0,500,445,11,0,0,0,0,0,0,8,3,0
179.221,0,10895360,windows,0,500,445,11,0,0,0,0,0,0,8,3,0
179.421,1,10955776,windows,0,500,445,11,0,0,0,0,0,0,8,3,0
179.481,0,10912768,windows,0,500,445,11,0,0,0,0,0,0,8,3,0
179.69,1,10970112,windows,0,500,445,11,0,0,0,0,0,0,8,3,0
179.738,0,10930176,windows,0,500,445,11,0,0,0,0,0,0,8,3,0
179.952,1,10984448,windows,0,500,445,11,0,0,0,0,0,0,8,3,0
180.001,0,10947584,windows,0,500,445,11,0,0,0,0,0,0,8,3,0
180.218,1,10999808,repair,0,500,445,11,0,0,0,0,0,0,8,3,0
180.266,0,10966016,windows,0,500,445,11,0,0,0,0,0,0,8,3,0
180.482,1,11016192,windows,0,500,445,11,0,0,0,0,0,0,8,3,0
180.52,0,10984448,windows,0,500,445,11,0,0,0,0,0,0,8,3,0
180.733,1,11031552,windows,0,500,445,11,0,0,0,0,0,0,8,3,0
180.782,0,11003904,windows,0,500,445,11,0,0,0,0,0,0,8,3,0
180.983,1,11045888,windows,0,500,445,11,0,0,0,0,0,0,8,3,0
181.033,0,11022336,windows,0,500,445,11,0,0,0,0,0,0,8,3,0
181.246,1,11061248,windows,0,500,445,11,0,0,0,0,0,0,8,3,0
181.283,0,11040768,windows,0,500,445,11,0,0,0,0,0,0,8,3,0
181.502,1,11076608,windows,0,500,445,11,0,0,0,0,0,0,8,3,0
181.536,0,11059200,windows,0,500,445,11,0,0,0,0,0,0,8,3,0
181.753,1,11091968,windows,0,500,445,11,0,0,0,0,0,0,8,3,0
181.791,0,11077632,windows,0,500,445,11,0,0,0,0,0,0,8,3,0
182.008,1,11106304,windows,0,500,445,11,0,0,0,0,0,0,8,3,0
182.048,0,11096064,repair,0,500,445,11,0,0,0,0,0,0,8,3,0
182.261,1,11120640,windows,0,500,445,11,0,0,0,0,0,0,8,3,0
182.326,0,11112448,windows,0,500,445,11,0,0,0,0,0,0,8,3,0
182.512,1,11134976,windows,0,500,445,11,0,0,0,0,0,0,8,3,0
182.582,0,11128832,windows,0,500,445,11,0,0,0,0,0,0,8,3,0
182.778,1,11150336,windows,0,500,445,11,0,0,0,0,0,0,8,3,0
182.848,0,11145216,windows,0,500,445,11,0,0,0,0,0,0,8,3,0
183.04,1,11165696,windows,0,500,445,11,0,0,0,0,0,0,8,3,0
183.115,0,11160576,windows,0,500,445,11,0,0,0,0,0,0,8,3,0
183.303,1,11181056,windows,0,500,445,11,0,0,0,0,0,0,8,3,0
183.373,0,11175936,windows,0,500,445,11,0,0,0,0,0,0,8,3,0
183.554,1,11195392,windows,0,500,445,11,0,0,0,0,0,0,8,3,0
183.638,0,11190272,windows,0,500,445,11,0,0,0,0,0,0,8,3,0
183.813,1,11210752,windows,0,500,445,11,0,0,0,0,0,0,8,3,0
183.894,0,11205632,windows,0,500,445,11,0,0,0,0,0,0,8,3,0
184.081,1,11226112,windows,0,500,445,11,0,0,0,0,0,0,8,3,0
184.152,0,11220992,windows,0,500,445,11,0,0,0,0,0,0,8,3,0
184.333,1,11241472,windows,0,500,445,11,0,0,0,0,0,0,8,3,0
184.418,0,11237376,windows,0,500,445,11,0,0,0,0,0,0,8,3,0
184.586,1,11255808,windows,0,500,445,11,0,0,0,0,0,0,8,3,0
184.681,0,11252736,windows,0,500,445,11,0,0,0,0,0,0,8,3,0
184.843,1,11271168,windows,0,500,445,11,0,0,0,0,0,0,8,3,0
184.937,0,11268096,windows,0,500,445,11,0,0,0,0,0,0,8,3,0
185.096,1,11287552,windows,0,500,445,11,0,0,0,0,0,0,8,3,0
185.189,0,11283456,windows,0,500,445,11,0,0,0,0,0,0,8,3,0
185.351,1,11303936,windows,0,500,445,11,0,0,0,0,0,0,8,3,0
185.453,0,11298816,windows,0,500,445,11,0,0,0,0,0,0,8,3,0
185.605,1,11319296,windows,0,500,445,11,0,0,0,0,0,0,8,3,0
185.715,0,11315200,windows,0,500,445,11,0,0,0,0,0,0,8,3,0
185.855,1,11334656,windows,0,500,445,11,0,0,0,0,0,0,8,3,0
185.975,0,11330560,windows,0,500,445,11,0,0,0,0,0,0,8,3,0
186.111,1,11350016,windows,0,500,445,11,0,0,0,0,0,0,8,3,0
186.235,0,11345920,windows,0,500,445,11,0,0,0,0,0,0,8,3,0
186.362,1,11365376,windows,0,500,445,11,0,0,0,0,0,0,8,3,0
186.492,0,11361280,windows,0,500,445,11,0,0,0,0,0,0,8,3,0
186.618,1,11379712,repair,0,500,445,11,0,0,0,0,0,0,8,3,0
186.744,0,11376640,windows,0,500,445,11,0,0,0,0,0,0,8,3,0
186.882,1,11396096,repair,0,500,445,11,0,0,0,0,0,0,8,3,0
187.003,0,11390976,repair,0,500,445,11,0,0,0,0,0,0,8,3,0
187.142,1,11411456,windows,0,500,445,11,0,0,0,0,0,0,8,3,0
187.255,0,11406336,repair,0,500,445,11,0,0,0,0,0,0,8,3,0
187.397,1,11426816,windows,0,500,445,11,0,0,0,0,0,0,8,3,0
187.511,0,11422720,windows,0,500,445,11,0,0,0,0,0,0,8,3,0
187.655,1,11441152,windows,0,500,445,11,0,0,0,0,0,0,8,3,0
187.764,0,11437056,windows,0,500,445,11,0,0,0,0,0,0,8,3,0
187.91,1,11455488,windows,0,500,445,11,0,0,0,0,0,0,8,3,0
188.018,0,11451392,windows,0,500,445,11,0,0,0,0,0,0,8,3,0
188.168,1,11469824,windows,0,500,445,11,0,0,0,0,0,0,8,3,0
188.278,0,11465728,windows,0,500,445,11,0,0,0,0,0,0,8,3,0
188.43,1,11484160,windows,0,500,445,11,0,0,0,0,0,0,8,3,0
188.532,0,11481088,windows,0,500,445,11,0,0,0,0,0,0,8,3,0
188.691,1,11498496,windows,0,500,445,11,0,0,0,0,0,0,8,3,0
188.782,0,11496448,windows,0,500,445,11,0,0,0,0,0,0,8,3,0
188.946,1,11511808,windows,0,500,445,11,0,0,0,0,0,0,8,3,0
189.043,0,11512832,windows,0,500,445,11,0,0,0,0,0,0,8,3,0
189.205,1,11526144,windows,0,500,445,11,0,0,0,0,0,0,8,3,0
189.295,0,11528192,windows,0,500,445,11,0,0,0,0,0,0,8,3,0
189.474,1,11543552,windows,0,500,445,11,0,0,0,0,0,0,8,3,0
189.558,0,11544576,windows,0,500,445,11,0,0,0,0,0,0,8,3,0
189.733,1,11561984,windows,0,500,445,11,0,0,0,0,0,0,8,3,0
189.823,0,11561984,windows,0,500,445,11,0,0,0,0,0,0,8,3,0
189.989,1,11579392,windows,0,500,445,11,0,0,0,0,0,0,8,3,0
190.085,0,11578368,windows,0,500,445,11,0,0,0,0,0,0,8,3,0
190.243,1,11596800,windows,0,500,445,11,0,0,0,0,0,0,8,3,0
190.341,0,11593728,windows,0,500,445,11,0,0,0,0,0,0,8,3,0
190.504,1,11610112,windows,0,500,445,11,0,0,0,0,0,0,8,3,0
190.607,0,11611136,windows,0,500,445,11,0,0,0,0,0,0,8,3,0
190.758,1,11623424,windows,0,500,445,11,0,0,0,0,0,0,8,3,0
190.869,0,11627520,windows,0,500,445,11,0,0,0,0,0,0,8,3,0
191.008,1,11636736,windows,0,500,445,11,0,0,0,0,0,0,8,3,0
191.125,0,11643904,windows,0,500,445,11,0,0,0,0,0,0,8,3,0
191.259,1,11651072,windows,0,500,445,11,0,0,0,0,0,0,8,3,0
191.384,0,11660288,windows,0,500,445,11,0,0,0,0,0,0,8,3,0
191.51,1,11664384,windows,0,500,445,11,0,0,0,0,0,0,8,3,0
191.642,0,11678720,windows,0,500,445,11,0,0,0,0,0,0,8,3,0
191.773,1,11679744,windows,0,500,445,11,0,0,0,0,0,0,8,3,0
191.901,0,11697152,repair,0,500,445,11,0,0,0,0,0,0,8,3,0
192.042,1,11695104,windows,0,500,445,11,0,0,0,0,0,0,8,3,0
192.155,0,11715584,windows,0,500,445,11,0,0,0,0,0,0,8,3,0
192.301,1,11709440,windows,0,500,445,11,0,0,0,0,0,0,8,3,0
192.418,0,11732992,windows,0,500,445,11,0,0,0,0,0,0,8,3,0
192.556,1,11723776,windows,0,500,445,11,0,0,0,0,0,0,8,3,0
192.677,0,11750400,windows,0,500,445,11,0,0,0,0,0,0,8,3,0
192.821,1,11739136,windows,0,500,445,11,0,0,0,0,0,0,8,3,0
192.94,0,11767808,windows,0,500,445,11,0,0,0,0,0,0,8,3,0
193.087,1,11753472,windows,0,500,445,11,0,0,0,0,0,0,8,3,0
193.201,0,11784192,windows,0,500,445,11,0,0,0,0,0,0,8,3,0
193.347,1,11767808,windows,0,500,445,11,0,0,0,0,0,0,8,3,0
193.463,0,11800576,windows,0,500,445,11,0,0,0,0,0,0,8,3,0
193.616,1,11783168,windows,0,500,445,11,0,0,0,0,0,0,8,3,0
193.714,0,11815936,windows,0,500,445,11,0,0,0,0,0,0,8,3,0
193.881,1,11798528,windows,0,500,445,11,0,0,0,0,0,0,8,3,0
193.976,0,11832320,windows,0,500,445,11,0,0,0,0,0,0,8,3,0
194.14,1,11813888,windows,0,500,445,11,0,0,0,0,0,0,8,3,0
194.238,0,11849728,windows,0,500,445,11,0,0,0,0,0,0,8,3,0
194.391,1,11828224,repair,0,500,445,11,0,0,0,0,0,0,8,3,0
194.491,0,11865088,windows,0,500,445,11,0,0,0,0,0,0,8,3,0
194.645,1,11842560,repair,0,500,445,11,0,0,0,0,0,0,8,3,0
194.75,0,11882496,windows,0,500,445,11,0,0,0,0,0,0,8,3,0
194.908,1,11857920,repair,0,500,445,11,0,0,0,0,0,0,8,3,0
195.003,0,11898880,windows,0,500,445,11,0,0,0,0,0,0,8,3,0
195.174,1,11875328,repair,0,500,445,11,0,0,0,0,0,0,8,3,0
195.255,0,11915264,windows,0,500,445,11,0,0,0,0,0,0,8,3,0
195.436,1,11889664,windows,0,500,445,11,0,0,0,0,0,0,8,3,0
195.515,0,11932672,windows,0,500,445,11,0,0,0,0,0,0,8,3,0
195.689,1,11904000,windows,0,500,445,11,0,0,0,0,0,0,8,3,0
195.777,0,11950080,windows,0,500,445,11,0,0,0,0,0,0,8,3,0
195.955,1,11918336,windows,0,500,445,11,0,0,0,0,0,0,8,3,0
196.038,0,11968512,windows,0,500,445,11,0,0,0,0,0,0,8,3,0
196.219,1,11932672,windows,0,500,445,11,0,0,0,0,0,0,8,3,0
196.297,0,11986944,windows,0,500,445,11,0,0,0,0,0,0,8,3,0
196.473,1,11945984,windows,0,500,445,11,0,0,0,0,0,0,8,3,0
196.551,0,12004352,windows,0,500,445,11,0,0,0,0,0,0,8,3,0
196.728,1,11959296,windows,0,500,445,11,0,0,0,0,0,0,8,3,0
196.803,0,12021760,windows,0,500,445,11,0,0,0,0,0,0,8,3,0
196.982,1,11973632,windows,0,500,445,11,0,0,0,0,0,0,8,3,0
197.067,0,12039168,windows,0,500,445,11,0,0,0,0,0,0,8,3,0
197.244,1,11990016,windows,0,500,445,11,0,0,0,0,0,0,8,3,0
197.327,0,12056576,windows,0,500,445,11,0,0,0,0,0,0,8,3,0
197.497,1,12005376,windows,0,500,445,11,0,0,0,0,0,0,8,3,0
197.581,0,12073984,windows,0,500,445,11,0,0,0,0,0,0,8,3,0
197.753,1,12019712,windows,0,500,445,11,0,0,0,0,0,0,8,3,0
197.839,0,12092416,windows,0,500,445,11,0,0,0,0,0,0,8,3,0
198.006,1,12033024,windows,0,500,445,11,0,0,0,0,0,0,8,3,0
198.091,0,12110848,windows,0,500,445,11,0,0,0,0,0,0,8,3,0
198.275,1,12047360,windows,0,500,445,11,0,0,0,0,0,0,8,3,0
198.351,0,12129280,windows,0,500,445,11,0,0,0,0,0,0,8,3,0
198.529,1,12060672,windows,0,500,445,11,0,0,0,0,0,0,8,3,0
198.612,0,12147712,windows,0,500,445,11,0,0,0,0,0,0,8,3,0
198.784,1,12075008,windows,0,500,445,11,0,0,0,0,0,0,8,3,0
198.864,0,12165120,repair,0,500,445,11,0,0,0,0,0,0,8,3,0
199.035,1,12089344,windows,0,500,445,11,0,0,0,0,0,0,8,3,0
199.126,0,12183552,repair,0,500,445,11,0,0,0,0,0,0,8,3,0
199.302,1,12104704,windows,0,500,445,11,0,0,0,0,0,0,8,3,0
199.384,0,12199936,repair,0,500,445,11,0,0,0,0,0,0,8,3,0
199.552,1,12119040,windows,0,500,445,11,0,0,0,0,0,0,8,3,0
199.636,0,12214272,windows,0,500,445,11,0,0,0,0,0,0,8,3,0
199.807,1,12133376,windows,0,500,445,11,0,0,0,0,0,0,8,3,0
199.887,0,12228608,windows,0,500,445,11,0,0,0,0,0,0,8,3,0
200.073,1,12148736,windows,0,500,445,11,0,0,0,0,0,0,8,3,0
200.155,0,12243968,windows,0,500,445,11,0,0,0,0,0,0,8,3,0
200.326,1,12163072,windows,0,500,445,11,0,0,0,0,0,0,8,3,0
200.418,0,12258304,windows,0,500,445,11,0,0,0,0,0,0,8,3,0
200.588,1,12177408,windows,0,500,445,11,0,0,0,0,0,0,8,3,0
200.685,0,12272640,windows,0,500,445,11,0,0,0,0,0,0,8,3,0
200.843,1,12191744,windows,0,500,445,11,0,0,0,0,0,0,8,3,0
200.943,0,12286976,windows,0,500,445,11,0,0,0,0,0,0,8,3,0
201.093,1,12207104,windows,0,500,445,11,0,0,0,0,0,0,8,3,0
201.197,0,12301312,windows,0,500,445,11,0,0,0,0,0,0,8,3,0
201.362,1,12222464,repair,0,500,445,11,0,0,0,0,0,0,8,3,0
201.449,0,12316672,windows,0,500,445,11,0,0,0,0,0,0,8,3,0
201.615,1,12237824,repair,0,500,445,11,0,0,0,0,0,0,8,3,0
201.699,0,12333056,windows,0,500,445,11,0,0,0,0,0,0,8,3,0
201.866,1,12253184,repair,0,500,445,11,0,0,0,0,0,0,8,3,0
201.95,0,12350464,windows,0,500,445,11,0,0,0,0,0,0,8,3,0
202.118,1,12269568,repair,0,500,445,11,0,0,0,0,0,0,8,3,0
202.204,0,12364800,windows,0,500,445,11,0,0,0,0,0,0,8,3,0
202.376,1,12285952,windows,0,500,445,11,0,0,0,0,0,0,8,3,0
202.461,0,12379136,windows,0,500,445,11,0,0,0,0,0,0,8,3,0
202.638,1,12301312,windows,0,500,445,11,0,0,0,0,0,0,8,3,0
202.711,0,12392448,windows,0,500,445,11,0,0,0,0,0,0,8,3,0
202.894,1,12316672,windows,0,500,445,11,0,0,0,0,0,0,8,3,0
202.966,0,12409856,windows,0,500,445,11,0,0,0,0,0,0,8,3,0
203.149,1,12331008,windows,0,500,445,11,0,0,0,0,0,0,8,3,0
203.23,0,12425216,windows,0,500,445,11,0,0,0,0,0,0,8,3,0
203.413,1,12346368,windows,0,500,445,11,0,0,0,0,0,0,8,3,0
203.494,0,12439552,windows,0,500,445,11,0,0,0,0,0,0,8,3,0
203.665,1,12360704,windows,0,500,445,11,0,0,0,0,0,0,8,3,0
203.745,0,12453888,windows,0,500,445,11,0,0,0,0,0,0,8,3,0
203.921,1,12374016,windows,0,500,445,11,0,0,0,0,0,0,8,3,0
203.997,0,12468224,windows,0,500,445,11,0,0,0,0,0,0,8,3,0
204.174,1,12389376,windows,0,500,445,11,0,0,0,0,0,0,8,3,0
204.26,0,12483584,windows,0,500,445,11,0,0,0,0,0,0,8,3,0
204.435,1,12404736,windows,0,500,445,11,0,0,0,0,0,0,8,3,0
204.513,0,12497920,windows,0,500,445,11,0,0,0,0,0,0,8,3,0
204.7,1,12420096,windows,0,500,445,11,0,0,0,0,0,0,8,3,0
204.777,0,12513280,windows,0,500,445,11,0,0,0,0,0,0,8,3,0
204.964,1,12435456,windows,0,500,445,11,0,0,0,0,0,0,8,3,0
205.044,0,12528640,windows,0,500,445,11,0,0,0,0,0,0,8,3,0
205.217,1,12450816,windows,0,500,445,11,0,0,0,0,0,0,8,3,0
205.303,0,12544000,windows,0,500,445,11,0,0,0,0,0,0,8,3,0
205.481,1,12468224,windows,0,500,445,11,0,0,0,0,0,0,8,3,0
205.565,0,12561408,windows,0,500,445,11,0,0,0,0,0,0,8,3,0
205.731,1,12487680,windows,0,500,445,11,0,0,0,0,0,0,8,3,0
205.828,0,12580864,windows,0,500,445,11,0,0,0,0,0,0,8,3,0
205.983,1,12508160,windows,0,500,445,11,0,0,0,0,0,0,8,3,0
206.08,0,12595200,windows,0,500,445,11,0,0,0,0,0,0,8,3,0
206.236,1,12527616,windows,0,500,445,11,0,0,0,0,0,0,8,3,0
206.344,0,12610560,windows,0,500,445,11,0,0,0,0,0,0,8,3,0
206.497,1,12548096,windows,0,500,445,11,0,0,0,0,0,0,8,3,0
206.613,0,12624896,repair,0,500,445,11,0,0,0,0,0,0,8,3,0
206.753,1,12568576,windows,0,500,445,11,0,0,0,0,0,0,8,3,0
206.867,0,12639232,repair,0,500,445,11,0,0,0,0,0,0,8,3,0
207.017,1,12584960,windows,0,500,445,11,0,0,0,0,0,0,8,3,0
207.137,0,12655616,windows,0,500,445,11,0,0,0,0,0,0,8,3,0
207.276,1,12600320,windows,0,500,445,11,0,0,0,0,0,0,8,3,0
207.405,0,12670976,windows,0,500,445,11,0,0,0,0,0,0,8,3,0
207.534,1,12615680,windows,0,500,445,11,0,0,0,0,0,0,8,3,0
207.672,0,12685312,windows,0,500,445,11,0,0,0,0,0,0,8,3,0
207.795,1,12632064,windows,0,500,445,11,0,0,0,0,0,0,8,3,0
207.935,0,12699648,windows,0,500,445,11,0,0,0,0,0,0,8,3,0
208.047,1,12648448,windows,0,500,445,11,0,0,0,0,0,0,8,3,0
208.198,0,12713984,windows,0,500,445,11,0,0,0,0,0,0,8,3,0
208.31,1,12664832,repair,0,500,445,11,0,0,0,0,0,0,8,3,0
208.455,0,12728320,windows,0,500,445,11,0,0,0,0,0,0,8,3,0
208.565,1,12680192,repair,0,500,445,11,0,0,0,0,0,0,8,3,0
208.719,0,12742656,windows,0,500,445,11,0,0,0,0,0,0,8,3,0
208.819,1,12696576,repair,0,500,445,11,0,0,0,0,0,0,8,3,0
208.972,0,12756992,windows,0,500,445,11,0,0,0,0,0,0,8,3,0
209.086,1,12711936,windows,0,500,445,11,0,0,0,0,0,0,8,3,0
209.231,0,12773376,windows,0,500,445,11,0,0,0,0,0,0,8,3,0
209.346,1,12726272,windows,0,500,445,11,0,0,0,0,0,0,8,3,0
209.495,0,12789760,windows,0,500,445,11,0,0,0,0,0,0,8,3,0
209.602,1,12739584,windows,0,500,445,11,0,0,0,0,0,0,8,3,0
209.762,0,12807168,windows,0,500,445,11,0,0,0,0,0,0,8,3,0
209.853,1,12753920,windows,0,500,445,11,0,0,0,0,0,0,8,3,0
210.023,0,12824576,windows,0,500,445,11,0,0,0,0,0,0,8,3,0
210.118,1,12768256,windows,0,500,445,11,0,0,0,0,0,0,8,3,0
210.287,0,12841984,windows,0,500,445,11,0,0,0,0,0,0,8,3,0
210.384,1,12782592,windows,0,500,445,11,0,0,0,0,0,0,8,3,0
210.552,0,12858368,windows,0,500,445,11,0,0,0,0,0,0,8,3,0
210.64,1,12796928,windows,0,500,445,11,0,0,0,0,0,0,8,3,0
210.803,0,12874752,windows,0,500,445,11,0,0,0,0,0,0,8,3,0
210.902,1,12811264,windows,0,500,445,11,0,0,0,0,0,0,8,3,0
211.066,0,12892160,windows,0,500,445,11,0,0,0,0,0,0,8,3,0
211.166,1,12828672,windows,0,500,445,11,0,0,0,0,0,0,8,3,0
211.323,0,12908544,windows,0,500,445,11,0,0,0,0,0,0,8,3,0
211.42,1,12844032,windows,0,500,445,11,0,0,0,0,0,0,8,3,0
211.591,0,12923904,windows,0,500,445,11,0,0,0,0,0,0,8,3,0
211.676,1,12858368,windows,0,500,445,11,0,0,0,0,0,0,8,3,0
211.847,0,12938240,windows,0,500,445,11,0,0,0,0,0,0,8,3,0
211.938,1,12872704,windows,0,500,445,11,0,0,0,0,0,0,8,3,0
212.098,0,12952576,windows,0,500,445,11,0,0,0,0,0,0,8,3,0
212.203,1,12887040,windows,0,500,445,11,0,0,0,0,0,0,8,3,0
212.35,0,12967936,windows,0,500,445,11,0,0,0,0,0,0,8,3,0
212.472,1,12902400,windows,0,500,445,11,0,0,0,0,0,0,8,3,0
212.601,0,12984320,windows,0,500,445,11,0,0,0,0,0,0,8,3,0
212.731,1,12916736,windows,0,500,445,11,0,0,0,0,0,0,8,3,0
212.864,0,13001728,windows,0,500,445,11,0,0,0,0,0,0,8,3,0
212.982,1,12931072,windows,0,500,445,11,0,0,0,0,0,0,8,3,0
213.115,0,13017088,windows,0,500,445,11,0,0,0,0,0,0,8,3,0
213.238,1,12945408,windows,0,500,445,11,0,0,0,0,0,0,8,3,0
213.371,0,13035520,repair,0,500,445,11,0,0,0,0,0,0,8,3,0
213.494,1,12959744,windows,0,500,445,11,0,0,0,0,0,0,8,3,0
213.627,0,13052928,repair,0,500,445,11,0,0,0,0,0,0,8,3,0
213.753,1,12974080,windows,0,500,445,11,0,0,0,0,0,0,8,3,0
213.89,0,13072384,repair,0,500,445,11,0,0,0,0,0,0,8,3,0
214.014,1,12989440,windows,0,500,445,11,0,0,0,0,0,0,8,3,0
214.141,0,13089792,windows,0,500,445,11,0,0,0,0,0,0,8,3,0
214.266,1,13003776,windows,0,500,445,11,0,0,0,0,0,0,8,3,0
214.405,0,13107200,windows,0,500,445,11,0,0,0,0,0,0,8,3,0
214.519,1,13018112,windows,0,500,445,11,0,0,0,0,0,0,8,3,0
214.666,0,13124608,windows,0,500,445,11,0,0,0,0,0,0,8,3,0
214.783,1,13033472,windows,0,500,445,11,0,0,0,0,0,0,8,3,0
214.924,0,13142016,windows,0,500,445,11,0,0,0,0,0,0,8,3,0
215.047,1,13048832,windows,0,500,445,11,0,0,0,0,0,0,8,3,0
215.184,0,13160448,windows,0,500,445,11,0,0,0,0,0,0,8,3,0
215.312,1,13064192,windows,0,500,445,11,0,0,0,0,0,0,8,3,0
215.439,0,13178880,windows,0,500,445,11,0,0,0,0,0,0,8,3,0
215.571,1,13079552,windows,0,500,445,11,0,0,0,0,0,0,8,3,0
215.695,0,13196288,windows,0,500,445,11,0,0,0,0,0,0,8,3,0
215.834,1,13094912,windows,0,500,445,11,0,0,0,0,0,0,8,3,0
215.956,0,13213696,windows,0,500,445,11,0,0,0,0,0,0,8,3,0
216.094,1,13110272,windows,0,500,445,11,0,0,0,0,0,0,8,3,0
216.218,0,13231104,windows,0,500,445,11,0,0,0,0,0,0,8,3,0
216.35,1,13125632,windows,0,500,445,11,0,0,0,0,0,0,8,3,0
216.488,0,13248512,windows,0,500,445,11,0,0,0,0,0,0,8,3,0
216.608,1,13139968,windows,0,500,445,11,0,0,0,0,0,0,8,3,0
216.745,0,13266944,windows,0,500,445,11,0,0,0,0,0,0,8,3,0
216.867,1,13154304,repair,0,500,445,11,0,0,0,0,0,0,8,3,0
217.01,0,13284352,windows,0,500,445,11,0,0,0,0,0,0,8,3,0
217.118,1,13168640,repair,0,500,445,11,0,0,0,0,0,0,8,3,0
217.265,0,13300736,windows,0,500,445,11,0,0,0,0,0,0,8,3,0
217.369,1,13186048,windows,0,500,445,11,0,0,0,0,0,0,8,3,0
217.53,0,13317120,windows,0,500,445,11,0,0,0,0,0,0,8,3,0
217.621,1,13200384,windows,0,500,445,11,0,0,0,0,0,0,8,3,0
217.783,0,13333504,windows,0,500,445,11,0,0,0,0,0,0,8,3,0
217.883,1,13214720,windows,0,500,445,11,0,0,0,0,0,0,8,3,0
218.033,0,13348864,windows,0,500,445,11,0,0,0,0,0,0,8,3,0
218.14,1,13228032,windows,0,500,445,11,0,0,0,0,0,0,8,3,0
218.288,0,13365248,windows,0,500,445,11,0,0,0,0,0,0,8,3,0
218.394,1,13241344,windows,0,500,445,11,0,0,0,0,0,0,8,3,0
218.541,0,13380608,windows,0,500,445,11,0,0,0,0,0,0,8,3,0
218.651,1,13255680,windows,0,500,445,11,0,0,0,0,0,0,8,3,0
218.801,0,13398016,windows,0,500,445,11,0,0,0,0,0,0,8,3,0
218.901,1,13268992,windows,0,500,445,11,0,0,0,0,0,0,8,3,0
219.066,0,13416448,windows,0,500,445,11,0,0,0,0,0,0,8,3,0
219.169,1,13283328,windows,0,500,445,11,0,0,0,0,0,0,8,3,0
219.323,0,13435904,windows,0,500,445,11,0,0,0,0,0,0,8,3,0
219.429,1,13296640,windows,0,500,445,11,0,0,0,0,0,0,8,3,0
219.579,0,13454336,repair,0,500,445,11,0,0,0,0,0,0,8,3,0
219.681,1,13309952,windows,0,500,445,11,0,0,0,0,0,0,8,3,0
219.835,0,13472768,windows,0,500,445,11,0,0,0,0,0,0,8,3,0
219.937,1,13323264,windows,0,500,445,11,0,0,0,0,0,0,8,3,0
220.094,0,13490176,windows,0,500,445,11,0,0,0,0,0,0,8,3,0
220.192,1,13337600,windows,0,500,445,11,0,0,0,0,0,0,8,3,0
220.355,0,13506560,windows,0,500,445,11,0,0,0,0,0,0,8,3,0
220.461,1,13351936,repair,0,500,445,11,0,0,0,0,0,0,8,3,0
220.607,0,13521920,windows,0,500,445,11,0,0,0,0,0,0,8,3,0
220.721,1,13366272,repair,0,500,445,11,0,0,0,0,0,0,8,3,0
220.865,0,13537280,windows,0,500,445,11,0,0,0,0,0,0,8,3,0
220.972,1,13380608,windows,0,500,445,11,0,0,0,0,0,0,8,3,0
221.116,0,13550592,windows,0,500,445,11,0,0,0,0,0,0,8,3,0
221.24,1,13395968,windows,0,500,445,11,0,0,0,0,0,0,8,3,0
221.371,0,13563904,windows,0,500,445,11,0,0,0,0,0,0,8,3,0
221.491,1,13410304,windows,0,500,445,11,0,0,0,0,0,0,8,3,0
221.631,0,13578240,windows,0,500,445,11,0,0,0,0,0,0,8,3,0
221.753,1,13424640,windows,0,500,445,11,0,0,0,0,0,0,8,3,0
221.891,0,13592576,windows,0,500,445,11,0,0,0,0,0,0,8,3,0
222.019,1,13438976,windows,0,500,445,11,0,0,0,0,0,0,8,3,0
222.145,0,13606912,windows,0,500,445,11,0,0,0,0,0,0,8,3,0
222.282,1,13454336,windows,0,500,445,11,0,0,0,0,0,0,8,3,0
222.396,0,13621248,windows,0,500,445,11,0,0,0,0,0,0,8,3,0
222.535,1,13468672,windows,0,500,445,11,0,0,0,0,0,0,8,3,0
222.654,0,13635584,windows,0,500,445,11,0,0,0,0,0,0,8,3,0
222.801,1,13484032,windows,0,500,445,11,0,0,0,0,0,0,8,3,0
222.921,0,13650944,windows,0,500,445,11,0,0,0,0,0,0,8,3,0
223.065,1,13499392,windows,0,500,445,11,0,0,0,0,0,0,8,3,0
223.173,0,13665280,windows,0,500,445,11,0,0,0,0,0,0,8,3,0
223.317,1,13514752,windows,0,500,445,11,0,0,0,0,0,0,8,3,0
223.43,0,13680640,windows,0,500,445,11,0,0,0,0,0,0,8,3,0
223.583,1,13531136,windows,0,500,445,11,0,0,0,0,0,0,8,3,0
223.687,0,13694976,windows,0,500,445,11,0,0,0,0,0,0,8,3,0
223.843,1,13547520,windows,0,500,445,11,0,0,0,0,0,0,8,3,0
223.94,0,13709312,windows,0,500,445,11,0,0,0,0,0,0,8,3,0
224.1,1,13563904,windows,0,500,445,11,0,0,0,0,0,0,8,3,0
224.202,0,13724672,windows,0,500,445,11,0,0,0,0,0,0,8,3,0
224.355,1,13580288,windows,0,500,445,11,0,0,0,0,0,0,8,3,0
224.463,0,13740032,windows,0,500,445,11,0,0,0,0,0,0,8,3,0
224.612,1,13596672,windows,0,500,445,11,0,0,0,0,0,0,8,3,0
224.716,0,13753344,windows,0,500,445,11,0,0,0,0,0,0,8,3,0
224.869,1,13613056,windows,0,500,445,11,0,0,0,0,0,0,8,3,0
224.974,0,13767680,windows,0,500,445,11,0,0,0,0,0,0,8,3,0
225.124,1,13630464,windows,0,500,445,11,0,0,0,0,0,0,8,3,0
225.228,0,13783040,windows,0,500,445,11,0,0,0,0,0,0,8,3,0
225.381,1,13647872,windows,0,500,445,11,0,0,0,0,0,0,8,3,0
225.482,0,13801472,repair,0,500,445,11,0,0,0,0,0,0,8,3,0
225.643,1,13666304,windows,0,500,445,11,0,0,0,0,0,0,8,3,0
225.735,0,13819904,repair,0,500,445,11,0,0,0,0,0,0,8,3,0
225.905,1,13683712,windows,0,500,445,11,0,0,0,0,0,0,8,3,0
225.997,0,13839360,windows,0,500,445,11,0,0,0,0,0,0,8,3,0
226.162,1,13701120,windows,0,500,445,11,0,0,0,0,0,0,8,3,0
226.258,0,13858816,windows,0,500,445,11,0,0,0,0,0,0,8,3,0
226.42,1,13717504,windows,0,500,445,11,0,0,0,0,0,0,8,3,0
226.517,0,13876224,windows,0,500,445,11,0,0,0,0,0,0,8,3,0
226.682,1,13734912,windows,0,500,445,11,0,0,0,0,0,0,8,3,0
226.775,0,13893632,windows,0,500,445,11,0,0,0,0,0,0,8,3,0
226.95,1,13750272,repair,0,500,445,11,0,0,0,0,0,0,8,3,0
227.037,0,13912064,windows,0,500,445,11,0,0,0,0,0,0,8,3,0
227.201,1,13765632,windows,0,500,445,11,0,0,0,0,0,0,8,3,0
227.291,0,13929472,windows,0,500,445,11,0,0,0,0,0,0,8,3,0
227.466,1,13780992,windows,0,500,445,11,0,0,0,0,0,0,8,3,0
227.559,0,13944832,windows,0,500,445,11,0,0,0,0,0,0,8,3,0
227.734,1,13796352,windows,0,500,445,11,0,0,0,0,0,0,8,3,0
227.819,0,13960192,windows,0,500,445,11,0,0,0,0,0,0,8,3,0
227.996,1,13811712,windows,0,500,445,11,0,0,0,0,0,0,8,3,0
228.077,0,13975552,windows,0,500,445,11,0,0,0,0,0,0,8,3,0
228.259,1,13827072,windows,0,500,445,11,0,0,0,0,0,0,8,3,0
228.336,0,13988864,windows,0,500,445,11,0,0,0,0,0,0,8,3,0
228.514,1,13841408,windows,0,500,445,11,0,0,0,0,0,0,8,3,0
228.588,0,14003200,windows,0,500,445,11,0,0,0,0,0,0,8,3,0
228.775,1,13856768,windows,0,500,445,11,0,0,0,0,0,0,8,3,0
228.847,0,14018560,windows,0,500,445,11,0,0,0,0,0,0,8,3,0
229.025,1,13871104,windows,0,500,445,11,0,0,0,0,0,0,8,3,0
229.11,0,14033920,windows,0,500,445,11,0,0,0,0,0,0,8,3,0
229.291,1,13886464,windows,0,500,445,11,0,0,0,0,0,0,8,3,0
229.374,0,14049280,windows,0,500,445,11,0,0,0,0,0,0,8,3,0
229.543,1,13900800,windows,0,500,445,11,0,0,0,0,0,0,8,3,0
229.638,0,14063616,windows,0,500,445,11,0,0,0,0,0,0,8,3,0
229.799,1,13915136,windows,0,500,445,11,0,0,0,0,0,0,8,3,0
229.895,0,14077952,windows,0,500,445,11,0,0,0,0,0,0,8,3,0
230.054,1,13929472,windows,0,500,445,11,0,0,0,0,0,0,8,3,0
230.16,0,14093312,windows,0,500,445,11,0,0,0,0,0,0,8,3,0
230.317,1,13943808,windows,0,500,445,11,0,0,0,0,0,0,8,3,0
230.427,0,14107648,windows,0,500,445,11,0,0,0,0,0,0,8,3,0
230.576,1,13958144,windows,0,500,445,11,0,0,0,0,0,0,8,3,0
230.694,0,14121984,windows,0,500,445,11,0,0,0,0,0,0,8,3,0
230.839,1,13972480,windows,0,500,445,11,0,0,0,0,0,0,8,3,0
230.954,0,14136320,windows,0,500,445,11,0,0,0,0,0,0,8,3,0
231.094,1,13986816,windows,0,500,445,11,0,0,0,0,0,0,8,3,0
231.21,0,14150656,windows,0,500,445,11,0,0,0,0,0,0,8,3,0
231.351,1,14001152,windows,0,500,445,11,0,0,0,0,0,0,8,3,0
231.462,0,14166016,windows,0,500,445,11,0,0,0,0,0,0,8,3,0
231.616,1,14015488,windows,0,500,445,11,0,0,0,0,0,0,8,3,0
231.725,0,14180352,windows,0,500,445,11,0,0,0,0,0,0,8,3,0
231.87,1,14029824,windows,0,500,445,11,0,0,0,0,0,0,8,3,0
231.988,0,14195712,windows,0,500,445,11,0,0,0,0,0,0,8,3,0
232.122,1,14045184,windows,0,500,445,11,0,0,0,0,0,0,8,3,0
232.254,0,14211072,windows,0,500,445,11,0,0,0,0,0,0,8,3,0
232.384,1,14059520,windows,0,500,445,11,0,0,0,0,0,0,8,3,0
232.509,0,14225408,windows,0,500,445,11,0,0,0,0,0,0,8,3,0
232.64,1,14074880,windows,0,500,445,11,0,0,0,0,0,0,8,3,0
232.771,0,14240768,windows,0,500,445,11,0,0,0,0,0,0,8,3,0
232.89,1,14090240,windows,0,500,445,11,0,0,0,0,0,0,8,3,0
233.034,0,14256128,windows,0,500,445,11,0,0,0,0,0,0,8,3,0
233.148,1,14105600,repair,0,500,445,11,0,0,0,0,0,0,8,3,0
233.289,0,14270464,windows,0,500,445,11,0,0,0,0,0,0,8,3,0
233.416,1,14123008,windows,0,500,445,11,0,0,0,0,0,0,8,3,0
233.546,0,14284800,windows,0,500,445,11,0,0,0,0,0,0,8,3,0
233.678,1,14138368,windows,0,500,445,11,0,0,0,0,0,0,8,3,0
233.801,0,14298112,windows,0,500,445,11,0,0,0,0,0,0,8,3,0
233.94,1,14153728,windows,0,500,445,11,0,0,0,0,0,0,8,3,0
234.069,0,14312448,windows,0,500,445,11,0,0,0,0,0,0,8,3,0
234.198,1,14168064,windows,0,500,445,11,0,0,0,0,0,0,8,3,0
234.329,0,14326784,repair,0,500,445,11,0,0,0,0,0,0,8,3,0
234.458,1,14182400,windows,0,500,445,11,0,0,0,0,0,0,8,3,0
234.592,0,14343168,repair,0,500,445,11,0,0,0,0,0,0,8,3,0
234.716,1,14196736,windows,0,500,445,11,0,0,0,0,0,0,8,3,0
234.847,0,14358528,windows,0,500,445,11,0,0,0,0,0,0,8,3,0
234.978,1,14211072,windows,0,500,445,11,0,0,0,0,0,0,8,3,0
235.107,0,14372864,windows,0,500,445,11,0,0,0,0,0,0,8,3,0
235.234,1,14226432,windows,0,500,445,11,0,0,0,0,0,0,8,3,0
235.358,0,14387200,windows,0,500,445,11,0,0,0,0,0,0,8,3,0
235.498,1,14240768,windows,0,500,445,11,0,0,0,0,0,0,8,3,0
235.622,0,14401536,windows,0,500,445,11,0,0,0,0,0,0,8,3,0
235.759,1,14254080,windows,0,500,445,11,0,0,0,0,0,0,8,3,0
235.873,0,14415872,windows,0,500,445,11,0,0,0,0,0,0,8,3,0
236.014,1,14266368,windows,0,500,445,11,0,0,0,0,0,0,8,3,0
236.126,0,14430208,windows,0,500,445,11,0,0,0,0,0,0,8,3,0
236.275,1,14278656,windows,0,500,445,11,0,0,0,0,0,0,8,3,0
236.391,0,14444544,windows,0,500,445,11,0,0,0,0,0,0,8,3,0
236.542,1,14294016,windows,0,500,445,11,0,0,0,0,0,0,8,3,0
236.651,0,14457856,windows,0,500,445,11,0,0,0,0,0,0,8,3,0
236.799,1,14308352,windows,0,500,445,11,0,0,0,0,0,0,8,3,0
236.902,0,14471168,windows,0,500,445,11,0,0,0,0,0,0,8,3,0
237.057,1,14322688,windows,0,500,445,11,0,0,0,0,0,0,8,3,0
237.154,0,14484480,windows,0,500,445,11,0,0,0,0,0,0,8,3,0
237.317,1,14337024,windows,0,500,445,11,0,0,0,0,0,0,8,3,0
237.413,0,14498816,windows,0,500,445,11,0,0,0,0,0,0,8,3,0
237.569,1,14351360,windows,0,500,445,11,0,0,0,0,0,0,8,3,0
237.679,0,14514176,windows,0,500,445,11,0,0,0,0,0,0,8,3,0
237.832,1,14366720,windows,0,500,445,11,0,0,0,0,0,0,8,3,0
237.94,0,14529536,windows,0,500,445,11,0,0,0,0,0,0,8,3,0
238.085,1,14382080,windows,0,500,445,11,0,0,0,0,0,0,8,3,0
238.203,0,14544896,windows,0,500,445,11,0,0,0,0,0,0,8,3,0
238.336,1,14397440,windows,0,500,445,11,0,0,0,0,0,0,8,3,0
238.47,0,14560256,windows,0,500,445,11,0,0,0,0,0,0,8,3,0
238.591,1,14412800,windows,0,500,445,11,0,0,0,0,0,0,8,3,0
238.73,0,14574592,windows,0,500,445,11,0,0,0,0,0,0,8,3,0
238.853,1,14428160,windows,0,500,445,11,0,0,0,0,0,0,8,3,0
238.989,0,14588928,windows,0,500,445,11,0,0,0,0,0,0,8,3,0
239.117,1,14444544,windows,0,500,445,11,0,0,0,0,0,0,8,3,0
239.243,0,14602240,windows,0,500,445,11,0,0,0,0,0,0,8,3,0
239.383,1,14459904,windows,0,500,445,11,0,0,0,0,0,0,8,3,0
239.51,0,14616576,windows,0,500,445,11,0,0,0,0,0,0,8,3,0
239.643,1,14475264,windows,0,500,445,11,0,0,0,0,0,0,8,3,0
239.772,0,14630912,windows,0,500,445,11,0,0,0,0,0,0,8,3,0
239.898,1,14490624,windows,0,500,445,11,0,0,0,0,0,0,8,3,0
240.038,0,14645248,windows,0,500,445,11,0,0,0,0,0,0,8,3,0
240.157,1,14509056,windows,0,500,445,11,0,0,0,0,0,0,8,3,0
240.29,0,14658560,windows,0,500,445,11,0,0,0,0,0,0,8,3,0
240.409,1,14525440,windows,0,500,445,11,0,0,0,0,0,0,8,3,0
240.558,0,14672896,windows,0,500,445,11,0,0,0,0,0,0,8,3,0
240.667,1,14542848,windows,0,500,445,11,0,0,0,0,0,0,8,3,0
240.823,0,14688256,windows,0,500,445,11,0,0,0,0,0,0,8,3,0
240.928,1,14562304,windows,0,500,445,11,0,0,0,0,0,0,8,3,0
241.074,0,14701568,windows,0,500,445,11,0,0,0,0,0,0,8,3,0
241.18,1,14579712,windows,0,500,445,11,0,0,0,0,0,0,8,3,0
241.338,0,14715904,windows,0,500,445,11,0,0,0,0,0,0,8,3,0
241.431,1,14595072,windows,0,500,445,11,0,0,0,0,0,0,8,3,0
241.592,0,14730240,windows,0,500,445,11,0,0,0,0,0,0,8,3,0
241.688,1,14611456,windows,0,500,445,11,0,0,0,0,0,0,8,3,0
241.843,0,14745600,windows,0,500,445,11,0,0,0,0,0,0,8,3,0
241.947,1,14629888,windows,0,500,445,11,0,0,0,0,0,0,8,3,0
242.094,0,14759936,windows,0,500,445,11,0,0,0,0,0,0,8,3,0
242.21,1,14647296,windows,0,500,445,11,0,0,0,0,0,0,8,3,0
242.359,0,14774272,repair,0,500,445,11,0,0,0,0,0,0,8,3,0
242.468,1,14665728,windows,0,500,445,11,0,0,0,0,0,0,8,3,0
242.622,0,14790656,repair,0,500,445,11,0,0,0,0,0,0,8,3,0
242.721,1,14683136,windows,0,500,445,11,0,0,0,0,0,0,8,3,0
242.886,0,14808064,repair,0,500,445,11,0,0,0,0,0,0,8,3,0
242.98,1,14702592,windows,0,500,445,11,0,0,0,0,0,0,8,3,0
243.146,0,14824448,windows,0,500,445,11,0,0,0,0,0,0,8,3,0
243.23,1,14720000,windows,0,500,445,11,0,0,0,0,0,0,8,3,0
243.396,0,14838784,windows,0,500,445,11,0,0,0,0,0,0,8,3,0
243.495,1,14739456,windows,0,500,445,11,0,0,0,0,0,0,8,3,0
243.659,0,14853120,windows,0,500,445,11,0,0,0,0,0,0,8,3,0
243.749,1,14757888,windows,0,500,445,11,0,0,0,0,0,0,8,3,0
243.922,0,14867456,windows,0,500,445,11,0,0,0,0,0,0,8,3,0
243.999,1,14776320,windows,0,500,445,11,0,0,0,0,0,0,8,3,0
244.176,0,14881792,windows,0,500,445,11,0,0,0,0,0,0,8,3,0
244.256,1,14794752,repair,0,500,445,11,0,0,0,0,0,0,8,3,0
244.435,0,14896128,windows,0,500,445,11,0,0,0,0,0,0,8,3,0
244.514,1,14813184,repair,0,500,445,11,0,0,0,0,0,0,8,3,0
244.703,0,14910464,windows,0,500,445,11,0,0,0,0,0,0,8,3,0
244.769,1,14831616,windows,0,500,445,11,0,0,0,0,0,0,8,3,0
244.957,0,14923776,windows,0,500,445,11,0,0,0,0,0,0,8,3,0
245.031,1,14850048,windows,0,500,445,11,0,0,0,0,0,0,8,3,0
245.221,0,14939136,windows,0,500,445,11,0,0,0,0,0,0,8,3,0
245.285,1,14868480,windows,0,500,445,11,0,0,0,0,0,0,8,3,0
245.485,0,14954496,windows,0,500,445,11,0,0,0,0,0,0,8,3,0
245.535,1,14886912,windows,0,500,445,11,0,0,0,0,0,0,8,3,0
245.746,0,14968832,windows,0,500,445,11,0,0,0,0,0,0,8,3,0
245.79,1,14905344,windows,0,500,445,11,0,0,0,0,0,0,8,3,0
246,0,14983168,windows,0,500,445,11,0,0,0,0,0,0,8,3,0
246.053,1,14923776,windows,0,500,445,11,0,0,0,0,0,0,8,3,0
246.261,0,14998528,windows,0,500,445,11,0,0,0,0,0,0,8,3,0
246.31,1,14942208,windows,0,500,445,11,0,0,0,0,0,0,8,3,0
246.525,0,15013888,windows,0,500,445,11,0,0,0,0,0,0,8,3,0
246.572,1,14960640,windows,0,500,445,11,0,0,0,0,0,0,8,3,0
246.788,0,15029248,windows,0,500,445,11,0,0,0,0,0,0,8,3,0
246.836,1,14980096,windows,0,500,445,11,0,0,0,0,0,0,8,3,0
247.045,0,15044608,windows,0,500,445,11,0,0,0,0,0,0,8,3,0
247.086,1,14996480,windows,0,500,445,11,0,0,0,0,0,0,8,3,0
247.304,0,15059968,windows,0,500,445,11,0,0,0,0,0,0,8,3,0
247.34,1,15012864,windows,0,500,445,11,0,0,0,0,0,0,8,3,0
247.571,0,15076352,windows,0,500,445,11,0,0,0,0,0,0,8,3,0
247.59,1,15030272,windows,0,500,445,11,0,0,0,0,0,0,8,3,0
247.838,0,15091712,windows,0,500,445,11,0,0,0,0,0,0,8,3,0
247.843,1,15047680,windows,0,500,445,11,0,0,0,0,0,0,8,3,0
248.097,1,15063040,windows,0,500,445,11,0,0,0,0,0,0,8,3,0
248.098,0,15109120,windows,0,500,445,11,0,0,0,0,0,0,8,3,0
248.352,0,15127552,windows,0,500,445,11,0,0,0,0,0,0,8,3,0
248.355,1,15077376,windows,0,500,445,11,0,0,0,0,0,0,8,3,0
248.612,1,15092736,windows,0,500,445,11,0,0,0,0,0,0,8,3,0
248.613,0,15147008,windows,0,500,445,11,0,0,0,0,0,0,8,3,0
248.87,0,15166464,windows,0,500,445,11,0,0,0,0,0,0,8,3,0
248.874,1,15107072,windows,0,500,445,11,0,0,0,0,0,0,8,3,0
249.132,0,15186944,windows,0,500,445,11,0,0,0,0,0,0,8,3,0
249.135,1,15121408,windows,0,500,445,11,0,0,0,0,0,0,8,3,0
249.393,0,15206400,repair,0,500,445,11,0,0,0,0,0,0,8,3,0
249.397,1,15135744,windows,0,500,445,11,0,0,0,0,0,0,8,3,0
249.65,0,15224832,windows,0,500,445,11,0,0,0,0,0,0,8,3,0
249.657,1,15150080,windows,0,500,445,11,0,0,0,0,0,0,8,3,0
249.91,1,15164416,windows,0,500,445,11,0,0,0,0,0,0,8,3,0
249.911,0,15242240,windows,0,500,445,11,0,0,0,0,0,0,8,3,0
250.174,1,15179776,windows,0,500,445,11,0,0,0,0,0,0,8,3,0
250.179,0,15260672,windows,0,500,445,11,0,0,0,0,0,0,8,3,0
250.434,0,15275008,windows,0,500,445,11,0,0,0,0,0,0,8,3,0
250.44,1,15195136,windows,0,500,445,11,0,0,0,0,0,0,8,3,0
250.688,0,15291392,windows,0,500,445,11,0,0,0,0,0,0,8,3,0
250.696,1,15209472,windows,0,500,445,11,0,0,0,0,0,0,8,3,0
250.95,0,15308800,windows,0,500,445,11,0,0,0,0,0,0,8,3,0
250.952,1,15224832,windows,0,500,445,11,0,0,0,0,0,0,8,3,0
251.203,0,15326208,windows,0,500,445,11,0,0,0,0,0,0,8,3,0
251.213,1,15242240,windows,0,500,445,11,0,0,0,0,0,0,8,3,0
251.458,0,15343616,windows,0,500,445,11,0,0,0,0,0,0,8,3,0
251.474,1,15259648,windows,0,500,445,11,0,0,0,0,0,0,8,3,0
251.709,0,15360000,windows,0,500,445,11,0,0,0,0,0,0,8,3,0
251.734,1,15277056,windows,0,500,445,11,0,0,0,0,0,0,8,3,0
251.962,0,15376384,windows,0,500,445,11,0,0,0,0,0,0,8,3,0
251.996,1,15293440,windows,0,500,445,11,0,0,0,0,0,0,8,3,0
252.212,0,15393792,windows,0,500,445,11,0,0,0,0,0,0,8,3,0
252.252,1,15309824,windows,0,500,445,11,0,0,0,0,0,0,8,3,0
252.471,0,15411200,windows,0,500,445,11,0,0,0,0,0,0,8,3,0
252.51,1,15323136,windows,0,500,445,11,0,0,0,0,0,0,8,3,0
252.734,0,15428608,windows,0,500,445,11,0,0,0,0,0,0,8,3,0
252.773,1,15337472,windows,0,500,445,11,0,0,0,0,0,0,8,3,0
253,0,15446016,windows,0,500,445,11,0,0,0,0,0,0,8,3,0
253.035,1,15351808,windows,0,500,445,11,0,0,0,0,0,0,8,3,0
253.259,0,15463424,windows,0,500,445,11,0,0,0,0,0,0,8,3,0
253.293,1,15366144,windows,0,500,445,11,0,0,0,0,0,0,8,3,0
253.524,0,15481856,windows,0,500,445,11,0,0,0,0,0,0,8,3,0
253.545,1,15380480,windows,0,500,445,11,0,0,0,0,0,0,8,3,0
253.783,0,15500288,windows,0,500,445,11,0,0,0,0,0,0,8,3,0
253.803,1,15395840,windows,0,500,445,11,0,0,0,0,0,0,8,3,0
254.035,0,15518720,windows,0,500,445,11,0,0,0,0,0,0,8,3,0
254.058,1,15410176,windows,0,500,445,11,0,0,0,0,0,0,8,3,0
254.296,0,15538176,windows,0,500,445,11,0,0,0,0,0,0,8,3,0
254.313,1,15423488,windows,0,500,445,11,0,0,0,0,0,0,8,3,0
254.561,0,15557632,windows,0,500,445,11,0,0,0,0,0,0,8,3,0
254.574,1,15437824,windows,0,500,445,11,0,0,0,0,0,0,8,3,0
254.812,0,15577088,windows,0,500,445,11,0,0,0,0,0,0,8,3,0
254.826,1,15453184,windows,0,500,445,11,0,0,0,0,0,0,8,3,0
255.065,0,15598592,windows,0,500,445,11,0,0,0,0,0,0,8,3,0
255.079,1,15468544,windows,0,500,445,11,0,0,0,0,0,0,8,3,0
255.325,0,15620096,windows,0,500,445,11,0,0,0,0,0,0,8,3,0
255.335,1,15483904,windows,0,500,445,11,0,0,0,0,0,0,8,3,0
255.585,0,15641600,repair,0,500,445,11,0,0,0,0,0,0,8,3,0
255.601,1,15499264,windows,0,500,445,11,0,0,0,0,0,0,8,3,0
255.845,0,15663104,repair,0,500,445,11,0,0,0,0,0,0,8,3,0
255.857,1,15515648,windows,0,500,445,11,0,0,0,0,0,0,8,3,0
256.097,0,15685632,repair,0,500,445,11,0,0,0,0,0,0,8,3,0
256.119,1,15535104,windows,0,500,445,11,0,0,0,0,0,0,8,3,0
256.351,0,15706112,windows,0,500,445,11,0,0,0,0,0,0,8,3,0
256.375,1,15551488,windows,0,500,445,11,0,0,0,0,0,0,8,3,0
256.602,0,15724544,windows,0,500,445,11,0,0,0,0,0,0,8,3,0
256.626,1,15565824,repair,0,500,445,11,0,0,0,0,0,0,8,3,0
256.858,0,15742976,windows,0,500,445,11,0,0,0,0,0,0,8,3,0
256.882,1,15581184,repair,0,500,445,11,0,0,0,0,0,0,8,3,0
257.114,0,15760384,windows,0,500,445,11,0,0,0,0,0,0,8,3,0
257.153,1,15596544,windows,0,500,445,11,0,0,0,0,0,0,8,3,0
257.375,0,15776768,windows,0,500,445,11,0,0,0,0,0,0,8,3,0
257.407,1,15610880,windows,0,500,445,11,0,0,0,0,0,0,8,3,0
257.631,0,15794176,windows,0,500,445,11,0,0,0,0,0,0,8,3,0
257.669,1,15625216,windows,0,500,445,11,0,0,0,0,0,0,8,3,0
257.882,0,15810560,windows,0,500,445,11,0,0,0,0,0,0,8,3,0
257.935,1,15639552,windows,0,500,445,11,0,0,0,0,0,0,8,3,0
258.145,0,15828992,windows,0,500,445,11,0,0,0,0,0,0,8,3,0
258.203,1,15653888,windows,0,500,445,11,0,0,0,0,0,0,8,3,0
258.405,0,15845376,windows,0,500,445,11,0,0,0,0,0,0,8,3,0
258.453,1,15667200,windows,0,500,445,11,0,0,0,0,0,0,8,3,0
258.665,0,15861760,windows,0,500,445,11,0,0,0,0,0,0,8,3,0
258.705,1,15680512,windows,0,500,445,11,0,0,0,0,0,0,8,3,0
258.921,0,15875072,windows,0,500,445,11,0,0,0,0,0,0,8,3,0
258.958,1,15693824,windows,0,500,445,11,0,0,0,0,0,0,8,3,0
259.189,0,15889408,windows,0,500,445,11,0,0,0,0,0,0,8,3,0
259.234,1,15707136,windows,0,500,445,11,0,0,0,0,0,0,8,3,0
259.453,0,15903744,windows,0,500,445,11,0,0,0,0,0,0,8,3,0
259.492,1,15721472,windows,0,500,445,11,0,0,0,0,0,0,8,3,0
259.716,0,15918080,windows,0,500,445,11,0,0,0,0,0,0,8,3,0
259.759,1,15735808,windows,0,500,445,11,0,0,0,0,0,0,8,3,0
259.976,0,15932416,windows,0,500,445,11,0,0,0,0,0,0,8,3,0
260.011,1,15749120,windows,0,500,445,11,0,0,0,0,0,0,8,3,0
260.231,0,15946752,windows,0,500,445,11,0,0,0,0,0,0,8,3,0
260.272,1,15764480,windows,0,500,445,11,0,0,0,0,0,0,8,3,0
260.486,0,15961088,windows,0,500,445,11,0,0,0,0,0,0,8,3,0
260.533,1,15781888,windows,0,500,445,11,0,0,0,0,0,0,8,3,0
260.753,0,15976448,windows,0,500,445,11,0,0,0,0,0,0,8,3,0
260.79,1,15799296,windows,0,500,445,11,0,0,0,0,0,0,8,3,0
261.006,0,15990784,windows,0,500,445,11,0,0,0,0,0,0,8,3,0
261.046,1,15817728,windows,0,500,445,11,0,0,0,0,0,0,8,3,0
261.257,0,16006144,windows,0,500,445,11,0,0,0,0,0,0,8,3,0
261.296,1,15835136,windows,0,500,445,11,0,0,0,0,0,0,8,3,0
261.516,0,16022528,windows,0,500,445,11,0,0,0,0,0,0,8,3,0
261.548,1,15850496,windows,0,500,445,11,0,0,0,0,0,0,8,3,0
261.783,0,16037888,windows,0,500,445,11,0,0,0,0,0,0,8,3,0
261.804,1,15866880,windows,0,500,445,11,0,0,0,0,0,0,8,3,0
262.044,0,16054272,windows,0,500,445,11,0,0,0,0,0,0,8,3,0
262.067,1,15885312,windows,0,500,445,11,0,0,0,0,0,0,8,3,0
262.307,0,16071680,windows,0,500,445,11,0,0,0,0,0,0,8,3,0
262.317,1,15902720,windows,0,500,445,11,0,0,0,0,0,0,8,3,0
262.558,0,16089088,windows,0,500,445,11,0,0,0,0,0,0,8,3,0
262.575,1,15920128,windows,0,500,445,11,0,0,0,0,0,0,8,3,0
262.813,0,16105472,repair,0,500,445,11,0,0,0,0,0,0,8,3,0
262.826,1,15936512,windows,0,500,445,11,0,0,0,0,0,0,8,3,0
263.064,0,16119808,repair,0,500,445,11,0,0,0,0,0,0,8,3,0
263.083,1,15950848,windows,0,500,445,11,0,0,0,0,0,0,8,3,0
263.322,0,16137216,windows,0,500,445,11,0,0,0,0,0,0,8,3,0
263.336,1,15968256,repair,0,500,445,11,0,0,0,0,0,0,8,3,0
263.574,0,16155648,windows,0,500,445,11,0,0,0,0,0,0,8,3,0
263.589,1,15987712,repair,0,500,445,11,0,0,0,0,0,0,8,3,0
263.828,0,16175104,windows,0,500,445,11,0,0,0,0,0,0,8,3,0
263.839,1,16011264,windows,0,500,445,11,0,0,0,0,0,0,8,3,0
264.088,0,16193536,windows,0,500,445,11,0,0,0,0,0,0,8,3,0
264.095,1,16029696,windows,0,500,445,11,0,0,0,0,0,0,8,3,0
264.34,0,16211968,windows,0,500,445,11,0,0,0,0,0,0,8,3,0
264.353,1,16048128,windows,0,500,445,11,0,0,0,0,0,0,8,3,0
264.604,0,16231424,windows,0,500,445,11,0,0,0,0,0,0,8,3,0
264.613,1,16066560,windows,0,500,445,11,0,0,0,0,0,0,8,3,0
264.856,0,16249856,windows,0,500,445,11,0,0,0,0,0,0,8,3,0
264.875,1,16083968,windows,0,500,445,11,0,0,0,0,0,0,8,3,0
265.108,0,16268288,windows,0,500,445,11,0,0,0,0,0,0,8,3,0
265.133,1,16102400,windows,0,500,445,11,0,0,0,0,0,0,8,3,0
265.36,0,16286720,windows,0,500,445,11,0,0,0,0,0,0,8,3,0
265.384,1,16120832,windows,0,500,445,11,0,0,0,0,0,0,8,3,0
265.624,0,16306176,windows,0,500,445,11,0,0,0,0,0,0,8,3,0
265.643,1,16139264,windows,0,500,445,11,0,0,0,0,0,0,8,3,0
265.881,0,16324608,windows,0,500,445,11,0,0,0,0,0,0,8,3,0
265.908,1,16156672,windows,0,500,445,11,0,0,0,0,0,0,8,3,0
266.133,0,16343040,windows,0,500,445,11,0,0,0,0,0,0,8,3,0
266.161,1,16175104,windows,0,500,445,11,0,0,0,0,0,0,8,3,0
266.39,0,16361472,windows,0,500,445,11,0,0,0,0,0,0,8,3,0
266.413,1,16193536,windows,0,500,445,11,0,0,0,0,0,0,8,3,0
266.651,0,16380928,windows,0,500,445,11,0,0,0,0,0,0,8,3,0
266.671,1,16211968,windows,0,500,445,11,0,0,0,0,0,0,8,3,0
266.907,0,16400384,windows,0,500,445,11,0,0,0,0,0,0,8,3,0
266.921,1,16228352,windows,0,500,445,11,0,0,0,0,0,0,8,3,0
267.159,0,16418816,windows,0,500,445,11,0,0,0,0,0,0,8,3,0
267.175,1,16246784,windows,0,500,445,11,0,0,0,0,0,0,8,3,0
267.414,0,16438272,windows,0,500,445,11,0,0,0,0,0,0,8,3,0
267.436,1,16266240,windows,0,500,445,11,0,0,0,0,0,0,8,3,0
267.668,0,16457728,windows,0,500,445,11,0,0,0,0,0,0,8,3,0
267.692,1,16284672,windows,0,500,445,11,0,0,0,0,0,0,8,3,0
267.925,0,16477184,windows,0,500,445,11,0,0,0,0,0,0,8,3,0
267.952,1,16304128,repair,0,500,445,11,0,0,0,0,0,0,8,3,0
268.181,0,16496640,windows,0,500,445,11,0,0,0,0,0,0,8,3,0
268.207,1,16324608,repair,0,500,445,11,0,0,0,0,0,0,8,3,0
268.444,0,16517120,windows,0,500,445,11,0,0,0,0,0,0,8,3,0
268.458,1,16346112,windows,0,500,445,11,0,0,0,0,0,0,8,3,0
268.701,0,16535552,repair,0,500,445,11,0,0,0,0,0,0,8,3,0
268.711,1,16363520,windows,0,500,445,11,0,0,0,0,0,0,8,3,0
268.958,0,16556032,repair,0,500,445,11,0,0,0,0,0,0,8,3,0
268.963,1,16381952,windows,0,500,445,11,0,0,0,0,0,0,8,3,0
269.217,0,16576512,repair,0,500,445,11,0,0,0,0,0,0,8,3,0
269.218,1,16400384,windows,0,500,445,11,0,0,0,0,0,0,8,3,0
269.472,1,16416768,windows,0,500,445,11,0,0,0,0,0,0,8,3,0
269.475,0,16596992,windows,0,500,445,11,0,0,0,0,0,0,8,3,0
269.725,1,16434176,windows,0,500,445,11,0,0,0,0,0,0,8,3,0
269.736,0,16615424,windows,0,500,445,11,0,0,0,0,0,0,8,3,0
269.987,1,16450560,windows,0,500,445,11,0,0,0,0,0,0,8,3,0
269.995,0,16632832,windows,0,500,445,11,0,0,0,0,0,0,8,3,0
270.238,1,16466944,windows,0,500,445,11,0,0,0,0,0,0,8,3,0
270.255,0,16651264,windows,0,500,445,11,0,0,0,0,0,0,8,3,0
270.495,1,16484352,windows,0,500,445,11,0,0,0,0,0,0,8,3,0
270.507,0,16668672,windows,0,500,445,11,0,0,0,0,0,0,8,3,0
270.753,1,16501760,windows,0,500,445,11,0,0,0,0,0,0,8,3,0
270.761,0,16687104,windows,0,500,445,11,0,0,0,0,0,0,8,3,0
271.01,1,16519168,windows,0,500,445,11,0,0,0,0,0,0,8,3,0
271.017,0,16705536,windows,0,500,445,11,0,0,0,0,0,0,8,3,0
271.266,1,16537600,windows,0,500,445,11,0,0,0,0,0,0,8,3,0
271.279,0,16724992,windows,0,500,445,11,0,0,0,0,0,0,8,3,0
271.523,1,16555008,windows,0,500,445,11,0,0,0,0,0,0,8,3,0
271.537,0,16744448,windows,0,500,445,11,0,0,0,0,0,0,8,3,0
271.776,1,16572416,windows,0,500,445,11,0,0,0,0,0,0,8,3,0
271.8,0,16762880,windows,0,500,445,11,0,0,0,0,0,0,8,3,0
272.029,1,16588800,windows,0,500,445,11,0,0,0,0,0,0,8,3,0
272.066,0,16780288,windows,0,500,445,11,0,0,0,0,0,0,8,3,0
272.287,1,16606208,windows,0,500,445,11,0,0,0,0,0,0,8,3,0
272.326,0,16797696,windows,0,500,445,11,0,0,0,0,0,0,8,3,0
272.537,1,16622592,windows,0,500,445,11,0,0,0,0,0,0,8,3,0
272.584,0,16815104,windows,0,500,445,11,0,0,0,0,0,0,8,3,0
272.799,1,16640000,windows,0,500,445,11,0,0,0,0,0,0,8,3,0
272.841,0,16833536,windows,0,500,445,11,0,0,0,0,0,0,8,3,0
273.05,1,16657408,windows,0,500,445,11,0,0,0,0,0,0,8,3,0
273.095,0,16851968,windows,0,500,445,11,0,0,0,0,0,0,8,3,0
273.302,1,16675840,windows,0,500,445,11,0,0,0,0,0,0,8,3,0
273.354,0,16870400,windows,0,500,445,11,0,0,0,0,0,0,8,3,0
273.556,1,16692224,windows,0,500,445,11,0,0,0,0,0,0,8,3,0
273.615,0,16888832,windows,0,500,445,11,0,0,0,0,0,0,8,3,0
273.81,1,16709632,windows,0,500,445,11,0,0,0,0,0,0,8,3,0
273.877,0,16907264,windows,0,500,445,11,0,0,0,0,0,0,8,3,0
274.068,1,16730112,windows,0,500,445,11,0,0,0,0,0,0,8,3,0
274.13,0,16923648,windows,0,500,445,11,0,0,0,0,0,0,8,3,0
274.325,1,16749568,windows,0,500,445,11,0,0,0,0,0,0,8,3,0
274.38,0,16939008,repair,0,500,445,11,0,0,0,0,0,0,8,3,0
274.583,1,16770048,windows,0,500,445,11,0,0,0,0,0,0,8,3,0
274.632,0,16955392,windows,0,500,445,11,0,0,0,0,0,0,8,3,0
274.836,1,16789504,windows,0,500,445,11,0,0,0,0,0,0,8,3,0
274.895,0,16970752,windows,0,500,445,11,0,0,0,0,0,0,8,3,0
275.097,1,16807936,windows,0,500,445,11,0,0,0,0,0,0,8,3,0
275.154,0,16986112,windows,0,500,445,11,0,0,0,0,0,0,8,3,0
275.352,1,16826368,windows,0,500,445,11,0,0,0,0,0,0,8,3,0
275.421,0,17001472,windows,0,500,445,11,0,0,0,0,0,0,8,3,0
275.612,1,16844800,windows,0,500,445,11,0,0,0,0,0,0,8,3,0
275.672,0,17018880,windows,0,500,445,11,0,0,0,0,0,0,8,3,0
275.866,1,16862208,windows,0,500,445,11,0,0,0,0,0,0,8,3,0
275.936,0,17037312,windows,0,500,445,11,0,0,0,0,0,0,8,3,0
276.13,1,16880640,windows,0,500,445,11,0,0,0,0,0,0,8,3,0
276.195,0,17055744,windows,0,500,445,11,0,0,0,0,0,0,8,3,0
276.384,1,16899072,windows,0,500,445,11,0,0,0,0,0,0,8,3,0
276.459,0,17074176,windows,0,500,445,11,0,0,0,0,0,0,8,3,0
276.645,1,16917504,windows,0,500,445,11,0,0,0,0,0,0,8,3,0
276.721,0,17091584,windows,0,500,445,11,0,0,0,0,0,0,8,3,0
276.901,1,16935936,windows,0,500,445,11,0,0,0,0,0,0,8,3,0
276.978,0,17105920,windows,0,500,445,11,0,0,0,0,0,0,8,3,0
277.159,1,16954368,windows,0,500,445,11,0,0,0,0,0,0,8,3,0
277.243,0,17121280,windows,0,500,445,11,0,0,0,0,0,0,8,3,0
277.414,1,16972800,windows,0,500,445,11,0,0,0,0,0,0,8,3,0
277.509,0,17135616,windows,0,500,445,11,0,0,0,0,0,0,8,3,0
277.667,1,16992256,windows,0,500,445,11,0,0,0,0,0,0,8,3,0
277.771,0,17149952,windows,0,500,445,11,0,0,0,0,0,0,8,3,0
277.922,1,17011712,windows,0,500,445,11,0,0,0,0,0,0,8,3,0
278.036,0,17164288,windows,0,500,445,11,0,0,0,0,0,0,8,3,0
278.184,1,17033216,windows,0,500,445,11,0,0,0,0,0,0,8,3,0
278.296,0,17178624,windows,0,500,445,11,0,0,0,0,0,0,8,3,0
278.442,1,17053696,windows,0,500,445,11,0,0,0,0,0,0,8,3,0
278.56,0,17192960,windows,0,500,445,11,0,0,0,0,0,0,8,3,0
278.705,1,17075200,windows,0,500,445,11,0,0,0,0,0,0,8,3,0
278.829,0,17208320,windows,0,500,445,11,0,0,0,0,0,0,8,3,0
278.957,1,17096704,windows,0,500,445,11,0,0,0,0,0,0,8,3,0
279.094,0,17222656,windows,0,500,445,11,0,0,0,0,0,0,8,3,0
279.207,1,17115136,windows,0,500,445,11,0,0,0,0,0,0,8,3,0
279.345,0,17238016,windows,0,500,445,11,0,0,0,0,0,0,8,3,0
279.461,1,17136640,repair,0,500,445,11,0,0,0,0,0,0,8,3,0
279.612,0,17252352,windows,0,500,445,11,0,0,0,0,0,0,8,3,0
279.713,1,17153024,repair,0,500,445,11,0,0,0,0,0,0,8,3,0
279.866,0,17266688,windows,0,500,445,11,0,0,0,0,0,0,8,3,0
279.964,1,17171456,repair,0,500,445,11,0,0,0,0,0,0,8,3,0
280.13,0,17280000,windows,0,500,445,11,0,0,0,0,0,0,8,3,0
280.22,1,17188864,windows,0,500,445,11,0,0,0,0,0,0,8,3,0
280.398,0,17295360,windows,0,500,445,11,0,0,0,0,0,0,8,3,0
280.475,1,17205248,windows,0,500,445,11,0,0,0,0,0,0,8,3,0
280.655,0,17309696,windows,0,500,445,11,0,0,0,0,0,0,8,3,0
280.733,1,17222656,windows,0,500,445,11,0,0,0,0,0,0,8,3,0
280.912,0,17326080,windows,0,500,445,11,0,0,0,0,0,0,8,3,0
280.992,1,17240064,windows,0,500,445,11,0,0,0,0,0,0,8,3,0
281.173,0,17341440,windows,0,500,445,11,0,0,0,0,0,0,8,3,0
281.246,1,17254400,windows,0,500,445,11,0,0,0,0,0,0,8,3,0
281.428,0,17359872,windows,0,500,445,11,0,0,0,0,0,0,8,3,0
281.496,1,17267712,windows,0,500,445,11,0,0,0,0,0,0,8,3,0
281.685,0,17377280,repair,0,500,445,11,0,0,0,0,0,0,8,3,0
281.766,1,17281024,windows,0,500,445,11,0,0,0,0,0,0,8,3,0
281.951,0,17394688,repair,0,500,445,11,0,0,0,0,0,0,8,3,0
282.026,1,17294336,windows,0,500,445,11,0,0,0,0,0,0,8,3,0
282.205,0,17409024,windows,0,500,445,11,0,0,0,0,0,0,8,3,0
282.291,1,17308672,windows,0,500,445,11,0,0,0,0,0,0,8,3,0
282.465,0,17424384,windows,0,500,445,11,0,0,0,0,0,0,8,3,0
282.557,1,17323008,windows,0,500,445,11,0,0,0,0,0,0,8,3,0
282.716,0,17437696,windows,0,500,445,11,0,0,0,0,0,0,8,3,0
282.814,1,17337344,windows,0,500,445,11,0,0,0,0,0,0,8,3,0
282.967,0,17452032,windows,0,500,445,11,0,0,0,0,0,0,8,3,0
283.077,1,17351680,windows,0,500,445,11,0,0,0,0,0,0,8,3,0
283.225,0,17466368,windows,0,500,445,11,0,0,0,0,0,0,8,3,0
283.34,1,17366016,windows,0,500,445,11,0,0,0,0,0,0,8,3,0
283.49,0,17481728,windows,0,500,445,11,0,0,0,0,0,0,8,3,0
283.608,1,17380352,windows,0,500,445,11,0,0,0,0,0,0,8,3,0
283.749,0,17496064,windows,0,500,445,11,0,0,0,0,0,0,8,3,0
283.867,1,17394688,windows,0,500,445,11,0,0,0,0,0,0,8,3,0
284.005,0,17510400,windows,0,500,445,11,0,0,0,0,0,0,8,3,0
284.127,1,17409024,windows,0,500,445,11,0,0,0,0,0,0,8,3,0
284.264,0,17525760,windows,0,500,445,11,0,0,0,0,0,0,8,3,0
284.379,1,17423360,windows,0,500,445,11,0,0,0,0,0,0,8,3,0
284.53,0,17541120,windows,0,500,445,11,0,0,0,0,0,0,8,3,0
284.632,1,17437696,windows,0,500,445,11,0,0,0,0,0,0,8,3,0
284.795,0,17556480,windows,0,500,445,11,0,0,0,0,0,0,8,3,0
284.887,1,17452032,windows,0,500,445,11,0,0,0,0,0,0,8,3,0
285.053,0,17570816,windows,0,500,445,11,0,0,0,0,0,0,8,3,0
285.144,1,17466368,windows,0,500,445,11,0,0,0,0,0,0,8,3,0
285.314,0,17586176,windows,0,500,445,11,0,0,0,0,0,0,8,3,0
285.402,1,17483776,windows,0,500,445,11,0,0,0,0,0,0,8,3,0
285.57,0,17600512,windows,0,500,445,11,0,0,0,0,0,0,8,3,0
285.663,1,17502208,windows,0,500,445,11,0,0,0,0,0,0,8,3,0
285.83,0,17614848,windows,0,500,445,11,0,0,0,0,0,0,8,3,0
285.917,1,17519616,windows,0,500,445,11,0,0,0,0,0,0,8,3,0
286.097,0,17630208,windows,0,500,445,11,0,0,0,0,0,0,8,3,0
286.173,1,17537024,windows,0,500,445,11,0,0,0,0,0,0,8,3,0
286.349,0,17645568,windows,0,500,445,11,0,0,0,0,0,0,8,3,0
286.428,1,17554432,windows,0,500,445,11,0,0,0,0,0,0,8,3,0
286.611,0,17660928,windows,0,500,445,11,0,0,0,0,0,0,8,3,0
286.686,1,17572864,windows,0,500,445,11,0,0,0,0,0,0,8,3,0
286.874,0,17676288,windows,0,500,445,11,0,0,0,0,0,0,8,3,0
286.945,1,17591296,windows,0,500,445,11,0,0,0,0,0,0,8,3,0
287.141,0,17690624,windows,0,500,445,11,0,0,0,0,0,0,8,3,0
287.201,1,17609728,windows,0,500,445,11,0,0,0,0,0,0,8,3,0
287.398,0,17704960,windows,0,500,445,11,0,0,0,0,0,0,8,3,0
287.459,1,17627136,repair,0,500,445,11,0,0,0,0,0,0,8,3,0
287.652,0,17720320,windows,0,500,445,11,0,0,0,0,0,0,8,3,0
287.721,1,17645568,repair,0,500,445,11,0,0,0,0,0,0,8,3,0
287.903,0,17734656,windows,0,500,445,11,0,0,0,0,0,0,8,3,0
287.983,1,17662976,windows,0,500,445,11,0,0,0,0,0,0,8,3,0
288.17,0,17752064,windows,0,500,445,11,0,0,0,0,0,0,8,3,0
288.243,1,17681408,windows,0,500,445,11,0,0,0,0,0,0,8,3,0
288.429,0,17768448,windows,0,500,445,11,0,0,0,0,0,0,8,3,0
288.5,1,17698816,windows,0,500,445,11,0,0,0,0,0,0,8,3,0
288.684,0,17784832,windows,0,500,445,11,0,0,0,0,0,0,8,3,0
288.759,1,17716224,windows,0,500,445,11,0,0,0,0,0,0,8,3,0
288.943,0,17801216,windows,0,500,445,11,0,0,0,0,0,0,8,3,0
289.023,1,17734656,windows,0,500,445,11,0,0,0,0,0,0,8,3,0
289.201,0,17818624,windows,0,500,445,11,0,0,0,0,0,0,8,3,0
289.28,1,17752064,windows,0,500,445,11,0,0,0,0,0,0,8,3,0
289.458,0,17833984,windows,0,500,445,11,0,0,0,0,0,0,8,3,0
289.542,1,17769472,windows,0,500,445,11,0,0,0,0,0,0,8,3,0
289.71,0,17850368,windows,0,500,445,11,0,0,0,0,0,0,8,3,0
289.806,1,17786880,windows,0,500,445,11,0,0,0,0,0,0,8,3,0
289.968,0,17867776,windows,0,500,445,11,0,0,0,0,0,0,8,3,0
290.06,1,17803264,windows,0,500,445,11,0,0,0,0,0,0,8,3,0
290.227,0,17884160,windows,0,500,445,11,0,0,0,0,0,0,8,3,0
290.324,1,17820672,windows,0,500,445,11,0,0,0,0,0,0,8,3,0
290.487,0,17900544,windows,0,500,445,11,0,0,0,0,0,0,8,3,0
290.578,1,17837056,windows,0,500,445,11,0,0,0,0,0,0,8,3,0
290.749,0,17915904,repair,0,500,445,11,0,0,0,0,0,0,8,3,0
290.834,1,17853440,windows,0,500,445,11,0,0,0,0,0,0,8,3,0
291.013,0,17932288,windows,0,500,445,11,0,0,0,0,0,0,8,3,0
291.085,1,17869824,windows,0,500,445,11,0,0,0,0,0,0,8,3,0
291.274,0,17947648,windows,0,500,445,11,0,0,0,0,0,0,8,3,0
291.338,1,17886208,windows,0,500,445,11,0,0,0,0,0,0,8,3,0
291.542,0,17963008,windows,0,500,445,11,0,0,0,0,0,0,8,3,0
291.594,1,17902592,windows,0,500,445,11,0,0,0,0,0,0,8,3,0
291.797,0,17976320,windows,0,500,445,11,0,0,0,0,0,0,8,3,0
291.845,1,17917952,windows,0,500,445,11,0,0,0,0,0,0,8,3,0
292.052,0,17990656,windows,0,500,445,11,0,0,0,0,0,0,8,3,0
292.099,1,17934336,windows,0,500,445,11,0,0,0,0,0,0,8,3,0
292.31,0,18004992,windows,0,500,445,11,0,0,0,0,0,0,8,3,0
292.354,1,17950720,windows,0,500,445,11,0,0,0,0,0,0,8,3,0
292.561,0,18021376,windows,0,500,445,11,0,0,0,0,0,0,8,3,0
292.606,1,17967104,windows,0,500,445,11,0,0,0,0,0,0,8,3,0
292.822,0,18039808,windows,0,500,445,11,0,0,0,0,0,0,8,3,0
292.872,1,17982464,windows,0,500,445,11,0,0,0,0,0,0,8,3,0
293.084,0,18057216,windows,0,500,445,11,0,0,0,0,0,0,8,3,0
293.136,1,17996800,repair,0,500,445,11,0,0,0,0,0,0,8,3,0
293.338,0,18074624,windows,0,500,445,11,0,0,0,0,0,0,8,3,0
293.386,1,18013184,windows,0,500,445,11,0,0,0,0,0,0,8,3,0
293.599,0,18093056,windows,0,500,445,11,0,0,0,0,0,0,8,3,0
293.639,1,18027520,windows,0,500,445,11,0,0,0,0,0,0,8,3,0
293.863,0,18108416,windows,0,500,445,11,0,0,0,0,0,0,8,3,0
293.899,1,18041856,windows,0,500,445,11,0,0,0,0,0,0,8,3,0
294.123,0,18125824,windows,0,500,445,11,0,0,0,0,0,0,8,3,0
294.156,1,18056192,windows,0,500,445,11,0,0,0,0,0,0,8,3,0
294.375,0,18144256,windows,0,500,445,11,0,0,0,0,0,0,8,3,0
294.423,1,18070528,windows,0,500,445,11,0,0,0,0,0,0,8,3,0
294.639,0,18162688,windows,0,500,445,11,0,0,0,0,0,0,8,3,0
294.69,1,18084864,windows,0,500,445,11,0,0,0,0,0,0,8,3,0
294.892,0,18181120,windows,0,500,445,11,0,0,0,0,0,0,8,3,0
294.955,1,18100224,windows,0,500,445,11,0,0,0,0,0,0,8,3,0
295.15,0,18199552,windows,0,500,445,11,0,0,0,0,0,0,8,3,0
295.209,1,18114560,windows,0,500,445,11,0,0,0,0,0,0,8,3,0
295.407,0,18219008,windows,0,500,445,11,0,0,0,0,0,0,8,3,0
295.476,1,18129920,windows,0,500,445,11,0,0,0,0,0,0,8,3,0
295.658,0,18236416,windows,0,500,445,11,0,0,0,0,0,0,8,3,0
295.73,1,18144256,windows,0,500,445,11,0,0,0,0,0,0,8,3,0
295.91,0,18253824,windows,0,500,445,11,0,0,0,0,0,0,8,3,0
295.991,1,18158592,windows,0,500,445,11,0,0,0,0,0,0,8,3,0
296.172,0,18272256,windows,0,500,445,11,0,0,0,0,0,0,8,3,0
296.245,1,18172928,windows,0,500,445,11,0,0,0,0,0,0,8,3,0
296.433,0,18291712,windows,0,500,445,11,0,0,0,0,0,0,8,3,0
296.503,1,18187264,windows,0,500,445,11,0,0,0,0,0,0,8,3,0
296.694,0,18310144,windows,0,500,445,11,0,0,0,0,0,0,8,3,0
296.764,1,18201600,windows,0,500,445,11,0,0,0,0,0,0,8,3,0
296.949,0,18326528,windows,0,500,445,11,0,0,0,0,0,0,8,3,0
297.024,1,18214912,windows,0,500,445,11,0,0,0,0,0,0,8,3,0
297.208,0,18342912,windows,0,500,445,11,0,0,0,0,0,0,8,3,0
297.293,1,18229248,windows,0,500,445,11,0,0,0,0,0,0,8,3,0
297.467,0,18360320,windows,0,500,445,11,0,0,0,0,0,0,8,3,0
297.562,1,18243584,windows,0,500,445,11,0,0,0,0,0,0,8,3,0
297.726,0,18376704,windows,0,500,445,11,0,0,0,0,0,0,8,3,0
297.819,1,18256896,windows,0,500,445,11,0,0,0,0,0,0,8,3,0
297.982,0,18392064,repair,0,500,445,11,0,0,0,0,0,0,8,3,0
298.074,1,18270208,windows,0,500,445,11,0,0,0,0,0,0,8,3,0
298.232,0,18409472,repair,0,500,445,11,0,0,0,0,0,0,8,3,0
298.329,1,18283520,windows,0,500,445,11,0,0,0,0,0,0,8,3,0
298.499,0,18425856,windows,0,500,445,11,0,0,0,0,0,0,8,3,0
298.588,1,18296832,windows,0,500,445,11,0,0,0,0,0,0,8,3,0
298.757,0,18441216,windows,0,500,445,11,0,0,0,0,0,0,8,3,0
298.845,1,18310144,windows,0,500,445,11,0,0,0,0,0,0,8,3,0
299.007,0,18456576,windows,0,500,445,11,0,0,0,0,0,0,8,3,0
299.109,1,18324480,windows,0,500,445,11,0,0,0,0,0,0,8,3,0
299.26,0,18472960,windows,0,500,445,11,0,0,0,0,0,0,8,3,0
299.372,1,18338816,windows,0,500,445,11,0,0,0,0,0,0,8,3,0
299.514,0,18489344,windows,0,500,445,11,0,0,0,0,0,0,8,3,0
299.622,1,18353152,windows,0,500,445,11,0,0,0,0,0,0,8,3,0
299.776,0,18505728,windows,0,500,445,11,0,0,0,0,0,0,8,3,0
299.882,1,18367488,windows,0,500,445,11,0,0,0,0,0,0,8,3,0
300.035,0,18521088,windows,0,500,445,11,0,0,0,0,0,0,8,3,0
300.133,1,18381824,windows,0,500,445,11,0,0,0,0,0,0,8,3,0
300.302,0,18536448,windows,0,500,445,11,0,0,0,0,0,0,8,3,0
300.388,1,18397184,repair,0,500,445,11,0,0,0,0,0,0,8,3,0
300.568,0,18552832,windows,0,500,445,11,0,0,0,0,0,0,8,3,0
300.641,1,18415616,repair,0,500,445,11,0,0,0,0,0,0,8,3,0
300.833,0,18569216,windows,0,500,445,11,0,0,0,0,0,0,8,3,0
300.903,1,18436096,repair,0,500,445,11,0,0,0,0,0,0,8,3,0
301.092,0,18585600,windows,0,500,445,11,0,0,0,0,0,0,8,3,0
301.164,1,18452480,windows,0,500,445,11,0,0,0,0,0,0,8,3,0
301.355,0,18603008,windows,0,500,445,11,0,0,0,0,0,0,8,3,0
301.418,1,18466816,windows,0,500,445,11,0,0,0,0,0,0,8,3,0
301.614,0,18620416,windows,0,500,445,11,0,0,0,0,0,0,8,3,0
301.681,1,18482176,windows,0,500,445,11,0,0,0,0,0,0,8,3,0
301.868,0,18637824,windows,0,500,445,11,0,0,0,0,0,0,8,3,0
301.933,1,18496512,windows,0,500,445,11,0,0,0,0,0,0,8,3,0
302.133,0,18654208,windows,0,500,445,11,0,0,0,0,0,0,8,3,0
302.201,1,18510848,windows,0,500,445,11,0,0,0,0,0,0,8,3,0
302.384,0,18670592,windows,0,500,445,11,0,0,0,0,0,0,8,3,0
302.453,1,18525184,windows,0,500,445,11,0,0,0,0,0,0,8,3,0
302.635,0,18688000,windows,0,500,445,11,0,0,0,0,0,0,8,3,0
302.721,1,18539520,windows,0,500,445,11,0,0,0,0,0,0,8,3,0
302.896,0,18705408,windows,0,500,445,11,0,0,0,0,0,0,8,3,0
302.973,1,18552832,windows,0,500,445,11,0,0,0,0,0,0,8,3,0
303.148,0,18722816,windows,0,500,445,11,0,0,0,0,0,0,8,3,0
303.242,1,18567168,windows,0,500,445,11,0,0,0,0,0,0,8,3,0
303.4,0,18739200,windows,0,500,445,11,0,0,0,0,0,0,8,3,0
303.512,1,18581504,windows,0,500,445,11,0,0,0,0,0,0,8,3,0
303.66,0,18757632,windows,0,500,445,11,0,0,0,0,0,0,8,3,0
303.778,1,18595840,windows,0,500,445,11,0,0,0,0,0,0,8,3,0
303.918,0,18776064,windows,0,500,445,11,0,0,0,0,0,0,8,3,0
304.034,1,18610176,windows,0,500,445,11,0,0,0,0,0,0,8,3,0
304.173,0,18794496,windows,0,500,445,11,0,0,0,0,0,0,8,3,0
304.285,1,18623488,windows,0,500,445,11,0,0,0,0,0,0,8,3,0
304.437,0,18812928,windows,0,500,445,11,0,0,0,0,0,0,8,3,0
304.552,1,18637824,windows,0,500,445,11,0,0,0,0,0,0,8,3,0
304.698,0,18831360,repair,0,500,445,11,0,0,0,0,0,0,8,3,0
304.804,1,18652160,windows,0,500,445,11,0,0,0,0,0,0,8,3,0
304.948,0,18849792,windows,0,500,445,11,0,0,0,0,0,0,8,3,0
305.058,1,18666496,windows,0,500,445,11,0,0,0,0,0,0,8,3,0
305.202,0,18867200,windows,0,500,445,11,0,0,0,0,0,0,8,3,0
305.312,1,18680832,windows,0,500,445,11,0,0,0,0,0,0,8,3,0
305.457,0,18883584,windows,0,500,445,11,0,0,0,0,0,0,8,3,0
305.576,1,18696192,windows,0,500,445,11,0,0,0,0,0,0,8,3,0
305.709,0,18900992,windows,0,500,445,11,0,0,0,0,0,0,8,3,0
305.837,1,18711552,windows,0,500,445,11,0,0,0,0,0,0,8,3,0
305.961,0,18918400,windows,0,500,445,11,0,0,0,0,0,0,8,3,0
306.096,1,18726912,windows,0,500,445,11,0,0,0,0,0,0,8,3,0
306.221,0,18935808,windows,0,500,445,11,0,0,0,0,0,0,8,3,0
306.348,1,18742272,windows,0,500,445,11,0,0,0,0,0,0,8,3,0
306.477,0,18954240,windows,0,500,445,11,0,0,0,0,0,0,8,3,0
306.612,1,18757632,windows,0,500,445,11,0,0,0,0,0,0,8,3,0
306.734,0,18971648,windows,0,500,445,11,0,0,0,0,0,0,8,3,0
306.865,1,18772992,windows,0,500,445,11,0,0,0,0,0,0,8,3,0
306.996,0,18989056,repair,0,500,445,11,0,0,0,0,0,0,8,3,0
307.13,1,18788352,windows,0,500,445,11,0,0,0,0,0,0,8,3,0
307.252,0,19008512,repair,0,500,445,11,0,0,0,0,0,0,8,3,0
307.383,1,18803712,windows,0,500,445,11,0,0,0,0,0,0,8,3,0
307.512,0,19028992,repair,0,500,445,11,0,0,0,0,0,0,8,3,0
307.634,1,18819072,windows,0,500,445,11,0,0,0,0,0,0,8,3,0
307.774,0,19047424,windows,0,500,445,11,0,0,0,0,0,0,8,3,0
307.899,1,18835456,windows,0,500,445,11,0,0,0,0,0,0,8,3,0
308.028,0,19065856,windows,0,500,445,11,0,0,0,0,0,0,8,3,0
308.165,1,18851840,windows,0,500,445,11,0,0,0,0,0,0,8,3,0
308.287,0,19084288,windows,0,500,445,11,0,0,0,0,0,0,8,3,0
308.423,1,18867200,windows,0,500,445,11,0,0,0,0,0,0,8,3,0
308.55,0,19102720,windows,0,500,445,11,0,0,0,0,0,0,8,3,0
308.677,1,18881536,repair,0,500,445,11,0,0,0,0,0,0,8,3,0
308.809,0,19121152,windows,0,500,445,11,0,0,0,0,0,0,8,3,0
308.935,1,18896896,repair,0,500,445,11,0,0,0,0,0,0,8,3,0
309.062,0,19138560,windows,0,500,445,11,0,0,0,0,0,0,8,3,0
309.201,1,18914304,repair,0,500,445,11,0,0,0,0,0,0,8,3,0
309.324,0,19156992,windows,0,500,445,11,0,0,0,0,0,0,8,3,0
309.458,1,18930688,repair,0,500,445,11,0,0,0,0,0,0,8,3,0
309.585,0,19175424,windows,0,500,445,11,0,0,0,0,0,0,8,3,0
309.714,1,18946048,repair,0,500,445,11,0,0,0,0,0,0,8,3,0
309.839,0,19192832,windows,0,500,445,11,0,0,0,0,0,0,8,3,0
309.976,1,18961408,windows,0,500,445,11,0,0,0,0,0,0,8,3,0
310.091,0,19209216,windows,0,500,445,11,0,0,0,0,0,0,8,3,0
310.24,1,18976768,windows,0,500,445,11,0,0,0,0,0,0,8,3,0
310.343,0,19225600,windows,0,500,445,11,0,0,0,0,0,0,8,3,0
310.495,1,18991104,windows,0,500,445,11,0,0,0,0,0,0,8,3,0
310.603,0,19243008,windows,0,500,445,11,0,0,0,0,0,0,8,3,0
310.754,1,19005440,windows,0,500,445,11,0,0,0,0,0,0,8,3,0
310.854,0,19260416,windows,0,500,445,11,0,0,0,0,0,0,8,3,0
311.022,1,19019776,windows,0,500,445,11,0,0,0,0,0,0,8,3,0
311.109,0,19278848,repair,0,500,445,11,0,0,0,0,0,0,8,3,0
311.274,1,19034112,windows,0,500,445,11,0,0,0,0,0,0,8,3,0
311.364,0,19300352,windows,0,500,445,11,0,0,0,0,0,0,8,3,0
311.53,1,19048448,windows,0,500,445,11,0,0,0,0,0,0,8,3,0
311.616,0,19318784,windows,0,500,445,11,0,0,0,0,0,0,8,3,0
311.787,1,19062784,windows,0,500,445,11,0,0,0,0,0,0,8,3,0
311.88,0,19336192,windows,0,500,445,11,0,0,0,0,0,0,8,3,0
312.041,1,19077120,windows,0,500,445,11,0,0,0,0,0,0,8,3,0
312.136,0,19352576,windows,0,500,445,11,0,0,0,0,0,0,8,3,0
312.293,1,19091456,windows,0,500,445,11,0,0,0,0,0,0,8,3,0
312.397,0,19368960,windows,0,500,445,11,0,0,0,0,0,0,8,3,0
312.561,1,19106816,windows,0,500,445,11,0,0,0,0,0,0,8,3,0
312.663,0,19385344,windows,0,500,445,11,0,0,0,0,0,0,8,3,0
312.819,1,19121152,windows,0,500,445,11,0,0,0,0,0,0,8,3,0
312.924,0,19401728,windows,0,500,445,11,0,0,0,0,0,0,8,3,0
313.077,1,19135488,windows,0,500,445,11,0,0,0,0,0,0,8,3,0
313.176,0,19416064,windows,0,500,445,11,0,0,0,0,0,0,8,3,0
313.33,1,19149824,windows,0,500,445,11,0,0,0,0,0,0,8,3,0
313.44,0,19432448,windows,0,500,445,11,0,0,0,0,0,0,8,3,0
313.594,1,19165184,windows,0,500,445,11,0,0,0,0,0,0,8,3,0
313.702,0,19447808,windows,0,500,445,11,0,0,0,0,0,0,8,3,0
313.856,1,19180544,windows,0,500,445,11,0,0,0,0,0,0,8,3,0
313.955,0,19463168,windows,0,500,445,11,0,0,0,0,0,0,8,3,0
314.106,1,19194880,windows,0,500,445,11,0,0,0,0,0,0,8,3,0
314.217,0,19481600,windows,0,500,445,11,0,0,0,0,0,0,8,3,0
314.36,1,19209216,windows,0,500,445,11,0,0,0,0,0,0,8,3,0
314.468,0,19496960,windows,0,500,445,11,0,0,0,0,0,0,8,3,0
314.626,1,19224576,windows,0,500,445,11,0,0,0,0,0,0,8,3,0
314.732,0,19512320,windows,0,500,445,11,0,0,0,0,0,0,8,3,0
314.885,1,19238912,windows,0,500,445,11,0,0,0,0,0,0,8,3,0
315.001,0,19527680,windows,0,500,445,11,0,0,0,0,0,0,8,3,0
315.146,1,19254272,windows,0,500,445,11,0,0,0,0,0,0,8,3,0
315.254,0,19543040,windows,0,500,445,11,0,0,0,0,0,0,8,3,0
315.405,1,19268608,windows,0,500,445,11,0,0,0,0,0,0,8,3,0
315.51,0,19560448,windows,0,500,445,11,0,0,0,0,0,0,8,3,0
315.661,1,19282944,windows,0,500,445,11,0,0,0,0,0,0,8,3,0
315.768,0,19577856,windows,0,500,445,11,0,0,0,0,0,0,8,3,0
315.92,1,19297280,windows,0,500,445,11,0,0,0,0,0,0,8,3,0
316.029,0,19595264,windows,0,500,445,11,0,0,0,0,0,0,8,3,0
316.186,1,19312640,windows,0,500,445,11,0,0,0,0,0,0,8,3,0
316.293,0,19612672,windows,0,500,445,11,0,0,0,0,0,0,8,3,0
316.449,1,19328000,windows,0,500,445,11,0,0,0,0,0,0,8,3,0
316.551,0,19629056,windows,0,500,445,11,0,0,0,0,0,0,8,3,0
316.721,1,19341312,windows,0,500,445,11,0,0,0,0,0,0,8,3,0
316.808,0,19646464,windows,0,500,445,11,0,0,0,0,0,0,8,3,0
316.988,1,19355648,windows,0,500,445,11,0,0,0,0,0,0,8,3,0
317.065,0,19663872,repair,0,500,445,11,0,0,0,0,0,0,8,3,0
317.252,1,19369984,windows,0,500,445,11,0,0,0,0,0,0,8,3,0
317.319,0,19681280,repair,0,500,445,11,0,0,0,0,0,0,8,3,0
317.513,1,19384320,repair,0,500,445,11,0,0,0,0,0,0,8,3,0
317.573,0,19699712,repair,0,500,445,11,0,0,0,0,0,0,8,3,0
317.774,1,19399680,repair,0,500,445,11,0,0,0,0,0,0,8,3,0
317.827,0,19718144,windows,0,500,445,11,0,0,0,0,0,0,8,3,0
318.028,1,19415040,windows,0,500,445,11,0,0,0,0,0,0,8,3,0
318.087,0,19735552,windows,0,500,445,11,0,0,0,0,0,0,8,3,0
318.293,1,19430400,windows,0,500,445,11,0,0,0,0,0,0,8,3,0
318.337,0,19751936,windows,0,500,445,11,0,0,0,0,0,0,8,3,0
318.556,1,19444736,windows,0,500,445,11,0,0,0,0,0,0,8,3,0
318.6,0,19769344,windows,0,500,445,11,0,0,0,0,0,0,8,3,0
318.814,1,19460096,windows,0,500,445,11,0,0,0,0,0,0,8,3,0
318.856,0,19785728,windows,0,500,445,11,0,0,0,0,0,0,8,3,0
319.076,1,19474432,windows,0,500,445,11,0,0,0,0,0,0,8,3,0
319.118,0,19803136,windows,0,500,445,11,0,0,0,0,0,0,8,3,0
319.33,1,19488768,windows,0,500,445,11,0,0,0,0,0,0,8,3,0
319.377,0,19817472,windows,0,500,445,11,0,0,0,0,0,0,8,3,0
319.595,1,19503104,windows,0,500,445,11,0,0,0,0,0,0,8,3,0
319.644,0,19831808,windows,0,500,445,11,0,0,0,0,0,0,8,3,0
319.846,1,19517440,windows,0,500,445,11,0,0,0,0,0,0,8,3,0
319.905,0,19846144,windows,0,500,445,11,0,0,0,0,0,0,8,3,0
320.109,1,19531776,windows,0,500,445,11,0,0,0,0,0,0,8,3,0
320.17,0,19861504,windows,0,500,445,11,0,0,0,0,0,0,8,3,0
320.367,1,19546112,windows,0,500,445,11,0,0,0,0,0,0,8,3,0
320.434,0,19876864,windows,0,500,445,11,0,0,0,0,0,0,8,3,0
320.619,1,19560448,windows,0,500,445,11,0,0,0,0,0,0,8,3,0
320.696,0,19891200,windows,0,500,445,11,0,0,0,0,0,0,8,3,0
320.874,1,19574784,windows,0,500,445,11,0,0,0,0,0,0,8,3,0
320.955,0,19905536,windows,0,500,445,11,0,0,0,0,0,0,8,3,0
321.131,1,19589120,windows,0,500,445,11,0,0,0,0,0,0,8,3,0
321.213,0,19920896,windows,0,500,445,11,0,0,0,0,0,0,8,3,0
321.382,1,19606528,windows,0,500,445,11,0,0,0,0,0,0,8,3,0
321.473,0,19937280,windows,0,500,445,11,0,0,0,0,0,0,8,3,0
321.639,1,19624960,windows,0,500,445,11,0,0,0,0,0,0,8,3,0
321.726,0,19952640,windows,0,500,445,11,0,0,0,0,0,0,8,3,0
321.897,1,19643392,windows,0,500,445,11,0,0,0,0,0,0,8,3,0
321.982,0,19968000,windows,0,500,445,11,0,0,0,0,0,0,8,3,0
322.154,1,19659776,windows,0,500,445,11,0,0,0,0,0,0,8,3,0
322.247,0,19984384,windows,0,500,445,11,0,0,0,0,0,0,8,3,0
322.413,1,19675136,windows,0,500,445,11,0,0,0,0,0,0,8,3,0
322.503,0,20000768,windows,0,500,445,11,0,0,0,0,0,0,8,3,0
322.676,1,19692544,windows,0,500,445,11,0,0,0,0,0,0,8,3,0
322.765,0,20017152,windows,0,500,445,11,0,0,0,0,0,0,8,3,0
322.936,1,19709952,windows,0,500,445,11,0,0,0,0,0,0,8,3,0
323.019,0,20032512,windows,0,500,445,11,0,0,0,0,0,0,8,3,0
323.189,1,19727360,windows,0,500,445,11,0,0,0,0,0,0,8,3,0
323.281,0,20048896,windows,0,500,445,11,0,0,0,0,0,0,8,3,0
323.442,1,19746816,windows,0,500,445,11,0,0,0,0,0,0,8,3,0
323.55,0,20065280,windows,0,500,445,11,0,0,0,0,0,0,8,3,0
323.702,1,19766272,windows,0,500,445,11,0,0,0,0,0,0,8,3,0
323.803,0,20079616,windows,0,500,445,11,0,0,0,0,0,0,8,3,0
323.963,1,19785728,windows,0,500,445,11,0,0,0,0,0,0,8,3,0
324.069,0,20096000,windows,0,500,445,11,0,0,0,0,0,0,8,3,0
324.216,1,19805184,windows,0,500,445,11,0,0,0,0,0,0,8,3,0
324.335,0,20111360,windows,0,500,445,11,0,0,0,0,0,0,8,3,0
324.472,1,19824640,windows,0,500,445,11,0,0,0,0,0,0,8,3,0
324.588,0,20125696,windows,0,500,445,11,0,0,0,0,0,0,8,3,0
324.725,1,19844096,windows,0,500,445,11,0,0,0,0,0,0,8,3,0
324.849,0,20141056,windows,0,500,445,11,0,0,0,0,0,0,8,3,0
324.977,1,19862528,windows,0,500,445,11,0,0,0,0,0,0,8,3,0
325.114,0,20156416,windows,0,500,445,11,0,0,0,0,0,0,8,3,0
325.231,1,19881984,windows,0,500,445,11,0,0,0,0,0,0,8,3,0
325.368,0,20171776,windows,0,500,445,11,0,0,0,0,0,0,8,3,0
325.493,1,19902464,repair,0,500,445,11,0,0,0,0,0,0,8,3,0
325.628,0,20187136,windows,0,500,445,11,0,0,0,0,0,0,8,3,0
325.748,1,19923968,repair,0,500,445,11,0,0,0,0,0,0,8,3,0
325.893,0,20202496,windows,0,500,445,11,0,0,0,0,0,0,8,3,0
326.007,1,19944448,repair,0,500,445,11,0,0,0,0,0,0,8,3,0
326.156,0,20218880,windows,0,500,445,11,0,0,0,0,0,0,8,3,0
326.258,1,19963904,windows,0,500,445,11,0,0,0,0,0,0,8,3,0
326.411,0,20235264,windows,0,500,445,11,0,0,0,0,0,0,8,3,0
326.521,1,19982336,windows,0,500,445,11,0,0,0,0,0,0,8,3,0
326.668,0,20250624,repair,0,500,445,11,0,0,0,0,0,0,8,3,0
326.78,1,20000768,windows,0,500,445,11,0,0,0,0,0,0,8,3,0
326.931,0,20267008,repair,0,500,445,11,0,0,0,0,0,0,8,3,0
327.044,1,20019200,windows,0,500,445,11,0,0,0,0,0,0,8,3,0
327.19,0,20283392,windows,0,500,445,11,0,0,0,0,0,0,8,3,0
327.299,1,20037632,windows,0,500,445,11,0,0,0,0,0,0,8,3,0
327.444,0,20298752,windows,0,500,445,11,0,0,0,0,0,0,8,3,0
327.55,1,20055040,windows,0,500,445,11,0,0,0,0,0,0,8,3,0
327.7,0,20313088,windows,0,500,445,11,0,0,0,0,0,0,8,3,0
327.811,1,20072448,windows,0,500,445,11,0,0,0,0,0,0,8,3,0
327.962,0,20327424,windows,0,500,445,11,0,0,0,0,0,0,8,3,0
328.066,1,20089856,windows,0,500,445,11,0,0,0,0,0,0,8,3,0
328.215,0,20341760,windows,0,500,445,11,0,0,0,0,0,0,8,3,0
328.327,1,20107264,windows,0,500,445,11,0,0,0,0,0,0,8,3,0
328.473,0,20356096,windows,0,500,445,11,0,0,0,0,0,0,8,3,0
328.584,1,20123648,windows,0,500,445,11,0,0,0,0,0,0,8,3,0
328.733,0,20370432,windows,0,500,445,11,0,0,0,0,0,0,8,3,0
328.848,1,20141056,windows,0,500,445,11,0,0,0,0,0,0,8,3,0
328.997,0,20384768,windows,0,500,445,11,0,0,0,0,0,0,8,3,0
329.105,1,20158464,windows,0,500,445,11,0,0,0,0,0,0,8,3,0
329.248,0,20399104,windows,0,500,445,11,0,0,0,0,0,0,8,3,0
329.367,1,20174848,windows,0,500,445,11,0,0,0,0,0,0,8,3,0
329.504,0,20413440,windows,0,500,445,11,0,0,0,0,0,0,8,3,0
329.625,1,20192256,windows,0,500,445,11,0,0,0,0,0,0,8,3,0
329.763,0,20427776,windows,0,500,445,11,0,0,0,0,0,0,8,3,0
329.887,1,20210688,windows,0,500,445,11,0,0,0,0,0,0,8,3,0
330.023,0,20442112,windows,0,500,445,11,0,0,0,0,0,0,8,3,0
330.143,1,20229120,windows,0,500,445,11,0,0,0,0,0,0,8,3,0
330.284,0,20457472,windows,0,500,445,11,0,0,0,0,0,0,8,3,0
330.4,1,20245504,windows,0,500,445,11,0,0,0,0,0,0,8,3,0
330.548,0,20472832,windows,0,500,445,11,0,0,0,0,0,0,8,3,0
330.662,1,20264960,windows,0,500,445,11,0,0,0,0,0,0,8,3,0
330.814,0,20488192,windows,0,500,445,11,0,0,0,0,0,0,8,3,0
330.922,1,20283392,windows,0,500,445,11,0,0,0,0,0,0,8,3,0
331.068,0,20501504,windows,0,500,445,11,0,0,0,0,0,0,8,3,0
331.178,1,20301824,repair,0,500,445,11,0,0,0,0,0,0,8,3,0
331.32,0,20515840,windows,0,500,445,11,0,0,0,0,0,0,8,3,0
331.441,1,20322304,windows,0,500,445,11,0,0,0,0,0,0,8,3,0
331.584,0,20529152,windows,0,500,445,11,0,0,0,0,0,0,8,3,0
331.705,1,20337664,windows,0,500,445,11,0,0,0,0,0,0,8,3,0
331.838,0,20542464,windows,0,500,445,11,0,0,0,0,0,0,8,3,0
331.968,1,20352000,windows,0,500,445,11,0,0,0,0,0,0,8,3,0
332.098,0,20556800,windows,0,500,445,11,0,0,0,0,0,0,8,3,0
332.219,1,20364288,windows,0,500,445,11,0,0,0,0,0,0,8,3,0
332.35,0,20570112,windows,0,500,445,11,0,0,0,0,0,0,8,3,0
332.484,1,20378624,windows,0,500,445,11,0,0,0,0,0,0,8,3,0
332.612,0,20584448,windows,0,500,445,11,0,0,0,0,0,0,8,3,0
332.742,1,20391936,windows,0,500,445,11,0,0,0,0,0,0,8,3,0
332.884,0,20598784,windows,0,500,445,11,0,0,0,0,0,0,8,3,0
333.006,1,20405248,windows,0,500,445,11,0,0,0,0,0,0,8,3,0
333.143,0,20612096,windows,0,500,445,11,0,0,0,0,0,0,8,3,0
333.274,1,20419584,windows,0,500,445,11,0,0,0,0,0,0,8,3,0
333.396,0,20625408,windows,0,500,445,11,0,0,0,0,0,0,8,3,0
333.532,1,20432896,windows,0,500,445,11,0,0,0,0,0,0,8,3,0
333.652,0,20638720,windows,0,500,445,11,0,0,0,0,0,0,8,3,0
333.794,1,20446208,windows,0,500,445,11,0,0,0,0,0,0,8,3,0
333.914,0,20653056,windows,0,500,445,11,0,0,0,0,0,0,8,3,0
334.054,1,20460544,windows,0,500,445,11,0,0,0,0,0,0,8,3,0
334.172,0,20667392,windows,0,500,445,11,0,0,0,0,0,0,8,3,0
334.307,1,20473856,windows,0,500,445,11,0,0,0,0,0,0,8,3,0
334.428,0,20684800,windows,0,500,445,11,0,0,0,0,0,0,8,3,0
334.571,1,20488192,windows,0,500,445,11,0,0,0,0,0,0,8,3,0
334.688,0,20703232,repair,0,500,445,11,0,0,0,0,0,0,8,3,0
334.821,1,20501504,windows,0,500,445,11,0,0,0,0,0,0,8,3,0
334.94,0,20721664,repair,0,500,445,11,0,0,0,0,0,0,8,3,0
335.082,1,20514816,windows,0,500,445,11,0,0,0,0,0,0,8,3,0
335.193,0,20742144,repair,0,500,445,11,0,0,0,0,0,0,8,3,0
335.341,1,20529152,windows,0,500,445,11,0,0,0,0,0,0,8,3,0
335.454,0,20760576,windows,0,500,445,11,0,0,0,0,0,0,8,3,0
335.595,1,20542464,windows,0,500,445,11,0,0,0,0,0,0,8,3,0
335.705,0,20777984,windows,0,500,445,11,0,0,0,0,0,0,8,3,0
335.863,1,20556800,windows,0,500,445,11,0,0,0,0,0,0,8,3,0
335.96,0,20794368,windows,0,500,445,11,0,0,0,0,0,0,8,3,0
336.13,1,20571136,windows,0,500,445,11,0,0,0,0,0,0,8,3,0
336.225,0,20811776,windows,0,500,445,11,0,0,0,0,0,0,8,3,0
336.384,1,20584448,windows,0,500,445,11,0,0,0,0,0,0,8,3,0
336.49,0,20829184,windows,0,500,445,11,0,0,0,0,0,0,8,3,0
336.65,1,20598784,windows,0,500,445,11,0,0,0,0,0,0,8,3,0
336.744,0,20844544,windows,0,500,445,11,0,0,0,0,0,0,8,3,0
336.901,1,20612096,windows,0,500,445,11,0,0,0,0,0,0,8,3,0
337.01,0,20861952,windows,0,500,445,11,0,0,0,0,0,0,8,3,0
337.167,1,20626432,windows,0,500,445,11,0,0,0,0,0,0,8,3,0
337.26,0,20877312,windows,0,500,445,11,0,0,0,0,0,0,8,3,0
337.421,1,20638720,windows,0,500,445,11,0,0,0,0,0,0,8,3,0
337.521,0,20893696,windows,0,500,445,11,0,0,0,0,0,0,8,3,0
337.681,1,20653056,windows,0,500,445,11,0,0,0,0,0,0,8,3,0
337.771,0,20910080,windows,0,500,445,11,0,0,0,0,0,0,8,3,0
337.941,1,20666368,windows,0,500,445,11,0,0,0,0,0,0,8,3,0
338.029,0,20925440,windows,0,500,445,11,0,0,0,0,0,0,8,3,0
338.205,1,20680704,windows,0,500,445,11,0,0,0,0,0,0,8,3,0
338.295,0,20942848,windows,0,500,445,11,0,0,0,0,0,0,8,3,0
338.471,1,20695040,windows,0,500,445,11,0,0,0,0,0,0,8,3,0
338.555,0,20958208,windows,0,500,445,11,0,0,0,0,0,0,8,3,0
338.733,1,20711424,windows,0,500,445,11,0,0,0,0,0,0,8,3,0
338.809,0,20974592,windows,0,500,445,11,0,0,0,0,0,0,8,3,0
338.989,1,20727808,windows,0,500,445,11,0,0,0,0,0,0,8,3,0
339.066,0,20992000,windows,0,500,445,11,0,0,0,0,0,0,8,3,0
339.248,1,20744192,windows,0,500,445,11,0,0,0,0,0,0,8,3,0
339.332,0,21010432,windows,0,500,445,11,0,0,0,0,0,0,8,3,0
339.502,1,20757504,windows,0,500,445,11,0,0,0,0,0,0,8,3,0
339.591,0,21026816,windows,0,500,445,11,0,0,0,0,0,0,8,3,0
339.76,1,20771840,windows,0,500,445,11,0,0,0,0,0,0,8,3,0
339.841,0,21044224,windows,0,500,445,11,0,0,0,0,0,0,8,3,0
340.028,1,20786176,windows,0,500,445,11,0,0,0,0,0,0,8,3,0
340.094,0,21059584,windows,0,500,445,11,0,0,0,0,0,0,8,3,0
340.298,1,20799488,repair,0,500,445,11,0,0,0,0,0,0,8,3,0
340.359,0,21074944,windows,0,500,445,11,0,0,0,0,0,0,8,3,0
340.556,1,20814848,repair,0,500,445,11,0,0,0,0,0,0,8,3,0
340.615,0,21090304,windows,0,500,445,11,0,0,0,0,0,0,8,3,0
340.81,1,20830208,windows,0,500,445,11,0,0,0,0,0,0,8,3,0
340.868,0,21107712,windows,0,500,445,11,0,0,0,0,0,0,8,3,0
341.074,1,20845568,windows,0,500,445,11,0,0,0,0,0,0,8,3,0
341.124,0,21125120,windows,0,500,445,11,0,0,0,0,0,0,8,3,0
341.332,1,20859904,windows,0,500,445,11,0,0,0,0,0,0,8,3,0
341.381,0,21143552,windows,0,500,445,11,0,0,0,0,0,0,8,3,0
341.601,1,20874240,windows,0,500,445,11,0,0,0,0,0,0,8,3,0
341.633,0,21160960,windows,0,500,445,11,0,0,0,0,0,0,8,3,0
341.861,1,20887552,windows,0,500,445,11,0,0,0,0,0,0,8,3,0
341.889,0,21174272,windows,0,500,445,11,0,0,0,0,0,0,8,3,0
342.126,1,20900864,windows,0,500,445,11,0,0,0,0,0,0,8,3,0
342.15,0,21192704,windows,0,500,445,11,0,0,0,0,0,0,8,3,0
342.38,1,20914176,windows,0,500,445,11,0,0,0,0,0,0,8,3,0
342.401,0,21208064,windows,0,500,445,11,0,0,0,0,0,0,8,3,0
342.642,1,20927488,windows,0,500,445,11,0,0,0,0,0,0,8,3,0
342.656,0,21221376,windows,0,500,445,11,0,0,0,0,0,0,8,3,0
342.898,1,20940800,windows,0,500,445,11,0,0,0,0,0,0,8,3,0
342.907,0,21235712,windows,0,500,445,11,0,0,0,0,0,0,8,3,0
343.166,0,21250048,windows,0,500,445,11,0,0,0,0,0,0,8,3,0
343.167,1,20955136,windows,0,500,445,11,0,0,0,0,0,0,8,3,0
343.417,0,21264384,windows,0,500,445,11,0,0,0,0,0,0,8,3,0
343.437,1,20969472,windows,0,500,445,11,0,0,0,0,0,0,8,3,0
343.668,0,21278720,windows,0,500,445,11,0,0,0,0,0,0,8,3,0
343.703,1,20983808,windows,0,500,445,11,0,0,0,0,0,0,8,3,0
343.924,0,21294080,windows,0,500,445,11,0,0,0,0,0,0,8,3,0
343.968,1,20998144,windows,0,500,445,11,0,0,0,0,0,0,8,3,0
344.178,0,21310464,windows,0,500,445,11,0,0,0,0,0,0,8,3,0
344.219,1,21012480,windows,0,500,445,11,0,0,0,0,0,0,8,3,0
344.431,0,21327872,windows,0,500,445,11,0,0,0,0,0,0,8,3,0
344.476,1,21026816,repair,0,500,445,11,0,0,0,0,0,0,8,3,0
344.689,0,21346304,windows,0,500,445,11,0,0,0,0,0,0,8,3,0
344.738,1,21043200,repair,0,500,445,11,0,0,0,0,0,0,8,3,0
344.947,0,21364736,windows,0,500,445,11,0,0,0,0,0,0,8,3,0
344.998,1,21060608,windows,0,500,445,11,0,0,0,0,0,0,8,3,0
345.203,0,21382144,windows,0,500,445,11,0,0,0,0,0,0,8,3,0
345.256,1,21074944,windows,0,500,445,11,0,0,0,0,0,0,8,3,0
345.457,0,21400576,windows,0,500,445,11,0,0,0,0,0,0,8,3,0
345.51,1,21089280,windows,0,500,445,11,0,0,0,0,0,0,8,3,0
345.717,0,21419008,windows,0,500,445,11,0,0,0,0,0,0,8,3,0
345.778,1,21103616,windows,0,500,445,11,0,0,0,0,0,0,8,3,0
345.968,0,21436416,windows,0,500,445,11,0,0,0,0,0,0,8,3,0
346.032,1,21116928,windows,0,500,445,11,0,0,0,0,0,0,8,3,0
346.224,0,21454848,windows,0,500,445,11,0,0,0,0,0,0,8,3,0
346.283,1,21131264,windows,0,500,445,11,0,0,0,0,0,0,8,3,0
346.475,0,21472256,windows,0,500,445,11,0,0,0,0,0,0,8,3,0
346.549,1,21145600,windows,0,500,445,11,0,0,0,0,0,0,8,3,0
346.738,0,21490688,windows,0,500,445,11,0,0,0,0,0,0,8,3,0
346.81,1,21159936,windows,0,500,445,11,0,0,0,0,0,0,8,3,0
346.993,0,21508096,windows,0,500,445,11,0,0,0,0,0,0,8,3,0
347.074,1,21174272,windows,0,500,445,11,0,0,0,0,0,0,8,3,0
347.259,0,21525504,windows,0,500,445,11,0,0,0,0,0,0,8,3,0
347.33,1,21188608,windows,0,500,445,11,0,0,0,0,0,0,8,3,0
347.513,0,21539840,windows,0,500,445,11,0,0,0,0,0,0,8,3,0
347.58,1,21200896,windows,0,500,445,11,0,0,0,0,0,0,8,3,0
347.763,0,21554176,repair,0,500,445,11,0,0,0,0,0,0,8,3,0
347.838,1,21214208,windows,0,500,445,11,0,0,0,0,0,0,8,3,0
348.017,0,21568512,repair,0,500,445,11,0,0,0,0,0,0,8,3,0
348.108,1,21228544,windows,0,500,445,11,0,0,0,0,0,0,8,3,0
348.277,0,21584896,repair,0,500,445,11,0,0,0,0,0,0,8,3,0
348.372,1,21243904,windows,0,500,445,11,0,0,0,0,0,0,8,3,0
348.534,0,21600256,windows,0,500,445,11,0,0,0,0,0,0,8,3,0
348.631,1,21258240,windows,0,500,445,11,0,0,0,0,0,0,8,3,0
348.784,0,21614592,windows,0,500,445,11,0,0,0,0,0,0,8,3,0
348.903,1,21272576,windows,0,500,445,11,0,0,0,0,0,0,8,3,0
349.047,0,21633024,windows,0,500,445,11,0,0,0,0,0,0,8,3,0
349.159,1,21286912,windows,0,500,445,11,0,0,0,0,0,0,8,3,0
349.304,0,21650432,windows,0,500,445,11,0,0,0,0,0,0,8,3,0
349.41,1,21301248,windows,0,500,445,11,0,0,0,0,0,0,8,3,0
349.565,0,21667840,windows,0,500,445,11,0,0,0,0,0,0,8,3,0
349.673,1,21315584,windows,0,500,445,11,0,0,0,0,0,0,8,3,0
349.828,0,21685248,windows,0,500,445,11,0,0,0,0,0,0,8,3,0
349.925,1,21329920,windows,0,500,445,11,0,0,0,0,0,0,8,3,0
350.087,0,21702656,windows,0,500,445,11,0,0,0,0,0,0,8,3,0
350.179,1,21344256,windows,0,500,445,11,0,0,0,0,0,0,8,3,0
350.349,0,21720064,windows,0,500,445,11,0,0,0,0,0,0,8,3,0
350.436,1,21357568,windows,0,500,445,11,0,0,0,0,0,0,8,3,0
350.61,0,21738496,windows,0,500,445,11,0,0,0,0,0,0,8,3,0
350.689,1,21370880,windows,0,500,445,11,0,0,0,0,0,0,8,3,0
350.87,0,21756928,windows,0,500,445,11,0,0,0,0,0,0,8,3,0
350.942,1,21384192,windows,0,500,445,11,0,0,0,0,0,0,8,3,0
351.127,0,21775360,windows,0,500,445,11,0,0,0,0,0,0,8,3,0
351.193,1,21398528,repair,0,500,445,11,0,0,0,0,0,0,8,3,0
351.389,0,21794816,windows,0,500,445,11,0,0,0,0,0,0,8,3,0
351.448,1,21413888,repair,0,500,445,11,0,0,0,0,0,0,8,3,0
351.646,0,21814272,windows,0,500,445,11,0,0,0,0,0,0,8,3,0
351.711,1,21430272,repair,0,500,445,11,0,0,0,0,0,0,8,3,0
351.907,0,21831680,windows,0,500,445,11,0,0,0,0,0,0,8,3,0
351.975,1,21446656,windows,0,500,445,11,0,0,0,0,0,0,8,3,0
352.171,0,21850112,windows,0,500,445,11,0,0,0,0,0,0,8,3,0
352.232,1,21460992,windows,0,500,445,11,0,0,0,0,0,0,8,3,0
352.43,0,21866496,repair,0,500,445,11,0,0,0,0,0,0,8,3,0
352.501,1,21476352,windows,0,500,445,11,0,0,0,0,0,0,8,3,0
352.686,0,21884928,repair,0,500,445,11,0,0,0,0,0,0,8,3,0
352.761,1,21490688,windows,0,500,445,11,0,0,0,0,0,0,8,3,0
352.943,0,21905408,repair,0,500,445,11,0,0,0,0,0,0,8,3,0
353.027,1,21505024,windows,0,500,445,11,0,0,0,0,0,0,8,3,0
353.207,0,21923840,windows,0,500,445,11,0,0,0,0,0,0,8,3,0
353.295,1,21519360,windows,0,500,445,11,0,0,0,0,0,0,8,3,0
353.467,0,21940224,windows,0,500,445,11,0,0,0,0,0,0,8,3,0
353.559,1,21533696,windows,0,500,445,11,0,0,0,0,0,0,8,3,0
353.722,0,21956608,windows,0,500,445,11,0,0,0,0,0,0,8,3,0
353.822,1,21548032,windows,0,500,445,11,0,0,0,0,0,0,8,3,0
353.984,0,21975040,windows,0,500,445,11,0,0,0,0,0,0,8,3,0
354.088,1,21562368,windows,0,500,445,11,0,0,0,0,0,0,8,3,0
354.235,0,21992448,windows,0,500,445,11,0,0,0,0,0,0,8,3,0
354.353,1,21576704,windows,0,500,445,11,0,0,0,0,0,0,8,3,0
354.491,0,22010880,windows,0,500,445,11,0,0,0,0,0,0,8,3,0
354.61,1,21590016,windows,0,500,445,11,0,0,0,0,0,0,8,3,0
354.75,0,22030336,windows,0,500,445,11,0,0,0,0,0,0,8,3,0
354.867,1,21604352,windows,0,500,445,11,0,0,0,0,0,0,8,3,0
355.006,0,22047744,windows,0,500,445,11,0,0,0,0,0,0,8,3,0
355.13,1,21617664,windows,0,500,445,11,0,0,0,0,0,0,8,3,0
355.262,0,22066176,windows,0,500,445,11,0,0,0,0,0,0,8,3,0
355.396,1,21632000,windows,0,500,445,11,0,0,0,0,0,0,8,3,0
355.52,0,22084608,windows,0,500,445,11,0,0,0,0,0,0,8,3,0
355.655,1,21644288,windows,0,500,445,11,0,0,0,0,0,0,8,3,0
355.78,0,22102016,windows,0,500,445,11,0,0,0,0,0,0,8,3,0
355.922,1,21655552,windows,0,500,445,11,0,0,0,0,0,0,8,3,0
356.042,0,22118400,windows,0,500,445,11,0,0,0,0,0,0,8,3,0
356.181,1,21670912,windows,0,500,445,11,0,0,0,0,0,0,8,3,0
356.297,0,22135808,windows,0,500,445,11,0,0,0,0,0,0,8,3,0
356.436,1,21685248,windows,0,500,445,11,0,0,0,0,0,0,8,3,0
356.554,0,22152192,windows,0,500,445,11,0,0,0,0,0,0,8,3,0
356.687,1,21698560,repair,0,500,445,11,0,0,0,0,0,0,8,3,0
356.813,0,22169600,windows,0,500,445,11,0,0,0,0,0,0,8,3,0
356.949,1,21713920,repair,0,500,445,11,0,0,0,0,0,0,8,3,0
357.069,0,22184960,windows,0,500,445,11,0,0,0,0,0,0,8,3,0
357.202,1,21728256,windows,0,500,445,11,0,0,0,0,0,0,8,3,0
357.322,0,22200320,windows,0,500,445,11,0,0,0,0,0,0,8,3,0
357.456,1,21742592,windows,0,500,445,11,0,0,0,0,0,0,8,3,0
357.586,0,22216704,windows,0,500,445,11,0,0,0,0,0,0,8,3,0
357.716,1,21756928,windows,0,500,445,11,0,0,0,0,0,0,8,3,0
357.841,0,22232064,windows,0,500,445,11,0,0,0,0,0,0,8,3,0
357.969,1,21770240,windows,0,500,445,11,0,0,0,0,0,0,8,3,0
358.096,0,22248448,windows,0,500,445,11,0,0,0,0,0,0,8,3,0
358.229,1,21784576,windows,0,500,445,11,0,0,0,0,0,0,8,3,0
358.36,0,22265856,windows,0,500,445,11,0,0,0,0,0,0,8,3,0
358.484,1,21797888,windows,0,500,445,11,0,0,0,0,0,0,8,3,0
358.622,0,22283264,windows,0,500,445,11,0,0,0,0,0,0,8,3,0
358.747,1,21812224,windows,0,500,445,11,0,0,0,0,0,0,8,3,0
358.887,0,22300672,windows,0,500,445,11,0,0,0,0,0,0,8,3,0
359.001,1,21825536,windows,0,500,445,11,0,0,0,0,0,0,8,3,0
359.149,0,22317056,windows,0,500,445,11,0,0,0,0,0,0,8,3,0
359.263,1,21840896,windows,0,500,445,11,0,0,0,0,0,0,8,3,0
359.401,0,22335488,windows,0,500,445,11,0,0,0,0,0,0,8,3,0
359.529,1,21856256,windows,0,500,445,11,0,0,0,0,0,0,8,3,0
359.655,0,22353920,repair,0,500,445,11,0,0,0,0,0,0,8,3,0
359.793,1,21870592,windows,0,500,445,11,0,0,0,0,0,0,8,3,0
359.906,0,22371328,windows,0,500,445,11,0,0,0,0,0,0,8,3,0
360.057,1,21884928,windows,0,500,445,11,0,0,0,0,0,0,8,3,0
360.167,0,22386688,windows,0,500,445,11,0,0,0,0,0,0,8,3,0
360.312,1,21897216,windows,0,500,445,11,0,0,0,0,0,0,8,3,0
360.431,0,22402048,windows,0,500,445,11,0,0,0,0,0,0,8,3,0
360.576,1,21911552,windows,0,500,445,11,0,0,0,0,0,0,8,3,0
360.695,0,22418432,windows,0,500,445,11,0,0,0,0,0,0,8,3,0
360.838,1,21927936,windows,0,500,445,11,0,0,0,0,0,0,8,3,0
360.948,0,22434816,windows,0,500,445,11,0,0,0,0,0,0,8,3,0
361.099,1,21946368,windows,0,500,445,11,0,0,0,0,0,0,8,3,0
361.212,0,22450176,windows,0,500,445,11,0,0,0,0,0,0,8,3,0
361.362,1,21963776,windows,0,500,445,11,0,0,0,0,0,0,8,3,0
361.463,0,22464512,windows,0,500,445,11,0,0,0,0,0,0,8,3,0
361.622,1,21983232,windows,0,500,445,11,0,0,0,0,0,0,8,3,0
361.717,0,22478848,windows,0,500,445,11,0,0,0,0,0,0,8,3,0
361.886,1,22001664,windows,0,500,445,11,0,0,0,0,0,0,8,3,0
361.97,0,22493184,windows,0,500,445,11,0,0,0,0,0,0,8,3,0
362.138,1,22019072,windows,0,500,445,11,0,0,0,0,0,0,8,3,0
362.236,0,22508544,windows,0,500,445,11,0,0,0,0,0,0,8,3,0
362.389,1,22036480,windows,0,500,445,11,0,0,0,0,0,0,8,3,0
362.493,0,22522880,windows,0,500,445,11,0,0,0,0,0,0,8,3,0
362.652,1,22053888,repair,0,500,445,11,0,0,0,0,0,0,8,3,0
362.752,0,22538240,windows,0,500,445,11,0,0,0,0,0,0,8,3,0
362.904,1,22071296,repair,0,500,445,11,0,0,0,0,0,0,8,3,0
363.004,0,22552576,windows,0,500,445,11,0,0,0,0,0,0,8,3,0
363.156,1,22088704,windows,0,500,445,11,0,0,0,0,0,0,8,3,0
363.267,0,22568960,windows,0,500,445,11,0,0,0,0,0,0,8,3,0
363.414,1,22107136,windows,0,500,445,11,0,0,0,0,0,0,8,3,0
363.529,0,22584320,repair,0,500,445,11,0,0,0,0,0,0,8,3,0
363.672,1,22125568,windows,0,500,445,11,0,0,0,0,0,0,8,3,0
363.785,0,22598656,repair,0,500,445,11,0,0,0,0,0,0,8,3,0
363.931,1,22145024,windows,0,500,445,11,0,0,0,0,0,0,8,3,0
364.037,0,22612992,windows,0,500,445,11,0,0,0,0,0,0,8,3,0
364.192,1,22164480,windows,0,500,445,11,0,0,0,0,0,0,8,3,0
364.295,0,22628352,windows,0,500,445,11,0,0,0,0,0,0,8,3,0
364.453,1,22183936,windows,0,500,445,11,0,0,0,0,0,0,8,3,0
364.546,0,22642688,windows,0,500,445,11,0,0,0,0,0,0,8,3,0
364.706,1,22202368,windows,0,500,445,11,0,0,0,0,0,0,8,3,0
364.807,0,22657024,windows,0,500,445,11,0,0,0,0,0,0,8,3,0
364.962,1,22220800,windows,0,500,445,11,0,0,0,0,0,0,8,3,0
365.062,0,22671360,windows,0,500,445,11,0,0,0,0,0,0,8,3,0
365.224,1,22239232,windows,0,500,445,11,0,0,0,0,0,0,8,3,0
365.324,0,22685696,windows,0,500,445,11,0,0,0,0,0,0,8,3,0
365.475,1,22257664,windows,0,500,445,11,0,0,0,0,0,0,8,3,0
365.589,0,22700032,windows,0,500,445,11,0,0,0,0,0,0,8,3,0
365.728,1,22275072,windows,0,500,445,11,0,0,0,0,0,0,8,3,0
365.854,0,22715392,windows,0,500,445,11,0,0,0,0,0,0,8,3,0
365.983,1,22292480,windows,0,500,445,11,0,0,0,0,0,0,8,3,0
366.119,0,22729728,windows,0,500,445,11,0,0,0,0,0,0,8,3,0
366.237,1,22311936,windows,0,500,445,11,0,0,0,0,0,0,8,3,0
366.381,0,22745088,windows,0,500,445,11,0,0,0,0,0,0,8,3,0
366.497,1,22332416,windows,0,500,445,11,0,0,0,0,0,0,8,3,0
366.642,0,22759424,windows,0,500,445,11,0,0,0,0,0,0,8,3,0
366.757,1,22352896,windows,0,500,445,11,0,0,0,0,0,0,8,3,0
366.908,0,22774784,windows,0,500,445,11,0,0,0,0,0,0,8,3,0
367.011,1,22371328,windows,0,500,445,11,0,0,0,0,0,0,8,3,0
367.163,0,22789120,windows,0,500,445,11,0,0,0,0,0,0,8,3,0
367.265,1,22390784,windows,0,500,445,11,0,0,0,0,0,0,8,3,0
367.416,0,22804480,windows,0,500,445,11,0,0,0,0,0,0,8,3,0
367.528,1,22411264,windows,0,500,445,11,0,0,0,0,0,0,8,3,0
367.681,0,22819840,windows,0,500,445,11,0,0,0,0,0,0,8,3,0
367.782,1,22430720,windows,0,500,445,11,0,0,0,0,0,0,8,3,0
367.943,0,22835200,windows,0,500,445,11,0,0,0,0,0,0,8,3,0
368.037,1,22450176,repair,0,500,445,11,0,0,0,0,0,0,8,3,0
368.203,0,22850560,windows,0,500,445,11,0,0,0,0,0,0,8,3,0
368.3,1,22468608,windows,0,500,445,11,0,0,0,0,0,0,8,3,0
368.465,0,22865920,windows,0,500,445,11,0,0,0,0,0,0,8,3,0
368.552,1,22483968,windows,0,500,445,11,0,0,0,0,0,0,8,3,0
368.723,0,22880256,windows,0,500,445,11,0,0,0,0,0,0,8,3,0
368.803,1,22499328,windows,0,500,445,11,0,0,0,0,0,0,8,3,0
368.989,0,22896640,windows,0,500,445,11,0,0,0,0,0,0,8,3,0
369.058,1,22517760,windows,0,500,445,11,0,0,0,0,0,0,8,3,0
369.247,0,22912000,windows,0,500,445,11,0,0,0,0,0,0,8,3,0
369.323,1,22537216,windows,0,500,445,11,0,0,0,0,0,0,8,3,0
369.503,0,22927360,windows,0,500,445,11,0,0,0,0,0,0,8,3,0
369.579,1,22554624,windows,0,500,445,11,0,0,0,0,0,0,8,3,0
369.764,0,22941696,repair,0,500,445,11,0,0,0,0,0,0,8,3,0
369.834,1,22567936,windows,0,500,445,11,0,0,0,0,0,0,8,3,0
370.03,0,22958080,repair,0,500,445,11,0,0,0,0,0,0,8,3,0
370.1,1,22583296,windows,0,500,445,11,0,0,0,0,0,0,8,3,0
370.283,0,22974464,repair,0,500,445,11,0,0,0,0,0,0,8,3,0
370.353,1,22598656,windows,0,500,445,11,0,0,0,0,0,0,8,3,0
370.547,0,22990848,windows,0,500,445,11,0,0,0,0,0,0,8,3,0
370.63,1,22617088,windows,0,500,445,11,0,0,0,0,0,0,8,3,0
370.815,0,23006208,windows,0,500,445,11,0,0,0,0,0,0,8,3,0
370.881,1,22633472,windows,0,500,445,11,0,0,0,0,0,0,8,3,0
371.076,0,23020544,windows,0,500,445,11,0,0,0,0,0,0,8,3,0
371.135,1,22649856,windows,0,500,445,11,0,0,0,0,0,0,8,3,0
371.334,0,23034880,windows,0,500,445,11,0,0,0,0,0,0,8,3,0
371.386,1,22665216,windows,0,500,445,11,0,0,0,0,0,0,8,3,0
371.589,0,23049216,windows,0,500,445,11,0,0,0,0,0,0,8,3,0
371.637,1,22681600,windows,0,500,445,11,0,0,0,0,0,0,8,3,0
371.86,0,23063552,windows,0,500,445,11,0,0,0,0,0,0,8,3,0
371.888,1,22697984,windows,0,500,445,11,0,0,0,0,0,0,8,3,0
372.118,0,23077888,windows,0,500,445,11,0,0,0,0,0,0,8,3,0
372.151,1,22715392,windows,0,500,445,11,0,0,0,0,0,0,8,3,0
372.369,0,23092224,windows,0,500,445,11,0,0,0,0,0,0,8,3,0
372.405,1,22731776,windows,0,500,445,11,0,0,0,0,0,0,8,3,0
372.623,0,23106560,windows,0,500,445,11,0,0,0,0,0,0,8,3,0
372.667,1,22749184,windows,0,500,445,11,0,0,0,0,0,0,8,3,0
372.881,0,23121920,windows,0,500,445,11,0,0,0,0,0,0,8,3,0
372.918,1,22765568,windows,0,500,445,11,0,0,0,0,0,0,8,3,0
373.146,0,23136256,windows,0,500,445,11,0,0,0,0,0,0,8,3,0
373.174,1,22782976,windows,0,500,445,11,0,0,0,0,0,0,8,3,0
373.401,0,23150592,windows,0,500,445,11,0,0,0,0,0,0,8,3,0
373.429,1,22799360,windows,0,500,445,11,0,0,0,0,0,0,8,3,0
373.667,0,23165952,windows,0,500,445,11,0,0,0,0,0,0,8,3,0
373.689,1,22814720,windows,0,500,445,11,0,0,0,0,0,0,8,3,0
373.929,0,23181312,windows,0,500,445,11,0,0,0,0,0,0,8,3,0
373.941,1,22833152,windows,0,500,445,11,0,0,0,0,0,0,8,3,0
374.196,0,23196672,windows,0,500,445,11,0,0,0,0,0,0,8,3,0
374.198,1,22852608,windows,0,500,445,11,0,0,0,0,0,0,8,3,0
374.451,1,22870016,repair,0,500,445,11,0,0,0,0,0,0,8,3,0
374.453,0,23211008,windows,0,500,445,11,0,0,0,0,0,0,8,3,0
374.705,1,22889472,windows,0,500,445,11,0,0,0,0,0,0,8,3,0
374.711,0,23225344,windows,0,500,445,11,0,0,0,0,0,0,8,3,0
374.964,0,23239680,windows,0,500,445,11,0,0,0,0,0,0,8,3,0
374.969,1,22907904,windows,0,500,445,11,0,0,0,0,0,0,8,3,0
375.229,1,22925312,windows,0,500,445,11,0,0,0,0,0,0,8,3,0
375.232,0,23255040,windows,0,500,445,11,0,0,0,0,0,0,8,3,0
375.484,1,22942720,windows,0,500,445,11,0,0,0,0,0,0,8,3,0
375.497,0,23269376,windows,0,500,445,11,0,0,0,0,0,0,8,3,0
375.743,1,22959104,windows,0,500,445,11,0,0,0,0,0,0,8,3,0
375.763,0,23283712,windows,0,500,445,11,0,0,0,0,0,0,8,3,0
375.994,1,22973440,windows,0,500,445,11,0,0,0,0,0,0,8,3,0
376.021,0,23298048,windows,0,500,445,11,0,0,0,0,0,0,8,3,0
376.25,1,22987776,windows,0,500,445,11,0,0,0,0,0,0,8,3,0
376.272,0,23312384,windows,0,500,445,11,0,0,0,0,0,0,8,3,0
376.517,1,23003136,windows,0,500,445,11,0,0,0,0,0,0,8,3,0
376.537,0,23328768,windows,0,500,445,11,0,0,0,0,0,0,8,3,0
376.778,1,23018496,windows,0,500,445,11,0,0,0,0,0,0,8,3,0
376.796,0,23344128,windows,0,500,445,11,0,0,0,0,0,0,8,3,0
377.036,1,23032832,windows,0,500,445,11,0,0,0,0,0,0,8,3,0
377.058,0,23359488,windows,0,500,445,11,0,0,0,0,0,0,8,3,0
377.289,1,23047168,windows,0,500,445,11,0,0,0,0,0,0,8,3,0
377.311,0,23374848,windows,0,500,445,11,0,0,0,0,0,0,8,3,0
377.548,1,23061504,windows,0,500,445,11,0,0,0,0,0,0,8,3,0
377.576,0,23390208,windows,0,500,445,11,0,0,0,0,0,0,8,3,0
377.804,1,23075840,windows,0,500,445,11,0,0,0,0,0,0,8,3,0
377.836,0,23405568,windows,0,500,445,11,0,0,0,0,0,0,8,3,0
378.056,1,23090176,windows,0,500,445,11,0,0,0,0,0,0,8,3,0
378.1,0,23420928,windows,0,500,445,11,0,0,0,0,0,0,8,3,0
378.307,1,23104512,windows,0,500,445,11,0,0,0,0,0,0,8,3,0
378.366,0,23436288,windows,0,500,445,11,0,0,0,0,0,0,8,3,0
378.562,1,23117824,repair,0,500,445,11,0,0,0,0,0,0,8,3,0
378.626,0,23451648,windows,0,500,445,11,0,0,0,0,0,0,8,3,0
378.814,1,23133184,repair,0,500,445,11,0,0,0,0,0,0,8,3,0
378.882,0,23468032,windows,0,500,445,11,0,0,0,0,0,0,8,3,0
379.073,1,23148544,repair,0,500,445,11,0,0,0,0,0,0,8,3,0
379.133,0,23483392,repair,0,500,445,11,0,0,0,0,0,0,8,3,0
379.327,1,23163904,repair,0,500,445,11,0,0,0,0,0,0,8,3,0
379.389,0,23502848,windows,0,500,445,11,0,0,0,0,0,0,8,3,0
379.586,1,23178240,windows,0,500,445,11,0,0,0,0,0,0,8,3,0
379.648,0,23521280,windows,0,500,445,11,0,0,0,0,0,0,8,3,0
379.848,1,23192576,windows,0,500,445,11,0,0,0,0,0,0,8,3,0
379.902,0,23539712,windows,0,500,445,11,0,0,0,0,0,0,8,3,0
380.098,1,23205888,windows,0,500,445,11,0,0,0,0,0,0,8,3,0
380.164,0,23557120,windows,0,500,445,11,0,0,0,0,0,0,8,3,0
380.356,1,23220224,windows,0,500,445,11,0,0,0,0,0,0,8,3,0
380.418,0,23574528,windows,0,500,445,11,0,0,0,0,0,0,8,3,0
380.616,1,23234560,windows,0,500,445,11,0,0,0,0,0,0,8,3,0
380.68,0,23591936,windows,0,500,445,11,0,0,0,0,0,0,8,3,0
380.874,1,23248896,windows,0,500,445,11,0,0,0,0,0,0,8,3,0
380.942,0,23607296,windows,0,500,445,11,0,0,0,0,0,0,8,3,0
381.124,1,23263232,windows,0,500,445,11,0,0,0,0,0,0,8,3,0
381.208,0,23622656,windows,0,500,445,11,0,0,0,0,0,0,8,3,0
381.381,1,23279616,windows,0,500,445,11,0,0,0,0,0,0,8,3,0
381.463,0,23638016,windows,0,500,445,11,0,0,0,0,0,0,8,3,0
381.637,1,23296000,windows,0,500,445,11,0,0,0,0,0,0,8,3,0
381.713,0,23652352,windows,0,500,445,11,0,0,0,0,0,0,8,3,0
381.902,1,23313408,windows,0,500,445,11,0,0,0,0,0,0,8,3,0
381.969,0,23667712,windows,0,500,445,11,0,0,0,0,0,0,8,3,0
382.159,1,23330816,windows,0,500,445,11,0,0,0,0,0,0,8,3,0
382.231,0,23683072,windows,0,500,445,11,0,0,0,0,0,0,8,3,0
382.419,1,23347200,windows,0,500,445,11,0,0,0,0,0,0,8,3,0
382.488,0,23698432,windows,0,500,445,11,0,0,0,0,0,0,8,3,0
382.687,1,23364608,windows,0,500,445,11,0,0,0,0,0,0,8,3,0
382.741,0,23713792,windows,0,500,445,11,0,0,0,0,0,0,8,3,0
382.953,1,23379968,windows,0,500,445,11,0,0,0,0,0,0,8,3,0
383.002,0,23730176,windows,0,500,445,11,0,0,0,0,0,0,8,3,0
383.212,1,23395328,windows,0,500,445,11,0,0,0,0,0,0,8,3,0
383.256,0,23746560,windows,0,500,445,11,0,0,0,0,0,0,8,3,0
383.464,1,23411712,windows,0,500,445,11,0,0,0,0,0,0,8,3,0
383.522,0,23763968,repair,0,500,445,11,0,0,0,0,0,0,8,3,0
383.715,1,23429120,windows,0,500,445,11,0,0,0,0,0,0,8,3,0
383.775,0,23779328,repair,0,500,445,11,0,0,0,0,0,0,8,3,0
383.971,1,23447552,windows,0,500,445,11,0,0,0,0,0,0,8,3,0
384.026,0,23795712,windows,0,500,445,11,0,0,0,0,0,0,8,3,0
384.229,1,23464960,windows,0,500,445,11,0,0,0,0,0,0,8,3,0
384.287,0,23811072,windows,0,500,445,11,0,0,0,0,0,0,8,3,0
384.485,1,23482368,windows,0,500,445,11,0,0,0,0,0,0,8,3,0
384.549,0,23826432,windows,0,500,445,11,0,0,0,0,0,0,8,3,0
384.743,1,23498752,windows,0,500,445,11,0,0,0,0,0,0,8,3,0
384.806,0,23840768,windows,0,500,445,11,0,0,0,0,0,0,8,3,0
385.004,1,23514112,windows,0,500,445,11,0,0,0,0,0,0,8,3,0
385.059,0,23855104,windows,0,500,445,11,0,0,0,0,0,0,8,3,0
385.268,1,23530496,windows,0,500,445,11,0,0,0,0,0,0,8,3,0
385.324,0,23869440,windows,0,500,445,11,0,0,0,0,0,0,8,3,0
385.521,1,23544832,repair,0,500,445,11,0,0,0,0,0,0,8,3,0
385.578,0,23882752,windows,0,500,445,11,0,0,0,0,0,0,8,3,0
385.786,1,23561216,windows,0,500,445,11,0,0,0,0,0,0,8,3,0
385.84,0,23897088,windows,0,500,445,11,0,0,0,0,0,0,8,3,0
386.048,1,23576576,windows,0,500,445,11,0,0,0,0,0,0,8,3,0
386.106,0,23911424,windows,0,500,445,11,0,0,0,0,0,0,8,3,0
386.303,1,23590912,windows,0,500,445,11,0,0,0,0,0,0,8,3,0
386.364,0,23925760,windows,0,500,445,11,0,0,0,0,0,0,8,3,0
386.557,1,23605248,windows,0,500,445,11,0,0,0,0,0,0,8,3,0
386.622,0,23940096,windows,0,500,445,11,0,0,0,0,0,0,8,3,0
386.811,1,23619584,windows,0,500,445,11,0,0,0,0,0,0,8,3,0
386.886,0,23954432,windows,0,500,445,11,0,0,0,0,0,0,8,3,0
387.077,1,23633920,windows,0,500,445,11,0,0,0,0,0,0,8,3,0
387.145,0,23967744,windows,0,500,445,11,0,0,0,0,0,0,8,3,0
387.333,1,23647232,windows,0,500,445,11,0,0,0,0,0,0,8,3,0
387.406,0,23984128,windows,0,500,445,11,0,0,0,0,0,0,8,3,0
387.591,1,23661568,windows,0,500,445,11,0,0,0,0,0,0,8,3,0
387.668,0,24000512,windows,0,500,445,11,0,0,0,0,0,0,8,3,0
387.857,1,23675904,windows,0,500,445,11,0,0,0,0,0,0,8,3,0
387.923,0,24016896,windows,0,500,445,11,0,0,0,0,0,0,8,3,0
388.116,1,23690240,windows,0,500,445,11,0,0,0,0,0,0,8,3,0
388.191,0,24034304,windows,0,500,445,11,0,0,0,0,0,0,8,3,0
388.373,1,23704576,windows,0,500,445,11,0,0,0,0,0,0,8,3,0
388.455,0,24049664,windows,0,500,445,11,0,0,0,0,0,0,8,3,0
388.64,1,23719936,windows,0,500,445,11,0,0,0,0,0,0,8,3,0
388.719,0,24065024,windows,0,500,445,11,0,0,0,0,0,0,8,3,0
388.891,1,23735296,windows,0,500,445,11,0,0,0,0,0,0,8,3,0
388.973,0,24080384,windows,0,500,445,11,0,0,0,0,0,0,8,3,0
389.152,1,23750656,windows,0,500,445,11,0,0,0,0,0,0,8,3,0
389.227,0,24094720,windows,0,500,445,11,0,0,0,0,0,0,8,3,0
389.415,1,23766016,windows,0,500,445,11,0,0,0,0,0,0,8,3,0
389.486,0,24110080,windows,0,500,445,11,0,0,0,0,0,0,8,3,0
389.676,1,23781376,windows,0,500,445,11,0,0,0,0,0,0,8,3,0
389.75,0,24125440,windows,0,500,445,11,0,0,0,0,0,0,8,3,0
389.932,1,23796736,windows,0,500,445,11,0,0,0,0,0,0,8,3,0
390.012,0,24136704,windows,0,500,445,11,0,0,0,0,0,0,8,3,0
390.196,1,23812096,windows,0,500,445,11,0,0,0,0,0,0,8,3,0
390.27,0,24153088,windows,0,500,445,11,0,0,0,0,0,0,8,3,0
390.457,1,23829504,windows,0,500,445,11,0,0,0,0,0,0,8,3,0
390.527,0,24171520,repair,0,500,445,11,0,0,0,0,0,0,8,3,0
390.718,1,23848960,windows,0,500,445,11,0,0,0,0,0,0,8,3,0
390.786,0,24190976,windows,0,500,445,11,0,0,0,0,0,0,8,3,0
390.969,1,23867392,windows,0,500,445,11,0,0,0,0,0,0,8,3,0
391.036,0,24207360,windows,0,500,445,11,0,0,0,0,0,0,8,3,0
391.22,1,23886848,windows,0,500,445,11,0,0,0,0,0,0,8,3,0
391.295,0,24225792,windows,0,500,445,11,0,0,0,0,0,0,8,3,0
391.473,1,23906304,windows,0,500,445,11,0,0,0,0,0,0,8,3,0
391.554,0,24245248,windows,0,500,445,11,0,0,0,0,0,0,8,3,0
391.736,1,23926784,windows,0,500,445,11,0,0,0,0,0,0,8,3,0
391.806,0,24261632,windows,0,500,445,11,0,0,0,0,0,0,8,3,0
391.99,1,23944192,windows,0,500,445,11,0,0,0,0,0,0,8,3,0
392.066,0,24276992,windows,0,500,445,11,0,0,0,0,0,0,8,3,0
392.241,1,23961600,repair,0,500,445,11,0,0,0,0,0,0,8,3,0
392.326,0,24292352,windows,0,500,445,11,0,0,0,0,0,0,8,3,0
392.499,1,23980032,repair,0,500,445,11,0,0,0,0,0,0,8,3,0
392.585,0,24306688,windows,0,500,445,11,0,0,0,0,0,0,8,3,0
392.751,1,23999488,repair,0,500,445,11,0,0,0,0,0,0,8,3,0
392.852,0,24322048,windows,0,500,445,11,0,0,0,0,0,0,8,3,0
393.01,1,24018944,repair,0,500,445,11,0,0,0,0,0,0,8,3,0
393.104,0,24336384,windows,0,500,445,11,0,0,0,0,0,0,8,3,0
393.269,1,24037376,windows,0,500,445,11,0,0,0,0,0,0,8,3,0
393.371,0,24351744,windows,0,500,445,11,0,0,0,0,0,0,8,3,0
393.522,1,24054784,windows,0,500,445,11,0,0,0,0,0,0,8,3,0
393.637,0,24366080,windows,0,500,445,11,0,0,0,0,0,0,8,3,0
393.777,1,24070144,windows,0,500,445,11,0,0,0,0,0,0,8,3,0
393.888,0,24380416,windows,0,500,445,11,0,0,0,0,0,0,8,3,0
394.035,1,24087552,windows,0,500,445,11,0,0,0,0,0,0,8,3,0
394.153,0,24394752,windows,0,500,445,11,0,0,0,0,0,0,8,3,0
394.288,1,24104960,windows,0,500,445,11,0,0,0,0,0,0,8,3,0
394.407,0,24410112,windows,0,500,445,11,0,0,0,0,0,0,8,3,0
394.54,1,24121344,windows,0,500,445,11,0,0,0,0,0,0,8,3,0
394.663,0,24427520,windows,0,500,445,11,0,0,0,0,0,0,8,3,0
394.801,1,24139776,windows,0,500,445,11,0,0,0,0,0,0,8,3,0
394.914,0,24444928,windows,0,500,445,11,0,0,0,0,0,0,8,3,0
395.058,1,24157184,windows,0,500,445,11,0,0,0,0,0,0,8,3,0
395.174,0,24463360,windows,0,500,445,11,0,0,0,0,0,0,8,3,0
395.313,1,24175616,windows,0,500,445,11,0,0,0,0,0,0,8,3,0
395.424,0,24481792,windows,0,500,445,11,0,0,0,0,0,0,8,3,0
395.577,1,24193024,windows,0,500,445,11,0,0,0,0,0,0,8,3,0
395.675,0,24499200,windows,0,500,445,11,0,0,0,0,0,0,8,3,0
395.834,1,24210432,windows,0,500,445,11,0,0,0,0,0,0,8,3,0
395.931,0,24514560,windows,0,500,445,11,0,0,0,0,0,0,8,3,0
396.099,1,24227840,windows,0,500,445,11,0,0,0,0,0,0,8,3,0
396.186,0,24529920,windows,0,500,445,11,0,0,0,0,0,0,8,3,0
396.359,1,24245248,windows,0,500,445,11,0,0,0,0,0,0,8,3,0
396.445,0,24545280,windows,0,500,445,11,0,0,0,0,0,0,8,3,0
396.612,1,24262656,windows,0,500,445,11,0,0,0,0,0,0,8,3,0
396.698,0,24559616,windows,0,500,445,11,0,0,0,0,0,0,8,3,0
396.866,1,24281088,windows,0,500,445,11,0,0,0,0,0,0,8,3,0
396.96,0,24574976,windows,0,500,445,11,0,0,0,0,0,0,8,3,0
397.131,1,24299520,windows,0,500,445,11,0,0,0,0,0,0,8,3,0
397.222,0,24588288,windows,0,500,445,11,0,0,0,0,0,0,8,3,0
397.388,1,24315904,windows,0,500,445,11,0,0,0,0,0,0,8,3,0
397.479,0,24603648,windows,0,500,445,11,0,0,0,0,0,0,8,3,0
397.645,1,24333312,windows,0,500,445,11,0,0,0,0,0,0,8,3,0
397.742,0,24619008,windows,0,500,445,11,0,0,0,0,0,0,8,3,0
397.897,1,24351744,windows,0,500,445,11,0,0,0,0,0,0,8,3,0
397.997,0,24634368,windows,0,500,445,11,0,0,0,0,0,0,8,3,0
398.153,1,24369152,windows,0,500,445,11,0,0,0,0,0,0,8,3,0
398.255,0,24648704,windows,0,500,445,11,0,0,0,0,0,0,8,3,0
398.406,1,24386560,windows,0,500,445,11,0,0,0,0,0,0,8,3,0
398.516,0,24664064,windows,0,500,445,11,0,0,0,0,0,0,8,3,0
398.661,1,24403968,windows,0,500,445,11,0,0,0,0,0,0,8,3,0
398.784,0,24679424,windows,0,500,445,11,0,0,0,0,0,0,8,3,0
398.916,1,24421376,windows,0,500,445,11,0,0,0,0,0,0,8,3,0
399.036,0,24694784,windows,0,500,445,11,0,0,0,0,0,0,8,3,0
399.171,1,24438784,repair,0,500,445,11,0,0,0,0,0,0,8,3,0
399.296,0,24711168,windows,0,500,445,11,0,0,0,0,0,0,8,3,0
399.426,1,24454144,repair,0,500,445,11,0,0,0,0,0,0,8,3,0
399.555,0,24725504,repair,0,500,445,11,0,0,0,0,0,0,8,3,0
399.686,1,24472576,windows,0,500,445,11,0,0,0,0,0,0,8,3,0
399.811,0,24740864,repair,0,500,445,11,0,0,0,0,0,0,8,3,0
399.953,1,24489984,windows,0,500,445,11,0,0,0,0,0,0,8,3,0
400.062,0,24756224,windows,0,500,445,11,0,0,0,0,0,0,8,3,0
400.211,1,24505344,windows,0,500,445,11,0,0,0,0,0,0,8,3,0
400.322,0,24769536,windows,0,500,445,11,0,0,0,0,0,0,8,3,0
400.466,1,24520704,windows,0,500,445,11,0,0,0,0,0,0,8,3,0
400.578,0,24783872,windows,0,500,445,11,0,0,0,0,0,0,8,3,0
400.725,1,24536064,windows,0,500,445,11,0,0,0,0,0,0,8,3,0
400.841,0,24798208,windows,0,500,445,11,0,0,0,0,0,0,8,3,0
400.99,1,24552448,windows,0,500,445,11,0,0,0,0,0,0,8,3,0
401.1,0,24812544,windows,0,500,445,11,0,0,0,0,0,0,8,3,0
401.255,1,24568832,windows,0,500,445,11,0,0,0,0,0,0,8,3,0
401.355,0,24825856,windows,0,500,445,11,0,0,0,0,0,0,8,3,0
401.509,1,24584192,windows,0,500,445,11,0,0,0,0,0,0,8,3,0
401.607,0,24839168,windows,0,500,445,11,0,0,0,0,0,0,8,3,0
401.761,1,24598528,windows,0,500,445,11,0,0,0,0,0,0,8,3,0
401.878,0,24852480,windows,0,500,445,11,0,0,0,0,0,0,8,3,0
402.012,1,24613888,windows,0,500,445,11,0,0,0,0,0,0,8,3,0
402.14,0,24865792,windows,0,500,445,11,0,0,0,0,0,0,8,3,0
402.268,1,24630272,windows,0,500,445,11,0,0,0,0,0,0,8,3,0
402.402,0,24880128,windows,0,500,445,11,0,0,0,0,0,0,8,3,0
402.524,1,24646656,windows,0,500,445,11,0,0,0,0,0,0,8,3,0
402.656,0,24894464,windows,0,500,445,11,0,0,0,0,0,0,8,3,0
402.784,1,24663040,windows,0,500,445,11,0,0,0,0,0,0,8,3,0
402.92,0,24909824,windows,0,500,445,11,0,0,0,0,0,0,8,3,0
403.034,1,24680448,windows,0,500,445,11,0,0,0,0,0,0,8,3,0
403.172,0,24924160,windows,0,500,445,11,0,0,0,0,0,0,8,3,0
403.293,1,24698880,windows,0,500,445,11,0,0,0,0,0,0,8,3,0
403.432,0,24938496,windows,0,500,445,11,0,0,0,0,0,0,8,3,0
403.555,1,24717312,windows,0,500,445,11,0,0,0,0,0,0,8,3,0
403.697,0,24953856,windows,0,500,445,11,0,0,0,0,0,0,8,3,0
403.819,1,24733696,windows,0,500,445,11,0,0,0,0,0,0,8,3,0
403.948,0,24968192,windows,0,500,445,11,0,0,0,0,0,0,8,3,0
404.076,1,24750080,windows,0,500,445,11,0,0,0,0,0,0,8,3,0
404.205,0,24983552,windows,0,500,445,11,0,0,0,0,0,0,8,3,0
404.328,1,24767488,windows,0,500,445,11,0,0,0,0,0,0,8,3,0
404.461,0,25000960,windows,0,500,445,11,0,0,0,0,0,0,8,3,0
404.602,1,24784896,repair,0,500,445,11,0,0,0,0,0,0,8,3,0
404.718,0,25019392,windows,0,500,445,11,0,0,0,0,0,0,8,3,0
404.861,1,24804352,windows,0,500,445,11,0,0,0,0,0,0,8,3,0
404.976,0,25036800,windows,0,500,445,11,0,0,0,0,0,0,8,3,0
405.113,1,24822784,windows,0,500,445,11,0,0,0,0,0,0,8,3,0
405.237,0,25054208,windows,0,500,445,11,0,0,0,0,0,0,8,3,0
405.365,1,24841216,windows,0,500,445,11,0,0,0,0,0,0,8,3,0
405.502,0,25072640,windows,0,500,445,11,0,0,0,0,0,0,8,3,0
405.618,1,24858624,windows,0,500,445,11,0,0,0,0,0,0,8,3,0
405.757,0,25091072,windows,0,500,445,11,0,0,0,0,0,0,8,3,0
405.876,1,24877056,windows,0,500,445,11,0,0,0,0,0,0,8,3,0
406.015,0,25109504,windows,0,500,445,11,0,0,0,0,0,0,8,3,0
406.14,1,24895488,windows,0,500,445,11,0,0,0,0,0,0,8,3,0
406.269,0,25127936,windows,0,500,445,11,0,0,0,0,0,0,8,3,0
406.392,1,24912896,windows,0,500,445,11,0,0,0,0,0,0,8,3,0
406.525,0,25146368,windows,0,500,445,11,0,0,0,0,0,0,8,3,0
406.647,1,24928256,windows,0,500,445,11,0,0,0,0,0,0,8,3,0
406.785,0,25164800,windows,0,500,445,11,0,0,0,0,0,0,8,3,0
406.905,1,24945664,windows,0,500,445,11,0,0,0,0,0,0,8,3,0
407.043,0,25182208,repair,0,500,445,11,0,0,0,0,0,0,8,3,0
407.156,1,24962048,windows,0,500,445,11,0,0,0,0,0,0,8,3,0
407.3,0,25201664,windows,0,500,445,11,0,0,0,0,0,0,8,3,0
407.415,1,24979456,windows,0,500,445,11,0,0,0,0,0,0,8,3,0
407.551,0,25219072,windows,0,500,445,11,0,0,0,0,0,0,8,3,0
407.665,1,24996864,windows,0,500,445,11,0,0,0,0,0,0,8,3,0
407.804,0,25236480,windows,0,500,445,11,0,0,0,0,0,0,8,3,0
407.925,1,25015296,windows,0,500,445,11,0,0,0,0,0,0,8,3,0
408.065,0,25254912,windows,0,500,445,11,0,0,0,0,0,0,8,3,0
408.182,1,25033728,windows,0,500,445,11,0,0,0,0,0,0,8,3,0
408.316,0,25272320,windows,0,500,445,11,0,0,0,0,0,0,8,3,0
408.445,1,25053184,windows,0,500,445,11,0,0,0,0,0,0,8,3,0
408.572,0,25289728,windows,0,500,445,11,0,0,0,0,0,0,8,3,0
408.707,1,25072640,windows,0,500,445,11,0,0,0,0,0,0,8,3,0
408.832,0,25307136,windows,0,500,445,11,0,0,0,0,0,0,8,3,0
408.967,1,25094144,windows,0,500,445,11,0,0,0,0,0,0,8,3,0
409.085,0,25324544,windows,0,500,445,11,0,0,0,0,0,0,8,3,0
409.227,1,25114624,windows,0,500,445,11,0,0,0,0,0,0,8,3,0
409.347,0,25341952,windows,0,500,445,11,0,0,0,0,0,0,8,3,0
409.479,1,25133056,repair,0,500,445,11,0,0,0,0,0,0,8,3,0
409.603,0,25358336,windows,0,500,445,11,0,0,0,0,0,0,8,3,0
409.741,1,25150464,windows,0,500,445,11,0,0,0,0,0,0,8,3,0
409.853,0,25374720,windows,0,500,445,11,0,0,0,0,0,0,8,3,0
409.998,1,25168896,windows,0,500,445,11,0,0,0,0,0,0,8,3,0
410.105,0,25391104,windows,0,500,445,11,0,0,0,0,0,0,8,3,0
410.26,1,25186304,windows,0,500,445,11,0,0,0,0,0,0,8,3,0
410.37,0,25408512,windows,0,500,445,11,0,0,0,0,0,0,8,3,0
410.515,1,25203712,windows,0,500,445,11,0,0,0,0,0,0,8,3,0
410.633,0,25424896,windows,0,500,445,11,0,0,0,0,0,0,8,3,0
410.77,1,25220096,windows,0,500,445,11,0,0,0,0,0,0,8,3,0
410.898,0,25442304,windows,0,500,445,11,0,0,0,0,0,0,8,3,0
411.023,1,25237504,windows,0,500,445,11,0,0,0,0,0,0,8,3,0
411.16,0,25459712,windows,0,500,445,11,0,0,0,0,0,0,8,3,0
411.28,1,25255936,windows,0,500,445,11,0,0,0,0,0,0,8,3,0
411.424,0,25477120,windows,0,500,445,11,0,0,0,0,0,0,8,3,0
411.539,1,25273344,windows,0,500,445,11,0,0,0,0,0,0,8,3,0
411.683,0,25494528,windows,0,500,445,11,0,0,0,0,0,0,8,3,0
411.79,1,25290752,windows,0,500,445,11,0,0,0,0,0,0,8,3,0
411.934,0,25510912,windows,0,500,445,11,0,0,0,0,0,0,8,3,0
412.048,1,25309184,windows,0,500,445,11,0,0,0,0,0,0,8,3,0
412.185,0,25528320,windows,0,500,445,11,0,0,0,0,0,0,8,3,0
412.312,1,25325568,windows,0,500,445,11,0,0,0,0,0,0,8,3,0
412.437,0,25545728,windows,0,500,445,11,0,0,0,0,0,0,8,3,0
412.57,1,25341952,windows,0,500,445,11,0,0,0,0,0,0,8,3,0
412.694,0,25563136,windows,0,500,445,11,0,0,0,0,0,0,8,3,0
412.825,1,25359360,windows,0,500,445,11,0,0,0,0,0,0,8,3,0
412.959,0,25581568,windows,0,500,445,11,0,0,0,0,0,0,8,3,0
413.085,1,25377792,windows,0,500,445,11,0,0,0,0,0,0,8,3,0
413.215,0,25597952,windows,0,500,445,11,0,0,0,0,0,0,8,3,0
413.343,1,25396224,windows,0,500,445,11,0,0,0,0,0,0,8,3,0
413.473,0,25614336,windows,0,500,445,11,0,0,0,0,0,0,8,3,0
413.602,1,25414656,windows,0,500,445,11,0,0,0,0,0,0,8,3,0
413.733,0,25632768,repair,0,500,445,11,0,0,0,0,0,0,8,3,0
413.853,1,25432064,repair,0,500,445,11,0,0,0,0,0,0,8,3,0
413.993,0,25652224,repair,0,500,445,11,0,0,0,0,0,0,8,3,0
414.109,1,25450496,repair,0,500,445,11,0,0,0,0,0,0,8,3,0
414.253,0,25670656,windows,0,500,445,11,0,0,0,0,0,0,8,3,0
414.36,1,25468928,windows,0,500,445,11,0,0,0,0,0,0,8,3,0
414.517,0,25687040,windows,0,500,445,11,0,0,0,0,0,0,8,3,0
414.617,1,25484288,windows,0,500,445,11,0,0,0,0,0,0,8,3,0
414.776,0,25701376,windows,0,500,445,11,0,0,0,0,0,0,8,3,0
414.876,1,25500672,windows,0,500,445,11,0,0,0,0,0,0,8,3,0
415.03,0,25714688,windows,0,500,445,11,0,0,0,0,0,0,8,3,0
415.134,1,25517056,windows,0,500,445,11,0,0,0,0,0,0,8,3,0
415.287,0,25729024,windows,0,500,445,11,0,0,0,0,0,0,8,3,0
415.388,1,25533440,windows,0,500,445,11,0,0,0,0,0,0,8,3,0
415.551,0,25743360,windows,0,500,445,11,0,0,0,0,0,0,8,3,0
415.651,1,25549824,windows,0,500,445,11,0,0,0,0,0,0,8,3,0
415.819,0,25757696,windows,0,500,445,11,0,0,0,0,0,0,8,3,0
415.914,1,25567232,windows,0,500,445,11,0,0,0,0,0,0,8,3,0
416.075,0,25772032,windows,0,500,445,11,0,0,0,0,0,0,8,3,0
416.167,1,25583616,windows,0,500,445,11,0,0,0,0,0,0,8,3,0
416.335,0,25786368,windows,0,500,445,11,0,0,0,0,0,0,8,3,0
416.426,1,25601024,windows,0,500,445,11,0,0,0,0,0,0,8,3,0
416.592,0,25803776,windows,0,500,445,11,0,0,0,0,0,0,8,3,0
416.684,1,25618432,windows,0,500,445,11,0,0,0,0,0,0,8,3,0
416.849,0,25820160,windows,0,500,445,11,0,0,0,0,0,0,8,3,0
416.934,1,25634816,windows,0,500,445,11,0,0,0,0,0,0,8,3,0
417.109,0,25834496,windows,0,500,445,11,0,0,0,0,0,0,8,3,0
417.197,1,25652224,windows,0,500,445,11,0,0,0,0,0,0,8,3,0
417.377,0,25848832,windows,0,500,445,11,0,0,0,0,0,0,8,3,0
417.448,1,25668608,windows,0,500,445,11,0,0,0,0,0,0,8,3,0
417.642,0,25863168,windows,0,500,445,11,0,0,0,0,0,0,8,3,0
417.706,1,25684992,windows,0,500,445,11,0,0,0,0,0,0,8,3,0
417.896,0,25876480,windows,0,500,445,11,0,0,0,0,0,0,8,3,0
417.962,1,25701376,windows,0,500,445,11,0,0,0,0,0,0,8,3,0
418.16,0,25890816,windows,0,500,445,11,0,0,0,0,0,0,8,3,0
418.225,1,25717760,windows,0,500,445,11,0,0,0,0,0,0,8,3,0
418.419,0,25905152,windows,0,500,445,11,0,0,0,0,0,0,8,3,0
418.486,1,25734144,windows,0,500,445,11,0,0,0,0,0,0,8,3,0
418.674,0,25919488,windows,0,500,445,11,0,0,0,0,0,0,8,3,0
418.741,1,25750528,windows,0,500,445,11,0,0,0,0,0,0,8,3,0
418.926,0,25934848,windows,0,500,445,11,0,0,0,0,0,0,8,3,0
418.991,1,25766912,windows,0,500,445,11,0,0,0,0,0,0,8,3,0
419.19,0,25953280,windows,0,500,445,11,0,0,0,0,0,0,8,3,0
419.249,1,25783296,windows,0,500,445,11,0,0,0,0,0,0,8,3,0
419.445,0,25971712,windows,0,500,445,11,0,0,0,0,0,0,8,3,0
419.512,1,25800704,windows,0,500,445,11,0,0,0,0,0,0,8,3,0
419.698,0,25990144,windows,0,500,445,11,0,0,0,0,0,0,8,3,0
419.762,1,25817088,windows,0,500,445,11,0,0,0,0,0,0,8,3,0
419.966,0,26005504,windows,0,500,445,11,0,0,0,0,0,0,8,3,0
420.024,1,25833472,windows,0,500,445,11,0,0,0,0,0,0,8,3,0
420.226,0,26020864,windows,0,500,445,11,0,0,0,0,0,0,8,3,0
420.288,1,25850880,windows,0,500,445,11,0,0,0,0,0,0,8,3,0
420.488,0,26036224,windows,0,500,445,11,0,0,0,0,0,0,8,3,0
420.543,1,25868288,repair,0,500,445,11,0,0,0,0,0,0,8,3,0
420.751,0,26051584,windows,0,500,445,11,0,0,0,0,0,0,8,3,0
420.808,1,25887744,windows,0,500,445,11,0,0,0,0,0,0,8,3,0
421.014,0,26066944,windows,0,500,445,11,0,0,0,0,0,0,8,3,0
421.07,1,25905152,windows,0,500,445,11,0,0,0,0,0,0,8,3,0
421.267,0,26082304,windows,0,500,445,11,0,0,0,0,0,0,8,3,0
421.325,1,25922560,windows,0,500,445,11,0,0,0,0,0,0,8,3,0
421.525,0,26097664,windows,0,500,445,11,0,0,0,0,0,0,8,3,0
421.589,1,25939968,windows,0,500,445,11,0,0,0,0,0,0,8,3,0
421.779,0,26113024,windows,0,500,445,11,0,0,0,0,0,0,8,3,0
421.849,1,25956352,windows,0,500,445,11,0,0,0,0,0,0,8,3,0
422.03,0,26127360,windows,0,500,445,11,0,0,0,0,0,0,8,3,0
422.113,1,25969664,windows,0,500,445,11,0,0,0,0,0,0,8,3,0
422.281,0,26141696,windows,0,500,445,11,0,0,0,0,0,0,8,3,0
422.371,1,25982976,windows,0,500,445,11,0,0,0,0,0,0,8,3,0
422.545,0,26157056,windows,0,500,445,11,0,0,0,0,0,0,8,3,0
422.625,1,25996288,windows,0,500,445,11,0,0,0,0,0,0,8,3,0
422.801,0,26171392,windows,0,500,445,11,0,0,0,0,0,0,8,3,0
422.887,1,26010624,windows,0,500,445,11,0,0,0,0,0,0,8,3,0
423.057,0,26185728,windows,0,500,445,11,0,0,0,0,0,0,8,3,0
423.142,1,26024960,windows,0,500,445,11,0,0,0,0,0,0,8,3,0
423.321,0,26200064,repair,0,500,445,11,0,0,0,0,0,0,8,3,0
423.403,1,26039296,windows,0,500,445,11,0,0,0,0,0,0,8,3,0
423.579,0,26213376,repair,0,500,445,11,0,0,0,0,0,0,8,3,0
423.669,1,26053632,windows,0,500,445,11,0,0,0,0,0,0,8,3,0
423.842,0,26228736,repair,0,500,445,11,0,0,0,0,0,0,8,3,0
423.924,1,26067968,windows,0,500,445,11,0,0,0,0,0,0,8,3,0
424.098,0,26244096,windows,0,500,445,11,0,0,0,0,0,0,8,3,0
424.187,1,26083328,windows,0,500,445,11,0,0,0,0,0,0,8,3,0
424.361,0,26259456,windows,0,500,445,11,0,0,0,0,0,0,8,3,0
424.443,1,26099712,windows,0,500,445,11,0,0,0,0,0,0,8,3,0
424.623,0,26273792,windows,0,500,445,11,0,0,0,0,0,0,8,3,0
424.703,1,26114048,windows,0,500,445,11,0,0,0,0,0,0,8,3,0
424.881,0,26289152,windows,0,500,445,11,0,0,0,0,0,0,8,3,0
424.953,1,26129408,windows,0,500,445,11,0,0,0,0,0,0,8,3,0
425.133,0,26304512,windows,0,500,445,11,0,0,0,0,0,0,8,3,0
425.209,1,26143744,repair,0,500,445,11,0,0,0,0,0,0,8,3,0
425.391,0,26320896,windows,0,500,445,11,0,0,0,0,0,0,8,3,0
425.461,1,26158080,repair,0,500,445,11,0,0,0,0,0,0,8,3,0
425.648,0,26337280,windows,0,500,445,11,0,0,0,0,0,0,8,3,0
425.721,1,26173440,windows,0,500,445,11,0,0,0,0,0,0,8,3,0
425.902,0,26352640,windows,0,500,445,11,0,0,0,0,0,0,8,3,0
425.983,1,26187776,windows,0,500,445,11,0,0,0,0,0,0,8,3,0
426.167,0,26369024,windows,0,500,445,11,0,0,0,0,0,0,8,3,0
426.236,1,26201088,windows,0,500,445,11,0,0,0,0,0,0,8,3,0
426.427,0,26386432,windows,0,500,445,11,0,0,0,0,0,0,8,3,0
426.498,1,26215424,windows,0,500,445,11,0,0,0,0,0,0,8,3,0
426.687,0,26402816,windows,0,500,445,11,0,0,0,0,0,0,8,3,0
426.754,1,26228736,windows,0,500,445,11,0,0,0,0,0,0,8,3,0
426.939,0,26420224,windows,0,500,445,11,0,0,0,0,0,0,8,3,0
427.019,1,26243072,windows,0,500,445,11,0,0,0,0,0,0,8,3,0
427.196,0,26436608,windows,0,500,445,11,0,0,0,0,0,0,8,3,0
427.285,1,26257408,windows,0,500,445,11,0,0,0,0,0,0,8,3,0
427.447,0,26452992,windows,0,500,445,11,0,0,0,0,0,0,8,3,0
427.547,1,26271744,windows,0,500,445,11,0,0,0,0,0,0,8,3,0
427.697,0,26469376,windows,0,500,445,11,0,0,0,0,0,0,8,3,0
427.797,1,26285056,windows,0,500,445,11,0,0,0,0,0,0,8,3,0
427.951,0,26485760,windows,0,500,445,11,0,0,0,0,0,0,8,3,0
428.061,1,26302464,windows,0,500,445,11,0,0,0,0,0,0,8,3,0
428.214,0,26504192,windows,0,500,445,11,0,0,0,0,0,0,8,3,0
428.314,1,26319872,windows,0,500,445,11,0,0,0,0,0,0,8,3,0
428.474,0,26520576,repair,0,500,445,11,0,0,0,0,0,0,8,3,0
428.577,1,26337280,windows,0,500,445,11,0,0,0,0,0,0,8,3,0
428.725,0,26537984,repair,0,500,445,11,0,0,0,0,0,0,8,3,0
428.829,1,26353664,windows,0,500,445,11,0,0,0,0,0,0,8,3,0
428.985,0,26556416,windows,0,500,445,11,0,0,0,0,0,0,8,3,0
429.096,1,26369024,windows,0,500,445,11,0,0,0,0,0,0,8,3,0
429.24,0,26570752,windows,0,500,445,11,0,0,0,0,0,0,8,3,0
429.353,1,26385408,windows,0,500,445,11,0,0,0,0,0,0,8,3,0
429.496,0,26585088,windows,0,500,445,11,0,0,0,0,0,0,8,3,0
429.603,1,26399744,windows,0,500,445,11,0,0,0,0,0,0,8,3,0
429.76,0,26598400,windows,0,500,445,11,0,0,0,0,0,0,8,3,0
429.868,1,26414080,windows,0,500,445,11,0,0,0,0,0,0,8,3,0
430.018,0,26611712,windows,0,500,445,11,0,0,0,0,0,0,8,3,0
430.131,1,26428416,windows,0,500,445,11,0,0,0,0,0,0,8,3,0
430.272,0,26627072,windows,0,500,445,11,0,0,0,0,0,0,8,3,0
430.384,1,26443776,windows,0,500,445,11,0,0,0,0,0,0,8,3,0
430.526,0,26642432,windows,0,500,445,11,0,0,0,0,0,0,8,3,0
430.641,1,26460160,windows,0,500,445,11,0,0,0,0,0,0,8,3,0
430.787,0,26657792,windows,0,500,445,11,0,0,0,0,0,0,8,3,0
430.899,1,26477568,windows,0,500,445,11,0,0,0,0,0,0,8,3,0
431.045,0,26674176,windows,0,500,445,11,0,0,0,0,0,0,8,3,0
431.152,1,26494976,windows,0,500,445,11,0,0,0,0,0,0,8,3,0
431.305,0,26689536,windows,0,500,445,11,0,0,0,0,0,0,8,3,0
431.403,1,26512384,windows,0,500,445,11,0,0,0,0,0,0,8,3,0
431.563,0,26705920,windows,0,500,445,11,0,0,0,0,0,0,8,3,0
431.66,1,26529792,windows,0,500,445,11,0,0,0,0,0,0,8,3,0
431.816,0,26722304,windows,0,500,445,11,0,0,0,0,0,0,8,3,0
431.915,1,26546176,windows,0,500,445,11,0,0,0,0,0,0,8,3,0
432.076,0,26738688,windows,0,500,445,11,0,0,0,0,0,0,8,3,0
432.168,1,26562560,windows,0,500,445,11,0,0,0,0,0,0,8,3,0
432.329,0,26756096,windows,0,500,445,11,0,0,0,0,0,0,8,3,0
432.431,1,26580992,windows,0,500,445,11,0,0,0,0,0,0,8,3,0
432.59,0,26774528,windows,0,500,445,11,0,0,0,0,0,0,8,3,0
432.688,1,26597376,repair,0,500,445,11,0,0,0,0,0,0,8,3,0
432.843,0,26789888,windows,0,500,445,11,0,0,0,0,0,0,8,3,0
432.946,1,26613760,repair,0,500,445,11,0,0,0,0,0,0,8,3,0
433.093,0,26805248,windows,0,500,445,11,0,0,0,0,0,0,8,3,0
433.198,1,26630144,repair,0,500,445,11,0,0,0,0,0,0,8,3,0
433.356,0,26821632,windows,0,500,445,11,0,0,0,0,0,0,8,3,0
433.46,1,26646528,windows,0,500,445,11,0,0,0,0,0,0,8,3,0
433.608,0,26836992,windows,0,500,445,11,0,0,0,0,0,0,8,3,0
433.719,1,26662912,windows,0,500,445,11,0,0,0,0,0,0,8,3,0
433.867,0,26854400,windows,0,500,445,11,0,0,0,0,0,0,8,3,0
433.97,1,26680320,windows,0,500,445,11,0,0,0,0,0,0,8,3,0
434.126,0,26871808,windows,0,500,445,11,0,0,0,0,0,0,8,3,0
434.231,1,26698752,windows,0,500,445,11,0,0,0,0,0,0,8,3,0
434.387,0,26889216,windows,0,500,445,11,0,0,0,0,0,0,8,3,0
434.486,1,26716160,windows,0,500,445,11,0,0,0,0,0,0,8,3,0
434.645,0,26906624,windows,0,500,445,11,0,0,0,0,0,0,8,3,0
434.739,1,26733568,windows,0,500,445,11,0,0,0,0,0,0,8,3,0
434.904,0,26925056,windows,0,500,445,11,0,0,0,0,0,0,8,3,0
434.996,1,26752000,windows,0,500,445,11,0,0,0,0,0,0,8,3,0
435.169,0,26942464,windows,0,500,445,11,0,0,0,0,0,0,8,3,0
435.258,1,26770432,windows,0,500,445,11,0,0,0,0,0,0,8,3,0
435.431,0,26959872,windows,0,500,445,11,0,0,0,0,0,0,8,3,0
435.514,1,26788864,windows,0,500,445,11,0,0,0,0,0,0,8,3,0
435.683,0,26977280,repair,0,500,445,11,0,0,0,0,0,0,8,3,0
435.773,1,26807296,windows,0,500,445,11,0,0,0,0,0,0,8,3,0
435.944,0,26995712,windows,0,500,445,11,0,0,0,0,0,0,8,3,0
436.026,1,26825728,windows,0,500,445,11,0,0,0,0,0,0,8,3,0
436.196,0,27012096,windows,0,500,445,11,0,0,0,0,0,0,8,3,0
436.287,1,26845184,windows,0,500,445,11,0,0,0,0,0,0,8,3,0
436.454,0,27026432,windows,0,500,445,11,0,0,0,0,0,0,8,3,0
436.544,1,26864640,windows,0,500,445,11,0,0,0,0,0,0,8,3,0
436.707,0,27040768,windows,0,500,445,11,0,0,0,0,0,0,8,3,0
436.796,1,26883072,windows,0,500,445,11,0,0,0,0,0,0,8,3,0
436.96,0,27054080,windows,0,500,445,11,0,0,0,0,0,0,8,3,0
437.057,1,26903552,windows,0,500,445,11,0,0,0,0,0,0,8,3,0
437.226,0,27069440,windows,0,500,445,11,0,0,0,0,0,0,8,3,0
437.312,1,26921984,repair,0,500,445,11,0,0,0,0,0,0,8,3,0
437.48,0,27085824,windows,0,500,445,11,0,0,0,0,0,0,8,3,0
437.576,1,26941440,windows,0,500,445,11,0,0,0,0,0,0,8,3,0
437.743,0,27103232,windows,0,500,445,11,0,0,0,0,0,0,8,3,0
437.828,1,26959872,windows,0,500,445,11,0,0,0,0,0,0,8,3,0
438.008,0,27120640,windows,0,500,445,11,0,0,0,0,0,0,8,3,0
438.084,1,26978304,windows,0,500,445,11,0,0,0,0,0,0,8,3,0
438.272,0,27138048,windows,0,500,445,11,0,0,0,0,0,0,8,3,0
438.342,1,26994688,windows,0,500,445,11,0,0,0,0,0,0,8,3,0
438.531,0,27155456,windows,0,500,445,11,0,0,0,0,0,0,8,3,0
438.601,1,27012096,windows,0,500,445,11,0,0,0,0,0,0,8,3,0
438.79,0,27171840,windows,0,500,445,11,0,0,0,0,0,0,8,3,0
438.861,1,27030528,windows,0,500,445,11,0,0,0,0,0,0,8,3,0
439.052,0,27189248,windows,0,500,445,11,0,0,0,0,0,0,8,3,0
439.114,1,27047936,windows,0,500,445,11,0,0,0,0,0,0,8,3,0
439.317,0,27204608,windows,0,500,445,11,0,0,0,0,0,0,8,3,0
439.377,1,27063296,windows,0,500,445,11,0,0,0,0,0,0,8,3,0
439.576,0,27222016,repair,0,500,445,11,0,0,0,0,0,0,8,3,0
439.642,1,27077632,windows,0,500,445,11,0,0,0,0,0,0,8,3,0
439.829,0,27242496,windows,0,500,445,11,0,0,0,0,0,0,8,3,0
439.905,1,27091968,windows,0,500,445,11,0,0,0,0,0,0,8,3,0
440.081,0,27259904,windows,0,500,445,11,0,0,0,0,0,0,8,3,0
440.159,1,27105280,windows,0,500,445,11,0,0,0,0,0,0,8,3,0
440.341,0,27277312,windows,0,500,445,11,0,0,0,0,0,0,8,3,0
440.412,1,27120640,windows,0,500,445,11,0,0,0,0,0,0,8,3,0
440.603,0,27295744,windows,0,500,445,11,0,0,0,0,0,0,8,3,0
440.678,1,27136000,windows,0,500,445,11,0,0,0,0,0,0,8,3,0
440.861,0,27310080,windows,0,500,445,11,0,0,0,0,0,0,8,3,0
440.931,1,27150336,windows,0,500,445,11,0,0,0,0,0,0,8,3,0
441.122,0,27324416,windows,0,500,445,11,0,0,0,0,0,0,8,3,0
441.197,1,27164672,windows,0,500,445,11,0,0,0,0,0,0,8,3,0
441.388,0,27337728,windows,0,500,445,11,0,0,0,0,0,0,8,3,0
441.453,1,27180032,windows,0,500,445,11,0,0,0,0,0,0,8,3,0
441.638,0,27351040,windows,0,500,445,11,0,0,0,0,0,0,8,3,0
441.71,1,27195392,windows,0,500,445,11,0,0,0,0,0,0,8,3,0
441.893,0,27364352,windows,0,500,445,11,0,0,0,0,0,0,8,3,0
441.972,1,27210752,windows,0,500,445,11,0,0,0,0,0,0,8,3,0
442.156,0,27381760,windows,0,500,445,11,0,0,0,0,0,0,8,3,0
442.236,1,27226112,windows,0,500,445,11,0,0,0,0,0,0,8,3,0
442.406,0,27398144,windows,0,500,445,11,0,0,0,0,0,0,8,3,0
442.505,1,27240448,windows,0,500,445,11,0,0,0,0,0,0,8,3,0
442.656,0,27415552,windows,0,500,445,11,0,0,0,0,0,0,8,3,0
442.759,1,27254784,repair,0,500,445,11,0,0,0,0,0,0,8,3,0
442.919,0,27431936,windows,0,500,445,11,0,0,0,0,0,0,8,3,0
443.024,1,27270144,windows,0,500,445,11,0,0,0,0,0,0,8,3,0
443.171,0,27447296,windows,0,500,445,11,0,0,0,0,0,0,8,3,0
443.283,1,27285504,windows,0,500,445,11,0,0,0,0,0,0,8,3,0
443.435,0,27464704,windows,0,500,445,11,0,0,0,0,0,0,8,3,0
443.537,1,27300864,windows,0,500,445,11,0,0,0,0,0,0,8,3,0
443.691,0,27482112,windows,0,500,445,11,0,0,0,0,0,0,8,3,0
443.803,1,27317248,windows,0,500,445,11,0,0,0,0,0,0,8,3,0
443.943,0,27499520,windows,0,500,445,11,0,0,0,0,0,0,8,3,0
444.07,1,27333632,windows,0,500,445,11,0,0,0,0,0,0,8,3,0
444.209,0,27513856,windows,0,500,445,11,0,0,0,0,0,0,8,3,0
444.323,1,27348992,windows,0,500,445,11,0,0,0,0,0,0,8,3,0
444.464,0,27527168,windows,0,500,445,11,0,0,0,0,0,0,8,3,0
444.576,1,27364352,windows,0,500,445,11,0,0,0,0,0,0,8,3,0
444.729,0,27542528,windows,0,500,445,11,0,0,0,0,0,0,8,3,0
444.834,1,27379712,windows,0,500,445,11,0,0,0,0,0,0,8,3,0
444.985,0,27556864,windows,0,500,445,11,0,0,0,0,0,0,8,3,0
445.095,1,27395072,windows,0,500,445,11,0,0,0,0,0,0,8,3,0
445.254,0,27572224,windows,0,500,445,11,0,0,0,0,0,0,8,3,0
445.355,1,27410432,windows,0,500,445,11,0,0,0,0,0,0,8,3,0
445.516,0,27587584,windows,0,500,445,11,0,0,0,0,0,0,8,3,0
445.613,1,27425792,windows,0,500,445,11,0,0,0,0,0,0,8,3,0
445.779,0,27600896,repair,0,500,445,11,0,0,0,0,0,0,8,3,0
445.876,1,27442176,windows,0,500,445,11,0,0,0,0,0,0,8,3,0
446.04,0,27616256,repair,0,500,445,11,0,0,0,0,0,0,8,3,0
446.128,1,27457536,windows,0,500,445,11,0,0,0,0,0,0,8,3,0
446.305,0,27630592,repair,0,500,445,11,0,0,0,0,0,0,8,3,0
446.382,1,27472896,windows,0,500,445,11,0,0,0,0,0,0,8,3,0
446.561,0,27645952,windows,0,500,445,11,0,0,0,0,0,0,8,3,0
446.633,1,27487232,windows,0,500,445,11,0,0,0,0,0,0,8,3,0
446.824,0,27663360,windows,0,500,445,11,0,0,0,0,0,0,8,3,0
446.888,1,27502592,windows,0,500,445,11,0,0,0,0,0,0,8,3,0
447.086,0,27680768,windows,0,500,445,11,0,0,0,0,0,0,8,3,0
447.147,1,27520000,repair,0,500,445,11,0,0,0,0,0,0,8,3,0
447.337,0,27698176,windows,0,500,445,11,0,0,0,0,0,0,8,3,0
447.397,1,27540480,repair,0,500,445,11,0,0,0,0,0,0,8,3,0
447.595,0,27715584,windows,0,500,445,11,0,0,0,0,0,0,8,3,0
447.655,1,27559936,repair,0,500,445,11,0,0,0,0,0,0,8,3,0
447.847,0,27730944,windows,0,500,445,11,0,0,0,0,0,0,8,3,0
447.916,1,27579392,windows,0,500,445,11,0,0,0,0,0,0,8,3,0
448.112,0,27745280,windows,0,500,445,11,0,0,0,0,0,0,8,3,0
448.176,1,27597824,windows,0,500,445,11,0,0,0,0,0,0,8,3,0
448.373,0,27759616,windows,0,500,445,11,0,0,0,0,0,0,8,3,0
448.437,1,27616256,windows,0,500,445,11,0,0,0,0,0,0,8,3,0
448.638,0,27773952,windows,0,500,445,11,0,0,0,0,0,0,8,3,0
448.691,1,27632640,windows,0,500,445,11,0,0,0,0,0,0,8,3,0
448.895,0,27787264,windows,0,500,445,11,0,0,0,0,0,0,8,3,0
448.942,1,27649024,windows,0,500,445,11,0,0,0,0,0,0,8,3,0
449.152,0,27801600,windows,0,500,445,11,0,0,0,0,0,0,8,3,0
449.196,1,27665408,windows,0,500,445,11,0,0,0,0,0,0,8,3,0
449.417,0,27815936,windows,0,500,445,11,0,0,0,0,0,0,8,3,0
449.458,1,27681792,windows,0,500,445,11,0,0,0,0,0,0,8,3,0
449.681,0,27830272,windows,0,500,445,11,0,0,0,0,0,0,8,3,0
449.721,1,27697152,windows,0,500,445,11,0,0,0,0,0,0,8,3,0
449.94,0,27844608,windows,0,500,445,11,0,0,0,0,0,0,8,3,0
449.975,1,27712512,windows,0,500,445,11,0,0,0,0,0,0,8,3,0
450.2,0,27858944,windows,0,500,445,11,0,0,0,0,0,0,8,3,0
450.234,1,27727872,windows,0,500,445,11,0,0,0,0,0,0,8,3,0
450.469,0,27873280,windows,0,500,445,11,0,0,0,0,0,0,8,3,0
450.495,1,27742208,windows,0,500,445,11,0,0,0,0,0,0,8,3,0
450.721,0,27889664,windows,0,500,445,11,0,0,0,0,0,0,8,3,0
450.753,1,27756544,windows,0,500,445,11,0,0,0,0,0,0,8,3,0
450.985,0,27908096,windows,0,500,445,11,0,0,0,0,0,0,8,3,0
451.003,1,27770880,windows,0,500,445,11,0,0,0,0,0,0,8,3,0
451.242,0,27927552,windows,0,500,445,11,0,0,0,0,0,0,8,3,0
451.257,1,27784192,windows,0,500,445,11,0,0,0,0,0,0,8,3,0
451.504,0,27947008,windows,0,500,445,11,0,0,0,0,0,0,8,3,0
451.509,1,27798528,windows,0,500,445,11,0,0,0,0,0,0,8,3,0
451.766,1,27812864,windows,0,500,445,11,0,0,0,0,0,0,8,3,0
451.766,0,27965440,windows,0,500,445,11,0,0,0,0,0,0,8,3,0
452.018,1,27829248,windows,0,500,445,11,0,0,0,0,0,0,8,3,0
452.018,0,27982848,windows,0,500,445,11,0,0,0,0,0,0,8,3,0
452.269,1,27843584,windows,0,500,445,11,0,0,0,0,0,0,8,3,0
452.272,0,28000256,windows,0,500,445,11,0,0,0,0,0,0,8,3,0
452.525,1,27860992,windows,0,500,445,11,0,0,0,0,0,0,8,3,0
452.529,0,28017664,windows,0,500,445,11,0,0,0,0,0,0,8,3,0
452.783,1,27878400,windows,0,500,445,11,0,0,0,0,0,0,8,3,0
452.792,0,28035072,windows,0,500,445,11,0,0,0,0,0,0,8,3,0
453.044,1,27894784,windows,0,500,445,11,0,0,0,0,0,0,8,3,0
453.057,0,28052480,repair,0,500,445,11,0,0,0,0,0,0,8,3,0
453.303,1,27910144,windows,0,500,445,11,0,0,0,0,0,0,8,3,0
453.309,0,28070912,repair,0,500,445,11,0,0,0,0,0,0,8,3,0
453.56,0,28089344,repair,0,500,445,11,0,0,0,0,0,0,8,3,0
453.567,1,27928576,windows,0,500,445,11,0,0,0,0,0,0,8,3,0
453.818,1,27944960,windows,0,500,445,11,0,0,0,0,0,0,8,3,0
453.823,0,28107776,repair,0,500,445,11,0,0,0,0,0,0,8,3,0
454.079,0,28126208,repair,0,500,445,11,0,0,0,0,0,0,8,3,0
454.081,1,27963392,windows,0,500,445,11,0,0,0,0,0,0,8,3,0
454.333,0,28144640,windows,0,500,445,11,0,0,0,0,0,0,8,3,0
454.345,1,27982848,windows,0,500,445,11,0,0,0,0,0,0,8,3,0
454.587,0,28163072,windows,0,500,445,11,0,0,0,0,0,0,8,3,0
454.601,1,28003328,windows,0,500,445,11,0,0,0,0,0,0,8,3,0
454.845,0,28181504,windows,0,500,445,11,0,0,0,0,0,0,8,3,0
454.858,1,28021760,windows,0,500,445,11,0,0,0,0,0,0,8,3,0
455.1,0,28199936,windows,0,500,445,11,0,0,0,0,0,0,8,3,0
455.114,1,28040192,repair,0,500,445,11,0,0,0,0,0,0,8,3,0
455.351,0,28217344,windows,0,500,445,11,0,0,0,0,0,0,8,3,0
455.367,1,28059648,repair,0,500,445,11,0,0,0,0,0,0,8,3,0
455.609,0,28235776,windows,0,500,445,11,0,0,0,0,0,0,8,3,0
455.632,1,28080128,repair,0,500,445,11,0,0,0,0,0,0,8,3,0
455.859,0,28253184,windows,0,500,445,11,0,0,0,0,0,0,8,3,0
455.885,1,28099584,windows,0,500,445,11,0,0,0,0,0,0,8,3,0
456.119,0,28272640,windows,0,500,445,11,0,0,0,0,0,0,8,3,0
456.136,1,28118016,windows,0,500,445,11,0,0,0,0,0,0,8,3,0
456.373,0,28292096,windows,0,500,445,11,0,0,0,0,0,0,8,3,0
456.392,1,28136448,windows,0,500,445,11,0,0,0,0,0,0,8,3,0
456.625,0,28311552,windows,0,500,445,11,0,0,0,0,0,0,8,3,0
456.643,1,28154880,windows,0,500,445,11,0,0,0,0,0,0,8,3,0
456.887,0,28329984,windows,0,500,445,11,0,0,0,0,0,0,8,3,0
456.898,1,28172288,windows,0,500,445,11,0,0,0,0,0,0,8,3,0
457.145,0,28346368,windows,0,500,445,11,0,0,0,0,0,0,8,3,0
457.16,1,28189696,windows,0,500,445,11,0,0,0,0,0,0,8,3,0
457.408,0,28363776,windows,0,500,445,11,0,0,0,0,0,0,8,3,0
457.419,1,28207104,windows,0,500,445,11,0,0,0,0,0,0,8,3,0
457.666,0,28382208,windows,0,500,445,11,0,0,0,0,0,0,8,3,0
457.677,1,28225536,windows,0,500,445,11,0,0,0,0,0,0,8,3,0
457.923,0,28401664,windows,0,500,445,11,0,0,0,0,0,0,8,3,0
457.928,1,28243968,windows,0,500,445,11,0,0,0,0,0,0,8,3,0
458.186,0,28422144,windows,0,500,445,11,0,0,0,0,0,0,8,3,0
458.192,1,28263424,windows,0,500,445,11,0,0,0,0,0,0,8,3,0
458.442,0,28441600,windows,0,500,445,11,0,0,0,0,0,0,8,3,0
458.456,1,28282880,windows,0,500,445,11,0,0,0,0,0,0,8,3,0
458.702,0,28461056,windows,0,500,445,11,0,0,0,0,0,0,8,3,0
458.712,1,28301312,windows,0,500,445,11,0,0,0,0,0,0,8,3,0
458.966,0,28480512,windows,0,500,445,11,0,0,0,0,0,0,8,3,0
458.969,1,28320768,windows,0,500,445,11,0,0,0,0,0,0,8,3,0
459.226,0,28500992,windows,0,500,445,11,0,0,0,0,0,0,8,3,0
459.229,1,28341248,windows,0,500,445,11,0,0,0,0,0,0,8,3,0
459.483,0,28519424,repair,0,500,445,11,0,0,0,0,0,0,8,3,0
459.486,1,28360704,windows,0,500,445,11,0,0,0,0,0,0,8,3,0
459.737,1,28378112,windows,0,500,445,11,0,0,0,0,0,0,8,3,0
459.745,0,28536832,repair,0,500,445,11,0,0,0,0,0,0,8,3,0
459.989,1,28396544,windows,0,500,445,11,0,0,0,0,0,0,8,3,0
460.002,0,28557312,repair,0,500,445,11,0,0,0,0,0,0,8,3,0
460.245,1,28414976,windows,0,500,445,11,0,0,0,0,0,0,8,3,0
460.271,0,28574720,windows,0,500,445,11,0,0,0,0,0,0,8,3,0
460.499,1,28430336,repair,0,500,445,11,0,0,0,0,0,0,8,3,0
460.533,0,28592128,windows,0,500,445,11,0,0,0,0,0,0,8,3,0
460.75,1,28447744,windows,0,500,445,11,0,0,0,0,0,0,8,3,0
460.793,0,28608512,windows,0,500,445,11,0,0,0,0,0,0,8,3,0
461.007,1,28463104,windows,0,500,445,11,0,0,0,0,0,0,8,3,0
461.05,0,28622848,windows,0,500,445,11,0,0,0,0,0,0,8,3,0
461.261,1,28479488,windows,0,500,445,11,0,0,0,0,0,0,8,3,0
461.306,0,28637184,windows,0,500,445,11,0,0,0,0,0,0,8,3,0
461.517,1,28494848,windows,0,500,445,11,0,0,0,0,0,0,8,3,0
461.561,0,28652544,windows,0,500,445,11,0,0,0,0,0,0,8,3,0
461.773,1,28511232,windows,0,500,445,11,0,0,0,0,0,0,8,3,0
461.824,0,28668928,windows,0,500,445,11,0,0,0,0,0,0,8,3,0
462.03,1,28528640,windows,0,500,445,11,0,0,0,0,0,0,8,3,0
462.087,0,28686336,windows,0,500,445,11,0,0,0,0,0,0,8,3,0
462.294,1,28547072,windows,0,500,445,11,0,0,0,0,0,0,8,3,0
462.352,0,28703744,windows,0,500,445,11,0,0,0,0,0,0,8,3,0
462.551,1,28565504,windows,0,500,445,11,0,0,0,0,0,0,8,3,0
462.622,0,28722176,windows,0,500,445,11,0,0,0,0,0,0,8,3,0
462.803,1,28582912,windows,0,500,445,11,0,0,0,0,0,0,8,3,0
462.88,0,28736512,windows,0,500,445,11,0,0,0,0,0,0,8,3,0
463.066,1,28600320,windows,0,500,445,11,0,0,0,0,0,0,8,3,0
463.138,0,28750848,windows,0,500,445,11,0,0,0,0,0,0,8,3,0
463.317,1,28616704,windows,0,500,445,11,0,0,0,0,0,0,8,3,0
463.397,0,28766208,windows,0,500,445,11,0,0,0,0,0,0,8,3,0
463.58,1,28634112,windows,0,500,445,11,0,0,0,0,0,0,8,3,0
463.66,0,28783616,windows,0,500,445,11,0,0,0,0,0,0,8,3,0
463.833,1,28651520,windows,0,500,445,11,0,0,0,0,0,0,8,3,0
463.913,0,28800000,windows,0,500,445,11,0,0,0,0,0,0,8,3,0
464.098,1,28667904,windows,0,500,445,11,0,0,0,0,0,0,8,3,0
464.17,0,28815360,windows,0,500,445,11,0,0,0,0,0,0,8,3,0
464.356,1,28683264,windows,0,500,445,11,0,0,0,0,0,0,8,3,0
464.431,0,28833792,windows,0,500,445,11,0,0,0,0,0,0,8,3,0
464.617,1,28698624,windows,0,500,445,11,0,0,0,0,0,0,8,3,0
464.691,0,28851200,repair,0,500,445,11,0,0,0,0,0,0,8,3,0
464.877,1,28713984,windows,0,500,445,11,0,0,0,0,0,0,8,3,0
464.954,0,28868608,repair,0,500,445,11,0,0,0,0,0,0,8,3,0
465.132,1,28729344,windows,0,500,445,11,0,0,0,0,0,0,8,3,0
465.207,0,28883968,repair,0,500,445,11,0,0,0,0,0,0,8,3,0
465.389,1,28743680,repair,0,500,445,11,0,0,0,0,0,0,8,3,0
465.458,0,28899328,repair,0,500,445,11,0,0,0,0,0,0,8,3,0
465.649,1,28759040,repair,0,500,445,11,0,0,0,0,0,0,8,3,0
465.713,0,28917760,windows,0,500,445,11,0,0,0,0,0,0,8,3,0
465.909,1,28774400,windows,0,500,445,11,0,0,0,0,0,0,8,3,0
465.966,0,28936192,windows,0,500,445,11,0,0,0,0,0,0,8,3,0
466.171,1,28789760,windows,0,500,445,11,0,0,0,0,0,0,8,3,0
466.23,0,28955648,windows,0,500,445,11,0,0,0,0,0,0,8,3,0
466.44,1,28805120,windows,0,500,445,11,0,0,0,0,0,0,8,3,0
466.484,0,28974080,windows,0,500,445,11,0,0,0,0,0,0,8,3,0
466.701,1,28819456,windows,0,500,445,11,0,0,0,0,0,0,8,3,0
466.747,0,28989440,windows,0,500,445,11,0,0,0,0,0,0,8,3,0
466.965,1,28833792,windows,0,500,445,11,0,0,0,0,0,0,8,3,0
467.009,0,29004800,windows,0,500,445,11,0,0,0,0,0,0,8,3,0
467.23,1,28848128,windows,0,500,445,11,0,0,0,0,0,0,8,3,0
467.275,0,29020160,windows,0,500,445,11,0,0,0,0,0,0,8,3,0
467.482,1,28862464,windows,0,500,445,11,0,0,0,0,0,0,8,3,0
467.528,0,29034496,windows,0,500,445,11,0,0,0,0,0,0,8,3,0
467.741,1,28876800,windows,0,500,445,11,0,0,0,0,0,0,8,3,0
467.782,0,29049856,windows,0,500,445,11,0,0,0,0,0,0,8,3,0
468.001,1,28892160,windows,0,500,445,11,0,0,0,0,0,0,8,3,0
468.04,0,29065216,windows,0,500,445,11,0,0,0,0,0,0,8,3,0
468.254,1,28906496,windows,0,500,445,11,0,0,0,0,0,0,8,3,0
468.304,0,29080576,windows,0,500,445,11,0,0,0,0,0,0,8,3,0
468.506,1,28920832,windows,0,500,445,11,0,0,0,0,0,0,8,3,0
468.566,0,29094912,windows,0,500,445,11,0,0,0,0,0,0,8,3,0
468.757,1,28935168,windows,0,500,445,11,0,0,0,0,0,0,8,3,0
468.818,0,29109248,windows,0,500,445,11,0,0,0,0,0,0,8,3,0
469.008,1,28949504,windows,0,500,445,11,0,0,0,0,0,0,8,3,0
469.071,0,29123584,windows,0,500,445,11,0,0,0,0,0,0,8,3,0
469.264,1,28966912,windows,0,500,445,11,0,0,0,0,0,0,8,3,0
469.323,0,29138944,windows,0,500,445,11,0,0,0,0,0,0,8,3,0
469.52,1,28985344,windows,0,500,445,11,0,0,0,0,0,0,8,3,0
469.584,0,29155328,windows,0,500,445,11,0,0,0,0,0,0,8,3,0
469.774,1,29002752,windows,0,500,445,11,0,0,0,0,0,0,8,3,0
469.837,0,29169664,windows,0,500,445,11,0,0,0,0,0,0,8,3,0
470.026,1,29021184,windows,0,500,445,11,0,0,0,0,0,0,8,3,0
470.099,0,29185024,windows,0,500,445,11,0,0,0,0,0,0,8,3,0
470.282,1,29040640,windows,0,500,445,11,0,0,0,0,0,0,8,3,0
470.363,0,29199360,windows,0,500,445,11,0,0,0,0,0,0,8,3,0
470.541,1,29060096,windows,0,500,445,11,0,0,0,0,0,0,8,3,0
470.635,0,29216768,windows,0,500,445,11,0,0,0,0,0,0,8,3,0
470.802,1,29079552,windows,0,500,445,11,0,0,0,0,0,0,8,3,0
470.892,0,29233152,windows,0,500,445,11,0,0,0,0,0,0,8,3,0
471.053,1,29099008,windows,0,500,445,11,0,0,0,0,0,0,8,3,0
471.147,0,29249536,windows,0,500,445,11,0,0,0,0,0,0,8,3,0
471.312,1,29118464,repair,0,500,445,11,0,0,0,0,0,0,8,3,0
471.398,0,29265920,windows,0,500,445,11,0,0,0,0,0,0,8,3,0
471.565,1,29136896,repair,0,500,445,11,0,0,0,0,0,0,8,3,0
471.651,0,29281280,windows,0,500,445,11,0,0,0,0,0,0,8,3,0
471.823,1,29155328,repair,0,500,445,11,0,0,0,0,0,0,8,3,0
471.902,0,29297664,windows,0,500,445,11,0,0,0,0,0,0,8,3,0
472.074,1,29173760,windows,0,500,445,11,0,0,0,0,0,0,8,3,0
472.161,0,29314048,windows,0,500,445,11,0,0,0,0,0,0,8,3,0
472.326,1,29191168,windows,0,500,445,11,0,0,0,0,0,0,8,3,0
472.418,0,29328384,windows,0,500,445,11,0,0,0,0,0,0,8,3,0
472.587,1,29209600,windows,0,500,445,11,0,0,0,0,0,0,8,3,0
472.685,0,29343744,repair,0,500,445,11,0,0,0,0,0,0,8,3,0
472.846,1,29228032,windows,0,500,445,11,0,0,0,0,0,0,8,3,0
472.939,0,29358080,windows,0,500,445,11,0,0,0,0,0,0,8,3,0
473.097,1,29245440,windows,0,500,445,11,0,0,0,0,0,0,8,3,0
473.194,0,29372416,windows,0,500,445,11,0,0,0,0,0,0,8,3,0
473.349,1,29262848,windows,0,500,445,11,0,0,0,0,0,0,8,3,0
473.449,0,29386752,windows,0,500,445,11,0,0,0,0,0,0,8,3,0
473.604,1,29280256,windows,0,500,445,11,0,0,0,0,0,0,8,3,0
473.709,0,29401088,windows,0,500,445,11,0,0,0,0,0,0,8,3,0
473.861,1,29298688,windows,0,500,445,11,0,0,0,0,0,0,8,3,0
473.959,0,29415424,windows,0,500,445,11,0,0,0,0,0,0,8,3,0
474.123,1,29317120,windows,0,500,445,11,0,0,0,0,0,0,8,3,0
474.229,0,29429760,windows,0,500,445,11,0,0,0,0,0,0,8,3,0
474.378,1,29334528,windows,0,500,445,11,0,0,0,0,0,0,8,3,0
474.49,0,29444096,windows,0,500,445,11,0,0,0,0,0,0,8,3,0
474.63,1,29351936,windows,0,500,445,11,0,0,0,0,0,0,8,3,0
474.745,0,29460480,windows,0,500,445,11,0,0,0,0,0,0,8,3,0
474.884,1,29369344,windows,0,500,445,11,0,0,0,0,0,0,8,3,0
475.009,0,29479936,windows,0,500,445,11,0,0,0,0,0,0,8,3,0
475.143,1,29386752,windows,0,500,445,11,0,0,0,0,0,0,8,3,0
475.26,0,29498368,windows,0,500,445,11,0,0,0,0,0,0,8,3,0
475.398,1,29404160,windows,0,500,445,11,0,0,0,0,0,0,8,3,0
475.522,0,29517824,windows,0,500,445,11,0,0,0,0,0,0,8,3,0
475.662,1,29421568,windows,0,500,445,11,0,0,0,0,0,0,8,3,0
475.784,0,29537280,windows,0,500,445,11,0,0,0,0,0,0,8,3,0
475.921,1,29438976,windows,0,500,445,11,0,0,0,0,0,0,8,3,0
476.039,0,29554688,windows,0,500,445,11,0,0,0,0,0,0,8,3,0
476.183,1,29456384,repair,0,500,445,11,0,0,0,0,0,0,8,3,0
476.299,0,29573120,windows,0,500,445,11,0,0,0,0,0,0,8,3,0
476.437,1,29476864,repair,0,500,445,11,0,0,0,0,0,0,8,3,0
476.558,0,29591552,windows,0,500,445,11,0,0,0,0,0,0,8,3,0
476.691,1,29496320,windows,0,500,445,11,0,0,0,0,0,0,8,3,0
476.818,0,29609984,windows,0,500,445,11,0,0,0,0,0,0,8,3,0
476.954,1,29513728,windows,0,500,445,11,0,0,0,0,0,0,8,3,0
477.08,0,29628416,repair,0,500,445,11,0,0,0,0,0,0,8,3,0
477.207,1,29531136,windows,0,500,445,11,0,0,0,0,0,0,8,3,0
477.331,0,29646848,repair,0,500,445,11,0,0,0,0,0,0,8,3,0
477.462,1,29545472,windows,0,500,445,11,0,0,0,0,0,0,8,3,0
477.582,0,29665280,windows,0,500,445,11,0,0,0,0,0,0,8,3,0
477.723,1,29559808,windows,0,500,445,11,0,0,0,0,0,0,8,3,0
477.84,0,29682688,windows,0,500,445,11,0,0,0,0,0,0,8,3,0
477.984,1,29574144,windows,0,500,445,11,0,0,0,0,0,0,8,3,0
478.105,0,29701120,windows,0,500,445,11,0,0,0,0,0,0,8,3,0
478.235,1,29587456,windows,0,500,445,11,0,0,0,0,0,0,8,3,0
478.357,0,29717504,windows,0,500,445,11,0,0,0,0,0,0,8,3,0
478.491,1,29600768,windows,0,500,445,11,0,0,0,0,0,0,8,3,0
478.617,0,29735936,windows,0,500,445,11,0,0,0,0,0,0,8,3,0
478.745,1,29614080,windows,0,500,445,11,0,0,0,0,0,0,8,3,0
478.872,0,29753344,windows,0,500,445,11,0,0,0,0,0,0,8,3,0
479.008,1,29628416,windows,0,500,445,11,0,0,0,0,0,0,8,3,0
479.138,0,29771776,windows,0,500,445,11,0,0,0,0,0,0,8,3,0
479.276,1,29641728,windows,0,500,445,11,0,0,0,0,0,0,8,3,0
479.388,0,29785088,windows,0,500,445,11,0,0,0,0,0,0,8,3,0
479.538,1,29656064,windows,0,500,445,11,0,0,0,0,0,0,8,3,0
479.653,0,29799424,windows,0,500,445,11,0,0,0,0,0,0,8,3,0
479.788,1,29668352,windows,0,500,445,11,0,0,0,0,0,0,8,3,0
479.908,0,29812736,windows,0,500,445,11,0,0,0,0,0,0,8,3,0
480.04,1,29681664,windows,0,500,445,11,0,0,0,0,0,0,8,3,0
480.16,0,29828096,windows,0,500,445,11,0,0,0,0,0,0,8,3,0
480.294,1,29693952,windows,0,500,445,11,0,0,0,0,0,0,8,3,0
480.414,0,29841408,windows,0,500,445,11,0,0,0,0,0,0,8,3,0
480.557,1,29707264,windows,0,500,445,11,0,0,0,0,0,0,8,3,0
480.67,0,29854720,windows,0,500,445,11,0,0,0,0,0,0,8,3,0
480.82,1,29721600,windows,0,500,445,11,0,0,0,0,0,0,8,3,0
480.935,0,29870080,windows,0,500,445,11,0,0,0,0,0,0,8,3,0
481.074,1,29734912,windows,0,500,445,11,0,0,0,0,0,0,8,3,0
481.203,0,29884416,windows,0,500,445,11,0,0,0,0,0,0,8,3,0
481.339,1,29749248,windows,0,500,445,11,0,0,0,0,0,0,8,3,0
481.462,0,29898752,windows,0,500,445,11,0,0,0,0,0,0,8,3,0
481.593,1,29760512,windows,0,500,445,11,0,0,0,0,0,0,8,3,0
481.718,0,29912064,windows,0,500,445,11,0,0,0,0,0,0,8,3,0
481.849,1,29771776,windows,0,500,445,11,0,0,0,0,0,0,8,3,0
481.974,0,29925376,windows,0,500,445,11,0,0,0,0,0,0,8,3,0
482.108,1,29785088,windows,0,500,445,11,0,0,0,0,0,0,8,3,0
482.232,0,29939712,windows,0,500,445,11,0,0,0,0,0,0,8,3,0
482.366,1,29798400,windows,0,500,445,11,0,0,0,0,0,0,8,3,0
482.489,0,29956096,windows,0,500,445,11,0,0,0,0,0,0,8,3,0
482.621,1,29812736,windows,0,500,445,11,0,0,0,0,0,0,8,3,0
482.745,0,29972480,windows,0,500,445,11,0,0,0,0,0,0,8,3,0
482.887,1,29827072,windows,0,500,445,11,0,0,0,0,0,0,8,3,0
483.008,0,29988864,windows,0,500,445,11,0,0,0,0,0,0,8,3,0
483.139,1,29838336,windows,0,500,445,11,0,0,0,0,0,0,8,3,0
483.265,0,30002176,windows,0,500,445,11,0,0,0,0,0,0,8,3,0
483.406,1,29850624,windows,0,500,445,11,0,0,0,0,0,0,8,3,0
483.53,0,30015488,windows,0,500,445,11,0,0,0,0,0,0,8,3,0
483.676,1,29863936,windows,0,500,445,11,0,0,0,0,0,0,8,3,0
483.781,0,30027776,windows,0,500,445,11,0,0,0,0,0,0,8,3,0
483.941,1,29876224,repair,0,500,445,11,0,0,0,0,0,0,8,3,0
484.042,0,30041088,windows,0,500,445,11,0,0,0,0,0,0,8,3,0
484.197,1,29889536,repair,0,500,445,11,0,0,0,0,0,0,8,3,0
484.296,0,30055424,repair,0,500,445,11,0,0,0,0,0,0,8,3,0
484.452,1,29903872,repair,0,500,445,11,0,0,0,0,0,0,8,3,0
484.548,0,30071808,repair,0,500,445,11,0,0,0,0,0,0,8,3,0
484.717,1,29918208,repair,0,500,445,11,0,0,0,0,0,0,8,3,0
484.815,0,30086144,windows,0,500,445,11,0,0,0,0,0,0,8,3,0
484.985,1,29932544,windows,0,500,445,11,0,0,0,0,0,0,8,3,0
485.07,0,30100480,windows,0,500,445,11,0,0,0,0,0,0,8,3,0
485.247,1,29946880,windows,0,500,445,11,0,0,0,0,0,0,8,3,0
485.323,0,30113792,windows,0,500,445,11,0,0,0,0,0,0,8,3,0
485.508,1,29961216,windows,0,500,445,11,0,0,0,0,0,0,8,3,0
485.589,0,30127104,windows,0,500,445,11,0,0,0,0,0,0,8,3,0
485.77,1,29975552,windows,0,500,445,11,0,0,0,0,0,0,8,3,0
485.858,0,30140416,windows,0,500,445,11,0,0,0,0,0,0,8,3,0
486.034,1,29988864,windows,0,500,445,11,0,0,0,0,0,0,8,3,0
486.109,0,30152704,windows,0,500,445,11,0,0,0,0,0,0,8,3,0
486.29,1,30001152,windows,0,500,445,11,0,0,0,0,0,0,8,3,0
486.362,0,30167040,windows,0,500,445,11,0,0,0,0,0,0,8,3,0
486.548,1,30014464,windows,0,500,445,11,0,0,0,0,0,0,8,3,0
486.629,0,30183424,windows,0,500,445,11,0,0,0,0,0,0,8,3,0
486.8,1,30027776,windows,0,500,445,11,0,0,0,0,0,0,8,3,0
486.894,0,30199808,windows,0,500,445,11,0,0,0,0,0,0,8,3,0
487.057,1,30041088,windows,0,500,445,11,0,0,0,0,0,0,8,3,0
487.147,0,30214144,windows,0,500,445,11,0,0,0,0,0,0,8,3,0
487.318,1,30055424,windows,0,500,445,11,0,0,0,0,0,0,8,3,0
487.403,0,30227456,windows,0,500,445,11,0,0,0,0,0,0,8,3,0
487.578,1,30069760,windows,0,500,445,11,0,0,0,0,0,0,8,3,0
487.66,0,30240768,windows,0,500,445,11,0,0,0,0,0,0,8,3,0
487.838,1,30083072,windows,0,500,445,11,0,0,0,0,0,0,8,3,0
487.921,0,30255104,windows,0,500,445,11,0,0,0,0,0,0,8,3,0
488.094,1,30097408,windows,0,500,445,11,0,0,0,0,0,0,8,3,0
488.18,0,30272512,windows,0,500,445,11,0,0,0,0,0,0,8,3,0
488.345,1,30111744,windows,0,500,445,11,0,0,0,0,0,0,8,3,0
488.434,0,30289920,windows,0,500,445,11,0,0,0,0,0,0,8,3,0
488.607,1,30126080,windows,0,500,445,11,0,0,0,0,0,0,8,3,0
488.692,0,30308352,windows,0,500,445,11,0,0,0,0,0,0,8,3,0
488.873,1,30141440,windows,0,500,445,11,0,0,0,0,0,0,8,3,0
488.942,0,30322688,windows,0,500,445,11,0,0,0,0,0,0,8,3,0
489.13,1,30155776,windows,0,500,445,11,0,0,0,0,0,0,8,3,0
489.194,0,30337024,windows,0,500,445,11,0,0,0,0,0,0,8,3,0
489.396,1,30171136,windows,0,500,445,11,0,0,0,0,0,0,8,3,0
489.455,0,30352384,windows,0,500,445,11,0,0,0,0,0,0,8,3,0
489.654,1,30185472,windows,0,500,445,11,0,0,0,0,0,0,8,3,0
489.713,0,30366720,windows,0,500,445,11,0,0,0,0,0,0,8,3,0
489.908,1,30199808,windows,0,500,445,11,0,0,0,0,0,0,8,3,0
489.967,0,30381056,windows,0,500,445,11,0,0,0,0,0,0,8,3,0
490.177,1,30215168,windows,0,500,445,11,0,0,0,0,0,0,8,3,0
490.236,0,30396416,windows,0,500,445,11,0,0,0,0,0,0,8,3,0
490.438,1,30229504,windows,0,500,445,11,0,0,0,0,0,0,8,3,0
490.489,0,30410752,windows,0,500,445,11,0,0,0,0,0,0,8,3,0
490.704,1,30244864,windows,0,500,445,11,0,0,0,0,0,0,8,3,0
490.755,0,30426112,windows,0,500,445,11,0,0,0,0,0,0,8,3,0
490.955,1,30259200,windows,0,500,445,11,0,0,0,0,0,0,8,3,0
491.015,0,30441472,windows,0,500,445,11,0,0,0,0,0,0,8,3,0
491.206,1,30273536,windows,0,500,445,11,0,0,0,0,0,0,8,3,0
491.266,0,30458880,windows,0,500,445,11,0,0,0,0,0,0,8,3,0
491.467,1,30287872,windows,0,500,445,11,0,0,0,0,0,0,8,3,0
491.526,0,30477312,repair,0,500,445,11,0,0,0,0,0,0,8,3,0
491.724,1,30302208,windows,0,500,445,11,0,0,0,0,0,0,8,3,0
491.794,0,30495744,repair,0,500,445,11,0,0,0,0,0,0,8,3,0
491.98,1,30316544,windows,0,500,445,11,0,0,0,0,0,0,8,3,0
492.054,0,30515200,repair,0,500,445,11,0,0,0,0,0,0,8,3,0
492.241,1,30330880,windows,0,500,445,11,0,0,0,0,0,0,8,3,0
492.317,0,30532608,windows,0,500,445,11,0,0,0,0,0,0,8,3,0
492.501,1,30345216,windows,0,500,445,11,0,0,0,0,0,0,8,3,0
492.577,0,30546944,windows,0,500,445,11,0,0,0,0,0,0,8,3,0
492.757,1,30358528,windows,0,500,445,11,0,0,0,0,0,0,8,3,0
492.831,0,30561280,windows,0,500,445,11,0,0,0,0,0,0,8,3,0
493.009,1,30372864,windows,0,500,445,11,0,0,0,0,0,0,8,3,0
493.094,0,30578688,windows,0,500,445,11,0,0,0,0,0,0,8,3,0
493.272,1,30388224,windows,0,500,445,11,0,0,0,0,0,0,8,3,0
493.349,0,30593024,windows,0,500,445,11,0,0,0,0,0,0,8,3,0
493.535,1,30403584,windows,0,500,445,11,0,0,0,0,0,0,8,3,0
493.603,0,30607360,windows,0,500,445,11,0,0,0,0,0,0,8,3,0
493.792,1,30417920,windows,0,500,445,11,0,0,0,0,0,0,8,3,0
493.856,0,30621696,windows,0,500,445,11,0,0,0,0,0,0,8,3,0
494.047,1,30432256,windows,0,500,445,11,0,0,0,0,0,0,8,3,0
494.111,0,30636032,windows,0,500,445,11,0,0,0,0,0,0,8,3,0
494.309,1,30447616,windows,0,500,445,11,0,0,0,0,0,0,8,3,0
494.373,0,30650368,windows,0,500,445,11,0,0,0,0,0,0,8,3,0
494.571,1,30462976,windows,0,500,445,11,0,0,0,0,0,0,8,3,0
494.636,0,30665728,windows,0,500,445,11,0,0,0,0,0,0,8,3,0
494.831,1,30478336,windows,0,500,445,11,0,0,0,0,0,0,8,3,0
494.892,0,30680064,windows,0,500,445,11,0,0,0,0,0,0,8,3,0
495.081,1,30492672,windows,0,500,445,11,0,0,0,0,0,0,8,3,0
495.158,0,30695424,windows,0,500,445,11,0,0,0,0,0,0,8,3,0
495.336,1,30507008,windows,0,500,445,11,0,0,0,0,0,0,8,3,0
495.414,0,30710784,windows,0,500,445,11,0,0,0,0,0,0,8,3,0
495.592,1,30525440,windows,0,500,445,11,0,0,0,0,0,0,8,3,0
495.676,0,30728192,windows,0,500,445,11,0,0,0,0,0,0,8,3,0
495.846,1,30543872,windows,0,500,445,11,0,0,0,0,0,0,8,3,0
495.934,0,30747648,windows,0,500,445,11,0,0,0,0,0,0,8,3,0
496.112,1,30560256,windows,0,500,445,11,0,0,0,0,0,0,8,3,0
496.192,0,30767104,windows,0,500,445,11,0,0,0,0,0,0,8,3,0
496.364,1,30574592,repair,0,500,445,11,0,0,0,0,0,0,8,3,0
496.445,0,30785536,windows,0,500,445,11,0,0,0,0,0,0,8,3,0
496.628,1,30589952,repair,0,500,445,11,0,0,0,0,0,0,8,3,0
496.706,0,30802944,windows,0,500,445,11,0,0,0,0,0,0,8,3,0
496.889,1,30605312,windows,0,500,445,11,0,0,0,0,0,0,8,3,0
496.964,0,30821376,windows,0,500,445,11,0,0,0,0,0,0,8,3,0
497.139,1,30619648,windows,0,500,445,11,0,0,0,0,0,0,8,3,0
497.229,0,30839808,windows,0,500,445,11,0,0,0,0,0,0,8,3,0
497.401,1,30633984,windows,0,500,445,11,0,0,0,0,0,0,8,3,0
497.493,0,30858240,windows,0,500,445,11,0,0,0,0,0,0,8,3,0
497.666,1,30648320,windows,0,500,445,11,0,0,0,0,0,0,8,3,0
497.754,0,30877696,windows,0,500,445,11,0,0,0,0,0,0,8,3,0
497.931,1,30662656,windows,0,500,445,11,0,0,0,0,0,0,8,3,0
498.004,0,30896128,windows,0,500,445,11,0,0,0,0,0,0,8,3,0
498.196,1,30676992,windows,0,500,445,11,0,0,0,0,0,0,8,3,0
498.263,0,30915584,windows,0,500,445,11,0,0,0,0,0,0,8,3,0
498.448,1,30690304,windows,0,500,445,11,0,0,0,0,0,0,8,3,0
498.522,0,30934016,windows,0,500,445,11,0,0,0,0,0,0,8,3,0
498.717,1,30704640,windows,0,500,445,11,0,0,0,0,0,0,8,3,0
498.784,0,30953472,windows,0,500,445,11,0,0,0,0,0,0,8,3,0
498.985,1,30718976,windows,0,500,445,11,0,0,0,0,0,0,8,3,0
499.047,0,30971904,windows,0,500,445,11,0,0,0,0,0,0,8,3,0
499.244,1,30732288,windows,0,500,445,11,0,0,0,0,0,0,8,3,0
499.301,0,30989312,repair,0,500,445,11,0,0,0,0,0,0,8,3,0
499.495,1,30745600,windows,0,500,445,11,0,0,0,0,0,0,8,3,0
499.559,0,31006720,repair,0,500,445,11,0,0,0,0,0,0,8,3,0
499.762,1,30759936,windows,0,500,445,11,0,0,0,0,0,0,8,3,0
499.816,0,31025152,windows,0,500,445,11,0,0,0,0,0,0,8,3,0
500.023,1,30774272,windows,0,500,445,11,0,0,0,0,0,0,8,3,0
500.073,0,31044608,windows,0,500,445,11,0,0,0,0,0,0,8,3,0
500.283,1,30788608,windows,0,500,445,11,0,0,0,0,0,0,8,3,0
500.329,0,31062016,windows,0,500,445,11,0,0,0,0,0,0,8,3,0
500.538,1,30802944,windows,0,500,445,11,0,0,0,0,0,0,8,3,0
500.583,0,31080448,windows,0,500,445,11,0,0,0,0,0,0,8,3,0
500.804,1,30817280,windows,0,500,445,11,0,0,0,0,0,0,8,3,0
500.837,0,31098880,windows,0,500,445,11,0,0,0,0,0,0,8,3,0
501.069,1,30831616,windows,0,500,445,11,0,0,0,0,0,0,8,3,0
501.089,0,31117312,windows,0,500,445,11,0,0,0,0,0,0,8,3,0
501.326,1,30845952,windows,0,500,445,11,0,0,0,0,0,0,8,3,0
501.352,0,31135744,windows,0,500,445,11,0,0,0,0,0,0,8,3,0
501.589,1,30861312,windows,0,500,445,11,0,0,0,0,0,0,8,3,0
501.606,0,31154176,windows,0,500,445,11,0,0,0,0,0,0,8,3,0
501.844,1,30875648,windows,0,500,445,11,0,0,0,0,0,0,8,3,0
501.87,0,31171584,windows,0,500,445,11,0,0,0,0,0,0,8,3,0
502.099,1,30891008,windows,0,500,445,11,0,0,0,0,0,0,8,3,0
502.124,0,31188992,windows,0,500,445,11,0,0,0,0,0,0,8,3,0
502.354,1,30904320,windows,0,500,445,11,0,0,0,0,0,0,8,3,0
502.382,0,31205376,windows,0,500,445,11,0,0,0,0,0,0,8,3,0
502.609,1,30920704,windows,0,500,445,11,0,0,0,0,0,0,8,3,0
502.644,0,31221760,windows,0,500,445,11,0,0,0,0,0,0,8,3,0
502.87,1,30938112,windows,0,500,445,11,0,0,0,0,0,0,8,3,0
502.905,0,31240192,windows,0,500,445,11,0,0,0,0,0,0,8,3,0
503.13,1,30955520,windows,0,500,445,11,0,0,0,0,0,0,8,3,0
503.159,0,31258624,repair,0,500,445,11,0,0,0,0,0,0,8,3,0
503.388,1,30972928,windows,0,500,445,11,0,0,0,0,0,0,8,3,0
503.419,0,31279104,repair,0,500,445,11,0,0,0,0,0,0,8,3,0
503.645,1,30989312,windows,0,500,445,11,0,0,0,0,0,0,8,3,0
503.68,0,31298560,repair,0,500,445,11,0,0,0,0,0,0,8,3,0
503.911,1,31005696,windows,0,500,445,11,0,0,0,0,0,0,8,3,0
503.932,0,31316992,windows,0,500,445,11,0,0,0,0,0,0,8,3,0
504.169,1,31022080,windows,0,500,445,11,0,0,0,0,0,0,8,3,0
504.19,0,31335424,windows,0,500,445,11,0,0,0,0,0,0,8,3,0
504.432,1,31037440,repair,0,500,445,11,0,0,0,0,0,0,8,3,0
504.45,0,31353856,windows,0,500,445,11,0,0,0,0,0,0,8,3,0
504.683,1,31052800,windows,0,500,445,11,0,0,0,0,0,0,8,3,0
504.704,0,31371264,windows,0,500,445,11,0,0,0,0,0,0,8,3,0
504.943,1,31067136,windows,0,500,445,11,0,0,0,0,0,0,8,3,0
504.957,0,31388672,windows,0,500,445,11,0,0,0,0,0,0,8,3,0
505.199,1,31081472,windows,0,500,445,11,0,0,0,0,0,0,8,3,0
505.213,0,31406080,windows,0,500,445,11,0,0,0,0,0,0,8,3,0
505.457,1,31095808,windows,0,500,445,11,0,0,0,0,0,0,8,3,0
505.475,0,31422464,windows,0,500,445,11,0,0,0,0,0,0,8,3,0
505.722,1,31111168,windows,0,500,445,11,0,0,0,0,0,0,8,3,0
505.738,0,31437824,windows,0,500,445,11,0,0,0,0,0,0,8,3,0
505.984,1,31127552,windows,0,500,445,11,0,0,0,0,0,0,8,3,0
505.998,0,31452160,windows,0,500,445,11,0,0,0,0,0,0,8,3,0
506.245,1,31145984,windows,0,500,445,11,0,0,0,0,0,0,8,3,0
506.261,0,31467520,windows,0,500,445,11,0,0,0,0,0,0,8,3,0
506.508,1,31165440,windows,0,500,445,11,0,0,0,0,0,0,8,3,0
506.527,0,31482880,windows,0,500,445,11,0,0,0,0,0,0,8,3,0
506.772,1,31181824,windows,0,500,445,11,0,0,0,0,0,0,8,3,0
506.789,0,31497216,windows,0,500,445,11,0,0,0,0,0,0,8,3,0
507.026,1,31197184,windows,0,500,445,11,0,0,0,0,0,0,8,3,0
507.04,0,31511552,windows,0,500,445,11,0,0,0,0,0,0,8,3,0
507.292,1,31214592,windows,0,500,445,11,0,0,0,0,0,0,8,3,0
507.295,0,31526912,windows,0,500,445,11,0,0,0,0,0,0,8,3,0
507.556,1,31232000,windows,0,500,445,11,0,0,0,0,0,0,8,3,0
507.56,0,31542272,windows,0,500,445,11,0,0,0,0,0,0,8,3,0
507.809,1,31247360,windows,0,500,445,11,0,0,0,0,0,0,8,3,0
507.826,0,31557632,windows,0,500,445,11,0,0,0,0,0,0,8,3,0
508.075,1,31264768,windows,0,500,445,11,0,0,0,0,0,0,8,3,0
508.084,0,31572992,windows,0,500,445,11,0,0,0,0,0,0,8,3,0
508.336,1,31281152,windows,0,500,445,11,0,0,0,0,0,0,8,3,0
508.338,0,31588352,windows,0,500,445,11,0,0,0,0,0,0,8,3,0
508.59,1,31298560,windows,0,500,445,11,0,0,0,0,0,0,8,3,0
508.598,0,31603712,windows,0,500,445,11,0,0,0,0,0,0,8,3,0
508.84,1,31315968,windows,0,500,445,11,0,0,0,0,0,0,8,3,0
508.866,0,31619072,windows,0,500,445,11,0,0,0,0,0,0,8,3,0
509.095,1,31333376,windows,0,500,445,11,0,0,0,0,0,0,8,3,0
509.121,0,31634432,windows,0,500,445,11,0,0,0,0,0,0,8,3,0
509.346,1,31351808,windows,0,500,445,11,0,0,0,0,0,0,8,3,0
509.386,0,31649792,repair,0,500,445,11,0,0,0,0,0,0,8,3,0
509.605,1,31368192,windows,0,500,445,11,0,0,0,0,0,0,8,3,0
509.65,0,31666176,repair,0,500,445,11,0,0,0,0,0,0,8,3,0
509.866,1,31383552,windows,0,500,445,11,0,0,0,0,0,0,8,3,0
509.905,0,31682560,repair,0,500,445,11,0,0,0,0,0,0,8,3,0
510.118,1,31398912,windows,0,500,445,11,0,0,0,0,0,0,8,3,0
510.158,0,31698944,windows,0,500,445,11,0,0,0,0,0,0,8,3,0
510.381,1,31414272,windows,0,500,445,11,0,0,0,0,0,0,8,3,0
510.416,0,31713280,windows,0,500,445,11,0,0,0,0,0,0,8,3,0
510.637,1,31429632,repair,0,500,445,11,0,0,0,0,0,0,8,3,0
510.682,0,31728640,windows,0,500,445,11,0,0,0,0,0,0,8,3,0
510.891,1,31443968,repair,0,500,445,11,0,0,0,0,0,0,8,3,0
510.949,0,31744000,windows,0,500,445,11,0,0,0,0,0,0,8,3,0
511.148,1,31459328,windows,0,500,445,11,0,0,0,0,0,0,8,3,0
511.204,0,31758336,windows,0,500,445,11,0,0,0,0,0,0,8,3,0
511.407,1,31474688,windows,0,500,445,11,0,0,0,0,0,0,8,3,0
511.465,0,31772672,windows,0,500,445,11,0,0,0,0,0,0,8,3,0
511.671,1,31489024,windows,0,500,445,11,0,0,0,0,0,0,8,3,0
511.719,0,31785984,windows,0,500,445,11,0,0,0,0,0,0,8,3,0
511.93,1,31503360,windows,0,500,445,11,0,0,0,0,0,0,8,3,0
511.982,0,31799296,windows,0,500,445,11,0,0,0,0,0,0,8,3,0
512.191,1,31517696,windows,0,500,445,11,0,0,0,0,0,0,8,3,0
512.238,0,31813632,windows,0,500,445,11,0,0,0,0,0,0,8,3,0
512.459,1,31531008,windows,0,500,445,11,0,0,0,0,0,0,8,3,0
512.495,0,31827968,windows,0,500,445,11,0,0,0,0,0,0,8,3,0
512.722,1,31544320,windows,0,500,445,11,0,0,0,0,0,0,8,3,0
512.747,0,31842304,windows,0,500,445,11,0,0,0,0,0,0,8,3,0
512.978,1,31557632,windows,0,500,445,11,0,0,0,0,0,0,8,3,0
513.01,0,31857664,windows,0,500,445,11,0,0,0,0,0,0,8,3,0
513.243,1,31571968,windows,0,500,445,11,0,0,0,0,0,0,8,3,0
513.275,0,31873024,windows,0,500,445,11,0,0,0,0,0,0,8,3,0
513.507,1,31586304,windows,0,500,445,11,0,0,0,0,0,0,8,3,0
513.537,0,31888384,windows,0,500,445,11,0,0,0,0,0,0,8,3,0
513.765,1,31600640,windows,0,500,445,11,0,0,0,0,0,0,8,3,0
513.801,0,31902720,windows,0,500,445,11,0,0,0,0,0,0,8,3,0
514.016,1,31614976,windows,0,500,445,11,0,0,0,0,0,0,8,3,0
514.051,0,31918080,windows,0,500,445,11,0,0,0,0,0,0,8,3,0
514.278,1,31630336,windows,0,500,445,11,0,0,0,0,0,0,8,3,0
514.319,0,31933440,windows,0,500,445,11,0,0,0,0,0,0,8,3,0
514.532,1,31643648,windows,0,500,445,11,0,0,0,0,0,0,8,3,0
514.582,0,31948800,windows,0,500,445,11,0,0,0,0,0,0,8,3,0
514.796,1,31657984,windows,0,500,445,11,0,0,0,0,0,0,8,3,0
514.845,0,31964160,windows,0,500,445,11,0,0,0,0,0,0,8,3,0
515.046,1,31672320,windows,0,500,445,11,0,0,0,0,0,0,8,3,0
515.098,0,31979520,windows,0,500,445,11,0,0,0,0,0,0,8,3,0
515.313,1,31687680,windows,0,500,445,11,0,0,0,0,0,0,8,3,0
515.35,0,31994880,windows,0,500,445,11,0,0,0,0,0,0,8,3,0
515.575,1,31703040,windows,0,500,445,11,0,0,0,0,0,0,8,3,0
515.606,0,32010240,windows,0,500,445,11,0,0,0,0,0,0,8,3,0
515.825,1,31717376,windows,0,500,445,11,0,0,0,0,0,0,8,3,0
515.87,0,32026624,windows,0,500,445,11,0,0,0,0,0,0,8,3,0
516.092,1,31732736,windows,0,500,445,11,0,0,0,0,0,0,8,3,0
516.127,0,32041984,windows,0,500,445,11,0,0,0,0,0,0,8,3,0
516.35,1,31748096,windows,0,500,445,11,0,0,0,0,0,0,8,3,0
516.383,0,32057344,windows,0,500,445,11,0,0,0,0,0,0,8,3,0
516.611,1,31763456,windows,0,500,445,11,0,0,0,0,0,0,8,3,0
516.634,0,32071680,windows,0,500,445,11,0,0,0,0,0,0,8,3,0
516.877,1,31778816,windows,0,500,445,11,0,0,0,0,0,0,8,3,0
516.898,0,32088064,windows,0,500,445,11,0,0,0,0,0,0,8,3,0
517.141,1,31794176,windows,0,500,445,11,0,0,0,0,0,0,8,3,0
517.155,0,32103424,windows,0,500,445,11,0,0,0,0,0,0,8,3,0
517.405,1,31809536,windows,0,500,445,11,0,0,0,0,0,0,8,3,0
517.41,0,32118784,windows,0,500,445,11,0,0,0,0,0,0,8,3,0
517.663,0,32134144,windows,0,500,445,11,0,0,0,0,0,0,8,3,0
517.666,1,31823872,windows,0,500,445,11,0,0,0,0,0,0,8,3,0
517.927,0,32149504,windows,0,500,445,11,0,0,0,0,0,0,8,3,0
517.929,1,31839232,windows,0,500,445,11,0,0,0,0,0,0,8,3,0
518.193,1,31855616,windows,0,500,445,11,0,0,0,0,0,0,8,3,0
518.194,0,32164864,windows,0,500,445,11,0,0,0,0,0,0,8,3,0
518.448,1,31870976,windows,0,500,445,11,0,0,0,0,0,0,8,3,0
518.452,0,32179200,repair,0,500,445,11,0,0,0,0,0,0,8,3,0
518.707,0,32194560,repair,0,500,445,11,0,0,0,0,0,0,8,3,0
518.713,1,31885312,windows,0,500,445,11,0,0,0,0,0,0,8,3,0
518.957,0,32209920,windows,0,500,445,11,0,0,0,0,0,0,8,3,0
518.963,1,31899648,windows,0,500,445,11,0,0,0,0,0,0,8,3,0
519.217,1,31915008,windows,0,500,445,11,0,0,0,0,0,0,8,3,0
519.22,0,32225280,windows,0,500,445,11,0,0,0,0,0,0,8,3,0
519.478,0,32238592,windows,0,500,445,11,0,0,0,0,0,0,8,3,0
519.487,1,31930368,windows,0,500,445,11,0,0,0,0,0,0,8,3,0
519.743,0,32252928,windows,0,500,445,11,0,0,0,0,0,0,8,3,0
519.747,1,31944704,windows,0,500,445,11,0,0,0,0,0,0,8,3,0
519.999,0,32267264,windows,0,500,445,11,0,0,0,0,0,0,8,3,0
520.007,1,31959040,repair,0,500,445,11,0,0,0,0,0,0,8,3,0
520.251,0,32282624,windows,0,500,445,11,0,0,0,0,0,0,8,3,0
520.273,1,31974400,repair,0,500,445,11,0,0,0,0,0,0,8,3,0
520.509,0,32299008,windows,0,500,445,11,0,0,0,0,0,0,8,3,0
520.526,1,31988736,repair,0,500,445,11,0,0,0,0,0,0,8,3,0
520.766,0,32316416,windows,0,500,445,11,0,0,0,0,0,0,8,3,0
520.787,1,32004096,repair,0,500,445,11,0,0,0,0,0,0,8,3,0
521.026,0,32333824,windows,0,500,445,11,0,0,0,0,0,0,8,3,0
521.042,1,32018432,windows,0,500,445,11,0,0,0,0,0,0,8,3,0
521.278,0,32351232,windows,0,500,445,11,0,0,0,0,0,0,8,3,0
521.308,1,32033792,windows,0,500,445,11,0,0,0,0,0,0,8,3,0
521.538,0,32368640,windows,0,500,445,11,0,0,0,0,0,0,8,3,0
521.572,1,32048128,windows,0,500,445,11,0,0,0,0,0,0,8,3,0
521.802,0,32386048,windows,0,500,445,11,0,0,0,0,0,0,8,3,0
521.834,1,32062464,windows,0,500,445,11,0,0,0,0,0,0,8,3,0
522.055,0,32403456,windows,0,500,445,11,0,0,0,0,0,0,8,3,0
522.09,1,32075776,windows,0,500,445,11,0,0,0,0,0,0,8,3,0
522.321,0,32420864,windows,0,500,445,11,0,0,0,0,0,0,8,3,0
522.351,1,32088064,windows,0,500,445,11,0,0,0,0,0,0,8,3,0
522.587,0,32436224,windows,0,500,445,11,0,0,0,0,0,0,8,3,0
522.619,1,32102400,windows,0,500,445,11,0,0,0,0,0,0,8,3,0
522.849,0,32452608,windows,0,500,445,11,0,0,0,0,0,0,8,3,0
522.874,1,32115712,windows,0,500,445,11,0,0,0,0,0,0,8,3,0
523.1,0,32468992,windows,0,500,445,11,0,0,0,0,0,0,8,3,0
523.128,1,32129024,windows,0,500,445,11,0,0,0,0,0,0,8,3,0
523.351,0,32487424,windows,0,500,445,11,0,0,0,0,0,0,8,3,0
523.385,1,32142336,windows,0,500,445,11,0,0,0,0,0,0,8,3,0
523.611,0,32505856,windows,0,500,445,11,0,0,0,0,0,0,8,3,0
523.659,1,32156672,windows,0,500,445,11,0,0,0,0,0,0,8,3,0
523.866,0,32524288,windows,0,500,445,11,0,0,0,0,0,0,8,3,0
523.918,1,32171008,windows,0,500,445,11,0,0,0,0,0,0,8,3,0
524.119,0,32542720,windows,0,500,445,11,0,0,0,0,0,0,8,3,0
524.174,1,32185344,windows,0,500,445,11,0,0,0,0,0,0,8,3,0
524.373,0,32562176,windows,0,500,445,11,0,0,0,0,0,0,8,3,0
524.429,1,32199680,windows,0,500,445,11,0,0,0,0,0,0,8,3,0
524.634,0,32581632,windows,0,500,445,11,0,0,0,0,0,0,8,3,0
524.682,1,32212992,repair,0,500,445,11,0,0,0,0,0,0,8,3,0
524.896,0,32601088,windows,0,500,445,11,0,0,0,0,0,0,8,3,0
524.946,1,32228352,repair,0,500,445,11,0,0,0,0,0,0,8,3,0
525.147,0,32621568,windows,0,500,445,11,0,0,0,0,0,0,8,3,0
525.202,1,32247808,repair,0,500,445,11,0,0,0,0,0,0,8,3,0
525.407,0,32642048,windows,0,500,445,11,0,0,0,0,0,0,8,3,0
525.453,1,32267264,windows,0,500,445,11,0,0,0,0,0,0,8,3,0
525.657,0,32661504,windows,0,500,445,11,0,0,0,0,0,0,8,3,0
525.71,1,32285696,windows,0,500,445,11,0,0,0,0,0,0,8,3,0
525.92,0,32681984,windows,0,500,445,11,0,0,0,0,0,0,8,3,0
525.973,1,32303104,windows,0,500,445,11,0,0,0,0,0,0,8,3,0
526.174,0,32701440,windows,0,500,445,11,0,0,0,0,0,0,8,3,0
526.238,1,32320512,windows,0,500,445,11,0,0,0,0,0,0,8,3,0
526.434,0,32721920,windows,0,500,445,11,0,0,0,0,0,0,8,3,0
526.498,1,32338944,windows,0,500,445,11,0,0,0,0,0,0,8,3,0
526.686,0,32742400,windows,0,500,445,11,0,0,0,0,0,0,8,3,0
526.764,1,32357376,windows,0,500,445,11,0,0,0,0,0,0,8,3,0
526.947,0,32761856,repair,0,500,445,11,0,0,0,0,0,0,8,3,0
527.017,1,32373760,windows,0,500,445,11,0,0,0,0,0,0,8,3,0
527.208,0,32782336,repair,0,500,445,11,0,0,0,0,0,0,8,3,0
527.274,1,32392192,windows,0,500,445,11,0,0,0,0,0,0,8,3,0
527.467,0,32803840,repair,0,500,445,11,0,0,0,0,0,0,8,3,0
527.527,1,32409600,windows,0,500,445,11,0,0,0,0,0,0,8,3,0
527.731,0,32822272,windows,0,500,445,11,0,0,0,0,0,0,8,3,0
527.779,1,32427008,windows,0,500,445,11,0,0,0,0,0,0,8,3,0
527.99,0,32840704,windows,0,500,445,11,0,0,0,0,0,0,8,3,0
528.032,1,32445440,windows,0,500,445,11,0,0,0,0,0,0,8,3,0
528.248,0,32859136,windows,0,500,445,11,0,0,0,0,0,0,8,3,0
528.291,1,32463872,windows,0,500,445,11,0,0,0,0,0,0,8,3,0
528.513,0,32877568,windows,0,500,445,11,0,0,0,0,0,0,8,3,0
528.542,1,32477184,windows,0,500,445,11,0,0,0,0,0,0,8,3,0
528.778,0,32894976,windows,0,500,445,11,0,0,0,0,0,0,8,3,0
528.806,1,32489472,windows,0,500,445,11,0,0,0,0,0,0,8,3,0
529.038,0,32911360,windows,0,500,445,11,0,0,0,0,0,0,8,3,0
529.068,1,32503808,windows,0,500,445,11,0,0,0,0,0,0,8,3,0
529.297,0,32927744,windows,0,500,445,11,0,0,0,0,0,0,8,3,0
529.326,1,32518144,windows,0,500,445,11,0,0,0,0,0,0,8,3,0
529.552,0,32944128,windows,0,500,445,11,0,0,0,0,0,0,8,3,0
529.58,1,32532480,windows,0,500,445,11,0,0,0,0,0,0,8,3,0
529.805,0,32960512,windows,0,500,445,11,0,0,0,0,0,0,8,3,0
529.836,1,32546816,windows,0,500,445,11,0,0,0,0,0,0,8,3,0
530.062,0,32977920,windows,0,500,445,11,0,0,0,0,0,0,8,3,0
530.089,1,32561152,windows,0,500,445,11,0,0,0,0,0,0,8,3,0
530.313,0,32994304,windows,0,500,445,11,0,0,0,0,0,0,8,3,0
530.355,1,32576512,windows,0,500,445,11,0,0,0,0,0,0,8,3,0
530.57,0,33010688,windows,0,500,445,11,0,0,0,0,0,0,8,3,0
530.623,1,32591872,windows,0,500,445,11,0,0,0,0,0,0,8,3,0
530.823,0,33028096,windows,0,500,445,11,0,0,0,0,0,0,8,3,0
530.873,1,32606208,windows,0,500,445,11,0,0,0,0,0,0,8,3,0
531.088,0,33045504,windows,0,500,445,11,0,0,0,0,0,0,8,3,0
531.13,1,32624640,windows,0,500,445,11,0,0,0,0,0,0,8,3,0
531.354,0,33060864,windows,0,500,445,11,0,0,0,0,0,0,8,3,0
531.391,1,32644096,windows,0,500,445,11,0,0,0,0,0,0,8,3,0
531.618,0,33075200,windows,0,500,445,11,0,0,0,0,0,0,8,3,0
531.641,1,32663552,windows,0,500,445,11,0,0,0,0,0,0,8,3,0
531.87,0,33089536,windows,0,500,445,11,0,0,0,0,0,0,8,3,0
531.9,1,32683008,windows,0,500,445,11,0,0,0,0,0,0,8,3,0
532.133,0,33103872,windows,0,500,445,11,0,0,0,0,0,0,8,3,0
532.152,1,32699392,repair,0,500,445,11,0,0,0,0,0,0,8,3,0
532.399,0,33119232,windows,0,500,445,11,0,0,0,0,0,0,8,3,0
532.407,1,32716800,repair,0,500,445,11,0,0,0,0,0,0,8,3,0
532.658,0,33135616,windows,0,500,445,11,0,0,0,0,0,0,8,3,0
532.676,1,32733184,windows,0,500,445,11,0,0,0,0,0,0,8,3,0
532.918,0,33153024,windows,0,500,445,11,0,0,0,0,0,0,8,3,0
532.933,1,32748544,windows,0,500,445,11,0,0,0,0,0,0,8,3,0
533.169,0,33169408,windows,0,500,445,11,0,0,0,0,0,0,8,3,0
533.2,1,32763904,windows,0,500,445,11,0,0,0,0,0,0,8,3,0
533.425,0,33186816,windows,0,500,445,11,0,0,0,0,0,0,8,3,0
533.456,1,32777216,windows,0,500,445,11,0,0,0,0,0,0,8,3,0
533.676,0,33204224,windows,0,500,445,11,0,0,0,0,0,0,8,3,0
533.715,1,32791552,windows,0,500,445,11,0,0,0,0,0,0,8,3,0
533.933,0,33222656,windows,0,500,445,11,0,0,0,0,0,0,8,3,0
533.965,1,32805888,windows,0,500,445,11,0,0,0,0,0,0,8,3,0
534.188,0,33241088,repair,0,500,445,11,0,0,0,0,0,0,8,3,0
534.23,1,32820224,windows,0,500,445,11,0,0,0,0,0,0,8,3,0
534.442,0,33258496,repair,0,500,445,11,0,0,0,0,0,0,8,3,0
534.496,1,32835584,windows,0,500,445,11,0,0,0,0,0,0,8,3,0
534.697,0,33276928,windows,0,500,445,11,0,0,0,0,0,0,8,3,0
534.756,1,32849920,windows,0,500,445,11,0,0,0,0,0,0,8,3,0
534.958,0,33296384,windows,0,500,445,11,0,0,0,0,0,0,8,3,0
535.008,1,32864256,windows,0,500,445,11,0,0,0,0,0,0,8,3,0
535.213,0,33314816,windows,0,500,445,11,0,0,0,0,0,0,8,3,0
535.267,1,32878592,windows,0,500,445,11,0,0,0,0,0,0,8,3,0
535.467,0,33333248,windows,0,500,445,11,0,0,0,0,0,0,8,3,0
535.53,1,32892928,windows,0,500,445,11,0,0,0,0,0,0,8,3,0
535.726,0,33351680,windows,0,500,445,11,0,0,0,0,0,0,8,3,0
535.792,1,32907264,windows,0,500,445,11,0,0,0,0,0,0,8,3,0
535.988,0,33369088,windows,0,500,445,11,0,0,0,0,0,0,8,3,0
536.048,1,32921600,windows,0,500,445,11,0,0,0,0,0,0,8,3,0
536.244,0,33387520,windows,0,500,445,11,0,0,0,0,0,0,8,3,0
536.316,1,32935936,windows,0,500,445,11,0,0,0,0,0,0,8,3,0
536.498,0,33404928,windows,0,500,445,11,0,0,0,0,0,0,8,3,0
536.568,1,32950272,repair,0,500,445,11,0,0,0,0,0,0,8,3,0
536.75,0,33422336,windows,0,500,445,11,0,0,0,0,0,0,8,3,0
536.827,1,32966656,repair,0,500,445,11,0,0,0,0,0,0,8,3,0
537.017,0,33439744,windows,0,500,445,11,0,0,0,0,0,0,8,3,0
537.088,1,32984064,repair,0,500,445,11,0,0,0,0,0,0,8,3,0
537.284,0,33456128,windows,0,500,445,11,0,0,0,0,0,0,8,3,0
537.34,1,33001472,windows,0,500,445,11,0,0,0,0,0,0,8,3,0
537.534,0,33471488,windows,0,500,445,11,0,0,0,0,0,0,8,3,0
537.598,1,33016832,windows,0,500,445,11,0,0,0,0,0,0,8,3,0
537.786,0,33488896,windows,0,500,445,11,0,0,0,0,0,0,8,3,0
537.865,1,33032192,windows,0,500,445,11,0,0,0,0,0,0,8,3,0
538.046,0,33506304,windows,0,500,445,11,0,0,0,0,0,0,8,3,0
538.116,1,33046528,windows,0,500,445,11,0,0,0,0,0,0,8,3,0
538.311,0,33523712,windows,0,500,445,11,0,0,0,0,0,0,8,3,0
538.381,1,33061888,windows,0,500,445,11,0,0,0,0,0,0,8,3,0
538.573,0,33540096,windows,0,500,445,11,0,0,0,0,0,0,8,3,0
538.64,1,33076224,windows,0,500,445,11,0,0,0,0,0,0,8,3,0
538.831,0,33554432,windows,0,500,445,11,0,0,0,0,0,0,8,3,0
538.891,1,33089536,windows,0,500,445,11,0,0,0,0,0,0,8,3,0
539.086,0,33568768,windows,0,500,445,11,0,0,0,0,0,0,8,3,0
539.152,1,33104896,windows,0,500,445,11,0,0,0,0,0,0,8,3,0
539.347,0,33584128,windows,0,500,445,11,0,0,0,0,0,0,8,3,0
539.404,1,33119232,windows,0,500,445,11,0,0,0,0,0,0,8,3,0
539.603,0,33598464,windows,0,500,445,11,0,0,0,0,0,0,8,3,0
539.674,1,33134592,windows,0,500,445,11,0,0,0,0,0,0,8,3,0
539.862,0,33612800,windows,0,500,445,11,0,0,0,0,0,0,8,3,0
539.933,1,33148928,windows,0,500,445,11,0,0,0,0,0,0,8,3,0
540.115,0,33627136,windows,0,500,445,11,0,0,0,0,0,0,8,3,0
540.19,1,33163264,windows,0,500,445,11,0,0,0,0,0,0,8,3,0
540.375,0,33642496,windows,0,500,445,11,0,0,0,0,0,0,8,3,0
540.441,1,33177600,windows,0,500,445,11,0,0,0,0,0,0,8,3,0
540.637,0,33657856,windows,0,500,445,11,0,0,0,0,0,0,8,3,0
540.694,1,33191936,windows,0,500,445,11,0,0,0,0,0,0,8,3,0
540.897,0,33673216,windows,0,500,445,11,0,0,0,0,0,0,8,3,0
540.956,1,33207296,windows,0,500,445,11,0,0,0,0,0,0,8,3,0
541.159,0,33688576,windows,0,500,445,11,0,0,0,0,0,0,8,3,0
541.207,1,33222656,windows,0,500,445,11,0,0,0,0,0,0,8,3,0
541.422,0,33703936,windows,0,500,445,11,0,0,0,0,0,0,8,3,0
541.459,1,33236992,windows,0,500,445,11,0,0,0,0,0,0,8,3,0
541.672,0,33719296,windows,0,500,445,11,0,0,0,0,0,0,8,3,0
541.717,1,33251328,windows,0,500,445,11,0,0,0,0,0,0,8,3,0
541.925,0,33734656,windows,0,500,445,11,0,0,0,0,0,0,8,3,0
541.982,1,33266688,windows,0,500,445,11,0,0,0,0,0,0,8,3,0
542.185,0,33750016,windows,0,500,445,11,0,0,0,0,0,0,8,3,0
542.247,1,33282048,windows,0,500,445,11,0,0,0,0,0,0,8,3,0
542.452,0,33765376,repair,0,500,445,11,0,0,0,0,0,0,8,3,0
542.507,1,33297408,windows,0,500,445,11,0,0,0,0,0,0,8,3,0
542.711,0,33781760,repair,0,500,445,11,0,0,0,0,0,0,8,3,0
542.774,1,33313792,windows,0,500,445,11,0,0,0,0,0,0,8,3,0
542.974,0,33800192,repair,0,500,445,11,0,0,0,0,0,0,8,3,0
543.033,1,33329152,windows,0,500,445,11,0,0,0,0,0,0,8,3,0
543.226,0,33815552,windows,0,500,445,11,0,0,0,0,0,0,8,3,0
543.286,1,33344512,windows,0,500,445,11,0,0,0,0,0,0,8,3,0
543.481,0,33830912,windows,0,500,445,11,0,0,0,0,0,0,8,3,0
543.536,1,33360896,windows,0,500,445,11,0,0,0,0,0,0,8,3,0
543.735,0,33845248,windows,0,500,445,11,0,0,0,0,0,0,8,3,0
543.791,1,33375232,windows,0,500,445,11,0,0,0,0,0,0,8,3,0
543.999,0,33860608,windows,0,500,445,11,0,0,0,0,0,0,8,3,0
544.049,1,33390592,windows,0,500,445,11,0,0,0,0,0,0,8,3,0
544.254,0,33875968,windows,0,500,445,11,0,0,0,0,0,0,8,3,0
544.306,1,33405952,windows,0,500,445,11,0,0,0,0,0,0,8,3,0
544.52,0,33891328,windows,0,500,445,11,0,0,0,0,0,0,8,3,0
544.558,1,33421312,windows,0,500,445,11,0,0,0,0,0,0,8,3,0
544.784,0,33906688,windows,0,500,445,11,0,0,0,0,0,0,8,3,0
544.825,1,33436672,windows,0,500,445,11,0,0,0,0,0,0,8,3,0
545.054,0,33922048,windows,0,500,445,11,0,0,0,0,0,0,8,3,0
545.084,1,33452032,windows,0,500,445,11,0,0,0,0,0,0,8,3,0
545.319,0,33936384,windows,0,500,445,11,0,0,0,0,0,0,8,3,0
545.349,1,33467392,windows,0,500,445,11,0,0,0,0,0,0,8,3,0
545.574,0,33951744,windows,0,500,445,11,0,0,0,0,0,0,8,3,0
545.611,1,33482752,windows,0,500,445,11,0,0,0,0,0,0,8,3,0
545.838,0,33967104,windows,0,500,445,11,0,0,0,0,0,0,8,3,0
545.877,1,33498112,repair,0,500,445,11,0,0,0,0,0,0,8,3,0
546.095,0,33982464,windows,0,500,445,11,0,0,0,0,0,0,8,3,0
546.139,1,33513472,repair,0,500,445,11,0,0,0,0,0,0,8,3,0
546.346,0,33997824,windows,0,500,445,11,0,0,0,0,0,0,8,3,0
546.405,1,33529856,windows,0,500,445,11,0,0,0,0,0,0,8,3,0
546.6,0,34013184,windows,0,500,445,11,0,0,0,0,0,0,8,3,0
546.676,1,33545216,windows,0,500,445,11,0,0,0,0,0,0,8,3,0
546.86,0,34029568,windows,0,500,445,11,0,0,0,0,0,0,8,3,0
546.934,1,33559552,windows,0,500,445,11,0,0,0,0,0,0,8,3,0
547.112,0,34043904,windows,0,500,445,11,0,0,0,0,0,0,8,3,0
547.197,1,33573888,windows,0,500,445,11,0,0,0,0,0,0,8,3,0
547.37,0,34059264,windows,0,500,445,11,0,0,0,0,0,0,8,3,0
547.456,1,33588224,windows,0,500,445,11,0,0,0,0,0,0,8,3,0
547.628,0,34074624,windows,0,500,445,11,0,0,0,0,0,0,8,3,0
547.711,1,33601536,windows,0,500,445,11,0,0,0,0,0,0,8,3,0
547.887,0,34091008,windows,0,500,445,11,0,0,0,0,0,0,8,3,0
547.965,1,33615872,windows,0,500,445,11,0,0,0,0,0,0,8,3,0
548.143,0,34108416,repair,0,500,445,11,0,0,0,0,0,0,8,3,0
548.234,1,33631232,windows,0,500,445,11,0,0,0,0,0,0,8,3,0
548.407,0,34127872,windows,0,500,445,11,0,0,0,0,0,0,8,3,0
548.5,1,33646592,windows,0,500,445,11,0,0,0,0,0,0,8,3,0
548.668,0,34145280,windows,0,500,445,11,0,0,0,0,0,0,8,3,0
548.75,1,33660928,windows,0,500,445,11,0,0,0,0,0,0,8,3,0
548.92,0,34161664,windows,0,500,445,11,0,0,0,0,0,0,8,3,0
549.001,1,33675264,windows,0,500,445,11,0,0,0,0,0,0,8,3,0
549.171,0,34176000,windows,0,500,445,11,0,0,0,0,0,0,8,3,0
549.261,1,33690624,windows,0,500,445,11,0,0,0,0,0,0,8,3,0
549.428,0,34191360,windows,0,500,445,11,0,0,0,0,0,0,8,3,0
549.527,1,33705984,windows,0,500,445,11,0,0,0,0,0,0,8,3,0
549.689,0,34205696,windows,0,500,445,11,0,0,0,0,0,0,8,3,0
549.788,1,33721344,windows,0,500,445,11,0,0,0,0,0,0,8,3,0
549.945,0,34220032,windows,0,500,445,11,0,0,0,0,0,0,8,3,0
550.04,1,33735680,windows,0,500,445,11,0,0,0,0,0,0,8,3,0
550.2,0,34236416,windows,0,500,445,11,0,0,0,0,0,0,8,3,0
550.305,1,33751040,windows,0,500,445,11,0,0,0,0,0,0,8,3,0
550.463,0,34253824,windows,0,500,445,11,0,0,0,0,0,0,8,3,0
550.57,1,33766400,windows,0,500,445,11,0,0,0,0,0,0,8,3,0
550.719,0,34271232,windows,0,500,445,11,0,0,0,0,0,0,8,3,0
550.82,1,33778688,windows,0,500,445,11,0,0,0,0,0,0,8,3,0
550.969,0,34288640,windows,0,500,445,11,0,0,0,0,0,0,8,3,0
551.081,1,33793024,windows,0,500,445,11,0,0,0,0,0,0,8,3,0
551.232,0,34307072,windows,0,500,445,11,0,0,0,0,0,0,8,3,0
551.346,1,33807360,windows,0,500,445,11,0,0,0,0,0,0,8,3,0
551.484,0,34324480,windows,0,500,445,11,0,0,0,0,0,0,8,3,0
551.606,1,33821696,windows,0,500,445,11,0,0,0,0,0,0,8,3,0
551.736,0,34340864,windows,0,500,445,11,0,0,0,0,0,0,8,3,0
551.859,1,33835008,windows,0,500,445,11,0,0,0,0,0,0,8,3,0
552,0,34357248,windows,0,500,445,11,0,0,0,0,0,0,8,3,0
552.12,1,33850368,windows,0,500,445,11,0,0,0,0,0,0,8,3,0
552.255,0,34373632,windows,0,500,445,11,0,0,0,0,0,0,8,3,0
552.386,1,33865728,windows,0,500,445,11,0,0,0,0,0,0,8,3,0
552.521,0,34390016,windows,0,500,445,11,0,0,0,0,0,0,8,3,0
552.649,1,33881088,windows,0,500,445,11,0,0,0,0,0,0,8,3,0
552.776,0,34406400,windows,0,500,445,11,0,0,0,0,0,0,8,3,0
552.901,1,33895424,windows,0,500,445,11,0,0,0,0,0,0,8,3,0
553.031,0,34422784,windows,0,500,445,11,0,0,0,0,0,0,8,3,0
553.162,1,33910784,windows,0,500,445,11,0,0,0,0,0,0,8,3,0
553.289,0,34440192,windows,0,500,445,11,0,0,0,0,0,0,8,3,0
553.418,1,33927168,windows,0,500,445,11,0,0,0,0,0,0,8,3,0
553.552,0,34458624,windows,0,500,445,11,0,0,0,0,0,0,8,3,0
553.682,1,33943552,windows,0,500,445,11,0,0,0,0,0,0,8,3,0
553.815,0,34476032,windows,0,500,445,11,0,0,0,0,0,0,8,3,0
553.94,1,33958912,repair,0,500,445,11,0,0,0,0,0,0,8,3,0
554.074,0,34493440,windows,0,500,445,11,0,0,0,0,0,0,8,3,0
554.193,1,33977344,repair,0,500,445,11,0,0,0,0,0,0,8,3,0
554.334,0,34510848,windows,0,500,445,11,0,0,0,0,0,0,8,3,0
554.448,1,33998848,repair,0,500,445,11,0,0,0,0,0,0,8,3,0
554.595,0,34528256,windows,0,500,445,11,0,0,0,0,0,0,8,3,0
554.709,1,34020352,repair,0,500,445,11,0,0,0,0,0,0,8,3,0
554.849,0,34544640,windows,0,500,445,11,0,0,0,0,0,0,8,3,0
554.964,1,34038784,windows,0,500,445,11,0,0,0,0,0,0,8,3,0
555.109,0,34562048,windows,0,500,445,11,0,0,0,0,0,0,8,3,0
555.222,1,34057216,windows,0,500,445,11,0,0,0,0,0,0,8,3,0
555.371,0,34580480,windows,0,500,445,11,0,0,0,0,0,0,8,3,0
555.475,1,34074624,windows,0,500,445,11,0,0,0,0,0,0,8,3,0
555.626,0,34597888,repair,0,500,445,11,0,0,0,0,0,0,8,3,0
555.739,1,34092032,windows,0,500,445,11,0,0,0,0,0,0,8,3,0
555.884,0,34616320,repair,0,500,445,11,0,0,0,0,0,0,8,3,0
556.01,1,34106368,windows,0,500,445,11,0,0,0,0,0,0,8,3,0
556.145,0,34636800,windows,0,500,445,11,0,0,0,0,0,0,8,3,0
556.272,1,34122752,windows,0,500,445,11,0,0,0,0,0,0,8,3,0
556.401,0,34653184,windows,0,500,445,11,0,0,0,0,0,0,8,3,0
556.523,1,34136064,windows,0,500,445,11,0,0,0,0,0,0,8,3,0
556.659,0,34670592,windows,0,500,445,11,0,0,0,0,0,0,8,3,0
556.776,1,34149376,windows,0,500,445,11,0,0,0,0,0,0,8,3,0
556.917,0,34686976,windows,0,500,445,11,0,0,0,0,0,0,8,3,0
557.032,1,34162688,windows,0,500,445,11,0,0,0,0,0,0,8,3,0
557.168,0,34703360,windows,0,500,445,11,0,0,0,0,0,0,8,3,0
557.3,1,34178048,windows,0,500,445,11,0,0,0,0,0,0,8,3,0
557.426,0,34720768,windows,0,500,445,11,0,0,0,0,0,0,8,3,0
557.564,1,34192384,windows,0,500,445,11,0,0,0,0,0,0,8,3,0
557.695,0,34738176,windows,0,500,445,11,0,0,0,0,0,0,8,3,0
557.817,1,34206720,windows,0,500,445,11,0,0,0,0,0,0,8,3,0
557.955,0,34755584,windows,0,500,445,11,0,0,0,0,0,0,8,3,0
558.075,1,34221056,windows,0,500,445,11,0,0,0,0,0,0,8,3,0
558.21,0,34771968,windows,0,500,445,11,0,0,0,0,0,0,8,3,0
558.333,1,34235392,windows,0,500,445,11,0,0,0,0,0,0,8,3,0
558.473,0,34788352,windows,0,500,445,11,0,0,0,0,0,0,8,3,0
558.592,1,34249728,windows,0,500,445,11,0,0,0,0,0,0,8,3,0
558.725,0,34804736,windows,0,500,445,11,0,0,0,0,0,0,8,3,0
558.857,1,34265088,windows,0,500,445,11,0,0,0,0,0,0,8,3,0
558.988,0,34822144,windows,0,500,445,11,0,0,0,0,0,0,8,3,0
559.11,1,34279424,windows,0,500,445,11,0,0,0,0,0,0,8,3,0
559.246,0,34838528,windows,0,500,445,11,0,0,0,0,0,0,8,3,0
559.373,1,34295808,windows,0,500,445,11,0,0,0,0,0,0,8,3,0
559.497,0,34854912,windows,0,500,445,11,0,0,0,0,0,0,8,3,0
559.624,1,34312192,windows,0,500,445,11,0,0,0,0,0,0,8,3,0
559.758,0,34871296,windows,0,500,445,11,0,0,0,0,0,0,8,3,0
559.878,1,34328576,windows,0,500,445,11,0,0,0,0,0,0,8,3,0
560.024,0,34886656,windows,0,500,445,11,0,0,0,0,0,0,8,3,0
560.132,1,34343936,windows,0,500,445,11,0,0,0,0,0,0,8,3,0
560.281,0,34903040,windows,0,500,445,11,0,0,0,0,0,0,8,3,0
560.388,1,34360320,windows,0,500,445,11,0,0,0,0,0,0,8,3,0
560.531,0,34920448,windows,0,500,445,11,0,0,0,0,0,0,8,3,0
560.643,1,34376704,windows,0,500,445,11,0,0,0,0,0,0,8,3,0
560.789,0,34938880,windows,0,500,445,11,0,0,0,0,0,0,8,3,0
560.898,1,34394112,windows,0,500,445,11,0,0,0,0,0,0,8,3,0
561.051,0,34956288,windows,0,500,445,11,0,0,0,0,0,0,8,3,0
561.149,1,34410496,windows,0,500,445,11,0,0,0,0,0,0,8,3,0
561.314,0,34971648,windows,0,500,445,11,0,0,0,0,0,0,8,3,0
561.41,1,34427904,windows,0,500,445,11,0,0,0,0,0,0,8,3,0
561.579,0,34987008,windows,0,500,445,11,0,0,0,0,0,0,8,3,0
561.665,1,34445312,windows,0,500,445,11,0,0,0,0,0,0,8,3,0
561.833,0,35003392,windows,0,500,445,11,0,0,0,0,0,0,8,3,0
561.916,1,34461696,windows,0,500,445,11,0,0,0,0,0,0,8,3,0
562.084,0,35019776,repair,0,500,445,11,0,0,0,0,0,0,8,3,0
562.176,1,34478080,repair,0,500,445,11,0,0,0,0,0,0,8,3,0
562.346,0,35037184,windows,0,500,445,11,0,0,0,0,0,0,8,3,0
562.44,1,34491392,repair,0,500,445,11,0,0,0,0,0,0,8,3,0
562.611,0,35055616,windows,0,500,445,11,0,0,0,0,0,0,8,3,0
562.693,1,34505728,repair,0,500,445,11,0,0,0,0,0,0,8,3,0
562.875,0,35072000,windows,0,500,445,11,0,0,0,0,0,0,8,3,0
562.947,1,34521088,repair,0,500,445,11,0,0,0,0,0,0,8,3,0
563.128,0,35088384,windows,0,500,445,11,0,0,0,0,0,0,8,3,0
563.207,1,34536448,windows,0,500,445,11,0,0,0,0,0,0,8,3,0
563.39,0,35105792,windows,0,500,445,11,0,0,0,0,0,0,8,3,0
563.467,1,34554880,windows,0,500,445,11,0,0,0,0,0,0,8,3,0
563.642,0,35123200,windows,0,500,445,11,0,0,0,0,0,0,8,3,0
563.724,1,34572288,windows,0,500,445,11,0,0,0,0,0,0,8,3,0
563.902,0,35139584,windows,0,500,445,11,0,0,0,0,0,0,8,3,0
563.984,1,34590720,windows,0,500,445,11,0,0,0,0,0,0,8,3,0
564.153,0,35155968,windows,0,500,445,11,0,0,0,0,0,0,8,3,0
564.237,1,34608128,windows,0,500,445,11,0,0,0,0,0,0,8,3,0
564.411,0,35172352,windows,0,500,445,11,0,0,0,0,0,0,8,3,0
564.497,1,34624512,windows,0,500,445,11,0,0,0,0,0,0,8,3,0
564.662,0,35188736,windows,0,500,445,11,0,0,0,0,0,0,8,3,0
564.754,1,34639872,windows,0,500,445,11,0,0,0,0,0,0,8,3,0
564.916,0,35205120,windows,0,500,445,11,0,0,0,0,0,0,8,3,0
565.011,1,34656256,windows,0,500,445,11,0,0,0,0,0,0,8,3,0
565.173,0,35222528,windows,0,500,445,11,0,0,0,0,0,0,8,3,0
565.277,1,34674688,windows,0,500,445,11,0,0,0,0,0,0,8,3,0
565.437,0,35237888,windows,0,500,445,11,0,0,0,0,0,0,8,3,0
565.537,1,34689024,windows,0,500,445,11,0,0,0,0,0,0,8,3,0
565.705,0,35252224,windows,0,500,445,11,0,0,0,0,0,0,8,3,0
565.798,1,34703360,windows,0,500,445,11,0,0,0,0,0,0,8,3,0
565.965,0,35266560,windows,0,500,445,11,0,0,0,0,0,0,8,3,0
566.054,1,34717696,windows,0,500,445,11,0,0,0,0,0,0,8,3,0
566.227,0,35280896,windows,0,500,445,11,0,0,0,0,0,0,8,3,0
566.315,1,34732032,windows,0,500,445,11,0,0,0,0,0,0,8,3,0
566.496,0,35296256,windows,0,500,445,11,0,0,0,0,0,0,8,3,0
566.576,1,34747392,windows,0,500,445,11,0,0,0,0,0,0,8,3,0
566.746,0,35310592,windows,0,500,445,11,0,0,0,0,0,0,8,3,0
566.832,1,34763776,windows,0,500,445,11,0,0,0,0,0,0,8,3,0
567.007,0,35328000,windows,0,500,445,11,0,0,0,0,0,0,8,3,0
567.095,1,34782208,windows,0,500,445,11,0,0,0,0,0,0,8,3,0
567.265,0,35346432,windows,0,500,445,11,0,0,0,0,0,0,8,3,0
567.356,1,34799616,windows,0,500,445,11,0,0,0,0,0,0,8,3,0
567.528,0,35360768,windows,0,500,445,11,0,0,0,0,0,0,8,3,0
567.607,1,34813952,windows,0,500,445,11,0,0,0,0,0,0,8,3,0
567.788,0,35374080,windows,0,500,445,11,0,0,0,0,0,0,8,3,0
567.872,1,34829312,windows,0,500,445,11,0,0,0,0,0,0,8,3,0
568.05,0,35388416,windows,0,500,445,11,0,0,0,0,0,0,8,3,0
568.126,1,34844672,windows,0,500,445,11,0,0,0,0,0,0,8,3,0
568.302,0,35402752,windows,0,500,445,11,0,0,0,0,0,0,8,3,0
568.384,1,34860032,windows,0,500,445,11,0,0,0,0,0,0,8,3,0
568.565,0,35418112,windows,0,500,445,11,0,0,0,0,0,0,8,3,0
568.64,1,34874368,repair,0,500,445,11,0,0,0,0,0,0,8,3,0
568.823,0,35433472,windows,0,500,445,11,0,0,0,0,0,0,8,3,0
568.901,1,34889728,windows,0,500,445,11,0,0,0,0,0,0,8,3,0
569.087,0,35449856,windows,0,500,445,11,0,0,0,0,0,0,8,3,0
569.158,1,34904064,windows,0,500,445,11,0,0,0,0,0,0,8,3,0
569.338,0,35465216,windows,0,500,445,11,0,0,0,0,0,0,8,3,0
569.414,1,34918400,windows,0,500,445,11,0,0,0,0,0,0,8,3,0
569.598,0,35480576,repair,0,500,445,11,0,0,0,0,0,0,8,3,0
569.665,1,34932736,windows,0,500,445,11,0,0,0,0,0,0,8,3,0
569.863,0,35497984,repair,0,500,445,11,0,0,0,0,0,0,8,3,0
569.929,1,34946048,windows,0,500,445,11,0,0,0,0,0,0,8,3,0
570.116,0,35513344,windows,0,500,445,11,0,0,0,0,0,0,8,3,0
570.19,1,34960384,windows,0,500,445,11,0,0,0,0,0,0,8,3,0
570.378,0,35527680,windows,0,500,445,11,0,0,0,0,0,0,8,3,0
570.456,1,34974720,windows,0,500,445,11,0,0,0,0,0,0,8,3,0
570.636,0,35542016,windows,0,500,445,11,0,0,0,0,0,0,8,3,0
570.717,1,34989056,windows,0,500,445,11,0,0,0,0,0,0,8,3,0
570.9,0,35556352,windows,0,500,445,11,0,0,0,0,0,0,8,3,0
570.98,1,35003392,windows,0,500,445,11,0,0,0,0,0,0,8,3,0
571.161,0,35570688,windows,0,500,445,11,0,0,0,0,0,0,8,3,0
571.242,1,35019776,windows,0,500,445,11,0,0,0,0,0,0,8,3,0
571.43,0,35585024,windows,0,500,445,11,0,0,0,0,0,0,8,3,0
571.506,1,35036160,windows,0,500,445,11,0,0,0,0,0,0,8,3,0
571.68,0,35598336,windows,0,500,445,11,0,0,0,0,0,0,8,3,0
571.765,1,35049472,windows,0,500,445,11,0,0,0,0,0,0,8,3,0
571.933,0,35611648,windows,0,500,445,11,0,0,0,0,0,0,8,3,0
572.018,1,35063808,windows,0,500,445,11,0,0,0,0,0,0,8,3,0
572.193,0,35625984,windows,0,500,445,11,0,0,0,0,0,0,8,3,0
572.279,1,35078144,windows,0,500,445,11,0,0,0,0,0,0,8,3,0
572.451,0,35640320,windows,0,500,445,11,0,0,0,0,0,0,8,3,0
572.532,1,35091456,windows,0,500,445,11,0,0,0,0,0,0,8,3,0
572.703,0,35654656,windows,0,500,445,11,0,0,0,0,0,0,8,3,0
572.785,1,35104768,windows,0,500,445,11,0,0,0,0,0,0,8,3,0
572.965,0,35668992,windows,0,500,445,11,0,0,0,0,0,0,8,3,0
573.041,1,35119104,windows,0,500,445,11,0,0,0,0,0,0,8,3,0
573.219,0,35683328,windows,0,500,445,11,0,0,0,0,0,0,8,3,0
573.294,1,35133440,windows,0,500,445,11,0,0,0,0,0,0,8,3,0
573.477,0,35697664,windows,0,500,445,11,0,0,0,0,0,0,8,3,0
573.563,1,35147776,windows,0,500,445,11,0,0,0,0,0,0,8,3,0
573.743,0,35712000,windows,0,500,445,11,0,0,0,0,0,0,8,3,0
573.832,1,35162112,repair,0,500,445,11,0,0,0,0,0,0,8,3,0
573.994,0,35726336,windows,0,500,445,11,0,0,0,0,0,0,8,3,0
574.084,1,35177472,repair,0,500,445,11,0,0,0,0,0,0,8,3,0
574.247,0,35740672,windows,0,500,445,11,0,0,0,0,0,0,8,3,0
574.343,1,35192832,windows,0,500,445,11,0,0,0,0,0,0,8,3,0
574.508,0,35755008,windows,0,500,445,11,0,0,0,0,0,0,8,3,0
574.608,1,35208192,windows,0,500,445,11,0,0,0,0,0,0,8,3,0
574.766,0,35769344,windows,0,500,445,11,0,0,0,0,0,0,8,3,0
574.871,1,35222528,windows,0,500,445,11,0,0,0,0,0,0,8,3,0
575.022,0,35783680,windows,0,500,445,11,0,0,0,0,0,0,8,3,0
575.137,1,35237888,windows,0,500,445,11,0,0,0,0,0,0,8,3,0
575.278,0,35798016,windows,0,500,445,11,0,0,0,0,0,0,8,3,0
575.388,1,35251200,windows,0,500,445,11,0,0,0,0,0,0,8,3,0
575.548,0,35813376,windows,0,500,445,11,0,0,0,0,0,0,8,3,0
575.645,1,35265536,windows,0,500,445,11,0,0,0,0,0,0,8,3,0
575.811,0,35828736,windows,0,500,445,11,0,0,0,0,0,0,8,3,0
575.911,1,35279872,windows,0,500,445,11,0,0,0,0,0,0,8,3,0
576.068,0,35847168,windows,0,500,445,11,0,0,0,0,0,0,8,3,0
576.17,1,35295232,windows,0,500,445,11,0,0,0,0,0,0,8,3,0
576.329,0,35864576,windows,0,500,445,11,0,0,0,0,0,0,8,3,0
576.422,1,35309568,windows,0,500,445,11,0,0,0,0,0,0,8,3,0
576.584,0,35883008,windows,0,500,445,11,0,0,0,0,0,0,8,3,0
576.673,1,35323904,windows,0,500,445,11,0,0,0,0,0,0,8,3,0
576.847,0,35901440,windows,0,500,445,11,0,0,0,0,0,0,8,3,0
576.938,1,35338240,windows,0,500,445,11,0,0,0,0,0,0,8,3,0
577.11,0,35919872,windows,0,500,445,11,0,0,0,0,0,0,8,3,0
577.192,1,35352576,windows,0,500,445,11,0,0,0,0,0,0,8,3,0
577.363,0,35937280,repair,0,500,445,11,0,0,0,0,0,0,8,3,0
577.446,1,35367936,windows,0,500,445,11,0,0,0,0,0,0,8,3,0
577.625,0,35955712,repair,0,500,445,11,0,0,0,0,0,0,8,3,0
577.708,1,35386368,repair,0,500,445,11,0,0,0,0,0,0,8,3,0
577.883,0,35976192,windows,0,500,445,11,0,0,0,0,0,0,8,3,0
577.968,1,35407872,windows,0,500,445,11,0,0,0,0,0,0,8,3,0
578.133,0,35992576,windows,0,500,445,11,0,0,0,0,0,0,8,3,0
578.232,1,35423232,windows,0,500,445,11,0,0,0,0,0,0,8,3,0
578.392,0,36009984,windows,0,500,445,11,0,0,0,0,0,0,8,3,0
578.484,1,35437568,windows,0,500,445,11,0,0,0,0,0,0,8,3,0
578.644,0,36025344,windows,0,500,445,11,0,0,0,0,0,0,8,3,0
578.745,1,35451904,windows,0,500,445,11,0,0,0,0,0,0,8,3,0
578.904,0,36042752,windows,0,500,445,11,0,0,0,0,0,0,8,3,0
579.009,1,35466240,windows,0,500,445,11,0,0,0,0,0,0,8,3,0
579.164,0,36059136,windows,0,500,445,11,0,0,0,0,0,0,8,3,0
579.263,1,35480576,windows,0,500,445,11,0,0,0,0,0,0,8,3,0
579.432,0,36076544,windows,0,500,445,11,0,0,0,0,0,0,8,3,0
579.519,1,35494912,windows,0,500,445,11,0,0,0,0,0,0,8,3,0
579.683,0,36092928,windows,0,500,445,11,0,0,0,0,0,0,8,3,0
579.788,1,35510272,windows,0,500,445,11,0,0,0,0,0,0,8,3,0
579.946,0,36108288,windows,0,500,445,11,0,0,0,0,0,0,8,3,0
580.054,1,35524608,windows,0,500,445,11,0,0,0,0,0,0,8,3,0
580.216,0,36122624,windows,0,500,445,11,0,0,0,0,0,0,8,3,0
580.314,1,35538944,windows,0,500,445,11,0,0,0,0,0,0,8,3,0
580.472,0,36135936,windows,0,500,445,11,0,0,0,0,0,0,8,3,0
580.574,1,35553280,windows,0,500,445,11,0,0,0,0,0,0,8,3,0
580.731,0,36150272,windows,0,500,445,11,0,0,0,0,0,0,8,3,0
580.829,1,35567616,windows,0,500,445,11,0,0,0,0,0,0,8,3,0
580.985,0,36164608,windows,0,500,445,11,0,0,0,0,0,0,8,3,0
581.085,1,35581952,windows,0,500,445,11,0,0,0,0,0,0,8,3,0
581.245,0,36177920,windows,0,500,445,11,0,0,0,0,0,0,8,3,0
581.342,1,35597312,windows,0,500,445,11,0,0,0,0,0,0,8,3,0
581.51,0,36192256,windows,0,500,445,11,0,0,0,0,0,0,8,3,0
581.596,1,35614720,windows,0,500,445,11,0,0,0,0,0,0,8,3,0
581.764,0,36207616,windows,0,500,445,11,0,0,0,0,0,0,8,3,0
581.856,1,35631104,windows,0,500,445,11,0,0,0,0,0,0,8,3,0
582.025,0,36225024,windows,0,500,445,11,0,0,0,0,0,0,8,3,0
582.114,1,35645440,windows,0,500,445,11,0,0,0,0,0,0,8,3,0
582.288,0,36242432,windows,0,500,445,11,0,0,0,0,0,0,8,3,0
582.373,1,35661824,windows,0,500,445,11,0,0,0,0,0,0,8,3,0
582.549,0,36257792,windows,0,500,445,11,0,0,0,0,0,0,8,3,0
582.635,1,35679232,windows,0,500,445,11,0,0,0,0,0,0,8,3,0
582.81,0,36272128,windows,0,500,445,11,0,0,0,0,0,0,8,3,0
582.885,1,35696640,windows,0,500,445,11,0,0,0,0,0,0,8,3,0
583.075,0,36286464,windows,0,500,445,11,0,0,0,0,0,0,8,3,0
583.14,1,35716096,windows,0,500,445,11,0,0,0,0,0,0,8,3,0
583.327,0,36300800,windows,0,500,445,11,0,0,0,0,0,0,8,3,0
583.398,1,35736576,repair,0,500,445,11,0,0,0,0,0,0,8,3,0
583.58,0,36316160,windows,0,500,445,11,0,0,0,0,0,0,8,3,0
583.659,1,35758080,windows,0,500,445,11,0,0,0,0,0,0,8,3,0
583.837,0,36330496,windows,0,500,445,11,0,0,0,0,0,0,8,3,0
583.911,1,35777536,windows,0,500,445,11,0,0,0,0,0,0,8,3,0
584.102,0,36345856,windows,0,500,445,11,0,0,0,0,0,0,8,3,0
584.165,1,35795968,windows,0,500,445,11,0,0,0,0,0,0,8,3,0
584.364,0,36361216,repair,0,500,445,11,0,0,0,0,0,0,8,3,0
584.422,1,35814400,windows,0,500,445,11,0,0,0,0,0,0,8,3,0
584.616,0,36377600,repair,0,500,445,11,0,0,0,0,0,0,8,3,0
584.678,1,35832832,windows,0,500,445,11,0,0,0,0,0,0,8,3,0
584.881,0,36392960,windows,0,500,445,11,0,0,0,0,0,0,8,3,0
584.932,1,35850240,windows,0,500,445,11,0,0,0,0,0,0,8,3,0
585.133,0,36407296,windows,0,500,445,11,0,0,0,0,0,0,8,3,0
585.193,1,35868672,windows,0,500,445,11,0,0,0,0,0,0,8,3,0
585.389,0,36421632,windows,0,500,445,11,0,0,0,0,0,0,8,3,0
585.445,1,35886080,windows,0,500,445,11,0,0,0,0,0,0,8,3,0
585.652,0,36436992,windows,0,500,445,11,0,0,0,0,0,0,8,3,0
585.702,1,35903488,windows,0,500,445,11,0,0,0,0,0,0,8,3,0
585.911,0,36451328,windows,0,500,445,11,0,0,0,0,0,0,8,3,0
585.958,1,35921920,windows,0,500,445,11,0,0,0,0,0,0,8,3,0
586.161,0,36465664,windows,0,500,445,11,0,0,0,0,0,0,8,3,0
586.21,1,35939328,repair,0,500,445,11,0,0,0,0,0,0,8,3,0
586.412,0,36478976,windows,0,500,445,11,0,0,0,0,0,0,8,3,0
586.464,1,35954688,repair,0,500,445,11,0,0,0,0,0,0,8,3,0
586.672,0,36494336,windows,0,500,445,11,0,0,0,0,0,0,8,3,0
586.721,1,35970048,windows,0,500,445,11,0,0,0,0,0,0,8,3,0
586.931,0,36510720,windows,0,500,445,11,0,0,0,0,0,0,8,3,0
586.986,1,35984384,windows,0,500,445,11,0,0,0,0,0,0,8,3,0
587.184,0,36527104,windows,0,500,445,11,0,0,0,0,0,0,8,3,0
587.25,1,35998720,windows,0,500,445,11,0,0,0,0,0,0,8,3,0
587.443,0,36541440,windows,0,500,445,11,0,0,0,0,0,0,8,3,0
587.517,1,36013056,windows,0,500,445,11,0,0,0,0,0,0,8,3,0
587.71,0,36555776,windows,0,500,445,11,0,0,0,0,0,0,8,3,0
587.774,1,36026368,windows,0,500,445,11,0,0,0,0,0,0,8,3,0
587.963,0,36570112,windows,0,500,445,11,0,0,0,0,0,0,8,3,0
588.039,1,36040704,windows,0,500,445,11,0,0,0,0,0,0,8,3,0
588.22,0,36584448,windows,0,500,445,11,0,0,0,0,0,0,8,3,0
588.294,1,36055040,windows,0,500,445,11,0,0,0,0,0,0,8,3,0
588.483,0,36599808,windows,0,500,445,11,0,0,0,0,0,0,8,3,0
588.557,1,36069376,windows,0,500,445,11,0,0,0,0,0,0,8,3,0
588.737,0,36614144,windows,0,500,445,11,0,0,0,0,0,0,8,3,0
588.819,1,36083712,windows,0,500,445,11,0,0,0,0,0,0,8,3,0
589.002,0,36629504,windows,0,500,445,11,0,0,0,0,0,0,8,3,0
589.073,1,36098048,windows,0,500,445,11,0,0,0,0,0,0,8,3,0
589.266,0,36645888,windows,0,500,445,11,0,0,0,0,0,0,8,3,0
589.339,1,36113408,windows,0,500,445,11,0,0,0,0,0,0,8,3,0
589.521,0,36662272,windows,0,500,445,11,0,0,0,0,0,0,8,3,0
589.597,1,36127744,windows,0,500,445,11,0,0,0,0,0,0,8,3,0
589.782,0,36678656,windows,0,500,445,11,0,0,0,0,0,0,8,3,0
589.865,1,36143104,windows,0,500,445,11,0,0,0,0,0,0,8,3,0
590.036,0,36695040,windows,0,500,445,11,0,0,0,0,0,0,8,3,0
590.13,1,36157440,windows,0,500,445,11,0,0,0,0,0,0,8,3,0
590.295,0,36711424,windows,0,500,445,11,0,0,0,0,0,0,8,3,0
590.392,1,36171776,windows,0,500,445,11,0,0,0,0,0,0,8,3,0
590.551,0,36727808,windows,0,500,445,11,0,0,0,0,0,0,8,3,0
590.657,1,36186112,windows,0,500,445,11,0,0,0,0,0,0,8,3,0
590.81,0,36742144,windows,0,500,445,11,0,0,0,0,0,0,8,3,0
590.922,1,36200448,windows,0,500,445,11,0,0,0,0,0,0,8,3,0
591.074,0,36757504,windows,0,500,445,11,0,0,0,0,0,0,8,3,0
591.175,1,36214784,windows,0,500,445,11,0,0,0,0,0,0,8,3,0
591.325,0,36773888,windows,0,500,445,11,0,0,0,0,0,0,8,3,0
591.429,1,36230144,windows,0,500,445,11,0,0,0,0,0,0,8,3,0
591.576,0,36789248,windows,0,500,445,11,0,0,0,0,0,0,8,3,0
591.685,1,36244480,windows,0,500,445,11,0,0,0,0,0,0,8,3,0
591.831,0,36804608,windows,0,500,445,11,0,0,0,0,0,0,8,3,0
591.948,1,36259840,windows,0,500,445,11,0,0,0,0,0,0,8,3,0
592.095,0,36820992,windows,0,500,445,11,0,0,0,0,0,0,8,3,0
592.2,1,36274176,windows,0,500,445,11,0,0,0,0,0,0,8,3,0
592.356,0,36836352,windows,0,500,445,11,0,0,0,0,0,0,8,3,0
592.459,1,36289536,windows,0,500,445,11,0,0,0,0,0,0,8,3,0
592.613,0,36851712,repair,0,500,445,11,0,0,0,0,0,0,8,3,0
592.711,1,36303872,windows,0,500,445,11,0,0,0,0,0,0,8,3,0
592.871,0,36868096,repair,0,500,445,11,0,0,0,0,0,0,8,3,0
592.975,1,36319232,windows,0,500,445,11,0,0,0,0,0,0,8,3,0
593.121,0,36882432,windows,0,500,445,11,0,0,0,0,0,0,8,3,0
593.236,1,36334592,windows,0,500,445,11,0,0,0,0,0,0,8,3,0
593.373,0,36895744,windows,0,500,445,11,0,0,0,0,0,0,8,3,0
593.492,1,36349952,windows,0,500,445,11,0,0,0,0,0,0,8,3,0
593.626,0,36913152,windows,0,500,445,11,0,0,0,0,0,0,8,3,0
593.753,1,36364288,windows,0,500,445,11,0,0,0,0,0,0,8,3,0
593.889,0,36931584,windows,0,500,445,11,0,0,0,0,0,0,8,3,0
594.029,1,36377600,windows,0,500,445,11,0,0,0,0,0,0,8,3,0
594.147,0,36948992,windows,0,500,445,11,0,0,0,0,0,0,8,3,0
594.28,1,36390912,windows,0,500,445,11,0,0,0,0,0,0,8,3,0
594.408,0,36967424,windows,0,500,445,11,0,0,0,0,0,0,8,3,0
594.535,1,36404224,windows,0,500,445,11,0,0,0,0,0,0,8,3,0
594.66,0,36984832,windows,0,500,445,11,0,0,0,0,0,0,8,3,0
594.802,1,36418560,windows,0,500,445,11,0,0,0,0,0,0,8,3,0
594.916,0,37003264,windows,0,500,445,11,0,0,0,0,0,0,8,3,0
595.055,1,36432896,windows,0,500,445,11,0,0,0,0,0,0,8,3,0
595.179,0,37022720,windows,0,500,445,11,0,0,0,0,0,0,8,3,0
595.306,1,36446208,repair,0,500,445,11,0,0,0,0,0,0,8,3,0
595.44,0,37042176,windows,0,500,445,11,0,0,0,0,0,0,8,3,0
595.57,1,36461568,repair,0,500,445,11,0,0,0,0,0,0,8,3,0
595.695,0,37057536,windows,0,500,445,11,0,0,0,0,0,0,8,3,0
595.823,1,36475904,windows,0,500,445,11,0,0,0,0,0,0,8,3,0
595.951,0,37073920,windows,0,500,445,11,0,0,0,0,0,0,8,3,0
596.086,1,36492288,windows,0,500,445,11,0,0,0,0,0,0,8,3,0
596.215,0,37094400,windows,0,500,445,11,0,0,0,0,0,0,8,3,0
596.348,1,36510720,windows,0,500,445,11,0,0,0,0,0,0,8,3,0
596.476,0,37112832,windows,0,500,445,11,0,0,0,0,0,0,8,3,0
596.611,1,36528128,windows,0,500,445,11,0,0,0,0,0,0,8,3,0
596.734,0,37132288,windows,0,500,445,11,0,0,0,0,0,0,8,3,0
596.864,1,36545536,windows,0,500,445,11,0,0,0,0,0,0,8,3,0
596.993,0,37152768,windows,0,500,445,11,0,0,0,0,0,0,8,3,0
597.127,1,36562944,windows,0,500,445,11,0,0,0,0,0,0,8,3,0
597.251,0,37168128,windows,0,500,445,11,0,0,0,0,0,0,8,3,0
597.388,1,36579328,windows,0,500,445,11,0,0,0,0,0,0,8,3,0
597.511,0,37183488,windows,0,500,445,11,0,0,0,0,0,0,8,3,0
597.653,1,36593664,windows,0,500,445,11,0,0,0,0,0,0,8,3,0
597.765,0,37198848,windows,0,500,445,11,0,0,0,0,0,0,8,3,0
597.913,1,36610048,windows,0,500,445,11,0,0,0,0,0,0,8,3,0
598.016,0,37215232,windows,0,500,445,11,0,0,0,0,0,0,8,3,0
598.177,1,36627456,windows,0,500,445,11,0,0,0,0,0,0,8,3,0
598.274,0,37232640,windows,0,500,445,11,0,0,0,0,0,0,8,3,0
598.429,1,36643840,windows,0,500,445,11,0,0,0,0,0,0,8,3,0
598.537,0,37250048,windows,0,500,445,11,0,0,0,0,0,0,8,3,0
598.687,1,36660224,windows,0,500,445,11,0,0,0,0,0,0,8,3,0
598.793,0,37267456,windows,0,500,445,11,0,0,0,0,0,0,8,3,0
598.955,1,36674560,windows,0,500,445,11,0,0,0,0,0,0,8,3,0
599.046,0,37284864,windows,0,500,445,11,0,0,0,0,0,0,8,3,0
599.207,1,36688896,windows,0,500,445,11,0,0,0,0,0,0,8,3,0
599.309,0,37304320,windows,0,500,445,11,0,0,0,0,0,0,8,3,0
599.467,1,36703232,windows,0,500,445,11,0,0,0,0,0,0,8,3,0
599.572,0,37323776,repair,0,500,445,11,0,0,0,0,0,0,8,3,0
599.717,1,36716544,windows,0,500,445,11,0,0,0,0,0,0,8,3,0
599.829,0,37343232,repair,0,500,445,11,0,0,0,0,0,0,8,3,0
599.968,1,36730880,windows,0,500,445,11,0,0,0,0,0,0,8,3,0
600.002,0,37355520,end,0,500,445,11,0,0,0,0,0,0,8,3,0
600.003,1,36732928,end,0,500,445,11,0,0,0,0,0,0,8,3,0
