seconds,worker,moves,phase,hard,objective,surrogate,soft,lecturerConflicts,groupConflicts,roomConflicts,groupTravel,lecturerTravel,abstractRoomOverflow,lecturerWindows,groupWindows,mixedOnlineDays
0.0681248,1,0,start,1146,8.51735e+07,8.51582e+07,2146,0,0,0,731,415,0,1486,450,210
0.0704263,0,0,start,1096,8.18756e+07,8.18691e+07,2325,0,0,0,690,406,0,1631,474,220
0.328571,0,18432,repair,766,2.91136e+08,2.91054e+08,7411,56,168,124,281,137,0,4135,3092,184
0.330081,1,19456,repair,803,2.94726e+08,2.94698e+08,7581,80,192,152,256,123,0,4333,3051,197
0.583473,0,35840,repair,633,2.67218e+08,2.67213e+08,7199,54,136,109,198,136,0,4070,2957,172
0.585534,1,35840,repair,661,2.87924e+08,2.87862e+08,7484,36,148,113,221,143,0,4236,3060,188
0.835165,0,50176,repair,553,2.44437e+08,2.44432e+08,6927,30,123,77,194,129,0,3951,2813,163
0.844388,1,53248,repair,549,2.73865e+08,2.73845e+08,7196,37,112,110,189,101,0,3974,3063,159
1.08825,0,66560,repair,437,2.5688e+08,2.56798e+08,7169,35,104,73,142,83,0,4157,2879,133
1.1079,1,69632,repair,458,2.42923e+08,2.42903e+08,6952,34,116,83,141,84,0,4000,2809,143
1.34716,0,83968,repair,368,2.23755e+08,2.23682e+08,6728,23,80,63,128,74,0,3892,2686,150
1.36505,1,86016,repair,382,2.27491e+08,2.27467e+08,6728,22,56,66,143,95,0,3841,2734,153
1.59782,0,99328,repair,313,2.04229e+08,2.04211e+08,6434,16,51,58,132,56,0,3720,2569,145
1.62002,1,101376,repair,331,2.02771e+08,2.02702e+08,6392,15,70,53,119,74,0,3698,2562,132
1.86432,0,115712,repair,266,1.77117e+08,1.77117e+08,6055,7,39,36,118,66,0,3578,2352,125
1.88157,1,117760,repair,276,1.87141e+08,1.8707e+08,6209,15,47,44,106,64,0,3637,2435,137
2.12745,0,132096,repair,195,1.76811e+08,1.76765e+08,6159,11,40,38,60,46,0,3734,2300,125
2.14052,1,135168,repair,211,1.9544e+08,1.9544e+08,6348,10,38,37,87,39,0,3718,2497,133
2.39146,1,152576,repair,160,1.75039e+08,1.74989e+08,6095,3,27,22,75,33,0,3650,2315,130
2.39224,0,148480,repair,162,1.56981e+08,1.56933e+08,5730,9,30,23,71,29,0,3417,2209,104
2.6543,1,172032,repair,122,1.56694e+08,1.56673e+08,5797,8,15,19,51,29,0,3500,2175,122
2.65638,0,164864,repair,120,1.57786e+08,1.57739e+08,5744,12,12,13,56,27,0,3411,2223,110
2.90649,0,179200,repair,92,1.49157e+08,1.49094e+08,5630,3,11,11,46,21,0,3402,2130,98
2.90657,1,187392,repair,95,1.46316e+08,1.4627e+08,5526,8,11,10,47,19,0,3256,2152,118
3.16081,1,204800,repair,64,1.29239e+08,1.29239e+08,5306,6,15,6,21,16,0,3264,1944,98
3.17001,0,194560,repair,66,1.3103e+08,1.31011e+08,5336,3,13,8,24,18,0,3286,1958,92
3.41392,1,223232,repair,34,1.28778e+08,1.28759e+08,5310,1,5,2,14,12,0,3296,1926,88
3.42551,0,210944,repair,41,1.24199e+08,1.24182e+08,5248,5,2,4,21,9,0,3277,1873,98
3.66601,1,242688,repair,23,1.07468e+08,1.07416e+08,4887,1,2,4,9,7,0,3067,1735,85
3.6909,0,227328,repair,28,1.11231e+08,1.11213e+08,4934,2,1,5,14,6,0,3048,1796,90
3.91872,1,261120,repair,7,1.00408e+08,1.00357e+08,4794,0,0,0,4,3,0,3084,1622,88
3.95576,0,242688,repair,16,1.0151e+08,1.0151e+08,4752,2,0,2,4,8,0,2991,1682,79
4.17171,1,279552,repair,2,8.41503e+07,8.41503e+07,4392,0,0,0,2,0,0,2850,1473,69
4.2171,0,258048,repair,3,9.83929e+07,9.83431e+07,4677,0,1,1,1,0,0,2960,1650,67
4.43241,1,297984,repair,1,7.0725e+07,7.07231e+07,4057,0,0,0,1,0,0,2670,1322,65
4.47766,0,273408,repair,2,7.92572e+07,7.92572e+07,4294,0,1,0,1,0,0,2834,1396,64
4.69046,1,316416,repair,1,5.83617e+07,5.83601e+07,3677,0,0,0,1,0,0,2418,1205,54
4.73056,0,286720,repair,1,7.39492e+07,7.39492e+07,4151,0,1,0,0,0,0,2740,1347,64
4.94159,1,332800,windows,0,4.82811e+07,4.827e+07,3343,0,0,0,0,0,0,2208,1092,43
4.99882,0,302080,windows,0,5.89394e+07,5.89015e+07,3695,0,0,0,0,0,0,2432,1210,53
5.19448,1,349184,windows,0,3.84965e+07,3.84954e+07,3000,0,0,0,0,0,0,2005,958,37
5.26583,0,316416,windows,0,4.8801e+07,4.8779e+07,3365,0,0,0,0,0,0,2219,1098,48
5.45212,1,364544,windows,0,3.24234e+07,3.24052e+07,2775,0,0,0,0,0,0,1885,855,35
5.5246,0,329728,windows,0,3.97452e+07,3.97236e+07,3045,0,0,0,0,0,0,1990,996,59
5.71594,1,380928,windows,0,2.73476e+07,2.73234e+07,2564,0,0,0,0,0,0,1756,771,37
5.78036,0,343040,windows,0,3.3446e+07,3.34443e+07,2808,0,0,0,0,0,0,1850,901,57
5.97241,1,395264,windows,0,2.24498e+07,2.24486e+07,2323,0,0,0,0,0,0,1573,708,42
6.03741,0,356352,windows,0,2.8377e+07,2.83591e+07,2572,0,0,0,0,0,0,1696,835,41
6.22964,1,409600,windows,0,1.8695e+07,1.86752e+07,2131,0,0,0,0,0,0,1489,616,26
6.29391,0,369664,windows,0,2.44897e+07,2.44886e+07,2427,0,0,0,0,0,0,1659,731,37
6.48774,1,424960,windows,0,1.60929e+07,1.60818e+07,1984,0,0,0,0,0,0,1415,551,18
6.56099,0,384000,windows,0,2.12293e+07,2.12206e+07,2258,0,0,0,0,0,0,1546,680,32
6.74337,1,440320,windows,0,1.37425e+07,1.37356e+07,1824,0,0,0,0,0,0,1284,524,16
6.82379,0,397312,windows,0,1.76484e+07,1.76405e+07,2045,0,0,0,0,0,0,1373,640,32
7.00982,1,455680,windows,0,1.17333e+07,1.17328e+07,1686,0,0,0,0,0,0,1185,485,16
7.09062,0,410624,windows,0,1.49741e+07,1.49675e+07,1911,0,0,0,0,0,0,1322,557,32
7.2698,1,468992,windows,0,9.66296e+06,9.65701e+06,1537,0,0,0,0,0,0,1085,434,18
7.34285,0,423936,windows,0,1.31005e+07,1.30831e+07,1790,0,0,0,0,0,0,1245,516,29
7.53705,1,483328,windows,0,8.27362e+06,8.26815e+06,1425,0,0,0,0,0,0,1024,389,12
7.60933,0,438272,windows,0,1.13321e+07,1.1316e+07,1676,0,0,0,0,0,0,1180,466,30
7.8026,1,495616,windows,0,7.21298e+06,7.21269e+06,1324,0,0,0,0,0,0,941,373,10
7.88229,0,449536,windows,0,1.00741e+07,1.00589e+07,1577,0,0,0,0,0,0,1107,443,27
8.05334,1,502784,windows,0,6.7381e+06,6.7264e+06,1282,0,0,0,0,0,0,915,357,10
8.14201,0,456704,windows,0,9.33716e+06,9.33101e+06,1522,0,0,0,0,0,0,1076,420,26
8.3099,1,514048,windows,0,5.99594e+06,5.99128e+06,1214,0,0,0,0,0,0,875,329,10
8.40532,0,467968,windows,0,7.92547e+06,7.91716e+06,1377,0,0,0,0,0,0,944,416,17
8.56743,1,529408,windows,0,4.85989e+06,4.85346e+06,1079,0,0,0,0,0,0,746,322,11
8.67215,0,482304,windows,0,6.71302e+06,6.71302e+06,1282,0,0,0,0,0,0,890,370,22
8.82264,1,544768,windows,0,3.94538e+06,3.93595e+06,979,0,0,0,0,0,0,684,283,12
8.93007,0,495616,windows,0,5.86384e+06,5.85708e+06,1206,0,0,0,0,0,0,844,338,24
9.08515,1,558080,windows,0,3.37588e+06,3.37073e+06,907,0,0,0,0,0,0,639,258,10
9.19075,0,509952,windows,0,4.96352e+06,4.95902e+06,1107,0,0,0,0,0,0,770,315,22
9.33797,1,571392,windows,0,2.9442e+06,2.94128e+06,843,0,0,0,0,0,0,585,248,10
9.45506,0,524288,windows,0,4.27426e+06,4.27363e+06,1031,0,0,0,0,0,0,723,287,21
9.59294,1,584704,windows,0,2.55418e+06,2.54982e+06,792,0,0,0,0,0,0,566,218,8
9.71759,0,538624,windows,0,3.34843e+06,3.34811e+06,901,0,0,0,0,0,0,628,262,11
9.85438,1,598016,windows,0,2.1351e+06,2.13068e+06,722,0,0,0,0,0,0,505,207,10
9.98484,0,553984,windows,0,2.75436e+06,2.74962e+06,829,0,0,0,0,0,0,597,220,12
10.1047,1,611328,windows,0,1.80282e+06,1.79876e+06,667,0,0,0,0,0,0,469,187,11
10.2393,0,568320,windows,0,2.40452e+06,2.40429e+06,763,0,0,0,0,0,0,534,221,8
10.3596,1,624640,windows,0,1.50626e+06,1.50603e+06,609,0,0,0,0,0,0,432,169,8
10.4938,0,582656,windows,0,2.09053e+06,2.08371e+06,720,0,0,0,0,0,0,512,197,11
10.6116,1,637952,windows,0,1.3391e+06,1.3391e+06,577,0,0,0,0,0,0,417,153,7
10.7503,0,596992,windows,0,1.77432e+06,1.77403e+06,665,0,0,0,0,0,0,477,178,10
10.8747,1,652288,windows,0,1.15158e+06,1.14945e+06,535,0,0,0,0,0,0,385,143,7
11.0037,0,610304,windows,0,1.46978e+06,1.46395e+06,607,0,0,0,0,0,0,429,165,13
11.1477,1,665600,windows,0,949465,944784,482,0,0,0,0,0,0,335,139,8
11.2727,0,624640,windows,0,1.23312e+06,1.23013e+06,555,0,0,0,0,0,0,395,150,10
11.4104,1,677888,windows,0,776075,774501,440,0,0,0,0,0,0,315,118,7
11.5376,0,638976,windows,0,1.0373e+06,1.0327e+06,507,0,0,0,0,0,0,357,141,9
11.6665,1,691200,windows,0,658420,658188,403,0,0,0,0,0,0,280,115,8
11.7908,0,652288,windows,0,916655,916392,479,0,0,0,0,0,0,341,129,9
11.9242,1,704512,windows,0,570545,568258,378,0,0,0,0,0,0,267,103,8
12.0593,0,666624,windows,0,758950,758950,432,0,0,0,0,0,0,298,125,9
12.1785,1,717824,windows,0,500105,500105,356,0,0,0,0,0,0,261,89,6
12.3113,0,679936,windows,0,605845,605552,391,0,0,0,0,0,0,275,106,10
12.4305,1,731136,windows,0,426025,426025,330,0,0,0,0,0,0,245,79,6
12.5734,0,694272,windows,0,514420,511176,358,0,0,0,0,0,0,250,100,8
12.6875,1,744448,windows,0,330195,329139,278,0,0,0,0,0,0,183,90,5
12.8354,0,708608,windows,0,442215,438944,333,0,0,0,0,0,0,231,93,9
12.9486,1,757760,windows,0,267550,266155,257,0,0,0,0,0,0,184,70,3
13.0973,0,722944,windows,0,374480,373129,310,0,0,0,0,0,0,224,78,8
13.2106,1,771072,windows,0,219970,219141,233,0,0,0,0,0,0,166,64,3
13.358,0,737280,windows,0,290905,290672,272,0,0,0,0,0,0,191,73,8
13.4708,1,784384,windows,0,197270,196521,218,0,0,0,0,0,0,150,65,3
13.6087,0,751616,windows,0,232160,231988,235,0,0,0,0,0,0,154,75,6
13.7372,1,798720,windows,0,178850,178850,209,0,0,0,0,0,0,146,60,3
13.8734,0,766976,windows,0,188635,186656,216,0,0,0,0,0,0,149,62,5
13.9994,1,813056,windows,0,132820,132231,178,0,0,0,0,0,0,118,56,4
14.1237,0,781312,windows,0,173170,171955,206,0,0,0,0,0,0,140,61,5
14.2631,1,827392,windows,0,112895,111376,167,0,0,0,0,0,0,117,47,3
14.3827,0,796672,windows,0,148700,147869,193,0,0,0,0,0,0,132,55,6
14.5145,1,840704,windows,0,94850,93955,152,0,0,0,0,0,0,104,45,3
14.6377,0,811008,windows,0,121520,120961,170,0,0,0,0,0,0,112,54,4
14.7771,1,857088,windows,0,84505,83650,144,0,0,0,0,0,0,97,43,4
14.901,0,825344,windows,0,95380,95380,154,0,0,0,0,0,0,106,44,4
15.0388,1,874496,windows,0,71315,70841.2,134,0,0,0,0,0,0,95,36,3
15.1645,0,840704,windows,0,83300,83300,141,0,0,0,0,0,0,92,45,4
15.2903,1,891904,windows,0,53065,53065,116,0,0,0,0,0,0,85,29,2
15.4265,0,856064,windows,0,73435,72146.2,130,0,0,0,0,0,0,83,44,3
15.5509,1,910336,windows,0,44915,43956.2,106,0,0,0,0,0,0,73,30,3
15.6835,0,871424,windows,0,65970,65551.2,126,0,0,0,0,0,0,84,39,3
15.8088,1,926720,windows,0,38870,38541.2,98,0,0,0,0,0,0,66,29,3
15.9464,0,886784,windows,0,48370,47888.8,108,0,0,0,0,0,0,68,35,5
16.0724,1,942080,windows,0,37570,37251.2,96,0,0,0,0,0,0,64,29,3
16.1986,0,901120,windows,0,41390,40456.2,101,0,0,0,0,0,0,68,30,3
16.3338,1,957440,windows,0,27520,27520,83,0,0,0,0,0,0,58,23,2
16.4585,0,916480,windows,0,36280,36280,94,0,0,0,0,0,0,64,28,2
16.5843,1,971776,windows,0,25030,24286.2,76,0,0,0,0,0,0,50,25,1
16.7213,0,931840,windows,0,33305,33001.2,90,0,0,0,0,0,0,61,27,2
16.8451,1,987136,windows,0,22595,22120,72,0,0,0,0,0,0,47,24,1
16.9787,0,947200,windows,0,29790,29232.5,87,0,0,0,0,0,0,60,24,3
17.1085,1,1002496,windows,0,21190,20735,70,0,0,0,0,0,0,46,23,1
17.233,0,962560,windows,0,21945,21530,74,0,0,0,0,0,0,51,21,2
17.374,1,1017856,windows,0,18295,18061.2,67,0,0,0,0,0,0,47,19,1
17.4906,0,977920,windows,0,19165,18770,69,0,0,0,0,0,0,47,20,2
17.6385,1,1032192,windows,0,16030,15436.2,61,0,0,0,0,0,0,40,20,1
17.7432,0,993280,windows,0,18700,18305,68,0,0,0,0,0,0,46,20,2
17.9013,1,1046528,windows,0,14115,14115,58,0,0,0,0,0,0,39,18,1
17.999,0,1007616,windows,0,17800,17405,66,0,0,0,0,0,0,44,20,2
18.155,1,1060864,windows,0,13355,13355,56,0,0,0,0,0,0,37,18,1
18.255,0,1021952,windows,0,17800,17405,66,0,0,0,0,0,0,44,20,2
18.4081,1,1077248,windows,0,13355,13355,56,0,0,0,0,0,0,37,18,1
18.5076,0,1036288,windows,0,16525,16130,63,0,0,0,0,0,0,41,20,2
18.6609,1,1093632,windows,0,11955,11600,52,0,0,0,0,0,0,33,18,1
18.7753,0,1051648,windows,0,16120,15725,62,0,0,0,0,0,0,40,20,2
18.911,1,1107968,windows,0,11955,11600,52,0,0,0,0,0,0,33,18,1
19.0438,0,1065984,windows,0,15340,15340,60,0,0,0,0,0,0,38,20,2
19.1653,1,1121280,windows,0,11255,10920,51,0,0,0,0,0,0,33,17,1
19.306,0,1080320,windows,0,13240,13041.2,58,0,0,0,0,0,0,40,16,2
19.4228,1,1134592,windows,0,10930,10595,50,0,0,0,0,0,0,32,17,1
19.5567,0,1094656,windows,0,12380,12045,55,0,0,0,0,0,0,36,17,2
19.6877,1,1149952,windows,0,10615,10280,49,0,0,0,0,0,0,31,17,1
19.8076,0,1107968,windows,0,10520,10520,52,0,0,0,0,0,0,36,14,2
19.939,1,1162240,windows,0,10310,9826.25,48,0,0,0,0,0,0,30,17,1
20.0662,0,1120256,windows,0,10520,10520,52,0,0,0,0,0,0,36,14,2
20.1935,1,1175552,windows,0,9730,9395,46,0,0,0,0,0,0,28,17,1
20.3175,0,1135616,windows,0,8620,8620,47,0,0,0,0,0,0,32,13,2
20.4505,1,1189888,windows,0,9070,8755,45,0,0,0,0,0,0,28,16,1
20.5743,0,1150976,windows,0,7855,7772.5,45,0,0,0,0,0,0,29,13,3
20.7166,1,1203200,windows,0,9070,8755,45,0,0,0,0,0,0,28,16,1
20.8245,0,1164288,windows,0,7685,7410,43,0,0,0,0,0,0,27,14,2
20.976,1,1217536,windows,0,9070,8755,45,0,0,0,0,0,0,28,16,1
21.089,0,1179648,windows,0,7420,7145,42,0,0,0,0,0,0,26,14,2
21.2281,1,1231872,windows,0,9070,8755,45,0,0,0,0,0,0,28,16,1
21.3522,0,1196032,windows,0,7165,6766.25,41,0,0,0,0,0,0,25,14,2
21.4783,1,1245184,windows,0,8795,8480,44,0,0,0,0,0,0,27,16,1
21.6107,0,1211392,windows,0,6380,6125,39,0,0,0,0,0,0,24,13,2
21.7373,1,1259520,windows,0,8795,8480,44,0,0,0,0,0,0,27,16,1
21.8767,0,1226752,windows,0,5880,5761.25,38,0,0,0,0,0,0,24,12,2
21.9903,1,1272832,windows,0,8530,8215,43,0,0,0,0,0,0,26,16,1
22.1316,0,1242112,windows,0,5645,5410,37,0,0,0,0,0,0,23,12,2
22.2482,1,1287168,windows,0,8275,7960,42,0,0,0,0,0,0,25,16,1
22.3953,0,1258496,windows,0,5645,5410,37,0,0,0,0,0,0,23,12,2
22.5093,1,1301504,windows,0,8275,7960,42,0,0,0,0,0,0,25,16,1
22.6574,0,1273856,windows,0,5645,5410,37,0,0,0,0,0,0,23,12,2
22.7708,1,1315840,windows,0,8030,7911.25,41,0,0,0,0,0,0,24,16,1
22.909,0,1288192,windows,0,5645,5410,37,0,0,0,0,0,0,23,12,2
23.032,1,1329152,windows,0,8030,7911.25,41,0,0,0,0,0,0,24,16,1
23.1714,0,1303552,windows,0,5645,5410,37,0,0,0,0,0,0,23,12,2
23.2861,1,1343488,windows,0,8030,7911.25,41,0,0,0,0,0,0,24,16,1
23.432,0,1318912,windows,0,5645,5410,37,0,0,0,0,0,0,23,12,2
23.5485,1,1357824,windows,0,8030,7911.25,41,0,0,0,0,0,0,24,16,1
23.6977,0,1335296,windows,0,5575,5360,37,0,0,0,0,0,0,25,11,1
23.8134,1,1372160,windows,0,7410,7115,40,0,0,0,0,0,0,24,15,1
23.9591,0,1350656,windows,0,5095,4880,35,0,0,0,0,0,0,23,11,1
24.077,1,1386496,windows,0,7410,7115,40,0,0,0,0,0,0,24,15,1
24.2168,0,1366016,windows,0,4870,4655,34,0,0,0,0,0,0,22,11,1
24.3381,1,1400832,windows,0,7175,6766.25,39,0,0,0,0,0,0,23,15,1
24.4799,0,1381376,windows,0,4870,4655,34,0,0,0,0,0,0,22,11,1
24.5986,1,1415168,windows,0,7175,6766.25,39,0,0,0,0,0,0,23,15,1
24.7403,0,1396736,windows,0,4655,4440,33,0,0,0,0,0,0,21,11,1
24.8509,1,1428480,windows,0,6790,6661.25,40,0,0,0,0,0,0,26,13,1
25.0002,0,1413120,windows,0,4655,4440,33,0,0,0,0,0,0,21,11,1
25.1045,1,1442816,windows,0,6790,6661.25,40,0,0,0,0,0,0,26,13,1
25.259,0,1428480,windows,0,4655,4440,33,0,0,0,0,0,0,21,11,1
25.3663,1,1457152,windows,0,6290,6290,38,0,0,0,0,0,0,24,13,1
25.5173,0,1442816,windows,0,4655,4440,33,0,0,0,0,0,0,21,11,1
25.6311,1,1472512,windows,0,6290,6290,38,0,0,0,0,0,0,24,13,1
25.7715,0,1458176,windows,0,4655,4440,33,0,0,0,0,0,0,21,11,1
25.9,1,1489920,windows,0,6290,6290,38,0,0,0,0,0,0,24,13,1
26.0236,0,1473536,windows,0,4450,4235,32,0,0,0,0,0,0,20,11,1
26.1577,1,1505280,windows,0,6290,6290,38,0,0,0,0,0,0,24,13,1
26.2905,0,1489920,windows,0,4450,4235,32,0,0,0,0,0,0,20,11,1
26.4177,1,1519616,windows,0,6290,6290,38,0,0,0,0,0,0,24,13,1
26.5427,0,1505280,windows,0,4450,4235,32,0,0,0,0,0,0,20,11,1
26.6688,1,1533952,windows,0,6155,5880,36,0,0,0,0,0,0,21,14,1
26.7989,0,1520640,windows,0,4030,3835,31,0,0,0,0,0,0,20,10,1
26.9236,1,1547264,windows,0,6155,5880,36,0,0,0,0,0,0,21,14,1
27.0576,0,1536000,windows,0,4030,3835,31,0,0,0,0,0,0,20,10,1
27.1777,1,1561600,windows,0,6155,5880,36,0,0,0,0,0,0,21,14,1
27.3202,0,1551360,windows,0,4030,3835,31,0,0,0,0,0,0,20,10,1
27.4375,1,1574912,windows,0,6155,5880,36,0,0,0,0,0,0,21,14,1
27.5736,0,1565696,windows,0,4030,3835,31,0,0,0,0,0,0,20,10,1
27.7035,1,1590272,windows,0,6155,5880,36,0,0,0,0,0,0,21,14,1
27.8387,0,1581056,windows,0,4030,3835,31,0,0,0,0,0,0,20,10,1
27.9685,1,1604608,windows,0,6155,5880,36,0,0,0,0,0,0,21,14,1
28.1044,0,1596416,windows,0,4030,3835,31,0,0,0,0,0,0,20,10,1
28.2339,1,1618944,windows,0,4030,3835,31,0,0,0,0,0,0,20,10,1
28.3556,0,1610752,windows,0,3515,3360,30,0,0,0,0,0,0,21,8,1
28.5006,1,1634304,windows,0,4030,3835,31,0,0,0,0,0,0,20,10,1
28.6212,0,1626112,windows,0,3215,2976.25,29,0,0,0,0,0,0,21,7,1
28.7511,1,1648640,windows,0,4030,3835,31,0,0,0,0,0,0,20,10,1
28.874,0,1640448,windows,0,3010,2875,28,0,0,0,0,0,0,20,7,1
29.0077,1,1662976,windows,0,4030,3835,31,0,0,0,0,0,0,20,10,1
29.131,0,1655808,windows,0,3010,2875,28,0,0,0,0,0,0,20,7,1
29.2628,1,1677312,windows,0,4030,3835,31,0,0,0,0,0,0,20,10,1
29.3926,0,1671168,windows,0,3010,2875,28,0,0,0,0,0,0,20,7,1
29.5191,1,1692672,windows,0,4030,3835,31,0,0,0,0,0,0,20,10,1
29.646,0,1686528,windows,0,2815,2586.25,27,0,0,0,0,0,0,19,7,1
29.7745,1,1707008,windows,0,4030,3835,31,0,0,0,0,0,0,20,10,1
29.9021,0,1702912,windows,0,2815,2586.25,27,0,0,0,0,0,0,19,7,1
30.0329,1,1721344,windows,0,4030,3835,31,0,0,0,0,0,0,20,10,1
30.1576,0,1719296,windows,0,2815,2586.25,27,0,0,0,0,0,0,19,7,1
30.2867,1,1736704,windows,0,4030,3835,31,0,0,0,0,0,0,20,10,1
30.4166,0,1735680,windows,0,2815,2586.25,27,0,0,0,0,0,0,19,7,1
30.5461,1,1751040,windows,0,4030,3835,31,0,0,0,0,0,0,20,10,1
30.6778,0,1752064,windows,0,2815,2586.25,27,0,0,0,0,0,0,19,7,1
30.809,1,1766400,windows,0,4030,3835,31,0,0,0,0,0,0,20,10,1
30.9371,0,1769472,windows,0,2815,2586.25,27,0,0,0,0,0,0,19,7,1
31.076,1,1781760,windows,0,4030,3835,31,0,0,0,0,0,0,20,10,1
31.1921,0,1785856,windows,0,2815,2586.25,27,0,0,0,0,0,0,19,7,1
31.3294,1,1796096,windows,0,4030,3835,31,0,0,0,0,0,0,20,10,1
31.4561,0,1802240,windows,0,2815,2586.25,27,0,0,0,0,0,0,19,7,1
31.5801,1,1810432,windows,0,2815,2586.25,27,0,0,0,0,0,0,19,7,1
31.7124,0,1817600,windows,0,2815,2586.25,27,0,0,0,0,0,0,19,7,1
31.8379,1,1825792,windows,0,2815,2586.25,27,0,0,0,0,0,0,19,7,1
31.9768,0,1832960,windows,0,2815,2586.25,27,0,0,0,0,0,0,19,7,1
32.0926,1,1840128,windows,0,2815,2586.25,27,0,0,0,0,0,0,19,7,1
32.2414,0,1849344,windows,0,2815,2586.25,27,0,0,0,0,0,0,19,7,1
32.3444,1,1855488,windows,0,2815,2586.25,27,0,0,0,0,0,0,19,7,1
32.5116,0,1865728,repair,0,2815,2586.25,27,0,0,0,0,0,0,19,7,1
32.5989,1,1870848,windows,0,2815,2586.25,27,0,0,0,0,0,0,19,7,1
32.7624,0,1878016,repair,0,2815,2586.25,27,0,0,0,0,0,0,19,7,1
32.8653,1,1887232,windows,0,2815,2586.25,27,0,0,0,0,0,0,19,7,1
33.0245,0,1894400,windows,0,2815,2586.25,27,0,0,0,0,0,0,19,7,1
33.1171,1,1901568,windows,0,2815,2586.25,27,0,0,0,0,0,0,19,7,1
33.2908,0,1909760,windows,0,2815,2586.25,27,0,0,0,0,0,0,19,7,1
33.3723,1,1916928,windows,0,2815,2586.25,27,0,0,0,0,0,0,19,7,1
33.5411,0,1924096,windows,0,2815,2586.25,27,0,0,0,0,0,0,19,7,1
33.6351,1,1932288,windows,0,2815,2586.25,27,0,0,0,0,0,0,19,7,1
33.8063,0,1940480,windows,0,2815,2586.25,27,0,0,0,0,0,0,19,7,1
33.8978,1,1949696,windows,0,2815,2586.25,27,0,0,0,0,0,0,19,7,1
34.071,0,1955840,windows,0,2815,2586.25,27,0,0,0,0,0,0,19,7,1
34.148,1,1966080,windows,0,2815,2586.25,27,0,0,0,0,0,0,19,7,1
34.3283,0,1971200,windows,0,2815,2586.25,27,0,0,0,0,0,0,19,7,1
34.4064,1,1983488,repair,0,2815,2586.25,27,0,0,0,0,0,0,19,7,1
34.5867,0,1986560,windows,0,2815,2586.25,27,0,0,0,0,0,0,19,7,1
34.6598,1,2002944,repair,0,2815,2586.25,27,0,0,0,0,0,0,19,7,1
34.8485,0,2001920,windows,0,2815,2586.25,27,0,0,0,0,0,0,19,7,1
34.9186,1,2021376,repair,0,2815,2586.25,27,0,0,0,0,0,0,19,7,1
35.1038,0,2017280,windows,0,2815,2586.25,27,0,0,0,0,0,0,19,7,1
35.1735,1,2040832,windows,0,2815,2586.25,27,0,0,0,0,0,0,19,7,1
35.3737,0,2032640,windows,0,2815,2586.25,27,0,0,0,0,0,0,19,7,1
35.4373,1,2058240,windows,0,2815,2586.25,27,0,0,0,0,0,0,19,7,1
35.6404,0,2049024,windows,0,2815,2586.25,27,0,0,0,0,0,0,19,7,1
35.6914,1,2075648,windows,0,2815,2586.25,27,0,0,0,0,0,0,19,7,1
35.8961,0,2063360,windows,0,2815,2586.25,27,0,0,0,0,0,0,19,7,1
35.9513,1,2093056,windows,0,2815,2586.25,27,0,0,0,0,0,0,19,7,1
36.1588,0,2078720,windows,0,2815,2586.25,27,0,0,0,0,0,0,19,7,1
36.2138,1,2110464,windows,0,2815,2586.25,27,0,0,0,0,0,0,19,7,1
36.4121,0,2093056,windows,0,2815,2586.25,27,0,0,0,0,0,0,19,7,1
36.4697,1,2125824,windows,0,2815,2586.25,27,0,0,0,0,0,0,19,7,1
36.6621,0,2105344,windows,0,2815,2586.25,27,0,0,0,0,0,0,19,7,1
36.7289,1,2142208,windows,0,2815,2586.25,27,0,0,0,0,0,0,19,7,1
36.9193,0,2119680,windows,0,2815,2586.25,27,0,0,0,0,0,0,19,7,1
36.9823,1,2159616,windows,0,2815,2586.25,27,0,0,0,0,0,0,19,7,1
37.1783,0,2134016,windows,0,2815,2586.25,27,0,0,0,0,0,0,19,7,1
37.2375,1,2177024,windows,0,2815,2586.25,27,0,0,0,0,0,0,19,7,1
37.4465,0,2149376,windows,0,2815,2586.25,27,0,0,0,0,0,0,19,7,1
37.4995,1,2195456,repair,0,2815,2586.25,27,0,0,0,0,0,0,19,7,1
37.7028,0,2164736,windows,0,2815,2586.25,27,0,0,0,0,0,0,19,7,1
37.7511,1,2213888,repair,0,2815,2586.25,27,0,0,0,0,0,0,19,7,1
37.9608,0,2180096,windows,0,2815,2586.25,27,0,0,0,0,0,0,19,7,1
38.0057,1,2231296,windows,0,2815,2586.25,27,0,0,0,0,0,0,19,7,1
38.2134,0,2195456,windows,0,2815,2586.25,27,0,0,0,0,0,0,19,7,1
38.2607,1,2248704,windows,0,2815,2586.25,27,0,0,0,0,0,0,19,7,1
38.4709,0,2210816,windows,0,2815,2586.25,27,0,0,0,0,0,0,19,7,1
38.5153,1,2266112,windows,0,2815,2586.25,27,0,0,0,0,0,0,19,7,1
38.7321,0,2226176,windows,0,2815,2586.25,27,0,0,0,0,0,0,19,7,1
38.7753,1,2283520,windows,0,2815,2586.25,27,0,0,0,0,0,0,19,7,1
38.9939,0,2239488,windows,0,2815,2586.25,27,0,0,0,0,0,0,19,7,1
39.0396,1,2300928,windows,0,2815,2586.25,27,0,0,0,0,0,0,19,7,1
39.2524,0,2254848,windows,0,2815,2586.25,27,0,0,0,0,0,0,19,7,1
39.2941,1,2318336,windows,0,2815,2586.25,27,0,0,0,0,0,0,19,7,1
39.5148,0,2270208,windows,0,2815,2586.25,27,0,0,0,0,0,0,19,7,1
39.5468,1,2334720,windows,0,2815,2586.25,27,0,0,0,0,0,0,19,7,1
39.7834,0,2285568,windows,0,2815,2586.25,27,0,0,0,0,0,0,19,7,1
39.8039,1,2352128,windows,0,2815,2586.25,27,0,0,0,0,0,0,19,7,1
40.0347,0,2300928,windows,0,2815,2586.25,27,0,0,0,0,0,0,19,7,1
40.0587,1,2366464,windows,0,2815,2586.25,27,0,0,0,0,0,0,19,7,1
40.2864,0,2318336,windows,0,2815,2586.25,27,0,0,0,0,0,0,19,7,1
40.3121,1,2381824,windows,0,2815,2586.25,27,0,0,0,0,0,0,19,7,1
40.5407,0,2336768,windows,0,2815,2586.25,27,0,0,0,0,0,0,19,7,1
40.5668,1,2399232,windows,0,2815,2586.25,27,0,0,0,0,0,0,19,7,1
40.8043,0,2354176,repair,0,2815,2586.25,27,0,0,0,0,0,0,19,7,1
40.8243,1,2416640,windows,0,2815,2586.25,27,0,0,0,0,0,0,19,7,1
41.0727,0,2372608,repair,0,2815,2586.25,27,0,0,0,0,0,0,19,7,1
41.0755,1,2433024,windows,0,2815,2586.25,27,0,0,0,0,0,0,19,7,1
41.3384,0,2387968,repair,0,2815,2586.25,27,0,0,0,0,0,0,19,7,1
41.3386,1,2451456,windows,0,2815,2586.25,27,0,0,0,0,0,0,19,7,1
41.5923,1,2467840,windows,0,2815,2586.25,27,0,0,0,0,0,0,19,7,1
41.5964,0,2402304,windows,0,2815,2586.25,27,0,0,0,0,0,0,19,7,1
41.8609,1,2484224,repair,0,2815,2586.25,27,0,0,0,0,0,0,19,7,1
41.8639,0,2416640,windows,0,2815,2586.25,27,0,0,0,0,0,0,19,7,1
42.1223,1,2500608,repair,0,2815,2586.25,27,0,0,0,0,0,0,19,7,1
42.1226,0,2429952,windows,0,2815,2586.25,27,0,0,0,0,0,0,19,7,1
42.3726,0,2443264,windows,0,2815,2586.25,27,0,0,0,0,0,0,19,7,1
42.3851,1,2520064,repair,0,2815,2586.25,27,0,0,0,0,0,0,19,7,1
42.6364,0,2457600,windows,0,2815,2586.25,27,0,0,0,0,0,0,19,7,1
42.6365,1,2536448,repair,0,2815,2586.25,27,0,0,0,0,0,0,19,7,1
42.8994,1,2551808,windows,0,2815,2586.25,27,0,0,0,0,0,0,19,7,1
42.9044,0,2471936,windows,0,2815,2586.25,27,0,0,0,0,0,0,19,7,1
43.157,1,2566144,windows,0,2815,2586.25,27,0,0,0,0,0,0,19,7,1
43.1611,0,2486272,windows,0,2815,2586.25,27,0,0,0,0,0,0,19,7,1
43.4185,1,2580480,windows,0,2815,2586.25,27,0,0,0,0,0,0,19,7,1
43.4282,0,2500608,windows,0,2815,2586.25,27,0,0,0,0,0,0,19,7,1
43.6811,1,2594816,windows,0,2815,2586.25,27,0,0,0,0,0,0,19,7,1
43.6863,0,2514944,windows,0,2815,2586.25,27,0,0,0,0,0,0,19,7,1
43.9429,1,2609152,windows,0,2815,2586.25,27,0,0,0,0,0,0,19,7,1
43.9518,0,2529280,windows,0,2815,2586.25,27,0,0,0,0,0,0,19,7,1
44.2028,1,2623488,windows,0,2815,2586.25,27,0,0,0,0,0,0,19,7,1
44.2135,0,2543616,windows,0,2815,2586.25,27,0,0,0,0,0,0,19,7,1
44.4652,1,2637824,windows,0,2815,2586.25,27,0,0,0,0,0,0,19,7,1
44.4821,0,2557952,windows,0,2815,2586.25,27,0,0,0,0,0,0,19,7,1
44.7214,1,2652160,windows,0,2815,2586.25,27,0,0,0,0,0,0,19,7,1
44.7374,0,2572288,windows,0,2815,2586.25,27,0,0,0,0,0,0,19,7,1
44.9762,1,2665472,windows,0,2815,2586.25,27,0,0,0,0,0,0,19,7,1
45.0032,0,2586624,windows,0,2815,2586.25,27,0,0,0,0,0,0,19,7,1
45.2345,1,2679808,windows,0,2815,2586.25,27,0,0,0,0,0,0,19,7,1
45.2664,0,2600960,windows,0,2815,2586.25,27,0,0,0,0,0,0,19,7,1
45.5045,1,2694144,windows,0,2815,2586.25,27,0,0,0,0,0,0,19,7,1
45.5228,0,2616320,windows,0,2815,2586.25,27,0,0,0,0,0,0,19,7,1
45.7569,1,2708480,windows,0,2815,2586.25,27,0,0,0,0,0,0,19,7,1
45.7775,0,2632704,windows,0,2815,2586.25,27,0,0,0,0,0,0,19,7,1
46.014,1,2721792,windows,0,2815,2586.25,27,0,0,0,0,0,0,19,7,1
46.0406,0,2650112,windows,0,2815,2586.25,27,0,0,0,0,0,0,19,7,1
46.2641,1,2735104,windows,0,2815,2586.25,27,0,0,0,0,0,0,19,7,1
46.2979,0,2665472,windows,0,2815,2586.25,27,0,0,0,0,0,0,19,7,1
46.52,1,2749440,windows,0,2815,2586.25,27,0,0,0,0,0,0,19,7,1
46.5586,0,2682880,windows,0,2815,2586.25,27,0,0,0,0,0,0,19,7,1
46.7813,1,2763776,windows,0,2815,2586.25,27,0,0,0,0,0,0,19,7,1
46.817,0,2700288,repair,0,2815,2586.25,27,0,0,0,0,0,0,19,7,1
47.0381,1,2777088,windows,0,2815,2586.25,27,0,0,0,0,0,0,19,7,1
47.0783,0,2717696,windows,0,2815,2586.25,27,0,0,0,0,0,0,19,7,1
47.2954,1,2792448,windows,0,2815,2586.25,27,0,0,0,0,0,0,19,7,1
47.3345,0,2733056,windows,0,2815,2586.25,27,0,0,0,0,0,0,19,7,1
47.5549,1,2809856,windows,0,2815,2586.25,27,0,0,0,0,0,0,19,7,1
47.5919,0,2750464,windows,0,2815,2586.25,27,0,0,0,0,0,0,19,7,1
47.8058,1,2826240,windows,0,2815,2586.25,27,0,0,0,0,0,0,19,7,1
47.8447,0,2767872,windows,0,2815,2586.25,27,0,0,0,0,0,0,19,7,1
48.0659,1,2841600,windows,0,2815,2586.25,27,0,0,0,0,0,0,19,7,1
48.1036,0,2783232,windows,0,2815,2586.25,27,0,0,0,0,0,0,19,7,1
48.3215,1,2855936,windows,0,2815,2586.25,27,0,0,0,0,0,0,19,7,1
48.3538,0,2800640,windows,0,2815,2586.25,27,0,0,0,0,0,0,19,7,1
48.5749,1,2870272,windows,0,2815,2586.25,27,0,0,0,0,0,0,19,7,1
48.6154,0,2819072,windows,0,2815,2586.25,27,0,0,0,0,0,0,19,7,1
48.8354,1,2885632,windows,0,2815,2586.25,27,0,0,0,0,0,0,19,7,1
48.8766,0,2836480,windows,0,2815,2586.25,27,0,0,0,0,0,0,19,7,1
49.095,1,2899968,repair,0,2815,2586.25,27,0,0,0,0,0,0,19,7,1
49.142,0,2852864,windows,0,2815,2586.25,27,0,0,0,0,0,0,19,7,1
49.3568,1,2915328,repair,0,2815,2586.25,27,0,0,0,0,0,0,19,7,1
49.3955,0,2869248,windows,0,2815,2586.25,27,0,0,0,0,0,0,19,7,1
49.6074,1,2930688,repair,0,2815,2586.25,27,0,0,0,0,0,0,19,7,1
49.6519,0,2885632,windows,0,2815,2586.25,27,0,0,0,0,0,0,19,7,1
49.8663,1,2945024,repair,0,2815,2586.25,27,0,0,0,0,0,0,19,7,1
49.9145,0,2903040,windows,0,2815,2586.25,27,0,0,0,0,0,0,19,7,1
50.1239,1,2959360,repair,0,2815,2586.25,27,0,0,0,0,0,0,19,7,1
50.1758,0,2918400,windows,0,2815,2586.25,27,0,0,0,0,0,0,19,7,1
50.3752,1,2973696,windows,0,2815,2586.25,27,0,0,0,0,0,0,19,7,1
50.4345,0,2935808,windows,0,2815,2586.25,27,0,0,0,0,0,0,19,7,1
50.6275,1,2987008,windows,0,2815,2586.25,27,0,0,0,0,0,0,19,7,1
50.6876,0,2952192,windows,0,2815,2586.25,27,0,0,0,0,0,0,19,7,1
50.8781,1,3000320,windows,0,2815,2586.25,27,0,0,0,0,0,0,19,7,1
50.9521,0,2969600,windows,0,2815,2586.25,27,0,0,0,0,0,0,19,7,1
51.1341,1,3016704,windows,0,2815,2586.25,27,0,0,0,0,0,0,19,7,1
51.2161,0,2987008,windows,0,2815,2586.25,27,0,0,0,0,0,0,19,7,1
51.3978,1,3034112,windows,0,2815,2586.25,27,0,0,0,0,0,0,19,7,1
51.4783,0,3004416,windows,0,2815,2586.25,27,0,0,0,0,0,0,19,7,1
51.6553,1,3052544,windows,0,2815,2586.25,27,0,0,0,0,0,0,19,7,1
51.7313,0,3022848,windows,0,2815,2586.25,27,0,0,0,0,0,0,19,7,1
51.908,1,3070976,windows,0,2815,2586.25,27,0,0,0,0,0,0,19,7,1
51.9815,0,3040256,repair,0,2815,2586.25,27,0,0,0,0,0,0,19,7,1
52.1741,1,3089408,windows,0,2815,2586.25,27,0,0,0,0,0,0,19,7,1
52.2472,0,3058688,windows,0,2815,2586.25,27,0,0,0,0,0,0,19,7,1
52.434,1,3106816,windows,0,2815,2586.25,27,0,0,0,0,0,0,19,7,1
52.5098,0,3076096,windows,0,2815,2586.25,27,0,0,0,0,0,0,19,7,1
52.6962,1,3125248,windows,0,2815,2586.25,27,0,0,0,0,0,0,19,7,1
52.7792,0,3093504,windows,0,2815,2586.25,27,0,0,0,0,0,0,19,7,1
52.9609,1,3139584,windows,0,2815,2586.25,27,0,0,0,0,0,0,19,7,1
53.0357,0,3109888,windows,0,2815,2586.25,27,0,0,0,0,0,0,19,7,1
53.2223,1,3153920,windows,0,2815,2586.25,27,0,0,0,0,0,0,19,7,1
53.2935,0,3126272,windows,0,2815,2586.25,27,0,0,0,0,0,0,19,7,1
53.4812,1,3168256,windows,0,2815,2586.25,27,0,0,0,0,0,0,19,7,1
53.5531,0,3143680,windows,0,2815,2586.25,27,0,0,0,0,0,0,19,7,1
53.7381,1,3182592,windows,0,2815,2586.25,27,0,0,0,0,0,0,19,7,1
53.8069,0,3161088,windows,0,2815,2586.25,27,0,0,0,0,0,0,19,7,1
53.999,1,3197952,windows,0,2815,2586.25,27,0,0,0,0,0,0,19,7,1
54.0613,0,3177472,windows,0,2815,2586.25,27,0,0,0,0,0,0,19,7,1
54.2497,1,3214336,windows,0,2815,2586.25,27,0,0,0,0,0,0,19,7,1
54.3192,0,3194880,windows,0,2815,2586.25,27,0,0,0,0,0,0,19,7,1
54.5014,1,3230720,windows,0,2815,2586.25,27,0,0,0,0,0,0,19,7,1
54.5775,0,3211264,windows,0,2815,2586.25,27,0,0,0,0,0,0,19,7,1
54.756,1,3248128,windows,0,2815,2586.25,27,0,0,0,0,0,0,19,7,1
54.8341,0,3227648,windows,0,2815,2586.25,27,0,0,0,0,0,0,19,7,1
55.0061,1,3265536,windows,0,2815,2586.25,27,0,0,0,0,0,0,19,7,1
55.0914,0,3244032,windows,0,2815,2586.25,27,0,0,0,0,0,0,19,7,1
55.2622,1,3280896,windows,0,2815,2586.25,27,0,0,0,0,0,0,19,7,1
55.3543,0,3260416,windows,0,2815,2586.25,27,0,0,0,0,0,0,19,7,1
55.5137,1,3297280,windows,0,2815,2586.25,27,0,0,0,0,0,0,19,7,1
55.6074,0,3274752,windows,0,2815,2586.25,27,0,0,0,0,0,0,19,7,1
55.7655,1,3314688,windows,0,2815,2586.25,27,0,0,0,0,0,0,19,7,1
55.87,0,3289088,windows,0,2815,2586.25,27,0,0,0,0,0,0,19,7,1
56.0263,1,3333120,windows,0,2815,2586.25,27,0,0,0,0,0,0,19,7,1
56.1276,0,3305472,windows,0,2815,2586.25,27,0,0,0,0,0,0,19,7,1
56.2808,1,3352576,windows,0,2815,2586.25,27,0,0,0,0,0,0,19,7,1
56.3829,0,3323904,repair,0,2815,2586.25,27,0,0,0,0,0,0,19,7,1
56.5354,1,3372032,repair,0,2815,2586.25,27,0,0,0,0,0,0,19,7,1
56.6448,0,3344384,windows,0,2815,2586.25,27,0,0,0,0,0,0,19,7,1
56.7963,1,3391488,repair,0,2815,2586.25,27,0,0,0,0,0,0,19,7,1
56.9076,0,3358720,windows,0,2815,2586.25,27,0,0,0,0,0,0,19,7,1
57.0574,1,3411968,repair,0,2815,2586.25,27,0,0,0,0,0,0,19,7,1
57.1602,0,3373056,windows,0,2815,2586.25,27,0,0,0,0,0,0,19,7,1
57.3137,1,3432448,repair,0,2815,2586.25,27,0,0,0,0,0,0,19,7,1
57.4243,0,3387392,windows,0,2815,2586.25,27,0,0,0,0,0,0,19,7,1
57.5729,1,3451904,windows,0,2815,2586.25,27,0,0,0,0,0,0,19,7,1
57.6854,0,3401728,windows,0,2815,2586.25,27,0,0,0,0,0,0,19,7,1
57.8351,1,3469312,windows,0,2815,2586.25,27,0,0,0,0,0,0,19,7,1
57.9518,0,3416064,windows,0,2815,2586.25,27,0,0,0,0,0,0,19,7,1
58.0909,1,3485696,windows,0,2815,2586.25,27,0,0,0,0,0,0,19,7,1
58.2078,0,3430400,windows,0,2815,2586.25,27,0,0,0,0,0,0,19,7,1
58.356,1,3503104,windows,0,2815,2586.25,27,0,0,0,0,0,0,19,7,1
58.4697,0,3445760,windows,0,2815,2586.25,27,0,0,0,0,0,0,19,7,1
58.6208,1,3521536,windows,0,2815,2586.25,27,0,0,0,0,0,0,19,7,1
58.7247,0,3460096,windows,0,2815,2586.25,27,0,0,0,0,0,0,19,7,1
58.8883,1,3537920,windows,0,2815,2586.25,27,0,0,0,0,0,0,19,7,1
58.977,0,3473408,windows,0,2815,2586.25,27,0,0,0,0,0,0,19,7,1
59.1517,1,3554304,windows,0,2815,2586.25,27,0,0,0,0,0,0,19,7,1
59.2352,0,3487744,windows,0,2815,2586.25,27,0,0,0,0,0,0,19,7,1
59.4047,1,3570688,windows,0,2815,2586.25,27,0,0,0,0,0,0,19,7,1
59.4893,0,3502080,windows,0,2815,2586.25,27,0,0,0,0,0,0,19,7,1
59.664,1,3587072,windows,0,2815,2586.25,27,0,0,0,0,0,0,19,7,1
59.7522,0,3516416,windows,0,2815,2586.25,27,0,0,0,0,0,0,19,7,1
59.9174,1,3603456,windows,0,2815,2586.25,27,0,0,0,0,0,0,19,7,1
60.018,0,3530752,windows,0,2815,2586.25,27,0,0,0,0,0,0,19,7,1
60.1829,1,3620864,windows,0,2815,2586.25,27,0,0,0,0,0,0,19,7,1
60.281,0,3546112,windows,0,2815,2586.25,27,0,0,0,0,0,0,19,7,1
60.4492,1,3638272,windows,0,2815,2586.25,27,0,0,0,0,0,0,19,7,1
60.5363,0,3563520,windows,0,2815,2586.25,27,0,0,0,0,0,0,19,7,1
60.7062,1,3654656,windows,0,2815,2586.25,27,0,0,0,0,0,0,19,7,1
60.7899,0,3581952,windows,0,2815,2586.25,27,0,0,0,0,0,0,19,7,1
60.9662,1,3672064,windows,0,2815,2586.25,27,0,0,0,0,0,0,19,7,1
61.0478,0,3600384,repair,0,2815,2586.25,27,0,0,0,0,0,0,19,7,1
61.2172,1,3688448,windows,0,2815,2586.25,27,0,0,0,0,0,0,19,7,1
61.2988,0,3619840,repair,0,2815,2586.25,27,0,0,0,0,0,0,19,7,1
61.4682,1,3705856,windows,0,2815,2586.25,27,0,0,0,0,0,0,19,7,1
61.5524,0,3638272,windows,0,2815,2586.25,27,0,0,0,0,0,0,19,7,1
61.728,1,3723264,windows,0,2815,2586.25,27,0,0,0,0,0,0,19,7,1
61.8156,0,3656704,windows,0,2815,2586.25,27,0,0,0,0,0,0,19,7,1
61.9855,1,3740672,windows,0,2815,2586.25,27,0,0,0,0,0,0,19,7,1
62.0701,0,3675136,windows,0,2815,2586.25,27,0,0,0,0,0,0,19,7,1
62.2456,1,3758080,repair,0,2815,2586.25,27,0,0,0,0,0,0,19,7,1
62.3266,0,3693568,windows,0,2815,2586.25,27,0,0,0,0,0,0,19,7,1
62.4988,1,3778560,repair,0,2815,2586.25,27,0,0,0,0,0,0,19,7,1
62.5901,0,3712000,windows,0,2815,2586.25,27,0,0,0,0,0,0,19,7,1
62.7615,1,3798016,windows,0,2815,2586.25,27,0,0,0,0,0,0,19,7,1
62.8466,0,3729408,windows,0,2815,2586.25,27,0,0,0,0,0,0,19,7,1
63.0229,1,3815424,windows,0,2815,2586.25,27,0,0,0,0,0,0,19,7,1
63.0995,0,3744768,windows,0,2815,2586.25,27,0,0,0,0,0,0,19,7,1
63.2878,1,3833856,windows,0,2815,2586.25,27,0,0,0,0,0,0,19,7,1
63.3602,0,3762176,windows,0,2815,2586.25,27,0,0,0,0,0,0,19,7,1
63.5388,1,3850240,windows,0,2815,2586.25,27,0,0,0,0,0,0,19,7,1
63.6184,0,3779584,windows,0,2815,2586.25,27,0,0,0,0,0,0,19,7,1
63.793,1,3867648,windows,0,2815,2586.25,27,0,0,0,0,0,0,19,7,1
63.8808,0,3796992,windows,0,2815,2586.25,27,0,0,0,0,0,0,19,7,1
64.0534,1,3885056,windows,0,2815,2586.25,27,0,0,0,0,0,0,19,7,1
64.1442,0,3814400,windows,0,2815,2586.25,27,0,0,0,0,0,0,19,7,1
64.3087,1,3901440,windows,0,2815,2586.25,27,0,0,0,0,0,0,19,7,1
64.4048,0,3831808,windows,0,2815,2586.25,27,0,0,0,0,0,0,19,7,1
64.568,1,3918848,windows,0,2815,2586.25,27,0,0,0,0,0,0,19,7,1
64.659,0,3849216,windows,0,2815,2586.25,27,0,0,0,0,0,0,19,7,1
64.8287,1,3937280,windows,0,2815,2586.25,27,0,0,0,0,0,0,19,7,1
64.9093,0,3866624,windows,0,2815,2586.25,27,0,0,0,0,0,0,19,7,1
65.0818,1,3954688,windows,0,2815,2586.25,27,0,0,0,0,0,0,19,7,1
65.167,0,3885056,windows,0,2815,2586.25,27,0,0,0,0,0,0,19,7,1
65.3474,1,3972096,windows,0,2815,2586.25,27,0,0,0,0,0,0,19,7,1
65.4292,0,3902464,windows,0,2815,2586.25,27,0,0,0,0,0,0,19,7,1
65.608,1,3988480,windows,0,2815,2586.25,27,0,0,0,0,0,0,19,7,1
65.6939,0,3920896,windows,0,2815,2586.25,27,0,0,0,0,0,0,19,7,1
65.8704,1,4006912,windows,0,2815,2586.25,27,0,0,0,0,0,0,19,7,1
65.9567,0,3938304,windows,0,2815,2586.25,27,0,0,0,0,0,0,19,7,1
66.1362,1,4025344,windows,0,2815,2586.25,27,0,0,0,0,0,0,19,7,1
66.2174,0,3956736,windows,0,2815,2586.25,27,0,0,0,0,0,0,19,7,1
66.3943,1,4043776,windows,0,2815,2586.25,27,0,0,0,0,0,0,19,7,1
66.481,0,3976192,windows,0,2815,2586.25,27,0,0,0,0,0,0,19,7,1
66.6557,1,4062208,windows,0,2815,2586.25,27,0,0,0,0,0,0,19,7,1
66.7353,0,3992576,repair,0,2815,2586.25,27,0,0,0,0,0,0,19,7,1
66.9192,1,4079616,windows,0,2815,2586.25,27,0,0,0,0,0,0,19,7,1
66.9855,0,4008960,windows,0,2815,2586.25,27,0,0,0,0,0,0,19,7,1
67.1801,1,4096000,windows,0,2815,2586.25,27,0,0,0,0,0,0,19,7,1
67.2525,0,4025344,windows,0,2815,2586.25,27,0,0,0,0,0,0,19,7,1
67.4424,1,4114432,windows,0,2815,2586.25,27,0,0,0,0,0,0,19,7,1
67.5025,0,4039680,windows,0,2815,2586.25,27,0,0,0,0,0,0,19,7,1
67.6983,1,4133888,windows,0,2815,2586.25,27,0,0,0,0,0,0,19,7,1
67.7597,0,4054016,windows,0,2815,2586.25,27,0,0,0,0,0,0,19,7,1
67.9573,1,4153344,windows,0,2815,2586.25,27,0,0,0,0,0,0,19,7,1
68.0098,0,4067328,windows,0,2815,2586.25,27,0,0,0,0,0,0,19,7,1
68.2162,1,4173824,windows,0,2815,2586.25,27,0,0,0,0,0,0,19,7,1
68.2741,0,4081664,windows,0,2815,2586.25,27,0,0,0,0,0,0,19,7,1
68.4734,1,4193280,windows,0,2815,2586.25,27,0,0,0,0,0,0,19,7,1
68.5344,0,4096000,windows,0,2815,2586.25,27,0,0,0,0,0,0,19,7,1
68.7282,1,4211712,windows,0,2815,2586.25,27,0,0,0,0,0,0,19,7,1
68.7971,0,4110336,windows,0,2815,2586.25,27,0,0,0,0,0,0,19,7,1
68.985,1,4227072,repair,0,2815,2586.25,27,0,0,0,0,0,0,19,7,1
69.0579,0,4123648,windows,0,2815,2586.25,27,0,0,0,0,0,0,19,7,1
69.2489,1,4244480,repair,0,2815,2586.25,27,0,0,0,0,0,0,19,7,1
69.3223,0,4136960,windows,0,2815,2586.25,27,0,0,0,0,0,0,19,7,1
69.5131,1,4261888,repair,0,2815,2586.25,27,0,0,0,0,0,0,19,7,1
69.5798,0,4150272,windows,0,2815,2586.25,27,0,0,0,0,0,0,19,7,1
69.7707,1,4279296,repair,0,2815,2586.25,27,0,0,0,0,0,0,19,7,1
69.8456,0,4164608,windows,0,2815,2586.25,27,0,0,0,0,0,0,19,7,1
70.0224,1,4295680,windows,0,2815,2586.25,27,0,0,0,0,0,0,19,7,1
70.1044,0,4178944,windows,0,2815,2586.25,27,0,0,0,0,0,0,19,7,1
70.2747,1,4312064,windows,0,2815,2586.25,27,0,0,0,0,0,0,19,7,1
70.3615,0,4193280,windows,0,2815,2586.25,27,0,0,0,0,0,0,19,7,1
70.5367,1,4329472,windows,0,2815,2586.25,27,0,0,0,0,0,0,19,7,1
70.6227,0,4207616,windows,0,2815,2586.25,27,0,0,0,0,0,0,19,7,1
70.7873,1,4345856,windows,0,2815,2586.25,27,0,0,0,0,0,0,19,7,1
70.887,0,4221952,windows,0,2815,2586.25,27,0,0,0,0,0,0,19,7,1
71.0426,1,4363264,windows,0,2815,2586.25,27,0,0,0,0,0,0,19,7,1
71.1512,0,4237312,windows,0,2815,2586.25,27,0,0,0,0,0,0,19,7,1
71.3053,1,4381696,windows,0,2815,2586.25,27,0,0,0,0,0,0,19,7,1
71.4158,0,4252672,windows,0,2815,2586.25,27,0,0,0,0,0,0,19,7,1
71.5637,1,4400128,windows,0,2815,2586.25,27,0,0,0,0,0,0,19,7,1
71.6748,0,4268032,windows,0,2815,2586.25,27,0,0,0,0,0,0,19,7,1
71.8228,1,4419584,windows,0,2815,2586.25,27,0,0,0,0,0,0,19,7,1
71.9271,0,4282368,windows,0,2815,2586.25,27,0,0,0,0,0,0,19,7,1
72.0825,1,4438016,windows,0,2815,2586.25,27,0,0,0,0,0,0,19,7,1
72.1832,0,4297728,windows,0,2815,2586.25,27,0,0,0,0,0,0,19,7,1
72.3335,1,4456448,windows,0,2815,2586.25,27,0,0,0,0,0,0,19,7,1
72.4468,0,4313088,repair,0,2815,2586.25,27,0,0,0,0,0,0,19,7,1
72.5932,1,4473856,windows,0,2815,2586.25,27,0,0,0,0,0,0,19,7,1
72.7074,0,4329472,windows,0,2815,2586.25,27,0,0,0,0,0,0,19,7,1
72.8466,1,4490240,windows,0,2815,2586.25,27,0,0,0,0,0,0,19,7,1
72.9723,0,4344832,windows,0,2815,2586.25,27,0,0,0,0,0,0,19,7,1
73.1057,1,4507648,windows,0,2815,2586.25,27,0,0,0,0,0,0,19,7,1
73.23,0,4359168,windows,0,2815,2586.25,27,0,0,0,0,0,0,19,7,1
73.3644,1,4526080,windows,0,2815,2586.25,27,0,0,0,0,0,0,19,7,1
73.483,0,4373504,windows,0,2815,2586.25,27,0,0,0,0,0,0,19,7,1
73.6161,1,4543488,windows,0,2815,2586.25,27,0,0,0,0,0,0,19,7,1
73.7424,0,4387840,windows,0,2815,2586.25,27,0,0,0,0,0,0,19,7,1
73.8732,1,4562944,windows,0,2815,2586.25,27,0,0,0,0,0,0,19,7,1
73.9957,0,4401152,windows,0,2815,2586.25,27,0,0,0,0,0,0,19,7,1
74.1303,1,4580352,windows,0,2815,2586.25,27,0,0,0,0,0,0,19,7,1
74.2557,0,4415488,windows,0,2815,2586.25,27,0,0,0,0,0,0,19,7,1
74.3826,1,4598784,windows,0,2815,2586.25,27,0,0,0,0,0,0,19,7,1
74.5063,0,4427776,windows,0,2815,2586.25,27,0,0,0,0,0,0,19,7,1
74.6444,1,4617216,windows,0,2815,2586.25,27,0,0,0,0,0,0,19,7,1
74.7691,0,4440064,windows,0,2815,2586.25,27,0,0,0,0,0,0,19,7,1
74.9038,1,4634624,windows,0,2815,2586.25,27,0,0,0,0,0,0,19,7,1
75.0299,0,4454400,windows,0,2815,2586.25,27,0,0,0,0,0,0,19,7,1
75.1546,1,4652032,windows,0,2815,2586.25,27,0,0,0,0,0,0,19,7,1
75.2874,0,4468736,windows,0,2815,2586.25,27,0,0,0,0,0,0,19,7,1
75.4092,1,4669440,repair,0,2815,2586.25,27,0,0,0,0,0,0,19,7,1
75.5453,0,4483072,windows,0,2815,2586.25,27,0,0,0,0,0,0,19,7,1
75.6695,1,4686848,repair,0,2815,2586.25,27,0,0,0,0,0,0,19,7,1
75.806,0,4497408,windows,0,2815,2586.25,27,0,0,0,0,0,0,19,7,1
75.9253,1,4704256,windows,0,2815,2586.25,27,0,0,0,0,0,0,19,7,1
76.0723,0,4512768,windows,0,2815,2586.25,27,0,0,0,0,0,0,19,7,1
76.1886,1,4721664,windows,0,2815,2586.25,27,0,0,0,0,0,0,19,7,1
76.3297,0,4527104,windows,0,2815,2586.25,27,0,0,0,0,0,0,19,7,1
76.4392,1,4737024,windows,0,2815,2586.25,27,0,0,0,0,0,0,19,7,1
76.5877,0,4541440,windows,0,2815,2586.25,27,0,0,0,0,0,0,19,7,1
76.6972,1,4753408,windows,0,2815,2586.25,27,0,0,0,0,0,0,19,7,1
76.8424,0,4555776,windows,0,2815,2586.25,27,0,0,0,0,0,0,19,7,1
76.9557,1,4769792,windows,0,2815,2586.25,27,0,0,0,0,0,0,19,7,1
77.093,0,4570112,windows,0,2815,2586.25,27,0,0,0,0,0,0,19,7,1
77.2162,1,4786176,windows,0,2815,2586.25,27,0,0,0,0,0,0,19,7,1
77.3604,0,4585472,windows,0,2815,2586.25,27,0,0,0,0,0,0,19,7,1
77.4818,1,4802560,windows,0,2815,2586.25,27,0,0,0,0,0,0,19,7,1
77.6256,0,4600832,windows,0,2815,2586.25,27,0,0,0,0,0,0,19,7,1
77.7352,1,4818944,windows,0,2815,2586.25,27,0,0,0,0,0,0,19,7,1
77.8874,0,4615168,windows,0,2815,2586.25,27,0,0,0,0,0,0,19,7,1
77.9908,1,4836352,windows,0,2815,2586.25,27,0,0,0,0,0,0,19,7,1
78.1414,0,4629504,windows,0,2815,2586.25,27,0,0,0,0,0,0,19,7,1
78.2464,1,4852736,windows,0,2815,2586.25,27,0,0,0,0,0,0,19,7,1
78.404,0,4643840,windows,0,2815,2586.25,27,0,0,0,0,0,0,19,7,1
78.507,1,4869120,windows,0,2815,2586.25,27,0,0,0,0,0,0,19,7,1
78.6607,0,4659200,windows,0,2815,2586.25,27,0,0,0,0,0,0,19,7,1
78.7758,1,4886528,windows,0,2815,2586.25,27,0,0,0,0,0,0,19,7,1
78.9265,0,4674560,windows,0,2815,2586.25,27,0,0,0,0,0,0,19,7,1
79.0307,1,4902912,windows,0,2815,2586.25,27,0,0,0,0,0,0,19,7,1
79.1851,0,4689920,windows,0,2815,2586.25,27,0,0,0,0,0,0,19,7,1
79.2914,1,4918272,windows,0,2815,2586.25,27,0,0,0,0,0,0,19,7,1
79.444,0,4705280,windows,0,2815,2586.25,27,0,0,0,0,0,0,19,7,1
79.5566,1,4934656,windows,0,2815,2586.25,27,0,0,0,0,0,0,19,7,1
79.7054,0,4720640,windows,0,2815,2586.25,27,0,0,0,0,0,0,19,7,1
79.816,1,4950016,windows,0,2815,2586.25,27,0,0,0,0,0,0,19,7,1
79.9647,0,4737024,windows,0,2815,2586.25,27,0,0,0,0,0,0,19,7,1
80.0696,1,4964352,windows,0,2815,2586.25,27,0,0,0,0,0,0,19,7,1
80.2184,0,4752384,windows,0,2815,2586.25,27,0,0,0,0,0,0,19,7,1
80.3294,1,4980736,windows,0,2815,2586.25,27,0,0,0,0,0,0,19,7,1
80.4797,0,4767744,repair,0,2815,2586.25,27,0,0,0,0,0,0,19,7,1
80.5944,1,4997120,windows,0,2815,2586.25,27,0,0,0,0,0,0,19,7,1
80.7408,0,4783104,repair,0,2815,2586.25,27,0,0,0,0,0,0,19,7,1
80.8548,1,5012480,windows,0,2815,2586.25,27,0,0,0,0,0,0,19,7,1
80.9987,0,4798464,windows,0,2815,2586.25,27,0,0,0,0,0,0,19,7,1
81.1155,1,5027840,windows,0,2815,2586.25,27,0,0,0,0,0,0,19,7,1
81.2583,0,4813824,windows,0,2815,2586.25,27,0,0,0,0,0,0,19,7,1
81.3792,1,5046272,windows,0,2815,2586.25,27,0,0,0,0,0,0,19,7,1
81.5116,0,4828160,windows,0,2815,2586.25,27,0,0,0,0,0,0,19,7,1
81.6436,1,5064704,windows,0,2815,2586.25,27,0,0,0,0,0,0,19,7,1
81.7761,0,4843520,windows,0,2815,2586.25,27,0,0,0,0,0,0,19,7,1
81.8958,1,5080064,windows,0,2815,2586.25,27,0,0,0,0,0,0,19,7,1
82.0301,0,4856832,windows,0,2815,2586.25,27,0,0,0,0,0,0,19,7,1
82.153,1,5094400,windows,0,2815,2586.25,27,0,0,0,0,0,0,19,7,1
82.2954,0,4871168,windows,0,2815,2586.25,27,0,0,0,0,0,0,19,7,1
82.4081,1,5108736,windows,0,2815,2586.25,27,0,0,0,0,0,0,19,7,1
82.5481,0,4884480,windows,0,2815,2586.25,27,0,0,0,0,0,0,19,7,1
82.675,1,5124096,windows,0,2815,2586.25,27,0,0,0,0,0,0,19,7,1
82.8047,0,4898816,windows,0,2815,2586.25,27,0,0,0,0,0,0,19,7,1
82.9365,1,5139456,windows,0,2815,2586.25,27,0,0,0,0,0,0,19,7,1
83.0634,0,4912128,windows,0,2815,2586.25,27,0,0,0,0,0,0,19,7,1
83.1954,1,5153792,windows,0,2815,2586.25,27,0,0,0,0,0,0,19,7,1
83.3258,0,4926464,windows,0,2815,2586.25,27,0,0,0,0,0,0,19,7,1
83.4474,1,5168128,repair,0,2815,2586.25,27,0,0,0,0,0,0,19,7,1
83.5868,0,4940800,windows,0,2815,2586.25,27,0,0,0,0,0,0,19,7,1
83.7168,1,5182464,repair,0,2815,2586.25,27,0,0,0,0,0,0,19,7,1
83.8384,0,4955136,windows,0,2815,2586.25,27,0,0,0,0,0,0,19,7,1
83.973,1,5197824,repair,0,2815,2586.25,27,0,0,0,0,0,0,19,7,1
84.1,0,4969472,windows,0,2815,2586.25,27,0,0,0,0,0,0,19,7,1
84.2413,1,5214208,repair,0,2815,2586.25,27,0,0,0,0,0,0,19,7,1
84.3593,0,4982784,windows,0,2815,2586.25,27,0,0,0,0,0,0,19,7,1
84.4991,1,5227520,windows,0,2815,2586.25,27,0,0,0,0,0,0,19,7,1
84.6144,0,4996096,windows,0,2815,2586.25,27,0,0,0,0,0,0,19,7,1
84.7613,1,5241856,windows,0,2815,2586.25,27,0,0,0,0,0,0,19,7,1
84.8653,0,5009408,windows,0,2815,2586.25,27,0,0,0,0,0,0,19,7,1
85.0151,1,5255168,windows,0,2815,2586.25,27,0,0,0,0,0,0,19,7,1
85.1301,0,5022720,repair,0,2815,2586.25,27,0,0,0,0,0,0,19,7,1
85.2797,1,5268480,windows,0,2815,2586.25,27,0,0,0,0,0,0,19,7,1
85.3863,0,5037056,repair,0,2815,2586.25,27,0,0,0,0,0,0,19,7,1
85.5332,1,5280768,windows,0,2815,2586.25,27,0,0,0,0,0,0,19,7,1
85.6373,0,5051392,windows,0,2815,2586.25,27,0,0,0,0,0,0,19,7,1
85.7916,1,5294080,windows,0,2815,2586.25,27,0,0,0,0,0,0,19,7,1
85.8962,0,5065728,windows,0,2815,2586.25,27,0,0,0,0,0,0,19,7,1
86.0566,1,5306368,windows,0,2815,2586.25,27,0,0,0,0,0,0,19,7,1
86.1644,0,5079040,windows,0,2815,2586.25,27,0,0,0,0,0,0,19,7,1
86.3106,1,5319680,windows,0,2815,2586.25,27,0,0,0,0,0,0,19,7,1
86.4214,0,5093376,windows,0,2815,2586.25,27,0,0,0,0,0,0,19,7,1
86.5685,1,5335040,windows,0,2815,2586.25,27,0,0,0,0,0,0,19,7,1
86.6878,0,5107712,windows,0,2815,2586.25,27,0,0,0,0,0,0,19,7,1
86.8313,1,5351424,windows,0,2815,2586.25,27,0,0,0,0,0,0,19,7,1
86.9397,0,5121024,windows,0,2815,2586.25,27,0,0,0,0,0,0,19,7,1
87.0878,1,5365760,windows,0,2815,2586.25,27,0,0,0,0,0,0,19,7,1
87.2093,0,5135360,windows,0,2815,2586.25,27,0,0,0,0,0,0,19,7,1
87.3521,1,5380096,windows,0,2815,2586.25,27,0,0,0,0,0,0,19,7,1
87.4691,0,5149696,windows,0,2815,2586.25,27,0,0,0,0,0,0,19,7,1
87.6096,1,5393408,windows,0,2815,2586.25,27,0,0,0,0,0,0,19,7,1
87.7278,0,5164032,windows,0,2815,2586.25,27,0,0,0,0,0,0,19,7,1
87.8616,1,5408768,windows,0,2815,2586.25,27,0,0,0,0,0,0,19,7,1
87.9902,0,5178368,windows,0,2815,2586.25,27,0,0,0,0,0,0,19,7,1
88.122,1,5425152,windows,0,2815,2586.25,27,0,0,0,0,0,0,19,7,1
88.2521,0,5193728,windows,0,2815,2586.25,27,0,0,0,0,0,0,19,7,1
88.3863,1,5442560,windows,0,2815,2586.25,27,0,0,0,0,0,0,19,7,1
88.5035,0,5208064,windows,0,2815,2586.25,27,0,0,0,0,0,0,19,7,1
88.6451,1,5459968,windows,0,2815,2586.25,27,0,0,0,0,0,0,19,7,1
88.7711,0,5223424,windows,0,2815,2586.25,27,0,0,0,0,0,0,19,7,1
88.8958,1,5475328,windows,0,2815,2586.25,27,0,0,0,0,0,0,19,7,1
89.0265,0,5237760,windows,0,2815,2586.25,27,0,0,0,0,0,0,19,7,1
89.164,1,5491712,windows,0,2815,2586.25,27,0,0,0,0,0,0,19,7,1
89.295,0,5253120,windows,0,2815,2586.25,27,0,0,0,0,0,0,19,7,1
89.4208,1,5507072,windows,0,2815,2586.25,27,0,0,0,0,0,0,19,7,1
89.5536,0,5267456,windows,0,2815,2586.25,27,0,0,0,0,0,0,19,7,1
89.6831,1,5523456,windows,0,2815,2586.25,27,0,0,0,0,0,0,19,7,1
89.8169,0,5281792,windows,0,2815,2586.25,27,0,0,0,0,0,0,19,7,1
89.9511,1,5538816,windows,0,2815,2586.25,27,0,0,0,0,0,0,19,7,1
90.0723,0,5296128,windows,0,2815,2586.25,27,0,0,0,0,0,0,19,7,1
90.2012,1,5554176,windows,0,2815,2586.25,27,0,0,0,0,0,0,19,7,1
90.3338,0,5310464,windows,0,2815,2586.25,27,0,0,0,0,0,0,19,7,1
90.4617,1,5570560,windows,0,2815,2586.25,27,0,0,0,0,0,0,19,7,1
90.586,0,5324800,windows,0,2815,2586.25,27,0,0,0,0,0,0,19,7,1
90.725,1,5587968,windows,0,2815,2586.25,27,0,0,0,0,0,0,19,7,1
90.8482,0,5339136,repair,0,2815,2586.25,27,0,0,0,0,0,0,19,7,1
90.9801,1,5604352,windows,0,2815,2586.25,27,0,0,0,0,0,0,19,7,1
91.1033,0,5353472,repair,0,2815,2586.25,27,0,0,0,0,0,0,19,7,1
91.2307,1,5620736,repair,0,2815,2586.25,27,0,0,0,0,0,0,19,7,1
91.37,0,5368832,repair,0,2815,2586.25,27,0,0,0,0,0,0,19,7,1
91.49,1,5639168,repair,0,2815,2586.25,27,0,0,0,0,0,0,19,7,1
91.628,0,5384192,windows,0,2815,2586.25,27,0,0,0,0,0,0,19,7,1
91.7523,1,5657600,windows,0,2815,2586.25,27,0,0,0,0,0,0,19,7,1
91.8903,0,5398528,windows,0,2815,2586.25,27,0,0,0,0,0,0,19,7,1
92.0035,1,5672960,windows,0,2815,2586.25,27,0,0,0,0,0,0,19,7,1
92.157,0,5413888,windows,0,2815,2586.25,27,0,0,0,0,0,0,19,7,1
92.2541,1,5688320,windows,0,2815,2586.25,27,0,0,0,0,0,0,19,7,1
92.4221,0,5428224,windows,0,2815,2586.25,27,0,0,0,0,0,0,19,7,1
92.518,1,5705728,windows,0,2815,2586.25,27,0,0,0,0,0,0,19,7,1
92.6781,0,5442560,windows,0,2815,2586.25,27,0,0,0,0,0,0,19,7,1
92.7782,1,5724160,windows,0,2815,2586.25,27,0,0,0,0,0,0,19,7,1
92.9337,0,5455872,windows,0,2815,2586.25,27,0,0,0,0,0,0,19,7,1
93.0376,1,5740544,windows,0,2815,2586.25,27,0,0,0,0,0,0,19,7,1
93.1933,0,5470208,windows,0,2815,2586.25,27,0,0,0,0,0,0,19,7,1
93.297,1,5756928,windows,0,2815,2586.25,27,0,0,0,0,0,0,19,7,1
93.4551,0,5484544,windows,0,2815,2586.25,27,0,0,0,0,0,0,19,7,1
93.5473,1,5773312,windows,0,2815,2586.25,27,0,0,0,0,0,0,19,7,1
93.7089,0,5498880,windows,0,2815,2586.25,27,0,0,0,0,0,0,19,7,1
93.8038,1,5789696,windows,0,2815,2586.25,27,0,0,0,0,0,0,19,7,1
93.9692,0,5511168,windows,0,2815,2586.25,27,0,0,0,0,0,0,19,7,1
94.0575,1,5806080,windows,0,2815,2586.25,27,0,0,0,0,0,0,19,7,1
94.2324,0,5525504,windows,0,2815,2586.25,27,0,0,0,0,0,0,19,7,1
94.3135,1,5822464,windows,0,2815,2586.25,27,0,0,0,0,0,0,19,7,1
94.4944,0,5539840,windows,0,2815,2586.25,27,0,0,0,0,0,0,19,7,1
94.5769,1,5839872,windows,0,2815,2586.25,27,0,0,0,0,0,0,19,7,1
94.7468,0,5554176,windows,0,2815,2586.25,27,0,0,0,0,0,0,19,7,1
94.8386,1,5857280,windows,0,2815,2586.25,27,0,0,0,0,0,0,19,7,1
95.0004,0,5567488,windows,0,2815,2586.25,27,0,0,0,0,0,0,19,7,1
95.0951,1,5875712,windows,0,2815,2586.25,27,0,0,0,0,0,0,19,7,1
95.2626,0,5581824,windows,0,2815,2586.25,27,0,0,0,0,0,0,19,7,1
95.3591,1,5894144,windows,0,2815,2586.25,27,0,0,0,0,0,0,19,7,1
95.5287,0,5596160,windows,0,2815,2586.25,27,0,0,0,0,0,0,19,7,1
95.6172,1,5911552,windows,0,2815,2586.25,27,0,0,0,0,0,0,19,7,1
95.794,0,5611520,windows,0,2815,2586.25,27,0,0,0,0,0,0,19,7,1
95.8717,1,5928960,windows,0,2815,2586.25,27,0,0,0,0,0,0,19,7,1
96.0446,0,5624832,windows,0,2815,2586.25,27,0,0,0,0,0,0,19,7,1
96.1277,1,5945344,windows,0,2815,2586.25,27,0,0,0,0,0,0,19,7,1
96.3114,0,5640192,windows,0,2815,2586.25,27,0,0,0,0,0,0,19,7,1
96.3903,1,5962752,windows,0,2815,2586.25,27,0,0,0,0,0,0,19,7,1
96.5661,0,5654528,windows,0,2815,2586.25,27,0,0,0,0,0,0,19,7,1
96.6464,1,5979136,windows,0,2815,2586.25,27,0,0,0,0,0,0,19,7,1
96.8331,0,5668864,repair,0,2815,2586.25,27,0,0,0,0,0,0,19,7,1
96.8993,1,5995520,windows,0,2815,2586.25,27,0,0,0,0,0,0,19,7,1
97.0861,0,5683200,repair,0,2815,2586.25,27,0,0,0,0,0,0,19,7,1
97.1548,1,6012928,windows,0,2815,2586.25,27,0,0,0,0,0,0,19,7,1
97.3457,0,5698560,repair,0,2815,2586.25,27,0,0,0,0,0,0,19,7,1
97.416,1,6029312,windows,0,2815,2586.25,27,0,0,0,0,0,0,19,7,1
97.6024,0,5711872,windows,0,2815,2586.25,27,0,0,0,0,0,0,19,7,1
97.6766,1,6046720,repair,0,2815,2586.25,27,0,0,0,0,0,0,19,7,1
97.8584,0,5726208,windows,0,2815,2586.25,27,0,0,0,0,0,0,19,7,1
97.9342,1,6063104,windows,0,2815,2586.25,27,0,0,0,0,0,0,19,7,1
98.1181,0,5739520,windows,0,2815,2586.25,27,0,0,0,0,0,0,19,7,1
98.1923,1,6079488,windows,0,2815,2586.25,27,0,0,0,0,0,0,19,7,1
98.3856,0,5753856,windows,0,2815,2586.25,27,0,0,0,0,0,0,19,7,1
98.4516,1,6095872,windows,0,2815,2586.25,27,0,0,0,0,0,0,19,7,1
98.637,0,5766144,windows,0,2815,2586.25,27,0,0,0,0,0,0,19,7,1
98.7086,1,6112256,windows,0,2815,2586.25,27,0,0,0,0,0,0,19,7,1
98.9025,0,5780480,windows,0,2815,2586.25,27,0,0,0,0,0,0,19,7,1
98.9607,1,6128640,windows,0,2815,2586.25,27,0,0,0,0,0,0,19,7,1
99.1574,0,5793792,windows,0,2815,2586.25,27,0,0,0,0,0,0,19,7,1
99.211,1,6144000,windows,0,2815,2586.25,27,0,0,0,0,0,0,19,7,1
99.4203,0,5808128,windows,0,2815,2586.25,27,0,0,0,0,0,0,19,7,1
99.4656,1,6160384,windows,0,2815,2586.25,27,0,0,0,0,0,0,19,7,1
99.6758,0,5821440,windows,0,2815,2586.25,27,0,0,0,0,0,0,19,7,1
99.7245,1,6176768,windows,0,2815,2586.25,27,0,0,0,0,0,0,19,7,1
99.9445,0,5835776,windows,0,2815,2586.25,27,0,0,0,0,0,0,19,7,1
99.9853,1,6193152,windows,0,2815,2586.25,27,0,0,0,0,0,0,19,7,1
100.207,0,5849088,windows,0,2815,2586.25,27,0,0,0,0,0,0,19,7,1
100.249,1,6209536,windows,0,2815,2586.25,27,0,0,0,0,0,0,19,7,1
100.471,0,5863424,windows,0,2815,2586.25,27,0,0,0,0,0,0,19,7,1
100.511,1,6225920,windows,0,2815,2586.25,27,0,0,0,0,0,0,19,7,1
100.722,0,5875712,windows,0,2815,2586.25,27,0,0,0,0,0,0,19,7,1
100.762,1,6242304,windows,0,2815,2586.25,27,0,0,0,0,0,0,19,7,1
100.972,0,5889024,windows,0,2815,2586.25,27,0,0,0,0,0,0,19,7,1
101.015,1,6256640,windows,0,2815,2586.25,27,0,0,0,0,0,0,19,7,1
101.241,0,5902336,windows,0,2815,2586.25,27,0,0,0,0,0,0,19,7,1
101.267,1,6272000,windows,0,2815,2586.25,27,0,0,0,0,0,0,19,7,1
101.498,0,5914624,windows,0,2815,2586.25,27,0,0,0,0,0,0,19,7,1
101.527,1,6288384,windows,0,2815,2586.25,27,0,0,0,0,0,0,19,7,1
101.75,0,5926912,windows,0,2815,2586.25,27,0,0,0,0,0,0,19,7,1
101.777,1,6303744,windows,0,2815,2586.25,27,0,0,0,0,0,0,19,7,1
102.017,0,5939200,windows,0,2815,2586.25,27,0,0,0,0,0,0,19,7,1
102.041,1,6320128,windows,0,2815,2586.25,27,0,0,0,0,0,0,19,7,1
102.29,0,5952512,windows,0,2815,2586.25,27,0,0,0,0,0,0,19,7,1
102.295,1,6336512,windows,0,2815,2586.25,27,0,0,0,0,0,0,19,7,1
102.551,0,5965824,windows,0,2815,2586.25,27,0,0,0,0,0,0,19,7,1
102.562,1,6352896,windows,0,2815,2586.25,27,0,0,0,0,0,0,19,7,1
102.821,0,5980160,windows,0,2815,2586.25,27,0,0,0,0,0,0,19,7,1
102.827,1,6368256,repair,0,2815,2586.25,27,0,0,0,0,0,0,19,7,1
103.083,1,6383616,repair,0,2815,2586.25,27,0,0,0,0,0,0,19,7,1
103.084,0,5994496,windows,0,2815,2586.25,27,0,0,0,0,0,0,19,7,1
103.341,0,6008832,windows,0,2815,2586.25,27,0,0,0,0,0,0,19,7,1
103.346,1,6401024,repair,0,2815,2586.25,27,0,0,0,0,0,0,19,7,1
103.605,0,6023168,windows,0,2815,2586.25,27,0,0,0,0,0,0,19,7,1
103.606,1,6417408,windows,0,2815,2586.25,27,0,0,0,0,0,0,19,7,1
103.857,0,6036480,windows,0,2815,2586.25,27,0,0,0,0,0,0,19,7,1
103.858,1,6432768,windows,0,2815,2586.25,27,0,0,0,0,0,0,19,7,1
104.108,0,6050816,windows,0,2815,2586.25,27,0,0,0,0,0,0,19,7,1
104.108,1,6447104,windows,0,2815,2586.25,27,0,0,0,0,0,0,19,7,1
104.369,1,6463488,windows,0,2815,2586.25,27,0,0,0,0,0,0,19,7,1
104.376,0,6066176,windows,0,2815,2586.25,27,0,0,0,0,0,0,19,7,1
104.626,1,6479872,windows,0,2815,2586.25,27,0,0,0,0,0,0,19,7,1
104.64,0,6080512,windows,0,2815,2586.25,27,0,0,0,0,0,0,19,7,1
104.878,1,6496256,windows,0,2815,2586.25,27,0,0,0,0,0,0,19,7,1
104.893,0,6094848,windows,0,2815,2586.25,27,0,0,0,0,0,0,19,7,1
105.14,1,6512640,windows,0,2815,2586.25,27,0,0,0,0,0,0,19,7,1
105.149,0,6110208,windows,0,2815,2586.25,27,0,0,0,0,0,0,19,7,1
105.392,1,6529024,windows,0,2815,2586.25,27,0,0,0,0,0,0,19,7,1
105.4,0,6126592,windows,0,2815,2586.25,27,0,0,0,0,0,0,19,7,1
105.655,1,6545408,windows,0,2815,2586.25,27,0,0,0,0,0,0,19,7,1
105.664,0,6144000,windows,0,2815,2586.25,27,0,0,0,0,0,0,19,7,1
105.91,1,6560768,windows,0,2815,2586.25,27,0,0,0,0,0,0,19,7,1
105.914,0,6160384,windows,0,2815,2586.25,27,0,0,0,0,0,0,19,7,1
106.17,0,6177792,windows,0,2815,2586.25,27,0,0,0,0,0,0,19,7,1
106.175,1,6578176,windows,0,2815,2586.25,27,0,0,0,0,0,0,19,7,1
106.424,0,6194176,windows,0,2815,2586.25,27,0,0,0,0,0,0,19,7,1
106.436,1,6593536,windows,0,2815,2586.25,27,0,0,0,0,0,0,19,7,1
106.674,0,6210560,windows,0,2815,2586.25,27,0,0,0,0,0,0,19,7,1
106.694,1,6608896,windows,0,2815,2586.25,27,0,0,0,0,0,0,19,7,1
106.94,0,6227968,windows,0,2815,2586.25,27,0,0,0,0,0,0,19,7,1
106.959,1,6623232,windows,0,2815,2586.25,27,0,0,0,0,0,0,19,7,1
107.198,0,6245376,windows,0,2815,2586.25,27,0,0,0,0,0,0,19,7,1
107.221,1,6637568,windows,0,2815,2586.25,27,0,0,0,0,0,0,19,7,1
107.457,0,6262784,windows,0,2815,2586.25,27,0,0,0,0,0,0,19,7,1
107.477,1,6651904,windows,0,2815,2586.25,27,0,0,0,0,0,0,19,7,1
107.71,0,6280192,windows,0,2815,2586.25,27,0,0,0,0,0,0,19,7,1
107.738,1,6668288,windows,0,2815,2586.25,27,0,0,0,0,0,0,19,7,1
107.974,0,6298624,windows,0,2815,2586.25,27,0,0,0,0,0,0,19,7,1
107.992,1,6684672,windows,0,2815,2586.25,27,0,0,0,0,0,0,19,7,1
108.231,0,6317056,windows,0,2815,2586.25,27,0,0,0,0,0,0,19,7,1
108.248,1,6701056,windows,0,2815,2586.25,27,0,0,0,0,0,0,19,7,1
108.491,0,6334464,windows,0,2815,2586.25,27,0,0,0,0,0,0,19,7,1
108.511,1,6714368,repair,0,2815,2586.25,27,0,0,0,0,0,0,19,7,1
108.741,0,6351872,windows,0,2815,2586.25,27,0,0,0,0,0,0,19,7,1
108.764,1,6728704,repair,0,2815,2586.25,27,0,0,0,0,0,0,19,7,1
108.992,0,6368256,repair,0,2815,2586.25,27,0,0,0,0,0,0,19,7,1
109.017,1,6744064,repair,0,2815,2586.25,27,0,0,0,0,0,0,19,7,1
109.255,0,6386688,repair,0,2815,2586.25,27,0,0,0,0,0,0,19,7,1
109.267,1,6758400,windows,0,2815,2586.25,27,0,0,0,0,0,0,19,7,1
109.517,0,6406144,windows,0,2815,2586.25,27,0,0,0,0,0,0,19,7,1
109.525,1,6772736,windows,0,2815,2586.25,27,0,0,0,0,0,0,19,7,1
109.779,0,6423552,windows,0,2815,2586.25,27,0,0,0,0,0,0,19,7,1
109.783,1,6787072,windows,0,2815,2586.25,27,0,0,0,0,0,0,19,7,1
110.04,0,6438912,windows,0,2815,2586.25,27,0,0,0,0,0,0,19,7,1
110.052,1,6801408,windows,0,2815,2586.25,27,0,0,0,0,0,0,19,7,1
110.294,0,6452224,windows,0,2815,2586.25,27,0,0,0,0,0,0,19,7,1
110.323,1,6815744,windows,0,2815,2586.25,27,0,0,0,0,0,0,19,7,1
110.546,0,6465536,windows,0,2815,2586.25,27,0,0,0,0,0,0,19,7,1
110.582,1,6829056,windows,0,2815,2586.25,27,0,0,0,0,0,0,19,7,1
110.805,0,6478848,windows,0,2815,2586.25,27,0,0,0,0,0,0,19,7,1
110.85,1,6842368,windows,0,2815,2586.25,27,0,0,0,0,0,0,19,7,1
111.062,0,6493184,windows,0,2815,2586.25,27,0,0,0,0,0,0,19,7,1
111.115,1,6855680,windows,0,2815,2586.25,27,0,0,0,0,0,0,19,7,1
111.327,0,6509568,windows,0,2815,2586.25,27,0,0,0,0,0,0,19,7,1
111.377,1,6868992,windows,0,2815,2586.25,27,0,0,0,0,0,0,19,7,1
111.583,0,6522880,windows,0,2815,2586.25,27,0,0,0,0,0,0,19,7,1
111.629,1,6882304,windows,0,2815,2586.25,27,0,0,0,0,0,0,19,7,1
111.841,0,6536192,windows,0,2815,2586.25,27,0,0,0,0,0,0,19,7,1
111.891,1,6895616,windows,0,2815,2586.25,27,0,0,0,0,0,0,19,7,1
112.097,0,6549504,windows,0,2815,2586.25,27,0,0,0,0,0,0,19,7,1
112.161,1,6908928,windows,0,2815,2586.25,27,0,0,0,0,0,0,19,7,1
112.358,0,6562816,windows,0,2815,2586.25,27,0,0,0,0,0,0,19,7,1
112.428,1,6923264,windows,0,2815,2586.25,27,0,0,0,0,0,0,19,7,1
112.617,0,6576128,windows,0,2815,2586.25,27,0,0,0,0,0,0,19,7,1
112.695,1,6937600,windows,0,2815,2586.25,27,0,0,0,0,0,0,19,7,1
112.877,0,6589440,windows,0,2815,2586.25,27,0,0,0,0,0,0,19,7,1
112.965,1,6951936,windows,0,2815,2586.25,27,0,0,0,0,0,0,19,7,1
113.139,0,6602752,windows,0,2815,2586.25,27,0,0,0,0,0,0,19,7,1
113.229,1,6966272,windows,0,2815,2586.25,27,0,0,0,0,0,0,19,7,1
113.395,0,6616064,windows,0,2815,2586.25,27,0,0,0,0,0,0,19,7,1
113.48,1,6979584,windows,0,2815,2586.25,27,0,0,0,0,0,0,19,7,1
113.657,0,6630400,windows,0,2815,2586.25,27,0,0,0,0,0,0,19,7,1
113.739,1,6993920,windows,0,2815,2586.25,27,0,0,0,0,0,0,19,7,1
113.919,0,6644736,windows,0,2815,2586.25,27,0,0,0,0,0,0,19,7,1
113.991,1,7007232,windows,0,2815,2586.25,27,0,0,0,0,0,0,19,7,1
114.177,0,6660096,windows,0,2815,2586.25,27,0,0,0,0,0,0,19,7,1
114.255,1,7021568,windows,0,2815,2586.25,27,0,0,0,0,0,0,19,7,1
114.432,0,6676480,windows,0,2815,2586.25,27,0,0,0,0,0,0,19,7,1
114.507,1,7034880,windows,0,2815,2586.25,27,0,0,0,0,0,0,19,7,1
114.695,0,6693888,windows,0,2815,2586.25,27,0,0,0,0,0,0,19,7,1
114.763,1,7049216,windows,0,2815,2586.25,27,0,0,0,0,0,0,19,7,1
114.948,0,6711296,windows,0,2815,2586.25,27,0,0,0,0,0,0,19,7,1
115.019,1,7062528,windows,0,2815,2586.25,27,0,0,0,0,0,0,19,7,1
115.203,0,6727680,windows,0,2815,2586.25,27,0,0,0,0,0,0,19,7,1
115.277,1,7075840,windows,0,2815,2586.25,27,0,0,0,0,0,0,19,7,1
115.468,0,6745088,windows,0,2815,2586.25,27,0,0,0,0,0,0,19,7,1
115.532,1,7089152,windows,0,2815,2586.25,27,0,0,0,0,0,0,19,7,1
115.72,0,6761472,windows,0,2815,2586.25,27,0,0,0,0,0,0,19,7,1
115.798,1,7102464,windows,0,2815,2586.25,27,0,0,0,0,0,0,19,7,1
115.977,0,6775808,windows,0,2815,2586.25,27,0,0,0,0,0,0,19,7,1
116.054,1,7114752,windows,0,2815,2586.25,27,0,0,0,0,0,0,19,7,1
116.234,0,6790144,windows,0,2815,2586.25,27,0,0,0,0,0,0,19,7,1
116.318,1,7129088,windows,0,2815,2586.25,27,0,0,0,0,0,0,19,7,1
116.496,0,6804480,windows,0,2815,2586.25,27,0,0,0,0,0,0,19,7,1
116.57,1,7142400,windows,0,2815,2586.25,27,0,0,0,0,0,0,19,7,1
116.752,0,6819840,windows,0,2815,2586.25,27,0,0,0,0,0,0,19,7,1
116.84,1,7156736,windows,0,2815,2586.25,27,0,0,0,0,0,0,19,7,1
117.003,0,6836224,windows,0,2815,2586.25,27,0,0,0,0,0,0,19,7,1
117.105,1,7171072,windows,0,2815,2586.25,27,0,0,0,0,0,0,19,7,1
117.268,0,6852608,windows,0,2815,2586.25,27,0,0,0,0,0,0,19,7,1
117.365,1,7185408,windows,0,2815,2586.25,27,0,0,0,0,0,0,19,7,1
117.52,0,6867968,windows,0,2815,2586.25,27,0,0,0,0,0,0,19,7,1
117.63,1,7199744,windows,0,2815,2586.25,27,0,0,0,0,0,0,19,7,1
117.775,0,6883328,windows,0,2815,2586.25,27,0,0,0,0,0,0,19,7,1
117.897,1,7214080,repair,0,2815,2586.25,27,0,0,0,0,0,0,19,7,1
118.044,0,6899712,windows,0,2815,2586.25,27,0,0,0,0,0,0,19,7,1
118.158,1,7228416,repair,0,2815,2586.25,27,0,0,0,0,0,0,19,7,1
118.3,0,6916096,windows,0,2815,2586.25,27,0,0,0,0,0,0,19,7,1
118.412,1,7243776,repair,0,2815,2586.25,27,0,0,0,0,0,0,19,7,1
118.561,0,6933504,repair,0,2815,2586.25,27,0,0,0,0,0,0,19,7,1
118.674,1,7259136,repair,0,2815,2586.25,27,0,0,0,0,0,0,19,7,1
118.825,0,6949888,repair,0,2815,2586.25,27,0,0,0,0,0,0,19,7,1
118.926,1,7274496,repair,0,2815,2586.25,27,0,0,0,0,0,0,19,7,1
119.075,0,6967296,repair,0,2815,2586.25,27,0,0,0,0,0,0,19,7,1
119.186,1,7288832,windows,0,2815,2586.25,27,0,0,0,0,0,0,19,7,1
119.337,0,6985728,windows,0,2815,2586.25,27,0,0,0,0,0,0,19,7,1
119.441,1,7302144,windows,0,2815,2586.25,27,0,0,0,0,0,0,19,7,1
119.6,0,7002112,windows,0,2815,2586.25,27,0,0,0,0,0,0,19,7,1
119.694,1,7316480,windows,0,2815,2586.25,27,0,0,0,0,0,0,19,7,1
119.86,0,7016448,windows,0,2815,2586.25,27,0,0,0,0,0,0,19,7,1
119.961,1,7329792,windows,0,2815,2586.25,27,0,0,0,0,0,0,19,7,1
120.122,0,7029760,windows,0,2815,2586.25,27,0,0,0,0,0,0,19,7,1
120.227,1,7343104,windows,0,2815,2586.25,27,0,0,0,0,0,0,19,7,1
120.388,0,7044096,windows,0,2815,2586.25,27,0,0,0,0,0,0,19,7,1
120.492,1,7356416,windows,0,2815,2586.25,27,0,0,0,0,0,0,19,7,1
120.644,0,7058432,windows,0,2815,2586.25,27,0,0,0,0,0,0,19,7,1
120.744,1,7368704,windows,0,2815,2586.25,27,0,0,0,0,0,0,19,7,1
120.907,0,7071744,windows,0,2815,2586.25,27,0,0,0,0,0,0,19,7,1
120.999,1,7380992,windows,0,2815,2586.25,27,0,0,0,0,0,0,19,7,1
121.166,0,7087104,windows,0,2815,2586.25,27,0,0,0,0,0,0,19,7,1
121.253,1,7393280,windows,0,2815,2586.25,27,0,0,0,0,0,0,19,7,1
121.424,0,7102464,windows,0,2815,2586.25,27,0,0,0,0,0,0,19,7,1
121.505,1,7407616,windows,0,2815,2586.25,27,0,0,0,0,0,0,19,7,1
121.687,0,7117824,windows,0,2815,2586.25,27,0,0,0,0,0,0,19,7,1
121.764,1,7421952,windows,0,2815,2586.25,27,0,0,0,0,0,0,19,7,1
121.951,0,7134208,windows,0,2815,2586.25,27,0,0,0,0,0,0,19,7,1
122.024,1,7437312,windows,0,2815,2586.25,27,0,0,0,0,0,0,19,7,1
122.212,0,7150592,windows,0,2815,2586.25,27,0,0,0,0,0,0,19,7,1
122.284,1,7453696,windows,0,2815,2586.25,27,0,0,0,0,0,0,19,7,1
122.469,0,7166976,windows,0,2815,2586.25,27,0,0,0,0,0,0,19,7,1
122.536,1,7470080,windows,0,2815,2586.25,27,0,0,0,0,0,0,19,7,1
122.724,0,7184384,windows,0,2815,2586.25,27,0,0,0,0,0,0,19,7,1
122.801,1,7486464,windows,0,2815,2586.25,27,0,0,0,0,0,0,19,7,1
122.974,0,7199744,windows,0,2815,2586.25,27,0,0,0,0,0,0,19,7,1
123.067,1,7502848,windows,0,2815,2586.25,27,0,0,0,0,0,0,19,7,1
123.237,0,7217152,windows,0,2815,2586.25,27,0,0,0,0,0,0,19,7,1
123.326,1,7519232,windows,0,2815,2586.25,27,0,0,0,0,0,0,19,7,1
123.493,0,7233536,windows,0,2815,2586.25,27,0,0,0,0,0,0,19,7,1
123.585,1,7535616,windows,0,2815,2586.25,27,0,0,0,0,0,0,19,7,1
123.749,0,7249920,windows,0,2815,2586.25,27,0,0,0,0,0,0,19,7,1
123.846,1,7553024,windows,0,2815,2586.25,27,0,0,0,0,0,0,19,7,1
124.009,0,7266304,windows,0,2815,2586.25,27,0,0,0,0,0,0,19,7,1
124.102,1,7569408,repair,0,2815,2586.25,27,0,0,0,0,0,0,19,7,1
124.267,0,7282688,windows,0,2815,2586.25,27,0,0,0,0,0,0,19,7,1
124.352,1,7587840,repair,0,2815,2586.25,27,0,0,0,0,0,0,19,7,1
124.519,0,7298048,repair,0,2815,2586.25,27,0,0,0,0,0,0,19,7,1
124.609,1,7604224,windows,0,2815,2586.25,27,0,0,0,0,0,0,19,7,1
124.774,0,7315456,repair,0,2815,2586.25,27,0,0,0,0,0,0,19,7,1
124.862,1,7620608,windows,0,2815,2586.25,27,0,0,0,0,0,0,19,7,1
125.034,0,7332864,windows,0,2815,2586.25,27,0,0,0,0,0,0,19,7,1
125.129,1,7636992,windows,0,2815,2586.25,27,0,0,0,0,0,0,19,7,1
125.288,0,7349248,windows,0,2815,2586.25,27,0,0,0,0,0,0,19,7,1
125.395,1,7653376,windows,0,2815,2586.25,27,0,0,0,0,0,0,19,7,1
125.551,0,7365632,windows,0,2815,2586.25,27,0,0,0,0,0,0,19,7,1
125.645,1,7668736,windows,0,2815,2586.25,27,0,0,0,0,0,0,19,7,1
125.812,0,7383040,windows,0,2815,2586.25,27,0,0,0,0,0,0,19,7,1
125.905,1,7685120,windows,0,2815,2586.25,27,0,0,0,0,0,0,19,7,1
126.066,0,7398400,windows,0,2815,2586.25,27,0,0,0,0,0,0,19,7,1
126.172,1,7699456,windows,0,2815,2586.25,27,0,0,0,0,0,0,19,7,1
126.325,0,7410688,windows,0,2815,2586.25,27,0,0,0,0,0,0,19,7,1
126.436,1,7712768,windows,0,2815,2586.25,27,0,0,0,0,0,0,19,7,1
126.579,0,7425024,windows,0,2815,2586.25,27,0,0,0,0,0,0,19,7,1
126.696,1,7726080,windows,0,2815,2586.25,27,0,0,0,0,0,0,19,7,1
126.845,0,7439360,windows,0,2815,2586.25,27,0,0,0,0,0,0,19,7,1
126.948,1,7738368,windows,0,2815,2586.25,27,0,0,0,0,0,0,19,7,1
127.108,0,7451648,windows,0,2815,2586.25,27,0,0,0,0,0,0,19,7,1
127.198,1,7749632,windows,0,2815,2586.25,27,0,0,0,0,0,0,19,7,1
127.362,0,7464960,windows,0,2815,2586.25,27,0,0,0,0,0,0,19,7,1
127.47,1,7761920,windows,0,2815,2586.25,27,0,0,0,0,0,0,19,7,1
127.614,0,7479296,windows,0,2815,2586.25,27,0,0,0,0,0,0,19,7,1
127.739,1,7775232,windows,0,2815,2586.25,27,0,0,0,0,0,0,19,7,1
127.868,0,7493632,windows,0,2815,2586.25,27,0,0,0,0,0,0,19,7,1
127.999,1,7788544,windows,0,2815,2586.25,27,0,0,0,0,0,0,19,7,1
128.126,0,7508992,windows,0,2815,2586.25,27,0,0,0,0,0,0,19,7,1
128.262,1,7804928,windows,0,2815,2586.25,27,0,0,0,0,0,0,19,7,1
128.392,0,7525376,windows,0,2815,2586.25,27,0,0,0,0,0,0,19,7,1
128.515,1,7820288,windows,0,2815,2586.25,27,0,0,0,0,0,0,19,7,1
128.652,0,7540736,windows,0,2815,2586.25,27,0,0,0,0,0,0,19,7,1
128.777,1,7835648,windows,0,2815,2586.25,27,0,0,0,0,0,0,19,7,1
128.918,0,7555072,windows,0,2815,2586.25,27,0,0,0,0,0,0,19,7,1
129.031,1,7848960,windows,0,2815,2586.25,27,0,0,0,0,0,0,19,7,1
129.184,0,7569408,windows,0,2815,2586.25,27,0,0,0,0,0,0,19,7,1
129.291,1,7864320,windows,0,2815,2586.25,27,0,0,0,0,0,0,19,7,1
129.442,0,7582720,windows,0,2815,2586.25,27,0,0,0,0,0,0,19,7,1
129.556,1,7878656,windows,0,2815,2586.25,27,0,0,0,0,0,0,19,7,1
129.693,0,7596032,windows,0,2815,2586.25,27,0,0,0,0,0,0,19,7,1
129.815,1,7892992,repair,0,2815,2586.25,27,0,0,0,0,0,0,19,7,1
129.945,0,7609344,windows,0,2815,2586.25,27,0,0,0,0,0,0,19,7,1
130.072,1,7907328,repair,0,2815,2586.25,27,0,0,0,0,0,0,19,7,1
130.198,0,7623680,windows,0,2815,2586.25,27,0,0,0,0,0,0,19,7,1
130.329,1,7922688,windows,0,2815,2586.25,27,0,0,0,0,0,0,19,7,1
130.459,0,7638016,windows,0,2815,2586.25,27,0,0,0,0,0,0,19,7,1
130.587,1,7939072,windows,0,2815,2586.25,27,0,0,0,0,0,0,19,7,1
130.72,0,7652352,windows,0,2815,2586.25,27,0,0,0,0,0,0,19,7,1
130.846,1,7955456,windows,0,2815,2586.25,27,0,0,0,0,0,0,19,7,1
130.986,0,7667712,windows,0,2815,2586.25,27,0,0,0,0,0,0,19,7,1
131.102,1,7970816,windows,0,2815,2586.25,27,0,0,0,0,0,0,19,7,1
131.242,0,7683072,windows,0,2815,2586.25,27,0,0,0,0,0,0,19,7,1
131.363,1,7986176,windows,0,2815,2586.25,27,0,0,0,0,0,0,19,7,1
131.497,0,7698432,windows,0,2815,2586.25,27,0,0,0,0,0,0,19,7,1
131.616,1,7999488,windows,0,2815,2586.25,27,0,0,0,0,0,0,19,7,1
131.749,0,7713792,windows,0,2815,2586.25,27,0,0,0,0,0,0,19,7,1
131.877,1,8013824,windows,0,2815,2586.25,27,0,0,0,0,0,0,19,7,1
132.004,0,7729152,windows,0,2815,2586.25,27,0,0,0,0,0,0,19,7,1
132.131,1,8027136,windows,0,2815,2586.25,27,0,0,0,0,0,0,19,7,1
132.264,0,7744512,repair,0,2815,2586.25,27,0,0,0,0,0,0,19,7,1
132.389,1,8040448,windows,0,2815,2586.25,27,0,0,0,0,0,0,19,7,1
132.518,0,7759872,repair,0,2815,2586.25,27,0,0,0,0,0,0,19,7,1
132.651,1,8054784,windows,0,2815,2586.25,27,0,0,0,0,0,0,19,7,1
132.769,0,7774208,repair,0,2815,2586.25,27,0,0,0,0,0,0,19,7,1
132.91,1,8069120,windows,0,2815,2586.25,27,0,0,0,0,0,0,19,7,1
133.028,0,7788544,windows,0,2815,2586.25,27,0,0,0,0,0,0,19,7,1
133.163,1,8083456,windows,0,2815,2586.25,27,0,0,0,0,0,0,19,7,1
133.282,0,7801856,windows,0,2815,2586.25,27,0,0,0,0,0,0,19,7,1
133.419,1,8099840,windows,0,2815,2586.25,27,0,0,0,0,0,0,19,7,1
133.537,0,7816192,windows,0,2815,2586.25,27,0,0,0,0,0,0,19,7,1
133.682,1,8117248,windows,0,2815,2586.25,27,0,0,0,0,0,0,19,7,1
133.789,0,7829504,windows,0,2815,2586.25,27,0,0,0,0,0,0,19,7,1
133.949,1,8134656,windows,0,2815,2586.25,27,0,0,0,0,0,0,19,7,1
134.043,0,7842816,windows,0,2815,2586.25,27,0,0,0,0,0,0,19,7,1
134.205,1,8152064,windows,0,2815,2586.25,27,0,0,0,0,0,0,19,7,1
134.301,0,7859200,windows,0,2815,2586.25,27,0,0,0,0,0,0,19,7,1
134.468,1,8169472,windows,0,2815,2586.25,27,0,0,0,0,0,0,19,7,1
134.56,0,7875584,windows,0,2815,2586.25,27,0,0,0,0,0,0,19,7,1
134.724,1,8186880,windows,0,2815,2586.25,27,0,0,0,0,0,0,19,7,1
134.822,0,7892992,windows,0,2815,2586.25,27,0,0,0,0,0,0,19,7,1
134.975,1,8204288,windows,0,2815,2586.25,27,0,0,0,0,0,0,19,7,1
135.078,0,7910400,windows,0,2815,2586.25,27,0,0,0,0,0,0,19,7,1
135.238,1,8223744,windows,0,2815,2586.25,27,0,0,0,0,0,0,19,7,1
135.331,0,7927808,windows,0,2815,2586.25,27,0,0,0,0,0,0,19,7,1
135.492,1,8243200,windows,0,2815,2586.25,27,0,0,0,0,0,0,19,7,1
135.583,0,7944192,windows,0,2815,2586.25,27,0,0,0,0,0,0,19,7,1
135.754,1,8261632,repair,0,2815,2586.25,27,0,0,0,0,0,0,19,7,1
135.838,0,7960576,windows,0,2815,2586.25,27,0,0,0,0,0,0,19,7,1
136.017,1,8281088,windows,0,2815,2586.25,27,0,0,0,0,0,0,19,7,1
136.093,0,7977984,windows,0,2815,2586.25,27,0,0,0,0,0,0,19,7,1
136.278,1,8296448,windows,0,2815,2586.25,27,0,0,0,0,0,0,19,7,1
136.348,0,7995392,windows,0,2815,2586.25,27,0,0,0,0,0,0,19,7,1
136.539,1,8310784,windows,0,2815,2586.25,27,0,0,0,0,0,0,19,7,1
136.613,0,8012800,windows,0,2815,2586.25,27,0,0,0,0,0,0,19,7,1
136.798,1,8325120,windows,0,2815,2586.25,27,0,0,0,0,0,0,19,7,1
136.877,0,8030208,windows,0,2815,2586.25,27,0,0,0,0,0,0,19,7,1
137.051,1,8337408,windows,0,2815,2586.25,27,0,0,0,0,0,0,19,7,1
137.141,0,8046592,windows,0,2815,2586.25,27,0,0,0,0,0,0,19,7,1
137.309,1,8349696,windows,0,2815,2586.25,27,0,0,0,0,0,0,19,7,1
137.404,0,8065024,windows,0,2815,2586.25,27,0,0,0,0,0,0,19,7,1
137.568,1,8363008,windows,0,2815,2586.25,27,0,0,0,0,0,0,19,7,1
137.664,0,8081408,windows,0,2815,2586.25,27,0,0,0,0,0,0,19,7,1
137.826,1,8377344,windows,0,2815,2586.25,27,0,0,0,0,0,0,19,7,1
137.927,0,8098816,windows,0,2815,2586.25,27,0,0,0,0,0,0,19,7,1
138.085,1,8391680,windows,0,2815,2586.25,27,0,0,0,0,0,0,19,7,1
138.18,0,8116224,windows,0,2815,2586.25,27,0,0,0,0,0,0,19,7,1
138.343,1,8406016,windows,0,2815,2586.25,27,0,0,0,0,0,0,19,7,1
138.435,0,8132608,repair,0,2815,2586.25,27,0,0,0,0,0,0,19,7,1
138.608,1,8420352,windows,0,2815,2586.25,27,0,0,0,0,0,0,19,7,1
138.695,0,8146944,repair,0,2815,2586.25,27,0,0,0,0,0,0,19,7,1
138.868,1,8433664,windows,0,2815,2586.25,27,0,0,0,0,0,0,19,7,1
138.954,0,8162304,repair,0,2815,2586.25,27,0,0,0,0,0,0,19,7,1
139.119,1,8446976,windows,0,2815,2586.25,27,0,0,0,0,0,0,19,7,1
139.212,0,8179712,repair,0,2815,2586.25,27,0,0,0,0,0,0,19,7,1
139.383,1,8461312,windows,0,2815,2586.25,27,0,0,0,0,0,0,19,7,1
139.475,0,8194048,windows,0,2815,2586.25,27,0,0,0,0,0,0,19,7,1
139.637,1,8474624,windows,0,2815,2586.25,27,0,0,0,0,0,0,19,7,1
139.733,0,8208384,windows,0,2815,2586.25,27,0,0,0,0,0,0,19,7,1
139.89,1,8487936,windows,0,2815,2586.25,27,0,0,0,0,0,0,19,7,1
139.985,0,8221696,windows,0,2815,2586.25,27,0,0,0,0,0,0,19,7,1
140.157,1,8502272,windows,0,2815,2586.25,27,0,0,0,0,0,0,19,7,1
140.24,0,8235008,windows,0,2815,2586.25,27,0,0,0,0,0,0,19,7,1
140.421,1,8516608,windows,0,2815,2586.25,27,0,0,0,0,0,0,19,7,1
140.507,0,8248320,windows,0,2815,2586.25,27,0,0,0,0,0,0,19,7,1
140.688,1,8530944,windows,0,2815,2586.25,27,0,0,0,0,0,0,19,7,1
140.768,0,8261632,windows,0,2815,2586.25,27,0,0,0,0,0,0,19,7,1
140.95,1,8545280,windows,0,2815,2586.25,27,0,0,0,0,0,0,19,7,1
141.019,0,8274944,windows,0,2815,2586.25,27,0,0,0,0,0,0,19,7,1
141.216,1,8559616,windows,0,2815,2586.25,27,0,0,0,0,0,0,19,7,1
141.285,0,8289280,windows,0,2815,2586.25,27,0,0,0,0,0,0,19,7,1
141.475,1,8572928,windows,0,2815,2586.25,27,0,0,0,0,0,0,19,7,1
141.547,0,8302592,windows,0,2815,2586.25,27,0,0,0,0,0,0,19,7,1
141.741,1,8587264,windows,0,2815,2586.25,27,0,0,0,0,0,0,19,7,1
141.816,0,8316928,windows,0,2815,2586.25,27,0,0,0,0,0,0,19,7,1
141.997,1,8601600,windows,0,2815,2586.25,27,0,0,0,0,0,0,19,7,1
142.077,0,8331264,windows,0,2815,2586.25,27,0,0,0,0,0,0,19,7,1
142.263,1,8613888,windows,0,2815,2586.25,27,0,0,0,0,0,0,19,7,1
142.341,0,8346624,windows,0,2815,2586.25,27,0,0,0,0,0,0,19,7,1
142.53,1,8629248,windows,0,2815,2586.25,27,0,0,0,0,0,0,19,7,1
142.599,0,8360960,windows,0,2815,2586.25,27,0,0,0,0,0,0,19,7,1
142.789,1,8643584,windows,0,2815,2586.25,27,0,0,0,0,0,0,19,7,1
142.865,0,8377344,windows,0,2815,2586.25,27,0,0,0,0,0,0,19,7,1
143.05,1,8657920,windows,0,2815,2586.25,27,0,0,0,0,0,0,19,7,1
143.118,0,8394752,windows,0,2815,2586.25,27,0,0,0,0,0,0,19,7,1
143.31,1,8672256,windows,0,2815,2586.25,27,0,0,0,0,0,0,19,7,1
143.381,0,8412160,windows,0,2815,2586.25,27,0,0,0,0,0,0,19,7,1
143.562,1,8685568,repair,0,2815,2586.25,27,0,0,0,0,0,0,19,7,1
143.645,0,8430592,windows,0,2815,2586.25,27,0,0,0,0,0,0,19,7,1
143.815,1,8699904,repair,0,2815,2586.25,27,0,0,0,0,0,0,19,7,1
143.903,0,8448000,windows,0,2815,2586.25,27,0,0,0,0,0,0,19,7,1
144.079,1,8715264,repair,0,2815,2586.25,27,0,0,0,0,0,0,19,7,1
144.163,0,8463360,windows,0,2815,2586.25,27,0,0,0,0,0,0,19,7,1
144.345,1,8730624,windows,0,2815,2586.25,27,0,0,0,0,0,0,19,7,1
144.432,0,8478720,windows,0,2815,2586.25,27,0,0,0,0,0,0,19,7,1
144.597,1,8743936,windows,0,2815,2586.25,27,0,0,0,0,0,0,19,7,1
144.687,0,8494080,windows,0,2815,2586.25,27,0,0,0,0,0,0,19,7,1
144.861,1,8758272,windows,0,2815,2586.25,27,0,0,0,0,0,0,19,7,1
144.945,0,8510464,windows,0,2815,2586.25,27,0,0,0,0,0,0,19,7,1
145.122,1,8771584,windows,0,2815,2586.25,27,0,0,0,0,0,0,19,7,1
145.211,0,8526848,windows,0,2815,2586.25,27,0,0,0,0,0,0,19,7,1
145.387,1,8784896,windows,0,2815,2586.25,27,0,0,0,0,0,0,19,7,1
145.463,0,8540160,repair,0,2815,2586.25,27,0,0,0,0,0,0,19,7,1
145.638,1,8798208,windows,0,2815,2586.25,27,0,0,0,0,0,0,19,7,1
145.714,0,8555520,repair,0,2815,2586.25,27,0,0,0,0,0,0,19,7,1
145.896,1,8812544,windows,0,2815,2586.25,27,0,0,0,0,0,0,19,7,1
145.965,0,8569856,repair,0,2815,2586.25,27,0,0,0,0,0,0,19,7,1
146.155,1,8826880,windows,0,2815,2586.25,27,0,0,0,0,0,0,19,7,1
146.23,0,8584192,windows,0,2815,2586.25,27,0,0,0,0,0,0,19,7,1
146.42,1,8840192,windows,0,2815,2586.25,27,0,0,0,0,0,0,19,7,1
146.48,0,8599552,windows,0,2815,2586.25,27,0,0,0,0,0,0,19,7,1
146.685,1,8853504,windows,0,2815,2586.25,27,0,0,0,0,0,0,19,7,1
146.738,0,8615936,windows,0,2815,2586.25,27,0,0,0,0,0,0,19,7,1
146.956,1,8867840,windows,0,2815,2586.25,27,0,0,0,0,0,0,19,7,1
147.007,0,8631296,windows,0,2815,2586.25,27,0,0,0,0,0,0,19,7,1
147.213,1,8882176,windows,0,2815,2586.25,27,0,0,0,0,0,0,19,7,1
147.267,0,8644608,windows,0,2815,2586.25,27,0,0,0,0,0,0,19,7,1
147.479,1,8893440,windows,0,2815,2586.25,27,0,0,0,0,0,0,19,7,1
147.529,0,8658944,windows,0,2815,2586.25,27,0,0,0,0,0,0,19,7,1
147.742,1,8906752,windows,0,2815,2586.25,27,0,0,0,0,0,0,19,7,1
147.786,0,8674304,windows,0,2815,2586.25,27,0,0,0,0,0,0,19,7,1
148.009,1,8920064,windows,0,2815,2586.25,27,0,0,0,0,0,0,19,7,1
148.036,0,8687616,windows,0,2815,2586.25,27,0,0,0,0,0,0,19,7,1
148.275,1,8934400,windows,0,2815,2586.25,27,0,0,0,0,0,0,19,7,1
148.304,0,8702976,windows,0,2815,2586.25,27,0,0,0,0,0,0,19,7,1
148.535,1,8947712,windows,0,2815,2586.25,27,0,0,0,0,0,0,19,7,1
148.564,0,8718336,windows,0,2815,2586.25,27,0,0,0,0,0,0,19,7,1
148.789,1,8961024,windows,0,2815,2586.25,27,0,0,0,0,0,0,19,7,1
148.819,0,8731648,windows,0,2815,2586.25,27,0,0,0,0,0,0,19,7,1
149.042,1,8973312,windows,0,2815,2586.25,27,0,0,0,0,0,0,19,7,1
149.086,0,8743936,windows,0,2815,2586.25,27,0,0,0,0,0,0,19,7,1
149.299,1,8986624,windows,0,2815,2586.25,27,0,0,0,0,0,0,19,7,1
149.355,0,8756224,windows,0,2815,2586.25,27,0,0,0,0,0,0,19,7,1
149.56,1,8999936,windows,0,2815,2586.25,27,0,0,0,0,0,0,19,7,1
149.607,0,8767488,windows,0,2815,2586.25,27,0,0,0,0,0,0,19,7,1
149.817,1,9014272,windows,0,2815,2586.25,27,0,0,0,0,0,0,19,7,1
149.873,0,8779776,windows,0,2815,2586.25,27,0,0,0,0,0,0,19,7,1
150.077,1,9028608,windows,0,2815,2586.25,27,0,0,0,0,0,0,19,7,1
150.124,0,8791040,windows,0,2815,2586.25,27,0,0,0,0,0,0,19,7,1
150.343,1,9044992,windows,0,2815,2586.25,27,0,0,0,0,0,0,19,7,1
150.382,0,8803328,windows,0,2815,2586.25,27,0,0,0,0,0,0,19,7,1
150.603,1,9060352,windows,0,2815,2586.25,27,0,0,0,0,0,0,19,7,1
150.636,0,8820736,windows,0,2815,2586.25,27,0,0,0,0,0,0,19,7,1
150.861,1,9074688,windows,0,2815,2586.25,27,0,0,0,0,0,0,19,7,1
150.893,0,8838144,windows,0,2815,2586.25,27,0,0,0,0,0,0,19,7,1
151.125,1,9089024,windows,0,2815,2586.25,27,0,0,0,0,0,0,19,7,1
151.155,0,8856576,windows,0,2815,2586.25,27,0,0,0,0,0,0,19,7,1
151.383,1,9103360,windows,0,2815,2586.25,27,0,0,0,0,0,0,19,7,1
151.418,0,8876032,windows,0,2815,2586.25,27,0,0,0,0,0,0,19,7,1
151.649,1,9116672,windows,0,2815,2586.25,27,0,0,0,0,0,0,19,7,1
151.682,0,8894464,windows,0,2815,2586.25,27,0,0,0,0,0,0,19,7,1
151.901,1,9129984,windows,0,2815,2586.25,27,0,0,0,0,0,0,19,7,1
151.944,0,8908800,windows,0,2815,2586.25,27,0,0,0,0,0,0,19,7,1
152.162,1,9144320,windows,0,2815,2586.25,27,0,0,0,0,0,0,19,7,1
152.202,0,8924160,windows,0,2815,2586.25,27,0,0,0,0,0,0,19,7,1
152.412,1,9157632,windows,0,2815,2586.25,27,0,0,0,0,0,0,19,7,1
152.458,0,8939520,windows,0,2815,2586.25,27,0,0,0,0,0,0,19,7,1
152.677,1,9171968,windows,0,2815,2586.25,27,0,0,0,0,0,0,19,7,1
152.717,0,8954880,windows,0,2815,2586.25,27,0,0,0,0,0,0,19,7,1
152.95,1,9186304,windows,0,2815,2586.25,27,0,0,0,0,0,0,19,7,1
152.973,0,8970240,windows,0,2815,2586.25,27,0,0,0,0,0,0,19,7,1
153.209,1,9200640,windows,0,2815,2586.25,27,0,0,0,0,0,0,19,7,1
153.227,0,8985600,windows,0,2815,2586.25,27,0,0,0,0,0,0,19,7,1
153.469,1,9214976,windows,0,2815,2586.25,27,0,0,0,0,0,0,19,7,1
153.484,0,9003008,windows,0,2815,2586.25,27,0,0,0,0,0,0,19,7,1
153.727,1,9229312,windows,0,2815,2586.25,27,0,0,0,0,0,0,19,7,1
153.739,0,9020416,windows,0,2815,2586.25,27,0,0,0,0,0,0,19,7,1
153.992,0,9037824,repair,0,2815,2586.25,27,0,0,0,0,0,0,19,7,1
153.994,1,9243648,windows,0,2815,2586.25,27,0,0,0,0,0,0,19,7,1
154.246,0,9056256,repair,0,2815,2586.25,27,0,0,0,0,0,0,19,7,1
154.249,1,9257984,windows,0,2815,2586.25,27,0,0,0,0,0,0,19,7,1
154.5,1,9271296,windows,0,2815,2586.25,27,0,0,0,0,0,0,19,7,1
154.511,0,9075712,windows,0,2815,2586.25,27,0,0,0,0,0,0,19,7,1
154.759,1,9285632,windows,0,2815,2586.25,27,0,0,0,0,0,0,19,7,1
154.772,0,9092096,windows,0,2815,2586.25,27,0,0,0,0,0,0,19,7,1
155.023,1,9298944,windows,0,2815,2586.25,27,0,0,0,0,0,0,19,7,1
155.026,0,9107456,windows,0,2815,2586.25,27,0,0,0,0,0,0,19,7,1
155.28,0,9123840,windows,0,2815,2586.25,27,0,0,0,0,0,0,19,7,1
155.291,1,9313280,windows,0,2815,2586.25,27,0,0,0,0,0,0,19,7,1
155.533,0,9139200,windows,0,2815,2586.25,27,0,0,0,0,0,0,19,7,1
155.545,1,9326592,windows,0,2815,2586.25,27,0,0,0,0,0,0,19,7,1
155.795,0,9156608,windows,0,2815,2586.25,27,0,0,0,0,0,0,19,7,1
155.802,1,9340928,windows,0,2815,2586.25,27,0,0,0,0,0,0,19,7,1
156.053,0,9174016,windows,0,2815,2586.25,27,0,0,0,0,0,0,19,7,1
156.056,1,9354240,repair,0,2815,2586.25,27,0,0,0,0,0,0,19,7,1
156.308,1,9368576,repair,0,2815,2586.25,27,0,0,0,0,0,0,19,7,1
156.312,0,9191424,windows,0,2815,2586.25,27,0,0,0,0,0,0,19,7,1
156.571,1,9383936,repair,0,2815,2586.25,27,0,0,0,0,0,0,19,7,1
156.575,0,9206784,windows,0,2815,2586.25,27,0,0,0,0,0,0,19,7,1
156.832,0,9222144,windows,0,2815,2586.25,27,0,0,0,0,0,0,19,7,1
156.839,1,9399296,windows,0,2815,2586.25,27,0,0,0,0,0,0,19,7,1
157.094,0,9237504,windows,0,2815,2586.25,27,0,0,0,0,0,0,19,7,1
157.095,1,9412608,windows,0,2815,2586.25,27,0,0,0,0,0,0,19,7,1
157.351,1,9425920,windows,0,2815,2586.25,27,0,0,0,0,0,0,19,7,1
157.363,0,9253888,windows,0,2815,2586.25,27,0,0,0,0,0,0,19,7,1
157.604,1,9439232,windows,0,2815,2586.25,27,0,0,0,0,0,0,19,7,1
157.623,0,9269248,windows,0,2815,2586.25,27,0,0,0,0,0,0,19,7,1
157.863,1,9452544,windows,0,2815,2586.25,27,0,0,0,0,0,0,19,7,1
157.887,0,9285632,windows,0,2815,2586.25,27,0,0,0,0,0,0,19,7,1
158.118,1,9464832,windows,0,2815,2586.25,27,0,0,0,0,0,0,19,7,1
158.152,0,9302016,windows,0,2815,2586.25,27,0,0,0,0,0,0,19,7,1
158.37,1,9477120,windows,0,2815,2586.25,27,0,0,0,0,0,0,19,7,1
158.415,0,9318400,windows,0,2815,2586.25,27,0,0,0,0,0,0,19,7,1
158.638,1,9491456,windows,0,2815,2586.25,27,0,0,0,0,0,0,19,7,1
158.671,0,9334784,windows,0,2815,2586.25,27,0,0,0,0,0,0,19,7,1
158.906,1,9504768,windows,0,2815,2586.25,27,0,0,0,0,0,0,19,7,1
158.923,0,9350144,windows,0,2815,2586.25,27,0,0,0,0,0,0,19,7,1
159.157,1,9518080,windows,0,2815,2586.25,27,0,0,0,0,0,0,19,7,1
159.18,0,9365504,windows,0,2815,2586.25,27,0,0,0,0,0,0,19,7,1
159.414,1,9530368,windows,0,2815,2586.25,27,0,0,0,0,0,0,19,7,1
159.446,0,9382912,windows,0,2815,2586.25,27,0,0,0,0,0,0,19,7,1
159.677,1,9542656,windows,0,2815,2586.25,27,0,0,0,0,0,0,19,7,1
159.701,0,9399296,windows,0,2815,2586.25,27,0,0,0,0,0,0,19,7,1
159.935,1,9554944,windows,0,2815,2586.25,27,0,0,0,0,0,0,19,7,1
159.967,0,9415680,windows,0,2815,2586.25,27,0,0,0,0,0,0,19,7,1
160.202,1,9568256,windows,0,2815,2586.25,27,0,0,0,0,0,0,19,7,1
160.224,0,9432064,windows,0,2815,2586.25,27,0,0,0,0,0,0,19,7,1
160.464,1,9581568,repair,0,2815,2586.25,27,0,0,0,0,0,0,19,7,1
160.474,0,9447424,repair,0,2815,2586.25,27,0,0,0,0,0,0,19,7,1
160.721,1,9595904,repair,0,2815,2586.25,27,0,0,0,0,0,0,19,7,1
160.728,0,9465856,repair,0,2815,2586.25,27,0,0,0,0,0,0,19,7,1
160.976,1,9609216,windows,0,2815,2586.25,27,0,0,0,0,0,0,19,7,1
160.983,0,9483264,windows,0,2815,2586.25,27,0,0,0,0,0,0,19,7,1
161.233,1,9623552,windows,0,2815,2586.25,27,0,0,0,0,0,0,19,7,1
161.247,0,9499648,windows,0,2815,2586.25,27,0,0,0,0,0,0,19,7,1
161.493,1,9637888,windows,0,2815,2586.25,27,0,0,0,0,0,0,19,7,1
161.507,0,9516032,windows,0,2815,2586.25,27,0,0,0,0,0,0,19,7,1
161.751,1,9652224,windows,0,2815,2586.25,27,0,0,0,0,0,0,19,7,1
161.772,0,9533440,windows,0,2815,2586.25,27,0,0,0,0,0,0,19,7,1
162.019,1,9666560,windows,0,2815,2586.25,27,0,0,0,0,0,0,19,7,1
162.032,0,9549824,windows,0,2815,2586.25,27,0,0,0,0,0,0,19,7,1
162.276,1,9679872,windows,0,2815,2586.25,27,0,0,0,0,0,0,19,7,1
162.296,0,9567232,windows,0,2815,2586.25,27,0,0,0,0,0,0,19,7,1
162.531,1,9693184,windows,0,2815,2586.25,27,0,0,0,0,0,0,19,7,1
162.555,0,9584640,windows,0,2815,2586.25,27,0,0,0,0,0,0,19,7,1
162.797,1,9707520,windows,0,2815,2586.25,27,0,0,0,0,0,0,19,7,1
162.815,0,9602048,windows,0,2815,2586.25,27,0,0,0,0,0,0,19,7,1
163.048,1,9720832,windows,0,2815,2586.25,27,0,0,0,0,0,0,19,7,1
163.07,0,9617408,windows,0,2815,2586.25,27,0,0,0,0,0,0,19,7,1
163.312,1,9735168,windows,0,2815,2586.25,27,0,0,0,0,0,0,19,7,1
163.331,0,9633792,windows,0,2815,2586.25,27,0,0,0,0,0,0,19,7,1
163.562,1,9747456,windows,0,2815,2586.25,27,0,0,0,0,0,0,19,7,1
163.588,0,9649152,windows,0,2815,2586.25,27,0,0,0,0,0,0,19,7,1
163.829,1,9760768,windows,0,2815,2586.25,27,0,0,0,0,0,0,19,7,1
163.853,0,9666560,windows,0,2815,2586.25,27,0,0,0,0,0,0,19,7,1
164.085,1,9774080,windows,0,2815,2586.25,27,0,0,0,0,0,0,19,7,1
164.108,0,9682944,windows,0,2815,2586.25,27,0,0,0,0,0,0,19,7,1
164.339,1,9787392,windows,0,2815,2586.25,27,0,0,0,0,0,0,19,7,1
164.373,0,9700352,windows,0,2815,2586.25,27,0,0,0,0,0,0,19,7,1
164.596,1,9800704,windows,0,2815,2586.25,27,0,0,0,0,0,0,19,7,1
164.624,0,9715712,windows,0,2815,2586.25,27,0,0,0,0,0,0,19,7,1
164.853,1,9814016,windows,0,2815,2586.25,27,0,0,0,0,0,0,19,7,1
164.879,0,9731072,windows,0,2815,2586.25,27,0,0,0,0,0,0,19,7,1
165.105,1,9827328,windows,0,2815,2586.25,27,0,0,0,0,0,0,19,7,1
165.129,0,9747456,windows,0,2815,2586.25,27,0,0,0,0,0,0,19,7,1
165.357,1,9840640,windows,0,2815,2586.25,27,0,0,0,0,0,0,19,7,1
165.385,0,9764864,windows,0,2815,2586.25,27,0,0,0,0,0,0,19,7,1
165.611,1,9853952,windows,0,2815,2586.25,27,0,0,0,0,0,0,19,7,1
165.644,0,9782272,windows,0,2815,2586.25,27,0,0,0,0,0,0,19,7,1
165.871,1,9868288,windows,0,2815,2586.25,27,0,0,0,0,0,0,19,7,1
165.906,0,9799680,windows,0,2815,2586.25,27,0,0,0,0,0,0,19,7,1
166.132,1,9882624,windows,0,2815,2586.25,27,0,0,0,0,0,0,19,7,1
166.172,0,9817088,windows,0,2815,2586.25,27,0,0,0,0,0,0,19,7,1
166.399,1,9896960,windows,0,2815,2586.25,27,0,0,0,0,0,0,19,7,1
166.434,0,9831424,windows,0,2815,2586.25,27,0,0,0,0,0,0,19,7,1
166.654,1,9911296,windows,0,2815,2586.25,27,0,0,0,0,0,0,19,7,1
166.696,0,9845760,repair,0,2815,2586.25,27,0,0,0,0,0,0,19,7,1
166.917,1,9925632,windows,0,2815,2586.25,27,0,0,0,0,0,0,19,7,1
166.968,0,9860096,repair,0,2815,2586.25,27,0,0,0,0,0,0,19,7,1
167.18,1,9939968,windows,0,2815,2586.25,27,0,0,0,0,0,0,19,7,1
167.227,0,9875456,windows,0,2815,2586.25,27,0,0,0,0,0,0,19,7,1
167.432,1,9954304,windows,0,2815,2586.25,27,0,0,0,0,0,0,19,7,1
167.494,0,9890816,windows,0,2815,2586.25,27,0,0,0,0,0,0,19,7,1
167.691,1,9968640,windows,0,2815,2586.25,27,0,0,0,0,0,0,19,7,1
167.751,0,9905152,windows,0,2815,2586.25,27,0,0,0,0,0,0,19,7,1
167.945,1,9982976,windows,0,2815,2586.25,27,0,0,0,0,0,0,19,7,1
168.017,0,9919488,windows,0,2815,2586.25,27,0,0,0,0,0,0,19,7,1
168.201,1,9997312,windows,0,2815,2586.25,27,0,0,0,0,0,0,19,7,1
168.283,0,9933824,windows,0,2815,2586.25,27,0,0,0,0,0,0,19,7,1
168.462,1,10012672,windows,0,2815,2586.25,27,0,0,0,0,0,0,19,7,1
168.547,0,9948160,windows,0,2815,2586.25,27,0,0,0,0,0,0,19,7,1
168.713,1,10027008,windows,0,2815,2586.25,27,0,0,0,0,0,0,19,7,1
168.806,0,9961472,windows,0,2815,2586.25,27,0,0,0,0,0,0,19,7,1
168.976,1,10041344,windows,0,2815,2586.25,27,0,0,0,0,0,0,19,7,1
169.057,0,9974784,windows,0,2815,2586.25,27,0,0,0,0,0,0,19,7,1
169.23,1,10055680,windows,0,2815,2586.25,27,0,0,0,0,0,0,19,7,1
169.323,0,9989120,windows,0,2815,2586.25,27,0,0,0,0,0,0,19,7,1
169.489,1,10070016,windows,0,2815,2586.25,27,0,0,0,0,0,0,19,7,1
169.59,0,10003456,windows,0,2815,2586.25,27,0,0,0,0,0,0,19,7,1
169.749,1,10084352,repair,0,2815,2586.25,27,0,0,0,0,0,0,19,7,1
169.856,0,10017792,windows,0,2815,2586.25,27,0,0,0,0,0,0,19,7,1
170.015,1,10099712,repair,0,2815,2586.25,27,0,0,0,0,0,0,19,7,1
170.124,0,10032128,windows,0,2815,2586.25,27,0,0,0,0,0,0,19,7,1
170.284,1,10113024,windows,0,2815,2586.25,27,0,0,0,0,0,0,19,7,1
170.375,0,10046464,windows,0,2815,2586.25,27,0,0,0,0,0,0,19,7,1
170.537,1,10127360,windows,0,2815,2586.25,27,0,0,0,0,0,0,19,7,1
170.631,0,10062848,windows,0,2815,2586.25,27,0,0,0,0,0,0,19,7,1
170.795,1,10141696,windows,0,2815,2586.25,27,0,0,0,0,0,0,19,7,1
170.897,0,10080256,windows,0,2815,2586.25,27,0,0,0,0,0,0,19,7,1
171.053,1,10158080,windows,0,2815,2586.25,27,0,0,0,0,0,0,19,7,1
171.166,0,10095616,windows,0,2815,2586.25,27,0,0,0,0,0,0,19,7,1
171.307,1,10175488,windows,0,2815,2586.25,27,0,0,0,0,0,0,19,7,1
171.425,0,10109952,windows,0,2815,2586.25,27,0,0,0,0,0,0,19,7,1
171.569,1,10192896,windows,0,2815,2586.25,27,0,0,0,0,0,0,19,7,1
171.691,0,10124288,windows,0,2815,2586.25,27,0,0,0,0,0,0,19,7,1
171.832,1,10210304,windows,0,2815,2586.25,27,0,0,0,0,0,0,19,7,1
171.946,0,10138624,windows,0,2815,2586.25,27,0,0,0,0,0,0,19,7,1
172.089,1,10225664,windows,0,2815,2586.25,27,0,0,0,0,0,0,19,7,1
172.196,0,10152960,windows,0,2815,2586.25,27,0,0,0,0,0,0,19,7,1
172.353,1,10243072,windows,0,2815,2586.25,27,0,0,0,0,0,0,19,7,1
172.452,0,10169344,windows,0,2815,2586.25,27,0,0,0,0,0,0,19,7,1
172.607,1,10259456,windows,0,2815,2586.25,27,0,0,0,0,0,0,19,7,1
172.719,0,10183680,windows,0,2815,2586.25,27,0,0,0,0,0,0,19,7,1
172.865,1,10276864,windows,0,2815,2586.25,27,0,0,0,0,0,0,19,7,1
172.982,0,10198016,windows,0,2815,2586.25,27,0,0,0,0,0,0,19,7,1
173.127,1,10294272,windows,0,2815,2586.25,27,0,0,0,0,0,0,19,7,1
173.248,0,10213376,windows,0,2815,2586.25,27,0,0,0,0,0,0,19,7,1
173.388,1,10311680,windows,0,2815,2586.25,27,0,0,0,0,0,0,19,7,1
173.501,0,10228736,windows,0,2815,2586.25,27,0,0,0,0,0,0,19,7,1
173.653,1,10327040,windows,0,2815,2586.25,27,0,0,0,0,0,0,19,7,1
173.76,0,10244096,windows,0,2815,2586.25,27,0,0,0,0,0,0,19,7,1
173.916,1,10342400,windows,0,2815,2586.25,27,0,0,0,0,0,0,19,7,1
174.021,0,10259456,windows,0,2815,2586.25,27,0,0,0,0,0,0,19,7,1
174.183,1,10357760,windows,0,2815,2586.25,27,0,0,0,0,0,0,19,7,1
174.271,0,10274816,windows,0,2815,2586.25,27,0,0,0,0,0,0,19,7,1
174.434,1,10373120,windows,0,2815,2586.25,27,0,0,0,0,0,0,19,7,1
174.522,0,10291200,windows,0,2815,2586.25,27,0,0,0,0,0,0,19,7,1
174.69,1,10388480,windows,0,2815,2586.25,27,0,0,0,0,0,0,19,7,1
174.778,0,10306560,windows,0,2815,2586.25,27,0,0,0,0,0,0,19,7,1
174.943,1,10403840,repair,0,2815,2586.25,27,0,0,0,0,0,0,19,7,1
175.035,0,10321920,windows,0,2815,2586.25,27,0,0,0,0,0,0,19,7,1
175.198,1,10421248,repair,0,2815,2586.25,27,0,0,0,0,0,0,19,7,1
175.292,0,10337280,windows,0,2815,2586.25,27,0,0,0,0,0,0,19,7,1
175.452,1,10439680,windows,0,2815,2586.25,27,0,0,0,0,0,0,19,7,1
175.543,0,10352640,windows,0,2815,2586.25,27,0,0,0,0,0,0,19,7,1
175.704,1,10457088,windows,0,2815,2586.25,27,0,0,0,0,0,0,19,7,1
175.795,0,10368000,repair,0,2815,2586.25,27,0,0,0,0,0,0,19,7,1
175.959,1,10474496,windows,0,2815,2586.25,27,0,0,0,0,0,0,19,7,1
176.048,0,10383360,repair,0,2815,2586.25,27,0,0,0,0,0,0,19,7,1
176.221,1,10490880,windows,0,2815,2586.25,27,0,0,0,0,0,0,19,7,1
176.311,0,10401792,windows,0,2815,2586.25,27,0,0,0,0,0,0,19,7,1
176.48,1,10507264,windows,0,2815,2586.25,27,0,0,0,0,0,0,19,7,1
176.571,0,10420224,windows,0,2815,2586.25,27,0,0,0,0,0,0,19,7,1
176.737,1,10524672,windows,0,2815,2586.25,27,0,0,0,0,0,0,19,7,1
176.828,0,10437632,windows,0,2815,2586.25,27,0,0,0,0,0,0,19,7,1
176.996,1,10542080,windows,0,2815,2586.25,27,0,0,0,0,0,0,19,7,1
177.08,0,10455040,windows,0,2815,2586.25,27,0,0,0,0,0,0,19,7,1
177.246,1,10559488,windows,0,2815,2586.25,27,0,0,0,0,0,0,19,7,1
177.344,0,10472448,windows,0,2815,2586.25,27,0,0,0,0,0,0,19,7,1
177.504,1,10574848,windows,0,2815,2586.25,27,0,0,0,0,0,0,19,7,1
177.599,0,10487808,windows,0,2815,2586.25,27,0,0,0,0,0,0,19,7,1
177.761,1,10589184,windows,0,2815,2586.25,27,0,0,0,0,0,0,19,7,1
177.857,0,10503168,windows,0,2815,2586.25,27,0,0,0,0,0,0,19,7,1
178.023,1,10604544,windows,0,2815,2586.25,27,0,0,0,0,0,0,19,7,1
178.123,0,10519552,windows,0,2815,2586.25,27,0,0,0,0,0,0,19,7,1
178.294,1,10619904,windows,0,2815,2586.25,27,0,0,0,0,0,0,19,7,1
178.38,0,10534912,windows,0,2815,2586.25,27,0,0,0,0,0,0,19,7,1
178.56,1,10634240,windows,0,2815,2586.25,27,0,0,0,0,0,0,19,7,1
178.637,0,10549248,windows,0,2815,2586.25,27,0,0,0,0,0,0,19,7,1
178.822,1,10648576,windows,0,2815,2586.25,27,0,0,0,0,0,0,19,7,1
178.904,0,10564608,windows,0,2815,2586.25,27,0,0,0,0,0,0,19,7,1
179.082,1,10662912,windows,0,2815,2586.25,27,0,0,0,0,0,0,19,7,1
179.169,0,10578944,windows,0,2815,2586.25,27,0,0,0,0,0,0,19,7,1
179.35,1,10677248,windows,0,2815,2586.25,27,0,0,0,0,0,0,19,7,1
179.431,0,10593280,windows,0,2815,2586.25,27,0,0,0,0,0,0,19,7,1
179.606,1,10691584,windows,0,2815,2586.25,27,0,0,0,0,0,0,19,7,1
179.702,0,10607616,windows,0,2815,2586.25,27,0,0,0,0,0,0,19,7,1
179.864,1,10705920,repair,0,2815,2586.25,27,0,0,0,0,0,0,19,7,1
179.964,0,10620928,windows,0,2815,2586.25,27,0,0,0,0,0,0,19,7,1
180.123,1,10722304,repair,0,2815,2586.25,27,0,0,0,0,0,0,19,7,1
180.216,0,10634240,windows,0,2815,2586.25,27,0,0,0,0,0,0,19,7,1
180.378,1,10737664,windows,0,2815,2586.25,27,0,0,0,0,0,0,19,7,1
180.47,0,10647552,windows,0,2815,2586.25,27,0,0,0,0,0,0,19,7,1
180.634,1,10752000,windows,0,2815,2586.25,27,0,0,0,0,0,0,19,7,1
180.731,0,10660864,windows,0,2815,2586.25,27,0,0,0,0,0,0,19,7,1
180.903,1,10767360,windows,0,2815,2586.25,27,0,0,0,0,0,0,19,7,1
180.988,0,10673152,windows,0,2815,2586.25,27,0,0,0,0,0,0,19,7,1
181.159,1,10781696,windows,0,2815,2586.25,27,0,0,0,0,0,0,19,7,1
181.252,0,10687488,windows,0,2815,2586.25,27,0,0,0,0,0,0,19,7,1
181.427,1,10797056,windows,0,2815,2586.25,27,0,0,0,0,0,0,19,7,1
181.516,0,10702848,windows,0,2815,2586.25,27,0,0,0,0,0,0,19,7,1
181.682,1,10812416,windows,0,2815,2586.25,27,0,0,0,0,0,0,19,7,1
181.774,0,10718208,windows,0,2815,2586.25,27,0,0,0,0,0,0,19,7,1
181.932,1,10826752,windows,0,2815,2586.25,27,0,0,0,0,0,0,19,7,1
182.029,0,10732544,windows,0,2815,2586.25,27,0,0,0,0,0,0,19,7,1
182.186,1,10841088,windows,0,2815,2586.25,27,0,0,0,0,0,0,19,7,1
182.291,0,10747904,windows,0,2815,2586.25,27,0,0,0,0,0,0,19,7,1
182.442,1,10855424,windows,0,2815,2586.25,27,0,0,0,0,0,0,19,7,1
182.543,0,10762240,windows,0,2815,2586.25,27,0,0,0,0,0,0,19,7,1
182.704,1,10870784,windows,0,2815,2586.25,27,0,0,0,0,0,0,19,7,1
182.804,0,10776576,windows,0,2815,2586.25,27,0,0,0,0,0,0,19,7,1
182.956,1,10885120,windows,0,2815,2586.25,27,0,0,0,0,0,0,19,7,1
183.058,0,10790912,windows,0,2815,2586.25,27,0,0,0,0,0,0,19,7,1
183.21,1,10898432,windows,0,2815,2586.25,27,0,0,0,0,0,0,19,7,1
183.308,0,10805248,windows,0,2815,2586.25,27,0,0,0,0,0,0,19,7,1
183.463,1,10911744,windows,0,2815,2586.25,27,0,0,0,0,0,0,19,7,1
183.567,0,10819584,windows,0,2815,2586.25,27,0,0,0,0,0,0,19,7,1
183.72,1,10926080,windows,0,2815,2586.25,27,0,0,0,0,0,0,19,7,1
183.822,0,10833920,windows,0,2815,2586.25,27,0,0,0,0,0,0,19,7,1
183.979,1,10941440,repair,0,2815,2586.25,27,0,0,0,0,0,0,19,7,1
184.083,0,10849280,windows,0,2815,2586.25,27,0,0,0,0,0,0,19,7,1
184.233,1,10955776,repair,0,2815,2586.25,27,0,0,0,0,0,0,19,7,1
184.343,0,10862592,repair,0,2815,2586.25,27,0,0,0,0,0,0,19,7,1
184.484,1,10971136,repair,0,2815,2586.25,27,0,0,0,0,0,0,19,7,1
184.606,0,10876928,repair,0,2815,2586.25,27,0,0,0,0,0,0,19,7,1
184.741,1,10985472,windows,0,2815,2586.25,27,0,0,0,0,0,0,19,7,1
184.871,0,10891264,windows,0,2815,2586.25,27,0,0,0,0,0,0,19,7,1
185.004,1,10999808,windows,0,2815,2586.25,27,0,0,0,0,0,0,19,7,1
185.127,0,10905600,windows,0,2815,2586.25,27,0,0,0,0,0,0,19,7,1
185.259,1,11014144,windows,0,2815,2586.25,27,0,0,0,0,0,0,19,7,1
185.394,0,10919936,windows,0,2815,2586.25,27,0,0,0,0,0,0,19,7,1
185.512,1,11027456,windows,0,2815,2586.25,27,0,0,0,0,0,0,19,7,1
185.65,0,10934272,windows,0,2815,2586.25,27,0,0,0,0,0,0,19,7,1
185.763,1,11040768,windows,0,2815,2586.25,27,0,0,0,0,0,0,19,7,1
185.906,0,10949632,windows,0,2815,2586.25,27,0,0,0,0,0,0,19,7,1
186.03,1,11055104,windows,0,2815,2586.25,27,0,0,0,0,0,0,19,7,1
186.165,0,10966016,windows,0,2815,2586.25,27,0,0,0,0,0,0,19,7,1
186.282,1,11069440,windows,0,2815,2586.25,27,0,0,0,0,0,0,19,7,1
186.426,0,10982400,windows,0,2815,2586.25,27,0,0,0,0,0,0,19,7,1
186.544,1,11083776,windows,0,2815,2586.25,27,0,0,0,0,0,0,19,7,1
186.684,0,10997760,windows,0,2815,2586.25,27,0,0,0,0,0,0,19,7,1
186.806,1,11098112,windows,0,2815,2586.25,27,0,0,0,0,0,0,19,7,1
186.937,0,11011072,windows,0,2815,2586.25,27,0,0,0,0,0,0,19,7,1
187.062,1,11110400,windows,0,2815,2586.25,27,0,0,0,0,0,0,19,7,1
187.191,0,11023360,windows,0,2815,2586.25,27,0,0,0,0,0,0,19,7,1
187.326,1,11123712,windows,0,2815,2586.25,27,0,0,0,0,0,0,19,7,1
187.455,0,11037696,windows,0,2815,2586.25,27,0,0,0,0,0,0,19,7,1
187.577,1,11137024,windows,0,2815,2586.25,27,0,0,0,0,0,0,19,7,1
187.712,0,11051008,windows,0,2815,2586.25,27,0,0,0,0,0,0,19,7,1
187.841,1,11150336,windows,0,2815,2586.25,27,0,0,0,0,0,0,19,7,1
187.966,0,11064320,windows,0,2815,2586.25,27,0,0,0,0,0,0,19,7,1
188.096,1,11163648,windows,0,2815,2586.25,27,0,0,0,0,0,0,19,7,1
188.237,0,11078656,windows,0,2815,2586.25,27,0,0,0,0,0,0,19,7,1
188.353,1,11176960,windows,0,2815,2586.25,27,0,0,0,0,0,0,19,7,1
188.495,0,11092992,windows,0,2815,2586.25,27,0,0,0,0,0,0,19,7,1
188.619,1,11191296,windows,0,2815,2586.25,27,0,0,0,0,0,0,19,7,1
188.762,0,11108352,windows,0,2815,2586.25,27,0,0,0,0,0,0,19,7,1
188.873,1,11204608,windows,0,2815,2586.25,27,0,0,0,0,0,0,19,7,1
189.016,0,11122688,windows,0,2815,2586.25,27,0,0,0,0,0,0,19,7,1
189.133,1,11217920,windows,0,2815,2586.25,27,0,0,0,0,0,0,19,7,1
189.277,0,11137024,windows,0,2815,2586.25,27,0,0,0,0,0,0,19,7,1
189.388,1,11231232,windows,0,2815,2586.25,27,0,0,0,0,0,0,19,7,1
189.539,0,11153408,windows,0,2815,2586.25,27,0,0,0,0,0,0,19,7,1
189.639,1,11245568,windows,0,2815,2586.25,27,0,0,0,0,0,0,19,7,1
189.797,0,11169792,windows,0,2815,2586.25,27,0,0,0,0,0,0,19,7,1
189.897,1,11259904,windows,0,2815,2586.25,27,0,0,0,0,0,0,19,7,1
190.061,0,11185152,windows,0,2815,2586.25,27,0,0,0,0,0,0,19,7,1
190.155,1,11275264,windows,0,2815,2586.25,27,0,0,0,0,0,0,19,7,1
190.32,0,11199488,windows,0,2815,2586.25,27,0,0,0,0,0,0,19,7,1
190.413,1,11290624,repair,0,2815,2586.25,27,0,0,0,0,0,0,19,7,1
190.574,0,11213824,windows,0,2815,2586.25,27,0,0,0,0,0,0,19,7,1
190.667,1,11305984,repair,0,2815,2586.25,27,0,0,0,0,0,0,19,7,1
190.837,0,11228160,windows,0,2815,2586.25,27,0,0,0,0,0,0,19,7,1
190.927,1,11321344,repair,0,2815,2586.25,27,0,0,0,0,0,0,19,7,1
191.094,0,11241472,windows,0,2815,2586.25,27,0,0,0,0,0,0,19,7,1
191.193,1,11335680,windows,0,2815,2586.25,27,0,0,0,0,0,0,19,7,1
191.349,0,11255808,windows,0,2815,2586.25,27,0,0,0,0,0,0,19,7,1
191.458,1,11350016,windows,0,2815,2586.25,27,0,0,0,0,0,0,19,7,1
191.614,0,11270144,windows,0,2815,2586.25,27,0,0,0,0,0,0,19,7,1
191.726,1,11365376,windows,0,2815,2586.25,27,0,0,0,0,0,0,19,7,1
191.864,0,11283456,repair,0,2815,2586.25,27,0,0,0,0,0,0,19,7,1
191.992,1,11379712,windows,0,2815,2586.25,27,0,0,0,0,0,0,19,7,1
192.118,0,11296768,repair,0,2815,2586.25,27,0,0,0,0,0,0,19,7,1
192.253,1,11394048,windows,0,2815,2586.25,27,0,0,0,0,0,0,19,7,1
192.384,0,11311104,windows,0,2815,2586.25,27,0,0,0,0,0,0,19,7,1
192.508,1,11407360,windows,0,2815,2586.25,27,0,0,0,0,0,0,19,7,1
192.646,0,11324416,windows,0,2815,2586.25,27,0,0,0,0,0,0,19,7,1
192.76,1,11420672,windows,0,2815,2586.25,27,0,0,0,0,0,0,19,7,1
192.908,0,11339776,windows,0,2815,2586.25,27,0,0,0,0,0,0,19,7,1
193.015,1,11433984,windows,0,2815,2586.25,27,0,0,0,0,0,0,19,7,1
193.159,0,11354112,windows,0,2815,2586.25,27,0,0,0,0,0,0,19,7,1
193.271,1,11448320,windows,0,2815,2586.25,27,0,0,0,0,0,0,19,7,1
193.421,0,11368448,windows,0,2815,2586.25,27,0,0,0,0,0,0,19,7,1
193.521,1,11461632,windows,0,2815,2586.25,27,0,0,0,0,0,0,19,7,1
193.693,0,11380736,windows,0,2815,2586.25,27,0,0,0,0,0,0,19,7,1
193.783,1,11474944,windows,0,2815,2586.25,27,0,0,0,0,0,0,19,7,1
193.95,0,11394048,windows,0,2815,2586.25,27,0,0,0,0,0,0,19,7,1
194.036,1,11488256,windows,0,2815,2586.25,27,0,0,0,0,0,0,19,7,1
194.205,0,11407360,windows,0,2815,2586.25,27,0,0,0,0,0,0,19,7,1
194.301,1,11502592,windows,0,2815,2586.25,27,0,0,0,0,0,0,19,7,1
194.459,0,11421696,windows,0,2815,2586.25,27,0,0,0,0,0,0,19,7,1
194.552,1,11515904,windows,0,2815,2586.25,27,0,0,0,0,0,0,19,7,1
194.713,0,11435008,windows,0,2815,2586.25,27,0,0,0,0,0,0,19,7,1
194.821,1,11530240,windows,0,2815,2586.25,27,0,0,0,0,0,0,19,7,1
194.984,0,11449344,windows,0,2815,2586.25,27,0,0,0,0,0,0,19,7,1
195.074,1,11543552,windows,0,2815,2586.25,27,0,0,0,0,0,0,19,7,1
195.25,0,11464704,windows,0,2815,2586.25,27,0,0,0,0,0,0,19,7,1
195.324,1,11556864,windows,0,2815,2586.25,27,0,0,0,0,0,0,19,7,1
195.513,0,11479040,windows,0,2815,2586.25,27,0,0,0,0,0,0,19,7,1
195.59,1,11571200,windows,0,2815,2586.25,27,0,0,0,0,0,0,19,7,1
195.777,0,11493376,windows,0,2815,2586.25,27,0,0,0,0,0,0,19,7,1
195.843,1,11585536,windows,0,2815,2586.25,27,0,0,0,0,0,0,19,7,1
196.034,0,11507712,windows,0,2815,2586.25,27,0,0,0,0,0,0,19,7,1
196.102,1,11599872,windows,0,2815,2586.25,27,0,0,0,0,0,0,19,7,1
196.302,0,11523072,windows,0,2815,2586.25,27,0,0,0,0,0,0,19,7,1
196.366,1,11615232,windows,0,2815,2586.25,27,0,0,0,0,0,0,19,7,1
196.553,0,11536384,windows,0,2815,2586.25,27,0,0,0,0,0,0,19,7,1
196.628,1,11629568,windows,0,2815,2586.25,27,0,0,0,0,0,0,19,7,1
196.817,0,11550720,windows,0,2815,2586.25,27,0,0,0,0,0,0,19,7,1
196.883,1,11643904,windows,0,2815,2586.25,27,0,0,0,0,0,0,19,7,1
197.076,0,11565056,windows,0,2815,2586.25,27,0,0,0,0,0,0,19,7,1
197.14,1,11658240,windows,0,2815,2586.25,27,0,0,0,0,0,0,19,7,1
197.341,0,11579392,windows,0,2815,2586.25,27,0,0,0,0,0,0,19,7,1
197.4,1,11673600,repair,0,2815,2586.25,27,0,0,0,0,0,0,19,7,1
197.609,0,11593728,repair,0,2815,2586.25,27,0,0,0,0,0,0,19,7,1
197.66,1,11688960,repair,0,2815,2586.25,27,0,0,0,0,0,0,19,7,1
197.874,0,11608064,repair,0,2815,2586.25,27,0,0,0,0,0,0,19,7,1
197.926,1,11703296,windows,0,2815,2586.25,27,0,0,0,0,0,0,19,7,1
198.138,0,11623424,repair,0,2815,2586.25,27,0,0,0,0,0,0,19,7,1
198.18,1,11716608,windows,0,2815,2586.25,27,0,0,0,0,0,0,19,7,1
198.393,0,11638784,windows,0,2815,2586.25,27,0,0,0,0,0,0,19,7,1
198.436,1,11730944,windows,0,2815,2586.25,27,0,0,0,0,0,0,19,7,1
198.645,0,11652096,windows,0,2815,2586.25,27,0,0,0,0,0,0,19,7,1
198.703,1,11745280,windows,0,2815,2586.25,27,0,0,0,0,0,0,19,7,1
198.897,0,11665408,windows,0,2815,2586.25,27,0,0,0,0,0,0,19,7,1
198.967,1,11758592,windows,0,2815,2586.25,27,0,0,0,0,0,0,19,7,1
199.162,0,11679744,windows,0,2815,2586.25,27,0,0,0,0,0,0,19,7,1
199.235,1,11772928,windows,0,2815,2586.25,27,0,0,0,0,0,0,19,7,1
199.432,0,11694080,windows,0,2815,2586.25,27,0,0,0,0,0,0,19,7,1
199.5,1,11787264,windows,0,2815,2586.25,27,0,0,0,0,0,0,19,7,1
199.695,0,11707392,windows,0,2815,2586.25,27,0,0,0,0,0,0,19,7,1
199.762,1,11801600,windows,0,2815,2586.25,27,0,0,0,0,0,0,19,7,1
199.958,0,11720704,windows,0,2815,2586.25,27,0,0,0,0,0,0,19,7,1
200.031,1,11815936,windows,0,2815,2586.25,27,0,0,0,0,0,0,19,7,1
200.208,0,11734016,windows,0,2815,2586.25,27,0,0,0,0,0,0,19,7,1
200.286,1,11830272,windows,0,2815,2586.25,27,0,0,0,0,0,0,19,7,1
200.477,0,11748352,windows,0,2815,2586.25,27,0,0,0,0,0,0,19,7,1
200.541,1,11843584,windows,0,2815,2586.25,27,0,0,0,0,0,0,19,7,1
200.729,0,11761664,windows,0,2815,2586.25,27,0,0,0,0,0,0,19,7,1
200.792,1,11856896,windows,0,2815,2586.25,27,0,0,0,0,0,0,19,7,1
200.994,0,11774976,windows,0,2815,2586.25,27,0,0,0,0,0,0,19,7,1
201.052,1,11871232,windows,0,2815,2586.25,27,0,0,0,0,0,0,19,7,1
201.265,0,11789312,windows,0,2815,2586.25,27,0,0,0,0,0,0,19,7,1
201.313,1,11885568,windows,0,2815,2586.25,27,0,0,0,0,0,0,19,7,1
201.517,0,11802624,windows,0,2815,2586.25,27,0,0,0,0,0,0,19,7,1
201.567,1,11899904,windows,0,2815,2586.25,27,0,0,0,0,0,0,19,7,1
201.779,0,11816960,windows,0,2815,2586.25,27,0,0,0,0,0,0,19,7,1
201.827,1,11914240,windows,0,2815,2586.25,27,0,0,0,0,0,0,19,7,1
202.033,0,11830272,windows,0,2815,2586.25,27,0,0,0,0,0,0,19,7,1
202.083,1,11927552,windows,0,2815,2586.25,27,0,0,0,0,0,0,19,7,1
202.295,0,11845632,windows,0,2815,2586.25,27,0,0,0,0,0,0,19,7,1
202.338,1,11943936,windows,0,2815,2586.25,27,0,0,0,0,0,0,19,7,1
202.559,0,11862016,windows,0,2815,2586.25,27,0,0,0,0,0,0,19,7,1
202.595,1,11960320,repair,0,2815,2586.25,27,0,0,0,0,0,0,19,7,1
202.814,0,11878400,windows,0,2815,2586.25,27,0,0,0,0,0,0,19,7,1
202.857,1,11976704,repair,0,2815,2586.25,27,0,0,0,0,0,0,19,7,1
203.071,0,11894784,windows,0,2815,2586.25,27,0,0,0,0,0,0,19,7,1
203.114,1,11994112,repair,0,2815,2586.25,27,0,0,0,0,0,0,19,7,1
203.332,0,11911168,windows,0,2815,2586.25,27,0,0,0,0,0,0,19,7,1
203.377,1,12012544,repair,0,2815,2586.25,27,0,0,0,0,0,0,19,7,1
203.592,0,11927552,windows,0,2815,2586.25,27,0,0,0,0,0,0,19,7,1
203.636,1,12032000,repair,0,2815,2586.25,27,0,0,0,0,0,0,19,7,1
203.843,0,11943936,windows,0,2815,2586.25,27,0,0,0,0,0,0,19,7,1
203.896,1,12050432,windows,0,2815,2586.25,27,0,0,0,0,0,0,19,7,1
204.114,0,11961344,repair,0,2815,2586.25,27,0,0,0,0,0,0,19,7,1
204.152,1,12065792,windows,0,2815,2586.25,27,0,0,0,0,0,0,19,7,1
204.366,0,11978752,repair,0,2815,2586.25,27,0,0,0,0,0,0,19,7,1
204.409,1,12081152,windows,0,2815,2586.25,27,0,0,0,0,0,0,19,7,1
204.629,0,11996160,windows,0,2815,2586.25,27,0,0,0,0,0,0,19,7,1
204.669,1,12096512,windows,0,2815,2586.25,27,0,0,0,0,0,0,19,7,1
204.887,0,12013568,windows,0,2815,2586.25,27,0,0,0,0,0,0,19,7,1
204.929,1,12112896,windows,0,2815,2586.25,27,0,0,0,0,0,0,19,7,1
205.146,0,12029952,windows,0,2815,2586.25,27,0,0,0,0,0,0,19,7,1
205.186,1,12129280,windows,0,2815,2586.25,27,0,0,0,0,0,0,19,7,1
205.404,0,12047360,windows,0,2815,2586.25,27,0,0,0,0,0,0,19,7,1
205.444,1,12145664,windows,0,2815,2586.25,27,0,0,0,0,0,0,19,7,1
205.656,0,12064768,windows,0,2815,2586.25,27,0,0,0,0,0,0,19,7,1
205.698,1,12162048,windows,0,2815,2586.25,27,0,0,0,0,0,0,19,7,1
205.908,0,12081152,windows,0,2815,2586.25,27,0,0,0,0,0,0,19,7,1
205.953,1,12178432,windows,0,2815,2586.25,27,0,0,0,0,0,0,19,7,1
206.168,0,12098560,windows,0,2815,2586.25,27,0,0,0,0,0,0,19,7,1
206.212,1,12194816,windows,0,2815,2586.25,27,0,0,0,0,0,0,19,7,1
206.43,0,12112896,windows,0,2815,2586.25,27,0,0,0,0,0,0,19,7,1
206.464,1,12209152,windows,0,2815,2586.25,27,0,0,0,0,0,0,19,7,1
206.685,0,12128256,windows,0,2815,2586.25,27,0,0,0,0,0,0,19,7,1
206.717,1,12223488,windows,0,2815,2586.25,27,0,0,0,0,0,0,19,7,1
206.95,0,12144640,windows,0,2815,2586.25,27,0,0,0,0,0,0,19,7,1
206.97,1,12237824,windows,0,2815,2586.25,27,0,0,0,0,0,0,19,7,1
207.208,0,12160000,windows,0,2815,2586.25,27,0,0,0,0,0,0,19,7,1
207.238,1,12252160,windows,0,2815,2586.25,27,0,0,0,0,0,0,19,7,1
207.47,0,12175360,windows,0,2815,2586.25,27,0,0,0,0,0,0,19,7,1
207.495,1,12266496,windows,0,2815,2586.25,27,0,0,0,0,0,0,19,7,1
207.726,0,12190720,windows,0,2815,2586.25,27,0,0,0,0,0,0,19,7,1
207.752,1,12279808,windows,0,2815,2586.25,27,0,0,0,0,0,0,19,7,1
207.976,0,12206080,windows,0,2815,2586.25,27,0,0,0,0,0,0,19,7,1
208.012,1,12294144,windows,0,2815,2586.25,27,0,0,0,0,0,0,19,7,1
208.23,0,12223488,windows,0,2815,2586.25,27,0,0,0,0,0,0,19,7,1
208.273,1,12308480,windows,0,2815,2586.25,27,0,0,0,0,0,0,19,7,1
208.488,0,12241920,windows,0,2815,2586.25,27,0,0,0,0,0,0,19,7,1
208.528,1,12322816,windows,0,2815,2586.25,27,0,0,0,0,0,0,19,7,1
208.742,0,12259328,windows,0,2815,2586.25,27,0,0,0,0,0,0,19,7,1
208.8,1,12337152,windows,0,2815,2586.25,27,0,0,0,0,0,0,19,7,1
209.006,0,12277760,windows,0,2815,2586.25,27,0,0,0,0,0,0,19,7,1
209.057,1,12350464,windows,0,2815,2586.25,27,0,0,0,0,0,0,19,7,1
209.271,0,12293120,windows,0,2815,2586.25,27,0,0,0,0,0,0,19,7,1
209.309,1,12364800,repair,0,2815,2586.25,27,0,0,0,0,0,0,19,7,1
209.527,0,12307456,windows,0,2815,2586.25,27,0,0,0,0,0,0,19,7,1
209.563,1,12380160,windows,0,2815,2586.25,27,0,0,0,0,0,0,19,7,1
209.78,0,12321792,windows,0,2815,2586.25,27,0,0,0,0,0,0,19,7,1
209.814,1,12394496,windows,0,2815,2586.25,27,0,0,0,0,0,0,19,7,1
210.037,0,12336128,windows,0,2815,2586.25,27,0,0,0,0,0,0,19,7,1
210.081,1,12409856,windows,0,2815,2586.25,27,0,0,0,0,0,0,19,7,1
210.302,0,12351488,windows,0,2815,2586.25,27,0,0,0,0,0,0,19,7,1
210.347,1,12425216,windows,0,2815,2586.25,27,0,0,0,0,0,0,19,7,1
210.568,0,12366848,windows,0,2815,2586.25,27,0,0,0,0,0,0,19,7,1
210.599,1,12439552,windows,0,2815,2586.25,27,0,0,0,0,0,0,19,7,1
210.831,0,12382208,windows,0,2815,2586.25,27,0,0,0,0,0,0,19,7,1
210.851,1,12453888,windows,0,2815,2586.25,27,0,0,0,0,0,0,19,7,1
211.082,0,12396544,windows,0,2815,2586.25,27,0,0,0,0,0,0,19,7,1
211.108,1,12468224,windows,0,2815,2586.25,27,0,0,0,0,0,0,19,7,1
211.341,0,12410880,repair,0,2815,2586.25,27,0,0,0,0,0,0,19,7,1
211.37,1,12482560,windows,0,2815,2586.25,27,0,0,0,0,0,0,19,7,1
211.593,0,12426240,repair,0,2815,2586.25,27,0,0,0,0,0,0,19,7,1
211.636,1,12497920,windows,0,2815,2586.25,27,0,0,0,0,0,0,19,7,1
211.862,0,12441600,windows,0,2815,2586.25,27,0,0,0,0,0,0,19,7,1
211.895,1,12512256,windows,0,2815,2586.25,27,0,0,0,0,0,0,19,7,1
212.122,0,12456960,windows,0,2815,2586.25,27,0,0,0,0,0,0,19,7,1
212.152,1,12526592,windows,0,2815,2586.25,27,0,0,0,0,0,0,19,7,1
212.381,0,12471296,windows,0,2815,2586.25,27,0,0,0,0,0,0,19,7,1
212.403,1,12541952,windows,0,2815,2586.25,27,0,0,0,0,0,0,19,7,1
212.636,0,12487680,windows,0,2815,2586.25,27,0,0,0,0,0,0,19,7,1
212.662,1,12559360,windows,0,2815,2586.25,27,0,0,0,0,0,0,19,7,1
212.892,0,12502016,windows,0,2815,2586.25,27,0,0,0,0,0,0,19,7,1
212.916,1,12576768,windows,0,2815,2586.25,27,0,0,0,0,0,0,19,7,1
213.155,0,12517376,windows,0,2815,2586.25,27,0,0,0,0,0,0,19,7,1
213.171,1,12594176,windows,0,2815,2586.25,27,0,0,0,0,0,0,19,7,1
213.414,0,12535808,windows,0,2815,2586.25,27,0,0,0,0,0,0,19,7,1
213.433,1,12612608,windows,0,2815,2586.25,27,0,0,0,0,0,0,19,7,1
213.67,0,12553216,windows,0,2815,2586.25,27,0,0,0,0,0,0,19,7,1
213.693,1,12631040,windows,0,2815,2586.25,27,0,0,0,0,0,0,19,7,1
213.926,0,12570624,windows,0,2815,2586.25,27,0,0,0,0,0,0,19,7,1
213.948,1,12649472,windows,0,2815,2586.25,27,0,0,0,0,0,0,19,7,1
214.186,0,12588032,windows,0,2815,2586.25,27,0,0,0,0,0,0,19,7,1
214.2,1,12666880,windows,0,2815,2586.25,27,0,0,0,0,0,0,19,7,1
214.437,0,12603392,windows,0,2815,2586.25,27,0,0,0,0,0,0,19,7,1
214.462,1,12686336,windows,0,2815,2586.25,27,0,0,0,0,0,0,19,7,1
214.702,0,12617728,windows,0,2815,2586.25,27,0,0,0,0,0,0,19,7,1
214.727,1,12703744,windows,0,2815,2586.25,27,0,0,0,0,0,0,19,7,1
214.963,0,12632064,windows,0,2815,2586.25,27,0,0,0,0,0,0,19,7,1
214.981,1,12717056,repair,0,2815,2586.25,27,0,0,0,0,0,0,19,7,1
215.227,0,12646400,windows,0,2815,2586.25,27,0,0,0,0,0,0,19,7,1
215.239,1,12732416,repair,0,2815,2586.25,27,0,0,0,0,0,0,19,7,1
215.48,0,12660736,windows,0,2815,2586.25,27,0,0,0,0,0,0,19,7,1
215.491,1,12747776,repair,0,2815,2586.25,27,0,0,0,0,0,0,19,7,1
215.747,0,12675072,windows,0,2815,2586.25,27,0,0,0,0,0,0,19,7,1
215.752,1,12763136,windows,0,2815,2586.25,27,0,0,0,0,0,0,19,7,1
216.004,0,12688384,windows,0,2815,2586.25,27,0,0,0,0,0,0,19,7,1
216.016,1,12777472,windows,0,2815,2586.25,27,0,0,0,0,0,0,19,7,1
216.264,0,12703744,windows,0,2815,2586.25,27,0,0,0,0,0,0,19,7,1
216.281,1,12793856,windows,0,2815,2586.25,27,0,0,0,0,0,0,19,7,1
216.515,0,12720128,windows,0,2815,2586.25,27,0,0,0,0,0,0,19,7,1
216.54,1,12808192,windows,0,2815,2586.25,27,0,0,0,0,0,0,19,7,1
216.774,0,12737536,windows,0,2815,2586.25,27,0,0,0,0,0,0,19,7,1
216.791,1,12822528,windows,0,2815,2586.25,27,0,0,0,0,0,0,19,7,1
217.037,0,12754944,windows,0,2815,2586.25,27,0,0,0,0,0,0,19,7,1
217.047,1,12838912,windows,0,2815,2586.25,27,0,0,0,0,0,0,19,7,1
217.296,0,12772352,windows,0,2815,2586.25,27,0,0,0,0,0,0,19,7,1
217.299,1,12855296,windows,0,2815,2586.25,27,0,0,0,0,0,0,19,7,1
217.549,1,12870656,windows,0,2815,2586.25,27,0,0,0,0,0,0,19,7,1
217.552,0,12789760,windows,0,2815,2586.25,27,0,0,0,0,0,0,19,7,1
217.806,0,12805120,windows,0,2815,2586.25,27,0,0,0,0,0,0,19,7,1
217.807,1,12886016,windows,0,2815,2586.25,27,0,0,0,0,0,0,19,7,1
218.061,0,12820480,windows,0,2815,2586.25,27,0,0,0,0,0,0,19,7,1
218.069,1,12902400,windows,0,2815,2586.25,27,0,0,0,0,0,0,19,7,1
218.321,0,12838912,windows,0,2815,2586.25,27,0,0,0,0,0,0,19,7,1
218.335,1,12920832,windows,0,2815,2586.25,27,0,0,0,0,0,0,19,7,1
218.588,0,12855296,windows,0,2815,2586.25,27,0,0,0,0,0,0,19,7,1
218.599,1,12937216,windows,0,2815,2586.25,27,0,0,0,0,0,0,19,7,1
218.854,0,12870656,repair,0,2815,2586.25,27,0,0,0,0,0,0,19,7,1
218.864,1,12953600,windows,0,2815,2586.25,27,0,0,0,0,0,0,19,7,1
219.111,0,12883968,repair,0,2815,2586.25,27,0,0,0,0,0,0,19,7,1
219.114,1,12968960,windows,0,2815,2586.25,27,0,0,0,0,0,0,19,7,1
219.374,1,12985344,windows,0,2815,2586.25,27,0,0,0,0,0,0,19,7,1
219.375,0,12897280,repair,0,2815,2586.25,27,0,0,0,0,0,0,19,7,1
219.626,1,13000704,windows,0,2815,2586.25,27,0,0,0,0,0,0,19,7,1
219.642,0,12909568,windows,0,2815,2586.25,27,0,0,0,0,0,0,19,7,1
219.889,1,13016064,windows,0,2815,2586.25,27,0,0,0,0,0,0,19,7,1
219.9,0,12923904,windows,0,2815,2586.25,27,0,0,0,0,0,0,19,7,1
220.152,1,13032448,windows,0,2815,2586.25,27,0,0,0,0,0,0,19,7,1
220.166,0,12936192,windows,0,2815,2586.25,27,0,0,0,0,0,0,19,7,1
220.417,1,13049856,windows,0,2815,2586.25,27,0,0,0,0,0,0,19,7,1
220.422,0,12948480,windows,0,2815,2586.25,27,0,0,0,0,0,0,19,7,1
220.679,1,13067264,windows,0,2815,2586.25,27,0,0,0,0,0,0,19,7,1
220.687,0,12960768,windows,0,2815,2586.25,27,0,0,0,0,0,0,19,7,1
220.938,1,13084672,windows,0,2815,2586.25,27,0,0,0,0,0,0,19,7,1
220.948,0,12973056,windows,0,2815,2586.25,27,0,0,0,0,0,0,19,7,1
221.197,1,13101056,windows,0,2815,2586.25,27,0,0,0,0,0,0,19,7,1
221.205,0,12984320,windows,0,2815,2586.25,27,0,0,0,0,0,0,19,7,1
221.456,1,13118464,windows,0,2815,2586.25,27,0,0,0,0,0,0,19,7,1
221.476,0,12996608,windows,0,2815,2586.25,27,0,0,0,0,0,0,19,7,1
221.719,1,13135872,windows,0,2815,2586.25,27,0,0,0,0,0,0,19,7,1
221.735,0,13007872,windows,0,2815,2586.25,27,0,0,0,0,0,0,19,7,1
221.977,1,13151232,windows,0,2815,2586.25,27,0,0,0,0,0,0,19,7,1
221.998,0,13020160,windows,0,2815,2586.25,27,0,0,0,0,0,0,19,7,1
222.229,1,13168640,windows,0,2815,2586.25,27,0,0,0,0,0,0,19,7,1
222.266,0,13034496,windows,0,2815,2586.25,27,0,0,0,0,0,0,19,7,1
222.483,1,13185024,repair,0,2815,2586.25,27,0,0,0,0,0,0,19,7,1
222.521,0,13047808,windows,0,2815,2586.25,27,0,0,0,0,0,0,19,7,1
222.739,1,13201408,windows,0,2815,2586.25,27,0,0,0,0,0,0,19,7,1
222.773,0,13061120,windows,0,2815,2586.25,27,0,0,0,0,0,0,19,7,1
222.989,1,13215744,windows,0,2815,2586.25,27,0,0,0,0,0,0,19,7,1
223.029,0,13075456,windows,0,2815,2586.25,27,0,0,0,0,0,0,19,7,1
223.255,1,13232128,windows,0,2815,2586.25,27,0,0,0,0,0,0,19,7,1
223.291,0,13089792,windows,0,2815,2586.25,27,0,0,0,0,0,0,19,7,1
223.505,1,13246464,windows,0,2815,2586.25,27,0,0,0,0,0,0,19,7,1
223.556,0,13103104,windows,0,2815,2586.25,27,0,0,0,0,0,0,19,7,1
223.766,1,13263872,windows,0,2815,2586.25,27,0,0,0,0,0,0,19,7,1
223.812,0,13117440,windows,0,2815,2586.25,27,0,0,0,0,0,0,19,7,1
224.016,1,13280256,windows,0,2815,2586.25,27,0,0,0,0,0,0,19,7,1
224.068,0,13131776,windows,0,2815,2586.25,27,0,0,0,0,0,0,19,7,1
224.279,1,13296640,windows,0,2815,2586.25,27,0,0,0,0,0,0,19,7,1
224.319,0,13146112,windows,0,2815,2586.25,27,0,0,0,0,0,0,19,7,1
224.543,1,13313024,windows,0,2815,2586.25,27,0,0,0,0,0,0,19,7,1
224.579,0,13160448,windows,0,2815,2586.25,27,0,0,0,0,0,0,19,7,1
224.801,1,13329408,windows,0,2815,2586.25,27,0,0,0,0,0,0,19,7,1
224.838,0,13172736,windows,0,2815,2586.25,27,0,0,0,0,0,0,19,7,1
225.062,1,13345792,windows,0,2815,2586.25,27,0,0,0,0,0,0,19,7,1
225.1,0,13185024,windows,0,2815,2586.25,27,0,0,0,0,0,0,19,7,1
225.32,1,13363200,windows,0,2815,2586.25,27,0,0,0,0,0,0,19,7,1
225.36,0,13197312,windows,0,2815,2586.25,27,0,0,0,0,0,0,19,7,1
225.578,1,13379584,windows,0,2815,2586.25,27,0,0,0,0,0,0,19,7,1
225.625,0,13210624,windows,0,2815,2586.25,27,0,0,0,0,0,0,19,7,1
225.838,1,13396992,windows,0,2815,2586.25,27,0,0,0,0,0,0,19,7,1
225.881,0,13222912,windows,0,2815,2586.25,27,0,0,0,0,0,0,19,7,1
226.099,1,13414400,windows,0,2815,2586.25,27,0,0,0,0,0,0,19,7,1
226.137,0,13235200,windows,0,2815,2586.25,27,0,0,0,0,0,0,19,7,1
226.361,1,13432832,windows,0,2815,2586.25,27,0,0,0,0,0,0,19,7,1
226.397,0,13247488,windows,0,2815,2586.25,27,0,0,0,0,0,0,19,7,1
226.614,1,13449216,windows,0,2815,2586.25,27,0,0,0,0,0,0,19,7,1
226.667,0,13260800,windows,0,2815,2586.25,27,0,0,0,0,0,0,19,7,1
226.878,1,13465600,windows,0,2815,2586.25,27,0,0,0,0,0,0,19,7,1
226.917,0,13274112,windows,0,2815,2586.25,27,0,0,0,0,0,0,19,7,1
227.136,1,13480960,windows,0,2815,2586.25,27,0,0,0,0,0,0,19,7,1
227.176,0,13288448,windows,0,2815,2586.25,27,0,0,0,0,0,0,19,7,1
227.394,1,13496320,repair,0,2815,2586.25,27,0,0,0,0,0,0,19,7,1
227.43,0,13304832,windows,0,2815,2586.25,27,0,0,0,0,0,0,19,7,1
227.65,1,13512704,repair,0,2815,2586.25,27,0,0,0,0,0,0,19,7,1
227.695,0,13322240,windows,0,2815,2586.25,27,0,0,0,0,0,0,19,7,1
227.901,1,13529088,repair,0,2815,2586.25,27,0,0,0,0,0,0,19,7,1
227.957,0,13338624,windows,0,2815,2586.25,27,0,0,0,0,0,0,19,7,1
228.156,1,13546496,windows,0,2815,2586.25,27,0,0,0,0,0,0,19,7,1
228.218,0,13353984,windows,0,2815,2586.25,27,0,0,0,0,0,0,19,7,1
228.41,1,13562880,windows,0,2815,2586.25,27,0,0,0,0,0,0,19,7,1
228.485,0,13367296,repair,0,2815,2586.25,27,0,0,0,0,0,0,19,7,1
228.661,1,13578240,windows,0,2815,2586.25,27,0,0,0,0,0,0,19,7,1
228.754,0,13380608,repair,0,2815,2586.25,27,0,0,0,0,0,0,19,7,1
228.923,1,13593600,windows,0,2815,2586.25,27,0,0,0,0,0,0,19,7,1
229.01,0,13393920,repair,0,2815,2586.25,27,0,0,0,0,0,0,19,7,1
229.179,1,13608960,windows,0,2815,2586.25,27,0,0,0,0,0,0,19,7,1
229.264,0,13408256,repair,0,2815,2586.25,27,0,0,0,0,0,0,19,7,1
229.443,1,13625344,windows,0,2815,2586.25,27,0,0,0,0,0,0,19,7,1
229.524,0,13420544,windows,0,2815,2586.25,27,0,0,0,0,0,0,19,7,1
229.714,1,13640704,windows,0,2815,2586.25,27,0,0,0,0,0,0,19,7,1
229.793,0,13432832,windows,0,2815,2586.25,27,0,0,0,0,0,0,19,7,1
229.977,1,13655040,windows,0,2815,2586.25,27,0,0,0,0,0,0,19,7,1
230.056,0,13446144,windows,0,2815,2586.25,27,0,0,0,0,0,0,19,7,1
230.241,1,13668352,windows,0,2815,2586.25,27,0,0,0,0,0,0,19,7,1
230.316,0,13457408,windows,0,2815,2586.25,27,0,0,0,0,0,0,19,7,1
230.497,1,13681664,windows,0,2815,2586.25,27,0,0,0,0,0,0,19,7,1
230.569,0,13468672,windows,0,2815,2586.25,27,0,0,0,0,0,0,19,7,1
230.764,1,13696000,windows,0,2815,2586.25,27,0,0,0,0,0,0,19,7,1
230.835,0,13480960,windows,0,2815,2586.25,27,0,0,0,0,0,0,19,7,1
231.025,1,13710336,windows,0,2815,2586.25,27,0,0,0,0,0,0,19,7,1
231.092,0,13494272,windows,0,2815,2586.25,27,0,0,0,0,0,0,19,7,1
231.288,1,13724672,windows,0,2815,2586.25,27,0,0,0,0,0,0,19,7,1
231.346,0,13507584,windows,0,2815,2586.25,27,0,0,0,0,0,0,19,7,1
231.549,1,13739008,windows,0,2815,2586.25,27,0,0,0,0,0,0,19,7,1
231.612,0,13521920,windows,0,2815,2586.25,27,0,0,0,0,0,0,19,7,1
231.804,1,13752320,windows,0,2815,2586.25,27,0,0,0,0,0,0,19,7,1
231.88,0,13536256,windows,0,2815,2586.25,27,0,0,0,0,0,0,19,7,1
232.069,1,13766656,windows,0,2815,2586.25,27,0,0,0,0,0,0,19,7,1
232.148,0,13550592,windows,0,2815,2586.25,27,0,0,0,0,0,0,19,7,1
232.337,1,13780992,windows,0,2815,2586.25,27,0,0,0,0,0,0,19,7,1
232.409,0,13564928,windows,0,2815,2586.25,27,0,0,0,0,0,0,19,7,1
232.607,1,13795328,windows,0,2815,2586.25,27,0,0,0,0,0,0,19,7,1
232.665,0,13579264,windows,0,2815,2586.25,27,0,0,0,0,0,0,19,7,1
232.866,1,13808640,windows,0,2815,2586.25,27,0,0,0,0,0,0,19,7,1
232.92,0,13593600,windows,0,2815,2586.25,27,0,0,0,0,0,0,19,7,1
233.134,1,13822976,windows,0,2815,2586.25,27,0,0,0,0,0,0,19,7,1
233.18,0,13607936,windows,0,2815,2586.25,27,0,0,0,0,0,0,19,7,1
233.391,1,13841408,repair,0,2815,2586.25,27,0,0,0,0,0,0,19,7,1
233.439,0,13622272,windows,0,2815,2586.25,27,0,0,0,0,0,0,19,7,1
233.653,1,13860864,repair,0,2815,2586.25,27,0,0,0,0,0,0,19,7,1
233.694,0,13636608,windows,0,2815,2586.25,27,0,0,0,0,0,0,19,7,1
233.913,1,13879296,repair,0,2815,2586.25,27,0,0,0,0,0,0,19,7,1
233.953,0,13651968,windows,0,2815,2586.25,27,0,0,0,0,0,0,19,7,1
234.167,1,13895680,windows,0,2815,2586.25,27,0,0,0,0,0,0,19,7,1
234.211,0,13666304,windows,0,2815,2586.25,27,0,0,0,0,0,0,19,7,1
234.424,1,13912064,windows,0,2815,2586.25,27,0,0,0,0,0,0,19,7,1
234.474,0,13681664,windows,0,2815,2586.25,27,0,0,0,0,0,0,19,7,1
234.681,1,13927424,windows,0,2815,2586.25,27,0,0,0,0,0,0,19,7,1
234.734,0,13696000,windows,0,2815,2586.25,27,0,0,0,0,0,0,19,7,1
234.938,1,13943808,windows,0,2815,2586.25,27,0,0,0,0,0,0,19,7,1
234.985,0,13710336,windows,0,2815,2586.25,27,0,0,0,0,0,0,19,7,1
235.191,1,13961216,windows,0,2815,2586.25,27,0,0,0,0,0,0,19,7,1
235.239,0,13724672,windows,0,2815,2586.25,27,0,0,0,0,0,0,19,7,1
235.454,1,13978624,windows,0,2815,2586.25,27,0,0,0,0,0,0,19,7,1
235.497,0,13740032,windows,0,2815,2586.25,27,0,0,0,0,0,0,19,7,1
235.71,1,13996032,windows,0,2815,2586.25,27,0,0,0,0,0,0,19,7,1
235.747,0,13754368,windows,0,2815,2586.25,27,0,0,0,0,0,0,19,7,1
235.981,1,14012416,windows,0,2815,2586.25,27,0,0,0,0,0,0,19,7,1
236.013,0,13769728,windows,0,2815,2586.25,27,0,0,0,0,0,0,19,7,1
236.244,1,14025728,windows,0,2815,2586.25,27,0,0,0,0,0,0,19,7,1
236.269,0,13785088,windows,0,2815,2586.25,27,0,0,0,0,0,0,19,7,1
236.511,1,14039040,windows,0,2815,2586.25,27,0,0,0,0,0,0,19,7,1
236.521,0,13799424,repair,0,2815,2586.25,27,0,0,0,0,0,0,19,7,1
236.777,1,14052352,windows,0,2815,2586.25,27,0,0,0,0,0,0,19,7,1
236.783,0,13815808,repair,0,2815,2586.25,27,0,0,0,0,0,0,19,7,1
237.034,1,14065664,windows,0,2815,2586.25,27,0,0,0,0,0,0,19,7,1
237.05,0,13833216,repair,0,2815,2586.25,27,0,0,0,0,0,0,19,7,1
237.289,1,14078976,windows,0,2815,2586.25,27,0,0,0,0,0,0,19,7,1
237.31,0,13850624,repair,0,2815,2586.25,27,0,0,0,0,0,0,19,7,1
237.547,1,14091264,windows,0,2815,2586.25,27,0,0,0,0,0,0,19,7,1
237.561,0,13864960,windows,0,2815,2586.25,27,0,0,0,0,0,0,19,7,1
237.816,1,14105600,windows,0,2815,2586.25,27,0,0,0,0,0,0,19,7,1
237.816,0,13881344,windows,0,2815,2586.25,27,0,0,0,0,0,0,19,7,1
238.073,1,14118912,windows,0,2815,2586.25,27,0,0,0,0,0,0,19,7,1
238.075,0,13895680,windows,0,2815,2586.25,27,0,0,0,0,0,0,19,7,1
238.328,1,14134272,windows,0,2815,2586.25,27,0,0,0,0,0,0,19,7,1
238.335,0,13910016,windows,0,2815,2586.25,27,0,0,0,0,0,0,19,7,1
238.593,1,14150656,windows,0,2815,2586.25,27,0,0,0,0,0,0,19,7,1
238.594,0,13924352,windows,0,2815,2586.25,27,0,0,0,0,0,0,19,7,1
238.843,1,14166016,windows,0,2815,2586.25,27,0,0,0,0,0,0,19,7,1
238.863,0,13938688,windows,0,2815,2586.25,27,0,0,0,0,0,0,19,7,1
239.11,1,14180352,windows,0,2815,2586.25,27,0,0,0,0,0,0,19,7,1
239.126,0,13953024,windows,0,2815,2586.25,27,0,0,0,0,0,0,19,7,1
239.361,1,14195712,windows,0,2815,2586.25,27,0,0,0,0,0,0,19,7,1
239.383,0,13967360,windows,0,2815,2586.25,27,0,0,0,0,0,0,19,7,1
239.613,1,14211072,windows,0,2815,2586.25,27,0,0,0,0,0,0,19,7,1
239.641,0,13981696,windows,0,2815,2586.25,27,0,0,0,0,0,0,19,7,1
239.873,1,14224384,windows,0,2815,2586.25,27,0,0,0,0,0,0,19,7,1
239.895,0,13996032,windows,0,2815,2586.25,27,0,0,0,0,0,0,19,7,1
240.133,1,14238720,windows,0,2815,2586.25,27,0,0,0,0,0,0,19,7,1
240.153,0,14013440,windows,0,2815,2586.25,27,0,0,0,0,0,0,19,7,1
240.399,1,14253056,repair,0,2815,2586.25,27,0,0,0,0,0,0,19,7,1
240.417,0,14030848,windows,0,2815,2586.25,27,0,0,0,0,0,0,19,7,1
240.665,1,14268416,repair,0,2815,2586.25,27,0,0,0,0,0,0,19,7,1
240.684,0,14048256,windows,0,2815,2586.25,27,0,0,0,0,0,0,19,7,1
240.917,1,14283776,repair,0,2815,2586.25,27,0,0,0,0,0,0,19,7,1
240.937,0,14064640,windows,0,2815,2586.25,27,0,0,0,0,0,0,19,7,1
241.178,1,14298112,windows,0,2815,2586.25,27,0,0,0,0,0,0,19,7,1
241.193,0,14081024,windows,0,2815,2586.25,27,0,0,0,0,0,0,19,7,1
241.442,1,14312448,windows,0,2815,2586.25,27,0,0,0,0,0,0,19,7,1
241.444,0,14097408,windows,0,2815,2586.25,27,0,0,0,0,0,0,19,7,1
241.699,1,14326784,windows,0,2815,2586.25,27,0,0,0,0,0,0,19,7,1
241.702,0,14113792,windows,0,2815,2586.25,27,0,0,0,0,0,0,19,7,1
241.96,1,14341120,windows,0,2815,2586.25,27,0,0,0,0,0,0,19,7,1
241.964,0,14131200,windows,0,2815,2586.25,27,0,0,0,0,0,0,19,7,1
242.215,0,14147584,windows,0,2815,2586.25,27,0,0,0,0,0,0,19,7,1
242.227,1,14355456,windows,0,2815,2586.25,27,0,0,0,0,0,0,19,7,1
242.47,0,14164992,windows,0,2815,2586.25,27,0,0,0,0,0,0,19,7,1
242.48,1,14369792,windows,0,2815,2586.25,27,0,0,0,0,0,0,19,7,1
242.722,0,14182400,windows,0,2815,2586.25,27,0,0,0,0,0,0,19,7,1
242.738,1,14384128,windows,0,2815,2586.25,27,0,0,0,0,0,0,19,7,1
242.975,0,14198784,windows,0,2815,2586.25,27,0,0,0,0,0,0,19,7,1
242.994,1,14397440,windows,0,2815,2586.25,27,0,0,0,0,0,0,19,7,1
243.227,0,14216192,windows,0,2815,2586.25,27,0,0,0,0,0,0,19,7,1
243.247,1,14411776,windows,0,2815,2586.25,27,0,0,0,0,0,0,19,7,1
243.491,0,14233600,windows,0,2815,2586.25,27,0,0,0,0,0,0,19,7,1
243.515,1,14426112,windows,0,2815,2586.25,27,0,0,0,0,0,0,19,7,1
243.753,0,14249984,windows,0,2815,2586.25,27,0,0,0,0,0,0,19,7,1
243.777,1,14441472,windows,0,2815,2586.25,27,0,0,0,0,0,0,19,7,1
244.023,0,14266368,windows,0,2815,2586.25,27,0,0,0,0,0,0,19,7,1
244.041,1,14454784,windows,0,2815,2586.25,27,0,0,0,0,0,0,19,7,1
244.286,0,14280704,windows,0,2815,2586.25,27,0,0,0,0,0,0,19,7,1
244.297,1,14469120,windows,0,2815,2586.25,27,0,0,0,0,0,0,19,7,1
244.546,0,14295040,windows,0,2815,2586.25,27,0,0,0,0,0,0,19,7,1
244.561,1,14483456,windows,0,2815,2586.25,27,0,0,0,0,0,0,19,7,1
244.808,0,14309376,windows,0,2815,2586.25,27,0,0,0,0,0,0,19,7,1
244.825,1,14497792,windows,0,2815,2586.25,27,0,0,0,0,0,0,19,7,1
245.063,0,14323712,windows,0,2815,2586.25,27,0,0,0,0,0,0,19,7,1
245.086,1,14512128,windows,0,2815,2586.25,27,0,0,0,0,0,0,19,7,1
245.316,0,14338048,windows,0,2815,2586.25,27,0,0,0,0,0,0,19,7,1
245.344,1,14526464,windows,0,2815,2586.25,27,0,0,0,0,0,0,19,7,1
245.567,0,14351360,repair,0,2815,2586.25,27,0,0,0,0,0,0,19,7,1
245.607,1,14541824,windows,0,2815,2586.25,27,0,0,0,0,0,0,19,7,1
245.839,0,14365696,repair,0,2815,2586.25,27,0,0,0,0,0,0,19,7,1
245.865,1,14557184,windows,0,2815,2586.25,27,0,0,0,0,0,0,19,7,1
246.092,0,14382080,windows,0,2815,2586.25,27,0,0,0,0,0,0,19,7,1
246.125,1,14571520,windows,0,2815,2586.25,27,0,0,0,0,0,0,19,7,1
246.353,0,14397440,windows,0,2815,2586.25,27,0,0,0,0,0,0,19,7,1
246.393,1,14585856,windows,0,2815,2586.25,27,0,0,0,0,0,0,19,7,1
246.623,0,14411776,windows,0,2815,2586.25,27,0,0,0,0,0,0,19,7,1
246.652,1,14599168,windows,0,2815,2586.25,27,0,0,0,0,0,0,19,7,1
246.887,0,14426112,windows,0,2815,2586.25,27,0,0,0,0,0,0,19,7,1
246.909,1,14612480,windows,0,2815,2586.25,27,0,0,0,0,0,0,19,7,1
247.151,0,14439424,windows,0,2815,2586.25,27,0,0,0,0,0,0,19,7,1
247.172,1,14625792,windows,0,2815,2586.25,27,0,0,0,0,0,0,19,7,1
247.403,0,14452736,windows,0,2815,2586.25,27,0,0,0,0,0,0,19,7,1
247.431,1,14639104,windows,0,2815,2586.25,27,0,0,0,0,0,0,19,7,1
247.658,0,14466048,windows,0,2815,2586.25,27,0,0,0,0,0,0,19,7,1
247.683,1,14651392,windows,0,2815,2586.25,27,0,0,0,0,0,0,19,7,1
247.924,0,14480384,windows,0,2815,2586.25,27,0,0,0,0,0,0,19,7,1
247.951,1,14663680,repair,0,2815,2586.25,27,0,0,0,0,0,0,19,7,1
248.193,0,14494720,windows,0,2815,2586.25,27,0,0,0,0,0,0,19,7,1
248.205,1,14678016,repair,0,2815,2586.25,27,0,0,0,0,0,0,19,7,1
248.447,0,14509056,windows,0,2815,2586.25,27,0,0,0,0,0,0,19,7,1
248.468,1,14693376,windows,0,2815,2586.25,27,0,0,0,0,0,0,19,7,1
248.709,0,14523392,windows,0,2815,2586.25,27,0,0,0,0,0,0,19,7,1
248.725,1,14707712,windows,0,2815,2586.25,27,0,0,0,0,0,0,19,7,1
248.97,0,14537728,windows,0,2815,2586.25,27,0,0,0,0,0,0,19,7,1
248.98,1,14721024,windows,0,2815,2586.25,27,0,0,0,0,0,0,19,7,1
249.229,0,14551040,windows,0,2815,2586.25,27,0,0,0,0,0,0,19,7,1
249.238,1,14734336,windows,0,2815,2586.25,27,0,0,0,0,0,0,19,7,1
249.493,0,14565376,windows,0,2815,2586.25,27,0,0,0,0,0,0,19,7,1
249.504,1,14748672,windows,0,2815,2586.25,27,0,0,0,0,0,0,19,7,1
249.746,0,14578688,windows,0,2815,2586.25,27,0,0,0,0,0,0,19,7,1
249.764,1,14763008,windows,0,2815,2586.25,27,0,0,0,0,0,0,19,7,1
249.997,0,14594048,windows,0,2815,2586.25,27,0,0,0,0,0,0,19,7,1
250.019,1,14776320,windows,0,2815,2586.25,27,0,0,0,0,0,0,19,7,1
250.261,0,14610432,windows,0,2815,2586.25,27,0,0,0,0,0,0,19,7,1
250.285,1,14790656,windows,0,2815,2586.25,27,0,0,0,0,0,0,19,7,1
250.517,0,14627840,windows,0,2815,2586.25,27,0,0,0,0,0,0,19,7,1
250.551,1,14804992,windows,0,2815,2586.25,27,0,0,0,0,0,0,19,7,1
250.781,0,14645248,windows,0,2815,2586.25,27,0,0,0,0,0,0,19,7,1
250.813,1,14819328,windows,0,2815,2586.25,27,0,0,0,0,0,0,19,7,1
251.033,0,14660608,windows,0,2815,2586.25,27,0,0,0,0,0,0,19,7,1
251.076,1,14832640,windows,0,2815,2586.25,27,0,0,0,0,0,0,19,7,1
251.29,0,14678016,windows,0,2815,2586.25,27,0,0,0,0,0,0,19,7,1
251.327,1,14846976,windows,0,2815,2586.25,27,0,0,0,0,0,0,19,7,1
251.551,0,14695424,windows,0,2815,2586.25,27,0,0,0,0,0,0,19,7,1
251.593,1,14861312,windows,0,2815,2586.25,27,0,0,0,0,0,0,19,7,1
251.808,0,14712832,windows,0,2815,2586.25,27,0,0,0,0,0,0,19,7,1
251.852,1,14875648,windows,0,2815,2586.25,27,0,0,0,0,0,0,19,7,1
252.062,0,14731264,windows,0,2815,2586.25,27,0,0,0,0,0,0,19,7,1
252.105,1,14888960,windows,0,2815,2586.25,27,0,0,0,0,0,0,19,7,1
252.315,0,14748672,repair,0,2815,2586.25,27,0,0,0,0,0,0,19,7,1
252.372,1,14903296,windows,0,2815,2586.25,27,0,0,0,0,0,0,19,7,1
252.585,0,14768128,repair,0,2815,2586.25,27,0,0,0,0,0,0,19,7,1
252.626,1,14917632,windows,0,2815,2586.25,27,0,0,0,0,0,0,19,7,1
252.839,0,14784512,repair,0,2815,2586.25,27,0,0,0,0,0,0,19,7,1
252.888,1,14932992,windows,0,2815,2586.25,27,0,0,0,0,0,0,19,7,1
253.091,0,14802944,repair,0,2815,2586.25,27,0,0,0,0,0,0,19,7,1
253.152,1,14947328,windows,0,2815,2586.25,27,0,0,0,0,0,0,19,7,1
253.342,0,14820352,windows,0,2815,2586.25,27,0,0,0,0,0,0,19,7,1
253.412,1,14961664,windows,0,2815,2586.25,27,0,0,0,0,0,0,19,7,1
253.599,0,14834688,windows,0,2815,2586.25,27,0,0,0,0,0,0,19,7,1
253.663,1,14976000,windows,0,2815,2586.25,27,0,0,0,0,0,0,19,7,1
253.854,0,14849024,windows,0,2815,2586.25,27,0,0,0,0,0,0,19,7,1
253.925,1,14990336,windows,0,2815,2586.25,27,0,0,0,0,0,0,19,7,1
254.108,0,14863360,windows,0,2815,2586.25,27,0,0,0,0,0,0,19,7,1
254.178,1,15003648,repair,0,2815,2586.25,27,0,0,0,0,0,0,19,7,1
254.366,0,14878720,windows,0,2815,2586.25,27,0,0,0,0,0,0,19,7,1
254.434,1,15017984,repair,0,2815,2586.25,27,0,0,0,0,0,0,19,7,1
254.626,0,14896128,windows,0,2815,2586.25,27,0,0,0,0,0,0,19,7,1
254.691,1,15033344,repair,0,2815,2586.25,27,0,0,0,0,0,0,19,7,1
254.878,0,14912512,windows,0,2815,2586.25,27,0,0,0,0,0,0,19,7,1
254.946,1,15048704,windows,0,2815,2586.25,27,0,0,0,0,0,0,19,7,1
255.138,0,14930944,windows,0,2815,2586.25,27,0,0,0,0,0,0,19,7,1
255.198,1,15062016,windows,0,2815,2586.25,27,0,0,0,0,0,0,19,7,1
255.403,0,14948352,windows,0,2815,2586.25,27,0,0,0,0,0,0,19,7,1
255.461,1,15076352,windows,0,2815,2586.25,27,0,0,0,0,0,0,19,7,1
255.665,0,14963712,windows,0,2815,2586.25,27,0,0,0,0,0,0,19,7,1
255.711,1,15089664,windows,0,2815,2586.25,27,0,0,0,0,0,0,19,7,1
255.917,0,14978048,windows,0,2815,2586.25,27,0,0,0,0,0,0,19,7,1
255.978,1,15104000,windows,0,2815,2586.25,27,0,0,0,0,0,0,19,7,1
256.181,0,14992384,windows,0,2815,2586.25,27,0,0,0,0,0,0,19,7,1
256.239,1,15118336,windows,0,2815,2586.25,27,0,0,0,0,0,0,19,7,1
256.439,0,15006720,windows,0,2815,2586.25,27,0,0,0,0,0,0,19,7,1
256.501,1,15132672,windows,0,2815,2586.25,27,0,0,0,0,0,0,19,7,1
256.705,0,15022080,windows,0,2815,2586.25,27,0,0,0,0,0,0,19,7,1
256.771,1,15147008,windows,0,2815,2586.25,27,0,0,0,0,0,0,19,7,1
256.971,0,15036416,windows,0,2815,2586.25,27,0,0,0,0,0,0,19,7,1
257.034,1,15161344,windows,0,2815,2586.25,27,0,0,0,0,0,0,19,7,1
257.224,0,15049728,windows,0,2815,2586.25,27,0,0,0,0,0,0,19,7,1
257.3,1,15175680,windows,0,2815,2586.25,27,0,0,0,0,0,0,19,7,1
257.481,0,15064064,windows,0,2815,2586.25,27,0,0,0,0,0,0,19,7,1
257.564,1,15190016,windows,0,2815,2586.25,27,0,0,0,0,0,0,19,7,1
257.742,0,15079424,windows,0,2815,2586.25,27,0,0,0,0,0,0,19,7,1
257.817,1,15204352,windows,0,2815,2586.25,27,0,0,0,0,0,0,19,7,1
258.006,0,15094784,repair,0,2815,2586.25,27,0,0,0,0,0,0,19,7,1
258.079,1,15219712,windows,0,2815,2586.25,27,0,0,0,0,0,0,19,7,1
258.262,0,15111168,repair,0,2815,2586.25,27,0,0,0,0,0,0,19,7,1
258.338,1,15234048,windows,0,2815,2586.25,27,0,0,0,0,0,0,19,7,1
258.519,0,15126528,repair,0,2815,2586.25,27,0,0,0,0,0,0,19,7,1
258.591,1,15248384,windows,0,2815,2586.25,27,0,0,0,0,0,0,19,7,1
258.783,0,15141888,windows,0,2815,2586.25,27,0,0,0,0,0,0,19,7,1
258.841,1,15262720,windows,0,2815,2586.25,27,0,0,0,0,0,0,19,7,1
259.046,0,15156224,windows,0,2815,2586.25,27,0,0,0,0,0,0,19,7,1
259.096,1,15277056,windows,0,2815,2586.25,27,0,0,0,0,0,0,19,7,1
259.297,0,15170560,windows,0,2815,2586.25,27,0,0,0,0,0,0,19,7,1
259.346,1,15291392,windows,0,2815,2586.25,27,0,0,0,0,0,0,19,7,1
259.552,0,15183872,windows,0,2815,2586.25,27,0,0,0,0,0,0,19,7,1
259.61,1,15306752,windows,0,2815,2586.25,27,0,0,0,0,0,0,19,7,1
259.808,0,15197184,windows,0,2815,2586.25,27,0,0,0,0,0,0,19,7,1
259.878,1,15322112,windows,0,2815,2586.25,27,0,0,0,0,0,0,19,7,1
260.074,0,15210496,windows,0,2815,2586.25,27,0,0,0,0,0,0,19,7,1
260.143,1,15337472,windows,0,2815,2586.25,27,0,0,0,0,0,0,19,7,1
260.331,0,15224832,windows,0,2815,2586.25,27,0,0,0,0,0,0,19,7,1
260.405,1,15352832,windows,0,2815,2586.25,27,0,0,0,0,0,0,19,7,1
260.599,0,15238144,windows,0,2815,2586.25,27,0,0,0,0,0,0,19,7,1
260.665,1,15367168,windows,0,2815,2586.25,27,0,0,0,0,0,0,19,7,1
260.857,0,15251456,windows,0,2815,2586.25,27,0,0,0,0,0,0,19,7,1
260.932,1,15383552,repair,0,2815,2586.25,27,0,0,0,0,0,0,19,7,1
261.108,0,15262720,windows,0,2815,2586.25,27,0,0,0,0,0,0,19,7,1
261.188,1,15399936,repair,0,2815,2586.25,27,0,0,0,0,0,0,19,7,1
261.361,0,15276032,windows,0,2815,2586.25,27,0,0,0,0,0,0,19,7,1
261.445,1,15414272,windows,0,2815,2586.25,27,0,0,0,0,0,0,19,7,1
261.616,0,15293440,repair,0,2815,2586.25,27,0,0,0,0,0,0,19,7,1
261.709,1,15429632,windows,0,2815,2586.25,27,0,0,0,0,0,0,19,7,1
261.882,0,15309824,windows,0,2815,2586.25,27,0,0,0,0,0,0,19,7,1
261.966,1,15443968,windows,0,2815,2586.25,27,0,0,0,0,0,0,19,7,1
262.137,0,15324160,windows,0,2815,2586.25,27,0,0,0,0,0,0,19,7,1
262.219,1,15458304,windows,0,2815,2586.25,27,0,0,0,0,0,0,19,7,1
262.402,0,15339520,windows,0,2815,2586.25,27,0,0,0,0,0,0,19,7,1
262.478,1,15472640,windows,0,2815,2586.25,27,0,0,0,0,0,0,19,7,1
262.667,0,15353856,windows,0,2815,2586.25,27,0,0,0,0,0,0,19,7,1
262.738,1,15486976,windows,0,2815,2586.25,27,0,0,0,0,0,0,19,7,1
262.935,0,15369216,windows,0,2815,2586.25,27,0,0,0,0,0,0,19,7,1
262.989,1,15500288,windows,0,2815,2586.25,27,0,0,0,0,0,0,19,7,1
263.196,0,15384576,windows,0,2815,2586.25,27,0,0,0,0,0,0,19,7,1
263.243,1,15514624,windows,0,2815,2586.25,27,0,0,0,0,0,0,19,7,1
263.448,0,15398912,windows,0,2815,2586.25,27,0,0,0,0,0,0,19,7,1
263.508,1,15528960,windows,0,2815,2586.25,27,0,0,0,0,0,0,19,7,1
263.714,0,15414272,windows,0,2815,2586.25,27,0,0,0,0,0,0,19,7,1
263.762,1,15542272,windows,0,2815,2586.25,27,0,0,0,0,0,0,19,7,1
263.965,0,15428608,windows,0,2815,2586.25,27,0,0,0,0,0,0,19,7,1
264.012,1,15556608,windows,0,2815,2586.25,27,0,0,0,0,0,0,19,7,1
264.223,0,15442944,windows,0,2815,2586.25,27,0,0,0,0,0,0,19,7,1
264.279,1,15570944,windows,0,2815,2586.25,27,0,0,0,0,0,0,19,7,1
264.49,0,15458304,windows,0,2815,2586.25,27,0,0,0,0,0,0,19,7,1
264.545,1,15585280,windows,0,2815,2586.25,27,0,0,0,0,0,0,19,7,1
264.743,0,15472640,windows,0,2815,2586.25,27,0,0,0,0,0,0,19,7,1
264.801,1,15599616,windows,0,2815,2586.25,27,0,0,0,0,0,0,19,7,1
265.002,0,15488000,windows,0,2815,2586.25,27,0,0,0,0,0,0,19,7,1
265.068,1,15613952,windows,0,2815,2586.25,27,0,0,0,0,0,0,19,7,1
265.253,0,15503360,windows,0,2815,2586.25,27,0,0,0,0,0,0,19,7,1
265.32,1,15628288,windows,0,2815,2586.25,27,0,0,0,0,0,0,19,7,1
265.513,0,15518720,windows,0,2815,2586.25,27,0,0,0,0,0,0,19,7,1
265.573,1,15642624,windows,0,2815,2586.25,27,0,0,0,0,0,0,19,7,1
265.774,0,15534080,windows,0,2815,2586.25,27,0,0,0,0,0,0,19,7,1
265.842,1,15657984,windows,0,2815,2586.25,27,0,0,0,0,0,0,19,7,1
266.028,0,15547392,windows,0,2815,2586.25,27,0,0,0,0,0,0,19,7,1
266.095,1,15672320,windows,0,2815,2586.25,27,0,0,0,0,0,0,19,7,1
266.284,0,15561728,windows,0,2815,2586.25,27,0,0,0,0,0,0,19,7,1
266.348,1,15686656,windows,0,2815,2586.25,27,0,0,0,0,0,0,19,7,1
266.544,0,15576064,windows,0,2815,2586.25,27,0,0,0,0,0,0,19,7,1
266.612,1,15702016,windows,0,2815,2586.25,27,0,0,0,0,0,0,19,7,1
266.812,0,15593472,windows,0,2815,2586.25,27,0,0,0,0,0,0,19,7,1
266.872,1,15716352,repair,0,2815,2586.25,27,0,0,0,0,0,0,19,7,1
267.067,0,15609856,windows,0,2815,2586.25,27,0,0,0,0,0,0,19,7,1
267.124,1,15730688,repair,0,2815,2586.25,27,0,0,0,0,0,0,19,7,1
267.329,0,15625216,windows,0,2815,2586.25,27,0,0,0,0,0,0,19,7,1
267.376,1,15745024,repair,0,2815,2586.25,27,0,0,0,0,0,0,19,7,1
267.59,0,15641600,windows,0,2815,2586.25,27,0,0,0,0,0,0,19,7,1
267.632,1,15760384,windows,0,2815,2586.25,27,0,0,0,0,0,0,19,7,1
267.843,0,15659008,windows,0,2815,2586.25,27,0,0,0,0,0,0,19,7,1
267.895,1,15774720,windows,0,2815,2586.25,27,0,0,0,0,0,0,19,7,1
268.103,0,15675392,windows,0,2815,2586.25,27,0,0,0,0,0,0,19,7,1
268.145,1,15788032,windows,0,2815,2586.25,27,0,0,0,0,0,0,19,7,1
268.354,0,15692800,windows,0,2815,2586.25,27,0,0,0,0,0,0,19,7,1
268.404,1,15802368,windows,0,2815,2586.25,27,0,0,0,0,0,0,19,7,1
268.613,0,15710208,windows,0,2815,2586.25,27,0,0,0,0,0,0,19,7,1
268.656,1,15815680,windows,0,2815,2586.25,27,0,0,0,0,0,0,19,7,1
268.884,0,15726592,windows,0,2815,2586.25,27,0,0,0,0,0,0,19,7,1
268.915,1,15830016,windows,0,2815,2586.25,27,0,0,0,0,0,0,19,7,1
269.144,0,15742976,windows,0,2815,2586.25,27,0,0,0,0,0,0,19,7,1
269.171,1,15844352,windows,0,2815,2586.25,27,0,0,0,0,0,0,19,7,1
269.404,0,15759360,windows,0,2815,2586.25,27,0,0,0,0,0,0,19,7,1
269.434,1,15858688,windows,0,2815,2586.25,27,0,0,0,0,0,0,19,7,1
269.657,0,15775744,windows,0,2815,2586.25,27,0,0,0,0,0,0,19,7,1
269.689,1,15872000,windows,0,2815,2586.25,27,0,0,0,0,0,0,19,7,1
269.922,0,15792128,repair,0,2815,2586.25,27,0,0,0,0,0,0,19,7,1
269.946,1,15886336,windows,0,2815,2586.25,27,0,0,0,0,0,0,19,7,1
270.186,0,15809536,repair,0,2815,2586.25,27,0,0,0,0,0,0,19,7,1
270.207,1,15900672,windows,0,2815,2586.25,27,0,0,0,0,0,0,19,7,1
270.443,0,15827968,windows,0,2815,2586.25,27,0,0,0,0,0,0,19,7,1
270.47,1,15915008,windows,0,2815,2586.25,27,0,0,0,0,0,0,19,7,1
270.696,0,15845376,windows,0,2815,2586.25,27,0,0,0,0,0,0,19,7,1
270.733,1,15929344,windows,0,2815,2586.25,27,0,0,0,0,0,0,19,7,1
270.951,0,15861760,windows,0,2815,2586.25,27,0,0,0,0,0,0,19,7,1
270.995,1,15943680,windows,0,2815,2586.25,27,0,0,0,0,0,0,19,7,1
271.203,0,15878144,windows,0,2815,2586.25,27,0,0,0,0,0,0,19,7,1
271.251,1,15958016,windows,0,2815,2586.25,27,0,0,0,0,0,0,19,7,1
271.459,0,15892480,windows,0,2815,2586.25,27,0,0,0,0,0,0,19,7,1
271.504,1,15972352,windows,0,2815,2586.25,27,0,0,0,0,0,0,19,7,1
271.712,0,15905792,windows,0,2815,2586.25,27,0,0,0,0,0,0,19,7,1
271.762,1,15986688,windows,0,2815,2586.25,27,0,0,0,0,0,0,19,7,1
271.968,0,15919104,windows,0,2815,2586.25,27,0,0,0,0,0,0,19,7,1
272.013,1,16000000,windows,0,2815,2586.25,27,0,0,0,0,0,0,19,7,1
272.232,0,15934464,windows,0,2815,2586.25,27,0,0,0,0,0,0,19,7,1
272.263,1,16013312,windows,0,2815,2586.25,27,0,0,0,0,0,0,19,7,1
272.487,0,15950848,windows,0,2815,2586.25,27,0,0,0,0,0,0,19,7,1
272.521,1,16027648,windows,0,2815,2586.25,27,0,0,0,0,0,0,19,7,1
272.738,0,15967232,windows,0,2815,2586.25,27,0,0,0,0,0,0,19,7,1
272.774,1,16039936,windows,0,2815,2586.25,27,0,0,0,0,0,0,19,7,1
272.993,0,15981568,windows,0,2815,2586.25,27,0,0,0,0,0,0,19,7,1
273.026,1,16054272,windows,0,2815,2586.25,27,0,0,0,0,0,0,19,7,1
273.259,0,15997952,windows,0,2815,2586.25,27,0,0,0,0,0,0,19,7,1
273.285,1,16069632,windows,0,2815,2586.25,27,0,0,0,0,0,0,19,7,1
273.515,0,16014336,windows,0,2815,2586.25,27,0,0,0,0,0,0,19,7,1
273.546,1,16084992,windows,0,2815,2586.25,27,0,0,0,0,0,0,19,7,1
273.773,0,16032768,windows,0,2815,2586.25,27,0,0,0,0,0,0,19,7,1
273.801,1,16100352,windows,0,2815,2586.25,27,0,0,0,0,0,0,19,7,1
274.032,0,16050176,windows,0,2815,2586.25,27,0,0,0,0,0,0,19,7,1
274.062,1,16115712,windows,0,2815,2586.25,27,0,0,0,0,0,0,19,7,1
274.289,0,16068608,windows,0,2815,2586.25,27,0,0,0,0,0,0,19,7,1
274.328,1,16131072,windows,0,2815,2586.25,27,0,0,0,0,0,0,19,7,1
274.551,0,16087040,windows,0,2815,2586.25,27,0,0,0,0,0,0,19,7,1
274.578,1,16145408,windows,0,2815,2586.25,27,0,0,0,0,0,0,19,7,1
274.813,0,16105472,windows,0,2815,2586.25,27,0,0,0,0,0,0,19,7,1
274.844,1,16160768,windows,0,2815,2586.25,27,0,0,0,0,0,0,19,7,1
275.065,0,16122880,windows,0,2815,2586.25,27,0,0,0,0,0,0,19,7,1
275.098,1,16178176,windows,0,2815,2586.25,27,0,0,0,0,0,0,19,7,1
275.33,0,16142336,windows,0,2815,2586.25,27,0,0,0,0,0,0,19,7,1
275.357,1,16196608,windows,0,2815,2586.25,27,0,0,0,0,0,0,19,7,1
275.587,0,16159744,windows,0,2815,2586.25,27,0,0,0,0,0,0,19,7,1
275.619,1,16214016,repair,0,2815,2586.25,27,0,0,0,0,0,0,19,7,1
275.84,0,16178176,windows,0,2815,2586.25,27,0,0,0,0,0,0,19,7,1
275.876,1,16232448,windows,0,2815,2586.25,27,0,0,0,0,0,0,19,7,1
276.104,0,16197632,repair,0,2815,2586.25,27,0,0,0,0,0,0,19,7,1
276.13,1,16249856,windows,0,2815,2586.25,27,0,0,0,0,0,0,19,7,1
276.364,0,16216064,repair,0,2815,2586.25,27,0,0,0,0,0,0,19,7,1
276.396,1,16266240,windows,0,2815,2586.25,27,0,0,0,0,0,0,19,7,1
276.619,0,16232448,windows,0,2815,2586.25,27,0,0,0,0,0,0,19,7,1
276.654,1,16280576,windows,0,2815,2586.25,27,0,0,0,0,0,0,19,7,1
276.873,0,16248832,windows,0,2815,2586.25,27,0,0,0,0,0,0,19,7,1
276.908,1,16293888,windows,0,2815,2586.25,27,0,0,0,0,0,0,19,7,1
277.137,0,16266240,windows,0,2815,2586.25,27,0,0,0,0,0,0,19,7,1
277.166,1,16309248,windows,0,2815,2586.25,27,0,0,0,0,0,0,19,7,1
277.399,0,16283648,windows,0,2815,2586.25,27,0,0,0,0,0,0,19,7,1
277.423,1,16324608,windows,0,2815,2586.25,27,0,0,0,0,0,0,19,7,1
277.651,0,16300032,windows,0,2815,2586.25,27,0,0,0,0,0,0,19,7,1
277.684,1,16342016,windows,0,2815,2586.25,27,0,0,0,0,0,0,19,7,1
277.914,0,16316416,windows,0,2815,2586.25,27,0,0,0,0,0,0,19,7,1
277.935,1,16358400,windows,0,2815,2586.25,27,0,0,0,0,0,0,19,7,1
278.174,0,16332800,windows,0,2815,2586.25,27,0,0,0,0,0,0,19,7,1
278.196,1,16375808,windows,0,2815,2586.25,27,0,0,0,0,0,0,19,7,1
278.436,0,16350208,windows,0,2815,2586.25,27,0,0,0,0,0,0,19,7,1
278.447,1,16393216,windows,0,2815,2586.25,27,0,0,0,0,0,0,19,7,1
278.686,0,16367616,windows,0,2815,2586.25,27,0,0,0,0,0,0,19,7,1
278.707,1,16410624,windows,0,2815,2586.25,27,0,0,0,0,0,0,19,7,1
278.954,0,16384000,windows,0,2815,2586.25,27,0,0,0,0,0,0,19,7,1
278.963,1,16428032,windows,0,2815,2586.25,27,0,0,0,0,0,0,19,7,1
279.215,0,16398336,windows,0,2815,2586.25,27,0,0,0,0,0,0,19,7,1
279.224,1,16445440,windows,0,2815,2586.25,27,0,0,0,0,0,0,19,7,1
279.482,0,16413696,windows,0,2815,2586.25,27,0,0,0,0,0,0,19,7,1
279.489,1,16462848,windows,0,2815,2586.25,27,0,0,0,0,0,0,19,7,1
279.733,0,16427008,windows,0,2815,2586.25,27,0,0,0,0,0,0,19,7,1
279.747,1,16479232,windows,0,2815,2586.25,27,0,0,0,0,0,0,19,7,1
280.001,1,16495616,windows,0,2815,2586.25,27,0,0,0,0,0,0,19,7,1
280.006,0,16441344,windows,0,2815,2586.25,27,0,0,0,0,0,0,19,7,1
280.257,0,16454656,windows,0,2815,2586.25,27,0,0,0,0,0,0,19,7,1
280.266,1,16513024,windows,0,2815,2586.25,27,0,0,0,0,0,0,19,7,1
280.513,0,16468992,windows,0,2815,2586.25,27,0,0,0,0,0,0,19,7,1
280.521,1,16530432,windows,0,2815,2586.25,27,0,0,0,0,0,0,19,7,1
280.774,0,16483328,windows,0,2815,2586.25,27,0,0,0,0,0,0,19,7,1
280.775,1,16547840,windows,0,2815,2586.25,27,0,0,0,0,0,0,19,7,1
281.031,1,16565248,windows,0,2815,2586.25,27,0,0,0,0,0,0,19,7,1
281.043,0,16497664,windows,0,2815,2586.25,27,0,0,0,0,0,0,19,7,1
281.292,1,16582656,windows,0,2815,2586.25,27,0,0,0,0,0,0,19,7,1
281.3,0,16512000,windows,0,2815,2586.25,27,0,0,0,0,0,0,19,7,1
281.556,1,16600064,windows,0,2815,2586.25,27,0,0,0,0,0,0,19,7,1
281.568,0,16526336,windows,0,2815,2586.25,27,0,0,0,0,0,0,19,7,1
281.819,1,16617472,repair,0,2815,2586.25,27,0,0,0,0,0,0,19,7,1
281.836,0,16540672,repair,0,2815,2586.25,27,0,0,0,0,0,0,19,7,1
282.077,1,16632832,windows,0,2815,2586.25,27,0,0,0,0,0,0,19,7,1
282.095,0,16555008,repair,0,2815,2586.25,27,0,0,0,0,0,0,19,7,1
282.329,1,16648192,windows,0,2815,2586.25,27,0,0,0,0,0,0,19,7,1
282.357,0,16571392,repair,0,2815,2586.25,27,0,0,0,0,0,0,19,7,1
282.593,1,16665600,windows,0,2815,2586.25,27,0,0,0,0,0,0,19,7,1
282.618,0,16585728,windows,0,2815,2586.25,27,0,0,0,0,0,0,19,7,1
282.849,1,16681984,windows,0,2815,2586.25,27,0,0,0,0,0,0,19,7,1
282.878,0,16598016,windows,0,2815,2586.25,27,0,0,0,0,0,0,19,7,1
283.109,1,16698368,windows,0,2815,2586.25,27,0,0,0,0,0,0,19,7,1
283.141,0,16612352,windows,0,2815,2586.25,27,0,0,0,0,0,0,19,7,1
283.371,1,16715776,windows,0,2815,2586.25,27,0,0,0,0,0,0,19,7,1
283.402,0,16626688,windows,0,2815,2586.25,27,0,0,0,0,0,0,19,7,1
283.636,1,16730112,windows,0,2815,2586.25,27,0,0,0,0,0,0,19,7,1
283.665,0,16637952,windows,0,2815,2586.25,27,0,0,0,0,0,0,19,7,1
283.892,1,16743424,windows,0,2815,2586.25,27,0,0,0,0,0,0,19,7,1
283.929,0,16651264,windows,0,2815,2586.25,27,0,0,0,0,0,0,19,7,1
284.149,1,16756736,windows,0,2815,2586.25,27,0,0,0,0,0,0,19,7,1
284.192,0,16664576,windows,0,2815,2586.25,27,0,0,0,0,0,0,19,7,1
284.413,1,16771072,windows,0,2815,2586.25,27,0,0,0,0,0,0,19,7,1
284.45,0,16678912,windows,0,2815,2586.25,27,0,0,0,0,0,0,19,7,1
284.683,1,16785408,windows,0,2815,2586.25,27,0,0,0,0,0,0,19,7,1
284.717,0,16693248,windows,0,2815,2586.25,27,0,0,0,0,0,0,19,7,1
284.948,1,16799744,windows,0,2815,2586.25,27,0,0,0,0,0,0,19,7,1
284.996,0,16707584,windows,0,2815,2586.25,27,0,0,0,0,0,0,19,7,1
285.203,1,16816128,windows,0,2815,2586.25,27,0,0,0,0,0,0,19,7,1
285.255,0,16720896,windows,0,2815,2586.25,27,0,0,0,0,0,0,19,7,1
285.458,1,16832512,windows,0,2815,2586.25,27,0,0,0,0,0,0,19,7,1
285.508,0,16733184,windows,0,2815,2586.25,27,0,0,0,0,0,0,19,7,1
285.71,1,16846848,windows,0,2815,2586.25,27,0,0,0,0,0,0,19,7,1
285.776,0,16746496,windows,0,2815,2586.25,27,0,0,0,0,0,0,19,7,1
285.962,1,16861184,windows,0,2815,2586.25,27,0,0,0,0,0,0,19,7,1
286.035,0,16759808,windows,0,2815,2586.25,27,0,0,0,0,0,0,19,7,1
286.229,1,16876544,windows,0,2815,2586.25,27,0,0,0,0,0,0,19,7,1
286.294,0,16773120,windows,0,2815,2586.25,27,0,0,0,0,0,0,19,7,1
286.481,1,16891904,windows,0,2815,2586.25,27,0,0,0,0,0,0,19,7,1
286.547,0,16786432,windows,0,2815,2586.25,27,0,0,0,0,0,0,19,7,1
286.745,1,16909312,windows,0,2815,2586.25,27,0,0,0,0,0,0,19,7,1
286.804,0,16799744,windows,0,2815,2586.25,27,0,0,0,0,0,0,19,7,1
287.003,1,16923648,windows,0,2815,2586.25,27,0,0,0,0,0,0,19,7,1
287.072,0,16813056,windows,0,2815,2586.25,27,0,0,0,0,0,0,19,7,1
287.27,1,16939008,windows,0,2815,2586.25,27,0,0,0,0,0,0,19,7,1
287.322,0,16827392,windows,0,2815,2586.25,27,0,0,0,0,0,0,19,7,1
287.522,1,16955392,windows,0,2815,2586.25,27,0,0,0,0,0,0,19,7,1
287.572,0,16843776,windows,0,2815,2586.25,27,0,0,0,0,0,0,19,7,1
287.79,1,16972800,windows,0,2815,2586.25,27,0,0,0,0,0,0,19,7,1
287.833,0,16860160,windows,0,2815,2586.25,27,0,0,0,0,0,0,19,7,1
288.047,1,16989184,windows,0,2500,2405,25,0,0,0,0,0,0,20,5,0
288.1,0,16876544,windows,0,2815,2586.25,27,0,0,0,0,0,0,19,7,1
288.303,1,17004544,windows,0,2500,2405,25,0,0,0,0,0,0,20,5,0
288.355,0,16892928,windows,0,2815,2586.25,27,0,0,0,0,0,0,19,7,1
288.563,1,17021952,windows,0,2305,2305,24,0,0,0,0,0,0,19,5,0
288.607,0,16908288,windows,0,2305,2305,24,0,0,0,0,0,0,19,5,0
288.816,1,17037312,windows,0,2305,2305,24,0,0,0,0,0,0,19,5,0
288.864,0,16925696,windows,0,2305,2305,24,0,0,0,0,0,0,19,5,0
289.07,1,17052672,windows,0,2305,2305,24,0,0,0,0,0,0,19,5,0
289.121,0,16942080,windows,0,2305,2305,24,0,0,0,0,0,0,19,5,0
289.325,1,17070080,windows,0,2305,2305,24,0,0,0,0,0,0,19,5,0
289.372,0,16957440,windows,0,2305,2305,24,0,0,0,0,0,0,19,5,0
289.578,1,17086464,windows,0,2305,2305,24,0,0,0,0,0,0,19,5,0
289.631,0,16975872,windows,0,2305,2305,24,0,0,0,0,0,0,19,5,0
289.831,1,17101824,windows,0,2305,2305,24,0,0,0,0,0,0,19,5,0
289.892,0,16993280,windows,0,2305,2305,24,0,0,0,0,0,0,19,5,0
290.084,1,17118208,windows,0,2305,2305,24,0,0,0,0,0,0,19,5,0
290.152,0,17010688,windows,0,2305,2305,24,0,0,0,0,0,0,19,5,0
290.347,1,17137664,windows,0,2305,2305,24,0,0,0,0,0,0,19,5,0
290.409,0,17029120,windows,0,2305,2305,24,0,0,0,0,0,0,19,5,0
290.6,1,17157120,windows,0,2305,2305,24,0,0,0,0,0,0,19,5,0
290.663,0,17046528,windows,0,2305,2305,24,0,0,0,0,0,0,19,5,0
290.863,1,17177600,windows,0,2120,2120,23,0,0,0,0,0,0,18,5,0
290.917,0,17063936,windows,0,2305,2305,24,0,0,0,0,0,0,19,5,0
291.121,1,17197056,windows,0,2120,2120,23,0,0,0,0,0,0,18,5,0
291.182,0,17081344,windows,0,2305,2305,24,0,0,0,0,0,0,19,5,0
291.378,1,17214464,windows,0,2120,2120,23,0,0,0,0,0,0,18,5,0
291.436,0,17098752,windows,0,2120,2120,23,0,0,0,0,0,0,18,5,0
291.639,1,17232896,windows,0,2120,2120,23,0,0,0,0,0,0,18,5,0
291.698,0,17117184,windows,0,1945,1850,22,0,0,0,0,0,0,17,5,0
291.894,1,17251328,windows,0,1945,1850,22,0,0,0,0,0,0,17,5,0
291.96,0,17136640,windows,0,1945,1850,22,0,0,0,0,0,0,17,5,0
292.15,1,17269760,windows,0,1945,1850,22,0,0,0,0,0,0,17,5,0
292.22,0,17156096,windows,0,1945,1850,22,0,0,0,0,0,0,17,5,0
292.4,1,17289216,windows,0,1945,1850,22,0,0,0,0,0,0,17,5,0
292.478,0,17175552,windows,0,1945,1850,22,0,0,0,0,0,0,17,5,0
292.66,1,17309696,windows,0,1945,1850,22,0,0,0,0,0,0,17,5,0
292.729,0,17192960,windows,0,1945,1850,22,0,0,0,0,0,0,17,5,0
292.919,1,17328128,repair,0,1945,1850,22,0,0,0,0,0,0,17,5,0
292.993,0,17210368,windows,0,1945,1850,22,0,0,0,0,0,0,17,5,0
293.18,1,17344512,repair,0,1945,1850,22,0,0,0,0,0,0,17,5,0
293.247,0,17224704,windows,0,1945,1850,22,0,0,0,0,0,0,17,5,0
293.432,1,17361920,windows,0,1945,1850,22,0,0,0,0,0,0,17,5,0
293.513,0,17241088,windows,0,1945,1850,22,0,0,0,0,0,0,17,5,0
293.683,1,17379328,windows,0,1945,1850,22,0,0,0,0,0,0,17,5,0
293.774,0,17255424,windows,0,1945,1850,22,0,0,0,0,0,0,17,5,0
293.936,1,17395712,windows,0,1945,1850,22,0,0,0,0,0,0,17,5,0
294.026,0,17269760,windows,0,1945,1850,22,0,0,0,0,0,0,17,5,0
294.191,1,17412096,windows,0,1945,1850,22,0,0,0,0,0,0,17,5,0
294.291,0,17285120,windows,0,1945,1850,22,0,0,0,0,0,0,17,5,0
294.452,1,17427456,windows,0,1945,1850,22,0,0,0,0,0,0,17,5,0
294.551,0,17302528,windows,0,1945,1850,22,0,0,0,0,0,0,17,5,0
294.703,1,17440768,windows,0,1945,1850,22,0,0,0,0,0,0,17,5,0
294.809,0,17321984,windows,0,1945,1850,22,0,0,0,0,0,0,17,5,0
294.956,1,17455104,windows,0,1945,1850,22,0,0,0,0,0,0,17,5,0
295.068,0,17341440,windows,0,1945,1850,22,0,0,0,0,0,0,17,5,0
295.221,1,17469440,windows,0,1945,1850,22,0,0,0,0,0,0,17,5,0
295.321,0,17360896,windows,0,1945,1850,22,0,0,0,0,0,0,17,5,0
295.473,1,17483776,windows,0,1945,1850,22,0,0,0,0,0,0,17,5,0
295.573,0,17379328,windows,0,1945,1850,22,0,0,0,0,0,0,17,5,0
295.731,1,17498112,windows,0,1945,1850,22,0,0,0,0,0,0,17,5,0
295.827,0,17397760,windows,0,1945,1850,22,0,0,0,0,0,0,17,5,0
295.994,1,17512448,windows,0,1945,1850,22,0,0,0,0,0,0,17,5,0
296.078,0,17414144,windows,0,1945,1850,22,0,0,0,0,0,0,17,5,0
296.247,1,17527808,windows,0,1945,1850,22,0,0,0,0,0,0,17,5,0
296.329,0,17429504,windows,0,1945,1850,22,0,0,0,0,0,0,17,5,0
296.508,1,17543168,windows,0,1945,1850,22,0,0,0,0,0,0,17,5,0
296.584,0,17443840,windows,0,1945,1850,22,0,0,0,0,0,0,17,5,0
296.775,1,17558528,windows,0,1945,1850,22,0,0,0,0,0,0,17,5,0
296.848,0,17459200,windows,0,1945,1850,22,0,0,0,0,0,0,17,5,0
297.03,1,17573888,windows,0,1945,1850,22,0,0,0,0,0,0,17,5,0
297.111,0,17473536,repair,0,1945,1850,22,0,0,0,0,0,0,17,5,0
297.289,1,17589248,repair,0,1945,1850,22,0,0,0,0,0,0,17,5,0
297.377,0,17488896,repair,0,1945,1850,22,0,0,0,0,0,0,17,5,0
297.547,1,17604608,windows,0,1945,1850,22,0,0,0,0,0,0,17,5,0
297.633,0,17501184,repair,0,1945,1850,22,0,0,0,0,0,0,17,5,0
297.804,1,17618944,windows,0,1945,1850,22,0,0,0,0,0,0,17,5,0
297.892,0,17516544,repair,0,1945,1850,22,0,0,0,0,0,0,17,5,0
298.056,1,17632256,windows,0,1945,1850,22,0,0,0,0,0,0,17,5,0
298.144,0,17531904,windows,0,1945,1850,22,0,0,0,0,0,0,17,5,0
298.322,1,17646592,windows,0,1945,1850,22,0,0,0,0,0,0,17,5,0
298.403,0,17546240,windows,0,1945,1850,22,0,0,0,0,0,0,17,5,0
298.573,1,17659904,windows,0,1945,1850,22,0,0,0,0,0,0,17,5,0
298.664,0,17560576,windows,0,1945,1850,22,0,0,0,0,0,0,17,5,0
298.829,1,17674240,windows,0,1945,1850,22,0,0,0,0,0,0,17,5,0
298.925,0,17574912,windows,0,1945,1850,22,0,0,0,0,0,0,17,5,0
299.096,1,17688576,windows,0,1945,1850,22,0,0,0,0,0,0,17,5,0
299.191,0,17590272,windows,0,1945,1850,22,0,0,0,0,0,0,17,5,0
299.361,1,17702912,windows,0,1945,1850,22,0,0,0,0,0,0,17,5,0
299.452,0,17603584,windows,0,1945,1850,22,0,0,0,0,0,0,17,5,0
299.616,1,17717248,windows,0,1945,1850,22,0,0,0,0,0,0,17,5,0
299.708,0,17617920,windows,0,1945,1850,22,0,0,0,0,0,0,17,5,0
299.88,1,17731584,windows,0,1945,1850,22,0,0,0,0,0,0,17,5,0
299.961,0,17631232,windows,0,1945,1850,22,0,0,0,0,0,0,17,5,0
300.141,1,17745920,windows,0,1945,1850,22,0,0,0,0,0,0,17,5,0
300.226,0,17645568,windows,0,1945,1850,22,0,0,0,0,0,0,17,5,0
300.399,1,17760256,windows,0,1945,1850,22,0,0,0,0,0,0,17,5,0
300.488,0,17659904,windows,0,1945,1850,22,0,0,0,0,0,0,17,5,0
300.667,1,17773568,windows,0,1945,1850,22,0,0,0,0,0,0,17,5,0
300.754,0,17674240,windows,0,1945,1850,22,0,0,0,0,0,0,17,5,0
300.934,1,17788928,windows,0,1945,1850,22,0,0,0,0,0,0,17,5,0
301.021,0,17688576,windows,0,1945,1850,22,0,0,0,0,0,0,17,5,0
301.185,1,17803264,windows,0,1945,1850,22,0,0,0,0,0,0,17,5,0
301.287,0,17702912,windows,0,1945,1850,22,0,0,0,0,0,0,17,5,0
301.451,1,17818624,windows,0,1945,1850,22,0,0,0,0,0,0,17,5,0
301.55,0,17717248,windows,0,1945,1850,22,0,0,0,0,0,0,17,5,0
301.709,1,17833984,windows,0,1945,1850,22,0,0,0,0,0,0,17,5,0
301.809,0,17731584,windows,0,1945,1850,22,0,0,0,0,0,0,17,5,0
301.962,1,17849344,windows,0,1945,1850,22,0,0,0,0,0,0,17,5,0
302.077,0,17745920,windows,0,1945,1850,22,0,0,0,0,0,0,17,5,0
302.218,1,17863680,windows,0,1945,1850,22,0,0,0,0,0,0,17,5,0
302.34,0,17760256,windows,0,1945,1850,22,0,0,0,0,0,0,17,5,0
302.477,1,17880064,windows,0,1945,1850,22,0,0,0,0,0,0,17,5,0
302.59,0,17776640,windows,0,1945,1850,22,0,0,0,0,0,0,17,5,0
302.729,1,17895424,windows,0,1945,1850,22,0,0,0,0,0,0,17,5,0
302.841,0,17794048,windows,0,1945,1850,22,0,0,0,0,0,0,17,5,0
302.99,1,17910784,windows,0,1945,1850,22,0,0,0,0,0,0,17,5,0
303.101,0,17810432,windows,0,1945,1850,22,0,0,0,0,0,0,17,5,0
303.256,1,17927168,windows,0,1945,1850,22,0,0,0,0,0,0,17,5,0
303.352,0,17825792,windows,0,1945,1850,22,0,0,0,0,0,0,17,5,0
303.513,1,17943552,windows,0,1945,1850,22,0,0,0,0,0,0,17,5,0
303.612,0,17843200,windows,0,1945,1850,22,0,0,0,0,0,0,17,5,0
303.763,1,17958912,windows,0,1945,1850,22,0,0,0,0,0,0,17,5,0
303.864,0,17860608,windows,0,1945,1850,22,0,0,0,0,0,0,17,5,0
304.02,1,17974272,windows,0,1945,1850,22,0,0,0,0,0,0,17,5,0
304.127,0,17878016,windows,0,1945,1850,22,0,0,0,0,0,0,17,5,0
304.287,1,17990656,windows,0,1945,1850,22,0,0,0,0,0,0,17,5,0
304.39,0,17894400,windows,0,1945,1850,22,0,0,0,0,0,0,17,5,0
304.537,1,18004992,windows,0,1945,1850,22,0,0,0,0,0,0,17,5,0
304.647,0,17909760,repair,0,1945,1850,22,0,0,0,0,0,0,17,5,0
304.809,1,18019328,windows,0,1945,1850,22,0,0,0,0,0,0,17,5,0
304.908,0,17926144,repair,0,1945,1850,22,0,0,0,0,0,0,17,5,0
305.073,1,18036736,windows,0,1945,1850,22,0,0,0,0,0,0,17,5,0
305.163,0,17942528,windows,0,1945,1850,22,0,0,0,0,0,0,17,5,0
305.338,1,18054144,windows,0,1945,1850,22,0,0,0,0,0,0,17,5,0
305.415,0,17958912,windows,0,1945,1850,22,0,0,0,0,0,0,17,5,0
305.595,1,18071552,windows,0,1945,1850,22,0,0,0,0,0,0,17,5,0
305.673,0,17973248,windows,0,1945,1850,22,0,0,0,0,0,0,17,5,0
305.851,1,18089984,windows,0,1945,1850,22,0,0,0,0,0,0,17,5,0
305.936,0,17991680,windows,0,1945,1850,22,0,0,0,0,0,0,17,5,0
306.106,1,18108416,windows,0,1945,1850,22,0,0,0,0,0,0,17,5,0
306.191,0,18008064,windows,0,1945,1850,22,0,0,0,0,0,0,17,5,0
306.356,1,18126848,windows,0,1945,1850,22,0,0,0,0,0,0,17,5,0
306.454,0,18024448,windows,0,1945,1850,22,0,0,0,0,0,0,17,5,0
306.617,1,18143232,windows,0,1945,1850,22,0,0,0,0,0,0,17,5,0
306.711,0,18038784,windows,0,1945,1850,22,0,0,0,0,0,0,17,5,0
306.872,1,18160640,windows,0,1945,1850,22,0,0,0,0,0,0,17,5,0
306.971,0,18055168,windows,0,1945,1850,22,0,0,0,0,0,0,17,5,0
307.133,1,18177024,windows,0,1940,1865,22,0,0,0,0,0,0,18,4,0
307.238,0,18070528,windows,0,1945,1850,22,0,0,0,0,0,0,17,5,0
307.392,1,18193408,windows,0,1765,1690,21,0,0,0,0,0,0,17,4,0
307.496,0,18085888,windows,0,1945,1850,22,0,0,0,0,0,0,17,5,0
307.648,1,18209792,windows,0,1765,1690,21,0,0,0,0,0,0,17,4,0
307.761,0,18101248,windows,0,1945,1850,22,0,0,0,0,0,0,17,5,0
307.902,1,18225152,windows,0,1625,1530,20,0,0,0,0,0,0,15,5,0
308.013,0,18115584,windows,0,1945,1850,22,0,0,0,0,0,0,17,5,0
308.162,1,18241536,windows,0,1445,1370,19,0,0,0,0,0,0,15,4,0
308.278,0,18131968,windows,0,1945,1850,22,0,0,0,0,0,0,17,5,0
308.418,1,18257920,windows,0,1445,1370,19,0,0,0,0,0,0,15,4,0
308.543,0,18148352,windows,0,1945,1850,22,0,0,0,0,0,0,17,5,0
308.68,1,18274304,windows,0,1445,1370,19,0,0,0,0,0,0,15,4,0
308.798,0,18164736,windows,0,1945,1850,22,0,0,0,0,0,0,17,5,0
308.937,1,18288640,windows,0,1445,1370,19,0,0,0,0,0,0,15,4,0
309.062,0,18181120,windows,0,1945,1850,22,0,0,0,0,0,0,17,5,0
309.194,1,18302976,windows,0,1445,1370,19,0,0,0,0,0,0,15,4,0
309.317,0,18197504,windows,0,1445,1370,19,0,0,0,0,0,0,15,4,0
309.451,1,18317312,windows,0,1445,1370,19,0,0,0,0,0,0,15,4,0
309.582,0,18214912,windows,0,1445,1370,19,0,0,0,0,0,0,15,4,0
309.712,1,18331648,windows,0,1300,1225,18,0,0,0,0,0,0,14,4,0
309.84,0,18231296,windows,0,1445,1370,19,0,0,0,0,0,0,15,4,0
309.975,1,18347008,windows,0,1300,1225,18,0,0,0,0,0,0,14,4,0
310.094,0,18247680,windows,0,1445,1370,19,0,0,0,0,0,0,15,4,0
310.243,1,18362368,windows,0,1300,1225,18,0,0,0,0,0,0,14,4,0
310.364,0,18263040,repair,0,1445,1370,19,0,0,0,0,0,0,15,4,0
310.497,1,18376704,windows,0,1300,1225,18,0,0,0,0,0,0,14,4,0
310.622,0,18278400,repair,0,1445,1370,19,0,0,0,0,0,0,15,4,0
310.755,1,18392064,windows,0,1300,1225,18,0,0,0,0,0,0,14,4,0
310.883,0,18295808,windows,0,1445,1370,19,0,0,0,0,0,0,15,4,0
311.019,1,18406400,windows,0,1300,1225,18,0,0,0,0,0,0,14,4,0
311.138,0,18313216,windows,0,1445,1370,19,0,0,0,0,0,0,15,4,0
311.284,1,18421760,windows,0,1300,1225,18,0,0,0,0,0,0,14,4,0
311.399,0,18330624,windows,0,1445,1370,19,0,0,0,0,0,0,15,4,0
311.543,1,18437120,windows,0,1300,1225,18,0,0,0,0,0,0,14,4,0
311.651,0,18348032,windows,0,1445,1370,19,0,0,0,0,0,0,15,4,0
311.805,1,18452480,windows,0,1300,1225,18,0,0,0,0,0,0,14,4,0
311.907,0,18364416,windows,0,1445,1370,19,0,0,0,0,0,0,15,4,0
312.057,1,18466816,windows,0,1300,1225,18,0,0,0,0,0,0,14,4,0
312.16,0,18380800,windows,0,1445,1370,19,0,0,0,0,0,0,15,4,0
312.312,1,18482176,windows,0,1300,1225,18,0,0,0,0,0,0,14,4,0
312.423,0,18399232,windows,0,1445,1370,19,0,0,0,0,0,0,15,4,0
312.577,1,18497536,windows,0,1300,1225,18,0,0,0,0,0,0,14,4,0
312.679,0,18416640,windows,0,1445,1370,19,0,0,0,0,0,0,15,4,0
312.829,1,18511872,windows,0,1300,1225,18,0,0,0,0,0,0,14,4,0
312.941,0,18435072,windows,0,1445,1370,19,0,0,0,0,0,0,15,4,0
313.094,1,18526208,windows,0,1300,1225,18,0,0,0,0,0,0,14,4,0
313.193,0,18450432,windows,0,1445,1370,19,0,0,0,0,0,0,15,4,0
313.345,1,18539520,windows,0,1300,1225,18,0,0,0,0,0,0,14,4,0
313.447,0,18465792,windows,0,1300,1225,18,0,0,0,0,0,0,14,4,0
313.595,1,18552832,windows,0,1300,1225,18,0,0,0,0,0,0,14,4,0
313.705,0,18483200,windows,0,1300,1225,18,0,0,0,0,0,0,14,4,0
313.852,1,18567168,windows,0,1300,1225,18,0,0,0,0,0,0,14,4,0
313.969,0,18499584,windows,0,1300,1225,18,0,0,0,0,0,0,14,4,0
314.113,1,18580480,windows,0,1300,1225,18,0,0,0,0,0,0,14,4,0
314.219,0,18515968,windows,0,1300,1225,18,0,0,0,0,0,0,14,4,0
314.377,1,18594816,windows,0,1300,1225,18,0,0,0,0,0,0,14,4,0
314.482,0,18534400,windows,0,1300,1225,18,0,0,0,0,0,0,14,4,0
314.641,1,18609152,windows,0,1300,1225,18,0,0,0,0,0,0,14,4,0
314.735,0,18551808,windows,0,1300,1225,18,0,0,0,0,0,0,14,4,0
314.894,1,18623488,windows,0,1300,1225,18,0,0,0,0,0,0,14,4,0
314.987,0,18570240,windows,0,1300,1225,18,0,0,0,0,0,0,14,4,0
315.151,1,18636800,windows,0,1300,1225,18,0,0,0,0,0,0,14,4,0
315.244,0,18587648,windows,0,1300,1225,18,0,0,0,0,0,0,14,4,0
315.417,1,18651136,windows,0,1300,1225,18,0,0,0,0,0,0,14,4,0
315.495,0,18605056,windows,0,1300,1225,18,0,0,0,0,0,0,14,4,0
315.681,1,18666496,windows,0,1300,1225,18,0,0,0,0,0,0,14,4,0
315.748,0,18622464,windows,0,1300,1225,18,0,0,0,0,0,0,14,4,0
315.941,1,18680832,windows,0,1300,1225,18,0,0,0,0,0,0,14,4,0
316,0,18639872,windows,0,1300,1225,18,0,0,0,0,0,0,14,4,0
316.205,1,18694144,windows,0,1300,1225,18,0,0,0,0,0,0,14,4,0
316.259,0,18659328,windows,0,1300,1225,18,0,0,0,0,0,0,14,4,0
316.455,1,18708480,windows,0,1300,1225,18,0,0,0,0,0,0,14,4,0
316.519,0,18677760,windows,0,1300,1225,18,0,0,0,0,0,0,14,4,0
316.72,1,18723840,windows,0,1300,1225,18,0,0,0,0,0,0,14,4,0
316.781,0,18696192,windows,0,1300,1225,18,0,0,0,0,0,0,14,4,0
316.982,1,18739200,windows,0,1300,1225,18,0,0,0,0,0,0,14,4,0
317.034,0,18713600,windows,0,1300,1225,18,0,0,0,0,0,0,14,4,0
317.235,1,18751488,repair,0,1300,1225,18,0,0,0,0,0,0,14,4,0
317.29,0,18731008,windows,0,1300,1225,18,0,0,0,0,0,0,14,4,0
317.491,1,18764800,repair,0,1300,1225,18,0,0,0,0,0,0,14,4,0
317.553,0,18748416,windows,0,1300,1225,18,0,0,0,0,0,0,14,4,0
317.757,1,18779136,windows,0,1300,1225,18,0,0,0,0,0,0,14,4,0
317.804,0,18765824,windows,0,1300,1225,18,0,0,0,0,0,0,14,4,0
318.013,1,18793472,windows,0,1300,1225,18,0,0,0,0,0,0,14,4,0
318.054,0,18781184,windows,0,1300,1225,18,0,0,0,0,0,0,14,4,0
318.269,1,18807808,windows,0,1300,1225,18,0,0,0,0,0,0,14,4,0
318.308,0,18798592,windows,0,1300,1225,18,0,0,0,0,0,0,14,4,0
318.528,1,18822144,windows,0,1300,1225,18,0,0,0,0,0,0,14,4,0
318.559,0,18814976,windows,0,1300,1225,18,0,0,0,0,0,0,14,4,0
318.796,1,18836480,windows,0,1300,1225,18,0,0,0,0,0,0,14,4,0
318.815,0,18831360,windows,0,1300,1225,18,0,0,0,0,0,0,14,4,0
319.059,1,18850816,windows,0,1300,1225,18,0,0,0,0,0,0,14,4,0
319.068,0,18848768,windows,0,1300,1225,18,0,0,0,0,0,0,14,4,0
319.323,1,18865152,windows,0,1300,1225,18,0,0,0,0,0,0,14,4,0
319.33,0,18866176,windows,0,1300,1225,18,0,0,0,0,0,0,14,4,0
319.581,0,18883584,windows,0,1300,1225,18,0,0,0,0,0,0,14,4,0
319.584,1,18879488,windows,0,1300,1225,18,0,0,0,0,0,0,14,4,0
319.835,1,18892800,windows,0,1300,1225,18,0,0,0,0,0,0,14,4,0
319.843,0,18900992,repair,0,1300,1225,18,0,0,0,0,0,0,14,4,0
320.094,1,18905088,windows,0,1300,1225,18,0,0,0,0,0,0,14,4,0
320.095,0,18918400,windows,0,1300,1225,18,0,0,0,0,0,0,14,4,0
320.355,0,18936832,windows,0,1300,1225,18,0,0,0,0,0,0,14,4,0
320.36,1,18919424,windows,0,1300,1225,18,0,0,0,0,0,0,14,4,0
320.605,0,18954240,windows,0,1300,1225,18,0,0,0,0,0,0,14,4,0
320.628,1,18932736,windows,0,1300,1225,18,0,0,0,0,0,0,14,4,0
320.863,0,18970624,windows,0,1300,1225,18,0,0,0,0,0,0,14,4,0
320.891,1,18947072,repair,0,1300,1225,18,0,0,0,0,0,0,14,4,0
321.115,0,18987008,windows,0,1300,1225,18,0,0,0,0,0,0,14,4,0
321.146,1,18959360,repair,0,1300,1225,18,0,0,0,0,0,0,14,4,0
321.375,0,19003392,windows,0,1300,1225,18,0,0,0,0,0,0,14,4,0
321.407,1,18974720,windows,0,1300,1225,18,0,0,0,0,0,0,14,4,0
321.637,0,19020800,windows,0,1300,1225,18,0,0,0,0,0,0,14,4,0
321.669,1,18989056,windows,0,1300,1225,18,0,0,0,0,0,0,14,4,0
321.897,0,19038208,windows,0,1300,1225,18,0,0,0,0,0,0,14,4,0
321.937,1,19003392,windows,0,1300,1225,18,0,0,0,0,0,0,14,4,0
322.149,0,19054592,windows,0,1300,1225,18,0,0,0,0,0,0,14,4,0
322.204,1,19018752,windows,0,1300,1225,18,0,0,0,0,0,0,14,4,0
322.412,0,19072000,windows,0,1300,1225,18,0,0,0,0,0,0,14,4,0
322.455,1,19032064,windows,0,1300,1225,18,0,0,0,0,0,0,14,4,0
322.664,0,19088384,windows,0,1300,1225,18,0,0,0,0,0,0,14,4,0
322.72,1,19043328,windows,0,1300,1225,18,0,0,0,0,0,0,14,4,0
322.924,0,19104768,windows,0,1300,1225,18,0,0,0,0,0,0,14,4,0
322.986,1,19057664,windows,0,1300,1225,18,0,0,0,0,0,0,14,4,0
323.188,0,19122176,windows,0,1300,1225,18,0,0,0,0,0,0,14,4,0
323.239,1,19072000,windows,0,1300,1225,18,0,0,0,0,0,0,14,4,0
323.439,0,19138560,repair,0,1300,1225,18,0,0,0,0,0,0,14,4,0
323.502,1,19089408,windows,0,1300,1225,18,0,0,0,0,0,0,14,4,0
323.695,0,19155968,repair,0,1300,1225,18,0,0,0,0,0,0,14,4,0
323.766,1,19107840,windows,0,1300,1225,18,0,0,0,0,0,0,14,4,0
323.946,0,19175424,windows,0,1300,1225,18,0,0,0,0,0,0,14,4,0
324.022,1,19125248,windows,0,1300,1225,18,0,0,0,0,0,0,14,4,0
324.211,0,19193856,windows,0,1300,1225,18,0,0,0,0,0,0,14,4,0
324.288,1,19143680,repair,0,1300,1225,18,0,0,0,0,0,0,14,4,0
324.474,0,19211264,windows,0,1300,1225,18,0,0,0,0,0,0,14,4,0
324.551,1,19161088,repair,0,1300,1225,18,0,0,0,0,0,0,14,4,0
324.726,0,19227648,windows,0,1300,1225,18,0,0,0,0,0,0,14,4,0
324.807,1,19179520,repair,0,1300,1225,18,0,0,0,0,0,0,14,4,0
324.987,0,19245056,windows,0,1300,1225,18,0,0,0,0,0,0,14,4,0
325.073,1,19197952,windows,0,1300,1225,18,0,0,0,0,0,0,14,4,0
325.249,0,19263488,windows,0,1300,1225,18,0,0,0,0,0,0,14,4,0
325.331,1,19215360,windows,0,1300,1225,18,0,0,0,0,0,0,14,4,0
325.513,0,19281920,windows,0,1300,1225,18,0,0,0,0,0,0,14,4,0
325.594,1,19231744,windows,0,1300,1225,18,0,0,0,0,0,0,14,4,0
325.769,0,19299328,windows,0,1300,1225,18,0,0,0,0,0,0,14,4,0
325.859,1,19248128,windows,0,1300,1225,18,0,0,0,0,0,0,14,4,0
326.032,0,19316736,windows,0,1300,1225,18,0,0,0,0,0,0,14,4,0
326.111,1,19263488,windows,0,1300,1225,18,0,0,0,0,0,0,14,4,0
326.289,0,19334144,windows,0,1300,1225,18,0,0,0,0,0,0,14,4,0
326.37,1,19277824,windows,0,1300,1225,18,0,0,0,0,0,0,14,4,0
326.545,0,19349504,windows,0,1300,1225,18,0,0,0,0,0,0,14,4,0
326.63,1,19291136,windows,0,1300,1225,18,0,0,0,0,0,0,14,4,0
326.796,0,19363840,windows,0,1300,1225,18,0,0,0,0,0,0,14,4,0
326.893,1,19304448,windows,0,1300,1225,18,0,0,0,0,0,0,14,4,0
327.055,0,19379200,windows,0,1300,1225,18,0,0,0,0,0,0,14,4,0
327.162,1,19317760,windows,0,1300,1225,18,0,0,0,0,0,0,14,4,0
327.313,0,19393536,windows,0,1300,1225,18,0,0,0,0,0,0,14,4,0
327.415,1,19326976,windows,0,1300,1225,18,0,0,0,0,0,0,14,4,0
327.575,0,19408896,windows,0,1300,1225,18,0,0,0,0,0,0,14,4,0
327.683,1,19338240,windows,0,1300,1225,18,0,0,0,0,0,0,14,4,0
327.837,0,19427328,windows,0,1300,1225,18,0,0,0,0,0,0,14,4,0
327.939,1,19349504,windows,0,1300,1225,18,0,0,0,0,0,0,14,4,0
328.087,0,19443712,repair,0,1300,1225,18,0,0,0,0,0,0,14,4,0
328.203,1,19363840,windows,0,1300,1225,18,0,0,0,0,0,0,14,4,0
328.341,0,19461120,repair,0,1300,1225,18,0,0,0,0,0,0,14,4,0
328.467,1,19378176,windows,0,1300,1225,18,0,0,0,0,0,0,14,4,0
328.601,0,19479552,windows,0,1300,1225,18,0,0,0,0,0,0,14,4,0
328.721,1,19392512,windows,0,1300,1225,18,0,0,0,0,0,0,14,4,0
328.852,0,19496960,windows,0,1300,1225,18,0,0,0,0,0,0,14,4,0
328.989,1,19406848,windows,0,1300,1225,18,0,0,0,0,0,0,14,4,0
329.107,0,19513344,windows,0,1300,1225,18,0,0,0,0,0,0,14,4,0
329.254,1,19421184,windows,0,1300,1225,18,0,0,0,0,0,0,14,4,0
329.371,0,19530752,windows,0,1300,1225,18,0,0,0,0,0,0,14,4,0
329.517,1,19435520,windows,0,1300,1225,18,0,0,0,0,0,0,14,4,0
329.623,0,19546112,windows,0,1300,1225,18,0,0,0,0,0,0,14,4,0
329.79,1,19449856,windows,0,1300,1225,18,0,0,0,0,0,0,14,4,0
329.877,0,19559424,windows,0,1300,1225,18,0,0,0,0,0,0,14,4,0
330.056,1,19463168,windows,0,1300,1225,18,0,0,0,0,0,0,14,4,0
330.147,0,19572736,windows,0,1300,1225,18,0,0,0,0,0,0,14,4,0
330.323,1,19477504,windows,0,1300,1225,18,0,0,0,0,0,0,14,4,0
330.413,0,19587072,windows,0,1300,1225,18,0,0,0,0,0,0,14,4,0
330.574,1,19490816,windows,0,1300,1225,18,0,0,0,0,0,0,14,4,0
330.678,0,19601408,windows,0,1300,1225,18,0,0,0,0,0,0,14,4,0
330.825,1,19505152,windows,0,1300,1225,18,0,0,0,0,0,0,14,4,0
330.943,0,19615744,windows,0,1300,1225,18,0,0,0,0,0,0,14,4,0
331.09,1,19519488,windows,0,1300,1225,18,0,0,0,0,0,0,14,4,0
331.203,0,19630080,windows,0,1300,1225,18,0,0,0,0,0,0,14,4,0
331.345,1,19533824,windows,0,1300,1225,18,0,0,0,0,0,0,14,4,0
331.465,0,19644416,windows,0,1300,1225,18,0,0,0,0,0,0,14,4,0
331.599,1,19548160,windows,0,1300,1225,18,0,0,0,0,0,0,14,4,0
331.73,0,19658752,windows,0,1300,1225,18,0,0,0,0,0,0,14,4,0
331.869,1,19563520,windows,0,1300,1225,18,0,0,0,0,0,0,14,4,0
331.985,0,19672064,windows,0,1300,1225,18,0,0,0,0,0,0,14,4,0
332.132,1,19577856,windows,0,1300,1225,18,0,0,0,0,0,0,14,4,0
332.239,0,19685376,windows,0,1300,1225,18,0,0,0,0,0,0,14,4,0
332.388,1,19593216,windows,0,1300,1225,18,0,0,0,0,0,0,14,4,0
332.504,0,19699712,windows,0,1300,1225,18,0,0,0,0,0,0,14,4,0
332.64,1,19607552,repair,0,1300,1225,18,0,0,0,0,0,0,14,4,0
332.764,0,19714048,windows,0,1300,1225,18,0,0,0,0,0,0,14,4,0
332.893,1,19620864,repair,0,1300,1225,18,0,0,0,0,0,0,14,4,0
333.034,0,19728384,windows,0,1300,1225,18,0,0,0,0,0,0,14,4,0
333.144,1,19634176,windows,0,1300,1225,18,0,0,0,0,0,0,14,4,0
333.293,0,19742720,windows,0,1300,1225,18,0,0,0,0,0,0,14,4,0
333.395,1,19647488,windows,0,1300,1225,18,0,0,0,0,0,0,14,4,0
333.56,0,19758080,windows,0,1300,1225,18,0,0,0,0,0,0,14,4,0
333.646,1,19660800,windows,0,1300,1225,18,0,0,0,0,0,0,14,4,0
333.828,0,19773440,windows,0,1300,1225,18,0,0,0,0,0,0,14,4,0
333.901,1,19674112,windows,0,1300,1225,18,0,0,0,0,0,0,14,4,0
334.085,0,19787776,windows,0,1300,1225,18,0,0,0,0,0,0,14,4,0
334.168,1,19687424,windows,0,1300,1225,18,0,0,0,0,0,0,14,4,0
334.346,0,19803136,windows,0,1300,1225,18,0,0,0,0,0,0,14,4,0
334.422,1,19700736,windows,0,1300,1225,18,0,0,0,0,0,0,14,4,0
334.612,0,19817472,windows,0,1300,1225,18,0,0,0,0,0,0,14,4,0
334.678,1,19714048,windows,0,1300,1225,18,0,0,0,0,0,0,14,4,0
334.874,0,19831808,windows,0,1300,1225,18,0,0,0,0,0,0,14,4,0
334.932,1,19727360,windows,0,1300,1225,18,0,0,0,0,0,0,14,4,0
335.141,0,19847168,windows,0,1300,1225,18,0,0,0,0,0,0,14,4,0
335.196,1,19740672,windows,0,1300,1225,18,0,0,0,0,0,0,14,4,0
335.399,0,19860480,windows,0,1300,1225,18,0,0,0,0,0,0,14,4,0
335.466,1,19753984,windows,0,1300,1225,18,0,0,0,0,0,0,14,4,0
335.65,0,19874816,windows,0,1300,1225,18,0,0,0,0,0,0,14,4,0
335.717,1,19766272,windows,0,1300,1225,18,0,0,0,0,0,0,14,4,0
335.901,0,19887104,windows,0,1300,1225,18,0,0,0,0,0,0,14,4,0
335.978,1,19779584,windows,0,1300,1225,18,0,0,0,0,0,0,14,4,0
336.152,0,19900416,repair,0,1300,1225,18,0,0,0,0,0,0,14,4,0
336.233,1,19791872,windows,0,1300,1225,18,0,0,0,0,0,0,14,4,0
336.409,0,19914752,repair,0,1300,1225,18,0,0,0,0,0,0,14,4,0
336.495,1,19805184,windows,0,1300,1225,18,0,0,0,0,0,0,14,4,0
336.675,0,19930112,repair,0,1300,1225,18,0,0,0,0,0,0,14,4,0
336.755,1,19817472,windows,0,1300,1225,18,0,0,0,0,0,0,14,4,0
336.927,0,19945472,repair,0,1300,1225,18,0,0,0,0,0,0,14,4,0
337.023,1,19829760,windows,0,1300,1225,18,0,0,0,0,0,0,14,4,0
337.186,0,19959808,repair,0,1300,1225,18,0,0,0,0,0,0,14,4,0
337.278,1,19843072,windows,0,1300,1225,18,0,0,0,0,0,0,14,4,0
337.449,0,19973120,windows,0,1300,1225,18,0,0,0,0,0,0,14,4,0
337.547,1,19856384,windows,0,1300,1225,18,0,0,0,0,0,0,14,4,0
337.722,0,19986432,windows,0,1300,1225,18,0,0,0,0,0,0,14,4,0
337.816,1,19869696,windows,0,1300,1225,18,0,0,0,0,0,0,14,4,0
337.987,0,19999744,windows,0,1300,1225,18,0,0,0,0,0,0,14,4,0
338.088,1,19881984,windows,0,1300,1225,18,0,0,0,0,0,0,14,4,0
338.244,0,20013056,windows,0,1300,1225,18,0,0,0,0,0,0,14,4,0
338.34,1,19897344,windows,0,1300,1225,18,0,0,0,0,0,0,14,4,0
338.497,0,20026368,windows,0,1300,1225,18,0,0,0,0,0,0,14,4,0
338.596,1,19912704,windows,0,1300,1225,18,0,0,0,0,0,0,14,4,0
338.753,0,20039680,windows,0,1300,1225,18,0,0,0,0,0,0,14,4,0
338.848,1,19928064,repair,0,1300,1225,18,0,0,0,0,0,0,14,4,0
339.013,0,20054016,windows,0,1300,1225,18,0,0,0,0,0,0,14,4,0
339.106,1,19944448,repair,0,1300,1225,18,0,0,0,0,0,0,14,4,0
339.269,0,20069376,windows,0,1300,1225,18,0,0,0,0,0,0,14,4,0
339.369,1,19961856,windows,0,1300,1225,18,0,0,0,0,0,0,14,4,0
339.528,0,20082688,windows,0,1300,1225,18,0,0,0,0,0,0,14,4,0
339.62,1,19978240,windows,0,1300,1225,18,0,0,0,0,0,0,14,4,0
339.784,0,20096000,windows,0,1300,1225,18,0,0,0,0,0,0,14,4,0
339.88,1,19993600,windows,0,1300,1225,18,0,0,0,0,0,0,14,4,0
340.047,0,20110336,windows,0,1300,1225,18,0,0,0,0,0,0,14,4,0
340.136,1,20008960,windows,0,1300,1225,18,0,0,0,0,0,0,14,4,0
340.313,0,20124672,windows,0,1300,1225,18,0,0,0,0,0,0,14,4,0
340.387,1,20024320,windows,0,1300,1225,18,0,0,0,0,0,0,14,4,0
340.577,0,20139008,windows,0,1300,1225,18,0,0,0,0,0,0,14,4,0
340.645,1,20040704,windows,0,1300,1225,18,0,0,0,0,0,0,14,4,0
340.842,0,20153344,windows,0,1300,1225,18,0,0,0,0,0,0,14,4,0
340.913,1,20056064,windows,0,1300,1225,18,0,0,0,0,0,0,14,4,0
341.108,0,20166656,windows,0,1300,1225,18,0,0,0,0,0,0,14,4,0
341.166,1,20071424,windows,0,1300,1225,18,0,0,0,0,0,0,14,4,0
341.369,0,20180992,windows,0,1300,1225,18,0,0,0,0,0,0,14,4,0
341.423,1,20086784,windows,0,1300,1225,18,0,0,0,0,0,0,14,4,0
341.624,0,20194304,windows,0,1300,1225,18,0,0,0,0,0,0,14,4,0
341.684,1,20102144,windows,0,1300,1225,18,0,0,0,0,0,0,14,4,0
341.888,0,20208640,windows,0,1300,1225,18,0,0,0,0,0,0,14,4,0
341.945,1,20117504,windows,0,1300,1225,18,0,0,0,0,0,0,14,4,0
342.139,0,20221952,windows,0,1300,1225,18,0,0,0,0,0,0,14,4,0
342.209,1,20132864,windows,0,1300,1225,18,0,0,0,0,0,0,14,4,0
342.394,0,20237312,windows,0,1300,1225,18,0,0,0,0,0,0,14,4,0
342.466,1,20148224,windows,0,1300,1225,18,0,0,0,0,0,0,14,4,0
342.659,0,20253696,windows,0,1300,1225,18,0,0,0,0,0,0,14,4,0
342.725,1,20164608,windows,0,1300,1225,18,0,0,0,0,0,0,14,4,0
342.919,0,20270080,windows,0,1300,1225,18,0,0,0,0,0,0,14,4,0
342.978,1,20179968,windows,0,1300,1225,18,0,0,0,0,0,0,14,4,0
343.169,0,20285440,windows,0,1300,1225,18,0,0,0,0,0,0,14,4,0
343.244,1,20196352,windows,0,1300,1225,18,0,0,0,0,0,0,14,4,0
343.427,0,20299776,repair,0,1300,1225,18,0,0,0,0,0,0,14,4,0
343.508,1,20212736,windows,0,1300,1225,18,0,0,0,0,0,0,14,4,0
343.68,0,20315136,repair,0,1300,1225,18,0,0,0,0,0,0,14,4,0
343.767,1,20230144,windows,0,1300,1225,18,0,0,0,0,0,0,14,4,0
343.94,0,20331520,repair,0,1300,1225,18,0,0,0,0,0,0,14,4,0
344.034,1,20246528,windows,0,1300,1225,18,0,0,0,0,0,0,14,4,0
344.205,0,20347904,repair,0,1300,1225,18,0,0,0,0,0,0,14,4,0
344.295,1,20261888,windows,0,1300,1225,18,0,0,0,0,0,0,14,4,0
344.464,0,20362240,windows,0,1300,1225,18,0,0,0,0,0,0,14,4,0
344.56,1,20278272,windows,0,1300,1225,18,0,0,0,0,0,0,14,4,0
344.717,0,20375552,windows,0,1300,1225,18,0,0,0,0,0,0,14,4,0
344.814,1,20293632,windows,0,1300,1225,18,0,0,0,0,0,0,14,4,0
344.976,0,20388864,windows,0,1300,1225,18,0,0,0,0,0,0,14,4,0
345.081,1,20307968,windows,0,1300,1225,18,0,0,0,0,0,0,14,4,0
345.235,0,20403200,windows,0,1300,1225,18,0,0,0,0,0,0,14,4,0
345.344,1,20324352,windows,0,1300,1225,18,0,0,0,0,0,0,14,4,0
345.488,0,20417536,windows,0,1300,1225,18,0,0,0,0,0,0,14,4,0
345.6,1,20340736,repair,0,1300,1225,18,0,0,0,0,0,0,14,4,0
345.741,0,20433920,windows,0,1300,1225,18,0,0,0,0,0,0,14,4,0
345.864,1,20359168,repair,0,1300,1225,18,0,0,0,0,0,0,14,4,0
346.007,0,20447232,windows,0,1300,1225,18,0,0,0,0,0,0,14,4,0
346.119,1,20376576,repair,0,1300,1225,18,0,0,0,0,0,0,14,4,0
346.262,0,20462592,windows,0,1300,1225,18,0,0,0,0,0,0,14,4,0
346.375,1,20395008,windows,0,1300,1225,18,0,0,0,0,0,0,14,4,0
346.512,0,20478976,windows,0,1300,1225,18,0,0,0,0,0,0,14,4,0
346.639,1,20411392,windows,0,1300,1225,18,0,0,0,0,0,0,14,4,0
346.77,0,20494336,windows,0,1300,1225,18,0,0,0,0,0,0,14,4,0
346.892,1,20427776,windows,0,1300,1225,18,0,0,0,0,0,0,14,4,0
347.04,0,20508672,windows,0,1300,1225,18,0,0,0,0,0,0,14,4,0
347.146,1,20442112,windows,0,1300,1225,18,0,0,0,0,0,0,14,4,0
347.292,0,20521984,windows,0,1300,1225,18,0,0,0,0,0,0,14,4,0
347.406,1,20458496,windows,0,1300,1225,18,0,0,0,0,0,0,14,4,0
347.556,0,20535296,windows,0,1300,1225,18,0,0,0,0,0,0,14,4,0
347.661,1,20473856,windows,0,1300,1225,18,0,0,0,0,0,0,14,4,0
347.824,0,20549632,windows,0,1300,1225,18,0,0,0,0,0,0,14,4,0
347.918,1,20491264,windows,0,1300,1225,18,0,0,0,0,0,0,14,4,0
348.081,0,20562944,windows,0,1300,1225,18,0,0,0,0,0,0,14,4,0
348.18,1,20506624,windows,0,1300,1225,18,0,0,0,0,0,0,14,4,0
348.335,0,20577280,windows,0,1300,1225,18,0,0,0,0,0,0,14,4,0
348.438,1,20523008,windows,0,1300,1225,18,0,0,0,0,0,0,14,4,0
348.603,0,20591616,windows,0,1300,1225,18,0,0,0,0,0,0,14,4,0
348.703,1,20538368,windows,0,1300,1225,18,0,0,0,0,0,0,14,4,0
348.863,0,20605952,windows,0,1300,1225,18,0,0,0,0,0,0,14,4,0
348.975,1,20553728,repair,0,1300,1225,18,0,0,0,0,0,0,14,4,0
349.127,0,20620288,windows,0,1300,1225,18,0,0,0,0,0,0,14,4,0
349.239,1,20571136,repair,0,1300,1225,18,0,0,0,0,0,0,14,4,0
349.381,0,20634624,windows,0,1300,1225,18,0,0,0,0,0,0,14,4,0
349.49,1,20588544,repair,0,1300,1225,18,0,0,0,0,0,0,14,4,0
349.631,0,20647936,windows,0,1300,1225,18,0,0,0,0,0,0,14,4,0
349.753,1,20603904,windows,0,1300,1225,18,0,0,0,0,0,0,14,4,0
349.885,0,20660224,windows,0,1300,1225,18,0,0,0,0,0,0,14,4,0
350.011,1,20620288,windows,0,1300,1225,18,0,0,0,0,0,0,14,4,0
350.15,0,20675584,windows,0,1300,1225,18,0,0,0,0,0,0,14,4,0
350.272,1,20636672,windows,0,1300,1225,18,0,0,0,0,0,0,14,4,0
350.413,0,20688896,windows,0,1300,1225,18,0,0,0,0,0,0,14,4,0
350.525,1,20652032,windows,0,1300,1225,18,0,0,0,0,0,0,14,4,0
350.664,0,20702208,windows,0,1300,1225,18,0,0,0,0,0,0,14,4,0
350.789,1,20667392,windows,0,1300,1225,18,0,0,0,0,0,0,14,4,0
350.93,0,20718592,windows,0,1300,1225,18,0,0,0,0,0,0,14,4,0
351.052,1,20683776,windows,0,1300,1225,18,0,0,0,0,0,0,14,4,0
351.184,0,20733952,windows,0,1300,1225,18,0,0,0,0,0,0,14,4,0
351.312,1,20699136,windows,0,1300,1225,18,0,0,0,0,0,0,14,4,0
351.445,0,20749312,windows,0,1300,1225,18,0,0,0,0,0,0,14,4,0
351.568,1,20715520,windows,0,1300,1225,18,0,0,0,0,0,0,14,4,0
351.706,0,20764672,repair,0,1300,1225,18,0,0,0,0,0,0,14,4,0
351.829,1,20731904,windows,0,1300,1225,18,0,0,0,0,0,0,14,4,0
351.974,0,20780032,repair,0,1300,1225,18,0,0,0,0,0,0,14,4,0
352.096,1,20746240,windows,0,1300,1225,18,0,0,0,0,0,0,14,4,0
352.227,0,20792320,repair,0,1300,1225,18,0,0,0,0,0,0,14,4,0
352.355,1,20761600,windows,0,1300,1225,18,0,0,0,0,0,0,14,4,0
352.481,0,20805632,windows,0,1300,1225,18,0,0,0,0,0,0,14,4,0
352.613,1,20776960,windows,0,1300,1225,18,0,0,0,0,0,0,14,4,0
352.74,0,20820992,windows,0,1300,1225,18,0,0,0,0,0,0,14,4,0
352.872,1,20793344,windows,0,1300,1225,18,0,0,0,0,0,0,14,4,0
353.004,0,20836352,windows,0,1300,1225,18,0,0,0,0,0,0,14,4,0
353.128,1,20808704,windows,0,1300,1225,18,0,0,0,0,0,0,14,4,0
353.255,0,20850688,windows,0,1300,1225,18,0,0,0,0,0,0,14,4,0
353.393,1,20824064,windows,0,1300,1225,18,0,0,0,0,0,0,14,4,0
353.508,0,20865024,windows,0,1300,1225,18,0,0,0,0,0,0,14,4,0
353.655,1,20839424,windows,0,1300,1225,18,0,0,0,0,0,0,14,4,0
353.76,0,20879360,windows,0,1300,1225,18,0,0,0,0,0,0,14,4,0
353.915,1,20856832,windows,0,1300,1225,18,0,0,0,0,0,0,14,4,0
354.026,0,20894720,windows,0,1300,1225,18,0,0,0,0,0,0,14,4,0
354.172,1,20873216,windows,0,1300,1225,18,0,0,0,0,0,0,14,4,0
354.28,0,20909056,windows,0,1300,1225,18,0,0,0,0,0,0,14,4,0
354.44,1,20887552,windows,0,1300,1225,18,0,0,0,0,0,0,14,4,0
354.537,0,20923392,windows,0,1300,1225,18,0,0,0,0,0,0,14,4,0
354.701,1,20903936,windows,0,1300,1225,18,0,0,0,0,0,0,14,4,0
354.789,0,20936704,windows,0,1300,1225,18,0,0,0,0,0,0,14,4,0
354.967,1,20921344,windows,0,1300,1225,18,0,0,0,0,0,0,14,4,0
355.041,0,20951040,windows,0,1300,1225,18,0,0,0,0,0,0,14,4,0
355.231,1,20936704,windows,0,1300,1225,18,0,0,0,0,0,0,14,4,0
355.291,0,20966400,windows,0,1300,1225,18,0,0,0,0,0,0,14,4,0
355.481,1,20953088,windows,0,1300,1225,18,0,0,0,0,0,0,14,4,0
355.553,0,20982784,windows,0,1300,1225,18,0,0,0,0,0,0,14,4,0
355.733,1,20969472,windows,0,1300,1225,18,0,0,0,0,0,0,14,4,0
355.816,0,20998144,windows,0,1300,1225,18,0,0,0,0,0,0,14,4,0
356.006,1,20985856,repair,0,1300,1225,18,0,0,0,0,0,0,14,4,0
356.068,0,21013504,windows,0,1300,1225,18,0,0,0,0,0,0,14,4,0
356.263,1,21001216,repair,0,1300,1225,18,0,0,0,0,0,0,14,4,0
356.322,0,21028864,windows,0,1300,1225,18,0,0,0,0,0,0,14,4,0
356.522,1,21015552,windows,0,1300,1225,18,0,0,0,0,0,0,14,4,0
356.574,0,21044224,windows,0,1300,1225,18,0,0,0,0,0,0,14,4,0
356.774,1,21029888,windows,0,1300,1225,18,0,0,0,0,0,0,14,4,0
356.83,0,21060608,windows,0,1300,1225,18,0,0,0,0,0,0,14,4,0
357.034,1,21044224,windows,0,1300,1225,18,0,0,0,0,0,0,14,4,0
357.081,0,21075968,windows,0,1300,1225,18,0,0,0,0,0,0,14,4,0
357.289,1,21057536,windows,0,1300,1225,18,0,0,0,0,0,0,14,4,0
357.337,0,21091328,windows,0,1300,1225,18,0,0,0,0,0,0,14,4,0
357.544,1,21070848,windows,0,1300,1225,18,0,0,0,0,0,0,14,4,0
357.597,0,21106688,repair,0,1300,1225,18,0,0,0,0,0,0,14,4,0
357.806,1,21085184,windows,0,1300,1225,18,0,0,0,0,0,0,14,4,0
357.848,0,21122048,windows,0,1300,1225,18,0,0,0,0,0,0,14,4,0
358.072,1,21099520,windows,0,1300,1225,18,0,0,0,0,0,0,14,4,0
358.109,0,21136384,windows,0,1300,1225,18,0,0,0,0,0,0,14,4,0
358.323,1,21113856,windows,0,1300,1225,18,0,0,0,0,0,0,14,4,0
358.365,0,21150720,windows,0,1300,1225,18,0,0,0,0,0,0,14,4,0
358.576,1,21128192,windows,0,1300,1225,18,0,0,0,0,0,0,14,4,0
358.628,0,21165056,windows,0,1300,1225,18,0,0,0,0,0,0,14,4,0
358.834,1,21142528,windows,0,1300,1225,18,0,0,0,0,0,0,14,4,0
358.888,0,21179392,windows,0,1300,1225,18,0,0,0,0,0,0,14,4,0
359.093,1,21156864,windows,0,1300,1225,18,0,0,0,0,0,0,14,4,0
359.145,0,21192704,windows,0,1300,1225,18,0,0,0,0,0,0,14,4,0
359.356,1,21171200,windows,0,1300,1225,18,0,0,0,0,0,0,14,4,0
359.397,0,21207040,windows,0,1300,1225,18,0,0,0,0,0,0,14,4,0
359.606,1,21183488,windows,0,1300,1225,18,0,0,0,0,0,0,14,4,0
359.662,0,21221376,windows,0,1300,1225,18,0,0,0,0,0,0,14,4,0
359.861,1,21197824,windows,0,1300,1225,18,0,0,0,0,0,0,14,4,0
359.915,0,21235712,windows,0,1300,1225,18,0,0,0,0,0,0,14,4,0
360.125,1,21211136,windows,0,1300,1225,18,0,0,0,0,0,0,14,4,0
360.166,0,21248000,windows,0,1300,1225,18,0,0,0,0,0,0,14,4,0
360.388,1,21225472,windows,0,1300,1225,18,0,0,0,0,0,0,14,4,0
360.417,0,21261312,windows,0,1300,1225,18,0,0,0,0,0,0,14,4,0
360.657,1,21239808,windows,0,1300,1225,18,0,0,0,0,0,0,14,4,0
360.67,0,21274624,windows,0,1300,1225,18,0,0,0,0,0,0,14,4,0
360.913,1,21253120,windows,0,1300,1225,18,0,0,0,0,0,0,14,4,0
360.925,0,21288960,windows,0,1300,1225,18,0,0,0,0,0,0,14,4,0
361.169,1,21266432,repair,0,1300,1225,18,0,0,0,0,0,0,14,4,0
361.183,0,21302272,windows,0,1300,1225,18,0,0,0,0,0,0,14,4,0
361.43,1,21280768,repair,0,1300,1225,18,0,0,0,0,0,0,14,4,0
361.439,0,21316608,windows,0,1300,1225,18,0,0,0,0,0,0,14,4,0
361.684,1,21295104,windows,0,1300,1225,18,0,0,0,0,0,0,14,4,0
361.699,0,21330944,windows,0,1300,1225,18,0,0,0,0,0,0,14,4,0
361.938,1,21309440,windows,0,1300,1225,18,0,0,0,0,0,0,14,4,0
361.953,0,21344256,windows,0,1300,1225,18,0,0,0,0,0,0,14,4,0
362.205,1,21323776,windows,0,1300,1225,18,0,0,0,0,0,0,14,4,0
362.207,0,21357568,windows,0,1300,1225,18,0,0,0,0,0,0,14,4,0
362.463,1,21338112,windows,0,1300,1225,18,0,0,0,0,0,0,14,4,0
362.474,0,21371904,windows,0,1300,1225,18,0,0,0,0,0,0,14,4,0
362.723,1,21351424,windows,0,1300,1225,18,0,0,0,0,0,0,14,4,0
362.726,0,21386240,windows,0,1300,1225,18,0,0,0,0,0,0,14,4,0
362.986,1,21365760,windows,0,1300,1225,18,0,0,0,0,0,0,14,4,0
362.989,0,21403648,windows,0,1300,1225,18,0,0,0,0,0,0,14,4,0
363.246,0,21421056,windows,0,1300,1225,18,0,0,0,0,0,0,14,4,0
363.253,1,21380096,windows,0,1300,1225,18,0,0,0,0,0,0,14,4,0
363.5,0,21439488,windows,0,1300,1225,18,0,0,0,0,0,0,14,4,0
363.517,1,21394432,windows,0,1300,1225,18,0,0,0,0,0,0,14,4,0
363.764,0,21457920,windows,0,1300,1225,18,0,0,0,0,0,0,14,4,0
363.77,1,21407744,windows,0,1300,1225,18,0,0,0,0,0,0,14,4,0
364.024,0,21476352,repair,0,1300,1225,18,0,0,0,0,0,0,14,4,0
364.032,1,21424128,windows,0,1300,1225,18,0,0,0,0,0,0,14,4,0
364.28,0,21492736,repair,0,1300,1225,18,0,0,0,0,0,0,14,4,0
364.297,1,21440512,windows,0,1300,1225,18,0,0,0,0,0,0,14,4,0
364.539,0,21510144,windows,0,1300,1225,18,0,0,0,0,0,0,14,4,0
364.556,1,21456896,windows,0,1300,1225,18,0,0,0,0,0,0,14,4,0
364.8,0,21527552,windows,0,1300,1225,18,0,0,0,0,0,0,14,4,0
364.817,1,21473280,windows,0,1300,1225,18,0,0,0,0,0,0,14,4,0
365.056,0,21542912,windows,0,1300,1225,18,0,0,0,0,0,0,14,4,0
365.076,1,21488640,repair,0,1300,1225,18,0,0,0,0,0,0,14,4,0
365.311,0,21558272,windows,0,1300,1225,18,0,0,0,0,0,0,14,4,0
365.328,1,21505024,repair,0,1300,1225,18,0,0,0,0,0,0,14,4,0
365.572,0,21571584,windows,0,1300,1225,18,0,0,0,0,0,0,14,4,0
365.581,1,21521408,repair,0,1300,1225,18,0,0,0,0,0,0,14,4,0
365.824,0,21584896,windows,0,1300,1225,18,0,0,0,0,0,0,14,4,0
365.845,1,21538816,windows,0,1300,1225,18,0,0,0,0,0,0,14,4,0
366.092,0,21599232,windows,0,1300,1225,18,0,0,0,0,0,0,14,4,0
366.1,1,21555200,windows,0,1300,1225,18,0,0,0,0,0,0,14,4,0
366.356,0,21613568,windows,0,1300,1225,18,0,0,0,0,0,0,14,4,0
366.365,1,21570560,windows,0,1300,1225,18,0,0,0,0,0,0,14,4,0
366.623,0,21626880,windows,0,1300,1225,18,0,0,0,0,0,0,14,4,0
366.628,1,21583872,windows,0,1300,1225,18,0,0,0,0,0,0,14,4,0
366.894,0,21640192,windows,0,1300,1225,18,0,0,0,0,0,0,14,4,0
366.902,1,21595136,windows,0,1300,1225,18,0,0,0,0,0,0,14,4,0
367.157,0,21654528,windows,0,1300,1225,18,0,0,0,0,0,0,14,4,0
367.173,1,21607424,windows,0,1300,1225,18,0,0,0,0,0,0,14,4,0
367.423,0,21669888,windows,0,1300,1225,18,0,0,0,0,0,0,14,4,0
367.444,1,21621760,windows,0,1300,1225,18,0,0,0,0,0,0,14,4,0
367.678,0,21684224,windows,0,1300,1225,18,0,0,0,0,0,0,14,4,0
367.706,1,21635072,windows,0,1300,1225,18,0,0,0,0,0,0,14,4,0
367.928,0,21697536,windows,0,1300,1225,18,0,0,0,0,0,0,14,4,0
367.97,1,21648384,windows,0,1300,1225,18,0,0,0,0,0,0,14,4,0
368.196,0,21711872,windows,0,1300,1225,18,0,0,0,0,0,0,14,4,0
368.228,1,21661696,windows,0,1300,1225,18,0,0,0,0,0,0,14,4,0
368.449,0,21725184,windows,0,1300,1225,18,0,0,0,0,0,0,14,4,0
368.491,1,21676032,windows,0,1300,1225,18,0,0,0,0,0,0,14,4,0
368.716,0,21739520,windows,0,1300,1225,18,0,0,0,0,0,0,14,4,0
368.748,1,21688320,windows,0,1300,1225,18,0,0,0,0,0,0,14,4,0
368.981,0,21753856,windows,0,1300,1225,18,0,0,0,0,0,0,14,4,0
369.02,1,21702656,windows,0,1300,1225,18,0,0,0,0,0,0,14,4,0
369.246,0,21767168,windows,0,1300,1225,18,0,0,0,0,0,0,14,4,0
369.27,1,21715968,windows,0,1300,1225,18,0,0,0,0,0,0,14,4,0
369.496,0,21780480,windows,0,1300,1225,18,0,0,0,0,0,0,14,4,0
369.532,1,21731328,windows,0,1300,1225,18,0,0,0,0,0,0,14,4,0
369.758,0,21793792,windows,0,1300,1225,18,0,0,0,0,0,0,14,4,0
369.791,1,21745664,windows,0,1300,1225,18,0,0,0,0,0,0,14,4,0
370.027,0,21808128,windows,0,1300,1225,18,0,0,0,0,0,0,14,4,0
370.049,1,21760000,windows,0,1300,1225,18,0,0,0,0,0,0,14,4,0
370.296,0,21822464,windows,0,1300,1225,18,0,0,0,0,0,0,14,4,0
370.317,1,21775360,windows,0,1300,1225,18,0,0,0,0,0,0,14,4,0
370.547,0,21835776,windows,0,1300,1225,18,0,0,0,0,0,0,14,4,0
370.58,1,21790720,windows,0,1300,1225,18,0,0,0,0,0,0,14,4,0
370.806,0,21850112,windows,0,1300,1225,18,0,0,0,0,0,0,14,4,0
370.837,1,21803008,windows,0,1300,1225,18,0,0,0,0,0,0,14,4,0
371.061,0,21864448,windows,0,1300,1225,18,0,0,0,0,0,0,14,4,0
371.104,1,21817344,windows,0,1300,1225,18,0,0,0,0,0,0,14,4,0
371.323,0,21878784,windows,0,1300,1225,18,0,0,0,0,0,0,14,4,0
371.369,1,21831680,windows,0,1300,1225,18,0,0,0,0,0,0,14,4,0
371.588,0,21894144,windows,0,1300,1225,18,0,0,0,0,0,0,14,4,0
371.63,1,21846016,windows,0,1300,1225,18,0,0,0,0,0,0,14,4,0
371.852,0,21908480,repair,0,1300,1225,18,0,0,0,0,0,0,14,4,0
371.894,1,21860352,windows,0,1300,1225,18,0,0,0,0,0,0,14,4,0
372.11,0,21922816,repair,0,1300,1225,18,0,0,0,0,0,0,14,4,0
372.155,1,21874688,windows,0,1300,1225,18,0,0,0,0,0,0,14,4,0
372.37,0,21937152,windows,0,1300,1225,18,0,0,0,0,0,0,14,4,0
372.42,1,21890048,windows,0,1300,1225,18,0,0,0,0,0,0,14,4,0
372.638,0,21951488,windows,0,1300,1225,18,0,0,0,0,0,0,14,4,0
372.683,1,21904384,windows,0,1300,1225,18,0,0,0,0,0,0,14,4,0
372.891,0,21964800,windows,0,1300,1225,18,0,0,0,0,0,0,14,4,0
372.94,1,21918720,windows,0,1300,1225,18,0,0,0,0,0,0,14,4,0
373.153,0,21977088,windows,0,1300,1225,18,0,0,0,0,0,0,14,4,0
373.193,1,21932032,windows,0,1300,1225,18,0,0,0,0,0,0,14,4,0
373.421,0,21991424,windows,0,1300,1225,18,0,0,0,0,0,0,14,4,0
373.451,1,21945344,repair,0,1300,1225,18,0,0,0,0,0,0,14,4,0
373.678,0,22005760,windows,0,1300,1225,18,0,0,0,0,0,0,14,4,0
373.705,1,21959680,repair,0,1300,1225,18,0,0,0,0,0,0,14,4,0
373.932,0,22019072,windows,0,1300,1225,18,0,0,0,0,0,0,14,4,0
373.957,1,21974016,windows,0,1300,1225,18,0,0,0,0,0,0,14,4,0
374.184,0,22033408,windows,0,1300,1225,18,0,0,0,0,0,0,14,4,0
374.211,1,21987328,windows,0,1300,1225,18,0,0,0,0,0,0,14,4,0
374.434,0,22048768,windows,0,1300,1225,18,0,0,0,0,0,0,14,4,0
374.466,1,22001664,windows,0,1300,1225,18,0,0,0,0,0,0,14,4,0
374.685,0,22064128,windows,0,1300,1225,18,0,0,0,0,0,0,14,4,0
374.722,1,22014976,windows,0,1300,1225,18,0,0,0,0,0,0,14,4,0
374.942,0,22080512,windows,0,1300,1225,18,0,0,0,0,0,0,14,4,0
374.991,1,22029312,windows,0,1300,1225,18,0,0,0,0,0,0,14,4,0
375.199,0,22094848,windows,0,1300,1225,18,0,0,0,0,0,0,14,4,0
375.253,1,22042624,windows,0,1300,1225,18,0,0,0,0,0,0,14,4,0
375.45,0,22111232,windows,0,1300,1225,18,0,0,0,0,0,0,14,4,0
375.516,1,22056960,windows,0,1300,1225,18,0,0,0,0,0,0,14,4,0
375.713,0,22128640,windows,0,1300,1225,18,0,0,0,0,0,0,14,4,0
375.786,1,22071296,windows,0,1300,1225,18,0,0,0,0,0,0,14,4,0
375.975,0,22146048,windows,0,1300,1225,18,0,0,0,0,0,0,14,4,0
376.041,1,22084608,windows,0,1300,1225,18,0,0,0,0,0,0,14,4,0
376.232,0,22162432,windows,0,1300,1225,18,0,0,0,0,0,0,14,4,0
376.298,1,22097920,windows,0,1300,1225,18,0,0,0,0,0,0,14,4,0
376.496,0,22178816,windows,0,1300,1225,18,0,0,0,0,0,0,14,4,0
376.557,1,22111232,windows,0,1300,1225,18,0,0,0,0,0,0,14,4,0
376.751,0,22192128,windows,0,1300,1225,18,0,0,0,0,0,0,14,4,0
376.821,1,22124544,windows,0,1300,1225,18,0,0,0,0,0,0,14,4,0
377.012,0,22206464,windows,0,1300,1225,18,0,0,0,0,0,0,14,4,0
377.083,1,22137856,windows,0,1300,1225,18,0,0,0,0,0,0,14,4,0
377.278,0,22220800,windows,0,1300,1225,18,0,0,0,0,0,0,14,4,0
377.34,1,22150144,windows,0,1300,1225,18,0,0,0,0,0,0,14,4,0
377.537,0,22238208,windows,0,1300,1225,18,0,0,0,0,0,0,14,4,0
377.595,1,22163456,windows,0,1300,1225,18,0,0,0,0,0,0,14,4,0
377.787,0,22255616,windows,0,1300,1225,18,0,0,0,0,0,0,14,4,0
377.857,1,22177792,windows,0,1300,1225,18,0,0,0,0,0,0,14,4,0
378.049,0,22274048,windows,0,1300,1225,18,0,0,0,0,0,0,14,4,0
378.109,1,22193152,windows,0,1300,1225,18,0,0,0,0,0,0,14,4,0
378.304,0,22291456,windows,0,1300,1225,18,0,0,0,0,0,0,14,4,0
378.365,1,22210560,windows,0,1300,1225,18,0,0,0,0,0,0,14,4,0
378.556,0,22307840,repair,0,1300,1225,18,0,0,0,0,0,0,14,4,0
378.619,1,22226944,windows,0,1300,1225,18,0,0,0,0,0,0,14,4,0
378.818,0,22328320,repair,0,1300,1225,18,0,0,0,0,0,0,14,4,0
378.891,1,22243328,windows,0,1300,1225,18,0,0,0,0,0,0,14,4,0
379.082,0,22347776,windows,0,1300,1225,18,0,0,0,0,0,0,14,4,0
379.146,1,22258688,windows,0,1300,1225,18,0,0,0,0,0,0,14,4,0
379.344,0,22366208,windows,0,1300,1225,18,0,0,0,0,0,0,14,4,0
379.408,1,22276096,windows,0,1300,1225,18,0,0,0,0,0,0,14,4,0
379.606,0,22384640,windows,0,1300,1225,18,0,0,0,0,0,0,14,4,0
379.669,1,22291456,repair,0,1300,1225,18,0,0,0,0,0,0,14,4,0
379.86,0,22401024,windows,0,1300,1225,18,0,0,0,0,0,0,14,4,0
379.939,1,22305792,repair,0,1300,1225,18,0,0,0,0,0,0,14,4,0
380.115,0,22418432,windows,0,1300,1225,18,0,0,0,0,0,0,14,4,0
380.193,1,22320128,repair,0,1300,1225,18,0,0,0,0,0,0,14,4,0
380.368,0,22434816,windows,0,1300,1225,18,0,0,0,0,0,0,14,4,0
380.458,1,22337536,windows,0,1300,1225,18,0,0,0,0,0,0,14,4,0
380.624,0,22451200,windows,0,1300,1225,18,0,0,0,0,0,0,14,4,0
380.723,1,22352896,windows,0,1300,1225,18,0,0,0,0,0,0,14,4,0
380.88,0,22468608,windows,0,1300,1225,18,0,0,0,0,0,0,14,4,0
380.976,1,22369280,windows,0,1300,1225,18,0,0,0,0,0,0,14,4,0
381.132,0,22486016,windows,0,1300,1225,18,0,0,0,0,0,0,14,4,0
381.229,1,22385664,windows,0,1300,1225,18,0,0,0,0,0,0,14,4,0
381.389,0,22502400,windows,0,1300,1225,18,0,0,0,0,0,0,14,4,0
381.49,1,22403072,windows,0,1300,1225,18,0,0,0,0,0,0,14,4,0
381.647,0,22518784,windows,0,1300,1225,18,0,0,0,0,0,0,14,4,0
381.751,1,22420480,windows,0,1300,1225,18,0,0,0,0,0,0,14,4,0
381.899,0,22536192,windows,0,1300,1225,18,0,0,0,0,0,0,14,4,0
382.007,1,22437888,windows,0,1300,1225,18,0,0,0,0,0,0,14,4,0
382.155,0,22554624,windows,0,1300,1225,18,0,0,0,0,0,0,14,4,0
382.268,1,22455296,windows,0,1300,1225,18,0,0,0,0,0,0,14,4,0
382.411,0,22572032,windows,0,1300,1225,18,0,0,0,0,0,0,14,4,0
382.532,1,22473728,windows,0,1300,1225,18,0,0,0,0,0,0,14,4,0
382.675,0,22587392,windows,0,1300,1225,18,0,0,0,0,0,0,14,4,0
382.79,1,22490112,windows,0,1300,1225,18,0,0,0,0,0,0,14,4,0
382.942,0,22603776,windows,0,1300,1225,18,0,0,0,0,0,0,14,4,0
383.05,1,22507520,windows,0,1300,1225,18,0,0,0,0,0,0,14,4,0
383.193,0,22618112,repair,0,1300,1225,18,0,0,0,0,0,0,14,4,0
383.311,1,22524928,windows,0,1300,1225,18,0,0,0,0,0,0,14,4,0
383.458,0,22633472,windows,0,1300,1225,18,0,0,0,0,0,0,14,4,0
383.566,1,22541312,windows,0,1300,1225,18,0,0,0,0,0,0,14,4,0
383.726,0,22648832,windows,0,1300,1225,18,0,0,0,0,0,0,14,4,0
383.826,1,22557696,windows,0,1300,1225,18,0,0,0,0,0,0,14,4,0
383.984,0,22664192,windows,0,1300,1225,18,0,0,0,0,0,0,14,4,0
384.08,1,22574080,windows,0,1300,1225,18,0,0,0,0,0,0,14,4,0
384.253,0,22679552,windows,0,1300,1225,18,0,0,0,0,0,0,14,4,0
384.33,1,22590464,windows,0,1300,1225,18,0,0,0,0,0,0,14,4,0
384.511,0,22693888,windows,0,1300,1225,18,0,0,0,0,0,0,14,4,0
384.591,1,22605824,windows,0,1300,1225,18,0,0,0,0,0,0,14,4,0
384.768,0,22708224,windows,0,1300,1225,18,0,0,0,0,0,0,14,4,0
384.854,1,22622208,windows,0,1300,1225,18,0,0,0,0,0,0,14,4,0
385.02,0,22722560,windows,0,1300,1225,18,0,0,0,0,0,0,14,4,0
385.115,1,22637568,windows,0,1300,1225,18,0,0,0,0,0,0,14,4,0
385.277,0,22736896,windows,0,1300,1225,18,0,0,0,0,0,0,14,4,0
385.38,1,22652928,windows,0,1300,1225,18,0,0,0,0,0,0,14,4,0
385.544,0,22752256,windows,0,1300,1225,18,0,0,0,0,0,0,14,4,0
385.638,1,22668288,windows,0,1300,1225,18,0,0,0,0,0,0,14,4,0
385.798,0,22767616,windows,0,1300,1225,18,0,0,0,0,0,0,14,4,0
385.891,1,22683648,repair,0,1300,1225,18,0,0,0,0,0,0,14,4,0
386.061,0,22781952,windows,0,1300,1225,18,0,0,0,0,0,0,14,4,0
386.157,1,22701056,repair,0,1300,1225,18,0,0,0,0,0,0,14,4,0
386.327,0,22796288,windows,0,1300,1225,18,0,0,0,0,0,0,14,4,0
386.413,1,22717440,repair,0,1300,1225,18,0,0,0,0,0,0,14,4,0
386.595,0,22810624,windows,0,1300,1225,18,0,0,0,0,0,0,14,4,0
386.685,1,22730752,windows,0,1300,1225,18,0,0,0,0,0,0,14,4,0
386.857,0,22824960,windows,0,1300,1225,18,0,0,0,0,0,0,14,4,0
386.95,1,22744064,windows,0,1300,1225,18,0,0,0,0,0,0,14,4,0
387.117,0,22839296,windows,0,1300,1225,18,0,0,0,0,0,0,14,4,0
387.212,1,22759424,windows,0,1300,1225,18,0,0,0,0,0,0,14,4,0
387.374,0,22852608,windows,0,1300,1225,18,0,0,0,0,0,0,14,4,0
387.467,1,22773760,windows,0,1300,1225,18,0,0,0,0,0,0,14,4,0
387.627,0,22866944,windows,0,1300,1225,18,0,0,0,0,0,0,14,4,0
387.731,1,22788096,windows,0,1300,1225,18,0,0,0,0,0,0,14,4,0
387.886,0,22881280,windows,0,1300,1225,18,0,0,0,0,0,0,14,4,0
387.991,1,22801408,windows,0,1300,1225,18,0,0,0,0,0,0,14,4,0
388.138,0,22896640,windows,0,1300,1225,18,0,0,0,0,0,0,14,4,0
388.254,1,22814720,windows,0,1300,1225,18,0,0,0,0,0,0,14,4,0
388.39,0,22912000,windows,0,1300,1225,18,0,0,0,0,0,0,14,4,0
388.51,1,22828032,windows,0,1300,1225,18,0,0,0,0,0,0,14,4,0
388.652,0,22927360,windows,0,1300,1225,18,0,0,0,0,0,0,14,4,0
388.765,1,22841344,windows,0,1300,1225,18,0,0,0,0,0,0,14,4,0
388.916,0,22942720,windows,0,1300,1225,18,0,0,0,0,0,0,14,4,0
389.028,1,22854656,windows,0,1300,1225,18,0,0,0,0,0,0,14,4,0
389.177,0,22957056,repair,0,1300,1225,18,0,0,0,0,0,0,14,4,0
389.291,1,22871040,windows,0,1300,1225,18,0,0,0,0,0,0,14,4,0
389.437,0,22972416,windows,0,1300,1225,18,0,0,0,0,0,0,14,4,0
389.563,1,22887424,windows,0,1300,1225,18,0,0,0,0,0,0,14,4,0
389.704,0,22985728,windows,0,1300,1225,18,0,0,0,0,0,0,14,4,0
389.818,1,22903808,windows,0,1300,1225,18,0,0,0,0,0,0,14,4,0
389.97,0,23000064,windows,0,1300,1225,18,0,0,0,0,0,0,14,4,0
390.075,1,22920192,windows,0,1300,1225,18,0,0,0,0,0,0,14,4,0
390.226,0,23013376,windows,0,1300,1225,18,0,0,0,0,0,0,14,4,0
390.33,1,22936576,windows,0,1300,1225,18,0,0,0,0,0,0,14,4,0
390.489,0,23026688,windows,0,1300,1225,18,0,0,0,0,0,0,14,4,0
390.581,1,22951936,windows,0,1300,1225,18,0,0,0,0,0,0,14,4,0
390.75,0,23040000,windows,0,1300,1225,18,0,0,0,0,0,0,14,4,0
390.844,1,22967296,windows,0,1300,1225,18,0,0,0,0,0,0,14,4,0
391.018,0,23053312,windows,0,1300,1225,18,0,0,0,0,0,0,14,4,0
391.111,1,22983680,windows,0,1300,1225,18,0,0,0,0,0,0,14,4,0
391.274,0,23066624,windows,0,1300,1225,18,0,0,0,0,0,0,14,4,0
391.375,1,22999040,windows,0,1300,1225,18,0,0,0,0,0,0,14,4,0
391.527,0,23078912,windows,0,1300,1225,18,0,0,0,0,0,0,14,4,0
391.635,1,23014400,windows,0,1300,1225,18,0,0,0,0,0,0,14,4,0
391.786,0,23092224,windows,0,1300,1225,18,0,0,0,0,0,0,14,4,0
391.892,1,23029760,repair,0,1300,1225,18,0,0,0,0,0,0,14,4,0
392.04,0,23105536,windows,0,1300,1225,18,0,0,0,0,0,0,14,4,0
392.151,1,23047168,windows,0,1300,1225,18,0,0,0,0,0,0,14,4,0
392.312,0,23119872,windows,0,1300,1225,18,0,0,0,0,0,0,14,4,0
392.415,1,23063552,windows,0,1300,1225,18,0,0,0,0,0,0,14,4,0
392.579,0,23132160,windows,0,1300,1225,18,0,0,0,0,0,0,14,4,0
392.665,1,23078912,windows,0,1300,1225,18,0,0,0,0,0,0,14,4,0
392.845,0,23147520,windows,0,1300,1225,18,0,0,0,0,0,0,14,4,0
392.92,1,23095296,windows,0,1300,1225,18,0,0,0,0,0,0,14,4,0
393.115,0,23161856,windows,0,1300,1225,18,0,0,0,0,0,0,14,4,0
393.178,1,23109632,windows,0,1300,1225,18,0,0,0,0,0,0,14,4,0
393.378,0,23176192,windows,0,1300,1225,18,0,0,0,0,0,0,14,4,0
393.435,1,23124992,windows,0,1300,1225,18,0,0,0,0,0,0,14,4,0
393.64,0,23190528,windows,0,1300,1225,18,0,0,0,0,0,0,14,4,0
393.687,1,23140352,windows,0,1300,1225,18,0,0,0,0,0,0,14,4,0
393.896,0,23205888,windows,0,1300,1225,18,0,0,0,0,0,0,14,4,0
393.95,1,23157760,windows,0,1300,1225,18,0,0,0,0,0,0,14,4,0
394.156,0,23222272,windows,0,1300,1225,18,0,0,0,0,0,0,14,4,0
394.215,1,23174144,windows,0,1300,1225,18,0,0,0,0,0,0,14,4,0
394.415,0,23239680,windows,0,1300,1225,18,0,0,0,0,0,0,14,4,0
394.473,1,23190528,windows,0,1300,1225,18,0,0,0,0,0,0,14,4,0
394.673,0,23257088,windows,0,1300,1225,18,0,0,0,0,0,0,14,4,0
394.734,1,23207936,windows,0,1300,1225,18,0,0,0,0,0,0,14,4,0
394.937,0,23274496,repair,0,1300,1225,18,0,0,0,0,0,0,14,4,0
394.986,1,23224320,windows,0,1300,1225,18,0,0,0,0,0,0,14,4,0
395.189,0,23290880,repair,0,1300,1225,18,0,0,0,0,0,0,14,4,0
395.239,1,23239680,windows,0,1300,1225,18,0,0,0,0,0,0,14,4,0
395.453,0,23309312,windows,0,1300,1225,18,0,0,0,0,0,0,14,4,0
395.491,1,23255040,windows,0,1300,1225,18,0,0,0,0,0,0,14,4,0
395.713,0,23326720,windows,0,1300,1225,18,0,0,0,0,0,0,14,4,0
395.761,1,23272448,windows,0,1300,1225,18,0,0,0,0,0,0,14,4,0
395.97,0,23342080,windows,0,1300,1225,18,0,0,0,0,0,0,14,4,0
396.023,1,23288832,windows,0,1300,1225,18,0,0,0,0,0,0,14,4,0
396.223,0,23357440,windows,0,1300,1225,18,0,0,0,0,0,0,14,4,0
396.28,1,23305216,windows,0,1300,1225,18,0,0,0,0,0,0,14,4,0
396.491,0,23372800,windows,0,1300,1225,18,0,0,0,0,0,0,14,4,0
396.544,1,23323648,windows,0,1300,1225,18,0,0,0,0,0,0,14,4,0
396.743,0,23386112,windows,0,1300,1225,18,0,0,0,0,0,0,14,4,0
396.804,1,23341056,windows,0,1300,1225,18,0,0,0,0,0,0,14,4,0
397.001,0,23399424,windows,0,1300,1225,18,0,0,0,0,0,0,14,4,0
397.057,1,23357440,windows,0,1300,1225,18,0,0,0,0,0,0,14,4,0
397.272,0,23412736,windows,0,1300,1225,18,0,0,0,0,0,0,14,4,0
397.324,1,23372800,repair,0,1300,1225,18,0,0,0,0,0,0,14,4,0
397.536,0,23426048,windows,0,1300,1225,18,0,0,0,0,0,0,14,4,0
397.591,1,23388160,repair,0,1300,1225,18,0,0,0,0,0,0,14,4,0
397.793,0,23439360,windows,0,1300,1225,18,0,0,0,0,0,0,14,4,0
397.857,1,23404544,windows,0,1300,1225,18,0,0,0,0,0,0,14,4,0
398.054,0,23453696,windows,0,1300,1225,18,0,0,0,0,0,0,14,4,0
398.122,1,23420928,windows,0,1300,1225,18,0,0,0,0,0,0,14,4,0
398.315,0,23470080,windows,0,1300,1225,18,0,0,0,0,0,0,14,4,0
398.373,1,23437312,windows,0,1300,1225,18,0,0,0,0,0,0,14,4,0
398.583,0,23486464,windows,0,1300,1225,18,0,0,0,0,0,0,14,4,0
398.629,1,23453696,windows,0,1300,1225,18,0,0,0,0,0,0,14,4,0
398.837,0,23500800,windows,0,1300,1225,18,0,0,0,0,0,0,14,4,0
398.895,1,23470080,windows,0,1300,1225,18,0,0,0,0,0,0,14,4,0
399.104,0,23515136,windows,0,1300,1225,18,0,0,0,0,0,0,14,4,0
399.155,1,23485440,windows,0,1300,1225,18,0,0,0,0,0,0,14,4,0
399.36,0,23531520,repair,0,1300,1225,18,0,0,0,0,0,0,14,4,0
399.411,1,23501824,windows,0,1300,1225,18,0,0,0,0,0,0,14,4,0
399.614,0,23549952,repair,0,1300,1225,18,0,0,0,0,0,0,14,4,0
399.663,1,23518208,windows,0,1300,1225,18,0,0,0,0,0,0,14,4,0
399.873,0,23563264,repair,0,1300,1225,18,0,0,0,0,0,0,14,4,0
399.921,1,23529472,windows,0,1300,1225,18,0,0,0,0,0,0,14,4,0
400.144,0,23577600,windows,0,1300,1225,18,0,0,0,0,0,0,14,4,0
400.19,1,23541760,windows,0,1300,1225,18,0,0,0,0,0,0,14,4,0
400.399,0,23590912,windows,0,1300,1225,18,0,0,0,0,0,0,14,4,0
400.452,1,23556096,windows,0,1300,1225,18,0,0,0,0,0,0,14,4,0
400.662,0,23605248,windows,0,1300,1225,18,0,0,0,0,0,0,14,4,0
400.718,1,23569408,windows,0,1300,1225,18,0,0,0,0,0,0,14,4,0
400.925,0,23618560,windows,0,1300,1225,18,0,0,0,0,0,0,14,4,0
400.985,1,23583744,windows,0,1300,1225,18,0,0,0,0,0,0,14,4,0
401.193,0,23632896,windows,0,1300,1225,18,0,0,0,0,0,0,14,4,0
401.247,1,23597056,windows,0,1300,1225,18,0,0,0,0,0,0,14,4,0
401.448,0,23645184,windows,0,1300,1225,18,0,0,0,0,0,0,14,4,0
401.519,1,23610368,windows,0,1300,1225,18,0,0,0,0,0,0,14,4,0
401.715,0,23658496,windows,0,1300,1225,18,0,0,0,0,0,0,14,4,0
401.786,1,23623680,windows,0,1300,1225,18,0,0,0,0,0,0,14,4,0
401.967,0,23669760,windows,0,1300,1225,18,0,0,0,0,0,0,14,4,0
402.045,1,23636992,windows,0,1300,1225,18,0,0,0,0,0,0,14,4,0
402.221,0,23682048,windows,0,1300,1225,18,0,0,0,0,0,0,14,4,0
402.313,1,23650304,windows,0,1300,1225,18,0,0,0,0,0,0,14,4,0
402.481,0,23694336,windows,0,1300,1225,18,0,0,0,0,0,0,14,4,0
402.568,1,23663616,windows,0,1300,1225,18,0,0,0,0,0,0,14,4,0
402.742,0,23707648,windows,0,1300,1225,18,0,0,0,0,0,0,14,4,0
402.833,1,23677952,windows,0,1300,1225,18,0,0,0,0,0,0,14,4,0
403.003,0,23720960,windows,0,1300,1225,18,0,0,0,0,0,0,14,4,0
403.086,1,23691264,windows,0,1300,1225,18,0,0,0,0,0,0,14,4,0
403.268,0,23735296,windows,0,1300,1225,18,0,0,0,0,0,0,14,4,0
403.355,1,23705600,windows,0,1300,1225,18,0,0,0,0,0,0,14,4,0
403.525,0,23749632,repair,0,1300,1225,18,0,0,0,0,0,0,14,4,0
403.622,1,23719936,windows,0,1300,1225,18,0,0,0,0,0,0,14,4,0
403.791,0,23766016,repair,0,1300,1225,18,0,0,0,0,0,0,14,4,0
403.885,1,23734272,windows,0,1300,1225,18,0,0,0,0,0,0,14,4,0
404.047,0,23781376,repair,0,1300,1225,18,0,0,0,0,0,0,14,4,0
404.152,1,23748608,windows,0,1300,1225,18,0,0,0,0,0,0,14,4,0
404.298,0,23795712,repair,0,1300,1225,18,0,0,0,0,0,0,14,4,0
404.415,1,23762944,windows,0,1300,1225,18,0,0,0,0,0,0,14,4,0
404.551,0,23813120,repair,0,1300,1225,18,0,0,0,0,0,0,14,4,0
404.668,1,23777280,windows,0,1300,1225,18,0,0,0,0,0,0,14,4,0
404.805,0,23829504,windows,0,1300,1225,18,0,0,0,0,0,0,14,4,0
404.938,1,23791616,windows,0,1300,1225,18,0,0,0,0,0,0,14,4,0
405.07,0,23844864,windows,0,1300,1225,18,0,0,0,0,0,0,14,4,0
405.189,1,23805952,windows,0,1300,1225,18,0,0,0,0,0,0,14,4,0
405.332,0,23860224,windows,0,1300,1225,18,0,0,0,0,0,0,14,4,0
405.455,1,23820288,repair,0,1300,1225,18,0,0,0,0,0,0,14,4,0
405.587,0,23874560,windows,0,1300,1225,18,0,0,0,0,0,0,14,4,0
405.711,1,23835648,repair,0,1300,1225,18,0,0,0,0,0,0,14,4,0
405.843,0,23889920,windows,0,1300,1225,18,0,0,0,0,0,0,14,4,0
405.976,1,23852032,repair,0,1300,1225,18,0,0,0,0,0,0,14,4,0
406.101,0,23905280,windows,0,1300,1225,18,0,0,0,0,0,0,14,4,0
406.234,1,23867392,windows,0,1300,1225,18,0,0,0,0,0,0,14,4,0
406.362,0,23920640,windows,0,1300,1225,18,0,0,0,0,0,0,14,4,0
406.498,1,23883776,windows,0,1300,1225,18,0,0,0,0,0,0,14,4,0
406.616,0,23937024,windows,0,1300,1225,18,0,0,0,0,0,0,14,4,0
406.749,1,23900160,windows,0,1300,1225,18,0,0,0,0,0,0,14,4,0
406.875,0,23953408,windows,0,1300,1225,18,0,0,0,0,0,0,14,4,0
407.014,1,23916544,windows,0,1300,1225,18,0,0,0,0,0,0,14,4,0
407.138,0,23968768,windows,0,1300,1225,18,0,0,0,0,0,0,14,4,0
407.27,1,23930880,windows,0,1300,1225,18,0,0,0,0,0,0,14,4,0
407.392,0,23984128,windows,0,1300,1225,18,0,0,0,0,0,0,14,4,0
407.529,1,23947264,windows,0,1300,1225,18,0,0,0,0,0,0,14,4,0
407.656,0,24000512,windows,0,1300,1225,18,0,0,0,0,0,0,14,4,0
407.796,1,23965696,windows,0,1300,1225,18,0,0,0,0,0,0,14,4,0
407.907,0,24015872,windows,0,1300,1225,18,0,0,0,0,0,0,14,4,0
408.054,1,23982080,windows,0,1300,1225,18,0,0,0,0,0,0,14,4,0
408.161,0,24031232,windows,0,1300,1225,18,0,0,0,0,0,0,14,4,0
408.313,1,23999488,windows,0,1300,1225,18,0,0,0,0,0,0,14,4,0
408.423,0,24047616,windows,0,1300,1225,18,0,0,0,0,0,0,14,4,0
408.574,1,24015872,windows,0,1300,1225,18,0,0,0,0,0,0,14,4,0
408.676,0,24062976,windows,0,1300,1225,18,0,0,0,0,0,0,14,4,0
408.841,1,24032256,windows,0,1300,1225,18,0,0,0,0,0,0,14,4,0
408.929,0,24078336,windows,0,1300,1225,18,0,0,0,0,0,0,14,4,0
409.103,1,24047616,windows,0,1300,1225,18,0,0,0,0,0,0,14,4,0
409.194,0,24093696,windows,0,1300,1225,18,0,0,0,0,0,0,14,4,0
409.359,1,24060928,windows,0,1300,1225,18,0,0,0,0,0,0,14,4,0
409.444,0,24109056,windows,0,1300,1225,18,0,0,0,0,0,0,14,4,0
409.624,1,24074240,windows,0,1300,1225,18,0,0,0,0,0,0,14,4,0
409.699,0,24124416,windows,0,1300,1225,18,0,0,0,0,0,0,14,4,0
409.887,1,24087552,windows,0,1300,1225,18,0,0,0,0,0,0,14,4,0
409.963,0,24141824,windows,0,1300,1225,18,0,0,0,0,0,0,14,4,0
410.146,1,24103936,windows,0,1300,1225,18,0,0,0,0,0,0,14,4,0
410.215,0,24157184,windows,0,1300,1225,18,0,0,0,0,0,0,14,4,0
410.412,1,24120320,windows,0,1300,1225,18,0,0,0,0,0,0,14,4,0
410.478,0,24173568,repair,0,1300,1225,18,0,0,0,0,0,0,14,4,0
410.679,1,24136704,windows,0,1300,1225,18,0,0,0,0,0,0,14,4,0
410.729,0,24187904,repair,0,1300,1225,18,0,0,0,0,0,0,14,4,0
410.939,1,24151040,windows,0,1300,1225,18,0,0,0,0,0,0,14,4,0
410.986,0,24204288,repair,0,1300,1225,18,0,0,0,0,0,0,14,4,0
411.198,1,24168448,windows,0,1300,1225,18,0,0,0,0,0,0,14,4,0
411.251,0,24222720,windows,0,1300,1225,18,0,0,0,0,0,0,14,4,0
411.459,1,24185856,windows,0,1300,1225,18,0,0,0,0,0,0,14,4,0
411.515,0,24239104,windows,0,1300,1225,18,0,0,0,0,0,0,14,4,0
411.72,1,24203264,windows,0,1300,1225,18,0,0,0,0,0,0,14,4,0
411.784,0,24256512,windows,0,1300,1225,18,0,0,0,0,0,0,14,4,0
411.973,1,24219648,windows,0,1300,1225,18,0,0,0,0,0,0,14,4,0
412.042,0,24272896,windows,0,1300,1225,18,0,0,0,0,0,0,14,4,0
412.238,1,24237056,windows,0,1300,1225,18,0,0,0,0,0,0,14,4,0
412.299,0,24289280,windows,0,1300,1225,18,0,0,0,0,0,0,14,4,0
412.498,1,24255488,windows,0,1300,1225,18,0,0,0,0,0,0,14,4,0
412.56,0,24305664,windows,0,1300,1225,18,0,0,0,0,0,0,14,4,0
412.764,1,24273920,windows,0,1300,1225,18,0,0,0,0,0,0,14,4,0
412.825,0,24322048,windows,0,1300,1225,18,0,0,0,0,0,0,14,4,0
413.023,1,24291328,windows,0,1300,1225,18,0,0,0,0,0,0,14,4,0
413.094,0,24338432,windows,0,1300,1225,18,0,0,0,0,0,0,14,4,0
413.287,1,24308736,windows,0,1300,1225,18,0,0,0,0,0,0,14,4,0
413.353,0,24354816,windows,0,1300,1225,18,0,0,0,0,0,0,14,4,0
413.545,1,24326144,windows,0,1300,1225,18,0,0,0,0,0,0,14,4,0
413.619,0,24371200,windows,0,1300,1225,18,0,0,0,0,0,0,14,4,0
413.807,1,24344576,windows,0,1300,1225,18,0,0,0,0,0,0,14,4,0
413.88,0,24387584,windows,0,1300,1225,18,0,0,0,0,0,0,14,4,0
414.058,1,24361984,windows,0,1300,1225,18,0,0,0,0,0,0,14,4,0
414.146,0,24403968,windows,0,1300,1225,18,0,0,0,0,0,0,14,4,0
414.309,1,24379392,windows,0,1300,1225,18,0,0,0,0,0,0,14,4,0
414.413,0,24420352,windows,0,1300,1225,18,0,0,0,0,0,0,14,4,0
414.564,1,24398848,windows,0,1300,1225,18,0,0,0,0,0,0,14,4,0
414.664,0,24436736,windows,0,1300,1225,18,0,0,0,0,0,0,14,4,0
414.822,1,24418304,windows,0,1300,1225,18,0,0,0,0,0,0,14,4,0
414.929,0,24453120,windows,0,1300,1225,18,0,0,0,0,0,0,14,4,0
415.084,1,24437760,windows,0,1300,1225,18,0,0,0,0,0,0,14,4,0
415.192,0,24469504,windows,0,1300,1225,18,0,0,0,0,0,0,14,4,0
415.334,1,24456192,repair,0,1300,1225,18,0,0,0,0,0,0,14,4,0
415.443,0,24485888,windows,0,1300,1225,18,0,0,0,0,0,0,14,4,0
415.592,1,24475648,repair,0,1300,1225,18,0,0,0,0,0,0,14,4,0
415.694,0,24502272,windows,0,1300,1225,18,0,0,0,0,0,0,14,4,0
415.853,1,24495104,windows,0,1300,1225,18,0,0,0,0,0,0,14,4,0
415.958,0,24518656,repair,0,1300,1225,18,0,0,0,0,0,0,14,4,0
416.124,1,24510464,windows,0,1300,1225,18,0,0,0,0,0,0,14,4,0
416.218,0,24536064,repair,0,1300,1225,18,0,0,0,0,0,0,14,4,0
416.383,1,24525824,windows,0,1300,1225,18,0,0,0,0,0,0,14,4,0
416.47,0,24551424,windows,0,1300,1225,18,0,0,0,0,0,0,14,4,0
416.645,1,24543232,windows,0,1300,1225,18,0,0,0,0,0,0,14,4,0
416.731,0,24568832,windows,0,1300,1225,18,0,0,0,0,0,0,14,4,0
416.906,1,24557568,windows,0,1300,1225,18,0,0,0,0,0,0,14,4,0
416.996,0,24584192,windows,0,1300,1225,18,0,0,0,0,0,0,14,4,0
417.164,1,24572928,windows,0,1300,1225,18,0,0,0,0,0,0,14,4,0
417.26,0,24598528,windows,0,1300,1225,18,0,0,0,0,0,0,14,4,0
417.424,1,24589312,windows,0,1300,1225,18,0,0,0,0,0,0,14,4,0
417.524,0,24613888,windows,0,1300,1225,18,0,0,0,0,0,0,14,4,0
417.677,1,24605696,windows,0,1300,1225,18,0,0,0,0,0,0,14,4,0
417.784,0,24631296,windows,0,1300,1225,18,0,0,0,0,0,0,14,4,0
417.93,1,24623104,windows,0,1300,1225,18,0,0,0,0,0,0,14,4,0
418.037,0,24648704,windows,0,1300,1225,18,0,0,0,0,0,0,14,4,0
418.192,1,24640512,windows,0,1300,1225,18,0,0,0,0,0,0,14,4,0
418.298,0,24666112,windows,0,1300,1225,18,0,0,0,0,0,0,14,4,0
418.457,1,24658944,windows,0,1300,1225,18,0,0,0,0,0,0,14,4,0
418.56,0,24684544,windows,0,1300,1225,18,0,0,0,0,0,0,14,4,0
418.709,1,24675328,windows,0,1300,1225,18,0,0,0,0,0,0,14,4,0
418.814,0,24700928,windows,0,1300,1225,18,0,0,0,0,0,0,14,4,0
418.974,1,24692736,windows,0,1300,1225,18,0,0,0,0,0,0,14,4,0
419.066,0,24716288,windows,0,1300,1225,18,0,0,0,0,0,0,14,4,0
419.225,1,24708096,windows,0,1300,1225,18,0,0,0,0,0,0,14,4,0
419.328,0,24731648,windows,0,1300,1225,18,0,0,0,0,0,0,14,4,0
419.484,1,24724480,windows,0,1300,1225,18,0,0,0,0,0,0,14,4,0
419.592,0,24748032,windows,0,1300,1225,18,0,0,0,0,0,0,14,4,0
419.741,1,24741888,windows,0,1300,1225,18,0,0,0,0,0,0,14,4,0
419.847,0,24762368,windows,0,1300,1225,18,0,0,0,0,0,0,14,4,0
420.004,1,24760320,windows,0,1300,1225,18,0,0,0,0,0,0,14,4,0
420.102,0,24776704,windows,0,1300,1225,18,0,0,0,0,0,0,14,4,0
420.263,1,24778752,windows,0,1300,1225,18,0,0,0,0,0,0,14,4,0
420.352,0,24791040,windows,0,1300,1225,18,0,0,0,0,0,0,14,4,0
420.52,1,24798208,windows,0,1300,1225,18,0,0,0,0,0,0,14,4,0
420.615,0,24806400,windows,0,1300,1225,18,0,0,0,0,0,0,14,4,0
420.779,1,24817664,windows,0,1300,1225,18,0,0,0,0,0,0,14,4,0
420.867,0,24823808,windows,0,1300,1225,18,0,0,0,0,0,0,14,4,0
421.038,1,24834048,windows,0,1300,1225,18,0,0,0,0,0,0,14,4,0
421.123,0,24839168,repair,0,1300,1225,18,0,0,0,0,0,0,14,4,0
421.291,1,24852480,windows,0,1300,1225,18,0,0,0,0,0,0,14,4,0
421.379,0,24855552,repair,0,1300,1225,18,0,0,0,0,0,0,14,4,0
421.542,1,24869888,repair,0,1300,1225,18,0,0,0,0,0,0,14,4,0
421.633,0,24876032,repair,0,1300,1225,18,0,0,0,0,0,0,14,4,0
421.801,1,24889344,repair,0,1300,1225,18,0,0,0,0,0,0,14,4,0
421.895,0,24895488,windows,0,1300,1225,18,0,0,0,0,0,0,14,4,0
422.059,1,24909824,repair,0,1300,1225,18,0,0,0,0,0,0,14,4,0
422.152,0,24913920,windows,0,1300,1225,18,0,0,0,0,0,0,14,4,0
422.312,1,24927232,windows,0,1300,1225,18,0,0,0,0,0,0,14,4,0
422.412,0,24932352,windows,0,1300,1225,18,0,0,0,0,0,0,14,4,0
422.571,1,24944640,windows,0,1300,1225,18,0,0,0,0,0,0,14,4,0
422.676,0,24951808,windows,0,1300,1225,18,0,0,0,0,0,0,14,4,0
422.832,1,24961024,windows,0,1300,1225,18,0,0,0,0,0,0,14,4,0
422.932,0,24969216,windows,0,1300,1225,18,0,0,0,0,0,0,14,4,0
423.092,1,24974336,windows,0,1300,1225,18,0,0,0,0,0,0,14,4,0
423.191,0,24986624,windows,0,1300,1225,18,0,0,0,0,0,0,14,4,0
423.356,1,24990720,windows,0,1300,1225,18,0,0,0,0,0,0,14,4,0
423.453,0,25004032,windows,0,1300,1225,18,0,0,0,0,0,0,14,4,0
423.609,1,25007104,windows,0,1300,1225,18,0,0,0,0,0,0,14,4,0
423.718,0,25022464,windows,0,1300,1225,18,0,0,0,0,0,0,14,4,0
423.86,1,25023488,windows,0,1300,1225,18,0,0,0,0,0,0,14,4,0
423.976,0,25040896,windows,0,1300,1225,18,0,0,0,0,0,0,14,4,0
424.123,1,25039872,windows,0,1300,1225,18,0,0,0,0,0,0,14,4,0
424.227,0,25059328,windows,0,1300,1225,18,0,0,0,0,0,0,14,4,0
424.376,1,25056256,windows,0,1300,1225,18,0,0,0,0,0,0,14,4,0
424.478,0,25077760,windows,0,1300,1225,18,0,0,0,0,0,0,14,4,0
424.626,1,25072640,windows,0,1300,1225,18,0,0,0,0,0,0,14,4,0
424.739,0,25096192,windows,0,1300,1225,18,0,0,0,0,0,0,14,4,0
424.888,1,25090048,windows,0,1300,1225,18,0,0,0,0,0,0,14,4,0
424.99,0,25114624,windows,0,1300,1225,18,0,0,0,0,0,0,14,4,0
425.151,1,25107456,windows,0,1300,1225,18,0,0,0,0,0,0,14,4,0
425.245,0,25133056,windows,0,1300,1225,18,0,0,0,0,0,0,14,4,0
425.407,1,25124864,windows,0,1300,1225,18,0,0,0,0,0,0,14,4,0
425.501,0,25150464,windows,0,1300,1225,18,0,0,0,0,0,0,14,4,0
425.669,1,25142272,windows,0,1300,1225,18,0,0,0,0,0,0,14,4,0
425.752,0,25167872,windows,0,1300,1225,18,0,0,0,0,0,0,14,4,0
425.928,1,25159680,windows,0,1300,1225,18,0,0,0,0,0,0,14,4,0
426.01,0,25185280,repair,0,1300,1225,18,0,0,0,0,0,0,14,4,0
426.193,1,25176064,windows,0,1300,1225,18,0,0,0,0,0,0,14,4,0
426.271,0,25204736,repair,0,1300,1225,18,0,0,0,0,0,0,14,4,0
426.458,1,25193472,windows,0,1300,1225,18,0,0,0,0,0,0,14,4,0
426.534,0,25223168,windows,0,1300,1225,18,0,0,0,0,0,0,14,4,0
426.712,1,25209856,windows,0,1300,1225,18,0,0,0,0,0,0,14,4,0
426.786,0,25239552,windows,0,1300,1225,18,0,0,0,0,0,0,14,4,0
426.973,1,25227264,windows,0,1300,1225,18,0,0,0,0,0,0,14,4,0
427.038,0,25255936,windows,0,1300,1225,18,0,0,0,0,0,0,14,4,0
427.227,1,25243648,windows,0,1300,1225,18,0,0,0,0,0,0,14,4,0
427.289,0,25271296,windows,0,1300,1225,18,0,0,0,0,0,0,14,4,0
427.488,1,25261056,repair,0,1300,1225,18,0,0,0,0,0,0,14,4,0
427.551,0,25288704,windows,0,1300,1225,18,0,0,0,0,0,0,14,4,0
427.744,1,25280512,repair,0,1300,1225,18,0,0,0,0,0,0,14,4,0
427.814,0,25307136,windows,0,1300,1225,18,0,0,0,0,0,0,14,4,0
428.002,1,25304064,repair,0,1300,1225,18,0,0,0,0,0,0,14,4,0
428.066,0,25323520,windows,0,1300,1225,18,0,0,0,0,0,0,14,4,0
428.255,1,25325568,repair,0,1300,1225,18,0,0,0,0,0,0,14,4,0
428.321,0,25339904,windows,0,1300,1225,18,0,0,0,0,0,0,14,4,0
428.51,1,25346048,windows,0,1300,1225,18,0,0,0,0,0,0,14,4,0
428.582,0,25357312,windows,0,1300,1225,18,0,0,0,0,0,0,14,4,0
428.776,1,25362432,windows,0,1300,1225,18,0,0,0,0,0,0,14,4,0
428.833,0,25373696,windows,0,1300,1225,18,0,0,0,0,0,0,14,4,0
429.031,1,25378816,windows,0,1300,1225,18,0,0,0,0,0,0,14,4,0
429.091,0,25390080,windows,0,1300,1225,18,0,0,0,0,0,0,14,4,0
429.284,1,25395200,windows,0,1300,1225,18,0,0,0,0,0,0,14,4,0
429.349,0,25407488,repair,0,1300,1225,18,0,0,0,0,0,0,14,4,0
429.539,1,25411584,windows,0,1300,1225,18,0,0,0,0,0,0,14,4,0
429.603,0,25425920,repair,0,1300,1225,18,0,0,0,0,0,0,14,4,0
429.799,1,25428992,windows,0,1300,1225,18,0,0,0,0,0,0,14,4,0
429.855,0,25446400,repair,0,1300,1225,18,0,0,0,0,0,0,14,4,0
430.051,1,25445376,windows,0,1300,1225,18,0,0,0,0,0,0,14,4,0
430.117,0,25467904,repair,0,1300,1225,18,0,0,0,0,0,0,14,4,0
430.313,1,25462784,windows,0,1300,1225,18,0,0,0,0,0,0,14,4,0
430.376,0,25488384,repair,0,1300,1225,18,0,0,0,0,0,0,14,4,0
430.571,1,25479168,windows,0,1300,1225,18,0,0,0,0,0,0,14,4,0
430.636,0,25508864,windows,0,1300,1225,18,0,0,0,0,0,0,14,4,0
430.829,1,25495552,windows,0,1300,1225,18,0,0,0,0,0,0,14,4,0
430.898,0,25527296,windows,0,1300,1225,18,0,0,0,0,0,0,14,4,0
431.085,1,25511936,windows,0,1300,1225,18,0,0,0,0,0,0,14,4,0
431.157,0,25543680,windows,0,1300,1225,18,0,0,0,0,0,0,14,4,0
431.345,1,25528320,windows,0,1300,1225,18,0,0,0,0,0,0,14,4,0
431.41,0,25560064,windows,0,1300,1225,18,0,0,0,0,0,0,14,4,0
431.599,1,25544704,windows,0,1300,1225,18,0,0,0,0,0,0,14,4,0
431.667,0,25576448,windows,0,1300,1225,18,0,0,0,0,0,0,14,4,0
431.852,1,25561088,windows,0,1300,1225,18,0,0,0,0,0,0,14,4,0
431.927,0,25593856,windows,0,1300,1225,18,0,0,0,0,0,0,14,4,0
432.114,1,25577472,windows,0,1300,1225,18,0,0,0,0,0,0,14,4,0
432.178,0,25609216,windows,0,1300,1225,18,0,0,0,0,0,0,14,4,0
432.364,1,25593856,windows,0,1300,1225,18,0,0,0,0,0,0,14,4,0
432.43,0,25625600,windows,0,1300,1225,18,0,0,0,0,0,0,14,4,0
432.623,1,25611264,windows,0,1300,1225,18,0,0,0,0,0,0,14,4,0
432.687,0,25643008,windows,0,1300,1225,18,0,0,0,0,0,0,14,4,0
432.874,1,25627648,windows,0,1300,1225,18,0,0,0,0,0,0,14,4,0
432.942,0,25658368,windows,0,1300,1225,18,0,0,0,0,0,0,14,4,0
433.131,1,25645056,windows,0,1300,1225,18,0,0,0,0,0,0,14,4,0
433.206,0,25673728,windows,0,1300,1225,18,0,0,0,0,0,0,14,4,0
433.388,1,25661440,windows,0,1300,1225,18,0,0,0,0,0,0,14,4,0
433.469,0,25690112,windows,0,1300,1225,18,0,0,0,0,0,0,14,4,0
433.642,1,25677824,windows,0,1300,1225,18,0,0,0,0,0,0,14,4,0
433.73,0,25706496,windows,0,1300,1225,18,0,0,0,0,0,0,14,4,0
433.9,1,25694208,windows,0,1300,1225,18,0,0,0,0,0,0,14,4,0
433.988,0,25722880,windows,0,1300,1225,18,0,0,0,0,0,0,14,4,0
434.167,1,25711616,repair,0,1300,1225,18,0,0,0,0,0,0,14,4,0
434.246,0,25739264,windows,0,1300,1225,18,0,0,0,0,0,0,14,4,0
434.42,1,25729024,repair,0,1300,1225,18,0,0,0,0,0,0,14,4,0
434.513,0,25756672,windows,0,1300,1225,18,0,0,0,0,0,0,14,4,0
434.68,1,25747456,repair,0,1300,1225,18,0,0,0,0,0,0,14,4,0
434.766,0,25773056,windows,0,1300,1225,18,0,0,0,0,0,0,14,4,0
434.94,1,25767936,windows,0,1300,1225,18,0,0,0,0,0,0,14,4,0
435.019,0,25789440,windows,0,1300,1225,18,0,0,0,0,0,0,14,4,0
435.202,1,25785344,windows,0,1300,1225,18,0,0,0,0,0,0,14,4,0
435.271,0,25803776,windows,0,1300,1225,18,0,0,0,0,0,0,14,4,0
435.457,1,25801728,windows,0,1300,1225,18,0,0,0,0,0,0,14,4,0
435.53,0,25818112,windows,0,1300,1225,18,0,0,0,0,0,0,14,4,0
435.707,1,25817088,windows,0,1300,1225,18,0,0,0,0,0,0,14,4,0
435.782,0,25831424,windows,0,1300,1225,18,0,0,0,0,0,0,14,4,0
435.965,1,25833472,windows,0,1300,1225,18,0,0,0,0,0,0,14,4,0
436.05,0,25845760,windows,0,1300,1225,18,0,0,0,0,0,0,14,4,0
436.228,1,25849856,windows,0,1300,1225,18,0,0,0,0,0,0,14,4,0
436.318,0,25859072,repair,0,1300,1225,18,0,0,0,0,0,0,14,4,0
436.489,1,25865216,windows,0,1300,1225,18,0,0,0,0,0,0,14,4,0
436.588,0,25873408,repair,0,1300,1225,18,0,0,0,0,0,0,14,4,0
436.749,1,25881600,windows,0,1300,1225,18,0,0,0,0,0,0,14,4,0
436.849,0,25887744,windows,0,1300,1225,18,0,0,0,0,0,0,14,4,0
437.006,1,25896960,windows,0,1300,1225,18,0,0,0,0,0,0,14,4,0
437.119,0,25902080,windows,0,1300,1225,18,0,0,0,0,0,0,14,4,0
437.274,1,25913344,windows,0,1300,1225,18,0,0,0,0,0,0,14,4,0
437.37,0,25915392,windows,0,1300,1225,18,0,0,0,0,0,0,14,4,0
437.531,1,25930752,windows,0,1300,1225,18,0,0,0,0,0,0,14,4,0
437.638,0,25929728,windows,0,1300,1225,18,0,0,0,0,0,0,14,4,0
437.784,1,25947136,windows,0,1300,1225,18,0,0,0,0,0,0,14,4,0
437.891,0,25943040,windows,0,1300,1225,18,0,0,0,0,0,0,14,4,0
438.039,1,25963520,windows,0,1300,1225,18,0,0,0,0,0,0,14,4,0
438.15,0,25956352,windows,0,1300,1225,18,0,0,0,0,0,0,14,4,0
438.298,1,25979904,windows,0,1300,1225,18,0,0,0,0,0,0,14,4,0
438.401,0,25969664,windows,0,1300,1225,18,0,0,0,0,0,0,14,4,0
438.559,1,25996288,windows,0,1300,1225,18,0,0,0,0,0,0,14,4,0
438.658,0,25984000,windows,0,1300,1225,18,0,0,0,0,0,0,14,4,0
438.813,1,26011648,windows,0,1300,1225,18,0,0,0,0,0,0,14,4,0
438.923,0,25997312,windows,0,1300,1225,18,0,0,0,0,0,0,14,4,0
439.072,1,26028032,windows,0,1300,1225,18,0,0,0,0,0,0,14,4,0
439.174,0,26010624,windows,0,1300,1225,18,0,0,0,0,0,0,14,4,0
439.334,1,26044416,windows,0,1300,1225,18,0,0,0,0,0,0,14,4,0
439.432,0,26023936,windows,0,1300,1225,18,0,0,0,0,0,0,14,4,0
439.589,1,26059776,windows,0,1300,1225,18,0,0,0,0,0,0,14,4,0
439.69,0,26038272,windows,0,1300,1225,18,0,0,0,0,0,0,14,4,0
439.842,1,26076160,windows,0,1300,1225,18,0,0,0,0,0,0,14,4,0
439.951,0,26052608,windows,0,1300,1225,18,0,0,0,0,0,0,14,4,0
440.105,1,26092544,windows,0,1300,1225,18,0,0,0,0,0,0,14,4,0
440.22,0,26066944,windows,0,1300,1225,18,0,0,0,0,0,0,14,4,0
440.357,1,26108928,windows,0,1300,1225,18,0,0,0,0,0,0,14,4,0
440.48,0,26080256,windows,0,1300,1225,18,0,0,0,0,0,0,14,4,0
440.612,1,26124288,windows,0,1300,1225,18,0,0,0,0,0,0,14,4,0
440.738,0,26093568,windows,0,1300,1225,18,0,0,0,0,0,0,14,4,0
440.868,1,26139648,repair,0,1300,1225,18,0,0,0,0,0,0,14,4,0
440.994,0,26106880,windows,0,1300,1225,18,0,0,0,0,0,0,14,4,0
441.124,1,26155008,repair,0,1300,1225,18,0,0,0,0,0,0,14,4,0
441.253,0,26121216,windows,0,1300,1225,18,0,0,0,0,0,0,14,4,0
441.382,1,26172416,windows,0,1300,1225,18,0,0,0,0,0,0,14,4,0
441.516,0,26135552,windows,0,1300,1225,18,0,0,0,0,0,0,14,4,0
441.637,1,26188800,windows,0,1300,1225,18,0,0,0,0,0,0,14,4,0
441.775,0,26149888,windows,0,1300,1225,18,0,0,0,0,0,0,14,4,0
441.893,1,26205184,windows,0,1300,1225,18,0,0,0,0,0,0,14,4,0
442.036,0,26164224,windows,0,1300,1225,18,0,0,0,0,0,0,14,4,0
442.147,1,26221568,windows,0,1300,1225,18,0,0,0,0,0,0,14,4,0
442.297,0,26178560,windows,0,1300,1225,18,0,0,0,0,0,0,14,4,0
442.402,1,26237952,windows,0,1300,1225,18,0,0,0,0,0,0,14,4,0
442.558,0,26192896,windows,0,1300,1225,18,0,0,0,0,0,0,14,4,0
442.661,1,26254336,windows,0,1300,1225,18,0,0,0,0,0,0,14,4,0
442.816,0,26207232,windows,0,1300,1225,18,0,0,0,0,0,0,14,4,0
442.912,1,26270720,windows,0,1300,1225,18,0,0,0,0,0,0,14,4,0
443.07,0,26221568,windows,0,1300,1225,18,0,0,0,0,0,0,14,4,0
443.171,1,26287104,windows,0,1300,1225,18,0,0,0,0,0,0,14,4,0
443.337,0,26236928,windows,0,1300,1225,18,0,0,0,0,0,0,14,4,0
443.422,1,26303488,windows,0,1300,1225,18,0,0,0,0,0,0,14,4,0
443.596,0,26252288,windows,0,1300,1225,18,0,0,0,0,0,0,14,4,0
443.677,1,26319872,windows,0,1300,1225,18,0,0,0,0,0,0,14,4,0
443.852,0,26266624,windows,0,1300,1225,18,0,0,0,0,0,0,14,4,0
443.933,1,26337280,windows,0,1300,1225,18,0,0,0,0,0,0,14,4,0
444.11,0,26281984,windows,0,1300,1225,18,0,0,0,0,0,0,14,4,0
444.193,1,26353664,windows,0,1300,1225,18,0,0,0,0,0,0,14,4,0
444.371,0,26297344,windows,0,1300,1225,18,0,0,0,0,0,0,14,4,0
444.445,1,26369024,windows,0,1300,1225,18,0,0,0,0,0,0,14,4,0
444.635,0,26312704,windows,0,1300,1225,18,0,0,0,0,0,0,14,4,0
444.711,1,26384384,windows,0,1300,1225,18,0,0,0,0,0,0,14,4,0
444.897,0,26330112,windows,0,1300,1225,18,0,0,0,0,0,0,14,4,0
444.963,1,26398720,repair,0,1300,1225,18,0,0,0,0,0,0,14,4,0
445.161,0,26345472,windows,0,1300,1225,18,0,0,0,0,0,0,14,4,0
445.216,1,26413056,repair,0,1300,1225,18,0,0,0,0,0,0,14,4,0
445.412,0,26359808,windows,0,1300,1225,18,0,0,0,0,0,0,14,4,0
445.482,1,26428416,windows,0,1300,1225,18,0,0,0,0,0,0,14,4,0
445.678,0,26375168,repair,0,1300,1225,18,0,0,0,0,0,0,14,4,0
445.746,1,26443776,windows,0,1300,1225,18,0,0,0,0,0,0,14,4,0
445.935,0,26391552,repair,0,1300,1225,18,0,0,0,0,0,0,14,4,0
445.997,1,26458112,windows,0,1300,1225,18,0,0,0,0,0,0,14,4,0
446.188,0,26408960,repair,0,1300,1225,18,0,0,0,0,0,0,14,4,0
446.257,1,26472448,windows,0,1300,1225,18,0,0,0,0,0,0,14,4,0
446.446,0,26426368,windows,0,1300,1225,18,0,0,0,0,0,0,14,4,0
446.523,1,26487808,windows,0,1300,1225,18,0,0,0,0,0,0,14,4,0
446.709,0,26441728,windows,0,1300,1225,18,0,0,0,0,0,0,14,4,0
446.788,1,26502144,windows,0,1300,1225,18,0,0,0,0,0,0,14,4,0
446.968,0,26456064,windows,0,1300,1225,18,0,0,0,0,0,0,14,4,0
447.044,1,26515456,windows,0,1300,1225,18,0,0,0,0,0,0,14,4,0
447.236,0,26470400,windows,0,1300,1225,18,0,0,0,0,0,0,14,4,0
447.298,1,26527744,windows,0,1300,1225,18,0,0,0,0,0,0,14,4,0
447.497,0,26483712,windows,0,1300,1225,18,0,0,0,0,0,0,14,4,0
447.565,1,26542080,windows,0,1300,1225,18,0,0,0,0,0,0,14,4,0
447.762,0,26497024,windows,0,1300,1225,18,0,0,0,0,0,0,14,4,0
447.824,1,26555392,windows,0,1300,1225,18,0,0,0,0,0,0,14,4,0
448.029,0,26511360,windows,0,1300,1225,18,0,0,0,0,0,0,14,4,0
448.098,1,26570752,windows,0,1300,1225,18,0,0,0,0,0,0,14,4,0
448.286,0,26524672,windows,0,1300,1225,18,0,0,0,0,0,0,14,4,0
448.351,1,26585088,windows,0,1300,1225,18,0,0,0,0,0,0,14,4,0
448.539,0,26537984,windows,0,1300,1225,18,0,0,0,0,0,0,14,4,0
448.61,1,26599424,windows,0,1300,1225,18,0,0,0,0,0,0,14,4,0
448.8,0,26551296,windows,0,1300,1225,18,0,0,0,0,0,0,14,4,0
448.879,1,26613760,windows,0,1300,1225,18,0,0,0,0,0,0,14,4,0
449.065,0,26563584,windows,0,1300,1225,18,0,0,0,0,0,0,14,4,0
449.135,1,26627072,windows,0,1300,1225,18,0,0,0,0,0,0,14,4,0
449.331,0,26577920,windows,0,1300,1225,18,0,0,0,0,0,0,14,4,0
449.404,1,26641408,windows,0,1300,1225,18,0,0,0,0,0,0,14,4,0
449.585,0,26591232,windows,0,1300,1225,18,0,0,0,0,0,0,14,4,0
449.656,1,26654720,windows,0,1300,1225,18,0,0,0,0,0,0,14,4,0
449.847,0,26603520,windows,0,1300,1225,18,0,0,0,0,0,0,14,4,0
449.914,1,26667008,windows,0,1300,1225,18,0,0,0,0,0,0,14,4,0
450.11,0,26616832,windows,0,1300,1225,18,0,0,0,0,0,0,14,4,0
450.174,1,26682368,repair,0,1300,1225,18,0,0,0,0,0,0,14,4,0
450.365,0,26630144,windows,0,1300,1225,18,0,0,0,0,0,0,14,4,0
450.425,1,26697728,windows,0,1300,1225,18,0,0,0,0,0,0,14,4,0
450.616,0,26643456,windows,0,1300,1225,18,0,0,0,0,0,0,14,4,0
450.686,1,26713088,windows,0,1300,1225,18,0,0,0,0,0,0,14,4,0
450.869,0,26657792,windows,0,1300,1225,18,0,0,0,0,0,0,14,4,0
450.952,1,26728448,windows,0,1300,1225,18,0,0,0,0,0,0,14,4,0
451.132,0,26673152,windows,0,1300,1225,18,0,0,0,0,0,0,14,4,0
451.213,1,26742784,windows,0,1300,1225,18,0,0,0,0,0,0,14,4,0
451.398,0,26687488,windows,0,1300,1225,18,0,0,0,0,0,0,14,4,0
451.482,1,26757120,windows,0,1300,1225,18,0,0,0,0,0,0,14,4,0
451.653,0,26701824,windows,0,1300,1225,18,0,0,0,0,0,0,14,4,0
451.743,1,26771456,windows,0,1300,1225,18,0,0,0,0,0,0,14,4,0
451.911,0,26716160,repair,0,1300,1225,18,0,0,0,0,0,0,14,4,0
452.007,1,26785792,windows,0,1300,1225,18,0,0,0,0,0,0,14,4,0
452.169,0,26731520,repair,0,1300,1225,18,0,0,0,0,0,0,14,4,0
452.274,1,26799104,windows,0,1300,1225,18,0,0,0,0,0,0,14,4,0
452.424,0,26745856,windows,0,1300,1225,18,0,0,0,0,0,0,14,4,0
452.54,1,26813440,windows,0,1300,1225,18,0,0,0,0,0,0,14,4,0
452.68,0,26760192,windows,0,1300,1225,18,0,0,0,0,0,0,14,4,0
452.805,1,26828800,windows,0,1300,1225,18,0,0,0,0,0,0,14,4,0
452.93,0,26773504,windows,0,1300,1225,18,0,0,0,0,0,0,14,4,0
453.065,1,26844160,windows,0,1300,1225,18,0,0,0,0,0,0,14,4,0
453.19,0,26787840,windows,0,1300,1225,18,0,0,0,0,0,0,14,4,0
453.325,1,26858496,windows,0,1300,1225,18,0,0,0,0,0,0,14,4,0
453.458,0,26802176,windows,0,1300,1225,18,0,0,0,0,0,0,14,4,0
453.579,1,26872832,windows,0,1300,1225,18,0,0,0,0,0,0,14,4,0
453.715,0,26816512,windows,0,1300,1225,18,0,0,0,0,0,0,14,4,0
453.831,1,26887168,windows,0,1300,1225,18,0,0,0,0,0,0,14,4,0
453.976,0,26830848,windows,0,1300,1225,18,0,0,0,0,0,0,14,4,0
454.086,1,26901504,windows,0,1300,1225,18,0,0,0,0,0,0,14,4,0
454.238,0,26845184,windows,0,1300,1225,18,0,0,0,0,0,0,14,4,0
454.341,1,26914816,windows,0,1300,1225,18,0,0,0,0,0,0,14,4,0
454.497,0,26859520,windows,0,1300,1225,18,0,0,0,0,0,0,14,4,0
454.595,1,26928128,windows,0,1300,1225,18,0,0,0,0,0,0,14,4,0
454.748,0,26873856,windows,0,1300,1225,18,0,0,0,0,0,0,14,4,0
454.852,1,26942464,windows,0,1300,1225,18,0,0,0,0,0,0,14,4,0
455.001,0,26889216,windows,0,1300,1225,18,0,0,0,0,0,0,14,4,0
455.112,1,26956800,windows,0,1300,1225,18,0,0,0,0,0,0,14,4,0
455.26,0,26904576,windows,0,1300,1225,18,0,0,0,0,0,0,14,4,0
455.364,1,26974208,windows,0,1300,1225,18,0,0,0,0,0,0,14,4,0
455.511,0,26918912,windows,0,1300,1225,18,0,0,0,0,0,0,14,4,0
455.625,1,26989568,windows,0,1300,1225,18,0,0,0,0,0,0,14,4,0
455.77,0,26934272,windows,0,1300,1225,18,0,0,0,0,0,0,14,4,0
455.887,1,27005952,windows,0,1300,1225,18,0,0,0,0,0,0,14,4,0
456.028,0,26950656,windows,0,1300,1225,18,0,0,0,0,0,0,14,4,0
456.148,1,27021312,windows,0,1300,1225,18,0,0,0,0,0,0,14,4,0
456.288,0,26967040,windows,0,1300,1225,18,0,0,0,0,0,0,14,4,0
456.411,1,27037696,windows,0,1300,1225,18,0,0,0,0,0,0,14,4,0
456.552,0,26984448,windows,0,1300,1225,18,0,0,0,0,0,0,14,4,0
456.675,1,27052032,repair,0,1300,1225,18,0,0,0,0,0,0,14,4,0
456.804,0,27000832,windows,0,1300,1225,18,0,0,0,0,0,0,14,4,0
456.931,1,27067392,windows,0,1300,1225,18,0,0,0,0,0,0,14,4,0
457.07,0,27018240,windows,0,1300,1225,18,0,0,0,0,0,0,14,4,0
457.189,1,27082752,windows,0,1300,1225,18,0,0,0,0,0,0,14,4,0
457.329,0,27035648,windows,0,1300,1225,18,0,0,0,0,0,0,14,4,0
457.446,1,27098112,windows,0,1300,1225,18,0,0,0,0,0,0,14,4,0
457.591,0,27054080,windows,0,1300,1225,18,0,0,0,0,0,0,14,4,0
457.697,1,27112448,windows,0,1300,1225,18,0,0,0,0,0,0,14,4,0
457.848,0,27072512,windows,0,1300,1225,18,0,0,0,0,0,0,14,4,0
457.961,1,27127808,windows,0,1300,1225,18,0,0,0,0,0,0,14,4,0
458.101,0,27089920,windows,0,1300,1225,18,0,0,0,0,0,0,14,4,0
458.216,1,27142144,windows,0,1300,1225,18,0,0,0,0,0,0,14,4,0
458.363,0,27104256,windows,0,1300,1225,18,0,0,0,0,0,0,14,4,0
458.477,1,27157504,windows,0,1300,1225,18,0,0,0,0,0,0,14,4,0
458.616,0,27121664,windows,0,1300,1225,18,0,0,0,0,0,0,14,4,0
458.736,1,27172864,windows,0,1300,1225,18,0,0,0,0,0,0,14,4,0
458.869,0,27139072,windows,0,1300,1225,18,0,0,0,0,0,0,14,4,0
458.996,1,27187200,windows,0,1300,1225,18,0,0,0,0,0,0,14,4,0
459.133,0,27156480,windows,0,1300,1225,18,0,0,0,0,0,0,14,4,0
459.252,1,27202560,windows,0,1300,1225,18,0,0,0,0,0,0,14,4,0
459.385,0,27172864,windows,0,1300,1225,18,0,0,0,0,0,0,14,4,0
459.511,1,27217920,windows,0,1300,1225,18,0,0,0,0,0,0,14,4,0
459.643,0,27189248,windows,0,1300,1225,18,0,0,0,0,0,0,14,4,0
459.761,1,27231232,windows,0,1300,1225,18,0,0,0,0,0,0,14,4,0
459.897,0,27205632,repair,0,1300,1225,18,0,0,0,0,0,0,14,4,0
460.013,1,27246592,windows,0,1300,1225,18,0,0,0,0,0,0,14,4,0
460.161,0,27225088,repair,0,1300,1225,18,0,0,0,0,0,0,14,4,0
460.277,1,27262976,windows,0,1300,1225,18,0,0,0,0,0,0,14,4,0
460.413,0,27244544,windows,0,1300,1225,18,0,0,0,0,0,0,14,4,0
460.533,1,27278336,windows,0,1300,1225,18,0,0,0,0,0,0,14,4,0
460.668,0,27261952,windows,0,1300,1225,18,0,0,0,0,0,0,14,4,0
460.79,1,27293696,windows,0,1300,1225,18,0,0,0,0,0,0,14,4,0
460.928,0,27280384,windows,0,1300,1225,18,0,0,0,0,0,0,14,4,0
461.056,1,27310080,windows,0,1300,1225,18,0,0,0,0,0,0,14,4,0
461.186,0,27296768,windows,0,1300,1225,18,0,0,0,0,0,0,14,4,0
461.312,1,27324416,windows,0,1300,1225,18,0,0,0,0,0,0,14,4,0
461.441,0,27313152,windows,0,1300,1225,18,0,0,0,0,0,0,14,4,0
461.565,1,27338752,windows,0,1300,1225,18,0,0,0,0,0,0,14,4,0
461.692,0,27327488,windows,0,1300,1225,18,0,0,0,0,0,0,14,4,0
461.826,1,27354112,windows,0,1300,1225,18,0,0,0,0,0,0,14,4,0
461.951,0,27341824,windows,0,1300,1225,18,0,0,0,0,0,0,14,4,0
462.084,1,27367424,windows,0,1300,1225,18,0,0,0,0,0,0,14,4,0
462.202,0,27355136,windows,0,1300,1225,18,0,0,0,0,0,0,14,4,0
462.336,1,27381760,windows,0,1300,1225,18,0,0,0,0,0,0,14,4,0
462.465,0,27371520,windows,0,1300,1225,18,0,0,0,0,0,0,14,4,0
462.59,1,27396096,windows,0,1300,1225,18,0,0,0,0,0,0,14,4,0
462.719,0,27386880,windows,0,1300,1225,18,0,0,0,0,0,0,14,4,0
462.853,1,27411456,windows,0,1300,1225,18,0,0,0,0,0,0,14,4,0
462.976,0,27402240,windows,0,1300,1225,18,0,0,0,0,0,0,14,4,0
463.11,1,27425792,windows,0,1300,1225,18,0,0,0,0,0,0,14,4,0
463.24,0,27416576,windows,0,1300,1225,18,0,0,0,0,0,0,14,4,0
463.366,1,27440128,windows,0,1300,1225,18,0,0,0,0,0,0,14,4,0
463.495,0,27431936,windows,0,1300,1225,18,0,0,0,0,0,0,14,4,0
463.623,1,27454464,windows,0,1300,1225,18,0,0,0,0,0,0,14,4,0
463.75,0,27447296,windows,0,1300,1225,18,0,0,0,0,0,0,14,4,0
463.885,1,27469824,windows,0,1300,1225,18,0,0,0,0,0,0,14,4,0
464.012,0,27461632,windows,0,1300,1225,18,0,0,0,0,0,0,14,4,0
464.136,1,27484160,windows,0,1300,1225,18,0,0,0,0,0,0,14,4,0
464.267,0,27475968,windows,0,1300,1225,18,0,0,0,0,0,0,14,4,0
464.387,1,27498496,windows,0,1300,1225,18,0,0,0,0,0,0,14,4,0
464.521,0,27490304,windows,0,1300,1225,18,0,0,0,0,0,0,14,4,0
464.651,1,27514880,windows,0,1300,1225,18,0,0,0,0,0,0,14,4,0
464.785,0,27505664,repair,0,1300,1225,18,0,0,0,0,0,0,14,4,0
464.91,1,27531264,windows,0,1300,1225,18,0,0,0,0,0,0,14,4,0
465.043,0,27521024,repair,0,1300,1225,18,0,0,0,0,0,0,14,4,0
465.17,1,27546624,windows,0,1300,1225,18,0,0,0,0,0,0,14,4,0
465.296,0,27536384,windows,0,1300,1225,18,0,0,0,0,0,0,14,4,0
465.42,1,27561984,repair,0,1300,1225,18,0,0,0,0,0,0,14,4,0
465.563,0,27551744,windows,0,1300,1225,18,0,0,0,0,0,0,14,4,0
465.684,1,27580416,repair,0,1300,1225,18,0,0,0,0,0,0,14,4,0
465.83,0,27567104,windows,0,1300,1225,18,0,0,0,0,0,0,14,4,0
465.938,1,27595776,windows,0,1300,1225,18,0,0,0,0,0,0,14,4,0
466.086,0,27581440,windows,0,1300,1225,18,0,0,0,0,0,0,14,4,0
466.193,1,27610112,windows,0,1300,1225,18,0,0,0,0,0,0,14,4,0
466.348,0,27595776,windows,0,1300,1225,18,0,0,0,0,0,0,14,4,0
466.457,1,27624448,windows,0,1300,1225,18,0,0,0,0,0,0,14,4,0
466.608,0,27611136,windows,0,1300,1225,18,0,0,0,0,0,0,14,4,0
466.712,1,27638784,windows,0,1300,1225,18,0,0,0,0,0,0,14,4,0
466.859,0,27626496,windows,0,1300,1225,18,0,0,0,0,0,0,14,4,0
466.977,1,27653120,windows,0,1300,1225,18,0,0,0,0,0,0,14,4,0
467.116,0,27640832,windows,0,1300,1225,18,0,0,0,0,0,0,14,4,0
467.244,1,27667456,windows,0,1300,1225,18,0,0,0,0,0,0,14,4,0
467.38,0,27655168,windows,0,1300,1225,18,0,0,0,0,0,0,14,4,0
467.501,1,27679744,windows,0,1300,1225,18,0,0,0,0,0,0,14,4,0
467.633,0,27670528,windows,0,1300,1225,18,0,0,0,0,0,0,14,4,0
467.767,1,27694080,windows,0,1300,1225,18,0,0,0,0,0,0,14,4,0
467.898,0,27686912,windows,0,1300,1225,18,0,0,0,0,0,0,14,4,0
468.019,1,27708416,windows,0,1300,1225,18,0,0,0,0,0,0,14,4,0
468.163,0,27703296,windows,0,1300,1225,18,0,0,0,0,0,0,14,4,0
468.284,1,27724800,windows,0,1300,1225,18,0,0,0,0,0,0,14,4,0
468.427,0,27720704,windows,0,1300,1225,18,0,0,0,0,0,0,14,4,0
468.551,1,27740160,windows,0,1300,1225,18,0,0,0,0,0,0,14,4,0
468.677,0,27738112,windows,0,1300,1225,18,0,0,0,0,0,0,14,4,0
468.812,1,27754496,windows,0,1300,1225,18,0,0,0,0,0,0,14,4,0
468.928,0,27754496,windows,0,1300,1225,18,0,0,0,0,0,0,14,4,0
469.069,1,27769856,windows,0,1300,1225,18,0,0,0,0,0,0,14,4,0
469.182,0,27769856,windows,0,1300,1225,18,0,0,0,0,0,0,14,4,0
469.321,1,27784192,windows,0,1300,1225,18,0,0,0,0,0,0,14,4,0
469.44,0,27785216,windows,0,1300,1225,18,0,0,0,0,0,0,14,4,0
469.588,1,27798528,windows,0,1300,1225,18,0,0,0,0,0,0,14,4,0
469.706,0,27799552,windows,0,1300,1225,18,0,0,0,0,0,0,14,4,0
469.838,1,27811840,windows,0,1300,1225,18,0,0,0,0,0,0,14,4,0
469.967,0,27814912,windows,0,1300,1225,18,0,0,0,0,0,0,14,4,0
470.093,1,27826176,windows,0,1300,1225,18,0,0,0,0,0,0,14,4,0
470.227,0,27831296,windows,0,1300,1225,18,0,0,0,0,0,0,14,4,0
470.361,1,27841536,repair,0,1300,1225,18,0,0,0,0,0,0,14,4,0
470.491,0,27848704,repair,0,1300,1225,18,0,0,0,0,0,0,14,4,0
470.624,1,27857920,repair,0,1300,1225,18,0,0,0,0,0,0,14,4,0
470.744,0,27867136,repair,0,1300,1225,18,0,0,0,0,0,0,14,4,0
470.878,1,27874304,repair,0,1300,1225,18,0,0,0,0,0,0,14,4,0
471,0,27885568,windows,0,1300,1225,18,0,0,0,0,0,0,14,4,0
471.145,1,27890688,windows,0,1300,1225,18,0,0,0,0,0,0,14,4,0
471.251,0,27902976,windows,0,1300,1225,18,0,0,0,0,0,0,14,4,0
471.395,1,27905024,windows,0,1300,1225,18,0,0,0,0,0,0,14,4,0
471.509,0,27920384,windows,0,1300,1225,18,0,0,0,0,0,0,14,4,0
471.652,1,27919360,windows,0,1300,1225,18,0,0,0,0,0,0,14,4,0
471.764,0,27937792,windows,0,1300,1225,18,0,0,0,0,0,0,14,4,0
471.91,1,27933696,windows,0,1300,1225,18,0,0,0,0,0,0,14,4,0
472.026,0,27955200,windows,0,1300,1225,18,0,0,0,0,0,0,14,4,0
472.163,1,27948032,windows,0,1300,1225,18,0,0,0,0,0,0,14,4,0
472.284,0,27972608,windows,0,1300,1225,18,0,0,0,0,0,0,14,4,0
472.423,1,27962368,windows,0,1300,1225,18,0,0,0,0,0,0,14,4,0
472.536,0,27990016,windows,0,1300,1225,18,0,0,0,0,0,0,14,4,0
472.676,1,27976704,windows,0,1300,1225,18,0,0,0,0,0,0,14,4,0
472.796,0,28006400,windows,0,1300,1225,18,0,0,0,0,0,0,14,4,0
472.943,1,27991040,windows,0,1300,1225,18,0,0,0,0,0,0,14,4,0
473.048,0,28022784,windows,0,1300,1225,18,0,0,0,0,0,0,14,4,0
473.198,1,28005376,windows,0,1300,1225,18,0,0,0,0,0,0,14,4,0
473.308,0,28039168,windows,0,1300,1225,18,0,0,0,0,0,0,14,4,0
473.454,1,28019712,windows,0,1300,1225,18,0,0,0,0,0,0,14,4,0
473.561,0,28055552,windows,0,1300,1225,18,0,0,0,0,0,0,14,4,0
473.712,1,28034048,windows,0,1300,1225,18,0,0,0,0,0,0,14,4,0
473.82,0,28071936,windows,0,1300,1225,18,0,0,0,0,0,0,14,4,0
473.978,1,28048384,windows,0,1300,1225,18,0,0,0,0,0,0,14,4,0
474.082,0,28088320,windows,0,1300,1225,18,0,0,0,0,0,0,14,4,0
474.231,1,28062720,windows,0,1300,1225,18,0,0,0,0,0,0,14,4,0
474.343,0,28104704,windows,0,1300,1225,18,0,0,0,0,0,0,14,4,0
474.485,1,28077056,windows,0,1300,1225,18,0,0,0,0,0,0,14,4,0
474.606,0,28122112,windows,0,1300,1225,18,0,0,0,0,0,0,14,4,0
474.75,1,28091392,windows,0,1300,1225,18,0,0,0,0,0,0,14,4,0
474.867,0,28139520,windows,0,1300,1225,18,0,0,0,0,0,0,14,4,0
475.002,1,28105728,windows,0,1300,1225,18,0,0,0,0,0,0,14,4,0
475.119,0,28156928,windows,0,1300,1225,18,0,0,0,0,0,0,14,4,0
475.268,1,28121088,windows,0,1300,1225,18,0,0,0,0,0,0,14,4,0
475.372,0,28175360,windows,0,1300,1225,18,0,0,0,0,0,0,14,4,0
475.52,1,28134400,windows,0,1300,1225,18,0,0,0,0,0,0,14,4,0
475.633,0,28191744,windows,0,1300,1225,18,0,0,0,0,0,0,14,4,0
475.776,1,28148736,windows,0,1300,1225,18,0,0,0,0,0,0,14,4,0
475.888,0,28208128,windows,0,1300,1225,18,0,0,0,0,0,0,14,4,0
476.034,1,28163072,windows,0,1300,1225,18,0,0,0,0,0,0,14,4,0
476.139,0,28224512,repair,0,1300,1225,18,0,0,0,0,0,0,14,4,0
476.285,1,28177408,windows,0,1300,1225,18,0,0,0,0,0,0,14,4,0
476.402,0,28243968,windows,0,1300,1225,18,0,0,0,0,0,0,14,4,0
476.549,1,28190720,windows,0,1300,1225,18,0,0,0,0,0,0,14,4,0
476.663,0,28261376,windows,0,1300,1225,18,0,0,0,0,0,0,14,4,0
476.817,1,28205056,windows,0,1300,1225,18,0,0,0,0,0,0,14,4,0
476.922,0,28279808,windows,0,1300,1225,18,0,0,0,0,0,0,14,4,0
477.083,1,28219392,windows,0,1300,1225,18,0,0,0,0,0,0,14,4,0
477.184,0,28296192,windows,0,1300,1225,18,0,0,0,0,0,0,14,4,0
477.34,1,28232704,windows,0,1300,1225,18,0,0,0,0,0,0,14,4,0
477.436,0,28309504,windows,0,1300,1225,18,0,0,0,0,0,0,14,4,0
477.595,1,28246016,windows,0,1300,1225,18,0,0,0,0,0,0,14,4,0
477.7,0,28325888,windows,0,1300,1225,18,0,0,0,0,0,0,14,4,0
477.848,1,28260352,windows,0,1300,1225,18,0,0,0,0,0,0,14,4,0
477.965,0,28342272,windows,0,1300,1225,18,0,0,0,0,0,0,14,4,0
478.111,1,28274688,windows,0,1300,1225,18,0,0,0,0,0,0,14,4,0
478.226,0,28358656,windows,0,1300,1225,18,0,0,0,0,0,0,14,4,0
478.362,1,28289024,windows,0,1300,1225,18,0,0,0,0,0,0,14,4,0
478.489,0,28376064,windows,0,1300,1225,18,0,0,0,0,0,0,14,4,0
478.628,1,28304384,windows,0,1300,1225,18,0,0,0,0,0,0,14,4,0
478.751,0,28392448,windows,0,1300,1225,18,0,0,0,0,0,0,14,4,0
478.891,1,28319744,windows,0,1300,1225,18,0,0,0,0,0,0,14,4,0
479.009,0,28406784,windows,0,1300,1225,18,0,0,0,0,0,0,14,4,0
479.156,1,28335104,windows,0,1300,1225,18,0,0,0,0,0,0,14,4,0
479.27,0,28420096,windows,0,1300,1225,18,0,0,0,0,0,0,14,4,0
479.419,1,28350464,windows,0,1300,1225,18,0,0,0,0,0,0,14,4,0
479.523,0,28434432,windows,0,1300,1225,18,0,0,0,0,0,0,14,4,0
479.675,1,28364800,windows,0,1300,1225,18,0,0,0,0,0,0,14,4,0
479.78,0,28447744,windows,0,1300,1225,18,0,0,0,0,0,0,14,4,0
479.94,1,28381184,windows,0,1300,1225,18,0,0,0,0,0,0,14,4,0
480.045,0,28462080,windows,0,1300,1225,18,0,0,0,0,0,0,14,4,0
480.2,1,28396544,windows,0,1300,1225,18,0,0,0,0,0,0,14,4,0
480.307,0,28475392,windows,0,1300,1225,18,0,0,0,0,0,0,14,4,0
480.466,1,28411904,windows,0,1300,1225,18,0,0,0,0,0,0,14,4,0
480.569,0,28489728,windows,0,1300,1225,18,0,0,0,0,0,0,14,4,0
480.734,1,28426240,repair,0,1300,1225,18,0,0,0,0,0,0,14,4,0
480.821,0,28504064,windows,0,1300,1225,18,0,0,0,0,0,0,14,4,0
480.992,1,28441600,repair,0,1300,1225,18,0,0,0,0,0,0,14,4,0
481.075,0,28518400,windows,0,1300,1225,18,0,0,0,0,0,0,14,4,0
481.257,1,28457984,windows,0,1300,1225,18,0,0,0,0,0,0,14,4,0
481.343,0,28532736,windows,0,1300,1225,18,0,0,0,0,0,0,14,4,0
481.513,1,28472320,windows,0,1300,1225,18,0,0,0,0,0,0,14,4,0
481.606,0,28546048,windows,0,1300,1225,18,0,0,0,0,0,0,14,4,0
481.769,1,28486656,windows,0,1300,1225,18,0,0,0,0,0,0,14,4,0
481.863,0,28558336,windows,0,1300,1225,18,0,0,0,0,0,0,14,4,0
482.031,1,28502016,windows,0,1300,1225,18,0,0,0,0,0,0,14,4,0
482.114,0,28570624,windows,0,1300,1225,18,0,0,0,0,0,0,14,4,0
482.296,1,28516352,windows,0,1300,1225,18,0,0,0,0,0,0,14,4,0
482.368,0,28584960,windows,0,1300,1225,18,0,0,0,0,0,0,14,4,0
482.554,1,28530688,windows,0,1300,1225,18,0,0,0,0,0,0,14,4,0
482.631,0,28599296,windows,0,1300,1225,18,0,0,0,0,0,0,14,4,0
482.811,1,28545024,windows,0,1300,1225,18,0,0,0,0,0,0,14,4,0
482.891,0,28613632,windows,0,1300,1225,18,0,0,0,0,0,0,14,4,0
483.073,1,28559360,windows,0,1300,1225,18,0,0,0,0,0,0,14,4,0
483.147,0,28627968,windows,0,1300,1225,18,0,0,0,0,0,0,14,4,0
483.327,1,28573696,windows,0,1300,1225,18,0,0,0,0,0,0,14,4,0
483.405,0,28645376,windows,0,1300,1225,18,0,0,0,0,0,0,14,4,0
483.595,1,28589056,windows,0,1300,1225,18,0,0,0,0,0,0,14,4,0
483.661,0,28663808,windows,0,1300,1225,18,0,0,0,0,0,0,14,4,0
483.867,1,28603392,windows,0,1300,1225,18,0,0,0,0,0,0,14,4,0
483.928,0,28681216,repair,0,1300,1225,18,0,0,0,0,0,0,14,4,0
484.135,1,28617728,windows,0,1300,1225,18,0,0,0,0,0,0,14,4,0
484.183,0,28698624,repair,0,1300,1225,18,0,0,0,0,0,0,14,4,0
484.388,1,28631040,windows,0,1300,1225,18,0,0,0,0,0,0,14,4,0
484.437,0,28716032,repair,0,1300,1225,18,0,0,0,0,0,0,14,4,0
484.658,1,28645376,windows,0,1300,1225,18,0,0,0,0,0,0,14,4,0
484.7,0,28733440,windows,0,1300,1225,18,0,0,0,0,0,0,14,4,0
484.923,1,28659712,windows,0,1300,1225,18,0,0,0,0,0,0,14,4,0
484.956,0,28749824,windows,0,1300,1225,18,0,0,0,0,0,0,14,4,0
485.174,1,28674048,windows,0,1300,1225,18,0,0,0,0,0,0,14,4,0
485.218,0,28767232,windows,0,1300,1225,18,0,0,0,0,0,0,14,4,0
485.437,1,28688384,windows,0,1300,1225,18,0,0,0,0,0,0,14,4,0
485.472,0,28784640,windows,0,1300,1225,18,0,0,0,0,0,0,14,4,0
485.692,1,28702720,windows,0,1300,1225,18,0,0,0,0,0,0,14,4,0
485.731,0,28801024,windows,0,1300,1225,18,0,0,0,0,0,0,14,4,0
485.95,1,28717056,windows,0,1300,1225,18,0,0,0,0,0,0,14,4,0
485.991,0,28818432,windows,0,1300,1225,18,0,0,0,0,0,0,14,4,0
486.204,1,28731392,windows,0,1300,1225,18,0,0,0,0,0,0,14,4,0
486.254,0,28834816,windows,0,1300,1225,18,0,0,0,0,0,0,14,4,0
486.46,1,28745728,windows,0,1300,1225,18,0,0,0,0,0,0,14,4,0
486.523,0,28849152,windows,0,1300,1225,18,0,0,0,0,0,0,14,4,0
486.728,1,28761088,windows,0,1300,1225,18,0,0,0,0,0,0,14,4,0
486.789,0,28863488,windows,0,1300,1225,18,0,0,0,0,0,0,14,4,0
486.988,1,28775424,windows,0,1300,1225,18,0,0,0,0,0,0,14,4,0
487.058,0,28877824,windows,0,1300,1225,18,0,0,0,0,0,0,14,4,0
487.252,1,28789760,windows,0,1300,1225,18,0,0,0,0,0,0,14,4,0
487.322,0,28892160,windows,0,1300,1225,18,0,0,0,0,0,0,14,4,0
487.513,1,28804096,windows,0,1300,1225,18,0,0,0,0,0,0,14,4,0
487.577,0,28906496,windows,0,1300,1225,18,0,0,0,0,0,0,14,4,0
487.766,1,28818432,repair,0,1300,1225,18,0,0,0,0,0,0,14,4,0
487.842,0,28920832,windows,0,1300,1225,18,0,0,0,0,0,0,14,4,0
488.025,1,28833792,repair,0,1300,1225,18,0,0,0,0,0,0,14,4,0
488.114,0,28935168,windows,0,1300,1225,18,0,0,0,0,0,0,14,4,0
488.289,1,28849152,windows,0,1300,1225,18,0,0,0,0,0,0,14,4,0
488.38,0,28949504,windows,0,1300,1225,18,0,0,0,0,0,0,14,4,0
488.542,1,28863488,windows,0,1300,1225,18,0,0,0,0,0,0,14,4,0
488.636,0,28963840,windows,0,1300,1225,18,0,0,0,0,0,0,14,4,0
488.807,1,28877824,windows,0,1300,1225,18,0,0,0,0,0,0,14,4,0
488.886,0,28978176,windows,0,1300,1225,18,0,0,0,0,0,0,14,4,0
489.073,1,28893184,windows,0,1300,1225,18,0,0,0,0,0,0,14,4,0
489.15,0,28992512,windows,0,1300,1225,18,0,0,0,0,0,0,14,4,0
489.33,1,28907520,windows,0,1300,1225,18,0,0,0,0,0,0,14,4,0
489.416,0,29007872,windows,0,1300,1225,18,0,0,0,0,0,0,14,4,0
489.584,1,28921856,windows,0,1300,1225,18,0,0,0,0,0,0,14,4,0
489.671,0,29022208,windows,0,1300,1225,18,0,0,0,0,0,0,14,4,0
489.844,1,28936192,windows,0,1300,1225,18,0,0,0,0,0,0,14,4,0
489.935,0,29036544,windows,0,1300,1225,18,0,0,0,0,0,0,14,4,0
490.106,1,28951552,windows,0,1300,1225,18,0,0,0,0,0,0,14,4,0
490.201,0,29050880,windows,0,1300,1225,18,0,0,0,0,0,0,14,4,0
490.37,1,28966912,windows,0,1300,1225,18,0,0,0,0,0,0,14,4,0
490.47,0,29065216,windows,0,1300,1225,18,0,0,0,0,0,0,14,4,0
490.623,1,28981248,windows,0,1300,1225,18,0,0,0,0,0,0,14,4,0
490.732,0,29079552,windows,0,1300,1225,18,0,0,0,0,0,0,14,4,0
490.886,1,28996608,windows,0,1300,1225,18,0,0,0,0,0,0,14,4,0
491.006,0,29094912,repair,0,1300,1225,18,0,0,0,0,0,0,14,4,0
491.152,1,29011968,windows,0,1300,1225,18,0,0,0,0,0,0,14,4,0
491.259,0,29108224,repair,0,1300,1225,18,0,0,0,0,0,0,14,4,0
491.404,1,29026304,windows,0,1300,1225,18,0,0,0,0,0,0,14,4,0
491.524,0,29126656,windows,0,1300,1225,18,0,0,0,0,0,0,14,4,0
491.665,1,29041664,windows,0,1300,1225,18,0,0,0,0,0,0,14,4,0
491.78,0,29144064,windows,0,1300,1225,18,0,0,0,0,0,0,14,4,0
491.92,1,29057024,windows,0,1300,1225,18,0,0,0,0,0,0,14,4,0
492.037,0,29161472,windows,0,1300,1225,18,0,0,0,0,0,0,14,4,0
492.178,1,29072384,windows,0,1300,1225,18,0,0,0,0,0,0,14,4,0
492.292,0,29178880,windows,0,1300,1225,18,0,0,0,0,0,0,14,4,0
492.434,1,29087744,windows,0,1300,1225,18,0,0,0,0,0,0,14,4,0
492.557,0,29196288,windows,0,1300,1225,18,0,0,0,0,0,0,14,4,0
492.688,1,29103104,windows,0,1300,1225,18,0,0,0,0,0,0,14,4,0
492.816,0,29211648,windows,0,1300,1225,18,0,0,0,0,0,0,14,4,0
492.955,1,29118464,repair,0,1300,1225,18,0,0,0,0,0,0,14,4,0
493.077,0,29225984,windows,0,1300,1225,18,0,0,0,0,0,0,14,4,0
493.221,1,29133824,repair,0,1300,1225,18,0,0,0,0,0,0,14,4,0
493.341,0,29241344,windows,0,1300,1225,18,0,0,0,0,0,0,14,4,0
493.472,1,29149184,repair,0,1300,1225,18,0,0,0,0,0,0,14,4,0
493.598,0,29258752,windows,0,1300,1225,18,0,0,0,0,0,0,14,4,0
493.723,1,29163520,windows,0,1300,1225,18,0,0,0,0,0,0,14,4,0
493.855,0,29275136,windows,0,1300,1225,18,0,0,0,0,0,0,14,4,0
493.98,1,29177856,windows,0,1300,1225,18,0,0,0,0,0,0,14,4,0
494.113,0,29291520,windows,0,1300,1225,18,0,0,0,0,0,0,14,4,0
494.239,1,29192192,windows,0,1300,1225,18,0,0,0,0,0,0,14,4,0
494.364,0,29307904,windows,0,1300,1225,18,0,0,0,0,0,0,14,4,0
494.492,1,29206528,windows,0,1300,1225,18,0,0,0,0,0,0,14,4,0
494.631,0,29322240,windows,0,1300,1225,18,0,0,0,0,0,0,14,4,0
494.753,1,29221888,windows,0,1300,1225,18,0,0,0,0,0,0,14,4,0
494.888,0,29335552,windows,0,1300,1225,18,0,0,0,0,0,0,14,4,0
495.008,1,29236224,windows,0,1300,1225,18,0,0,0,0,0,0,14,4,0
495.145,0,29348864,windows,0,1300,1225,18,0,0,0,0,0,0,14,4,0
495.264,1,29250560,windows,0,1300,1225,18,0,0,0,0,0,0,14,4,0
495.406,0,29363200,windows,0,1300,1225,18,0,0,0,0,0,0,14,4,0
495.527,1,29264896,windows,0,1300,1225,18,0,0,0,0,0,0,14,4,0
495.658,0,29376512,windows,0,1300,1225,18,0,0,0,0,0,0,14,4,0
495.785,1,29279232,windows,0,1300,1225,18,0,0,0,0,0,0,14,4,0
495.919,0,29390848,windows,0,1300,1225,18,0,0,0,0,0,0,14,4,0
496.04,1,29293568,windows,0,1300,1225,18,0,0,0,0,0,0,14,4,0
496.177,0,29405184,windows,0,1300,1225,18,0,0,0,0,0,0,14,4,0
496.305,1,29308928,windows,0,1300,1225,18,0,0,0,0,0,0,14,4,0
496.445,0,29420544,windows,0,1300,1225,18,0,0,0,0,0,0,14,4,0
496.556,1,29323264,windows,0,1300,1225,18,0,0,0,0,0,0,14,4,0
496.708,0,29435904,windows,0,1300,1225,18,0,0,0,0,0,0,14,4,0
496.807,1,29337600,windows,0,1300,1225,18,0,0,0,0,0,0,14,4,0
496.958,0,29450240,windows,0,1300,1225,18,0,0,0,0,0,0,14,4,0
497.062,1,29351936,windows,0,1300,1225,18,0,0,0,0,0,0,14,4,0
497.227,0,29464576,repair,0,1300,1225,18,0,0,0,0,0,0,14,4,0
497.325,1,29367296,windows,0,1300,1225,18,0,0,0,0,0,0,14,4,0
497.484,0,29478912,repair,0,1300,1225,18,0,0,0,0,0,0,14,4,0
497.591,1,29381632,windows,0,1300,1225,18,0,0,0,0,0,0,14,4,0
497.736,0,29495296,repair,0,1300,1225,18,0,0,0,0,0,0,14,4,0
497.852,1,29395968,windows,0,1300,1225,18,0,0,0,0,0,0,14,4,0
497.991,0,29512704,repair,0,1300,1225,18,0,0,0,0,0,0,14,4,0
498.104,1,29410304,windows,0,1300,1225,18,0,0,0,0,0,0,14,4,0
498.249,0,29528064,windows,0,1300,1225,18,0,0,0,0,0,0,14,4,0
498.368,1,29425664,windows,0,1300,1225,18,0,0,0,0,0,0,14,4,0
498.5,0,29542400,windows,0,1300,1225,18,0,0,0,0,0,0,14,4,0
498.623,1,29441024,windows,0,1300,1225,18,0,0,0,0,0,0,14,4,0
498.765,0,29556736,windows,0,1300,1225,18,0,0,0,0,0,0,14,4,0
498.88,1,29456384,windows,0,1300,1225,18,0,0,0,0,0,0,14,4,0
499.023,0,29571072,windows,0,1300,1225,18,0,0,0,0,0,0,14,4,0
499.13,1,29470720,windows,0,1300,1225,18,0,0,0,0,0,0,14,4,0
499.29,0,29585408,windows,0,1300,1225,18,0,0,0,0,0,0,14,4,0
499.382,1,29486080,windows,0,1300,1225,18,0,0,0,0,0,0,14,4,0
499.546,0,29599744,windows,0,1300,1225,18,0,0,0,0,0,0,14,4,0
499.645,1,29501440,windows,0,1300,1225,18,0,0,0,0,0,0,14,4,0
499.802,0,29613056,windows,0,1300,1225,18,0,0,0,0,0,0,14,4,0
499.901,1,29516800,windows,0,1300,1225,18,0,0,0,0,0,0,14,4,0
500.074,0,29627392,windows,0,1300,1225,18,0,0,0,0,0,0,14,4,0
500.156,1,29531136,repair,0,1300,1225,18,0,0,0,0,0,0,14,4,0
500.335,0,29640704,windows,0,1300,1225,18,0,0,0,0,0,0,14,4,0
500.412,1,29545472,windows,0,1300,1225,18,0,0,0,0,0,0,14,4,0
500.595,0,29655040,windows,0,1300,1225,18,0,0,0,0,0,0,14,4,0
500.679,1,29559808,windows,0,1300,1225,18,0,0,0,0,0,0,14,4,0
500.859,0,29669376,windows,0,1300,1225,18,0,0,0,0,0,0,14,4,0
500.947,1,29575168,windows,0,1300,1225,18,0,0,0,0,0,0,14,4,0
501.12,0,29683712,windows,0,1300,1225,18,0,0,0,0,0,0,14,4,0
501.201,1,29588480,windows,0,1300,1225,18,0,0,0,0,0,0,14,4,0
501.385,0,29698048,windows,0,1300,1225,18,0,0,0,0,0,0,14,4,0
501.454,1,29602816,windows,0,1300,1225,18,0,0,0,0,0,0,14,4,0
501.643,0,29712384,windows,0,1300,1225,18,0,0,0,0,0,0,14,4,0
501.708,1,29617152,windows,0,1300,1225,18,0,0,0,0,0,0,14,4,0
501.896,0,29725696,windows,0,1300,1225,18,0,0,0,0,0,0,14,4,0
501.96,1,29631488,windows,0,1300,1225,18,0,0,0,0,0,0,14,4,0
502.16,0,29740032,windows,0,1300,1225,18,0,0,0,0,0,0,14,4,0
502.211,1,29644800,windows,0,1300,1225,18,0,0,0,0,0,0,14,4,0
502.42,0,29753344,windows,0,1300,1225,18,0,0,0,0,0,0,14,4,0
502.462,1,29658112,windows,0,1300,1225,18,0,0,0,0,0,0,14,4,0
502.686,0,29767680,windows,0,1300,1225,18,0,0,0,0,0,0,14,4,0
502.723,1,29672448,windows,0,1300,1225,18,0,0,0,0,0,0,14,4,0
502.951,0,29783040,windows,0,1300,1225,18,0,0,0,0,0,0,14,4,0
502.982,1,29686784,windows,0,1300,1225,18,0,0,0,0,0,0,14,4,0
503.207,0,29797376,windows,0,1300,1225,18,0,0,0,0,0,0,14,4,0
503.237,1,29700096,windows,0,1300,1225,18,0,0,0,0,0,0,14,4,0
503.468,0,29814784,windows,0,1300,1225,18,0,0,0,0,0,0,14,4,0
503.491,1,29714432,windows,0,1300,1225,18,0,0,0,0,0,0,14,4,0
503.725,0,29832192,windows,0,1300,1225,18,0,0,0,0,0,0,14,4,0
503.748,1,29728768,windows,0,1300,1225,18,0,0,0,0,0,0,14,4,0
503.975,0,29849600,windows,0,1300,1225,18,0,0,0,0,0,0,14,4,0
504.002,1,29743104,windows,0,1300,1225,18,0,0,0,0,0,0,14,4,0
504.236,0,29868032,repair,0,1300,1225,18,0,0,0,0,0,0,14,4,0
504.264,1,29757440,windows,0,1300,1225,18,0,0,0,0,0,0,14,4,0
504.493,0,29885440,windows,0,1300,1225,18,0,0,0,0,0,0,14,4,0
504.516,1,29771776,windows,0,1300,1225,18,0,0,0,0,0,0,14,4,0
504.75,0,29902848,windows,0,1300,1225,18,0,0,0,0,0,0,14,4,0
504.784,1,29786112,windows,0,1300,1225,18,0,0,0,0,0,0,14,4,0
505.017,0,29918208,windows,0,1300,1225,18,0,0,0,0,0,0,14,4,0
505.044,1,29800448,windows,0,1300,1225,18,0,0,0,0,0,0,14,4,0
505.268,0,29931520,windows,0,1300,1225,18,0,0,0,0,0,0,14,4,0
505.298,1,29813760,windows,0,1300,1225,18,0,0,0,0,0,0,14,4,0
505.53,0,29944832,windows,0,1300,1225,18,0,0,0,0,0,0,14,4,0
505.549,1,29828096,windows,0,1300,1225,18,0,0,0,0,0,0,14,4,0
505.786,0,29958144,windows,0,1300,1225,18,0,0,0,0,0,0,14,4,0
505.813,1,29842432,repair,0,1300,1225,18,0,0,0,0,0,0,14,4,0
506.039,0,29973504,windows,0,1300,1225,18,0,0,0,0,0,0,14,4,0
506.068,1,29857792,repair,0,1300,1225,18,0,0,0,0,0,0,14,4,0
506.302,0,29990912,windows,0,1300,1225,18,0,0,0,0,0,0,14,4,0
506.328,1,29874176,repair,0,1300,1225,18,0,0,0,0,0,0,14,4,0
506.554,0,30006272,windows,0,1300,1225,18,0,0,0,0,0,0,14,4,0
506.592,1,29890560,repair,0,1300,1225,18,0,0,0,0,0,0,14,4,0
506.808,0,30022656,windows,0,1300,1225,18,0,0,0,0,0,0,14,4,0
506.849,1,29904896,windows,0,1300,1225,18,0,0,0,0,0,0,14,4,0
507.074,0,30039040,windows,0,1300,1225,18,0,0,0,0,0,0,14,4,0
507.103,1,29919232,windows,0,1300,1225,18,0,0,0,0,0,0,14,4,0
507.332,0,30051328,windows,0,1300,1225,18,0,0,0,0,0,0,14,4,0
507.372,1,29932544,windows,0,1300,1225,18,0,0,0,0,0,0,14,4,0
507.594,0,30065664,windows,0,1300,1225,18,0,0,0,0,0,0,14,4,0
507.63,1,29946880,windows,0,1300,1225,18,0,0,0,0,0,0,14,4,0
507.855,0,30083072,windows,0,1300,1225,18,0,0,0,0,0,0,14,4,0
507.883,1,29960192,windows,0,1300,1225,18,0,0,0,0,0,0,14,4,0
508.108,0,30098432,windows,0,1300,1225,18,0,0,0,0,0,0,14,4,0
508.138,1,29973504,windows,0,1300,1225,18,0,0,0,0,0,0,14,4,0
508.375,0,30113792,windows,0,1300,1225,18,0,0,0,0,0,0,14,4,0
508.389,1,29986816,windows,0,1300,1225,18,0,0,0,0,0,0,14,4,0
508.631,0,30128128,windows,0,1300,1225,18,0,0,0,0,0,0,14,4,0
508.656,1,30001152,windows,0,1300,1225,18,0,0,0,0,0,0,14,4,0
508.895,0,30143488,windows,0,1300,1225,18,0,0,0,0,0,0,14,4,0
508.907,1,30013440,windows,0,1300,1225,18,0,0,0,0,0,0,14,4,0
509.148,0,30157824,windows,0,1300,1225,18,0,0,0,0,0,0,14,4,0
509.159,1,30026752,windows,0,1300,1225,18,0,0,0,0,0,0,14,4,0
509.405,0,30174208,windows,0,1300,1225,18,0,0,0,0,0,0,14,4,0
509.424,1,30041088,windows,0,1300,1225,18,0,0,0,0,0,0,14,4,0
509.664,0,30191616,windows,0,1300,1225,18,0,0,0,0,0,0,14,4,0
509.689,1,30055424,windows,0,1300,1225,18,0,0,0,0,0,0,14,4,0
509.916,0,30208000,windows,0,1300,1225,18,0,0,0,0,0,0,14,4,0
509.952,1,30069760,windows,0,1300,1225,18,0,0,0,0,0,0,14,4,0
510.171,0,30225408,windows,0,1300,1225,18,0,0,0,0,0,0,14,4,0
510.205,1,30084096,windows,0,1300,1225,18,0,0,0,0,0,0,14,4,0
510.428,0,30243840,windows,0,1300,1225,18,0,0,0,0,0,0,14,4,0
510.466,1,30098432,windows,0,1300,1225,18,0,0,0,0,0,0,14,4,0
510.686,0,30260224,windows,0,1300,1225,18,0,0,0,0,0,0,14,4,0
510.722,1,30111744,windows,0,1300,1225,18,0,0,0,0,0,0,14,4,0
510.945,0,30277632,windows,0,1300,1225,18,0,0,0,0,0,0,14,4,0
510.979,1,30125056,windows,0,1300,1225,18,0,0,0,0,0,0,14,4,0
511.203,0,30294016,windows,0,1300,1225,18,0,0,0,0,0,0,14,4,0
511.244,1,30139392,windows,0,1300,1225,18,0,0,0,0,0,0,14,4,0
511.453,0,30310400,windows,0,1300,1225,18,0,0,0,0,0,0,14,4,0
511.495,1,30152704,windows,0,1300,1225,18,0,0,0,0,0,0,14,4,0
511.716,0,30327808,repair,0,1300,1225,18,0,0,0,0,0,0,14,4,0
511.746,1,30166016,windows,0,1300,1225,18,0,0,0,0,0,0,14,4,0
511.969,0,30344192,repair,0,1300,1225,18,0,0,0,0,0,0,14,4,0
511.999,1,30179328,windows,0,1300,1225,18,0,0,0,0,0,0,14,4,0
512.225,0,30358528,windows,0,1300,1225,18,0,0,0,0,0,0,14,4,0
512.26,1,30193664,windows,0,1300,1225,18,0,0,0,0,0,0,14,4,0
512.476,0,30372864,windows,0,1300,1225,18,0,0,0,0,0,0,14,4,0
512.512,1,30206976,windows,0,1300,1225,18,0,0,0,0,0,0,14,4,0
512.738,0,30387200,windows,0,1300,1225,18,0,0,0,0,0,0,14,4,0
512.778,1,30221312,windows,0,1300,1225,18,0,0,0,0,0,0,14,4,0
513,0,30401536,windows,0,1300,1225,18,0,0,0,0,0,0,14,4,0
513.035,1,30234624,windows,0,1300,1225,18,0,0,0,0,0,0,14,4,0
513.266,0,30415872,windows,0,1300,1225,18,0,0,0,0,0,0,14,4,0
513.293,1,30247936,windows,0,1300,1225,18,0,0,0,0,0,0,14,4,0
513.529,0,30432256,windows,0,1300,1225,18,0,0,0,0,0,0,14,4,0
513.557,1,30263296,windows,0,1300,1225,18,0,0,0,0,0,0,14,4,0
513.782,0,30448640,windows,0,1300,1225,18,0,0,0,0,0,0,14,4,0
513.808,1,30277632,windows,0,1300,1225,18,0,0,0,0,0,0,14,4,0
514.032,0,30465024,windows,0,1300,1225,18,0,0,0,0,0,0,14,4,0
514.059,1,30291968,windows,0,1300,1225,18,0,0,0,0,0,0,14,4,0
514.298,0,30482432,windows,0,1300,1225,18,0,0,0,0,0,0,14,4,0
514.32,1,30307328,windows,0,1300,1225,18,0,0,0,0,0,0,14,4,0
514.55,0,30498816,windows,0,1300,1225,18,0,0,0,0,0,0,14,4,0
514.584,1,30321664,windows,0,1300,1225,18,0,0,0,0,0,0,14,4,0
514.803,0,30515200,windows,0,1300,1225,18,0,0,0,0,0,0,14,4,0
514.849,1,30337024,windows,0,1300,1225,18,0,0,0,0,0,0,14,4,0
515.063,0,30532608,windows,0,1300,1225,18,0,0,0,0,0,0,14,4,0
515.116,1,30350336,windows,0,1300,1225,18,0,0,0,0,0,0,14,4,0
515.328,0,30547968,windows,0,1300,1225,18,0,0,0,0,0,0,14,4,0
515.382,1,30364672,windows,0,1300,1225,18,0,0,0,0,0,0,14,4,0
515.584,0,30564352,windows,0,1300,1225,18,0,0,0,0,0,0,14,4,0
515.638,1,30379008,windows,0,1300,1225,18,0,0,0,0,0,0,14,4,0
515.847,0,30580736,windows,0,1300,1225,18,0,0,0,0,0,0,14,4,0
515.9,1,30394368,windows,0,1300,1225,18,0,0,0,0,0,0,14,4,0
516.113,0,30597120,windows,0,1300,1225,18,0,0,0,0,0,0,14,4,0
516.159,1,30409728,repair,0,1300,1225,18,0,0,0,0,0,0,14,4,0
516.373,0,30613504,windows,0,1300,1225,18,0,0,0,0,0,0,14,4,0
516.42,1,30426112,repair,0,1300,1225,18,0,0,0,0,0,0,14,4,0
516.624,0,30628864,windows,0,1300,1225,18,0,0,0,0,0,0,14,4,0
516.68,1,30441472,repair,0,1300,1225,18,0,0,0,0,0,0,14,4,0
516.879,0,30646272,windows,0,1300,1225,18,0,0,0,0,0,0,14,4,0
516.944,1,30456832,repair,0,1300,1225,18,0,0,0,0,0,0,14,4,0
517.137,0,30661632,windows,0,1300,1225,18,0,0,0,0,0,0,14,4,0
517.211,1,30471168,windows,0,1300,1225,18,0,0,0,0,0,0,14,4,0
517.396,0,30679040,windows,0,1300,1225,18,0,0,0,0,0,0,14,4,0
517.478,1,30485504,windows,0,1300,1225,18,0,0,0,0,0,0,14,4,0
517.657,0,30696448,windows,0,1300,1225,18,0,0,0,0,0,0,14,4,0
517.74,1,30499840,windows,0,1300,1225,18,0,0,0,0,0,0,14,4,0
517.921,0,30713856,windows,0,1300,1225,18,0,0,0,0,0,0,14,4,0
517.996,1,30514176,windows,0,1300,1225,18,0,0,0,0,0,0,14,4,0
518.183,0,30730240,windows,0,1300,1225,18,0,0,0,0,0,0,14,4,0
518.266,1,30528512,windows,0,1300,1225,18,0,0,0,0,0,0,14,4,0
518.445,0,30745600,repair,0,1300,1225,18,0,0,0,0,0,0,14,4,0
518.532,1,30542848,windows,0,1300,1225,18,0,0,0,0,0,0,14,4,0
518.708,0,30763008,repair,0,1300,1225,18,0,0,0,0,0,0,14,4,0
518.784,1,30555136,windows,0,1300,1225,18,0,0,0,0,0,0,14,4,0
518.962,0,30781440,repair,0,1300,1225,18,0,0,0,0,0,0,14,4,0
519.046,1,30569472,windows,0,1300,1225,18,0,0,0,0,0,0,14,4,0
519.225,0,30798848,windows,0,1300,1225,18,0,0,0,0,0,0,14,4,0
519.312,1,30583808,windows,0,1300,1225,18,0,0,0,0,0,0,14,4,0
519.476,0,30815232,windows,0,1300,1225,18,0,0,0,0,0,0,14,4,0
519.58,1,30598144,windows,0,1300,1225,18,0,0,0,0,0,0,14,4,0
519.738,0,30831616,windows,0,1300,1225,18,0,0,0,0,0,0,14,4,0
519.833,1,30611456,windows,0,1300,1225,18,0,0,0,0,0,0,14,4,0
520.001,0,30848000,windows,0,1300,1225,18,0,0,0,0,0,0,14,4,0
520.088,1,30624768,windows,0,1300,1225,18,0,0,0,0,0,0,14,4,0
520.254,0,30863360,windows,0,1300,1225,18,0,0,0,0,0,0,14,4,0
520.348,1,30639104,windows,0,1300,1225,18,0,0,0,0,0,0,14,4,0
520.514,0,30879744,windows,0,1300,1225,18,0,0,0,0,0,0,14,4,0
520.616,1,30653440,windows,0,1300,1225,18,0,0,0,0,0,0,14,4,0
520.764,0,30895104,windows,0,1300,1225,18,0,0,0,0,0,0,14,4,0
520.868,1,30666752,windows,0,1300,1225,18,0,0,0,0,0,0,14,4,0
521.027,0,30911488,windows,0,1300,1225,18,0,0,0,0,0,0,14,4,0
521.132,1,30681088,windows,0,1300,1225,18,0,0,0,0,0,0,14,4,0
521.283,0,30926848,windows,0,1300,1225,18,0,0,0,0,0,0,14,4,0
521.391,1,30695424,windows,0,1300,1225,18,0,0,0,0,0,0,14,4,0
521.537,0,30942208,windows,0,1300,1225,18,0,0,0,0,0,0,14,4,0
521.647,1,30709760,windows,0,1300,1225,18,0,0,0,0,0,0,14,4,0
521.793,0,30958592,windows,0,1300,1225,18,0,0,0,0,0,0,14,4,0
521.912,1,30724096,windows,0,1300,1225,18,0,0,0,0,0,0,14,4,0
522.055,0,30976000,windows,0,1300,1225,18,0,0,0,0,0,0,14,4,0
522.177,1,30739456,windows,0,1300,1225,18,0,0,0,0,0,0,14,4,0
522.315,0,30992384,windows,0,1300,1225,18,0,0,0,0,0,0,14,4,0
522.435,1,30753792,windows,0,1300,1225,18,0,0,0,0,0,0,14,4,0
522.567,0,31008768,windows,0,1300,1225,18,0,0,0,0,0,0,14,4,0
522.697,1,30768128,windows,0,1300,1225,18,0,0,0,0,0,0,14,4,0
522.824,0,31024128,windows,0,1300,1225,18,0,0,0,0,0,0,14,4,0
522.961,1,30782464,windows,0,1300,1225,18,0,0,0,0,0,0,14,4,0
523.075,0,31038464,windows,0,1300,1225,18,0,0,0,0,0,0,14,4,0
523.212,1,30796800,windows,0,1300,1225,18,0,0,0,0,0,0,14,4,0
523.338,0,31052800,windows,0,1300,1225,18,0,0,0,0,0,0,14,4,0
523.463,1,30811136,windows,0,1300,1225,18,0,0,0,0,0,0,14,4,0
523.589,0,31067136,windows,0,1300,1225,18,0,0,0,0,0,0,14,4,0
523.727,1,30826496,windows,0,1300,1225,18,0,0,0,0,0,0,14,4,0
523.843,0,31081472,windows,0,1300,1225,18,0,0,0,0,0,0,14,4,0
523.991,1,30841856,windows,0,1300,1225,18,0,0,0,0,0,0,14,4,0
524.117,0,31095808,repair,0,1300,1225,18,0,0,0,0,0,0,14,4,0
524.243,1,30856192,windows,0,1300,1225,18,0,0,0,0,0,0,14,4,0
524.368,0,31111168,repair,0,1300,1225,18,0,0,0,0,0,0,14,4,0
524.509,1,30871552,repair,0,1300,1225,18,0,0,0,0,0,0,14,4,0
524.629,0,31125504,windows,0,1300,1225,18,0,0,0,0,0,0,14,4,0
524.77,1,30886912,repair,0,1300,1225,18,0,0,0,0,0,0,14,4,0
524.895,0,31140864,windows,0,1300,1225,18,0,0,0,0,0,0,14,4,0
525.023,1,30901248,repair,0,1300,1225,18,0,0,0,0,0,0,14,4,0
525.163,0,31155200,windows,0,1300,1225,18,0,0,0,0,0,0,14,4,0
525.286,1,30917632,repair,0,1300,1225,18,0,0,0,0,0,0,14,4,0
525.418,0,31169536,windows,0,1300,1225,18,0,0,0,0,0,0,14,4,0
525.545,1,30931968,windows,0,1300,1225,18,0,0,0,0,0,0,14,4,0
525.685,0,31182848,windows,0,1300,1225,18,0,0,0,0,0,0,14,4,0
525.807,1,30948352,windows,0,1300,1225,18,0,0,0,0,0,0,14,4,0
525.95,0,31197184,windows,0,1300,1225,18,0,0,0,0,0,0,14,4,0
526.065,1,30964736,windows,0,1300,1225,18,0,0,0,0,0,0,14,4,0
526.203,0,31210496,windows,0,1300,1225,18,0,0,0,0,0,0,14,4,0
526.327,1,30979072,windows,0,1300,1225,18,0,0,0,0,0,0,14,4,0
526.455,0,31226880,windows,0,1300,1225,18,0,0,0,0,0,0,14,4,0
526.579,1,30992384,windows,0,1300,1225,18,0,0,0,0,0,0,14,4,0
526.705,0,31244288,windows,0,1300,1225,18,0,0,0,0,0,0,14,4,0
526.846,1,31006720,windows,0,1300,1225,18,0,0,0,0,0,0,14,4,0
526.958,0,31260672,windows,0,1300,1225,18,0,0,0,0,0,0,14,4,0
527.107,1,31023104,windows,0,1300,1225,18,0,0,0,0,0,0,14,4,0
527.213,0,31277056,windows,0,1300,1225,18,0,0,0,0,0,0,14,4,0
527.36,1,31038464,windows,0,1300,1225,18,0,0,0,0,0,0,14,4,0
527.475,0,31294464,windows,0,1300,1225,18,0,0,0,0,0,0,14,4,0
527.617,1,31054848,windows,0,1300,1225,18,0,0,0,0,0,0,14,4,0
527.739,0,31310848,windows,0,1300,1225,18,0,0,0,0,0,0,14,4,0
527.871,1,31071232,windows,0,1300,1225,18,0,0,0,0,0,0,14,4,0
527.993,0,31328256,windows,0,1300,1225,18,0,0,0,0,0,0,14,4,0
528.135,1,31087616,windows,0,1300,1225,18,0,0,0,0,0,0,14,4,0
528.257,0,31343616,windows,0,1300,1225,18,0,0,0,0,0,0,14,4,0
528.388,1,31102976,windows,0,1300,1225,18,0,0,0,0,0,0,14,4,0
528.507,0,31360000,windows,0,1300,1225,18,0,0,0,0,0,0,14,4,0
528.647,1,31119360,windows,0,1300,1225,18,0,0,0,0,0,0,14,4,0
528.764,0,31376384,windows,0,1300,1225,18,0,0,0,0,0,0,14,4,0
528.905,1,31135744,windows,0,1300,1225,18,0,0,0,0,0,0,14,4,0
529.018,0,31393792,windows,0,1300,1225,18,0,0,0,0,0,0,14,4,0
529.156,1,31151104,windows,0,1300,1225,18,0,0,0,0,0,0,14,4,0
529.268,0,31409152,windows,0,1300,1225,18,0,0,0,0,0,0,14,4,0
529.41,1,31166464,windows,0,1300,1225,18,0,0,0,0,0,0,14,4,0
529.519,0,31424512,windows,0,1300,1225,18,0,0,0,0,0,0,14,4,0
529.675,1,31182848,windows,0,1300,1225,18,0,0,0,0,0,0,14,4,0
529.786,0,31440896,repair,0,1300,1225,18,0,0,0,0,0,0,14,4,0
529.939,1,31200256,windows,0,1300,1225,18,0,0,0,0,0,0,14,4,0
530.038,0,31458304,repair,0,1300,1225,18,0,0,0,0,0,0,14,4,0
530.197,1,31217664,windows,0,1300,1225,18,0,0,0,0,0,0,14,4,0
530.296,0,31472640,windows,0,1300,1225,18,0,0,0,0,0,0,14,4,0
530.458,1,31235072,windows,0,1300,1225,18,0,0,0,0,0,0,14,4,0
530.561,0,31486976,windows,0,1300,1225,18,0,0,0,0,0,0,14,4,0
530.716,1,31252480,windows,0,1300,1225,18,0,0,0,0,0,0,14,4,0
530.825,0,31501312,windows,0,1300,1225,18,0,0,0,0,0,0,14,4,0
530.981,1,31269888,windows,0,1300,1225,18,0,0,0,0,0,0,14,4,0
531.082,0,31515648,windows,0,1300,1225,18,0,0,0,0,0,0,14,4,0
531.242,1,31287296,windows,0,1300,1225,18,0,0,0,0,0,0,14,4,0
531.333,0,31527936,windows,0,1300,1225,18,0,0,0,0,0,0,14,4,0
531.5,1,31303680,windows,0,1300,1225,18,0,0,0,0,0,0,14,4,0
531.591,0,31543296,windows,0,1300,1225,18,0,0,0,0,0,0,14,4,0
531.764,1,31321088,windows,0,1300,1225,18,0,0,0,0,0,0,14,4,0
531.856,0,31558656,windows,0,1300,1225,18,0,0,0,0,0,0,14,4,0
532.019,1,31336448,windows,0,1300,1225,18,0,0,0,0,0,0,14,4,0
532.108,0,31572992,windows,0,1300,1225,18,0,0,0,0,0,0,14,4,0
532.282,1,31351808,repair,0,1300,1225,18,0,0,0,0,0,0,14,4,0
532.368,0,31587328,windows,0,1300,1225,18,0,0,0,0,0,0,14,4,0
532.536,1,31370240,windows,0,1300,1225,18,0,0,0,0,0,0,14,4,0
532.624,0,31602688,windows,0,1300,1225,18,0,0,0,0,0,0,14,4,0
532.794,1,31387648,windows,0,1300,1225,18,0,0,0,0,0,0,14,4,0
532.88,0,31617024,windows,0,1300,1225,18,0,0,0,0,0,0,14,4,0
533.056,1,31404032,windows,0,1300,1225,18,0,0,0,0,0,0,14,4,0
533.143,0,31632384,windows,0,1300,1225,18,0,0,0,0,0,0,14,4,0
533.315,1,31419392,windows,0,1300,1225,18,0,0,0,0,0,0,14,4,0
533.403,0,31647744,windows,0,1300,1225,18,0,0,0,0,0,0,14,4,0
533.587,1,31433728,windows,0,1300,1225,18,0,0,0,0,0,0,14,4,0
533.663,0,31662080,windows,0,1300,1225,18,0,0,0,0,0,0,14,4,0
533.845,1,31443968,windows,0,1300,1225,18,0,0,0,0,0,0,14,4,0
533.915,0,31676416,windows,0,1300,1225,18,0,0,0,0,0,0,14,4,0
534.107,1,31457280,windows,0,1300,1225,18,0,0,0,0,0,0,14,4,0
534.18,0,31690752,windows,0,1300,1225,18,0,0,0,0,0,0,14,4,0
534.374,1,31472640,windows,0,1300,1225,18,0,0,0,0,0,0,14,4,0
534.437,0,31705088,windows,0,1300,1225,18,0,0,0,0,0,0,14,4,0
534.634,1,31489024,windows,0,1300,1225,18,0,0,0,0,0,0,14,4,0
534.693,0,31720448,windows,0,1300,1225,18,0,0,0,0,0,0,14,4,0
534.886,1,31505408,windows,0,1300,1225,18,0,0,0,0,0,0,14,4,0
534.945,0,31736832,windows,0,1300,1225,18,0,0,0,0,0,0,14,4,0
535.136,1,31522816,windows,0,1300,1225,18,0,0,0,0,0,0,14,4,0
535.198,0,31753216,windows,0,1300,1225,18,0,0,0,0,0,0,14,4,0
535.39,1,31540224,windows,0,1300,1225,18,0,0,0,0,0,0,14,4,0
535.458,0,31771648,windows,0,1300,1225,18,0,0,0,0,0,0,14,4,0
535.646,1,31555584,windows,0,1300,1225,18,0,0,0,0,0,0,14,4,0
535.724,0,31785984,windows,0,1300,1225,18,0,0,0,0,0,0,14,4,0
535.908,1,31571968,windows,0,1300,1225,18,0,0,0,0,0,0,14,4,0
535.987,0,31803392,windows,0,1300,1225,18,0,0,0,0,0,0,14,4,0
536.165,1,31585280,windows,0,1300,1225,18,0,0,0,0,0,0,14,4,0
536.243,0,31818752,windows,0,1300,1225,18,0,0,0,0,0,0,14,4,0
536.421,1,31599616,windows,0,1300,1225,18,0,0,0,0,0,0,14,4,0
536.504,0,31831040,repair,0,1300,1225,18,0,0,0,0,0,0,14,4,0
536.673,1,31612928,windows,0,1300,1225,18,0,0,0,0,0,0,14,4,0
536.768,0,31844352,repair,0,1300,1225,18,0,0,0,0,0,0,14,4,0
536.928,1,31627264,windows,0,1300,1225,18,0,0,0,0,0,0,14,4,0
537.024,0,31858688,repair,0,1300,1225,18,0,0,0,0,0,0,14,4,0
537.188,1,31645696,windows,0,1300,1225,18,0,0,0,0,0,0,14,4,0
537.284,0,31873024,windows,0,1300,1225,18,0,0,0,0,0,0,14,4,0
537.44,1,31662080,windows,0,1300,1225,18,0,0,0,0,0,0,14,4,0
537.534,0,31886336,windows,0,1300,1225,18,0,0,0,0,0,0,14,4,0
537.705,1,31678464,windows,0,1300,1225,18,0,0,0,0,0,0,14,4,0
537.793,0,31899648,windows,0,1300,1225,18,0,0,0,0,0,0,14,4,0
537.965,1,31694848,windows,0,1300,1225,18,0,0,0,0,0,0,14,4,0
538.061,0,31913984,windows,0,1300,1225,18,0,0,0,0,0,0,14,4,0
538.224,1,31709184,windows,0,1300,1225,18,0,0,0,0,0,0,14,4,0
538.322,0,31927296,windows,0,1300,1225,18,0,0,0,0,0,0,14,4,0
538.474,1,31726592,windows,0,1300,1225,18,0,0,0,0,0,0,14,4,0
538.573,0,31940608,windows,0,1300,1225,18,0,0,0,0,0,0,14,4,0
538.727,1,31742976,windows,0,1300,1225,18,0,0,0,0,0,0,14,4,0
538.83,0,31953920,windows,0,1300,1225,18,0,0,0,0,0,0,14,4,0
538.981,1,31758336,windows,0,1300,1225,18,0,0,0,0,0,0,14,4,0
539.091,0,31967232,windows,0,1300,1225,18,0,0,0,0,0,0,14,4,0
539.241,1,31774720,windows,0,1300,1225,18,0,0,0,0,0,0,14,4,0
539.348,0,31980544,windows,0,1300,1225,18,0,0,0,0,0,0,14,4,0
539.493,1,31792128,windows,0,1300,1225,18,0,0,0,0,0,0,14,4,0
539.605,0,31993856,windows,0,1300,1225,18,0,0,0,0,0,0,14,4,0
539.747,1,31809536,windows,0,1300,1225,18,0,0,0,0,0,0,14,4,0
539.856,0,32007168,windows,0,1300,1225,18,0,0,0,0,0,0,14,4,0
540.01,1,31827968,repair,0,1300,1225,18,0,0,0,0,0,0,14,4,0
540.117,0,32021504,windows,0,1300,1225,18,0,0,0,0,0,0,14,4,0
540.265,1,31845376,repair,0,1300,1225,18,0,0,0,0,0,0,14,4,0
540.38,0,32037888,windows,0,1300,1225,18,0,0,0,0,0,0,14,4,0
540.52,1,31862784,repair,0,1300,1225,18,0,0,0,0,0,0,14,4,0
540.642,0,32054272,windows,0,1300,1225,18,0,0,0,0,0,0,14,4,0
540.772,1,31879168,windows,0,1300,1225,18,0,0,0,0,0,0,14,4,0
540.906,0,32068608,windows,0,1300,1225,18,0,0,0,0,0,0,14,4,0
541.025,1,31896576,windows,0,1300,1225,18,0,0,0,0,0,0,14,4,0
541.159,0,32084992,windows,0,1300,1225,18,0,0,0,0,0,0,14,4,0
541.29,1,31913984,windows,0,1300,1225,18,0,0,0,0,0,0,14,4,0
541.417,0,32102400,windows,0,1300,1225,18,0,0,0,0,0,0,14,4,0
541.548,1,31932416,windows,0,1300,1225,18,0,0,0,0,0,0,14,4,0
541.668,0,32118784,windows,0,1300,1225,18,0,0,0,0,0,0,14,4,0
541.798,1,31949824,windows,0,1300,1225,18,0,0,0,0,0,0,14,4,0
541.933,0,32136192,windows,0,1300,1225,18,0,0,0,0,0,0,14,4,0
542.057,1,31968256,windows,0,1300,1225,18,0,0,0,0,0,0,14,4,0
542.189,0,32152576,windows,0,1300,1225,18,0,0,0,0,0,0,14,4,0
542.31,1,31985664,windows,0,1300,1225,18,0,0,0,0,0,0,14,4,0
542.456,0,32169984,windows,0,1300,1225,18,0,0,0,0,0,0,14,4,0
542.562,1,32004096,windows,0,1300,1225,18,0,0,0,0,0,0,14,4,0
542.721,0,32187392,windows,0,1300,1225,18,0,0,0,0,0,0,14,4,0
542.813,1,32021504,windows,0,1300,1225,18,0,0,0,0,0,0,14,4,0
542.985,0,32203776,windows,0,1300,1225,18,0,0,0,0,0,0,14,4,0
543.066,1,32037888,windows,0,1300,1225,18,0,0,0,0,0,0,14,4,0
543.25,0,32221184,windows,0,1300,1225,18,0,0,0,0,0,0,14,4,0
543.322,1,32055296,windows,0,1300,1225,18,0,0,0,0,0,0,14,4,0
543.509,0,32238592,repair,0,1300,1225,18,0,0,0,0,0,0,14,4,0
543.585,1,32072704,windows,0,1300,1225,18,0,0,0,0,0,0,14,4,0
543.762,0,32257024,windows,0,1300,1225,18,0,0,0,0,0,0,14,4,0
543.847,1,32090112,windows,0,1300,1225,18,0,0,0,0,0,0,14,4,0
544.019,0,32273408,windows,0,1300,1225,18,0,0,0,0,0,0,14,4,0
544.103,1,32107520,windows,0,1300,1225,18,0,0,0,0,0,0,14,4,0
544.284,0,32290816,windows,0,1300,1225,18,0,0,0,0,0,0,14,4,0
544.362,1,32124928,windows,0,1300,1225,18,0,0,0,0,0,0,14,4,0
544.547,0,32308224,windows,0,1300,1225,18,0,0,0,0,0,0,14,4,0
544.632,1,32142336,windows,0,1300,1225,18,0,0,0,0,0,0,14,4,0
544.811,0,32324608,windows,0,1300,1225,18,0,0,0,0,0,0,14,4,0
544.883,1,32159744,windows,0,1300,1225,18,0,0,0,0,0,0,14,4,0
545.069,0,32340992,windows,0,1300,1225,18,0,0,0,0,0,0,14,4,0
545.141,1,32176128,windows,0,1300,1225,18,0,0,0,0,0,0,14,4,0
545.327,0,32357376,windows,0,1300,1225,18,0,0,0,0,0,0,14,4,0
545.398,1,32192512,windows,0,1300,1225,18,0,0,0,0,0,0,14,4,0
545.589,0,32373760,windows,0,1300,1225,18,0,0,0,0,0,0,14,4,0
545.66,1,32209920,windows,0,1300,1225,18,0,0,0,0,0,0,14,4,0
545.847,0,32390144,windows,0,1300,1225,18,0,0,0,0,0,0,14,4,0
545.91,1,32227328,windows,0,1300,1225,18,0,0,0,0,0,0,14,4,0
546.103,0,32406528,windows,0,1300,1225,18,0,0,0,0,0,0,14,4,0
546.162,1,32244736,windows,0,1300,1225,18,0,0,0,0,0,0,14,4,0
546.361,0,32423936,windows,0,1300,1225,18,0,0,0,0,0,0,14,4,0
546.416,1,32262144,windows,0,1300,1225,18,0,0,0,0,0,0,14,4,0
546.622,0,32440320,windows,0,1300,1225,18,0,0,0,0,0,0,14,4,0
546.675,1,32278528,repair,0,1300,1225,18,0,0,0,0,0,0,14,4,0
546.884,0,32456704,windows,0,1300,1225,18,0,0,0,0,0,0,14,4,0
546.926,1,32295936,repair,0,1300,1225,18,0,0,0,0,0,0,14,4,0
547.139,0,32472064,windows,0,1300,1225,18,0,0,0,0,0,0,14,4,0
547.188,1,32314368,windows,0,1300,1225,18,0,0,0,0,0,0,14,4,0
547.391,0,32487424,windows,0,1300,1225,18,0,0,0,0,0,0,14,4,0
547.439,1,32331776,windows,0,1300,1225,18,0,0,0,0,0,0,14,4,0
547.643,0,32503808,windows,0,1300,1225,18,0,0,0,0,0,0,14,4,0
547.694,1,32349184,windows,0,1300,1225,18,0,0,0,0,0,0,14,4,0
547.896,0,32520192,windows,0,1300,1225,18,0,0,0,0,0,0,14,4,0
547.952,1,32366592,windows,0,1300,1225,18,0,0,0,0,0,0,14,4,0
548.158,0,32536576,windows,0,1300,1225,18,0,0,0,0,0,0,14,4,0
548.217,1,32385024,windows,0,1300,1225,18,0,0,0,0,0,0,14,4,0
548.417,0,32552960,windows,0,1300,1225,18,0,0,0,0,0,0,14,4,0
548.477,1,32401408,windows,0,1300,1225,18,0,0,0,0,0,0,14,4,0
548.676,0,32569344,windows,0,1300,1225,18,0,0,0,0,0,0,14,4,0
548.739,1,32417792,windows,0,1300,1225,18,0,0,0,0,0,0,14,4,0
548.928,0,32585728,windows,0,1300,1225,18,0,0,0,0,0,0,14,4,0
548.997,1,32434176,windows,0,1300,1225,18,0,0,0,0,0,0,14,4,0
549.191,0,32602112,windows,0,1300,1225,18,0,0,0,0,0,0,14,4,0
549.254,1,32449536,windows,0,1300,1225,18,0,0,0,0,0,0,14,4,0
549.447,0,32618496,repair,0,1300,1225,18,0,0,0,0,0,0,14,4,0
549.508,1,32465920,windows,0,1300,1225,18,0,0,0,0,0,0,14,4,0
549.702,0,32635904,windows,0,1300,1225,18,0,0,0,0,0,0,14,4,0
549.765,1,32482304,windows,0,1300,1225,18,0,0,0,0,0,0,14,4,0
549.954,0,32653312,windows,0,1300,1225,18,0,0,0,0,0,0,14,4,0
550.022,1,32498688,windows,0,1300,1225,18,0,0,0,0,0,0,14,4,0
550.216,0,32670720,windows,0,1300,1225,18,0,0,0,0,0,0,14,4,0
550.282,1,32517120,windows,0,1300,1225,18,0,0,0,0,0,0,14,4,0
550.472,0,32688128,windows,0,1300,1225,18,0,0,0,0,0,0,14,4,0
550.543,1,32535552,windows,0,1300,1225,18,0,0,0,0,0,0,14,4,0
550.729,0,32704512,windows,0,1300,1225,18,0,0,0,0,0,0,14,4,0
550.797,1,32552960,windows,0,1300,1225,18,0,0,0,0,0,0,14,4,0
550.991,0,32721920,windows,0,1300,1225,18,0,0,0,0,0,0,14,4,0
551.051,1,32571392,windows,0,1300,1225,18,0,0,0,0,0,0,14,4,0
551.254,0,32738304,windows,0,1300,1225,18,0,0,0,0,0,0,14,4,0
551.302,1,32589824,windows,0,1300,1225,18,0,0,0,0,0,0,14,4,0
551.516,0,32756736,windows,0,1300,1225,18,0,0,0,0,0,0,14,4,0
551.56,1,32608256,windows,0,1300,1225,18,0,0,0,0,0,0,14,4,0
551.78,0,32774144,windows,0,1300,1225,18,0,0,0,0,0,0,14,4,0
551.822,1,32626688,windows,0,1300,1225,18,0,0,0,0,0,0,14,4,0
552.043,0,32792576,windows,0,1300,1225,18,0,0,0,0,0,0,14,4,0
552.078,1,32645120,windows,0,1300,1225,18,0,0,0,0,0,0,14,4,0
552.302,0,32809984,windows,0,1300,1225,18,0,0,0,0,0,0,14,4,0
552.331,1,32662528,windows,0,1300,1225,18,0,0,0,0,0,0,14,4,0
552.553,0,32825344,windows,0,1300,1225,18,0,0,0,0,0,0,14,4,0
552.587,1,32678912,windows,0,1300,1225,18,0,0,0,0,0,0,14,4,0
552.808,0,32842752,windows,0,1300,1225,18,0,0,0,0,0,0,14,4,0
552.841,1,32696320,windows,0,1300,1225,18,0,0,0,0,0,0,14,4,0
553.072,0,32861184,windows,0,1300,1225,18,0,0,0,0,0,0,14,4,0
553.103,1,32713728,windows,0,1300,1225,18,0,0,0,0,0,0,14,4,0
553.335,0,32879616,windows,0,1300,1225,18,0,0,0,0,0,0,14,4,0
553.354,1,32730112,windows,0,1300,1225,18,0,0,0,0,0,0,14,4,0
553.59,0,32897024,repair,0,1300,1225,18,0,0,0,0,0,0,14,4,0
553.616,1,32747520,windows,0,1300,1225,18,0,0,0,0,0,0,14,4,0
553.85,0,32916480,repair,0,1300,1225,18,0,0,0,0,0,0,14,4,0
553.869,1,32763904,repair,0,1300,1225,18,0,0,0,0,0,0,14,4,0
554.112,0,32934912,windows,0,1300,1225,18,0,0,0,0,0,0,14,4,0
554.123,1,32781312,repair,0,1300,1225,18,0,0,0,0,0,0,14,4,0
554.372,0,32951296,windows,0,1300,1225,18,0,0,0,0,0,0,14,4,0
554.381,1,32799744,windows,0,1300,1225,18,0,0,0,0,0,0,14,4,0
554.639,0,32968704,windows,0,1300,1225,18,0,0,0,0,0,0,14,4,0
554.642,1,32817152,windows,0,1300,1225,18,0,0,0,0,0,0,14,4,0
554.894,0,32986112,windows,0,1300,1225,18,0,0,0,0,0,0,14,4,0
554.896,1,32833536,windows,0,1300,1225,18,0,0,0,0,0,0,14,4,0
555.153,0,33003520,windows,0,1300,1225,18,0,0,0,0,0,0,14,4,0
555.154,1,32850944,windows,0,1300,1225,18,0,0,0,0,0,0,14,4,0
555.404,0,33020928,windows,0,1300,1225,18,0,0,0,0,0,0,14,4,0
555.414,1,32869376,windows,0,1300,1225,18,0,0,0,0,0,0,14,4,0
555.663,0,33037312,windows,0,1300,1225,18,0,0,0,0,0,0,14,4,0
555.673,1,32886784,windows,0,1300,1225,18,0,0,0,0,0,0,14,4,0
555.923,1,32904192,windows,0,1300,1225,18,0,0,0,0,0,0,14,4,0
555.928,0,33055744,windows,0,1300,1225,18,0,0,0,0,0,0,14,4,0
556.179,1,32921600,windows,0,1300,1225,18,0,0,0,0,0,0,14,4,0
556.181,0,33072128,windows,0,1300,1225,18,0,0,0,0,0,0,14,4,0
556.435,1,32939008,windows,0,1300,1225,18,0,0,0,0,0,0,14,4,0
556.441,0,33089536,windows,0,1300,1225,18,0,0,0,0,0,0,14,4,0
556.695,0,33106944,windows,0,1300,1225,18,0,0,0,0,0,0,14,4,0
556.699,1,32956416,windows,0,1300,1225,18,0,0,0,0,0,0,14,4,0
556.95,1,32972800,windows,0,1300,1225,18,0,0,0,0,0,0,14,4,0
556.96,0,33125376,windows,0,1300,1225,18,0,0,0,0,0,0,14,4,0
557.213,1,32989184,windows,0,1300,1225,18,0,0,0,0,0,0,14,4,0
557.216,0,33141760,windows,0,1300,1225,18,0,0,0,0,0,0,14,4,0
557.467,1,33005568,windows,0,1300,1225,18,0,0,0,0,0,0,14,4,0
557.474,0,33158144,windows,0,1300,1225,18,0,0,0,0,0,0,14,4,0
557.719,1,33021952,windows,0,1300,1225,18,0,0,0,0,0,0,14,4,0
557.743,0,33175552,repair,0,1300,1225,18,0,0,0,0,0,0,14,4,0
557.984,1,33040384,windows,0,1300,1225,18,0,0,0,0,0,0,14,4,0
557.994,0,33192960,repair,0,1300,1225,18,0,0,0,0,0,0,14,4,0
558.241,1,33058816,windows,0,1300,1225,18,0,0,0,0,0,0,14,4,0
558.25,0,33211392,repair,0,1300,1225,18,0,0,0,0,0,0,14,4,0
558.493,1,33077248,windows,0,1300,1225,18,0,0,0,0,0,0,14,4,0
558.515,0,33232896,windows,0,1300,1225,18,0,0,0,0,0,0,14,4,0
558.753,1,33095680,windows,0,1300,1225,18,0,0,0,0,0,0,14,4,0
558.778,0,33250304,windows,0,1300,1225,18,0,0,0,0,0,0,14,4,0
559.014,1,33114112,windows,0,1300,1225,18,0,0,0,0,0,0,14,4,0
559.031,0,33267712,windows,0,1300,1225,18,0,0,0,0,0,0,14,4,0
559.271,1,33131520,windows,0,1300,1225,18,0,0,0,0,0,0,14,4,0
559.292,0,33285120,windows,0,1300,1225,18,0,0,0,0,0,0,14,4,0
559.531,1,33147904,windows,0,1300,1225,18,0,0,0,0,0,0,14,4,0
559.546,0,33301504,windows,0,1300,1225,18,0,0,0,0,0,0,14,4,0
559.784,1,33164288,repair,0,1300,1225,18,0,0,0,0,0,0,14,4,0
559.798,0,33317888,windows,0,1300,1225,18,0,0,0,0,0,0,14,4,0
560.035,1,33180672,repair,0,1300,1225,18,0,0,0,0,0,0,14,4,0
560.049,0,33334272,windows,0,1300,1225,18,0,0,0,0,0,0,14,4,0
560.295,1,33197056,windows,0,1300,1225,18,0,0,0,0,0,0,14,4,0
560.307,0,33350656,windows,0,1300,1225,18,0,0,0,0,0,0,14,4,0
560.557,1,33214464,windows,0,1300,1225,18,0,0,0,0,0,0,14,4,0
560.573,0,33364992,windows,0,1300,1225,18,0,0,0,0,0,0,14,4,0
560.812,1,33228800,windows,0,1300,1225,18,0,0,0,0,0,0,14,4,0
560.833,0,33379328,windows,0,1300,1225,18,0,0,0,0,0,0,14,4,0
561.062,1,33245184,windows,0,1300,1225,18,0,0,0,0,0,0,14,4,0
561.093,0,33392640,windows,0,1300,1225,18,0,0,0,0,0,0,14,4,0
561.321,1,33262592,windows,0,1300,1225,18,0,0,0,0,0,0,14,4,0
561.359,0,33408000,windows,0,1300,1225,18,0,0,0,0,0,0,14,4,0
561.578,1,33281024,windows,0,1300,1225,18,0,0,0,0,0,0,14,4,0
561.618,0,33422336,windows,0,1300,1225,18,0,0,0,0,0,0,14,4,0
561.832,1,33298432,windows,0,1300,1225,18,0,0,0,0,0,0,14,4,0
561.873,0,33435648,windows,0,1300,1225,18,0,0,0,0,0,0,14,4,0
562.089,1,33315840,windows,0,1300,1225,18,0,0,0,0,0,0,14,4,0
562.128,0,33449984,windows,0,1300,1225,18,0,0,0,0,0,0,14,4,0
562.341,1,33332224,windows,0,1300,1225,18,0,0,0,0,0,0,14,4,0
562.39,0,33464320,windows,0,1300,1225,18,0,0,0,0,0,0,14,4,0
562.593,1,33349632,windows,0,1300,1225,18,0,0,0,0,0,0,14,4,0
562.653,0,33476608,windows,0,1300,1225,18,0,0,0,0,0,0,14,4,0
562.844,1,33366016,windows,0,1300,1225,18,0,0,0,0,0,0,14,4,0
562.913,0,33490944,windows,0,1300,1225,18,0,0,0,0,0,0,14,4,0
563.094,1,33383424,windows,0,1300,1225,18,0,0,0,0,0,0,14,4,0
563.178,0,33506304,windows,0,1300,1225,18,0,0,0,0,0,0,14,4,0
563.354,1,33401856,windows,0,1300,1225,18,0,0,0,0,0,0,14,4,0
563.436,0,33521664,windows,0,1300,1225,18,0,0,0,0,0,0,14,4,0
563.604,1,33419264,windows,0,1300,1225,18,0,0,0,0,0,0,14,4,0
563.697,0,33536000,windows,0,1300,1225,18,0,0,0,0,0,0,14,4,0
563.862,1,33436672,windows,0,1300,1225,18,0,0,0,0,0,0,14,4,0
563.951,0,33552384,windows,0,1300,1225,18,0,0,0,0,0,0,14,4,0
564.132,1,33455104,windows,0,1300,1225,18,0,0,0,0,0,0,14,4,0
564.211,0,33569792,windows,0,1300,1225,18,0,0,0,0,0,0,14,4,0
564.395,1,33472512,windows,0,1300,1225,18,0,0,0,0,0,0,14,4,0
564.47,0,33587200,windows,0,1300,1225,18,0,0,0,0,0,0,14,4,0
564.66,1,33490944,windows,0,1300,1225,18,0,0,0,0,0,0,14,4,0
564.733,0,33605632,windows,0,1300,1225,18,0,0,0,0,0,0,14,4,0
564.915,1,33509376,repair,0,1300,1225,18,0,0,0,0,0,0,14,4,0
564.994,0,33625088,windows,0,1300,1225,18,0,0,0,0,0,0,14,4,0
565.166,1,33527808,repair,0,1300,1225,18,0,0,0,0,0,0,14,4,0
565.258,0,33643520,repair,0,1300,1225,18,0,0,0,0,0,0,14,4,0
565.421,1,33547264,repair,0,1300,1225,18,0,0,0,0,0,0,14,4,0
565.511,0,33662976,windows,0,1300,1225,18,0,0,0,0,0,0,14,4,0
565.679,1,33564672,windows,0,1300,1225,18,0,0,0,0,0,0,14,4,0
565.773,0,33681408,windows,0,1300,1225,18,0,0,0,0,0,0,14,4,0
565.944,1,33583104,windows,0,1300,1225,18,0,0,0,0,0,0,14,4,0
566.037,0,33699840,windows,0,1300,1225,18,0,0,0,0,0,0,14,4,0
566.209,1,33598464,windows,0,1300,1225,18,0,0,0,0,0,0,14,4,0
566.299,0,33715200,windows,0,1300,1225,18,0,0,0,0,0,0,14,4,0
566.464,1,33611776,windows,0,1300,1225,18,0,0,0,0,0,0,14,4,0
566.552,0,33729536,windows,0,1300,1225,18,0,0,0,0,0,0,14,4,0
566.725,1,33625088,windows,0,1300,1225,18,0,0,0,0,0,0,14,4,0
566.81,0,33742848,windows,0,1300,1225,18,0,0,0,0,0,0,14,4,0
566.986,1,33637376,windows,0,1300,1225,18,0,0,0,0,0,0,14,4,0
567.072,0,33756160,windows,0,1300,1225,18,0,0,0,0,0,0,14,4,0
567.249,1,33650688,windows,0,1300,1225,18,0,0,0,0,0,0,14,4,0
567.328,0,33769472,windows,0,1300,1225,18,0,0,0,0,0,0,14,4,0
567.518,1,33665024,windows,0,1300,1225,18,0,0,0,0,0,0,14,4,0
567.578,0,33782784,windows,0,1300,1225,18,0,0,0,0,0,0,14,4,0
567.77,1,33678336,windows,0,1300,1225,18,0,0,0,0,0,0,14,4,0
567.833,0,33796096,windows,0,1300,1225,18,0,0,0,0,0,0,14,4,0
568.025,1,33692672,windows,0,1300,1225,18,0,0,0,0,0,0,14,4,0
568.094,0,33810432,windows,0,1300,1225,18,0,0,0,0,0,0,14,4,0
568.283,1,33705984,windows,0,1300,1225,18,0,0,0,0,0,0,14,4,0
568.363,0,33824768,windows,0,1300,1225,18,0,0,0,0,0,0,14,4,0
568.539,1,33720320,windows,0,1300,1225,18,0,0,0,0,0,0,14,4,0
568.62,0,33839104,windows,0,1300,1225,18,0,0,0,0,0,0,14,4,0
568.808,1,33734656,windows,0,1300,1225,18,0,0,0,0,0,0,14,4,0
568.874,0,33852416,windows,0,1300,1225,18,0,0,0,0,0,0,14,4,0
569.076,1,33748992,windows,0,1300,1225,18,0,0,0,0,0,0,14,4,0
569.141,0,33865728,windows,0,1300,1225,18,0,0,0,0,0,0,14,4,0
569.333,1,33762304,windows,0,1300,1225,18,0,0,0,0,0,0,14,4,0
569.396,0,33879040,windows,0,1300,1225,18,0,0,0,0,0,0,14,4,0
569.599,1,33775616,windows,0,1300,1225,18,0,0,0,0,0,0,14,4,0
569.665,0,33893376,windows,0,1300,1225,18,0,0,0,0,0,0,14,4,0
569.87,1,33789952,windows,0,1300,1225,18,0,0,0,0,0,0,14,4,0
569.935,0,33906688,windows,0,1300,1225,18,0,0,0,0,0,0,14,4,0
570.129,1,33804288,windows,0,1300,1225,18,0,0,0,0,0,0,14,4,0
570.198,0,33921024,windows,0,1300,1225,18,0,0,0,0,0,0,14,4,0
570.385,1,33818624,windows,0,1300,1225,18,0,0,0,0,0,0,14,4,0
570.464,0,33935360,windows,0,1300,1225,18,0,0,0,0,0,0,14,4,0
570.648,1,33832960,windows,0,1300,1225,18,0,0,0,0,0,0,14,4,0
570.725,0,33949696,windows,0,1300,1225,18,0,0,0,0,0,0,14,4,0
570.908,1,33848320,windows,0,1300,1225,18,0,0,0,0,0,0,14,4,0
570.988,0,33964032,windows,0,1300,1225,18,0,0,0,0,0,0,14,4,0
571.158,1,33862656,windows,0,1300,1225,18,0,0,0,0,0,0,14,4,0
571.244,0,33977344,windows,0,1300,1225,18,0,0,0,0,0,0,14,4,0
571.413,1,33876992,windows,0,1300,1225,18,0,0,0,0,0,0,14,4,0
571.504,0,33991680,repair,0,1300,1225,18,0,0,0,0,0,0,14,4,0
571.679,1,33892352,windows,0,1300,1225,18,0,0,0,0,0,0,14,4,0
571.769,0,34007040,repair,0,1300,1225,18,0,0,0,0,0,0,14,4,0
571.937,1,33906688,windows,0,1300,1225,18,0,0,0,0,0,0,14,4,0
572.029,0,34022400,windows,0,1300,1225,18,0,0,0,0,0,0,14,4,0
572.192,1,33921024,windows,0,1300,1225,18,0,0,0,0,0,0,14,4,0
572.281,0,34036736,windows,0,1300,1225,18,0,0,0,0,0,0,14,4,0
572.444,1,33936384,windows,0,1300,1225,18,0,0,0,0,0,0,14,4,0
572.539,0,34051072,windows,0,1300,1225,18,0,0,0,0,0,0,14,4,0
572.698,1,33951744,windows,0,1300,1225,18,0,0,0,0,0,0,14,4,0
572.801,0,34065408,windows,0,1300,1225,18,0,0,0,0,0,0,14,4,0
572.96,1,33967104,repair,0,1300,1225,18,0,0,0,0,0,0,14,4,0
573.066,0,34079744,windows,0,1300,1225,18,0,0,0,0,0,0,14,4,0
573.215,1,33983488,windows,0,1300,1225,18,0,0,0,0,0,0,14,4,0
573.322,0,34093056,windows,0,1300,1225,18,0,0,0,0,0,0,14,4,0
573.479,1,33997824,windows,0,1300,1225,18,0,0,0,0,0,0,14,4,0
573.575,0,34106368,windows,0,1300,1225,18,0,0,0,0,0,0,14,4,0
573.73,1,34012160,windows,0,1300,1225,18,0,0,0,0,0,0,14,4,0
573.826,0,34119680,windows,0,1300,1225,18,0,0,0,0,0,0,14,4,0
573.988,1,34026496,windows,0,1300,1225,18,0,0,0,0,0,0,14,4,0
574.089,0,34134016,windows,0,1300,1225,18,0,0,0,0,0,0,14,4,0
574.25,1,34040832,windows,0,1300,1225,18,0,0,0,0,0,0,14,4,0
574.356,0,34147328,windows,0,1300,1225,18,0,0,0,0,0,0,14,4,0
574.508,1,34054144,windows,0,1300,1225,18,0,0,0,0,0,0,14,4,0
574.624,0,34160640,windows,0,1300,1225,18,0,0,0,0,0,0,14,4,0
574.758,1,34067456,windows,0,1300,1225,18,0,0,0,0,0,0,14,4,0
574.881,0,34173952,windows,0,1300,1225,18,0,0,0,0,0,0,14,4,0
575.025,1,34081792,windows,0,1300,1225,18,0,0,0,0,0,0,14,4,0
575.135,0,34187264,windows,0,1300,1225,18,0,0,0,0,0,0,14,4,0
575.287,1,34096128,windows,0,1300,1225,18,0,0,0,0,0,0,14,4,0
575.401,0,34201600,windows,0,1300,1225,18,0,0,0,0,0,0,14,4,0
575.54,1,34110464,windows,0,1300,1225,18,0,0,0,0,0,0,14,4,0
575.673,0,34215936,windows,0,1300,1225,18,0,0,0,0,0,0,14,4,0
575.803,1,34124800,windows,0,1300,1225,18,0,0,0,0,0,0,14,4,0
575.938,0,34230272,windows,0,1300,1225,18,0,0,0,0,0,0,14,4,0
576.067,1,34140160,windows,0,1300,1225,18,0,0,0,0,0,0,14,4,0
576.195,0,34243584,windows,0,1300,1225,18,0,0,0,0,0,0,14,4,0
576.317,1,34154496,windows,0,1300,1225,18,0,0,0,0,0,0,14,4,0
576.46,0,34257920,windows,0,1300,1225,18,0,0,0,0,0,0,14,4,0
576.576,1,34168832,windows,0,1300,1225,18,0,0,0,0,0,0,14,4,0
576.71,0,34271232,windows,0,1300,1225,18,0,0,0,0,0,0,14,4,0
576.827,1,34183168,windows,0,1300,1225,18,0,0,0,0,0,0,14,4,0
576.968,0,34285568,windows,0,1300,1225,18,0,0,0,0,0,0,14,4,0
577.081,1,34196480,windows,0,1300,1225,18,0,0,0,0,0,0,14,4,0
577.224,0,34298880,windows,0,1300,1225,18,0,0,0,0,0,0,14,4,0
577.344,1,34209792,windows,0,1300,1225,18,0,0,0,0,0,0,14,4,0
577.487,0,34313216,windows,0,1300,1225,18,0,0,0,0,0,0,14,4,0
577.597,1,34225152,windows,0,1300,1225,18,0,0,0,0,0,0,14,4,0
577.742,0,34326528,windows,0,1300,1225,18,0,0,0,0,0,0,14,4,0
577.853,1,34239488,windows,0,1300,1225,18,0,0,0,0,0,0,14,4,0
577.999,0,34340864,windows,0,1300,1225,18,0,0,0,0,0,0,14,4,0
578.107,1,34253824,windows,0,1300,1225,18,0,0,0,0,0,0,14,4,0
578.263,0,34356224,windows,0,1300,1225,18,0,0,0,0,0,0,14,4,0
578.369,1,34268160,windows,0,1300,1225,18,0,0,0,0,0,0,14,4,0
578.526,0,34369536,repair,0,1300,1225,18,0,0,0,0,0,0,14,4,0
578.639,1,34283520,windows,0,1300,1225,18,0,0,0,0,0,0,14,4,0
578.785,0,34383872,repair,0,1300,1225,18,0,0,0,0,0,0,14,4,0
578.906,1,34297856,windows,0,1300,1225,18,0,0,0,0,0,0,14,4,0
579.046,0,34398208,repair,0,1300,1225,18,0,0,0,0,0,0,14,4,0
579.17,1,34313216,windows,0,1300,1225,18,0,0,0,0,0,0,14,4,0
579.302,0,34411520,repair,0,1300,1225,18,0,0,0,0,0,0,14,4,0
579.423,1,34327552,windows,0,1300,1225,18,0,0,0,0,0,0,14,4,0
579.552,0,34424832,windows,0,1300,1225,18,0,0,0,0,0,0,14,4,0
579.69,1,34341888,repair,0,1300,1225,18,0,0,0,0,0,0,14,4,0
579.821,0,34439168,windows,0,1300,1225,18,0,0,0,0,0,0,14,4,0
579.945,1,34357248,repair,0,1300,1225,18,0,0,0,0,0,0,14,4,0
580.08,0,34452480,windows,0,1300,1225,18,0,0,0,0,0,0,14,4,0
580.205,1,34371584,windows,0,1300,1225,18,0,0,0,0,0,0,14,4,0
580.338,0,34465792,windows,0,1300,1225,18,0,0,0,0,0,0,14,4,0
580.461,1,34385920,windows,0,1300,1225,18,0,0,0,0,0,0,14,4,0
580.596,0,34480128,windows,0,1300,1225,18,0,0,0,0,0,0,14,4,0
580.726,1,34400256,windows,0,1300,1225,18,0,0,0,0,0,0,14,4,0
580.854,0,34494464,windows,0,1300,1225,18,0,0,0,0,0,0,14,4,0
580.985,1,34414592,windows,0,1300,1225,18,0,0,0,0,0,0,14,4,0
581.112,0,34508800,windows,0,1300,1225,18,0,0,0,0,0,0,14,4,0
581.238,1,34427904,windows,0,1300,1225,18,0,0,0,0,0,0,14,4,0
581.38,0,34523136,windows,0,1300,1225,18,0,0,0,0,0,0,14,4,0
581.506,1,34441216,windows,0,1300,1225,18,0,0,0,0,0,0,14,4,0
581.643,0,34537472,windows,0,1300,1225,18,0,0,0,0,0,0,14,4,0
581.771,1,34455552,windows,0,1300,1225,18,0,0,0,0,0,0,14,4,0
581.911,0,34551808,windows,0,1300,1225,18,0,0,0,0,0,0,14,4,0
582.023,1,34468864,windows,0,1300,1225,18,0,0,0,0,0,0,14,4,0
582.176,0,34566144,windows,0,1300,1225,18,0,0,0,0,0,0,14,4,0
582.281,1,34482176,windows,0,1300,1225,18,0,0,0,0,0,0,14,4,0
582.442,0,34580480,windows,0,1300,1225,18,0,0,0,0,0,0,14,4,0
582.552,1,34497536,windows,0,1300,1225,18,0,0,0,0,0,0,14,4,0
582.703,0,34594816,windows,0,1300,1225,18,0,0,0,0,0,0,14,4,0
582.813,1,34510848,windows,0,1300,1225,18,0,0,0,0,0,0,14,4,0
582.968,0,34609152,windows,0,1300,1225,18,0,0,0,0,0,0,14,4,0
583.064,1,34525184,windows,0,1300,1225,18,0,0,0,0,0,0,14,4,0
583.225,0,34626560,windows,0,1300,1225,18,0,0,0,0,0,0,14,4,0
583.329,1,34539520,windows,0,1300,1225,18,0,0,0,0,0,0,14,4,0
583.479,0,34644992,windows,0,1300,1225,18,0,0,0,0,0,0,14,4,0
583.596,1,34554880,windows,0,1300,1225,18,0,0,0,0,0,0,14,4,0
583.732,0,34662400,windows,0,1300,1225,18,0,0,0,0,0,0,14,4,0
583.856,1,34568192,windows,0,1300,1225,18,0,0,0,0,0,0,14,4,0
583.997,0,34679808,windows,0,1300,1225,18,0,0,0,0,0,0,14,4,0
584.117,1,34582528,windows,0,1300,1225,18,0,0,0,0,0,0,14,4,0
584.258,0,34697216,windows,0,1300,1225,18,0,0,0,0,0,0,14,4,0
584.38,1,34595840,windows,0,1300,1225,18,0,0,0,0,0,0,14,4,0
584.518,0,34715648,windows,0,1300,1225,18,0,0,0,0,0,0,14,4,0
584.643,1,34610176,windows,0,1300,1225,18,0,0,0,0,0,0,14,4,0
584.784,0,34731008,windows,0,1300,1225,18,0,0,0,0,0,0,14,4,0
584.894,1,34624512,windows,0,1300,1225,18,0,0,0,0,0,0,14,4,0
585.046,0,34745344,windows,0,1300,1225,18,0,0,0,0,0,0,14,4,0
585.16,1,34638848,windows,0,1300,1225,18,0,0,0,0,0,0,14,4,0
585.311,0,34760704,windows,0,1300,1225,18,0,0,0,0,0,0,14,4,0
585.418,1,34653184,windows,0,1300,1225,18,0,0,0,0,0,0,14,4,0
585.563,0,34775040,repair,0,1300,1225,18,0,0,0,0,0,0,14,4,0
585.686,1,34668544,windows,0,1300,1225,18,0,0,0,0,0,0,14,4,0
585.823,0,34791424,repair,0,1300,1225,18,0,0,0,0,0,0,14,4,0
585.937,1,34682880,windows,0,1300,1225,18,0,0,0,0,0,0,14,4,0
586.074,0,34808832,repair,0,1300,1225,18,0,0,0,0,0,0,14,4,0
586.201,1,34697216,windows,0,1300,1225,18,0,0,0,0,0,0,14,4,0
586.338,0,34828288,windows,0,1300,1225,18,0,0,0,0,0,0,14,4,0
586.454,1,34711552,windows,0,1300,1225,18,0,0,0,0,0,0,14,4,0
586.6,0,34845696,windows,0,1300,1225,18,0,0,0,0,0,0,14,4,0
586.712,1,34725888,windows,0,1300,1225,18,0,0,0,0,0,0,14,4,0
586.852,0,34863104,windows,0,1300,1225,18,0,0,0,0,0,0,14,4,0
586.973,1,34740224,windows,0,1300,1225,18,0,0,0,0,0,0,14,4,0
587.106,0,34880512,windows,0,1300,1225,18,0,0,0,0,0,0,14,4,0
587.234,1,34753536,windows,0,1300,1225,18,0,0,0,0,0,0,14,4,0
587.364,0,34897920,windows,0,1300,1225,18,0,0,0,0,0,0,14,4,0
587.485,1,34766848,windows,0,1300,1225,18,0,0,0,0,0,0,14,4,0
587.617,0,34915328,windows,0,1300,1225,18,0,0,0,0,0,0,14,4,0
587.737,1,34781184,windows,0,1300,1225,18,0,0,0,0,0,0,14,4,0
587.882,0,34932736,windows,0,1300,1225,18,0,0,0,0,0,0,14,4,0
587.992,1,34795520,repair,0,1300,1225,18,0,0,0,0,0,0,14,4,0
588.141,0,34950144,windows,0,1300,1225,18,0,0,0,0,0,0,14,4,0
588.256,1,34810880,repair,0,1300,1225,18,0,0,0,0,0,0,14,4,0
588.392,0,34967552,windows,0,1300,1225,18,0,0,0,0,0,0,14,4,0
588.506,1,34826240,repair,0,1300,1225,18,0,0,0,0,0,0,14,4,0
588.647,0,34984960,windows,0,1300,1225,18,0,0,0,0,0,0,14,4,0
588.769,1,34841600,repair,0,1300,1225,18,0,0,0,0,0,0,14,4,0
588.9,0,35002368,windows,0,1300,1225,18,0,0,0,0,0,0,14,4,0
589.028,1,34855936,windows,0,1300,1225,18,0,0,0,0,0,0,14,4,0
589.157,0,35020800,windows,0,1300,1225,18,0,0,0,0,0,0,14,4,0
589.284,1,34868224,windows,0,1300,1225,18,0,0,0,0,0,0,14,4,0
589.421,0,35039232,windows,0,1300,1225,18,0,0,0,0,0,0,14,4,0
589.545,1,34882560,windows,0,1300,1225,18,0,0,0,0,0,0,14,4,0
589.685,0,35056640,windows,0,1300,1225,18,0,0,0,0,0,0,14,4,0
589.798,1,34895872,windows,0,1300,1225,18,0,0,0,0,0,0,14,4,0
589.935,0,35074048,windows,0,1300,1225,18,0,0,0,0,0,0,14,4,0
590.058,1,34910208,windows,0,1300,1225,18,0,0,0,0,0,0,14,4,0
590.19,0,35092480,windows,0,1300,1225,18,0,0,0,0,0,0,14,4,0
590.32,1,34924544,windows,0,1300,1225,18,0,0,0,0,0,0,14,4,0
590.44,0,35110912,windows,0,1300,1225,18,0,0,0,0,0,0,14,4,0
590.578,1,34938880,windows,0,1300,1225,18,0,0,0,0,0,0,14,4,0
590.702,0,35129344,windows,0,1300,1225,18,0,0,0,0,0,0,14,4,0
590.843,1,34953216,windows,0,1300,1225,18,0,0,0,0,0,0,14,4,0
590.953,0,35146752,windows,0,1300,1225,18,0,0,0,0,0,0,14,4,0
591.11,1,34967552,windows,0,1300,1225,18,0,0,0,0,0,0,14,4,0
591.224,0,35163136,repair,0,1300,1225,18,0,0,0,0,0,0,14,4,0
591.368,1,34980864,windows,0,1300,1225,18,0,0,0,0,0,0,14,4,0
591.48,0,35177472,repair,0,1300,1225,18,0,0,0,0,0,0,14,4,0
591.637,1,34995200,windows,0,1300,1225,18,0,0,0,0,0,0,14,4,0
591.745,0,35193856,windows,0,1300,1225,18,0,0,0,0,0,0,14,4,0
591.89,1,35008512,windows,0,1300,1225,18,0,0,0,0,0,0,14,4,0
592.007,0,35211264,windows,0,1300,1225,18,0,0,0,0,0,0,14,4,0
592.141,1,35021824,windows,0,1300,1225,18,0,0,0,0,0,0,14,4,0
592.269,0,35229696,windows,0,1300,1225,18,0,0,0,0,0,0,14,4,0
592.402,1,35036160,windows,0,1300,1225,18,0,0,0,0,0,0,14,4,0
592.524,0,35247104,windows,0,1300,1225,18,0,0,0,0,0,0,14,4,0
592.672,1,35050496,windows,0,1300,1225,18,0,0,0,0,0,0,14,4,0
592.78,0,35261440,windows,0,1300,1225,18,0,0,0,0,0,0,14,4,0
592.93,1,35064832,windows,0,1300,1225,18,0,0,0,0,0,0,14,4,0
593.046,0,35277824,windows,0,1300,1225,18,0,0,0,0,0,0,14,4,0
593.195,1,35079168,windows,0,1300,1225,18,0,0,0,0,0,0,14,4,0
593.309,0,35293184,windows,0,1300,1225,18,0,0,0,0,0,0,14,4,0
593.455,1,35093504,windows,0,1300,1225,18,0,0,0,0,0,0,14,4,0
593.566,0,35309568,windows,0,1300,1225,18,0,0,0,0,0,0,14,4,0
593.705,1,35107840,windows,0,1300,1225,18,0,0,0,0,0,0,14,4,0
593.825,0,35325952,windows,0,1300,1225,18,0,0,0,0,0,0,14,4,0
593.956,1,35122176,windows,0,1300,1225,18,0,0,0,0,0,0,14,4,0
594.087,0,35342336,windows,0,1300,1225,18,0,0,0,0,0,0,14,4,0
594.223,1,35137536,windows,0,1300,1225,18,0,0,0,0,0,0,14,4,0
594.341,0,35355648,windows,0,1300,1225,18,0,0,0,0,0,0,14,4,0
594.48,1,35152896,windows,0,1300,1225,18,0,0,0,0,0,0,14,4,0
594.602,0,35369984,windows,0,1300,1225,18,0,0,0,0,0,0,14,4,0
594.731,1,35167232,windows,0,1300,1225,18,0,0,0,0,0,0,14,4,0
594.858,0,35383296,windows,0,1300,1225,18,0,0,0,0,0,0,14,4,0
594.988,1,35181568,windows,0,1300,1225,18,0,0,0,0,0,0,14,4,0
595.117,0,35397632,windows,0,1300,1225,18,0,0,0,0,0,0,14,4,0
595.247,1,35195904,windows,0,1300,1225,18,0,0,0,0,0,0,14,4,0
595.376,0,35410944,windows,0,1300,1225,18,0,0,0,0,0,0,14,4,0
595.514,1,35210240,windows,0,1300,1225,18,0,0,0,0,0,0,14,4,0
595.638,0,35425280,windows,0,1300,1225,18,0,0,0,0,0,0,14,4,0
595.772,1,35224576,windows,0,1300,1225,18,0,0,0,0,0,0,14,4,0
595.892,0,35439616,windows,0,1300,1225,18,0,0,0,0,0,0,14,4,0
596.031,1,35238912,windows,0,1300,1225,18,0,0,0,0,0,0,14,4,0
596.152,0,35453952,windows,0,1300,1225,18,0,0,0,0,0,0,14,4,0
596.291,1,35254272,windows,0,1300,1225,18,0,0,0,0,0,0,14,4,0
596.402,0,35467264,windows,0,1300,1225,18,0,0,0,0,0,0,14,4,0
596.547,1,35269632,windows,0,1300,1225,18,0,0,0,0,0,0,14,4,0
596.663,0,35481600,windows,0,1300,1225,18,0,0,0,0,0,0,14,4,0
596.802,1,35284992,windows,0,1300,1225,18,0,0,0,0,0,0,14,4,0
596.927,0,35495936,windows,0,1300,1225,18,0,0,0,0,0,0,14,4,0
597.054,1,35301376,windows,0,1300,1225,18,0,0,0,0,0,0,14,4,0
597.185,0,35510272,windows,0,1300,1225,18,0,0,0,0,0,0,14,4,0
597.312,1,35316736,repair,0,1300,1225,18,0,0,0,0,0,0,14,4,0
597.444,0,35525632,windows,0,1300,1225,18,0,0,0,0,0,0,14,4,0
597.578,1,35333120,repair,0,1300,1225,18,0,0,0,0,0,0,14,4,0
597.706,0,35540992,windows,0,1300,1225,18,0,0,0,0,0,0,14,4,0
597.842,1,35348480,windows,0,1300,1225,18,0,0,0,0,0,0,14,4,0
597.956,0,35555328,windows,0,1300,1225,18,0,0,0,0,0,0,14,4,0
598.094,1,35363840,windows,0,1300,1225,18,0,0,0,0,0,0,14,4,0
598.211,0,35571712,windows,0,1300,1225,18,0,0,0,0,0,0,14,4,0
598.354,1,35381248,windows,0,1300,1225,18,0,0,0,0,0,0,14,4,0
598.471,0,35588096,windows,0,1300,1225,18,0,0,0,0,0,0,14,4,0
598.615,1,35398656,windows,0,1300,1225,18,0,0,0,0,0,0,14,4,0
598.737,0,35603456,windows,0,1300,1225,18,0,0,0,0,0,0,14,4,0
598.874,1,35415040,windows,0,1300,1225,18,0,0,0,0,0,0,14,4,0
598.992,0,35617792,windows,0,1300,1225,18,0,0,0,0,0,0,14,4,0
599.126,1,35431424,windows,0,1300,1225,18,0,0,0,0,0,0,14,4,0
599.247,0,35632128,windows,0,1300,1225,18,0,0,0,0,0,0,14,4,0
599.381,1,35447808,windows,0,1300,1225,18,0,0,0,0,0,0,14,4,0
599.501,0,35646464,repair,0,1300,1225,18,0,0,0,0,0,0,14,4,0
599.634,1,35463168,windows,0,1300,1225,18,0,0,0,0,0,0,14,4,0
599.757,0,35661824,repair,0,1300,1225,18,0,0,0,0,0,0,14,4,0
599.892,1,35478528,windows,0,1300,1225,18,0,0,0,0,0,0,14,4,0
600.001,0,35678208,end,0,1300,1225,18,0,0,0,0,0,0,14,4,0
600.007,1,35485696,end,0,1300,1225,18,0,0,0,0,0,0,14,4,0
