seconds,worker,moves,phase,hard,objective,surrogate,soft,lecturerConflicts,groupConflicts,roomConflicts,groupTravel,lecturerTravel,abstractRoomOverflow,lecturerWindows,groupWindows,mixedOnlineDays
0.0491326,0,0,start,1092,8.12804e+07,8.12659e+07,2283,0,0,0,706,386,0,1608,459,216
0.0632911,1,0,start,1111,8.33816e+07,8.33669e+07,2294,0,0,0,708,403,0,1578,489,227
0.315447,0,21504,repair,755,2.83236e+08,2.83154e+08,7268,58,172,123,256,146,0,3988,3081,199
0.325418,1,20480,repair,758,3.19084e+08,3.19078e+08,7780,66,161,151,254,126,0,4351,3251,178
0.566295,0,38912,repair,625,2.73137e+08,2.73131e+08,7265,46,122,98,241,118,0,4077,2998,190
0.578718,1,37888,repair,641,2.74758e+08,2.74753e+08,7316,34,138,116,233,120,0,4167,2981,168
0.830261,0,58368,repair,506,2.68083e+08,2.68019e+08,7304,34,102,110,177,83,0,4186,2951,167
0.833543,1,58368,repair,510,2.73083e+08,2.73017e+08,7278,31,94,94,184,107,0,4078,3026,174
1.08873,0,75776,repair,414,2.22596e+08,2.22542e+08,6657,23,81,66,153,91,0,3800,2698,159
1.09645,1,75776,repair,424,2.36642e+08,2.36562e+08,6837,25,79,72,142,106,0,3904,2790,143
1.3425,0,93184,repair,341,2.00104e+08,2.00049e+08,6381,19,53,61,137,71,0,3695,2533,153
1.35595,1,93184,repair,358,2.05808e+08,2.05808e+08,6428,21,70,51,141,75,0,3718,2579,131
1.60063,0,113664,repair,272,1.87199e+08,1.87199e+08,6162,19,49,34,112,58,0,3568,2461,133
1.6214,1,110592,repair,292,1.99112e+08,1.99094e+08,6330,12,40,52,122,66,0,3645,2549,136
1.85667,0,131072,repair,199,1.97636e+08,1.97567e+08,6436,13,30,43,69,44,0,3825,2481,130
1.88201,1,126976,repair,219,2.0928e+08,2.09223e+08,6409,11,38,46,83,41,0,3629,2664,116
2.11029,0,150528,repair,160,1.6651e+08,1.66466e+08,6005,7,27,26,58,42,0,3661,2218,126
2.14475,1,144384,repair,186,1.6126e+08,1.61211e+08,5756,11,31,27,77,40,0,3372,2271,113
2.36236,0,168960,repair,122,1.53137e+08,1.53089e+08,5672,6,21,18,45,32,0,3355,2191,126
2.40428,1,161792,repair,152,1.58811e+08,1.5879e+08,5782,8,22,27,67,28,0,3462,2213,107
2.61517,0,188416,repair,91,1.32865e+08,1.32862e+08,5375,2,19,13,39,18,0,3301,1973,101
2.66082,1,178176,repair,118,1.33862e+08,1.33843e+08,5361,6,22,10,50,30,0,3261,2000,100
2.86953,0,206848,repair,55,1.23139e+08,1.23102e+08,5220,0,13,6,24,12,0,3273,1861,86
2.91928,1,194560,repair,79,1.31612e+08,1.31608e+08,5373,4,16,18,24,17,0,3312,1953,108
3.13171,0,226304,repair,32,1.14536e+08,1.14536e+08,5045,0,4,4,13,11,0,3176,1787,82
3.17573,1,210944,repair,53,1.23093e+08,1.23039e+08,5229,1,10,7,22,13,0,3275,1859,95
3.38186,0,244736,repair,15,1.05321e+08,1.05304e+08,4835,1,1,2,5,6,0,3041,1716,78
3.43491,1,229376,repair,31,1.11739e+08,1.11739e+08,4985,1,4,1,18,7,0,3129,1768,88
3.63453,0,264192,repair,7,9.89963e+07,9.8946e+07,4686,0,1,4,1,1,0,2943,1666,77
3.69546,1,250880,repair,16,9.85259e+07,9.84756e+07,4690,1,0,0,13,2,0,2955,1653,82
3.89467,0,284672,repair,3,7.32932e+07,7.32919e+07,4118,0,0,1,1,1,0,2734,1339,45
3.95182,1,271360,repair,5,9.27512e+07,9.27512e+07,4600,0,1,1,1,2,0,2930,1574,96
4.14622,0,304128,repair,1,6.20123e+07,6.19875e+07,3792,0,0,0,0,1,0,2501,1238,53
4.20834,1,291840,windows,0,6.70399e+07,6.7001e+07,3948,0,0,0,0,0,0,2551,1309,88
4.40797,0,320512,windows,0,5.16363e+07,5.16126e+07,3446,0,0,0,0,0,0,2277,1133,36
4.46694,1,311296,windows,0,5.20618e+07,5.20276e+07,3490,0,0,0,0,0,0,2274,1141,75
4.66183,0,333824,windows,0,4.24642e+07,4.2463e+07,3176,0,0,0,0,0,0,2160,977,39
4.72542,1,329728,windows,0,4.044e+07,4.044e+07,3059,0,0,0,0,0,0,1998,1010,51
4.92504,0,348160,windows,0,3.49184e+07,3.49184e+07,2874,0,0,0,0,0,0,1942,895,37
4.98038,1,347136,windows,0,3.26097e+07,3.26097e+07,2768,0,0,0,0,0,0,1827,890,51
5.19296,0,362496,windows,0,2.94595e+07,2.94329e+07,2612,0,0,0,0,0,0,1733,849,30
5.2356,1,364544,windows,0,2.67174e+07,2.67163e+07,2511,0,0,0,0,0,0,1681,792,38
5.45507,0,375808,windows,0,2.54203e+07,2.53957e+07,2440,0,0,0,0,0,0,1634,776,30
5.49316,1,381952,windows,0,2.23582e+07,2.23365e+07,2329,0,0,0,0,0,0,1603,688,38
5.72409,0,390144,windows,0,2.20827e+07,2.20683e+07,2301,0,0,0,0,0,0,1589,687,25
5.74545,1,399360,windows,0,1.76559e+07,1.76549e+07,2061,0,0,0,0,0,0,1408,621,32
5.98161,0,403456,windows,0,1.80675e+07,1.80605e+07,2070,0,0,0,0,0,0,1402,641,27
6.00624,1,417792,windows,0,1.43456e+07,1.43456e+07,1843,0,0,0,0,0,0,1242,575,26
6.2359,0,416768,windows,0,1.53195e+07,1.53129e+07,1917,0,0,0,0,0,0,1322,573,22
6.26829,1,436224,windows,0,1.17124e+07,1.17124e+07,1691,0,0,0,0,0,0,1191,480,20
6.4896,0,430080,windows,0,1.33361e+07,1.33195e+07,1802,0,0,0,0,0,0,1263,517,22
6.52257,1,453632,windows,0,9.99468e+06,9.98934e+06,1551,0,0,0,0,0,0,1069,462,20
6.7577,0,444416,windows,0,1.16043e+07,1.15984e+07,1682,0,0,0,0,0,0,1168,488,26
6.77845,1,468992,windows,0,7.99546e+06,7.98197e+06,1405,0,0,0,0,0,0,989,393,23
7.01117,0,457728,windows,0,1.01375e+07,1.01321e+07,1570,0,0,0,0,0,0,1074,466,30
7.03441,1,485376,windows,0,6.81152e+06,6.80638e+06,1295,0,0,0,0,0,0,911,364,20
7.27217,0,470016,windows,0,8.52276e+06,8.51383e+06,1444,0,0,0,0,0,0,1008,414,22
7.29126,1,501760,windows,0,5.76973e+06,5.76294e+06,1191,0,0,0,0,0,0,830,340,21
7.54047,0,483328,windows,0,7.30082e+06,7.29611e+06,1340,0,0,0,0,0,0,943,377,20
7.55944,1,517120,windows,0,4.98132e+06,4.97496e+06,1104,0,0,0,0,0,0,768,318,18
7.80402,0,495616,windows,0,6.4162e+06,6.40948e+06,1264,0,0,0,0,0,0,911,336,17
7.81551,1,531456,windows,0,4.0988e+06,4.09309e+06,1001,0,0,0,0,0,0,701,286,14
8.07293,0,509952,windows,0,5.50028e+06,5.49575e+06,1162,0,0,0,0,0,0,824,324,14
8.07359,1,548864,windows,0,3.31336e+06,3.3049e+06,906,0,0,0,0,0,0,651,244,11
8.32507,0,523264,windows,0,4.82838e+06,4.82204e+06,1095,0,0,0,0,0,0,785,295,15
8.32727,1,565248,windows,0,2.76727e+06,2.75977e+06,822,0,0,0,0,0,0,586,229,7
8.58152,0,536576,windows,0,3.83773e+06,3.8323e+06,971,0,0,0,0,0,0,686,272,13
8.59088,1,582656,windows,0,2.28944e+06,2.28234e+06,747,0,0,0,0,0,0,527,212,8
8.84128,0,549888,windows,0,3.2035e+06,3.19535e+06,895,0,0,0,0,0,0,656,229,10
8.85681,1,601088,windows,0,1.75885e+06,1.75655e+06,654,0,0,0,0,0,0,460,187,7
9.09246,0,563200,windows,0,2.74214e+06,2.73774e+06,828,0,0,0,0,0,0,611,209,8
9.11134,1,618496,windows,0,1.38428e+06,1.38112e+06,588,0,0,0,0,0,0,420,158,10
9.35535,0,577536,windows,0,2.34919e+06,2.34636e+06,768,0,0,0,0,0,0,566,193,9
9.36374,1,634880,windows,0,1.15837e+06,1.15519e+06,537,0,0,0,0,0,0,382,146,9
9.61295,0,591872,windows,0,2.06293e+06,2.06267e+06,719,0,0,0,0,0,0,526,184,9
9.62389,1,653312,windows,0,967440,965409,494,0,0,0,0,0,0,360,126,8
9.86306,0,604160,windows,0,1.59559e+06,1.59533e+06,628,0,0,0,0,0,0,446,173,9
9.88325,1,668672,windows,0,767905,765358,436,0,0,0,0,0,0,311,119,6
10.1296,0,620544,windows,0,1.25804e+06,1.25775e+06,558,0,0,0,0,0,0,392,156,10
10.1475,1,683008,windows,0,604220,602739,382,0,0,0,0,0,0,262,114,6
10.3941,0,637952,windows,0,1.04094e+06,1.03642e+06,512,0,0,0,0,0,0,367,135,10
10.4142,1,697344,windows,0,508955,507589,352,0,0,0,0,0,0,245,102,5
10.6506,0,654336,windows,0,882370,882048,473,0,0,0,0,0,0,338,124,11
10.6707,1,711680,windows,0,440450,438392,327,0,0,0,0,0,0,226,96,5
10.9039,0,671744,windows,0,641905,638336,400,0,0,0,0,0,0,287,107,6
10.929,1,726016,windows,0,385280,385108,311,0,0,0,0,0,0,222,83,6
11.1598,0,689152,windows,0,527510,524406,366,0,0,0,0,0,0,274,87,5
11.1874,1,738304,windows,0,288615,286116,263,0,0,0,0,0,0,177,81,5
11.4264,0,704512,windows,0,453310,453310,337,0,0,0,0,0,0,244,88,5
11.4595,1,752640,windows,0,225905,223554,236,0,0,0,0,0,0,161,69,6
11.6784,0,718848,windows,0,383875,382761,310,0,0,0,0,0,0,223,82,5
11.7289,1,768000,windows,0,190370,190168,218,0,0,0,0,0,0,148,63,7
11.9444,0,735232,windows,0,305065,304071,276,0,0,0,0,0,0,199,73,4
11.9935,1,783360,windows,0,170050,169908,207,0,0,0,0,0,0,146,56,5
12.2064,0,752640,windows,0,229505,229392,240,0,0,0,0,0,0,173,63,4
12.2492,1,797696,windows,0,148125,146204,187,0,0,0,0,0,0,123,60,4
12.4635,0,770048,windows,0,185590,184495,216,0,0,0,0,0,0,158,55,3
12.5054,1,808960,windows,0,113905,112738,164,0,0,0,0,0,0,107,53,4
12.7181,0,788480,windows,0,158315,157320,200,0,0,0,0,0,0,147,50,3
12.757,1,823296,windows,0,91010,90052.5,149,0,0,0,0,0,0,102,44,3
12.9843,0,806912,windows,0,121540,120921,175,0,0,0,0,0,0,124,47,4
13.013,1,837632,windows,0,79970,79887.5,140,0,0,0,0,0,0,96,41,3
13.2405,0,823296,windows,0,84555,84061.2,144,0,0,0,0,0,0,99,42,3
13.2735,1,852992,windows,0,64520,64407.5,125,0,0,0,0,0,0,82,39,4
13.503,0,840704,windows,0,65270,65270,128,0,0,0,0,0,0,90,35,3
13.5345,1,868352,windows,0,58390,58307.5,120,0,0,0,0,0,0,82,35,3
13.7626,0,858112,windows,0,56115,55520,120,0,0,0,0,0,0,87,30,3
13.7889,1,882688,windows,0,45705,45652.5,104,0,0,0,0,0,0,69,33,2
14.0136,0,875520,windows,0,49295,49295,113,0,0,0,0,0,0,83,27,3
14.044,1,897024,windows,0,44405,44008.8,103,0,0,0,0,0,0,69,32,2
14.2644,0,891904,windows,0,31670,30846.2,88,0,0,0,0,0,0,58,27,3
14.31,1,912384,windows,0,39820,39152.5,97,0,0,0,0,0,0,64,31,2
14.524,0,910336,windows,0,26765,26765,81,0,0,0,0,0,0,55,24,2
14.5719,1,930816,windows,0,35545,35492.5,92,0,0,0,0,0,0,61,29,2
14.7742,0,927744,windows,0,24745,24745,78,0,0,0,0,0,0,53,23,2
14.8243,1,950272,windows,0,34345,33998.8,90,0,0,0,0,0,0,59,29,2
15.0365,0,947200,windows,0,22300,22051.2,74,0,0,0,0,0,0,50,22,2
15.0832,1,969728,windows,0,22615,22615,73,0,0,0,0,0,0,49,23,1
15.2918,0,964608,windows,0,17645,17290,67,0,0,0,0,0,0,47,18,2
15.3451,1,989184,windows,0,22595,22120,72,0,0,0,0,0,0,47,24,1
15.5481,0,982016,windows,0,14485,14485,61,0,0,0,0,0,0,43,16,2
15.5984,1,1007616,windows,0,20290,20071.2,68,0,0,0,0,0,0,44,23,1
15.8149,0,999424,windows,0,13505,13311.2,58,0,0,0,0,0,0,39,17,2
15.8528,1,1026048,windows,0,19390,19390,67,0,0,0,0,0,0,44,22,1
16.0697,0,1015808,windows,0,12845,12651.2,57,0,0,0,0,0,0,39,16,2
16.1041,1,1043456,windows,0,16030,15612.5,61,0,0,0,0,0,0,40,20,1
16.3292,0,1034240,windows,0,11720,11720,54,0,0,0,0,0,0,36,16,2
16.3603,1,1062912,windows,0,14095,13888.8,57,0,0,0,0,0,0,37,19,1
16.5827,0,1050624,windows,0,10400,9936.25,51,0,0,0,0,0,0,34,15,2
16.6186,1,1079296,windows,0,13030,12838.8,54,0,0,0,0,0,0,34,19,1
16.8349,0,1064960,windows,0,10165,9716.25,51,0,0,0,0,0,0,35,14,2
16.8805,1,1097728,windows,0,12370,11972.5,52,0,0,0,0,0,0,32,19,1
17.086,0,1079296,windows,0,9820,9376.25,50,0,0,0,0,0,0,34,14,2
17.1346,1,1115136,windows,0,10895,10497.5,47,0,0,0,0,0,0,27,19,1
17.3417,0,1094656,windows,0,9160,9001.25,48,0,0,0,0,0,0,32,14,2
17.388,1,1131520,windows,0,10015,9657.5,47,0,0,0,0,0,0,29,17,1
17.5941,0,1112064,windows,0,7960,7960,44,0,0,0,0,0,0,28,14,2
17.638,1,1147904,windows,0,9355,8873.75,46,0,0,0,0,0,0,29,16,1
17.8518,0,1131520,windows,0,7960,7960,44,0,0,0,0,0,0,28,14,2
17.8974,1,1166336,windows,0,9355,8873.75,46,0,0,0,0,0,0,29,16,1
18.1025,0,1148928,windows,0,7685,7685,43,0,0,0,0,0,0,27,14,2
18.1551,1,1183744,windows,0,8795,8457.5,44,0,0,0,0,0,0,27,16,1
18.363,0,1165312,windows,0,7420,7281.25,43,0,0,0,0,0,0,28,13,2
18.4055,1,1201152,windows,0,8795,8457.5,44,0,0,0,0,0,0,27,16,1
18.6212,0,1181696,windows,0,7420,7281.25,43,0,0,0,0,0,0,28,13,2
18.6571,1,1218560,windows,0,8275,8128.75,42,0,0,0,0,0,0,25,16,1
18.8867,0,1199104,windows,0,7145,6890,42,0,0,0,0,0,0,27,13,2
18.91,1,1235968,windows,0,8030,7573.75,41,0,0,0,0,0,0,24,16,1
19.1442,0,1214464,windows,0,6880,6625,41,0,0,0,0,0,0,26,13,2
19.1643,1,1252352,windows,0,7795,7343.75,40,0,0,0,0,0,0,23,16,1
19.4044,0,1230848,windows,0,6880,6625,41,0,0,0,0,0,0,26,13,2
19.4331,1,1268736,windows,0,7175,6743.75,39,0,0,0,0,0,0,23,15,1
19.6563,0,1246208,windows,0,6880,6625,41,0,0,0,0,0,0,26,13,2
19.688,1,1282048,windows,0,7175,6743.75,39,0,0,0,0,0,0,23,15,1
19.9166,0,1262592,windows,0,6625,6246.25,40,0,0,0,0,0,0,25,13,2
19.9495,1,1294336,windows,0,6335,6017.5,35,0,0,0,0,0,0,19,15,1
20.1794,0,1280000,windows,0,6555,6320,40,0,0,0,0,0,0,27,12,1
20.2112,1,1308672,windows,0,6335,6017.5,35,0,0,0,0,0,0,19,15,1
20.4353,0,1298432,windows,0,6555,6320,40,0,0,0,0,0,0,27,12,1
20.476,1,1323008,windows,0,6335,6017.5,35,0,0,0,0,0,0,19,15,1
20.6935,0,1315840,windows,0,5790,5555,37,0,0,0,0,0,0,24,12,1
20.7346,1,1337344,windows,0,6335,6017.5,35,0,0,0,0,0,0,19,15,1
20.9503,0,1334272,windows,0,5790,5555,37,0,0,0,0,0,0,24,12,1
21.0034,1,1351680,windows,0,5790,5555,37,0,0,0,0,0,0,24,12,1
21.2131,0,1353728,windows,0,5790,5555,37,0,0,0,0,0,0,24,12,1
21.2571,1,1366016,windows,0,5790,5555,37,0,0,0,0,0,0,24,12,1
21.4646,0,1372160,windows,0,5790,5555,37,0,0,0,0,0,0,24,12,1
21.521,1,1380352,windows,0,5790,5555,37,0,0,0,0,0,0,24,12,1
21.7249,0,1390592,windows,0,5790,5555,37,0,0,0,0,0,0,24,12,1
21.7815,1,1395712,windows,0,5790,5555,37,0,0,0,0,0,0,24,12,1
21.9809,0,1406976,windows,0,5790,5555,37,0,0,0,0,0,0,24,12,1
22.0385,1,1412096,windows,0,5790,5555,37,0,0,0,0,0,0,24,12,1
22.2472,0,1425408,windows,0,5790,5555,37,0,0,0,0,0,0,24,12,1
22.3025,1,1429504,windows,0,5790,5555,37,0,0,0,0,0,0,24,12,1
22.5118,0,1442816,windows,0,5790,5555,37,0,0,0,0,0,0,24,12,1
22.5584,1,1446912,windows,0,5575,5236.25,37,0,0,0,0,0,0,25,11,1
22.7701,0,1461248,windows,0,5790,5555,37,0,0,0,0,0,0,24,12,1
22.8104,1,1465344,windows,0,5155,4960,36,0,0,0,0,0,0,25,10,1
23.0257,0,1479680,windows,0,5555,5206.25,36,0,0,0,0,0,0,23,12,1
23.0647,1,1483776,windows,0,5155,4960,36,0,0,0,0,0,0,25,10,1
23.2808,0,1499136,windows,0,5115,4776.25,34,0,0,0,0,0,0,21,12,1
23.3295,1,1503232,windows,0,4450,4450,33,0,0,0,0,0,0,22,10,1
23.535,0,1517568,windows,0,5115,4776.25,34,0,0,0,0,0,0,21,12,1
23.5939,1,1519616,windows,0,4450,4450,33,0,0,0,0,0,0,22,10,1
23.7957,0,1537024,windows,0,4910,4576.25,33,0,0,0,0,0,0,20,12,1
23.8525,1,1534976,windows,0,4235,4235,32,0,0,0,0,0,0,21,10,1
24.0526,0,1556480,windows,0,4870,4546.25,34,0,0,0,0,0,0,22,11,1
24.1071,1,1549312,windows,0,4235,4235,32,0,0,0,0,0,0,21,10,1
24.3027,0,1575936,windows,0,4870,4546.25,34,0,0,0,0,0,0,22,11,1
24.368,1,1564672,windows,0,3835,3546.25,30,0,0,0,0,0,0,19,10,1
24.5543,0,1595392,windows,0,4870,4546.25,34,0,0,0,0,0,0,22,11,1
24.6265,1,1580032,windows,0,3400,3146.25,30,0,0,0,0,0,0,20,8,2
24.8075,0,1615872,windows,0,4655,4336.25,33,0,0,0,0,0,0,21,11,1
24.8782,1,1594368,windows,0,3205,2956.25,29,0,0,0,0,0,0,19,8,2
25.0666,0,1635328,windows,0,4655,4336.25,33,0,0,0,0,0,0,21,11,1
25.14,1,1609728,windows,0,2845,2690,27,0,0,0,0,0,0,17,8,2
25.3274,0,1655808,windows,0,4450,4235,32,0,0,0,0,0,0,20,11,1
25.4022,1,1626112,windows,0,2815,2680,27,0,0,0,0,0,0,19,7,1
25.5888,0,1676288,windows,0,4450,4235,32,0,0,0,0,0,0,20,11,1
25.6544,1,1641472,windows,0,2630,2495,26,0,0,0,0,0,0,18,7,1
25.845,0,1696768,windows,0,4000,3805,30,0,0,0,0,0,0,20,10,0
25.9122,1,1657856,windows,0,2630,2495,26,0,0,0,0,0,0,18,7,1
26.0984,0,1716224,windows,0,4000,3805,30,0,0,0,0,0,0,20,10,0
26.1642,1,1674240,windows,0,2630,2495,26,0,0,0,0,0,0,18,7,1
26.3513,0,1736704,windows,0,4000,3805,30,0,0,0,0,0,0,20,10,0
26.4185,1,1689600,windows,0,2630,2495,26,0,0,0,0,0,0,18,7,1
26.6024,0,1757184,windows,0,4000,3805,30,0,0,0,0,0,0,20,10,0
26.6835,1,1707008,windows,0,2370,2166.25,25,0,0,0,0,0,0,18,6,1
26.8611,0,1778688,windows,0,2370,2166.25,25,0,0,0,0,0,0,18,6,1
26.9396,1,1723392,windows,0,2370,2166.25,25,0,0,0,0,0,0,18,6,1
27.1136,0,1797120,windows,0,2195,1996.25,24,0,0,0,0,0,0,17,6,1
27.2017,1,1739776,windows,0,2370,2166.25,25,0,0,0,0,0,0,18,6,1
27.3749,0,1818624,windows,0,2030,1915,23,0,0,0,0,0,0,16,6,1
27.4568,1,1758208,windows,0,2370,2166.25,25,0,0,0,0,0,0,18,6,1
27.6317,0,1838080,windows,0,1875,1760,22,0,0,0,0,0,0,15,6,1
27.7142,1,1778688,windows,0,2195,2080,24,0,0,0,0,0,0,17,6,1
27.8844,0,1857536,windows,0,1730,1615,21,0,0,0,0,0,0,14,6,1
27.9714,1,1799168,windows,0,2195,2080,24,0,0,0,0,0,0,17,6,1
28.1357,0,1875968,windows,0,1595,1480,20,0,0,0,0,0,0,13,6,1
28.2351,1,1817600,windows,0,2195,2080,24,0,0,0,0,0,0,17,6,1
28.3972,0,1895424,windows,0,1595,1480,20,0,0,0,0,0,0,13,6,1
28.4954,1,1832960,windows,0,2195,2080,24,0,0,0,0,0,0,17,6,1
28.6532,0,1915904,windows,0,1595,1480,20,0,0,0,0,0,0,13,6,1
28.7483,1,1848320,windows,0,2195,2080,24,0,0,0,0,0,0,17,6,1
28.9105,0,1936384,windows,0,1595,1480,20,0,0,0,0,0,0,13,6,1
29.0044,1,1862656,windows,0,1595,1480,20,0,0,0,0,0,0,13,6,1
29.1679,0,1955840,windows,0,1595,1480,20,0,0,0,0,0,0,13,6,1
29.2646,1,1878016,windows,0,1480,1385,19,0,0,0,0,0,0,14,5,0
29.4315,0,1973248,repair,0,1595,1480,20,0,0,0,0,0,0,13,6,1
29.5161,1,1894400,windows,0,1480,1385,19,0,0,0,0,0,0,14,5,0
29.6939,0,1992704,repair,0,1595,1480,20,0,0,0,0,0,0,13,6,1
29.7789,1,1913856,windows,0,1345,1186.25,18,0,0,0,0,0,0,13,5,0
29.951,0,2010112,windows,0,1595,1480,20,0,0,0,0,0,0,13,6,1
30.0311,1,1932288,windows,0,1345,1186.25,18,0,0,0,0,0,0,13,5,0
30.2122,0,2030592,windows,0,1595,1480,20,0,0,0,0,0,0,13,6,1
30.2866,1,1951744,windows,0,1345,1186.25,18,0,0,0,0,0,0,13,5,0
30.4767,0,2049024,windows,0,1595,1480,20,0,0,0,0,0,0,13,6,1
30.5375,1,1966080,windows,0,1345,1186.25,18,0,0,0,0,0,0,13,5,0
30.7373,0,2067456,windows,0,1595,1480,20,0,0,0,0,0,0,13,6,1
30.8017,1,1981440,windows,0,1345,1186.25,18,0,0,0,0,0,0,13,5,0
30.998,0,2085888,windows,0,1595,1480,20,0,0,0,0,0,0,13,6,1
31.0632,1,1994752,windows,0,1345,1186.25,18,0,0,0,0,0,0,13,5,0
31.2533,0,2103296,windows,0,1595,1480,20,0,0,0,0,0,0,13,6,1
31.3174,1,2010112,windows,0,1345,1186.25,18,0,0,0,0,0,0,13,5,0
31.5127,0,2121728,windows,0,1595,1480,20,0,0,0,0,0,0,13,6,1
31.5811,1,2027520,windows,0,1345,1186.25,18,0,0,0,0,0,0,13,5,0
31.7758,0,2141184,windows,0,1595,1480,20,0,0,0,0,0,0,13,6,1
31.8339,1,2042880,windows,0,1345,1186.25,18,0,0,0,0,0,0,13,5,0
32.0295,0,2160640,windows,0,1345,1186.25,18,0,0,0,0,0,0,13,5,0
32.0933,1,2059264,windows,0,1345,1186.25,18,0,0,0,0,0,0,13,5,0
32.2863,0,2181120,windows,0,1345,1186.25,18,0,0,0,0,0,0,13,5,0
32.3456,1,2074624,windows,0,1345,1186.25,18,0,0,0,0,0,0,13,5,0
32.5422,0,2201600,windows,0,1345,1186.25,18,0,0,0,0,0,0,13,5,0
32.6008,1,2094080,windows,0,1345,1186.25,18,0,0,0,0,0,0,13,5,0
32.8003,0,2222080,windows,0,1345,1186.25,18,0,0,0,0,0,0,13,5,0
32.8545,1,2113536,windows,0,1345,1186.25,18,0,0,0,0,0,0,13,5,0
33.0555,0,2242560,windows,0,1345,1186.25,18,0,0,0,0,0,0,13,5,0
33.1074,1,2131968,windows,0,1345,1186.25,18,0,0,0,0,0,0,13,5,0
33.3055,0,2259968,windows,0,1345,1186.25,18,0,0,0,0,0,0,13,5,0
33.3623,1,2150400,windows,0,1345,1186.25,18,0,0,0,0,0,0,13,5,0
33.5719,0,2277376,windows,0,1345,1186.25,18,0,0,0,0,0,0,13,5,0
33.6253,1,2168832,windows,0,1345,1186.25,18,0,0,0,0,0,0,13,5,0
33.8276,0,2291712,windows,0,1345,1186.25,18,0,0,0,0,0,0,13,5,0
33.8903,1,2185216,windows,0,1345,1186.25,18,0,0,0,0,0,0,13,5,0
34.0809,0,2307072,windows,0,1345,1186.25,18,0,0,0,0,0,0,13,5,0
34.1458,1,2200576,windows,0,1345,1186.25,18,0,0,0,0,0,0,13,5,0
34.3443,0,2323456,windows,0,1345,1186.25,18,0,0,0,0,0,0,13,5,0
34.4049,1,2215936,windows,0,1345,1186.25,18,0,0,0,0,0,0,13,5,0
34.6112,0,2339840,windows,0,1345,1186.25,18,0,0,0,0,0,0,13,5,0
34.6618,1,2232320,windows,0,1345,1186.25,18,0,0,0,0,0,0,13,5,0
34.8779,0,2356224,windows,0,1345,1186.25,18,0,0,0,0,0,0,13,5,0
34.9207,1,2248704,windows,0,1345,1186.25,18,0,0,0,0,0,0,13,5,0
35.1423,0,2372608,windows,0,1345,1186.25,18,0,0,0,0,0,0,13,5,0
35.1849,1,2265088,windows,0,1345,1186.25,18,0,0,0,0,0,0,13,5,0
35.3992,0,2387968,windows,0,1345,1186.25,18,0,0,0,0,0,0,13,5,0
35.4399,1,2280448,windows,0,1345,1186.25,18,0,0,0,0,0,0,13,5,0
35.6499,0,2402304,windows,0,1345,1186.25,18,0,0,0,0,0,0,13,5,0
35.7033,1,2296832,windows,0,1345,1186.25,18,0,0,0,0,0,0,13,5,0
35.9055,0,2416640,windows,0,1345,1186.25,18,0,0,0,0,0,0,13,5,0
35.9661,1,2312192,windows,0,1345,1186.25,18,0,0,0,0,0,0,13,5,0
36.1617,0,2432000,windows,0,1345,1186.25,18,0,0,0,0,0,0,13,5,0
36.2341,1,2326528,windows,0,1345,1186.25,18,0,0,0,0,0,0,13,5,0
36.4216,0,2447360,windows,0,1345,1186.25,18,0,0,0,0,0,0,13,5,0
36.4853,1,2341888,windows,0,1345,1186.25,18,0,0,0,0,0,0,13,5,0
36.68,0,2461696,windows,0,1345,1186.25,18,0,0,0,0,0,0,13,5,0
36.7423,1,2358272,windows,0,1345,1186.25,18,0,0,0,0,0,0,13,5,0
36.9452,0,2477056,windows,0,1345,1186.25,18,0,0,0,0,0,0,13,5,0
37.0007,1,2374656,windows,0,1345,1186.25,18,0,0,0,0,0,0,13,5,0
37.1998,0,2492416,windows,0,1345,1186.25,18,0,0,0,0,0,0,13,5,0
37.265,1,2390016,windows,0,1345,1186.25,18,0,0,0,0,0,0,13,5,0
37.4662,0,2507776,windows,0,1345,1186.25,18,0,0,0,0,0,0,13,5,0
37.5161,1,2405376,windows,0,1345,1186.25,18,0,0,0,0,0,0,13,5,0
37.7248,0,2524160,windows,0,1345,1186.25,18,0,0,0,0,0,0,13,5,0
37.775,1,2421760,windows,0,1345,1186.25,18,0,0,0,0,0,0,13,5,0
37.9782,0,2539520,windows,0,1345,1186.25,18,0,0,0,0,0,0,13,5,0
38.0331,1,2439168,windows,0,1345,1186.25,18,0,0,0,0,0,0,13,5,0
38.2424,0,2556928,windows,0,1345,1186.25,18,0,0,0,0,0,0,13,5,0
38.2957,1,2455552,windows,0,1345,1186.25,18,0,0,0,0,0,0,13,5,0
38.499,0,2573312,windows,0,1345,1186.25,18,0,0,0,0,0,0,13,5,0
38.5598,1,2471936,windows,0,1345,1186.25,18,0,0,0,0,0,0,13,5,0
38.7532,0,2591744,windows,0,1345,1186.25,18,0,0,0,0,0,0,13,5,0
38.8226,1,2489344,windows,0,1345,1186.25,18,0,0,0,0,0,0,13,5,0
39.0081,0,2609152,windows,0,1105,956.25,16,0,0,0,0,0,0,11,5,0
39.0774,1,2504704,windows,0,1345,1186.25,18,0,0,0,0,0,0,13,5,0
39.2632,0,2627584,windows,0,1105,956.25,16,0,0,0,0,0,0,11,5,0
39.3365,1,2521088,windows,0,1345,1186.25,18,0,0,0,0,0,0,13,5,0
39.5253,0,2644992,windows,0,1105,956.25,16,0,0,0,0,0,0,11,5,0
39.5979,1,2537472,windows,0,1345,1186.25,18,0,0,0,0,0,0,13,5,0
39.7792,0,2662400,repair,0,1105,956.25,16,0,0,0,0,0,0,11,5,0
39.8554,1,2551808,windows,0,1345,1186.25,18,0,0,0,0,0,0,13,5,0
40.0359,0,2679808,repair,0,1105,956.25,16,0,0,0,0,0,0,11,5,0
40.1055,1,2566144,windows,0,1345,1186.25,18,0,0,0,0,0,0,13,5,0
40.2982,0,2698240,windows,0,1105,956.25,16,0,0,0,0,0,0,11,5,0
40.367,1,2581504,windows,0,1345,1186.25,18,0,0,0,0,0,0,13,5,0
40.5628,0,2715648,windows,0,1105,956.25,16,0,0,0,0,0,0,11,5,0
40.6239,1,2596864,windows,0,1345,1186.25,18,0,0,0,0,0,0,13,5,0
40.8179,0,2732032,windows,0,1105,956.25,16,0,0,0,0,0,0,11,5,0
40.8747,1,2612224,windows,0,1105,956.25,16,0,0,0,0,0,0,11,5,0
41.0713,0,2748416,windows,0,1105,956.25,16,0,0,0,0,0,0,11,5,0
41.1292,1,2630656,windows,0,1105,956.25,16,0,0,0,0,0,0,11,5,0
41.3282,0,2764800,windows,0,1105,956.25,16,0,0,0,0,0,0,11,5,0
41.3932,1,2649088,windows,0,1105,956.25,16,0,0,0,0,0,0,11,5,0
41.5846,0,2783232,windows,0,1105,956.25,16,0,0,0,0,0,0,11,5,0
41.6451,1,2667520,windows,0,1105,956.25,16,0,0,0,0,0,0,11,5,0
41.8478,0,2801664,windows,0,1105,956.25,16,0,0,0,0,0,0,11,5,0
41.8952,1,2683904,windows,0,1105,956.25,16,0,0,0,0,0,0,11,5,0
42.1118,0,2818048,windows,0,1105,956.25,16,0,0,0,0,0,0,11,5,0
42.1557,1,2701312,windows,0,1105,956.25,16,0,0,0,0,0,0,11,5,0
42.3699,0,2836480,windows,0,1105,956.25,16,0,0,0,0,0,0,11,5,0
42.4159,1,2719744,windows,0,1105,956.25,16,0,0,0,0,0,0,11,5,0
42.6242,0,2854912,windows,0,1105,956.25,16,0,0,0,0,0,0,11,5,0
42.6743,1,2739200,windows,0,1105,956.25,16,0,0,0,0,0,0,11,5,0
42.8797,0,2874368,windows,0,1105,956.25,16,0,0,0,0,0,0,11,5,0
42.9251,1,2759680,windows,0,1105,956.25,16,0,0,0,0,0,0,11,5,0
43.136,0,2894848,windows,0,1105,956.25,16,0,0,0,0,0,0,11,5,0
43.1853,1,2781184,windows,0,1105,956.25,16,0,0,0,0,0,0,11,5,0
43.3969,0,2915328,windows,0,1105,956.25,16,0,0,0,0,0,0,11,5,0
43.4355,1,2801664,windows,0,1105,956.25,16,0,0,0,0,0,0,11,5,0
43.6513,0,2934784,windows,0,1105,956.25,16,0,0,0,0,0,0,11,5,0
43.687,1,2822144,windows,0,1105,956.25,16,0,0,0,0,0,0,11,5,0
43.9059,0,2954240,windows,0,1105,956.25,16,0,0,0,0,0,0,11,5,0
43.9404,1,2840576,repair,0,1105,956.25,16,0,0,0,0,0,0,11,5,0
44.1672,0,2973696,windows,0,1105,956.25,16,0,0,0,0,0,0,11,5,0
44.1916,1,2859008,repair,0,1105,956.25,16,0,0,0,0,0,0,11,5,0
44.4199,0,2992128,windows,0,1105,956.25,16,0,0,0,0,0,0,11,5,0
44.4472,1,2877440,repair,0,1105,956.25,16,0,0,0,0,0,0,11,5,0
44.67,0,3009536,windows,0,1105,956.25,16,0,0,0,0,0,0,11,5,0
44.708,1,2894848,windows,0,1105,956.25,16,0,0,0,0,0,0,11,5,0
44.9319,0,3028992,windows,0,1105,956.25,16,0,0,0,0,0,0,11,5,0
44.9662,1,2909184,windows,0,1105,956.25,16,0,0,0,0,0,0,11,5,0
45.1832,0,3046400,windows,0,1105,956.25,16,0,0,0,0,0,0,11,5,0
45.2255,1,2923520,windows,0,1105,956.25,16,0,0,0,0,0,0,11,5,0
45.4402,0,3064832,windows,0,1105,956.25,16,0,0,0,0,0,0,11,5,0
45.4774,1,2937856,windows,0,1105,956.25,16,0,0,0,0,0,0,11,5,0
45.6957,0,3081216,windows,0,1105,956.25,16,0,0,0,0,0,0,11,5,0
45.7406,1,2952192,windows,0,1105,956.25,16,0,0,0,0,0,0,11,5,0
45.9465,0,3097600,windows,0,1105,956.25,16,0,0,0,0,0,0,11,5,0
46.0075,1,2966528,windows,0,1105,956.25,16,0,0,0,0,0,0,11,5,0
46.2035,0,3115008,windows,0,1105,956.25,16,0,0,0,0,0,0,11,5,0
46.2761,1,2980864,windows,0,1105,956.25,16,0,0,0,0,0,0,11,5,0
46.4663,0,3129344,windows,0,1105,956.25,16,0,0,0,0,0,0,11,5,0
46.5291,1,2994176,windows,0,1105,956.25,16,0,0,0,0,0,0,11,5,0
46.7173,0,3144704,windows,0,1105,956.25,16,0,0,0,0,0,0,11,5,0
46.7875,1,3007488,windows,0,1105,956.25,16,0,0,0,0,0,0,11,5,0
46.9725,0,3161088,windows,0,1105,956.25,16,0,0,0,0,0,0,11,5,0
47.056,1,3021824,windows,0,1105,956.25,16,0,0,0,0,0,0,11,5,0
47.2363,0,3177472,windows,0,1105,956.25,16,0,0,0,0,0,0,11,5,0
47.3196,1,3037184,windows,0,1105,956.25,16,0,0,0,0,0,0,11,5,0
47.4962,0,3193856,repair,0,1105,956.25,16,0,0,0,0,0,0,11,5,0
47.5711,1,3051520,windows,0,1105,956.25,16,0,0,0,0,0,0,11,5,0
47.749,0,3210240,repair,0,1105,956.25,16,0,0,0,0,0,0,11,5,0
47.8213,1,3065856,windows,0,1105,956.25,16,0,0,0,0,0,0,11,5,0
48.0059,0,3224576,windows,0,1105,956.25,16,0,0,0,0,0,0,11,5,0
48.0721,1,3079168,windows,0,1105,956.25,16,0,0,0,0,0,0,11,5,0
48.2641,0,3240960,windows,0,1105,956.25,16,0,0,0,0,0,0,11,5,0
48.3368,1,3094528,windows,0,1105,956.25,16,0,0,0,0,0,0,11,5,0
48.5199,0,3257344,windows,0,1105,956.25,16,0,0,0,0,0,0,11,5,0
48.5902,1,3108864,repair,0,1105,956.25,16,0,0,0,0,0,0,11,5,0
48.7758,0,3273728,windows,0,1105,956.25,16,0,0,0,0,0,0,11,5,0
48.8625,1,3125248,repair,0,1105,956.25,16,0,0,0,0,0,0,11,5,0
49.0332,0,3290112,windows,0,1105,956.25,16,0,0,0,0,0,0,11,5,0
49.1174,1,3140608,windows,0,1105,956.25,16,0,0,0,0,0,0,11,5,0
49.2926,0,3306496,windows,0,1105,956.25,16,0,0,0,0,0,0,11,5,0
49.3805,1,3155968,windows,0,1105,956.25,16,0,0,0,0,0,0,11,5,0
49.5489,0,3322880,windows,0,1105,956.25,16,0,0,0,0,0,0,11,5,0
49.6372,1,3173376,windows,0,1105,956.25,16,0,0,0,0,0,0,11,5,0
49.8004,0,3339264,windows,0,1105,956.25,16,0,0,0,0,0,0,11,5,0
49.9017,1,3190784,windows,0,1105,956.25,16,0,0,0,0,0,0,11,5,0
50.0532,0,3355648,windows,0,1105,956.25,16,0,0,0,0,0,0,11,5,0
50.1642,1,3208192,windows,0,1105,956.25,16,0,0,0,0,0,0,11,5,0
50.3124,0,3372032,windows,0,1105,956.25,16,0,0,0,0,0,0,11,5,0
50.4231,1,3225600,windows,0,1105,956.25,16,0,0,0,0,0,0,11,5,0
50.5757,0,3389440,windows,0,1105,956.25,16,0,0,0,0,0,0,11,5,0
50.6787,1,3243008,windows,0,1105,956.25,16,0,0,0,0,0,0,11,5,0
50.8362,0,3407872,windows,0,1105,956.25,16,0,0,0,0,0,0,11,5,0
50.9393,1,3261440,windows,0,1105,956.25,16,0,0,0,0,0,0,11,5,0
51.0985,0,3426304,windows,0,1105,956.25,16,0,0,0,0,0,0,11,5,0
51.2029,1,3279872,windows,0,1105,956.25,16,0,0,0,0,0,0,11,5,0
51.353,0,3442688,windows,0,1105,956.25,16,0,0,0,0,0,0,11,5,0
51.4688,1,3297280,windows,0,1105,956.25,16,0,0,0,0,0,0,11,5,0
51.615,0,3460096,windows,0,1105,956.25,16,0,0,0,0,0,0,11,5,0
51.7275,1,3313664,windows,0,1105,956.25,16,0,0,0,0,0,0,11,5,0
51.8773,0,3478528,windows,0,1105,956.25,16,0,0,0,0,0,0,11,5,0
51.9847,1,3330048,windows,0,1105,956.25,16,0,0,0,0,0,0,11,5,0
52.1369,0,3496960,windows,0,1105,956.25,16,0,0,0,0,0,0,11,5,0
52.249,1,3347456,windows,0,1105,956.25,16,0,0,0,0,0,0,11,5,0
52.3916,0,3514368,windows,0,1105,956.25,16,0,0,0,0,0,0,11,5,0
52.509,1,3363840,windows,0,1105,956.25,16,0,0,0,0,0,0,11,5,0
52.6485,0,3533824,windows,0,1105,956.25,16,0,0,0,0,0,0,11,5,0
52.7594,1,3381248,windows,0,1105,956.25,16,0,0,0,0,0,0,11,5,0
52.8986,0,3551232,windows,0,1105,956.25,16,0,0,0,0,0,0,11,5,0
53.0183,1,3397632,repair,0,1105,956.25,16,0,0,0,0,0,0,11,5,0
53.1557,0,3568640,windows,0,1105,956.25,16,0,0,0,0,0,0,11,5,0
53.2772,1,3414016,repair,0,1105,956.25,16,0,0,0,0,0,0,11,5,0
53.4186,0,3585024,windows,0,1105,956.25,16,0,0,0,0,0,0,11,5,0
53.5345,1,3431424,windows,0,1105,956.25,16,0,0,0,0,0,0,11,5,0
53.6752,0,3603456,windows,0,1105,956.25,16,0,0,0,0,0,0,11,5,0
53.7853,1,3449856,windows,0,1105,956.25,16,0,0,0,0,0,0,11,5,0
53.9257,0,3622912,windows,0,1105,956.25,16,0,0,0,0,0,0,11,5,0
54.0377,1,3467264,windows,0,1105,956.25,16,0,0,0,0,0,0,11,5,0
54.1828,0,3642368,windows,0,1105,956.25,16,0,0,0,0,0,0,11,5,0
54.2884,1,3484672,windows,0,1105,956.25,16,0,0,0,0,0,0,11,5,0
54.4416,0,3660800,windows,0,1105,956.25,16,0,0,0,0,0,0,11,5,0
54.546,1,3502080,windows,0,1105,956.25,16,0,0,0,0,0,0,11,5,0
54.7012,0,3679232,windows,0,1105,956.25,16,0,0,0,0,0,0,11,5,0
54.7967,1,3519488,windows,0,1105,956.25,16,0,0,0,0,0,0,11,5,0
54.9555,0,3697664,windows,0,1105,956.25,16,0,0,0,0,0,0,11,5,0
55.0593,1,3536896,windows,0,1105,956.25,16,0,0,0,0,0,0,11,5,0
55.2072,0,3715072,windows,0,1105,956.25,16,0,0,0,0,0,0,11,5,0
55.3411,1,3555328,windows,0,1105,956.25,16,0,0,0,0,0,0,11,5,0
55.4639,0,3730432,windows,0,1105,956.25,16,0,0,0,0,0,0,11,5,0
55.6062,1,3572736,windows,0,1105,956.25,16,0,0,0,0,0,0,11,5,0
55.7142,0,3746816,windows,0,1105,956.25,16,0,0,0,0,0,0,11,5,0
55.8602,1,3588096,windows,0,1105,956.25,16,0,0,0,0,0,0,11,5,0
55.9661,0,3761152,windows,0,1105,956.25,16,0,0,0,0,0,0,11,5,0
56.1144,1,3603456,windows,0,1105,956.25,16,0,0,0,0,0,0,11,5,0
56.2199,0,3776512,windows,0,1105,956.25,16,0,0,0,0,0,0,11,5,0
56.3764,1,3620864,repair,0,1105,956.25,16,0,0,0,0,0,0,11,5,0
56.4754,0,3792896,windows,0,1105,956.25,16,0,0,0,0,0,0,11,5,0
56.6293,1,3638272,windows,0,1105,956.25,16,0,0,0,0,0,0,11,5,0
56.7303,0,3809280,windows,0,1105,956.25,16,0,0,0,0,0,0,11,5,0
56.881,1,3656704,windows,0,1105,956.25,16,0,0,0,0,0,0,11,5,0
56.9808,0,3825664,windows,0,1105,956.25,16,0,0,0,0,0,0,11,5,0
57.1345,1,3670016,windows,0,1105,956.25,16,0,0,0,0,0,0,11,5,0
57.2357,0,3836928,windows,0,1105,956.25,16,0,0,0,0,0,0,11,5,0
57.4129,1,3679232,windows,0,1105,956.25,16,0,0,0,0,0,0,11,5,0
57.49,0,3848192,windows,0,1105,956.25,16,0,0,0,0,0,0,11,5,0
57.67,1,3693568,windows,0,1105,956.25,16,0,0,0,0,0,0,11,5,0
57.7407,0,3865600,windows,0,1105,956.25,16,0,0,0,0,0,0,11,5,0
57.9291,1,3710976,windows,0,1105,956.25,16,0,0,0,0,0,0,11,5,0
58.0004,0,3885056,windows,0,1105,956.25,16,0,0,0,0,0,0,11,5,0
58.19,1,3727360,windows,0,1105,956.25,16,0,0,0,0,0,0,11,5,0
58.255,0,3902464,windows,0,1105,956.25,16,0,0,0,0,0,0,11,5,0
58.4449,1,3743744,windows,0,1105,956.25,16,0,0,0,0,0,0,11,5,0
58.5072,0,3916800,repair,960,1.73947e+08,1.73947e+08,5563,47,153,142,415,203,0,3113,2236,214
58.7042,1,3762176,windows,0,1105,956.25,16,0,0,0,0,0,0,11,5,0
58.7639,0,3939328,repair,673,2.9862e+08,2.98536e+08,7531,52,152,105,237,127,0,4175,3163,193
58.9598,1,3779584,windows,0,1105,956.25,16,0,0,0,0,0,0,11,5,0
59.0256,0,3960832,repair,545,2.60594e+08,2.60588e+08,7237,44,98,78,214,111,0,4196,2868,173
59.2295,1,3796992,windows,0,1105,956.25,16,0,0,0,0,0,0,11,5,0
59.2775,0,3979264,repair,430,2.57639e+08,2.57639e+08,7160,32,85,73,165,75,0,4084,2908,168
59.4809,1,3809280,windows,0,1105,956.25,16,0,0,0,0,0,0,11,5,0
59.5369,0,3996672,repair,373,2.05491e+08,2.05487e+08,6422,24,66,67,146,70,0,3753,2564,105
59.7444,1,3825664,windows,0,1105,956.25,16,0,0,0,0,0,0,11,5,0
59.7944,0,4015104,repair,296,1.97893e+08,1.97838e+08,6314,14,55,44,127,56,0,3650,2535,129
59.9966,1,3842048,windows,0,1105,956.25,16,0,0,0,0,0,0,11,5,0
60.0525,0,4034560,repair,232,1.83801e+08,1.83735e+08,6169,12,35,36,98,51,0,3647,2403,119
60.2485,1,3858432,windows,0,1105,956.25,16,0,0,0,0,0,0,11,5,0
60.3083,0,4054016,repair,176,1.57802e+08,1.57741e+08,5735,8,40,32,58,38,0,3427,2215,93
60.4999,1,3875840,windows,0,1105,956.25,16,0,0,0,0,0,0,11,5,0
60.5705,0,4075520,repair,114,1.65444e+08,1.65441e+08,5879,6,16,19,51,22,0,3518,2269,92
60.755,1,3894272,windows,0,1105,956.25,16,0,0,0,0,0,0,11,5,0
60.8236,0,4096000,repair,85,1.43637e+08,1.43621e+08,5512,5,18,7,37,18,0,3321,2098,93
61.0095,1,3911680,windows,0,1105,956.25,16,0,0,0,0,0,0,11,5,0
61.079,0,4115456,repair,52,1.20415e+08,1.20376e+08,5144,0,4,10,19,19,0,3213,1851,80
61.2674,1,3929088,windows,0,1105,956.25,16,0,0,0,0,0,0,11,5,0
61.3337,0,4132864,repair,34,1.09108e+08,1.09106e+08,4998,0,5,3,15,11,0,3236,1681,81
61.5283,1,3946496,windows,0,1105,956.25,16,0,0,0,0,0,0,11,5,0
61.5837,0,4150272,repair,16,1.02509e+08,1.02509e+08,4792,0,3,2,10,1,0,3040,1675,77
61.7831,1,3963904,windows,0,1105,956.25,16,0,0,0,0,0,0,11,5,0
61.8477,0,4168704,repair,9,8.93299e+07,8.93149e+07,4551,0,1,2,5,1,0,2995,1489,67
62.0347,1,3981312,windows,0,1105,956.25,16,0,0,0,0,0,0,11,5,0
62.0997,0,4186112,repair,1,7.5773e+07,7.5773e+07,4199,0,1,0,0,0,0,2773,1364,62
62.2908,1,3998720,windows,0,1105,956.25,16,0,0,0,0,0,0,11,5,0
62.3655,0,4203520,windows,0,5.96995e+07,5.96995e+07,3750,0,0,0,0,0,0,2505,1188,57
62.5444,1,4016128,windows,0,1105,956.25,16,0,0,0,0,0,0,11,5,0
62.6169,0,4219904,windows,0,4.85227e+07,4.84885e+07,3365,0,0,0,0,0,0,2232,1085,48
62.7946,1,4034560,windows,0,1105,956.25,16,0,0,0,0,0,0,11,5,0
62.8717,0,4237312,windows,0,3.82601e+07,3.82589e+07,3006,0,0,0,0,0,0,2021,943,42
63.0573,1,4052992,windows,0,1105,956.25,16,0,0,0,0,0,0,11,5,0
63.1367,0,4254720,windows,0,3.00108e+07,3.00006e+07,2664,0,0,0,0,0,0,1786,837,41
63.3154,1,4072448,windows,0,1105,956.25,16,0,0,0,0,0,0,11,5,0
63.3955,0,4273152,windows,0,2.47787e+07,2.47778e+07,2454,0,0,0,0,0,0,1711,711,32
63.5669,1,4087808,repair,961,1.76972e+08,1.76926e+08,5614,77,166,146,362,210,0,3139,2290,185
63.6457,0,4290560,windows,0,2.06333e+07,2.06113e+07,2239,0,0,0,0,0,0,1545,658,36
63.8193,1,4110336,repair,694,2.64168e+08,2.64147e+08,7229,57,121,137,254,125,0,4167,2879,183
63.9081,0,4307968,windows,0,1.67355e+07,1.67355e+07,1988,0,0,0,0,0,0,1334,625,29
64.0744,1,4132864,repair,540,2.61541e+08,2.61521e+08,7096,32,96,84,201,127,0,3981,2954,161
64.1591,0,4325376,windows,0,1.35103e+07,1.34928e+07,1807,0,0,0,0,0,0,1257,529,21
64.3293,1,4154368,repair,422,2.33469e+08,2.33465e+08,6829,23,92,68,163,76,0,3946,2746,137
64.4175,0,4342784,windows,0,1.15109e+07,1.15012e+07,1676,0,0,0,0,0,0,1165,485,26
64.5812,1,4174848,repair,338,2.08904e+08,2.08833e+08,6483,11,63,65,134,65,0,3744,2603,136
64.6677,0,4359168,windows,0,9.72093e+06,9.7126e+06,1556,0,0,0,0,0,0,1116,417,23
64.8383,1,4196352,repair,254,2.03112e+08,2.03109e+08,6419,11,34,35,117,57,0,3729,2562,128
64.9294,0,4375552,windows,0,7.94808e+06,7.94262e+06,1391,0,0,0,0,0,0,963,406,22
65.0924,1,4215808,repair,192,1.79078e+08,1.79056e+08,6150,13,39,29,67,44,0,3685,2344,121
65.195,0,4391936,windows,0,6.50574e+06,6.50515e+06,1264,0,0,0,0,0,0,885,359,20
65.3449,1,4236288,repair,145,1.5896e+08,1.58957e+08,5773,6,20,20,71,28,0,3454,2218,101
65.4536,0,4409344,windows,0,5.44402e+06,5.44357e+06,1163,0,0,0,0,0,0,837,311,15
65.6059,1,4256768,repair,104,1.43086e+08,1.43083e+08,5620,2,14,20,46,22,0,3503,2014,103
65.7098,0,4425728,windows,0,4.64116e+06,4.64116e+06,1075,0,0,0,0,0,0,782,281,12
65.8574,1,4276224,repair,60,1.41119e+08,1.41079e+08,5558,4,10,11,24,11,0,3452,2015,91
65.9647,0,4442112,windows,0,3.7424e+06,3.73721e+06,961,0,0,0,0,0,0,691,260,10
66.1177,1,4296704,repair,36,1.21444e+08,1.21389e+08,5178,0,6,2,23,5,0,3243,1852,83
66.2304,0,4459520,windows,0,2.99605e+06,2.99573e+06,863,0,0,0,0,0,0,622,230,11
66.3775,1,4319232,repair,21,1.02324e+08,1.02324e+08,4761,1,3,2,10,5,0,2999,1691,71
66.493,0,4476928,windows,0,2.46208e+06,2.45472e+06,779,0,0,0,0,0,0,554,215,10
66.6295,1,4337664,repair,10,8.86638e+07,8.86614e+07,4476,1,1,0,6,2,0,2845,1549,82
66.7442,0,4492288,windows,0,2.08519e+06,2.08493e+06,722,0,0,0,0,0,0,526,187,9
66.8947,1,4355072,repair,1,7.70788e+07,7.70489e+07,4230,0,0,1,0,0,0,2769,1389,72
66.9966,0,4506624,windows,0,1.73478e+06,1.73478e+06,659,0,0,0,0,0,0,473,175,11
67.154,1,4372480,repair,1,7.70788e+07,7.70489e+07,4230,0,0,1,0,0,0,2769,1389,72
67.2646,0,4521984,windows,0,1.354e+06,1.35201e+06,572,0,0,0,0,0,0,397,168,7
67.4051,1,4389888,windows,0,5.12782e+07,5.12442e+07,3439,0,0,0,0,0,0,2258,1134,47
67.5179,0,4538368,windows,0,1.11029e+06,1.1082e+06,523,0,0,0,0,0,0,366,148,9
67.6556,1,4407296,windows,0,4.08287e+07,4.08274e+07,3087,0,0,0,0,0,0,2050,994,43
67.7729,0,4555776,windows,0,924020,922029,483,0,0,0,0,0,0,352,123,8
67.9113,1,4425728,windows,0,3.21399e+07,3.21307e+07,2754,0,0,0,0,0,0,1841,870,43
68.0335,0,4573184,windows,0,759305,757519,436,0,0,0,0,0,0,311,117,8
68.1832,1,4444160,windows,0,2.51453e+07,2.51453e+07,2429,0,0,0,0,0,0,1610,779,40
68.287,0,4588544,windows,0,567385,567385,378,0,0,0,0,0,0,275,97,6
68.4395,1,4459520,windows,0,2.06745e+07,2.06522e+07,2226,0,0,0,0,0,0,1509,680,37
68.5382,0,4603904,windows,0,452320,450545,337,0,0,0,0,0,0,242,89,6
68.6985,1,4475904,windows,0,1.73561e+07,1.73431e+07,2061,0,0,0,0,0,0,1431,595,35
68.8026,0,4621312,windows,0,376150,376008,306,0,0,0,0,0,0,218,83,5
68.9495,1,4492288,windows,0,1.46876e+07,1.468e+07,1895,0,0,0,0,0,0,1299,557,39
69.0533,0,4637696,windows,0,318350,317189,283,0,0,0,0,0,0,204,74,5
69.21,1,4509696,windows,0,1.21023e+07,1.20853e+07,1718,0,0,0,0,0,0,1177,507,34
69.3202,0,4655104,windows,0,225170,223026,235,0,0,0,0,0,0,166,66,3
69.4755,1,4527104,windows,0,9.50738e+06,9.49853e+06,1522,0,0,0,0,0,0,1055,443,24
69.5824,0,4671488,windows,0,168110,167371,205,0,0,0,0,0,0,148,54,3
69.7279,1,4543488,windows,0,8.05962e+06,8.05903e+06,1410,0,0,0,0,0,0,999,391,20
69.8375,0,4686848,windows,0,145045,145045,193,0,0,0,0,0,0,143,46,4
69.9865,1,4557824,windows,0,6.94123e+06,6.93675e+06,1295,0,0,0,0,0,0,896,382,17
70.1011,0,4701184,windows,0,133760,133760,186,0,0,0,0,0,0,140,42,4
70.2527,1,4572160,windows,0,6.08749e+06,6.08693e+06,1233,0,0,0,0,0,0,886,328,19
70.3669,0,4715520,windows,0,115810,115171,172,0,0,0,0,0,0,128,41,3
70.518,1,4586496,windows,0,4.78164e+06,4.77121e+06,1066,0,0,0,0,0,0,732,324,10
70.6229,0,4730880,windows,0,81315,80600,144,0,0,0,0,0,0,105,36,3
70.772,1,4602880,windows,0,3.91776e+06,3.91401e+06,976,0,0,0,0,0,0,685,280,11
70.8814,0,4748288,windows,0,65480,64918.8,129,0,0,0,0,0,0,90,35,4
71.0253,1,4620288,windows,0,3.28692e+06,3.28196e+06,898,0,0,0,0,0,0,641,248,9
71.1363,0,4764672,windows,0,60580,59905,124,0,0,0,0,0,0,86,34,4
71.2864,1,4636672,windows,0,2.7405e+06,2.73596e+06,828,0,0,0,0,0,0,605,213,10
71.3944,0,4781056,windows,0,52220,52220,115,0,0,0,0,0,0,84,29,2
71.5427,1,4652032,windows,0,2.15846e+06,2.15153e+06,729,0,0,0,0,0,0,516,203,10
71.6488,0,4797440,windows,0,41495,41412.5,103,0,0,0,0,0,0,73,27,3
71.7957,1,4668416,windows,0,1.72768e+06,1.72518e+06,651,0,0,0,0,0,0,466,179,6
71.9092,0,4813824,windows,0,36910,36827.5,97,0,0,0,0,0,0,68,26,3
72.0568,1,4684800,windows,0,1.41485e+06,1.41139e+06,590,0,0,0,0,0,0,420,163,7
72.1739,0,4831232,windows,0,33420,33038.8,92,0,0,0,0,0,0,66,24,2
72.3106,1,4702208,windows,0,1.16058e+06,1.15724e+06,529,0,0,0,0,0,0,365,157,7
72.4256,0,4848640,windows,0,29945,29945,86,0,0,0,0,0,0,65,21,0
72.5689,1,4719616,windows,0,862130,857826,453,0,0,0,0,0,0,310,138,5
72.6773,0,4866048,windows,0,27765,27290,81,0,0,0,0,0,0,57,24,0
72.8289,1,4737024,windows,0,660315,659992,410,0,0,0,0,0,0,291,108,11
72.9298,0,4882432,windows,0,25390,25111.2,79,0,0,0,0,0,0,56,22,1
73.0852,1,4753408,windows,0,524160,520836,357,0,0,0,0,0,0,246,105,6
73.1831,0,4898816,windows,0,21855,21601.2,73,0,0,0,0,0,0,51,21,1
73.3453,1,4769792,windows,0,427075,425320,326,0,0,0,0,0,0,233,88,5
73.4478,0,4915200,windows,0,19255,19255,69,0,0,0,0,0,0,49,19,1
73.608,1,4787200,windows,0,315080,313545,279,0,0,0,0,0,0,198,77,4
73.7087,0,4933632,windows,0,17710,17710,65,0,0,0,0,0,0,44,20,1
73.8681,1,4803584,windows,0,235105,234992,244,0,0,0,0,0,0,179,61,4
73.9651,0,4950016,windows,0,14560,14507.5,59,0,0,0,0,0,0,38,19,2
74.1277,1,4819968,windows,0,195730,194635,224,0,0,0,0,0,0,164,55,5
74.2265,0,4967424,windows,0,12990,12811.2,55,0,0,0,0,0,0,36,18,1
74.3803,1,4836352,windows,0,161375,159564,205,0,0,0,0,0,0,155,45,5
74.4812,0,4984832,windows,0,11955,11955,52,0,0,0,0,0,0,33,18,1
74.6337,1,4853760,windows,0,128855,128855,183,0,0,0,0,0,0,135,43,5
74.7414,0,5003264,windows,0,11935,11935,53,0,0,0,0,0,0,35,17,1
74.8907,1,4871168,windows,0,89725,88930,151,0,0,0,0,0,0,107,40,4
75,0,5021696,windows,0,10615,10615,49,0,0,0,0,0,0,31,17,1
75.1529,1,4888576,windows,0,75195,75195,138,0,0,0,0,0,0,99,36,3
75.258,0,5040128,windows,0,10240,9925,48,0,0,0,0,0,0,32,16,0
75.4066,1,4905984,windows,0,62320,61881.2,126,0,0,0,0,0,0,88,34,4
75.5156,0,5057536,windows,0,9325,9010,45,0,0,0,0,0,0,29,16,0
75.6611,1,4923392,windows,0,57785,57785,120,0,0,0,0,0,0,81,35,4
75.7757,0,5075968,windows,0,9325,9010,45,0,0,0,0,0,0,29,16,0
75.9242,1,4941824,windows,0,42440,41905,105,0,0,0,0,0,0,74,27,4
76.0298,0,5093376,windows,0,8765,8450,43,0,0,0,0,0,0,27,16,0
76.182,1,4960256,windows,0,36100,35761.2,97,0,0,0,0,0,0,68,25,4
76.2799,0,5111808,windows,0,8420,8125,43,0,0,0,0,0,0,28,15,0
76.4362,1,4978688,windows,0,30980,30867.5,89,0,0,0,0,0,0,60,25,4
76.5395,0,5130240,windows,0,8145,7850,42,0,0,0,0,0,0,27,15,0
76.6981,1,4998144,windows,0,30035,30035,86,0,0,0,0,0,0,57,26,3
76.8021,0,5149696,windows,0,8145,7850,42,0,0,0,0,0,0,27,15,0
76.949,1,5015552,windows,0,21125,21125,73,0,0,0,0,0,0,51,20,2
77.0528,0,5167104,windows,0,7880,7585,41,0,0,0,0,0,0,26,15,0
77.2077,1,5032960,windows,0,19640,19401.2,70,0,0,0,0,0,0,48,20,2
77.3061,0,5184512,windows,0,7880,7585,41,0,0,0,0,0,0,26,15,0
77.459,1,5050368,windows,0,18120,18120,68,0,0,0,0,0,0,48,18,2
77.5643,0,5202944,windows,0,7880,7585,41,0,0,0,0,0,0,26,15,0
77.7181,1,5068800,windows,0,17645,17411.2,67,0,0,0,0,0,0,47,18,2
77.8174,0,5221376,windows,0,7625,7330,40,0,0,0,0,0,0,25,15,0
77.9724,1,5086208,windows,0,14720,14511.2,61,0,0,0,0,0,0,42,17,2
78.0695,0,5239808,windows,0,7625,7330,40,0,0,0,0,0,0,25,15,0
78.233,1,5104640,windows,0,14600,14401.2,60,0,0,0,0,0,0,40,18,2
78.32,0,5258240,windows,0,7145,6850,38,0,0,0,0,0,0,23,15,0
78.4955,1,5124096,windows,0,14305,13766.2,60,0,0,0,0,0,0,41,17,2
78.5746,0,5277696,windows,0,7145,6850,38,0,0,0,0,0,0,23,15,0
78.7564,1,5142528,windows,0,13505,12976.2,58,0,0,0,0,0,0,39,17,2
78.8319,0,5296128,windows,0,6920,6625,37,0,0,0,0,0,0,22,15,0
79.02,1,5160960,windows,0,10685,10685,51,0,0,0,0,0,0,33,16,2
79.0954,0,5313536,windows,0,6920,6625,37,0,0,0,0,0,0,22,15,0
79.2819,1,5179392,windows,0,10045,10045,49,0,0,0,0,0,0,31,16,2
79.357,0,5330944,windows,0,6920,6625,37,0,0,0,0,0,0,22,15,0
79.5371,1,5196800,windows,0,9445,8986.25,47,0,0,0,0,0,0,29,16,2
79.6147,0,5348352,windows,0,6830,6555,39,0,0,0,0,0,0,24,14,1
79.7968,1,5216256,windows,0,9445,8986.25,47,0,0,0,0,0,0,29,16,2
79.8684,0,5363712,windows,0,6595,6320,38,0,0,0,0,0,0,23,14,1
80.0478,1,5234688,windows,0,9160,8706.25,46,0,0,0,0,0,0,28,16,2
80.1286,0,5380096,windows,0,6370,6095,37,0,0,0,0,0,0,22,14,1
80.3074,1,5254144,windows,0,9160,8706.25,46,0,0,0,0,0,0,28,16,2
80.3891,0,5395456,windows,0,6055,5800,37,0,0,0,0,0,0,23,13,1
80.558,1,5272576,windows,0,8885,8436.25,45,0,0,0,0,0,0,27,16,2
80.6494,0,5411840,windows,0,6055,5800,37,0,0,0,0,0,0,23,13,1
80.8149,1,5292032,windows,0,8175,7746.25,43,0,0,0,0,0,0,27,15,1
80.9012,0,5430272,windows,0,5615,5360,35,0,0,0,0,0,0,21,13,1
81.0657,1,5310464,windows,0,7745,7692.5,42,0,0,0,0,0,0,25,15,2
81.1557,0,5448704,windows,0,5555,5320,36,0,0,0,0,0,0,23,12,1
81.328,1,5328896,windows,0,7655,7236.25,41,0,0,0,0,0,0,25,15,1
81.4143,0,5467136,windows,0,5330,5095,35,0,0,0,0,0,0,22,12,1
81.5786,1,5347328,windows,0,7175,6880,39,0,0,0,0,0,0,23,15,1
81.6699,0,5485568,windows,0,5330,5095,35,0,0,0,0,0,0,22,12,1
81.8321,1,5366784,windows,0,7175,6880,39,0,0,0,0,0,0,23,15,1
81.9214,0,5505024,windows,0,4910,4675,33,0,0,0,0,0,0,20,12,1
82.0922,1,5386240,windows,0,6950,6655,38,0,0,0,0,0,0,22,15,1
82.1827,0,5524480,windows,0,4910,4675,33,0,0,0,0,0,0,20,12,1
82.3515,1,5405696,windows,0,6950,6655,38,0,0,0,0,0,0,22,15,1
82.4473,0,5542912,windows,0,4910,4675,33,0,0,0,0,0,0,20,12,1
82.6086,1,5425152,windows,0,6950,6655,38,0,0,0,0,0,0,22,15,1
82.701,0,5559296,windows,0,4910,4675,33,0,0,0,0,0,0,20,12,1
82.8662,1,5445632,windows,0,6735,6440,37,0,0,0,0,0,0,21,15,1
82.9636,0,5576704,windows,0,4910,4675,33,0,0,0,0,0,0,20,12,1
83.1219,1,5465088,windows,0,6340,5956.25,36,0,0,0,0,0,0,22,14,0
83.2238,0,5593088,windows,0,1105,956.25,16,0,0,0,0,0,0,11,5,0
83.3729,1,5484544,windows,0,6340,5956.25,36,0,0,0,0,0,0,22,14,0
83.4754,0,5609472,windows,0,1105,956.25,16,0,0,0,0,0,0,11,5,0
83.6313,1,5502976,windows,0,6125,5746.25,35,0,0,0,0,0,0,21,14,0
83.7292,0,5625856,windows,0,1105,956.25,16,0,0,0,0,0,0,11,5,0
83.8917,1,5522432,windows,0,5920,5645,34,0,0,0,0,0,0,20,14,0
83.9902,0,5644288,windows,0,1105,956.25,16,0,0,0,0,0,0,11,5,0
84.1439,1,5541888,windows,0,5920,5645,34,0,0,0,0,0,0,20,14,0
84.2463,0,5659648,windows,0,1105,956.25,16,0,0,0,0,0,0,11,5,0
84.4038,1,5562368,windows,0,5920,5645,34,0,0,0,0,0,0,20,14,0
84.5057,0,5677056,windows,0,1105,956.25,16,0,0,0,0,0,0,11,5,0
84.6593,1,5581824,windows,0,5920,5645,34,0,0,0,0,0,0,20,14,0
84.7597,0,5693440,windows,0,1105,956.25,16,0,0,0,0,0,0,11,5,0
84.919,1,5596160,windows,0,5920,5645,34,0,0,0,0,0,0,20,14,0
85.011,0,5709824,windows,0,1105,956.25,16,0,0,0,0,0,0,11,5,0
85.1743,1,5615616,windows,0,5920,5645,34,0,0,0,0,0,0,20,14,0
85.2699,0,5726208,windows,0,1105,956.25,16,0,0,0,0,0,0,11,5,0
85.4355,1,5636096,windows,0,5920,5645,34,0,0,0,0,0,0,20,14,0
85.53,0,5742592,windows,0,1105,956.25,16,0,0,0,0,0,0,11,5,0
85.6897,1,5655552,windows,0,5920,5645,34,0,0,0,0,0,0,20,14,0
85.7846,0,5760000,windows,0,1105,956.25,16,0,0,0,0,0,0,11,5,0
85.9523,1,5675008,windows,0,5920,5645,34,0,0,0,0,0,0,20,14,0
86.0385,0,5776384,windows,0,1105,956.25,16,0,0,0,0,0,0,11,5,0
86.2113,1,5694464,windows,0,5920,5645,34,0,0,0,0,0,0,20,14,0
86.2961,0,5792768,repair,0,1105,956.25,16,0,0,0,0,0,0,11,5,0
86.4722,1,5713920,windows,0,5920,5645,34,0,0,0,0,0,0,20,14,0
86.556,0,5811200,repair,0,1105,956.25,16,0,0,0,0,0,0,11,5,0
86.7309,1,5733376,windows,0,1105,956.25,16,0,0,0,0,0,0,11,5,0
86.8097,0,5828608,windows,0,1105,956.25,16,0,0,0,0,0,0,11,5,0
86.9891,1,5752832,windows,0,1105,956.25,16,0,0,0,0,0,0,11,5,0
87.0666,0,5844992,windows,0,1105,956.25,16,0,0,0,0,0,0,11,5,0
87.2406,1,5771264,windows,0,1105,956.25,16,0,0,0,0,0,0,11,5,0
87.3303,0,5861376,windows,0,1105,956.25,16,0,0,0,0,0,0,11,5,0
87.498,1,5789696,windows,0,1000,905,15,0,0,0,0,0,0,10,5,0
87.5922,0,5876736,windows,0,1105,956.25,16,0,0,0,0,0,0,11,5,0
87.7573,1,5810176,windows,0,1000,905,15,0,0,0,0,0,0,10,5,0
87.847,0,5892096,windows,0,1105,956.25,16,0,0,0,0,0,0,11,5,0
88.0207,1,5829632,windows,0,1000,905,15,0,0,0,0,0,0,10,5,0
88.1055,0,5907456,windows,0,1105,956.25,16,0,0,0,0,0,0,11,5,0
88.2714,1,5848064,windows,0,1000,905,15,0,0,0,0,0,0,10,5,0
88.3721,0,5923840,windows,0,1105,956.25,16,0,0,0,0,0,0,11,5,0
88.5278,1,5865472,windows,0,1000,905,15,0,0,0,0,0,0,10,5,0
88.6234,0,5939200,windows,0,1105,956.25,16,0,0,0,0,0,0,11,5,0
88.7879,1,5885952,windows,0,1000,905,15,0,0,0,0,0,0,10,5,0
88.8824,0,5954560,windows,0,1105,956.25,16,0,0,0,0,0,0,11,5,0
89.0394,1,5904384,windows,0,1000,905,15,0,0,0,0,0,0,10,5,0
89.1498,0,5970944,windows,0,1105,956.25,16,0,0,0,0,0,0,11,5,0
89.2991,1,5922816,windows,0,1000,905,15,0,0,0,0,0,0,10,5,0
89.4058,0,5987328,windows,0,1000,905,15,0,0,0,0,0,0,10,5,0
89.55,1,5941248,repair,0,1000,905,15,0,0,0,0,0,0,10,5,0
89.6666,0,6004736,windows,0,1000,905,15,0,0,0,0,0,0,10,5,0
89.811,1,5960704,windows,0,1000,905,15,0,0,0,0,0,0,10,5,0
89.9202,0,6021120,windows,0,1000,905,15,0,0,0,0,0,0,10,5,0
90.0668,1,5980160,windows,0,1000,905,15,0,0,0,0,0,0,10,5,0
90.1736,0,6037504,windows,0,1000,905,15,0,0,0,0,0,0,10,5,0
90.3318,1,5999616,windows,0,1000,905,15,0,0,0,0,0,0,10,5,0
90.4248,0,6051840,windows,0,1000,905,15,0,0,0,0,0,0,10,5,0
90.5903,1,6018048,windows,0,1000,905,15,0,0,0,0,0,0,10,5,0
90.6782,0,6068224,windows,0,1000,905,15,0,0,0,0,0,0,10,5,0
90.8523,1,6036480,windows,0,1000,905,15,0,0,0,0,0,0,10,5,0
90.9316,0,6084608,windows,0,1000,905,15,0,0,0,0,0,0,10,5,0
91.111,1,6054912,windows,0,1000,905,15,0,0,0,0,0,0,10,5,0
91.182,0,6100992,windows,0,1000,905,15,0,0,0,0,0,0,10,5,0
91.3698,1,6074368,windows,0,1000,905,15,0,0,0,0,0,0,10,5,0
91.4363,0,6115328,windows,0,1000,905,15,0,0,0,0,0,0,10,5,0
91.6248,1,6091776,windows,0,1000,905,15,0,0,0,0,0,0,10,5,0
91.6909,0,6131712,windows,0,1000,905,15,0,0,0,0,0,0,10,5,0
91.877,1,6109184,windows,0,1000,905,15,0,0,0,0,0,0,10,5,0
91.9483,0,6148096,windows,0,1000,905,15,0,0,0,0,0,0,10,5,0
92.1307,1,6126592,windows,0,1000,905,15,0,0,0,0,0,0,10,5,0
92.2071,0,6165504,windows,0,1000,905,15,0,0,0,0,0,0,10,5,0
92.3888,1,6142976,windows,0,1000,905,15,0,0,0,0,0,0,10,5,0
92.4661,0,6181888,windows,0,1000,905,15,0,0,0,0,0,0,10,5,0
92.6408,1,6161408,windows,0,1000,905,15,0,0,0,0,0,0,10,5,0
92.7284,0,6198272,windows,0,1000,905,15,0,0,0,0,0,0,10,5,0
92.9011,1,6180864,windows,0,1000,905,15,0,0,0,0,0,0,10,5,0
92.9945,0,6214656,windows,0,1000,905,15,0,0,0,0,0,0,10,5,0
93.1541,1,6198272,windows,0,1000,905,15,0,0,0,0,0,0,10,5,0
93.2617,0,6230016,windows,0,1000,905,15,0,0,0,0,0,0,10,5,0
93.4043,1,6215680,windows,0,1000,905,15,0,0,0,0,0,0,10,5,0
93.5154,0,6245376,windows,0,1000,905,15,0,0,0,0,0,0,10,5,0
93.6605,1,6235136,windows,0,1000,905,15,0,0,0,0,0,0,10,5,0
93.7825,0,6261760,windows,0,1000,905,15,0,0,0,0,0,0,10,5,0
93.921,1,6255616,windows,0,1000,905,15,0,0,0,0,0,0,10,5,0
94.0455,0,6277120,windows,0,1000,905,15,0,0,0,0,0,0,10,5,0
94.1806,1,6276096,repair,0,1000,905,15,0,0,0,0,0,0,10,5,0
94.307,0,6292480,windows,0,1000,905,15,0,0,0,0,0,0,10,5,0
94.4403,1,6295552,repair,0,1000,905,15,0,0,0,0,0,0,10,5,0
94.5606,0,6306816,windows,0,1000,905,15,0,0,0,0,0,0,10,5,0
94.6927,1,6316032,repair,0,1000,905,15,0,0,0,0,0,0,10,5,0
94.8119,0,6322176,windows,0,1000,905,15,0,0,0,0,0,0,10,5,0
94.9442,1,6337536,windows,0,1000,905,15,0,0,0,0,0,0,10,5,0
95.0725,0,6337536,windows,0,1000,905,15,0,0,0,0,0,0,10,5,0
95.1995,1,6355968,windows,0,1000,905,15,0,0,0,0,0,0,10,5,0
95.3399,0,6353920,windows,0,1000,905,15,0,0,0,0,0,0,10,5,0
95.4657,1,6374400,windows,0,1000,905,15,0,0,0,0,0,0,10,5,0
95.5953,0,6369280,windows,0,1000,905,15,0,0,0,0,0,0,10,5,0
95.7173,1,6392832,windows,0,1000,905,15,0,0,0,0,0,0,10,5,0
95.8495,0,6382592,windows,0,1000,905,15,0,0,0,0,0,0,10,5,0
95.9695,1,6411264,windows,0,1000,905,15,0,0,0,0,0,0,10,5,0
96.1114,0,6400000,windows,0,1000,905,15,0,0,0,0,0,0,10,5,0
96.2286,1,6429696,windows,0,1000,905,15,0,0,0,0,0,0,10,5,0
96.3639,0,6416384,windows,0,1000,905,15,0,0,0,0,0,0,10,5,0
96.4917,1,6447104,windows,0,1000,905,15,0,0,0,0,0,0,10,5,0
96.619,0,6432768,windows,0,1000,905,15,0,0,0,0,0,0,10,5,0
96.757,1,6463488,windows,0,1000,905,15,0,0,0,0,0,0,10,5,0
96.8712,0,6449152,repair,0,1000,905,15,0,0,0,0,0,0,10,5,0
97.0174,1,6481920,windows,0,1000,905,15,0,0,0,0,0,0,10,5,0
97.1274,0,6465536,repair,0,1000,905,15,0,0,0,0,0,0,10,5,0
97.2695,1,6500352,windows,0,1000,905,15,0,0,0,0,0,0,10,5,0
97.3888,0,6480896,windows,0,1000,905,15,0,0,0,0,0,0,10,5,0
97.5217,1,6516736,windows,0,1000,905,15,0,0,0,0,0,0,10,5,0
97.6566,0,6496256,windows,0,1000,905,15,0,0,0,0,0,0,10,5,0
97.7823,1,6535168,windows,0,1000,905,15,0,0,0,0,0,0,10,5,0
97.9222,0,6511616,windows,0,1000,905,15,0,0,0,0,0,0,10,5,0
98.0477,1,6553600,windows,0,1000,905,15,0,0,0,0,0,0,10,5,0
98.1874,0,6526976,windows,0,1000,905,15,0,0,0,0,0,0,10,5,0
98.3043,1,6572032,windows,0,1000,905,15,0,0,0,0,0,0,10,5,0
98.4409,0,6541312,windows,0,1000,905,15,0,0,0,0,0,0,10,5,0
98.5601,1,6590464,windows,0,1000,905,15,0,0,0,0,0,0,10,5,0
98.6985,0,6556672,windows,0,1000,905,15,0,0,0,0,0,0,10,5,0
98.8125,1,6610944,windows,0,1000,905,15,0,0,0,0,0,0,10,5,0
98.9581,0,6571008,windows,0,1000,905,15,0,0,0,0,0,0,10,5,0
99.0693,1,6631424,windows,0,1000,905,15,0,0,0,0,0,0,10,5,0
99.2185,0,6586368,windows,0,1000,905,15,0,0,0,0,0,0,10,5,0
99.3193,1,6650880,windows,0,1000,905,15,0,0,0,0,0,0,10,5,0
99.4799,0,6601728,windows,0,1000,905,15,0,0,0,0,0,0,10,5,0
99.5723,1,6668288,repair,0,1000,905,15,0,0,0,0,0,0,10,5,0
99.7445,0,6615040,windows,0,1000,905,15,0,0,0,0,0,0,10,5,0
99.8342,1,6685696,windows,0,1000,905,15,0,0,0,0,0,0,10,5,0
100.004,0,6633472,windows,0,1000,905,15,0,0,0,0,0,0,10,5,0
100.094,1,6703104,windows,0,1000,905,15,0,0,0,0,0,0,10,5,0
100.26,0,6651904,windows,0,1000,905,15,0,0,0,0,0,0,10,5,0
100.345,1,6720512,windows,0,1000,905,15,0,0,0,0,0,0,10,5,0
100.522,0,6672384,windows,0,1000,905,15,0,0,0,0,0,0,10,5,0
100.595,1,6736896,windows,0,1000,905,15,0,0,0,0,0,0,10,5,0
100.773,0,6691840,windows,0,1000,905,15,0,0,0,0,0,0,10,5,0
100.847,1,6754304,windows,0,1000,905,15,0,0,0,0,0,0,10,5,0
101.023,0,6711296,windows,0,1000,905,15,0,0,0,0,0,0,10,5,0
101.106,1,6771712,windows,0,1000,905,15,0,0,0,0,0,0,10,5,0
101.281,0,6731776,windows,0,1000,905,15,0,0,0,0,0,0,10,5,0
101.361,1,6788096,windows,0,1000,905,15,0,0,0,0,0,0,10,5,0
101.541,0,6753280,windows,0,1000,905,15,0,0,0,0,0,0,10,5,0
101.614,1,6805504,windows,0,1000,905,15,0,0,0,0,0,0,10,5,0
101.802,0,6774784,windows,0,1000,905,15,0,0,0,0,0,0,10,5,0
101.872,1,6822912,windows,0,1000,905,15,0,0,0,0,0,0,10,5,0
102.059,0,6797312,windows,0,1000,905,15,0,0,0,0,0,0,10,5,0
102.136,1,6840320,windows,0,1000,905,15,0,0,0,0,0,0,10,5,0
102.316,0,6818816,windows,0,1000,905,15,0,0,0,0,0,0,10,5,0
102.391,1,6857728,windows,0,1000,905,15,0,0,0,0,0,0,10,5,0
102.569,0,6840320,windows,0,1000,905,15,0,0,0,0,0,0,10,5,0
102.652,1,6875136,windows,0,1000,905,15,0,0,0,0,0,0,10,5,0
102.82,0,6858752,repair,0,1000,905,15,0,0,0,0,0,0,10,5,0
102.91,1,6893568,windows,0,1000,905,15,0,0,0,0,0,0,10,5,0
103.08,0,6879232,repair,0,1000,905,15,0,0,0,0,0,0,10,5,0
103.164,1,6910976,windows,0,1000,905,15,0,0,0,0,0,0,10,5,0
103.336,0,6898688,windows,0,1000,905,15,0,0,0,0,0,0,10,5,0
103.42,1,6929408,windows,0,1000,905,15,0,0,0,0,0,0,10,5,0
103.588,0,6917120,windows,0,1000,905,15,0,0,0,0,0,0,10,5,0
103.682,1,6947840,windows,0,1000,905,15,0,0,0,0,0,0,10,5,0
103.848,0,6935552,windows,0,1000,905,15,0,0,0,0,0,0,10,5,0
103.938,1,6967296,windows,0,1000,905,15,0,0,0,0,0,0,10,5,0
104.112,0,6953984,windows,0,1000,905,15,0,0,0,0,0,0,10,5,0
104.193,1,6985728,windows,0,1000,905,15,0,0,0,0,0,0,10,5,0
104.365,0,6971392,windows,0,1000,905,15,0,0,0,0,0,0,10,5,0
104.446,1,7002112,windows,0,1000,905,15,0,0,0,0,0,0,10,5,0
104.619,0,6989824,windows,0,1000,905,15,0,0,0,0,0,0,10,5,0
104.709,1,7018496,windows,0,1000,905,15,0,0,0,0,0,0,10,5,0
104.878,0,7009280,windows,0,1000,905,15,0,0,0,0,0,0,10,5,0
104.97,1,7034880,windows,0,1000,905,15,0,0,0,0,0,0,10,5,0
105.135,0,7028736,windows,0,1000,905,15,0,0,0,0,0,0,10,5,0
105.232,1,7051264,windows,0,1000,905,15,0,0,0,0,0,0,10,5,0
105.4,0,7048192,windows,0,1000,905,15,0,0,0,0,0,0,10,5,0
105.486,1,7063552,repair,818,2.23604e+08,2.23551e+08,6455,59,133,148,305,173,0,3570,2676,209
105.657,0,7066624,windows,0,1000,905,15,0,0,0,0,0,0,10,5,0
105.748,1,7083008,repair,630,2.70585e+08,2.70565e+08,7240,48,140,120,198,124,0,4078,2984,178
105.917,0,7085056,windows,0,1000,905,15,0,0,0,0,0,0,10,5,0
106.01,1,7102464,repair,511,2.54571e+08,2.54547e+08,6990,27,109,81,185,109,0,3890,2932,168
106.178,0,7104512,windows,0,1000,905,15,0,0,0,0,0,0,10,5,0
106.271,1,7120896,repair,422,2.39271e+08,2.39271e+08,6769,29,107,58,147,81,0,3758,2862,149
106.43,0,7123968,windows,0,1000,905,15,0,0,0,0,0,0,10,5,0
106.525,1,7138304,repair,339,2.13442e+08,2.13418e+08,6663,20,60,51,144,64,0,3953,2567,143
106.684,0,7143424,windows,0,1000,905,15,0,0,0,0,0,0,10,5,0
106.79,1,7156736,repair,275,1.94738e+08,1.9472e+08,6232,11,41,31,133,59,0,3558,2536,138
106.943,0,7163904,windows,0,1000,905,15,0,0,0,0,0,0,10,5,0
107.053,1,7174144,repair,227,1.88863e+08,1.88796e+08,6128,14,32,31,88,62,0,3488,2512,128
107.2,0,7183360,windows,0,1000,905,15,0,0,0,0,0,0,10,5,0
107.305,1,7190528,repair,176,1.76111e+08,1.76089e+08,6117,12,36,27,57,44,0,3679,2316,122
107.45,0,7199744,repair,796,2.4879e+08,2.48771e+08,6829,55,195,148,263,135,0,3805,2843,181
107.556,1,7206912,repair,139,1.54883e+08,1.54836e+08,5706,6,25,14,53,41,0,3417,2187,102
107.708,0,7223296,repair,577,2.81914e+08,2.81893e+08,7399,33,111,92,211,130,0,4184,3047,168
107.806,1,7223296,repair,99,1.56344e+08,1.56279e+08,5630,4,15,13,38,29,0,3244,2270,116
107.962,0,7245824,repair,465,2.41521e+08,2.41501e+08,6915,26,88,77,180,94,0,3944,2809,162
108.07,1,7239680,repair,69,1.46429e+08,1.46426e+08,5527,1,12,6,28,22,0,3280,2147,100
108.216,0,7267328,repair,360,2.14746e+08,2.14723e+08,6492,20,56,57,157,70,0,3634,2688,170
108.327,1,7257088,repair,43,1.25825e+08,1.25768e+08,5259,4,3,12,18,6,0,3281,1894,84
108.469,0,7289856,repair,280,1.98332e+08,1.98328e+08,6412,9,46,43,118,64,0,3772,2495,145
108.581,1,7273472,repair,28,1.11004e+08,1.10952e+08,5000,3,6,5,12,2,0,3192,1730,78
108.72,0,7311360,repair,218,1.79989e+08,1.7997e+08,6188,13,33,31,100,41,0,3709,2338,141
108.844,1,7291904,repair,14,9.86406e+07,9.86073e+07,4675,1,2,2,5,4,0,2928,1667,80
108.979,0,7332864,repair,152,1.63194e+08,1.63132e+08,5911,6,31,16,67,32,0,3578,2215,118
109.095,1,7308288,repair,8,8.83879e+07,8.83409e+07,4472,1,1,1,3,2,0,2870,1534,68
109.235,0,7352320,repair,117,1.52031e+08,1.52031e+08,5697,4,9,16,58,30,0,3444,2144,109
109.347,1,7324672,repair,2,7.75273e+07,7.74833e+07,4229,0,0,0,0,2,0,2753,1405,71
109.489,0,7371776,repair,84,1.34333e+08,1.34317e+08,5354,4,10,14,33,23,0,3232,2020,102
109.598,1,7341056,repair,1,6.61088e+07,6.6084e+07,3956,0,0,0,0,1,0,2657,1239,60
109.74,0,7391232,repair,48,1.25725e+08,1.25706e+08,5195,3,9,10,18,8,0,3165,1941,89
109.854,1,7358464,repair,1,5.53452e+07,5.5321e+07,3628,0,0,0,0,1,0,2445,1126,57
109.999,0,7412736,repair,28,1.09027e+08,1.09009e+08,4926,1,4,3,12,8,0,3097,1744,85
110.112,1,7375872,windows,0,4.75668e+07,4.75668e+07,3332,0,0,0,0,0,0,2202,1078,52
110.256,0,7434240,repair,15,9.2218e+07,9.21693e+07,4528,0,3,0,7,5,0,2839,1608,81
110.373,1,7390208,windows,0,3.9078e+07,3.90586e+07,3016,0,0,0,0,0,0,2005,973,38
110.507,0,7454720,repair,5,7.87167e+07,7.87167e+07,4248,0,1,0,1,3,0,2735,1434,79
110.637,1,7404544,windows,0,3.17064e+07,3.16896e+07,2749,0,0,0,0,0,0,1872,841,36
110.77,0,7475200,repair,3,6.33552e+07,6.33426e+07,3848,0,0,0,2,1,0,2515,1256,77
110.906,1,7419904,windows,0,2.65133e+07,2.64982e+07,2522,0,0,0,0,0,0,1737,755,30
111.031,0,7494656,windows,0,5.3092e+07,5.30783e+07,3550,0,0,0,0,0,0,2383,1109,58
111.171,1,7434240,windows,0,2.27053e+07,2.26962e+07,2352,0,0,0,0,0,0,1654,671,27
111.287,0,7513088,windows,0,4.35429e+07,4.35119e+07,3191,0,0,0,0,0,0,2130,1020,41
111.423,1,7448576,windows,0,1.97213e+07,1.97134e+07,2209,0,0,0,0,0,0,1581,600,28
111.54,0,7529472,windows,0,3.40113e+07,3.40005e+07,2844,0,0,0,0,0,0,1922,880,42
111.675,1,7461888,windows,0,1.60565e+07,1.60439e+07,1950,0,0,0,0,0,0,1330,600,20
111.798,0,7546880,windows,0,2.82708e+07,2.82464e+07,2620,0,0,0,0,0,0,1809,770,41
111.934,1,7476224,windows,0,1.35816e+07,1.35743e+07,1829,0,0,0,0,0,0,1288,513,28
112.049,0,7563264,windows,0,2.37141e+07,2.37062e+07,2366,0,0,0,0,0,0,1588,744,34
112.189,1,7490560,windows,0,1.157e+07,1.15632e+07,1690,0,0,0,0,0,0,1191,472,27
112.302,0,7579648,windows,0,2.02033e+07,2.01817e+07,2213,0,0,0,0,0,0,1533,649,31
112.453,1,7504896,windows,0,1.00291e+07,1.00236e+07,1567,0,0,0,0,0,0,1097,447,23
112.556,0,7595008,windows,0,1.62187e+07,1.62187e+07,1988,0,0,0,0,0,0,1379,578,31
112.714,1,7518208,windows,0,8.51524e+06,8.50644e+06,1447,0,0,0,0,0,0,1017,408,22
112.81,0,7611392,windows,0,1.34969e+07,1.34969e+07,1813,0,0,0,0,0,0,1244,535,34
112.974,1,7531520,windows,0,7.07581e+06,7.07581e+06,1313,0,0,0,0,0,0,914,380,19
113.063,0,7629824,windows,0,1.13353e+07,1.13345e+07,1667,0,0,0,0,0,0,1163,477,27
113.238,1,7545856,windows,0,5.98557e+06,5.98143e+06,1202,0,0,0,0,0,0,828,357,17
113.322,0,7646208,windows,0,9.58472e+06,9.57593e+06,1533,0,0,0,0,0,0,1067,440,26
113.492,1,7560192,windows,0,5.10522e+06,5.09447e+06,1111,0,0,0,0,0,0,773,325,13
113.584,0,7662592,windows,0,7.48622e+06,7.47287e+06,1341,0,0,0,0,0,0,912,407,22
113.758,1,7574528,windows,0,4.44866e+06,4.44866e+06,1033,0,0,0,0,0,0,712,309,12
113.84,0,7680000,windows,0,6.20178e+06,6.19776e+06,1209,0,0,0,0,0,0,803,385,21
114.027,1,7588864,windows,0,3.66048e+06,3.65498e+06,945,0,0,0,0,0,0,673,264,8
114.098,0,7698432,windows,0,5.05216e+06,5.04837e+06,1109,0,0,0,0,0,0,758,329,22
114.286,1,7603200,windows,0,2.99618e+06,2.99298e+06,850,0,0,0,0,0,0,594,248,8
114.349,0,7714816,windows,0,4.29204e+06,4.28624e+06,1030,0,0,0,0,0,0,721,290,19
114.538,1,7617536,windows,0,2.60194e+06,2.60177e+06,798,0,0,0,0,0,0,573,219,6
114.61,0,7729152,windows,0,3.49632e+06,3.49258e+06,927,0,0,0,0,0,0,642,267,18
114.799,1,7633920,windows,0,2.14208e+06,2.13953e+06,721,0,0,0,0,0,0,510,205,6
114.872,0,7744512,windows,0,2.93626e+06,2.92855e+06,855,0,0,0,0,0,0,604,235,16
115.064,1,7651328,windows,0,1.77285e+06,1.76668e+06,661,0,0,0,0,0,0,474,180,7
115.131,0,7758848,windows,0,2.55302e+06,2.54589e+06,802,0,0,0,0,0,0,569,215,18
115.327,1,7667712,windows,0,1.3136e+06,1.3136e+06,573,0,0,0,0,0,0,421,146,6
115.383,0,7772160,windows,0,2.20596e+06,2.20196e+06,744,0,0,0,0,0,0,529,200,15
115.578,1,7684096,windows,0,1.05504e+06,1.05317e+06,510,0,0,0,0,0,0,373,134,3
115.644,0,7786496,windows,0,1.88584e+06,1.88584e+06,688,0,0,0,0,0,0,484,188,16
115.829,1,7701504,windows,0,891200,889431,471,0,0,0,0,0,0,354,115,2
115.9,0,7799808,windows,0,1.52998e+06,1.52787e+06,614,0,0,0,0,0,0,422,178,14
116.082,1,7717888,windows,0,745500,741786,431,0,0,0,0,0,0,324,105,2
116.17,0,7814144,windows,0,1.2853e+06,1.28336e+06,563,0,0,0,0,0,0,387,163,13
116.334,1,7730176,windows,0,559135,555864,375,0,0,0,0,0,0,283,89,3
116.431,0,7828480,windows,0,1.10964e+06,1.10676e+06,526,0,0,0,0,0,0,372,144,10
116.598,1,7743488,windows,0,434870,432852,322,0,0,0,0,0,0,222,97,3
116.696,0,7842816,windows,0,961105,959049,490,0,0,0,0,0,0,341,137,12
116.851,1,7756800,windows,0,353270,351815,298,0,0,0,0,0,0,222,73,3
116.946,0,7857152,windows,0,810095,809712,453,0,0,0,0,0,0,317,123,13
117.111,1,7770112,windows,0,293170,293170,270,0,0,0,0,0,0,196,71,3
117.21,0,7871488,windows,0,631630,629889,401,0,0,0,0,0,0,284,106,11
117.369,1,7784448,windows,0,251195,250209,250,0,0,0,0,0,0,181,66,3
117.465,0,7885824,windows,0,538405,538405,369,0,0,0,0,0,0,259,100,10
117.62,1,7798784,windows,0,191005,191005,215,0,0,0,0,0,0,151,62,2
117.718,0,7900160,windows,0,464345,464345,342,0,0,0,0,0,0,237,95,10
117.872,1,7817216,windows,0,142940,142940,186,0,0,0,0,0,0,130,54,2
117.976,0,7914496,windows,0,390155,390155,314,0,0,0,0,0,0,219,86,9
118.128,1,7834624,windows,0,117005,116411,169,0,0,0,0,0,0,119,48,2
118.229,0,7927808,windows,0,305555,303798,276,0,0,0,0,0,0,191,78,7
118.383,1,7853056,windows,0,103845,103261,161,0,0,0,0,0,0,117,42,2
118.493,0,7942144,windows,0,224850,224850,241,0,0,0,0,0,0,174,60,7
118.637,1,7868416,windows,0,76300,76300,136,0,0,0,0,0,0,94,40,2
118.75,0,7957504,windows,0,191270,190481,222,0,0,0,0,0,0,158,57,7
118.893,1,7882752,windows,0,57425,56677.5,118,0,0,0,0,0,0,81,35,2
119.012,0,7975936,windows,0,155205,154250,201,0,0,0,0,0,0,147,48,6
119.147,1,7896064,windows,0,46585,45957.5,108,0,0,0,0,0,0,77,29,2
119.266,0,7993344,windows,0,129875,129875,184,0,0,0,0,0,0,137,42,5
119.406,1,7909376,windows,0,39605,39208.8,99,0,0,0,0,0,0,69,28,2
119.519,0,8009728,windows,0,99345,99345,160,0,0,0,0,0,0,117,39,4
119.66,1,7922688,windows,0,36925,36872.5,95,0,0,0,0,0,0,65,28,2
119.774,0,8026112,windows,0,79495,78537.5,141,0,0,0,0,0,0,95,41,5
119.926,1,7938048,windows,0,31640,31288.8,88,0,0,0,0,0,0,60,26,2
120.033,0,8043520,windows,0,70850,70707.5,135,0,0,0,0,0,0,94,36,5
120.181,1,7951360,windows,0,27685,27117.5,81,0,0,0,0,0,0,53,26,2
120.296,0,8061952,windows,0,64640,63466.2,126,0,0,0,0,0,0,84,38,4
120.446,1,7965696,windows,0,24835,24400,78,0,0,0,0,0,0,55,22,1
120.55,0,8078336,windows,0,48180,48067.5,109,0,0,0,0,0,0,72,33,4
120.71,1,7980032,windows,0,21945,21892.5,74,0,0,0,0,0,0,51,21,2
120.812,0,8095744,windows,0,39560,39201.2,100,0,0,0,0,0,0,72,26,2
120.961,1,7994368,windows,0,20030,19771.2,71,0,0,0,0,0,0,52,18,1
121.065,0,8113152,windows,0,37445,37101.2,97,0,0,0,0,0,0,69,26,2
121.218,1,8008704,windows,0,17830,17601.2,66,0,0,0,0,0,0,46,19,1
121.324,0,8131584,windows,0,33745,33745,92,0,0,0,0,0,0,65,25,2
121.49,1,8023040,windows,0,14600,14192.5,60,0,0,0,0,0,0,40,18,2
121.583,0,8150016,windows,0,26345,25930,82,0,0,0,0,0,0,59,21,2
121.746,1,8036352,windows,0,13415,13221.2,57,0,0,0,0,0,0,39,17,1
121.84,0,8166400,windows,0,22850,22455,77,0,0,0,0,0,0,54,20,3
122.013,1,8050688,windows,0,12225,12172.5,56,0,0,0,0,0,0,39,15,2
122.097,0,8184832,windows,0,20495,19866.2,73,0,0,0,0,0,0,51,19,3
122.272,1,8065024,windows,0,11105,11052.5,54,0,0,0,0,0,0,39,13,2
122.355,0,8203264,windows,0,19215,18800,69,0,0,0,0,0,0,45,21,3
122.526,1,8079360,windows,0,10720,10478.8,53,0,0,0,0,0,0,38,13,2
122.614,0,8221696,windows,0,16735,16146.2,65,0,0,0,0,0,0,43,19,3
122.789,1,8094720,windows,0,9005,8596.25,47,0,0,0,0,0,0,35,12,0
122.869,0,8240128,windows,0,15995,15995,64,0,0,0,0,0,0,43,18,3
123.05,1,8110080,windows,0,8900,8506.25,47,0,0,0,0,0,0,36,11,0
123.132,0,8259584,windows,0,14305,13766.2,60,0,0,0,0,0,0,41,17,2
123.305,1,8124416,windows,0,8545,8156.25,46,0,0,0,0,0,0,35,11,0
123.385,0,8278016,windows,0,13240,13041.2,58,0,0,0,0,0,0,40,16,2
123.565,1,8139776,windows,0,7865,7486.25,44,0,0,0,0,0,0,33,11,0
123.637,0,8297472,windows,0,12530,12331.2,56,0,0,0,0,0,0,40,15,1
123.818,1,8155136,windows,0,7445,7281.25,43,0,0,0,0,0,0,33,10,0
123.888,0,8316928,windows,0,10630,10441.2,52,0,0,0,0,0,0,38,13,1
124.076,1,8170496,windows,0,6425,6271.25,40,0,0,0,0,0,0,31,9,0
124.151,0,8337408,windows,0,9535,9361.25,49,0,0,0,0,0,0,35,13,1
124.335,1,8185856,windows,0,5825,5825,38,0,0,0,0,0,0,29,9,0
124.412,0,8356864,windows,0,9190,9021.25,48,0,0,0,0,0,0,34,13,1
124.598,1,8201216,windows,0,5825,5825,38,0,0,0,0,0,0,29,9,0
124.674,0,8376320,windows,0,8355,8355,46,0,0,0,0,0,0,33,12,1
124.863,1,8217600,windows,0,5265,5265,36,0,0,0,0,0,0,27,9,0
124.927,0,8395776,windows,0,8305,8050,46,0,0,0,0,0,0,31,13,2
125.123,1,8233984,windows,0,5265,5265,36,0,0,0,0,0,0,27,9,0
125.18,0,8415232,windows,0,7715,7480,44,0,0,0,0,0,0,31,12,1
125.381,1,8250368,windows,0,5265,5265,36,0,0,0,0,0,0,27,9,0
125.434,0,8434688,windows,0,7115,6880,42,0,0,0,0,0,0,29,12,1
125.633,1,8265728,windows,0,5265,5265,36,0,0,0,0,0,0,27,9,0
125.688,0,8454144,windows,0,7115,6880,42,0,0,0,0,0,0,29,12,1
125.897,1,8282112,windows,0,4745,4621.25,34,0,0,0,0,0,0,25,9,0
125.941,0,8474624,windows,0,6655,6440,41,0,0,0,0,0,0,29,11,1
126.156,1,8298496,windows,0,4745,4621.25,34,0,0,0,0,0,0,25,9,0
126.192,0,8495104,windows,0,6095,5746.25,39,0,0,0,0,0,0,27,11,1
126.41,1,8314880,windows,0,4745,4621.25,34,0,0,0,0,0,0,25,9,0
126.448,0,8514560,windows,0,6095,5746.25,39,0,0,0,0,0,0,27,11,1
126.677,1,8332288,windows,0,4745,4621.25,34,0,0,0,0,0,0,25,9,0
126.712,0,8532992,windows,0,6095,5746.25,39,0,0,0,0,0,0,27,11,1
126.936,1,8349696,windows,0,4745,4621.25,34,0,0,0,0,0,0,25,9,0
126.962,0,8551424,windows,0,5950,5616.25,39,0,0,0,0,0,0,28,10,1
127.197,1,8360960,windows,0,4745,4621.25,34,0,0,0,0,0,0,25,9,0
127.222,0,8569856,windows,0,5410,5215,37,0,0,0,0,0,0,26,10,1
127.452,1,8377344,windows,0,4500,4381.25,33,0,0,0,0,0,0,24,9,0
127.472,0,8589312,windows,0,5155,4960,36,0,0,0,0,0,0,25,10,1
127.703,1,8393728,windows,0,4265,4265,32,0,0,0,0,0,0,23,9,0
127.724,0,8609792,windows,0,5155,4960,36,0,0,0,0,0,0,25,10,1
127.955,1,8410112,windows,0,4265,4265,32,0,0,0,0,0,0,23,9,0
127.98,0,8630272,windows,0,5155,4960,36,0,0,0,0,0,0,25,10,1
128.213,1,8427520,windows,0,4040,3931.25,31,0,0,0,0,0,0,22,9,0
128.243,0,8651776,windows,0,5155,4960,36,0,0,0,0,0,0,25,10,1
128.479,1,8449024,windows,0,4040,3931.25,31,0,0,0,0,0,0,22,9,0
128.547,0,8671232,windows,0,4910,4715,35,0,0,0,0,0,0,24,10,1
128.739,1,8466432,windows,0,4040,3931.25,31,0,0,0,0,0,0,22,9,0
128.803,0,8691712,windows,0,4910,4715,35,0,0,0,0,0,0,24,10,1
128.999,1,8482816,windows,0,4000,3706.25,30,0,0,0,0,0,0,20,10,0
129.059,0,8712192,windows,0,4910,4715,35,0,0,0,0,0,0,24,10,1
129.25,1,8499200,windows,0,3805,3805,29,0,0,0,0,0,0,19,10,0
129.319,0,8732672,windows,0,4910,4715,35,0,0,0,0,0,0,24,10,1
129.515,1,8515584,windows,0,3620,3620,28,0,0,0,0,0,0,18,10,0
129.571,0,8747008,windows,0,4910,4715,35,0,0,0,0,0,0,24,10,1
129.767,1,8529920,windows,0,3445,3445,27,0,0,0,0,0,0,17,10,0
129.828,0,8765440,windows,0,4675,4480,34,0,0,0,0,0,0,23,10,1
130.033,1,8545280,windows,0,3240,3240,27,0,0,0,0,0,0,18,9,0
130.086,0,8783872,windows,0,4675,4480,34,0,0,0,0,0,0,23,10,1
130.299,1,8561664,windows,0,3240,3240,27,0,0,0,0,0,0,18,9,0
130.348,0,8803328,windows,0,4675,4480,34,0,0,0,0,0,0,23,10,1
130.56,1,8577024,windows,0,3240,3240,27,0,0,0,0,0,0,18,9,0
130.61,0,8822784,windows,0,4675,4480,34,0,0,0,0,0,0,23,10,1
130.814,1,8595456,windows,0,3065,3065,26,0,0,0,0,0,0,17,9,0
130.864,0,8842240,windows,0,1000,905,15,0,0,0,0,0,0,10,5,0
131.065,1,8614912,windows,0,3065,3065,26,0,0,0,0,0,0,17,9,0
131.127,0,8863744,windows,0,1000,905,15,0,0,0,0,0,0,10,5,0
131.324,1,8635392,windows,0,3065,3065,26,0,0,0,0,0,0,17,9,0
131.378,0,8883200,windows,0,1000,905,15,0,0,0,0,0,0,10,5,0
131.583,1,8654848,windows,0,1000,905,15,0,0,0,0,0,0,10,5,0
131.63,0,8901632,windows,0,1000,905,15,0,0,0,0,0,0,10,5,0
131.833,1,8673280,windows,0,1000,905,15,0,0,0,0,0,0,10,5,0
131.894,0,8920064,windows,0,1000,905,15,0,0,0,0,0,0,10,5,0
132.084,1,8690688,windows,0,1000,905,15,0,0,0,0,0,0,10,5,0
132.153,0,8938496,windows,0,1000,905,15,0,0,0,0,0,0,10,5,0
132.341,1,8709120,windows,0,1000,905,15,0,0,0,0,0,0,10,5,0
132.407,0,8956928,windows,0,1000,905,15,0,0,0,0,0,0,10,5,0
132.604,1,8727552,windows,0,1000,905,15,0,0,0,0,0,0,10,5,0
132.659,0,8975360,windows,0,1000,905,15,0,0,0,0,0,0,10,5,0
132.865,1,8745984,windows,0,1000,905,15,0,0,0,0,0,0,10,5,0
132.909,0,8993792,windows,0,1000,905,15,0,0,0,0,0,0,10,5,0
133.122,1,8763392,windows,0,1000,905,15,0,0,0,0,0,0,10,5,0
133.167,0,9012224,repair,0,1000,905,15,0,0,0,0,0,0,10,5,0
133.385,1,8781824,windows,0,1000,905,15,0,0,0,0,0,0,10,5,0
133.432,0,9030656,repair,0,1000,905,15,0,0,0,0,0,0,10,5,0
133.646,1,8800256,windows,0,1000,905,15,0,0,0,0,0,0,10,5,0
133.685,0,9049088,windows,0,1000,905,15,0,0,0,0,0,0,10,5,0
133.908,1,8818688,windows,0,1000,905,15,0,0,0,0,0,0,10,5,0
133.935,0,9066496,windows,0,1000,905,15,0,0,0,0,0,0,10,5,0
134.169,1,8836096,windows,0,1000,905,15,0,0,0,0,0,0,10,5,0
134.195,0,9083904,windows,0,1000,905,15,0,0,0,0,0,0,10,5,0
134.425,1,8852480,windows,0,1000,905,15,0,0,0,0,0,0,10,5,0
134.45,0,9101312,windows,0,1000,905,15,0,0,0,0,0,0,10,5,0
134.688,1,8872960,windows,0,1000,905,15,0,0,0,0,0,0,10,5,0
134.713,0,9120768,windows,0,1000,905,15,0,0,0,0,0,0,10,5,0
134.944,1,8893440,windows,0,1000,905,15,0,0,0,0,0,0,10,5,0
134.965,0,9139200,windows,0,1000,905,15,0,0,0,0,0,0,10,5,0
135.196,1,8911872,repair,0,1000,905,15,0,0,0,0,0,0,10,5,0
135.228,0,9157632,windows,0,1000,905,15,0,0,0,0,0,0,10,5,0
135.456,1,8928256,repair,0,1000,905,15,0,0,0,0,0,0,10,5,0
135.491,0,9175040,windows,0,1000,905,15,0,0,0,0,0,0,10,5,0
135.711,1,8946688,windows,0,1000,905,15,0,0,0,0,0,0,10,5,0
135.747,0,9193472,windows,0,1000,905,15,0,0,0,0,0,0,10,5,0
135.967,1,8965120,windows,0,1000,905,15,0,0,0,0,0,0,10,5,0
136.007,0,9212928,windows,0,1000,905,15,0,0,0,0,0,0,10,5,0
136.223,1,8983552,windows,0,1000,905,15,0,0,0,0,0,0,10,5,0
136.27,0,9233408,windows,0,1000,905,15,0,0,0,0,0,0,10,5,0
136.493,1,9001984,windows,0,1000,905,15,0,0,0,0,0,0,10,5,0
136.521,0,9251840,windows,0,1000,905,15,0,0,0,0,0,0,10,5,0
136.744,1,9019392,windows,0,1000,905,15,0,0,0,0,0,0,10,5,0
136.785,0,9270272,windows,0,1000,905,15,0,0,0,0,0,0,10,5,0
137.006,1,9037824,windows,0,1000,905,15,0,0,0,0,0,0,10,5,0
137.043,0,9287680,windows,0,1000,905,15,0,0,0,0,0,0,10,5,0
137.266,1,9057280,windows,0,1000,905,15,0,0,0,0,0,0,10,5,0
137.298,0,9304064,windows,0,1000,905,15,0,0,0,0,0,0,10,5,0
137.52,1,9077760,windows,0,1000,905,15,0,0,0,0,0,0,10,5,0
137.555,0,9323520,windows,0,1000,905,15,0,0,0,0,0,0,10,5,0
137.772,1,9097216,repair,0,1000,905,15,0,0,0,0,0,0,10,5,0
137.806,0,9341952,windows,0,1000,905,15,0,0,0,0,0,0,10,5,0
138.026,1,9114624,repair,0,1000,905,15,0,0,0,0,0,0,10,5,0
138.056,0,9359360,windows,0,1000,905,15,0,0,0,0,0,0,10,5,0
138.277,1,9133056,windows,0,1000,905,15,0,0,0,0,0,0,10,5,0
138.314,0,9377792,windows,0,1000,905,15,0,0,0,0,0,0,10,5,0
138.532,1,9151488,windows,0,1000,905,15,0,0,0,0,0,0,10,5,0
138.574,0,9397248,windows,0,1000,905,15,0,0,0,0,0,0,10,5,0
138.793,1,9170944,windows,0,1000,905,15,0,0,0,0,0,0,10,5,0
138.826,0,9416704,windows,0,1000,905,15,0,0,0,0,0,0,10,5,0
139.044,1,9188352,windows,0,1000,905,15,0,0,0,0,0,0,10,5,0
139.091,0,9435136,windows,0,1000,905,15,0,0,0,0,0,0,10,5,0
139.311,1,9203712,windows,0,1000,905,15,0,0,0,0,0,0,10,5,0
139.349,0,9454592,windows,0,1000,905,15,0,0,0,0,0,0,10,5,0
139.576,1,9218048,windows,0,1000,905,15,0,0,0,0,0,0,10,5,0
139.605,0,9469952,windows,0,1000,905,15,0,0,0,0,0,0,10,5,0
139.835,1,9232384,windows,0,1000,905,15,0,0,0,0,0,0,10,5,0
139.859,0,9485312,windows,0,1000,905,15,0,0,0,0,0,0,10,5,0
140.087,1,9246720,windows,0,1000,905,15,0,0,0,0,0,0,10,5,0
140.111,0,9500672,windows,0,1000,905,15,0,0,0,0,0,0,10,5,0
140.349,1,9263104,windows,0,1000,905,15,0,0,0,0,0,0,10,5,0
140.362,0,9516032,windows,0,1000,905,15,0,0,0,0,0,0,10,5,0
140.608,1,9282560,windows,0,1000,905,15,0,0,0,0,0,0,10,5,0
140.622,0,9532416,windows,0,1000,905,15,0,0,0,0,0,0,10,5,0
140.871,1,9303040,windows,0,1000,905,15,0,0,0,0,0,0,10,5,0
140.879,0,9548800,windows,0,1000,905,15,0,0,0,0,0,0,10,5,0
141.133,1,9323520,windows,0,1000,905,15,0,0,0,0,0,0,10,5,0
141.138,0,9564160,windows,0,1000,905,15,0,0,0,0,0,0,10,5,0
141.389,1,9342976,windows,0,1000,905,15,0,0,0,0,0,0,10,5,0
141.404,0,9579520,windows,0,1000,905,15,0,0,0,0,0,0,10,5,0
141.65,1,9362432,windows,0,1000,905,15,0,0,0,0,0,0,10,5,0
141.666,0,9594880,windows,0,1000,905,15,0,0,0,0,0,0,10,5,0
141.907,1,9380864,windows,0,1000,905,15,0,0,0,0,0,0,10,5,0
141.924,0,9611264,windows,0,1000,905,15,0,0,0,0,0,0,10,5,0
142.161,1,9394176,windows,0,1000,905,15,0,0,0,0,0,0,10,5,0
142.187,0,9626624,windows,0,1000,905,15,0,0,0,0,0,0,10,5,0
142.414,1,9409536,windows,0,1000,905,15,0,0,0,0,0,0,10,5,0
142.45,0,9641984,windows,0,1000,905,15,0,0,0,0,0,0,10,5,0
142.671,1,9424896,windows,0,1000,905,15,0,0,0,0,0,0,10,5,0
142.704,0,9657344,windows,0,1000,905,15,0,0,0,0,0,0,10,5,0
142.93,1,9441280,windows,0,1000,905,15,0,0,0,0,0,0,10,5,0
142.958,0,9672704,windows,0,1000,905,15,0,0,0,0,0,0,10,5,0
143.188,1,9456640,repair,0,1000,905,15,0,0,0,0,0,0,10,5,0
143.224,0,9689088,windows,0,1000,905,15,0,0,0,0,0,0,10,5,0
143.454,1,9474048,windows,0,1000,905,15,0,0,0,0,0,0,10,5,0
143.479,0,9704448,windows,0,1000,905,15,0,0,0,0,0,0,10,5,0
143.713,1,9488384,windows,0,1000,905,15,0,0,0,0,0,0,10,5,0
143.74,0,9720832,windows,0,1000,905,15,0,0,0,0,0,0,10,5,0
143.972,1,9502720,windows,0,1000,905,15,0,0,0,0,0,0,10,5,0
143.994,0,9736192,windows,0,1000,905,15,0,0,0,0,0,0,10,5,0
144.231,1,9519104,windows,0,1000,905,15,0,0,0,0,0,0,10,5,0
144.258,0,9751552,windows,0,1000,905,15,0,0,0,0,0,0,10,5,0
144.491,1,9535488,windows,0,1000,905,15,0,0,0,0,0,0,10,5,0
144.509,0,9764864,windows,0,1000,905,15,0,0,0,0,0,0,10,5,0
144.755,1,9552896,windows,0,1000,905,15,0,0,0,0,0,0,10,5,0
144.76,0,9781248,windows,0,1000,905,15,0,0,0,0,0,0,10,5,0
145.011,1,9570304,windows,0,1000,905,15,0,0,0,0,0,0,10,5,0
145.023,0,9798656,windows,0,1000,905,15,0,0,0,0,0,0,10,5,0
145.263,1,9587712,windows,0,1000,905,15,0,0,0,0,0,0,10,5,0
145.287,0,9816064,windows,0,1000,905,15,0,0,0,0,0,0,10,5,0
145.515,1,9605120,windows,0,1000,905,15,0,0,0,0,0,0,10,5,0
145.543,0,9833472,repair,0,1000,905,15,0,0,0,0,0,0,10,5,0
145.765,1,9622528,windows,0,1000,905,15,0,0,0,0,0,0,10,5,0
145.796,0,9850880,repair,0,1000,905,15,0,0,0,0,0,0,10,5,0
146.017,1,9639936,windows,0,1000,905,15,0,0,0,0,0,0,10,5,0
146.06,0,9870336,windows,0,1000,905,15,0,0,0,0,0,0,10,5,0
146.269,1,9657344,windows,0,1000,905,15,0,0,0,0,0,0,10,5,0
146.326,0,9887744,windows,0,1000,905,15,0,0,0,0,0,0,10,5,0
146.524,1,9673728,windows,0,1000,905,15,0,0,0,0,0,0,10,5,0
146.592,0,9905152,windows,0,1000,905,15,0,0,0,0,0,0,10,5,0
146.778,1,9690112,windows,0,1000,905,15,0,0,0,0,0,0,10,5,0
146.853,0,9922560,windows,0,1000,905,15,0,0,0,0,0,0,10,5,0
147.035,1,9708544,windows,0,1000,905,15,0,0,0,0,0,0,10,5,0
147.11,0,9938944,windows,0,1000,905,15,0,0,0,0,0,0,10,5,0
147.29,1,9724928,windows,0,1000,905,15,0,0,0,0,0,0,10,5,0
147.372,0,9954304,windows,0,1000,905,15,0,0,0,0,0,0,10,5,0
147.547,1,9742336,windows,0,1000,905,15,0,0,0,0,0,0,10,5,0
147.629,0,9970688,windows,0,1000,905,15,0,0,0,0,0,0,10,5,0
147.808,1,9760768,repair,0,1000,905,15,0,0,0,0,0,0,10,5,0
147.895,0,9988096,windows,0,1000,905,15,0,0,0,0,0,0,10,5,0
148.058,1,9779200,repair,0,1000,905,15,0,0,0,0,0,0,10,5,0
148.153,0,10005504,windows,0,1000,905,15,0,0,0,0,0,0,10,5,0
148.311,1,9796608,windows,0,1000,905,15,0,0,0,0,0,0,10,5,0
148.418,0,10022912,windows,0,1000,905,15,0,0,0,0,0,0,10,5,0
148.575,1,9814016,windows,0,1000,905,15,0,0,0,0,0,0,10,5,0
148.684,0,10038272,windows,0,1000,905,15,0,0,0,0,0,0,10,5,0
148.84,1,9831424,windows,0,1000,905,15,0,0,0,0,0,0,10,5,0
148.936,0,10054656,windows,0,1000,905,15,0,0,0,0,0,0,10,5,0
149.098,1,9847808,windows,0,1000,905,15,0,0,0,0,0,0,10,5,0
149.188,0,10071040,windows,0,1000,905,15,0,0,0,0,0,0,10,5,0
149.355,1,9864192,windows,0,1000,905,15,0,0,0,0,0,0,10,5,0
149.444,0,10088448,windows,0,1000,905,15,0,0,0,0,0,0,10,5,0
149.61,1,9880576,windows,0,1000,905,15,0,0,0,0,0,0,10,5,0
149.707,0,10106880,windows,0,1000,905,15,0,0,0,0,0,0,10,5,0
149.874,1,9897984,windows,0,1000,905,15,0,0,0,0,0,0,10,5,0
149.958,0,10123264,windows,0,1000,905,15,0,0,0,0,0,0,10,5,0
150.132,1,9914368,windows,0,1000,905,15,0,0,0,0,0,0,10,5,0
150.217,0,10140672,windows,0,1000,905,15,0,0,0,0,0,0,10,5,0
150.396,1,9930752,windows,0,1000,905,15,0,0,0,0,0,0,10,5,0
150.478,0,10158080,windows,0,1000,905,15,0,0,0,0,0,0,10,5,0
150.649,1,9946112,windows,0,1000,905,15,0,0,0,0,0,0,10,5,0
150.729,0,10175488,windows,0,1000,905,15,0,0,0,0,0,0,10,5,0
150.91,1,9963520,windows,0,1000,905,15,0,0,0,0,0,0,10,5,0
150.987,0,10192896,windows,0,1000,905,15,0,0,0,0,0,0,10,5,0
151.172,1,9980928,windows,0,1000,905,15,0,0,0,0,0,0,10,5,0
151.238,0,10210304,windows,0,1000,905,15,0,0,0,0,0,0,10,5,0
151.428,1,9998336,windows,0,1000,905,15,0,0,0,0,0,0,10,5,0
151.492,0,10228736,windows,0,1000,905,15,0,0,0,0,0,0,10,5,0
151.688,1,10015744,windows,0,1000,905,15,0,0,0,0,0,0,10,5,0
151.753,0,10247168,windows,0,1000,905,15,0,0,0,0,0,0,10,5,0
151.956,1,10034176,windows,0,1000,905,15,0,0,0,0,0,0,10,5,0
152.014,0,10261504,repair,1083,8.8237e+07,8.81989e+07,3238,24,71,78,585,325,0,1924,1093,221
152.217,1,10048512,repair,877,2.23428e+08,2.23423e+08,6392,67,186,152,298,174,0,3520,2678,194
152.272,0,10280960,repair,698,2.99182e+08,2.99119e+08,7510,56,150,121,235,136,0,4162,3170,178
152.479,1,10070016,repair,654,2.74728e+08,2.74668e+08,7277,47,143,114,224,126,0,4113,2999,165
152.53,0,10301440,repair,582,2.60066e+08,2.60045e+08,7146,35,122,105,204,116,0,4063,2907,176
152.735,1,10090496,repair,528,2.6115e+08,2.61071e+08,7160,43,114,85,179,107,0,4073,2926,161
152.78,0,10320896,repair,479,2.47552e+08,2.47528e+08,6959,27,98,88,160,106,0,3959,2859,141
152.99,1,10109952,repair,417,2.36152e+08,2.36132e+08,6894,24,92,79,132,90,0,4006,2753,135
153.037,0,10341376,repair,371,2.15041e+08,2.14965e+08,6567,20,66,54,158,73,0,3791,2637,139
153.245,1,10128384,repair,348,2.08011e+08,2.07956e+08,6485,24,68,48,141,67,0,3795,2575,115
153.289,0,10358784,repair,312,1.93521e+08,1.93453e+08,6369,20,57,49,118,68,0,3811,2430,128
153.507,1,10146816,repair,292,1.71992e+08,1.71946e+08,5946,14,59,36,123,60,0,3489,2328,129
153.54,0,10377216,repair,248,1.89247e+08,1.89194e+08,6203,12,37,33,105,61,0,3586,2477,140
153.757,1,10165248,repair,223,1.78683e+08,1.78662e+08,6046,15,45,23,94,46,0,3533,2393,120
153.79,0,10395648,repair,183,1.80872e+08,1.80854e+08,6139,10,43,34,59,37,0,3640,2382,117
154.012,1,10183680,repair,159,1.6797e+08,1.67953e+08,5920,8,36,18,65,32,0,3524,2290,106
154.05,0,10416128,repair,127,1.71009e+08,1.70945e+08,5943,6,22,15,59,25,0,3518,2328,97
154.263,1,10203136,repair,123,1.40894e+08,1.40875e+08,5452,9,17,22,42,33,0,3273,2082,97
154.307,0,10437632,repair,90,1.44766e+08,1.44705e+08,5521,2,23,11,37,17,0,3311,2115,95
154.517,1,10222592,repair,83,1.39225e+08,1.39165e+08,5415,4,10,11,37,21,0,3242,2076,97
154.559,0,10458112,repair,57,1.36751e+08,1.36708e+08,5427,3,9,11,16,18,0,3321,2016,90
154.779,1,10244096,repair,49,1.21879e+08,1.21861e+08,5158,3,4,6,24,12,0,3221,1868,69
154.811,0,10479616,repair,35,1.12976e+08,1.1296e+08,5038,3,7,6,12,7,0,3193,1757,88
155.04,1,10264576,repair,19,1.19767e+08,1.19712e+08,5154,0,4,2,9,4,0,3260,1823,71
155.068,0,10500096,repair,16,1.01635e+08,1.01587e+08,4832,0,3,3,8,2,0,3144,1613,75
155.299,1,10286080,repair,8,9.89122e+07,9.89122e+07,4729,1,1,0,3,3,0,3045,1619,65
155.323,0,10520576,repair,2,9.56492e+07,9.56022e+07,4629,0,1,0,0,1,0,2932,1620,77
155.559,1,10306560,repair,2,8.98813e+07,8.98813e+07,4536,0,1,0,0,1,0,2960,1516,60
155.582,0,10542080,repair,1,8.02384e+07,8.02241e+07,4322,0,0,0,0,1,0,2861,1400,61
155.819,1,10326016,windows,0,6.6099e+07,6.60734e+07,3915,0,0,0,0,0,0,2576,1281,58
155.833,0,10562560,repair,1,5.94936e+07,5.94794e+07,3759,0,0,0,0,1,0,2546,1162,51
156.069,1,10342400,windows,0,5.34995e+07,5.34877e+07,3538,0,0,0,0,0,0,2356,1133,49
156.085,0,10583040,repair,1,4.96263e+07,4.96135e+07,3426,0,0,0,1,0,0,2319,1065,42
156.323,1,10359808,windows,0,4.33448e+07,4.33327e+07,3182,0,0,0,0,0,0,2104,1028,50
156.338,0,10601472,windows,0,4.00132e+07,3.99926e+07,3054,0,0,0,0,0,0,2042,978,34
156.574,1,10375168,windows,0,3.4161e+07,3.4143e+07,2838,0,0,0,0,0,0,1894,899,45
156.598,0,10618880,windows,0,3.24997e+07,3.24814e+07,2781,0,0,0,0,0,0,1883,858,40
156.834,1,10391552,windows,0,2.80028e+07,2.80028e+07,2575,0,0,0,0,0,0,1730,806,39
156.861,0,10635264,windows,0,2.74701e+07,2.7445e+07,2590,0,0,0,0,0,0,1807,745,38
157.097,1,10407936,windows,0,2.35359e+07,2.35277e+07,2372,0,0,0,0,0,0,1634,713,25
157.118,0,10651648,windows,0,2.29846e+07,2.29765e+07,2356,0,0,0,0,0,0,1618,702,36
157.354,1,10425344,windows,0,1.95874e+07,1.95801e+07,2147,0,0,0,0,0,0,1446,675,26
157.377,0,10669056,windows,0,1.76713e+07,1.76632e+07,2056,0,0,0,0,0,0,1383,635,38
157.606,1,10441728,windows,0,1.58755e+07,1.58688e+07,1948,0,0,0,0,0,0,1332,591,25
157.629,0,10686464,windows,0,1.45848e+07,1.45848e+07,1857,0,0,0,0,0,0,1240,586,31
157.857,1,10459136,windows,0,1.31976e+07,1.31908e+07,1780,0,0,0,0,0,0,1223,534,23
157.879,0,10703872,windows,0,1.20996e+07,1.20839e+07,1726,0,0,0,0,0,0,1226,478,22
158.116,1,10476544,windows,0,1.09662e+07,1.09662e+07,1628,0,0,0,0,0,0,1130,478,20
158.144,0,10721280,windows,0,1.01583e+07,1.01479e+07,1550,0,0,0,0,0,0,1043,485,22
158.369,1,10492928,windows,0,9.43178e+06,9.4171e+06,1512,0,0,0,0,0,0,1050,442,20
158.404,0,10737664,windows,0,8.12522e+06,8.11995e+06,1392,0,0,0,0,0,0,949,425,18
158.629,1,10507264,windows,0,7.93146e+06,7.93146e+06,1384,0,0,0,0,0,0,953,411,20
158.66,0,10752000,windows,0,6.9447e+06,6.93957e+06,1306,0,0,0,0,0,0,921,367,18
158.894,1,10521600,windows,0,6.62852e+06,6.6206e+06,1269,0,0,0,0,0,0,881,370,18
158.913,0,10766336,windows,0,6.07512e+06,6.07512e+06,1225,0,0,0,0,0,0,863,342,20
159.154,1,10534912,windows,0,5.83316e+06,5.82844e+06,1199,0,0,0,0,0,0,851,332,16
159.164,0,10781696,windows,0,5.20139e+06,5.20139e+06,1133,0,0,0,0,0,0,796,318,19
159.42,1,10548224,windows,0,5.06608e+06,5.06608e+06,1105,0,0,0,0,0,0,759,330,16
159.425,0,10796032,windows,0,4.31573e+06,4.31175e+06,1020,0,0,0,0,0,0,696,307,17
159.684,0,10810368,windows,0,3.58698e+06,3.58309e+06,949,0,0,0,0,0,0,684,249,16
159.688,1,10561536,windows,0,4.5303e+06,4.52989e+06,1054,0,0,0,0,0,0,743,297,14
159.938,1,10573824,windows,0,3.84749e+06,3.84717e+06,957,0,0,0,0,0,0,654,292,11
159.945,0,10824704,windows,0,3.11452e+06,3.11085e+06,884,0,0,0,0,0,0,628,238,18
160.2,0,10840064,windows,0,2.66894e+06,2.66161e+06,818,0,0,0,0,0,0,577,223,18
160.203,1,10587136,windows,0,3.1728e+06,3.16941e+06,878,0,0,0,0,0,0,613,254,11
160.457,0,10853376,windows,0,2.34978e+06,2.34659e+06,768,0,0,0,0,0,0,545,207,16
160.47,1,10601472,windows,0,2.70282e+06,2.6979e+06,800,0,0,0,0,0,0,546,246,8
160.721,0,10866688,windows,0,1.87244e+06,1.87209e+06,677,0,0,0,0,0,0,469,196,12
160.722,1,10614784,windows,0,2.35477e+06,2.35457e+06,760,0,0,0,0,0,0,544,209,7
160.983,1,10628096,windows,0,2.09635e+06,2.08973e+06,721,0,0,0,0,0,0,524,190,7
160.984,0,10880000,windows,0,1.55167e+06,1.54914e+06,622,0,0,0,0,0,0,442,169,11
161.24,1,10641408,windows,0,1.72487e+06,1.71868e+06,652,0,0,0,0,0,0,462,181,9
161.246,0,10893312,windows,0,1.33698e+06,1.33388e+06,579,0,0,0,0,0,0,413,155,11
161.506,1,10654720,windows,0,1.45046e+06,1.45046e+06,598,0,0,0,0,0,0,430,162,6
161.511,0,10906624,windows,0,1.1618e+06,1.15897e+06,539,0,0,0,0,0,0,389,142,8
161.76,1,10668032,windows,0,1.2402e+06,1.2402e+06,552,0,0,0,0,0,0,391,154,7
161.764,0,10919936,windows,0,1.03885e+06,1.03678e+06,511,0,0,0,0,0,0,374,130,7
162.02,1,10681344,windows,0,1.0776e+06,1.07281e+06,517,0,0,0,0,0,0,373,138,6
162.024,0,10935296,windows,0,802070,799332,450,0,0,0,0,0,0,318,121,11
162.274,1,10694656,windows,0,950980,949119,484,0,0,0,0,0,0,350,130,4
162.282,0,10951680,windows,0,645325,645032,405,0,0,0,0,0,0,289,106,10
162.527,1,10707968,windows,0,805960,803352,443,0,0,0,0,0,0,314,125,4
162.54,0,10967040,windows,0,551035,550712,378,0,0,0,0,0,0,275,92,11
162.791,1,10721280,windows,0,655475,655475,400,0,0,0,0,0,0,281,114,5
162.798,0,10982400,windows,0,481025,477644,350,0,0,0,0,0,0,247,93,10
163.046,1,10733568,windows,0,560270,558075,367,0,0,0,0,0,0,252,110,5
163.062,0,10997760,windows,0,412115,412115,320,0,0,0,0,0,0,223,90,7
163.313,1,10746880,windows,0,482795,482795,348,0,0,0,0,0,0,253,90,5
163.332,0,11012096,windows,0,316315,314840,282,0,0,0,0,0,0,203,74,5
163.57,1,10759168,windows,0,422555,421331,328,0,0,0,0,0,0,245,78,5
163.592,0,11025408,windows,0,254975,254975,255,0,0,0,0,0,0,187,63,5
163.822,1,10772480,windows,0,354905,354905,298,0,0,0,0,0,0,211,81,6
163.844,0,11039744,windows,0,215715,215715,236,0,0,0,0,0,0,177,54,5
164.074,1,10784768,windows,0,281395,278996,264,0,0,0,0,0,0,185,74,5
164.099,0,11052032,windows,0,180590,180590,217,0,0,0,0,0,0,168,44,5
164.329,1,10797056,windows,0,228025,225824,240,0,0,0,0,0,0,175,61,4
164.355,0,11065344,windows,0,162085,161290,205,0,0,0,0,0,0,161,40,4
164.591,1,10810368,windows,0,189395,187404,218,0,0,0,0,0,0,159,56,3
164.61,0,11078656,windows,0,114845,114119,171,0,0,0,0,0,0,123,44,4
164.841,1,10823680,windows,0,166635,165478,204,0,0,0,0,0,0,147,54,3
164.873,0,11092992,windows,0,91495,91412.5,153,0,0,0,0,0,0,113,37,3
165.099,1,10838016,windows,0,145985,145932,190,0,0,0,0,0,0,137,51,2
165.138,0,11108352,windows,0,76705,76048.8,142,0,0,0,0,0,0,109,29,4
165.349,1,10851328,windows,0,109430,109348,164,0,0,0,0,0,0,114,47,3
165.404,0,11123712,windows,0,65590,65447.5,132,0,0,0,0,0,0,98,29,5
165.614,1,10865664,windows,0,89635,89635,146,0,0,0,0,0,0,97,46,3
165.672,0,11138048,windows,0,60545,59857.5,126,0,0,0,0,0,0,93,29,4
165.87,1,10880000,windows,0,73675,73675,134,0,0,0,0,0,0,91,40,3
165.928,0,11152384,windows,0,44805,43813.8,109,0,0,0,0,0,0,81,24,4
166.132,1,10894336,windows,0,66815,66040,127,0,0,0,0,0,0,85,39,3
166.188,0,11166720,windows,0,38975,38975,101,0,0,0,0,0,0,75,23,3
166.397,1,10909696,windows,0,58400,57685,120,0,0,0,0,0,0,80,36,4
166.456,0,11181056,windows,0,35350,35001.2,96,0,0,0,0,0,0,70,23,3
166.662,1,10924032,windows,0,46165,45698.8,107,0,0,0,0,0,0,71,32,4
166.714,0,11195392,windows,0,34295,34295,95,0,0,0,0,0,0,71,21,3
166.919,1,10937344,windows,0,38870,37966.2,98,0,0,0,0,0,0,66,29,3
166.965,0,11208704,windows,0,31385,30970,90,0,0,0,0,0,0,67,21,2
167.179,1,10951680,windows,0,35170,35170,93,0,0,0,0,0,0,62,28,3
167.218,0,11222016,windows,0,25335,25252.5,81,0,0,0,0,0,0,57,21,3
167.434,1,10966016,windows,0,32850,32551.2,90,0,0,0,0,0,0,60,27,3
167.473,0,11235328,windows,0,21330,21247.5,75,0,0,0,0,0,0,54,18,3
167.7,1,10980352,windows,0,30820,30707.5,88,0,0,0,0,0,0,58,26,4
167.727,0,11249664,windows,0,19755,19672.5,72,0,0,0,0,0,0,51,18,3
167.969,1,10995712,windows,0,28105,27992.5,84,0,0,0,0,0,0,55,25,4
167.994,0,11264000,windows,0,18055,17393.8,69,0,0,0,0,0,0,49,17,3
168.221,1,11010048,windows,0,20740,20192.5,72,0,0,0,0,0,0,46,22,4
168.246,0,11279360,windows,0,18055,17393.8,69,0,0,0,0,0,0,49,17,3
168.491,1,11025408,windows,0,19315,19081.2,70,0,0,0,0,0,0,47,20,3
168.497,0,11293696,windows,0,14900,14900,61,0,0,0,0,0,0,48,13,0
168.751,1,11040768,windows,0,18850,18850,69,0,0,0,0,0,0,46,20,3
168.761,0,11309056,windows,0,14045,13821.2,59,0,0,0,0,0,0,45,14,0
169.004,1,11055104,windows,0,15875,15875,62,0,0,0,0,0,0,39,20,3
169.026,0,11324416,windows,0,13320,13025,57,0,0,0,0,0,0,42,15,0
169.256,1,11069440,windows,0,15780,15186.2,61,0,0,0,0,0,0,36,21,4
169.288,0,11339776,windows,0,11950,11950,55,0,0,0,0,0,0,40,14,1
169.512,1,11085824,windows,0,14920,14545,61,0,0,0,0,0,0,38,19,4
169.547,0,11355136,windows,0,10795,10520,52,0,0,0,0,0,0,37,14,1
169.774,1,11104256,windows,0,14180,14180,59,0,0,0,0,0,0,36,19,4
169.805,0,11369472,windows,0,8355,8355,46,0,0,0,0,0,0,33,12,1
170.035,1,11121664,windows,0,12820,12445,55,0,0,0,0,0,0,32,19,4
170.074,0,11384832,windows,0,8355,8355,46,0,0,0,0,0,0,33,12,1
170.286,1,11139072,windows,0,11905,11530,52,0,0,0,0,0,0,29,19,4
170.328,0,11399168,windows,0,8030,7795,45,0,0,0,0,0,0,32,12,1
170.551,1,11157504,windows,0,11620,11106.2,51,0,0,0,0,0,0,28,19,4
170.582,0,11413504,windows,0,8030,7795,45,0,0,0,0,0,0,32,12,1
170.803,1,11172864,windows,0,11620,11106.2,51,0,0,0,0,0,0,28,19,4
170.848,0,11428864,windows,0,7055,6800,41,0,0,0,0,0,0,27,13,1
171.069,1,11189248,windows,0,11620,11106.2,51,0,0,0,0,0,0,28,19,4
171.108,0,11444224,windows,0,7055,6800,41,0,0,0,0,0,0,27,13,1
171.327,1,11204608,windows,0,11345,10970,50,0,0,0,0,0,0,27,19,4
171.366,0,11459584,windows,0,6790,6535,40,0,0,0,0,0,0,26,13,1
171.579,1,11218944,windows,0,10340,10340,48,0,0,0,0,0,0,26,18,4
171.635,0,11473920,windows,0,6525,6391.25,39,0,0,0,0,0,0,27,12,0
171.845,1,11234304,windows,0,10340,10340,48,0,0,0,0,0,0,26,18,4
171.906,0,11488256,windows,0,6525,6391.25,39,0,0,0,0,0,0,27,12,0
172.095,1,11248640,windows,0,9905,9905,48,0,0,0,0,0,0,27,17,4
172.178,0,11501568,windows,0,6065,5850,38,0,0,0,0,0,0,27,11,0
172.353,1,11264000,windows,0,9905,9905,48,0,0,0,0,0,0,27,17,4
172.433,0,11514880,windows,0,5920,5725,38,0,0,0,0,0,0,28,10,0
172.606,1,11278336,windows,0,9640,9640,47,0,0,0,0,0,0,26,17,4
172.686,0,11530240,windows,0,5645,5450,37,0,0,0,0,0,0,27,10,0
172.867,1,11294720,windows,0,8770,8641.25,45,0,0,0,0,0,0,26,16,3
172.946,0,11548672,windows,0,5125,4930,35,0,0,0,0,0,0,25,10,0
173.127,1,11311104,windows,0,8150,8021.25,44,0,0,0,0,0,0,26,15,3
173.202,0,11565056,windows,0,5125,4930,35,0,0,0,0,0,0,25,10,0
173.394,1,11327488,windows,0,7895,7771.25,43,0,0,0,0,0,0,25,15,3
173.456,0,11580416,windows,0,4880,4685,34,0,0,0,0,0,0,24,10,0
173.65,1,11342848,windows,0,7070,6931.25,43,0,0,0,0,0,0,28,12,3
173.713,0,11597824,windows,0,4645,4645,33,0,0,0,0,0,0,23,10,0
173.909,1,11359232,windows,0,6775,6396.25,41,0,0,0,0,0,0,25,13,3
173.968,0,11617280,windows,0,4420,4311.25,32,0,0,0,0,0,0,22,10,0
174.164,1,11374592,windows,0,6775,6396.25,41,0,0,0,0,0,0,25,13,3
174.229,0,11636736,windows,0,4420,4311.25,32,0,0,0,0,0,0,22,10,0
174.424,1,11390976,windows,0,6030,5795,39,0,0,0,0,0,0,24,12,3
174.482,0,11655168,windows,0,4420,4311.25,32,0,0,0,0,0,0,22,10,0
174.681,1,11407360,windows,0,6030,5795,39,0,0,0,0,0,0,24,12,3
174.743,0,11674624,windows,0,4000,3901.25,30,0,0,0,0,0,0,20,10,0
174.942,1,11424768,windows,0,6030,5795,39,0,0,0,0,0,0,24,12,3
175.006,0,11691008,windows,0,3620,3531.25,28,0,0,0,0,0,0,18,10,0
175.199,1,11441152,windows,0,5795,5560,38,0,0,0,0,0,0,23,12,3
175.272,0,11707392,windows,0,3620,3531.25,28,0,0,0,0,0,0,18,10,0
175.452,1,11457536,windows,0,5795,5560,38,0,0,0,0,0,0,23,12,3
175.536,0,11721728,windows,0,3620,3531.25,28,0,0,0,0,0,0,18,10,0
175.706,1,11473920,windows,0,5795,5560,38,0,0,0,0,0,0,23,12,3
175.801,0,11738112,windows,0,3620,3531.25,28,0,0,0,0,0,0,18,10,0
175.967,1,11491328,windows,0,5795,5560,38,0,0,0,0,0,0,23,12,3
176.052,0,11753472,windows,0,3445,3166.25,27,0,0,0,0,0,0,17,10,0
176.231,1,11508736,windows,0,5150,5150,35,0,0,0,0,0,0,20,12,3
176.303,0,11768832,windows,0,3240,3151.25,27,0,0,0,0,0,0,18,9,0
176.482,1,11525120,windows,0,5150,5150,35,0,0,0,0,0,0,20,12,3
176.561,0,11784192,windows,0,2900,2821.25,25,0,0,0,0,0,0,16,9,0
176.745,1,11541504,windows,0,5150,5150,35,0,0,0,0,0,0,20,12,3
176.822,0,11799552,windows,0,2900,2821.25,25,0,0,0,0,0,0,16,9,0
177.01,1,11557888,windows,0,5150,5150,35,0,0,0,0,0,0,20,12,3
177.085,0,11814912,windows,0,2900,2821.25,25,0,0,0,0,0,0,16,9,0
177.267,1,11574272,windows,0,5150,5150,35,0,0,0,0,0,0,20,12,3
177.346,0,11830272,windows,0,2900,2821.25,25,0,0,0,0,0,0,16,9,0
177.526,1,11590656,windows,0,1000,905,15,0,0,0,0,0,0,10,5,0
177.599,0,11845632,windows,0,2745,2570,24,0,0,0,0,0,0,15,9,0
177.786,1,11607040,windows,0,1000,905,15,0,0,0,0,0,0,10,5,0
177.856,0,11862016,windows,0,2745,2570,24,0,0,0,0,0,0,15,9,0
178.05,1,11623424,windows,0,1000,905,15,0,0,0,0,0,0,10,5,0
178.115,0,11877376,windows,0,2745,2570,24,0,0,0,0,0,0,15,9,0
178.303,1,11639808,windows,0,905,766.25,14,0,0,0,0,0,0,9,5,0
178.367,0,11892736,windows,0,2405,2331.25,23,0,0,0,0,0,0,15,8,0
178.567,1,11656192,windows,0,905,766.25,14,0,0,0,0,0,0,9,5,0
178.629,0,11908096,windows,0,2260,2260,23,0,0,0,0,0,0,16,7,0
178.825,1,11671552,windows,0,905,766.25,14,0,0,0,0,0,0,9,5,0
178.879,0,11923456,windows,0,2260,2260,23,0,0,0,0,0,0,16,7,0
179.091,1,11687936,windows,0,905,766.25,14,0,0,0,0,0,0,9,5,0
179.145,0,11939840,windows,0,1825,1761.25,20,0,0,0,0,0,0,13,7,0
179.349,1,11703296,windows,0,905,766.25,14,0,0,0,0,0,0,9,5,0
179.405,0,11955200,windows,0,1825,1761.25,20,0,0,0,0,0,0,13,7,0
179.6,1,11718656,windows,0,905,766.25,14,0,0,0,0,0,0,9,5,0
179.668,0,11971584,windows,0,1825,1761.25,20,0,0,0,0,0,0,13,7,0
179.859,1,11732992,windows,0,905,766.25,14,0,0,0,0,0,0,9,5,0
179.921,0,11987968,windows,0,1700,1700,19,0,0,0,0,0,0,12,7,0
180.116,1,11749376,windows,0,905,766.25,14,0,0,0,0,0,0,9,5,0
180.187,0,12005376,windows,0,1700,1700,19,0,0,0,0,0,0,12,7,0
180.376,1,11764736,windows,0,905,766.25,14,0,0,0,0,0,0,9,5,0
180.439,0,12020736,windows,0,1700,1700,19,0,0,0,0,0,0,12,7,0
180.633,1,11780096,windows,0,905,766.25,14,0,0,0,0,0,0,9,5,0
180.699,0,12037120,windows,0,1700,1700,19,0,0,0,0,0,0,12,7,0
180.892,1,11796480,windows,0,905,766.25,14,0,0,0,0,0,0,9,5,0
180.955,0,12053504,windows,0,1700,1700,19,0,0,0,0,0,0,12,7,0
181.151,1,11814912,windows,0,905,766.25,14,0,0,0,0,0,0,9,5,0
181.214,0,12064768,windows,0,1700,1700,19,0,0,0,0,0,0,12,7,0
181.402,1,11831296,windows,0,905,766.25,14,0,0,0,0,0,0,9,5,0
181.475,0,12080128,windows,0,1700,1700,19,0,0,0,0,0,0,12,7,0
181.663,1,11847680,windows,0,905,766.25,14,0,0,0,0,0,0,9,5,0
181.729,0,12094464,windows,0,1700,1700,19,0,0,0,0,0,0,12,7,0
181.92,1,11864064,windows,0,905,766.25,14,0,0,0,0,0,0,9,5,0
181.981,0,12109824,windows,0,1700,1700,19,0,0,0,0,0,0,12,7,0
182.175,1,11880448,windows,0,905,766.25,14,0,0,0,0,0,0,9,5,0
182.244,0,12125184,repair,0,1700,1700,19,0,0,0,0,0,0,12,7,0
182.436,1,11894784,windows,0,905,766.25,14,0,0,0,0,0,0,9,5,0
182.504,0,12140544,repair,0,1700,1700,19,0,0,0,0,0,0,12,7,0
182.686,1,11911168,windows,0,905,766.25,14,0,0,0,0,0,0,9,5,0
182.763,0,12156928,windows,0,1700,1700,19,0,0,0,0,0,0,12,7,0
182.945,1,11927552,windows,0,905,766.25,14,0,0,0,0,0,0,9,5,0
183.014,0,12171264,windows,0,1700,1700,19,0,0,0,0,0,0,12,7,0
183.204,1,11943936,windows,0,905,766.25,14,0,0,0,0,0,0,9,5,0
183.268,0,12185600,windows,0,1700,1700,19,0,0,0,0,0,0,12,7,0
183.457,1,11958272,windows,0,905,766.25,14,0,0,0,0,0,0,9,5,0
183.521,0,12198912,windows,0,1700,1700,19,0,0,0,0,0,0,12,7,0
183.723,1,11975680,windows,0,905,766.25,14,0,0,0,0,0,0,9,5,0
183.785,0,12214272,windows,0,1700,1700,19,0,0,0,0,0,0,12,7,0
183.984,1,11992064,windows,0,905,766.25,14,0,0,0,0,0,0,9,5,0
184.051,0,12228608,windows,0,1700,1700,19,0,0,0,0,0,0,12,7,0
184.251,1,12008448,windows,0,905,766.25,14,0,0,0,0,0,0,9,5,0
184.318,0,12242944,windows,0,1700,1700,19,0,0,0,0,0,0,12,7,0
184.511,1,12022784,windows,0,905,766.25,14,0,0,0,0,0,0,9,5,0
184.582,0,12257280,windows,0,1700,1700,19,0,0,0,0,0,0,12,7,0
184.771,1,12039168,windows,0,905,766.25,14,0,0,0,0,0,0,9,5,0
184.833,0,12271616,windows,0,1700,1700,19,0,0,0,0,0,0,12,7,0
185.023,1,12055552,windows,0,905,766.25,14,0,0,0,0,0,0,9,5,0
185.099,0,12286976,windows,0,1700,1700,19,0,0,0,0,0,0,12,7,0
185.278,1,12071936,windows,0,905,766.25,14,0,0,0,0,0,0,9,5,0
185.359,0,12301312,windows,0,905,766.25,14,0,0,0,0,0,0,9,5,0
185.535,1,12088320,repair,0,905,766.25,14,0,0,0,0,0,0,9,5,0
185.623,0,12317696,windows,0,905,766.25,14,0,0,0,0,0,0,9,5,0
185.793,1,12106752,windows,0,905,766.25,14,0,0,0,0,0,0,9,5,0
185.874,0,12334080,windows,0,905,766.25,14,0,0,0,0,0,0,9,5,0
186.044,1,12125184,windows,0,905,766.25,14,0,0,0,0,0,0,9,5,0
186.134,0,12350464,windows,0,905,766.25,14,0,0,0,0,0,0,9,5,0
186.304,1,12144640,windows,0,905,766.25,14,0,0,0,0,0,0,9,5,0
186.389,0,12365824,windows,0,905,766.25,14,0,0,0,0,0,0,9,5,0
186.555,1,12162048,windows,0,905,766.25,14,0,0,0,0,0,0,9,5,0
186.651,0,12382208,windows,0,905,766.25,14,0,0,0,0,0,0,9,5,0
186.816,1,12177408,windows,0,905,766.25,14,0,0,0,0,0,0,9,5,0
186.911,0,12399616,windows,0,905,766.25,14,0,0,0,0,0,0,9,5,0
187.08,1,12193792,windows,0,905,766.25,14,0,0,0,0,0,0,9,5,0
187.164,0,12414976,windows,0,905,766.25,14,0,0,0,0,0,0,9,5,0
187.344,1,12209152,windows,0,905,766.25,14,0,0,0,0,0,0,9,5,0
187.415,0,12430336,windows,0,905,766.25,14,0,0,0,0,0,0,9,5,0
187.605,1,12225536,windows,0,905,766.25,14,0,0,0,0,0,0,9,5,0
187.674,0,12445696,windows,0,905,766.25,14,0,0,0,0,0,0,9,5,0
187.857,1,12242944,windows,0,905,766.25,14,0,0,0,0,0,0,9,5,0
187.927,0,12461056,windows,0,905,766.25,14,0,0,0,0,0,0,9,5,0
188.112,1,12262400,windows,0,905,766.25,14,0,0,0,0,0,0,9,5,0
188.182,0,12475392,windows,0,905,766.25,14,0,0,0,0,0,0,9,5,0
188.363,1,12278784,windows,0,905,766.25,14,0,0,0,0,0,0,9,5,0
188.447,0,12487680,windows,0,905,766.25,14,0,0,0,0,0,0,9,5,0
188.63,1,12295168,windows,0,905,766.25,14,0,0,0,0,0,0,9,5,0
188.7,0,12502016,windows,0,905,766.25,14,0,0,0,0,0,0,9,5,0
188.892,1,12312576,windows,0,905,766.25,14,0,0,0,0,0,0,9,5,0
188.958,0,12520448,windows,0,905,766.25,14,0,0,0,0,0,0,9,5,0
189.144,1,12328960,windows,0,905,766.25,14,0,0,0,0,0,0,9,5,0
189.22,0,12537856,windows,0,905,766.25,14,0,0,0,0,0,0,9,5,0
189.404,1,12345344,windows,0,905,766.25,14,0,0,0,0,0,0,9,5,0
189.489,0,12553216,windows,0,905,766.25,14,0,0,0,0,0,0,9,5,0
189.665,1,12361728,windows,0,905,766.25,14,0,0,0,0,0,0,9,5,0
189.753,0,12569600,windows,0,905,766.25,14,0,0,0,0,0,0,9,5,0
189.927,1,12376064,repair,0,905,766.25,14,0,0,0,0,0,0,9,5,0
190.006,0,12583936,windows,0,905,766.25,14,0,0,0,0,0,0,9,5,0
190.183,1,12392448,repair,0,905,766.25,14,0,0,0,0,0,0,9,5,0
190.258,0,12599296,windows,0,905,766.25,14,0,0,0,0,0,0,9,5,0
190.437,1,12407808,repair,0,905,766.25,14,0,0,0,0,0,0,9,5,0
190.513,0,12616704,windows,0,905,766.25,14,0,0,0,0,0,0,9,5,0
190.699,1,12425216,repair,0,905,766.25,14,0,0,0,0,0,0,9,5,0
190.767,0,12634112,windows,0,905,766.25,14,0,0,0,0,0,0,9,5,0
190.957,1,12441600,windows,0,905,766.25,14,0,0,0,0,0,0,9,5,0
191.02,0,12653568,windows,0,905,766.25,14,0,0,0,0,0,0,9,5,0
191.209,1,12455936,windows,0,905,766.25,14,0,0,0,0,0,0,9,5,0
191.277,0,12673024,windows,0,905,766.25,14,0,0,0,0,0,0,9,5,0
191.464,1,12469248,windows,0,905,766.25,14,0,0,0,0,0,0,9,5,0
191.537,0,12691456,repair,0,905,766.25,14,0,0,0,0,0,0,9,5,0
191.724,1,12483584,windows,0,905,766.25,14,0,0,0,0,0,0,9,5,0
191.796,0,12707840,windows,0,905,766.25,14,0,0,0,0,0,0,9,5,0
191.977,1,12496896,windows,0,905,766.25,14,0,0,0,0,0,0,9,5,0
192.052,0,12723200,windows,0,905,766.25,14,0,0,0,0,0,0,9,5,0
192.232,1,12510208,windows,0,905,766.25,14,0,0,0,0,0,0,9,5,0
192.317,0,12738560,windows,0,905,766.25,14,0,0,0,0,0,0,9,5,0
192.491,1,12524544,windows,0,905,766.25,14,0,0,0,0,0,0,9,5,0
192.57,0,12752896,windows,0,905,766.25,14,0,0,0,0,0,0,9,5,0
192.747,1,12539904,windows,0,905,766.25,14,0,0,0,0,0,0,9,5,0
192.836,0,12768256,windows,0,905,766.25,14,0,0,0,0,0,0,9,5,0
193.001,1,12557312,windows,0,905,766.25,14,0,0,0,0,0,0,9,5,0
193.098,0,12782592,windows,0,905,766.25,14,0,0,0,0,0,0,9,5,0
193.264,1,12573696,windows,0,905,766.25,14,0,0,0,0,0,0,9,5,0
193.355,0,12796928,windows,0,905,766.25,14,0,0,0,0,0,0,9,5,0
193.527,1,12590080,windows,0,905,766.25,14,0,0,0,0,0,0,9,5,0
193.617,0,12811264,windows,0,905,766.25,14,0,0,0,0,0,0,9,5,0
193.787,1,12607488,windows,0,905,766.25,14,0,0,0,0,0,0,9,5,0
193.881,0,12825600,windows,0,905,766.25,14,0,0,0,0,0,0,9,5,0
194.037,1,12624896,windows,0,905,766.25,14,0,0,0,0,0,0,9,5,0
194.142,0,12839936,windows,0,905,766.25,14,0,0,0,0,0,0,9,5,0
194.298,1,12642304,windows,0,905,766.25,14,0,0,0,0,0,0,9,5,0
194.408,0,12855296,windows,0,905,766.25,14,0,0,0,0,0,0,9,5,0
194.549,1,12658688,windows,0,905,766.25,14,0,0,0,0,0,0,9,5,0
194.666,0,12869632,windows,0,905,766.25,14,0,0,0,0,0,0,9,5,0
194.817,1,12676096,windows,0,905,766.25,14,0,0,0,0,0,0,9,5,0
194.919,0,12883968,windows,0,905,766.25,14,0,0,0,0,0,0,9,5,0
195.08,1,12693504,windows,0,905,766.25,14,0,0,0,0,0,0,9,5,0
195.186,0,12899328,windows,0,905,766.25,14,0,0,0,0,0,0,9,5,0
195.349,1,12709888,windows,0,905,766.25,14,0,0,0,0,0,0,9,5,0
195.449,0,12914688,windows,0,905,766.25,14,0,0,0,0,0,0,9,5,0
195.617,1,12725248,repair,0,905,766.25,14,0,0,0,0,0,0,9,5,0
195.715,0,12930048,windows,0,905,766.25,14,0,0,0,0,0,0,9,5,0
195.873,1,12740608,windows,0,905,766.25,14,0,0,0,0,0,0,9,5,0
195.967,0,12942336,windows,0,905,766.25,14,0,0,0,0,0,0,9,5,0
196.131,1,12754944,windows,0,905,766.25,14,0,0,0,0,0,0,9,5,0
196.303,0,12955648,windows,0,905,766.25,14,0,0,0,0,0,0,9,5,0
196.388,1,12771328,windows,0,905,766.25,14,0,0,0,0,0,0,9,5,0
196.561,0,12968960,windows,0,905,766.25,14,0,0,0,0,0,0,9,5,0
196.647,1,12788736,windows,0,905,766.25,14,0,0,0,0,0,0,9,5,0
196.811,0,12987392,windows,0,905,766.25,14,0,0,0,0,0,0,9,5,0
196.898,1,12806144,windows,0,905,766.25,14,0,0,0,0,0,0,9,5,0
197.066,0,13004800,windows,0,905,766.25,14,0,0,0,0,0,0,9,5,0
197.163,1,12823552,windows,0,905,766.25,14,0,0,0,0,0,0,9,5,0
197.335,0,13023232,repair,0,905,766.25,14,0,0,0,0,0,0,9,5,0
197.427,1,12837888,windows,0,905,766.25,14,0,0,0,0,0,0,9,5,0
197.595,0,13038592,windows,0,905,766.25,14,0,0,0,0,0,0,9,5,0
197.683,1,12852224,windows,0,905,766.25,14,0,0,0,0,0,0,9,5,0
197.847,0,13054976,windows,0,905,766.25,14,0,0,0,0,0,0,9,5,0
197.943,1,12867584,windows,0,905,766.25,14,0,0,0,0,0,0,9,5,0
198.101,0,13069312,windows,0,905,766.25,14,0,0,0,0,0,0,9,5,0
198.198,1,12883968,windows,0,905,766.25,14,0,0,0,0,0,0,9,5,0
198.358,0,13083648,windows,0,905,766.25,14,0,0,0,0,0,0,9,5,0
198.45,1,12898304,repair,710,2.59709e+08,2.5965e+08,6978,46,146,135,229,154,0,3826,2953,199
198.622,0,13097984,windows,0,905,766.25,14,0,0,0,0,0,0,9,5,0
198.713,1,12918784,repair,565,2.72774e+08,2.72714e+08,7268,35,100,104,217,109,0,4119,2999,150
198.882,0,13115392,windows,0,905,766.25,14,0,0,0,0,0,0,9,5,0
198.975,1,12936192,repair,477,2.46004e+08,2.46004e+08,7017,27,82,81,194,93,0,4040,2811,166
199.138,0,13132800,windows,0,905,766.25,14,0,0,0,0,0,0,9,5,0
199.239,1,12953600,repair,379,2.37561e+08,2.37557e+08,6851,20,83,69,122,85,0,3907,2806,138
199.408,0,13150208,windows,0,905,766.25,14,0,0,0,0,0,0,9,5,0
199.499,1,12971008,repair,319,1.99791e+08,1.99772e+08,6444,21,59,53,129,57,0,3833,2484,127
199.667,0,13163520,windows,0,905,766.25,14,0,0,0,0,0,0,9,5,0
199.756,1,12987392,repair,266,1.92087e+08,1.92016e+08,6379,16,48,41,105,56,0,3845,2408,126
199.935,0,13177856,windows,0,905,766.25,14,0,0,0,0,0,0,9,5,0
200.016,1,13004800,repair,211,1.79184e+08,1.79184e+08,6125,16,36,35,80,44,0,3662,2353,110
200.198,0,13192192,windows,0,905,766.25,14,0,0,0,0,0,0,9,5,0
200.267,1,13021184,repair,162,1.62762e+08,1.62715e+08,5878,9,22,22,65,44,0,3563,2217,98
200.461,0,13206528,windows,0,905,766.25,14,0,0,0,0,0,0,9,5,0
200.527,1,13038592,repair,124,1.49485e+08,1.49485e+08,5630,4,24,13,47,36,0,3419,2126,85
200.721,0,13221888,windows,0,905,766.25,14,0,0,0,0,0,0,9,5,0
200.781,1,13053952,repair,95,1.39885e+08,1.39868e+08,5472,2,10,15,39,29,0,3342,2044,86
200.972,0,13237248,windows,0,905,766.25,14,0,0,0,0,0,0,9,5,0
201.037,1,13070336,repair,69,1.2649e+08,1.26471e+08,5265,1,8,4,39,17,0,3276,1903,86
201.223,0,13251584,windows,0,905,766.25,14,0,0,0,0,0,0,9,5,0
201.294,1,13084672,repair,47,1.17243e+08,1.17207e+08,5092,3,9,3,17,15,0,3197,1815,80
201.473,0,13265920,windows,0,905,766.25,14,0,0,0,0,0,0,9,5,0
201.545,1,13101056,repair,28,1.0775e+08,1.07698e+08,4916,1,6,4,11,6,0,3131,1711,74
201.731,0,13280256,windows,0,905,766.25,14,0,0,0,0,0,0,9,5,0
201.797,1,13116416,repair,17,9.95498e+07,9.95018e+07,4707,0,0,2,13,2,0,2990,1654,63
201.995,0,13296640,windows,0,905,766.25,14,0,0,0,0,0,0,9,5,0
202.059,1,13132800,repair,7,8.96844e+07,8.96681e+07,4483,0,1,1,4,1,0,2855,1562,66
202.263,0,13313024,windows,0,905,766.25,14,0,0,0,0,0,0,9,5,0
202.313,1,13151232,repair,2,7.95114e+07,7.94688e+07,4259,0,0,0,2,0,0,2749,1442,68
202.52,0,13328384,windows,0,905,766.25,14,0,0,0,0,0,0,9,5,0
202.577,1,13171712,repair,1,6.05496e+07,6.05477e+07,3766,0,0,0,1,0,0,2488,1214,64
202.783,0,13345792,windows,0,905,766.25,14,0,0,0,0,0,0,9,5,0
202.832,1,13189120,windows,0,4.99518e+07,4.99292e+07,3384,0,0,0,0,0,0,2200,1133,51
203.038,0,13361152,windows,0,905,766.25,14,0,0,0,0,0,0,9,5,0
203.088,1,13205504,windows,0,4.1002e+07,4.10005e+07,3091,0,0,0,0,0,0,2036,1005,50
203.344,1,13221888,windows,0,3.24279e+07,3.24178e+07,2751,0,0,0,0,0,0,1845,877,29
203.364,0,13375488,windows,0,905,766.25,14,0,0,0,0,0,0,9,5,0
203.611,1,13238272,windows,0,2.67545e+07,2.67452e+07,2516,0,0,0,0,0,0,1716,775,25
203.618,0,13391872,windows,0,905,766.25,14,0,0,0,0,0,0,9,5,0
203.872,1,13252608,windows,0,2.28064e+07,2.27833e+07,2332,0,0,0,0,0,0,1590,712,30
203.878,0,13408256,windows,0,905,766.25,14,0,0,0,0,0,0,9,5,0
204.133,0,13424640,windows,0,905,766.25,14,0,0,0,0,0,0,9,5,0
204.138,1,13266944,windows,0,1.96699e+07,1.96484e+07,2181,0,0,0,0,0,0,1501,647,33
204.389,0,13441024,windows,0,905,766.25,14,0,0,0,0,0,0,9,5,0
204.397,1,13281280,windows,0,1.6479e+07,1.64653e+07,1970,0,0,0,0,0,0,1304,630,36
204.655,0,13456384,windows,0,905,766.25,14,0,0,0,0,0,0,9,5,0
204.656,1,13296640,windows,0,1.35032e+07,1.35025e+07,1795,0,0,0,0,0,0,1225,547,23
204.913,1,13314048,windows,0,1.12595e+07,1.12493e+07,1651,0,0,0,0,0,0,1149,482,20
204.915,0,13472768,windows,0,905,766.25,14,0,0,0,0,0,0,9,5,0
205.167,0,13487104,windows,0,905,766.25,14,0,0,0,0,0,0,9,5,0
205.169,1,13330432,windows,0,9.4588e+06,9.4441e+06,1519,0,0,0,0,0,0,1059,438,22
205.428,0,13502464,windows,0,905,766.25,14,0,0,0,0,0,0,9,5,0
205.432,1,13346816,windows,0,7.9173e+06,7.90937e+06,1392,0,0,0,0,0,0,975,397,20
205.695,0,13517824,windows,0,905,766.25,14,0,0,0,0,0,0,9,5,0
205.699,1,13362176,windows,0,6.35186e+06,6.34386e+06,1238,0,0,0,0,0,0,847,371,20
205.949,0,13533184,windows,0,905,766.25,14,0,0,0,0,0,0,9,5,0
205.956,1,13377536,windows,0,5.31438e+06,5.31438e+06,1143,0,0,0,0,0,0,809,319,15
206.209,0,13547520,windows,0,905,766.25,14,0,0,0,0,0,0,9,5,0
206.217,1,13392896,windows,0,4.5579e+06,4.54829e+06,1060,0,0,0,0,0,0,753,293,14
206.474,0,13562880,windows,0,905,766.25,14,0,0,0,0,0,0,9,5,0
206.486,1,13409280,windows,0,3.81414e+06,3.8104e+06,962,0,0,0,0,0,0,666,282,14
206.739,1,13424640,windows,0,3.0321e+06,3.0272e+06,857,0,0,0,0,0,0,605,245,7
206.748,0,13578240,windows,0,905,766.25,14,0,0,0,0,0,0,9,5,0
206.994,1,13441024,windows,0,2.429e+06,2.42624e+06,771,0,0,0,0,0,0,553,212,6
207.006,0,13589504,windows,0,905,766.25,14,0,0,0,0,0,0,9,5,0
207.247,1,13456384,windows,0,2.03054e+06,2.02434e+06,712,0,0,0,0,0,0,527,179,6
207.259,0,13603840,windows,0,905,766.25,14,0,0,0,0,0,0,9,5,0
207.509,1,13472768,windows,0,1.6786e+06,1.67491e+06,642,0,0,0,0,0,0,460,176,6
207.526,0,13619200,windows,0,905,766.25,14,0,0,0,0,0,0,9,5,0
207.768,1,13489152,windows,0,1.28464e+06,1.28464e+06,566,0,0,0,0,0,0,405,152,9
207.786,0,13635584,windows,0,905,766.25,14,0,0,0,0,0,0,9,5,0
208.025,1,13505536,windows,0,1.03432e+06,1.03409e+06,508,0,0,0,0,0,0,364,136,8
208.042,0,13650944,windows,0,905,766.25,14,0,0,0,0,0,0,9,5,0
208.285,1,13522944,windows,0,852875,851211,460,0,0,0,0,0,0,333,122,5
208.303,0,13667328,windows,0,905,766.25,14,0,0,0,0,0,0,9,5,0
208.549,1,13540352,windows,0,701330,699012,424,0,0,0,0,0,0,312,103,9
208.564,0,13683712,windows,0,905,766.25,14,0,0,0,0,0,0,9,5,0
208.809,1,13556736,windows,0,538500,536292,361,0,0,0,0,0,0,252,105,4
208.818,0,13699072,windows,0,905,766.25,14,0,0,0,0,0,0,9,5,0
209.073,0,13714432,windows,0,905,766.25,14,0,0,0,0,0,0,9,5,0
209.077,1,13574144,windows,0,428885,427701,325,0,0,0,0,0,0,237,86,2
209.324,0,13729792,windows,0,905,766.25,14,0,0,0,0,0,0,9,5,0
209.338,1,13590528,windows,0,364435,362920,302,0,0,0,0,0,0,223,76,3
209.582,0,13747200,windows,0,905,766.25,14,0,0,0,0,0,0,9,5,0
209.588,1,13606912,windows,0,310205,308770,279,0,0,0,0,0,0,203,72,4
209.842,0,13764608,windows,0,905,766.25,14,0,0,0,0,0,0,9,5,0
209.848,1,13623296,windows,0,264620,264568,255,0,0,0,0,0,0,184,69,2
210.098,0,13775872,repair,869,2.05275e+08,2.05269e+08,6126,55,153,131,359,171,0,3383,2529,214
210.103,1,13639680,windows,0,176995,176159,210,0,0,0,0,0,0,151,56,3
210.36,1,13656064,windows,0,145710,143894,189,0,0,0,0,0,0,132,54,3
210.361,0,13793280,repair,684,2.57711e+08,2.57648e+08,7120,51,133,123,269,108,0,4084,2850,186
210.614,0,13810688,repair,550,2.70937e+08,2.70937e+08,7182,39,115,90,196,110,0,4021,3022,139
210.622,1,13673472,windows,0,123830,123748,176,0,0,0,0,0,0,126,47,3
210.871,0,13828096,repair,469,2.45813e+08,2.45736e+08,6884,34,79,82,173,101,0,3873,2874,137
210.882,1,13691904,windows,0,106120,106068,162,0,0,0,0,0,0,116,44,2
211.128,0,13845504,repair,371,2.27678e+08,2.27659e+08,6714,17,61,63,140,90,0,3837,2740,137
211.141,1,13710336,windows,0,76930,76930,137,0,0,0,0,0,0,98,38,1
211.385,0,13862912,repair,315,2.02185e+08,2.02166e+08,6369,25,49,52,125,64,0,3669,2569,131
211.401,1,13728768,windows,0,69500,69051.2,130,0,0,0,0,0,0,90,38,2
211.646,0,13879296,repair,256,1.97457e+08,1.97435e+08,6361,13,46,48,97,52,0,3743,2505,113
211.659,1,13747200,windows,0,63170,62658.8,125,0,0,0,0,0,0,86,36,3
211.903,0,13894656,repair,210,1.7958e+08,1.79559e+08,6029,6,34,36,82,52,0,3500,2417,112
211.915,1,13764608,windows,0,57330,56592.5,120,0,0,0,0,0,0,84,33,3
212.165,0,13910016,repair,164,1.63695e+08,1.63649e+08,5800,15,31,19,58,41,0,3403,2289,108
212.172,1,13782016,windows,0,47015,46661.2,105,0,0,0,0,0,0,71,33,1
212.42,0,13925376,repair,128,1.545e+08,1.54457e+08,5710,1,23,19,63,22,0,3433,2177,100
212.434,1,13800448,windows,0,38630,37726.2,96,0,0,0,0,0,0,66,29,1
212.681,0,13941760,repair,106,1.33131e+08,1.33111e+08,5350,4,20,7,43,32,0,3274,1987,89
212.689,1,13818880,windows,0,36190,36190,93,0,0,0,0,0,0,64,28,1
212.94,0,13961216,repair,69,1.28455e+08,1.28416e+08,5266,1,15,7,28,18,0,3223,1951,92
212.951,1,13837312,windows,0,30770,30461.2,87,0,0,0,0,0,0,62,24,1
213.191,0,13978624,repair,35,1.22493e+08,1.22477e+08,5116,2,5,3,15,10,0,3099,1926,91
213.21,1,13853696,windows,0,23755,23755,76,0,0,0,0,0,0,53,22,1
213.442,0,13998080,repair,19,1.14315e+08,1.14261e+08,4955,0,1,6,6,6,0,3035,1845,75
213.468,1,13871104,windows,0,22715,22026.2,74,0,0,0,0,0,0,51,22,1
213.696,0,14016512,repair,10,9.42775e+07,9.42286e+07,4589,1,2,3,3,1,0,2908,1610,71
213.725,1,13888512,windows,0,20530,20135,71,0,0,0,0,0,0,50,20,1
213.957,0,14036992,repair,3,8.00006e+07,7.9999e+07,4262,0,1,1,1,0,0,2760,1446,56
213.982,1,13905920,windows,0,18770,18156.2,68,0,0,0,0,0,0,48,19,1
214.21,0,14057472,repair,2,6.68002e+07,6.67614e+07,3926,0,0,1,1,0,0,2582,1292,52
214.233,1,13923328,windows,0,17375,17151.2,65,0,0,0,0,0,0,45,19,1
214.465,0,14074880,repair,1,5.70001e+07,5.69767e+07,3650,0,0,1,0,0,0,2429,1171,50
214.49,1,13940736,windows,0,16850,16246.2,63,0,0,0,0,0,0,42,20,1
214.717,0,14089216,windows,0,4.9621e+07,4.96196e+07,3376,0,0,0,0,0,0,2206,1123,47
214.741,1,13958144,windows,0,15055,15055,61,0,0,0,0,0,0,43,17,1
214.969,0,14105600,windows,0,3.82564e+07,3.82564e+07,2989,0,0,0,0,0,0,1972,968,49
214.998,1,13976576,windows,0,13970,13970,59,0,0,0,0,0,0,42,16,1
215.224,0,14123008,windows,0,3.0856e+07,3.0856e+07,2733,0,0,0,0,0,0,1873,814,46
215.254,1,13995008,windows,0,13505,13505,58,0,0,0,0,0,0,39,17,2
215.476,0,14139392,windows,0,2.60898e+07,2.60887e+07,2521,0,0,0,0,0,0,1751,732,38
215.513,1,14012416,windows,0,12370,12055,55,0,0,0,0,0,0,38,16,1
215.732,0,14155776,windows,0,2.19731e+07,2.19594e+07,2307,0,0,0,0,0,0,1584,685,38
215.767,1,14030848,windows,0,12370,12055,55,0,0,0,0,0,0,38,16,1
215.995,0,14173184,windows,0,1.72859e+07,1.72779e+07,2052,0,0,0,0,0,0,1432,592,28
216.021,1,14049280,windows,0,10520,10520,52,0,0,0,0,0,0,36,14,2
216.248,0,14190592,windows,0,1.41028e+07,1.40953e+07,1873,0,0,0,0,0,0,1354,496,23
216.282,1,14068736,windows,0,10165,10165,51,0,0,0,0,0,0,35,14,2
216.5,0,14208000,windows,0,1.18157e+07,1.18157e+07,1702,0,0,0,0,0,0,1206,476,20
216.545,1,14088192,windows,0,9820,9820,50,0,0,0,0,0,0,34,14,2
216.762,0,14225408,windows,0,9.92503e+06,9.91888e+06,1560,0,0,0,0,0,0,1094,443,23
216.802,1,14106624,windows,0,9425,9425,48,0,0,0,0,0,0,31,15,2
217.014,0,14240768,windows,0,7.84147e+06,7.83273e+06,1379,0,0,0,0,0,0,952,406,21
217.062,1,14125056,windows,0,8945,8945,48,0,0,0,0,0,0,33,13,2
217.275,0,14257152,windows,0,6.54835e+06,6.54389e+06,1265,0,0,0,0,0,0,892,358,15
217.327,1,14143488,windows,0,8445,8210,47,0,0,0,0,0,0,33,12,2
217.534,0,14272512,windows,0,5.73267e+06,5.72161e+06,1187,0,0,0,0,0,0,852,324,11
217.579,1,14158848,windows,0,7660,7660,45,0,0,0,0,0,0,32,11,2
217.792,0,14287872,windows,0,4.86082e+06,4.86049e+06,1089,0,0,0,0,0,0,771,307,11
217.831,1,14176256,windows,0,7040,6891.25,43,0,0,0,0,0,0,30,11,2
218.054,0,14301184,windows,0,4.02466e+06,4.01878e+06,989,0,0,0,0,0,0,699,281,9
218.087,1,14195712,windows,0,6920,6546.25,42,0,0,0,0,0,0,28,12,2
218.315,0,14314496,windows,0,3.39251e+06,3.38724e+06,903,0,0,0,0,0,0,632,264,7
218.349,1,14215168,windows,0,6645,6276.25,41,0,0,0,0,0,0,27,12,2
218.582,0,14327808,windows,0,2.8773e+06,2.87252e+06,831,0,0,0,0,0,0,589,239,3
218.609,1,14234624,windows,0,5765,5765,39,0,0,0,0,0,0,27,10,2
218.852,0,14342144,windows,0,2.44542e+06,2.44542e+06,770,0,0,0,0,0,0,545,219,6
218.859,1,14254080,windows,0,5000,4881.25,36,0,0,0,0,0,0,24,10,2
219.11,0,14356480,windows,0,2.09814e+06,2.09529e+06,724,0,0,0,0,0,0,537,181,6
219.114,1,14272512,windows,0,5000,4881.25,36,0,0,0,0,0,0,24,10,2
219.363,0,14369792,windows,0,1.73407e+06,1.73407e+06,648,0,0,0,0,0,0,458,185,5
219.366,1,14289920,windows,0,5000,4881.25,36,0,0,0,0,0,0,24,10,2
219.621,1,14306304,windows,0,5000,4881.25,36,0,0,0,0,0,0,24,10,2
219.629,0,14384128,windows,0,1.37573e+06,1.37245e+06,582,0,0,0,0,0,0,420,157,5
219.875,1,14322688,windows,0,5000,4881.25,36,0,0,0,0,0,0,24,10,2
219.88,0,14398464,windows,0,1.18883e+06,1.18883e+06,545,0,0,0,0,0,0,396,142,7
220.128,1,14336000,windows,0,5000,4881.25,36,0,0,0,0,0,0,24,10,2
220.142,0,14412800,windows,0,1.00646e+06,1.00466e+06,500,0,0,0,0,0,0,361,133,6
220.384,1,14355456,windows,0,4765,4765,35,0,0,0,0,0,0,23,10,2
220.395,0,14427136,windows,0,868450,866721,467,0,0,0,0,0,0,346,116,5
220.642,1,14374912,windows,0,4540,4540,34,0,0,0,0,0,0,22,10,2
220.656,0,14441472,windows,0,682735,680458,413,0,0,0,0,0,0,301,107,5
220.894,1,14393344,windows,0,4540,4540,34,0,0,0,0,0,0,22,10,2
220.921,0,14456832,windows,0,539785,537738,366,0,0,0,0,0,0,265,97,4
221.145,1,14412800,windows,0,4325,4325,33,0,0,0,0,0,0,21,10,2
221.184,0,14471168,windows,0,435025,433739,328,0,0,0,0,0,0,235,89,4
221.405,1,14432256,windows,0,4325,4325,33,0,0,0,0,0,0,21,10,2
221.446,0,14484480,windows,0,373705,371938,304,0,0,0,0,0,0,217,83,4
221.656,1,14450688,windows,0,4120,4021.25,32,0,0,0,0,0,0,20,10,2
221.713,0,14498816,windows,0,317820,316779,278,0,0,0,0,0,0,198,78,2
221.91,1,14468096,windows,0,4120,4021.25,32,0,0,0,0,0,0,20,10,2
221.969,0,14513152,windows,0,233445,232078,239,0,0,0,0,0,0,171,66,2
222.173,1,14486528,windows,0,3740,3651.25,30,0,0,0,0,0,0,18,10,2
222.223,0,14527488,windows,0,185455,184711,211,0,0,0,0,0,0,149,61,1
222.425,1,14503936,windows,0,3565,3565,29,0,0,0,0,0,0,17,10,2
222.486,0,14541824,windows,0,156700,156700,198,0,0,0,0,0,0,146,50,2
222.691,1,14520320,windows,0,3565,3565,29,0,0,0,0,0,0,17,10,2
222.746,0,14556160,windows,0,135840,135788,185,0,0,0,0,0,0,138,45,2
222.949,1,14537728,windows,0,3565,3565,29,0,0,0,0,0,0,17,10,2
223.007,0,14573568,windows,0,118720,118668,171,0,0,0,0,0,0,122,47,2
223.205,1,14555136,windows,0,3565,3565,29,0,0,0,0,0,0,17,10,2
223.265,0,14589952,windows,0,78440,77951.2,137,0,0,0,0,0,0,98,39,0
223.47,1,14572544,windows,0,905,766.25,14,0,0,0,0,0,0,9,5,0
223.522,0,14607360,windows,0,68245,68245,129,0,0,0,0,0,0,95,34,0
223.73,1,14587904,windows,0,905,766.25,14,0,0,0,0,0,0,9,5,0
223.776,0,14624768,windows,0,55845,55250,117,0,0,0,0,0,0,87,30,0
223.995,1,14603264,windows,0,905,766.25,14,0,0,0,0,0,0,9,5,0
224.031,0,14643200,windows,0,49625,49625,110,0,0,0,0,0,0,81,29,0
224.247,1,14618624,windows,0,905,766.25,14,0,0,0,0,0,0,9,5,0
224.291,0,14661632,windows,0,35620,34786.2,93,0,0,0,0,0,0,68,25,0
224.5,1,14633984,windows,0,905,766.25,14,0,0,0,0,0,0,9,5,0
224.544,0,14679040,windows,0,30925,30925,85,0,0,0,0,0,0,59,26,0
224.756,1,14650368,windows,0,905,766.25,14,0,0,0,0,0,0,9,5,0
224.8,0,14697472,windows,0,29160,28625,81,0,0,0,0,0,0,54,27,0
225.014,1,14666752,windows,0,905,766.25,14,0,0,0,0,0,0,9,5,0
225.054,0,14715904,windows,0,27565,26786.2,79,0,0,0,0,0,0,53,26,0
225.269,1,14683136,windows,0,905,766.25,14,0,0,0,0,0,0,9,5,0
225.315,0,14735360,windows,0,21645,21170,69,0,0,0,0,0,0,45,24,0
225.535,1,14699520,windows,0,905,766.25,14,0,0,0,0,0,0,9,5,0
225.57,0,14752768,windows,0,20260,19805,67,0,0,0,0,0,0,44,23,0
225.789,1,14714880,windows,0,905,766.25,14,0,0,0,0,0,0,9,5,0
225.821,0,14771200,windows,0,17640,17225,63,0,0,0,0,0,0,42,21,0
226.043,1,14730240,windows,0,905,766.25,14,0,0,0,0,0,0,9,5,0
226.081,0,14789632,windows,0,17225,16606.2,62,0,0,0,0,0,0,41,21,0
226.303,1,14747648,windows,0,905,766.25,14,0,0,0,0,0,0,9,5,0
226.332,0,14807040,windows,0,14845,14450,57,0,0,0,0,0,0,37,20,0
226.568,1,14764032,repair,0,905,766.25,14,0,0,0,0,0,0,9,5,0
226.591,0,14826496,windows,0,12260,12260,52,0,0,0,0,0,0,34,18,0
226.821,1,14780416,windows,0,905,766.25,14,0,0,0,0,0,0,9,5,0
226.849,0,14845952,windows,0,11600,11600,50,0,0,0,0,0,0,32,18,0
227.078,1,14795776,windows,0,905,766.25,14,0,0,0,0,0,0,9,5,0
227.103,0,14864384,windows,0,11225,11225,50,0,0,0,0,0,0,33,17,0
227.333,1,14811136,windows,0,905,766.25,14,0,0,0,0,0,0,9,5,0
227.359,0,14883840,windows,0,9700,9700,45,0,0,0,0,0,0,28,17,0
227.593,1,14826496,windows,0,905,766.25,14,0,0,0,0,0,0,9,5,0
227.623,0,14903296,windows,0,9425,9425,44,0,0,0,0,0,0,27,17,0
227.843,1,14841856,windows,0,905,766.25,14,0,0,0,0,0,0,9,5,0
227.886,0,14922752,windows,0,8905,8781.25,42,0,0,0,0,0,0,25,17,0
228.108,1,14857216,windows,0,905,766.25,14,0,0,0,0,0,0,9,5,0
228.141,0,14940160,windows,0,8425,8425,40,0,0,0,0,0,0,23,17,0
228.361,1,14871552,windows,0,905,766.25,14,0,0,0,0,0,0,9,5,0
228.4,0,14957568,windows,0,8200,8200,39,0,0,0,0,0,0,22,17,0
228.629,1,14885888,windows,0,905,766.25,14,0,0,0,0,0,0,9,5,0
228.654,0,14977024,windows,0,7585,7585,36,0,0,0,0,0,0,19,17,0
228.893,1,14901248,windows,0,905,766.25,14,0,0,0,0,0,0,9,5,0
228.912,0,14995456,windows,0,7225,7141.25,34,0,0,0,0,0,0,17,17,0
229.147,1,14916608,windows,0,905,766.25,14,0,0,0,0,0,0,9,5,0
229.17,0,15012864,windows,0,7225,7141.25,34,0,0,0,0,0,0,17,17,0
229.41,1,14932992,windows,0,905,766.25,14,0,0,0,0,0,0,9,5,0
229.426,0,15031296,windows,0,7225,7141.25,34,0,0,0,0,0,0,17,17,0
229.673,1,14947328,windows,0,905,766.25,14,0,0,0,0,0,0,9,5,0
229.683,0,15050752,windows,0,7060,7060,33,0,0,0,0,0,0,16,17,0
229.927,1,14961664,windows,0,905,766.25,14,0,0,0,0,0,0,9,5,0
229.939,0,15070208,windows,0,7060,7060,33,0,0,0,0,0,0,16,17,0
230.181,1,14976000,windows,0,905,766.25,14,0,0,0,0,0,0,9,5,0
230.202,0,15089664,windows,0,7060,7060,33,0,0,0,0,0,0,16,17,0
230.439,1,14994432,windows,0,905,766.25,14,0,0,0,0,0,0,9,5,0
230.453,0,15109120,windows,0,7060,7060,33,0,0,0,0,0,0,16,17,0
230.7,1,15010816,windows,0,905,766.25,14,0,0,0,0,0,0,9,5,0
230.715,0,15129600,windows,0,6340,5956.25,36,0,0,0,0,0,0,22,14,0
230.956,1,15029248,windows,0,905,766.25,14,0,0,0,0,0,0,9,5,0
230.969,0,15150080,windows,0,5920,5821.25,34,0,0,0,0,0,0,20,14,0
231.219,1,15046656,windows,0,905,766.25,14,0,0,0,0,0,0,9,5,0
231.229,0,15168512,windows,0,5540,5265,32,0,0,0,0,0,0,18,14,0
231.479,1,15065088,windows,0,905,766.25,14,0,0,0,0,0,0,9,5,0
231.481,0,15187968,windows,0,5540,5265,32,0,0,0,0,0,0,18,14,0
231.732,0,15207424,windows,0,5365,5090,31,0,0,0,0,0,0,17,14,0
231.738,1,15082496,repair,0,905,766.25,14,0,0,0,0,0,0,9,5,0
231.989,0,15225856,windows,0,5365,5090,31,0,0,0,0,0,0,17,14,0
231.99,1,15098880,repair,0,905,766.25,14,0,0,0,0,0,0,9,5,0
232.244,1,15115264,windows,0,905,766.25,14,0,0,0,0,0,0,9,5,0
232.246,0,15243264,windows,0,5200,4846.25,30,0,0,0,0,0,0,16,14,0
232.502,0,15260672,windows,0,5200,4846.25,30,0,0,0,0,0,0,16,14,0
232.505,1,15131648,windows,0,905,766.25,14,0,0,0,0,0,0,9,5,0
232.756,0,15279104,windows,0,5045,4770,29,0,0,0,0,0,0,15,14,0
232.759,1,15148032,windows,0,905,766.25,14,0,0,0,0,0,0,9,5,0
233.013,1,15163392,windows,0,905,766.25,14,0,0,0,0,0,0,9,5,0
233.017,0,15297536,windows,0,5045,4770,29,0,0,0,0,0,0,15,14,0
233.273,1,15179776,windows,0,905,766.25,14,0,0,0,0,0,0,9,5,0
233.278,0,15315968,windows,0,5045,4770,29,0,0,0,0,0,0,15,14,0
233.523,1,15195136,windows,0,905,766.25,14,0,0,0,0,0,0,9,5,0
233.528,0,15333376,windows,0,5045,4770,29,0,0,0,0,0,0,15,14,0
233.782,1,15207424,windows,0,905,766.25,14,0,0,0,0,0,0,9,5,0
233.789,0,15350784,windows,0,5045,4770,29,0,0,0,0,0,0,15,14,0
234.044,0,15367168,windows,0,905,766.25,14,0,0,0,0,0,0,9,5,0
234.047,1,15222784,windows,0,905,766.25,14,0,0,0,0,0,0,9,5,0
234.298,1,15238144,windows,0,905,766.25,14,0,0,0,0,0,0,9,5,0
234.298,0,15384576,windows,0,905,766.25,14,0,0,0,0,0,0,9,5,0
234.556,0,15401984,windows,0,905,766.25,14,0,0,0,0,0,0,9,5,0
234.558,1,15253504,windows,0,905,766.25,14,0,0,0,0,0,0,9,5,0
234.809,1,15269888,windows,0,905,766.25,14,0,0,0,0,0,0,9,5,0
234.819,0,15422464,windows,0,820,725,13,0,0,0,0,0,0,8,5,0
235.06,1,15284224,windows,0,905,766.25,14,0,0,0,0,0,0,9,5,0
235.071,0,15440896,windows,0,820,725,13,0,0,0,0,0,0,8,5,0
235.313,1,15298560,windows,0,905,766.25,14,0,0,0,0,0,0,9,5,0
235.323,0,15459328,windows,0,820,725,13,0,0,0,0,0,0,8,5,0
235.567,1,15313920,windows,0,905,766.25,14,0,0,0,0,0,0,9,5,0
235.574,0,15476736,windows,0,820,725,13,0,0,0,0,0,0,8,5,0
235.823,1,15332352,windows,0,820,725,13,0,0,0,0,0,0,8,5,0
235.826,0,15498240,windows,0,820,725,13,0,0,0,0,0,0,8,5,0
236.077,1,15352832,windows,0,820,725,13,0,0,0,0,0,0,8,5,0
236.09,0,15516672,windows,0,820,725,13,0,0,0,0,0,0,8,5,0
236.33,1,15372288,windows,0,820,725,13,0,0,0,0,0,0,8,5,0
236.343,0,15528960,windows,0,820,725,13,0,0,0,0,0,0,8,5,0
236.585,1,15391744,windows,0,820,725,13,0,0,0,0,0,0,8,5,0
236.604,0,15547392,windows,0,820,725,13,0,0,0,0,0,0,8,5,0
236.84,1,15411200,windows,0,820,725,13,0,0,0,0,0,0,8,5,0
236.857,0,15565824,windows,0,820,725,13,0,0,0,0,0,0,8,5,0
237.099,1,15430656,windows,0,820,725,13,0,0,0,0,0,0,8,5,0
237.112,0,15583232,windows,0,820,725,13,0,0,0,0,0,0,8,5,0
237.351,1,15449088,windows,0,820,725,13,0,0,0,0,0,0,8,5,0
237.371,0,15601664,windows,0,820,725,13,0,0,0,0,0,0,8,5,0
237.61,1,15469568,windows,0,820,725,13,0,0,0,0,0,0,8,5,0
237.634,0,15619072,windows,0,820,725,13,0,0,0,0,0,0,8,5,0
237.871,1,15490048,windows,0,820,725,13,0,0,0,0,0,0,8,5,0
237.894,0,15637504,windows,0,820,725,13,0,0,0,0,0,0,8,5,0
238.128,1,15509504,windows,0,820,725,13,0,0,0,0,0,0,8,5,0
238.149,0,15654912,windows,0,820,725,13,0,0,0,0,0,0,8,5,0
238.384,1,15528960,windows,0,820,725,13,0,0,0,0,0,0,8,5,0
238.413,0,15672320,windows,0,820,725,13,0,0,0,0,0,0,8,5,0
238.645,1,15547392,windows,0,820,725,13,0,0,0,0,0,0,8,5,0
238.678,0,15688704,windows,0,820,725,13,0,0,0,0,0,0,8,5,0
238.9,1,15564800,windows,0,820,725,13,0,0,0,0,0,0,8,5,0
238.93,0,15705088,windows,0,820,725,13,0,0,0,0,0,0,8,5,0
239.158,1,15583232,windows,0,820,725,13,0,0,0,0,0,0,8,5,0
239.188,0,15724544,windows,0,820,725,13,0,0,0,0,0,0,8,5,0
239.41,1,15600640,windows,0,820,725,13,0,0,0,0,0,0,8,5,0
239.452,0,15741952,windows,0,820,725,13,0,0,0,0,0,0,8,5,0
239.673,1,15617024,windows,0,820,725,13,0,0,0,0,0,0,8,5,0
239.71,0,15759360,windows,0,820,725,13,0,0,0,0,0,0,8,5,0
239.937,1,15634432,windows,0,820,725,13,0,0,0,0,0,0,8,5,0
239.969,0,15776768,windows,0,820,725,13,0,0,0,0,0,0,8,5,0
240.191,1,15651840,windows,0,820,725,13,0,0,0,0,0,0,8,5,0
240.22,0,15794176,windows,0,820,725,13,0,0,0,0,0,0,8,5,0
240.454,1,15669248,windows,0,820,725,13,0,0,0,0,0,0,8,5,0
240.481,0,15812608,windows,0,820,725,13,0,0,0,0,0,0,8,5,0
240.705,1,15686656,windows,0,820,725,13,0,0,0,0,0,0,8,5,0
240.737,0,15831040,windows,0,820,725,13,0,0,0,0,0,0,8,5,0
240.965,1,15704064,windows,0,820,725,13,0,0,0,0,0,0,8,5,0
240.998,0,15848448,repair,0,820,725,13,0,0,0,0,0,0,8,5,0
241.226,1,15722496,windows,0,820,725,13,0,0,0,0,0,0,8,5,0
241.248,0,15864832,repair,0,820,725,13,0,0,0,0,0,0,8,5,0
241.48,1,15738880,windows,0,820,725,13,0,0,0,0,0,0,8,5,0
241.499,0,15882240,windows,0,820,725,13,0,0,0,0,0,0,8,5,0
241.738,1,15753216,windows,0,820,725,13,0,0,0,0,0,0,8,5,0
241.758,0,15898624,windows,0,820,725,13,0,0,0,0,0,0,8,5,0
241.996,1,15768576,windows,0,820,725,13,0,0,0,0,0,0,8,5,0
242.009,0,15912960,windows,0,820,725,13,0,0,0,0,0,0,8,5,0
242.254,1,15783936,windows,0,820,725,13,0,0,0,0,0,0,8,5,0
242.279,0,15927296,windows,0,820,725,13,0,0,0,0,0,0,8,5,0
242.511,1,15800320,windows,0,820,725,13,0,0,0,0,0,0,8,5,0
242.531,0,15941632,windows,0,820,725,13,0,0,0,0,0,0,8,5,0
242.765,1,15816704,windows,0,820,725,13,0,0,0,0,0,0,8,5,0
242.796,0,15956992,windows,0,820,725,13,0,0,0,0,0,0,8,5,0
243.019,1,15833088,repair,0,820,725,13,0,0,0,0,0,0,8,5,0
243.057,0,15971328,windows,0,820,725,13,0,0,0,0,0,0,8,5,0
243.271,1,15850496,windows,0,820,725,13,0,0,0,0,0,0,8,5,0
243.316,0,15985664,windows,0,820,725,13,0,0,0,0,0,0,8,5,0
243.525,1,15866880,windows,0,820,725,13,0,0,0,0,0,0,8,5,0
243.573,0,16000000,windows,0,820,725,13,0,0,0,0,0,0,8,5,0
243.782,1,15884288,windows,0,820,725,13,0,0,0,0,0,0,8,5,0
243.837,0,16015360,windows,0,820,725,13,0,0,0,0,0,0,8,5,0
244.047,1,15899648,windows,0,820,725,13,0,0,0,0,0,0,8,5,0
244.095,0,16030720,windows,0,820,725,13,0,0,0,0,0,0,8,5,0
244.301,1,15915008,windows,0,820,725,13,0,0,0,0,0,0,8,5,0
244.352,0,16046080,windows,0,820,725,13,0,0,0,0,0,0,8,5,0
244.568,1,15930368,windows,0,820,725,13,0,0,0,0,0,0,8,5,0
244.61,0,16060416,windows,0,820,725,13,0,0,0,0,0,0,8,5,0
244.822,1,15944704,windows,0,820,725,13,0,0,0,0,0,0,8,5,0
244.864,0,16073728,windows,0,820,725,13,0,0,0,0,0,0,8,5,0
245.076,1,15960064,windows,0,820,725,13,0,0,0,0,0,0,8,5,0
245.117,0,16090112,windows,0,820,725,13,0,0,0,0,0,0,8,5,0
245.341,1,15975424,windows,0,820,725,13,0,0,0,0,0,0,8,5,0
245.376,0,16106496,windows,0,820,725,13,0,0,0,0,0,0,8,5,0
245.596,1,15989760,windows,0,820,725,13,0,0,0,0,0,0,8,5,0
245.637,0,16122880,windows,0,820,725,13,0,0,0,0,0,0,8,5,0
245.855,1,16006144,windows,0,820,725,13,0,0,0,0,0,0,8,5,0
245.906,0,16137216,windows,0,820,725,13,0,0,0,0,0,0,8,5,0
246.111,1,16023552,windows,0,820,725,13,0,0,0,0,0,0,8,5,0
246.168,0,16153600,windows,0,820,725,13,0,0,0,0,0,0,8,5,0
246.372,1,16041984,windows,0,820,725,13,0,0,0,0,0,0,8,5,0
246.435,0,16169984,windows,0,820,725,13,0,0,0,0,0,0,8,5,0
246.628,1,16058368,windows,0,820,725,13,0,0,0,0,0,0,8,5,0
246.691,0,16186368,windows,0,820,725,13,0,0,0,0,0,0,8,5,0
246.885,1,16072704,windows,0,820,725,13,0,0,0,0,0,0,8,5,0
246.947,0,16202752,windows,0,820,725,13,0,0,0,0,0,0,8,5,0
247.152,1,16086016,windows,0,820,725,13,0,0,0,0,0,0,8,5,0
247.2,0,16218112,windows,0,820,725,13,0,0,0,0,0,0,8,5,0
247.426,1,16101376,windows,0,820,725,13,0,0,0,0,0,0,8,5,0
247.466,0,16234496,windows,0,820,725,13,0,0,0,0,0,0,8,5,0
247.683,1,16113664,windows,0,820,725,13,0,0,0,0,0,0,8,5,0
247.72,0,16248832,windows,0,820,725,13,0,0,0,0,0,0,8,5,0
247.943,1,16130048,windows,0,820,725,13,0,0,0,0,0,0,8,5,0
247.972,0,16263168,windows,0,820,725,13,0,0,0,0,0,0,8,5,0
248.204,1,16144384,windows,0,820,725,13,0,0,0,0,0,0,8,5,0
248.227,0,16276480,windows,0,820,725,13,0,0,0,0,0,0,8,5,0
248.457,1,16160768,windows,0,820,725,13,0,0,0,0,0,0,8,5,0
248.488,0,16291840,windows,0,820,725,13,0,0,0,0,0,0,8,5,0
248.71,1,16177152,windows,0,820,725,13,0,0,0,0,0,0,8,5,0
248.74,0,16306176,windows,0,820,725,13,0,0,0,0,0,0,8,5,0
248.973,1,16196608,windows,0,820,725,13,0,0,0,0,0,0,8,5,0
249.008,0,16321536,windows,0,820,725,13,0,0,0,0,0,0,8,5,0
249.231,1,16215040,windows,0,820,725,13,0,0,0,0,0,0,8,5,0
249.263,0,16335872,windows,0,820,725,13,0,0,0,0,0,0,8,5,0
249.49,1,16233472,windows,0,820,725,13,0,0,0,0,0,0,8,5,0
249.52,0,16350208,windows,0,820,725,13,0,0,0,0,0,0,8,5,0
249.744,1,16250880,windows,0,820,725,13,0,0,0,0,0,0,8,5,0
249.782,0,16364544,windows,0,820,725,13,0,0,0,0,0,0,8,5,0
250.007,1,16268288,windows,0,820,725,13,0,0,0,0,0,0,8,5,0
250.109,0,16378880,windows,0,820,725,13,0,0,0,0,0,0,8,5,0
250.268,1,16281600,windows,0,820,725,13,0,0,0,0,0,0,8,5,0
250.374,0,16397312,windows,0,820,725,13,0,0,0,0,0,0,8,5,0
250.53,1,16301056,windows,0,820,725,13,0,0,0,0,0,0,8,5,0
250.626,0,16415744,windows,0,820,725,13,0,0,0,0,0,0,8,5,0
250.794,1,16317440,windows,0,820,725,13,0,0,0,0,0,0,8,5,0
250.889,0,16434176,windows,0,820,725,13,0,0,0,0,0,0,8,5,0
251.059,1,16333824,windows,0,820,725,13,0,0,0,0,0,0,8,5,0
251.144,0,16450560,repair,0,820,725,13,0,0,0,0,0,0,8,5,0
251.309,1,16348160,repair,0,820,725,13,0,0,0,0,0,0,8,5,0
251.396,0,16465920,windows,0,820,725,13,0,0,0,0,0,0,8,5,0
251.567,1,16364544,repair,0,820,725,13,0,0,0,0,0,0,8,5,0
251.658,0,16480256,windows,0,820,725,13,0,0,0,0,0,0,8,5,0
251.819,1,16380928,windows,0,820,725,13,0,0,0,0,0,0,8,5,0
251.921,0,16495616,windows,0,820,725,13,0,0,0,0,0,0,8,5,0
252.083,1,16397312,windows,0,820,725,13,0,0,0,0,0,0,8,5,0
252.183,0,16509952,windows,0,820,725,13,0,0,0,0,0,0,8,5,0
252.345,1,16413696,windows,0,820,725,13,0,0,0,0,0,0,8,5,0
252.44,0,16522240,windows,0,820,725,13,0,0,0,0,0,0,8,5,0
252.61,1,16428032,windows,0,820,725,13,0,0,0,0,0,0,8,5,0
252.699,0,16534528,windows,0,820,725,13,0,0,0,0,0,0,8,5,0
252.877,1,16443392,windows,0,820,725,13,0,0,0,0,0,0,8,5,0
252.951,0,16548864,windows,0,820,725,13,0,0,0,0,0,0,8,5,0
253.142,1,16458752,windows,0,820,725,13,0,0,0,0,0,0,8,5,0
253.223,0,16565248,windows,0,820,725,13,0,0,0,0,0,0,8,5,0
253.404,1,16474112,windows,0,820,725,13,0,0,0,0,0,0,8,5,0
253.482,0,16581632,windows,0,820,725,13,0,0,0,0,0,0,8,5,0
253.661,1,16489472,windows,0,820,725,13,0,0,0,0,0,0,8,5,0
253.745,0,16598016,windows,0,820,725,13,0,0,0,0,0,0,8,5,0
253.911,1,16504832,windows,0,820,725,13,0,0,0,0,0,0,8,5,0
254.005,0,16613376,windows,0,820,725,13,0,0,0,0,0,0,8,5,0
254.166,1,16521216,windows,0,820,725,13,0,0,0,0,0,0,8,5,0
254.262,0,16628736,windows,0,820,725,13,0,0,0,0,0,0,8,5,0
254.418,1,16538624,windows,0,820,725,13,0,0,0,0,0,0,8,5,0
254.515,0,16645120,windows,0,820,725,13,0,0,0,0,0,0,8,5,0
254.677,1,16556032,windows,0,820,725,13,0,0,0,0,0,0,8,5,0
254.771,0,16663552,windows,0,820,725,13,0,0,0,0,0,0,8,5,0
254.928,1,16575488,windows,0,820,725,13,0,0,0,0,0,0,8,5,0
255.029,0,16683008,windows,0,820,725,13,0,0,0,0,0,0,8,5,0
255.192,1,16594944,windows,0,820,725,13,0,0,0,0,0,0,8,5,0
255.279,0,16697344,repair,868,2.11314e+08,2.11309e+08,6328,62,185,149,302,170,0,3625,2529,174
255.442,1,16612352,windows,0,820,725,13,0,0,0,0,0,0,8,5,0
255.535,0,16717824,repair,643,2.87347e+08,2.87347e+08,7405,30,140,110,234,129,0,4159,3086,160
255.703,1,16627712,repair,733,2.89666e+08,2.89597e+08,7331,63,140,135,254,141,0,3986,3141,204
255.796,0,16738304,repair,520,2.65762e+08,2.65757e+08,7275,25,124,97,190,84,0,4187,2925,163
255.958,1,16648192,repair,586,2.76852e+08,2.76852e+08,7324,37,125,109,207,108,0,4129,3026,169
256.049,0,16758784,repair,407,2.50548e+08,2.50523e+08,7126,26,99,78,140,64,0,4120,2839,167
256.219,1,16668672,repair,487,2.46818e+08,2.46756e+08,6926,32,99,71,183,102,0,3906,2865,155
256.31,0,16780288,repair,335,2.01228e+08,2.01154e+08,6408,22,58,56,134,65,0,3721,2536,151
256.47,1,16688128,repair,382,2.28622e+08,2.28599e+08,6716,22,74,67,139,80,0,3844,2747,125
256.569,0,16799744,repair,261,1.97953e+08,1.9795e+08,6395,13,46,37,115,50,0,3788,2490,117
256.732,1,16705536,repair,326,2.07434e+08,2.0743e+08,6472,18,50,54,123,81,0,3764,2584,124
256.825,0,16819200,repair,190,1.95012e+08,1.95012e+08,6361,5,38,38,64,45,0,3740,2487,134
256.984,1,16721920,repair,258,2.03704e+08,2.03631e+08,6465,14,50,48,97,49,0,3797,2546,122
257.082,0,16838656,repair,152,1.56403e+08,1.56382e+08,5767,8,24,26,58,36,0,3462,2185,120
257.247,1,16739328,repair,208,1.88376e+08,1.88376e+08,6231,8,43,34,72,51,0,3662,2448,121
257.338,0,16858112,repair,109,1.56876e+08,1.56872e+08,5739,7,20,8,53,21,0,3417,2211,111
257.501,1,16755712,repair,163,1.62076e+08,1.62076e+08,5854,6,26,20,70,41,0,3512,2228,114
257.59,0,16876544,repair,79,1.39454e+08,1.39438e+08,5426,0,10,11,41,17,0,3268,2069,89
257.765,1,16773120,repair,120,1.54096e+08,1.54092e+08,5689,7,19,18,44,32,0,3390,2190,109
257.851,0,16897024,repair,40,1.29625e+08,1.29586e+08,5280,2,4,3,21,10,0,3226,1966,88
258.027,1,16790528,repair,89,1.38466e+08,1.38409e+08,5432,2,11,17,41,18,0,3275,2053,104
258.107,0,16916480,repair,21,1.14492e+08,1.14438e+08,4996,1,2,1,11,6,0,3095,1822,79
258.281,1,16805888,repair,55,1.35565e+08,1.35562e+08,5318,1,8,19,21,6,0,3149,2069,100
258.367,0,16934912,repair,14,9.51246e+07,9.51246e+07,4634,1,2,3,3,5,0,2965,1597,72
258.538,1,16822272,repair,33,1.17922e+08,1.17906e+08,5042,2,8,5,13,5,0,3077,1875,90
258.622,0,16954368,repair,2,8.23381e+07,8.22951e+07,4358,0,1,0,1,0,0,2859,1438,61
258.801,1,16839680,repair,17,1.07075e+08,1.07025e+08,4832,1,4,2,7,3,0,2964,1773,95
258.879,0,16973824,windows,0,6.73036e+07,6.73036e+07,3960,0,0,0,0,0,0,2635,1275,50
259.059,1,16857088,repair,7,9.4463e+07,9.44306e+07,4594,0,0,0,4,3,0,2895,1618,81
259.14,0,16991232,windows,0,5.40799e+07,5.40453e+07,3559,0,0,0,0,0,0,2389,1129,41
259.319,1,16873472,repair,1,8.36003e+07,8.35702e+07,4347,0,0,0,0,1,0,2758,1506,83
259.397,0,17008640,windows,0,4.30753e+07,4.30753e+07,3185,0,0,0,0,0,0,2122,1012,51
259.579,1,16891904,repair,0,6.46016e+07,6.4575e+07,3917,0,0,0,0,0,0,2621,1227,69
259.657,0,17024000,windows,0,3.3841e+07,3.38398e+07,2823,0,0,0,0,0,0,1889,893,41
259.843,1,16908288,repair,0,6.46016e+07,6.4575e+07,3917,0,0,0,0,0,0,2621,1227,69
259.923,0,17040384,windows,0,2.786e+07,2.78353e+07,2564,0,0,0,0,0,0,1732,801,31
260.095,1,16925696,repair,0,4.77851e+07,4.77851e+07,3387,0,0,0,0,0,0,2301,1030,56
260.174,0,17056768,windows,0,2.29939e+07,2.29716e+07,2339,0,0,0,0,0,0,1591,718,30
260.359,1,16943104,repair,0,4.77851e+07,4.77851e+07,3387,0,0,0,0,0,0,2301,1030,56
260.439,0,17074176,windows,0,1.91368e+07,1.91154e+07,2127,0,0,0,0,0,0,1429,667,31
260.616,1,16957440,windows,0,3.42309e+07,3.42039e+07,2873,0,0,0,0,0,0,1978,855,40
260.706,0,17090560,windows,0,1.53592e+07,1.53409e+07,1899,0,0,0,0,0,0,1286,595,18
260.874,1,16972800,windows,0,2.89806e+07,2.89806e+07,2640,0,0,0,0,0,0,1807,794,39
260.961,0,17106944,windows,0,1.2633e+07,1.2633e+07,1734,0,0,0,0,0,0,1207,517,10
261.139,1,16989184,windows,0,2.40684e+07,2.40525e+07,2389,0,0,0,0,0,0,1612,743,34
261.216,0,17123328,windows,0,1.05557e+07,1.05501e+07,1599,0,0,0,0,0,0,1134,454,11
261.396,1,17005568,windows,0,1.93088e+07,1.93078e+07,2144,0,0,0,0,0,0,1452,661,31
261.481,0,17140736,windows,0,8.7581e+06,8.75267e+06,1480,0,0,0,0,0,0,1087,377,16
261.656,1,17019904,windows,0,1.67024e+07,1.66899e+07,2017,0,0,0,0,0,0,1404,584,29
261.737,0,17156096,windows,0,7.2167e+06,7.21203e+06,1322,0,0,0,0,0,0,935,377,10
261.917,1,17033216,windows,0,1.4676e+07,1.46577e+07,1882,0,0,0,0,0,0,1302,556,24
261.994,0,17172480,windows,0,5.90832e+06,5.90832e+06,1198,0,0,0,0,0,0,851,338,9
262.183,1,17047552,windows,0,1.29768e+07,1.29659e+07,1773,0,0,0,0,0,0,1236,516,21
262.251,0,17188864,windows,0,4.99869e+06,4.98874e+06,1110,0,0,0,0,0,0,804,297,9
262.437,1,17059840,windows,0,1.11128e+07,1.11128e+07,1621,0,0,0,0,0,0,1105,500,16
262.504,0,17205248,windows,0,4.17238e+06,4.17211e+06,1015,0,0,0,0,0,0,735,271,9
262.702,1,17073152,windows,0,9.46646e+06,9.46589e+06,1519,0,0,0,0,0,0,1065,435,19
262.755,0,17220608,windows,0,3.4087e+06,3.40841e+06,915,0,0,0,0,0,0,652,253,10
262.961,1,17087488,windows,0,8.1248e+06,8.11927e+06,1410,0,0,0,0,0,0,988,402,20
263.009,0,17236992,windows,0,2.70746e+06,2.70452e+06,817,0,0,0,0,0,0,588,221,8
263.217,1,17100800,windows,0,7.15038e+06,7.15038e+06,1332,0,0,0,0,0,0,949,363,20
263.264,0,17253376,windows,0,2.27651e+06,2.27651e+06,751,0,0,0,0,0,0,540,202,9
263.473,1,17115136,windows,0,6.24636e+06,6.23435e+06,1234,0,0,0,0,0,0,857,358,19
263.525,0,17270784,windows,0,1.89234e+06,1.8859e+06,690,0,0,0,0,0,0,498,180,12
263.73,1,17128448,windows,0,5.18542e+06,5.17901e+06,1130,0,0,0,0,0,0,789,321,20
263.785,0,17287168,windows,0,1.56364e+06,1.56008e+06,628,0,0,0,0,0,0,455,162,11
264.003,1,17141760,windows,0,4.30484e+06,4.30116e+06,1038,0,0,0,0,0,0,735,282,21
264.036,0,17302528,windows,0,1.20789e+06,1.20789e+06,546,0,0,0,0,0,0,384,153,9
264.265,1,17155072,windows,0,3.76007e+06,3.75474e+06,966,0,0,0,0,0,0,682,267,17
264.295,0,17318912,windows,0,998910,994476,501,0,0,0,0,0,0,360,132,9
264.529,1,17169408,windows,0,3.20246e+06,3.19405e+06,901,0,0,0,0,0,0,652,231,18
264.561,0,17334272,windows,0,818045,817812,453,0,0,0,0,0,0,325,120,8
264.788,1,17183744,windows,0,2.78885e+06,2.78885e+06,835,0,0,0,0,0,0,590,228,17
264.825,0,17348608,windows,0,716105,716105,424,0,0,0,0,0,0,309,109,6
265.051,1,17200128,windows,0,2.17992e+06,2.17953e+06,734,0,0,0,0,0,0,515,206,13
265.081,0,17361920,windows,0,563515,562251,370,0,0,0,0,0,0,253,110,7
265.313,1,17217536,windows,0,1.70773e+06,1.70403e+06,656,0,0,0,0,0,0,476,169,11
265.347,0,17376256,windows,0,446875,446672,334,0,0,0,0,0,0,235,92,7
265.565,1,17233920,windows,0,1.4123e+06,1.41015e+06,596,0,0,0,0,0,0,431,155,10
265.614,0,17390592,windows,0,373285,373112,307,0,0,0,0,0,0,221,80,6
265.822,1,17248256,windows,0,1.22058e+06,1.22023e+06,555,0,0,0,0,0,0,396,147,12
265.878,0,17405952,windows,0,312605,311429,281,0,0,0,0,0,0,201,74,6
266.072,1,17261568,windows,0,1.06532e+06,1.06499e+06,518,0,0,0,0,0,0,369,138,11
266.129,0,17420288,windows,0,288200,288028,272,0,0,0,0,0,0,200,66,6
266.341,1,17275904,windows,0,832480,828124,465,0,0,0,0,0,0,338,113,14
266.387,0,17433600,windows,0,231925,231752,239,0,0,0,0,0,0,163,70,6
266.598,1,17290240,windows,0,687500,687500,420,0,0,0,0,0,0,306,104,10
266.651,0,17446912,windows,0,190865,190865,216,0,0,0,0,0,0,149,63,4
266.853,1,17304576,windows,0,592700,592700,390,0,0,0,0,0,0,282,98,10
266.904,0,17461248,windows,0,169780,169051,206,0,0,0,0,0,0,146,56,4
267.121,1,17319936,windows,0,508315,507992,362,0,0,0,0,0,0,259,92,11
267.171,0,17475584,windows,0,151090,150299,195,0,0,0,0,0,0,142,50,3
267.38,1,17334272,windows,0,417235,415640,330,0,0,0,0,0,0,239,80,11
267.424,0,17491968,windows,0,132365,132252,183,0,0,0,0,0,0,131,48,4
267.638,1,17347584,windows,0,320700,319419,286,0,0,0,0,0,0,198,78,10
267.686,0,17505280,windows,0,96950,96338.8,154,0,0,0,0,0,0,106,45,3
267.905,1,17361920,windows,0,264235,263972,260,0,0,0,0,0,0,181,70,9
267.938,0,17518592,windows,0,84015,83037.5,141,0,0,0,0,0,0,93,45,3
268.156,1,17375232,windows,0,226645,224526,241,0,0,0,0,0,0,169,64,8
268.192,0,17532928,windows,0,76980,76388.8,139,0,0,0,0,0,0,96,39,4
268.419,1,17389568,windows,0,194465,194465,224,0,0,0,0,0,0,153,61,10
268.456,0,17550336,windows,0,66130,66047.5,127,0,0,0,0,0,0,86,38,3
268.682,1,17406976,windows,0,151120,150249,194,0,0,0,0,0,0,128,58,8
268.707,0,17566720,windows,0,60050,59967.5,122,0,0,0,0,0,0,84,35,3
268.942,1,17424384,windows,0,114830,113672,171,0,0,0,0,0,0,116,48,7
268.962,0,17584128,windows,0,40435,40352.5,102,0,0,0,0,0,0,73,26,3
269.202,1,17441792,windows,0,92995,92431.2,154,0,0,0,0,0,0,113,38,3
269.223,0,17601536,windows,0,35215,34303.8,95,0,0,0,0,0,0,67,25,3
269.469,1,17459200,windows,0,84640,84640,149,0,0,0,0,0,0,106,37,6
269.485,0,17617920,windows,0,30070,29532.5,88,0,0,0,0,0,0,62,23,3
269.731,1,17476608,windows,0,65480,64336.2,129,0,0,0,0,0,0,90,35,4
269.744,0,17634304,windows,0,27895,27126.2,83,0,0,0,0,0,0,55,25,3
269.994,1,17494016,windows,0,50905,50905,114,0,0,0,0,0,0,79,31,4
270.008,0,17649664,windows,0,21095,21012.5,73,0,0,0,0,0,0,49,21,3
270.249,1,17511424,windows,0,43435,42968.8,106,0,0,0,0,0,0,77,26,3
270.26,0,17666048,windows,0,18770,18468.8,68,0,0,0,0,0,0,44,21,3
270.503,1,17527808,windows,0,41765,41250,103,0,0,0,0,0,0,75,26,2
270.511,0,17682432,windows,0,15725,15478.8,61,0,0,0,0,0,0,39,20,2
270.759,1,17545216,windows,0,38285,37810,99,0,0,0,0,0,0,73,24,2
270.763,0,17699840,windows,0,14945,14698.8,60,0,0,0,0,0,0,39,19,2
271.017,1,17563648,windows,0,26345,26051.2,82,0,0,0,0,0,0,59,21,2
271.017,0,17717248,windows,0,13080,12848.8,56,0,0,0,0,0,0,36,18,2
271.282,1,17583104,windows,0,24745,24745,80,0,0,0,0,0,0,59,19,2
271.286,0,17735680,windows,0,9190,8998.75,48,0,0,0,0,0,0,34,13,1
271.536,1,17599488,windows,0,23520,22836.2,77,0,0,0,0,0,0,54,21,2
271.544,0,17752064,windows,0,8530,8252.5,46,0,0,0,0,0,0,32,13,1
271.793,1,17615872,windows,0,21125,20476.2,73,0,0,0,0,0,0,51,20,2
271.794,0,17767424,windows,0,8215,7783.75,45,0,0,0,0,0,0,31,13,1
272.044,1,17632256,windows,0,17245,16930,67,0,0,0,0,0,0,49,16,2
272.049,0,17783808,windows,0,8155,7713.75,44,0,0,0,0,0,0,29,14,1
272.294,1,17648640,windows,0,17245,16930,67,0,0,0,0,0,0,49,16,2
272.302,0,17800192,windows,0,5790,5648.75,37,0,0,0,0,0,0,24,12,1
272.546,1,17666048,windows,0,16285,15970,65,0,0,0,0,0,0,47,16,2
272.56,0,17815552,windows,0,5555,5418.75,36,0,0,0,0,0,0,23,12,1
272.804,1,17680384,windows,0,15580,15245,63,0,0,0,0,0,0,44,17,2
272.818,0,17835008,windows,0,5330,5198.75,35,0,0,0,0,0,0,22,12,1
273.059,1,17694720,windows,0,14720,14385,61,0,0,0,0,0,0,42,17,2
273.078,0,17854464,windows,0,5330,5198.75,35,0,0,0,0,0,0,22,12,1
273.312,1,17709056,windows,0,12235,11837.5,56,0,0,0,0,0,0,37,16,3
273.338,0,17872896,windows,0,5115,4988.75,34,0,0,0,0,0,0,21,12,1
273.563,1,17724416,windows,0,11465,11465,54,0,0,0,0,0,0,37,15,2
273.596,0,17892352,windows,0,5115,4988.75,34,0,0,0,0,0,0,21,12,1
273.828,1,17739776,windows,0,11465,11465,54,0,0,0,0,0,0,37,15,2
273.855,0,17912832,windows,0,5115,4988.75,34,0,0,0,0,0,0,21,12,1
274.085,1,17755136,windows,0,10885,10701.2,53,0,0,0,0,0,0,37,14,2
274.117,0,17933312,windows,0,4910,4788.75,33,0,0,0,0,0,0,20,12,1
274.348,1,17770496,windows,0,10885,10701.2,53,0,0,0,0,0,0,37,14,2
274.369,0,17952768,windows,0,4530,4418.75,31,0,0,0,0,0,0,18,12,1
274.599,1,17784832,windows,0,10520,10341.2,52,0,0,0,0,0,0,36,14,2
274.621,0,17971200,windows,0,4255,4232.5,31,0,0,0,0,0,0,19,11,1
274.855,1,17799168,windows,0,10165,10165,51,0,0,0,0,0,0,35,14,2
274.885,0,17991680,windows,0,3115,3092.5,28,0,0,0,0,0,0,19,8,1
275.11,1,17812480,windows,0,9820,9820,50,0,0,0,0,0,0,34,14,2
275.145,0,18011136,windows,0,2755,2732.5,26,0,0,0,0,0,0,17,8,1
275.37,1,17826816,windows,0,9160,9001.25,48,0,0,0,0,0,0,32,14,2
275.403,0,18030592,windows,0,2590,2567.5,25,0,0,0,0,0,0,16,8,1
275.63,1,17841152,windows,0,9160,9001.25,48,0,0,0,0,0,0,32,14,2
275.653,0,18049024,windows,0,2435,2412.5,24,0,0,0,0,0,0,15,8,1
275.891,1,17855488,windows,0,9160,9001.25,48,0,0,0,0,0,0,32,14,2
275.909,0,18069504,windows,0,2435,2412.5,24,0,0,0,0,0,0,15,8,1
276.143,1,17869824,windows,0,9160,9001.25,48,0,0,0,0,0,0,32,14,2
276.163,0,18088960,windows,0,2435,2412.5,24,0,0,0,0,0,0,15,8,1
276.404,1,17888256,windows,0,9160,9001.25,48,0,0,0,0,0,0,32,14,2
276.425,0,18109440,windows,0,2435,2412.5,24,0,0,0,0,0,0,15,8,1
276.666,1,17903616,windows,0,8975,8597.5,47,0,0,0,0,0,0,29,15,3
276.683,0,18125824,windows,0,2435,2412.5,24,0,0,0,0,0,0,15,8,1
276.92,1,17920000,windows,0,8540,8540,46,0,0,0,0,0,0,30,14,2
276.941,0,18143232,windows,0,820,725,13,0,0,0,0,0,0,8,5,0
277.176,1,17937408,windows,0,8265,7970,44,0,0,0,0,0,0,27,15,2
277.193,0,18158592,windows,0,820,725,13,0,0,0,0,0,0,8,5,0
277.432,1,17954816,windows,0,8265,7970,44,0,0,0,0,0,0,27,15,2
277.452,0,18174976,windows,0,820,725,13,0,0,0,0,0,0,8,5,0
277.687,1,17972224,windows,0,8000,7576.25,43,0,0,0,0,0,0,26,15,2
277.713,0,18191360,windows,0,820,725,13,0,0,0,0,0,0,8,5,0
277.949,1,17990656,windows,0,8000,7576.25,43,0,0,0,0,0,0,26,15,2
277.968,0,18208768,windows,0,820,725,13,0,0,0,0,0,0,8,5,0
278.204,1,18008064,windows,0,7420,7291.25,42,0,0,0,0,0,0,26,14,2
278.234,0,18226176,windows,0,820,725,13,0,0,0,0,0,0,8,5,0
278.455,1,18025472,windows,0,6880,6880,41,0,0,0,0,0,0,26,13,2
278.491,0,18243584,windows,0,820,725,13,0,0,0,0,0,0,8,5,0
278.707,1,18041856,windows,0,6880,6880,41,0,0,0,0,0,0,26,13,2
278.75,0,18260992,windows,0,820,725,13,0,0,0,0,0,0,8,5,0
278.966,1,18057216,windows,0,6625,6625,40,0,0,0,0,0,0,25,13,2
279.008,0,18277376,windows,0,820,725,13,0,0,0,0,0,0,8,5,0
279.222,1,18072576,windows,0,6625,6625,40,0,0,0,0,0,0,25,13,2
279.263,0,18293760,windows,0,820,725,13,0,0,0,0,0,0,8,5,0
279.479,1,18087936,windows,0,6460,6245,41,0,0,0,0,0,0,28,11,2
279.522,0,18308096,repair,0,820,725,13,0,0,0,0,0,0,8,5,0
279.745,1,18103296,windows,0,6380,6145,40,0,0,0,0,0,0,26,12,2
279.787,0,18322432,repair,0,820,725,13,0,0,0,0,0,0,8,5,0
280.009,1,18119680,windows,0,5500,5305,38,0,0,0,0,0,0,26,10,2
280.047,0,18335744,repair,0,820,725,13,0,0,0,0,0,0,8,5,0
280.271,1,18136064,windows,0,5245,5121.25,37,0,0,0,0,0,0,25,10,2
280.307,0,18351104,windows,0,820,725,13,0,0,0,0,0,0,8,5,0
280.531,1,18151424,windows,0,5245,5121.25,37,0,0,0,0,0,0,25,10,2
280.566,0,18365440,windows,0,820,725,13,0,0,0,0,0,0,8,5,0
280.784,1,18166784,windows,0,5000,4805,36,0,0,0,0,0,0,24,10,2
280.818,0,18381824,windows,0,820,725,13,0,0,0,0,0,0,8,5,0
281.041,1,18182144,windows,0,5000,4805,36,0,0,0,0,0,0,24,10,2
281.076,0,18400256,windows,0,820,725,13,0,0,0,0,0,0,8,5,0
281.304,1,18198528,windows,0,5000,4805,36,0,0,0,0,0,0,24,10,2
281.338,0,18417664,windows,0,820,725,13,0,0,0,0,0,0,8,5,0
281.562,1,18214912,windows,0,5000,4805,36,0,0,0,0,0,0,24,10,2
281.589,0,18434048,windows,0,820,725,13,0,0,0,0,0,0,8,5,0
281.822,1,18230272,windows,0,5000,4805,36,0,0,0,0,0,0,24,10,2
281.841,0,18451456,windows,0,820,725,13,0,0,0,0,0,0,8,5,0
282.073,1,18245632,windows,0,820,725,13,0,0,0,0,0,0,8,5,0
282.101,0,18468864,windows,0,820,725,13,0,0,0,0,0,0,8,5,0
282.335,1,18263040,windows,0,820,725,13,0,0,0,0,0,0,8,5,0
282.363,0,18486272,repair,0,820,725,13,0,0,0,0,0,0,8,5,0
282.6,1,18280448,windows,0,820,725,13,0,0,0,0,0,0,8,5,0
282.616,0,18501632,repair,0,820,725,13,0,0,0,0,0,0,8,5,0
282.865,1,18297856,windows,0,820,725,13,0,0,0,0,0,0,8,5,0
282.879,0,18519040,windows,0,820,725,13,0,0,0,0,0,0,8,5,0
283.118,1,18314240,windows,0,820,725,13,0,0,0,0,0,0,8,5,0
283.136,0,18536448,windows,0,820,725,13,0,0,0,0,0,0,8,5,0
283.373,1,18330624,windows,0,820,725,13,0,0,0,0,0,0,8,5,0
283.397,0,18554880,windows,0,820,725,13,0,0,0,0,0,0,8,5,0
283.625,1,18347008,windows,0,820,725,13,0,0,0,0,0,0,8,5,0
283.657,0,18573312,windows,0,820,725,13,0,0,0,0,0,0,8,5,0
283.88,1,18364416,windows,0,820,725,13,0,0,0,0,0,0,8,5,0
283.916,0,18591744,windows,0,820,725,13,0,0,0,0,0,0,8,5,0
284.131,1,18381824,windows,0,820,725,13,0,0,0,0,0,0,8,5,0
284.178,0,18611200,windows,0,820,725,13,0,0,0,0,0,0,8,5,0
284.394,1,18398208,windows,0,820,725,13,0,0,0,0,0,0,8,5,0
284.442,0,18629632,windows,0,820,725,13,0,0,0,0,0,0,8,5,0
284.66,1,18414592,windows,0,820,725,13,0,0,0,0,0,0,8,5,0
284.702,0,18648064,windows,0,820,725,13,0,0,0,0,0,0,8,5,0
284.925,1,18432000,windows,0,820,725,13,0,0,0,0,0,0,8,5,0
284.967,0,18662400,windows,0,820,725,13,0,0,0,0,0,0,8,5,0
285.179,1,18448384,windows,0,820,725,13,0,0,0,0,0,0,8,5,0
285.227,0,18678784,windows,0,820,725,13,0,0,0,0,0,0,8,5,0
285.437,1,18464768,windows,0,820,725,13,0,0,0,0,0,0,8,5,0
285.488,0,18695168,windows,0,820,725,13,0,0,0,0,0,0,8,5,0
285.7,1,18482176,repair,0,820,725,13,0,0,0,0,0,0,8,5,0
285.747,0,18711552,windows,0,820,725,13,0,0,0,0,0,0,8,5,0
285.965,1,18499584,repair,0,820,725,13,0,0,0,0,0,0,8,5,0
286.008,0,18726912,repair,0,820,725,13,0,0,0,0,0,0,8,5,0
286.221,1,18514944,windows,0,820,725,13,0,0,0,0,0,0,8,5,0
286.259,0,18741248,windows,0,820,725,13,0,0,0,0,0,0,8,5,0
286.484,1,18530304,windows,0,820,725,13,0,0,0,0,0,0,8,5,0
286.518,0,18755584,windows,0,820,725,13,0,0,0,0,0,0,8,5,0
286.749,1,18545664,windows,0,820,725,13,0,0,0,0,0,0,8,5,0
286.777,0,18770944,windows,0,820,725,13,0,0,0,0,0,0,8,5,0
287.011,1,18561024,windows,0,820,725,13,0,0,0,0,0,0,8,5,0
287.041,0,18786304,windows,0,820,725,13,0,0,0,0,0,0,8,5,0
287.274,1,18578432,windows,0,820,725,13,0,0,0,0,0,0,8,5,0
287.292,0,18800640,windows,0,820,725,13,0,0,0,0,0,0,8,5,0
287.535,1,18596864,windows,0,820,725,13,0,0,0,0,0,0,8,5,0
287.558,0,18814976,windows,0,820,725,13,0,0,0,0,0,0,8,5,0
287.789,1,18614272,windows,0,820,725,13,0,0,0,0,0,0,8,5,0
287.81,0,18829312,windows,0,820,725,13,0,0,0,0,0,0,8,5,0
288.051,1,18628608,windows,0,820,725,13,0,0,0,0,0,0,8,5,0
288.067,0,18843648,windows,0,820,725,13,0,0,0,0,0,0,8,5,0
288.315,1,18643968,windows,0,820,725,13,0,0,0,0,0,0,8,5,0
288.327,0,18859008,windows,0,820,725,13,0,0,0,0,0,0,8,5,0
288.579,1,18659328,windows,0,820,725,13,0,0,0,0,0,0,8,5,0
288.58,0,18873344,windows,0,820,725,13,0,0,0,0,0,0,8,5,0
288.842,1,18675712,windows,0,820,725,13,0,0,0,0,0,0,8,5,0
288.843,0,18888704,windows,0,820,725,13,0,0,0,0,0,0,8,5,0
289.103,0,18904064,windows,0,820,725,13,0,0,0,0,0,0,8,5,0
289.104,1,18693120,windows,0,820,725,13,0,0,0,0,0,0,8,5,0
289.359,0,18919424,windows,0,820,725,13,0,0,0,0,0,0,8,5,0
289.366,1,18710528,windows,0,820,725,13,0,0,0,0,0,0,8,5,0
289.617,0,18935808,windows,0,820,725,13,0,0,0,0,0,0,8,5,0
289.626,1,18729984,windows,0,820,725,13,0,0,0,0,0,0,8,5,0
289.871,0,18950144,windows,0,820,725,13,0,0,0,0,0,0,8,5,0
289.877,1,18748416,windows,0,820,725,13,0,0,0,0,0,0,8,5,0
290.122,0,18964480,windows,0,820,725,13,0,0,0,0,0,0,8,5,0
290.139,1,18768896,windows,0,820,725,13,0,0,0,0,0,0,8,5,0
290.377,0,18981888,windows,0,820,725,13,0,0,0,0,0,0,8,5,0
290.391,1,18788352,windows,0,820,725,13,0,0,0,0,0,0,8,5,0
290.634,0,18999296,windows,0,820,725,13,0,0,0,0,0,0,8,5,0
290.643,1,18806784,windows,0,820,725,13,0,0,0,0,0,0,8,5,0
290.892,0,19016704,windows,0,820,725,13,0,0,0,0,0,0,8,5,0
290.906,1,18825216,windows,0,820,725,13,0,0,0,0,0,0,8,5,0
291.145,0,19032064,windows,0,820,725,13,0,0,0,0,0,0,8,5,0
291.169,1,18841600,windows,0,820,725,13,0,0,0,0,0,0,8,5,0
291.398,0,19048448,windows,0,820,725,13,0,0,0,0,0,0,8,5,0
291.437,1,18857984,windows,0,820,725,13,0,0,0,0,0,0,8,5,0
291.649,0,19063808,windows,0,820,725,13,0,0,0,0,0,0,8,5,0
291.702,1,18872320,windows,0,820,725,13,0,0,0,0,0,0,8,5,0
291.899,0,19080192,windows,0,820,725,13,0,0,0,0,0,0,8,5,0
291.956,1,18887680,windows,0,820,725,13,0,0,0,0,0,0,8,5,0
292.157,0,19095552,windows,0,820,725,13,0,0,0,0,0,0,8,5,0
292.217,1,18902016,windows,0,820,725,13,0,0,0,0,0,0,8,5,0
292.412,0,19110912,windows,0,820,725,13,0,0,0,0,0,0,8,5,0
292.473,1,18918400,windows,0,820,725,13,0,0,0,0,0,0,8,5,0
292.675,0,19127296,windows,0,820,725,13,0,0,0,0,0,0,8,5,0
292.729,1,18934784,windows,0,820,725,13,0,0,0,0,0,0,8,5,0
292.939,0,19144704,windows,0,820,725,13,0,0,0,0,0,0,8,5,0
292.982,1,18950144,repair,0,820,725,13,0,0,0,0,0,0,8,5,0
293.189,0,19161088,windows,0,820,725,13,0,0,0,0,0,0,8,5,0
293.233,1,18964480,repair,0,820,725,13,0,0,0,0,0,0,8,5,0
293.439,0,19177472,windows,0,820,725,13,0,0,0,0,0,0,8,5,0
293.485,1,18980864,windows,0,820,725,13,0,0,0,0,0,0,8,5,0
293.701,0,19194880,windows,0,820,725,13,0,0,0,0,0,0,8,5,0
293.75,1,18997248,windows,0,820,725,13,0,0,0,0,0,0,8,5,0
293.963,0,19210240,windows,0,820,725,13,0,0,0,0,0,0,8,5,0
294.012,1,19012608,windows,0,820,725,13,0,0,0,0,0,0,8,5,0
294.222,0,19227648,windows,0,820,725,13,0,0,0,0,0,0,8,5,0
294.275,1,19027968,windows,0,820,725,13,0,0,0,0,0,0,8,5,0
294.484,0,19245056,windows,0,820,725,13,0,0,0,0,0,0,8,5,0
294.534,1,19043328,windows,0,820,725,13,0,0,0,0,0,0,8,5,0
294.735,0,19261440,windows,0,820,725,13,0,0,0,0,0,0,8,5,0
294.792,1,19058688,windows,0,820,725,13,0,0,0,0,0,0,8,5,0
294.988,0,19276800,repair,0,820,725,13,0,0,0,0,0,0,8,5,0
295.049,1,19072000,windows,0,820,725,13,0,0,0,0,0,0,8,5,0
295.244,0,19292160,repair,0,820,725,13,0,0,0,0,0,0,8,5,0
295.311,1,19087360,windows,0,820,725,13,0,0,0,0,0,0,8,5,0
295.509,0,19308544,repair,0,820,725,13,0,0,0,0,0,0,8,5,0
295.562,1,19101696,windows,0,820,725,13,0,0,0,0,0,0,8,5,0
295.77,0,19323904,windows,0,820,725,13,0,0,0,0,0,0,8,5,0
295.818,1,19115008,windows,0,820,725,13,0,0,0,0,0,0,8,5,0
296.027,0,19338240,windows,0,820,725,13,0,0,0,0,0,0,8,5,0
296.083,1,19132416,windows,0,820,725,13,0,0,0,0,0,0,8,5,0
296.29,0,19353600,windows,0,820,725,13,0,0,0,0,0,0,8,5,0
296.341,1,19148800,windows,0,820,725,13,0,0,0,0,0,0,8,5,0
296.558,0,19368960,windows,0,820,725,13,0,0,0,0,0,0,8,5,0
296.599,1,19165184,windows,0,820,725,13,0,0,0,0,0,0,8,5,0
296.811,0,19383296,windows,0,820,725,13,0,0,0,0,0,0,8,5,0
296.854,1,19181568,repair,0,820,725,13,0,0,0,0,0,0,8,5,0
297.063,0,19397632,windows,0,820,725,13,0,0,0,0,0,0,8,5,0
297.107,1,19196928,repair,0,820,725,13,0,0,0,0,0,0,8,5,0
297.324,0,19411968,windows,0,820,725,13,0,0,0,0,0,0,8,5,0
297.368,1,19213312,windows,0,820,725,13,0,0,0,0,0,0,8,5,0
297.58,0,19426304,windows,0,820,725,13,0,0,0,0,0,0,8,5,0
297.629,1,19229696,windows,0,820,725,13,0,0,0,0,0,0,8,5,0
297.83,0,19440640,windows,0,820,725,13,0,0,0,0,0,0,8,5,0
297.887,1,19245056,windows,0,820,725,13,0,0,0,0,0,0,8,5,0
298.106,0,19453952,windows,0,820,725,13,0,0,0,0,0,0,8,5,0
298.147,1,19259392,windows,0,820,725,13,0,0,0,0,0,0,8,5,0
298.356,0,19469312,windows,0,820,725,13,0,0,0,0,0,0,8,5,0
298.416,1,19273728,windows,0,820,725,13,0,0,0,0,0,0,8,5,0
298.609,0,19485696,windows,0,820,725,13,0,0,0,0,0,0,8,5,0
298.671,1,19288064,windows,0,820,725,13,0,0,0,0,0,0,8,5,0
298.869,0,19503104,windows,0,820,725,13,0,0,0,0,0,0,8,5,0
298.935,1,19302400,windows,0,820,725,13,0,0,0,0,0,0,8,5,0
299.134,0,19521536,windows,0,820,725,13,0,0,0,0,0,0,8,5,0
299.189,1,19319808,windows,0,820,725,13,0,0,0,0,0,0,8,5,0
299.385,0,19536896,windows,0,820,725,13,0,0,0,0,0,0,8,5,0
299.447,1,19337216,windows,0,820,725,13,0,0,0,0,0,0,8,5,0
299.644,0,19551232,windows,0,820,725,13,0,0,0,0,0,0,8,5,0
299.706,1,19351552,windows,0,820,725,13,0,0,0,0,0,0,8,5,0
299.896,0,19564544,windows,0,820,725,13,0,0,0,0,0,0,8,5,0
299.959,1,19367936,windows,0,820,725,13,0,0,0,0,0,0,8,5,0
300.16,0,19578880,windows,0,820,725,13,0,0,0,0,0,0,8,5,0
300.221,1,19386368,windows,0,820,725,13,0,0,0,0,0,0,8,5,0
300.417,0,19593216,windows,0,820,725,13,0,0,0,0,0,0,8,5,0
300.48,1,19402752,windows,0,820,725,13,0,0,0,0,0,0,8,5,0
300.68,0,19606528,windows,0,820,725,13,0,0,0,0,0,0,8,5,0
300.735,1,19419136,windows,0,820,725,13,0,0,0,0,0,0,8,5,0
300.931,0,19619840,windows,0,820,725,13,0,0,0,0,0,0,8,5,0
300.985,1,19435520,windows,0,820,725,13,0,0,0,0,0,0,8,5,0
301.191,0,19634176,windows,0,820,725,13,0,0,0,0,0,0,8,5,0
301.242,1,19451904,windows,0,820,725,13,0,0,0,0,0,0,8,5,0
301.455,0,19649536,windows,0,820,725,13,0,0,0,0,0,0,8,5,0
301.498,1,19468288,windows,0,820,725,13,0,0,0,0,0,0,8,5,0
301.706,0,19662848,windows,0,820,725,13,0,0,0,0,0,0,8,5,0
301.755,1,19484672,windows,0,820,725,13,0,0,0,0,0,0,8,5,0
301.962,0,19678208,windows,0,820,725,13,0,0,0,0,0,0,8,5,0
302.012,1,19502080,windows,0,820,725,13,0,0,0,0,0,0,8,5,0
302.223,0,19693568,windows,0,820,725,13,0,0,0,0,0,0,8,5,0
302.274,1,19520512,windows,0,820,725,13,0,0,0,0,0,0,8,5,0
302.485,0,19708928,windows,0,820,725,13,0,0,0,0,0,0,8,5,0
302.528,1,19534848,repair,966,1.18111e+08,1.18111e+08,4395,37,103,107,483,236,0,2480,1675,240
302.742,0,19724288,windows,0,820,725,13,0,0,0,0,0,0,8,5,0
302.792,1,19555328,repair,644,2.98539e+08,2.98475e+08,7466,49,130,121,227,117,0,4062,3208,196
303.005,0,19734528,repair,840,1.93725e+08,1.93676e+08,5903,54,149,124,339,174,0,3210,2485,208
303.043,1,19575808,repair,536,2.61912e+08,2.61906e+08,7190,35,112,93,205,91,0,4080,2924,186
303.266,0,19751936,repair,644,2.59915e+08,2.5991e+08,7052,43,135,120,218,128,0,3955,2931,166
303.307,1,19596288,repair,423,2.56354e+08,2.5633e+08,7033,25,75,74,154,95,0,3934,2951,148
303.517,0,19768320,repair,522,2.76538e+08,2.76452e+08,7281,29,99,79,197,118,0,4058,3056,167
303.569,1,19614720,repair,350,2.11415e+08,2.11363e+08,6458,25,60,62,131,72,0,3685,2648,125
303.772,0,19784704,repair,435,2.87425e+08,2.87341e+08,7451,23,87,79,161,85,0,4162,3128,161
303.821,1,19631104,repair,292,1.96463e+08,1.96463e+08,6303,11,49,43,132,57,0,3663,2516,124
304.03,0,19801088,repair,368,2.20586e+08,2.20586e+08,6730,27,66,69,135,71,0,3939,2639,152
304.079,1,19648512,repair,233,1.8846e+08,1.8841e+08,6189,9,37,44,99,44,0,3595,2470,124
304.295,0,19818496,repair,302,2.1568e+08,2.15657e+08,6534,17,47,52,115,71,0,3710,2684,140
304.342,1,19665920,repair,167,1.86463e+08,1.86411e+08,6222,11,34,27,67,28,0,3688,2423,111
304.564,0,19834880,repair,255,1.91829e+08,1.91829e+08,6320,13,41,33,119,49,0,3736,2446,138
304.592,1,19683328,repair,134,1.62531e+08,1.62465e+08,5820,6,26,15,52,35,0,3457,2258,105
304.826,0,19850240,repair,203,1.85415e+08,1.85348e+08,6170,8,34,25,100,36,0,3619,2432,119
304.855,1,19701760,repair,98,1.43257e+08,1.43196e+08,5486,3,15,19,42,19,0,3288,2106,92
305.087,0,19864576,repair,158,1.71114e+08,1.71065e+08,5995,7,25,29,62,35,0,3585,2301,109
305.107,1,19720192,repair,69,1.30506e+08,1.30487e+08,5304,0,14,7,27,21,0,3256,1964,84
305.339,0,19879936,repair,121,1.64609e+08,1.64588e+08,5884,3,16,16,58,28,0,3514,2259,111
305.37,1,19739648,repair,39,1.20065e+08,1.20028e+08,5118,0,3,9,17,10,0,3178,1862,78
305.596,0,19896320,repair,95,1.39491e+08,1.39471e+08,5478,2,22,9,46,16,0,3348,2036,94
305.628,1,19756032,repair,22,1.14043e+08,1.14007e+08,4968,0,1,5,13,3,0,3080,1823,65
305.856,0,19912704,repair,71,1.31828e+08,1.31828e+08,5395,2,10,10,38,11,0,3369,1932,94
305.879,1,19772416,repair,12,1.00561e+08,1.00559e+08,4746,0,3,2,5,2,0,3028,1652,66
306.107,0,19928064,repair,46,1.15011e+08,1.15011e+08,5045,2,11,8,15,10,0,3135,1810,100
306.134,1,19788800,repair,6,8.8438e+07,8.83915e+07,4498,0,1,1,3,1,0,2938,1503,57
306.369,0,19944448,repair,28,1.06525e+08,1.06507e+08,4876,1,5,4,13,5,0,3057,1725,94
306.393,1,19805184,repair,2,7.49403e+07,7.49137e+07,4192,0,0,1,0,1,0,2806,1332,54
306.633,0,19960832,repair,14,9.8598e+07,9.85653e+07,4718,1,2,3,6,2,0,2992,1637,89
306.648,1,19823616,windows,0,6.13205e+07,6.13081e+07,3772,0,0,0,0,0,0,2487,1231,54
306.887,0,19977216,repair,5,8.90981e+07,8.90644e+07,4484,0,0,1,3,1,0,2840,1558,86
306.908,1,19840000,windows,0,4.85101e+07,4.85101e+07,3399,0,0,0,0,0,0,2281,1058,60
307.152,0,19993600,repair,2,7.55756e+07,7.55596e+07,4175,0,0,1,1,0,0,2689,1400,86
307.175,1,19856384,windows,0,4.06999e+07,4.06999e+07,3099,0,0,0,0,0,0,2051,989,59
307.414,0,20009984,repair,1,6.22837e+07,6.22694e+07,3778,0,0,1,0,0,0,2432,1276,70
307.434,1,19869696,windows,0,3.29184e+07,3.28919e+07,2821,0,0,0,0,0,0,1940,838,43
307.676,0,20026368,repair,1,5.22243e+07,5.22128e+07,3507,0,0,0,0,1,0,2314,1125,68
307.7,1,19884032,windows,0,2.72652e+07,2.72652e+07,2557,0,0,0,0,0,0,1746,774,37
307.93,0,20041728,repair,1,4.54956e+07,4.54956e+07,3303,0,0,0,0,1,0,2228,1014,61
307.951,1,19897344,windows,0,2.3624e+07,2.3609e+07,2402,0,0,0,0,0,0,1672,693,37
308.182,0,20058112,windows,0,4.07317e+07,4.07317e+07,3089,0,0,0,0,0,0,2027,1002,60
308.202,1,19910656,windows,0,2.0507e+07,2.04852e+07,2235,0,0,0,0,0,0,1547,652,36
308.444,0,20072448,windows,0,3.34421e+07,3.34245e+07,2821,0,0,0,0,0,0,1893,879,49
308.469,1,19924992,windows,0,1.75695e+07,1.75615e+07,2060,0,0,0,0,0,0,1416,613,31
308.7,0,20086784,windows,0,2.83905e+07,2.83748e+07,2613,0,0,0,0,0,0,1792,784,37
308.736,1,19939328,windows,0,1.40289e+07,1.40281e+07,1842,0,0,0,0,0,0,1272,544,26
308.955,0,20102144,windows,0,2.41012e+07,2.40855e+07,2423,0,0,0,0,0,0,1664,714,45
308.997,1,19953664,windows,0,1.20395e+07,1.20328e+07,1701,0,0,0,0,0,0,1147,521,33
309.208,0,20116480,windows,0,2.05883e+07,2.05676e+07,2250,0,0,0,0,0,0,1563,645,42
309.263,1,19969024,windows,0,1.04277e+07,1.04277e+07,1598,0,0,0,0,0,0,1113,459,26
309.475,0,20130816,windows,0,1.71505e+07,1.71494e+07,2039,0,0,0,0,0,0,1394,608,37
309.518,1,19983360,windows,0,9.02717e+06,9.02123e+06,1492,0,0,0,0,0,0,1052,417,23
309.726,0,20144128,windows,0,1.4621e+07,1.46099e+07,1887,0,0,0,0,0,0,1300,554,33
309.774,1,19996672,windows,0,7.60949e+06,7.6044e+06,1343,0,0,0,0,0,0,906,418,19
309.987,0,20158464,windows,0,1.24278e+07,1.24209e+07,1744,0,0,0,0,0,0,1210,504,30
310.036,1,20011008,windows,0,6.259e+06,6.25434e+06,1222,0,0,0,0,0,0,831,374,17
310.248,0,20172800,windows,0,1.07973e+07,1.07973e+07,1627,0,0,0,0,0,0,1136,465,26
310.293,1,20025344,windows,0,5.26795e+06,5.26385e+06,1145,0,0,0,0,0,0,820,308,17
310.508,0,20187136,windows,0,9.43154e+06,9.4255e+06,1522,0,0,0,0,0,0,1066,432,24
310.558,1,20039680,windows,0,4.60892e+06,4.60236e+06,1065,0,0,0,0,0,0,745,302,18
310.767,0,20200448,windows,0,7.86874e+06,7.86392e+06,1387,0,0,0,0,0,0,963,401,23
310.809,1,20052992,windows,0,3.96832e+06,3.96832e+06,1000,0,0,0,0,0,0,728,256,16
311.031,0,20214784,windows,0,6.4986e+06,6.49356e+06,1263,0,0,0,0,0,0,879,362,22
311.062,1,20066304,windows,0,3.17797e+06,3.17241e+06,881,0,0,0,0,0,0,610,256,15
311.286,0,20229120,windows,0,5.61596e+06,5.61531e+06,1188,0,0,0,0,0,0,852,314,22
311.318,1,20079616,windows,0,2.66134e+06,2.66095e+06,809,0,0,0,0,0,0,567,229,13
311.556,0,20243456,windows,0,4.84316e+06,4.83922e+06,1100,0,0,0,0,0,0,788,294,18
311.569,1,20091904,windows,0,2.26644e+06,2.26615e+06,749,0,0,0,0,0,0,535,204,10
311.827,0,20256768,windows,0,4.27124e+06,4.27124e+06,1034,0,0,0,0,0,0,740,276,18
311.833,1,20106240,windows,0,1.9627e+06,1.95888e+06,697,0,0,0,0,0,0,496,191,10
312.089,0,20270080,windows,0,3.44006e+06,3.43472e+06,919,0,0,0,0,0,0,633,267,19
312.093,1,20120576,windows,0,1.69613e+06,1.69587e+06,650,0,0,0,0,0,0,468,173,9
312.339,0,20283392,windows,0,2.96532e+06,2.96532e+06,870,0,0,0,0,0,0,636,216,18
312.346,1,20133888,windows,0,1.32973e+06,1.3275e+06,569,0,0,0,0,0,0,394,166,9
312.601,0,20297728,windows,0,2.5058e+06,2.50295e+06,795,0,0,0,0,0,0,570,209,16
312.61,1,20148224,windows,0,1.06331e+06,1.06331e+06,515,0,0,0,0,0,0,372,136,7
312.863,0,20312064,windows,0,2.13846e+06,2.1359e+06,731,0,0,0,0,0,0,511,203,17
312.87,1,20162560,windows,0,879615,875466,471,0,0,0,0,0,0,339,123,9
313.127,1,20175872,windows,0,763630,761395,437,0,0,0,0,0,0,320,112,5
313.131,0,20326400,windows,0,1.8088e+06,1.8063e+06,682,0,0,0,0,0,0,500,166,16
313.389,0,20339712,windows,0,1.40764e+06,1.40224e+06,592,0,0,0,0,0,0,409,168,15
313.391,1,20191232,windows,0,639145,638972,398,0,0,0,0,0,0,283,109,6
313.653,1,20207616,windows,0,442865,441661,334,0,0,0,0,0,0,241,87,6
313.656,0,20355072,windows,0,1.15218e+06,1.14929e+06,540,0,0,0,0,0,0,381,145,14
313.906,0,20369408,windows,0,962470,962470,496,0,0,0,0,0,0,350,131,15
313.912,1,20222976,windows,0,345035,345035,294,0,0,0,0,0,0,211,78,5
314.172,0,20384768,windows,0,814775,814332,457,0,0,0,0,0,0,321,121,15
314.172,1,20237312,windows,0,296515,295040,272,0,0,0,0,0,0,193,74,5
314.436,0,20398080,windows,0,679735,679735,417,0,0,0,0,0,0,289,113,15
314.439,1,20252672,windows,0,254065,252730,252,0,0,0,0,0,0,181,67,4
314.696,0,20410368,windows,0,543830,541332,366,0,0,0,0,0,0,246,109,11
314.699,1,20267008,windows,0,215245,215245,231,0,0,0,0,0,0,163,64,4
314.956,1,20281344,windows,0,147310,146489,193,0,0,0,0,0,0,136,52,5
314.965,0,20424704,windows,0,466445,464610,343,0,0,0,0,0,0,243,92,8
315.207,1,20295680,windows,0,117680,116929,174,0,0,0,0,0,0,128,42,4
315.237,0,20439040,windows,0,395345,392586,318,0,0,0,0,0,0,229,81,8
315.471,1,20311040,windows,0,97460,97347.5,158,0,0,0,0,0,0,114,40,4
315.502,0,20452352,windows,0,345545,345545,298,0,0,0,0,0,0,215,75,8
315.722,1,20327424,windows,0,89255,89255,151,0,0,0,0,0,0,111,37,3
315.768,0,20465664,windows,0,303430,303430,280,0,0,0,0,0,0,206,67,7
315.978,1,20344832,windows,0,72270,71076.2,135,0,0,0,0,0,0,96,36,3
316.041,0,20478976,windows,0,223520,221972,238,0,0,0,0,0,0,164,66,8
316.239,1,20362240,windows,0,55835,55835,116,0,0,0,0,0,0,77,36,3
316.304,0,20492288,windows,0,192305,191329,220,0,0,0,0,0,0,149,63,8
316.502,1,20379648,windows,0,47765,47765,109,0,0,0,0,0,0,77,30,2
316.564,0,20505600,windows,0,158035,156718,200,0,0,0,0,0,0,137,56,7
316.76,1,20397056,windows,0,43585,43585,104,0,0,0,0,0,0,73,29,2
316.823,0,20518912,windows,0,140030,138872,191,0,0,0,0,0,0,136,48,7
317.024,1,20415488,windows,0,39200,39200,99,0,0,0,0,0,0,70,27,2
317.077,0,20532224,windows,0,127570,126729,182,0,0,0,0,0,0,128,47,7
317.278,1,20432896,windows,0,26765,26491.2,81,0,0,0,0,0,0,55,24,2
317.337,0,20546560,windows,0,98120,97378.8,157,0,0,0,0,0,0,102,47,8
317.54,1,20451328,windows,0,20345,19716.2,72,0,0,0,0,0,0,51,19,2
317.593,0,20560896,windows,0,88000,87248.8,152,0,0,0,0,0,0,104,40,8
317.792,1,20467712,windows,0,18605,18605,69,0,0,0,0,0,0,49,18,2
317.847,0,20574208,windows,0,79355,78600,144,0,0,0,0,0,0,99,38,7
318.054,1,20482048,windows,0,17245,16686.2,67,0,0,0,0,0,0,49,16,2
318.105,0,20587520,windows,0,71635,70960,138,0,0,0,0,0,0,97,34,7
318.311,1,20499456,windows,0,14050,13433.8,60,0,0,0,0,0,0,40,17,3
318.377,0,20601856,windows,0,64700,63576.2,130,0,0,0,0,0,0,90,34,6
318.566,1,20516864,windows,0,12620,12421.2,57,0,0,0,0,0,0,40,15,2
318.639,0,20616192,windows,0,53560,53560,118,0,0,0,0,0,0,80,32,6
318.833,1,20533248,windows,0,12460,11956.2,56,0,0,0,0,0,0,38,16,2
318.907,0,20631552,windows,0,41975,41975,105,0,0,0,0,0,0,73,27,5
319.093,1,20547584,windows,0,11365,11191.2,53,0,0,0,0,0,0,35,16,2
319.16,0,20645888,windows,0,39170,38811.2,102,0,0,0,0,0,0,72,25,5
319.359,1,20563968,windows,0,10745,10745,52,0,0,0,0,0,0,35,15,2
319.417,0,20660224,windows,0,34565,34130,97,0,0,0,0,0,0,69,22,6
319.61,1,20580352,windows,0,8770,8687.5,48,0,0,0,0,0,0,32,13,3
319.681,0,20675584,windows,0,31505,31050,92,0,0,0,0,0,0,63,23,6
319.878,1,20596736,windows,0,8150,7918.75,46,0,0,0,0,0,0,30,13,3
319.947,0,20690944,windows,0,25705,25705,82,0,0,0,0,0,0,53,23,6
320.132,1,20612096,windows,0,7145,6756.25,42,0,0,0,0,0,0,27,13,2
320.202,0,20706304,windows,0,23945,23681.2,80,0,0,0,0,0,0,53,21,6
320.385,1,20627456,windows,0,6645,6276.25,41,0,0,0,0,0,0,27,12,2
320.453,0,20720640,windows,0,21305,21051.2,76,0,0,0,0,0,0,51,19,6
320.636,1,20645888,windows,0,6125,5766.25,39,0,0,0,0,0,0,25,12,2
320.705,0,20736000,windows,0,19660,19660,72,0,0,0,0,0,0,46,20,6
320.894,1,20664320,windows,0,5880,5645,38,0,0,0,0,0,0,24,12,2
320.966,0,20751360,windows,0,18325,18325,69,0,0,0,0,0,0,43,20,6
321.153,1,20682752,windows,0,5880,5645,38,0,0,0,0,0,0,24,12,2
321.231,0,20766720,windows,0,17570,16966.2,67,0,0,0,0,0,0,42,20,5
321.416,1,20698112,windows,0,5880,5645,38,0,0,0,0,0,0,24,12,2
321.485,0,20781056,windows,0,16520,16311.2,65,0,0,0,0,0,0,42,19,4
321.669,1,20712448,windows,0,5645,5296.25,37,0,0,0,0,0,0,23,12,2
321.742,0,20795392,windows,0,14050,13516.2,60,0,0,0,0,0,0,40,17,3
321.933,1,20727808,windows,0,5205,4970,35,0,0,0,0,0,0,21,12,2
322,0,20810752,windows,0,13390,12876.2,59,0,0,0,0,0,0,40,16,3
322.189,1,20743168,windows,0,5205,4970,35,0,0,0,0,0,0,21,12,2
322.255,0,20828160,windows,0,11840,11840,55,0,0,0,0,0,0,38,15,2
322.45,1,20757504,windows,0,5205,4970,35,0,0,0,0,0,0,21,12,2
322.513,0,20845568,windows,0,10520,10341.2,52,0,0,0,0,0,0,36,14,2
322.72,1,20771840,windows,0,4805,4476.25,33,0,0,0,0,0,0,19,12,2
322.77,0,20864000,windows,0,10165,10165,51,0,0,0,0,0,0,35,14,2
322.971,1,20786176,windows,0,4805,4476.25,33,0,0,0,0,0,0,19,12,2
323.026,0,20882432,windows,0,9280,9280,49,0,0,0,0,0,0,34,13,2
323.224,1,20800512,windows,0,4540,4441.25,33,0,0,0,0,0,0,20,11,2
323.281,0,20899840,windows,0,9160,8885,48,0,0,0,0,0,0,32,14,2
323.481,1,20815872,windows,0,4540,4441.25,33,0,0,0,0,0,0,20,11,2
323.535,0,20917248,windows,0,8120,8120,46,0,0,0,0,0,0,32,12,2
323.734,1,20831232,windows,0,4345,4251.25,32,0,0,0,0,0,0,19,11,2
323.791,0,20936704,windows,0,7805,7651.25,45,0,0,0,0,0,0,31,12,2
323.989,1,20846592,windows,0,4345,4251.25,32,0,0,0,0,0,0,19,11,2
324.042,0,20954112,windows,0,7205,7205,43,0,0,0,0,0,0,29,12,2
324.251,1,20860928,windows,0,4345,4251.25,32,0,0,0,0,0,0,19,11,2
324.297,0,20970496,windows,0,7205,7205,43,0,0,0,0,0,0,29,12,2
324.516,1,20876288,windows,0,4345,4251.25,32,0,0,0,0,0,0,19,11,2
324.559,0,20988928,windows,0,6920,6920,42,0,0,0,0,0,0,28,12,2
324.782,1,20891648,windows,0,820,725,13,0,0,0,0,0,0,8,5,0
324.814,0,21007360,windows,0,6645,6645,41,0,0,0,0,0,0,27,12,2
325.036,1,20907008,windows,0,820,725,13,0,0,0,0,0,0,8,5,0
325.076,0,21021696,windows,0,6645,6645,41,0,0,0,0,0,0,27,12,2
325.288,1,20923392,windows,0,820,725,13,0,0,0,0,0,0,8,5,0
325.327,0,21036032,windows,0,6185,6185,40,0,0,0,0,0,0,27,11,2
325.548,1,20939776,windows,0,820,725,13,0,0,0,0,0,0,8,5,0
325.584,0,21050368,windows,0,5920,5920,39,0,0,0,0,0,0,26,11,2
325.803,1,20955136,windows,0,820,725,13,0,0,0,0,0,0,8,5,0
325.843,0,21064704,windows,0,5920,5920,39,0,0,0,0,0,0,26,11,2
326.07,1,20971520,windows,0,820,725,13,0,0,0,0,0,0,8,5,0
326.094,0,21082112,windows,0,5920,5920,39,0,0,0,0,0,0,26,11,2
326.332,1,20987904,windows,0,820,725,13,0,0,0,0,0,0,8,5,0
326.358,0,21099520,windows,0,5665,5665,38,0,0,0,0,0,0,25,11,2
326.591,1,21004288,windows,0,820,725,13,0,0,0,0,0,0,8,5,0
326.616,0,21114880,windows,0,5500,5500,38,0,0,0,0,0,0,26,10,2
326.853,1,21019648,windows,0,820,725,13,0,0,0,0,0,0,8,5,0
326.878,0,21130240,windows,0,5245,5245,37,0,0,0,0,0,0,25,10,2
327.115,1,21035008,repair,0,820,725,13,0,0,0,0,0,0,8,5,0
327.139,0,21145600,windows,0,5000,5000,36,0,0,0,0,0,0,24,10,2
327.38,1,21051392,windows,0,820,725,13,0,0,0,0,0,0,8,5,0
327.402,0,21160960,windows,0,5000,5000,36,0,0,0,0,0,0,24,10,2
327.648,1,21066752,windows,0,820,725,13,0,0,0,0,0,0,8,5,0
327.659,0,21175296,windows,0,5000,5000,36,0,0,0,0,0,0,24,10,2
327.899,1,21081088,windows,0,820,725,13,0,0,0,0,0,0,8,5,0
327.913,0,21190656,windows,0,4765,4765,35,0,0,0,0,0,0,23,10,2
328.163,1,21096448,windows,0,820,725,13,0,0,0,0,0,0,8,5,0
328.171,0,21206016,windows,0,4540,4540,34,0,0,0,0,0,0,22,10,2
328.428,1,21111808,windows,0,820,725,13,0,0,0,0,0,0,8,5,0
328.435,0,21221376,windows,0,4540,4540,34,0,0,0,0,0,0,22,10,2
328.687,1,21127168,windows,0,820,725,13,0,0,0,0,0,0,8,5,0
328.694,0,21236736,windows,0,4540,4540,34,0,0,0,0,0,0,22,10,2
328.944,1,21142528,windows,0,820,725,13,0,0,0,0,0,0,8,5,0
328.952,0,21253120,windows,0,4540,4540,34,0,0,0,0,0,0,22,10,2
329.199,1,21156864,windows,0,820,725,13,0,0,0,0,0,0,8,5,0
329.215,0,21271552,windows,0,4295,4295,33,0,0,0,0,0,0,23,9,1
329.452,1,21171200,windows,0,820,725,13,0,0,0,0,0,0,8,5,0
329.466,0,21289984,windows,0,4070,4070,32,0,0,0,0,0,0,22,9,1
329.71,1,21186560,windows,0,820,725,13,0,0,0,0,0,0,8,5,0
329.729,0,21308416,windows,0,3855,3855,31,0,0,0,0,0,0,21,9,1
329.964,1,21203968,windows,0,820,725,13,0,0,0,0,0,0,8,5,0
329.986,0,21326848,windows,0,3855,3855,31,0,0,0,0,0,0,21,9,1
330.226,1,21223424,windows,0,820,725,13,0,0,0,0,0,0,8,5,0
330.24,0,21345280,windows,0,3855,3855,31,0,0,0,0,0,0,21,9,1
330.49,1,21242880,windows,0,820,725,13,0,0,0,0,0,0,8,5,0
330.504,0,21363712,windows,0,3270,3270,28,0,0,0,0,0,0,18,9,1
330.749,1,21263360,windows,0,820,725,13,0,0,0,0,0,0,8,5,0
330.757,0,21381120,windows,0,3270,3270,28,0,0,0,0,0,0,18,9,1
331.002,1,21282816,repair,0,820,725,13,0,0,0,0,0,0,8,5,0
331.024,0,21399552,windows,0,2930,2930,27,0,0,0,0,0,0,18,8,1
331.257,1,21302272,windows,0,820,725,13,0,0,0,0,0,0,8,5,0
331.286,0,21417984,windows,0,2755,2600,26,0,0,0,0,0,0,17,8,1
331.514,1,21319680,windows,0,820,725,13,0,0,0,0,0,0,8,5,0
331.55,0,21437440,windows,0,2425,2290,24,0,0,0,0,0,0,17,7,0
331.769,1,21337088,windows,0,820,725,13,0,0,0,0,0,0,8,5,0
331.8,0,21455872,windows,0,2260,2125,23,0,0,0,0,0,0,16,7,0
332.031,1,21354496,windows,0,820,725,13,0,0,0,0,0,0,8,5,0
332.055,0,21474304,windows,0,2260,2125,23,0,0,0,0,0,0,16,7,0
332.284,1,21371904,windows,0,820,725,13,0,0,0,0,0,0,8,5,0
332.306,0,21492736,windows,0,2260,2125,23,0,0,0,0,0,0,16,7,0
332.545,1,21389312,windows,0,820,725,13,0,0,0,0,0,0,8,5,0
332.572,0,21511168,windows,0,2260,2125,23,0,0,0,0,0,0,16,7,0
332.813,1,21406720,windows,0,820,725,13,0,0,0,0,0,0,8,5,0
332.823,0,21528576,windows,0,2260,2125,23,0,0,0,0,0,0,16,7,0
333.067,1,21421056,windows,0,820,725,13,0,0,0,0,0,0,8,5,0
333.084,0,21547008,windows,0,1960,1825,21,0,0,0,0,0,0,14,7,0
333.317,1,21435392,windows,0,820,725,13,0,0,0,0,0,0,8,5,0
333.348,0,21566464,windows,0,1960,1825,21,0,0,0,0,0,0,14,7,0
333.581,1,21450752,windows,0,820,725,13,0,0,0,0,0,0,8,5,0
333.605,0,21584896,windows,0,1960,1825,21,0,0,0,0,0,0,14,7,0
333.832,1,21465088,windows,0,820,725,13,0,0,0,0,0,0,8,5,0
333.86,0,21604352,windows,0,1960,1825,21,0,0,0,0,0,0,14,7,0
334.087,1,21480448,windows,0,820,725,13,0,0,0,0,0,0,8,5,0
334.161,0,21618688,windows,0,1960,1825,21,0,0,0,0,0,0,14,7,0
334.341,1,21495808,windows,0,820,725,13,0,0,0,0,0,0,8,5,0
334.412,0,21634048,windows,0,1960,1825,21,0,0,0,0,0,0,14,7,0
334.609,1,21511168,windows,0,820,725,13,0,0,0,0,0,0,8,5,0
334.667,0,21650432,windows,0,1960,1825,21,0,0,0,0,0,0,14,7,0
334.865,1,21526528,windows,0,820,725,13,0,0,0,0,0,0,8,5,0
334.93,0,21666816,windows,0,1960,1825,21,0,0,0,0,0,0,14,7,0
335.128,1,21541888,windows,0,820,725,13,0,0,0,0,0,0,8,5,0
335.193,0,21684224,windows,0,1700,1700,20,0,0,0,0,0,0,14,6,0
335.38,1,21557248,windows,0,820,725,13,0,0,0,0,0,0,8,5,0
335.452,0,21700608,windows,0,1700,1700,20,0,0,0,0,0,0,14,6,0
335.64,1,21576704,windows,0,820,725,13,0,0,0,0,0,0,8,5,0
335.711,0,21716992,windows,0,1700,1700,20,0,0,0,0,0,0,14,6,0
335.891,1,21596160,windows,0,820,725,13,0,0,0,0,0,0,8,5,0
335.971,0,21733376,windows,0,1700,1700,20,0,0,0,0,0,0,14,6,0
336.143,1,21615616,windows,0,820,725,13,0,0,0,0,0,0,8,5,0
336.227,0,21748736,windows,0,1565,1450,19,0,0,0,0,0,0,13,6,0
336.393,1,21634048,repair,0,820,725,13,0,0,0,0,0,0,8,5,0
336.492,0,21765120,windows,0,1565,1450,19,0,0,0,0,0,0,13,6,0
336.656,1,21652480,repair,0,820,725,13,0,0,0,0,0,0,8,5,0
336.749,0,21783552,windows,0,1565,1450,19,0,0,0,0,0,0,13,6,0
336.918,1,21669888,windows,0,820,725,13,0,0,0,0,0,0,8,5,0
337.014,0,21804032,windows,0,1565,1450,19,0,0,0,0,0,0,13,6,0
337.176,1,21686272,windows,0,820,725,13,0,0,0,0,0,0,8,5,0
337.265,0,21822464,windows,0,820,725,13,0,0,0,0,0,0,8,5,0
337.429,1,21702656,windows,0,820,725,13,0,0,0,0,0,0,8,5,0
337.523,0,21841920,windows,0,820,725,13,0,0,0,0,0,0,8,5,0
337.682,1,21719040,windows,0,820,725,13,0,0,0,0,0,0,8,5,0
337.78,0,21862400,windows,0,820,725,13,0,0,0,0,0,0,8,5,0
337.934,1,21736448,windows,0,820,725,13,0,0,0,0,0,0,8,5,0
338.04,0,21881856,windows,0,820,725,13,0,0,0,0,0,0,8,5,0
338.197,1,21753856,windows,0,820,725,13,0,0,0,0,0,0,8,5,0
338.302,0,21899264,windows,0,820,725,13,0,0,0,0,0,0,8,5,0
338.454,1,21770240,windows,0,820,725,13,0,0,0,0,0,0,8,5,0
338.564,0,21915648,windows,0,820,725,13,0,0,0,0,0,0,8,5,0
338.716,1,21785600,windows,0,820,725,13,0,0,0,0,0,0,8,5,0
338.818,0,21932032,windows,0,820,725,13,0,0,0,0,0,0,8,5,0
338.979,1,21799936,windows,0,820,725,13,0,0,0,0,0,0,8,5,0
339.076,0,21947392,windows,0,820,725,13,0,0,0,0,0,0,8,5,0
339.242,1,21814272,windows,0,820,725,13,0,0,0,0,0,0,8,5,0
339.33,0,21963776,windows,0,820,725,13,0,0,0,0,0,0,8,5,0
339.503,1,21828608,windows,0,820,725,13,0,0,0,0,0,0,8,5,0
339.598,0,21977088,windows,0,820,725,13,0,0,0,0,0,0,8,5,0
339.762,1,21841920,windows,0,820,725,13,0,0,0,0,0,0,8,5,0
339.856,0,21994496,windows,0,820,725,13,0,0,0,0,0,0,8,5,0
340.014,1,21859328,windows,0,820,725,13,0,0,0,0,0,0,8,5,0
340.107,0,22014976,repair,0,820,725,13,0,0,0,0,0,0,8,5,0
340.272,1,21876736,windows,0,820,725,13,0,0,0,0,0,0,8,5,0
340.37,0,22036480,windows,0,820,725,13,0,0,0,0,0,0,8,5,0
340.54,1,21892096,windows,0,820,725,13,0,0,0,0,0,0,8,5,0
340.622,0,22054912,windows,0,820,725,13,0,0,0,0,0,0,8,5,0
340.796,1,21906432,windows,0,820,725,13,0,0,0,0,0,0,8,5,0
340.886,0,22074368,windows,0,820,725,13,0,0,0,0,0,0,8,5,0
341.056,1,21920768,windows,0,820,725,13,0,0,0,0,0,0,8,5,0
341.141,0,22093824,windows,0,820,725,13,0,0,0,0,0,0,8,5,0
341.319,1,21936128,windows,0,820,725,13,0,0,0,0,0,0,8,5,0
341.401,0,22108160,windows,0,820,725,13,0,0,0,0,0,0,8,5,0
341.584,1,21953536,windows,0,820,725,13,0,0,0,0,0,0,8,5,0
341.66,0,22123520,windows,0,820,725,13,0,0,0,0,0,0,8,5,0
341.842,1,21970944,windows,0,820,725,13,0,0,0,0,0,0,8,5,0
341.917,0,22138880,windows,0,820,725,13,0,0,0,0,0,0,8,5,0
342.102,1,21989376,repair,0,820,725,13,0,0,0,0,0,0,8,5,0
342.177,0,22154240,windows,0,820,725,13,0,0,0,0,0,0,8,5,0
342.361,1,22007808,windows,0,820,725,13,0,0,0,0,0,0,8,5,0
342.43,0,22169600,windows,0,820,725,13,0,0,0,0,0,0,8,5,0
342.624,1,22025216,windows,0,820,725,13,0,0,0,0,0,0,8,5,0
342.684,0,22184960,windows,0,820,725,13,0,0,0,0,0,0,8,5,0
342.893,1,22039552,windows,0,820,725,13,0,0,0,0,0,0,8,5,0
342.944,0,22201344,windows,0,820,725,13,0,0,0,0,0,0,8,5,0
343.161,1,22053888,windows,0,820,725,13,0,0,0,0,0,0,8,5,0
343.199,0,22217728,windows,0,820,725,13,0,0,0,0,0,0,8,5,0
343.416,1,22067200,windows,0,820,725,13,0,0,0,0,0,0,8,5,0
343.462,0,22235136,windows,0,820,725,13,0,0,0,0,0,0,8,5,0
343.672,1,22080512,windows,0,820,725,13,0,0,0,0,0,0,8,5,0
343.725,0,22251520,windows,0,820,725,13,0,0,0,0,0,0,8,5,0
343.934,1,22096896,windows,0,820,725,13,0,0,0,0,0,0,8,5,0
343.988,0,22268928,windows,0,820,725,13,0,0,0,0,0,0,8,5,0
344.201,1,22114304,windows,0,820,725,13,0,0,0,0,0,0,8,5,0
344.251,0,22283264,windows,0,820,725,13,0,0,0,0,0,0,8,5,0
344.462,1,22130688,windows,0,820,725,13,0,0,0,0,0,0,8,5,0
344.512,0,22299648,windows,0,820,725,13,0,0,0,0,0,0,8,5,0
344.717,1,22147072,windows,0,820,725,13,0,0,0,0,0,0,8,5,0
344.765,0,22316032,windows,0,820,725,13,0,0,0,0,0,0,8,5,0
344.982,1,22165504,windows,0,820,725,13,0,0,0,0,0,0,8,5,0
345.015,0,22332416,windows,0,820,725,13,0,0,0,0,0,0,8,5,0
345.239,1,22178816,repair,878,2.20896e+08,2.2082e+08,6357,53,151,167,324,183,0,3523,2648,186
345.278,0,22348800,repair,0,820,725,13,0,0,0,0,0,0,8,5,0
345.497,1,22196224,repair,679,2.73175e+08,2.73148e+08,7301,44,149,110,249,127,0,4157,2959,185
345.533,0,22362112,repair,0,820,725,13,0,0,0,0,0,0,8,5,0
345.748,1,22212608,repair,565,2.69135e+08,2.69074e+08,7157,39,121,81,220,104,0,3965,3016,176
345.787,0,22375424,windows,0,820,725,13,0,0,0,0,0,0,8,5,0
346.001,1,22235136,repair,445,2.52493e+08,2.52431e+08,7068,32,92,68,173,80,0,4049,2874,145
346.047,0,22390784,windows,0,820,725,13,0,0,0,0,0,0,8,5,0
346.251,1,22254592,repair,354,2.018e+08,2.018e+08,6439,21,66,43,146,78,0,3789,2512,138
346.312,0,22407168,windows,0,820,725,13,0,0,0,0,0,0,8,5,0
346.514,1,22272000,repair,287,1.99217e+08,1.99162e+08,6457,13,46,55,113,60,0,3823,2485,149
346.569,0,22423552,windows,0,820,725,13,0,0,0,0,0,0,8,5,0
346.771,1,22288384,repair,235,1.82608e+08,1.82538e+08,6154,9,29,49,97,51,0,3619,2400,135
346.821,0,22437888,windows,0,820,725,13,0,0,0,0,0,0,8,5,0
347.03,1,22304768,repair,179,1.70935e+08,1.70917e+08,5979,10,57,26,59,27,0,3544,2312,123
347.082,0,22452224,windows,0,820,725,13,0,0,0,0,0,0,8,5,0
347.282,1,22321152,repair,138,1.61869e+08,1.61866e+08,5847,10,28,22,45,33,0,3517,2228,102
347.348,0,22467584,windows,0,820,725,13,0,0,0,0,0,0,8,5,0
347.545,1,22338560,repair,104,1.52715e+08,1.52698e+08,5695,4,18,12,48,22,0,3425,2161,109
347.616,0,22481920,windows,0,820,725,13,0,0,0,0,0,0,8,5,0
347.796,1,22356992,repair,78,1.36041e+08,1.35997e+08,5387,3,11,14,38,12,0,3264,2029,94
347.879,0,22497280,windows,0,820,725,13,0,0,0,0,0,0,8,5,0
348.047,1,22375424,repair,52,1.17509e+08,1.17509e+08,5045,5,6,7,19,15,0,3083,1866,96
348.131,0,22512640,windows,0,820,725,13,0,0,0,0,0,0,8,5,0
348.298,1,22393856,repair,32,1.08225e+08,1.08222e+08,4879,0,2,4,17,9,0,3044,1756,79
348.399,0,22528000,windows,0,820,725,13,0,0,0,0,0,0,8,5,0
348.559,1,22410240,repair,19,1.00562e+08,1.00512e+08,4735,0,0,2,12,5,0,2986,1670,79
348.66,0,22544384,windows,0,820,725,13,0,0,0,0,0,0,8,5,0
348.82,1,22426624,repair,12,9.19454e+07,9.19139e+07,4550,1,0,0,6,5,0,2902,1576,72
348.917,0,22563840,windows,0,820,725,13,0,0,0,0,0,0,8,5,0
349.077,1,22441984,repair,5,7.74871e+07,7.74453e+07,4242,1,0,0,3,1,0,2771,1395,76
349.177,0,22583296,windows,0,820,725,13,0,0,0,0,0,0,8,5,0
349.33,1,22458368,repair,2,7.14008e+07,7.13606e+07,4062,0,0,0,2,0,0,2651,1344,67
349.436,0,22601728,windows,0,820,725,13,0,0,0,0,0,0,8,5,0
349.587,1,22474752,windows,0,5.98344e+07,5.9808e+07,3707,0,0,0,0,0,0,2414,1237,56
349.703,0,22618112,windows,0,820,725,13,0,0,0,0,0,0,8,5,0
349.849,1,22489088,windows,0,4.95711e+07,4.95699e+07,3408,0,0,0,0,0,0,2283,1083,42
349.957,0,22633472,windows,0,820,725,13,0,0,0,0,0,0,8,5,0
350.109,1,22503424,windows,0,4.03997e+07,4.03985e+07,3087,0,0,0,0,0,0,2079,968,40
350.215,0,22648832,windows,0,820,725,13,0,0,0,0,0,0,8,5,0
350.374,1,22517760,windows,0,3.28995e+07,3.28995e+07,2772,0,0,0,0,0,0,1828,898,46
350.475,0,22666240,windows,0,820,725,13,0,0,0,0,0,0,8,5,0
350.642,1,22532096,windows,0,2.76405e+07,2.76319e+07,2566,0,0,0,0,0,0,1723,798,45
350.729,0,22682624,windows,0,820,725,13,0,0,0,0,0,0,8,5,0
350.899,1,22546432,windows,0,2.36861e+07,2.36784e+07,2357,0,0,0,0,0,0,1550,762,45
350.988,0,22701056,windows,0,820,725,13,0,0,0,0,0,0,8,5,0
351.155,1,22562816,windows,0,2.01773e+07,2.01627e+07,2213,0,0,0,0,0,0,1505,663,45
351.243,0,22720512,repair,0,820,725,13,0,0,0,0,0,0,8,5,0
351.422,1,22579200,windows,0,1.59532e+07,1.59454e+07,1964,0,0,0,0,0,0,1340,589,35
351.503,0,22739968,repair,0,820,725,13,0,0,0,0,0,0,8,5,0
351.677,1,22595584,windows,0,1.35039e+07,1.34862e+07,1806,0,0,0,0,0,0,1244,536,26
351.766,0,22758400,windows,0,820,725,13,0,0,0,0,0,0,8,5,0
351.938,1,22611968,windows,0,1.14186e+07,1.14085e+07,1679,0,0,0,0,0,0,1188,466,25
352.024,0,22773760,windows,0,820,725,13,0,0,0,0,0,0,8,5,0
352.194,1,22627328,windows,0,9.92827e+06,9.92265e+06,1571,0,0,0,0,0,0,1124,424,23
352.289,0,22788096,windows,0,820,725,13,0,0,0,0,0,0,8,5,0
352.46,1,22641664,windows,0,8.25238e+06,8.24751e+06,1414,0,0,0,0,0,0,974,418,22
352.541,0,22801408,windows,0,820,725,13,0,0,0,0,0,0,8,5,0
352.717,1,22654976,windows,0,7.07522e+06,7.0706e+06,1320,0,0,0,0,0,0,925,373,22
352.808,0,22815744,windows,0,820,725,13,0,0,0,0,0,0,8,5,0
352.968,1,22668288,windows,0,6.16302e+06,6.15188e+06,1237,0,0,0,0,0,0,881,337,19
353.067,0,22830080,windows,0,820,725,13,0,0,0,0,0,0,8,5,0
353.221,1,22685696,windows,0,5.1128e+06,5.1128e+06,1116,0,0,0,0,0,0,768,328,20
353.319,0,22843392,windows,0,820,725,13,0,0,0,0,0,0,8,5,0
353.471,1,22703104,windows,0,4.18396e+06,4.17473e+06,1018,0,0,0,0,0,0,719,282,17
353.582,0,22857728,windows,0,820,725,13,0,0,0,0,0,0,8,5,0
353.735,1,22721536,windows,0,3.24574e+06,3.24257e+06,896,0,0,0,0,0,0,634,248,14
353.839,0,22872064,windows,0,820,725,13,0,0,0,0,0,0,8,5,0
353.988,1,22735872,windows,0,2.74717e+06,2.74667e+06,833,0,0,0,0,0,0,598,218,17
354.103,0,22886400,windows,0,820,725,13,0,0,0,0,0,0,8,5,0
354.251,1,22750208,windows,0,2.34986e+06,2.34986e+06,770,0,0,0,0,0,0,551,203,16
354.361,0,22900736,windows,0,820,725,13,0,0,0,0,0,0,8,5,0
354.507,1,22764544,windows,0,2.06818e+06,2.0652e+06,719,0,0,0,0,0,0,507,197,15
354.62,0,22915072,windows,0,820,725,13,0,0,0,0,0,0,8,5,0
354.768,1,22778880,windows,0,1.65107e+06,1.65107e+06,639,0,0,0,0,0,0,436,186,17
354.874,0,22929408,windows,0,820,725,13,0,0,0,0,0,0,8,5,0
355.024,1,22792192,windows,0,1.39224e+06,1.39224e+06,594,0,0,0,0,0,0,421,158,15
355.128,0,22941696,windows,0,820,725,13,0,0,0,0,0,0,8,5,0
355.276,1,22805504,windows,0,1.19575e+06,1.19382e+06,550,0,0,0,0,0,0,386,149,15
355.379,0,22957056,windows,0,820,725,13,0,0,0,0,0,0,8,5,0
355.534,1,22818816,windows,0,1.02572e+06,1.02572e+06,514,0,0,0,0,0,0,375,126,13
355.641,0,22973440,windows,0,820,725,13,0,0,0,0,0,0,8,5,0
355.795,1,22833152,windows,0,875350,873299,472,0,0,0,0,0,0,334,125,13
355.894,0,22989824,windows,0,820,725,13,0,0,0,0,0,0,8,5,0
356.054,1,22846464,windows,0,714610,710776,424,0,0,0,0,0,0,292,119,13
356.155,0,23006208,windows,0,820,725,13,0,0,0,0,0,0,8,5,0
356.312,1,22858752,windows,0,601410,599255,389,0,0,0,0,0,0,270,108,11
356.421,0,23018496,repair,811,2.60472e+08,2.60467e+08,7013,64,175,148,280,144,0,3924,2899,190
356.57,1,22872064,windows,0,501085,501085,359,0,0,0,0,0,0,253,94,12
356.684,0,23035904,repair,649,2.85144e+08,2.85118e+08,7360,45,139,111,236,118,0,4076,3094,190
356.832,1,22886400,windows,0,437155,433924,336,0,0,0,0,0,0,239,86,11
356.939,0,23053312,repair,543,2.74655e+08,2.74629e+08,7306,32,112,100,192,107,0,4093,3027,186
357.089,1,22899712,windows,0,381355,378696,316,0,0,0,0,0,0,229,76,11
357.19,0,23069696,repair,469,2.42643e+08,2.42567e+08,6936,23,97,73,188,88,0,3963,2810,163
357.356,1,22914048,windows,0,307195,305720,282,0,0,0,0,0,0,197,74,11
357.443,0,23086080,repair,379,2.22544e+08,2.2249e+08,6681,27,89,49,143,71,0,3821,2695,165
357.625,1,22927360,windows,0,243225,241730,246,0,0,0,0,0,0,159,75,12
357.7,0,23103488,repair,320,1.98806e+08,1.98737e+08,6361,17,59,58,119,67,0,3684,2529,148
357.878,1,22941696,windows,0,200450,200450,229,0,0,0,0,0,0,158,60,11
357.962,0,23122944,repair,261,1.8172e+08,1.81672e+08,6156,18,53,41,99,50,0,3635,2382,139
358.128,1,22955008,windows,0,178825,178472,218,0,0,0,0,0,0,151,55,12
358.223,0,23140352,repair,191,1.73837e+08,1.73834e+08,6024,12,31,35,70,43,0,3563,2335,126
358.391,1,22972416,windows,0,158185,156958,206,0,0,0,0,0,0,149,47,10
358.482,0,23159808,repair,144,1.55008e+08,1.55005e+08,5646,9,26,21,57,31,0,3304,2231,111
358.645,1,22988800,windows,0,123005,122331,183,0,0,0,0,0,0,135,38,10
358.744,0,23178240,repair,104,1.50841e+08,1.50824e+08,5668,4,23,18,40,19,0,3420,2142,106
358.914,1,23003136,windows,0,107425,107425,170,0,0,0,0,0,0,119,41,10
358.995,0,23194624,repair,75,1.47831e+08,1.47768e+08,5602,2,15,17,27,14,0,3371,2128,103
359.182,1,23017472,windows,0,93655,93655,159,0,0,0,0,0,0,113,37,9
359.248,0,23211008,repair,36,1.41495e+08,1.41492e+08,5537,2,8,6,12,8,0,3408,2039,90
359.449,1,23031808,windows,0,83475,83475,150,0,0,0,0,0,0,105,36,9
359.513,0,23228416,repair,21,1.2554e+08,1.25501e+08,5208,0,5,5,4,7,0,3195,1927,86
359.705,1,23045120,windows,0,76930,76431.2,144,0,0,0,0,0,0,100,35,9
359.773,0,23245824,repair,15,1.03882e+08,1.03833e+08,4814,0,1,1,6,7,0,3048,1692,74
359.962,1,23059456,windows,0,58275,57417.5,126,0,0,0,0,0,0,87,30,9
360.042,0,23264256,repair,9,8.87851e+07,8.87377e+07,4488,0,0,2,2,5,0,2874,1538,76
360.221,1,23074816,windows,0,50530,49888.8,116,0,0,0,0,0,0,76,31,9
360.295,0,23283712,repair,2,7.55272e+07,7.54843e+07,4207,0,0,1,0,1,0,2793,1349,65
360.475,1,23089152,windows,0,46150,45887.5,110,0,0,0,0,0,0,70,31,9
360.557,0,23303168,repair,1,6.29527e+07,6.29527e+07,3813,0,0,0,0,1,0,2496,1259,58
360.726,1,23103488,windows,0,43585,42403.8,106,0,0,0,0,0,0,67,31,8
360.816,0,23323648,repair,1,5.23201e+07,5.22861e+07,3504,0,0,0,0,1,0,2330,1120,54
360.978,1,23117824,windows,0,41255,40163.8,105,0,0,0,0,0,0,71,27,7
361.073,0,23344128,repair,0,4.63676e+07,4.6355e+07,3316,0,0,0,0,0,0,2234,1033,49
361.231,1,23132160,windows,0,32540,32211.2,94,0,0,0,0,0,0,66,22,6
361.331,0,23362560,windows,0,3.5728e+07,3.57182e+07,2900,0,0,0,0,0,0,1960,908,32
361.483,1,23146496,windows,0,30880,30880,91,0,0,0,0,0,0,62,23,6
361.59,0,23379968,windows,0,2.88907e+07,2.88648e+07,2616,0,0,0,0,0,0,1778,808,30
361.75,1,23161856,windows,0,29260,28981.2,87,0,0,0,0,0,0,56,25,6
361.851,0,23396352,windows,0,2.43616e+07,2.43607e+07,2410,0,0,0,0,0,0,1645,735,30
362.019,1,23177216,windows,0,26785,26330,84,0,0,0,0,0,0,55,23,6
362.101,0,23411712,windows,0,2.09386e+07,2.09249e+07,2228,0,0,0,0,0,0,1519,685,24
362.278,1,23191552,windows,0,24280,24280,80,0,0,0,0,0,0,52,22,6
362.363,0,23428096,windows,0,1.72957e+07,1.72949e+07,2020,0,0,0,0,0,0,1361,633,26
362.543,1,23205888,windows,0,23260,22576.2,78,0,0,0,0,0,0,50,22,6
362.625,0,23445504,windows,0,1.41099e+07,1.41093e+07,1850,0,0,0,0,0,0,1294,535,21
362.798,1,23220224,windows,0,20600,20205,74,0,0,0,0,0,0,48,20,6
362.88,0,23462912,windows,0,1.18144e+07,1.18138e+07,1693,0,0,0,0,0,0,1185,489,19
363.054,1,23234560,windows,0,19580,18946.2,71,0,0,0,0,0,0,44,21,6
363.137,0,23480320,windows,0,1.00642e+07,1.00636e+07,1570,0,0,0,0,0,0,1107,443,20
363.322,1,23248896,windows,0,18325,18325,69,0,0,0,0,0,0,43,20,6
363.397,0,23497728,windows,0,8.18448e+06,8.17917e+06,1399,0,0,0,0,0,0,957,424,18
363.588,1,23264256,windows,0,17120,17120,67,0,0,0,0,0,0,42,19,6
363.653,0,23512064,windows,0,6.81685e+06,6.81685e+06,1291,0,0,0,0,0,0,902,370,19
363.838,1,23278592,windows,0,17120,17120,67,0,0,0,0,0,0,42,19,6
363.918,0,23529472,windows,0,5.74445e+06,5.73379e+06,1195,0,0,0,0,0,0,862,318,15
364.094,1,23291904,windows,0,14835,14835,62,0,0,0,0,0,0,39,18,5
364.174,0,23545856,windows,0,4.86263e+06,4.85267e+06,1094,0,0,0,0,0,0,774,305,15
364.348,1,23306240,windows,0,14450,14095,61,0,0,0,0,0,0,38,18,5
364.424,0,23562240,windows,0,4.00986e+06,4.00986e+06,996,0,0,0,0,0,0,709,273,14
364.612,1,23321600,windows,0,14075,13720,60,0,0,0,0,0,0,37,18,5
364.677,0,23577600,windows,0,3.24543e+06,3.23704e+06,896,0,0,0,0,0,0,642,243,11
364.871,1,23336960,windows,0,12740,12405,57,0,0,0,0,0,0,36,17,4
364.938,0,23593984,windows,0,2.75202e+06,2.74866e+06,829,0,0,0,0,0,0,595,221,13
365.136,1,23353344,windows,0,12040,12040,55,0,0,0,0,0,0,34,17,4
365.203,0,23610368,windows,0,2.29691e+06,2.29653e+06,761,0,0,0,0,0,0,552,196,13
365.401,1,23369728,windows,0,11065,10730,52,0,0,0,0,0,0,31,17,4
365.467,0,23625728,windows,0,1.9413e+06,1.93479e+06,701,0,0,0,0,0,0,509,179,13
365.663,1,23385088,windows,0,10465,10130,50,0,0,0,0,0,0,29,17,4
365.731,0,23636992,windows,0,1.61926e+06,1.61556e+06,643,0,0,0,0,0,0,465,163,15
365.918,1,23403520,windows,0,10465,10130,50,0,0,0,0,0,0,29,17,4
365.99,0,23650304,windows,0,1.382e+06,1.37621e+06,589,0,0,0,0,0,0,409,164,16
366.18,1,23422976,windows,0,10465,10130,50,0,0,0,0,0,0,29,17,4
366.248,0,23663616,windows,0,1.20144e+06,1.19804e+06,552,0,0,0,0,0,0,389,148,15
366.431,1,23440384,windows,0,10465,10130,50,0,0,0,0,0,0,29,17,4
366.512,0,23677952,windows,0,1.02096e+06,1.01906e+06,514,0,0,0,0,0,0,379,122,13
366.686,1,23458816,windows,0,9905,9436.25,48,0,0,0,0,0,0,27,17,4
366.769,0,23693312,windows,0,886820,886820,476,0,0,0,0,0,0,342,122,12
366.949,1,23475200,windows,0,9140,8805,45,0,0,0,0,0,0,24,17,4
367.034,0,23706624,windows,0,709820,708331,426,0,0,0,0,0,0,298,114,14
367.211,1,23491584,windows,0,9140,8805,45,0,0,0,0,0,0,24,17,4
367.289,0,23718912,windows,0,597100,593556,384,0,0,0,0,0,0,262,112,10
367.461,1,23505920,windows,0,8680,8345,43,0,0,0,0,0,0,22,17,4
367.552,0,23732224,windows,0,516305,516012,362,0,0,0,0,0,0,255,97,10
367.723,1,23522304,windows,0,8465,8130,42,0,0,0,0,0,0,21,17,4
367.816,0,23748608,windows,0,430540,429089,331,0,0,0,0,0,0,232,89,10
367.98,1,23536640,windows,0,8465,8130,42,0,0,0,0,0,0,21,17,4
368.08,0,23766016,windows,0,365905,365612,304,0,0,0,0,0,0,209,85,10
368.242,1,23552000,windows,0,8465,8130,42,0,0,0,0,0,0,21,17,4
368.337,0,23782400,windows,0,270130,269808,260,0,0,0,0,0,0,172,77,11
368.5,1,23566336,windows,0,8465,8130,42,0,0,0,0,0,0,21,17,4
368.597,0,23796736,windows,0,235755,234178,246,0,0,0,0,0,0,171,66,9
368.756,1,23580672,windows,0,8465,8130,42,0,0,0,0,0,0,21,17,4
368.855,0,23810048,windows,0,200325,198336,227,0,0,0,0,0,0,159,60,8
369.022,1,23596032,windows,0,8020,7705,42,0,0,0,0,0,0,22,16,4
369.117,0,23823360,windows,0,181965,181965,215,0,0,0,0,0,0,147,60,8
369.287,1,23611392,windows,0,6975,6680,39,0,0,0,0,0,0,21,15,3
369.376,0,23837696,windows,0,166145,166145,208,0,0,0,0,0,0,147,53,8
369.549,1,23626752,windows,0,6975,6680,39,0,0,0,0,0,0,21,15,3
369.642,0,23852032,windows,0,120095,118998,177,0,0,0,0,0,0,125,45,7
369.803,1,23641088,windows,0,6770,6376.25,38,0,0,0,0,0,0,20,15,3
369.901,0,23866368,windows,0,104290,103539,163,0,0,0,0,0,0,110,46,7
370.056,1,23655424,windows,0,6770,6376.25,38,0,0,0,0,0,0,20,15,3
370.152,0,23883776,windows,0,94495,94495,157,0,0,0,0,0,0,109,41,7
370.324,1,23670784,windows,0,6770,6376.25,38,0,0,0,0,0,0,20,15,3
370.414,0,23900160,windows,0,81890,80912.5,146,0,0,0,0,0,0,100,39,7
370.578,1,23685120,windows,0,6770,6376.25,38,0,0,0,0,0,0,20,15,3
370.669,0,23914496,windows,0,69070,68112.5,133,0,0,0,0,0,0,88,38,7
370.846,1,23701504,windows,0,6575,6280,37,0,0,0,0,0,0,19,15,3
370.929,0,23928832,windows,0,52130,51548.8,116,0,0,0,0,0,0,76,33,7
371.108,1,23716864,windows,0,6575,6280,37,0,0,0,0,0,0,19,15,3
371.192,0,23943168,windows,0,47155,45963.8,110,0,0,0,0,0,0,71,32,7
371.362,1,23731200,windows,0,6575,6280,37,0,0,0,0,0,0,19,15,3
371.45,0,23957504,windows,0,46115,44953.8,110,0,0,0,0,0,0,73,30,7
371.619,1,23746560,windows,0,6575,6280,37,0,0,0,0,0,0,19,15,3
371.71,0,23971840,windows,0,42790,42587.5,106,0,0,0,0,0,0,70,29,7
371.926,1,23762944,windows,0,6575,6280,37,0,0,0,0,0,0,19,15,3
371.964,0,23986176,windows,0,37830,37092.5,100,0,0,0,0,0,0,66,27,7
372.189,1,23780352,windows,0,6575,6280,37,0,0,0,0,0,0,19,15,3
372.232,0,24001536,windows,0,32575,31573.8,93,0,0,0,0,0,0,61,25,7
372.454,1,23795712,windows,0,6575,6280,37,0,0,0,0,0,0,19,15,3
372.499,0,24016896,windows,0,30215,29233.8,89,0,0,0,0,0,0,57,25,7
372.711,1,23813120,windows,0,6390,6095,36,0,0,0,0,0,0,18,15,3
372.75,0,24031232,windows,0,27570,26623.8,85,0,0,0,0,0,0,54,24,7
372.975,1,23831552,windows,0,6390,6095,36,0,0,0,0,0,0,18,15,3
373.002,0,24045568,windows,0,26630,26158.8,84,0,0,0,0,0,0,54,23,7
373.236,1,23851008,windows,0,6390,6095,36,0,0,0,0,0,0,18,15,3
373.269,0,24060928,windows,0,23650,23447.5,79,0,0,0,0,0,0,50,22,7
373.497,1,23870464,windows,0,5995,5995,36,0,0,0,0,0,0,19,14,3
373.534,0,24076288,windows,0,21810,21368.8,76,0,0,0,0,0,0,48,21,7
373.752,1,23889920,windows,0,5995,5995,36,0,0,0,0,0,0,19,14,3
373.791,0,24090624,windows,0,19970,19133.8,72,0,0,0,0,0,0,44,21,7
374.012,1,23908352,windows,0,5995,5995,36,0,0,0,0,0,0,19,14,3
374.059,0,24105984,windows,0,19110,18698.8,70,0,0,0,0,0,0,42,21,7
374.27,1,23926784,windows,0,5995,5995,36,0,0,0,0,0,0,19,14,3
374.309,0,24120320,windows,0,18720,18338.8,69,0,0,0,0,0,0,42,21,6
374.527,1,23944192,windows,0,5995,5995,36,0,0,0,0,0,0,19,14,3
374.562,0,24134656,windows,0,18325,18152.5,69,0,0,0,0,0,0,43,20,6
374.785,1,23957504,windows,0,5995,5995,36,0,0,0,0,0,0,19,14,3
374.822,0,24148992,windows,0,17650,17288.8,68,0,0,0,0,0,0,44,19,5
375.047,1,23975936,windows,0,5995,5995,36,0,0,0,0,0,0,19,14,3
375.076,0,24163328,windows,0,15970,15452.5,64,0,0,0,0,0,0,40,19,5
375.309,1,23994368,windows,0,5995,5995,36,0,0,0,0,0,0,19,14,3
375.334,0,24177664,windows,0,13480,12843.8,59,0,0,0,0,0,0,38,17,4
375.568,1,24011776,windows,0,5810,5810,35,0,0,0,0,0,0,18,14,3
375.592,0,24194048,windows,0,12040,11592.5,55,0,0,0,0,0,0,34,17,4
375.823,1,24029184,windows,0,5810,5810,35,0,0,0,0,0,0,18,14,3
375.85,0,24211456,windows,0,11725,11123.8,55,0,0,0,0,0,0,35,16,4
376.088,1,24047616,windows,0,5810,5810,35,0,0,0,0,0,0,18,14,3
376.106,0,24228864,windows,0,11380,10952.5,54,0,0,0,0,0,0,34,16,4
376.341,1,24066048,windows,0,5810,5810,35,0,0,0,0,0,0,18,14,3
376.366,0,24247296,windows,0,10425,10017.5,52,0,0,0,0,0,0,33,15,4
376.606,1,24084480,windows,0,5810,5810,35,0,0,0,0,0,0,18,14,3
376.63,0,24264704,windows,0,9185,8928.75,48,0,0,0,0,0,0,29,15,4
376.871,1,24102912,windows,0,5810,5810,35,0,0,0,0,0,0,18,14,3
376.885,0,24282112,windows,0,8900,8353.75,47,0,0,0,0,0,0,28,15,4
377.125,1,24120320,windows,0,5810,5810,35,0,0,0,0,0,0,18,14,3
377.145,0,24299520,windows,0,8605,8073.75,47,0,0,0,0,0,0,29,14,4
377.38,1,24137728,windows,0,5810,5810,35,0,0,0,0,0,0,18,14,3
377.401,0,24315904,windows,0,8045,7657.5,45,0,0,0,0,0,0,27,14,4
377.63,1,24156160,windows,0,5810,5810,35,0,0,0,0,0,0,18,14,3
377.669,0,24331264,windows,0,8045,7657.5,45,0,0,0,0,0,0,27,14,4
377.892,1,24175616,windows,0,820,725,13,0,0,0,0,0,0,8,5,0
377.935,0,24345600,windows,0,7780,7392.5,44,0,0,0,0,0,0,26,14,4
378.147,1,24196096,windows,0,820,725,13,0,0,0,0,0,0,8,5,0
378.193,0,24359936,windows,0,7780,7392.5,44,0,0,0,0,0,0,26,14,4
378.401,1,24215552,windows,0,820,725,13,0,0,0,0,0,0,8,5,0
378.454,0,24374272,windows,0,7525,7137.5,43,0,0,0,0,0,0,25,14,4
378.663,1,24235008,windows,0,820,725,13,0,0,0,0,0,0,8,5,0
378.713,0,24389632,windows,0,7525,7137.5,43,0,0,0,0,0,0,25,14,4
378.916,1,24253440,windows,0,820,725,13,0,0,0,0,0,0,8,5,0
378.976,0,24404992,windows,0,6985,6748.75,42,0,0,0,0,0,0,25,13,4
379.18,1,24271872,windows,0,820,725,13,0,0,0,0,0,0,8,5,0
379.23,0,24420352,windows,0,6985,6748.75,42,0,0,0,0,0,0,25,13,4
379.434,1,24290304,windows,0,820,725,13,0,0,0,0,0,0,8,5,0
379.484,0,24434688,windows,0,6740,6627.5,41,0,0,0,0,0,0,24,13,4
379.69,1,24307712,windows,0,820,725,13,0,0,0,0,0,0,8,5,0
379.741,0,24448000,windows,0,6485,6372.5,41,0,0,0,0,0,0,25,12,4
379.948,1,24327168,windows,0,820,725,13,0,0,0,0,0,0,8,5,0
380.003,0,24463360,windows,0,6485,6372.5,41,0,0,0,0,0,0,25,12,4
380.198,1,24346624,windows,0,820,725,13,0,0,0,0,0,0,8,5,0
380.26,0,24478720,windows,0,6240,5892.5,40,0,0,0,0,0,0,24,12,4
380.456,1,24367104,repair,0,820,725,13,0,0,0,0,0,0,8,5,0
380.525,0,24494080,windows,0,6240,5892.5,40,0,0,0,0,0,0,24,12,4
380.715,1,24387584,windows,0,820,725,13,0,0,0,0,0,0,8,5,0
380.785,0,24509440,windows,0,6005,5892.5,39,0,0,0,0,0,0,23,12,4
380.974,1,24407040,windows,0,820,725,13,0,0,0,0,0,0,8,5,0
381.044,0,24524800,windows,0,6005,5892.5,39,0,0,0,0,0,0,23,12,4
381.232,1,24426496,windows,0,820,725,13,0,0,0,0,0,0,8,5,0
381.31,0,24541184,windows,0,6005,5892.5,39,0,0,0,0,0,0,23,12,4
381.492,1,24445952,windows,0,820,725,13,0,0,0,0,0,0,8,5,0
381.57,0,24556544,windows,0,5565,5217.5,37,0,0,0,0,0,0,21,12,4
381.748,1,24464384,windows,0,820,725,13,0,0,0,0,0,0,8,5,0
381.833,0,24570880,windows,0,5360,5012.5,36,0,0,0,0,0,0,20,12,4
381.999,1,24479744,windows,0,820,725,13,0,0,0,0,0,0,8,5,0
382.096,0,24586240,windows,0,5360,5012.5,36,0,0,0,0,0,0,20,12,4
382.256,1,24497152,windows,0,820,725,13,0,0,0,0,0,0,8,5,0
382.349,0,24601600,windows,0,5360,5012.5,36,0,0,0,0,0,0,20,12,4
382.518,1,24513536,windows,0,820,725,13,0,0,0,0,0,0,8,5,0
382.616,0,24616960,windows,0,5360,5012.5,36,0,0,0,0,0,0,20,12,4
382.775,1,24528896,windows,0,820,725,13,0,0,0,0,0,0,8,5,0
382.87,0,24631296,windows,0,5360,5012.5,36,0,0,0,0,0,0,20,12,4
383.046,1,24544256,windows,0,820,725,13,0,0,0,0,0,0,8,5,0
383.126,0,24645632,windows,0,5360,5012.5,36,0,0,0,0,0,0,20,12,4
383.308,1,24559616,windows,0,820,725,13,0,0,0,0,0,0,8,5,0
383.377,0,24659968,windows,0,5105,4992.5,36,0,0,0,0,0,0,21,11,4
383.571,1,24573952,windows,0,820,725,13,0,0,0,0,0,0,8,5,0
383.627,0,24674304,windows,0,4900,4787.5,35,0,0,0,0,0,0,20,11,4
383.829,1,24589312,windows,0,820,725,13,0,0,0,0,0,0,8,5,0
383.884,0,24689664,windows,0,4900,4787.5,35,0,0,0,0,0,0,20,11,4
384.09,1,24605696,windows,0,820,725,13,0,0,0,0,0,0,8,5,0
384.143,0,24705024,windows,0,4900,4787.5,35,0,0,0,0,0,0,20,11,4
384.34,1,24623104,windows,0,820,725,13,0,0,0,0,0,0,8,5,0
384.402,0,24720384,windows,0,4900,4787.5,35,0,0,0,0,0,0,20,11,4
384.61,1,24643584,repair,0,820,725,13,0,0,0,0,0,0,8,5,0
384.666,0,24735744,windows,0,820,725,13,0,0,0,0,0,0,8,5,0
384.865,1,24663040,repair,0,820,725,13,0,0,0,0,0,0,8,5,0
384.925,0,24752128,windows,0,820,725,13,0,0,0,0,0,0,8,5,0
385.122,1,24683520,repair,0,820,725,13,0,0,0,0,0,0,8,5,0
385.19,0,24769536,windows,0,820,725,13,0,0,0,0,0,0,8,5,0
385.382,1,24701952,windows,0,820,725,13,0,0,0,0,0,0,8,5,0
385.452,0,24785920,windows,0,820,725,13,0,0,0,0,0,0,8,5,0
385.633,1,24719360,windows,0,820,725,13,0,0,0,0,0,0,8,5,0
385.712,0,24802304,windows,0,820,725,13,0,0,0,0,0,0,8,5,0
385.886,1,24736768,windows,0,820,725,13,0,0,0,0,0,0,8,5,0
385.972,0,24818688,windows,0,820,725,13,0,0,0,0,0,0,8,5,0
386.142,1,24754176,windows,0,820,725,13,0,0,0,0,0,0,8,5,0
386.223,0,24835072,windows,0,820,725,13,0,0,0,0,0,0,8,5,0
386.393,1,24769536,windows,0,820,725,13,0,0,0,0,0,0,8,5,0
386.478,0,24849408,windows,0,820,725,13,0,0,0,0,0,0,8,5,0
386.662,1,24784896,windows,0,820,725,13,0,0,0,0,0,0,8,5,0
386.735,0,24863744,windows,0,820,725,13,0,0,0,0,0,0,8,5,0
386.92,1,24800256,windows,0,820,725,13,0,0,0,0,0,0,8,5,0
386.992,0,24878080,windows,0,820,725,13,0,0,0,0,0,0,8,5,0
387.174,1,24816640,windows,0,820,725,13,0,0,0,0,0,0,8,5,0
387.249,0,24893440,windows,0,820,725,13,0,0,0,0,0,0,8,5,0
387.429,1,24833024,windows,0,820,725,13,0,0,0,0,0,0,8,5,0
387.502,0,24907776,windows,0,820,725,13,0,0,0,0,0,0,8,5,0
387.685,1,24847360,repair,0,820,725,13,0,0,0,0,0,0,8,5,0
387.757,0,24923136,windows,0,820,725,13,0,0,0,0,0,0,8,5,0
387.935,1,24861696,windows,0,820,725,13,0,0,0,0,0,0,8,5,0
388.021,0,24939520,windows,0,820,725,13,0,0,0,0,0,0,8,5,0
388.202,1,24877056,windows,0,820,725,13,0,0,0,0,0,0,8,5,0
388.274,0,24955904,windows,0,820,725,13,0,0,0,0,0,0,8,5,0
388.456,1,24891392,windows,0,820,725,13,0,0,0,0,0,0,8,5,0
388.533,0,24972288,windows,0,820,725,13,0,0,0,0,0,0,8,5,0
388.714,1,24905728,windows,0,820,725,13,0,0,0,0,0,0,8,5,0
388.788,0,24988672,windows,0,820,725,13,0,0,0,0,0,0,8,5,0
388.976,1,24920064,windows,0,820,725,13,0,0,0,0,0,0,8,5,0
389.047,0,25004032,windows,0,820,725,13,0,0,0,0,0,0,8,5,0
389.237,1,24934400,windows,0,820,725,13,0,0,0,0,0,0,8,5,0
389.3,0,25020416,windows,0,820,725,13,0,0,0,0,0,0,8,5,0
389.498,1,24949760,windows,0,820,725,13,0,0,0,0,0,0,8,5,0
389.556,0,25034752,windows,0,820,725,13,0,0,0,0,0,0,8,5,0
389.753,1,24965120,windows,0,820,725,13,0,0,0,0,0,0,8,5,0
389.814,0,25051136,windows,0,820,725,13,0,0,0,0,0,0,8,5,0
390.005,1,24983552,windows,0,820,725,13,0,0,0,0,0,0,8,5,0
390.069,0,25067520,windows,0,820,725,13,0,0,0,0,0,0,8,5,0
390.259,1,25000960,windows,0,820,725,13,0,0,0,0,0,0,8,5,0
390.335,0,25083904,windows,0,820,725,13,0,0,0,0,0,0,8,5,0
390.52,1,25016320,windows,0,820,725,13,0,0,0,0,0,0,8,5,0
390.598,0,25100288,windows,0,820,725,13,0,0,0,0,0,0,8,5,0
390.772,1,25031680,windows,0,820,725,13,0,0,0,0,0,0,8,5,0
390.853,0,25116672,windows,0,820,725,13,0,0,0,0,0,0,8,5,0
391.032,1,25048064,windows,0,820,725,13,0,0,0,0,0,0,8,5,0
391.114,0,25132032,windows,0,820,725,13,0,0,0,0,0,0,8,5,0
391.288,1,25063424,windows,0,820,725,13,0,0,0,0,0,0,8,5,0
391.366,0,25146368,windows,0,820,725,13,0,0,0,0,0,0,8,5,0
391.546,1,25078784,windows,0,820,725,13,0,0,0,0,0,0,8,5,0
391.621,0,25160704,windows,0,820,725,13,0,0,0,0,0,0,8,5,0
391.804,1,25093120,windows,0,820,725,13,0,0,0,0,0,0,8,5,0
391.881,0,25176064,windows,0,820,725,13,0,0,0,0,0,0,8,5,0
392.056,1,25112576,windows,0,820,725,13,0,0,0,0,0,0,8,5,0
392.15,0,25191424,windows,0,820,725,13,0,0,0,0,0,0,8,5,0
392.311,1,25132032,windows,0,820,725,13,0,0,0,0,0,0,8,5,0
392.417,0,25206784,windows,0,820,725,13,0,0,0,0,0,0,8,5,0
392.569,1,25149440,windows,0,820,725,13,0,0,0,0,0,0,8,5,0
392.674,0,25220096,windows,0,820,725,13,0,0,0,0,0,0,8,5,0
392.836,1,25164800,repair,0,820,725,13,0,0,0,0,0,0,8,5,0
392.928,0,25235456,windows,0,820,725,13,0,0,0,0,0,0,8,5,0
393.103,1,25180160,repair,0,820,725,13,0,0,0,0,0,0,8,5,0
393.18,0,25250816,windows,0,820,725,13,0,0,0,0,0,0,8,5,0
393.357,1,25193472,repair,0,820,725,13,0,0,0,0,0,0,8,5,0
393.432,0,25267200,windows,0,820,725,13,0,0,0,0,0,0,8,5,0
393.619,1,25208832,windows,0,820,725,13,0,0,0,0,0,0,8,5,0
393.69,0,25284608,windows,0,820,725,13,0,0,0,0,0,0,8,5,0
393.873,1,25224192,windows,0,820,725,13,0,0,0,0,0,0,8,5,0
393.949,0,25302016,windows,0,820,725,13,0,0,0,0,0,0,8,5,0
394.132,1,25239552,windows,0,820,725,13,0,0,0,0,0,0,8,5,0
394.208,0,25319424,windows,0,820,725,13,0,0,0,0,0,0,8,5,0
394.384,1,25254912,windows,0,820,725,13,0,0,0,0,0,0,8,5,0
394.47,0,25334784,windows,0,820,725,13,0,0,0,0,0,0,8,5,0
394.648,1,25270272,windows,0,820,725,13,0,0,0,0,0,0,8,5,0
394.734,0,25353216,windows,0,820,725,13,0,0,0,0,0,0,8,5,0
394.905,1,25285632,windows,0,820,725,13,0,0,0,0,0,0,8,5,0
394.989,0,25370624,windows,0,820,725,13,0,0,0,0,0,0,8,5,0
395.156,1,25299968,windows,0,820,725,13,0,0,0,0,0,0,8,5,0
395.248,0,25388032,windows,0,640,640,12,0,0,0,0,0,0,8,4,0
395.412,1,25315328,windows,0,820,725,13,0,0,0,0,0,0,8,5,0
395.506,0,25405440,windows,0,640,640,12,0,0,0,0,0,0,8,4,0
395.676,1,25329664,windows,0,820,725,13,0,0,0,0,0,0,8,5,0
395.77,0,25423872,windows,0,640,640,12,0,0,0,0,0,0,8,4,0
395.937,1,25345024,windows,0,820,725,13,0,0,0,0,0,0,8,5,0
396.031,0,25441280,windows,0,640,640,12,0,0,0,0,0,0,8,4,0
396.199,1,25362432,windows,0,820,725,13,0,0,0,0,0,0,8,5,0
396.285,0,25458688,windows,0,640,640,12,0,0,0,0,0,0,8,4,0
396.457,1,25378816,windows,0,820,725,13,0,0,0,0,0,0,8,5,0
396.548,0,25476096,windows,0,640,640,12,0,0,0,0,0,0,8,4,0
396.709,1,25395200,windows,0,820,725,13,0,0,0,0,0,0,8,5,0
396.801,0,25492480,windows,0,640,640,12,0,0,0,0,0,0,8,4,0
396.961,1,25412608,windows,0,820,725,13,0,0,0,0,0,0,8,5,0
397.053,0,25506816,windows,0,640,640,12,0,0,0,0,0,0,8,4,0
397.215,1,25430016,windows,0,820,725,13,0,0,0,0,0,0,8,5,0
397.308,0,25524224,windows,0,640,640,12,0,0,0,0,0,0,8,4,0
397.465,1,25444352,windows,0,820,725,13,0,0,0,0,0,0,8,5,0
397.567,0,25540608,windows,0,640,640,12,0,0,0,0,0,0,8,4,0
397.729,1,25459712,windows,0,820,725,13,0,0,0,0,0,0,8,5,0
397.824,0,25556992,windows,0,640,640,12,0,0,0,0,0,0,8,4,0
397.984,1,25475072,windows,0,820,725,13,0,0,0,0,0,0,8,5,0
398.078,0,25572352,repair,0,640,640,12,0,0,0,0,0,0,8,4,0
398.249,1,25490432,windows,0,820,725,13,0,0,0,0,0,0,8,5,0
398.34,0,25588736,repair,0,640,640,12,0,0,0,0,0,0,8,4,0
398.502,1,25502720,repair,783,2.76614e+08,2.7659e+08,7122,42,189,149,256,147,0,3887,3055,180
398.595,0,25604096,windows,0,640,640,12,0,0,0,0,0,0,8,4,0
398.764,1,25520128,repair,635,2.61252e+08,2.61189e+08,7138,43,131,125,217,119,0,4071,2906,161
398.846,0,25619456,windows,0,640,640,12,0,0,0,0,0,0,8,4,0
399.029,1,25538560,repair,522,2.42029e+08,2.41968e+08,6874,39,102,97,182,102,0,3891,2825,158
399.109,0,25634816,windows,0,640,640,12,0,0,0,0,0,0,8,4,0
399.29,1,25555968,repair,432,2.37822e+08,2.3776e+08,6818,32,73,80,160,87,0,3821,2826,171
399.368,0,25650176,windows,0,640,640,12,0,0,0,0,0,0,8,4,0
399.548,1,25573376,repair,342,2.18907e+08,2.18907e+08,6590,17,55,46,144,80,0,3740,2694,156
399.631,0,25665536,windows,0,640,640,12,0,0,0,0,0,0,8,4,0
399.812,1,25590784,repair,275,1.98227e+08,1.98172e+08,6262,12,49,37,114,63,0,3566,2571,125
399.883,0,25684992,windows,0,640,640,12,0,0,0,0,0,0,8,4,0
400.063,1,25607168,repair,243,1.79331e+08,1.79314e+08,6016,12,47,28,101,55,0,3488,2414,114
400.14,0,25704448,windows,0,640,640,12,0,0,0,0,0,0,8,4,0
400.322,1,25624576,repair,174,1.93071e+08,1.93003e+08,6287,12,35,38,63,26,0,3652,2502,133
400.398,0,25723904,windows,0,640,640,12,0,0,0,0,0,0,8,4,0
400.576,1,25641984,repair,139,1.51973e+08,1.51973e+08,5729,10,24,18,51,36,0,3500,2120,109
400.653,0,25740288,windows,0,640,640,12,0,0,0,0,0,0,8,4,0
400.832,1,25658368,repair,99,1.52325e+08,1.52262e+08,5670,5,16,9,39,30,0,3409,2164,97
400.909,0,25758720,windows,0,640,640,12,0,0,0,0,0,0,8,4,0
401.092,1,25674752,repair,69,1.45556e+08,1.45538e+08,5487,3,6,5,39,16,0,3252,2148,87
401.169,0,25777152,windows,0,640,640,12,0,0,0,0,0,0,8,4,0
401.352,1,25691136,repair,43,1.39922e+08,1.39922e+08,5537,3,6,13,10,11,0,3460,1998,79
401.427,0,25793536,windows,0,640,640,12,0,0,0,0,0,0,8,4,0
401.627,1,25707520,repair,31,1.14427e+08,1.14424e+08,5037,0,6,4,15,6,0,3171,1788,78
401.689,0,25811968,windows,0,640,640,12,0,0,0,0,0,0,8,4,0
401.888,1,25723904,repair,18,1.0119e+08,1.01141e+08,4736,2,1,2,12,1,0,2986,1680,70
401.948,0,25830400,windows,0,640,640,12,0,0,0,0,0,0,8,4,0
402.157,1,25740288,repair,8,9.03356e+07,9.03193e+07,4508,0,0,0,6,2,0,2889,1557,62
402.212,0,25847808,windows,0,640,640,12,0,0,0,0,0,0,8,4,0
402.411,1,25756672,repair,2,8.45263e+07,8.4512e+07,4400,0,0,0,1,1,0,2864,1473,63
402.473,0,25864192,windows,0,640,640,12,0,0,0,0,0,0,8,4,0
402.675,1,25774080,repair,1,6.69319e+07,6.69169e+07,3948,0,0,0,1,0,0,2593,1288,67
402.726,0,25881600,windows,0,640,640,12,0,0,0,0,0,0,8,4,0
402.93,1,25791488,windows,0,5.72942e+07,5.72589e+07,3701,0,0,0,0,0,0,2507,1135,59
402.984,0,25899008,windows,0,640,640,12,0,0,0,0,0,0,8,4,0
403.187,1,25805824,windows,0,4.81595e+07,4.81463e+07,3377,0,0,0,0,0,0,2240,1071,66
403.24,0,25916416,windows,0,640,640,12,0,0,0,0,0,0,8,4,0
403.452,1,25820160,windows,0,4.0006e+07,3.99742e+07,3035,0,0,0,0,0,0,1963,1016,56
403.494,0,25934848,windows,0,640,640,12,0,0,0,0,0,0,8,4,0
403.711,1,25833472,windows,0,3.25821e+07,3.25821e+07,2777,0,0,0,0,0,0,1867,869,41
403.756,0,25953280,repair,0,640,640,12,0,0,0,0,0,0,8,4,0
403.973,1,25847808,windows,0,2.74593e+07,2.7458e+07,2563,0,0,0,0,0,0,1733,787,43
404.007,0,25971712,repair,0,640,640,12,0,0,0,0,0,0,8,4,0
404.231,1,25861120,windows,0,2.38561e+07,2.38551e+07,2405,0,0,0,0,0,0,1668,704,33
404.26,0,25991168,repair,0,640,640,12,0,0,0,0,0,0,8,4,0
404.492,1,25874432,windows,0,2.08566e+07,2.08346e+07,2248,0,0,0,0,0,0,1553,662,33
404.516,0,26010624,windows,0,640,640,12,0,0,0,0,0,0,8,4,0
404.75,1,25887744,windows,0,1.79741e+07,1.79672e+07,2052,0,0,0,0,0,0,1373,653,26
404.768,0,26029056,windows,0,640,640,12,0,0,0,0,0,0,8,4,0
405.017,1,25902080,windows,0,1.51354e+07,1.51169e+07,1927,0,0,0,0,0,0,1351,547,29
405.03,0,26047488,windows,0,640,640,12,0,0,0,0,0,0,8,4,0
405.279,1,25916416,windows,0,1.29717e+07,1.29656e+07,1772,0,0,0,0,0,0,1214,528,30
405.289,0,26065920,windows,0,640,640,12,0,0,0,0,0,0,8,4,0
405.53,1,25929728,windows,0,1.15622e+07,1.15612e+07,1685,0,0,0,0,0,0,1165,487,33
405.541,0,26083328,windows,0,640,640,12,0,0,0,0,0,0,8,4,0
405.784,1,25943040,windows,0,1.0221e+07,1.02145e+07,1591,0,0,0,0,0,0,1108,450,33
405.805,0,26100736,windows,0,640,640,12,0,0,0,0,0,0,8,4,0
406.054,1,25956352,windows,0,8.63838e+06,8.6292e+06,1449,0,0,0,0,0,0,1001,425,23
406.056,0,26116096,windows,0,640,640,12,0,0,0,0,0,0,8,4,0
406.31,0,26132480,windows,0,640,640,12,0,0,0,0,0,0,8,4,0
406.312,1,25969664,windows,0,7.24002e+06,7.24002e+06,1331,0,0,0,0,0,0,923,385,23
406.566,1,25982976,windows,0,6.27046e+06,6.26282e+06,1243,0,0,0,0,0,0,871,351,21
406.566,0,26148864,windows,0,640,640,12,0,0,0,0,0,0,8,4,0
406.818,1,25995264,windows,0,5.56806e+06,5.56743e+06,1179,0,0,0,0,0,0,839,319,21
406.822,0,26166272,windows,0,640,640,12,0,0,0,0,0,0,8,4,0
407.083,0,26183680,windows,0,640,640,12,0,0,0,0,0,0,8,4,0
407.084,1,26009600,windows,0,4.80013e+06,4.79951e+06,1086,0,0,0,0,0,0,752,313,21
407.34,1,26022912,windows,0,4.03694e+06,4.03694e+06,1006,0,0,0,0,0,0,715,271,20
407.344,0,26201088,windows,0,640,640,12,0,0,0,0,0,0,8,4,0
407.593,1,26035200,windows,0,3.3177e+06,3.3177e+06,907,0,0,0,0,0,0,637,253,17
407.603,0,26219520,windows,0,640,640,12,0,0,0,0,0,0,8,4,0
407.844,1,26046464,windows,0,2.92822e+06,2.92309e+06,858,0,0,0,0,0,0,610,230,18
407.858,0,26236928,windows,0,640,640,12,0,0,0,0,0,0,8,4,0
408.105,1,26054656,windows,0,2.69998e+06,2.69269e+06,823,0,0,0,0,0,0,592,217,14
408.114,0,26252288,windows,0,640,640,12,0,0,0,0,0,0,8,4,0
408.365,0,26268672,windows,0,640,640,12,0,0,0,0,0,0,8,4,0
408.365,1,26066944,windows,0,2.30183e+06,2.29794e+06,764,0,0,0,0,0,0,554,195,15
408.622,0,26286080,repair,0,640,640,12,0,0,0,0,0,0,8,4,0
408.631,1,26081280,windows,0,1.98046e+06,1.9779e+06,707,0,0,0,0,0,0,511,183,13
408.882,0,26304512,repair,0,640,640,12,0,0,0,0,0,0,8,4,0
408.891,1,26094592,windows,0,1.61372e+06,1.61331e+06,628,0,0,0,0,0,0,428,186,14
409.142,0,26322944,repair,0,640,640,12,0,0,0,0,0,0,8,4,0
409.151,1,26107904,windows,0,1.27724e+06,1.27724e+06,558,0,0,0,0,0,0,376,168,14
409.404,0,26341376,windows,0,640,640,12,0,0,0,0,0,0,8,4,0
409.419,1,26122240,windows,0,1.0908e+06,1.0889e+06,529,0,0,0,0,0,0,381,134,14
409.66,0,26357760,windows,0,640,640,12,0,0,0,0,0,0,8,4,0
409.683,1,26135552,windows,0,923030,921261,486,0,0,0,0,0,0,354,121,11
409.927,0,26373120,windows,0,640,640,12,0,0,0,0,0,0,8,4,0
409.942,1,26147840,windows,0,799745,798131,452,0,0,0,0,0,0,323,117,12
410.18,0,26386432,windows,0,640,640,12,0,0,0,0,0,0,8,4,0
410.2,1,26160128,windows,0,682415,682415,415,0,0,0,0,0,0,291,113,11
410.44,0,26400768,windows,0,640,640,12,0,0,0,0,0,0,8,4,0
410.452,1,26172416,windows,0,553180,549534,373,0,0,0,0,0,0,260,103,10
410.694,0,26415104,windows,0,640,640,12,0,0,0,0,0,0,8,4,0
410.714,1,26185728,windows,0,463555,462321,346,0,0,0,0,0,0,247,88,11
410.953,0,26429440,windows,0,640,640,12,0,0,0,0,0,0,8,4,0
410.969,1,26199040,windows,0,388710,388448,318,0,0,0,0,0,0,234,75,9
411.204,0,26443776,windows,0,640,640,12,0,0,0,0,0,0,8,4,0
411.227,1,26213376,windows,0,335825,333998,294,0,0,0,0,0,0,207,77,10
411.462,0,26458112,windows,0,640,640,12,0,0,0,0,0,0,8,4,0
411.493,1,26227712,windows,0,290215,289952,275,0,0,0,0,0,0,199,67,9
411.73,0,26470400,windows,0,640,640,12,0,0,0,0,0,0,8,4,0
411.747,1,26241024,windows,0,203015,201720,225,0,0,0,0,0,0,153,65,7
411.989,0,26484736,windows,0,640,640,12,0,0,0,0,0,0,8,4,0
412.013,1,26255360,windows,0,168300,168128,204,0,0,0,0,0,0,138,60,6
412.254,0,26499072,windows,0,640,640,12,0,0,0,0,0,0,8,4,0
412.264,1,26268672,windows,0,139445,139272,185,0,0,0,0,0,0,123,56,6
412.514,0,26513408,windows,0,640,640,12,0,0,0,0,0,0,8,4,0
412.529,1,26283008,windows,0,118460,117669,175,0,0,0,0,0,0,124,45,6
412.772,0,26525696,windows,0,640,640,12,0,0,0,0,0,0,8,4,0
412.78,1,26296320,windows,0,108865,107838,168,0,0,0,0,0,0,119,43,6
413.032,1,26309632,windows,0,75675,75675,140,0,0,0,0,0,0,99,36,5
413.035,0,26540032,windows,0,640,640,12,0,0,0,0,0,0,8,4,0
413.29,0,26553344,windows,0,640,640,12,0,0,0,0,0,0,8,4,0
413.3,1,26323968,windows,0,65320,65207.5,131,0,0,0,0,0,0,98,29,4
413.552,0,26567680,windows,0,640,640,12,0,0,0,0,0,0,8,4,0
413.565,1,26338304,windows,0,56320,56207.5,122,0,0,0,0,0,0,92,26,4
413.806,0,26582016,windows,0,640,640,12,0,0,0,0,0,0,8,4,0
413.817,1,26351616,windows,0,50480,50081.2,114,0,0,0,0,0,0,80,30,4
414.087,1,26365952,windows,0,46580,46078.8,110,0,0,0,0,0,0,78,28,4
414.095,0,26597376,repair,1145,9.15347e+07,9.15261e+07,2698,5,16,22,714,388,0,1714,747,237
414.349,0,26614784,repair,750,2.93011e+08,2.92922e+08,7393,46,154,131,262,157,0,4058,3137,198
414.354,1,26380288,windows,0,33505,32937.5,94,0,0,0,0,0,0,67,23,4
414.599,0,26636288,repair,590,2.82415e+08,2.82409e+08,7378,37,111,110,211,121,0,4111,3074,193
414.607,1,26393600,windows,0,28465,27603.8,86,0,0,0,0,0,0,59,23,4
414.855,0,26657792,repair,475,2.56362e+08,2.56284e+08,7161,34,89,98,160,94,0,4137,2875,149
414.864,1,26406912,windows,0,25285,25172.5,81,0,0,0,0,0,0,55,22,4
415.116,0,26675200,repair,389,2.23499e+08,2.23446e+08,6762,23,81,76,149,60,0,3979,2649,134
415.12,1,26420224,windows,0,22000,21492.5,76,0,0,0,0,0,0,52,20,4
415.372,0,26692608,repair,318,2.19049e+08,2.18976e+08,6598,15,55,55,127,66,0,3754,2697,147
415.376,1,26434560,windows,0,20200,20087.5,73,0,0,0,0,0,0,50,19,4
415.631,1,26447872,windows,0,20200,20087.5,73,0,0,0,0,0,0,50,19,4
415.635,0,26710016,repair,266,1.87567e+08,1.87563e+08,6289,8,56,33,109,60,0,3769,2389,131
415.897,1,26463232,windows,0,15725,15388.8,65,0,0,0,0,0,0,45,16,4
415.898,0,26727424,repair,194,1.98076e+08,1.98057e+08,6395,8,34,46,66,40,0,3732,2520,143
416.151,0,26744832,repair,159,1.60413e+08,1.60351e+08,5812,7,34,23,55,40,0,3482,2223,107
416.158,1,26477568,windows,0,14665,14217.5,62,0,0,0,0,0,0,41,17,4
416.404,0,26761216,repair,129,1.39385e+08,1.39328e+08,5572,2,27,17,52,31,0,3524,1957,91
416.423,1,26492928,windows,0,13205,12583.8,59,0,0,0,0,0,0,39,16,4
416.663,0,26778624,repair,88,1.44337e+08,1.44316e+08,5656,2,18,4,37,27,0,3545,2012,99
416.678,1,26510336,windows,0,11380,11267.5,54,0,0,0,0,0,0,34,16,4
416.929,0,26796032,repair,58,1.27417e+08,1.27363e+08,5345,5,7,8,27,11,0,3392,1865,88
416.943,1,26528768,windows,0,11105,10992.5,54,0,0,0,0,0,0,35,15,4
417.185,0,26812416,repair,37,1.165e+08,1.16498e+08,5096,3,6,4,12,12,0,3234,1789,73
417.193,1,26545152,windows,0,10100,9987.5,51,0,0,0,0,0,0,32,15,4
417.436,0,26828800,repair,22,1.08172e+08,1.08119e+08,4876,0,3,4,9,6,0,3056,1751,69
417.452,1,26562560,windows,0,9205,9092.5,49,0,0,0,0,0,0,31,14,4
417.692,0,26845184,repair,11,9.67796e+07,9.67448e+07,4636,0,4,1,6,0,0,2932,1638,66
417.703,1,26578944,windows,0,8605,8492.5,47,0,0,0,0,0,0,29,14,4
417.943,0,26862592,repair,1,9.90337e+07,9.90169e+07,4665,0,0,0,0,1,0,2908,1682,75
417.965,1,26597376,windows,0,8605,8492.5,47,0,0,0,0,0,0,29,14,4
418.202,0,26881024,repair,0,7.52018e+07,7.51589e+07,4163,0,0,0,0,0,0,2731,1375,57
418.226,1,26614784,windows,0,8450,8427.5,45,0,0,0,0,0,0,30,14,1
418.452,0,26896384,windows,0,6.29568e+07,6.29192e+07,3815,0,0,0,0,0,0,2511,1252,52
418.48,1,26632192,windows,0,8155,8132.5,44,0,0,0,0,0,0,29,14,1
418.708,0,26910720,windows,0,5.32264e+07,5.32042e+07,3547,0,0,0,0,0,0,2386,1111,50
418.733,1,26649600,windows,0,7615,7448.75,43,0,0,0,0,0,0,29,13,1
418.963,0,26925056,windows,0,4.33379e+07,4.33173e+07,3172,0,0,0,0,0,0,2103,1029,40
418.994,1,26668032,windows,0,7115,7092.5,42,0,0,0,0,0,0,29,12,1
419.23,0,26939392,windows,0,3.48547e+07,3.48359e+07,2819,0,0,0,0,0,0,1859,937,23
419.252,1,26685440,windows,0,6370,6347.5,40,0,0,0,0,0,0,28,11,1
419.488,0,26953728,windows,0,2.93698e+07,2.93608e+07,2646,0,0,0,0,0,0,1810,805,31
419.503,1,26702848,windows,0,6290,6267.5,39,0,0,0,0,0,0,26,12,1
419.748,0,26968064,windows,0,2.50186e+07,2.50186e+07,2466,0,0,0,0,0,0,1720,714,32
419.763,1,26720256,windows,0,5830,5807.5,38,0,0,0,0,0,0,26,11,1
420.006,0,26982400,windows,0,2.15696e+07,2.15696e+07,2276,0,0,0,0,0,0,1561,684,31
420.027,1,26738688,windows,0,5570,5408.75,38,0,0,0,0,0,0,28,9,1
420.27,0,26996736,windows,0,1.77588e+07,1.77579e+07,2077,0,0,0,0,0,0,1436,609,32
420.282,1,26757120,windows,0,5295,5138.75,37,0,0,0,0,0,0,27,9,1
420.522,0,27011072,windows,0,1.50582e+07,1.50396e+07,1894,0,0,0,0,0,0,1295,577,22
420.544,1,26776576,windows,0,5295,5138.75,37,0,0,0,0,0,0,27,9,1
420.778,0,27026432,windows,0,1.27903e+07,1.27796e+07,1762,0,0,0,0,0,0,1236,507,19
420.804,1,26795008,windows,0,4955,4798.75,36,0,0,0,0,0,0,27,8,1
421.041,0,27044864,windows,0,1.06836e+07,1.0683e+07,1617,0,0,0,0,0,0,1143,455,19
421.067,1,26813440,windows,0,4435,4412.5,34,0,0,0,0,0,0,25,8,1
421.307,0,27060224,windows,0,8.6242e+06,8.61924e+06,1436,0,0,0,0,0,0,992,430,14
421.325,1,26829824,windows,0,4435,4412.5,34,0,0,0,0,0,0,25,8,1
421.563,0,27075584,windows,0,6.9698e+06,6.9698e+06,1313,0,0,0,0,0,0,941,356,16
421.587,1,26848256,windows,0,4435,4412.5,34,0,0,0,0,0,0,25,8,1
421.819,0,27092992,windows,0,5.86357e+06,5.85929e+06,1204,0,0,0,0,0,0,856,331,17
421.841,1,26865664,windows,0,3955,3932.5,32,0,0,0,0,0,0,23,8,1
422.078,0,27110400,windows,0,4.9195e+06,4.91518e+06,1099,0,0,0,0,0,0,775,309,15
422.094,1,26884096,windows,0,3955,3932.5,32,0,0,0,0,0,0,23,8,1
422.336,0,27125760,windows,0,3.9759e+06,3.97197e+06,986,0,0,0,0,0,0,681,287,18
422.353,1,26902528,windows,0,3955,3932.5,32,0,0,0,0,0,0,23,8,1
422.6,0,27142144,windows,0,3.21552e+06,3.21234e+06,896,0,0,0,0,0,0,635,244,17
422.623,1,26920960,windows,0,3730,3707.5,31,0,0,0,0,0,0,22,8,1
422.854,0,27158528,windows,0,2.65602e+06,2.65172e+06,819,0,0,0,0,0,0,587,215,17
422.886,1,26938368,windows,0,3310,3287.5,29,0,0,0,0,0,0,20,8,1
423.108,0,27174912,windows,0,2.241e+06,2.2378e+06,755,0,0,0,0,0,0,547,192,16
423.14,1,26955776,windows,0,3310,3287.5,29,0,0,0,0,0,0,20,8,1
423.363,0,27191296,windows,0,1.83426e+06,1.82815e+06,677,0,0,0,0,0,0,475,187,15
423.397,1,26972160,windows,0,3310,3287.5,29,0,0,0,0,0,0,20,8,1
423.613,0,27207680,windows,0,1.4081e+06,1.40488e+06,597,0,0,0,0,0,0,420,161,16
423.656,1,26986496,windows,0,3310,3287.5,29,0,0,0,0,0,0,20,8,1
423.87,0,27225088,windows,0,1.1748e+06,1.17205e+06,549,0,0,0,0,0,0,397,138,14
423.978,1,27000832,windows,0,3310,3287.5,29,0,0,0,0,0,0,20,8,1
424.131,0,27242496,windows,0,973600,971751,503,0,0,0,0,0,0,370,119,14
424.229,1,27016192,windows,0,3280,3125,28,0,0,0,0,0,0,20,8,0
424.383,0,27259904,windows,0,794450,791772,452,0,0,0,0,0,0,324,115,13
424.482,1,27031552,windows,0,3280,3125,28,0,0,0,0,0,0,20,8,0
424.643,0,27277312,windows,0,555750,554461,372,0,0,0,0,0,0,258,105,9
424.742,1,27044864,windows,0,3280,3125,28,0,0,0,0,0,0,20,8,0
424.901,0,27295744,windows,0,434590,433109,335,0,0,0,0,0,0,244,82,9
425.004,1,27060224,windows,0,3280,3125,28,0,0,0,0,0,0,20,8,0
425.162,0,27314176,windows,0,354725,352096,301,0,0,0,0,0,0,215,78,8
425.266,1,27070464,windows,0,3280,3125,28,0,0,0,0,0,0,20,8,0
425.412,0,27330560,windows,0,288445,286858,273,0,0,0,0,0,0,197,68,8
425.526,1,27085824,windows,0,3280,3125,28,0,0,0,0,0,0,20,8,0
425.669,0,27346944,windows,0,202240,202240,226,0,0,0,0,0,0,164,58,4
425.782,1,27101184,windows,0,3280,3125,28,0,0,0,0,0,0,20,8,0
425.932,0,27365376,windows,0,161605,161605,199,0,0,0,0,0,0,137,58,4
426.038,1,27116544,windows,0,3280,3125,28,0,0,0,0,0,0,20,8,0
426.193,0,27383808,windows,0,139445,138811,185,0,0,0,0,0,0,127,54,4
426.293,1,27131904,windows,0,3280,3125,28,0,0,0,0,0,0,20,8,0
426.445,0,27401216,windows,0,123475,123475,174,0,0,0,0,0,0,121,50,3
426.559,1,27141120,windows,0,3280,3125,28,0,0,0,0,0,0,20,8,0
426.707,0,27417600,windows,0,83440,83327.5,146,0,0,0,0,0,0,104,38,4
426.813,1,27155456,windows,0,3280,3125,28,0,0,0,0,0,0,20,8,0
426.971,0,27435008,windows,0,69195,68708.8,130,0,0,0,0,0,0,93,36,1
427.068,1,27170816,windows,0,3280,3125,28,0,0,0,0,0,0,20,8,0
427.233,0,27452416,windows,0,52945,52521.2,114,0,0,0,0,0,0,85,29,0
427.329,1,27186176,windows,0,3280,3125,28,0,0,0,0,0,0,20,8,0
427.485,0,27469824,windows,0,44560,44560,104,0,0,0,0,0,0,76,28,0
427.588,1,27201536,windows,0,3280,3125,28,0,0,0,0,0,0,20,8,0
427.737,0,27487232,windows,0,30260,30260,83,0,0,0,0,0,0,56,27,0
427.841,1,27213824,windows,0,3280,3125,28,0,0,0,0,0,0,20,8,0
427.997,0,27505664,windows,0,23680,23680,76,0,0,0,0,0,0,56,20,0
428.1,1,27228160,windows,0,3280,3125,28,0,0,0,0,0,0,20,8,0
428.248,0,27523072,windows,0,21060,21060,72,0,0,0,0,0,0,54,18,0
428.358,1,27242496,windows,0,3280,3125,28,0,0,0,0,0,0,20,8,0
428.503,0,27539456,windows,0,17425,16906.2,66,0,0,0,0,0,0,53,13,0
428.611,1,27256832,windows,0,3280,3125,28,0,0,0,0,0,0,20,8,0
428.769,0,27554816,windows,0,13600,13381.2,58,0,0,0,0,0,0,44,14,0
428.864,1,27271168,windows,0,3280,3125,28,0,0,0,0,0,0,20,8,0
429.02,0,27572224,windows,0,13060,12841.2,57,0,0,0,0,0,0,44,13,0
429.119,1,27285504,windows,0,3280,3125,28,0,0,0,0,0,0,20,8,0
429.278,0,27589632,windows,0,10225,10041.2,50,0,0,0,0,0,0,37,13,0
429.382,1,27299840,windows,0,3280,3125,28,0,0,0,0,0,0,20,8,0
429.533,0,27606016,windows,0,10225,10041.2,50,0,0,0,0,0,0,37,13,0
429.649,1,27316224,windows,0,3280,3125,28,0,0,0,0,0,0,20,8,0
429.785,0,27619328,windows,0,9265,9265,48,0,0,0,0,0,0,37,11,0
429.905,1,27333632,windows,0,3280,3125,28,0,0,0,0,0,0,20,8,0
430.048,0,27633664,windows,0,8845,8466.25,47,0,0,0,0,0,0,37,10,0
430.167,1,27351040,windows,0,3280,3125,28,0,0,0,0,0,0,20,8,0
430.303,0,27649024,windows,0,7865,7650,44,0,0,0,0,0,0,33,11,0
430.429,1,27369472,windows,0,3280,3125,28,0,0,0,0,0,0,20,8,0
430.557,0,27667456,windows,0,7445,7250,43,0,0,0,0,0,0,33,10,0
430.686,1,27386880,windows,0,3280,3125,28,0,0,0,0,0,0,20,8,0
430.82,0,27686912,windows,0,6425,6425,40,0,0,0,0,0,0,31,9,0
430.942,1,27405312,windows,0,3280,3125,28,0,0,0,0,0,0,20,8,0
431.075,0,27706368,windows,0,5825,5825,38,0,0,0,0,0,0,29,9,0
431.194,1,27423744,windows,0,3280,3125,28,0,0,0,0,0,0,20,8,0
431.336,0,27725824,windows,0,5825,5825,38,0,0,0,0,0,0,29,9,0
431.45,1,27443200,windows,0,3280,3125,28,0,0,0,0,0,0,20,8,0
431.589,0,27744256,windows,0,5540,5365,37,0,0,0,0,0,0,28,9,0
431.702,1,27461632,windows,0,3280,3125,28,0,0,0,0,0,0,20,8,0
431.846,0,27763712,windows,0,5265,5090,36,0,0,0,0,0,0,27,9,0
432.015,1,27479040,windows,0,3280,3125,28,0,0,0,0,0,0,20,8,0
432.102,0,27782144,windows,0,5265,5090,36,0,0,0,0,0,0,27,9,0
432.266,1,27497472,windows,0,3280,3125,28,0,0,0,0,0,0,20,8,0
432.367,0,27801600,windows,0,5000,4825,35,0,0,0,0,0,0,26,9,0
432.524,1,27515904,windows,0,3085,2930,27,0,0,0,0,0,0,19,8,0
432.623,0,27822080,windows,0,5000,4825,35,0,0,0,0,0,0,26,9,0
432.776,1,27533312,windows,0,3085,2930,27,0,0,0,0,0,0,19,8,0
432.881,0,27843584,windows,0,5000,4825,35,0,0,0,0,0,0,26,9,0
433.034,1,27551744,windows,0,3085,2930,27,0,0,0,0,0,0,19,8,0
433.136,0,27864064,windows,0,5000,4825,35,0,0,0,0,0,0,26,9,0
433.291,1,27570176,windows,0,3085,2930,27,0,0,0,0,0,0,19,8,0
433.387,0,27885568,windows,0,4745,4570,34,0,0,0,0,0,0,25,9,0
433.543,1,27585536,windows,0,3085,2930,27,0,0,0,0,0,0,19,8,0
433.64,0,27906048,windows,0,4745,4570,34,0,0,0,0,0,0,25,9,0
433.797,1,27603968,windows,0,640,640,12,0,0,0,0,0,0,8,4,0
433.901,0,27925504,windows,0,4745,4570,34,0,0,0,0,0,0,25,9,0
434.055,1,27624448,windows,0,640,640,12,0,0,0,0,0,0,8,4,0
434.155,0,27942912,windows,0,4745,4570,34,0,0,0,0,0,0,25,9,0
434.316,1,27644928,windows,0,640,640,12,0,0,0,0,0,0,8,4,0
434.407,0,27957248,windows,0,4745,4570,34,0,0,0,0,0,0,25,9,0
434.573,1,27665408,windows,0,640,640,12,0,0,0,0,0,0,8,4,0
434.665,0,27977728,windows,0,4500,4206.25,33,0,0,0,0,0,0,24,9,0
434.831,1,27686912,windows,0,640,640,12,0,0,0,0,0,0,8,4,0
434.924,0,27998208,windows,0,4160,3886.25,32,0,0,0,0,0,0,24,8,0
435.086,1,27709440,windows,0,640,640,12,0,0,0,0,0,0,8,4,0
435.18,0,28018688,windows,0,3860,3606.25,31,0,0,0,0,0,0,24,7,0
435.341,1,27730944,windows,0,640,640,12,0,0,0,0,0,0,8,4,0
435.432,0,28038144,windows,0,3860,3606.25,31,0,0,0,0,0,0,24,7,0
435.596,1,27752448,windows,0,640,640,12,0,0,0,0,0,0,8,4,0
435.693,0,28058624,windows,0,3860,3606.25,31,0,0,0,0,0,0,24,7,0
435.851,1,27772928,windows,0,640,640,12,0,0,0,0,0,0,8,4,0
435.946,0,28079104,windows,0,640,640,12,0,0,0,0,0,0,8,4,0
436.113,1,27792384,windows,0,640,640,12,0,0,0,0,0,0,8,4,0
436.206,0,28099584,windows,0,640,640,12,0,0,0,0,0,0,8,4,0
436.373,1,27811840,windows,0,640,640,12,0,0,0,0,0,0,8,4,0
436.463,0,28120064,windows,0,640,640,12,0,0,0,0,0,0,8,4,0
436.633,1,27829248,windows,0,640,640,12,0,0,0,0,0,0,8,4,0
436.719,0,28139520,windows,0,640,640,12,0,0,0,0,0,0,8,4,0
436.897,1,27848704,windows,0,640,640,12,0,0,0,0,0,0,8,4,0
436.972,0,28160000,windows,0,640,640,12,0,0,0,0,0,0,8,4,0
437.16,1,27867136,windows,0,640,640,12,0,0,0,0,0,0,8,4,0
437.232,0,28180480,windows,0,640,640,12,0,0,0,0,0,0,8,4,0
437.415,1,27885568,windows,0,640,640,12,0,0,0,0,0,0,8,4,0
437.494,0,28201984,windows,0,640,640,12,0,0,0,0,0,0,8,4,0
437.675,1,27904000,windows,0,640,640,12,0,0,0,0,0,0,8,4,0
437.745,0,28220416,windows,0,640,640,12,0,0,0,0,0,0,8,4,0
437.925,1,27921408,windows,0,640,640,12,0,0,0,0,0,0,8,4,0
437.998,0,28237824,repair,0,640,640,12,0,0,0,0,0,0,8,4,0
438.187,1,27939840,windows,0,640,640,12,0,0,0,0,0,0,8,4,0
438.253,0,28255232,repair,0,640,640,12,0,0,0,0,0,0,8,4,0
438.45,1,27958272,windows,0,640,640,12,0,0,0,0,0,0,8,4,0
438.512,0,28272640,windows,0,640,640,12,0,0,0,0,0,0,8,4,0
438.708,1,27974656,windows,0,640,640,12,0,0,0,0,0,0,8,4,0
438.766,0,28286976,windows,0,640,640,12,0,0,0,0,0,0,8,4,0
438.964,1,27990016,windows,0,640,640,12,0,0,0,0,0,0,8,4,0
439.022,0,28301312,windows,0,640,640,12,0,0,0,0,0,0,8,4,0
439.227,1,28006400,windows,0,640,640,12,0,0,0,0,0,0,8,4,0
439.279,0,28315648,windows,0,640,640,12,0,0,0,0,0,0,8,4,0
439.489,1,28021760,windows,0,640,640,12,0,0,0,0,0,0,8,4,0
439.531,0,28328960,windows,0,640,640,12,0,0,0,0,0,0,8,4,0
439.742,1,28037120,repair,0,640,640,12,0,0,0,0,0,0,8,4,0
439.789,0,28343296,windows,0,640,640,12,0,0,0,0,0,0,8,4,0
440.005,1,28053504,windows,0,640,640,12,0,0,0,0,0,0,8,4,0
440.055,0,28357632,windows,0,640,640,12,0,0,0,0,0,0,8,4,0
440.257,1,28067840,windows,0,640,640,12,0,0,0,0,0,0,8,4,0
440.307,0,28371968,windows,0,640,640,12,0,0,0,0,0,0,8,4,0
440.524,1,28082176,windows,0,640,640,12,0,0,0,0,0,0,8,4,0
440.563,0,28386304,windows,0,640,640,12,0,0,0,0,0,0,8,4,0
440.781,1,28096512,windows,0,640,640,12,0,0,0,0,0,0,8,4,0
440.83,0,28402688,windows,0,640,640,12,0,0,0,0,0,0,8,4,0
441.032,1,28110848,windows,0,640,640,12,0,0,0,0,0,0,8,4,0
441.096,0,28418048,windows,0,640,640,12,0,0,0,0,0,0,8,4,0
441.282,1,28125184,windows,0,640,640,12,0,0,0,0,0,0,8,4,0
441.349,0,28433408,windows,0,640,640,12,0,0,0,0,0,0,8,4,0
441.546,1,28140544,windows,0,640,640,12,0,0,0,0,0,0,8,4,0
441.61,0,28448768,windows,0,640,640,12,0,0,0,0,0,0,8,4,0
441.8,1,28152832,windows,0,640,640,12,0,0,0,0,0,0,8,4,0
441.861,0,28464128,windows,0,640,640,12,0,0,0,0,0,0,8,4,0
442.06,1,28167168,windows,0,640,640,12,0,0,0,0,0,0,8,4,0
442.124,0,28480512,windows,0,640,640,12,0,0,0,0,0,0,8,4,0
442.32,1,28181504,windows,0,640,640,12,0,0,0,0,0,0,8,4,0
442.388,0,28497920,windows,0,640,640,12,0,0,0,0,0,0,8,4,0
442.57,1,28195840,windows,0,640,640,12,0,0,0,0,0,0,8,4,0
442.642,0,28514304,windows,0,640,640,12,0,0,0,0,0,0,8,4,0
442.823,1,28208128,windows,0,640,640,12,0,0,0,0,0,0,8,4,0
442.961,0,28529664,windows,0,640,640,12,0,0,0,0,0,0,8,4,0
443.083,1,28224512,windows,0,640,640,12,0,0,0,0,0,0,8,4,0
443.222,0,28547072,windows,0,640,640,12,0,0,0,0,0,0,8,4,0
443.338,1,28238848,windows,0,640,640,12,0,0,0,0,0,0,8,4,0
443.48,0,28563456,windows,0,640,640,12,0,0,0,0,0,0,8,4,0
443.599,1,28255232,windows,0,640,640,12,0,0,0,0,0,0,8,4,0
443.745,0,28579840,windows,0,640,640,12,0,0,0,0,0,0,8,4,0
443.85,1,28270592,windows,0,640,640,12,0,0,0,0,0,0,8,4,0
444.013,0,28596224,repair,0,640,640,12,0,0,0,0,0,0,8,4,0
444.108,1,28285952,windows,0,640,640,12,0,0,0,0,0,0,8,4,0
444.273,0,28610560,repair,0,640,640,12,0,0,0,0,0,0,8,4,0
444.363,1,28302336,windows,0,640,640,12,0,0,0,0,0,0,8,4,0
444.533,0,28625920,repair,0,640,640,12,0,0,0,0,0,0,8,4,0
444.615,1,28317696,windows,0,640,640,12,0,0,0,0,0,0,8,4,0
444.789,0,28641280,windows,0,640,640,12,0,0,0,0,0,0,8,4,0
444.866,1,28333056,windows,0,640,640,12,0,0,0,0,0,0,8,4,0
445.05,0,28656640,windows,0,640,640,12,0,0,0,0,0,0,8,4,0
445.122,1,28348416,repair,0,640,640,12,0,0,0,0,0,0,8,4,0
445.314,0,28672000,windows,0,640,640,12,0,0,0,0,0,0,8,4,0
445.384,1,28363776,repair,0,640,640,12,0,0,0,0,0,0,8,4,0
445.578,0,28686336,windows,0,640,640,12,0,0,0,0,0,0,8,4,0
445.653,1,28379136,windows,0,640,640,12,0,0,0,0,0,0,8,4,0
445.835,0,28701696,windows,0,640,640,12,0,0,0,0,0,0,8,4,0
445.916,1,28393472,windows,0,640,640,12,0,0,0,0,0,0,8,4,0
446.088,0,28716032,windows,0,640,640,12,0,0,0,0,0,0,8,4,0
446.175,1,28407808,windows,0,640,640,12,0,0,0,0,0,0,8,4,0
446.346,0,28731392,windows,0,640,640,12,0,0,0,0,0,0,8,4,0
446.439,1,28423168,windows,0,640,640,12,0,0,0,0,0,0,8,4,0
446.599,0,28745728,windows,0,640,640,12,0,0,0,0,0,0,8,4,0
446.701,1,28438528,windows,0,640,640,12,0,0,0,0,0,0,8,4,0
446.863,0,28761088,windows,0,640,640,12,0,0,0,0,0,0,8,4,0
446.956,1,28456960,windows,0,640,640,12,0,0,0,0,0,0,8,4,0
447.122,0,28775424,windows,0,640,640,12,0,0,0,0,0,0,8,4,0
447.209,1,28473344,windows,0,640,640,12,0,0,0,0,0,0,8,4,0
447.388,0,28790784,windows,0,640,640,12,0,0,0,0,0,0,8,4,0
447.473,1,28490752,windows,0,640,640,12,0,0,0,0,0,0,8,4,0
447.642,0,28806144,windows,0,640,640,12,0,0,0,0,0,0,8,4,0
447.732,1,28508160,windows,0,640,640,12,0,0,0,0,0,0,8,4,0
447.906,0,28822528,windows,0,640,640,12,0,0,0,0,0,0,8,4,0
447.995,1,28526592,windows,0,640,640,12,0,0,0,0,0,0,8,4,0
448.165,0,28837888,windows,0,640,640,12,0,0,0,0,0,0,8,4,0
448.254,1,28541952,windows,0,640,640,12,0,0,0,0,0,0,8,4,0
448.416,0,28853248,windows,0,640,640,12,0,0,0,0,0,0,8,4,0
448.507,1,28560384,windows,0,640,640,12,0,0,0,0,0,0,8,4,0
448.671,0,28866560,windows,0,640,640,12,0,0,0,0,0,0,8,4,0
448.772,1,28579840,windows,0,640,640,12,0,0,0,0,0,0,8,4,0
448.932,0,28882944,windows,0,640,640,12,0,0,0,0,0,0,8,4,0
449.033,1,28595200,windows,0,640,640,12,0,0,0,0,0,0,8,4,0
449.183,0,28898304,windows,0,640,640,12,0,0,0,0,0,0,8,4,0
449.283,1,28612608,windows,0,640,640,12,0,0,0,0,0,0,8,4,0
449.444,0,28914688,windows,0,640,640,12,0,0,0,0,0,0,8,4,0
449.544,1,28631040,windows,0,640,640,12,0,0,0,0,0,0,8,4,0
449.701,0,28930048,repair,0,640,640,12,0,0,0,0,0,0,8,4,0
449.8,1,28648448,repair,0,640,640,12,0,0,0,0,0,0,8,4,0
449.954,0,28945408,repair,0,640,640,12,0,0,0,0,0,0,8,4,0
450.051,1,28665856,repair,0,640,640,12,0,0,0,0,0,0,8,4,0
450.22,0,28960768,windows,0,640,640,12,0,0,0,0,0,0,8,4,0
450.307,1,28682240,windows,0,640,640,12,0,0,0,0,0,0,8,4,0
450.475,0,28976128,windows,0,640,640,12,0,0,0,0,0,0,8,4,0
450.563,1,28697600,windows,0,640,640,12,0,0,0,0,0,0,8,4,0
450.738,0,28991488,windows,0,640,640,12,0,0,0,0,0,0,8,4,0
450.827,1,28712960,windows,0,640,640,12,0,0,0,0,0,0,8,4,0
450.992,0,29005824,windows,0,640,640,12,0,0,0,0,0,0,8,4,0
451.098,1,28728320,windows,0,640,640,12,0,0,0,0,0,0,8,4,0
451.249,0,29020160,windows,0,640,640,12,0,0,0,0,0,0,8,4,0
451.349,1,28742656,windows,0,640,640,12,0,0,0,0,0,0,8,4,0
451.502,0,29034496,windows,0,640,640,12,0,0,0,0,0,0,8,4,0
451.6,1,28756992,windows,0,640,640,12,0,0,0,0,0,0,8,4,0
451.762,0,29048832,windows,0,640,640,12,0,0,0,0,0,0,8,4,0
451.862,1,28772352,windows,0,640,640,12,0,0,0,0,0,0,8,4,0
452.014,0,29063168,windows,0,640,640,12,0,0,0,0,0,0,8,4,0
452.116,1,28788736,windows,0,640,640,12,0,0,0,0,0,0,8,4,0
452.27,0,29077504,windows,0,640,640,12,0,0,0,0,0,0,8,4,0
452.372,1,28807168,windows,0,640,640,12,0,0,0,0,0,0,8,4,0
452.523,0,29091840,windows,0,640,640,12,0,0,0,0,0,0,8,4,0
452.628,1,28825600,windows,0,640,640,12,0,0,0,0,0,0,8,4,0
452.788,0,29106176,windows,0,640,640,12,0,0,0,0,0,0,8,4,0
452.887,1,28843008,windows,0,640,640,12,0,0,0,0,0,0,8,4,0
453.054,0,29123584,windows,0,640,640,12,0,0,0,0,0,0,8,4,0
453.142,1,28861440,windows,0,640,640,12,0,0,0,0,0,0,8,4,0
453.305,0,29139968,windows,0,640,640,12,0,0,0,0,0,0,8,4,0
453.393,1,28879872,windows,0,640,640,12,0,0,0,0,0,0,8,4,0
453.558,0,29156352,windows,0,640,640,12,0,0,0,0,0,0,8,4,0
453.647,1,28898304,windows,0,640,640,12,0,0,0,0,0,0,8,4,0
453.82,0,29172736,windows,0,640,640,12,0,0,0,0,0,0,8,4,0
453.904,1,28914688,repair,770,2.62703e+08,2.62703e+08,7072,71,171,138,244,146,0,3964,2920,188
454.078,0,29189120,windows,0,640,640,12,0,0,0,0,0,0,8,4,0
454.164,1,28937216,repair,593,2.73163e+08,2.73143e+08,7313,41,115,126,198,113,0,4151,2989,173
454.339,0,29205504,windows,0,640,640,12,0,0,0,0,0,0,8,4,0
454.419,1,28958720,repair,476,2.46544e+08,2.46463e+08,6974,30,98,89,167,92,0,3983,2842,149
454.6,0,29221888,windows,0,640,640,12,0,0,0,0,0,0,8,4,0
454.679,1,28980224,repair,361,2.25569e+08,2.25546e+08,6729,19,70,66,118,88,0,3883,2708,138
454.85,0,29237248,repair,0,640,640,12,0,0,0,0,0,0,8,4,0
454.937,1,29001728,repair,298,2.03983e+08,2.03933e+08,6479,14,57,46,113,68,0,3828,2531,120
455.11,0,29254656,repair,0,640,640,12,0,0,0,0,0,0,8,4,0
455.19,1,29022208,repair,226,1.88265e+08,1.88194e+08,6154,9,38,43,94,42,0,3562,2482,110
455.369,0,29272064,repair,0,640,640,12,0,0,0,0,0,0,8,4,0
455.445,1,29041664,repair,175,1.67412e+08,1.67394e+08,5934,10,30,40,63,32,0,3557,2271,106
455.624,0,29288448,windows,0,640,640,12,0,0,0,0,0,0,8,4,0
455.707,1,29063168,repair,128,1.49307e+08,1.49265e+08,5673,5,14,20,65,24,0,3465,2103,105
455.883,0,29303808,windows,0,640,640,12,0,0,0,0,0,0,8,4,0
455.963,1,29083648,repair,85,1.43611e+08,1.43569e+08,5504,10,8,10,41,16,0,3310,2102,92
456.139,0,29318144,windows,0,640,640,12,0,0,0,0,0,0,8,4,0
456.219,1,29104128,repair,50,1.27301e+08,1.2726e+08,5260,5,6,8,18,13,0,3251,1926,83
456.392,0,29332480,windows,0,640,640,12,0,0,0,0,0,0,8,4,0
456.474,1,29123584,repair,32,1.10174e+08,1.10171e+08,4984,1,6,3,17,5,0,3185,1721,78
456.653,0,29346816,windows,0,640,640,12,0,0,0,0,0,0,8,4,0
456.735,1,29140992,repair,15,1.01237e+08,1.0122e+08,4743,0,2,4,7,2,0,2982,1682,79
456.92,0,29362176,windows,0,640,640,12,0,0,0,0,0,0,8,4,0
456.998,1,29160448,repair,4,8.82151e+07,8.82132e+07,4462,0,0,3,1,0,0,2860,1536,66
457.191,0,29376512,windows,0,640,640,12,0,0,0,0,0,0,8,4,0
457.254,1,29179904,repair,1,7.01365e+07,7.01235e+07,3998,0,0,0,1,0,0,2592,1350,56
457.447,0,29389824,windows,0,640,640,12,0,0,0,0,0,0,8,4,0
457.512,1,29199360,windows,0,5.63961e+07,5.63724e+07,3608,0,0,0,0,0,0,2379,1184,45
457.701,0,29403136,windows,0,640,640,12,0,0,0,0,0,0,8,4,0
457.763,1,29215744,windows,0,4.58193e+07,4.5808e+07,3308,0,0,0,0,0,0,2265,1003,40
457.954,0,29417472,windows,0,640,640,12,0,0,0,0,0,0,8,4,0
458.029,1,29234176,windows,0,3.54266e+07,3.54256e+07,2888,0,0,0,0,0,0,1952,904,32
458.21,0,29431808,windows,0,640,640,12,0,0,0,0,0,0,8,4,0
458.289,1,29251584,windows,0,2.79686e+07,2.79588e+07,2585,0,0,0,0,0,0,1767,785,33
458.473,0,29447168,windows,0,640,640,12,0,0,0,0,0,0,8,4,0
458.551,1,29270016,windows,0,2.26321e+07,2.26235e+07,2314,0,0,0,0,0,0,1576,714,24
458.73,0,29461504,windows,0,640,640,12,0,0,0,0,0,0,8,4,0
458.808,1,29287424,windows,0,1.87701e+07,1.87568e+07,2120,0,0,0,0,0,0,1464,634,22
458.998,0,29475840,windows,0,640,640,12,0,0,0,0,0,0,8,4,0
459.065,1,29302784,windows,0,1.54554e+07,1.54492e+07,1889,0,0,0,0,0,0,1245,620,24
459.255,0,29490176,windows,0,640,640,12,0,0,0,0,0,0,8,4,0
459.315,1,29318144,windows,0,1.28639e+07,1.28522e+07,1746,0,0,0,0,0,0,1175,545,26
459.508,0,29504512,windows,0,640,640,12,0,0,0,0,0,0,8,4,0
459.574,1,29333504,windows,0,1.10567e+07,1.1047e+07,1633,0,0,0,0,0,0,1124,486,23
459.76,0,29513728,repair,806,2.216e+08,2.21529e+08,6420,59,176,145,277,149,0,3581,2668,171
459.826,1,29349888,windows,0,9.40525e+06,9.40525e+06,1506,0,0,0,0,0,0,1024,455,27
460.022,0,29532160,repair,618,2.87647e+08,2.87647e+08,7618,41,143,99,227,108,0,4442,2993,183
460.086,1,29367296,windows,0,7.6755e+06,7.66277e+06,1365,0,0,0,0,0,0,943,401,21
460.282,0,29550592,repair,507,2.55965e+08,2.55965e+08,7055,36,94,89,180,108,0,3978,2918,159
460.341,1,29384704,windows,0,6.19252e+06,6.19199e+06,1242,0,0,0,0,0,0,892,332,18
460.534,0,29568000,repair,429,2.3265e+08,2.32571e+08,6678,33,71,78,169,78,0,3701,2821,156
460.604,1,29402112,windows,0,5.16592e+06,5.16541e+06,1128,0,0,0,0,0,0,795,316,17
460.789,0,29585408,repair,333,2.25649e+08,2.25644e+08,6741,28,69,57,100,79,0,3860,2720,161
460.863,1,29419520,windows,0,4.36406e+06,4.36406e+06,1045,0,0,0,0,0,0,748,279,18
461.051,0,29602816,repair,266,2.22491e+08,2.22438e+08,6705,16,42,48,99,61,0,3883,2692,130
461.117,1,29435904,windows,0,3.5762e+06,3.57085e+06,937,0,0,0,0,0,0,653,268,16
461.304,0,29620224,repair,234,1.80473e+08,1.80407e+08,6143,13,41,30,100,50,0,3673,2358,112
461.368,1,29449216,windows,0,3.03542e+06,3.03231e+06,870,0,0,0,0,0,0,622,234,14
461.559,0,29636608,repair,177,1.83332e+08,1.83281e+08,6232,11,39,28,58,41,0,3751,2365,116
461.636,1,29465600,windows,0,2.51284e+06,2.50995e+06,795,0,0,0,0,0,0,579,204,12
461.821,0,29652992,repair,139,1.58176e+08,1.58172e+08,5743,7,21,24,52,35,0,3384,2236,123
461.901,1,29480960,windows,0,2.14768e+06,2.14392e+06,736,0,0,0,0,0,0,536,188,12
462.079,0,29669376,repair,109,1.43006e+08,1.42945e+08,5592,5,12,19,45,28,0,3437,2040,115
462.164,1,29497344,windows,0,1.83228e+06,1.82629e+06,677,0,0,0,0,0,0,489,178,10
462.336,0,29685760,repair,77,1.41955e+08,1.41897e+08,5522,1,12,8,36,20,0,3354,2064,104
462.425,1,29512704,windows,0,1.38758e+06,1.38758e+06,584,0,0,0,0,0,0,403,169,12
462.6,0,29702144,repair,45,1.43892e+08,1.43833e+08,5546,0,7,8,18,12,0,3365,2085,96
462.68,1,29528064,windows,0,1.14408e+06,1.14182e+06,535,0,0,0,0,0,0,371,150,14
462.86,0,29718528,repair,30,1.17426e+08,1.1741e+08,5041,4,5,4,11,6,0,3077,1868,96
462.939,1,29544448,windows,0,963685,960718,497,0,0,0,0,0,0,355,128,14
463.123,0,29734912,repair,16,1.08376e+08,1.08323e+08,4877,0,3,1,9,3,0,3036,1762,79
463.195,1,29560832,windows,0,805195,800794,452,0,0,0,0,0,0,317,122,13
463.377,0,29750272,repair,6,9.80571e+07,9.80547e+07,4662,0,1,1,2,2,0,2922,1661,79
463.447,1,29576192,windows,0,629630,629308,391,0,0,0,0,0,0,260,120,11
463.64,0,29766656,repair,1,8.54291e+07,8.54135e+07,4342,0,0,0,1,0,0,2720,1554,68
463.701,1,29591552,windows,0,493330,493128,353,0,0,0,0,0,0,254,92,7
463.902,0,29783040,repair,1,8.54291e+07,8.54135e+07,4342,0,0,0,1,0,0,2720,1554,68
463.966,1,29607936,windows,0,423170,421252,327,0,0,0,0,0,0,234,86,7
464.152,0,29797376,windows,0,5.92582e+07,5.92201e+07,3701,0,0,0,0,0,0,2429,1218,54
464.224,1,29623296,windows,0,381335,381132,311,0,0,0,0,0,0,223,81,7
464.424,0,29811712,windows,0,4.92364e+07,4.92131e+07,3365,0,0,0,0,0,0,2220,1108,37
464.477,1,29637632,windows,0,343495,340754,297,0,0,0,0,0,0,217,73,7
464.689,0,29825024,windows,0,4.24511e+07,4.24501e+07,3154,0,0,0,0,0,0,2125,996,33
464.742,1,29649920,windows,0,265970,264595,260,0,0,0,0,0,0,184,69,7
464.939,0,29839360,windows,0,3.58429e+07,3.58429e+07,2889,0,0,0,0,0,0,1926,929,34
465.003,1,29663232,windows,0,211645,210831,233,0,0,0,0,0,0,163,62,8
465.198,0,29853696,windows,0,2.98606e+07,2.98504e+07,2669,0,0,0,0,0,0,1813,818,38
465.259,1,29676544,windows,0,177680,177680,216,0,0,0,0,0,0,156,52,8
465.45,0,29867008,windows,0,2.49092e+07,2.49012e+07,2412,0,0,0,0,0,0,1604,775,33
465.517,1,29690880,windows,0,159010,158069,204,0,0,0,0,0,0,148,49,7
465.71,0,29880320,windows,0,2.12871e+07,2.1286e+07,2250,0,0,0,0,0,0,1509,702,39
465.774,1,29704192,windows,0,144155,143259,194,0,0,0,0,0,0,139,48,7
465.977,0,29894656,windows,0,1.82587e+07,1.8245e+07,2096,0,0,0,0,0,0,1429,633,34
466.024,1,29718528,windows,0,116000,114932,173,0,0,0,0,0,0,122,45,6
466.232,0,29908992,windows,0,1.58858e+07,1.5879e+07,1969,0,0,0,0,0,0,1361,574,34
466.29,1,29732864,windows,0,99080,98907.5,160,0,0,0,0,0,0,112,42,6
466.495,0,29923328,windows,0,1.33433e+07,1.33425e+07,1783,0,0,0,0,0,0,1202,552,29
466.553,1,29747200,windows,0,84310,83432.5,148,0,0,0,0,0,0,106,37,5
466.747,0,29936640,windows,0,1.12347e+07,1.12249e+07,1646,0,0,0,0,0,0,1131,491,24
466.82,1,29761536,windows,0,78635,77998.8,142,0,0,0,0,0,0,99,38,5
467.01,0,29952000,windows,0,9.35023e+06,9.34111e+06,1516,0,0,0,0,0,0,1070,425,21
467.085,1,29775872,windows,0,67755,67612.5,134,0,0,0,0,0,0,99,30,5
467.277,0,29967360,windows,0,8.08146e+06,8.07648e+06,1409,0,0,0,0,0,0,995,395,19
467.338,1,29790208,windows,0,49955,49955,114,0,0,0,0,0,0,79,30,5
467.53,0,29981696,windows,0,6.99925e+06,6.99464e+06,1311,0,0,0,0,0,0,922,370,19
467.592,1,29806592,windows,0,40930,40787.5,103,0,0,0,0,0,0,70,28,5
467.783,0,29995008,windows,0,5.64198e+06,5.64141e+06,1177,0,0,0,0,0,0,823,335,19
467.852,1,29824000,windows,0,37110,36432.5,98,0,0,0,0,0,0,66,27,5
468.039,0,30008320,windows,0,4.78688e+06,4.78641e+06,1089,0,0,0,0,0,0,775,298,16
468.113,1,29840384,windows,0,33730,33092.5,94,0,0,0,0,0,0,64,25,5
468.291,0,30023680,windows,0,4.09922e+06,4.09875e+06,1007,0,0,0,0,0,0,712,279,16
468.376,1,29857792,windows,0,29405,28523.8,87,0,0,0,0,0,0,59,24,4
468.551,0,30041088,windows,0,3.41904e+06,3.41851e+06,923,0,0,0,0,0,0,651,254,18
468.63,1,29875200,windows,0,25675,25381.2,82,0,0,0,0,0,0,59,20,3
468.816,0,30058496,windows,0,2.75112e+06,2.75112e+06,815,0,0,0,0,0,0,565,240,10
468.882,1,29892608,windows,0,24770,24770,80,0,0,0,0,0,0,56,21,3
469.067,0,30074880,windows,0,2.14336e+06,2.14301e+06,726,0,0,0,0,0,0,508,206,12
469.136,1,29910016,windows,0,23735,23076.2,79,0,0,0,0,0,0,57,19,3
469.337,0,30090240,windows,0,1.78304e+06,1.77705e+06,663,0,0,0,0,0,0,473,182,8
469.388,1,29925376,windows,0,21790,21395,75,0,0,0,0,0,0,52,20,3
469.6,0,30104576,windows,0,1.54238e+06,1.54006e+06,612,0,0,0,0,0,0,431,175,6
469.642,1,29938688,windows,0,16910,16910,67,0,0,0,0,0,0,48,16,3
469.854,0,30118912,windows,0,1.32136e+06,1.32113e+06,575,0,0,0,0,0,0,417,150,8
469.9,1,29950976,windows,0,16435,16435,66,0,0,0,0,0,0,47,16,3
470.113,0,30133248,windows,0,1.00197e+06,998832,495,0,0,0,0,0,0,342,144,9
470.155,1,29964288,windows,0,15350,15350,64,0,0,0,0,0,0,46,15,3
470.376,0,30149632,windows,0,798880,796445,446,0,0,0,0,0,0,316,122,8
470.417,1,29978624,windows,0,14620,14391.2,62,0,0,0,0,0,0,46,14,2
470.634,0,30166016,windows,0,663015,662812,409,0,0,0,0,0,0,297,105,7
470.668,1,29992960,windows,0,14165,14165,61,0,0,0,0,0,0,45,14,2
470.892,0,30182400,windows,0,570955,569581,378,0,0,0,0,0,0,275,98,5
470.931,1,30008320,windows,0,12860,12860,58,0,0,0,0,0,0,42,14,2
471.153,0,30200832,windows,0,428585,425676,328,0,0,0,0,0,0,235,87,6
471.19,1,30023680,windows,0,12860,12860,58,0,0,0,0,0,0,42,14,2
471.416,0,30219264,windows,0,319250,316806,285,0,0,0,0,0,0,210,70,5
471.454,1,30039040,windows,0,11260,11260,54,0,0,0,0,0,0,38,14,2
471.674,0,30236672,windows,0,253220,252199,252,0,0,0,0,0,0,182,66,4
471.718,1,30053376,windows,0,10720,10720,53,0,0,0,0,0,0,38,13,2
471.926,0,30254080,windows,0,204580,203761,227,0,0,0,0,0,0,164,59,4
471.97,1,30066688,windows,0,10720,10720,53,0,0,0,0,0,0,38,13,2
472.184,0,30271488,windows,0,140360,140248,185,0,0,0,0,0,0,126,55,4
472.227,1,30081024,windows,0,10720,10720,53,0,0,0,0,0,0,38,13,2
472.443,0,30287872,windows,0,110180,110068,168,0,0,0,0,0,0,122,42,4
472.478,1,30092288,windows,0,10720,10720,53,0,0,0,0,0,0,38,13,2
472.698,0,30304256,windows,0,95200,94292.5,156,0,0,0,0,0,0,112,40,4
472.742,1,30106624,windows,0,10720,10720,53,0,0,0,0,0,0,38,13,2
472.959,0,30321664,windows,0,84040,83927.5,147,0,0,0,0,0,0,106,37,4
473,1,30123008,windows,0,9980,9980,51,0,0,0,0,0,0,36,13,2
473.213,0,30338048,windows,0,68720,68148.8,132,0,0,0,0,0,0,92,36,4
473.26,1,30139392,windows,0,9980,9980,51,0,0,0,0,0,0,36,13,2
473.465,0,30354432,windows,0,45805,45421.2,109,0,0,0,0,0,0,77,28,4
473.512,1,30153728,windows,0,9625,9370,50,0,0,0,0,0,0,35,13,2
473.716,0,30371840,windows,0,45425,44476.2,108,0,0,0,0,0,0,75,29,4
473.772,1,30169088,windows,0,9625,9370,50,0,0,0,0,0,0,35,13,2
473.97,0,30388224,windows,0,40915,40257.5,104,0,0,0,0,0,0,73,26,5
474.036,1,30184448,windows,0,9280,9025,49,0,0,0,0,0,0,34,13,2
474.227,0,30405632,windows,0,39475,38817.5,102,0,0,0,0,0,0,71,26,5
474.286,1,30198784,windows,0,8945,8690,48,0,0,0,0,0,0,33,13,2
474.491,0,30424064,windows,0,29060,28648.8,87,0,0,0,0,0,0,60,23,4
474.54,1,30213120,windows,0,8780,8545,48,0,0,0,0,0,0,34,12,2
474.751,0,30442496,windows,0,25545,25148.8,82,0,0,0,0,0,0,57,21,4
474.797,1,30227456,windows,0,8780,8545,48,0,0,0,0,0,0,34,12,2
475.004,0,30461952,windows,0,21875,21437.5,76,0,0,0,0,0,0,55,18,3
475.052,1,30241792,windows,0,8620,8365,47,0,0,0,0,0,0,32,13,2
475.262,0,30481408,windows,0,20365,19997.5,73,0,0,0,0,0,0,55,16,2
475.31,1,30256128,windows,0,8120,7885,46,0,0,0,0,0,0,32,12,2
475.514,0,30499840,windows,0,16480,16198.8,65,0,0,0,0,0,0,46,17,2
475.561,1,30270464,windows,0,8120,7885,46,0,0,0,0,0,0,32,12,2
475.765,0,30517248,windows,0,16025,15748.8,64,0,0,0,0,0,0,45,17,2
475.82,1,30285824,windows,0,7205,7061.25,43,0,0,0,0,0,0,29,12,2
476.025,0,30535680,windows,0,14720,14458.8,61,0,0,0,0,0,0,42,17,2
476.077,1,30301184,windows,0,7205,7061.25,43,0,0,0,0,0,0,29,12,2
476.275,0,30553088,windows,0,13645,13388.8,59,0,0,0,0,0,0,41,16,2
476.333,1,30316544,windows,0,6920,6685,42,0,0,0,0,0,0,28,12,2
476.53,0,30572544,windows,0,12135,12135,55,0,0,0,0,0,0,39,15,1
476.585,1,30331904,windows,0,6645,6410,41,0,0,0,0,0,0,27,12,2
476.792,0,30592000,windows,0,11750,11455,54,0,0,0,0,0,0,38,15,1
476.836,1,30347264,windows,0,6645,6410,41,0,0,0,0,0,0,27,12,2
477.049,0,30611456,windows,0,11010,10831.2,52,0,0,0,0,0,0,36,15,1
477.088,1,30362624,windows,0,6645,6410,41,0,0,0,0,0,0,27,12,2
477.302,0,30628864,windows,0,10430,10251.2,51,0,0,0,0,0,0,36,14,1
477.342,1,30377984,windows,0,6645,6410,41,0,0,0,0,0,0,27,12,2
477.553,0,30647296,windows,0,9730,9455,49,0,0,0,0,0,0,34,14,1
477.598,1,30394368,windows,0,6380,6016.25,40,0,0,0,0,0,0,26,12,2
477.817,0,30667776,windows,0,9730,9455,49,0,0,0,0,0,0,34,14,1
477.862,1,30410752,windows,0,6380,6016.25,40,0,0,0,0,0,0,26,12,2
478.084,0,30686208,windows,0,9730,9455,49,0,0,0,0,0,0,34,14,1
478.113,1,30426112,windows,0,6125,5766.25,39,0,0,0,0,0,0,25,12,2
478.348,0,30703616,windows,0,9730,9455,49,0,0,0,0,0,0,34,14,1
478.368,1,30440448,windows,0,5880,5645,38,0,0,0,0,0,0,24,12,2
478.6,0,30721024,windows,0,9730,9455,49,0,0,0,0,0,0,34,14,1
478.631,1,30455808,windows,0,5880,5645,38,0,0,0,0,0,0,24,12,2
478.866,0,30738432,windows,0,9395,9120,48,0,0,0,0,0,0,33,14,1
478.888,1,30473216,windows,0,5880,5645,38,0,0,0,0,0,0,24,12,2
479.116,0,30755840,windows,0,9395,9120,48,0,0,0,0,0,0,33,14,1
479.141,1,30490624,windows,0,5880,5645,38,0,0,0,0,0,0,24,12,2
479.371,0,30774272,windows,0,9395,9120,48,0,0,0,0,0,0,33,14,1
479.409,1,30507008,windows,0,5880,5645,38,0,0,0,0,0,0,24,12,2
479.623,0,30793728,windows,0,9070,8795,47,0,0,0,0,0,0,32,14,1
479.667,1,30522368,windows,0,640,640,12,0,0,0,0,0,0,8,4,0
479.885,0,30813184,windows,0,9070,8795,47,0,0,0,0,0,0,32,14,1
479.933,1,30538752,windows,0,640,640,12,0,0,0,0,0,0,8,4,0
480.147,0,30833664,windows,0,8450,8175,45,0,0,0,0,0,0,30,14,1
480.214,1,30556160,windows,0,640,640,12,0,0,0,0,0,0,8,4,0
480.401,0,30853120,windows,0,8450,8175,45,0,0,0,0,0,0,30,14,1
480.467,1,30571520,windows,0,640,640,12,0,0,0,0,0,0,8,4,0
480.666,0,30873600,windows,0,8155,7880,44,0,0,0,0,0,0,29,14,1
480.753,1,30586880,windows,0,640,640,12,0,0,0,0,0,0,8,4,0
480.928,0,30894080,windows,0,8155,7880,44,0,0,0,0,0,0,29,14,1
481.004,1,30602240,windows,0,640,640,12,0,0,0,0,0,0,8,4,0
481.184,0,30913536,windows,0,7595,7186.25,42,0,0,0,0,0,0,27,14,1
481.257,1,30617600,windows,0,640,640,12,0,0,0,0,0,0,8,4,0
481.444,0,30932992,windows,0,7595,7186.25,42,0,0,0,0,0,0,27,14,1
481.522,1,30635008,windows,0,640,640,12,0,0,0,0,0,0,8,4,0
481.701,0,30953472,windows,0,7595,7186.25,42,0,0,0,0,0,0,27,14,1
481.773,1,30650368,windows,0,640,640,12,0,0,0,0,0,0,8,4,0
481.961,0,30973952,windows,0,7330,6926.25,41,0,0,0,0,0,0,26,14,1
482.031,1,30665728,windows,0,640,640,12,0,0,0,0,0,0,8,4,0
482.223,0,30994432,windows,0,7330,6926.25,41,0,0,0,0,0,0,26,14,1
482.288,1,30681088,windows,0,640,640,12,0,0,0,0,0,0,8,4,0
482.475,0,31014912,windows,0,7330,6926.25,41,0,0,0,0,0,0,26,14,1
482.544,1,30695424,windows,0,640,640,12,0,0,0,0,0,0,8,4,0
482.735,0,31035392,windows,0,7330,6926.25,41,0,0,0,0,0,0,26,14,1
482.799,1,30709760,windows,0,640,640,12,0,0,0,0,0,0,8,4,0
482.986,0,31053824,windows,0,640,640,12,0,0,0,0,0,0,8,4,0
483.06,1,30725120,windows,0,640,640,12,0,0,0,0,0,0,8,4,0
483.25,0,31074304,windows,0,640,640,12,0,0,0,0,0,0,8,4,0
483.324,1,30740480,windows,0,640,640,12,0,0,0,0,0,0,8,4,0
483.511,0,31094784,windows,0,640,640,12,0,0,0,0,0,0,8,4,0
483.578,1,30755840,windows,0,640,640,12,0,0,0,0,0,0,8,4,0
483.763,0,31112192,windows,0,640,640,12,0,0,0,0,0,0,8,4,0
483.834,1,30771200,windows,0,640,640,12,0,0,0,0,0,0,8,4,0
484.024,0,31132672,windows,0,640,640,12,0,0,0,0,0,0,8,4,0
484.092,1,30786560,windows,0,640,640,12,0,0,0,0,0,0,8,4,0
484.286,0,31152128,windows,0,640,640,12,0,0,0,0,0,0,8,4,0
484.357,1,30802944,windows,0,640,640,12,0,0,0,0,0,0,8,4,0
484.546,0,31171584,windows,0,640,640,12,0,0,0,0,0,0,8,4,0
484.62,1,30819328,windows,0,640,640,12,0,0,0,0,0,0,8,4,0
484.807,0,31190016,windows,0,640,640,12,0,0,0,0,0,0,8,4,0
484.88,1,30834688,windows,0,640,640,12,0,0,0,0,0,0,8,4,0
485.063,0,31209472,windows,0,640,640,12,0,0,0,0,0,0,8,4,0
485.14,1,30851072,windows,0,640,640,12,0,0,0,0,0,0,8,4,0
485.315,0,31227904,windows,0,640,640,12,0,0,0,0,0,0,8,4,0
485.402,1,30866432,windows,0,640,640,12,0,0,0,0,0,0,8,4,0
485.57,0,31246336,windows,0,640,640,12,0,0,0,0,0,0,8,4,0
485.653,1,30881792,windows,0,640,640,12,0,0,0,0,0,0,8,4,0
485.85,0,31263744,windows,0,640,640,12,0,0,0,0,0,0,8,4,0
485.917,1,30898176,repair,0,640,640,12,0,0,0,0,0,0,8,4,0
486.105,0,31283200,windows,0,640,640,12,0,0,0,0,0,0,8,4,0
486.177,1,30912512,repair,0,640,640,12,0,0,0,0,0,0,8,4,0
486.361,0,31300608,windows,0,640,640,12,0,0,0,0,0,0,8,4,0
486.43,1,30926848,windows,0,640,640,12,0,0,0,0,0,0,8,4,0
486.613,0,31318016,windows,0,640,640,12,0,0,0,0,0,0,8,4,0
486.696,1,30942208,windows,0,640,640,12,0,0,0,0,0,0,8,4,0
486.865,0,31335424,windows,0,640,640,12,0,0,0,0,0,0,8,4,0
486.955,1,30957568,windows,0,640,640,12,0,0,0,0,0,0,8,4,0
487.128,0,31354880,windows,0,640,640,12,0,0,0,0,0,0,8,4,0
487.217,1,30971904,windows,0,640,640,12,0,0,0,0,0,0,8,4,0
487.384,0,31374336,windows,0,640,640,12,0,0,0,0,0,0,8,4,0
487.479,1,30987264,windows,0,640,640,12,0,0,0,0,0,0,8,4,0
487.644,0,31394816,windows,0,640,640,12,0,0,0,0,0,0,8,4,0
487.731,1,31001600,windows,0,640,640,12,0,0,0,0,0,0,8,4,0
487.906,0,31414272,windows,0,640,640,12,0,0,0,0,0,0,8,4,0
487.982,1,31015936,windows,0,640,640,12,0,0,0,0,0,0,8,4,0
488.16,0,31431680,windows,0,640,640,12,0,0,0,0,0,0,8,4,0
488.238,1,31030272,windows,0,640,640,12,0,0,0,0,0,0,8,4,0
488.424,0,31448064,windows,0,640,640,12,0,0,0,0,0,0,8,4,0
488.497,1,31044608,windows,0,640,640,12,0,0,0,0,0,0,8,4,0
488.679,0,31466496,windows,0,640,640,12,0,0,0,0,0,0,8,4,0
488.75,1,31057920,windows,0,640,640,12,0,0,0,0,0,0,8,4,0
488.934,0,31484928,windows,0,640,640,12,0,0,0,0,0,0,8,4,0
489.004,1,31071232,windows,0,640,640,12,0,0,0,0,0,0,8,4,0
489.187,0,31501312,windows,0,640,640,12,0,0,0,0,0,0,8,4,0
489.256,1,31085568,windows,0,640,640,12,0,0,0,0,0,0,8,4,0
489.444,0,31518720,windows,0,640,640,12,0,0,0,0,0,0,8,4,0
489.506,1,31099904,windows,0,640,640,12,0,0,0,0,0,0,8,4,0
489.697,0,31537152,windows,0,640,640,12,0,0,0,0,0,0,8,4,0
489.763,1,31115264,windows,0,640,640,12,0,0,0,0,0,0,8,4,0
489.955,0,31551488,windows,0,640,640,12,0,0,0,0,0,0,8,4,0
490.016,1,31130624,windows,0,640,640,12,0,0,0,0,0,0,8,4,0
490.22,0,31567872,windows,0,640,640,12,0,0,0,0,0,0,8,4,0
490.28,1,31148032,windows,0,640,640,12,0,0,0,0,0,0,8,4,0
490.476,0,31583232,windows,0,640,640,12,0,0,0,0,0,0,8,4,0
490.544,1,31165440,windows,0,640,640,12,0,0,0,0,0,0,8,4,0
490.74,0,31599616,windows,0,640,640,12,0,0,0,0,0,0,8,4,0
490.8,1,31182848,windows,0,640,640,12,0,0,0,0,0,0,8,4,0
490.994,0,31616000,repair,0,640,640,12,0,0,0,0,0,0,8,4,0
491.08,1,31196160,windows,0,640,640,12,0,0,0,0,0,0,8,4,0
491.251,0,31630336,repair,0,640,640,12,0,0,0,0,0,0,8,4,0
491.338,1,31211520,windows,0,640,640,12,0,0,0,0,0,0,8,4,0
491.507,0,31644672,windows,0,640,640,12,0,0,0,0,0,0,8,4,0
491.594,1,31227904,windows,0,640,640,12,0,0,0,0,0,0,8,4,0
491.776,0,31660032,windows,0,640,640,12,0,0,0,0,0,0,8,4,0
491.845,1,31243264,windows,0,640,640,12,0,0,0,0,0,0,8,4,0
492.033,0,31675392,windows,0,640,640,12,0,0,0,0,0,0,8,4,0
492.108,1,31259648,windows,0,640,640,12,0,0,0,0,0,0,8,4,0
492.298,0,31690752,windows,0,640,640,12,0,0,0,0,0,0,8,4,0
492.371,1,31275008,repair,0,640,640,12,0,0,0,0,0,0,8,4,0
492.558,0,31705088,windows,0,640,640,12,0,0,0,0,0,0,8,4,0
492.628,1,31291392,windows,0,640,640,12,0,0,0,0,0,0,8,4,0
492.824,0,31720448,windows,0,640,640,12,0,0,0,0,0,0,8,4,0
492.884,1,31307776,windows,0,640,640,12,0,0,0,0,0,0,8,4,0
493.08,0,31735808,windows,0,640,640,12,0,0,0,0,0,0,8,4,0
493.135,1,31324160,windows,0,640,640,12,0,0,0,0,0,0,8,4,0
493.343,0,31751168,windows,0,640,640,12,0,0,0,0,0,0,8,4,0
493.391,1,31341568,windows,0,640,640,12,0,0,0,0,0,0,8,4,0
493.61,0,31766528,windows,0,640,640,12,0,0,0,0,0,0,8,4,0
493.643,1,31358976,windows,0,640,640,12,0,0,0,0,0,0,8,4,0
493.861,0,31780864,windows,0,640,640,12,0,0,0,0,0,0,8,4,0
493.897,1,31377408,windows,0,640,640,12,0,0,0,0,0,0,8,4,0
494.127,0,31796224,windows,0,640,640,12,0,0,0,0,0,0,8,4,0
494.15,1,31394816,windows,0,640,640,12,0,0,0,0,0,0,8,4,0
494.388,0,31811584,windows,0,640,640,12,0,0,0,0,0,0,8,4,0
494.412,1,31412224,windows,0,640,640,12,0,0,0,0,0,0,8,4,0
494.644,0,31824896,windows,0,640,640,12,0,0,0,0,0,0,8,4,0
494.673,1,31430656,windows,0,640,640,12,0,0,0,0,0,0,8,4,0
494.896,0,31842304,windows,0,640,640,12,0,0,0,0,0,0,8,4,0
494.932,1,31449088,windows,0,640,640,12,0,0,0,0,0,0,8,4,0
495.154,0,31858688,windows,0,640,640,12,0,0,0,0,0,0,8,4,0
495.182,1,31467520,windows,0,640,640,12,0,0,0,0,0,0,8,4,0
495.408,0,31874048,windows,0,640,640,12,0,0,0,0,0,0,8,4,0
495.441,1,31485952,windows,0,640,640,12,0,0,0,0,0,0,8,4,0
495.674,0,31889408,repair,0,640,640,12,0,0,0,0,0,0,8,4,0
495.704,1,31503360,windows,0,640,640,12,0,0,0,0,0,0,8,4,0
495.93,0,31907840,repair,0,640,640,12,0,0,0,0,0,0,8,4,0
495.964,1,31521792,windows,0,640,640,12,0,0,0,0,0,0,8,4,0
496.187,0,31926272,windows,0,640,640,12,0,0,0,0,0,0,8,4,0
496.216,1,31539200,windows,0,640,640,12,0,0,0,0,0,0,8,4,0
496.446,0,31943680,windows,0,640,640,12,0,0,0,0,0,0,8,4,0
496.466,1,31555584,windows,0,640,640,12,0,0,0,0,0,0,8,4,0
496.701,0,31961088,windows,0,640,640,12,0,0,0,0,0,0,8,4,0
496.718,1,31572992,windows,0,640,640,12,0,0,0,0,0,0,8,4,0
496.956,0,31975424,windows,0,640,640,12,0,0,0,0,0,0,8,4,0
496.975,1,31591424,windows,0,640,640,12,0,0,0,0,0,0,8,4,0
497.221,0,31989760,windows,0,640,640,12,0,0,0,0,0,0,8,4,0
497.233,1,31608832,windows,0,640,640,12,0,0,0,0,0,0,8,4,0
497.481,0,32004096,windows,0,640,640,12,0,0,0,0,0,0,8,4,0
497.495,1,31629312,windows,0,640,640,12,0,0,0,0,0,0,8,4,0
497.746,0,32018432,windows,0,640,640,12,0,0,0,0,0,0,8,4,0
497.75,1,31648768,windows,0,640,640,12,0,0,0,0,0,0,8,4,0
498.005,0,32032768,windows,0,640,640,12,0,0,0,0,0,0,8,4,0
498.011,1,31667200,windows,0,640,640,12,0,0,0,0,0,0,8,4,0
498.258,0,32047104,windows,0,640,640,12,0,0,0,0,0,0,8,4,0
498.263,1,31685632,repair,0,640,640,12,0,0,0,0,0,0,8,4,0
498.515,1,31705088,windows,0,640,640,12,0,0,0,0,0,0,8,4,0
498.518,0,32061440,windows,0,640,640,12,0,0,0,0,0,0,8,4,0
498.772,1,31721472,windows,0,640,640,12,0,0,0,0,0,0,8,4,0
498.78,0,32077824,windows,0,640,640,12,0,0,0,0,0,0,8,4,0
499.032,0,32095232,windows,0,640,640,12,0,0,0,0,0,0,8,4,0
499.036,1,31738880,windows,0,640,640,12,0,0,0,0,0,0,8,4,0
499.284,0,32110592,windows,0,640,640,12,0,0,0,0,0,0,8,4,0
499.299,1,31753216,windows,0,640,640,12,0,0,0,0,0,0,8,4,0
499.536,0,32123904,windows,0,640,640,12,0,0,0,0,0,0,8,4,0
499.566,1,31768576,windows,0,640,640,12,0,0,0,0,0,0,8,4,0
499.802,0,32138240,windows,0,640,640,12,0,0,0,0,0,0,8,4,0
499.829,1,31784960,windows,0,640,640,12,0,0,0,0,0,0,8,4,0
500.068,0,32153600,windows,0,640,640,12,0,0,0,0,0,0,8,4,0
500.08,1,31798272,windows,0,640,640,12,0,0,0,0,0,0,8,4,0
500.322,0,32168960,windows,0,640,640,12,0,0,0,0,0,0,8,4,0
500.346,1,31813632,windows,0,640,640,12,0,0,0,0,0,0,8,4,0
500.575,0,32184320,windows,0,640,640,12,0,0,0,0,0,0,8,4,0
500.596,1,31827968,windows,0,640,640,12,0,0,0,0,0,0,8,4,0
500.842,0,32199680,windows,0,640,640,12,0,0,0,0,0,0,8,4,0
500.858,1,31842304,windows,0,640,640,12,0,0,0,0,0,0,8,4,0
501.099,0,32215040,windows,0,640,640,12,0,0,0,0,0,0,8,4,0
501.111,1,31856640,windows,0,640,640,12,0,0,0,0,0,0,8,4,0
501.361,1,31872000,windows,0,640,640,12,0,0,0,0,0,0,8,4,0
501.361,0,32230400,windows,0,640,640,12,0,0,0,0,0,0,8,4,0
501.624,0,32248832,windows,0,640,640,12,0,0,0,0,0,0,8,4,0
501.627,1,31890432,windows,0,640,640,12,0,0,0,0,0,0,8,4,0
501.88,1,31906816,windows,0,640,640,12,0,0,0,0,0,0,8,4,0
501.88,0,32263168,windows,0,640,640,12,0,0,0,0,0,0,8,4,0
502.133,1,31921152,windows,0,640,640,12,0,0,0,0,0,0,8,4,0
502.137,0,32277504,windows,0,640,640,12,0,0,0,0,0,0,8,4,0
502.396,1,31935488,windows,0,640,640,12,0,0,0,0,0,0,8,4,0
502.453,0,32291840,repair,1068,7.87302e+07,7.87302e+07,2440,5,12,8,674,369,0,1673,553,214
502.648,1,31949824,windows,0,640,640,12,0,0,0,0,0,0,8,4,0
502.716,0,32307200,repair,733,2.56687e+08,2.56609e+08,7030,58,175,119,240,141,0,3963,2874,193
502.9,1,31963136,windows,0,640,640,12,0,0,0,0,0,0,8,4,0
502.974,0,32325632,repair,588,2.6203e+08,2.61947e+08,7170,45,137,96,204,106,0,4090,2914,166
503.164,1,31977472,windows,0,640,640,12,0,0,0,0,0,0,8,4,0
503.229,0,32343040,repair,504,2.29167e+08,2.29088e+08,6825,30,100,90,192,92,0,3987,2674,164
503.414,1,31991808,windows,0,640,640,12,0,0,0,0,0,0,8,4,0
503.485,0,32360448,repair,395,2.42309e+08,2.42289e+08,6961,22,94,73,127,79,0,3999,2813,149
503.669,1,32007168,windows,0,640,640,12,0,0,0,0,0,0,8,4,0
503.75,0,32377856,repair,343,1.93658e+08,1.9359e+08,6310,15,69,55,138,66,0,3721,2460,129
503.923,1,32018432,repair,966,1.26559e+08,1.26539e+08,4611,48,120,127,452,219,0,2596,1799,216
504.011,0,32395264,repair,273,2.12686e+08,2.12664e+08,6529,13,52,45,106,57,0,3767,2641,121
504.175,1,32035840,repair,685,2.74647e+08,2.74587e+08,7215,46,132,106,254,147,0,3995,3022,198
504.276,0,32412672,repair,224,1.72085e+08,1.72081e+08,6054,11,37,34,101,41,0,3663,2272,119
504.43,1,32053248,repair,573,2.47928e+08,2.47923e+08,6961,34,122,97,195,125,0,3946,2844,171
504.536,0,32433152,repair,158,1.73009e+08,1.72991e+08,6035,11,22,18,69,38,0,3626,2305,104
504.684,1,32070656,repair,483,2.28605e+08,2.28585e+08,6709,33,96,73,189,92,0,3825,2731,153
504.793,0,32453632,repair,114,1.49333e+08,1.49291e+08,5657,6,11,14,49,34,0,3443,2114,100
504.937,1,32087040,repair,385,2.34804e+08,2.3473e+08,6924,22,82,70,130,81,0,4028,2735,161
505.05,0,32472064,repair,81,1.37055e+08,1.37011e+08,5491,2,7,13,37,22,0,3389,1988,114
505.187,1,32104448,repair,325,2.03978e+08,2.03909e+08,6449,16,51,55,134,69,0,3764,2549,136
505.306,0,32489472,repair,49,1.27151e+08,1.27114e+08,5371,5,9,5,17,13,0,3434,1842,95
505.447,1,32121856,repair,255,2.09895e+08,2.09872e+08,6572,10,38,41,110,56,0,3855,2582,135
505.565,0,32506880,repair,35,1.0783e+08,1.07778e+08,4951,3,4,2,14,12,0,3172,1692,87
505.709,1,32139264,repair,215,1.77666e+08,1.77618e+08,6032,9,31,28,97,50,0,3507,2391,134
505.825,0,32525312,repair,18,1.06752e+08,1.06716e+08,4938,2,2,0,8,6,0,3184,1671,83
505.975,1,32156672,repair,155,1.71381e+08,1.71313e+08,5963,8,18,19,72,38,0,3527,2325,111
506.088,0,32545792,repair,12,8.64376e+07,8.64356e+07,4460,0,0,1,8,3,0,2911,1482,67
506.229,1,32173056,repair,121,1.55094e+08,1.55048e+08,5773,8,17,19,49,28,0,3523,2149,101
506.342,0,32566272,repair,1,7.70685e+07,7.70547e+07,4208,0,0,0,0,1,0,2759,1395,54
506.488,1,32189440,repair,94,1.43185e+08,1.43168e+08,5611,6,18,9,42,19,0,3484,2024,103
506.601,0,32586752,windows,0,6.33273e+07,6.33133e+07,3821,0,0,0,0,0,0,2512,1259,50
506.742,1,32204800,repair,66,1.37695e+08,1.37693e+08,5384,1,9,6,33,17,0,3225,2065,94
506.855,0,32605184,windows,0,5.09083e+07,5.08745e+07,3427,0,0,0,0,0,0,2256,1127,44
507.004,1,32220160,repair,41,1.25446e+08,1.25392e+08,5238,2,6,7,18,8,0,3248,1903,87
507.109,0,32621568,windows,0,4.05658e+07,4.05447e+07,3062,0,0,0,0,0,0,2022,1002,38
507.257,1,32236544,repair,21,1.18071e+08,1.18052e+08,5084,2,2,2,9,6,0,3147,1848,89
507.374,0,32637952,windows,0,3.26915e+07,3.26633e+07,2762,0,0,0,0,0,0,1827,893,42
507.521,1,32252928,repair,10,1.03133e+08,1.03115e+08,4812,1,1,0,5,3,0,3056,1677,79
507.634,0,32655360,windows,0,2.69175e+07,2.69166e+07,2537,0,0,0,0,0,0,1741,766,30
507.784,1,32273408,repair,4,8.57937e+07,8.57634e+07,4413,1,0,1,2,0,0,2820,1514,79
507.897,0,32672768,windows,0,2.21325e+07,2.2124e+07,2283,0,0,0,0,0,0,1538,717,28
508.044,1,32289792,repair,2,7.07153e+07,7.06999e+07,4068,0,0,1,0,1,0,2689,1312,67
508.149,0,32689152,windows,0,1.77809e+07,1.77613e+07,2053,0,0,0,0,0,0,1404,629,20
508.304,1,32306176,windows,0,6.1792e+07,6.179e+07,3802,0,0,0,0,0,0,2504,1231,67
508.401,0,32705536,windows,0,1.46226e+07,1.46161e+07,1877,0,0,0,0,0,0,1298,556,23
508.563,1,32321536,windows,0,5.07704e+07,5.0746e+07,3452,0,0,0,0,0,0,2266,1117,69
508.655,0,32722944,windows,0,1.22352e+07,1.22352e+07,1724,0,0,0,0,0,0,1212,494,18
508.82,1,32335872,windows,0,4.29288e+07,4.29288e+07,3184,0,0,0,0,0,0,2114,1012,58
508.906,0,32740352,windows,0,1.02578e+07,1.02427e+07,1585,0,0,0,0,0,0,1118,447,20
509.084,1,32350208,windows,0,3.40076e+07,3.40059e+07,2841,0,0,0,0,0,0,1890,896,55
509.163,0,32755712,windows,0,8.42686e+06,8.42142e+06,1424,0,0,0,0,0,0,982,424,18
509.335,1,32363520,windows,0,2.91692e+07,2.91604e+07,2639,0,0,0,0,0,0,1773,818,48
509.431,0,32770048,windows,0,7.0883e+06,7.07988e+06,1313,0,0,0,0,0,0,903,387,23
509.593,1,32378880,windows,0,2.44567e+07,2.44567e+07,2393,0,0,0,0,0,0,1597,764,32
509.697,0,32784384,windows,0,6.06533e+06,6.05362e+06,1223,0,0,0,0,0,0,862,342,19
509.846,1,32391168,windows,0,2.14274e+07,2.14274e+07,2255,0,0,0,0,0,0,1517,703,35
509.957,0,32798720,windows,0,5.26372e+06,5.25966e+06,1145,0,0,0,0,0,0,813,312,20
510.104,1,32405504,windows,0,1.83545e+07,1.83536e+07,2111,0,0,0,0,0,0,1462,618,31
510.209,0,32814080,windows,0,4.615e+06,4.61118e+06,1076,0,0,0,0,0,0,764,290,22
510.372,1,32419840,windows,0,1.51153e+07,1.51089e+07,1899,0,0,0,0,0,0,1286,584,29
510.46,0,32827392,windows,0,3.77958e+06,3.77616e+06,973,0,0,0,0,0,0,684,267,22
510.624,1,32434176,windows,0,1.27573e+07,1.27565e+07,1759,0,0,0,0,0,0,1214,518,27
510.723,0,32842752,windows,0,3.15024e+06,3.1452e+06,895,0,0,0,0,0,0,651,226,18
510.894,1,32448512,windows,0,1.10614e+07,1.10557e+07,1645,0,0,0,0,0,0,1146,473,26
510.978,0,32859136,windows,0,2.70178e+06,2.69697e+06,825,0,0,0,0,0,0,592,217,16
511.163,1,32462848,windows,0,9.58302e+06,9.57462e+06,1548,0,0,0,0,0,0,1098,420,30
511.231,0,32875520,windows,0,2.25175e+06,2.25131e+06,754,0,0,0,0,0,0,542,197,15
511.428,1,32477184,windows,0,8.25312e+06,8.25237e+06,1426,0,0,0,0,0,0,997,404,25
511.487,0,32890880,windows,0,1.88372e+06,1.88132e+06,688,0,0,0,0,0,0,480,190,18
511.683,1,32490496,windows,0,6.90546e+06,6.90463e+06,1309,0,0,0,0,0,0,912,369,28
511.738,0,32906240,windows,0,1.4862e+06,1.48581e+06,608,0,0,0,0,0,0,425,170,13
511.948,1,32504832,windows,0,5.89198e+06,5.8871e+06,1199,0,0,0,0,0,0,815,357,27
511.996,0,32921600,windows,0,1.24094e+06,1.23738e+06,552,0,0,0,0,0,0,379,161,12
512.202,1,32519168,windows,0,5.0801e+06,5.07389e+06,1126,0,0,0,0,0,0,791,311,24
512.251,0,32934912,windows,0,1.06307e+06,1.06269e+06,519,0,0,0,0,0,0,368,138,13
512.463,1,32534528,windows,0,4.33792e+06,4.33431e+06,1037,0,0,0,0,0,0,722,293,22
512.521,0,32949248,windows,0,912800,910425,483,0,0,0,0,0,0,354,119,10
512.73,1,32549888,windows,0,3.54822e+06,3.54822e+06,929,0,0,0,0,0,0,625,281,23
512.773,0,32962560,windows,0,716780,716780,428,0,0,0,0,0,0,310,108,10
512.987,1,32565248,windows,0,2.87394e+06,2.87331e+06,853,0,0,0,0,0,0,605,227,21
513.025,0,32975872,windows,0,589320,589320,387,0,0,0,0,0,0,270,105,12
513.245,1,32580608,windows,0,2.41715e+06,2.41665e+06,775,0,0,0,0,0,0,540,218,17
513.277,0,32989184,windows,0,507400,506121,360,0,0,0,0,0,0,256,94,10
513.506,1,32596992,windows,0,2.0457e+06,2.03923e+06,715,0,0,0,0,0,0,499,199,17
513.529,0,33003520,windows,0,421795,419818,328,0,0,0,0,0,0,233,86,9
513.772,1,32613376,windows,0,1.68084e+06,1.68084e+06,645,0,0,0,0,0,0,443,186,16
513.789,0,33017856,windows,0,372460,370925,311,0,0,0,0,0,0,224,77,10
514.034,1,32630784,windows,0,1.28442e+06,1.28442e+06,559,0,0,0,0,0,0,372,171,16
514.055,0,33032192,windows,0,289510,286844,272,0,0,0,0,0,0,190,73,9
514.289,1,32648192,windows,0,1.06788e+06,1.06448e+06,516,0,0,0,0,0,0,353,148,15
514.317,0,33046528,windows,0,243345,241970,248,0,0,0,0,0,0,171,69,8
514.552,1,32665600,windows,0,899015,897341,477,0,0,0,0,0,0,335,129,13
514.585,0,33061888,windows,0,203680,202861,230,0,0,0,0,0,0,164,58,8
514.805,1,32679936,windows,0,800630,800630,450,0,0,0,0,0,0,314,123,13
514.844,0,33077248,windows,0,167495,166741,209,0,0,0,0,0,0,151,51,7
515.069,1,32694272,windows,0,610985,610985,390,0,0,0,0,0,0,261,115,14
515.108,0,33092608,windows,0,150755,150755,200,0,0,0,0,0,0,143,48,9
515.32,1,32707584,windows,0,525925,523930,367,0,0,0,0,0,0,253,100,14
515.371,0,33107968,windows,0,108070,108070,168,0,0,0,0,0,0,118,43,7
515.576,1,32723968,windows,0,452370,450432,344,0,0,0,0,0,0,252,81,11
515.622,0,33125376,windows,0,83910,83401.2,148,0,0,0,0,0,0,102,39,7
515.837,1,32741376,windows,0,385855,384320,319,0,0,0,0,0,0,229,77,13
515.879,0,33143808,windows,0,68380,68380,134,0,0,0,0,0,0,94,34,6
516.089,1,32757760,windows,0,289870,288931,273,0,0,0,0,0,0,188,74,11
516.135,0,33162240,windows,0,58210,57146.2,123,0,0,0,0,0,0,86,32,5
516.345,1,32773120,windows,0,238880,238011,249,0,0,0,0,0,0,174,65,10
516.386,0,33179648,windows,0,44210,44210,108,0,0,0,0,0,0,76,27,5
516.608,1,32787456,windows,0,205390,203416,233,0,0,0,0,0,0,164,58,11
516.649,0,33198080,windows,0,36910,36355,97,0,0,0,0,0,0,64,28,5
516.875,1,32801792,windows,0,180035,177924,220,0,0,0,0,0,0,159,50,11
516.903,0,33215488,windows,0,31175,30406.2,91,0,0,0,0,0,0,63,23,5
517.125,1,32816128,windows,0,164855,163598,211,0,0,0,0,0,0,153,47,11
517.158,0,33233920,windows,0,28430,27995,87,0,0,0,0,0,0,60,22,5
517.38,1,32830464,windows,0,124360,123489,178,0,0,0,0,0,0,116,52,10
517.413,0,33251328,windows,0,22550,21906.2,78,0,0,0,0,0,0,54,19,5
517.637,1,32844800,windows,0,102700,102700,165,0,0,0,0,0,0,112,43,10
517.669,0,33268736,windows,0,19235,19235,72,0,0,0,0,0,0,49,18,5
517.904,1,32860160,windows,0,87560,86745,151,0,0,0,0,0,0,102,41,8
517.93,0,33286144,windows,0,18275,17920,70,0,0,0,0,0,0,47,18,5
518.168,1,32875520,windows,0,77860,77045,141,0,0,0,0,0,0,92,41,8
518.19,0,33304576,windows,0,15350,15015,64,0,0,0,0,0,0,42,17,5
518.424,1,32889856,windows,0,73075,72631.2,136,0,0,0,0,0,0,89,40,7
518.454,0,33323008,windows,0,13870,13870,61,0,0,0,0,0,0,40,16,5
518.679,1,32904192,windows,0,55880,55501.2,118,0,0,0,0,0,0,76,36,6
518.713,0,33336320,windows,0,12470,12470,58,0,0,0,0,0,0,38,15,5
518.944,1,32918528,windows,0,46665,46665,108,0,0,0,0,0,0,69,33,6
518.984,0,33349632,windows,0,11995,11995,56,0,0,0,0,0,0,35,16,5
519.2,1,32932864,windows,0,44800,44185,107,0,0,0,0,0,0,70,31,6
519.25,0,33364992,windows,0,11375,11375,55,0,0,0,0,0,0,35,15,5
519.455,1,32947200,windows,0,40860,40860,102,0,0,0,0,0,0,66,30,6
519.511,0,33380352,windows,0,11315,10836.2,54,0,0,0,0,0,0,33,16,5
519.713,1,32961536,windows,0,37440,36905,99,0,0,0,0,0,0,66,27,6
519.773,0,33395712,windows,0,10370,10211.2,52,0,0,0,0,0,0,32,15,5
519.972,1,32977920,windows,0,26440,26440,84,0,0,0,0,0,0,56,22,6
520.023,0,33413120,windows,0,10115,10115,52,0,0,0,0,0,0,33,14,5
520.232,1,32995328,windows,0,23425,22776.2,80,0,0,0,0,0,0,55,19,6
520.284,0,33430528,windows,0,9305,9141.25,50,0,0,0,0,0,0,33,13,4
520.484,1,33013760,windows,0,22085,22085,77,0,0,0,0,0,0,51,20,6
520.544,0,33449984,windows,0,8900,8900,48,0,0,0,0,0,0,30,14,4
520.739,1,33032192,windows,0,20800,20425,75,0,0,0,0,0,0,50,19,6
520.807,0,33469440,windows,0,8900,8900,48,0,0,0,0,0,0,30,14,4
521.002,1,33051648,windows,0,17440,17105,69,0,0,0,0,0,0,46,17,6
521.059,0,33488896,windows,0,7780,7641.25,45,0,0,0,0,0,0,28,13,4
521.263,1,33070080,windows,0,15375,15080,65,0,0,0,0,0,0,45,15,5
521.322,0,33506304,windows,0,7505,7371.25,44,0,0,0,0,0,0,27,13,4
521.522,1,33087488,windows,0,13490,13490,61,0,0,0,0,0,0,42,14,5
521.587,0,33521664,windows,0,7505,7371.25,44,0,0,0,0,0,0,27,13,4
521.784,1,33106944,windows,0,13075,12800,60,0,0,0,0,0,0,41,14,5
521.84,0,33536000,windows,0,7505,7371.25,44,0,0,0,0,0,0,27,13,4
522.037,1,33125376,windows,0,9755,9755,52,0,0,0,0,0,0,35,12,5
522.098,0,33551360,windows,0,7505,7371.25,44,0,0,0,0,0,0,27,13,4
522.289,1,33143808,windows,0,9475,9200,50,0,0,0,0,0,0,31,14,5
522.359,0,33566720,windows,0,7505,7371.25,44,0,0,0,0,0,0,27,13,4
522.549,1,33161216,windows,0,9075,8911.25,50,0,0,0,0,0,0,33,12,5
522.62,0,33582080,windows,0,640,640,12,0,0,0,0,0,0,8,4,0
522.809,1,33180672,windows,0,8290,8290,48,0,0,0,0,0,0,32,11,5
522.878,0,33598464,windows,0,640,640,12,0,0,0,0,0,0,8,4,0
523.068,1,33199104,windows,0,7670,7670,46,0,0,0,0,0,0,30,11,5
523.14,0,33614848,windows,0,640,640,12,0,0,0,0,0,0,8,4,0
523.328,1,33217536,windows,0,7090,7090,44,0,0,0,0,0,0,28,11,5
523.405,0,33631232,windows,0,640,640,12,0,0,0,0,0,0,8,4,0
523.58,1,33235968,windows,0,6815,6815,43,0,0,0,0,0,0,27,11,5
523.666,0,33647616,repair,0,640,640,12,0,0,0,0,0,0,8,4,0
523.835,1,33254400,windows,0,6550,6550,42,0,0,0,0,0,0,26,11,5
523.921,0,33664000,windows,0,640,640,12,0,0,0,0,0,0,8,4,0
524.094,1,33272832,windows,0,6550,6550,42,0,0,0,0,0,0,26,11,5
524.175,0,33680384,windows,0,640,640,12,0,0,0,0,0,0,8,4,0
524.357,1,33292288,windows,0,6050,6050,40,0,0,0,0,0,0,24,11,5
524.429,0,33695744,windows,0,640,640,12,0,0,0,0,0,0,8,4,0
524.608,1,33310720,windows,0,5375,5271.25,37,0,0,0,0,0,0,21,11,5
524.687,0,33711104,windows,0,640,640,12,0,0,0,0,0,0,8,4,0
524.874,1,33329152,windows,0,4955,4851.25,36,0,0,0,0,0,0,21,10,5
524.943,0,33725440,windows,0,640,640,12,0,0,0,0,0,0,8,4,0
525.136,1,33346560,windows,0,4555,4318.75,34,0,0,0,0,0,0,19,10,5
525.21,0,33740800,windows,0,640,640,12,0,0,0,0,0,0,8,4,0
525.398,1,33364992,windows,0,4370,4227.5,33,0,0,0,0,0,0,18,10,5
525.461,0,33755136,windows,0,640,640,12,0,0,0,0,0,0,8,4,0
525.651,1,33382400,windows,0,4370,4227.5,33,0,0,0,0,0,0,18,10,5
525.721,0,33770496,windows,0,640,640,12,0,0,0,0,0,0,8,4,0
525.907,1,33399808,windows,0,3990,3847.5,32,0,0,0,0,0,0,18,9,5
525.974,0,33785856,windows,0,640,640,12,0,0,0,0,0,0,8,4,0
526.161,1,33417216,windows,0,3990,3847.5,32,0,0,0,0,0,0,18,9,5
526.233,0,33802240,windows,0,640,640,12,0,0,0,0,0,0,8,4,0
526.413,1,33435648,windows,0,3565,3471.25,31,0,0,0,0,0,0,19,8,4
526.49,0,33818624,windows,0,640,640,12,0,0,0,0,0,0,8,4,0
526.677,1,33455104,windows,0,3545,3286.25,30,0,0,0,0,0,0,17,9,4
526.751,0,33835008,windows,0,640,640,12,0,0,0,0,0,0,8,4,0
526.936,1,33473536,windows,0,3380,3205,29,0,0,0,0,0,0,16,9,4
527.013,0,33851392,windows,0,640,640,12,0,0,0,0,0,0,8,4,0
527.194,1,33490944,windows,0,3040,3040,28,0,0,0,0,0,0,16,8,4
527.27,0,33864704,windows,0,640,640,12,0,0,0,0,0,0,8,4,0
527.453,1,33509376,windows,0,3040,3040,28,0,0,0,0,0,0,16,8,4
527.534,0,33884160,windows,0,640,640,12,0,0,0,0,0,0,8,4,0
527.704,1,33527808,windows,0,3040,3040,28,0,0,0,0,0,0,16,8,4
527.791,0,33899520,windows,0,640,640,12,0,0,0,0,0,0,8,4,0
527.97,1,33544192,windows,0,2885,2885,27,0,0,0,0,0,0,15,8,4
528.047,0,33915904,windows,0,640,640,12,0,0,0,0,0,0,8,4,0
528.231,1,33560576,windows,0,2885,2885,27,0,0,0,0,0,0,15,8,4
528.308,0,33930240,windows,0,640,640,12,0,0,0,0,0,0,8,4,0
528.491,1,33579008,windows,0,2885,2885,27,0,0,0,0,0,0,15,8,4
528.573,0,33947648,windows,0,640,640,12,0,0,0,0,0,0,8,4,0
528.744,1,33594368,windows,0,2885,2885,27,0,0,0,0,0,0,15,8,4
528.834,0,33964032,windows,0,640,640,12,0,0,0,0,0,0,8,4,0
529.002,1,33611776,windows,0,2885,2885,27,0,0,0,0,0,0,15,8,4
529.095,0,33980416,windows,0,640,640,12,0,0,0,0,0,0,8,4,0
529.261,1,33629184,windows,0,640,640,12,0,0,0,0,0,0,8,4,0
529.352,0,33996800,windows,0,640,640,12,0,0,0,0,0,0,8,4,0
529.522,1,33649664,windows,0,640,640,12,0,0,0,0,0,0,8,4,0
529.608,0,34015232,windows,0,640,640,12,0,0,0,0,0,0,8,4,0
529.777,1,33669120,windows,0,640,640,12,0,0,0,0,0,0,8,4,0
529.863,0,34029568,windows,0,640,640,12,0,0,0,0,0,0,8,4,0
530.039,1,33685504,windows,0,640,640,12,0,0,0,0,0,0,8,4,0
530.124,0,34045952,windows,0,640,640,12,0,0,0,0,0,0,8,4,0
530.295,1,33704960,windows,0,640,640,12,0,0,0,0,0,0,8,4,0
530.384,0,34062336,windows,0,640,640,12,0,0,0,0,0,0,8,4,0
530.547,1,33724416,windows,0,640,640,12,0,0,0,0,0,0,8,4,0
530.644,0,34079744,windows,0,640,640,12,0,0,0,0,0,0,8,4,0
530.802,1,33744896,windows,0,640,640,12,0,0,0,0,0,0,8,4,0
530.9,0,34097152,windows,0,640,640,12,0,0,0,0,0,0,8,4,0
531.061,1,33765376,windows,0,640,640,12,0,0,0,0,0,0,8,4,0
531.164,0,34114560,windows,0,640,640,12,0,0,0,0,0,0,8,4,0
531.317,1,33784832,windows,0,640,640,12,0,0,0,0,0,0,8,4,0
531.415,0,34128896,windows,0,640,640,12,0,0,0,0,0,0,8,4,0
531.573,1,33804288,windows,0,640,640,12,0,0,0,0,0,0,8,4,0
531.69,0,34145280,windows,0,640,640,12,0,0,0,0,0,0,8,4,0
531.832,1,33823744,windows,0,640,640,12,0,0,0,0,0,0,8,4,0
531.948,0,34161664,windows,0,640,640,12,0,0,0,0,0,0,8,4,0
532.095,1,33844224,windows,0,640,640,12,0,0,0,0,0,0,8,4,0
532.204,0,34177024,windows,0,640,640,12,0,0,0,0,0,0,8,4,0
532.353,1,33860608,windows,0,640,640,12,0,0,0,0,0,0,8,4,0
532.455,0,34191360,windows,0,640,640,12,0,0,0,0,0,0,8,4,0
532.61,1,33880064,windows,0,640,640,12,0,0,0,0,0,0,8,4,0
532.714,0,34206720,windows,0,640,640,12,0,0,0,0,0,0,8,4,0
532.868,1,33900544,windows,0,640,640,12,0,0,0,0,0,0,8,4,0
532.971,0,34223104,windows,0,640,640,12,0,0,0,0,0,0,8,4,0
533.127,1,33915904,windows,0,640,640,12,0,0,0,0,0,0,8,4,0
533.231,0,34238464,windows,0,640,640,12,0,0,0,0,0,0,8,4,0
533.388,1,33937408,windows,0,640,640,12,0,0,0,0,0,0,8,4,0
533.489,0,34253824,windows,0,640,640,12,0,0,0,0,0,0,8,4,0
533.642,1,33957888,windows,0,640,640,12,0,0,0,0,0,0,8,4,0
533.741,0,34266112,windows,0,640,640,12,0,0,0,0,0,0,8,4,0
533.903,1,33978368,windows,0,640,640,12,0,0,0,0,0,0,8,4,0
533.993,0,34282496,windows,0,640,640,12,0,0,0,0,0,0,8,4,0
534.164,1,33997824,repair,0,640,640,12,0,0,0,0,0,0,8,4,0
534.253,0,34298880,windows,0,640,640,12,0,0,0,0,0,0,8,4,0
534.423,1,34017280,windows,0,640,640,12,0,0,0,0,0,0,8,4,0
534.508,0,34315264,windows,0,640,640,12,0,0,0,0,0,0,8,4,0
534.687,1,34036736,windows,0,640,640,12,0,0,0,0,0,0,8,4,0
534.767,0,34330624,repair,0,640,640,12,0,0,0,0,0,0,8,4,0
534.951,1,34055168,windows,0,640,640,12,0,0,0,0,0,0,8,4,0
535.019,0,34345984,repair,0,640,640,12,0,0,0,0,0,0,8,4,0
535.215,1,34072576,windows,0,640,640,12,0,0,0,0,0,0,8,4,0
535.274,0,34360320,windows,0,640,640,12,0,0,0,0,0,0,8,4,0
535.474,1,34088960,windows,0,640,640,12,0,0,0,0,0,0,8,4,0
535.524,0,34373632,windows,0,640,640,12,0,0,0,0,0,0,8,4,0
535.728,1,34105344,windows,0,640,640,12,0,0,0,0,0,0,8,4,0
535.78,0,34387968,windows,0,640,640,12,0,0,0,0,0,0,8,4,0
535.986,1,34122752,windows,0,640,640,12,0,0,0,0,0,0,8,4,0
536.036,0,34402304,windows,0,640,640,12,0,0,0,0,0,0,8,4,0
536.249,1,34141184,windows,0,640,640,12,0,0,0,0,0,0,8,4,0
536.301,0,34416640,windows,0,640,640,12,0,0,0,0,0,0,8,4,0
536.512,1,34159616,windows,0,640,640,12,0,0,0,0,0,0,8,4,0
536.566,0,34430976,windows,0,640,640,12,0,0,0,0,0,0,8,4,0
536.767,1,34177024,windows,0,640,640,12,0,0,0,0,0,0,8,4,0
536.823,0,34445312,windows,0,640,640,12,0,0,0,0,0,0,8,4,0
537.025,1,34194432,windows,0,640,640,12,0,0,0,0,0,0,8,4,0
537.084,0,34460672,windows,0,640,640,12,0,0,0,0,0,0,8,4,0
537.29,1,34212864,windows,0,640,640,12,0,0,0,0,0,0,8,4,0
537.339,0,34475008,windows,0,640,640,12,0,0,0,0,0,0,8,4,0
537.552,1,34230272,windows,0,640,640,12,0,0,0,0,0,0,8,4,0
537.594,0,34489344,windows,0,640,640,12,0,0,0,0,0,0,8,4,0
537.809,1,34246656,repair,0,640,640,12,0,0,0,0,0,0,8,4,0
537.85,0,34503680,windows,0,640,640,12,0,0,0,0,0,0,8,4,0
538.067,1,34264064,windows,0,640,640,12,0,0,0,0,0,0,8,4,0
538.106,0,34519040,windows,0,640,640,12,0,0,0,0,0,0,8,4,0
538.325,1,34281472,windows,0,640,640,12,0,0,0,0,0,0,8,4,0
538.37,0,34535424,windows,0,640,640,12,0,0,0,0,0,0,8,4,0
538.582,1,34298880,windows,0,640,640,12,0,0,0,0,0,0,8,4,0
538.63,0,34552832,windows,0,640,640,12,0,0,0,0,0,0,8,4,0
538.84,1,34317312,windows,0,640,640,12,0,0,0,0,0,0,8,4,0
538.895,0,34570240,windows,0,640,640,12,0,0,0,0,0,0,8,4,0
539.102,1,34334720,windows,0,640,640,12,0,0,0,0,0,0,8,4,0
539.148,0,34584576,windows,0,640,640,12,0,0,0,0,0,0,8,4,0
539.358,1,34352128,windows,0,640,640,12,0,0,0,0,0,0,8,4,0
539.401,0,34599936,windows,0,640,640,12,0,0,0,0,0,0,8,4,0
539.613,1,34368512,windows,0,640,640,12,0,0,0,0,0,0,8,4,0
539.652,0,34615296,windows,0,640,640,12,0,0,0,0,0,0,8,4,0
539.879,1,34382848,windows,0,640,640,12,0,0,0,0,0,0,8,4,0
539.905,0,34630656,windows,0,640,640,12,0,0,0,0,0,0,8,4,0
540.144,1,34401280,windows,0,640,640,12,0,0,0,0,0,0,8,4,0
540.155,0,34648064,windows,0,640,640,12,0,0,0,0,0,0,8,4,0
540.406,1,34419712,windows,0,640,640,12,0,0,0,0,0,0,8,4,0
540.408,0,34664448,windows,0,640,640,12,0,0,0,0,0,0,8,4,0
540.665,1,34438144,windows,0,640,640,12,0,0,0,0,0,0,8,4,0
540.674,0,34680832,windows,0,640,640,12,0,0,0,0,0,0,8,4,0
540.924,1,34455552,windows,0,640,640,12,0,0,0,0,0,0,8,4,0
540.93,0,34695168,windows,0,640,640,12,0,0,0,0,0,0,8,4,0
541.18,1,34471936,windows,0,640,640,12,0,0,0,0,0,0,8,4,0
541.188,0,34710528,windows,0,640,640,12,0,0,0,0,0,0,8,4,0
541.434,1,34490368,windows,0,640,640,12,0,0,0,0,0,0,8,4,0
541.446,0,34723840,windows,0,640,640,12,0,0,0,0,0,0,8,4,0
541.693,1,34507776,windows,0,640,640,12,0,0,0,0,0,0,8,4,0
541.704,0,34738176,windows,0,640,640,12,0,0,0,0,0,0,8,4,0
541.945,1,34524160,windows,0,640,640,12,0,0,0,0,0,0,8,4,0
541.97,0,34753536,windows,0,640,640,12,0,0,0,0,0,0,8,4,0
542.201,1,34539520,windows,0,640,640,12,0,0,0,0,0,0,8,4,0
542.223,0,34767872,windows,0,640,640,12,0,0,0,0,0,0,8,4,0
542.458,1,34555904,windows,0,640,640,12,0,0,0,0,0,0,8,4,0
542.484,0,34782208,windows,0,640,640,12,0,0,0,0,0,0,8,4,0
542.711,1,34571264,windows,0,640,640,12,0,0,0,0,0,0,8,4,0
542.75,0,34796544,windows,0,640,640,12,0,0,0,0,0,0,8,4,0
542.976,1,34589696,windows,0,640,640,12,0,0,0,0,0,0,8,4,0
543.001,0,34809856,windows,0,640,640,12,0,0,0,0,0,0,8,4,0
543.231,1,34606080,windows,0,640,640,12,0,0,0,0,0,0,8,4,0
543.266,0,34824192,windows,0,640,640,12,0,0,0,0,0,0,8,4,0
543.492,1,34623488,windows,0,640,640,12,0,0,0,0,0,0,8,4,0
543.533,0,34839552,windows,0,640,640,12,0,0,0,0,0,0,8,4,0
543.743,1,34637824,windows,0,640,640,12,0,0,0,0,0,0,8,4,0
543.795,0,34854912,windows,0,640,640,12,0,0,0,0,0,0,8,4,0
544.004,1,34655232,windows,0,640,640,12,0,0,0,0,0,0,8,4,0
544.047,0,34869248,windows,0,640,640,12,0,0,0,0,0,0,8,4,0
544.259,1,34671616,windows,0,640,640,12,0,0,0,0,0,0,8,4,0
544.31,0,34883584,windows,0,640,640,12,0,0,0,0,0,0,8,4,0
544.518,1,34688000,windows,0,640,640,12,0,0,0,0,0,0,8,4,0
544.576,0,34898944,windows,0,640,640,12,0,0,0,0,0,0,8,4,0
544.784,1,34703360,repair,0,640,640,12,0,0,0,0,0,0,8,4,0
544.835,0,34910208,repair,1063,8.65305e+07,8.65211e+07,3074,14,52,38,625,334,0,1888,953,233
545.048,1,34717696,repair,0,640,640,12,0,0,0,0,0,0,8,4,0
545.086,0,34925568,repair,729,2.79517e+08,2.79431e+08,7307,47,185,127,236,134,0,4113,3019,175
545.309,1,34732032,repair,0,640,640,12,0,0,0,0,0,0,8,4,0
545.342,0,34942976,repair,597,2.83087e+08,2.83026e+08,7389,42,126,93,224,112,0,4146,3065,178
545.562,1,34746368,windows,0,640,640,12,0,0,0,0,0,0,8,4,0
545.594,0,34959360,repair,517,2.31358e+08,2.31353e+08,6764,26,100,84,201,106,0,3869,2732,163
545.812,1,34760704,windows,0,640,640,12,0,0,0,0,0,0,8,4,0
545.846,0,34975744,repair,405,2.57868e+08,2.57789e+08,7133,42,94,83,112,74,0,4059,2929,145
546.066,1,34774016,windows,0,640,640,12,0,0,0,0,0,0,8,4,0
546.105,0,34994176,repair,340,2.08276e+08,2.08202e+08,6605,21,74,40,154,51,0,3951,2515,139
546.323,1,34788352,windows,0,640,640,12,0,0,0,0,0,0,8,4,0
546.358,0,35011584,repair,271,2.05374e+08,2.0537e+08,6447,12,58,51,97,53,0,3729,2585,133
546.575,1,34802688,windows,0,640,640,12,0,0,0,0,0,0,8,4,0
546.62,0,35028992,repair,218,1.89955e+08,1.89906e+08,6283,10,28,33,98,49,0,3674,2454,155
546.828,1,34817024,windows,0,640,640,12,0,0,0,0,0,0,8,4,0
546.87,0,35045376,repair,174,1.69774e+08,1.69774e+08,6068,7,39,28,73,27,0,3693,2239,136
547.093,1,34831360,windows,0,640,640,12,0,0,0,0,0,0,8,4,0
547.136,0,35062784,repair,129,1.67941e+08,1.67938e+08,5974,3,21,16,75,14,0,3583,2266,125
547.349,1,34845696,windows,0,640,640,12,0,0,0,0,0,0,8,4,0
547.387,0,35079168,repair,103,1.53363e+08,1.53299e+08,5702,2,9,17,51,24,0,3420,2170,112
547.6,1,34859008,windows,0,640,640,12,0,0,0,0,0,0,8,4,0
547.65,0,35096576,repair,67,1.50636e+08,1.50576e+08,5720,2,6,15,26,18,0,3517,2102,101
547.893,1,34872320,repair,994,9.41252e+07,9.41252e+07,3689,32,65,81,509,307,0,2175,1294,220
547.911,0,35112960,repair,47,1.56505e+08,1.56462e+08,5805,6,8,13,12,8,0,3551,2158,96
548.157,1,34889728,repair,675,2.60766e+08,2.6074e+08,7100,45,148,135,212,135,0,4009,2914,177
548.166,0,35129344,repair,31,1.1154e+08,1.11487e+08,4992,0,4,1,17,9,0,3167,1749,76
548.416,1,34907136,repair,560,2.57658e+08,2.57595e+08,7127,46,102,95,202,115,0,4080,2886,161
548.429,0,35146752,repair,16,1.0159e+08,1.01573e+08,4749,0,1,1,9,5,0,3002,1679,68
548.668,1,34924544,repair,474,2.35376e+08,2.35376e+08,6808,31,95,93,166,89,0,3851,2788,169
548.684,0,35163136,repair,13,8.61647e+07,8.61203e+07,4416,0,2,1,5,5,0,2844,1510,62
548.93,1,34941952,repair,375,2.3907e+08,2.39009e+08,6813,24,86,74,122,69,0,3814,2852,147
548.94,0,35177472,repair,2,7.9042e+07,7.904e+07,4267,0,0,0,1,1,0,2784,1417,66
549.193,1,34962432,repair,301,2.11343e+08,2.11324e+08,6527,19,44,60,113,65,0,3735,2634,158
549.2,0,35190784,repair,0,7.35613e+07,7.35456e+07,4153,0,0,0,0,0,0,2759,1330,64
549.443,1,34980864,repair,245,1.79249e+08,1.79245e+08,6137,9,42,29,117,48,0,3655,2347,135
549.453,0,35204096,repair,0,7.35613e+07,7.35456e+07,4153,0,0,0,0,0,0,2759,1330,64
549.693,1,35000320,repair,176,1.86542e+08,1.86475e+08,6282,13,30,44,50,39,0,3761,2395,126
549.716,0,35221504,windows,0,4.92457e+07,4.92125e+07,3393,0,0,0,0,0,0,2244,1095,54
549.955,1,35020800,repair,124,1.65895e+08,1.6585e+08,5968,7,18,19,56,24,0,3623,2230,115
549.967,0,35236864,windows,0,4.00037e+07,4.00037e+07,3073,0,0,0,0,0,0,2051,972,50
550.219,1,35041280,repair,91,1.4694e+08,1.46897e+08,5563,3,20,13,30,25,0,3324,2135,104
550.228,0,35252224,windows,0,3.34514e+07,3.34333e+07,2844,0,0,0,0,0,0,1957,844,43
550.485,1,35058688,repair,58,1.38615e+08,1.38575e+08,5518,7,9,10,18,14,0,3425,1995,98
550.495,0,35266560,windows,0,2.86205e+07,2.8603e+07,2601,0,0,0,0,0,0,1747,816,38
550.744,1,35077120,repair,38,1.17777e+08,1.1774e+08,5091,1,11,5,10,11,0,3149,1842,100
550.753,0,35279872,windows,0,2.39402e+07,2.3939e+07,2371,0,0,0,0,0,0,1571,760,40
550.997,1,35096576,repair,26,1.02779e+08,1.02764e+08,4817,1,3,5,9,8,0,3060,1669,88
551.013,0,35294208,windows,0,1.95947e+07,1.95872e+07,2181,0,0,0,0,0,0,1497,646,38
551.251,1,35116032,repair,12,9.3793e+07,9.37783e+07,4603,0,0,2,5,5,0,2941,1587,75
551.271,0,35308544,windows,0,1.67764e+07,1.67573e+07,2003,0,0,0,0,0,0,1345,620,38
551.505,1,35135488,repair,3,8.29107e+07,8.28673e+07,4362,0,1,0,2,0,0,2831,1461,70
551.525,0,35324928,windows,0,1.42602e+07,1.42602e+07,1868,0,0,0,0,0,0,1303,536,29
551.756,1,35153920,windows,0,6.91203e+07,6.90919e+07,4003,0,0,0,0,0,0,2619,1317,67
551.776,0,35341312,windows,0,1.1921e+07,1.19043e+07,1709,0,0,0,0,0,0,1186,493,30
552.018,1,35171328,windows,0,5.53058e+07,5.5283e+07,3622,0,0,0,0,0,0,2420,1138,64
552.027,0,35356672,windows,0,9.78392e+06,9.77782e+06,1541,0,0,0,0,0,0,1055,458,28
552.269,1,35187712,windows,0,4.56727e+07,4.56521e+07,3295,0,0,0,0,0,0,2209,1029,57
552.28,0,35372032,windows,0,8.22032e+06,8.21133e+06,1419,0,0,0,0,0,0,982,411,26
552.523,1,35204096,windows,0,3.60388e+07,3.60288e+07,2947,0,0,0,0,0,0,2004,891,52
552.542,0,35389440,windows,0,7.00418e+06,7.00418e+06,1321,0,0,0,0,0,0,936,361,24
552.775,1,35220480,windows,0,2.94034e+07,2.93779e+07,2633,0,0,0,0,0,0,1749,838,46
552.803,0,35406848,windows,0,5.98572e+06,5.98521e+06,1226,0,0,0,0,0,0,895,314,17
553.027,1,35236864,windows,0,2.46523e+07,2.46356e+07,2430,0,0,0,0,0,0,1623,755,52
553.058,0,35423232,windows,0,4.73723e+06,4.73144e+06,1091,0,0,0,0,0,0,780,290,21
553.278,1,35253248,windows,0,2.05489e+07,2.05264e+07,2221,0,0,0,0,0,0,1488,686,47
553.314,0,35439616,windows,0,3.91074e+06,3.90728e+06,985,0,0,0,0,0,0,691,275,19
553.543,1,35270656,windows,0,1.65348e+07,1.65269e+07,1989,0,0,0,0,0,0,1326,620,43
553.575,0,35457024,windows,0,3.2492e+06,3.24861e+06,898,0,0,0,0,0,0,624,254,20
553.807,1,35288064,windows,0,1.34457e+07,1.3435e+07,1805,0,0,0,0,0,0,1235,538,32
553.835,0,35474432,windows,0,2.77407e+06,2.76592e+06,834,0,0,0,0,0,0,582,231,21
554.074,1,35305472,windows,0,1.10675e+07,1.10611e+07,1641,0,0,0,0,0,0,1133,481,27
554.109,0,35490816,windows,0,2.12846e+06,2.12793e+06,731,0,0,0,0,0,0,512,201,18
554.325,1,35320832,windows,0,9.60551e+06,9.59603e+06,1536,0,0,0,0,0,0,1074,437,25
554.365,0,35506176,windows,0,1.73184e+06,1.72601e+06,663,0,0,0,0,0,0,473,174,16
554.591,1,35337216,windows,0,7.79159e+06,7.78362e+06,1382,0,0,0,0,0,0,958,399,25
554.623,0,35523584,windows,0,1.43774e+06,1.43561e+06,604,0,0,0,0,0,0,427,161,16
554.849,1,35353600,windows,0,6.49156e+06,6.48715e+06,1266,0,0,0,0,0,0,881,360,25
554.885,0,35542016,windows,0,1.19285e+06,1.19081e+06,556,0,0,0,0,0,0,408,133,15
555.108,1,35369984,windows,0,5.53178e+06,5.52461e+06,1175,0,0,0,0,0,0,828,323,24
555.147,0,35559424,windows,0,878770,877111,472,0,0,0,0,0,0,332,127,13
555.37,1,35387392,windows,0,4.56654e+06,4.56654e+06,1062,0,0,0,0,0,0,737,303,22
555.405,0,35576832,windows,0,713570,713188,428,0,0,0,0,0,0,304,111,13
555.632,1,35403776,windows,0,3.68212e+06,3.67813e+06,958,0,0,0,0,0,0,668,268,22
555.664,0,35594240,windows,0,572060,570681,383,0,0,0,0,0,0,276,97,10
555.883,1,35420160,windows,0,3.00092e+06,3.00027e+06,864,0,0,0,0,0,0,596,246,22
555.922,0,35611648,windows,0,461935,460240,345,0,0,0,0,0,0,251,85,9
556.136,1,35435520,windows,0,2.52178e+06,2.52119e+06,797,0,0,0,0,0,0,560,217,20
556.176,0,35629056,windows,0,310645,310645,279,0,0,0,0,0,0,197,76,6
556.388,1,35451904,windows,0,2.15004e+06,2.15004e+06,738,0,0,0,0,0,0,527,194,17
556.432,0,35647488,windows,0,237185,236050,248,0,0,0,0,0,0,185,57,6
556.64,1,35468288,windows,0,1.74264e+06,1.73985e+06,659,0,0,0,0,0,0,453,188,18
556.701,0,35664896,windows,0,203170,200944,227,0,0,0,0,0,0,158,62,7
556.902,1,35484672,windows,0,1.33213e+06,1.32695e+06,581,0,0,0,0,0,0,406,158,17
556.957,0,35679232,windows,0,174920,174920,212,0,0,0,0,0,0,152,54,6
557.167,1,35502080,windows,0,1.12288e+06,1.1197e+06,534,0,0,0,0,0,0,381,140,13
557.209,0,35692544,windows,0,128700,126974,183,0,0,0,0,0,0,132,45,6
557.417,1,35518464,windows,0,943970,943588,495,0,0,0,0,0,0,366,116,13
557.466,0,35706880,windows,0,96085,95338.8,159,0,0,0,0,0,0,115,38,6
557.675,1,35535872,windows,0,799700,795464,454,0,0,0,0,0,0,330,112,12
557.722,0,35721216,windows,0,80965,80288.8,145,0,0,0,0,0,0,101,38,6
557.944,1,35553280,windows,0,596530,592986,383,0,0,0,0,0,0,262,112,9
557.985,0,35735552,windows,0,71330,70492.5,136,0,0,0,0,0,0,96,35,5
558.205,1,35570688,windows,0,471745,471745,344,0,0,0,0,0,0,247,91,6
558.238,0,35749888,windows,0,60565,59930,125,0,0,0,0,0,0,89,32,4
558.467,1,35588096,windows,0,388685,387561,313,0,0,0,0,0,0,225,82,6
558.506,0,35764224,windows,0,46270,45728.8,111,0,0,0,0,0,0,80,26,5
558.733,1,35605504,windows,0,325760,324092,287,0,0,0,0,0,0,206,75,6
558.757,0,35779584,windows,0,39135,38648.8,101,0,0,0,0,0,0,69,27,5
558.998,1,35619840,windows,0,234055,232518,243,0,0,0,0,0,0,169,67,7
559.009,0,35798016,windows,0,33835,33137.5,92,0,0,0,0,0,0,59,28,5
559.264,1,35634176,windows,0,196360,196360,224,0,0,0,0,0,0,160,58,6
559.266,0,35816448,windows,0,31250,31107.5,90,0,0,0,0,0,0,60,25,5
559.525,1,35648512,windows,0,163510,162781,204,0,0,0,0,0,0,146,53,5
559.53,0,35834880,windows,0,27275,27132.5,82,0,0,0,0,0,0,51,26,5
559.776,1,35662848,windows,0,145970,145281,193,0,0,0,0,0,0,138,50,5
559.78,0,35852288,windows,0,21305,21305,74,0,0,0,0,0,0,49,21,4
560.04,0,35870720,windows,0,18980,18980,69,0,0,0,0,0,0,44,21,4
560.044,1,35678208,windows,0,123535,123535,179,0,0,0,0,0,0,131,43,5
560.302,1,35692544,windows,0,91235,90681.2,154,0,0,0,0,0,0,111,38,5
560.303,0,35889152,windows,0,18545,18545,68,0,0,0,0,0,0,43,21,4
560.56,1,35706880,windows,0,75575,75575,141,0,0,0,0,0,0,103,33,5
560.564,0,35908608,windows,0,14960,14960,62,0,0,0,0,0,0,40,18,4
560.814,1,35721216,windows,0,67570,66875,132,0,0,0,0,0,0,92,35,5
560.831,0,35928064,windows,0,13925,13366.2,57,0,0,0,0,0,0,33,20,4
561.073,1,35736576,windows,0,61730,61281.2,127,0,0,0,0,0,0,90,32,5
561.091,0,35946496,windows,0,12980,12831.2,54,0,0,0,0,0,0,30,20,4
561.342,1,35751936,windows,0,52990,52990,119,0,0,0,0,0,0,88,26,5
561.348,0,35964928,windows,0,11165,11165,51,0,0,0,0,0,0,29,18,4
561.594,1,35766272,windows,0,35155,34801.2,96,0,0,0,0,0,0,71,22,3
561.603,0,35983360,windows,0,10760,10760,51,0,0,0,0,0,0,30,17,4
561.855,0,36001792,windows,0,10100,9941.25,51,0,0,0,0,0,0,32,15,4
561.861,1,35780608,windows,0,31540,31221.2,91,0,0,0,0,0,0,64,23,4
562.113,0,36018176,windows,0,9480,9331.25,49,0,0,0,0,0,0,30,15,4
562.114,1,35794944,windows,0,27950,27216.2,85,0,0,0,0,0,0,60,22,3
562.364,1,35809280,windows,0,26495,25786.2,83,0,0,0,0,0,0,59,21,3
562.367,0,36034560,windows,0,8605,8461.25,47,0,0,0,0,0,0,29,14,4
562.62,1,35823616,windows,0,23670,23255,78,0,0,0,0,0,0,54,21,3
562.629,0,36051968,windows,0,8320,8181.25,46,0,0,0,0,0,0,28,14,4
562.879,0,36071424,windows,0,8320,8181.25,46,0,0,0,0,0,0,28,14,4
562.884,1,35837952,windows,0,17950,17336.2,67,0,0,0,0,0,0,44,20,3
563.135,0,36090880,windows,0,8320,8181.25,46,0,0,0,0,0,0,28,14,4
563.143,1,35852288,windows,0,16735,16521.2,65,0,0,0,0,0,0,43,19,3
563.398,0,36110336,windows,0,7780,7505,44,0,0,0,0,0,0,26,14,4
563.399,1,35866624,windows,0,15570,15570,63,0,0,0,0,0,0,42,18,3
563.662,0,36128768,windows,0,7525,7250,43,0,0,0,0,0,0,25,14,4
563.663,1,35881984,windows,0,14355,14355,60,0,0,0,0,0,0,39,18,3
563.915,1,35896320,windows,0,14355,14355,60,0,0,0,0,0,0,39,18,3
563.926,0,36147200,windows,0,7525,7250,43,0,0,0,0,0,0,25,14,4
564.168,1,35910656,windows,0,12175,11666.2,55,0,0,0,0,0,0,35,17,3
564.179,0,36165632,windows,0,7045,6770,41,0,0,0,0,0,0,23,14,4
564.421,1,35924992,windows,0,12175,11666.2,55,0,0,0,0,0,0,35,17,3
564.43,0,36184064,windows,0,6095,5880,39,0,0,0,0,0,0,27,11,1
564.682,1,35940352,windows,0,10855,10855,51,0,0,0,0,0,0,31,17,3
564.691,0,36203520,windows,0,5155,5031.25,36,0,0,0,0,0,0,25,10,1
564.946,1,35954688,windows,0,10835,10671.2,52,0,0,0,0,0,0,33,16,3
564.95,0,36222976,windows,0,4530,4530,34,0,0,0,0,0,0,24,9,1
565.2,0,36241408,windows,0,3730,3730,31,0,0,0,0,0,0,22,8,1
565.213,1,35970048,windows,0,10510,10510,51,0,0,0,0,0,0,32,16,3
565.459,0,36259840,windows,0,3730,3730,31,0,0,0,0,0,0,22,8,1
565.469,1,35984384,windows,0,10255,10255,49,0,0,0,0,0,0,29,17,3
565.716,0,36279296,windows,0,3515,3515,30,0,0,0,0,0,0,21,8,1
565.733,1,35998720,windows,0,9890,9890,49,0,0,0,0,0,0,30,16,3
565.976,0,36298752,windows,0,3310,3310,29,0,0,0,0,0,0,20,8,1
565.988,1,36015104,windows,0,8415,8120,45,0,0,0,0,0,0,27,15,3
566.23,0,36317184,windows,0,3310,3310,29,0,0,0,0,0,0,20,8,1
566.248,1,36033536,windows,0,7835,7426.25,44,0,0,0,0,0,0,27,14,3
566.481,0,36335616,windows,0,3310,3310,29,0,0,0,0,0,0,20,8,1
566.5,1,36052992,windows,0,7315,6916.25,42,0,0,0,0,0,0,25,14,3
566.742,0,36354048,windows,0,3310,3310,29,0,0,0,0,0,0,20,8,1
566.761,1,36072448,windows,0,6775,6775,41,0,0,0,0,0,0,25,13,3
567.025,1,36092928,windows,0,6530,6530,40,0,0,0,0,0,0,24,13,3
567.029,0,36369408,windows,0,3310,3310,29,0,0,0,0,0,0,20,8,1
567.283,0,36387840,windows,0,3310,3310,29,0,0,0,0,0,0,20,8,1
567.285,1,36111360,windows,0,6530,6530,40,0,0,0,0,0,0,24,13,3
567.541,1,36129792,windows,0,6530,6530,40,0,0,0,0,0,0,24,13,3
567.541,0,36406272,windows,0,3310,3310,29,0,0,0,0,0,0,20,8,1
567.794,1,36148224,windows,0,6295,6295,39,0,0,0,0,0,0,23,13,3
567.801,0,36424704,windows,0,3310,3310,29,0,0,0,0,0,0,20,8,1
568.049,1,36167680,windows,0,5855,5855,37,0,0,0,0,0,0,21,13,3
568.059,0,36436992,windows,0,3310,3310,29,0,0,0,0,0,0,20,8,1
568.302,1,36187136,windows,0,5855,5855,37,0,0,0,0,0,0,21,13,3
568.318,0,36453376,windows,0,3310,3310,29,0,0,0,0,0,0,20,8,1
568.564,1,36205568,windows,0,5455,5455,35,0,0,0,0,0,0,19,13,3
568.573,0,36468736,windows,0,3310,3310,29,0,0,0,0,0,0,20,8,1
568.82,1,36222976,windows,0,5455,5455,35,0,0,0,0,0,0,19,13,3
568.825,0,36484096,windows,0,3310,3310,29,0,0,0,0,0,0,20,8,1
569.081,1,36241408,windows,0,5455,5455,35,0,0,0,0,0,0,19,13,3
569.087,0,36499456,repair,0,3310,3310,29,0,0,0,0,0,0,20,8,1
569.345,0,36514816,repair,0,3310,3310,29,0,0,0,0,0,0,20,8,1
569.345,1,36260864,windows,0,5455,5455,35,0,0,0,0,0,0,19,13,3
569.597,1,36280320,windows,0,5455,5455,35,0,0,0,0,0,0,19,13,3
569.598,0,36530176,windows,0,3310,3310,29,0,0,0,0,0,0,20,8,1
569.854,1,36299776,windows,0,5095,5095,33,0,0,0,0,0,0,17,13,3
569.855,0,36545536,windows,0,3310,3310,29,0,0,0,0,0,0,20,8,1
570.109,1,36319232,windows,0,4930,4930,32,0,0,0,0,0,0,16,13,3
570.11,0,36560896,windows,0,3310,3310,29,0,0,0,0,0,0,20,8,1
570.371,1,36339712,windows,0,4770,4770,33,0,0,0,0,0,0,18,12,3
570.375,0,36576256,windows,0,3310,3310,29,0,0,0,0,0,0,20,8,1
570.621,1,36358144,windows,0,4430,4430,31,0,0,0,0,0,0,16,12,3
570.632,0,36591616,windows,0,3310,3310,29,0,0,0,0,0,0,20,8,1
570.88,1,36377600,windows,0,3620,3425,28,0,0,0,0,0,0,18,10,0
570.89,0,36606976,windows,0,3310,3310,29,0,0,0,0,0,0,20,8,1
571.139,1,36398080,windows,0,3280,3085,26,0,0,0,0,0,0,16,10,0
571.148,0,36622336,windows,0,3310,3310,29,0,0,0,0,0,0,20,8,1
571.398,1,36417536,windows,0,3280,3085,26,0,0,0,0,0,0,16,10,0
571.409,0,36638720,windows,0,3310,3310,29,0,0,0,0,0,0,20,8,1
571.663,1,36435968,windows,0,3125,2930,25,0,0,0,0,0,0,15,10,0
571.669,0,36656128,windows,0,3310,3310,29,0,0,0,0,0,0,20,8,1
571.92,0,36672512,windows,0,3310,3310,29,0,0,0,0,0,0,20,8,1
571.921,1,36454400,windows,0,2745,2745,24,0,0,0,0,0,0,15,9,0
572.171,0,36689920,windows,0,3310,3310,29,0,0,0,0,0,0,20,8,1
572.181,1,36473856,windows,0,2745,2745,24,0,0,0,0,0,0,15,9,0
572.43,0,36708352,windows,0,3310,3310,29,0,0,0,0,0,0,20,8,1
572.433,1,36493312,windows,0,2465,2465,22,0,0,0,0,0,0,13,9,0
572.683,0,36725760,windows,0,3310,3310,29,0,0,0,0,0,0,20,8,1
572.686,1,36511744,windows,0,2465,2465,22,0,0,0,0,0,0,13,9,0
572.935,0,36744192,windows,0,3310,3310,29,0,0,0,0,0,0,20,8,1
572.939,1,36532224,windows,0,2340,2340,21,0,0,0,0,0,0,12,9,0
573.191,1,36551680,windows,0,2340,2340,21,0,0,0,0,0,0,12,9,0
573.195,0,36761600,windows,0,640,640,12,0,0,0,0,0,0,8,4,0
573.441,1,36570112,windows,0,2225,2225,20,0,0,0,0,0,0,11,9,0
573.455,0,36781056,windows,0,640,640,12,0,0,0,0,0,0,8,4,0
573.71,1,36590592,windows,0,2225,2225,20,0,0,0,0,0,0,11,9,0
573.713,0,36801536,windows,0,640,640,12,0,0,0,0,0,0,8,4,0
573.971,1,36611072,windows,0,2225,2225,20,0,0,0,0,0,0,11,9,0
573.975,0,36823040,windows,0,640,640,12,0,0,0,0,0,0,8,4,0
574.227,1,36631552,windows,0,640,640,12,0,0,0,0,0,0,8,4,0
574.235,0,36843520,windows,0,640,640,12,0,0,0,0,0,0,8,4,0
574.478,1,36652032,windows,0,640,640,12,0,0,0,0,0,0,8,4,0
574.496,0,36865024,windows,0,640,640,12,0,0,0,0,0,0,8,4,0
574.738,1,36672512,windows,0,640,640,12,0,0,0,0,0,0,8,4,0
574.755,0,36886528,windows,0,640,640,12,0,0,0,0,0,0,8,4,0
575,1,36692992,windows,0,640,640,12,0,0,0,0,0,0,8,4,0
575.006,0,36905984,windows,0,640,640,12,0,0,0,0,0,0,8,4,0
575.263,1,36712448,windows,0,640,640,12,0,0,0,0,0,0,8,4,0
575.263,0,36927488,windows,0,640,640,12,0,0,0,0,0,0,8,4,0
575.524,0,36946944,windows,0,640,640,12,0,0,0,0,0,0,8,4,0
575.524,1,36730880,windows,0,640,640,12,0,0,0,0,0,0,8,4,0
575.777,0,36965376,windows,0,640,640,12,0,0,0,0,0,0,8,4,0
575.781,1,36748288,windows,0,640,640,12,0,0,0,0,0,0,8,4,0
576.034,0,36984832,windows,0,640,640,12,0,0,0,0,0,0,8,4,0
576.037,1,36765696,windows,0,640,640,12,0,0,0,0,0,0,8,4,0
576.288,0,37005312,windows,0,640,640,12,0,0,0,0,0,0,8,4,0
576.296,1,36784128,windows,0,640,640,12,0,0,0,0,0,0,8,4,0
576.539,0,37024768,windows,0,640,640,12,0,0,0,0,0,0,8,4,0
576.553,1,36802560,windows,0,640,640,12,0,0,0,0,0,0,8,4,0
576.793,0,37043200,windows,0,640,640,12,0,0,0,0,0,0,8,4,0
576.813,1,36819968,windows,0,640,640,12,0,0,0,0,0,0,8,4,0
577.046,0,37062656,repair,0,640,640,12,0,0,0,0,0,0,8,4,0
577.073,1,36839424,windows,0,640,640,12,0,0,0,0,0,0,8,4,0
577.301,0,37081088,windows,0,640,640,12,0,0,0,0,0,0,8,4,0
577.332,1,36859904,windows,0,640,640,12,0,0,0,0,0,0,8,4,0
577.551,0,37097472,windows,0,640,640,12,0,0,0,0,0,0,8,4,0
577.595,1,36879360,windows,0,640,640,12,0,0,0,0,0,0,8,4,0
577.804,0,37111808,windows,0,640,640,12,0,0,0,0,0,0,8,4,0
577.855,1,36898816,windows,0,640,640,12,0,0,0,0,0,0,8,4,0
578.055,0,37126144,windows,0,640,640,12,0,0,0,0,0,0,8,4,0
578.11,1,36918272,windows,0,640,640,12,0,0,0,0,0,0,8,4,0
578.32,0,37141504,windows,0,640,640,12,0,0,0,0,0,0,8,4,0
578.367,1,36937728,windows,0,640,640,12,0,0,0,0,0,0,8,4,0
578.578,0,37157888,windows,0,640,640,12,0,0,0,0,0,0,8,4,0
578.619,1,36953088,windows,0,640,640,12,0,0,0,0,0,0,8,4,0
578.839,0,37174272,windows,0,640,640,12,0,0,0,0,0,0,8,4,0
578.883,1,36972544,windows,0,640,640,12,0,0,0,0,0,0,8,4,0
579.094,0,37190656,windows,0,640,640,12,0,0,0,0,0,0,8,4,0
579.146,1,36990976,windows,0,640,640,12,0,0,0,0,0,0,8,4,0
579.355,0,37208064,repair,0,640,640,12,0,0,0,0,0,0,8,4,0
579.397,1,37007360,windows,0,640,640,12,0,0,0,0,0,0,8,4,0
579.605,0,37226496,repair,0,640,640,12,0,0,0,0,0,0,8,4,0
579.658,1,37025792,windows,0,640,640,12,0,0,0,0,0,0,8,4,0
579.869,0,37244928,windows,0,640,640,12,0,0,0,0,0,0,8,4,0
579.91,1,37044224,windows,0,640,640,12,0,0,0,0,0,0,8,4,0
580.121,0,37261312,windows,0,640,640,12,0,0,0,0,0,0,8,4,0
580.166,1,37062656,windows,0,640,640,12,0,0,0,0,0,0,8,4,0
580.373,0,37276672,windows,0,640,640,12,0,0,0,0,0,0,8,4,0
580.429,1,37079040,windows,0,640,640,12,0,0,0,0,0,0,8,4,0
580.629,0,37293056,windows,0,640,640,12,0,0,0,0,0,0,8,4,0
580.685,1,37098496,windows,0,640,640,12,0,0,0,0,0,0,8,4,0
580.886,0,37310464,windows,0,640,640,12,0,0,0,0,0,0,8,4,0
580.937,1,37117952,windows,0,640,640,12,0,0,0,0,0,0,8,4,0
581.146,0,37328896,windows,0,640,640,12,0,0,0,0,0,0,8,4,0
581.196,1,37139456,windows,0,640,640,12,0,0,0,0,0,0,8,4,0
581.411,0,37347328,windows,0,640,640,12,0,0,0,0,0,0,8,4,0
581.45,1,37158912,windows,0,640,640,12,0,0,0,0,0,0,8,4,0
581.673,0,37365760,windows,0,640,640,12,0,0,0,0,0,0,8,4,0
581.709,1,37178368,windows,0,640,640,12,0,0,0,0,0,0,8,4,0
581.925,0,37382144,windows,0,640,640,12,0,0,0,0,0,0,8,4,0
581.96,1,37195776,windows,0,640,640,12,0,0,0,0,0,0,8,4,0
582.178,0,37399552,windows,0,640,640,12,0,0,0,0,0,0,8,4,0
582.216,1,37214208,windows,0,640,640,12,0,0,0,0,0,0,8,4,0
582.429,0,37416960,windows,0,640,640,12,0,0,0,0,0,0,8,4,0
582.474,1,37233664,windows,0,640,640,12,0,0,0,0,0,0,8,4,0
582.693,0,37435392,windows,0,640,640,12,0,0,0,0,0,0,8,4,0
582.733,1,37251072,windows,0,640,640,12,0,0,0,0,0,0,8,4,0
582.946,0,37452800,windows,0,640,640,12,0,0,0,0,0,0,8,4,0
582.983,1,37268480,windows,0,640,640,12,0,0,0,0,0,0,8,4,0
583.206,0,37471232,windows,0,640,640,12,0,0,0,0,0,0,8,4,0
583.235,1,37286912,windows,0,640,640,12,0,0,0,0,0,0,8,4,0
583.471,0,37489664,windows,0,640,640,12,0,0,0,0,0,0,8,4,0
583.488,1,37305344,windows,0,640,640,12,0,0,0,0,0,0,8,4,0
583.732,0,37508096,windows,0,640,640,12,0,0,0,0,0,0,8,4,0
583.744,1,37323776,windows,0,640,640,12,0,0,0,0,0,0,8,4,0
583.984,0,37525504,windows,0,640,640,12,0,0,0,0,0,0,8,4,0
584.003,1,37342208,windows,0,640,640,12,0,0,0,0,0,0,8,4,0
584.24,0,37545984,windows,0,640,640,12,0,0,0,0,0,0,8,4,0
584.261,1,37361664,windows,0,640,640,12,0,0,0,0,0,0,8,4,0
584.498,0,37565440,windows,0,640,640,12,0,0,0,0,0,0,8,4,0
584.515,1,37381120,windows,0,640,640,12,0,0,0,0,0,0,8,4,0
584.761,0,37584896,repair,0,640,640,12,0,0,0,0,0,0,8,4,0
584.774,1,37400576,windows,0,640,640,12,0,0,0,0,0,0,8,4,0
585.018,0,37604352,repair,0,640,640,12,0,0,0,0,0,0,8,4,0
585.029,1,37419008,windows,0,640,640,12,0,0,0,0,0,0,8,4,0
585.273,0,37625856,repair,0,640,640,12,0,0,0,0,0,0,8,4,0
585.289,1,37438464,repair,0,640,640,12,0,0,0,0,0,0,8,4,0
585.531,0,37647360,repair,0,640,640,12,0,0,0,0,0,0,8,4,0
585.544,1,37457920,windows,0,640,640,12,0,0,0,0,0,0,8,4,0
585.785,0,37667840,repair,0,640,640,12,0,0,0,0,0,0,8,4,0
585.808,1,37477376,windows,0,640,640,12,0,0,0,0,0,0,8,4,0
586.036,0,37687296,windows,0,640,640,12,0,0,0,0,0,0,8,4,0
586.058,1,37496832,windows,0,640,640,12,0,0,0,0,0,0,8,4,0
586.3,0,37706752,windows,0,640,640,12,0,0,0,0,0,0,8,4,0
586.317,1,37515264,windows,0,640,640,12,0,0,0,0,0,0,8,4,0
586.552,0,37724160,windows,0,640,640,12,0,0,0,0,0,0,8,4,0
586.576,1,37532672,windows,0,640,640,12,0,0,0,0,0,0,8,4,0
586.81,0,37741568,windows,0,640,640,12,0,0,0,0,0,0,8,4,0
586.832,1,37550080,windows,0,640,640,12,0,0,0,0,0,0,8,4,0
587.074,0,37758976,windows,0,640,640,12,0,0,0,0,0,0,8,4,0
587.093,1,37567488,windows,0,640,640,12,0,0,0,0,0,0,8,4,0
587.338,0,37776384,windows,0,640,640,12,0,0,0,0,0,0,8,4,0
587.35,1,37584896,windows,0,640,640,12,0,0,0,0,0,0,8,4,0
587.601,0,37793792,windows,0,640,640,12,0,0,0,0,0,0,8,4,0
587.603,1,37602304,windows,0,640,640,12,0,0,0,0,0,0,8,4,0
587.856,1,37618688,windows,0,640,640,12,0,0,0,0,0,0,8,4,0
587.865,0,37811200,windows,0,640,640,12,0,0,0,0,0,0,8,4,0
588.106,1,37635072,windows,0,640,640,12,0,0,0,0,0,0,8,4,0
588.124,0,37828608,windows,0,640,640,12,0,0,0,0,0,0,8,4,0
588.359,1,37652480,windows,0,640,640,12,0,0,0,0,0,0,8,4,0
588.389,0,37846016,windows,0,640,640,12,0,0,0,0,0,0,8,4,0
588.618,1,37668864,windows,0,640,640,12,0,0,0,0,0,0,8,4,0
588.656,0,37862400,windows,0,640,640,12,0,0,0,0,0,0,8,4,0
588.876,1,37685248,repair,0,640,640,12,0,0,0,0,0,0,8,4,0
588.914,0,37878784,windows,0,640,640,12,0,0,0,0,0,0,8,4,0
589.128,1,37701632,repair,0,640,640,12,0,0,0,0,0,0,8,4,0
589.169,0,37894144,windows,0,640,640,12,0,0,0,0,0,0,8,4,0
589.391,1,37720064,windows,0,640,640,12,0,0,0,0,0,0,8,4,0
589.425,0,37910528,windows,0,640,640,12,0,0,0,0,0,0,8,4,0
589.653,1,37738496,windows,0,640,640,12,0,0,0,0,0,0,8,4,0
589.69,0,37927936,windows,0,640,640,12,0,0,0,0,0,0,8,4,0
589.912,1,37755904,windows,0,640,640,12,0,0,0,0,0,0,8,4,0
589.947,0,37945344,windows,0,640,640,12,0,0,0,0,0,0,8,4,0
590.163,1,37773312,windows,0,640,640,12,0,0,0,0,0,0,8,4,0
590.209,0,37963776,windows,0,640,640,12,0,0,0,0,0,0,8,4,0
590.425,1,37787648,windows,0,640,640,12,0,0,0,0,0,0,8,4,0
590.463,0,37978112,windows,0,640,640,12,0,0,0,0,0,0,8,4,0
590.686,1,37800960,windows,0,640,640,12,0,0,0,0,0,0,8,4,0
590.724,0,37993472,windows,0,640,640,12,0,0,0,0,0,0,8,4,0
590.947,1,37816320,windows,0,640,640,12,0,0,0,0,0,0,8,4,0
590.975,0,38008832,windows,0,640,640,12,0,0,0,0,0,0,8,4,0
591.206,1,37830656,windows,0,640,640,12,0,0,0,0,0,0,8,4,0
591.225,0,38024192,windows,0,640,640,12,0,0,0,0,0,0,8,4,0
591.458,1,37844992,windows,0,640,640,12,0,0,0,0,0,0,8,4,0
591.477,0,38039552,windows,0,640,640,12,0,0,0,0,0,0,8,4,0
591.723,1,37860352,windows,0,640,640,12,0,0,0,0,0,0,8,4,0
591.731,0,38056960,windows,0,640,640,12,0,0,0,0,0,0,8,4,0
591.974,1,37873664,windows,0,640,640,12,0,0,0,0,0,0,8,4,0
591.994,0,38073344,repair,756,2.84243e+08,2.84237e+08,7342,42,145,141,284,144,0,4090,3052,200
592.231,1,37888000,windows,0,640,640,12,0,0,0,0,0,0,8,4,0
592.251,0,38094848,repair,578,2.97558e+08,2.97473e+08,7559,40,122,112,201,103,0,4238,3160,161
592.491,1,37902336,windows,0,640,640,12,0,0,0,0,0,0,8,4,0
592.511,0,38116352,repair,469,2.46136e+08,2.46131e+08,6942,21,100,77,180,91,0,3957,2846,139
592.745,1,37916672,windows,0,640,640,12,0,0,0,0,0,0,8,4,0
592.768,0,38136832,repair,359,2.3473e+08,2.34654e+08,6830,25,68,64,133,69,0,3900,2785,145
593.003,1,37931008,windows,0,640,640,12,0,0,0,0,0,0,8,4,0
593.027,0,38158336,repair,292,1.97357e+08,1.97285e+08,6312,14,54,54,115,55,0,3666,2527,119
593.266,1,37945344,windows,0,640,640,12,0,0,0,0,0,0,8,4,0
593.286,0,38177792,repair,222,1.96342e+08,1.96342e+08,6446,5,46,24,93,54,0,3879,2442,125
593.536,1,37959680,windows,0,640,640,12,0,0,0,0,0,0,8,4,0
593.545,0,38199296,repair,170,1.56193e+08,1.56129e+08,5746,10,32,26,67,35,0,3463,2182,101
593.804,1,37974016,windows,0,640,640,12,0,0,0,0,0,0,8,4,0
593.807,0,38219776,repair,123,1.46068e+08,1.46023e+08,5583,5,14,18,59,27,0,3399,2093,91
594.055,1,37988352,windows,0,640,640,12,0,0,0,0,0,0,8,4,0
594.069,0,38241280,repair,76,1.48495e+08,1.48454e+08,5693,3,11,14,33,15,0,3538,2068,87
594.321,1,38003712,windows,0,640,640,12,0,0,0,0,0,0,8,4,0
594.329,0,38262784,repair,44,1.22245e+08,1.22205e+08,5174,2,10,7,17,8,0,3225,1871,78
594.572,1,38018048,windows,0,640,640,12,0,0,0,0,0,0,8,4,0
594.585,0,38284288,repair,25,1.08143e+08,1.08128e+08,4879,1,5,1,14,4,0,3069,1745,65
594.828,1,38032384,windows,0,640,640,12,0,0,0,0,0,0,8,4,0
594.839,0,38304768,repair,9,9.93352e+07,9.9287e+07,4664,2,1,0,2,4,0,2930,1678,56
595.087,1,38043648,repair,928,1.52325e+08,1.52283e+08,5120,65,123,121,386,233,0,2811,2107,202
595.092,0,38325248,repair,0,8.959e+07,8.95754e+07,4506,0,0,0,0,0,0,2924,1529,53
595.347,1,38061056,repair,679,2.59477e+08,2.59393e+08,7088,54,122,120,251,132,0,3997,2899,192
595.348,0,38345728,repair,0,6.72615e+07,6.72359e+07,3958,0,0,0,0,0,0,2621,1281,56
595.607,1,38079488,repair,551,2.52438e+08,2.52356e+08,7030,33,123,100,204,91,0,4004,2869,157
595.609,0,38366208,windows,0,4.98664e+07,4.98652e+07,3386,0,0,0,0,0,0,2228,1118,40
595.859,1,38096896,repair,466,2.35358e+08,2.35303e+08,6842,32,85,67,185,97,0,3946,2753,143
595.869,0,38384640,windows,0,4.00433e+07,4.0033e+07,3060,0,0,0,0,0,0,2051,974,35
596.121,1,38114304,repair,364,2.24085e+08,2.24085e+08,6734,29,73,66,123,73,0,3926,2680,128
596.127,0,38403072,windows,0,3.32046e+07,3.31866e+07,2779,0,0,0,0,0,0,1844,899,36
596.379,0,38420480,windows,0,2.60503e+07,2.60349e+07,2485,0,0,0,0,0,0,1681,771,33
596.379,1,38131712,repair,309,1.92872e+08,1.92872e+08,6259,12,55,49,133,60,0,3666,2478,115
596.631,1,38148096,repair,253,1.80717e+08,1.80652e+08,6059,16,40,34,107,56,0,3542,2408,109
596.641,0,38438912,windows,0,2.12366e+07,2.1222e+07,2242,0,0,0,0,0,0,1524,693,25
596.892,0,38456320,windows,0,1.77625e+07,1.77555e+07,2057,0,0,0,0,0,0,1404,628,25
596.901,1,38165504,repair,196,1.87137e+08,1.8707e+08,6225,13,34,37,78,34,0,3669,2434,122
597.16,1,38182912,repair,150,1.57267e+08,1.57223e+08,5799,6,26,30,62,26,0,3517,2174,108
597.161,0,38474752,windows,0,1.46039e+07,1.45859e+07,1846,0,0,0,0,0,0,1225,595,26
597.418,0,38492160,windows,0,1.16615e+07,1.16615e+07,1664,0,0,0,0,0,0,1145,505,14
597.427,1,38200320,repair,110,1.52887e+08,1.52826e+08,5689,4,23,14,44,25,0,3415,2167,107
597.68,0,38509568,windows,0,9.52202e+06,9.513e+06,1507,0,0,0,0,0,0,1044,451,12
597.689,1,38216704,repair,82,1.40469e+08,1.40411e+08,5500,1,16,16,35,14,0,3355,2046,99
597.933,0,38528000,windows,0,8.02927e+06,8.02174e+06,1408,0,0,0,0,0,0,1018,377,13
597.948,1,38233088,repair,47,1.41685e+08,1.41668e+08,5527,2,16,9,13,7,0,3370,2056,101
598.194,0,38545408,windows,0,6.6414e+06,6.6414e+06,1281,0,0,0,0,0,0,921,346,14
598.204,1,38249472,repair,35,1.18058e+08,1.18002e+08,5045,1,6,12,12,4,0,3079,1876,90
598.446,0,38561792,windows,0,5.35348e+06,5.35348e+06,1153,0,0,0,0,0,0,826,311,16
598.457,1,38264832,repair,15,1.15215e+08,1.15212e+08,4975,2,5,3,1,4,0,3009,1866,100
598.708,0,38578176,windows,0,4.53919e+06,4.53919e+06,1060,0,0,0,0,0,0,766,283,11
598.721,1,38281216,repair,6,1.04858e+08,1.04843e+08,4824,0,3,0,1,2,0,3015,1720,89
598.97,0,38595584,windows,0,3.75156e+06,3.74811e+06,964,0,0,0,0,0,0,689,262,13
598.983,1,38297600,repair,3,8.42777e+07,8.42335e+07,4354,0,1,0,2,0,0,2752,1520,82
599.24,0,38611968,windows,0,3.14654e+06,3.14301e+06,880,0,0,0,0,0,0,613,251,16
599.246,1,38312960,windows,0,6.92337e+07,6.92188e+07,3985,0,0,0,0,0,0,2576,1340,69
599.496,1,38326272,windows,0,5.74869e+07,5.74508e+07,3649,0,0,0,0,0,0,2362,1213,74
599.505,0,38627328,windows,0,2.5442e+06,2.54115e+06,785,0,0,0,0,0,0,541,232,12
599.754,1,38339584,windows,0,4.85116e+07,4.85116e+07,3372,0,0,0,0,0,0,2202,1098,72
599.77,0,38643712,windows,0,2.04242e+06,2.03959e+06,709,0,0,0,0,0,0,496,201,12
600.004,0,38657024,end,0,1.76128e+06,1.76128e+06,667,0,0,0,0,0,0,490,167,10
600.015,1,38354944,end,0,4.06797e+07,4.06583e+07,3093,0,0,0,0,0,0,2051,989,53
