seconds,worker,moves,phase,hard,objective,surrogate,soft,lecturerConflicts,groupConflicts,roomConflicts,groupTravel,lecturerTravel,abstractRoomOverflow,lecturerWindows,groupWindows,mixedOnlineDays
0.0623582,0,0,start,1100,8.1298e+07,8.12741e+07,2232,0,0,0,705,395,0,1525,490,217
0.0627248,1,0,start,1122,8.38935e+07,8.38836e+07,2202,0,0,0,732,390,0,1480,498,224
0.313829,0,19456,repair,786,2.76798e+08,2.76798e+08,7236,69,175,135,274,133,0,4045,3003,188
0.314803,1,19456,repair,794,2.84109e+08,2.84043e+08,7318,70,172,132,271,149,0,4070,3052,196
0.565056,1,36864,repair,666,2.60912e+08,2.60828e+08,7039,47,125,104,255,135,0,3927,2936,176
0.575115,0,37888,repair,634,2.91495e+08,2.91469e+08,7499,38,132,101,248,115,0,4232,3094,173
0.824095,1,55296,repair,543,2.61746e+08,2.61683e+08,7246,32,106,106,189,110,0,4177,2890,179
0.829931,0,55296,repair,537,2.61794e+08,2.61773e+08,7204,40,95,102,207,93,0,4140,2905,159
1.08555,1,72704,repair,440,2.26031e+08,2.25958e+08,6786,21,95,65,177,82,0,3979,2659,148
1.08774,0,72704,repair,438,2.32794e+08,2.32769e+08,6892,27,90,76,154,91,0,4026,2708,158
1.34001,1,90112,repair,363,2.16586e+08,2.16514e+08,6613,20,86,45,143,69,0,3875,2625,113
1.3439,0,90112,repair,362,2.20344e+08,2.20268e+08,6667,23,63,60,132,84,0,3877,2661,129
1.59054,1,106496,repair,303,2.01437e+08,2.01364e+08,6482,19,49,43,123,69,0,3869,2488,125
1.59898,0,106496,repair,309,1.95719e+08,1.957e+08,6373,16,47,41,134,71,0,3788,2459,126
1.8529,0,121856,repair,263,1.81096e+08,1.81074e+08,6066,13,37,46,116,51,0,3527,2415,124
1.8537,1,123904,repair,236,1.99806e+08,1.99736e+08,6398,12,35,26,110,53,0,3738,2528,132
2.10912,1,140288,repair,181,1.82188e+08,1.82136e+08,6133,12,32,30,67,40,0,3594,2412,127
2.11045,0,138240,repair,198,1.85217e+08,1.85146e+08,6160,11,37,38,70,42,0,3598,2441,121
2.37003,0,154624,repair,158,1.65746e+08,1.65725e+08,5901,7,26,25,57,43,0,3514,2269,118
2.37332,1,157696,repair,139,1.65432e+08,1.65369e+08,5803,3,29,21,54,32,0,3384,2317,102
2.62587,1,174080,repair,111,1.44056e+08,1.44056e+08,5539,5,26,18,39,23,0,3350,2090,99
2.63289,0,171008,repair,123,1.65801e+08,1.65779e+08,5955,4,15,22,55,27,0,3583,2244,128
2.88509,0,186368,repair,95,1.5428e+08,1.5428e+08,5753,2,17,17,41,18,0,3487,2155,111
2.89609,1,189440,repair,84,1.383e+08,1.38243e+08,5453,3,10,7,43,21,0,3328,2030,95
3.13694,0,200704,repair,65,1.448e+08,1.44759e+08,5595,2,8,8,32,15,0,3412,2075,108
3.15902,1,206848,repair,48,1.30269e+08,1.3025e+08,5306,0,2,6,25,15,0,3265,1958,83
3.39707,0,216064,repair,53,1.18128e+08,1.18089e+08,5145,1,10,9,18,15,0,3254,1801,90
3.41438,1,224256,repair,34,1.22057e+08,1.22017e+08,5191,1,3,5,15,10,0,3246,1859,86
3.65299,0,231424,repair,37,1.09922e+08,1.09904e+08,4947,0,4,7,19,7,0,3124,1745,78
3.67239,1,241664,repair,18,1.03019e+08,1.0297e+08,4769,0,4,1,11,2,0,2995,1703,71
3.91852,0,247808,repair,17,1.07433e+08,1.07417e+08,4857,0,2,1,8,6,0,3036,1749,72
3.92397,1,260096,repair,2,9.77749e+07,9.77604e+07,4640,0,0,0,1,1,0,2902,1666,72
4.17666,0,263168,repair,8,9.27302e+07,9.26961e+07,4546,0,0,4,3,1,0,2877,1600,69
4.18508,1,280576,repair,2,8.02998e+07,8.0298e+07,4236,0,0,0,0,2,0,2693,1482,61
4.43729,0,279552,repair,1,8.40048e+07,8.40029e+07,4383,0,0,0,0,1,0,2850,1471,62
4.44036,1,300032,repair,1,6.14148e+07,6.13911e+07,3821,0,0,1,0,0,0,2574,1187,60
4.70275,0,295936,repair,1,7.0554e+07,7.05522e+07,4037,0,0,0,1,0,0,2642,1333,62
4.70297,1,317440,windows,0,5.09111e+07,5.08885e+07,3426,0,0,0,0,0,0,2252,1129,45
4.9559,0,311296,repair,1,6.10372e+07,6.10372e+07,3781,0,0,0,1,0,0,2502,1217,62
4.96248,1,333824,windows,0,4.19064e+07,4.19051e+07,3138,0,0,0,0,0,0,2098,996,44
5.20911,0,325632,windows,0,5.20006e+07,5.19649e+07,3500,0,0,0,0,0,0,2325,1115,60
5.2224,1,351232,windows,0,3.46734e+07,3.46734e+07,2868,0,0,0,0,0,0,1946,886,36
5.47755,0,339968,windows,0,4.23053e+07,4.22826e+07,3134,0,0,0,0,0,0,2029,1039,66
5.48364,1,366592,windows,0,2.84171e+07,2.84012e+07,2600,0,0,0,0,0,0,1771,797,32
5.73986,0,357376,windows,0,3.44697e+07,3.44401e+07,2824,0,0,0,0,0,0,1830,939,55
5.74151,1,384000,windows,0,2.26793e+07,2.26574e+07,2347,0,0,0,0,0,0,1625,687,35
5.99873,0,375808,windows,0,2.81932e+07,2.81673e+07,2608,0,0,0,0,0,0,1780,784,44
6.00687,1,399360,windows,0,1.93154e+07,1.93144e+07,2185,0,0,0,0,0,0,1550,603,32
6.25597,0,392192,windows,0,2.33594e+07,2.33435e+07,2354,0,0,0,0,0,0,1578,737,39
6.27326,1,413696,windows,0,1.66595e+07,1.66586e+07,2020,0,0,0,0,0,0,1414,576,30
6.51985,0,407552,windows,0,1.91208e+07,1.91126e+07,2142,0,0,0,0,0,0,1468,645,29
6.53296,1,427008,windows,0,1.44514e+07,1.44394e+07,1870,0,0,0,0,0,0,1282,557,31
6.77377,0,423936,windows,0,1.57951e+07,1.57874e+07,1967,0,0,0,0,0,0,1380,559,28
6.78803,1,440320,windows,0,1.22e+07,1.21992e+07,1734,0,0,0,0,0,0,1221,486,27
7.02626,0,440320,windows,0,1.33882e+07,1.33704e+07,1772,0,0,0,0,0,0,1186,563,23
7.05392,1,455680,windows,0,1.01772e+07,1.01718e+07,1563,0,0,0,0,0,0,1072,470,21
7.28475,0,456704,windows,0,1.13333e+07,1.1317e+07,1643,0,0,0,0,0,0,1117,504,22
7.31411,1,472064,windows,0,8.5706e+06,8.55716e+06,1441,0,0,0,0,0,0,998,423,20
7.54461,0,473088,windows,0,8.99926e+06,8.99926e+06,1463,0,0,0,0,0,0,980,457,26
7.57599,1,487424,windows,0,7.41334e+06,7.41257e+06,1354,0,0,0,0,0,0,946,382,26
7.79999,0,489472,windows,0,7.643e+06,7.64235e+06,1371,0,0,0,0,0,0,961,388,22
7.83851,1,502784,windows,0,6.03408e+06,6.02634e+06,1212,0,0,0,0,0,0,835,356,21
8.05369,0,506880,windows,0,6.50717e+06,6.5028e+06,1257,0,0,0,0,0,0,874,366,17
8.09845,1,518144,windows,0,4.96436e+06,4.96041e+06,1109,0,0,0,0,0,0,790,303,16
8.31627,0,525312,windows,0,5.37485e+06,5.37485e+06,1151,0,0,0,0,0,0,818,318,15
8.35811,1,534528,windows,0,4.2426e+06,4.2385e+06,1029,0,0,0,0,0,0,750,267,12
8.57553,0,541696,windows,0,4.24516e+06,4.23576e+06,1019,0,0,0,0,0,0,710,293,16
8.61067,1,549888,windows,0,3.61588e+06,3.6074e+06,950,0,0,0,0,0,0,681,254,15
8.83065,0,559104,windows,0,3.46019e+06,3.45449e+06,925,0,0,0,0,0,0,648,260,17
8.86649,1,566272,windows,0,2.92132e+06,2.91616e+06,844,0,0,0,0,0,0,591,242,11
9.08554,0,576512,windows,0,2.83762e+06,2.8326e+06,841,0,0,0,0,0,0,597,229,15
9.12317,1,581632,windows,0,2.38532e+06,2.38075e+06,769,0,0,0,0,0,0,546,211,12
9.33769,0,592896,windows,0,2.36642e+06,2.36595e+06,770,0,0,0,0,0,0,545,209,16
9.3777,1,594944,windows,0,2.02636e+06,2.02228e+06,712,0,0,0,0,0,0,513,188,11
9.5919,0,608256,windows,0,1.83325e+06,1.83083e+06,680,0,0,0,0,0,0,484,181,15
9.63376,1,609280,windows,0,1.6827e+06,1.67896e+06,648,0,0,0,0,0,0,465,173,10
9.84763,0,625664,windows,0,1.45532e+06,1.45532e+06,607,0,0,0,0,0,0,433,160,14
9.88583,1,623616,windows,0,1.49722e+06,1.49388e+06,616,0,0,0,0,0,0,453,153,10
10.1057,0,643072,windows,0,1.2369e+06,1.23166e+06,564,0,0,0,0,0,0,411,139,14
10.1371,1,636928,windows,0,1.18747e+06,1.18747e+06,547,0,0,0,0,0,0,404,136,7
10.3604,0,661504,windows,0,1.01534e+06,1.01534e+06,506,0,0,0,0,0,0,353,139,14
10.3988,1,651264,windows,0,967735,967735,491,0,0,0,0,0,0,353,131,7
10.6119,0,678912,windows,0,772210,772210,442,0,0,0,0,0,0,308,121,13
10.6545,1,664576,windows,0,819695,817400,453,0,0,0,0,0,0,333,115,5
10.8694,0,694272,windows,0,638155,635920,400,0,0,0,0,0,0,277,112,11
10.9091,1,677888,windows,0,699650,696036,420,0,0,0,0,0,0,312,103,5
11.1201,0,711680,windows,0,503620,500124,360,0,0,0,0,0,0,254,94,12
11.1704,1,692224,windows,0,610435,610435,392,0,0,0,0,0,0,289,98,5
11.372,0,729088,windows,0,422725,419574,333,0,0,0,0,0,0,241,80,12
11.442,1,706560,windows,0,489100,487689,349,0,0,0,0,0,0,248,95,6
11.6259,0,746496,windows,0,293195,292812,278,0,0,0,0,0,0,195,70,13
11.7078,1,720896,windows,0,381830,381628,314,0,0,0,0,0,0,234,73,7
11.8854,0,764928,windows,0,227195,225738,248,0,0,0,0,0,0,181,54,13
11.966,1,735232,windows,0,329105,327850,292,0,0,0,0,0,0,223,63,6
12.1398,0,783360,windows,0,195935,195612,229,0,0,0,0,0,0,165,53,11
12.2238,1,749568,windows,0,289810,288575,273,0,0,0,0,0,0,206,62,5
12.4044,0,802816,windows,0,162025,160014,208,0,0,0,0,0,0,149,49,10
12.4774,1,762880,windows,0,257905,256518,258,0,0,0,0,0,0,191,61,6
12.6628,0,820224,windows,0,121900,121045,181,0,0,0,0,0,0,128,43,10
12.744,1,777216,windows,0,201575,199566,225,0,0,0,0,0,0,159,61,5
12.9244,0,838656,windows,0,105730,105468,169,0,0,0,0,0,0,122,38,9
12.9954,1,790528,windows,0,160610,159891,202,0,0,0,0,0,0,144,53,5
13.1816,0,857088,windows,0,96210,95348.8,162,0,0,0,0,0,0,120,33,9
13.2638,1,804864,windows,0,135550,135550,187,0,0,0,0,0,0,136,46,5
13.44,0,875520,windows,0,86165,85872.5,153,0,0,0,0,0,0,107,36,10
13.523,1,818176,windows,0,122560,122388,179,0,0,0,0,0,0,130,43,6
13.703,0,893952,windows,0,59860,59627.5,127,0,0,0,0,0,0,88,31,8
13.7805,1,832512,windows,0,109625,109452,170,0,0,0,0,0,0,125,39,6
13.9596,0,912384,windows,0,54160,53488.8,122,0,0,0,0,0,0,88,26,8
14.0337,1,845824,windows,0,91480,90728.8,156,0,0,0,0,0,0,116,34,6
14.222,0,930816,windows,0,42095,41892.5,107,0,0,0,0,0,0,75,25,7
14.2916,1,859136,windows,0,73270,72781.2,138,0,0,0,0,0,0,98,35,5
14.4791,0,949248,windows,0,40340,39253.8,105,0,0,0,0,0,0,72,25,8
14.5428,1,872448,windows,0,69250,68615,135,0,0,0,0,0,0,98,32,5
14.7407,0,966656,windows,0,31270,30612.5,92,0,0,0,0,0,0,62,23,7
14.8024,1,885760,windows,0,61480,60905,127,0,0,0,0,0,0,94,29,4
15.0009,0,984064,windows,0,27695,27492.5,87,0,0,0,0,0,0,59,21,7
15.0597,1,899072,windows,0,56320,55861.2,122,0,0,0,0,0,0,92,26,4
15.2628,0,1002496,windows,0,23980,23153.8,81,0,0,0,0,0,0,56,19,6
15.3296,1,913408,windows,0,51250,51250,117,0,0,0,0,0,0,86,26,5
15.514,0,1019904,windows,0,21605,21077.5,77,0,0,0,0,0,0,53,18,6
15.5894,1,926720,windows,0,40705,40705,104,0,0,0,0,0,0,77,23,4
15.7758,0,1038336,windows,0,16770,16093.8,68,0,0,0,0,0,0,48,15,5
15.8435,1,940032,windows,0,35825,35825,98,0,0,0,0,0,0,75,19,4
16.0263,0,1054720,windows,0,15830,15392.5,66,0,0,0,0,0,0,46,15,5
16.1025,1,953344,windows,0,32905,32530,94,0,0,0,0,0,0,71,19,4
16.2785,0,1072128,windows,0,13490,13138.8,61,0,0,0,0,0,0,42,14,5
16.3575,1,966656,windows,0,31350,30935,92,0,0,0,0,0,0,66,21,5
16.5365,0,1090560,windows,0,13075,12728.8,60,0,0,0,0,0,0,41,14,5
16.6236,1,980992,windows,0,28595,28595,88,0,0,0,0,0,0,63,20,5
16.8016,0,1108992,windows,0,11995,11678.8,56,0,0,0,0,0,0,35,16,5
16.8827,1,994304,windows,0,23945,23945,80,0,0,0,0,0,0,57,19,4
17.0631,0,1127424,windows,0,11650,11338.8,55,0,0,0,0,0,0,34,16,5
17.1483,1,1008640,windows,0,22505,22221.2,78,0,0,0,0,0,0,57,17,4
17.32,0,1144832,windows,0,10450,10032.5,53,0,0,0,0,0,0,34,14,5
17.4082,1,1022976,windows,0,19970,19970,73,0,0,0,0,0,0,54,16,3
17.5778,0,1162240,windows,0,9790,9372.5,51,0,0,0,0,0,0,32,14,5
17.6665,1,1037312,windows,0,19435,19435,72,0,0,0,0,0,0,53,16,3
17.835,0,1179648,windows,0,9475,9057.5,50,0,0,0,0,0,0,31,14,5
17.9196,1,1051648,windows,0,18910,18910,71,0,0,0,0,0,0,52,16,3
18.0919,0,1196032,windows,0,8630,8487.5,48,0,0,0,0,0,0,30,13,5
18.184,1,1065984,windows,0,15515,15515,64,0,0,0,0,0,0,45,16,3
18.346,0,1213440,windows,0,8630,8487.5,48,0,0,0,0,0,0,30,13,5
18.436,1,1079296,windows,0,14050,13516.2,60,0,0,0,0,0,0,40,17,3
18.6008,0,1230848,windows,0,8050,7768.75,46,0,0,0,0,0,0,28,13,5
18.7023,1,1091584,windows,0,13655,13320,59,0,0,0,0,0,0,39,17,3
18.8602,0,1248256,windows,0,8050,7768.75,46,0,0,0,0,0,0,28,13,5
18.9651,1,1105920,windows,0,12895,12560,57,0,0,0,0,0,0,37,17,3
19.1129,0,1264640,windows,0,7275,7132.5,44,0,0,0,0,0,0,27,12,5
19.2304,1,1120256,windows,0,11870,11376.2,55,0,0,0,0,0,0,36,16,3
19.3666,0,1282048,windows,0,7010,6867.5,43,0,0,0,0,0,0,26,12,5
19.4889,1,1138688,windows,0,11515,11515,54,0,0,0,0,0,0,35,16,3
19.6224,0,1299456,windows,0,7010,6867.5,43,0,0,0,0,0,0,26,12,5
19.7391,1,1156096,windows,0,10130,9875,52,0,0,0,0,0,0,36,13,3
19.8813,0,1317888,windows,0,7010,6867.5,43,0,0,0,0,0,0,26,12,5
19.9978,1,1174528,windows,0,8595,8595,48,0,0,0,0,0,0,33,12,3
20.1343,0,1335296,windows,0,7010,6867.5,43,0,0,0,0,0,0,26,12,5
20.262,1,1192960,windows,0,8470,8301.25,48,0,0,0,0,0,0,34,11,3
20.3881,0,1352704,windows,0,6755,6488.75,42,0,0,0,0,0,0,25,12,5
20.5164,1,1210368,windows,0,7390,7390,45,0,0,0,0,0,0,32,10,3
20.6441,0,1370112,windows,0,6510,6248.75,41,0,0,0,0,0,0,24,12,5
20.7809,1,1227776,windows,0,7190,6975,44,0,0,0,0,0,0,30,11,3
20.8952,0,1387520,windows,0,6510,6248.75,41,0,0,0,0,0,0,24,12,5
21.0368,1,1246208,windows,0,6335,6120,41,0,0,0,0,0,0,27,11,3
21.15,0,1405952,windows,0,6510,6248.75,41,0,0,0,0,0,0,24,12,5
21.301,1,1264640,windows,0,5915,5915,40,0,0,0,0,0,0,27,10,3
21.4035,0,1422336,windows,0,6510,6248.75,41,0,0,0,0,0,0,24,12,5
21.5593,1,1282048,windows,0,5915,5915,40,0,0,0,0,0,0,27,10,3
21.6674,0,1439744,windows,0,5395,5395,38,0,0,0,0,0,0,25,10,3
21.826,1,1298432,windows,0,5650,5650,39,0,0,0,0,0,0,26,10,3
21.9236,0,1456128,windows,0,5395,5395,38,0,0,0,0,0,0,25,10,3
22.0883,1,1313792,windows,0,5650,5650,39,0,0,0,0,0,0,26,10,3
22.1824,0,1472512,windows,0,5395,5395,38,0,0,0,0,0,0,25,10,3
22.348,1,1329152,windows,0,5650,5650,39,0,0,0,0,0,0,26,10,3
22.4341,0,1488896,windows,0,5395,5395,38,0,0,0,0,0,0,25,10,3
22.6012,1,1343488,windows,0,5650,5650,39,0,0,0,0,0,0,26,10,3
22.7015,0,1504256,windows,0,4915,4915,36,0,0,0,0,0,0,23,10,3
22.8536,1,1357824,windows,0,4915,4915,36,0,0,0,0,0,0,23,10,3
22.9578,0,1518592,windows,0,4915,4915,36,0,0,0,0,0,0,23,10,3
23.1103,1,1373184,windows,0,4915,4915,36,0,0,0,0,0,0,23,10,3
23.213,0,1533952,windows,0,4915,4915,36,0,0,0,0,0,0,23,10,3
23.3693,1,1388544,windows,0,3670,3670,32,0,0,0,0,0,0,22,7,3
23.4706,0,1549312,windows,0,4915,4915,36,0,0,0,0,0,0,23,10,3
23.6291,1,1402880,windows,0,3670,3670,32,0,0,0,0,0,0,22,7,3
23.7298,0,1564672,windows,0,4915,4915,36,0,0,0,0,0,0,23,10,3
23.8935,1,1418240,windows,0,3455,3455,31,0,0,0,0,0,0,21,7,3
23.9801,0,1579008,windows,0,3250,3250,30,0,0,0,0,0,0,20,7,3
24.1532,1,1433600,windows,0,3455,3455,31,0,0,0,0,0,0,21,7,3
24.2363,0,1594368,windows,0,3250,3250,30,0,0,0,0,0,0,20,7,3
24.4138,1,1448960,windows,0,3455,3455,31,0,0,0,0,0,0,21,7,3
24.4895,0,1608704,windows,0,3250,3250,30,0,0,0,0,0,0,20,7,3
24.6818,1,1464320,windows,0,3455,3455,31,0,0,0,0,0,0,21,7,3
24.7568,0,1625088,windows,0,3250,3250,30,0,0,0,0,0,0,20,7,3
24.9477,1,1479680,windows,0,3455,3455,31,0,0,0,0,0,0,21,7,3
25.0157,0,1639424,windows,0,3250,3250,30,0,0,0,0,0,0,20,7,3
25.2043,1,1495040,windows,0,3250,3151.25,30,0,0,0,0,0,0,20,7,3
25.2684,0,1654784,windows,0,3250,3250,30,0,0,0,0,0,0,20,7,3
25.4597,1,1510400,windows,0,3250,3151.25,30,0,0,0,0,0,0,20,7,3
25.5288,0,1671168,windows,0,3250,3250,30,0,0,0,0,0,0,20,7,3
25.7255,1,1526784,windows,0,3250,3151.25,30,0,0,0,0,0,0,20,7,3
25.7931,0,1686528,windows,0,3250,3250,30,0,0,0,0,0,0,20,7,3
25.9776,1,1541120,windows,0,3055,2826.25,29,0,0,0,0,0,0,19,7,3
26.056,0,1702912,windows,0,3250,3250,30,0,0,0,0,0,0,20,7,3
26.2395,1,1557504,windows,0,3055,2826.25,29,0,0,0,0,0,0,19,7,3
26.3093,0,1718272,windows,0,3250,3250,30,0,0,0,0,0,0,20,7,3
26.5002,1,1571840,windows,0,3055,2826.25,29,0,0,0,0,0,0,19,7,3
26.5659,0,1733632,windows,0,3055,2826.25,29,0,0,0,0,0,0,19,7,3
26.7551,1,1587200,windows,0,3055,2826.25,29,0,0,0,0,0,0,19,7,3
26.8242,0,1748992,windows,0,3055,2826.25,29,0,0,0,0,0,0,19,7,3
27.0154,1,1602560,windows,0,3055,2826.25,29,0,0,0,0,0,0,19,7,3
27.0868,0,1764352,windows,0,3055,2826.25,29,0,0,0,0,0,0,19,7,3
27.2777,1,1617920,windows,0,3055,2826.25,29,0,0,0,0,0,0,19,7,3
27.3461,0,1777664,windows,0,3055,2826.25,29,0,0,0,0,0,0,19,7,3
27.5358,1,1633280,windows,0,3055,2826.25,29,0,0,0,0,0,0,19,7,3
27.6109,0,1793024,windows,0,3055,2826.25,29,0,0,0,0,0,0,19,7,3
27.799,1,1648640,windows,0,3055,2826.25,29,0,0,0,0,0,0,19,7,3
27.878,0,1808384,windows,0,3055,2826.25,29,0,0,0,0,0,0,19,7,3
28.0604,1,1665024,repair,0,3055,2826.25,29,0,0,0,0,0,0,19,7,3
28.1324,0,1822720,windows,0,3055,2826.25,29,0,0,0,0,0,0,19,7,3
28.3183,1,1682432,windows,0,3055,2826.25,29,0,0,0,0,0,0,19,7,3
28.387,0,1837056,windows,0,3055,2826.25,29,0,0,0,0,0,0,19,7,3
28.5807,1,1699840,windows,0,3055,2826.25,29,0,0,0,0,0,0,19,7,3
28.6382,0,1852416,windows,0,3055,2826.25,29,0,0,0,0,0,0,19,7,3
28.833,1,1717248,windows,0,3055,2826.25,29,0,0,0,0,0,0,19,7,3
28.8923,0,1867776,windows,0,3055,2826.25,29,0,0,0,0,0,0,19,7,3
29.0913,1,1734656,windows,0,3055,2826.25,29,0,0,0,0,0,0,19,7,3
29.1532,0,1883136,windows,0,3055,2826.25,29,0,0,0,0,0,0,19,7,3
29.3558,1,1752064,windows,0,3055,2826.25,29,0,0,0,0,0,0,19,7,3
29.4065,0,1898496,windows,0,3055,2826.25,29,0,0,0,0,0,0,19,7,3
29.6202,1,1766400,windows,0,3055,2826.25,29,0,0,0,0,0,0,19,7,3
29.6625,0,1913856,windows,0,3055,2826.25,29,0,0,0,0,0,0,19,7,3
29.876,1,1779712,windows,0,3055,2826.25,29,0,0,0,0,0,0,19,7,3
29.9289,0,1928192,windows,0,3055,2826.25,29,0,0,0,0,0,0,19,7,3
30.1396,1,1793024,windows,0,3055,2826.25,29,0,0,0,0,0,0,19,7,3
30.1944,0,1942528,windows,0,3055,2826.25,29,0,0,0,0,0,0,19,7,3
30.4069,1,1808384,windows,0,3055,2826.25,29,0,0,0,0,0,0,19,7,3
30.4552,0,1957888,windows,0,3055,2826.25,29,0,0,0,0,0,0,19,7,3
30.6745,1,1822720,windows,0,3055,2826.25,29,0,0,0,0,0,0,19,7,3
30.7237,0,1973248,windows,0,3055,2826.25,29,0,0,0,0,0,0,19,7,3
30.9393,1,1837056,windows,0,3055,2826.25,29,0,0,0,0,0,0,19,7,3
30.981,0,1988608,windows,0,3055,2826.25,29,0,0,0,0,0,0,19,7,3
31.1946,1,1851392,windows,0,3055,2826.25,29,0,0,0,0,0,0,19,7,3
31.2326,0,2004992,windows,0,3055,2826.25,29,0,0,0,0,0,0,19,7,3
31.4506,1,1865728,windows,0,3055,2826.25,29,0,0,0,0,0,0,19,7,3
31.4965,0,2021376,windows,0,3055,2826.25,29,0,0,0,0,0,0,19,7,3
31.7124,1,1881088,windows,0,3055,2826.25,29,0,0,0,0,0,0,19,7,3
31.7548,0,2037760,windows,0,3055,2826.25,29,0,0,0,0,0,0,19,7,3
31.9843,1,1894400,windows,0,3055,2826.25,29,0,0,0,0,0,0,19,7,3
32.0205,0,2052096,repair,0,3055,2826.25,29,0,0,0,0,0,0,19,7,3
32.2467,1,1909760,windows,0,3055,2826.25,29,0,0,0,0,0,0,19,7,3
32.284,0,2068480,windows,0,3055,2826.25,29,0,0,0,0,0,0,19,7,3
32.5063,1,1924096,windows,0,3055,2826.25,29,0,0,0,0,0,0,19,7,3
32.5463,0,2082816,windows,0,3055,2826.25,29,0,0,0,0,0,0,19,7,3
32.7781,1,1935360,windows,0,3055,2826.25,29,0,0,0,0,0,0,19,7,3
32.8114,0,2098176,windows,0,3055,2826.25,29,0,0,0,0,0,0,19,7,3
33.0296,1,1950720,windows,0,3055,2826.25,29,0,0,0,0,0,0,19,7,3
33.0711,0,2111488,windows,0,3055,2826.25,29,0,0,0,0,0,0,19,7,3
33.2838,1,1970176,windows,0,2870,2735,28,0,0,0,0,0,0,18,7,3
33.3314,0,2125824,windows,0,3055,2826.25,29,0,0,0,0,0,0,19,7,3
33.5369,1,1987584,windows,0,2695,2560,27,0,0,0,0,0,0,17,7,3
33.5955,0,2140160,windows,0,3055,2826.25,29,0,0,0,0,0,0,19,7,3
33.7871,1,2006016,windows,0,2695,2560,27,0,0,0,0,0,0,17,7,3
33.85,0,2154496,windows,0,3055,2826.25,29,0,0,0,0,0,0,19,7,3
34.0476,1,2024448,windows,0,2530,2395,26,0,0,0,0,0,0,16,7,3
34.1177,0,2169856,windows,0,3055,2826.25,29,0,0,0,0,0,0,19,7,3
34.3045,1,2042880,windows,0,2530,2395,26,0,0,0,0,0,0,16,7,3
34.3805,0,2185216,windows,0,3055,2826.25,29,0,0,0,0,0,0,19,7,3
34.5554,1,2061312,windows,0,2530,2395,26,0,0,0,0,0,0,16,7,3
34.6403,0,2199552,windows,0,3055,2826.25,29,0,0,0,0,0,0,19,7,3
34.8085,1,2079744,windows,0,2530,2395,26,0,0,0,0,0,0,16,7,3
34.8925,0,2213888,windows,0,3055,2826.25,29,0,0,0,0,0,0,19,7,3
35.0657,1,2097152,windows,0,2530,2395,26,0,0,0,0,0,0,16,7,3
35.1489,0,2228224,windows,0,3055,2826.25,29,0,0,0,0,0,0,19,7,3
35.3215,1,2115584,windows,0,2530,2395,26,0,0,0,0,0,0,16,7,3
35.4092,0,2243584,windows,0,3055,2826.25,29,0,0,0,0,0,0,19,7,3
35.5733,1,2134016,windows,0,2530,2395,26,0,0,0,0,0,0,16,7,3
35.6638,0,2258944,windows,0,3055,2826.25,29,0,0,0,0,0,0,19,7,3
35.8244,1,2153472,windows,0,2530,2395,26,0,0,0,0,0,0,16,7,3
35.9246,0,2274304,windows,0,3055,2826.25,29,0,0,0,0,0,0,19,7,3
36.0747,1,2170880,windows,0,2530,2395,26,0,0,0,0,0,0,16,7,3
36.1788,0,2288640,windows,0,3055,2826.25,29,0,0,0,0,0,0,19,7,3
36.3293,1,2188288,windows,0,2530,2395,26,0,0,0,0,0,0,16,7,3
36.4373,0,2302976,windows,0,2530,2395,26,0,0,0,0,0,0,16,7,3
36.5916,1,2207744,windows,0,2530,2395,26,0,0,0,0,0,0,16,7,3
36.6959,0,2318336,windows,0,2530,2395,26,0,0,0,0,0,0,16,7,3
36.8496,1,2228224,windows,0,2530,2395,26,0,0,0,0,0,0,16,7,3
36.9556,0,2333696,windows,0,2530,2395,26,0,0,0,0,0,0,16,7,3
37.1034,1,2247680,windows,0,2530,2395,26,0,0,0,0,0,0,16,7,3
37.2137,0,2349056,windows,0,2530,2395,26,0,0,0,0,0,0,16,7,3
37.3619,1,2265088,windows,0,2530,2395,26,0,0,0,0,0,0,16,7,3
37.4713,0,2366464,windows,0,2530,2395,26,0,0,0,0,0,0,16,7,3
37.6152,1,2283520,windows,0,2530,2395,26,0,0,0,0,0,0,16,7,3
37.7328,0,2385920,windows,0,2530,2395,26,0,0,0,0,0,0,16,7,3
37.8687,1,2304000,windows,0,2530,2395,26,0,0,0,0,0,0,16,7,3
37.989,0,2400256,windows,0,2530,2395,26,0,0,0,0,0,0,16,7,3
38.1259,1,2324480,windows,0,2530,2395,26,0,0,0,0,0,0,16,7,3
38.246,0,2418688,windows,0,2530,2395,26,0,0,0,0,0,0,16,7,3
38.3886,1,2341888,windows,0,2000,2000,22,0,0,0,0,0,0,16,6,0
38.5057,0,2437120,windows,0,1445,1445,19,0,0,0,0,0,0,15,4,0
38.6501,1,2360320,windows,0,1625,1625,20,0,0,0,0,0,0,15,5,0
38.7573,0,2454528,windows,0,1445,1445,19,0,0,0,0,0,0,15,4,0
38.9081,1,2377728,windows,0,1300,1300,18,0,0,0,0,0,0,14,4,0
39.0129,0,2471936,windows,0,1300,1231.25,18,0,0,0,0,0,0,14,4,0
39.1614,1,2395136,windows,0,1300,1300,18,0,0,0,0,0,0,14,4,0
39.2747,0,2490368,windows,0,1040,1040,16,0,0,0,0,0,0,12,4,0
39.4228,1,2414592,windows,0,1160,1091.25,17,0,0,0,0,0,0,14,3,0
39.529,0,2507776,windows,0,1040,1040,16,0,0,0,0,0,0,12,4,0
39.6806,1,2434048,windows,0,1160,1091.25,17,0,0,0,0,0,0,14,3,0
39.7902,0,2527232,windows,0,1040,1040,16,0,0,0,0,0,0,12,4,0
39.9409,1,2453504,windows,0,1160,1091.25,17,0,0,0,0,0,0,14,3,0
40.051,0,2545664,windows,0,1040,1040,16,0,0,0,0,0,0,12,4,0
40.2018,1,2472960,windows,0,1025,970,16,0,0,0,0,0,0,13,3,0
40.3113,0,2564096,windows,0,1040,1040,16,0,0,0,0,0,0,12,4,0
40.4541,1,2492416,windows,0,1025,970,16,0,0,0,0,0,0,13,3,0
40.5702,0,2582528,windows,0,930,848.75,16,0,0,0,0,0,0,12,3,1
40.7167,1,2511872,windows,0,1025,970,16,0,0,0,0,0,0,13,3,0
40.8301,0,2599936,windows,0,930,848.75,16,0,0,0,0,0,0,12,3,1
40.9741,1,2530304,windows,0,1025,970,16,0,0,0,0,0,0,13,3,0
41.0823,0,2616320,windows,0,930,848.75,16,0,0,0,0,0,0,12,3,1
41.2295,1,2547712,windows,0,930,848.75,16,0,0,0,0,0,0,12,3,1
41.3419,0,2633728,windows,0,930,848.75,16,0,0,0,0,0,0,12,3,1
41.4804,1,2564096,windows,0,815,738.75,15,0,0,0,0,0,0,11,3,1
41.5997,0,2651136,windows,0,930,848.75,16,0,0,0,0,0,0,12,3,1
41.7331,1,2581504,windows,0,815,738.75,15,0,0,0,0,0,0,11,3,1
41.8584,0,2667520,windows,0,930,848.75,16,0,0,0,0,0,0,12,3,1
41.9891,1,2598912,windows,0,815,738.75,15,0,0,0,0,0,0,11,3,1
42.1193,0,2685952,windows,0,930,848.75,16,0,0,0,0,0,0,12,3,1
42.2449,1,2617344,windows,0,815,738.75,15,0,0,0,0,0,0,11,3,1
42.3828,0,2705408,windows,0,930,848.75,16,0,0,0,0,0,0,12,3,1
42.4979,1,2634752,windows,0,815,738.75,15,0,0,0,0,0,0,11,3,1
42.6396,0,2724864,windows,0,925,925,15,0,0,0,0,0,0,11,4,0
42.7525,1,2653184,windows,0,680,625,13,0,0,0,0,0,0,10,3,0
42.8971,0,2744320,windows,0,725,650,13,0,0,0,0,0,0,9,4,0
43.0177,1,2671616,windows,0,680,625,13,0,0,0,0,0,0,10,3,0
43.1517,0,2762752,windows,0,725,650,13,0,0,0,0,0,0,9,4,0
43.2809,1,2691072,windows,0,680,625,13,0,0,0,0,0,0,10,3,0
43.4084,0,2782208,windows,0,640,640,12,0,0,0,0,0,0,8,4,0
43.5365,1,2708480,repair,0,680,625,13,0,0,0,0,0,0,10,3,0
43.6617,0,2801664,windows,0,640,640,12,0,0,0,0,0,0,8,4,0
43.7952,1,2729984,windows,0,680,625,13,0,0,0,0,0,0,10,3,0
43.924,0,2821120,windows,0,640,640,12,0,0,0,0,0,0,8,4,0
44.0598,1,2749440,windows,0,680,625,13,0,0,0,0,0,0,10,3,0
44.1857,0,2840576,windows,0,500,445,11,0,0,0,0,0,0,8,3,0
44.322,1,2766848,windows,0,680,625,13,0,0,0,0,0,0,10,3,0
44.4373,0,2859008,windows,0,500,445,11,0,0,0,0,0,0,8,3,0
44.5764,1,2783232,windows,0,680,625,13,0,0,0,0,0,0,10,3,0
44.6968,0,2878464,windows,0,500,445,11,0,0,0,0,0,0,8,3,0
44.8395,1,2800640,windows,0,680,625,13,0,0,0,0,0,0,10,3,0
44.9567,0,2896896,windows,0,500,445,11,0,0,0,0,0,0,8,3,0
45.0938,1,2817024,windows,0,680,625,13,0,0,0,0,0,0,10,3,0
45.2175,0,2915328,windows,0,500,445,11,0,0,0,0,0,0,8,3,0
45.3528,1,2833408,windows,0,680,625,13,0,0,0,0,0,0,10,3,0
45.4747,0,2933760,windows,0,500,445,11,0,0,0,0,0,0,8,3,0
45.6161,1,2850816,windows,0,680,625,13,0,0,0,0,0,0,10,3,0
45.7279,0,2950144,windows,0,500,445,11,0,0,0,0,0,0,8,3,0
45.8819,1,2868224,windows,0,680,625,13,0,0,0,0,0,0,10,3,0
45.9828,0,2966528,windows,0,500,445,11,0,0,0,0,0,0,8,3,0
46.1442,1,2885632,windows,0,680,625,13,0,0,0,0,0,0,10,3,0
46.2402,0,2982912,windows,0,500,445,11,0,0,0,0,0,0,8,3,0
46.3971,1,2903040,windows,0,680,625,13,0,0,0,0,0,0,10,3,0
46.4924,0,2999296,windows,0,500,445,11,0,0,0,0,0,0,8,3,0
46.6525,1,2921472,windows,0,500,445,11,0,0,0,0,0,0,8,3,0
46.7491,0,3017728,windows,0,500,445,11,0,0,0,0,0,0,8,3,0
46.9051,1,2937856,windows,0,500,445,11,0,0,0,0,0,0,8,3,0
47.0043,0,3035136,windows,0,500,445,11,0,0,0,0,0,0,8,3,0
47.1638,1,2953216,windows,0,500,445,11,0,0,0,0,0,0,8,3,0
47.2621,0,3053568,windows,0,500,445,11,0,0,0,0,0,0,8,3,0
47.4142,1,2967552,windows,0,500,445,11,0,0,0,0,0,0,8,3,0
47.5131,0,3069952,windows,0,500,445,11,0,0,0,0,0,0,8,3,0
47.6675,1,2982912,windows,0,500,445,11,0,0,0,0,0,0,8,3,0
47.771,0,3088384,windows,0,500,445,11,0,0,0,0,0,0,8,3,0
47.9257,1,3001344,windows,0,500,445,11,0,0,0,0,0,0,8,3,0
48.0329,0,3106816,windows,0,500,445,11,0,0,0,0,0,0,8,3,0
48.1899,1,3019776,windows,0,500,445,11,0,0,0,0,0,0,8,3,0
48.2943,0,3127296,windows,0,500,445,11,0,0,0,0,0,0,8,3,0
48.4527,1,3037184,windows,0,500,445,11,0,0,0,0,0,0,8,3,0
48.5583,0,3145728,windows,0,500,445,11,0,0,0,0,0,0,8,3,0
48.7041,1,3053568,windows,0,500,445,11,0,0,0,0,0,0,8,3,0
48.8135,0,3163136,windows,0,500,445,11,0,0,0,0,0,0,8,3,0
48.9638,1,3072000,windows,0,500,445,11,0,0,0,0,0,0,8,3,0
49.0748,0,3181568,windows,0,500,445,11,0,0,0,0,0,0,8,3,0
49.2193,1,3091456,windows,0,400,326.25,10,0,0,0,0,0,0,8,2,0
49.3251,0,3198976,windows,0,500,445,11,0,0,0,0,0,0,8,3,0
49.475,1,3110912,windows,0,325,290,9,0,0,0,0,0,0,7,2,0
49.5861,0,3217408,windows,0,500,445,11,0,0,0,0,0,0,8,3,0
49.7284,1,3129344,windows,0,325,290,9,0,0,0,0,0,0,7,2,0
49.8395,0,3236864,windows,0,500,445,11,0,0,0,0,0,0,8,3,0
49.981,1,3148800,windows,0,325,290,9,0,0,0,0,0,0,7,2,0
50.0918,0,3256320,windows,0,325,290,9,0,0,0,0,0,0,7,2,0
50.2419,1,3168256,windows,0,325,290,9,0,0,0,0,0,0,7,2,0
50.3474,0,3276800,windows,0,325,290,9,0,0,0,0,0,0,7,2,0
50.5047,1,3187712,windows,0,325,290,9,0,0,0,0,0,0,7,2,0
50.6051,0,3297280,windows,0,325,290,9,0,0,0,0,0,0,7,2,0
50.764,1,3207168,windows,0,325,290,9,0,0,0,0,0,0,7,2,0
50.8614,0,3317760,windows,0,325,290,9,0,0,0,0,0,0,7,2,0
51.0201,1,3226624,windows,0,325,290,9,0,0,0,0,0,0,7,2,0
51.1135,0,3336192,windows,0,325,290,9,0,0,0,0,0,0,7,2,0
51.2707,1,3244032,windows,0,325,290,9,0,0,0,0,0,0,7,2,0
51.3653,0,3355648,windows,0,325,290,9,0,0,0,0,0,0,7,2,0
51.5308,1,3262464,windows,0,325,290,9,0,0,0,0,0,0,7,2,0
51.6203,0,3376128,windows,0,325,290,9,0,0,0,0,0,0,7,2,0
51.7904,1,3280896,windows,0,325,290,9,0,0,0,0,0,0,7,2,0
51.8856,0,3397632,windows,0,325,290,9,0,0,0,0,0,0,7,2,0
52.0444,1,3297280,windows,0,325,290,9,0,0,0,0,0,0,7,2,0
52.1389,0,3417088,windows,0,325,290,9,0,0,0,0,0,0,7,2,0
52.3014,1,3314688,windows,0,325,290,9,0,0,0,0,0,0,7,2,0
52.4032,0,3437568,windows,0,325,290,9,0,0,0,0,0,0,7,2,0
52.5643,1,3333120,windows,0,325,290,9,0,0,0,0,0,0,7,2,0
52.6605,0,3456000,windows,0,325,290,9,0,0,0,0,0,0,7,2,0
52.8205,1,3351552,windows,0,325,290,9,0,0,0,0,0,0,7,2,0
52.9165,0,3474432,windows,0,325,290,9,0,0,0,0,0,0,7,2,0
53.0811,1,3369984,windows,0,325,290,9,0,0,0,0,0,0,7,2,0
53.171,0,3492864,windows,0,325,290,9,0,0,0,0,0,0,7,2,0
53.3326,1,3388416,windows,0,325,290,9,0,0,0,0,0,0,7,2,0
53.4347,0,3512320,windows,0,325,290,9,0,0,0,0,0,0,7,2,0
53.5939,1,3407872,windows,0,325,290,9,0,0,0,0,0,0,7,2,0
53.699,0,3531776,windows,0,325,290,9,0,0,0,0,0,0,7,2,0
53.8508,1,3428352,windows,0,325,290,9,0,0,0,0,0,0,7,2,0
53.9588,0,3551232,windows,0,325,290,9,0,0,0,0,0,0,7,2,0
54.1112,1,3447808,windows,0,325,290,9,0,0,0,0,0,0,7,2,0
54.2151,0,3569664,windows,0,325,290,9,0,0,0,0,0,0,7,2,0
54.3733,1,3467264,windows,0,325,290,9,0,0,0,0,0,0,7,2,0
54.4741,0,3589120,windows,0,325,290,9,0,0,0,0,0,0,7,2,0
54.636,1,3485696,windows,0,325,290,9,0,0,0,0,0,0,7,2,0
54.7269,0,3607552,windows,0,325,290,9,0,0,0,0,0,0,7,2,0
54.8894,1,3502080,windows,0,325,290,9,0,0,0,0,0,0,7,2,0
54.9784,0,3624960,windows,0,325,290,9,0,0,0,0,0,0,7,2,0
55.1434,1,3519488,windows,0,325,290,9,0,0,0,0,0,0,7,2,0
55.2393,0,3644416,windows,0,325,290,9,0,0,0,0,0,0,7,2,0
55.4041,1,3537920,windows,0,325,290,9,0,0,0,0,0,0,7,2,0
55.4951,0,3662848,windows,0,325,290,9,0,0,0,0,0,0,7,2,0
55.6665,1,3555328,windows,0,325,290,9,0,0,0,0,0,0,7,2,0
55.7475,0,3680256,windows,0,325,290,9,0,0,0,0,0,0,7,2,0
55.9212,1,3570688,windows,0,325,290,9,0,0,0,0,0,0,7,2,0
56.0051,0,3697664,repair,0,325,290,9,0,0,0,0,0,0,7,2,0
56.1777,1,3589120,windows,0,325,290,9,0,0,0,0,0,0,7,2,0
56.2581,0,3717120,repair,0,325,290,9,0,0,0,0,0,0,7,2,0
56.4408,1,3605504,windows,0,325,290,9,0,0,0,0,0,0,7,2,0
56.5145,0,3733504,windows,0,325,290,9,0,0,0,0,0,0,7,2,0
56.7023,1,3622912,windows,0,325,290,9,0,0,0,0,0,0,7,2,0
56.7733,0,3751936,windows,0,325,290,9,0,0,0,0,0,0,7,2,0
56.9526,1,3640320,windows,0,325,290,9,0,0,0,0,0,0,7,2,0
57.035,0,3770368,windows,0,325,290,9,0,0,0,0,0,0,7,2,0
57.2094,1,3658752,windows,0,325,290,9,0,0,0,0,0,0,7,2,0
57.2888,0,3788800,windows,0,325,290,9,0,0,0,0,0,0,7,2,0
57.4673,1,3677184,windows,0,325,290,9,0,0,0,0,0,0,7,2,0
57.5404,0,3806208,windows,0,325,290,9,0,0,0,0,0,0,7,2,0
57.7184,1,3695616,windows,0,325,290,9,0,0,0,0,0,0,7,2,0
57.8028,0,3824640,windows,0,325,290,9,0,0,0,0,0,0,7,2,0
57.9761,1,3714048,windows,0,325,290,9,0,0,0,0,0,0,7,2,0
58.0632,0,3843072,windows,0,325,290,9,0,0,0,0,0,0,7,2,0
58.2349,1,3733504,windows,0,325,290,9,0,0,0,0,0,0,7,2,0
58.3133,0,3862528,windows,0,325,290,9,0,0,0,0,0,0,7,2,0
58.5004,1,3751936,windows,0,325,290,9,0,0,0,0,0,0,7,2,0
58.5709,0,3881984,windows,0,325,290,9,0,0,0,0,0,0,7,2,0
58.7626,1,3770368,windows,0,325,290,9,0,0,0,0,0,0,7,2,0
58.8259,0,3901440,windows,0,325,290,9,0,0,0,0,0,0,7,2,0
59.0254,1,3785728,windows,0,325,290,9,0,0,0,0,0,0,7,2,0
59.0814,0,3920896,windows,0,325,290,9,0,0,0,0,0,0,7,2,0
59.2816,1,3802112,windows,0,325,290,9,0,0,0,0,0,0,7,2,0
59.3356,0,3939328,windows,0,325,290,9,0,0,0,0,0,0,7,2,0
59.5364,1,3818496,windows,0,325,290,9,0,0,0,0,0,0,7,2,0
59.5969,0,3959808,windows,0,325,290,9,0,0,0,0,0,0,7,2,0
59.8013,1,3836928,windows,0,325,290,9,0,0,0,0,0,0,7,2,0
59.8542,0,3978240,windows,0,325,290,9,0,0,0,0,0,0,7,2,0
60.0525,1,3854336,windows,0,325,290,9,0,0,0,0,0,0,7,2,0
60.1162,0,3993600,windows,0,325,290,9,0,0,0,0,0,0,7,2,0
60.3033,1,3868672,windows,0,325,290,9,0,0,0,0,0,0,7,2,0
60.3709,0,4008960,windows,0,325,290,9,0,0,0,0,0,0,7,2,0
60.5669,1,3887104,windows,0,325,290,9,0,0,0,0,0,0,7,2,0
60.6361,0,4024320,repair,0,325,290,9,0,0,0,0,0,0,7,2,0
60.8221,1,3903488,windows,0,325,290,9,0,0,0,0,0,0,7,2,0
60.8883,0,4039680,windows,0,325,290,9,0,0,0,0,0,0,7,2,0
61.0735,1,3918848,windows,0,325,290,9,0,0,0,0,0,0,7,2,0
61.14,0,4057088,windows,0,325,290,9,0,0,0,0,0,0,7,2,0
61.3351,1,3933184,windows,0,325,290,9,0,0,0,0,0,0,7,2,0
61.4023,0,4074496,windows,0,325,290,9,0,0,0,0,0,0,7,2,0
61.5952,1,3947520,windows,0,325,290,9,0,0,0,0,0,0,7,2,0
61.6546,0,4090880,windows,0,325,290,9,0,0,0,0,0,0,7,2,0
61.8529,1,3961856,windows,0,325,290,9,0,0,0,0,0,0,7,2,0
61.9153,0,4108288,windows,0,325,290,9,0,0,0,0,0,0,7,2,0
62.1083,1,3976192,windows,0,325,290,9,0,0,0,0,0,0,7,2,0
62.181,0,4125696,windows,0,325,290,9,0,0,0,0,0,0,7,2,0
62.3683,1,3991552,repair,0,325,290,9,0,0,0,0,0,0,7,2,0
62.4415,0,4143104,windows,0,325,290,9,0,0,0,0,0,0,7,2,0
62.6245,1,4008960,windows,0,325,290,9,0,0,0,0,0,0,7,2,0
62.6958,0,4159488,windows,0,325,290,9,0,0,0,0,0,0,7,2,0
62.8779,1,4026368,windows,0,325,290,9,0,0,0,0,0,0,7,2,0
62.9575,0,4177920,windows,0,325,290,9,0,0,0,0,0,0,7,2,0
63.1421,1,4043776,windows,0,325,290,9,0,0,0,0,0,0,7,2,0
63.2209,0,4195328,windows,0,325,290,9,0,0,0,0,0,0,7,2,0
63.3955,1,4057088,windows,0,325,290,9,0,0,0,0,0,0,7,2,0
63.488,0,4210688,windows,0,325,290,9,0,0,0,0,0,0,7,2,0
63.6507,1,4071424,windows,0,325,290,9,0,0,0,0,0,0,7,2,0
63.7545,0,4226048,windows,0,325,290,9,0,0,0,0,0,0,7,2,0
63.9198,1,4085760,windows,0,325,290,9,0,0,0,0,0,0,7,2,0
64.0207,0,4241408,windows,0,325,290,9,0,0,0,0,0,0,7,2,0
64.1813,1,4100096,windows,0,325,290,9,0,0,0,0,0,0,7,2,0
64.2877,0,4256768,windows,0,325,290,9,0,0,0,0,0,0,7,2,0
64.4425,1,4114432,windows,0,325,290,9,0,0,0,0,0,0,7,2,0
64.5457,0,4272128,windows,0,325,290,9,0,0,0,0,0,0,7,2,0
64.6982,1,4127744,windows,0,325,290,9,0,0,0,0,0,0,7,2,0
64.7963,0,4287488,windows,0,325,290,9,0,0,0,0,0,0,7,2,0
64.9558,1,4142080,windows,0,325,290,9,0,0,0,0,0,0,7,2,0
65.0546,0,4303872,windows,0,325,290,9,0,0,0,0,0,0,7,2,0
65.2084,1,4157440,windows,0,325,290,9,0,0,0,0,0,0,7,2,0
65.3187,0,4320256,windows,0,325,290,9,0,0,0,0,0,0,7,2,0
65.4669,1,4171776,windows,0,325,290,9,0,0,0,0,0,0,7,2,0
65.583,0,4335616,repair,0,325,290,9,0,0,0,0,0,0,7,2,0
65.7191,1,4187136,windows,0,325,290,9,0,0,0,0,0,0,7,2,0
65.8423,0,4352000,windows,0,325,290,9,0,0,0,0,0,0,7,2,0
65.972,1,4202496,windows,0,325,290,9,0,0,0,0,0,0,7,2,0
66.1028,0,4371456,windows,0,325,290,9,0,0,0,0,0,0,7,2,0
66.2336,1,4217856,windows,0,325,290,9,0,0,0,0,0,0,7,2,0
66.3628,0,4389888,windows,0,325,290,9,0,0,0,0,0,0,7,2,0
66.4918,1,4232192,windows,0,325,290,9,0,0,0,0,0,0,7,2,0
66.6218,0,4408320,windows,0,325,290,9,0,0,0,0,0,0,7,2,0
66.7423,1,4246528,windows,0,325,290,9,0,0,0,0,0,0,7,2,0
66.879,0,4424704,windows,0,325,290,9,0,0,0,0,0,0,7,2,0
67.0054,1,4261888,windows,0,325,290,9,0,0,0,0,0,0,7,2,0
67.1364,0,4440064,windows,0,325,290,9,0,0,0,0,0,0,7,2,0
67.268,1,4277248,repair,0,325,290,9,0,0,0,0,0,0,7,2,0
67.3888,0,4454400,windows,0,325,290,9,0,0,0,0,0,0,7,2,0
67.5207,1,4291584,repair,0,325,290,9,0,0,0,0,0,0,7,2,0
67.6465,0,4469760,windows,0,325,290,9,0,0,0,0,0,0,7,2,0
67.777,1,4306944,windows,0,325,290,9,0,0,0,0,0,0,7,2,0
67.9145,0,4485120,windows,0,325,290,9,0,0,0,0,0,0,7,2,0
68.0288,1,4321280,windows,0,325,290,9,0,0,0,0,0,0,7,2,0
68.1727,0,4499456,windows,0,325,290,9,0,0,0,0,0,0,7,2,0
68.279,1,4335616,windows,0,325,290,9,0,0,0,0,0,0,7,2,0
68.4367,0,4514816,windows,0,325,290,9,0,0,0,0,0,0,7,2,0
68.5465,1,4349952,windows,0,325,290,9,0,0,0,0,0,0,7,2,0
68.6925,0,4533248,windows,0,325,290,9,0,0,0,0,0,0,7,2,0
68.8007,1,4363264,windows,0,325,290,9,0,0,0,0,0,0,7,2,0
68.9524,0,4551680,windows,0,325,290,9,0,0,0,0,0,0,7,2,0
69.0568,1,4379648,windows,0,325,290,9,0,0,0,0,0,0,7,2,0
69.2145,0,4570112,windows,0,325,290,9,0,0,0,0,0,0,7,2,0
69.3122,1,4395008,windows,0,325,290,9,0,0,0,0,0,0,7,2,0
69.4715,0,4585472,windows,0,325,290,9,0,0,0,0,0,0,7,2,0
69.5765,1,4410368,windows,0,325,290,9,0,0,0,0,0,0,7,2,0
69.7308,0,4603904,windows,0,325,290,9,0,0,0,0,0,0,7,2,0
69.8366,1,4425728,windows,0,325,290,9,0,0,0,0,0,0,7,2,0
69.9943,0,4623360,windows,0,325,290,9,0,0,0,0,0,0,7,2,0
70.0976,1,4445184,windows,0,325,290,9,0,0,0,0,0,0,7,2,0
70.2504,0,4642816,windows,0,325,290,9,0,0,0,0,0,0,7,2,0
70.3589,1,4464640,windows,0,325,290,9,0,0,0,0,0,0,7,2,0
70.5127,0,4662272,windows,0,325,290,9,0,0,0,0,0,0,7,2,0
70.6238,1,4484096,windows,0,325,290,9,0,0,0,0,0,0,7,2,0
70.7761,0,4677632,repair,1010,1.10286e+08,1.1025e+08,4154,49,100,100,497,264,0,2411,1542,201
70.8785,1,4502528,windows,0,325,290,9,0,0,0,0,0,0,7,2,0
71.0311,0,4698112,repair,682,2.75286e+08,2.7528e+08,7153,48,139,123,249,123,0,3899,3064,190
71.1395,1,4519936,windows,0,325,290,9,0,0,0,0,0,0,7,2,0
71.2917,0,4718592,repair,549,2.59773e+08,2.59773e+08,7192,35,115,101,187,111,0,4103,2897,192
71.3947,1,4538368,windows,0,325,290,9,0,0,0,0,0,0,7,2,0
71.5468,0,4740096,repair,447,2.34866e+08,2.34807e+08,6864,27,95,70,178,77,0,3979,2741,144
71.6535,1,4557824,windows,0,325,290,9,0,0,0,0,0,0,7,2,0
71.7975,0,4758528,repair,353,2.29066e+08,2.29066e+08,6748,19,61,54,143,76,0,3848,2750,150
71.905,1,4576256,windows,0,325,290,9,0,0,0,0,0,0,7,2,0
72.061,0,4773888,repair,306,1.92966e+08,1.92966e+08,6320,15,55,48,123,65,0,3739,2452,129
72.158,1,4594688,windows,0,325,290,9,0,0,0,0,0,0,7,2,0
72.3111,0,4790272,repair,249,1.85049e+08,1.85001e+08,6185,13,45,25,103,63,0,3672,2404,109
72.4102,1,4613120,windows,0,325,290,9,0,0,0,0,0,0,7,2,0
72.564,0,4804608,repair,189,1.97683e+08,1.97633e+08,6406,8,36,39,60,46,0,3812,2489,105
72.6682,1,4629504,repair,737,2.77747e+08,2.7768e+08,7222,52,166,106,284,129,0,3986,3034,202
72.8197,0,4820992,repair,160,1.7434e+08,1.74319e+08,6042,7,23,31,64,35,0,3639,2316,87
72.9276,1,4653056,repair,557,2.89283e+08,2.89283e+08,7425,38,122,87,205,105,0,4098,3139,188
73.0823,0,4838400,repair,132,1.448e+08,1.44758e+08,5509,2,21,23,55,31,0,3303,2116,90
73.1813,1,4675584,repair,454,2.49443e+08,2.49443e+08,7014,19,97,68,170,100,0,3958,2873,183
73.3454,0,4855808,repair,100,1.30688e+08,1.30632e+08,5299,1,11,22,41,25,0,3243,1970,86
73.441,1,4698112,repair,328,2.37562e+08,2.37542e+08,6926,18,49,54,125,82,0,4007,2775,144
73.5992,0,4872192,repair,62,1.30548e+08,1.3051e+08,5352,6,14,8,19,15,0,3352,1925,75
73.6955,1,4720640,repair,266,1.9129e+08,1.91218e+08,6272,15,57,47,100,47,0,3684,2463,125
73.8556,0,4888576,repair,44,1.158e+08,1.15784e+08,5039,2,6,11,14,11,0,3146,1818,75
73.955,1,4742144,repair,186,1.95118e+08,1.95114e+08,6325,17,43,34,67,25,0,3699,2505,121
74.121,0,4904960,repair,26,1.10088e+08,1.10085e+08,4885,1,9,4,9,3,0,3018,1794,73
74.2079,1,4764672,repair,142,1.58661e+08,1.58614e+08,5819,9,28,20,58,27,0,3526,2187,106
74.3717,0,4921344,repair,16,9.85554e+07,9.85205e+07,4685,0,5,2,8,1,0,2972,1647,66
74.4612,1,4785152,repair,104,1.43959e+08,1.43956e+08,5529,6,21,9,48,20,0,3345,2091,93
74.6242,0,4937728,repair,5,8.7607e+07,8.75744e+07,4455,1,1,1,1,1,0,2862,1525,68
74.7126,1,4805632,repair,65,1.33279e+08,1.33276e+08,5348,4,8,12,26,15,0,3250,2001,97
74.8807,0,4955136,repair,1,7.45447e+07,7.4543e+07,4150,0,1,0,0,0,0,2729,1364,57
74.9714,1,4827136,repair,38,1.14781e+08,1.14729e+08,5068,4,4,1,17,12,0,3195,1781,92
75.1498,0,4970496,windows,0,6.04348e+07,6.03966e+07,3734,0,0,0,0,0,0,2460,1227,47
75.2278,1,4848640,repair,16,1.06641e+08,1.06626e+08,4860,0,1,2,7,6,0,3035,1737,88
75.4129,0,4984832,windows,0,5.01806e+07,5.01677e+07,3430,0,0,0,0,0,0,2288,1094,48
75.4791,1,4870144,repair,8,9.04386e+07,9.03931e+07,4519,1,2,0,4,1,0,2910,1549,60
75.677,0,5000192,windows,0,4.09064e+07,4.08872e+07,3125,0,0,0,0,0,0,2109,964,52
75.7319,1,4889600,repair,1,7.35836e+07,7.35563e+07,4117,0,0,0,1,0,0,2691,1365,61
75.9391,0,5014528,windows,0,3.31666e+07,3.31666e+07,2809,0,0,0,0,0,0,1886,875,48
75.9846,1,4908032,windows,0,5.90807e+07,5.90427e+07,3669,0,0,0,0,0,0,2388,1235,46
76.1999,0,5028864,windows,0,2.77488e+07,2.77313e+07,2567,0,0,0,0,0,0,1712,807,48
76.2408,1,4925440,windows,0,4.66882e+07,4.66882e+07,3319,0,0,0,0,0,0,2242,1037,40
76.4563,0,5043200,windows,0,2.38784e+07,2.38557e+07,2388,0,0,0,0,0,0,1622,731,35
76.5009,1,4943872,windows,0,3.60664e+07,3.60664e+07,2946,0,0,0,0,0,0,2019,884,43
76.7069,0,5056512,windows,0,2.09771e+07,2.09762e+07,2231,0,0,0,0,0,0,1510,691,30
76.7563,1,4961280,windows,0,2.82951e+07,2.8278e+07,2590,0,0,0,0,0,0,1751,804,35
76.9696,0,5070848,windows,0,1.76485e+07,1.76347e+07,2038,0,0,0,0,0,0,1362,646,30
77.0102,1,4978688,windows,0,2.31623e+07,2.31533e+07,2356,0,0,0,0,0,0,1612,712,32
77.2268,0,5085184,windows,0,1.46981e+07,1.46802e+07,1867,0,0,0,0,0,0,1255,583,29
77.2688,1,4997120,windows,0,1.90035e+07,1.89897e+07,2139,0,0,0,0,0,0,1463,643,33
77.4912,0,5099520,windows,0,1.25349e+07,1.25181e+07,1760,0,0,0,0,0,0,1245,488,27
77.5295,1,5012480,windows,0,1.56106e+07,1.56041e+07,1923,0,0,0,0,0,0,1303,596,24
77.7558,0,5110784,windows,0,1.12611e+07,1.12554e+07,1654,0,0,0,0,0,0,1147,483,24
77.7854,1,5023744,windows,0,1.34947e+07,1.34778e+07,1807,0,0,0,0,0,0,1243,536,28
78.0152,0,5118976,windows,0,1.04033e+07,1.04033e+07,1597,0,0,0,0,0,0,1121,453,23
78.0466,1,5033984,windows,0,1.19218e+07,1.19121e+07,1711,0,0,0,0,0,0,1198,486,27
78.271,0,5134336,windows,0,8.87356e+06,8.86399e+06,1456,0,0,0,0,0,0,988,446,22
78.3018,1,5050368,windows,0,1.0396e+07,1.03863e+07,1604,0,0,0,0,0,0,1131,446,27
78.5234,0,5150720,windows,0,7.22472e+06,7.21199e+06,1338,0,0,0,0,0,0,949,368,21
78.5602,1,5064704,windows,0,9.0837e+06,9.08299e+06,1478,0,0,0,0,0,0,1007,447,24
78.7801,0,5167104,windows,0,6.02722e+06,6.02722e+06,1215,0,0,0,0,0,0,853,345,17
78.8209,1,5078016,windows,0,7.63414e+06,7.62889e+06,1354,0,0,0,0,0,0,921,411,22
79.0464,0,5183488,windows,0,5.15902e+06,5.15902e+06,1133,0,0,0,0,0,0,808,307,18
79.0741,1,5091328,windows,0,6.47434e+06,6.46742e+06,1268,0,0,0,0,0,0,902,346,20
79.3029,0,5198848,windows,0,4.40058e+06,4.39462e+06,1050,0,0,0,0,0,0,759,275,16
79.3347,1,5105664,windows,0,5.59805e+06,5.59805e+06,1173,0,0,0,0,0,0,826,330,17
79.5663,0,5216256,windows,0,3.43163e+06,3.42851e+06,909,0,0,0,0,0,0,624,272,13
79.5997,1,5121024,windows,0,4.8472e+06,4.84134e+06,1101,0,0,0,0,0,0,790,293,18
79.826,0,5234688,windows,0,2.74667e+06,2.74173e+06,831,0,0,0,0,0,0,592,222,17
79.858,1,5135360,windows,0,4.22616e+06,4.222e+06,1026,0,0,0,0,0,0,731,278,17
80.083,0,5253120,windows,0,2.2555e+06,2.24846e+06,753,0,0,0,0,0,0,543,197,13
80.121,1,5149696,windows,0,3.39728e+06,3.39369e+06,909,0,0,0,0,0,0,625,268,16
80.3341,0,5271552,windows,0,1.80444e+06,1.80444e+06,673,0,0,0,0,0,0,483,178,12
80.3798,1,5164032,windows,0,2.87278e+06,2.87237e+06,848,0,0,0,0,0,0,609,225,14
80.5888,0,5288960,windows,0,1.40034e+06,1.39676e+06,588,0,0,0,0,0,0,413,165,10
80.6335,1,5178368,windows,0,2.4825e+06,2.47776e+06,787,0,0,0,0,0,0,557,215,15
80.8446,0,5306368,windows,0,1.10562e+06,1.10074e+06,530,0,0,0,0,0,0,387,133,10
80.904,1,5193728,windows,0,2.12238e+06,2.11784e+06,725,0,0,0,0,0,0,505,205,15
81.1048,0,5322752,windows,0,936655,933798,481,0,0,0,0,0,0,341,133,7
81.1607,1,5208064,windows,0,1.85618e+06,1.85326e+06,686,0,0,0,0,0,0,490,180,16
81.3651,0,5340160,windows,0,725510,725248,422,0,0,0,0,0,0,290,123,9
81.4133,1,5221376,windows,0,1.43342e+06,1.43301e+06,592,0,0,0,0,0,0,402,176,14
81.6236,0,5356544,windows,0,550880,550880,371,0,0,0,0,0,0,266,99,6
81.6802,1,5235712,windows,0,1.19152e+06,1.1892e+06,547,0,0,0,0,0,0,382,151,14
81.883,0,5373952,windows,0,438370,438370,329,0,0,0,0,0,0,238,88,3
81.9413,1,5250048,windows,0,1.03112e+06,1.02663e+06,513,0,0,0,0,0,0,365,134,14
82.1418,0,5390336,windows,0,362255,361231,297,0,0,0,0,0,0,205,87,5
82.1951,1,5265408,windows,0,848105,848105,464,0,0,0,0,0,0,329,123,12
82.3927,0,5406720,windows,0,297250,295895,275,0,0,0,0,0,0,202,68,5
82.4505,1,5280768,windows,0,672520,672520,417,0,0,0,0,0,0,302,103,12
82.6437,0,5423104,windows,0,209045,209045,229,0,0,0,0,0,0,171,56,2
82.7006,1,5296128,windows,0,548555,547261,374,0,0,0,0,0,0,259,102,13
82.9011,0,5440512,windows,0,173905,173101,210,0,0,0,0,0,0,161,47,2
82.9616,1,5312512,windows,0,455780,455780,341,0,0,0,0,0,0,236,93,12
83.1533,0,5458944,windows,0,136075,135421,184,0,0,0,0,0,0,131,50,3
83.2138,1,5328896,windows,0,385750,385750,314,0,0,0,0,0,0,218,85,11
83.4156,0,5477376,windows,0,108820,107356,166,0,0,0,0,0,0,118,44,4
83.4789,1,5347328,windows,0,318080,317728,286,0,0,0,0,0,0,196,78,12
83.6741,0,5494784,windows,0,72830,71716.2,139,0,0,0,0,0,0,104,30,5
83.7305,1,5362688,windows,0,237280,235652,247,0,0,0,0,0,0,170,67,10
83.9395,0,5512192,windows,0,56905,56330,122,0,0,0,0,0,0,89,29,4
83.9938,1,5379072,windows,0,190885,190592,221,0,0,0,0,0,0,149,62,10
84.1951,0,5528576,windows,0,44210,43821.2,107,0,0,0,0,0,0,78,26,3
84.2581,1,5395456,windows,0,163030,162708,204,0,0,0,0,0,0,134,59,11
84.4579,0,5545984,windows,0,37595,37595,98,0,0,0,0,0,0,69,26,3
84.5096,1,5411840,windows,0,146930,145949,196,0,0,0,0,0,0,132,53,11
84.7155,0,5565440,windows,0,25085,25085,81,0,0,0,0,0,0,63,16,2
84.7721,1,5430272,windows,0,110210,110210,170,0,0,0,0,0,0,116,45,9
84.9688,0,5582848,windows,0,20660,20381.2,75,0,0,0,0,0,0,56,15,4
85.0288,1,5446656,windows,0,94670,93888.8,159,0,0,0,0,0,0,116,36,7
85.2286,0,5602304,windows,0,19525,19525,73,0,0,0,0,0,0,55,14,4
85.2899,1,5465088,windows,0,84635,83717.5,150,0,0,0,0,0,0,107,36,7
85.4828,0,5621760,windows,0,17695,17431.2,69,0,0,0,0,0,0,53,13,3
85.5507,1,5483520,windows,0,70690,69872.5,138,0,0,0,0,0,0,100,31,7
85.7357,0,5640192,windows,0,12860,12860,58,0,0,0,0,0,0,42,14,2
85.809,1,5501952,windows,0,52300,52127.5,117,0,0,0,0,0,0,80,31,6
85.9864,0,5657600,windows,0,10220,10031.2,52,0,0,0,0,0,0,38,12,2
86.0683,1,5520384,windows,0,48065,47892.5,110,0,0,0,0,0,0,71,33,6
86.2391,0,5676032,windows,0,9480,9066.25,50,0,0,0,0,0,0,36,12,2
86.3291,1,5538816,windows,0,45725,44957.5,109,0,0,0,0,0,0,73,30,6
86.4985,0,5694464,windows,0,8220,8220,47,0,0,0,0,0,0,36,9,2
86.5866,1,5557248,windows,0,41650,41138.8,105,0,0,0,0,0,0,74,26,5
86.7565,0,5713920,windows,0,7520,7520,45,0,0,0,0,0,0,34,9,2
86.8454,1,5575680,windows,0,32000,31186.2,90,0,0,0,0,0,0,60,26,4
87.007,0,5731328,windows,0,6240,6240,41,0,0,0,0,0,0,30,9,2
87.109,1,5594112,windows,0,29680,29165,86,0,0,0,0,0,0,56,26,4
87.2623,0,5746688,windows,0,6240,6240,41,0,0,0,0,0,0,30,9,2
87.3741,1,5612544,windows,0,27680,27680,84,0,0,0,0,0,0,56,24,4
87.5219,0,5765120,windows,0,6205,5896.25,41,0,0,0,0,0,0,31,8,2
87.6288,1,5630976,windows,0,25640,25640,81,0,0,0,0,0,0,54,23,4
87.7805,0,5784576,windows,0,5605,5605,39,0,0,0,0,0,0,29,8,2
87.8789,1,5649408,windows,0,24500,24500,78,0,0,0,0,0,0,50,24,4
88.0394,0,5803008,windows,0,5305,5161.25,38,0,0,0,0,0,0,29,7,2
88.1415,1,5668864,windows,0,20530,19866.2,71,0,0,0,0,0,0,46,22,3
88.2934,0,5821440,windows,0,4745,4611.25,36,0,0,0,0,0,0,27,7,2
88.3985,1,5687296,windows,0,17910,17701.2,66,0,0,0,0,0,0,42,21,3
88.556,0,5840896,windows,0,4195,4040,34,0,0,0,0,0,0,23,8,3
88.6494,1,5705728,windows,0,16675,16280,64,0,0,0,0,0,0,41,20,3
88.8115,0,5859328,windows,0,4195,4040,34,0,0,0,0,0,0,23,8,3
88.9147,1,5724160,windows,0,14335,14151.2,59,0,0,0,0,0,0,37,19,3
89.0648,0,5876736,windows,0,4195,4040,34,0,0,0,0,0,0,23,8,3
89.1779,1,5742592,windows,0,13615,13066.2,57,0,0,0,0,0,0,35,19,3
89.3289,0,5895168,windows,0,4195,4040,34,0,0,0,0,0,0,23,8,3
89.4292,1,5761024,windows,0,11250,10955,54,0,0,0,0,0,0,36,15,3
89.5943,0,5913600,windows,0,325,290,9,0,0,0,0,0,0,7,2,0
89.69,1,5780480,windows,0,11170,10835,52,0,0,0,0,0,0,32,17,3
89.8553,0,5933056,windows,0,325,290,9,0,0,0,0,0,0,7,2,0
89.9456,1,5798912,windows,0,10195,10041.2,50,0,0,0,0,0,0,31,16,3
90.1154,0,5952512,windows,0,325,290,9,0,0,0,0,0,0,7,2,0
90.2074,1,5817344,windows,0,9890,9436.25,50,0,0,0,0,0,0,32,15,3
90.374,0,5971968,windows,0,325,290,9,0,0,0,0,0,0,7,2,0
90.4689,1,5835776,windows,0,8690,8690,47,0,0,0,0,0,0,30,14,3
90.6348,0,5992448,windows,0,325,290,9,0,0,0,0,0,0,7,2,0
90.7266,1,5854208,windows,0,8395,8395,46,0,0,0,0,0,0,29,14,3
90.8945,0,6012928,windows,0,325,290,9,0,0,0,0,0,0,7,2,0
90.9767,1,5872640,windows,0,8395,8395,46,0,0,0,0,0,0,29,14,3
91.154,0,6034432,windows,0,325,290,9,0,0,0,0,0,0,7,2,0
91.2412,1,5892096,windows,0,8110,8110,45,0,0,0,0,0,0,28,14,3
91.409,0,6054912,windows,0,325,290,9,0,0,0,0,0,0,7,2,0
91.4951,1,5909504,windows,0,7835,7835,44,0,0,0,0,0,0,27,14,3
91.6653,0,6074368,windows,0,325,290,9,0,0,0,0,0,0,7,2,0
91.7469,1,5927936,windows,0,7835,7835,44,0,0,0,0,0,0,27,14,3
91.9279,0,6094848,windows,0,325,290,9,0,0,0,0,0,0,7,2,0
92.0057,1,5945344,windows,0,7570,7570,43,0,0,0,0,0,0,26,14,3
92.189,0,6114304,windows,0,325,290,9,0,0,0,0,0,0,7,2,0
92.258,1,5962752,windows,0,7570,7570,43,0,0,0,0,0,0,26,14,3
92.4511,0,6134784,windows,0,325,290,9,0,0,0,0,0,0,7,2,0
92.5106,1,5980160,windows,0,7570,7570,43,0,0,0,0,0,0,26,14,3
92.7085,0,6152192,windows,0,325,290,9,0,0,0,0,0,0,7,2,0
92.7683,1,5996544,windows,0,7570,7570,43,0,0,0,0,0,0,26,14,3
92.97,0,6170624,windows,0,325,290,9,0,0,0,0,0,0,7,2,0
93.0305,1,6014976,windows,0,325,290,9,0,0,0,0,0,0,7,2,0
93.2313,0,6187008,windows,0,325,290,9,0,0,0,0,0,0,7,2,0
93.2834,1,6035456,windows,0,325,290,9,0,0,0,0,0,0,7,2,0
93.4845,0,6206464,windows,0,325,290,9,0,0,0,0,0,0,7,2,0
93.5413,1,6054912,windows,0,325,290,9,0,0,0,0,0,0,7,2,0
93.7387,0,6226944,windows,0,325,290,9,0,0,0,0,0,0,7,2,0
93.7999,1,6075392,repair,0,325,290,9,0,0,0,0,0,0,7,2,0
93.9895,0,6247424,windows,0,325,290,9,0,0,0,0,0,0,7,2,0
94.062,1,6095872,windows,0,325,290,9,0,0,0,0,0,0,7,2,0
94.2524,0,6267904,windows,0,325,290,9,0,0,0,0,0,0,7,2,0
94.3201,1,6115328,windows,0,325,290,9,0,0,0,0,0,0,7,2,0
94.5166,0,6288384,windows,0,325,290,9,0,0,0,0,0,0,7,2,0
94.581,1,6133760,windows,0,325,290,9,0,0,0,0,0,0,7,2,0
94.7709,0,6307840,windows,0,325,290,9,0,0,0,0,0,0,7,2,0
94.8351,1,6151168,windows,0,325,290,9,0,0,0,0,0,0,7,2,0
95.0275,0,6325248,repair,0,325,290,9,0,0,0,0,0,0,7,2,0
95.0991,1,6168576,windows,0,325,290,9,0,0,0,0,0,0,7,2,0
95.2829,0,6342656,repair,0,325,290,9,0,0,0,0,0,0,7,2,0
95.3551,1,6185984,windows,0,325,290,9,0,0,0,0,0,0,7,2,0
95.5405,0,6360064,windows,0,325,290,9,0,0,0,0,0,0,7,2,0
95.6164,1,6202368,windows,0,325,290,9,0,0,0,0,0,0,7,2,0
95.8006,0,6379520,windows,0,325,290,9,0,0,0,0,0,0,7,2,0
95.8792,1,6218752,windows,0,325,290,9,0,0,0,0,0,0,7,2,0
96.065,0,6397952,windows,0,325,290,9,0,0,0,0,0,0,7,2,0
96.1378,1,6235136,windows,0,325,290,9,0,0,0,0,0,0,7,2,0
96.3249,0,6415360,windows,0,325,290,9,0,0,0,0,0,0,7,2,0
96.3959,1,6250496,windows,0,325,290,9,0,0,0,0,0,0,7,2,0
96.5843,0,6432768,windows,0,325,290,9,0,0,0,0,0,0,7,2,0
96.6528,1,6264832,windows,0,325,290,9,0,0,0,0,0,0,7,2,0
96.8483,0,6450176,windows,0,325,290,9,0,0,0,0,0,0,7,2,0
96.9099,1,6281216,windows,0,325,290,9,0,0,0,0,0,0,7,2,0
97.112,0,6467584,windows,0,325,290,9,0,0,0,0,0,0,7,2,0
97.1727,1,6297600,windows,0,325,290,9,0,0,0,0,0,0,7,2,0
97.3705,0,6487040,windows,0,325,290,9,0,0,0,0,0,0,7,2,0
97.4259,1,6313984,windows,0,325,290,9,0,0,0,0,0,0,7,2,0
97.6232,0,6505472,windows,0,325,290,9,0,0,0,0,0,0,7,2,0
97.6776,1,6330368,windows,0,325,290,9,0,0,0,0,0,0,7,2,0
97.8849,0,6524928,windows,0,325,290,9,0,0,0,0,0,0,7,2,0
97.9404,1,6346752,windows,0,325,290,9,0,0,0,0,0,0,7,2,0
98.1446,0,6542336,windows,0,325,290,9,0,0,0,0,0,0,7,2,0
98.194,1,6362112,windows,0,325,290,9,0,0,0,0,0,0,7,2,0
98.3991,0,6558720,windows,0,325,290,9,0,0,0,0,0,0,7,2,0
98.456,1,6378496,windows,0,325,290,9,0,0,0,0,0,0,7,2,0
98.6528,0,6575104,windows,0,325,290,9,0,0,0,0,0,0,7,2,0
98.7138,1,6393856,windows,0,325,290,9,0,0,0,0,0,0,7,2,0
98.9059,0,6591488,windows,0,325,290,9,0,0,0,0,0,0,7,2,0
98.976,1,6409216,windows,0,325,290,9,0,0,0,0,0,0,7,2,0
99.1563,0,6608896,windows,0,325,290,9,0,0,0,0,0,0,7,2,0
99.2388,1,6424576,windows,0,325,290,9,0,0,0,0,0,0,7,2,0
99.4097,0,6627328,windows,0,325,290,9,0,0,0,0,0,0,7,2,0
99.5058,1,6441984,windows,0,325,290,9,0,0,0,0,0,0,7,2,0
99.6687,0,6645760,repair,0,325,290,9,0,0,0,0,0,0,7,2,0
99.7692,1,6456320,repair,0,325,290,9,0,0,0,0,0,0,7,2,0
99.9296,0,6664192,repair,0,325,290,9,0,0,0,0,0,0,7,2,0
100.03,1,6471680,windows,0,325,290,9,0,0,0,0,0,0,7,2,0
100.185,0,6683648,windows,0,325,290,9,0,0,0,0,0,0,7,2,0
100.293,1,6488064,windows,0,325,290,9,0,0,0,0,0,0,7,2,0
100.445,0,6703104,windows,0,325,290,9,0,0,0,0,0,0,7,2,0
100.546,1,6502400,windows,0,325,290,9,0,0,0,0,0,0,7,2,0
100.701,0,6721536,windows,0,325,290,9,0,0,0,0,0,0,7,2,0
100.809,1,6515712,windows,0,325,290,9,0,0,0,0,0,0,7,2,0
100.959,0,6738944,windows,0,325,290,9,0,0,0,0,0,0,7,2,0
101.074,1,6530048,windows,0,325,290,9,0,0,0,0,0,0,7,2,0
101.212,0,6755328,windows,0,325,290,9,0,0,0,0,0,0,7,2,0
101.326,1,6544384,windows,0,325,290,9,0,0,0,0,0,0,7,2,0
101.465,0,6771712,windows,0,325,290,9,0,0,0,0,0,0,7,2,0
101.591,1,6559744,windows,0,325,290,9,0,0,0,0,0,0,7,2,0
101.715,0,6788096,windows,0,325,290,9,0,0,0,0,0,0,7,2,0
101.856,1,6576128,windows,0,325,290,9,0,0,0,0,0,0,7,2,0
101.966,0,6804480,windows,0,325,290,9,0,0,0,0,0,0,7,2,0
102.119,1,6592512,windows,0,325,290,9,0,0,0,0,0,0,7,2,0
102.227,0,6820864,windows,0,325,290,9,0,0,0,0,0,0,7,2,0
102.379,1,6609920,windows,0,325,290,9,0,0,0,0,0,0,7,2,0
102.482,0,6837248,windows,0,325,290,9,0,0,0,0,0,0,7,2,0
102.64,1,6627328,windows,0,325,290,9,0,0,0,0,0,0,7,2,0
102.734,0,6853632,windows,0,325,290,9,0,0,0,0,0,0,7,2,0
102.893,1,6644736,windows,0,325,290,9,0,0,0,0,0,0,7,2,0
102.993,0,6870016,windows,0,325,290,9,0,0,0,0,0,0,7,2,0
103.145,1,6662144,windows,0,325,290,9,0,0,0,0,0,0,7,2,0
103.249,0,6886400,windows,0,325,290,9,0,0,0,0,0,0,7,2,0
103.406,1,6681600,windows,0,325,290,9,0,0,0,0,0,0,7,2,0
103.499,0,6902784,windows,0,325,290,9,0,0,0,0,0,0,7,2,0
103.661,1,6700032,windows,0,325,290,9,0,0,0,0,0,0,7,2,0
103.755,0,6919168,windows,0,325,290,9,0,0,0,0,0,0,7,2,0
103.919,1,6718464,windows,0,325,290,9,0,0,0,0,0,0,7,2,0
104.01,0,6932480,windows,0,325,290,9,0,0,0,0,0,0,7,2,0
104.184,1,6737920,windows,0,325,290,9,0,0,0,0,0,0,7,2,0
104.264,0,6949888,windows,0,325,290,9,0,0,0,0,0,0,7,2,0
104.437,1,6756352,repair,0,325,290,9,0,0,0,0,0,0,7,2,0
104.528,0,6967296,windows,0,325,290,9,0,0,0,0,0,0,7,2,0
104.689,1,6774784,repair,0,325,290,9,0,0,0,0,0,0,7,2,0
104.778,0,6984704,windows,0,325,290,9,0,0,0,0,0,0,7,2,0
104.949,1,6790144,windows,0,325,290,9,0,0,0,0,0,0,7,2,0
105.037,0,7002112,windows,0,325,290,9,0,0,0,0,0,0,7,2,0
105.207,1,6804480,windows,0,325,290,9,0,0,0,0,0,0,7,2,0
105.29,0,7020544,windows,0,325,290,9,0,0,0,0,0,0,7,2,0
105.461,1,6818816,windows,0,325,290,9,0,0,0,0,0,0,7,2,0
105.542,0,7038976,windows,0,325,290,9,0,0,0,0,0,0,7,2,0
105.712,1,6833152,windows,0,325,290,9,0,0,0,0,0,0,7,2,0
105.805,0,7056384,repair,0,325,290,9,0,0,0,0,0,0,7,2,0
105.965,1,6846464,windows,0,325,290,9,0,0,0,0,0,0,7,2,0
106.058,0,7074816,repair,0,325,290,9,0,0,0,0,0,0,7,2,0
106.224,1,6859776,windows,0,325,290,9,0,0,0,0,0,0,7,2,0
106.318,0,7094272,windows,0,325,290,9,0,0,0,0,0,0,7,2,0
106.478,1,6873088,windows,0,325,290,9,0,0,0,0,0,0,7,2,0
106.583,0,7112704,windows,0,325,290,9,0,0,0,0,0,0,7,2,0
106.741,1,6887424,windows,0,325,290,9,0,0,0,0,0,0,7,2,0
106.836,0,7130112,windows,0,325,290,9,0,0,0,0,0,0,7,2,0
106.998,1,6901760,windows,0,325,290,9,0,0,0,0,0,0,7,2,0
107.091,0,7147520,windows,0,325,290,9,0,0,0,0,0,0,7,2,0
107.26,1,6916096,windows,0,325,290,9,0,0,0,0,0,0,7,2,0
107.354,0,7164928,windows,0,325,290,9,0,0,0,0,0,0,7,2,0
107.531,1,6929408,windows,0,325,290,9,0,0,0,0,0,0,7,2,0
107.607,0,7178240,windows,0,325,290,9,0,0,0,0,0,0,7,2,0
107.798,1,6943744,windows,0,325,290,9,0,0,0,0,0,0,7,2,0
107.86,0,7192576,windows,0,325,290,9,0,0,0,0,0,0,7,2,0
108.063,1,6958080,windows,0,325,290,9,0,0,0,0,0,0,7,2,0
108.114,0,7206912,windows,0,325,290,9,0,0,0,0,0,0,7,2,0
108.319,1,6971392,windows,0,325,290,9,0,0,0,0,0,0,7,2,0
108.373,0,7221248,windows,0,325,290,9,0,0,0,0,0,0,7,2,0
108.583,1,6983680,windows,0,325,290,9,0,0,0,0,0,0,7,2,0
108.631,0,7234560,windows,0,325,290,9,0,0,0,0,0,0,7,2,0
108.839,1,6996992,windows,0,325,290,9,0,0,0,0,0,0,7,2,0
108.89,0,7248896,windows,0,325,290,9,0,0,0,0,0,0,7,2,0
109.108,1,7011328,windows,0,325,290,9,0,0,0,0,0,0,7,2,0
109.142,0,7263232,windows,0,325,290,9,0,0,0,0,0,0,7,2,0
109.367,1,7024640,windows,0,325,290,9,0,0,0,0,0,0,7,2,0
109.393,0,7279616,windows,0,325,290,9,0,0,0,0,0,0,7,2,0
109.625,1,7038976,windows,0,325,290,9,0,0,0,0,0,0,7,2,0
109.657,0,7298048,windows,0,325,290,9,0,0,0,0,0,0,7,2,0
109.895,1,7053312,windows,0,325,290,9,0,0,0,0,0,0,7,2,0
109.918,0,7315456,windows,0,325,290,9,0,0,0,0,0,0,7,2,0
110.16,1,7067648,windows,0,325,290,9,0,0,0,0,0,0,7,2,0
110.175,0,7333888,windows,0,325,290,9,0,0,0,0,0,0,7,2,0
110.412,1,7080960,windows,0,325,290,9,0,0,0,0,0,0,7,2,0
110.434,0,7354368,windows,0,325,290,9,0,0,0,0,0,0,7,2,0
110.667,1,7094272,windows,0,325,290,9,0,0,0,0,0,0,7,2,0
110.688,0,7369728,repair,876,2.02744e+08,2.02727e+08,6136,76,163,130,347,160,0,3445,2489,202
110.917,1,7107584,repair,0,325,290,9,0,0,0,0,0,0,7,2,0
110.943,0,7390208,repair,651,2.64497e+08,2.64438e+08,7134,34,137,112,237,131,0,4006,2945,183
111.181,1,7122944,windows,0,325,290,9,0,0,0,0,0,0,7,2,0
111.197,0,7410688,repair,512,2.69648e+08,2.69588e+08,7200,34,95,84,204,95,0,4037,3010,153
111.438,1,7137280,windows,0,325,290,9,0,0,0,0,0,0,7,2,0
111.46,0,7431168,repair,405,2.46333e+08,2.46256e+08,7052,29,85,81,146,64,0,4102,2811,139
111.704,1,7152640,windows,0,325,290,9,0,0,0,0,0,0,7,2,0
111.714,0,7450624,repair,322,2.29387e+08,2.29363e+08,6757,26,68,59,99,70,0,3859,2758,140
111.974,1,7166976,windows,0,325,290,9,0,0,0,0,0,0,7,2,0
111.977,0,7471104,repair,261,1.90594e+08,1.90594e+08,6255,10,45,44,102,60,0,3647,2468,140
112.229,1,7180288,windows,0,325,290,9,0,0,0,0,0,0,7,2,0
112.232,0,7490560,repair,205,1.78885e+08,1.78885e+08,6127,9,36,31,86,43,0,3656,2351,120
112.486,0,7510016,repair,146,1.66872e+08,1.66805e+08,5992,8,27,22,60,29,0,3638,2233,121
112.49,1,7194624,windows,0,325,290,9,0,0,0,0,0,0,7,2,0
112.738,0,7528448,repair,111,1.43788e+08,1.43743e+08,5594,4,27,15,40,25,0,3399,2064,131
112.744,1,7208960,windows,0,325,290,9,0,0,0,0,0,0,7,2,0
112.997,0,7547904,repair,76,1.32651e+08,1.32612e+08,5387,5,14,5,33,19,0,3303,1969,115
113,1,7223296,windows,0,325,290,9,0,0,0,0,0,0,7,2,0
113.253,0,7565312,repair,45,1.20914e+08,1.20898e+08,5110,1,8,6,17,13,0,3121,1896,93
113.255,1,7237632,windows,0,325,290,9,0,0,0,0,0,0,7,2,0
113.51,0,7584768,repair,26,1.08617e+08,1.08583e+08,4942,0,6,4,9,7,0,3135,1721,86
113.518,1,7251968,windows,0,325,290,9,0,0,0,0,0,0,7,2,0
113.761,0,7603200,repair,12,9.92412e+07,9.91933e+07,4714,0,3,2,7,0,0,2982,1652,80
113.77,1,7265280,windows,0,325,290,9,0,0,0,0,0,0,7,2,0
114.016,0,7622656,repair,3,8.57305e+07,8.57305e+07,4481,0,0,1,1,1,0,2968,1441,72
114.021,1,7278592,windows,0,325,290,9,0,0,0,0,0,0,7,2,0
114.269,0,7642112,repair,2,6.94702e+07,6.94702e+07,4031,0,0,0,1,1,0,2662,1302,67
114.282,1,7293952,windows,0,325,290,9,0,0,0,0,0,0,7,2,0
114.524,0,7660544,repair,0,6.81896e+07,6.81896e+07,3995,0,0,0,0,0,0,2637,1290,68
114.541,1,7308288,windows,0,325,290,9,0,0,0,0,0,0,7,2,0
114.778,0,7682048,repair,0,5.45525e+07,5.45162e+07,3563,0,0,0,0,0,0,2362,1153,48
114.806,1,7323648,windows,0,325,290,9,0,0,0,0,0,0,7,2,0
115.036,0,7698432,windows,0,3.73177e+07,3.73177e+07,2965,0,0,0,0,0,0,1979,940,46
115.061,1,7337984,windows,0,325,290,9,0,0,0,0,0,0,7,2,0
115.287,0,7714816,windows,0,3.07172e+07,3.0707e+07,2703,0,0,0,0,0,0,1831,834,38
115.33,1,7353344,windows,0,325,290,9,0,0,0,0,0,0,7,2,0
115.538,0,7731200,windows,0,2.56566e+07,2.56557e+07,2478,0,0,0,0,0,0,1703,746,29
115.584,1,7367680,windows,0,325,290,9,0,0,0,0,0,0,7,2,0
115.799,0,7746560,windows,0,2.06529e+07,2.06529e+07,2212,0,0,0,0,0,0,1486,692,34
115.841,1,7380992,windows,0,325,290,9,0,0,0,0,0,0,7,2,0
116.058,0,7762944,windows,0,1.72214e+07,1.72214e+07,2028,0,0,0,0,0,0,1379,620,29
116.104,1,7396352,windows,0,325,290,9,0,0,0,0,0,0,7,2,0
116.319,0,7780352,windows,0,1.44719e+07,1.44606e+07,1884,0,0,0,0,0,0,1331,529,24
116.363,1,7411712,windows,0,325,290,9,0,0,0,0,0,0,7,2,0
116.574,0,7795712,windows,0,1.25272e+07,1.25272e+07,1745,0,0,0,0,0,0,1214,507,24
116.617,1,7427072,windows,0,325,290,9,0,0,0,0,0,0,7,2,0
116.827,0,7811072,windows,0,1.0209e+07,1.02084e+07,1554,0,0,0,0,0,0,1046,486,22
116.879,1,7443456,windows,0,325,290,9,0,0,0,0,0,0,7,2,0
117.092,0,7827456,windows,0,8.46692e+06,8.46641e+06,1430,0,0,0,0,0,0,993,420,17
117.131,1,7458816,windows,0,325,290,9,0,0,0,0,0,0,7,2,0
117.347,0,7842816,windows,0,7.19411e+06,7.18905e+06,1321,0,0,0,0,0,0,924,382,15
117.385,1,7474176,windows,0,325,290,9,0,0,0,0,0,0,7,2,0
117.598,0,7859200,windows,0,6.12086e+06,6.11381e+06,1220,0,0,0,0,0,0,851,353,16
117.645,1,7486464,repair,810,2.70509e+08,2.7043e+08,7087,61,152,141,308,148,0,3908,2983,196
117.85,0,7874560,windows,0,4.91492e+06,4.91439e+06,1105,0,0,0,0,0,0,785,302,18
117.898,1,7503872,repair,641,3.04835e+08,3.04835e+08,7502,48,129,128,202,134,0,4079,3257,166
118.108,0,7888896,windows,0,4.23308e+06,4.23255e+06,1017,0,0,0,0,0,0,703,296,18
118.156,1,7524352,repair,537,2.59194e+08,2.59173e+08,7209,36,111,103,180,107,0,4163,2876,170
118.366,0,7902208,windows,0,3.68642e+06,3.68642e+06,945,0,0,0,0,0,0,648,281,16
118.417,1,7541760,repair,441,2.44857e+08,2.44801e+08,7030,31,89,93,146,82,0,4072,2803,155
118.62,0,7915520,windows,0,3.2324e+06,3.2324e+06,889,0,0,0,0,0,0,619,256,14
118.68,1,7559168,repair,372,2.01446e+08,2.01446e+08,6362,23,84,60,127,78,0,3687,2548,127
118.885,0,7929856,windows,0,2.8274e+06,2.8274e+06,840,0,0,0,0,0,0,600,226,14
118.944,1,7576576,repair,295,2.05959e+08,2.05941e+08,6382,16,51,33,122,73,0,3631,2619,132
119.144,0,7943168,windows,0,2.35464e+06,2.35189e+06,767,0,0,0,0,0,0,551,204,12
119.195,1,7592960,repair,236,1.97404e+08,1.974e+08,6309,20,42,35,97,42,0,3623,2548,138
119.406,0,7957504,windows,0,1.9638e+06,1.9613e+06,697,0,0,0,0,0,0,501,188,8
119.46,1,7610368,repair,174,1.96121e+08,1.96117e+08,6403,13,28,29,60,44,0,3792,2480,131
119.664,0,7971840,windows,0,1.62924e+06,1.6267e+06,636,0,0,0,0,0,0,455,172,9
119.713,1,7626752,repair,146,1.60238e+08,1.60221e+08,5853,3,23,19,74,27,0,3562,2189,102
119.925,0,7985152,windows,0,1.41814e+06,1.41775e+06,597,0,0,0,0,0,0,423,161,13
119.972,1,7642112,repair,121,1.45047e+08,1.4503e+08,5533,5,11,13,58,34,0,3324,2110,99
120.177,0,7997440,windows,0,1.26252e+06,1.25755e+06,565,0,0,0,0,0,0,405,148,12
120.226,1,7657472,repair,88,1.44341e+08,1.44283e+08,5537,2,10,15,39,22,0,3352,2094,91
120.437,0,8010752,windows,0,1.0584e+06,1.05653e+06,518,0,0,0,0,0,0,373,134,11
120.481,1,7672832,repair,58,1.34209e+08,1.34209e+08,5412,6,9,12,21,10,0,3337,1977,98
120.691,0,8024064,windows,0,868930,867261,469,0,0,0,0,0,0,334,124,11
120.735,1,7688192,repair,38,1.23997e+08,1.23958e+08,5172,2,3,8,17,8,0,3178,1914,80
120.947,0,8039424,windows,0,725375,725112,431,0,0,0,0,0,0,317,105,9
120.99,1,7703552,repair,27,1.05612e+08,1.05595e+08,4867,2,4,4,16,1,0,3097,1695,75
121.206,0,8054784,windows,0,596225,594569,390,0,0,0,0,0,0,285,97,8
121.245,1,7718912,repair,11,1.03652e+08,1.03618e+08,4789,0,0,2,7,2,0,3019,1702,68
121.463,0,8071168,windows,0,504990,504728,363,0,0,0,0,0,0,276,78,9
121.509,1,7735296,repair,2,9.28492e+07,9.28153e+07,4566,0,0,1,0,1,0,2905,1589,72
121.716,0,8085504,windows,0,377020,375579,314,0,0,0,0,0,0,230,74,10
121.772,1,7751680,repair,1,7.55457e+07,7.5532e+07,4175,0,1,0,0,0,0,2735,1379,61
121.975,0,8099840,windows,0,302030,300675,279,0,0,0,0,0,0,204,68,7
122.026,1,7766016,windows,0,6.20987e+07,6.20862e+07,3789,0,0,0,0,0,0,2499,1241,49
122.233,0,8114176,windows,0,256895,256895,255,0,0,0,0,0,0,179,69,7
122.285,1,7780352,windows,0,5.20659e+07,5.20319e+07,3488,0,0,0,0,0,0,2326,1117,45
122.495,0,8128512,windows,0,229010,227775,241,0,0,0,0,0,0,174,62,5
122.551,1,7793664,windows,0,4.48779e+07,4.48556e+07,3228,0,0,0,0,0,0,2134,1050,44
122.75,0,8142848,windows,0,192875,192101,220,0,0,0,0,0,0,155,60,5
122.813,1,7806976,windows,0,3.63476e+07,3.63275e+07,2910,0,0,0,0,0,0,1926,942,42
123.011,0,8157184,windows,0,145375,143656,191,0,0,0,0,0,0,133,53,5
123.076,1,7820288,windows,0,3.06675e+07,3.06664e+07,2683,0,0,0,0,0,0,1793,853,37
123.264,0,8170496,windows,0,115115,115115,172,0,0,0,0,0,0,123,44,5
123.34,1,7832576,windows,0,2.65916e+07,2.65745e+07,2498,0,0,0,0,0,0,1660,799,39
123.527,0,8184832,windows,0,103555,103555,164,0,0,0,0,0,0,119,40,5
123.605,1,7845888,windows,0,2.28994e+07,2.28915e+07,2334,0,0,0,0,0,0,1583,719,32
123.789,0,8200192,windows,0,90575,89800,153,0,0,0,0,0,0,109,39,5
123.867,1,7860224,windows,0,1.99118e+07,1.99044e+07,2177,0,0,0,0,0,0,1475,671,31
124.041,0,8214528,windows,0,82420,81805,147,0,0,0,0,0,0,112,31,4
124.129,1,7873536,windows,0,1.65555e+07,1.65433e+07,1994,0,0,0,0,0,0,1349,609,36
124.303,0,8228864,windows,0,65480,64785,129,0,0,0,0,0,0,90,35,4
124.381,1,7886848,windows,0,1.38786e+07,1.38614e+07,1842,0,0,0,0,0,0,1256,545,41
124.568,0,8243200,windows,0,55670,54832.5,118,0,0,0,0,0,0,78,35,5
124.633,1,7900160,windows,0,1.20443e+07,1.20349e+07,1734,0,0,0,0,0,0,1231,471,32
124.834,0,8257536,windows,0,46180,45605,109,0,0,0,0,0,0,76,29,4
124.893,1,7913472,windows,0,1.05078e+07,1.04979e+07,1610,0,0,0,0,0,0,1128,454,28
125.097,0,8271872,windows,0,41800,41451.2,103,0,0,0,0,0,0,70,29,4
125.152,1,7926784,windows,0,9.23578e+06,9.2213e+06,1507,0,0,0,0,0,0,1059,425,23
125.354,0,8287232,windows,0,38425,38425,98,0,0,0,0,0,0,65,29,4
125.419,1,7940096,windows,0,7.78709e+06,7.78251e+06,1360,0,0,0,0,0,0,916,423,21
125.605,0,8301568,windows,0,28245,28245,85,0,0,0,0,0,0,57,24,4
125.673,1,7953408,windows,0,6.56182e+06,6.55002e+06,1262,0,0,0,0,0,0,866,374,22
125.862,0,8315904,windows,0,25185,24901.2,80,0,0,0,0,0,0,57,21,2
125.941,1,7966720,windows,0,5.71644e+06,5.71575e+06,1190,0,0,0,0,0,0,833,334,23
126.121,0,8330240,windows,0,21640,21381.2,74,0,0,0,0,0,0,52,20,2
126.206,1,7981056,windows,0,4.93402e+06,4.93402e+06,1110,0,0,0,0,0,0,795,297,18
126.375,0,8344576,windows,0,19345,19101.2,70,0,0,0,0,0,0,49,19,2
126.462,1,7994368,windows,0,4.35973e+06,4.35911e+06,1041,0,0,0,0,0,0,730,290,21
126.639,0,8358912,windows,0,19285,19021.2,71,0,0,0,0,0,0,53,16,2
126.726,1,8007680,windows,0,3.61805e+06,3.61485e+06,940,0,0,0,0,0,0,640,279,21
126.9,0,8373248,windows,0,15665,15136.2,64,0,0,0,0,0,0,47,15,2
126.977,1,8019968,windows,0,3.12888e+06,3.12841e+06,879,0,0,0,0,0,0,615,248,16
127.168,0,8386560,windows,0,14485,14170,61,0,0,0,0,0,0,43,16,2
127.237,1,8033280,windows,0,2.68907e+06,2.68619e+06,819,0,0,0,0,0,0,576,226,17
127.426,0,8399872,windows,0,13180,12961.2,59,0,0,0,0,0,0,44,13,2
127.497,1,8046592,windows,0,2.32188e+06,2.31923e+06,758,0,0,0,0,0,0,529,214,15
127.684,0,8414208,windows,0,13180,12961.2,59,0,0,0,0,0,0,44,13,2
127.747,1,8059904,windows,0,1.99862e+06,1.99474e+06,706,0,0,0,0,0,0,498,194,14
127.954,0,8429568,windows,0,11820,11611.2,56,0,0,0,0,0,0,42,12,2
128.003,1,8072192,windows,0,1.71782e+06,1.71782e+06,646,0,0,0,0,0,0,438,194,14
128.212,0,8444928,windows,0,11405,11201.2,55,0,0,0,0,0,0,41,12,2
128.26,1,8084480,windows,0,1.37374e+06,1.36989e+06,580,0,0,0,0,0,0,394,172,14
128.471,0,8461312,windows,0,11000,11000,54,0,0,0,0,0,0,40,12,2
128.531,1,8098816,windows,0,1.10806e+06,1.10761e+06,529,0,0,0,0,0,0,369,145,15
128.727,0,8478720,windows,0,10220,9985,52,0,0,0,0,0,0,38,12,2
128.784,1,8114176,windows,0,948575,946831,493,0,0,0,0,0,0,349,129,15
128.979,0,8496128,windows,0,9845,9845,51,0,0,0,0,0,0,37,12,2
129.038,1,8129536,windows,0,827630,823576,459,0,0,0,0,0,0,324,122,13
129.231,0,8512512,windows,0,9480,9480,50,0,0,0,0,0,0,36,12,2
129.312,1,8142848,windows,0,676085,673810,413,0,0,0,0,0,0,287,114,12
129.485,0,8529920,windows,0,8965,8781.25,49,0,0,0,0,0,0,37,10,2
129.564,1,8154112,windows,0,577780,577780,378,0,0,0,0,0,0,254,112,12
129.749,0,8549376,windows,0,8965,8781.25,49,0,0,0,0,0,0,37,10,2
129.831,1,8168448,windows,0,493685,493332,355,0,0,0,0,0,0,247,96,12
130.012,0,8567808,windows,0,8320,8151.25,47,0,0,0,0,0,0,34,11,2
130.098,1,8182784,windows,0,430540,429089,331,0,0,0,0,0,0,232,89,10
130.263,0,8586240,windows,0,7240,7081.25,44,0,0,0,0,0,0,32,10,2
130.356,1,8196096,windows,0,378550,378550,312,0,0,0,0,0,0,214,85,13
130.529,0,8604672,windows,0,7240,7081.25,44,0,0,0,0,0,0,32,10,2
130.617,1,8210432,windows,0,333545,331930,292,0,0,0,0,0,0,199,81,12
130.78,0,8622080,windows,0,7240,7081.25,44,0,0,0,0,0,0,32,10,2
130.868,1,8222720,windows,0,253430,251895,250,0,0,0,0,0,0,162,77,11
131.038,0,8638464,windows,0,6530,6530,41,0,0,0,0,0,0,30,10,1
131.132,1,8236032,windows,0,214995,214201,232,0,0,0,0,0,0,159,66,7
131.291,0,8653824,windows,0,6455,6301.25,41,0,0,0,0,0,0,31,9,1
131.391,1,8249344,windows,0,182475,182212,216,0,0,0,0,0,0,147,60,9
131.548,0,8670208,windows,0,6235,6235,40,0,0,0,0,0,0,29,10,1
131.65,1,8263680,windows,0,149735,148006,197,0,0,0,0,0,0,135,53,9
131.802,0,8687616,windows,0,6150,6150,40,0,0,0,0,0,0,30,9,1
131.912,1,8278016,windows,0,120000,118812,176,0,0,0,0,0,0,120,48,8
132.063,0,8705024,windows,0,6150,6150,40,0,0,0,0,0,0,30,9,1
132.17,1,8292352,windows,0,92485,92485,155,0,0,0,0,0,0,109,40,6
132.315,0,8721408,windows,0,6150,6150,40,0,0,0,0,0,0,30,9,1
132.432,1,8306688,windows,0,77005,76521.2,141,0,0,0,0,0,0,97,38,6
132.575,0,8739840,windows,0,6150,6150,40,0,0,0,0,0,0,30,9,1
132.696,1,8322048,windows,0,63425,62730,128,0,0,0,0,0,0,87,35,6
132.832,0,8758272,windows,0,6115,5961.25,40,0,0,0,0,0,0,31,8,1
132.95,1,8336384,windows,0,56095,55671.2,121,0,0,0,0,0,0,85,31,5
133.093,0,8777728,windows,0,5810,5661.25,39,0,0,0,0,0,0,30,8,1
133.218,1,8350720,windows,0,52370,51775,117,0,0,0,0,0,0,82,30,5
133.349,0,8797184,windows,0,5810,5661.25,39,0,0,0,0,0,0,30,8,1
133.472,1,8365056,windows,0,39190,39190,98,0,0,0,0,0,0,62,31,5
133.6,0,8815616,windows,0,5810,5661.25,39,0,0,0,0,0,0,30,8,1
133.723,1,8379392,windows,0,34165,33992.5,93,0,0,0,0,0,0,59,28,6
133.855,0,8834048,windows,0,5810,5661.25,39,0,0,0,0,0,0,30,8,1
133.979,1,8393728,windows,0,30400,30227.5,89,0,0,0,0,0,0,58,25,6
134.107,0,8850432,windows,0,325,290,9,0,0,0,0,0,0,7,2,0
134.232,1,8408064,windows,0,27575,27575,85,0,0,0,0,0,0,57,23,5
134.369,0,8868864,windows,0,325,290,9,0,0,0,0,0,0,7,2,0
134.486,1,8422400,windows,0,26315,26051.2,82,0,0,0,0,0,0,53,24,5
134.632,0,8887296,windows,0,325,290,9,0,0,0,0,0,0,7,2,0
134.749,1,8436736,windows,0,23435,23435,78,0,0,0,0,0,0,51,22,5
134.883,0,8904704,windows,0,325,290,9,0,0,0,0,0,0,7,2,0
135.007,1,8451072,windows,0,20135,19720,71,0,0,0,0,0,0,47,21,3
135.141,0,8923136,windows,0,325,290,9,0,0,0,0,0,0,7,2,0
135.272,1,8466432,windows,0,18850,18621.2,69,0,0,0,0,0,0,46,20,3
135.396,0,8940544,windows,0,325,290,9,0,0,0,0,0,0,7,2,0
135.534,1,8481792,windows,0,18395,18171.2,68,0,0,0,0,0,0,45,20,3
135.655,0,8957952,windows,0,325,290,9,0,0,0,0,0,0,7,2,0
135.792,1,8497152,windows,0,17950,17731.2,67,0,0,0,0,0,0,44,20,3
135.913,0,8975360,windows,0,325,290,9,0,0,0,0,0,0,7,2,0
136.048,1,8511488,windows,0,15745,15745,62,0,0,0,0,0,0,41,19,2
136.176,0,8992768,windows,0,325,290,9,0,0,0,0,0,0,7,2,0
136.301,1,8525824,windows,0,14945,14751.2,60,0,0,0,0,0,0,39,19,2
136.44,0,9010176,windows,0,325,290,9,0,0,0,0,0,0,7,2,0
136.562,1,8541184,windows,0,13820,13465,58,0,0,0,0,0,0,38,18,2
136.693,0,9027584,windows,0,325,290,9,0,0,0,0,0,0,7,2,0
136.827,1,8557568,windows,0,13080,12546.2,56,0,0,0,0,0,0,36,18,2
136.955,0,9046016,windows,0,325,290,9,0,0,0,0,0,0,7,2,0
137.087,1,8572928,windows,0,12045,11690,53,0,0,0,0,0,0,33,18,2
137.207,0,9065472,windows,0,325,290,9,0,0,0,0,0,0,7,2,0
137.346,1,8588288,windows,0,12045,11690,53,0,0,0,0,0,0,33,18,2
137.457,0,9084928,windows,0,325,290,9,0,0,0,0,0,0,7,2,0
137.602,1,8603648,windows,0,12025,11851.2,54,0,0,0,0,0,0,35,17,2
137.716,0,9106432,windows,0,325,290,9,0,0,0,0,0,0,7,2,0
137.862,1,8619008,windows,0,10105,9770,48,0,0,0,0,0,0,29,17,2
137.98,0,9126912,windows,0,325,290,9,0,0,0,0,0,0,7,2,0
138.125,1,8633344,windows,0,10105,9770,48,0,0,0,0,0,0,29,17,2
138.234,0,9144320,windows,0,325,290,9,0,0,0,0,0,0,7,2,0
138.383,1,8647680,windows,0,9740,9276.25,48,0,0,0,0,0,0,30,16,2
138.494,0,9158656,windows,0,325,290,9,0,0,0,0,0,0,7,2,0
138.635,1,8662016,windows,0,9160,8845,46,0,0,0,0,0,0,28,16,2
138.748,0,9176064,windows,0,325,290,9,0,0,0,0,0,0,7,2,0
138.888,1,8676352,windows,0,8885,8570,45,0,0,0,0,0,0,27,16,2
139.001,0,9192448,windows,0,325,290,9,0,0,0,0,0,0,7,2,0
139.156,1,8691712,windows,0,8265,7970,44,0,0,0,0,0,0,27,15,2
139.255,0,9208832,windows,0,325,290,9,0,0,0,0,0,0,7,2,0
139.424,1,8708096,windows,0,8265,7970,44,0,0,0,0,0,0,27,15,2
139.52,0,9225216,windows,0,325,290,9,0,0,0,0,0,0,7,2,0
139.687,1,8723456,windows,0,7500,7205,41,0,0,0,0,0,0,24,15,2
139.778,0,9241600,windows,0,325,290,9,0,0,0,0,0,0,7,2,0
139.942,1,8739840,windows,0,7500,7205,41,0,0,0,0,0,0,24,15,2
140.039,0,9259008,windows,0,325,290,9,0,0,0,0,0,0,7,2,0
140.195,1,8756224,windows,0,7500,7205,41,0,0,0,0,0,0,24,15,2
140.301,0,9276416,windows,0,325,290,9,0,0,0,0,0,0,7,2,0
140.458,1,8772608,windows,0,7500,7205,41,0,0,0,0,0,0,24,15,2
140.556,0,9292800,windows,0,325,290,9,0,0,0,0,0,0,7,2,0
140.715,1,8790016,windows,0,7500,7205,41,0,0,0,0,0,0,24,15,2
140.817,0,9309184,windows,0,325,290,9,0,0,0,0,0,0,7,2,0
140.967,1,8806400,windows,0,325,290,9,0,0,0,0,0,0,7,2,0
141.09,0,9325568,windows,0,325,290,9,0,0,0,0,0,0,7,2,0
141.219,1,8824832,windows,0,325,290,9,0,0,0,0,0,0,7,2,0
141.352,0,9342976,windows,0,325,290,9,0,0,0,0,0,0,7,2,0
141.474,1,8843264,windows,0,325,290,9,0,0,0,0,0,0,7,2,0
141.612,0,9359360,windows,0,325,290,9,0,0,0,0,0,0,7,2,0
141.731,1,8862720,windows,0,325,290,9,0,0,0,0,0,0,7,2,0
141.865,0,9374720,windows,0,325,290,9,0,0,0,0,0,0,7,2,0
141.994,1,8882176,windows,0,325,290,9,0,0,0,0,0,0,7,2,0
142.121,0,9391104,repair,0,325,290,9,0,0,0,0,0,0,7,2,0
142.254,1,8902656,windows,0,325,290,9,0,0,0,0,0,0,7,2,0
142.38,0,9410560,repair,0,325,290,9,0,0,0,0,0,0,7,2,0
142.508,1,8922112,windows,0,325,290,9,0,0,0,0,0,0,7,2,0
142.643,0,9428992,windows,0,325,290,9,0,0,0,0,0,0,7,2,0
142.77,1,8941568,windows,0,325,290,9,0,0,0,0,0,0,7,2,0
142.901,0,9447424,windows,0,325,290,9,0,0,0,0,0,0,7,2,0
143.022,1,8961024,windows,0,325,290,9,0,0,0,0,0,0,7,2,0
143.163,0,9465856,windows,0,325,290,9,0,0,0,0,0,0,7,2,0
143.279,1,8981504,windows,0,325,290,9,0,0,0,0,0,0,7,2,0
143.418,0,9483264,windows,0,325,290,9,0,0,0,0,0,0,7,2,0
143.534,1,8999936,windows,0,325,290,9,0,0,0,0,0,0,7,2,0
143.674,0,9499648,windows,0,325,290,9,0,0,0,0,0,0,7,2,0
143.796,1,9016320,windows,0,325,290,9,0,0,0,0,0,0,7,2,0
143.927,0,9515008,windows,0,325,290,9,0,0,0,0,0,0,7,2,0
144.056,1,9034752,windows,0,325,290,9,0,0,0,0,0,0,7,2,0
144.191,0,9531392,windows,0,325,290,9,0,0,0,0,0,0,7,2,0
144.309,1,9053184,windows,0,325,290,9,0,0,0,0,0,0,7,2,0
144.447,0,9546752,windows,0,325,290,9,0,0,0,0,0,0,7,2,0
144.559,1,9070592,windows,0,325,290,9,0,0,0,0,0,0,7,2,0
144.699,0,9564160,windows,0,325,290,9,0,0,0,0,0,0,7,2,0
144.821,1,9090048,windows,0,325,290,9,0,0,0,0,0,0,7,2,0
144.949,0,9580544,windows,0,325,290,9,0,0,0,0,0,0,7,2,0
145.078,1,9109504,windows,0,325,290,9,0,0,0,0,0,0,7,2,0
145.211,0,9598976,windows,0,325,290,9,0,0,0,0,0,0,7,2,0
145.339,1,9131008,windows,0,325,290,9,0,0,0,0,0,0,7,2,0
145.467,0,9617408,windows,0,325,290,9,0,0,0,0,0,0,7,2,0
145.6,1,9151488,windows,0,325,290,9,0,0,0,0,0,0,7,2,0
145.723,0,9636864,windows,0,325,290,9,0,0,0,0,0,0,7,2,0
145.862,1,9169920,windows,0,325,290,9,0,0,0,0,0,0,7,2,0
145.983,0,9656320,windows,0,325,290,9,0,0,0,0,0,0,7,2,0
146.121,1,9188352,windows,0,325,290,9,0,0,0,0,0,0,7,2,0
146.239,0,9675776,windows,0,325,290,9,0,0,0,0,0,0,7,2,0
146.38,1,9206784,windows,0,325,290,9,0,0,0,0,0,0,7,2,0
146.49,0,9693184,windows,0,325,290,9,0,0,0,0,0,0,7,2,0
146.636,1,9223168,windows,0,325,290,9,0,0,0,0,0,0,7,2,0
146.754,0,9711616,windows,0,325,290,9,0,0,0,0,0,0,7,2,0
146.89,1,9240576,windows,0,325,290,9,0,0,0,0,0,0,7,2,0
147.005,0,9730048,windows,0,325,290,9,0,0,0,0,0,0,7,2,0
147.145,1,9257984,windows,0,325,290,9,0,0,0,0,0,0,7,2,0
147.268,0,9751552,windows,0,325,290,9,0,0,0,0,0,0,7,2,0
147.399,1,9276416,repair,0,325,290,9,0,0,0,0,0,0,7,2,0
147.525,0,9768960,repair,0,325,290,9,0,0,0,0,0,0,7,2,0
147.65,1,9293824,repair,0,325,290,9,0,0,0,0,0,0,7,2,0
147.787,0,9788416,repair,0,325,290,9,0,0,0,0,0,0,7,2,0
147.91,1,9312256,repair,0,325,290,9,0,0,0,0,0,0,7,2,0
148.051,0,9806848,repair,0,325,290,9,0,0,0,0,0,0,7,2,0
148.173,1,9329664,windows,0,325,290,9,0,0,0,0,0,0,7,2,0
148.31,0,9824256,windows,0,325,290,9,0,0,0,0,0,0,7,2,0
148.427,1,9345024,windows,0,325,290,9,0,0,0,0,0,0,7,2,0
148.569,0,9840640,windows,0,325,290,9,0,0,0,0,0,0,7,2,0
148.688,1,9361408,windows,0,325,290,9,0,0,0,0,0,0,7,2,0
148.829,0,9858048,windows,0,325,290,9,0,0,0,0,0,0,7,2,0
148.95,1,9378816,windows,0,325,290,9,0,0,0,0,0,0,7,2,0
149.091,0,9876480,windows,0,325,290,9,0,0,0,0,0,0,7,2,0
149.211,1,9396224,windows,0,325,290,9,0,0,0,0,0,0,7,2,0
149.345,0,9890816,windows,0,325,290,9,0,0,0,0,0,0,7,2,0
149.475,1,9412608,windows,0,325,290,9,0,0,0,0,0,0,7,2,0
149.596,0,9906176,windows,0,325,290,9,0,0,0,0,0,0,7,2,0
149.745,1,9427968,windows,0,325,290,9,0,0,0,0,0,0,7,2,0
149.858,0,9921536,windows,0,325,290,9,0,0,0,0,0,0,7,2,0
150.003,1,9442304,windows,0,325,290,9,0,0,0,0,0,0,7,2,0
150.112,0,9936896,windows,0,325,290,9,0,0,0,0,0,0,7,2,0
150.256,1,9457664,windows,0,325,290,9,0,0,0,0,0,0,7,2,0
150.374,0,9953280,windows,0,325,290,9,0,0,0,0,0,0,7,2,0
150.512,1,9473024,windows,0,325,290,9,0,0,0,0,0,0,7,2,0
150.629,0,9969664,windows,0,325,290,9,0,0,0,0,0,0,7,2,0
150.768,1,9489408,windows,0,325,290,9,0,0,0,0,0,0,7,2,0
150.889,0,9985024,windows,0,325,290,9,0,0,0,0,0,0,7,2,0
151.02,1,9505792,windows,0,325,290,9,0,0,0,0,0,0,7,2,0
151.149,0,10002432,windows,0,325,290,9,0,0,0,0,0,0,7,2,0
151.282,1,9523200,windows,0,325,290,9,0,0,0,0,0,0,7,2,0
151.408,0,10019840,windows,0,325,290,9,0,0,0,0,0,0,7,2,0
151.544,1,9541632,windows,0,325,290,9,0,0,0,0,0,0,7,2,0
151.666,0,10038272,windows,0,325,290,9,0,0,0,0,0,0,7,2,0
151.81,1,9558016,windows,0,325,290,9,0,0,0,0,0,0,7,2,0
151.928,0,10055680,windows,0,325,290,9,0,0,0,0,0,0,7,2,0
152.063,1,9573376,windows,0,325,290,9,0,0,0,0,0,0,7,2,0
152.188,0,10073088,windows,0,325,290,9,0,0,0,0,0,0,7,2,0
152.314,1,9588736,repair,0,325,290,9,0,0,0,0,0,0,7,2,0
152.453,0,10087424,repair,797,2.87286e+08,2.87219e+08,7364,70,166,155,281,125,0,4094,3071,199
152.573,1,9605120,repair,0,325,290,9,0,0,0,0,0,0,7,2,0
152.706,0,10106880,repair,621,2.88849e+08,2.88761e+08,7554,49,128,114,208,122,0,4338,3046,170
152.834,1,9621504,windows,0,325,290,9,0,0,0,0,0,0,7,2,0
152.96,0,10125312,repair,524,2.52119e+08,2.52094e+08,6993,35,111,89,189,100,0,3926,2898,169
153.093,1,9637888,windows,0,325,290,9,0,0,0,0,0,0,7,2,0
153.222,0,10145792,repair,408,2.50588e+08,2.50564e+08,7063,18,69,79,154,88,0,4062,2860,141
153.356,1,9654272,windows,0,325,290,9,0,0,0,0,0,0,7,2,0
153.476,0,10166272,repair,339,2.03333e+08,2.0331e+08,6423,20,68,58,119,74,0,3759,2546,118
153.611,1,9670656,windows,0,325,290,9,0,0,0,0,0,0,7,2,0
153.727,0,10185728,repair,272,1.84047e+08,1.83977e+08,6125,12,48,49,102,61,0,3595,2422,108
153.873,1,9689088,windows,0,325,290,9,0,0,0,0,0,0,7,2,0
153.983,0,10206208,repair,187,1.90036e+08,1.90036e+08,6264,10,34,44,66,33,0,3701,2454,109
154.135,1,9707520,windows,0,325,290,9,0,0,0,0,0,0,7,2,0
154.236,0,10227712,repair,145,1.61337e+08,1.61317e+08,5820,6,15,24,66,34,0,3496,2229,95
154.392,1,9724928,windows,0,325,290,9,0,0,0,0,0,0,7,2,0
154.487,0,10246144,repair,109,1.49143e+08,1.49143e+08,5644,5,15,16,47,26,0,3419,2122,103
154.656,1,9743360,windows,0,325,290,9,0,0,0,0,0,0,7,2,0
154.742,0,10261504,repair,85,1.34133e+08,1.34133e+08,5432,3,10,11,38,23,0,3375,1958,99
154.911,1,9760768,windows,0,325,290,9,0,0,0,0,0,0,7,2,0
154.999,0,10277888,repair,53,1.26421e+08,1.26418e+08,5244,3,9,9,20,12,0,3224,1925,95
155.171,1,9778176,windows,0,325,290,9,0,0,0,0,0,0,7,2,0
155.254,0,10294272,repair,30,1.1964e+08,1.19624e+08,5141,3,4,3,15,5,0,3220,1838,83
155.43,1,9796608,windows,0,325,290,9,0,0,0,0,0,0,7,2,0
155.511,0,10310656,repair,17,1.07706e+08,1.07671e+08,4881,1,3,1,9,3,0,3037,1751,93
155.683,1,9815040,windows,0,325,290,9,0,0,0,0,0,0,7,2,0
155.77,0,10327040,repair,9,9.61707e+07,9.61206e+07,4609,1,1,0,6,1,0,2867,1656,86
155.942,1,9833472,windows,0,325,290,9,0,0,0,0,0,0,7,2,0
156.027,0,10342400,repair,3,8.12147e+07,8.12004e+07,4347,0,1,1,1,0,0,2854,1420,73
156.193,1,9849856,windows,0,325,290,9,0,0,0,0,0,0,7,2,0
156.29,0,10358784,windows,0,7.04569e+07,7.04149e+07,4043,0,0,0,0,0,0,2641,1331,71
156.45,1,9866240,windows,0,325,290,9,0,0,0,0,0,0,7,2,0
156.551,0,10373120,windows,0,5.72695e+07,5.72679e+07,3678,0,0,0,0,0,0,2466,1157,55
156.711,1,9882624,windows,0,325,290,9,0,0,0,0,0,0,7,2,0
156.807,0,10387456,windows,0,4.68122e+07,4.67999e+07,3303,0,0,0,0,0,0,2192,1066,45
156.963,1,9895936,windows,0,325,290,9,0,0,0,0,0,0,7,2,0
157.076,0,10401792,windows,0,3.95394e+07,3.95377e+07,3036,0,0,0,0,0,0,1986,993,57
157.214,1,9909248,windows,0,325,290,9,0,0,0,0,0,0,7,2,0
157.328,0,10415104,windows,0,3.25113e+07,3.25113e+07,2752,0,0,0,0,0,0,1815,894,43
157.48,1,9923584,windows,0,325,290,9,0,0,0,0,0,0,7,2,0
157.591,0,10429440,windows,0,2.79954e+07,2.79954e+07,2553,0,0,0,0,0,0,1694,825,34
157.743,1,9938944,windows,0,325,290,9,0,0,0,0,0,0,7,2,0
157.852,0,10443776,windows,0,2.41416e+07,2.41186e+07,2397,0,0,0,0,0,0,1616,743,38
158.006,1,9953280,windows,0,325,290,9,0,0,0,0,0,0,7,2,0
158.113,0,10458112,windows,0,2.10213e+07,2.0999e+07,2247,0,0,0,0,0,0,1534,679,34
158.257,1,9967616,windows,0,325,290,9,0,0,0,0,0,0,7,2,0
158.373,0,10472448,windows,0,1.75363e+07,1.75161e+07,2048,0,0,0,0,0,0,1402,620,26
158.514,1,9981952,windows,0,325,290,9,0,0,0,0,0,0,7,2,0
158.635,0,10488832,windows,0,1.44846e+07,1.4473e+07,1869,0,0,0,0,0,0,1296,551,22
158.775,1,9997312,windows,0,325,290,9,0,0,0,0,0,0,7,2,0
158.904,0,10506240,windows,0,1.21312e+07,1.21304e+07,1717,0,0,0,0,0,0,1191,501,25
159.038,1,10012672,windows,0,325,290,9,0,0,0,0,0,0,7,2,0
159.16,0,10521600,windows,0,1.04313e+07,1.0425e+07,1595,0,0,0,0,0,0,1105,464,26
159.294,1,10030080,windows,0,325,290,9,0,0,0,0,0,0,7,2,0
159.416,0,10537984,windows,0,8.50324e+06,8.49824e+06,1442,0,0,0,0,0,0,999,418,25
159.557,1,10043392,repair,838,2.40513e+08,2.40451e+08,6631,43,160,176,296,163,0,3628,2812,191
159.673,0,10554368,windows,0,6.98238e+06,6.96956e+06,1312,0,0,0,0,0,0,911,375,26
159.82,1,10064896,repair,633,2.7841e+08,2.78344e+08,7355,37,125,114,238,119,0,4160,3014,181
159.94,0,10571776,windows,0,5.77334e+06,5.76841e+06,1202,0,0,0,0,0,0,857,323,22
160.073,1,10085376,repair,512,2.64271e+08,2.6425e+08,7237,26,102,81,203,100,0,4163,2920,154
160.191,0,10586112,windows,0,4.98e+06,4.96922e+06,1115,0,0,0,0,0,0,783,308,24
160.327,1,10105856,repair,400,2.38936e+08,2.38912e+08,6895,22,74,80,142,82,0,3941,2802,152
160.451,0,10600448,windows,0,4.24237e+06,4.23811e+06,1030,0,0,0,0,0,0,728,281,21
160.582,1,10127360,repair,310,2.19619e+08,2.19547e+08,6592,17,50,54,124,65,0,3714,2716,162
160.708,0,10613760,windows,0,3.48988e+06,3.48988e+06,920,0,0,0,0,0,0,633,272,15
160.832,1,10146816,repair,260,1.92354e+08,1.92305e+08,6321,21,47,40,95,57,0,3725,2458,138
160.968,0,10627072,windows,0,3.00206e+06,3.00206e+06,864,0,0,0,0,0,0,626,228,10
161.086,1,10166272,repair,190,1.86295e+08,1.86274e+08,6114,15,44,25,63,43,0,3514,2483,117
161.221,0,10640384,windows,0,2.60463e+06,2.59747e+06,806,0,0,0,0,0,0,582,213,11
161.345,1,10184704,repair,149,1.5751e+08,1.57493e+08,5718,10,15,29,67,28,0,3374,2232,112
161.489,0,10653696,windows,0,2.21917e+06,2.21257e+06,745,0,0,0,0,0,0,538,196,11
161.604,1,10204160,repair,101,1.57741e+08,1.57738e+08,5703,3,13,22,37,26,0,3340,2251,112
161.749,0,10667008,windows,0,1.91842e+06,1.91592e+06,693,0,0,0,0,0,0,499,183,11
161.856,1,10223616,repair,73,1.42104e+08,1.42087e+08,5467,2,10,13,27,21,0,3259,2104,104
162.004,0,10679296,windows,0,1.54813e+06,1.54787e+06,621,0,0,0,0,0,0,446,166,9
162.112,1,10242048,repair,42,1.28062e+08,1.28045e+08,5308,2,11,7,13,9,0,3304,1913,91
162.269,0,10692608,windows,0,1.25418e+06,1.24915e+06,557,0,0,0,0,0,0,396,153,8
162.364,1,10262528,repair,19,1.17774e+08,1.17737e+08,5073,0,4,3,8,4,0,3151,1843,79
162.529,0,10704896,windows,0,1.0704e+06,1.06729e+06,517,0,0,0,0,0,0,366,141,10
162.62,1,10279936,repair,9,1.04456e+08,1.04456e+08,4824,1,1,2,4,1,0,3054,1698,72
162.795,0,10719232,windows,0,922630,920095,480,0,0,0,0,0,0,346,127,7
162.871,1,10298368,repair,2,9.12098e+07,9.11778e+07,4491,0,1,0,0,1,0,2824,1600,67
163.063,0,10733568,windows,0,801065,798770,450,0,0,0,0,0,0,327,115,8
163.126,1,10317824,repair,0,7.01777e+07,7.01777e+07,4021,0,0,0,0,0,0,2628,1333,60
163.322,0,10746880,windows,0,597880,594114,378,0,0,0,0,0,0,256,116,6
163.39,1,10336256,repair,0,7.01777e+07,7.01777e+07,4021,0,0,0,0,0,0,2628,1333,60
163.576,0,10760192,windows,0,502370,502168,351,0,0,0,0,0,0,242,102,7
163.648,1,10352640,repair,0,5.62754e+07,5.6238e+07,3607,0,0,0,0,0,0,2356,1192,59
163.829,0,10773504,windows,0,416645,416412,325,0,0,0,0,0,0,231,86,8
163.915,1,10369024,repair,0,4.85403e+07,4.8506e+07,3390,0,0,0,0,0,0,2268,1066,56
164.092,0,10787840,windows,0,352580,352348,300,0,0,0,0,0,0,214,78,8
164.167,1,10383360,windows,0,3.67001e+07,3.66719e+07,2964,0,0,0,0,0,0,2003,910,51
164.357,0,10802176,windows,0,314920,313659,285,0,0,0,0,0,0,206,71,8
164.428,1,10397696,windows,0,3.14624e+07,3.14624e+07,2728,0,0,0,0,0,0,1808,867,53
164.622,0,10815488,windows,0,251805,251805,251,0,0,0,0,0,0,171,72,8
164.68,1,10411008,windows,0,2.791e+07,2.79012e+07,2584,0,0,0,0,0,0,1748,793,43
164.875,0,10827776,windows,0,223545,222519,236,0,0,0,0,0,0,159,69,8
164.953,1,10424320,windows,0,2.2928e+07,2.29139e+07,2345,0,0,0,0,0,0,1610,705,30
165.144,0,10842112,windows,0,182270,180336,213,0,0,0,0,0,0,148,60,5
165.204,1,10437632,windows,0,2.00299e+07,2.00224e+07,2188,0,0,0,0,0,0,1494,665,29
165.405,0,10856448,windows,0,153395,151424,192,0,0,0,0,0,0,127,60,5
165.47,1,10451968,windows,0,1.7127e+07,1.7127e+07,2023,0,0,0,0,0,0,1387,612,24
165.656,0,10869760,windows,0,135670,135528,182,0,0,0,0,0,0,122,55,5
165.732,1,10465280,windows,0,1.49892e+07,1.49892e+07,1908,0,0,0,0,0,0,1322,558,28
165.914,0,10883072,windows,0,112140,110444,168,0,0,0,0,0,0,114,48,6
165.988,1,10477568,windows,0,1.32833e+07,1.32666e+07,1802,0,0,0,0,0,0,1253,520,29
166.178,0,10896384,windows,0,87660,87487.5,147,0,0,0,0,0,0,96,45,6
166.245,1,10489856,windows,0,1.11673e+07,1.11673e+07,1649,0,0,0,0,0,0,1161,470,18
166.435,0,10911744,windows,0,74745,74108.8,138,0,0,0,0,0,0,93,39,6
166.509,1,10503168,windows,0,9.73014e+06,9.72425e+06,1530,0,0,0,0,0,0,1049,459,22
166.695,0,10929152,windows,0,63125,62528.8,127,0,0,0,0,0,0,85,36,6
166.765,1,10516480,windows,0,8.48219e+06,8.48219e+06,1447,0,0,0,0,0,0,1020,404,23
166.95,0,10942464,windows,0,56480,56307.5,121,0,0,0,0,0,0,82,33,6
167.021,1,10528768,windows,0,7.55252e+06,7.55181e+06,1373,0,0,0,0,0,0,978,371,24
167.209,0,10955776,windows,0,47630,46513.8,111,0,0,0,0,0,0,76,30,5
167.292,1,10543104,windows,0,6.59738e+06,6.58511e+06,1263,0,0,0,0,0,0,876,371,16
167.47,0,10971136,windows,0,41105,40648.8,102,0,0,0,0,0,0,69,29,4
167.545,1,10555392,windows,0,5.41468e+06,5.41468e+06,1150,0,0,0,0,0,0,807,328,15
167.728,0,10987520,windows,0,36640,36208.8,96,0,0,0,0,0,0,64,28,4
167.802,1,10567680,windows,0,4.61588e+06,4.61543e+06,1068,0,0,0,0,0,0,759,294,15
167.991,0,11003904,windows,0,35125,34688.8,95,0,0,0,0,0,0,65,26,4
168.066,1,10580992,windows,0,3.9826e+06,3.97381e+06,1002,0,0,0,0,0,0,727,258,17
168.245,0,11020288,windows,0,31225,31225,88,0,0,0,0,0,0,61,25,2
168.333,1,10595328,windows,0,3.40026e+06,3.39696e+06,923,0,0,0,0,0,0,659,247,17
168.502,0,11036672,windows,0,22985,22985,76,0,0,0,0,0,0,53,21,2
168.597,1,10608640,windows,0,3.02178e+06,3.02178e+06,871,0,0,0,0,0,0,624,231,16
168.757,0,11053056,windows,0,19520,19520,67,0,0,0,0,0,0,42,23,2
168.856,1,10621952,windows,0,2.44668e+06,2.44245e+06,783,0,0,0,0,0,0,555,212,16
169.013,0,11070464,windows,0,18185,18185,66,0,0,0,0,0,0,43,21,2
169.121,1,10635264,windows,0,2.08428e+06,2.08389e+06,724,0,0,0,0,0,0,521,190,13
169.271,0,11087872,windows,0,17760,17345,65,0,0,0,0,0,0,42,21,2
169.381,1,10648576,windows,0,1.75584e+06,1.75543e+06,665,0,0,0,0,0,0,474,177,14
169.529,0,11104256,windows,0,14945,14945,60,0,0,0,0,0,0,39,19,2
169.644,1,10661888,windows,0,1.54853e+06,1.54815e+06,624,0,0,0,0,0,0,444,167,13
169.779,0,11120640,windows,0,13120,13120,55,0,0,0,0,0,0,34,19,2
169.896,1,10675200,windows,0,1.31725e+06,1.31725e+06,573,0,0,0,0,0,0,410,154,9
170.04,0,11138048,windows,0,12380,12380,54,0,0,0,0,0,0,34,18,2
170.149,1,10687488,windows,0,1.08269e+06,1.08269e+06,521,0,0,0,0,0,0,374,138,9
170.29,0,11154432,windows,0,12380,12380,54,0,0,0,0,0,0,34,18,2
170.402,1,10699776,windows,0,884045,884045,469,0,0,0,0,0,0,333,128,8
170.55,0,11170816,windows,0,12145,12145,52,0,0,0,0,0,0,31,19,2
170.666,1,10714112,windows,0,775865,771856,440,0,0,0,0,0,0,303,125,12
170.805,0,11186176,windows,0,11720,11561.2,52,0,0,0,0,0,0,32,18,2
170.917,1,10727424,windows,0,680020,678189,417,0,0,0,0,0,0,296,109,12
171.061,0,11202560,windows,0,10065,10065,50,0,0,0,0,0,0,33,15,2
171.171,1,10740736,windows,0,600145,597738,392,0,0,0,0,0,0,277,103,12
171.321,0,11218944,windows,0,10045,10045,49,0,0,0,0,0,0,31,16,2
171.424,1,10755072,windows,0,512480,510052,361,0,0,0,0,0,0,246,101,14
171.577,0,11234304,windows,0,9425,9271.25,48,0,0,0,0,0,0,31,15,2
171.677,1,10769408,windows,0,392095,390569,321,0,0,0,0,0,0,229,79,13
171.841,0,11249664,windows,0,9160,8706.25,46,0,0,0,0,0,0,28,16,2
171.949,1,10783744,windows,0,334930,333152,296,0,0,0,0,0,0,212,73,11
172.099,0,11265024,windows,0,8540,8540,45,0,0,0,0,0,0,28,15,2
172.207,1,10798080,windows,0,292755,290114,278,0,0,0,0,0,0,201,66,11
172.351,0,11282432,windows,0,8540,8540,45,0,0,0,0,0,0,28,15,2
172.471,1,10813440,windows,0,255445,252824,257,0,0,0,0,0,0,175,70,12
172.607,0,11298816,windows,0,8000,7871.25,43,0,0,0,0,0,0,26,15,2
172.721,1,10826752,windows,0,210400,208236,225,0,0,0,0,0,0,142,73,10
172.87,0,11314176,windows,0,8000,7871.25,43,0,0,0,0,0,0,26,15,2
172.988,1,10841088,windows,0,160745,160512,202,0,0,0,0,0,0,137,57,8
173.125,0,11330560,windows,0,8000,7871.25,43,0,0,0,0,0,0,26,15,2
173.251,1,10854400,windows,0,142315,142052,192,0,0,0,0,0,0,131,52,9
173.379,0,11346944,windows,0,7500,7381.25,41,0,0,0,0,0,0,24,15,2
173.518,1,10868736,windows,0,129145,128229,184,0,0,0,0,0,0,125,49,10
173.631,0,11363328,windows,0,6920,6781.25,42,0,0,0,0,0,0,28,12,2
173.776,1,10882048,windows,0,119465,119172,176,0,0,0,0,0,0,117,49,10
173.886,0,11379712,windows,0,6380,6251.25,40,0,0,0,0,0,0,26,12,2
174.041,1,10896384,windows,0,104995,103858,166,0,0,0,0,0,0,113,44,9
174.136,0,11396096,windows,0,6125,6001.25,39,0,0,0,0,0,0,25,12,2
174.306,1,10910720,windows,0,80305,79217.5,142,0,0,0,0,0,0,91,43,8
174.393,0,11412480,windows,0,5420,5311.25,36,0,0,0,0,0,0,22,12,2
174.557,1,10924032,windows,0,70900,69443.8,134,0,0,0,0,0,0,86,40,8
174.656,0,11428864,windows,0,5420,5311.25,36,0,0,0,0,0,0,22,12,2
174.812,1,10937344,windows,0,65630,65427.5,129,0,0,0,0,0,0,84,38,7
174.911,0,11444224,windows,0,5420,5311.25,36,0,0,0,0,0,0,22,12,2
175.063,1,10951680,windows,0,64305,64305,126,0,0,0,0,0,0,81,39,6
175.169,0,11459584,windows,0,5420,5311.25,36,0,0,0,0,0,0,22,12,2
175.317,1,10966016,windows,0,58205,58205,121,0,0,0,0,0,0,79,36,6
175.434,0,11475968,windows,0,5205,5101.25,35,0,0,0,0,0,0,21,12,2
175.567,1,10981376,windows,0,46370,46370,108,0,0,0,0,0,0,68,33,7
175.692,0,11492352,windows,0,5205,5101.25,35,0,0,0,0,0,0,21,12,2
175.823,1,10997760,windows,0,39910,39910,100,0,0,0,0,0,0,62,31,7
175.952,0,11508736,windows,0,5000,5000,34,0,0,0,0,0,0,20,12,2
176.087,1,11015168,windows,0,37510,36626.2,98,0,0,0,0,0,0,62,29,7
176.204,0,11525120,windows,0,5000,5000,34,0,0,0,0,0,0,20,12,2
176.343,1,11030528,windows,0,35755,35200,96,0,0,0,0,0,0,61,28,7
176.459,0,11541504,windows,0,4805,4805,33,0,0,0,0,0,0,19,12,2
176.598,1,11047936,windows,0,33820,33511.2,94,0,0,0,0,0,0,62,26,6
176.718,0,11558912,windows,0,4620,4620,32,0,0,0,0,0,0,18,12,2
176.853,1,11065344,windows,0,28845,28845,87,0,0,0,0,0,0,57,24,6
176.974,0,11576320,windows,0,4620,4620,32,0,0,0,0,0,0,18,12,2
177.113,1,11082752,windows,0,26645,26645,83,0,0,0,0,0,0,53,24,6
177.23,0,11593728,windows,0,4620,4620,32,0,0,0,0,0,0,18,12,2
177.364,1,11097088,windows,0,26120,25645,82,0,0,0,0,0,0,52,24,6
177.481,0,11610112,windows,0,4620,4620,32,0,0,0,0,0,0,18,12,2
177.617,1,11113472,windows,0,24665,24210,80,0,0,0,0,0,0,51,23,6
177.737,0,11627520,windows,0,4620,4620,32,0,0,0,0,0,0,18,12,2
177.87,1,11127808,windows,0,21785,21330,74,0,0,0,0,0,0,45,23,6
178.002,0,11644928,windows,0,4280,4201.25,30,0,0,0,0,0,0,16,12,2
178.134,1,11141120,windows,0,20615,20615,73,0,0,0,0,0,0,47,21,5
178.264,0,11663360,windows,0,4255,4161.25,31,0,0,0,0,0,0,19,11,1
178.386,1,11154432,windows,0,20150,20150,72,0,0,0,0,0,0,46,21,5
178.526,0,11680768,windows,0,4255,4161.25,31,0,0,0,0,0,0,19,11,1
178.644,1,11168768,windows,0,18875,18875,70,0,0,0,0,0,0,45,20,5
178.778,0,11697152,windows,0,4255,4161.25,31,0,0,0,0,0,0,19,11,1
178.905,1,11183104,windows,0,18430,18035,69,0,0,0,0,0,0,44,20,5
179.03,0,11711488,windows,0,4070,3981.25,30,0,0,0,0,0,0,18,11,1
179.162,1,11197440,windows,0,17995,17600,68,0,0,0,0,0,0,43,20,5
179.286,0,11727872,windows,0,3805,3711.25,29,0,0,0,0,0,0,19,10,0
179.414,1,11210752,windows,0,16885,16681.2,65,0,0,0,0,0,0,41,20,4
179.538,0,11744256,windows,0,3445,3361.25,27,0,0,0,0,0,0,17,10,0
179.674,1,11225088,windows,0,16480,16480,64,0,0,0,0,0,0,40,20,4
179.79,0,11760640,windows,0,3280,3201.25,26,0,0,0,0,0,0,16,10,0
179.943,1,11239424,windows,0,14920,14920,61,0,0,0,0,0,0,38,19,4
180.051,0,11778048,windows,0,3280,3201.25,26,0,0,0,0,0,0,16,10,0
180.202,1,11253760,windows,0,14180,14001.2,59,0,0,0,0,0,0,36,19,4
180.314,0,11796480,windows,0,3280,3201.25,26,0,0,0,0,0,0,16,10,0
180.464,1,11268096,windows,0,13230,13230,57,0,0,0,0,0,0,36,18,3
180.575,0,11814912,windows,0,3280,3201.25,26,0,0,0,0,0,0,16,10,0
180.723,1,11281408,windows,0,12530,12175,55,0,0,0,0,0,0,34,18,3
180.841,0,11831296,windows,0,2980,2911.25,24,0,0,0,0,0,0,14,10,0
180.988,1,11295744,windows,0,12530,12175,55,0,0,0,0,0,0,34,18,3
181.093,0,11848704,windows,0,2980,2911.25,24,0,0,0,0,0,0,14,10,0
181.248,1,11309056,windows,0,11830,11495,54,0,0,0,0,0,0,34,17,3
181.345,0,11865088,windows,0,2980,2911.25,24,0,0,0,0,0,0,14,10,0
181.501,1,11322368,windows,0,11830,11495,54,0,0,0,0,0,0,34,17,3
181.6,0,11881472,windows,0,2980,2911.25,24,0,0,0,0,0,0,14,10,0
181.759,1,11336704,windows,0,11830,11495,54,0,0,0,0,0,0,34,17,3
181.863,0,11897856,windows,0,2980,2911.25,24,0,0,0,0,0,0,14,10,0
182.024,1,11352064,windows,0,10550,10550,52,0,0,0,0,0,0,34,15,3
182.114,0,11913216,windows,0,325,290,9,0,0,0,0,0,0,7,2,0
182.293,1,11367424,windows,0,10550,10550,52,0,0,0,0,0,0,34,15,3
182.372,0,11931648,windows,0,325,290,9,0,0,0,0,0,0,7,2,0
182.544,1,11381760,windows,0,10215,10215,51,0,0,0,0,0,0,33,15,3
182.635,0,11951104,windows,0,325,290,9,0,0,0,0,0,0,7,2,0
182.796,1,11396096,windows,0,10195,10195,50,0,0,0,0,0,0,31,16,3
182.89,0,11969536,windows,0,325,290,9,0,0,0,0,0,0,7,2,0
183.054,1,11410432,windows,0,10195,10195,50,0,0,0,0,0,0,31,16,3
183.142,0,11987968,windows,0,325,290,9,0,0,0,0,0,0,7,2,0
183.316,1,11425792,windows,0,10195,10195,50,0,0,0,0,0,0,31,16,3
183.4,0,12007424,windows,0,325,290,9,0,0,0,0,0,0,7,2,0
183.567,1,11440128,windows,0,9890,9741.25,49,0,0,0,0,0,0,30,16,3
183.661,0,12025856,windows,0,325,290,9,0,0,0,0,0,0,7,2,0
183.824,1,11455488,windows,0,9890,9741.25,49,0,0,0,0,0,0,30,16,3
183.911,0,12042240,windows,0,325,290,9,0,0,0,0,0,0,7,2,0
184.084,1,11470848,windows,0,8995,8841.25,48,0,0,0,0,0,0,31,14,3
184.164,0,12060672,windows,0,325,290,9,0,0,0,0,0,0,7,2,0
184.342,1,11486208,windows,0,8000,8000,45,0,0,0,0,0,0,30,13,2
184.415,0,12078080,windows,0,325,290,9,0,0,0,0,0,0,7,2,0
184.603,1,11501568,windows,0,8000,8000,45,0,0,0,0,0,0,30,13,2
184.672,0,12097536,windows,0,325,290,9,0,0,0,0,0,0,7,2,0
184.857,1,11516928,windows,0,7500,7351.25,44,0,0,0,0,0,0,30,12,2
184.934,0,12119040,windows,0,325,290,9,0,0,0,0,0,0,7,2,0
185.121,1,11532288,windows,0,7205,7205,43,0,0,0,0,0,0,29,12,2
185.186,0,12138496,windows,0,325,290,9,0,0,0,0,0,0,7,2,0
185.378,1,11548672,windows,0,6645,6645,41,0,0,0,0,0,0,27,12,2
185.439,0,12157952,windows,0,325,290,9,0,0,0,0,0,0,7,2,0
185.634,1,11564032,windows,0,6645,6645,41,0,0,0,0,0,0,27,12,2
185.698,0,12177408,windows,0,325,290,9,0,0,0,0,0,0,7,2,0
185.895,1,11580416,windows,0,6125,6125,39,0,0,0,0,0,0,25,12,2
185.959,0,12195840,windows,0,325,290,9,0,0,0,0,0,0,7,2,0
186.157,1,11595776,windows,0,5880,5880,38,0,0,0,0,0,0,24,12,2
186.218,0,12214272,windows,0,325,290,9,0,0,0,0,0,0,7,2,0
186.411,1,11611136,windows,0,5880,5880,38,0,0,0,0,0,0,24,12,2
186.474,0,12233728,repair,0,325,290,9,0,0,0,0,0,0,7,2,0
186.672,1,11626496,windows,0,5880,5880,38,0,0,0,0,0,0,24,12,2
186.735,0,12252160,windows,0,325,290,9,0,0,0,0,0,0,7,2,0
186.941,1,11641856,windows,0,5880,5880,38,0,0,0,0,0,0,24,12,2
186.986,0,12267520,windows,0,325,290,9,0,0,0,0,0,0,7,2,0
187.191,1,11656192,windows,0,5645,5296.25,37,0,0,0,0,0,0,23,12,2
187.237,0,12284928,windows,0,325,290,9,0,0,0,0,0,0,7,2,0
187.457,1,11671552,windows,0,5645,5296.25,37,0,0,0,0,0,0,23,12,2
187.491,0,12302336,windows,0,325,290,9,0,0,0,0,0,0,7,2,0
187.707,1,11685888,windows,0,5420,5076.25,36,0,0,0,0,0,0,22,12,2
187.75,0,12320768,windows,0,325,290,9,0,0,0,0,0,0,7,2,0
187.958,1,11700224,windows,0,5420,5076.25,36,0,0,0,0,0,0,22,12,2
188.001,0,12338176,windows,0,325,290,9,0,0,0,0,0,0,7,2,0
188.214,1,11715584,windows,0,5420,5076.25,36,0,0,0,0,0,0,22,12,2
188.253,0,12355584,windows,0,325,290,9,0,0,0,0,0,0,7,2,0
188.473,1,11730944,windows,0,5420,5076.25,36,0,0,0,0,0,0,22,12,2
188.509,0,12372992,windows,0,325,290,9,0,0,0,0,0,0,7,2,0
188.725,1,11746304,windows,0,325,290,9,0,0,0,0,0,0,7,2,0
188.774,0,12391424,windows,0,325,290,9,0,0,0,0,0,0,7,2,0
188.982,1,11762688,windows,0,325,290,9,0,0,0,0,0,0,7,2,0
189.03,0,12408832,windows,0,325,290,9,0,0,0,0,0,0,7,2,0
189.243,1,11779072,windows,0,325,290,9,0,0,0,0,0,0,7,2,0
189.288,0,12426240,windows,0,325,290,9,0,0,0,0,0,0,7,2,0
189.5,1,11795456,windows,0,325,290,9,0,0,0,0,0,0,7,2,0
189.541,0,12443648,windows,0,325,290,9,0,0,0,0,0,0,7,2,0
189.75,1,11808768,repair,0,325,290,9,0,0,0,0,0,0,7,2,0
189.8,0,12462080,windows,0,325,290,9,0,0,0,0,0,0,7,2,0
190.002,1,11823104,windows,0,325,290,9,0,0,0,0,0,0,7,2,0
190.06,0,12481536,windows,0,325,290,9,0,0,0,0,0,0,7,2,0
190.258,1,11838464,windows,0,325,290,9,0,0,0,0,0,0,7,2,0
190.312,0,12500992,windows,0,325,290,9,0,0,0,0,0,0,7,2,0
190.514,1,11853824,windows,0,325,290,9,0,0,0,0,0,0,7,2,0
190.575,0,12520448,windows,0,325,290,9,0,0,0,0,0,0,7,2,0
190.777,1,11869184,windows,0,325,290,9,0,0,0,0,0,0,7,2,0
190.829,0,12538880,windows,0,325,290,9,0,0,0,0,0,0,7,2,0
191.037,1,11882496,windows,0,325,290,9,0,0,0,0,0,0,7,2,0
191.09,0,12557312,windows,0,325,290,9,0,0,0,0,0,0,7,2,0
191.298,1,11895808,windows,0,325,290,9,0,0,0,0,0,0,7,2,0
191.342,0,12575744,repair,0,325,290,9,0,0,0,0,0,0,7,2,0
191.549,1,11910144,windows,0,325,290,9,0,0,0,0,0,0,7,2,0
191.599,0,12595200,repair,0,325,290,9,0,0,0,0,0,0,7,2,0
191.813,1,11924480,windows,0,325,290,9,0,0,0,0,0,0,7,2,0
191.863,0,12613632,windows,0,325,290,9,0,0,0,0,0,0,7,2,0
192.066,1,11938816,windows,0,325,290,9,0,0,0,0,0,0,7,2,0
192.128,0,12631040,windows,0,325,290,9,0,0,0,0,0,0,7,2,0
192.328,1,11954176,windows,0,325,290,9,0,0,0,0,0,0,7,2,0
192.382,0,12647424,windows,0,325,290,9,0,0,0,0,0,0,7,2,0
192.589,1,11969536,windows,0,325,290,9,0,0,0,0,0,0,7,2,0
192.634,0,12663808,windows,0,325,290,9,0,0,0,0,0,0,7,2,0
192.841,1,11984896,windows,0,325,290,9,0,0,0,0,0,0,7,2,0
192.89,0,12681216,windows,0,325,290,9,0,0,0,0,0,0,7,2,0
193.092,1,12000256,windows,0,325,290,9,0,0,0,0,0,0,7,2,0
193.148,0,12698624,windows,0,325,290,9,0,0,0,0,0,0,7,2,0
193.355,1,12015616,windows,0,325,290,9,0,0,0,0,0,0,7,2,0
193.405,0,12716032,windows,0,325,290,9,0,0,0,0,0,0,7,2,0
193.62,1,12030976,windows,0,325,290,9,0,0,0,0,0,0,7,2,0
193.672,0,12733440,windows,0,325,290,9,0,0,0,0,0,0,7,2,0
193.875,1,12047360,windows,0,325,290,9,0,0,0,0,0,0,7,2,0
193.937,0,12750848,windows,0,325,290,9,0,0,0,0,0,0,7,2,0
194.139,1,12063744,windows,0,325,290,9,0,0,0,0,0,0,7,2,0
194.201,0,12768256,windows,0,325,290,9,0,0,0,0,0,0,7,2,0
194.404,1,12080128,windows,0,325,290,9,0,0,0,0,0,0,7,2,0
194.464,0,12787712,windows,0,325,290,9,0,0,0,0,0,0,7,2,0
194.656,1,12095488,windows,0,325,290,9,0,0,0,0,0,0,7,2,0
194.717,0,12805120,windows,0,325,290,9,0,0,0,0,0,0,7,2,0
194.916,1,12110848,windows,0,325,290,9,0,0,0,0,0,0,7,2,0
194.977,0,12822528,windows,0,325,290,9,0,0,0,0,0,0,7,2,0
195.183,1,12127232,windows,0,325,290,9,0,0,0,0,0,0,7,2,0
195.231,0,12839936,windows,0,325,290,9,0,0,0,0,0,0,7,2,0
195.449,1,12141568,windows,0,325,290,9,0,0,0,0,0,0,7,2,0
195.495,0,12858368,windows,0,325,290,9,0,0,0,0,0,0,7,2,0
195.716,1,12155904,windows,0,325,290,9,0,0,0,0,0,0,7,2,0
195.746,0,12874752,windows,0,325,290,9,0,0,0,0,0,0,7,2,0
195.979,1,12170240,windows,0,325,290,9,0,0,0,0,0,0,7,2,0
196.005,0,12891136,windows,0,325,290,9,0,0,0,0,0,0,7,2,0
196.243,1,12184576,windows,0,325,290,9,0,0,0,0,0,0,7,2,0
196.267,0,12907520,windows,0,325,290,9,0,0,0,0,0,0,7,2,0
196.502,1,12198912,windows,0,325,290,9,0,0,0,0,0,0,7,2,0
196.532,0,12923904,windows,0,325,290,9,0,0,0,0,0,0,7,2,0
196.753,1,12212224,windows,0,325,290,9,0,0,0,0,0,0,7,2,0
196.789,0,12939264,windows,0,325,290,9,0,0,0,0,0,0,7,2,0
197.007,1,12225536,windows,0,325,290,9,0,0,0,0,0,0,7,2,0
197.042,0,12954624,windows,0,325,290,9,0,0,0,0,0,0,7,2,0
197.27,1,12238848,windows,0,325,290,9,0,0,0,0,0,0,7,2,0
197.293,0,12968960,repair,0,325,290,9,0,0,0,0,0,0,7,2,0
197.523,1,12252160,windows,0,325,290,9,0,0,0,0,0,0,7,2,0
197.552,0,12985344,repair,0,325,290,9,0,0,0,0,0,0,7,2,0
197.775,1,12265472,windows,0,325,290,9,0,0,0,0,0,0,7,2,0
197.813,0,12999680,repair,0,325,290,9,0,0,0,0,0,0,7,2,0
198.029,1,12277760,windows,0,325,290,9,0,0,0,0,0,0,7,2,0
198.067,0,13012992,windows,0,325,290,9,0,0,0,0,0,0,7,2,0
198.293,1,12294144,windows,0,325,290,9,0,0,0,0,0,0,7,2,0
198.332,0,13027328,windows,0,325,290,9,0,0,0,0,0,0,7,2,0
198.545,1,12311552,windows,0,325,290,9,0,0,0,0,0,0,7,2,0
198.589,0,13041664,windows,0,325,290,9,0,0,0,0,0,0,7,2,0
198.811,1,12328960,windows,0,325,290,9,0,0,0,0,0,0,7,2,0
198.855,0,13056000,windows,0,325,290,9,0,0,0,0,0,0,7,2,0
199.074,1,12343296,windows,0,325,290,9,0,0,0,0,0,0,7,2,0
199.121,0,13070336,windows,0,325,290,9,0,0,0,0,0,0,7,2,0
199.334,1,12358656,windows,0,325,290,9,0,0,0,0,0,0,7,2,0
199.377,0,13084672,windows,0,325,290,9,0,0,0,0,0,0,7,2,0
199.589,1,12374016,windows,0,325,290,9,0,0,0,0,0,0,7,2,0
199.636,0,13099008,windows,0,325,290,9,0,0,0,0,0,0,7,2,0
199.852,1,12389376,windows,0,325,290,9,0,0,0,0,0,0,7,2,0
199.892,0,13113344,windows,0,325,290,9,0,0,0,0,0,0,7,2,0
200.11,1,12405760,windows,0,325,290,9,0,0,0,0,0,0,7,2,0
200.162,0,13128704,windows,0,325,290,9,0,0,0,0,0,0,7,2,0
200.364,1,12422144,windows,0,325,290,9,0,0,0,0,0,0,7,2,0
200.425,0,13144064,windows,0,325,290,9,0,0,0,0,0,0,7,2,0
200.621,1,12438528,windows,0,325,290,9,0,0,0,0,0,0,7,2,0
200.682,0,13158400,windows,0,325,290,9,0,0,0,0,0,0,7,2,0
200.88,1,12452864,windows,0,325,290,9,0,0,0,0,0,0,7,2,0
200.95,0,13172736,windows,0,325,290,9,0,0,0,0,0,0,7,2,0
201.138,1,12469248,windows,0,325,290,9,0,0,0,0,0,0,7,2,0
201.215,0,13187072,windows,0,325,290,9,0,0,0,0,0,0,7,2,0
201.399,1,12486656,windows,0,325,290,9,0,0,0,0,0,0,7,2,0
201.473,0,13201408,windows,0,325,290,9,0,0,0,0,0,0,7,2,0
201.656,1,12505088,windows,0,325,290,9,0,0,0,0,0,0,7,2,0
201.738,0,13215744,windows,0,325,290,9,0,0,0,0,0,0,7,2,0
201.913,1,12522496,repair,0,325,290,9,0,0,0,0,0,0,7,2,0
201.999,0,13230080,windows,0,325,290,9,0,0,0,0,0,0,7,2,0
202.175,1,12539904,repair,0,325,290,9,0,0,0,0,0,0,7,2,0
202.256,0,13244416,windows,0,325,290,9,0,0,0,0,0,0,7,2,0
202.431,1,12558336,windows,0,325,290,9,0,0,0,0,0,0,7,2,0
202.515,0,13259776,windows,0,325,290,9,0,0,0,0,0,0,7,2,0
202.687,1,12576768,windows,0,325,290,9,0,0,0,0,0,0,7,2,0
202.813,0,13273088,repair,996,8.11352e+07,8.11164e+07,3009,12,28,30,587,339,0,1848,939,222
202.941,1,12594176,windows,0,325,290,9,0,0,0,0,0,0,7,2,0
203.068,0,13288448,repair,684,2.71676e+08,2.71596e+08,7184,46,152,121,231,134,0,3993,3005,186
203.197,1,12612608,windows,0,325,290,9,0,0,0,0,0,0,7,2,0
203.332,0,13305856,repair,578,2.57258e+08,2.57258e+08,7122,43,109,100,216,110,0,4085,2876,161
203.456,1,12631040,windows,0,325,290,9,0,0,0,0,0,0,7,2,0
203.596,0,13323264,repair,469,2.72266e+08,2.72185e+08,7242,31,79,81,171,107,0,4008,3048,186
203.709,1,12648448,windows,0,325,290,9,0,0,0,0,0,0,7,2,0
203.862,0,13340672,repair,377,2.38649e+08,2.38589e+08,6996,23,73,78,124,79,0,4102,2746,148
203.963,1,12665856,windows,0,325,290,9,0,0,0,0,0,0,7,2,0
204.128,0,13358080,repair,322,2.01127e+08,2.01123e+08,6453,14,67,53,133,55,0,3822,2500,131
204.222,1,12684288,windows,0,325,290,9,0,0,0,0,0,0,7,2,0
204.379,0,13374464,repair,255,2.01604e+08,2.01535e+08,6491,10,49,51,102,43,0,3888,2491,112
204.472,1,12702720,windows,0,325,290,9,0,0,0,0,0,0,7,2,0
204.646,0,13391872,repair,211,1.8969e+08,1.89669e+08,6230,11,39,35,89,37,0,3636,2470,124
204.73,1,12720128,windows,0,325,290,9,0,0,0,0,0,0,7,2,0
204.899,0,13408256,repair,158,1.71759e+08,1.71709e+08,5985,7,22,33,67,29,0,3556,2319,110
204.988,1,12737536,windows,0,325,290,9,0,0,0,0,0,0,7,2,0
205.162,0,13425664,repair,123,1.58449e+08,1.58431e+08,5821,7,13,19,57,27,0,3546,2178,97
205.239,1,12754944,windows,0,325,290,9,0,0,0,0,0,0,7,2,0
205.416,0,13442048,repair,93,1.45142e+08,1.45139e+08,5513,5,11,9,45,23,0,3284,2129,100
205.502,1,12774400,windows,0,325,290,9,0,0,0,0,0,0,7,2,0
205.67,0,13457408,repair,63,1.445e+08,1.44459e+08,5554,4,8,5,33,13,0,3363,2092,99
205.757,1,12791808,windows,0,325,290,9,0,0,0,0,0,0,7,2,0
205.931,0,13473792,repair,37,1.36884e+08,1.36844e+08,5443,2,8,5,14,8,0,3335,2012,96
206.019,1,12810240,windows,0,325,290,9,0,0,0,0,0,0,7,2,0
206.189,0,13490176,repair,19,1.20876e+08,1.20874e+08,5123,0,2,4,8,5,0,3159,1881,83
206.272,1,12829696,windows,0,325,290,9,0,0,0,0,0,0,7,2,0
206.447,0,13506560,repair,10,1.12725e+08,1.12725e+08,4964,1,1,1,5,2,0,3062,1811,91
206.529,1,12848128,windows,0,325,290,9,0,0,0,0,0,0,7,2,0
206.701,0,13521920,repair,4,9.44338e+07,9.43851e+07,4622,0,0,0,4,0,0,2961,1588,73
206.792,1,12866560,windows,0,325,290,9,0,0,0,0,0,0,7,2,0
206.959,0,13538304,repair,1,8.76636e+07,8.76305e+07,4436,0,0,0,0,1,0,2818,1546,72
207.047,1,12886016,windows,0,325,290,9,0,0,0,0,0,0,7,2,0
207.221,0,13554688,repair,1,6.53405e+07,6.53278e+07,3882,0,1,0,0,0,0,2536,1286,60
207.303,1,12904448,windows,0,325,290,9,0,0,0,0,0,0,7,2,0
207.489,0,13570048,windows,0,5.44576e+07,5.44445e+07,3545,0,0,0,0,0,0,2326,1169,50
207.554,1,12922880,windows,0,325,290,9,0,0,0,0,0,0,7,2,0
207.751,0,13584384,windows,0,4.52106e+07,4.51788e+07,3228,0,0,0,0,0,0,2141,1055,32
207.814,1,12940288,repair,0,325,290,9,0,0,0,0,0,0,7,2,0
208.005,0,13598720,windows,0,3.763e+07,3.76193e+07,2962,0,0,0,0,0,0,1995,941,26
208.074,1,12959744,windows,0,325,290,9,0,0,0,0,0,0,7,2,0
208.271,0,13613056,windows,0,3.04352e+07,3.0417e+07,2659,0,0,0,0,0,0,1765,861,33
208.337,1,12979200,windows,0,325,290,9,0,0,0,0,0,0,7,2,0
208.527,0,13627392,windows,0,2.58766e+07,2.58517e+07,2479,0,0,0,0,0,0,1670,771,38
208.587,1,12997632,windows,0,325,290,9,0,0,0,0,0,0,7,2,0
208.787,0,13641728,windows,0,2.22921e+07,2.22782e+07,2316,0,0,0,0,0,0,1591,693,32
208.85,1,13012992,repair,955,1.25822e+08,1.25815e+08,4494,38,93,84,477,263,0,2502,1773,219
209.038,0,13656064,windows,0,1.91634e+07,1.91506e+07,2149,0,0,0,0,0,0,1485,637,27
209.117,1,13030400,repair,688,2.62988e+08,2.62925e+08,7161,53,143,115,246,131,0,4078,2900,183
209.296,0,13670400,windows,0,1.57984e+07,1.57916e+07,1957,0,0,0,0,0,0,1359,572,26
209.378,1,13047808,repair,573,2.55321e+08,2.55259e+08,7021,48,95,94,211,125,0,3965,2902,154
209.563,0,13687808,windows,0,1.28942e+07,1.28831e+07,1776,0,0,0,0,0,0,1235,512,29
209.638,1,13065216,repair,474,2.50073e+08,2.50017e+08,7070,36,85,88,167,98,0,4112,2829,129
209.821,0,13705216,windows,0,1.09289e+07,1.09195e+07,1636,0,0,0,0,0,0,1141,469,26
209.89,1,13082624,repair,391,2.15396e+08,2.15372e+08,6634,32,92,58,135,74,0,3889,2605,140
210.077,0,13722624,windows,0,9.37108e+06,9.36488e+06,1526,0,0,0,0,0,0,1079,420,27
210.145,1,13103104,repair,302,2.03915e+08,2.03861e+08,6492,12,55,41,110,84,0,3835,2525,132
210.343,0,13740032,windows,0,7.376e+06,7.36729e+06,1336,0,0,0,0,0,0,912,400,24
210.398,1,13123584,repair,252,1.68338e+08,1.68274e+08,5935,14,37,35,121,45,0,3547,2272,116
210.599,0,13756416,windows,0,6.07845e+06,6.07845e+06,1231,0,0,0,0,0,0,882,330,19
210.662,1,13143040,repair,177,1.79584e+08,1.79584e+08,6147,10,34,30,71,32,0,3677,2354,116
210.85,0,13772800,windows,0,5.18923e+06,5.18867e+06,1129,0,0,0,0,0,0,788,322,19
210.916,1,13162496,repair,130,1.61937e+08,1.6192e+08,5769,2,26,24,47,31,0,3386,2279,104
211.11,0,13790208,windows,0,4.42538e+06,4.41538e+06,1051,0,0,0,0,0,0,747,285,19
211.17,1,13181952,repair,100,1.39179e+08,1.39122e+08,5433,4,14,12,47,23,0,3273,2062,98
211.362,0,13806592,windows,0,3.5282e+06,3.52203e+06,925,0,0,0,0,0,0,626,279,20
211.43,1,13202432,repair,56,1.43943e+08,1.43901e+08,5497,3,5,9,24,15,0,3279,2119,99
211.613,0,13822976,windows,0,2.93086e+06,2.93057e+06,853,0,0,0,0,0,0,616,227,10
211.691,1,13222912,repair,35,1.19616e+08,1.19563e+08,5113,2,7,5,12,9,0,3144,1869,100
211.871,0,13840384,windows,0,2.46294e+06,2.456e+06,785,0,0,0,0,0,0,569,205,11
211.942,1,13243392,repair,23,1.02799e+08,1.0275e+08,4727,1,4,5,8,5,0,2909,1736,82
212.128,0,13857792,windows,0,2.0672e+06,2.06691e+06,711,0,0,0,0,0,0,498,203,10
212.197,1,13263872,repair,7,9.44185e+07,9.43695e+07,4609,0,1,0,5,1,0,2927,1603,79
212.385,0,13875200,windows,0,1.56635e+06,1.56635e+06,617,0,0,0,0,0,0,428,180,9
212.448,1,13283328,repair,3,7.45426e+07,7.45291e+07,4139,0,2,0,0,1,0,2689,1383,67
212.65,0,13891584,windows,0,1.27218e+06,1.27218e+06,563,0,0,0,0,0,0,397,155,11
212.711,1,13302784,windows,0,6.42914e+07,6.42786e+07,3881,0,0,0,0,0,0,2572,1247,62
212.909,0,13908992,windows,0,992930,992608,496,0,0,0,0,0,0,344,141,11
212.97,1,13320192,windows,0,5.24902e+07,5.24767e+07,3520,0,0,0,0,0,0,2342,1117,61
213.169,0,13926400,windows,0,818530,814486,453,0,0,0,0,0,0,322,122,9
213.232,1,13337600,windows,0,4.14511e+07,4.14309e+07,3115,0,0,0,0,0,0,2049,1009,57
213.42,0,13942784,windows,0,667895,667895,403,0,0,0,0,0,0,273,121,9
213.494,1,13355008,windows,0,3.26102e+07,3.2609e+07,2746,0,0,0,0,0,0,1803,903,40
213.67,0,13959168,windows,0,517555,515440,356,0,0,0,0,0,0,241,106,9
213.749,1,13372416,windows,0,2.6864e+07,2.68628e+07,2534,0,0,0,0,0,0,1719,776,39
213.937,0,13976576,windows,0,417045,416812,323,0,0,0,0,0,0,225,90,8
214.003,1,13388800,windows,0,2.28424e+07,2.28203e+07,2341,0,0,0,0,0,0,1597,709,35
214.202,0,13993984,windows,0,330310,330310,288,0,0,0,0,0,0,202,79,7
214.264,1,13406208,windows,0,1.83939e+07,1.83939e+07,2092,0,0,0,0,0,0,1429,639,24
214.461,0,14011392,windows,0,263335,262139,259,0,0,0,0,0,0,175,73,11
214.523,1,13423616,windows,0,1.50121e+07,1.49937e+07,1912,0,0,0,0,0,0,1334,552,26
214.725,0,14028800,windows,0,206050,205728,232,0,0,0,0,0,0,160,61,11
214.781,1,13441024,windows,0,1.2569e+07,1.25587e+07,1769,0,0,0,0,0,0,1263,478,28
214.976,0,14045184,windows,0,173155,170964,212,0,0,0,0,0,0,143,58,11
215.032,1,13457408,windows,0,1.06413e+07,1.0632e+07,1611,0,0,0,0,0,0,1126,463,22
215.232,0,14062592,windows,0,146545,146312,194,0,0,0,0,0,0,133,53,8
215.285,1,13473792,windows,0,8.68534e+06,8.67112e+06,1450,0,0,0,0,0,0,999,429,22
215.494,0,14080000,windows,0,126445,125559,183,0,0,0,0,0,0,131,44,8
215.537,1,13490176,windows,0,7.01951e+06,7.01913e+06,1314,0,0,0,0,0,0,942,359,13
215.744,0,14097408,windows,0,89820,89820,153,0,0,0,0,0,0,108,39,6
215.792,1,13506560,windows,0,5.91365e+06,5.91333e+06,1207,0,0,0,0,0,0,870,326,11
215.997,0,14114816,windows,0,77945,76666.2,140,0,0,0,0,0,0,93,41,6
216.05,1,13522944,windows,0,4.96758e+06,4.96146e+06,1106,0,0,0,0,0,0,786,306,14
216.261,0,14133248,windows,0,68360,68360,130,0,0,0,0,0,0,84,40,6
216.311,1,13539328,windows,0,4.084e+06,4.08022e+06,989,0,0,0,0,0,0,675,300,14
216.514,0,14150656,windows,0,63580,63171.2,126,0,0,0,0,0,0,82,38,6
216.569,1,13555712,windows,0,3.29562e+06,3.28702e+06,898,0,0,0,0,0,0,631,255,12
216.772,0,14168064,windows,0,45980,45325,107,0,0,0,0,0,0,68,33,6
216.821,1,13572096,windows,0,2.7311e+06,2.72642e+06,820,0,0,0,0,0,0,589,223,8
217.025,0,14185472,windows,0,42685,42050,103,0,0,0,0,0,0,65,32,6
217.078,1,13588480,windows,0,2.2942e+06,2.29119e+06,754,0,0,0,0,0,0,537,206,11
217.283,0,14203904,windows,0,37700,37700,96,0,0,0,0,0,0,62,30,4
217.339,1,13605888,windows,0,1.90096e+06,1.89446e+06,688,0,0,0,0,0,0,491,186,11
217.544,0,14222336,windows,0,33665,33665,92,0,0,0,0,0,0,61,27,4
217.598,1,13622272,windows,0,1.48494e+06,1.48249e+06,608,0,0,0,0,0,0,433,165,10
217.807,0,14240768,windows,0,25640,25640,81,0,0,0,0,0,0,54,23,4
217.854,1,13639680,windows,0,1.21399e+06,1.2089e+06,550,0,0,0,0,0,0,398,145,7
218.069,0,14259200,windows,0,23345,22930,78,0,0,0,0,0,0,53,21,4
218.106,1,13656064,windows,0,1.00764e+06,1.00328e+06,505,0,0,0,0,0,0,371,126,8
218.325,0,14277632,windows,0,22305,21890,76,0,0,0,0,0,0,51,21,4
218.361,1,13673472,windows,0,843430,841761,462,0,0,0,0,0,0,334,119,9
218.578,0,14295040,windows,0,20485,20128.8,73,0,0,0,0,0,0,49,20,4
218.627,1,13689856,windows,0,609070,609070,389,0,0,0,0,0,0,280,104,5
218.841,0,14313472,windows,0,16945,16243.8,66,0,0,0,0,0,0,43,19,4
218.879,1,13705216,windows,0,493670,492381,356,0,0,0,0,0,0,258,89,9
219.096,0,14330880,windows,0,16145,15433.8,62,0,0,0,0,0,0,37,21,4
219.142,1,13721600,windows,0,426470,425261,332,0,0,0,0,0,0,242,81,9
219.349,0,14348288,windows,0,14180,13712.5,60,0,0,0,0,0,0,38,18,4
219.403,1,13739008,windows,0,363400,363108,308,0,0,0,0,0,0,224,74,10
219.61,0,14366720,windows,0,13205,12777.5,59,0,0,0,0,0,0,39,16,4
219.662,1,13756416,windows,0,247090,245755,252,0,0,0,0,0,0,176,67,9
219.87,0,14385152,windows,0,11065,10952.5,52,0,0,0,0,0,0,31,17,4
219.923,1,13773824,windows,0,195955,195121,228,0,0,0,0,0,0,167,52,9
220.135,0,14403584,windows,0,10510,10036.2,51,0,0,0,0,0,0,32,16,3
220.175,1,13790208,windows,0,171620,170841,213,0,0,0,0,0,0,156,49,8
220.399,0,14422016,windows,0,9595,9280,48,0,0,0,0,0,0,29,16,3
220.435,1,13807616,windows,0,144605,143911,195,0,0,0,0,0,0,139,48,8
220.661,0,14440448,windows,0,8395,8251.25,46,0,0,0,0,0,0,29,14,3
220.692,1,13824000,windows,0,103360,103360,164,0,0,0,0,0,0,112,44,8
220.917,0,14457856,windows,0,7570,7441.25,43,0,0,0,0,0,0,26,14,3
220.944,1,13840384,windows,0,86670,86407.5,153,0,0,0,0,0,0,108,36,9
221.18,0,14476288,windows,0,7190,6895,40,0,0,0,0,0,0,22,15,3
221.206,1,13856768,windows,0,70930,70178.8,139,0,0,0,0,0,0,98,32,9
221.437,0,14494720,windows,0,6975,6680,39,0,0,0,0,0,0,21,15,3
221.459,1,13873152,windows,0,64375,64112.5,133,0,0,0,0,0,0,95,29,9
221.688,0,14512128,windows,0,6610,6335,39,0,0,0,0,0,0,22,14,3
221.71,1,13889536,windows,0,56450,56450,123,0,0,0,0,0,0,86,30,7
221.949,0,14530560,windows,0,6610,6335,39,0,0,0,0,0,0,22,14,3
221.962,1,13905920,windows,0,45410,44506.2,111,0,0,0,0,0,0,78,26,7
222.204,0,14548992,windows,0,6610,6335,39,0,0,0,0,0,0,22,14,3
222.221,1,13923328,windows,0,42850,41976.2,108,0,0,0,0,0,0,76,25,7
222.464,0,14567424,windows,0,6395,6016.25,38,0,0,0,0,0,0,21,14,3
222.482,1,13940736,windows,0,38695,38331.2,103,0,0,0,0,0,0,73,23,7
222.717,0,14584832,windows,0,6295,5926.25,39,0,0,0,0,0,0,23,13,3
222.732,1,13958144,windows,0,35495,35495,99,0,0,0,0,0,0,71,21,7
222.976,0,14603264,windows,0,6295,5926.25,39,0,0,0,0,0,0,23,13,3
222.993,1,13975552,windows,0,29320,28798.8,89,0,0,0,0,0,0,58,23,8
223.237,0,14621696,windows,0,6070,5706.25,38,0,0,0,0,0,0,22,13,3
223.252,1,13992960,windows,0,26830,26395,85,0,0,0,0,0,0,56,22,7
223.493,0,14639104,windows,0,5795,5681.25,38,0,0,0,0,0,0,23,12,3
223.506,1,14009344,windows,0,26275,25840,84,0,0,0,0,0,0,55,22,7
223.759,0,14657536,windows,0,5570,5461.25,37,0,0,0,0,0,0,22,12,3
223.769,1,14027776,windows,0,22530,21906.2,79,0,0,0,0,0,0,54,18,7
224.012,0,14673920,windows,0,5150,5051.25,35,0,0,0,0,0,0,20,12,3
224.029,1,14044160,windows,0,20095,20095,73,0,0,0,0,0,0,53,17,3
224.265,0,14691328,windows,0,4690,4591.25,34,0,0,0,0,0,0,20,11,3
224.282,1,14061568,windows,0,18550,18550,70,0,0,0,0,0,0,50,17,3
224.523,0,14709760,windows,0,4690,4591.25,34,0,0,0,0,0,0,20,11,3
224.536,1,14077952,windows,0,18055,17811.2,69,0,0,0,0,0,0,49,17,3
224.779,0,14728192,windows,0,4690,4591.25,34,0,0,0,0,0,0,20,11,3
224.795,1,14094336,windows,0,17095,16526.2,67,0,0,0,0,0,0,47,17,3
225.033,0,14745600,windows,0,4495,4495,33,0,0,0,0,0,0,19,11,3
225.046,1,14110720,windows,0,15730,15176.2,64,0,0,0,0,0,0,44,17,3
225.284,0,14764032,windows,0,4310,4310,32,0,0,0,0,0,0,18,11,3
225.302,1,14128128,windows,0,15070,14755,63,0,0,0,0,0,0,44,16,3
225.538,0,14782464,windows,0,4310,4310,32,0,0,0,0,0,0,18,11,3
225.557,1,14145536,windows,0,14210,14210,61,0,0,0,0,0,0,42,16,3
225.8,0,14800896,windows,0,4310,4310,32,0,0,0,0,0,0,18,11,3
225.819,1,14162944,windows,0,13390,13390,59,0,0,0,0,0,0,40,16,3
226.054,0,14818304,windows,0,4310,4310,32,0,0,0,0,0,0,18,11,3
226.079,1,14179328,windows,0,11990,11990,56,0,0,0,0,0,0,38,15,3
226.312,0,14836736,windows,0,3970,3970,30,0,0,0,0,0,0,16,11,3
226.332,1,14196736,windows,0,11250,11250,54,0,0,0,0,0,0,36,15,3
226.564,0,14855168,windows,0,3565,3565,29,0,0,0,0,0,0,17,10,2
226.586,1,14214144,windows,0,10075,10075,50,0,0,0,0,0,0,35,14,1
226.828,0,14872576,windows,0,3565,3565,29,0,0,0,0,0,0,17,10,2
226.84,1,14231552,windows,0,10075,10075,50,0,0,0,0,0,0,35,14,1
227.086,0,14886912,windows,0,3565,3565,29,0,0,0,0,0,0,17,10,2
227.098,1,14244864,windows,0,10075,10075,50,0,0,0,0,0,0,35,14,1
227.338,0,14902272,windows,0,3245,3245,27,0,0,0,0,0,0,15,10,2
227.36,1,14262272,windows,0,10075,10075,50,0,0,0,0,0,0,35,14,1
227.597,0,14918656,windows,0,3245,3245,27,0,0,0,0,0,0,15,10,2
227.611,1,14279680,windows,0,325,290,9,0,0,0,0,0,0,7,2,0
227.858,0,14934016,windows,0,3245,3245,27,0,0,0,0,0,0,15,10,2
227.862,1,14298112,windows,0,325,290,9,0,0,0,0,0,0,7,2,0
228.121,0,14950400,windows,0,3245,3245,27,0,0,0,0,0,0,15,10,2
228.124,1,14317568,windows,0,325,290,9,0,0,0,0,0,0,7,2,0
228.379,1,14337024,windows,0,325,290,9,0,0,0,0,0,0,7,2,0
228.382,0,14965760,windows,0,325,290,9,0,0,0,0,0,0,7,2,0
228.632,1,14356480,windows,0,325,290,9,0,0,0,0,0,0,7,2,0
228.636,0,14982144,windows,0,325,290,9,0,0,0,0,0,0,7,2,0
228.888,0,14998528,windows,0,325,290,9,0,0,0,0,0,0,7,2,0
228.889,1,14375936,windows,0,325,290,9,0,0,0,0,0,0,7,2,0
229.148,0,15015936,windows,0,325,290,9,0,0,0,0,0,0,7,2,0
229.15,1,14394368,windows,0,325,290,9,0,0,0,0,0,0,7,2,0
229.405,0,15032320,windows,0,325,290,9,0,0,0,0,0,0,7,2,0
229.41,1,14411776,windows,0,325,290,9,0,0,0,0,0,0,7,2,0
229.667,0,15049728,windows,0,325,290,9,0,0,0,0,0,0,7,2,0
229.669,1,14428160,windows,0,325,290,9,0,0,0,0,0,0,7,2,0
229.921,0,15067136,windows,0,325,290,9,0,0,0,0,0,0,7,2,0
229.932,1,14445568,windows,0,325,290,9,0,0,0,0,0,0,7,2,0
230.182,0,15084544,windows,0,325,290,9,0,0,0,0,0,0,7,2,0
230.194,1,14464000,windows,0,325,290,9,0,0,0,0,0,0,7,2,0
230.441,0,15101952,windows,0,325,290,9,0,0,0,0,0,0,7,2,0
230.447,1,14482432,windows,0,325,290,9,0,0,0,0,0,0,7,2,0
230.699,0,15119360,windows,0,325,290,9,0,0,0,0,0,0,7,2,0
230.709,1,14499840,windows,0,325,290,9,0,0,0,0,0,0,7,2,0
230.956,0,15134720,windows,0,325,290,9,0,0,0,0,0,0,7,2,0
230.968,1,14516224,windows,0,325,290,9,0,0,0,0,0,0,7,2,0
231.206,0,15150080,windows,0,325,290,9,0,0,0,0,0,0,7,2,0
231.218,1,14535680,windows,0,325,290,9,0,0,0,0,0,0,7,2,0
231.458,0,15163392,windows,0,325,290,9,0,0,0,0,0,0,7,2,0
231.48,1,14556160,windows,0,325,290,9,0,0,0,0,0,0,7,2,0
231.71,0,15177728,windows,0,325,290,9,0,0,0,0,0,0,7,2,0
231.741,1,14576640,windows,0,325,290,9,0,0,0,0,0,0,7,2,0
231.973,0,15195136,windows,0,325,290,9,0,0,0,0,0,0,7,2,0
232,1,14594048,windows,0,325,290,9,0,0,0,0,0,0,7,2,0
232.237,0,15212544,windows,0,325,290,9,0,0,0,0,0,0,7,2,0
232.255,1,14614528,windows,0,325,290,9,0,0,0,0,0,0,7,2,0
232.488,0,15228928,windows,0,325,290,9,0,0,0,0,0,0,7,2,0
232.507,1,14633984,windows,0,325,290,9,0,0,0,0,0,0,7,2,0
232.748,0,15245312,repair,0,325,290,9,0,0,0,0,0,0,7,2,0
232.766,1,14654464,windows,0,325,290,9,0,0,0,0,0,0,7,2,0
233.006,0,15261696,repair,0,325,290,9,0,0,0,0,0,0,7,2,0
233.028,1,14674944,windows,0,325,290,9,0,0,0,0,0,0,7,2,0
233.265,0,15278080,windows,0,325,290,9,0,0,0,0,0,0,7,2,0
233.278,1,14692352,windows,0,325,290,9,0,0,0,0,0,0,7,2,0
233.524,0,15294464,windows,0,325,290,9,0,0,0,0,0,0,7,2,0
233.538,1,14711808,windows,0,325,290,9,0,0,0,0,0,0,7,2,0
233.787,0,15310848,windows,0,325,290,9,0,0,0,0,0,0,7,2,0
233.793,1,14731264,windows,0,325,290,9,0,0,0,0,0,0,7,2,0
234.046,0,15326208,windows,0,325,290,9,0,0,0,0,0,0,7,2,0
234.053,1,14750720,windows,0,325,290,9,0,0,0,0,0,0,7,2,0
234.306,0,15341568,windows,0,325,290,9,0,0,0,0,0,0,7,2,0
234.314,1,14770176,windows,0,325,290,9,0,0,0,0,0,0,7,2,0
234.558,0,15355904,windows,0,325,290,9,0,0,0,0,0,0,7,2,0
234.581,1,14788608,windows,0,325,290,9,0,0,0,0,0,0,7,2,0
234.816,0,15370240,windows,0,325,290,9,0,0,0,0,0,0,7,2,0
234.841,1,14804992,windows,0,325,290,9,0,0,0,0,0,0,7,2,0
235.073,0,15384576,windows,0,325,290,9,0,0,0,0,0,0,7,2,0
235.099,1,14820352,windows,0,325,290,9,0,0,0,0,0,0,7,2,0
235.329,0,15401984,windows,0,325,290,9,0,0,0,0,0,0,7,2,0
235.351,1,14835712,windows,0,325,290,9,0,0,0,0,0,0,7,2,0
235.583,0,15420416,windows,0,325,290,9,0,0,0,0,0,0,7,2,0
235.61,1,14850048,windows,0,325,290,9,0,0,0,0,0,0,7,2,0
235.84,0,15438848,windows,0,325,290,9,0,0,0,0,0,0,7,2,0
235.873,1,14865408,windows,0,325,290,9,0,0,0,0,0,0,7,2,0
236.091,0,15454208,repair,0,325,290,9,0,0,0,0,0,0,7,2,0
236.139,1,14879744,windows,0,325,290,9,0,0,0,0,0,0,7,2,0
236.348,0,15472640,repair,0,325,290,9,0,0,0,0,0,0,7,2,0
236.396,1,14895104,windows,0,325,290,9,0,0,0,0,0,0,7,2,0
236.6,0,15490048,windows,0,325,290,9,0,0,0,0,0,0,7,2,0
236.652,1,14910464,windows,0,325,290,9,0,0,0,0,0,0,7,2,0
236.854,0,15505408,windows,0,325,290,9,0,0,0,0,0,0,7,2,0
236.914,1,14925824,windows,0,325,290,9,0,0,0,0,0,0,7,2,0
237.118,0,15523840,windows,0,325,290,9,0,0,0,0,0,0,7,2,0
237.165,1,14940160,windows,0,325,290,9,0,0,0,0,0,0,7,2,0
237.373,0,15542272,windows,0,325,290,9,0,0,0,0,0,0,7,2,0
237.426,1,14955520,windows,0,325,290,9,0,0,0,0,0,0,7,2,0
237.627,0,15560704,windows,0,325,290,9,0,0,0,0,0,0,7,2,0
237.683,1,14970880,windows,0,325,290,9,0,0,0,0,0,0,7,2,0
237.887,0,15578112,windows,0,325,290,9,0,0,0,0,0,0,7,2,0
237.941,1,14986240,windows,0,325,290,9,0,0,0,0,0,0,7,2,0
238.139,0,15594496,windows,0,325,290,9,0,0,0,0,0,0,7,2,0
238.197,1,15003648,windows,0,325,290,9,0,0,0,0,0,0,7,2,0
238.397,0,15609856,windows,0,325,290,9,0,0,0,0,0,0,7,2,0
238.46,1,15023104,windows,0,325,290,9,0,0,0,0,0,0,7,2,0
238.664,0,15624192,windows,0,325,290,9,0,0,0,0,0,0,7,2,0
238.717,1,15041536,windows,0,325,290,9,0,0,0,0,0,0,7,2,0
238.919,0,15636480,windows,0,325,290,9,0,0,0,0,0,0,7,2,0
238.977,1,15058944,windows,0,325,290,9,0,0,0,0,0,0,7,2,0
239.173,0,15649792,windows,0,325,290,9,0,0,0,0,0,0,7,2,0
239.238,1,15076352,repair,0,325,290,9,0,0,0,0,0,0,7,2,0
239.429,0,15664128,windows,0,325,290,9,0,0,0,0,0,0,7,2,0
239.496,1,15095808,repair,0,325,290,9,0,0,0,0,0,0,7,2,0
239.687,0,15678464,windows,0,325,290,9,0,0,0,0,0,0,7,2,0
239.751,1,15116288,windows,0,325,290,9,0,0,0,0,0,0,7,2,0
239.949,0,15693824,windows,0,325,290,9,0,0,0,0,0,0,7,2,0
240.014,1,15134720,windows,0,325,290,9,0,0,0,0,0,0,7,2,0
240.203,0,15708160,windows,0,325,290,9,0,0,0,0,0,0,7,2,0
240.273,1,15153152,windows,0,325,290,9,0,0,0,0,0,0,7,2,0
240.462,0,15723520,windows,0,325,290,9,0,0,0,0,0,0,7,2,0
240.536,1,15170560,windows,0,325,290,9,0,0,0,0,0,0,7,2,0
240.718,0,15737856,windows,0,325,290,9,0,0,0,0,0,0,7,2,0
240.792,1,15186944,windows,0,325,290,9,0,0,0,0,0,0,7,2,0
240.97,0,15753216,windows,0,325,290,9,0,0,0,0,0,0,7,2,0
241.049,1,15203328,windows,0,325,290,9,0,0,0,0,0,0,7,2,0
241.223,0,15768576,windows,0,325,290,9,0,0,0,0,0,0,7,2,0
241.312,1,15220736,windows,0,325,290,9,0,0,0,0,0,0,7,2,0
241.486,0,15784960,windows,0,325,290,9,0,0,0,0,0,0,7,2,0
241.563,1,15237120,windows,0,325,290,9,0,0,0,0,0,0,7,2,0
241.749,0,15800320,windows,0,325,290,9,0,0,0,0,0,0,7,2,0
241.818,1,15253504,windows,0,325,290,9,0,0,0,0,0,0,7,2,0
242.002,0,15813632,windows,0,325,290,9,0,0,0,0,0,0,7,2,0
242.081,1,15268864,windows,0,325,290,9,0,0,0,0,0,0,7,2,0
242.265,0,15830016,windows,0,325,290,9,0,0,0,0,0,0,7,2,0
242.335,1,15284224,windows,0,325,290,9,0,0,0,0,0,0,7,2,0
242.527,0,15846400,windows,0,325,290,9,0,0,0,0,0,0,7,2,0
242.588,1,15300608,windows,0,325,290,9,0,0,0,0,0,0,7,2,0
242.794,0,15862784,windows,0,325,290,9,0,0,0,0,0,0,7,2,0
242.844,1,15318016,windows,0,325,290,9,0,0,0,0,0,0,7,2,0
243.055,0,15878144,windows,0,325,290,9,0,0,0,0,0,0,7,2,0
243.101,1,15334400,windows,0,325,290,9,0,0,0,0,0,0,7,2,0
243.307,0,15892480,repair,0,325,290,9,0,0,0,0,0,0,7,2,0
243.357,1,15349760,windows,0,325,290,9,0,0,0,0,0,0,7,2,0
243.57,0,15907840,repair,0,325,290,9,0,0,0,0,0,0,7,2,0
243.61,1,15364096,windows,0,325,290,9,0,0,0,0,0,0,7,2,0
243.828,0,15923200,windows,0,325,290,9,0,0,0,0,0,0,7,2,0
243.868,1,15379456,windows,0,325,290,9,0,0,0,0,0,0,7,2,0
244.092,0,15938560,windows,0,325,290,9,0,0,0,0,0,0,7,2,0
244.132,1,15394816,windows,0,325,290,9,0,0,0,0,0,0,7,2,0
244.343,0,15952896,windows,0,325,290,9,0,0,0,0,0,0,7,2,0
244.399,1,15410176,windows,0,325,290,9,0,0,0,0,0,0,7,2,0
244.596,0,15966208,windows,0,325,290,9,0,0,0,0,0,0,7,2,0
244.652,1,15424512,windows,0,325,290,9,0,0,0,0,0,0,7,2,0
244.861,0,15980544,windows,0,325,290,9,0,0,0,0,0,0,7,2,0
244.909,1,15439872,windows,0,325,290,9,0,0,0,0,0,0,7,2,0
245.117,0,15994880,windows,0,325,290,9,0,0,0,0,0,0,7,2,0
245.169,1,15455232,repair,0,325,290,9,0,0,0,0,0,0,7,2,0
245.377,0,16010240,windows,0,325,290,9,0,0,0,0,0,0,7,2,0
245.429,1,15470592,repair,0,325,290,9,0,0,0,0,0,0,7,2,0
245.632,0,16025600,windows,0,325,290,9,0,0,0,0,0,0,7,2,0
245.689,1,15488000,windows,0,325,290,9,0,0,0,0,0,0,7,2,0
245.896,0,16040960,windows,0,325,290,9,0,0,0,0,0,0,7,2,0
245.954,1,15503360,windows,0,325,290,9,0,0,0,0,0,0,7,2,0
246.149,0,16057344,windows,0,325,290,9,0,0,0,0,0,0,7,2,0
246.21,1,15519744,windows,0,325,290,9,0,0,0,0,0,0,7,2,0
246.408,0,16074752,windows,0,325,290,9,0,0,0,0,0,0,7,2,0
246.477,1,15539200,windows,0,325,290,9,0,0,0,0,0,0,7,2,0
246.662,0,16089088,windows,0,325,290,9,0,0,0,0,0,0,7,2,0
246.734,1,15554560,windows,0,325,290,9,0,0,0,0,0,0,7,2,0
246.914,0,16103424,windows,0,325,290,9,0,0,0,0,0,0,7,2,0
246.986,1,15568896,windows,0,325,290,9,0,0,0,0,0,0,7,2,0
247.167,0,16120832,windows,0,325,290,9,0,0,0,0,0,0,7,2,0
247.241,1,15586304,windows,0,325,290,9,0,0,0,0,0,0,7,2,0
247.427,0,16139264,windows,0,325,290,9,0,0,0,0,0,0,7,2,0
247.502,1,15602688,windows,0,325,290,9,0,0,0,0,0,0,7,2,0
247.684,0,16154624,windows,0,325,290,9,0,0,0,0,0,0,7,2,0
247.756,1,15618048,windows,0,325,290,9,0,0,0,0,0,0,7,2,0
247.938,0,16171008,windows,0,325,290,9,0,0,0,0,0,0,7,2,0
248.023,1,15632384,windows,0,325,290,9,0,0,0,0,0,0,7,2,0
248.191,0,16189440,windows,0,325,290,9,0,0,0,0,0,0,7,2,0
248.287,1,15646720,windows,0,325,290,9,0,0,0,0,0,0,7,2,0
248.446,0,16203776,repair,892,1.62381e+08,1.62322e+08,5381,55,146,117,388,186,0,2965,2190,226
248.54,1,15660032,windows,0,325,290,9,0,0,0,0,0,0,7,2,0
248.704,0,16224256,repair,646,2.61298e+08,2.61233e+08,7083,42,136,115,219,134,0,3963,2937,183
248.795,1,15673344,windows,0,325,290,9,0,0,0,0,0,0,7,2,0
248.966,0,16243712,repair,536,2.48029e+08,2.48029e+08,6994,37,104,97,195,103,0,3999,2836,159
249.054,1,15686656,windows,0,325,290,9,0,0,0,0,0,0,7,2,0
249.227,0,16261120,repair,441,2.42734e+08,2.42653e+08,6958,28,81,83,155,94,0,4004,2807,147
249.318,1,15699968,windows,0,325,290,9,0,0,0,0,0,0,7,2,0
249.485,0,16279552,repair,351,2.29507e+08,2.29503e+08,6805,26,56,70,144,55,0,3940,2724,141
249.588,1,15711232,windows,0,325,290,9,0,0,0,0,0,0,7,2,0
249.744,0,16297984,repair,272,2.22905e+08,2.22849e+08,6593,14,39,41,115,63,0,3691,2759,143
249.854,1,15724544,windows,0,325,290,9,0,0,0,0,0,0,7,2,0
249.997,0,16316416,repair,225,1.9355e+08,1.93529e+08,6256,4,44,39,87,51,0,3633,2509,114
250.114,1,15738880,windows,0,325,290,9,0,0,0,0,0,0,7,2,0
250.261,0,16334848,repair,171,1.92489e+08,1.92489e+08,6311,9,25,30,69,38,0,3733,2467,111
250.366,1,15753216,windows,0,325,290,9,0,0,0,0,0,0,7,2,0
250.521,0,16351232,repair,141,1.51475e+08,1.51415e+08,5654,4,24,22,56,35,0,3388,2159,107
250.633,1,15767552,windows,0,325,290,9,0,0,0,0,0,0,7,2,0
250.775,0,16367616,repair,106,1.45572e+08,1.45514e+08,5583,5,20,11,52,18,0,3388,2092,103
250.896,1,15781888,windows,0,325,290,9,0,0,0,0,0,0,7,2,0
251.039,0,16384000,repair,84,1.28893e+08,1.28854e+08,5286,1,11,8,41,23,0,3237,1949,100
251.147,1,15796224,windows,0,325,290,9,0,0,0,0,0,0,7,2,0
251.297,0,16401408,repair,50,1.19745e+08,1.19745e+08,5151,1,6,10,23,10,0,3228,1835,88
251.413,1,15811584,windows,0,325,290,9,0,0,0,0,0,0,7,2,0
251.555,0,16420864,repair,30,1.07889e+08,1.07889e+08,4934,2,6,1,15,6,0,3147,1705,82
251.675,1,15823872,repair,758,2.77156e+08,2.77156e+08,7108,52,178,144,252,132,0,3819,3087,202
251.806,0,16439296,repair,18,9.55192e+07,9.55044e+07,4635,0,3,3,10,2,0,2947,1611,77
251.938,1,15842304,repair,608,2.6357e+08,2.63565e+08,7082,43,121,101,222,121,0,3932,2974,176
252.06,0,16457728,repair,6,8.79275e+07,8.79135e+07,4433,0,1,0,4,1,0,2788,1563,82
252.195,1,15860736,repair,508,2.54121e+08,2.54116e+08,7090,25,111,82,175,115,0,4056,2873,161
252.314,0,16476160,repair,2,7.06206e+07,7.06071e+07,4083,0,0,1,0,1,0,2701,1303,79
252.45,1,15878144,repair,410,2.47754e+08,2.4773e+08,7017,27,83,81,137,82,0,4024,2851,142
252.581,0,16493568,repair,0,6.21392e+07,6.2113e+07,3837,0,0,0,0,0,0,2562,1208,67
252.71,1,15895552,repair,335,2.13025e+08,2.12949e+08,6623,26,59,52,138,60,0,3904,2584,135
252.836,0,16510976,windows,0,5.1247e+07,5.12358e+07,3436,0,0,0,0,0,0,2246,1139,51
252.965,1,15912960,repair,281,1.9244e+08,1.92418e+08,6286,20,47,39,112,63,0,3696,2467,123
253.104,0,16528384,windows,0,3.98581e+07,3.98386e+07,3050,0,0,0,0,0,0,2036,977,37
253.221,1,15930368,repair,225,1.85408e+08,1.8536e+08,6219,16,26,44,89,50,0,3692,2404,123
253.361,0,16544768,windows,0,3.12707e+07,3.12606e+07,2711,0,0,0,0,0,0,1827,853,31
253.472,1,15946752,repair,164,1.77007e+08,1.77007e+08,6078,12,30,18,72,32,0,3613,2352,113
253.619,0,16561152,windows,0,2.60397e+07,2.60253e+07,2514,0,0,0,0,0,0,1766,722,26
253.737,1,15964160,repair,126,1.59564e+08,1.59499e+08,5765,11,12,23,53,27,0,3417,2241,107
253.873,0,16576512,windows,0,2.19096e+07,2.19088e+07,2271,0,0,0,0,0,0,1533,712,26
253.994,1,15981568,repair,98,1.39032e+08,1.39015e+08,5412,3,14,15,46,20,0,3247,2071,94
254.13,0,16592896,windows,0,1.84076e+07,1.84006e+07,2090,0,0,0,0,0,0,1417,646,27
254.251,1,15998976,repair,61,1.432e+08,1.432e+08,5461,3,10,8,24,16,0,3229,2129,103
254.396,0,16610304,windows,0,1.48106e+07,1.48098e+07,1875,0,0,0,0,0,0,1268,581,26
254.515,1,16016384,repair,39,1.23305e+08,1.23302e+08,5222,3,5,8,14,9,0,3268,1866,88
254.657,0,16626688,windows,0,1.24098e+07,1.23998e+07,1733,0,0,0,0,0,0,1215,501,17
254.779,1,16033792,repair,23,1.08983e+08,1.08968e+08,4936,0,3,4,9,7,0,3116,1735,85
254.917,0,16643072,windows,0,1.05108e+07,1.0502e+07,1608,0,0,0,0,0,0,1150,441,17
255.035,1,16050176,repair,14,1.00174e+08,1.00159e+08,4743,0,1,2,4,7,0,3011,1653,79
255.181,0,16660480,windows,0,8.6803e+06,8.66647e+06,1456,0,0,0,0,0,0,1029,411,16
255.297,1,16067584,repair,7,8.78254e+07,8.77785e+07,4462,0,0,0,5,2,0,2865,1527,70
255.433,0,16675840,windows,0,6.97562e+06,6.97063e+06,1300,0,0,0,0,0,0,905,379,16
255.56,1,16084992,repair,2,7.33869e+07,7.33464e+07,4122,0,0,0,2,0,0,2710,1352,60
255.694,0,16692224,windows,0,5.76108e+06,5.75691e+06,1186,0,0,0,0,0,0,833,338,15
255.811,1,16100352,repair,1,6.29233e+07,6.2884e+07,3814,0,0,0,1,0,0,2501,1256,57
255.958,0,16708608,windows,0,4.70989e+06,4.70969e+06,1075,0,0,0,0,0,0,778,290,7
256.071,1,16116736,repair,1,5.36181e+07,5.36181e+07,3552,0,0,0,1,0,0,2374,1126,52
256.221,0,16726016,windows,0,3.85146e+06,3.84771e+06,972,0,0,0,0,0,0,693,269,10
256.334,1,16132096,repair,0,4.67004e+07,4.6699e+07,3317,0,0,0,0,0,0,2217,1050,50
256.476,0,16742400,windows,0,3.0395e+06,3.03425e+06,848,0,0,0,0,0,0,575,263,10
256.599,1,16146432,windows,0,3.95514e+07,3.95514e+07,3039,0,0,0,0,0,0,2012,981,46
256.733,0,16759808,windows,0,2.51092e+06,2.51092e+06,773,0,0,0,0,0,0,530,235,8
256.862,1,16160768,windows,0,3.22347e+07,3.22069e+07,2772,0,0,0,0,0,0,1872,856,44
256.991,0,16776192,windows,0,2.11766e+06,2.11108e+06,718,0,0,0,0,0,0,510,202,6
257.128,1,16175104,windows,0,2.76821e+07,2.76723e+07,2565,0,0,0,0,0,0,1728,797,40
257.251,0,16793600,windows,0,1.75904e+06,1.75525e+06,653,0,0,0,0,0,0,455,190,8
257.397,1,16189440,windows,0,2.37384e+07,2.37156e+07,2371,0,0,0,0,0,0,1593,742,36
257.513,0,16809984,windows,0,1.32802e+06,1.32583e+06,567,0,0,0,0,0,0,392,167,8
257.659,1,16202752,windows,0,2.07339e+07,2.07328e+07,2220,0,0,0,0,0,0,1495,690,35
257.769,0,16826368,windows,0,1.1137e+06,1.10902e+06,527,0,0,0,0,0,0,381,139,7
257.922,1,16216064,windows,0,1.72538e+07,1.72408e+07,2044,0,0,0,0,0,0,1411,603,30
258.02,0,16842752,windows,0,932390,927966,476,0,0,0,0,0,0,330,139,7
258.188,1,16229376,windows,0,1.48035e+07,1.47922e+07,1882,0,0,0,0,0,0,1293,567,22
258.273,0,16859136,windows,0,779650,779448,439,0,0,0,0,0,0,310,122,7
258.449,1,16243712,windows,0,1.26822e+07,1.26822e+07,1750,0,0,0,0,0,0,1210,517,23
258.533,0,16875520,windows,0,581045,580812,373,0,0,0,0,0,0,249,116,8
258.702,1,16257024,windows,0,1.1122e+07,1.11065e+07,1629,0,0,0,0,0,0,1120,492,17
258.798,0,16892928,windows,0,468545,466398,338,0,0,0,0,0,0,233,99,6
258.954,1,16270336,windows,0,9.74599e+06,9.73639e+06,1530,0,0,0,0,0,0,1058,455,17
259.049,0,16908288,windows,0,405585,405585,318,0,0,0,0,0,0,225,87,6
259.204,1,16282624,windows,0,8.21079e+06,8.21079e+06,1416,0,0,0,0,0,0,1002,399,15
259.303,0,16924672,windows,0,353965,353965,297,0,0,0,0,0,0,209,82,6
259.467,1,16296960,windows,0,7.01394e+06,7.00129e+06,1306,0,0,0,0,0,0,909,379,18
259.563,0,16942080,windows,0,281180,281180,262,0,0,0,0,0,0,178,78,6
259.735,1,16311296,windows,0,6.05616e+06,6.049e+06,1233,0,0,0,0,0,0,885,326,22
259.826,0,16959488,windows,0,228770,228628,232,0,0,0,0,0,0,152,75,5
259.989,1,16324608,windows,0,5.32888e+06,5.32829e+06,1154,0,0,0,0,0,0,824,310,20
260.08,0,16975872,windows,0,201275,200399,220,0,0,0,0,0,0,147,68,5
260.252,1,16338944,windows,0,4.67845e+06,4.67262e+06,1079,0,0,0,0,0,0,770,292,17
260.339,0,16993280,windows,0,172310,171581,208,0,0,0,0,0,0,146,57,5
260.505,1,16352256,windows,0,3.88253e+06,3.87358e+06,978,0,0,0,0,0,0,684,277,17
260.591,0,17009664,windows,0,135970,135970,187,0,0,0,0,0,0,130,50,7
260.771,1,16366592,windows,0,3.206e+06,3.20559e+06,893,0,0,0,0,0,0,637,242,14
260.859,0,17026048,windows,0,108530,107056,166,0,0,0,0,0,0,116,45,5
261.037,1,16379904,windows,0,2.75255e+06,2.74846e+06,832,0,0,0,0,0,0,618,205,9
261.123,0,17044480,windows,0,89860,88443.8,152,0,0,0,0,0,0,110,38,4
261.295,1,16393216,windows,0,2.35768e+06,2.35066e+06,764,0,0,0,0,0,0,555,202,7
261.379,0,17061888,windows,0,79360,78492.5,142,0,0,0,0,0,0,100,38,4
261.55,1,16407552,windows,0,2.0448e+06,2.04202e+06,711,0,0,0,0,0,0,511,192,8
261.638,0,17079296,windows,0,70580,69283.8,134,0,0,0,0,0,0,94,36,4
261.817,1,16420864,windows,0,1.62456e+06,1.62233e+06,628,0,0,0,0,0,0,445,178,5
261.894,0,17096704,windows,0,50105,49126.2,114,0,0,0,0,0,0,81,29,4
262.079,1,16434176,windows,0,1.42139e+06,1.41791e+06,591,0,0,0,0,0,0,420,164,7
262.16,0,17114112,windows,0,43220,42861.2,105,0,0,0,0,0,0,72,29,4
262.344,1,16446464,windows,0,1.23084e+06,1.22773e+06,551,0,0,0,0,0,0,385,156,10
262.412,0,17131520,windows,0,39415,38556.2,101,0,0,0,0,0,0,73,25,3
262.598,1,16460800,windows,0,1.0471e+06,1.04489e+06,517,0,0,0,0,0,0,377,129,11
262.663,0,17148928,windows,0,36290,35815,97,0,0,0,0,0,0,70,24,3
262.851,1,16475136,windows,0,909985,909985,484,0,0,0,0,0,0,361,113,10
262.924,0,17166336,windows,0,30610,30610,87,0,0,0,0,0,0,58,26,3
263.105,1,16488448,windows,0,729215,726618,427,0,0,0,0,0,0,301,117,9
263.181,0,17184768,windows,0,26195,25911.2,82,0,0,0,0,0,0,57,22,3
263.368,1,16502784,windows,0,593620,592019,386,0,0,0,0,0,0,274,104,8
263.444,0,17203200,windows,0,23470,23211.2,77,0,0,0,0,0,0,52,22,3
263.634,1,16517120,windows,0,486185,483014,352,0,0,0,0,0,0,261,85,6
263.699,0,17220608,windows,0,23350,23350,76,0,0,0,0,0,0,50,23,3
263.891,1,16531456,windows,0,412525,412292,325,0,0,0,0,0,0,235,82,8
263.961,0,17239040,windows,0,19790,19551.2,71,0,0,0,0,0,0,48,20,3
264.148,1,16544768,windows,0,357020,355739,302,0,0,0,0,0,0,222,74,6
264.215,0,17257472,windows,0,19195,18760,68,0,0,0,0,0,0,43,22,3
264.405,1,16559104,windows,0,263510,261104,258,0,0,0,0,0,0,186,67,5
264.476,0,17275904,windows,0,16675,16675,64,0,0,0,0,0,0,41,20,3
264.66,1,16572416,windows,0,222115,221139,236,0,0,0,0,0,0,167,64,5
264.731,0,17293312,windows,0,15155,15155,62,0,0,0,0,0,0,41,18,3
264.916,1,16586752,windows,0,184670,183472,215,0,0,0,0,0,0,156,56,3
264.986,0,17311744,windows,0,14335,14335,59,0,0,0,0,0,0,37,19,3
265.176,1,16601088,windows,0,165205,165152,203,0,0,0,0,0,0,149,52,2
265.245,0,17330176,windows,0,13615,13066.2,57,0,0,0,0,0,0,35,19,3
265.443,1,16616448,windows,0,143260,142499,190,0,0,0,0,0,0,142,46,2
265.505,0,17349632,windows,0,13230,13230,57,0,0,0,0,0,0,36,18,3
265.696,1,16628736,windows,0,108605,107114,165,0,0,0,0,0,0,121,42,2
265.757,0,17367040,windows,0,12530,12530,55,0,0,0,0,0,0,34,18,3
265.957,1,16644096,windows,0,85815,85815,147,0,0,0,0,0,0,105,39,3
266.009,0,17384448,windows,0,11935,11761.2,53,0,0,0,0,0,0,35,17,1
266.215,1,16658432,windows,0,74905,73686.2,138,0,0,0,0,0,0,97,37,4
266.268,0,17402880,windows,0,10930,10771.2,50,0,0,0,0,0,0,32,17,1
266.468,1,16672768,windows,0,71105,71105,134,0,0,0,0,0,0,93,37,4
266.529,0,17421312,windows,0,10270,9955,49,0,0,0,0,0,0,32,16,1
266.725,1,16688128,windows,0,64910,64471.2,127,0,0,0,0,0,0,88,36,3
266.789,0,17439744,windows,0,9650,9335,47,0,0,0,0,0,0,30,16,1
266.99,1,16703488,windows,0,47765,47381.2,109,0,0,0,0,0,0,77,30,2
267.045,0,17458176,windows,0,9355,9040,46,0,0,0,0,0,0,29,16,1
267.252,1,16717824,windows,0,44320,43376.2,105,0,0,0,0,0,0,74,29,2
267.303,0,17476608,windows,0,8795,8480,44,0,0,0,0,0,0,27,16,1
267.51,1,16732160,windows,0,38995,38043.8,100,0,0,0,0,0,0,71,26,3
267.556,0,17495040,windows,0,7870,7595,43,0,0,0,0,0,0,28,14,1
267.763,1,16746496,windows,0,34910,34827.5,95,0,0,0,0,0,0,68,24,3
267.817,0,17513472,windows,0,7330,7075,42,0,0,0,0,0,0,28,13,1
268.026,1,16761856,windows,0,31010,30927.5,89,0,0,0,0,0,0,62,24,3
268.077,0,17531904,windows,0,6790,6406.25,40,0,0,0,0,0,0,26,13,1
268.287,1,16777216,windows,0,25525,25472.5,81,0,0,0,0,0,0,59,20,2
268.336,0,17551360,windows,0,6790,6406.25,40,0,0,0,0,0,0,26,13,1
268.544,1,16792576,windows,0,22280,21872.5,76,0,0,0,0,0,0,56,18,2
268.587,0,17569792,windows,0,6535,6156.25,39,0,0,0,0,0,0,25,13,1
268.807,1,16807936,windows,0,21180,20772.5,74,0,0,0,0,0,0,54,18,2
268.841,0,17589248,windows,0,6290,6035,38,0,0,0,0,0,0,24,13,1
269.067,1,16823296,windows,0,18245,18192.5,69,0,0,0,0,0,0,51,16,2
269.104,0,17608704,windows,0,6290,6035,38,0,0,0,0,0,0,24,13,1
269.327,1,16838656,windows,0,17420,17367.5,67,0,0,0,0,0,0,48,17,2
269.362,0,17628160,windows,0,6290,6035,38,0,0,0,0,0,0,24,13,1
269.59,1,16854016,windows,0,13555,13240,58,0,0,0,0,0,0,41,16,1
269.623,0,17647616,windows,0,6290,6035,38,0,0,0,0,0,0,24,13,1
269.848,1,16869376,windows,0,13555,13240,58,0,0,0,0,0,0,41,16,1
269.887,0,17667072,windows,0,325,290,9,0,0,0,0,0,0,7,2,0
270.111,1,16884736,windows,0,10745,10518.8,52,0,0,0,0,0,0,35,15,2
270.148,0,17686528,windows,0,325,290,9,0,0,0,0,0,0,7,2,0
270.365,1,16900096,windows,0,9425,9372.5,48,0,0,0,0,0,0,31,15,2
270.404,0,17705984,windows,0,325,290,9,0,0,0,0,0,0,7,2,0
270.621,1,16915456,windows,0,9425,9372.5,48,0,0,0,0,0,0,31,15,2
270.658,0,17724416,windows,0,325,290,9,0,0,0,0,0,0,7,2,0
270.883,1,16930816,windows,0,8845,8792.5,47,0,0,0,0,0,0,31,14,2
270.922,0,17741824,windows,0,325,290,9,0,0,0,0,0,0,7,2,0
271.134,1,16945152,windows,0,8540,8338.75,46,0,0,0,0,0,0,30,14,2
271.179,0,17759232,windows,0,325,290,9,0,0,0,0,0,0,7,2,0
271.39,1,16960512,windows,0,8540,8338.75,46,0,0,0,0,0,0,30,14,2
271.434,0,17778688,windows,0,325,290,9,0,0,0,0,0,0,7,2,0
271.651,1,16975872,windows,0,8540,8338.75,46,0,0,0,0,0,0,30,14,2
271.696,0,17798144,windows,0,325,290,9,0,0,0,0,0,0,7,2,0
271.909,1,16990208,windows,0,8540,8338.75,46,0,0,0,0,0,0,30,14,2
271.957,0,17817600,windows,0,325,290,9,0,0,0,0,0,0,7,2,0
272.172,1,17005568,windows,0,8540,8338.75,46,0,0,0,0,0,0,30,14,2
272.211,0,17837056,windows,0,325,290,9,0,0,0,0,0,0,7,2,0
272.435,1,17020928,windows,0,325,290,9,0,0,0,0,0,0,7,2,0
272.471,0,17855488,windows,0,325,290,9,0,0,0,0,0,0,7,2,0
272.695,1,17037312,windows,0,325,290,9,0,0,0,0,0,0,7,2,0
272.722,0,17872896,windows,0,325,290,9,0,0,0,0,0,0,7,2,0
272.951,1,17053696,windows,0,325,290,9,0,0,0,0,0,0,7,2,0
272.985,0,17891328,windows,0,325,290,9,0,0,0,0,0,0,7,2,0
273.215,1,17071104,windows,0,325,290,9,0,0,0,0,0,0,7,2,0
273.237,0,17908736,windows,0,325,290,9,0,0,0,0,0,0,7,2,0
273.483,1,17087488,repair,0,325,290,9,0,0,0,0,0,0,7,2,0
273.495,0,17927168,windows,0,325,290,9,0,0,0,0,0,0,7,2,0
273.738,1,17101824,windows,0,325,290,9,0,0,0,0,0,0,7,2,0
273.753,0,17945600,windows,0,325,290,9,0,0,0,0,0,0,7,2,0
273.991,1,17117184,windows,0,325,290,9,0,0,0,0,0,0,7,2,0
274.003,0,17963008,windows,0,325,290,9,0,0,0,0,0,0,7,2,0
274.242,1,17132544,windows,0,325,290,9,0,0,0,0,0,0,7,2,0
274.266,0,17983488,windows,0,325,290,9,0,0,0,0,0,0,7,2,0
274.498,1,17147904,windows,0,325,290,9,0,0,0,0,0,0,7,2,0
274.521,0,18003968,windows,0,325,290,9,0,0,0,0,0,0,7,2,0
274.756,1,17164288,windows,0,325,290,9,0,0,0,0,0,0,7,2,0
274.783,0,18024448,windows,0,325,290,9,0,0,0,0,0,0,7,2,0
275.017,1,17179648,windows,0,325,290,9,0,0,0,0,0,0,7,2,0
275.043,0,18043904,windows,0,325,290,9,0,0,0,0,0,0,7,2,0
275.278,1,17195008,windows,0,325,290,9,0,0,0,0,0,0,7,2,0
275.306,0,18064384,windows,0,325,290,9,0,0,0,0,0,0,7,2,0
275.538,1,17210368,windows,0,325,290,9,0,0,0,0,0,0,7,2,0
275.579,0,18084864,windows,0,325,290,9,0,0,0,0,0,0,7,2,0
275.791,1,17225728,windows,0,325,290,9,0,0,0,0,0,0,7,2,0
275.837,0,18102272,windows,0,325,290,9,0,0,0,0,0,0,7,2,0
276.047,1,17241088,windows,0,325,290,9,0,0,0,0,0,0,7,2,0
276.096,0,18119680,windows,0,325,290,9,0,0,0,0,0,0,7,2,0
276.302,1,17256448,windows,0,325,290,9,0,0,0,0,0,0,7,2,0
276.358,0,18138112,windows,0,325,290,9,0,0,0,0,0,0,7,2,0
276.553,1,17271808,windows,0,325,290,9,0,0,0,0,0,0,7,2,0
276.61,0,18155520,windows,0,325,290,9,0,0,0,0,0,0,7,2,0
276.813,1,17288192,windows,0,325,290,9,0,0,0,0,0,0,7,2,0
276.872,0,18173952,windows,0,325,290,9,0,0,0,0,0,0,7,2,0
277.077,1,17303552,windows,0,325,290,9,0,0,0,0,0,0,7,2,0
277.125,0,18190336,windows,0,325,290,9,0,0,0,0,0,0,7,2,0
277.333,1,17318912,windows,0,325,290,9,0,0,0,0,0,0,7,2,0
277.385,0,18207744,windows,0,325,290,9,0,0,0,0,0,0,7,2,0
277.597,1,17335296,windows,0,325,290,9,0,0,0,0,0,0,7,2,0
277.649,0,18226176,windows,0,325,290,9,0,0,0,0,0,0,7,2,0
277.852,1,17351680,windows,0,325,290,9,0,0,0,0,0,0,7,2,0
277.9,0,18243584,windows,0,325,290,9,0,0,0,0,0,0,7,2,0
278.112,1,17368064,windows,0,325,290,9,0,0,0,0,0,0,7,2,0
278.152,0,18259968,windows,0,325,290,9,0,0,0,0,0,0,7,2,0
278.365,1,17385472,windows,0,325,290,9,0,0,0,0,0,0,7,2,0
278.415,0,18275328,repair,0,325,290,9,0,0,0,0,0,0,7,2,0
278.616,1,17402880,windows,0,325,290,9,0,0,0,0,0,0,7,2,0
278.669,0,18289664,repair,0,325,290,9,0,0,0,0,0,0,7,2,0
278.874,1,17419264,windows,0,325,290,9,0,0,0,0,0,0,7,2,0
278.927,0,18305024,windows,0,325,290,9,0,0,0,0,0,0,7,2,0
279.135,1,17435648,windows,0,325,290,9,0,0,0,0,0,0,7,2,0
279.189,0,18321408,windows,0,325,290,9,0,0,0,0,0,0,7,2,0
279.395,1,17453056,windows,0,325,290,9,0,0,0,0,0,0,7,2,0
279.441,0,18337792,windows,0,325,290,9,0,0,0,0,0,0,7,2,0
279.659,1,17469440,windows,0,325,290,9,0,0,0,0,0,0,7,2,0
279.693,0,18353152,windows,0,325,290,9,0,0,0,0,0,0,7,2,0
279.915,1,17484800,windows,0,325,290,9,0,0,0,0,0,0,7,2,0
279.962,0,18368512,windows,0,325,290,9,0,0,0,0,0,0,7,2,0
280.179,1,17500160,windows,0,325,290,9,0,0,0,0,0,0,7,2,0
280.216,0,18382848,windows,0,325,290,9,0,0,0,0,0,0,7,2,0
280.438,1,17515520,windows,0,325,290,9,0,0,0,0,0,0,7,2,0
280.467,0,18396160,windows,0,325,290,9,0,0,0,0,0,0,7,2,0
280.695,1,17530880,windows,0,325,290,9,0,0,0,0,0,0,7,2,0
280.719,0,18409472,windows,0,325,290,9,0,0,0,0,0,0,7,2,0
280.952,1,17545216,windows,0,325,290,9,0,0,0,0,0,0,7,2,0
280.981,0,18423808,windows,0,325,290,9,0,0,0,0,0,0,7,2,0
281.205,1,17560576,windows,0,325,290,9,0,0,0,0,0,0,7,2,0
281.235,0,18438144,windows,0,325,290,9,0,0,0,0,0,0,7,2,0
281.472,1,17577984,windows,0,325,290,9,0,0,0,0,0,0,7,2,0
281.486,0,18451456,windows,0,325,290,9,0,0,0,0,0,0,7,2,0
281.73,1,17596416,windows,0,325,290,9,0,0,0,0,0,0,7,2,0
281.737,0,18465792,windows,0,325,290,9,0,0,0,0,0,0,7,2,0
281.984,1,17613824,windows,0,325,290,9,0,0,0,0,0,0,7,2,0
281.993,0,18480128,windows,0,325,290,9,0,0,0,0,0,0,7,2,0
282.24,1,17631232,windows,0,325,290,9,0,0,0,0,0,0,7,2,0
282.262,0,18495488,windows,0,325,290,9,0,0,0,0,0,0,7,2,0
282.508,1,17647616,windows,0,325,290,9,0,0,0,0,0,0,7,2,0
282.529,0,18509824,windows,0,325,290,9,0,0,0,0,0,0,7,2,0
282.767,1,17664000,windows,0,325,290,9,0,0,0,0,0,0,7,2,0
282.789,0,18524160,windows,0,325,290,9,0,0,0,0,0,0,7,2,0
283.025,1,17680384,windows,0,325,290,9,0,0,0,0,0,0,7,2,0
283.053,0,18539520,windows,0,325,290,9,0,0,0,0,0,0,7,2,0
283.275,1,17698816,windows,0,325,290,9,0,0,0,0,0,0,7,2,0
283.315,0,18556928,windows,0,325,290,9,0,0,0,0,0,0,7,2,0
283.528,1,17718272,windows,0,325,290,9,0,0,0,0,0,0,7,2,0
283.566,0,18574336,windows,0,325,290,9,0,0,0,0,0,0,7,2,0
283.782,1,17735680,windows,0,325,290,9,0,0,0,0,0,0,7,2,0
283.822,0,18592768,windows,0,325,290,9,0,0,0,0,0,0,7,2,0
284.034,1,17753088,windows,0,325,290,9,0,0,0,0,0,0,7,2,0
284.074,0,18610176,windows,0,325,290,9,0,0,0,0,0,0,7,2,0
284.292,1,17772544,windows,0,325,290,9,0,0,0,0,0,0,7,2,0
284.336,0,18629632,windows,0,325,290,9,0,0,0,0,0,0,7,2,0
284.546,1,17790976,windows,0,325,290,9,0,0,0,0,0,0,7,2,0
284.598,0,18648064,repair,0,325,290,9,0,0,0,0,0,0,7,2,0
284.804,1,17810432,windows,0,325,290,9,0,0,0,0,0,0,7,2,0
284.848,0,18666496,windows,0,325,290,9,0,0,0,0,0,0,7,2,0
285.06,1,17829888,windows,0,325,290,9,0,0,0,0,0,0,7,2,0
285.112,0,18684928,windows,0,325,290,9,0,0,0,0,0,0,7,2,0
285.325,1,17847296,windows,0,325,290,9,0,0,0,0,0,0,7,2,0
285.372,0,18703360,windows,0,325,290,9,0,0,0,0,0,0,7,2,0
285.599,1,17861632,windows,0,325,290,9,0,0,0,0,0,0,7,2,0
285.624,0,18720768,windows,0,325,290,9,0,0,0,0,0,0,7,2,0
285.85,1,17874944,repair,0,325,290,9,0,0,0,0,0,0,7,2,0
285.878,0,18737152,windows,0,325,290,9,0,0,0,0,0,0,7,2,0
286.11,1,17890304,repair,0,325,290,9,0,0,0,0,0,0,7,2,0
286.138,0,18753536,windows,0,325,290,9,0,0,0,0,0,0,7,2,0
286.366,1,17905664,repair,0,325,290,9,0,0,0,0,0,0,7,2,0
286.397,0,18769920,windows,0,325,290,9,0,0,0,0,0,0,7,2,0
286.625,1,17920000,repair,0,325,290,9,0,0,0,0,0,0,7,2,0
286.659,0,18784256,windows,0,325,290,9,0,0,0,0,0,0,7,2,0
286.887,1,17933312,windows,0,325,290,9,0,0,0,0,0,0,7,2,0
286.91,0,18797568,windows,0,325,290,9,0,0,0,0,0,0,7,2,0
287.14,1,17946624,windows,0,325,290,9,0,0,0,0,0,0,7,2,0
287.18,0,18811904,windows,0,325,290,9,0,0,0,0,0,0,7,2,0
287.408,1,17960960,windows,0,325,290,9,0,0,0,0,0,0,7,2,0
287.431,0,18825216,windows,0,325,290,9,0,0,0,0,0,0,7,2,0
287.67,1,17975296,windows,0,325,290,9,0,0,0,0,0,0,7,2,0
287.686,0,18838528,windows,0,325,290,9,0,0,0,0,0,0,7,2,0
287.931,1,17989632,windows,0,325,290,9,0,0,0,0,0,0,7,2,0
287.949,0,18852864,windows,0,325,290,9,0,0,0,0,0,0,7,2,0
288.198,1,18004992,windows,0,325,290,9,0,0,0,0,0,0,7,2,0
288.2,0,18866176,windows,0,325,290,9,0,0,0,0,0,0,7,2,0
288.452,0,18880512,windows,0,325,290,9,0,0,0,0,0,0,7,2,0
288.464,1,18019328,windows,0,325,290,9,0,0,0,0,0,0,7,2,0
288.71,0,18894848,windows,0,325,290,9,0,0,0,0,0,0,7,2,0
288.728,1,18033664,windows,0,325,290,9,0,0,0,0,0,0,7,2,0
288.96,0,18909184,windows,0,325,290,9,0,0,0,0,0,0,7,2,0
288.98,1,18046976,windows,0,325,290,9,0,0,0,0,0,0,7,2,0
289.227,0,18924544,windows,0,325,290,9,0,0,0,0,0,0,7,2,0
289.231,1,18060288,windows,0,325,290,9,0,0,0,0,0,0,7,2,0
289.49,0,18939904,windows,0,325,290,9,0,0,0,0,0,0,7,2,0
289.498,1,18075648,windows,0,325,290,9,0,0,0,0,0,0,7,2,0
289.741,0,18954240,windows,0,325,290,9,0,0,0,0,0,0,7,2,0
289.76,1,18089984,windows,0,325,290,9,0,0,0,0,0,0,7,2,0
290.001,0,18969600,windows,0,325,290,9,0,0,0,0,0,0,7,2,0
290.014,1,18103296,windows,0,325,290,9,0,0,0,0,0,0,7,2,0
290.254,0,18984960,windows,0,325,290,9,0,0,0,0,0,0,7,2,0
290.276,1,18118656,windows,0,325,290,9,0,0,0,0,0,0,7,2,0
290.522,0,19001344,windows,0,325,290,9,0,0,0,0,0,0,7,2,0
290.533,1,18132992,windows,0,325,290,9,0,0,0,0,0,0,7,2,0
290.775,0,19015680,windows,0,325,290,9,0,0,0,0,0,0,7,2,0
290.793,1,18147328,windows,0,325,290,9,0,0,0,0,0,0,7,2,0
291.037,0,19031040,windows,0,325,290,9,0,0,0,0,0,0,7,2,0
291.054,1,18162688,windows,0,325,290,9,0,0,0,0,0,0,7,2,0
291.297,0,19046400,windows,0,325,290,9,0,0,0,0,0,0,7,2,0
291.307,1,18181120,windows,0,325,290,9,0,0,0,0,0,0,7,2,0
291.56,0,19061760,windows,0,325,290,9,0,0,0,0,0,0,7,2,0
291.56,1,18199552,windows,0,325,290,9,0,0,0,0,0,0,7,2,0
291.813,0,19073024,repair,986,1.24297e+08,1.24243e+08,4606,52,126,119,461,228,0,2659,1723,224
291.82,1,18217984,windows,0,325,290,9,0,0,0,0,0,0,7,2,0
292.07,0,19089408,repair,712,2.88824e+08,2.88741e+08,7417,41,152,138,245,136,0,4143,3089,185
292.077,1,18237440,windows,0,325,290,9,0,0,0,0,0,0,7,2,0
292.329,0,19107840,repair,584,2.61442e+08,2.61416e+08,7158,36,113,107,213,115,0,4072,2915,171
292.337,1,18254848,repair,739,2.72273e+08,2.72208e+08,7212,54,157,136,257,135,0,4036,2981,195
292.582,0,19125248,repair,480,2.70868e+08,2.70803e+08,7271,22,106,64,190,98,0,4108,2999,164
292.597,1,18277376,repair,556,2.78932e+08,2.78871e+08,7303,34,123,82,214,103,0,4076,3063,164
292.834,0,19141632,repair,394,2.29571e+08,2.29517e+08,6790,18,87,75,140,74,0,3913,2728,149
292.859,1,18299904,repair,450,2.3622e+08,2.3622e+08,6820,23,69,71,172,115,0,3885,2784,151
293.097,0,19160064,repair,322,2.1869e+08,2.18613e+08,6639,16,58,49,129,70,0,3830,2666,143
293.117,1,18321408,repair,355,2.02694e+08,2.02694e+08,6462,17,59,57,143,79,0,3816,2512,134
293.349,0,19177472,repair,273,1.85215e+08,1.85145e+08,6143,16,38,38,120,61,0,3604,2428,111
293.373,1,18342912,repair,266,1.99641e+08,1.99619e+08,6392,13,51,41,110,51,0,3741,2524,127
293.605,0,19193856,repair,218,1.82319e+08,1.82298e+08,6076,14,25,32,103,44,0,3514,2437,125
293.63,1,18363392,repair,202,1.88001e+08,1.87983e+08,6249,9,35,34,75,49,0,3680,2437,132
293.859,0,19210240,repair,168,1.70257e+08,1.7021e+08,5947,3,28,29,71,37,0,3538,2309,100
293.886,1,18381824,repair,155,1.55614e+08,1.55567e+08,5674,4,30,29,59,33,0,3342,2223,109
294.12,0,19227648,repair,123,1.59639e+08,1.59639e+08,5760,8,16,14,54,31,0,3411,2244,105
294.141,1,18397184,repair,120,1.52894e+08,1.52894e+08,5673,3,16,17,57,27,0,3380,2179,114
294.384,0,19245056,repair,87,1.54722e+08,1.54676e+08,5729,5,15,12,39,16,0,3461,2172,96
294.397,1,18413568,repair,84,1.50345e+08,1.50328e+08,5596,3,9,9,43,20,0,3299,2183,114
294.636,0,19261440,repair,69,1.29757e+08,1.29757e+08,5387,2,8,10,35,14,0,3408,1888,91
294.647,1,18428928,repair,67,1.23677e+08,1.23622e+08,5105,3,14,4,32,14,0,3038,1963,104
294.898,0,19278848,repair,40,1.21306e+08,1.21267e+08,5189,0,9,7,14,10,0,3264,1841,84
294.903,1,18446336,repair,40,1.27127e+08,1.27109e+08,5213,5,3,5,19,8,0,3195,1948,70
295.149,0,19295232,repair,21,1.13568e+08,1.13566e+08,4997,2,6,0,10,3,0,3129,1795,73
295.154,1,18463744,repair,20,1.07143e+08,1.07143e+08,4834,1,6,1,8,4,0,2998,1761,75
295.41,0,19312640,repair,15,9.44037e+07,9.43553e+07,4625,0,4,2,4,5,0,2980,1579,66
295.412,1,18483200,repair,7,9.53531e+07,9.5336e+07,4652,0,0,1,5,1,0,2992,1588,72
295.663,1,18501632,repair,1,8.5525e+07,8.54809e+07,4424,0,0,0,1,0,0,2876,1484,64
295.671,0,19329024,repair,2,9.07454e+07,9.07309e+07,4536,0,0,0,0,2,0,2908,1554,74
295.92,1,18522112,repair,0,6.84732e+07,6.84732e+07,4041,0,0,0,0,0,0,2743,1240,58
295.929,0,19346432,repair,2,7.28861e+07,7.28842e+07,4120,0,1,0,1,0,0,2721,1337,62
296.176,1,18539520,windows,0,5.17644e+07,5.17632e+07,3461,0,0,0,0,0,0,2292,1128,41
296.193,0,19363840,windows,0,6.42716e+07,6.4257e+07,3871,0,0,0,0,0,0,2558,1254,59
296.428,1,18556928,windows,0,4.20179e+07,4.20167e+07,3166,0,0,0,0,0,0,2157,967,42
296.444,0,19379200,windows,0,5.3297e+07,5.32739e+07,3518,0,0,0,0,0,0,2309,1152,57
296.688,1,18573312,windows,0,3.4915e+07,3.49051e+07,2893,0,0,0,0,0,0,1985,871,37
296.712,0,19394560,windows,0,4.36676e+07,4.36468e+07,3185,0,0,0,0,0,0,2098,1039,48
296.952,1,18587648,windows,0,2.90612e+07,2.90359e+07,2613,0,0,0,0,0,0,1758,824,31
296.963,0,19407872,windows,0,3.54794e+07,3.54794e+07,2897,0,0,0,0,0,0,1948,907,42
297.206,1,18601984,windows,0,2.39025e+07,2.39016e+07,2393,0,0,0,0,0,0,1640,722,31
297.218,0,19421184,windows,0,3.04145e+07,3.03969e+07,2702,0,0,0,0,0,0,1841,819,42
297.469,0,19434496,windows,0,2.65265e+07,2.65026e+07,2520,0,0,0,0,0,0,1710,770,40
297.471,1,18619392,windows,0,1.96518e+07,1.96518e+07,2172,0,0,0,0,0,0,1499,648,25
297.725,1,18636800,windows,0,1.6346e+07,1.63334e+07,1952,0,0,0,0,0,0,1293,631,28
297.729,0,19447808,windows,0,2.2975e+07,2.29661e+07,2344,0,0,0,0,0,0,1606,709,29
297.976,1,18650112,windows,0,1.40525e+07,1.40462e+07,1847,0,0,0,0,0,0,1266,548,33
297.984,0,19461120,windows,0,2.01001e+07,2.00993e+07,2198,0,0,0,0,0,0,1511,658,29
298.232,1,18663424,windows,0,1.16204e+07,1.16196e+07,1676,0,0,0,0,0,0,1145,502,29
298.246,0,19474432,windows,0,1.64814e+07,1.64814e+07,1953,0,0,0,0,0,0,1288,639,26
298.494,1,18677760,windows,0,1.00803e+07,1.00716e+07,1581,0,0,0,0,0,0,1122,434,25
298.5,0,19487744,windows,0,1.4156e+07,1.41495e+07,1852,0,0,0,0,0,0,1296,536,20
298.754,1,18692096,windows,0,8.83669e+06,8.82236e+06,1471,0,0,0,0,0,0,1022,424,25
298.757,0,19500032,windows,0,1.25096e+07,1.24989e+07,1744,0,0,0,0,0,0,1216,505,23
299.017,1,18705408,windows,0,7.67592e+06,7.66853e+06,1379,0,0,0,0,0,0,993,370,16
299.033,0,19513344,windows,0,1.09068e+07,1.09004e+07,1628,0,0,0,0,0,0,1124,478,26
299.27,1,18720768,windows,0,6.40133e+06,6.39399e+06,1256,0,0,0,0,0,0,896,345,15
299.284,0,19525632,windows,0,9.61666e+06,9.61666e+06,1531,0,0,0,0,0,0,1069,441,21
299.52,1,18737152,windows,0,5.16348e+06,5.15955e+06,1124,0,0,0,0,0,0,785,322,17
299.544,0,19539968,windows,0,7.63555e+06,7.63059e+06,1375,0,0,0,0,0,0,992,368,15
299.783,1,18755584,windows,0,4.31695e+06,4.30718e+06,1030,0,0,0,0,0,0,730,287,13
299.798,0,19553280,windows,0,6.35504e+06,6.35504e+06,1251,0,0,0,0,0,0,894,343,14
300.047,1,18772992,windows,0,3.71029e+06,3.70692e+06,951,0,0,0,0,0,0,674,268,9
300.062,0,19567616,windows,0,5.40227e+06,5.39803e+06,1163,0,0,0,0,0,0,848,300,15
300.302,1,18790400,windows,0,2.99685e+06,2.98852e+06,863,0,0,0,0,0,0,606,240,17
300.314,0,19581952,windows,0,4.6743e+06,4.66792e+06,1072,0,0,0,0,0,0,759,299,14
300.553,1,18807808,windows,0,2.35874e+06,2.35874e+06,770,0,0,0,0,0,0,559,199,12
300.566,0,19596288,windows,0,3.96061e+06,3.96061e+06,989,0,0,0,0,0,0,710,268,11
300.817,1,18825216,windows,0,1.98762e+06,1.98509e+06,704,0,0,0,0,0,0,507,187,10
300.822,0,19609600,windows,0,3.24304e+06,3.23461e+06,896,0,0,0,0,0,0,640,244,12
301.077,1,18842624,windows,0,1.65956e+06,1.65393e+06,647,0,0,0,0,0,0,473,164,10
301.088,0,19623936,windows,0,2.77159e+06,2.77115e+06,834,0,0,0,0,0,0,598,221,15
301.33,1,18859008,windows,0,1.29668e+06,1.29327e+06,571,0,0,0,0,0,0,406,153,12
301.356,0,19639296,windows,0,2.36356e+06,2.36018e+06,776,0,0,0,0,0,0,551,204,21
301.601,1,18876416,windows,0,959260,957481,493,0,0,0,0,0,0,356,127,10
301.608,0,19652608,windows,0,2.054e+06,2.054e+06,719,0,0,0,0,0,0,515,190,14
301.861,0,19665920,windows,0,1.76256e+06,1.75989e+06,661,0,0,0,0,0,0,465,184,12
301.865,1,18893824,windows,0,796620,794739,448,0,0,0,0,0,0,318,120,10
302.122,1,18910208,windows,0,653885,652441,407,0,0,0,0,0,0,289,108,10
302.128,0,19679232,windows,0,1.42612e+06,1.42076e+06,597,0,0,0,0,0,0,422,163,12
302.381,1,18927616,windows,0,534325,533071,365,0,0,0,0,0,0,251,104,10
302.397,0,19693568,windows,0,1.19154e+06,1.19154e+06,547,0,0,0,0,0,0,395,143,9
302.639,1,18946048,windows,0,404345,401144,322,0,0,0,0,0,0,223,87,12
302.65,0,19706880,windows,0,1.04405e+06,1.04136e+06,512,0,0,0,0,0,0,368,135,9
302.894,1,18964480,windows,0,322020,320112,288,0,0,0,0,0,0,198,78,12
302.916,0,19721216,windows,0,881005,880772,471,0,0,0,0,0,0,341,122,8
303.148,1,18982912,windows,0,270415,270092,263,0,0,0,0,0,0,179,73,11
303.173,0,19734528,windows,0,761120,760888,438,0,0,0,0,0,0,316,114,8
303.406,1,19001344,windows,0,208165,207872,231,0,0,0,0,0,0,157,64,10
303.435,0,19747840,windows,0,615035,611506,394,0,0,0,0,0,0,275,108,11
303.67,1,19019776,windows,0,163565,163272,207,0,0,0,0,0,0,143,54,10
303.69,0,19761152,windows,0,521425,520141,364,0,0,0,0,0,0,257,97,10
303.922,1,19037184,windows,0,135055,133858,189,0,0,0,0,0,0,133,47,9
303.955,0,19775488,windows,0,463360,463068,347,0,0,0,0,0,0,254,83,10
304.176,1,19054592,windows,0,118610,118348,176,0,0,0,0,0,0,120,47,9
304.213,0,19788800,windows,0,403205,401338,321,0,0,0,0,0,0,231,82,8
304.43,1,19070976,windows,0,101820,101528,163,0,0,0,0,0,0,108,45,10
304.481,0,19803136,windows,0,350315,350052,302,0,0,0,0,0,0,221,72,9
304.686,1,19088384,windows,0,77275,76137.5,138,0,0,0,0,0,0,85,44,9
304.733,0,19816448,windows,0,259360,257026,254,0,0,0,0,0,0,172,74,8
304.951,1,19105792,windows,0,65935,65248.8,131,0,0,0,0,0,0,85,37,9
304.994,0,19830784,windows,0,213250,213250,235,0,0,0,0,0,0,170,58,7
305.212,1,19121152,windows,0,59170,58498.8,125,0,0,0,0,0,0,82,34,9
305.261,0,19845120,windows,0,190030,190030,223,0,0,0,0,0,0,164,52,7
305.462,1,19136512,windows,0,55415,54758.8,121,0,0,0,0,0,0,79,33,9
305.528,0,19859456,windows,0,166990,166231,209,0,0,0,0,0,0,152,50,7
305.729,1,19152896,windows,0,42370,42107.5,106,0,0,0,0,0,0,68,29,9
305.795,0,19873792,windows,0,148370,147415,197,0,0,0,0,0,0,142,48,7
305.992,1,19169280,windows,0,35170,34907.5,97,0,0,0,0,0,0,62,26,9
306.051,0,19887104,windows,0,113075,111878,168,0,0,0,0,0,0,111,50,7
306.254,1,19185664,windows,0,31420,30732.5,90,0,0,0,0,0,0,58,26,6
306.303,0,19900416,windows,0,98695,97043.8,157,0,0,0,0,0,0,103,47,7
306.507,1,19203072,windows,0,29125,28610,85,0,0,0,0,0,0,55,26,4
306.557,0,19913728,windows,0,90080,88716.2,151,0,0,0,0,0,0,102,43,6
306.768,1,19221504,windows,0,26405,25686.2,83,0,0,0,0,0,0,57,22,4
306.821,0,19929088,windows,0,80380,79921.2,141,0,0,0,0,0,0,92,43,6
307.025,1,19237888,windows,0,21790,21790,75,0,0,0,0,0,0,52,20,3
307.074,0,19943424,windows,0,73940,73461.2,137,0,0,0,0,0,0,96,37,4
307.276,1,19255296,windows,0,20770,20521.2,73,0,0,0,0,0,0,50,20,3
307.335,0,19957760,windows,0,55615,55615,119,0,0,0,0,0,0,85,31,3
307.529,1,19273728,windows,0,20275,20031.2,72,0,0,0,0,0,0,49,20,3
307.598,0,19972096,windows,0,45040,44372.5,108,0,0,0,0,0,0,76,28,4
307.782,1,19291136,windows,0,18770,18136.2,68,0,0,0,0,0,0,44,21,3
307.849,0,19985408,windows,0,36715,36238.8,98,0,0,0,0,0,0,67,26,5
308.039,1,19308544,windows,0,18385,17776.2,68,0,0,0,0,0,0,47,19,2
308.104,0,19999744,windows,0,33845,32903.8,93,0,0,0,0,0,0,63,26,4
308.298,1,19326976,windows,0,17465,17090,66,0,0,0,0,0,0,45,19,2
308.355,0,20014080,windows,0,32480,31573.8,92,0,0,0,0,0,0,64,24,4
308.553,1,19343360,windows,0,16160,15576.2,63,0,0,0,0,0,0,42,19,2
308.608,0,20027392,windows,0,26980,26691.2,84,0,0,0,0,0,0,58,22,4
308.811,1,19359744,windows,0,15005,14650,61,0,0,0,0,0,0,41,18,2
308.862,0,20039680,windows,0,25640,25185,81,0,0,0,0,0,0,54,23,4
309.073,1,19376128,windows,0,13645,13330,59,0,0,0,0,0,0,41,16,2
309.116,0,20052992,windows,0,23345,23345,78,0,0,0,0,0,0,53,21,4
309.334,1,19391488,windows,0,13120,12785,57,0,0,0,0,0,0,38,17,2
309.373,0,20066304,windows,0,22820,22820,77,0,0,0,0,0,0,52,21,4
309.602,1,19407872,windows,0,12460,11956.2,56,0,0,0,0,0,0,38,16,2
309.631,0,20080640,windows,0,21950,21711.2,75,0,0,0,0,0,0,48,22,5
309.852,1,19424256,windows,0,11465,10986.2,54,0,0,0,0,0,0,37,15,2
309.893,0,20094976,windows,0,20345,19930,72,0,0,0,0,0,0,47,21,4
310.11,1,19440640,windows,0,10745,10276.2,52,0,0,0,0,0,0,35,15,2
310.157,0,20109312,windows,0,16025,15801.2,64,0,0,0,0,0,0,45,17,2
310.364,1,19460096,windows,0,10400,10105,51,0,0,0,0,0,0,34,15,2
310.409,0,20123648,windows,0,14745,14745,62,0,0,0,0,0,0,45,15,2
310.617,1,19479552,windows,0,10065,9770,50,0,0,0,0,0,0,33,15,2
310.677,0,20139008,windows,0,13440,13440,59,0,0,0,0,0,0,42,15,2
310.876,1,19496960,windows,0,10065,9770,50,0,0,0,0,0,0,33,15,2
310.946,0,20153344,windows,0,13440,13440,59,0,0,0,0,0,0,42,15,2
311.132,1,19515392,windows,0,10065,9770,50,0,0,0,0,0,0,33,15,2
311.208,0,20169728,windows,0,11465,11281.2,54,0,0,0,0,0,0,37,15,2
311.384,1,19533824,windows,0,10065,9770,50,0,0,0,0,0,0,33,15,2
311.468,0,20185088,windows,0,10400,9936.25,51,0,0,0,0,0,0,34,15,2
311.639,1,19551232,windows,0,9120,8825,47,0,0,0,0,0,0,30,15,2
311.729,0,20199424,windows,0,9820,9545,50,0,0,0,0,0,0,34,14,2
311.897,1,19569664,windows,0,8825,8530,46,0,0,0,0,0,0,29,15,2
311.979,0,20212736,windows,0,9820,9545,50,0,0,0,0,0,0,34,14,2
312.149,1,19586048,windows,0,8825,8530,46,0,0,0,0,0,0,29,15,2
312.232,0,20228096,windows,0,9485,9210,49,0,0,0,0,0,0,33,14,2
312.416,1,19601408,windows,0,8540,8245,45,0,0,0,0,0,0,28,15,2
312.494,0,20244480,windows,0,8445,8445,47,0,0,0,0,0,0,33,12,2
312.676,1,19613696,windows,0,8265,7970,44,0,0,0,0,0,0,27,15,2
312.759,0,20260864,windows,0,7500,7500,44,0,0,0,0,0,0,30,12,2
312.932,1,19629056,windows,0,8265,7970,44,0,0,0,0,0,0,27,15,2
313.018,0,20275200,windows,0,7500,7500,44,0,0,0,0,0,0,30,12,2
313.189,1,19643392,windows,0,8000,7705,43,0,0,0,0,0,0,26,15,2
313.283,0,20289536,windows,0,7500,7500,44,0,0,0,0,0,0,30,12,2
313.442,1,19660800,windows,0,8000,7705,43,0,0,0,0,0,0,26,15,2
313.548,0,20304896,windows,0,7205,7205,43,0,0,0,0,0,0,29,12,2
313.699,1,19679232,windows,0,7870,7595,43,0,0,0,0,0,0,28,14,1
313.813,0,20319232,windows,0,6745,6745,42,0,0,0,0,0,0,29,11,2
313.958,1,19697664,windows,0,7330,7075,42,0,0,0,0,0,0,28,13,1
314.074,0,20334592,windows,0,6745,6745,42,0,0,0,0,0,0,29,11,2
314.216,1,19717120,windows,0,6790,6535,40,0,0,0,0,0,0,26,13,1
314.337,0,20349952,windows,0,6460,6460,41,0,0,0,0,0,0,28,11,2
314.469,1,19736576,windows,0,6790,6535,40,0,0,0,0,0,0,26,13,1
314.592,0,20365312,windows,0,6460,6460,41,0,0,0,0,0,0,28,11,2
314.723,1,19750912,windows,0,6790,6535,40,0,0,0,0,0,0,26,13,1
314.845,0,20380672,windows,0,6460,6460,41,0,0,0,0,0,0,28,11,2
314.977,1,19767296,windows,0,6790,6535,40,0,0,0,0,0,0,26,13,1
315.101,0,20396032,windows,0,6460,6460,41,0,0,0,0,0,0,28,11,2
315.233,1,19783680,windows,0,6790,6535,40,0,0,0,0,0,0,26,13,1
315.362,0,20411392,windows,0,6460,6460,41,0,0,0,0,0,0,28,11,2
315.489,1,19800064,windows,0,325,290,9,0,0,0,0,0,0,7,2,0
315.619,0,20426752,windows,0,325,290,9,0,0,0,0,0,0,7,2,0
315.745,1,19816448,windows,0,325,290,9,0,0,0,0,0,0,7,2,0
315.883,0,20443136,windows,0,325,290,9,0,0,0,0,0,0,7,2,0
316,1,19832832,windows,0,325,290,9,0,0,0,0,0,0,7,2,0
316.141,0,20459520,windows,0,325,290,9,0,0,0,0,0,0,7,2,0
316.252,1,19848192,windows,0,325,290,9,0,0,0,0,0,0,7,2,0
316.4,0,20475904,windows,0,325,290,9,0,0,0,0,0,0,7,2,0
316.519,1,19864576,windows,0,325,290,9,0,0,0,0,0,0,7,2,0
316.652,0,20491264,windows,0,325,290,9,0,0,0,0,0,0,7,2,0
316.775,1,19879936,windows,0,325,290,9,0,0,0,0,0,0,7,2,0
316.905,0,20507648,windows,0,325,290,9,0,0,0,0,0,0,7,2,0
317.032,1,19895296,windows,0,325,290,9,0,0,0,0,0,0,7,2,0
317.161,0,20528128,windows,0,325,290,9,0,0,0,0,0,0,7,2,0
317.292,1,19914752,windows,0,325,290,9,0,0,0,0,0,0,7,2,0
317.421,0,20544512,windows,0,325,290,9,0,0,0,0,0,0,7,2,0
317.55,1,19930112,windows,0,325,290,9,0,0,0,0,0,0,7,2,0
317.684,0,20559872,windows,0,325,290,9,0,0,0,0,0,0,7,2,0
317.807,1,19944448,windows,0,325,290,9,0,0,0,0,0,0,7,2,0
317.946,0,20576256,windows,0,325,290,9,0,0,0,0,0,0,7,2,0
318.073,1,19959808,windows,0,260,260,8,0,0,0,0,0,0,6,2,0
318.202,0,20594688,windows,0,325,290,9,0,0,0,0,0,0,7,2,0
318.334,1,19977216,windows,0,260,260,8,0,0,0,0,0,0,6,2,0
318.459,0,20610048,windows,0,325,290,9,0,0,0,0,0,0,7,2,0
318.59,1,19994624,windows,0,260,260,8,0,0,0,0,0,0,6,2,0
318.731,0,20625408,windows,0,325,290,9,0,0,0,0,0,0,7,2,0
318.854,1,20012032,windows,0,260,260,8,0,0,0,0,0,0,6,2,0
318.989,0,20639744,windows,0,325,290,9,0,0,0,0,0,0,7,2,0
319.106,1,20026368,windows,0,260,260,8,0,0,0,0,0,0,6,2,0
319.24,0,20654080,windows,0,325,290,9,0,0,0,0,0,0,7,2,0
319.363,1,20042752,windows,0,260,260,8,0,0,0,0,0,0,6,2,0
319.505,0,20669440,windows,0,325,290,9,0,0,0,0,0,0,7,2,0
319.627,1,20058112,windows,0,260,260,8,0,0,0,0,0,0,6,2,0
319.761,0,20684800,windows,0,325,290,9,0,0,0,0,0,0,7,2,0
319.886,1,20072448,windows,0,260,260,8,0,0,0,0,0,0,6,2,0
320.027,0,20700160,windows,0,325,290,9,0,0,0,0,0,0,7,2,0
320.142,1,20085760,windows,0,260,260,8,0,0,0,0,0,0,6,2,0
320.283,0,20716544,windows,0,325,290,9,0,0,0,0,0,0,7,2,0
320.405,1,20102144,windows,0,260,260,8,0,0,0,0,0,0,6,2,0
320.538,0,20733952,windows,0,325,290,9,0,0,0,0,0,0,7,2,0
320.657,1,20119552,windows,0,260,260,8,0,0,0,0,0,0,6,2,0
320.803,0,20751360,windows,0,325,290,9,0,0,0,0,0,0,7,2,0
320.909,1,20132864,windows,0,260,260,8,0,0,0,0,0,0,6,2,0
321.068,0,20768768,windows,0,325,290,9,0,0,0,0,0,0,7,2,0
321.165,1,20146176,windows,0,260,260,8,0,0,0,0,0,0,6,2,0
321.33,0,20787200,windows,0,325,290,9,0,0,0,0,0,0,7,2,0
321.418,1,20160512,repair,0,260,260,8,0,0,0,0,0,0,6,2,0
321.589,0,20805632,windows,0,325,290,9,0,0,0,0,0,0,7,2,0
321.676,1,20176896,repair,0,260,260,8,0,0,0,0,0,0,6,2,0
321.845,0,20824064,windows,0,325,290,9,0,0,0,0,0,0,7,2,0
321.937,1,20194304,windows,0,260,260,8,0,0,0,0,0,0,6,2,0
322.104,0,20842496,windows,0,260,260,8,0,0,0,0,0,0,6,2,0
322.202,1,20207616,windows,0,260,260,8,0,0,0,0,0,0,6,2,0
322.364,0,20861952,windows,0,260,260,8,0,0,0,0,0,0,6,2,0
322.465,1,20220928,windows,0,260,260,8,0,0,0,0,0,0,6,2,0
322.624,0,20881408,windows,0,260,260,8,0,0,0,0,0,0,6,2,0
322.727,1,20235264,windows,0,260,260,8,0,0,0,0,0,0,6,2,0
322.878,0,20900864,windows,0,260,260,8,0,0,0,0,0,0,6,2,0
322.978,1,20251648,windows,0,260,260,8,0,0,0,0,0,0,6,2,0
323.136,0,20921344,windows,0,260,260,8,0,0,0,0,0,0,6,2,0
323.229,1,20265984,windows,0,260,260,8,0,0,0,0,0,0,6,2,0
323.391,0,20941824,windows,0,260,260,8,0,0,0,0,0,0,6,2,0
323.485,1,20280320,windows,0,260,260,8,0,0,0,0,0,0,6,2,0
323.649,0,20961280,windows,0,260,260,8,0,0,0,0,0,0,6,2,0
323.751,1,20294656,windows,0,260,260,8,0,0,0,0,0,0,6,2,0
323.9,0,20977664,windows,0,260,260,8,0,0,0,0,0,0,6,2,0
324.015,1,20308992,windows,0,260,260,8,0,0,0,0,0,0,6,2,0
324.152,0,20995072,windows,0,260,260,8,0,0,0,0,0,0,6,2,0
324.27,1,20323328,windows,0,260,260,8,0,0,0,0,0,0,6,2,0
324.406,0,21012480,windows,0,260,260,8,0,0,0,0,0,0,6,2,0
324.529,1,20338688,windows,0,260,260,8,0,0,0,0,0,0,6,2,0
324.667,0,21030912,windows,0,260,260,8,0,0,0,0,0,0,6,2,0
324.788,1,20352000,windows,0,260,260,8,0,0,0,0,0,0,6,2,0
324.922,0,21049344,windows,0,260,260,8,0,0,0,0,0,0,6,2,0
325.05,1,20368384,windows,0,260,260,8,0,0,0,0,0,0,6,2,0
325.188,0,21067776,windows,0,260,260,8,0,0,0,0,0,0,6,2,0
325.306,1,20383744,windows,0,260,260,8,0,0,0,0,0,0,6,2,0
325.453,0,21085184,windows,0,260,260,8,0,0,0,0,0,0,6,2,0
325.559,1,20400128,windows,0,260,260,8,0,0,0,0,0,0,6,2,0
325.704,0,21102592,windows,0,260,260,8,0,0,0,0,0,0,6,2,0
325.812,1,20416512,windows,0,260,260,8,0,0,0,0,0,0,6,2,0
325.968,0,21121024,windows,0,260,260,8,0,0,0,0,0,0,6,2,0
326.077,1,20434944,windows,0,260,260,8,0,0,0,0,0,0,6,2,0
326.231,0,21139456,windows,0,260,260,8,0,0,0,0,0,0,6,2,0
326.327,1,20453376,windows,0,260,260,8,0,0,0,0,0,0,6,2,0
326.489,0,21158912,windows,0,260,260,8,0,0,0,0,0,0,6,2,0
326.589,1,20472832,windows,0,260,260,8,0,0,0,0,0,0,6,2,0
326.755,0,21178368,windows,0,260,260,8,0,0,0,0,0,0,6,2,0
326.852,1,20491264,windows,0,260,260,8,0,0,0,0,0,0,6,2,0
327.01,0,21196800,windows,0,260,260,8,0,0,0,0,0,0,6,2,0
327.114,1,20511744,windows,0,260,260,8,0,0,0,0,0,0,6,2,0
327.264,0,21216256,windows,0,260,260,8,0,0,0,0,0,0,6,2,0
327.365,1,20531200,windows,0,260,260,8,0,0,0,0,0,0,6,2,0
327.516,0,21234688,windows,0,260,260,8,0,0,0,0,0,0,6,2,0
327.625,1,20549632,windows,0,260,260,8,0,0,0,0,0,0,6,2,0
327.781,0,21253120,windows,0,260,260,8,0,0,0,0,0,0,6,2,0
327.878,1,20568064,windows,0,260,260,8,0,0,0,0,0,0,6,2,0
328.034,0,21268480,windows,0,260,260,8,0,0,0,0,0,0,6,2,0
328.139,1,20587520,windows,0,260,260,8,0,0,0,0,0,0,6,2,0
328.293,0,21286912,windows,0,260,260,8,0,0,0,0,0,0,6,2,0
328.4,1,20605952,windows,0,260,260,8,0,0,0,0,0,0,6,2,0
328.549,0,21306368,windows,0,260,260,8,0,0,0,0,0,0,6,2,0
328.664,1,20624384,windows,0,260,260,8,0,0,0,0,0,0,6,2,0
328.803,0,21326848,windows,0,260,260,8,0,0,0,0,0,0,6,2,0
328.917,1,20641792,windows,0,260,260,8,0,0,0,0,0,0,6,2,0
329.056,0,21347328,windows,0,260,260,8,0,0,0,0,0,0,6,2,0
329.167,1,20659200,windows,0,260,260,8,0,0,0,0,0,0,6,2,0
329.311,0,21366784,windows,0,260,260,8,0,0,0,0,0,0,6,2,0
329.421,1,20677632,windows,0,260,260,8,0,0,0,0,0,0,6,2,0
329.57,0,21387264,windows,0,260,260,8,0,0,0,0,0,0,6,2,0
329.673,1,20695040,windows,0,260,260,8,0,0,0,0,0,0,6,2,0
329.833,0,21407744,windows,0,260,260,8,0,0,0,0,0,0,6,2,0
329.936,1,20713472,windows,0,260,260,8,0,0,0,0,0,0,6,2,0
330.088,0,21428224,windows,0,260,260,8,0,0,0,0,0,0,6,2,0
330.192,1,20731904,windows,0,260,260,8,0,0,0,0,0,0,6,2,0
330.347,0,21446656,repair,0,260,260,8,0,0,0,0,0,0,6,2,0
330.448,1,20749312,windows,0,260,260,8,0,0,0,0,0,0,6,2,0
330.603,0,21465088,windows,0,260,260,8,0,0,0,0,0,0,6,2,0
330.705,1,20768768,windows,0,260,260,8,0,0,0,0,0,0,6,2,0
330.858,0,21483520,windows,0,260,260,8,0,0,0,0,0,0,6,2,0
330.959,1,20785152,windows,0,260,260,8,0,0,0,0,0,0,6,2,0
331.118,0,21500928,windows,0,260,260,8,0,0,0,0,0,0,6,2,0
331.212,1,20802560,windows,0,260,260,8,0,0,0,0,0,0,6,2,0
331.38,0,21517312,windows,0,260,260,8,0,0,0,0,0,0,6,2,0
331.468,1,20819968,windows,0,260,260,8,0,0,0,0,0,0,6,2,0
331.634,0,21533696,windows,0,260,260,8,0,0,0,0,0,0,6,2,0
331.719,1,20838400,windows,0,260,260,8,0,0,0,0,0,0,6,2,0
331.887,0,21552128,windows,0,260,260,8,0,0,0,0,0,0,6,2,0
331.982,1,20857856,windows,0,260,260,8,0,0,0,0,0,0,6,2,0
332.147,0,21570560,windows,0,260,260,8,0,0,0,0,0,0,6,2,0
332.245,1,20875264,repair,0,260,260,8,0,0,0,0,0,0,6,2,0
332.401,0,21587968,windows,0,260,260,8,0,0,0,0,0,0,6,2,0
332.504,1,20892672,windows,0,260,260,8,0,0,0,0,0,0,6,2,0
332.657,0,21602304,windows,0,260,260,8,0,0,0,0,0,0,6,2,0
332.761,1,20909056,windows,0,260,260,8,0,0,0,0,0,0,6,2,0
332.909,0,21620736,windows,0,260,260,8,0,0,0,0,0,0,6,2,0
333.017,1,20926464,windows,0,260,260,8,0,0,0,0,0,0,6,2,0
333.169,0,21639168,windows,0,260,260,8,0,0,0,0,0,0,6,2,0
333.274,1,20943872,windows,0,260,260,8,0,0,0,0,0,0,6,2,0
333.43,0,21658624,windows,0,260,260,8,0,0,0,0,0,0,6,2,0
333.526,1,20961280,windows,0,260,260,8,0,0,0,0,0,0,6,2,0
333.692,0,21679104,windows,0,260,260,8,0,0,0,0,0,0,6,2,0
333.785,1,20979712,windows,0,260,260,8,0,0,0,0,0,0,6,2,0
333.943,0,21698560,windows,0,260,260,8,0,0,0,0,0,0,6,2,0
334.038,1,20998144,windows,0,260,260,8,0,0,0,0,0,0,6,2,0
334.195,0,21718016,windows,0,260,260,8,0,0,0,0,0,0,6,2,0
334.292,1,21016576,windows,0,260,260,8,0,0,0,0,0,0,6,2,0
334.454,0,21739520,windows,0,260,260,8,0,0,0,0,0,0,6,2,0
334.555,1,21035008,windows,0,260,260,8,0,0,0,0,0,0,6,2,0
334.709,0,21758976,windows,0,260,260,8,0,0,0,0,0,0,6,2,0
334.809,1,21051392,windows,0,260,260,8,0,0,0,0,0,0,6,2,0
334.97,0,21777408,windows,0,260,260,8,0,0,0,0,0,0,6,2,0
335.06,1,21066752,windows,0,260,260,8,0,0,0,0,0,0,6,2,0
335.226,0,21795840,windows,0,260,260,8,0,0,0,0,0,0,6,2,0
335.314,1,21083136,windows,0,260,260,8,0,0,0,0,0,0,6,2,0
335.478,0,21815296,windows,0,260,260,8,0,0,0,0,0,0,6,2,0
335.572,1,21100544,windows,0,260,260,8,0,0,0,0,0,0,6,2,0
335.729,0,21834752,windows,0,260,260,8,0,0,0,0,0,0,6,2,0
335.83,1,21118976,windows,0,260,260,8,0,0,0,0,0,0,6,2,0
335.986,0,21854208,windows,0,260,260,8,0,0,0,0,0,0,6,2,0
336.09,1,21137408,windows,0,260,260,8,0,0,0,0,0,0,6,2,0
336.25,0,21870592,repair,0,260,260,8,0,0,0,0,0,0,6,2,0
336.351,1,21154816,windows,0,260,260,8,0,0,0,0,0,0,6,2,0
336.512,0,21888000,repair,0,260,260,8,0,0,0,0,0,0,6,2,0
336.661,1,21173248,repair,1013,8.54195e+07,8.53907e+07,3236,21,57,46,567,322,0,1914,1085,237
336.765,0,21907456,windows,0,260,260,8,0,0,0,0,0,0,6,2,0
336.916,1,21194752,repair,644,2.7394e+08,2.73935e+08,7279,38,130,112,222,142,0,4110,2993,176
337.016,0,21925888,windows,0,260,260,8,0,0,0,0,0,0,6,2,0
337.169,1,21218304,repair,510,2.53827e+08,2.53765e+08,7059,39,108,81,179,103,0,4036,2880,143
337.279,0,21944320,windows,0,260,260,8,0,0,0,0,0,0,6,2,0
337.424,1,21240832,repair,381,2.40593e+08,2.40593e+08,6976,28,78,61,139,75,0,4045,2782,149
337.531,0,21961728,windows,0,260,260,8,0,0,0,0,0,0,6,2,0
337.679,1,21263360,repair,298,2.13286e+08,2.1321e+08,6544,14,56,43,112,73,0,3753,2646,145
337.789,0,21980160,windows,0,260,260,8,0,0,0,0,0,0,6,2,0
337.932,1,21284864,repair,240,1.76382e+08,1.76379e+08,5984,11,48,39,92,50,0,3470,2391,123
338.048,0,21998592,windows,0,260,260,8,0,0,0,0,0,0,6,2,0
338.193,1,21306368,repair,166,1.71395e+08,1.71392e+08,5956,8,41,26,65,26,0,3524,2327,105
338.305,0,22017024,windows,0,260,260,8,0,0,0,0,0,0,6,2,0
338.453,1,21327872,repair,122,1.48576e+08,1.48513e+08,5568,6,23,20,45,28,0,3313,2157,98
338.563,0,22034432,windows,0,260,260,8,0,0,0,0,0,0,6,2,0
338.705,1,21347328,repair,84,1.44188e+08,1.44127e+08,5555,4,14,10,35,21,0,3380,2081,94
338.819,0,22051840,windows,0,260,260,8,0,0,0,0,0,0,6,2,0
338.962,1,21366784,repair,53,1.22184e+08,1.2213e+08,5206,4,11,10,15,13,0,3277,1847,82
339.083,0,22068224,windows,0,260,260,8,0,0,0,0,0,0,6,2,0
339.222,1,21385216,repair,31,1.0975e+08,1.097e+08,4920,1,9,2,10,9,0,3098,1755,67
339.343,0,22084608,windows,0,260,260,8,0,0,0,0,0,0,6,2,0
339.473,1,21403648,repair,14,1.01333e+08,1.01333e+08,4773,0,3,1,5,5,0,3046,1655,72
339.605,0,22100992,windows,0,260,260,8,0,0,0,0,0,0,6,2,0
339.731,1,21422080,repair,7,8.78841e+07,8.78678e+07,4450,0,2,1,2,2,0,2839,1540,71
339.865,0,22117376,windows,0,260,260,8,0,0,0,0,0,0,6,2,0
339.989,1,21441536,repair,1,8.44807e+07,8.44342e+07,4354,0,0,0,1,0,0,2756,1522,76
340.118,0,22132736,windows,0,260,260,8,0,0,0,0,0,0,6,2,0
340.245,1,21460992,repair,0,6.6344e+07,6.63423e+07,3937,0,0,0,0,0,0,2611,1268,58
340.371,0,22149120,windows,0,260,260,8,0,0,0,0,0,0,6,2,0
340.5,1,21482496,windows,0,4.55763e+07,4.55637e+07,3279,0,0,0,0,0,0,2178,1043,58
340.623,0,22166528,windows,0,260,260,8,0,0,0,0,0,0,6,2,0
340.767,1,21500928,windows,0,3.54124e+07,3.5411e+07,2903,0,0,0,0,0,0,1955,901,47
340.883,0,22182912,windows,0,260,260,8,0,0,0,0,0,0,6,2,0
341.031,1,21517312,windows,0,2.96728e+07,2.96475e+07,2665,0,0,0,0,0,0,1817,810,38
341.199,0,22198272,repair,1018,9.81713e+07,9.81274e+07,3630,36,77,70,561,274,0,2052,1368,210
341.29,1,21532672,windows,0,2.53682e+07,2.53521e+07,2465,0,0,0,0,0,0,1676,751,38
341.451,0,22217728,repair,691,2.68057e+08,2.67997e+08,7087,49,129,129,249,135,0,3927,2996,164
341.547,1,21549056,windows,0,2.08384e+07,2.083e+07,2207,0,0,0,0,0,0,1454,715,38
341.71,0,22238208,repair,555,2.54077e+08,2.54057e+08,7082,48,99,100,183,125,0,4068,2863,151
341.807,1,21565440,windows,0,1.68828e+07,1.68626e+07,2005,0,0,0,0,0,0,1348,623,34
341.969,0,22258688,repair,432,2.6845e+08,2.6837e+08,7284,19,88,75,175,75,0,4137,2979,168
342.06,1,21581824,windows,0,1.43306e+07,1.43194e+07,1856,0,0,0,0,0,0,1260,564,32
342.221,0,22278144,repair,354,2.21906e+08,2.21853e+08,6708,23,67,80,123,61,0,3908,2668,132
342.324,1,21598208,windows,0,1.22335e+07,1.22176e+07,1738,0,0,0,0,0,0,1215,491,32
342.48,0,22299648,repair,286,1.92297e+08,1.92293e+08,6329,13,59,48,109,57,0,3757,2442,130
342.584,1,21615616,windows,0,1.00415e+07,1.00407e+07,1533,0,0,0,0,0,0,1012,495,26
342.742,0,22320128,repair,216,1.83171e+08,1.83122e+08,6129,8,27,37,100,44,0,3580,2422,127
342.837,1,21630976,windows,0,8.47582e+06,8.4711e+06,1414,0,0,0,0,0,0,945,447,22
343.002,0,22340608,repair,157,1.68008e+08,1.68008e+08,5852,10,26,25,58,38,0,3406,2335,111
343.104,1,21648384,windows,0,7.11186e+06,7.11186e+06,1311,0,0,0,0,0,0,899,391,21
343.256,0,22359040,repair,126,1.4283e+08,1.42788e+08,5485,5,13,22,66,20,0,3272,2103,110
343.358,1,21664768,windows,0,6.10439e+06,6.09699e+06,1224,0,0,0,0,0,0,862,345,17
343.507,0,22377472,repair,86,1.42381e+08,1.42378e+08,5498,4,13,11,46,12,0,3311,2086,101
343.616,1,21682176,windows,0,5.03394e+06,5.03347e+06,1100,0,0,0,0,0,0,753,331,16
343.764,0,22397952,repair,49,1.26354e+08,1.26297e+08,5286,2,10,8,22,7,0,3307,1889,90
343.879,1,21699584,windows,0,4.04326e+06,4.03978e+06,991,0,0,0,0,0,0,695,285,11
344.017,0,22418432,repair,26,1.15822e+08,1.15783e+08,5005,0,4,2,18,2,0,3078,1847,80
344.134,1,21715968,windows,0,3.3682e+06,3.36781e+06,912,0,0,0,0,0,0,647,252,13
344.282,0,22439936,repair,12,9.93096e+07,9.93077e+07,4657,1,1,1,4,5,0,2905,1688,64
344.4,1,21733376,windows,0,2.82012e+06,2.81676e+06,834,0,0,0,0,0,0,583,236,15
344.537,0,22458368,repair,2,8.78744e+07,8.78726e+07,4450,0,0,0,1,1,0,2862,1530,58
344.66,1,21749760,windows,0,2.3104e+06,2.30786e+06,744,0,0,0,0,0,0,507,226,11
344.787,0,22475776,repair,1,7.19768e+07,7.19752e+07,4106,0,1,0,0,0,0,2745,1308,53
344.914,1,21765120,windows,0,1.8624e+06,1.85816e+06,674,0,0,0,0,0,0,467,196,11
345.039,0,22492160,repair,1,6.08781e+07,6.08658e+07,3744,0,1,0,0,0,0,2462,1235,47
345.173,1,21781504,windows,0,1.51448e+06,1.50884e+06,607,0,0,0,0,0,0,419,178,10
345.295,0,22509568,windows,0,5.19062e+07,5.18822e+07,3464,0,0,0,0,0,0,2286,1134,44
345.436,1,21796864,windows,0,1.244e+06,1.24371e+06,545,0,0,0,0,0,0,366,169,10
345.549,0,22526976,windows,0,4.08999e+07,4.08986e+07,3074,0,0,0,0,0,0,2020,1011,43
345.691,1,21813248,windows,0,1.05062e+06,1.05035e+06,507,0,0,0,0,0,0,351,147,9
345.813,0,22544384,windows,0,3.2056e+07,3.20548e+07,2771,0,0,0,0,0,0,1892,840,39
345.95,1,21829632,windows,0,771505,768738,434,0,0,0,0,0,0,299,127,8
346.068,0,22560768,windows,0,2.65356e+07,2.65102e+07,2479,0,0,0,0,0,0,1638,809,32
346.213,1,21844992,windows,0,631925,629638,397,0,0,0,0,0,0,285,106,6
346.32,0,22577152,windows,0,2.23746e+07,2.23531e+07,2338,0,0,0,0,0,0,1640,667,31
346.471,1,21859328,windows,0,526370,524212,363,0,0,0,0,0,0,258,98,7
346.576,0,22593536,windows,0,1.8282e+07,1.82615e+07,2111,0,0,0,0,0,0,1467,612,32
346.735,1,21875712,windows,0,445105,443158,334,0,0,0,0,0,0,239,89,6
346.843,0,22609920,windows,0,1.47971e+07,1.47861e+07,1898,0,0,0,0,0,0,1321,550,27
346.993,1,21891072,windows,0,359360,357532,299,0,0,0,0,0,0,210,83,6
347.099,0,22624256,windows,0,1.25787e+07,1.25623e+07,1734,0,0,0,0,0,0,1195,521,18
347.253,1,21906432,windows,0,286950,285819,268,0,0,0,0,0,0,186,75,7
347.36,0,22639616,windows,0,1.06805e+07,1.06714e+07,1620,0,0,0,0,0,0,1144,454,22
347.506,1,21920768,windows,0,244000,244000,249,0,0,0,0,0,0,178,65,6
347.616,0,22656000,windows,0,9.22858e+06,9.22858e+06,1491,0,0,0,0,0,0,1036,439,16
347.768,1,21938176,windows,0,212015,212015,233,0,0,0,0,0,0,165,61,7
347.88,0,22672384,windows,0,7.2989e+06,7.2989e+06,1320,0,0,0,0,0,0,899,403,18
348.028,1,21954560,windows,0,183495,182360,217,0,0,0,0,0,0,153,57,7
348.133,0,22687744,windows,0,6.08142e+06,6.08142e+06,1214,0,0,0,0,0,0,843,355,16
348.281,1,21967872,windows,0,147650,145876,190,0,0,0,0,0,0,128,57,5
348.396,0,22704128,windows,0,5.11162e+06,5.11115e+06,1108,0,0,0,0,0,0,758,334,16
348.535,1,21981184,windows,0,128980,128371,178,0,0,0,0,0,0,122,52,4
348.653,0,22718464,windows,0,4.37694e+06,4.37647e+06,1044,0,0,0,0,0,0,747,281,16
348.792,1,21994496,windows,0,108265,107298,166,0,0,0,0,0,0,119,43,4
348.903,0,22732800,windows,0,3.61446e+06,3.60913e+06,950,0,0,0,0,0,0,659,267,24
349.048,1,22010880,windows,0,94845,93433.8,157,0,0,0,0,0,0,117,36,4
349.153,0,22747136,windows,0,2.98805e+06,2.98279e+06,866,0,0,0,0,0,0,612,235,19
349.305,1,22027264,windows,0,85750,85058.8,150,0,0,0,0,0,0,110,35,5
349.406,0,22762496,windows,0,2.5035e+06,2.49858e+06,789,0,0,0,0,0,0,551,221,17
349.557,1,22043648,windows,0,66230,66230,130,0,0,0,0,0,0,94,33,3
349.66,0,22778880,windows,0,2.11036e+06,2.10592e+06,732,0,0,0,0,0,0,519,194,19
349.81,1,22061056,windows,0,58210,57156.2,122,0,0,0,0,0,0,88,31,3
349.912,0,22796288,windows,0,1.71445e+06,1.71218e+06,653,0,0,0,0,0,0,454,184,15
350.074,1,22078464,windows,0,47150,47150,109,0,0,0,0,0,0,76,30,3
350.173,0,22812672,windows,0,1.32256e+06,1.31743e+06,576,0,0,0,0,0,0,411,154,11
350.34,1,22093824,windows,0,42295,41941.2,103,0,0,0,0,0,0,71,29,3
350.428,0,22830080,windows,0,1.071e+06,1.06802e+06,517,0,0,0,0,0,0,371,138,8
350.606,1,22108160,windows,0,35890,35551.2,96,0,0,0,0,0,0,68,25,3
350.691,0,22847488,windows,0,889025,884604,472,0,0,0,0,0,0,339,125,8
350.872,1,22121472,windows,0,33250,32755,92,0,0,0,0,0,0,64,25,3
350.955,0,22863872,windows,0,733970,732371,432,0,0,0,0,0,0,320,105,7
351.141,1,22135808,windows,0,28370,27855,83,0,0,0,0,0,0,54,26,3
351.211,0,22879232,windows,0,549670,547392,372,0,0,0,0,0,0,262,101,9
351.406,1,22151168,windows,0,27685,26906.2,81,0,0,0,0,0,0,53,26,2
351.474,0,22895616,windows,0,431590,430441,328,0,0,0,0,0,0,230,91,7
351.658,1,22165504,windows,0,26050,26050,78,0,0,0,0,0,0,52,25,1
351.733,0,22912000,windows,0,346240,346240,296,0,0,0,0,0,0,208,80,8
351.926,1,22180864,windows,0,25070,24595,77,0,0,0,0,0,0,52,24,1
351.994,0,22929408,windows,0,304195,303231,278,0,0,0,0,0,0,193,76,9
352.186,1,22195200,windows,0,20855,20855,71,0,0,0,0,0,0,49,21,1
352.25,0,22945792,windows,0,216590,215275,233,0,0,0,0,0,0,160,66,7
352.437,1,22212608,windows,0,19550,19550,69,0,0,0,0,0,0,48,20,1
352.51,0,22963200,windows,0,160840,159006,200,0,0,0,0,0,0,136,58,6
352.699,1,22231040,windows,0,17375,17000,65,0,0,0,0,0,0,45,19,1
352.762,0,22980608,windows,0,130850,130648,183,0,0,0,0,0,0,126,50,7
352.956,1,22248448,windows,0,16535,15996.2,65,0,0,0,0,0,0,49,15,1
353.022,0,22999040,windows,0,108635,107558,168,0,0,0,0,0,0,117,44,7
353.21,1,22265856,windows,0,14210,14210,60,0,0,0,0,0,0,44,15,1
353.28,0,23016448,windows,0,79780,78925,139,0,0,0,0,0,0,92,43,4
353.473,1,22283264,windows,0,13350,13141.2,58,0,0,0,0,0,0,42,15,1
353.53,0,23032832,windows,0,66900,66185,130,0,0,0,0,0,0,90,36,4
353.725,1,22300672,windows,0,12530,12331.2,56,0,0,0,0,0,0,40,15,1
353.785,0,23050240,windows,0,60105,60105,124,0,0,0,0,0,0,87,33,4
353.984,1,22318080,windows,0,12355,12151.2,56,0,0,0,0,0,0,41,14,1
354.046,0,23067648,windows,0,52960,51926.2,116,0,0,0,0,0,0,80,32,4
354.248,1,22335488,windows,0,11555,11361.2,54,0,0,0,0,0,0,39,14,1
354.304,0,23085056,windows,0,46870,46870,108,0,0,0,0,0,0,74,31,3
354.498,1,22352896,windows,0,10515,10321.2,52,0,0,0,0,0,0,39,12,1
354.566,0,23101440,windows,0,37820,37820,97,0,0,0,0,0,0,68,27,2
354.751,1,22369280,windows,0,9390,9211.25,49,0,0,0,0,0,0,36,12,1
354.822,0,23117824,windows,0,33455,32616.2,91,0,0,0,0,0,0,61,27,3
355.013,1,22386688,windows,0,9035,9035,48,0,0,0,0,0,0,35,12,1
355.076,0,23133184,windows,0,30175,29680,87,0,0,0,0,0,0,59,25,3
355.275,1,22404096,windows,0,8575,8401.25,47,0,0,0,0,0,0,35,11,1
355.335,0,23151616,windows,0,29015,28520,85,0,0,0,0,0,0,57,25,3
355.532,1,22421504,windows,0,8230,8061.25,46,0,0,0,0,0,0,34,11,1
355.594,0,23169024,windows,0,26290,25526.2,79,0,0,0,0,0,0,50,26,3
355.793,1,22439936,windows,0,7255,7255,43,0,0,0,0,0,0,31,11,1
355.847,0,23185408,windows,0,24775,24775,77,0,0,0,0,0,0,49,25,3
356.057,1,22458368,windows,0,7255,7255,43,0,0,0,0,0,0,31,11,1
356.101,0,23201792,windows,0,23670,23401.2,78,0,0,0,0,0,0,54,21,3
356.311,1,22475776,windows,0,6950,6950,42,0,0,0,0,0,0,30,11,1
356.365,0,23219200,windows,0,21275,20626.2,74,0,0,0,0,0,0,51,20,3
356.578,1,22495232,windows,0,6370,6370,40,0,0,0,0,0,0,28,11,1
356.627,0,23235584,windows,0,20270,20270,73,0,0,0,0,0,0,52,18,3
356.834,1,22512640,windows,0,6370,6370,40,0,0,0,0,0,0,28,11,1
356.883,0,23251968,windows,0,14750,14551.2,61,0,0,0,0,0,0,40,18,3
357.094,1,22531072,windows,0,5830,5830,38,0,0,0,0,0,0,26,11,1
357.136,0,23269376,windows,0,13970,13615,59,0,0,0,0,0,0,38,18,3
357.354,1,22549504,windows,0,5830,5830,38,0,0,0,0,0,0,26,11,1
357.39,0,23286784,windows,0,11990,11801.2,56,0,0,0,0,0,0,38,15,3
357.625,1,22567936,windows,0,5830,5830,38,0,0,0,0,0,0,26,11,1
357.645,0,23304192,windows,0,11410,11221.2,55,0,0,0,0,0,0,38,14,3
357.881,1,22586368,windows,0,260,260,8,0,0,0,0,0,0,6,2,0
357.903,0,23321600,windows,0,11410,11221.2,55,0,0,0,0,0,0,38,14,3
358.134,1,22604800,windows,0,260,260,8,0,0,0,0,0,0,6,2,0
358.166,0,23340032,windows,0,11410,11221.2,55,0,0,0,0,0,0,38,14,3
358.392,1,22623232,windows,0,260,260,8,0,0,0,0,0,0,6,2,0
358.421,0,23355392,windows,0,11035,10760,54,0,0,0,0,0,0,37,14,3
358.644,1,22641664,windows,0,260,260,8,0,0,0,0,0,0,6,2,0
358.68,0,23370752,windows,0,11035,10760,54,0,0,0,0,0,0,37,14,3
358.906,1,22660096,windows,0,260,260,8,0,0,0,0,0,0,6,2,0
358.933,0,23385088,windows,0,11035,10760,54,0,0,0,0,0,0,37,14,3
359.16,1,22676480,windows,0,260,260,8,0,0,0,0,0,0,6,2,0
359.201,0,23399424,windows,0,11035,10760,54,0,0,0,0,0,0,37,14,3
359.423,1,22694912,windows,0,260,260,8,0,0,0,0,0,0,6,2,0
359.458,0,23414784,windows,0,11035,10760,54,0,0,0,0,0,0,37,14,3
359.684,1,22714368,windows,0,260,260,8,0,0,0,0,0,0,6,2,0
359.717,0,23430144,windows,0,10315,9866.25,52,0,0,0,0,0,0,35,14,3
359.94,1,22732800,windows,0,260,260,8,0,0,0,0,0,0,6,2,0
359.979,0,23445504,windows,0,10315,9866.25,52,0,0,0,0,0,0,35,14,3
360.204,1,22751232,windows,0,260,260,8,0,0,0,0,0,0,6,2,0
360.239,0,23460864,windows,0,10315,9866.25,52,0,0,0,0,0,0,35,14,3
360.468,1,22768640,windows,0,260,260,8,0,0,0,0,0,0,6,2,0
360.49,0,23476224,windows,0,9775,9346.25,51,0,0,0,0,0,0,35,13,3
360.72,1,22784000,windows,0,260,260,8,0,0,0,0,0,0,6,2,0
360.75,0,23494656,windows,0,9310,8876.25,49,0,0,0,0,0,0,32,14,3
360.975,1,22802432,windows,0,260,260,8,0,0,0,0,0,0,6,2,0
361.005,0,23513088,windows,0,8455,8455,47,0,0,0,0,0,0,31,13,3
361.239,1,22820864,windows,0,260,260,8,0,0,0,0,0,0,6,2,0
361.266,0,23530496,windows,0,8455,8455,47,0,0,0,0,0,0,31,13,3
361.497,1,22838272,windows,0,260,260,8,0,0,0,0,0,0,6,2,0
361.529,0,23548928,windows,0,7955,7955,46,0,0,0,0,0,0,31,12,3
361.751,1,22855680,windows,0,260,260,8,0,0,0,0,0,0,6,2,0
361.782,0,23565312,windows,0,7955,7955,46,0,0,0,0,0,0,31,12,3
362.012,1,22874112,windows,0,260,260,8,0,0,0,0,0,0,6,2,0
362.038,0,23581696,windows,0,7955,7955,46,0,0,0,0,0,0,31,12,3
362.27,1,22891520,windows,0,260,260,8,0,0,0,0,0,0,6,2,0
362.292,0,23597056,windows,0,7955,7955,46,0,0,0,0,0,0,31,12,3
362.524,1,22909952,windows,0,260,260,8,0,0,0,0,0,0,6,2,0
362.554,0,23613440,windows,0,260,260,8,0,0,0,0,0,0,6,2,0
362.777,1,22927360,windows,0,260,260,8,0,0,0,0,0,0,6,2,0
362.817,0,23630848,windows,0,260,260,8,0,0,0,0,0,0,6,2,0
363.041,1,22945792,windows,0,260,260,8,0,0,0,0,0,0,6,2,0
363.075,0,23647232,windows,0,260,260,8,0,0,0,0,0,0,6,2,0
363.296,1,22963200,windows,0,260,260,8,0,0,0,0,0,0,6,2,0
363.341,0,23664640,windows,0,260,260,8,0,0,0,0,0,0,6,2,0
363.555,1,22977536,windows,0,260,260,8,0,0,0,0,0,0,6,2,0
363.591,0,23680000,windows,0,260,260,8,0,0,0,0,0,0,6,2,0
363.813,1,22992896,windows,0,260,260,8,0,0,0,0,0,0,6,2,0
363.854,0,23696384,windows,0,260,260,8,0,0,0,0,0,0,6,2,0
364.08,1,23008256,repair,0,260,260,8,0,0,0,0,0,0,6,2,0
364.119,0,23713792,windows,0,260,260,8,0,0,0,0,0,0,6,2,0
364.332,1,23023616,repair,0,260,260,8,0,0,0,0,0,0,6,2,0
364.383,0,23731200,windows,0,260,260,8,0,0,0,0,0,0,6,2,0
364.587,1,23038976,repair,0,260,260,8,0,0,0,0,0,0,6,2,0
364.646,0,23748608,windows,0,260,260,8,0,0,0,0,0,0,6,2,0
364.845,1,23054336,repair,0,260,260,8,0,0,0,0,0,0,6,2,0
364.902,0,23763968,windows,0,260,260,8,0,0,0,0,0,0,6,2,0
365.104,1,23068672,windows,0,260,260,8,0,0,0,0,0,0,6,2,0
365.163,0,23780352,windows,0,260,260,8,0,0,0,0,0,0,6,2,0
365.357,1,23083008,windows,0,260,260,8,0,0,0,0,0,0,6,2,0
365.418,0,23795712,windows,0,260,260,8,0,0,0,0,0,0,6,2,0
365.63,1,23097344,windows,0,260,260,8,0,0,0,0,0,0,6,2,0
365.683,0,23811072,windows,0,260,260,8,0,0,0,0,0,0,6,2,0
365.895,1,23111680,windows,0,260,260,8,0,0,0,0,0,0,6,2,0
365.95,0,23826432,windows,0,260,260,8,0,0,0,0,0,0,6,2,0
366.162,1,23126016,windows,0,260,260,8,0,0,0,0,0,0,6,2,0
366.208,0,23841792,windows,0,260,260,8,0,0,0,0,0,0,6,2,0
366.416,1,23141376,windows,0,260,260,8,0,0,0,0,0,0,6,2,0
366.462,0,23857152,windows,0,260,260,8,0,0,0,0,0,0,6,2,0
366.675,1,23156736,windows,0,260,260,8,0,0,0,0,0,0,6,2,0
366.722,0,23872512,windows,0,260,260,8,0,0,0,0,0,0,6,2,0
366.942,1,23172096,windows,0,260,260,8,0,0,0,0,0,0,6,2,0
366.972,0,23886848,windows,0,260,260,8,0,0,0,0,0,0,6,2,0
367.199,1,23186432,windows,0,260,260,8,0,0,0,0,0,0,6,2,0
367.239,0,23902208,windows,0,260,260,8,0,0,0,0,0,0,6,2,0
367.464,1,23201792,windows,0,260,260,8,0,0,0,0,0,0,6,2,0
367.505,0,23917568,windows,0,260,260,8,0,0,0,0,0,0,6,2,0
367.716,1,23216128,windows,0,260,260,8,0,0,0,0,0,0,6,2,0
367.772,0,23932928,windows,0,260,260,8,0,0,0,0,0,0,6,2,0
367.981,1,23230464,windows,0,260,260,8,0,0,0,0,0,0,6,2,0
368.022,0,23947264,windows,0,260,260,8,0,0,0,0,0,0,6,2,0
368.238,1,23244800,repair,0,260,260,8,0,0,0,0,0,0,6,2,0
368.273,0,23961600,windows,0,260,260,8,0,0,0,0,0,0,6,2,0
368.502,1,23264256,repair,0,260,260,8,0,0,0,0,0,0,6,2,0
368.524,0,23975936,windows,0,260,260,8,0,0,0,0,0,0,6,2,0
368.753,1,23280640,repair,0,260,260,8,0,0,0,0,0,0,6,2,0
368.783,0,23990272,windows,0,260,260,8,0,0,0,0,0,0,6,2,0
369.008,1,23298048,windows,0,260,260,8,0,0,0,0,0,0,6,2,0
369.049,0,24005632,windows,0,260,260,8,0,0,0,0,0,0,6,2,0
369.267,1,23312384,windows,0,260,260,8,0,0,0,0,0,0,6,2,0
369.3,0,24019968,windows,0,260,260,8,0,0,0,0,0,0,6,2,0
369.519,1,23327744,windows,0,260,260,8,0,0,0,0,0,0,6,2,0
369.565,0,24036352,windows,0,260,260,8,0,0,0,0,0,0,6,2,0
369.782,1,23343104,windows,0,260,260,8,0,0,0,0,0,0,6,2,0
369.832,0,24051712,windows,0,260,260,8,0,0,0,0,0,0,6,2,0
370.049,1,23355392,windows,0,260,260,8,0,0,0,0,0,0,6,2,0
370.096,0,24066048,windows,0,260,260,8,0,0,0,0,0,0,6,2,0
370.309,1,23368704,windows,0,260,260,8,0,0,0,0,0,0,6,2,0
370.365,0,24081408,windows,0,260,260,8,0,0,0,0,0,0,6,2,0
370.562,1,23382016,windows,0,260,260,8,0,0,0,0,0,0,6,2,0
370.628,0,24095744,windows,0,260,260,8,0,0,0,0,0,0,6,2,0
370.827,1,23396352,windows,0,260,260,8,0,0,0,0,0,0,6,2,0
370.894,0,24112128,windows,0,260,260,8,0,0,0,0,0,0,6,2,0
371.08,1,23410688,windows,0,260,260,8,0,0,0,0,0,0,6,2,0
371.156,0,24128512,windows,0,260,260,8,0,0,0,0,0,0,6,2,0
371.341,1,23427072,windows,0,260,260,8,0,0,0,0,0,0,6,2,0
371.415,0,24144896,windows,0,260,260,8,0,0,0,0,0,0,6,2,0
371.605,1,23444480,windows,0,260,260,8,0,0,0,0,0,0,6,2,0
371.671,0,24161280,windows,0,260,260,8,0,0,0,0,0,0,6,2,0
371.858,1,23460864,windows,0,260,260,8,0,0,0,0,0,0,6,2,0
371.929,0,24177664,windows,0,260,260,8,0,0,0,0,0,0,6,2,0
372.117,1,23477248,windows,0,260,260,8,0,0,0,0,0,0,6,2,0
372.19,0,24193024,windows,0,260,260,8,0,0,0,0,0,0,6,2,0
372.375,1,23494656,windows,0,260,260,8,0,0,0,0,0,0,6,2,0
372.449,0,24208384,repair,0,260,260,8,0,0,0,0,0,0,6,2,0
372.642,1,23512064,windows,0,260,260,8,0,0,0,0,0,0,6,2,0
372.702,0,24225792,repair,0,260,260,8,0,0,0,0,0,0,6,2,0
372.902,1,23529472,windows,0,260,260,8,0,0,0,0,0,0,6,2,0
372.965,0,24244224,windows,0,260,260,8,0,0,0,0,0,0,6,2,0
373.164,1,23544832,windows,0,260,260,8,0,0,0,0,0,0,6,2,0
373.22,0,24261632,windows,0,260,260,8,0,0,0,0,0,0,6,2,0
373.42,1,23560192,windows,0,260,260,8,0,0,0,0,0,0,6,2,0
373.477,0,24279040,windows,0,260,260,8,0,0,0,0,0,0,6,2,0
373.679,1,23577600,windows,0,260,260,8,0,0,0,0,0,0,6,2,0
373.731,0,24295424,windows,0,260,260,8,0,0,0,0,0,0,6,2,0
373.941,1,23596032,windows,0,260,260,8,0,0,0,0,0,0,6,2,0
373.985,0,24312832,windows,0,260,260,8,0,0,0,0,0,0,6,2,0
374.206,1,23613440,windows,0,260,260,8,0,0,0,0,0,0,6,2,0
374.249,0,24329216,windows,0,260,260,8,0,0,0,0,0,0,6,2,0
374.466,1,23631872,windows,0,260,260,8,0,0,0,0,0,0,6,2,0
374.513,0,24347648,windows,0,260,260,8,0,0,0,0,0,0,6,2,0
374.719,1,23648256,windows,0,260,260,8,0,0,0,0,0,0,6,2,0
374.771,0,24360960,windows,0,260,260,8,0,0,0,0,0,0,6,2,0
374.974,1,23665664,repair,0,260,260,8,0,0,0,0,0,0,6,2,0
375.038,0,24373248,windows,0,260,260,8,0,0,0,0,0,0,6,2,0
375.235,1,23685120,repair,0,260,260,8,0,0,0,0,0,0,6,2,0
375.304,0,24387584,windows,0,260,260,8,0,0,0,0,0,0,6,2,0
375.495,1,23705600,repair,0,260,260,8,0,0,0,0,0,0,6,2,0
375.57,0,24401920,windows,0,260,260,8,0,0,0,0,0,0,6,2,0
375.748,1,23723008,windows,0,260,260,8,0,0,0,0,0,0,6,2,0
375.828,0,24416256,windows,0,260,260,8,0,0,0,0,0,0,6,2,0
376.007,1,23740416,windows,0,260,260,8,0,0,0,0,0,0,6,2,0
376.093,0,24430592,windows,0,260,260,8,0,0,0,0,0,0,6,2,0
376.261,1,23756800,windows,0,260,260,8,0,0,0,0,0,0,6,2,0
376.351,0,24443904,windows,0,260,260,8,0,0,0,0,0,0,6,2,0
376.517,1,23774208,windows,0,260,260,8,0,0,0,0,0,0,6,2,0
376.61,0,24457216,windows,0,260,260,8,0,0,0,0,0,0,6,2,0
376.77,1,23789568,windows,0,260,260,8,0,0,0,0,0,0,6,2,0
376.873,0,24470528,windows,0,260,260,8,0,0,0,0,0,0,6,2,0
377.023,1,23805952,windows,0,260,260,8,0,0,0,0,0,0,6,2,0
377.13,0,24483840,windows,0,260,260,8,0,0,0,0,0,0,6,2,0
377.282,1,23822336,windows,0,260,260,8,0,0,0,0,0,0,6,2,0
377.382,0,24497152,windows,0,260,260,8,0,0,0,0,0,0,6,2,0
377.542,1,23839744,windows,0,260,260,8,0,0,0,0,0,0,6,2,0
377.641,0,24511488,windows,0,260,260,8,0,0,0,0,0,0,6,2,0
377.798,1,23857152,windows,0,260,260,8,0,0,0,0,0,0,6,2,0
377.91,0,24525824,windows,0,260,260,8,0,0,0,0,0,0,6,2,0
378.058,1,23874560,windows,0,260,260,8,0,0,0,0,0,0,6,2,0
378.179,0,24540160,windows,0,260,260,8,0,0,0,0,0,0,6,2,0
378.321,1,23892992,windows,0,260,260,8,0,0,0,0,0,0,6,2,0
378.437,0,24554496,windows,0,260,260,8,0,0,0,0,0,0,6,2,0
378.573,1,23908352,windows,0,260,260,8,0,0,0,0,0,0,6,2,0
378.7,0,24568832,windows,0,260,260,8,0,0,0,0,0,0,6,2,0
378.835,1,23922688,windows,0,260,260,8,0,0,0,0,0,0,6,2,0
378.96,0,24584192,windows,0,260,260,8,0,0,0,0,0,0,6,2,0
379.101,1,23938048,windows,0,260,260,8,0,0,0,0,0,0,6,2,0
379.217,0,24601600,windows,0,260,260,8,0,0,0,0,0,0,6,2,0
379.365,1,23952384,windows,0,260,260,8,0,0,0,0,0,0,6,2,0
379.48,0,24619008,windows,0,260,260,8,0,0,0,0,0,0,6,2,0
379.619,1,23966720,windows,0,260,260,8,0,0,0,0,0,0,6,2,0
379.731,0,24636416,windows,0,260,260,8,0,0,0,0,0,0,6,2,0
379.879,1,23981056,windows,0,260,260,8,0,0,0,0,0,0,6,2,0
379.992,0,24653824,windows,0,260,260,8,0,0,0,0,0,0,6,2,0
380.141,1,23996416,windows,0,260,260,8,0,0,0,0,0,0,6,2,0
380.253,0,24671232,windows,0,260,260,8,0,0,0,0,0,0,6,2,0
380.398,1,24006656,repair,867,1.98708e+08,1.98685e+08,6052,50,149,128,356,184,0,3391,2461,200
380.515,0,24689664,windows,0,260,260,8,0,0,0,0,0,0,6,2,0
380.652,1,24024064,repair,670,2.65081e+08,2.65076e+08,7186,32,151,111,245,131,0,4083,2917,186
380.773,0,24707072,repair,0,260,260,8,0,0,0,0,0,0,6,2,0
380.917,1,24041472,repair,551,2.60016e+08,2.60011e+08,7142,34,109,101,203,104,0,4058,2915,169
381.025,0,24724480,windows,0,260,260,8,0,0,0,0,0,0,6,2,0
381.171,1,24058880,repair,463,2.42109e+08,2.42049e+08,6943,18,100,89,157,99,0,4002,2798,143
381.279,0,24740864,windows,0,260,260,8,0,0,0,0,0,0,6,2,0
381.434,1,24076288,repair,370,2.16831e+08,2.16759e+08,6653,15,77,68,138,72,0,3905,2616,132
381.537,0,24757248,windows,0,260,260,8,0,0,0,0,0,0,6,2,0
381.69,1,24093696,repair,295,2.19034e+08,2.18981e+08,6632,14,53,42,127,59,0,3821,2676,135
381.799,0,24773632,windows,0,260,260,8,0,0,0,0,0,0,6,2,0
381.941,1,24110080,repair,249,2.22759e+08,2.2274e+08,6694,7,38,42,108,54,0,3826,2713,155
382.062,0,24791040,windows,0,260,260,8,0,0,0,0,0,0,6,2,0
382.201,1,24127488,repair,200,1.7828e+08,1.7828e+08,6031,10,31,39,80,40,0,3497,2405,129
382.316,0,24808448,windows,0,260,260,8,0,0,0,0,0,0,6,2,0
382.462,1,24144896,repair,150,1.56929e+08,1.56929e+08,5746,9,28,21,54,38,0,3407,2212,127
382.576,0,24826880,windows,0,260,260,8,0,0,0,0,0,0,6,2,0
382.723,1,24162304,repair,112,1.54045e+08,1.54028e+08,5721,5,18,19,45,25,0,3429,2174,118
382.832,0,24843264,windows,0,260,260,8,0,0,0,0,0,0,6,2,0
382.988,1,24179712,repair,80,1.44907e+08,1.44844e+08,5547,3,9,11,38,19,0,3314,2114,119
383.095,0,24860672,windows,0,260,260,8,0,0,0,0,0,0,6,2,0
383.252,1,24196096,repair,52,1.25818e+08,1.2578e+08,5249,6,14,7,18,7,0,3251,1906,92
383.347,0,24878080,windows,0,260,260,8,0,0,0,0,0,0,6,2,0
383.506,1,24212480,repair,29,1.20764e+08,1.20707e+08,5111,3,7,5,10,4,0,3130,1891,90
383.6,0,24892416,repair,769,2.61375e+08,2.61375e+08,7086,48,158,149,273,141,0,3990,2894,202
383.766,1,24229888,repair,16,1.08418e+08,1.08416e+08,4868,1,4,3,5,3,0,3024,1768,76
383.856,0,24913920,repair,587,2.8588e+08,2.85875e+08,7392,36,119,122,194,116,0,4105,3109,178
384.021,1,24246272,repair,8,9.56565e+07,9.56243e+07,4625,1,3,0,4,0,0,2952,1612,61
384.11,0,24934400,repair,478,2.58219e+08,2.58198e+08,7185,34,114,67,177,86,0,4143,2883,159
384.278,1,24262656,repair,3,8.52619e+07,8.52458e+07,4404,0,1,0,1,1,0,2855,1490,59
384.365,0,24955904,repair,372,2.24473e+08,2.24396e+08,6685,24,79,66,138,65,0,3852,2708,125
384.533,1,24278016,repair,2,6.86385e+07,6.86385e+07,3964,0,0,0,1,1,0,2584,1326,54
384.627,0,24976384,repair,292,2.11488e+08,2.11413e+08,6492,19,53,42,120,58,0,3732,2639,121
384.798,1,24294400,repair,2,5.86208e+07,5.86072e+07,3672,0,0,0,1,1,0,2403,1218,51
384.883,0,24995840,repair,232,1.90869e+08,1.9085e+08,6334,12,47,23,95,55,0,3805,2415,114
385.049,1,24308736,windows,0,5.1426e+07,5.14246e+07,3423,0,0,0,0,0,0,2224,1154,45
385.14,0,25015296,repair,166,1.80602e+08,1.80554e+08,6089,4,29,22,71,40,0,3599,2396,94
385.303,1,24324096,windows,0,4.25968e+07,4.25653e+07,3187,0,0,0,0,0,0,2175,972,40
385.392,0,25033728,repair,136,1.45944e+08,1.45885e+08,5540,9,21,20,56,30,0,3335,2117,88
385.567,1,24337408,windows,0,3.45842e+07,3.45842e+07,2837,0,0,0,0,0,0,1855,930,52
385.654,0,25050112,repair,97,1.48735e+08,1.48733e+08,5746,2,12,19,40,24,0,3641,2025,80
385.823,1,24350720,windows,0,2.87912e+07,2.87814e+07,2609,0,0,0,0,0,0,1757,816,36
385.919,0,25066496,repair,69,1.42397e+08,1.42394e+08,5466,3,8,11,28,19,0,3282,2100,84
386.088,1,24364032,windows,0,2.48469e+07,2.48388e+07,2419,0,0,0,0,0,0,1627,761,31
386.179,0,25083904,repair,39,1.32086e+08,1.32027e+08,5339,1,9,4,16,9,0,3281,1975,83
386.357,1,24378368,windows,0,2.15382e+07,2.15159e+07,2279,0,0,0,0,0,0,1573,676,30
386.437,0,25101312,repair,24,1.16769e+08,1.16716e+08,5047,2,6,2,9,5,0,3146,1832,69
386.628,1,24392704,windows,0,1.81603e+07,1.81521e+07,2102,0,0,0,0,0,0,1457,613,32
386.7,0,25117696,repair,12,1.06972e+08,1.06921e+08,4809,1,2,1,5,3,0,2954,1777,78
386.881,1,24406016,windows,0,1.50499e+07,1.50375e+07,1897,0,0,0,0,0,0,1292,578,27
386.955,0,25134080,repair,8,9.11622e+07,9.11304e+07,4509,0,2,0,5,1,0,2836,1593,80
387.14,1,24420352,windows,0,1.28033e+07,1.27869e+07,1766,0,0,0,0,0,0,1235,508,23
387.216,0,25150464,repair,3,8.77722e+07,8.77697e+07,4474,0,1,1,1,0,0,2870,1523,81
387.39,1,24433664,windows,0,1.11788e+07,1.11694e+07,1656,0,0,0,0,0,0,1168,466,22
387.48,0,25167872,repair,2,6.62385e+07,6.62367e+07,3922,0,0,1,0,1,0,2579,1282,61
387.644,1,24446976,windows,0,9.6989e+06,9.69315e+06,1519,0,0,0,0,0,0,1032,467,20
387.748,0,25184256,windows,0,5.77942e+07,5.77806e+07,3660,0,0,0,0,0,0,2417,1194,49
387.903,1,24460288,windows,0,8.19805e+06,8.19805e+06,1404,0,0,0,0,0,0,956,425,23
388.012,0,25198592,windows,0,4.8112e+07,4.8112e+07,3345,0,0,0,0,0,0,2220,1082,43
388.168,1,24474624,windows,0,6.73693e+06,6.73262e+06,1269,0,0,0,0,0,0,862,388,19
388.277,0,25212928,windows,0,3.85947e+07,3.8574e+07,2985,0,0,0,0,0,0,1969,979,37
388.436,1,24488960,windows,0,5.86627e+06,5.86211e+06,1197,0,0,0,0,0,0,832,346,19
388.541,0,25230336,windows,0,2.97898e+07,2.97641e+07,2640,0,0,0,0,0,0,1759,845,36
388.702,1,24503296,windows,0,5.0794e+06,5.07247e+06,1119,0,0,0,0,0,0,782,317,20
388.794,0,25245696,windows,0,2.55309e+07,2.55299e+07,2443,0,0,0,0,0,0,1625,784,34
388.959,1,24517632,windows,0,4.39746e+06,4.39695e+06,1041,0,0,0,0,0,0,731,293,17
389.064,0,25259008,windows,0,2.2444e+07,2.2444e+07,2309,0,0,0,0,0,0,1584,703,22
389.218,1,24532992,windows,0,3.53635e+06,3.53585e+06,929,0,0,0,0,0,0,640,272,17
389.318,0,25275392,windows,0,1.88037e+07,1.88037e+07,2116,0,0,0,0,0,0,1456,640,20
389.484,1,24549376,windows,0,2.86538e+06,2.86212e+06,836,0,0,0,0,0,0,583,241,12
389.576,0,25291776,windows,0,1.51448e+07,1.51268e+07,1901,0,0,0,0,0,0,1296,580,25
389.736,1,24564736,windows,0,2.37946e+06,2.37528e+06,769,0,0,0,0,0,0,548,209,12
389.838,0,25308160,windows,0,1.27092e+07,1.27085e+07,1752,0,0,0,0,0,0,1205,521,26
389.99,1,24578048,windows,0,2.13846e+06,2.13414e+06,731,0,0,0,0,0,0,521,197,13
390.093,0,25323520,windows,0,1.06993e+07,1.06985e+07,1623,0,0,0,0,0,0,1137,459,27
390.257,1,24591360,windows,0,1.87051e+06,1.86803e+06,689,0,0,0,0,0,0,496,178,15
390.348,0,25339904,windows,0,9.29882e+06,9.29336e+06,1527,0,0,0,0,0,0,1092,407,28
390.507,1,24603648,windows,0,1.50656e+06,1.50656e+06,607,0,0,0,0,0,0,409,182,16
390.599,0,25355264,windows,0,7.42423e+06,7.42423e+06,1352,0,0,0,0,0,0,946,383,23
390.77,1,24617984,windows,0,1.24723e+06,1.24497e+06,549,0,0,0,0,0,0,364,170,15
390.864,0,25371648,windows,0,6.1949e+06,6.19046e+06,1239,0,0,0,0,0,0,888,335,16
391.033,1,24632320,windows,0,1.06685e+06,1.06177e+06,520,0,0,0,0,0,0,364,141,15
391.124,0,25388032,windows,0,5.30926e+06,5.29831e+06,1145,0,0,0,0,0,0,808,319,18
391.299,1,24645632,windows,0,897535,897032,473,0,0,0,0,0,0,317,139,17
391.382,0,25404416,windows,0,4.593e+06,4.58686e+06,1071,0,0,0,0,0,0,771,284,16
391.552,1,24658944,windows,0,794290,794290,447,0,0,0,0,0,0,314,122,11
391.643,0,25420800,windows,0,3.58708e+06,3.58376e+06,944,0,0,0,0,0,0,664,262,18
391.809,1,24671232,windows,0,633650,633388,391,0,0,0,0,0,0,262,120,9
391.893,0,25436160,windows,0,3.03532e+06,3.03065e+06,875,0,0,0,0,0,0,621,234,20
392.067,1,24684544,windows,0,514630,513179,354,0,0,0,0,0,0,238,107,9
392.147,0,25451520,windows,0,2.5933e+06,2.58988e+06,810,0,0,0,0,0,0,579,213,18
392.329,1,24698880,windows,0,416900,415801,321,0,0,0,0,0,0,220,93,8
392.407,0,25467904,windows,0,2.22578e+06,2.22531e+06,747,0,0,0,0,0,0,528,203,16
392.593,1,24713216,windows,0,354095,353832,301,0,0,0,0,0,0,213,79,9
392.671,0,25484288,windows,0,1.77526e+06,1.76912e+06,659,0,0,0,0,0,0,449,195,15
392.854,1,24727552,windows,0,323255,321538,289,0,0,0,0,0,0,207,73,9
392.925,0,25500672,windows,0,1.39864e+06,1.39506e+06,591,0,0,0,0,0,0,417,162,12
393.115,1,24741888,windows,0,260945,259570,258,0,0,0,0,0,0,181,69,8
393.189,0,25518080,windows,0,1.14508e+06,1.14283e+06,534,0,0,0,0,0,0,368,152,14
393.369,1,24756224,windows,0,216685,216685,235,0,0,0,0,0,0,163,64,8
393.454,0,25533440,windows,0,950695,948160,493,0,0,0,0,0,0,353,127,13
393.632,1,24770560,windows,0,180895,180895,217,0,0,0,0,0,0,157,53,7
393.711,0,25546752,windows,0,821675,819098,462,0,0,0,0,0,0,339,110,13
393.884,1,24784896,windows,0,161570,161308,205,0,0,0,0,0,0,142,54,9
393.977,0,25560064,windows,0,657085,655701,405,0,0,0,0,0,0,277,116,12
394.14,1,24799232,windows,0,151055,149346,199,0,0,0,0,0,0,139,51,9
394.237,0,25573376,windows,0,550070,549688,374,0,0,0,0,0,0,258,103,13
394.398,1,24812544,windows,0,120065,119050,174,0,0,0,0,0,0,115,51,8
394.504,0,25587712,windows,0,464750,464750,347,0,0,0,0,0,0,244,90,13
394.654,1,24826880,windows,0,95015,94501.2,155,0,0,0,0,0,0,103,45,7
394.774,0,25602048,windows,0,374845,372076,309,0,0,0,0,0,0,211,86,12
394.922,1,24842240,windows,0,82585,81770,146,0,0,0,0,0,0,97,41,8
395.037,0,25616384,windows,0,321655,319738,289,0,0,0,0,0,0,199,77,13
395.191,1,24856576,windows,0,74745,74281.2,138,0,0,0,0,0,0,93,39,6
395.298,0,25629696,windows,0,233330,231492,242,0,0,0,0,0,0,156,73,13
395.443,1,24870912,windows,0,70060,69265,132,0,0,0,0,0,0,86,40,6
395.564,0,25644032,windows,0,187345,185386,218,0,0,0,0,0,0,149,61,8
395.709,1,24885248,windows,0,57810,57095,121,0,0,0,0,0,0,78,36,7
395.818,0,25657344,windows,0,168125,167130,209,0,0,0,0,0,0,153,50,6
395.961,1,24899584,windows,0,48395,48051.2,110,0,0,0,0,0,0,69,34,7
396.069,0,25670656,windows,0,147830,146935,196,0,0,0,0,0,0,146,45,5
396.218,1,24913920,windows,0,42040,42040,102,0,0,0,0,0,0,64,32,6
396.326,0,25683968,windows,0,135280,134365,186,0,0,0,0,0,0,136,46,4
396.481,1,24928256,windows,0,40780,40461.2,101,0,0,0,0,0,0,64,31,6
396.577,0,25697280,windows,0,102155,101581,162,0,0,0,0,0,0,115,42,5
396.741,1,24942592,windows,0,40780,40461.2,101,0,0,0,0,0,0,64,31,6
396.841,0,25710592,windows,0,81650,81650,145,0,0,0,0,0,0,102,38,5
396.992,1,24955904,windows,0,33580,33580,92,0,0,0,0,0,0,58,28,6
397.105,0,25723904,windows,0,70960,70461.2,136,0,0,0,0,0,0,100,32,4
397.243,1,24969216,windows,0,27305,27021.2,84,0,0,0,0,0,0,57,23,4
397.361,0,25737216,windows,0,62945,62945,128,0,0,0,0,0,0,93,31,4
397.506,1,24983552,windows,0,24500,24500,78,0,0,0,0,0,0,50,24,4
397.623,0,25751552,windows,0,54935,53926.2,119,0,0,0,0,0,0,87,29,3
397.764,1,24997888,windows,0,23375,23375,75,0,0,0,0,0,0,45,25,5
397.875,0,25764864,windows,0,44470,44015,108,0,0,0,0,0,0,82,23,3
398.02,1,25012224,windows,0,22105,22105,74,0,0,0,0,0,0,47,23,4
398.127,0,25778176,windows,0,36080,35967.5,98,0,0,0,0,0,0,72,22,4
398.287,1,25026560,windows,0,22105,22105,74,0,0,0,0,0,0,47,23,4
398.387,0,25791488,windows,0,32880,32767.5,94,0,0,0,0,0,0,72,18,4
398.54,1,25040896,windows,0,19425,19425,70,0,0,0,0,0,0,45,21,4
398.658,0,25806848,windows,0,29095,28577.5,89,0,0,0,0,0,0,65,19,5
398.805,1,25056256,windows,0,18160,17941.2,68,0,0,0,0,0,0,44,20,4
398.913,0,25820160,windows,0,24050,24050,80,0,0,0,0,0,0,60,17,3
399.056,1,25070592,windows,0,17705,17501.2,66,0,0,0,0,0,0,41,21,4
399.165,0,25833472,windows,0,22870,22535,78,0,0,0,0,0,0,58,17,3
399.306,1,25084928,windows,0,17300,17101.2,65,0,0,0,0,0,0,40,21,4
399.431,0,25845760,windows,0,18055,17720,69,0,0,0,0,0,0,49,17,3
399.558,1,25100288,windows,0,16085,15891.2,63,0,0,0,0,0,0,39,20,4
399.687,0,25861120,windows,0,15085,14576.2,63,0,0,0,0,0,0,47,14,2
399.822,1,25115648,windows,0,13710,13710,59,0,0,0,0,0,0,36,18,5
399.947,0,25876480,windows,0,13625,13146.2,60,0,0,0,0,0,0,45,13,2
400.078,1,25129984,windows,0,13710,13710,59,0,0,0,0,0,0,36,18,5
400.207,0,25890816,windows,0,12320,12111.2,57,0,0,0,0,0,0,42,13,2
400.333,1,25144320,windows,0,13440,13440,58,0,0,0,0,0,0,36,18,4
400.459,0,25907200,windows,0,11000,10801.2,54,0,0,0,0,0,0,40,12,2
400.601,1,25159680,windows,0,12040,12040,55,0,0,0,0,0,0,34,17,4
400.721,0,25919488,windows,0,9725,9725,51,0,0,0,0,0,0,39,10,2
400.865,1,25174016,windows,0,12040,12040,55,0,0,0,0,0,0,34,17,4
400.986,0,25932800,windows,0,8245,8245,47,0,0,0,0,0,0,35,10,2
401.125,1,25189376,windows,0,11165,10810,51,0,0,0,0,0,0,29,18,4
401.24,0,25947136,windows,0,8245,8245,47,0,0,0,0,0,0,35,10,2
401.379,1,25204736,windows,0,10465,10465,50,0,0,0,0,0,0,29,17,4
401.498,0,25964544,windows,0,7900,7705,46,0,0,0,0,0,0,34,10,2
401.639,1,25221120,windows,0,9905,9905,48,0,0,0,0,0,0,27,17,4
401.753,0,25980928,windows,0,7565,7370,45,0,0,0,0,0,0,33,10,2
401.894,1,25236480,windows,0,9385,9050,46,0,0,0,0,0,0,25,17,4
402.018,0,25998336,windows,0,6860,6860,43,0,0,0,0,0,0,32,9,2
402.149,1,25250816,windows,0,8905,8905,44,0,0,0,0,0,0,23,17,4
402.279,0,26015744,windows,0,6205,6051.25,41,0,0,0,0,0,0,31,8,2
402.413,1,25266176,windows,0,8905,8905,44,0,0,0,0,0,0,23,17,4
402.53,0,26033152,windows,0,6095,5693.75,41,0,0,0,0,0,0,29,9,3
402.675,1,25281536,windows,0,8905,8905,44,0,0,0,0,0,0,23,17,4
402.791,0,26051584,windows,0,5810,5413.75,40,0,0,0,0,0,0,28,9,3
402.929,1,25296896,windows,0,8480,8361.25,44,0,0,0,0,0,0,24,16,4
403.048,0,26070016,windows,0,5045,4992.5,37,0,0,0,0,0,0,27,8,2
403.195,1,25313280,windows,0,8480,8361.25,44,0,0,0,0,0,0,24,16,4
403.304,0,26089472,windows,0,4765,4712.5,35,0,0,0,0,0,0,23,10,2
403.462,1,25329664,windows,0,8020,7596.25,42,0,0,0,0,0,0,22,16,4
403.557,0,26107904,windows,0,4045,3992.5,33,0,0,0,0,0,0,23,8,2
403.728,1,25346048,windows,0,8020,7596.25,42,0,0,0,0,0,0,22,16,4
403.814,0,26126336,windows,0,4045,3992.5,33,0,0,0,0,0,0,23,8,2
403.983,1,25361408,windows,0,7805,7386.25,41,0,0,0,0,0,0,21,16,4
404.071,0,26144768,windows,0,4045,3992.5,33,0,0,0,0,0,0,23,8,2
404.239,1,25376768,windows,0,7805,7386.25,41,0,0,0,0,0,0,21,16,4
404.325,0,26163200,windows,0,4045,3992.5,33,0,0,0,0,0,0,23,8,2
404.498,1,25393152,windows,0,7600,7186.25,40,0,0,0,0,0,0,20,16,4
404.583,0,26183680,windows,0,260,260,8,0,0,0,0,0,0,6,2,0
404.758,1,25409536,windows,0,7600,7186.25,40,0,0,0,0,0,0,20,16,4
404.837,0,26203136,windows,0,260,260,8,0,0,0,0,0,0,6,2,0
405.011,1,25424896,windows,0,7405,7090,39,0,0,0,0,0,0,19,16,4
405.093,0,26221568,windows,0,260,260,8,0,0,0,0,0,0,6,2,0
405.27,1,25441280,windows,0,7405,7090,39,0,0,0,0,0,0,19,16,4
405.35,0,26241024,windows,0,260,260,8,0,0,0,0,0,0,6,2,0
405.526,1,25457664,windows,0,7405,7090,39,0,0,0,0,0,0,19,16,4
405.601,0,26259456,windows,0,260,260,8,0,0,0,0,0,0,6,2,0
405.792,1,25474048,windows,0,7405,7090,39,0,0,0,0,0,0,19,16,4
405.854,0,26276864,windows,0,260,260,8,0,0,0,0,0,0,6,2,0
406.043,1,25489408,windows,0,260,260,8,0,0,0,0,0,0,6,2,0
406.113,0,26294272,windows,0,260,260,8,0,0,0,0,0,0,6,2,0
406.298,1,25504768,windows,0,260,260,8,0,0,0,0,0,0,6,2,0
406.364,0,26312704,windows,0,260,260,8,0,0,0,0,0,0,6,2,0
406.548,1,25521152,windows,0,260,260,8,0,0,0,0,0,0,6,2,0
406.625,0,26331136,repair,0,260,260,8,0,0,0,0,0,0,6,2,0
406.802,1,25537536,windows,0,205,170,7,0,0,0,0,0,0,5,2,0
406.879,0,26347520,windows,0,260,260,8,0,0,0,0,0,0,6,2,0
407.055,1,25553920,windows,0,160,125,6,0,0,0,0,0,0,4,2,0
407.137,0,26364928,windows,0,260,260,8,0,0,0,0,0,0,6,2,0
407.31,1,25570304,windows,0,160,125,6,0,0,0,0,0,0,4,2,0
407.392,0,26381312,windows,0,260,260,8,0,0,0,0,0,0,6,2,0
407.566,1,25587712,windows,0,160,125,6,0,0,0,0,0,0,4,2,0
407.653,0,26398720,windows,0,260,260,8,0,0,0,0,0,0,6,2,0
407.826,1,25604096,windows,0,160,125,6,0,0,0,0,0,0,4,2,0
407.906,0,26416128,windows,0,260,260,8,0,0,0,0,0,0,6,2,0
408.081,1,25620480,windows,0,160,125,6,0,0,0,0,0,0,4,2,0
408.167,0,26434560,windows,0,260,260,8,0,0,0,0,0,0,6,2,0
408.343,1,25638912,windows,0,160,125,6,0,0,0,0,0,0,4,2,0
408.42,0,26451968,windows,0,260,260,8,0,0,0,0,0,0,6,2,0
408.603,1,25657344,windows,0,160,125,6,0,0,0,0,0,0,4,2,0
408.671,0,26468352,windows,0,160,125,6,0,0,0,0,0,0,4,2,0
408.855,1,25674752,windows,0,160,125,6,0,0,0,0,0,0,4,2,0
408.923,0,26488832,windows,0,160,125,6,0,0,0,0,0,0,4,2,0
409.111,1,25692160,windows,0,160,125,6,0,0,0,0,0,0,4,2,0
409.175,0,26507264,windows,0,160,125,6,0,0,0,0,0,0,4,2,0
409.369,1,25709568,windows,0,160,125,6,0,0,0,0,0,0,4,2,0
409.428,0,26526720,windows,0,160,125,6,0,0,0,0,0,0,4,2,0
409.623,1,25729024,windows,0,160,125,6,0,0,0,0,0,0,4,2,0
409.679,0,26545152,repair,0,160,125,6,0,0,0,0,0,0,4,2,0
409.875,1,25746432,windows,0,160,125,6,0,0,0,0,0,0,4,2,0
409.943,0,26564608,windows,0,160,125,6,0,0,0,0,0,0,4,2,0
410.134,1,25764864,windows,0,160,125,6,0,0,0,0,0,0,4,2,0
410.199,0,26583040,windows,0,160,125,6,0,0,0,0,0,0,4,2,0
410.394,1,25783296,windows,0,160,125,6,0,0,0,0,0,0,4,2,0
410.463,0,26601472,windows,0,160,125,6,0,0,0,0,0,0,4,2,0
410.652,1,25801728,windows,0,160,125,6,0,0,0,0,0,0,4,2,0
410.719,0,26618880,windows,0,160,125,6,0,0,0,0,0,0,4,2,0
410.91,1,25819136,windows,0,160,125,6,0,0,0,0,0,0,4,2,0
410.975,0,26635264,windows,0,160,125,6,0,0,0,0,0,0,4,2,0
411.17,1,25835520,windows,0,160,125,6,0,0,0,0,0,0,4,2,0
411.235,0,26651648,windows,0,160,125,6,0,0,0,0,0,0,4,2,0
411.434,1,25851904,repair,0,160,125,6,0,0,0,0,0,0,4,2,0
411.492,0,26669056,windows,0,160,125,6,0,0,0,0,0,0,4,2,0
411.689,1,25869312,windows,0,160,125,6,0,0,0,0,0,0,4,2,0
411.75,0,26685440,windows,0,160,125,6,0,0,0,0,0,0,4,2,0
411.942,1,25885696,windows,0,160,125,6,0,0,0,0,0,0,4,2,0
412.008,0,26702848,windows,0,160,125,6,0,0,0,0,0,0,4,2,0
412.197,1,25903104,windows,0,160,125,6,0,0,0,0,0,0,4,2,0
412.264,0,26721280,windows,0,160,125,6,0,0,0,0,0,0,4,2,0
412.453,1,25920512,windows,0,160,125,6,0,0,0,0,0,0,4,2,0
412.521,0,26740736,windows,0,160,125,6,0,0,0,0,0,0,4,2,0
412.712,1,25938944,windows,0,160,125,6,0,0,0,0,0,0,4,2,0
412.784,0,26761216,windows,0,160,125,6,0,0,0,0,0,0,4,2,0
412.975,1,25956352,windows,0,160,125,6,0,0,0,0,0,0,4,2,0
413.037,0,26779648,windows,0,160,125,6,0,0,0,0,0,0,4,2,0
413.237,1,25974784,windows,0,160,125,6,0,0,0,0,0,0,4,2,0
413.299,0,26799104,windows,0,160,125,6,0,0,0,0,0,0,4,2,0
413.488,1,25992192,windows,0,160,125,6,0,0,0,0,0,0,4,2,0
413.56,0,26818560,windows,0,160,125,6,0,0,0,0,0,0,4,2,0
413.747,1,26008576,windows,0,160,125,6,0,0,0,0,0,0,4,2,0
413.813,0,26835968,repair,0,160,125,6,0,0,0,0,0,0,4,2,0
414.005,1,26025984,windows,0,160,125,6,0,0,0,0,0,0,4,2,0
414.064,0,26854400,windows,0,160,125,6,0,0,0,0,0,0,4,2,0
414.268,1,26044416,windows,0,160,125,6,0,0,0,0,0,0,4,2,0
414.325,0,26873856,windows,0,160,125,6,0,0,0,0,0,0,4,2,0
414.527,1,26061824,windows,0,160,125,6,0,0,0,0,0,0,4,2,0
414.588,0,26891264,windows,0,160,125,6,0,0,0,0,0,0,4,2,0
414.782,1,26078208,windows,0,160,125,6,0,0,0,0,0,0,4,2,0
414.849,0,26906624,windows,0,160,125,6,0,0,0,0,0,0,4,2,0
415.044,1,26093568,windows,0,160,125,6,0,0,0,0,0,0,4,2,0
415.114,0,26920960,windows,0,160,125,6,0,0,0,0,0,0,4,2,0
415.294,1,26107904,windows,0,160,125,6,0,0,0,0,0,0,4,2,0
415.365,0,26934272,windows,0,160,125,6,0,0,0,0,0,0,4,2,0
415.558,1,26125312,windows,0,160,125,6,0,0,0,0,0,0,4,2,0
415.629,0,26948608,windows,0,160,125,6,0,0,0,0,0,0,4,2,0
415.82,1,26143744,windows,0,160,125,6,0,0,0,0,0,0,4,2,0
415.881,0,26961920,windows,0,160,125,6,0,0,0,0,0,0,4,2,0
416.082,1,26161152,windows,0,160,125,6,0,0,0,0,0,0,4,2,0
416.135,0,26975232,windows,0,160,125,6,0,0,0,0,0,0,4,2,0
416.344,1,26178560,repair,0,160,125,6,0,0,0,0,0,0,4,2,0
416.386,0,26988544,windows,0,160,125,6,0,0,0,0,0,0,4,2,0
416.603,1,26195968,repair,0,160,125,6,0,0,0,0,0,0,4,2,0
416.637,0,27002880,windows,0,160,125,6,0,0,0,0,0,0,4,2,0
416.858,1,26211328,repair,0,160,125,6,0,0,0,0,0,0,4,2,0
416.904,0,27017216,windows,0,160,125,6,0,0,0,0,0,0,4,2,0
417.118,1,26227712,repair,0,160,125,6,0,0,0,0,0,0,4,2,0
417.163,0,27032576,windows,0,160,125,6,0,0,0,0,0,0,4,2,0
417.378,1,26243072,windows,0,160,125,6,0,0,0,0,0,0,4,2,0
417.424,0,27049984,windows,0,160,125,6,0,0,0,0,0,0,4,2,0
417.645,1,26260480,windows,0,160,125,6,0,0,0,0,0,0,4,2,0
417.674,0,27067392,windows,0,160,125,6,0,0,0,0,0,0,4,2,0
417.907,1,26277888,windows,0,160,125,6,0,0,0,0,0,0,4,2,0
417.933,0,27085824,windows,0,160,125,6,0,0,0,0,0,0,4,2,0
418.16,1,26295296,windows,0,160,125,6,0,0,0,0,0,0,4,2,0
418.194,0,27105280,windows,0,160,125,6,0,0,0,0,0,0,4,2,0
418.414,1,26312704,windows,0,160,125,6,0,0,0,0,0,0,4,2,0
418.45,0,27124736,windows,0,160,125,6,0,0,0,0,0,0,4,2,0
418.677,1,26330112,windows,0,160,125,6,0,0,0,0,0,0,4,2,0
418.704,0,27142144,windows,0,160,125,6,0,0,0,0,0,0,4,2,0
418.938,1,26347520,windows,0,160,125,6,0,0,0,0,0,0,4,2,0
418.958,0,27159552,windows,0,160,125,6,0,0,0,0,0,0,4,2,0
419.199,1,26363904,windows,0,160,125,6,0,0,0,0,0,0,4,2,0
419.209,0,27175936,windows,0,160,125,6,0,0,0,0,0,0,4,2,0
419.462,1,26381312,windows,0,160,125,6,0,0,0,0,0,0,4,2,0
419.47,0,27192320,windows,0,160,125,6,0,0,0,0,0,0,4,2,0
419.72,1,26398720,windows,0,160,125,6,0,0,0,0,0,0,4,2,0
419.732,0,27210752,windows,0,160,125,6,0,0,0,0,0,0,4,2,0
419.97,1,26417152,windows,0,160,125,6,0,0,0,0,0,0,4,2,0
419.995,0,27230208,windows,0,160,125,6,0,0,0,0,0,0,4,2,0
420.228,1,26434560,windows,0,160,125,6,0,0,0,0,0,0,4,2,0
420.257,0,27248640,windows,0,160,125,6,0,0,0,0,0,0,4,2,0
420.481,1,26450944,windows,0,160,125,6,0,0,0,0,0,0,4,2,0
420.518,0,27268096,windows,0,160,125,6,0,0,0,0,0,0,4,2,0
420.738,1,26468352,windows,0,160,125,6,0,0,0,0,0,0,4,2,0
420.769,0,27287552,windows,0,160,125,6,0,0,0,0,0,0,4,2,0
420.995,1,26486784,windows,0,160,125,6,0,0,0,0,0,0,4,2,0
421.02,0,27305984,windows,0,160,125,6,0,0,0,0,0,0,4,2,0
421.253,1,26505216,windows,0,160,125,6,0,0,0,0,0,0,4,2,0
421.274,0,27325440,windows,0,160,125,6,0,0,0,0,0,0,4,2,0
421.516,1,26524672,windows,0,160,125,6,0,0,0,0,0,0,4,2,0
421.525,0,27342848,repair,0,160,125,6,0,0,0,0,0,0,4,2,0
421.772,1,26544128,windows,0,160,125,6,0,0,0,0,0,0,4,2,0
421.791,0,27361280,windows,0,160,125,6,0,0,0,0,0,0,4,2,0
422.028,1,26563584,windows,0,160,125,6,0,0,0,0,0,0,4,2,0
422.056,0,27379712,windows,0,160,125,6,0,0,0,0,0,0,4,2,0
422.283,1,26583040,windows,0,160,125,6,0,0,0,0,0,0,4,2,0
422.306,0,27396096,windows,0,160,125,6,0,0,0,0,0,0,4,2,0
422.539,1,26604544,windows,0,160,125,6,0,0,0,0,0,0,4,2,0
422.56,0,27413504,windows,0,160,125,6,0,0,0,0,0,0,4,2,0
422.792,1,26624000,windows,0,160,125,6,0,0,0,0,0,0,4,2,0
422.81,0,27428864,windows,0,160,125,6,0,0,0,0,0,0,4,2,0
423.042,1,26643456,windows,0,160,125,6,0,0,0,0,0,0,4,2,0
423.061,0,27443200,windows,0,160,125,6,0,0,0,0,0,0,4,2,0
423.304,1,26662912,windows,0,160,125,6,0,0,0,0,0,0,4,2,0
423.318,0,27457536,windows,0,160,125,6,0,0,0,0,0,0,4,2,0
423.56,1,26682368,repair,0,160,125,6,0,0,0,0,0,0,4,2,0
423.583,0,27471872,windows,0,160,125,6,0,0,0,0,0,0,4,2,0
423.815,1,26700800,repair,0,160,125,6,0,0,0,0,0,0,4,2,0
423.837,0,27486208,windows,0,160,125,6,0,0,0,0,0,0,4,2,0
424.07,1,26721280,repair,0,160,125,6,0,0,0,0,0,0,4,2,0
424.098,0,27500544,windows,0,160,125,6,0,0,0,0,0,0,4,2,0
424.325,1,26742784,windows,0,160,125,6,0,0,0,0,0,0,4,2,0
424.355,0,27516928,windows,0,160,125,6,0,0,0,0,0,0,4,2,0
424.582,1,26762240,windows,0,160,125,6,0,0,0,0,0,0,4,2,0
424.618,0,27536384,windows,0,160,125,6,0,0,0,0,0,0,4,2,0
424.845,1,26780672,windows,0,160,125,6,0,0,0,0,0,0,4,2,0
424.869,0,27554816,windows,0,160,125,6,0,0,0,0,0,0,4,2,0
425.099,1,26798080,windows,0,160,125,6,0,0,0,0,0,0,4,2,0
425.124,0,27573248,windows,0,160,125,6,0,0,0,0,0,0,4,2,0
425.351,1,26816512,windows,0,160,125,6,0,0,0,0,0,0,4,2,0
425.384,0,27592704,windows,0,160,125,6,0,0,0,0,0,0,4,2,0
425.603,1,26834944,windows,0,160,125,6,0,0,0,0,0,0,4,2,0
425.641,0,27613184,windows,0,160,125,6,0,0,0,0,0,0,4,2,0
425.858,1,26851328,windows,0,160,125,6,0,0,0,0,0,0,4,2,0
425.905,0,27629568,windows,0,160,125,6,0,0,0,0,0,0,4,2,0
426.108,1,26866688,windows,0,160,125,6,0,0,0,0,0,0,4,2,0
426.166,0,27644928,windows,0,160,125,6,0,0,0,0,0,0,4,2,0
426.365,1,26883072,windows,0,160,125,6,0,0,0,0,0,0,4,2,0
426.428,0,27661312,repair,0,160,125,6,0,0,0,0,0,0,4,2,0
426.627,1,26900480,windows,0,160,125,6,0,0,0,0,0,0,4,2,0
426.694,0,27677696,repair,0,160,125,6,0,0,0,0,0,0,4,2,0
426.889,1,26916864,windows,0,160,125,6,0,0,0,0,0,0,4,2,0
426.948,0,27694080,repair,0,160,125,6,0,0,0,0,0,0,4,2,0
427.141,1,26934272,windows,0,160,125,6,0,0,0,0,0,0,4,2,0
427.212,0,27708416,windows,0,160,125,6,0,0,0,0,0,0,4,2,0
427.398,1,26952704,windows,0,160,125,6,0,0,0,0,0,0,4,2,0
427.466,0,27722752,windows,0,160,125,6,0,0,0,0,0,0,4,2,0
427.661,1,26971136,windows,0,160,125,6,0,0,0,0,0,0,4,2,0
427.717,0,27737088,windows,0,160,125,6,0,0,0,0,0,0,4,2,0
427.921,1,26987520,repair,1126,8.47055e+07,8.46981e+07,2157,0,0,1,762,363,0,1482,466,209
427.975,0,27751424,windows,0,160,125,6,0,0,0,0,0,0,4,2,0
428.182,1,27009024,repair,694,2.6603e+08,2.66009e+08,7173,55,143,119,229,148,0,4054,2935,184
428.234,0,27766784,windows,0,160,125,6,0,0,0,0,0,0,4,2,0
428.44,1,27032576,repair,537,2.50181e+08,2.50176e+08,7018,41,108,103,179,106,0,4006,2855,157
428.5,0,27783168,windows,0,160,125,6,0,0,0,0,0,0,4,2,0
428.691,1,27053056,repair,418,2.34581e+08,2.34523e+08,6926,28,89,81,153,67,0,4087,2708,131
428.752,0,27797504,windows,0,160,125,6,0,0,0,0,0,0,4,2,0
428.944,1,27073536,repair,328,2.28496e+08,2.28418e+08,6753,20,56,55,126,71,0,3886,2738,129
429.011,0,27812864,windows,0,160,125,6,0,0,0,0,0,0,4,2,0
429.203,1,27094016,repair,261,2.08299e+08,2.0828e+08,6453,10,49,40,104,58,0,3727,2615,111
429.269,0,27826176,windows,0,160,125,6,0,0,0,0,0,0,4,2,0
429.467,1,27113472,repair,214,1.75673e+08,1.7567e+08,6063,15,48,27,85,39,0,3619,2331,113
429.524,0,27840512,windows,0,160,125,6,0,0,0,0,0,0,4,2,0
429.724,1,27133952,repair,147,1.63752e+08,1.63752e+08,5887,7,34,21,59,26,0,3538,2239,110
429.779,0,27854848,windows,0,160,125,6,0,0,0,0,0,0,4,2,0
429.976,1,27154432,repair,107,1.46815e+08,1.46769e+08,5526,4,17,16,42,28,0,3277,2151,98
430.038,0,27869184,windows,0,160,125,6,0,0,0,0,0,0,4,2,0
430.236,1,27174912,repair,73,1.33349e+08,1.33332e+08,5356,2,9,10,34,18,0,3271,1993,92
430.296,0,27883520,windows,0,160,125,6,0,0,0,0,0,0,4,2,0
430.491,1,27194368,repair,35,1.19429e+08,1.19427e+08,5112,1,6,3,17,8,0,3184,1851,77
430.547,0,27897856,windows,0,160,125,6,0,0,0,0,0,0,4,2,0
430.748,1,27214848,repair,19,1.05396e+08,1.05396e+08,4769,0,3,3,7,6,0,2935,1763,71
430.8,0,27912192,windows,0,160,125,6,0,0,0,0,0,0,4,2,0
431.006,1,27233280,repair,5,9.75762e+07,9.75285e+07,4640,0,0,1,3,1,0,2904,1662,74
431.055,0,27927552,windows,0,160,125,6,0,0,0,0,0,0,4,2,0
431.266,1,27251712,repair,2,7.94233e+07,7.93939e+07,4229,0,0,1,0,1,0,2692,1467,70
431.313,0,27942912,windows,0,160,125,6,0,0,0,0,0,0,4,2,0
431.527,1,27271168,windows,0,6.30443e+07,6.3005e+07,3839,0,0,0,0,0,0,2541,1238,60
431.57,0,27958272,windows,0,160,125,6,0,0,0,0,0,0,4,2,0
431.783,1,27287552,windows,0,5.11148e+07,5.10909e+07,3470,0,0,0,0,0,0,2304,1106,60
431.825,0,27971584,windows,0,160,125,6,0,0,0,0,0,0,4,2,0
432.038,1,27303936,windows,0,4.24939e+07,4.24816e+07,3190,0,0,0,0,0,0,2173,970,47
432.081,0,27986944,windows,0,160,125,6,0,0,0,0,0,0,4,2,0
432.297,1,27319296,windows,0,3.34231e+07,3.34222e+07,2791,0,0,0,0,0,0,1868,893,30
432.338,0,28002304,windows,0,160,125,6,0,0,0,0,0,0,4,2,0
432.556,1,27334656,windows,0,2.77183e+07,2.76926e+07,2567,0,0,0,0,0,0,1736,794,37
432.595,0,28017664,windows,0,160,125,6,0,0,0,0,0,0,4,2,0
432.819,1,27351040,windows,0,2.28076e+07,2.27996e+07,2342,0,0,0,0,0,0,1600,706,36
432.858,0,28029952,repair,837,2.17858e+08,2.17807e+08,6500,55,168,146,324,144,0,3740,2553,207
433.077,1,27367424,windows,0,1.92604e+07,1.92465e+07,2142,0,0,0,0,0,0,1460,655,27
433.121,0,28048384,repair,651,2.61253e+08,2.61228e+08,7136,47,141,126,211,126,0,4051,2909,176
433.338,1,27384832,windows,0,1.54837e+07,1.54762e+07,1926,0,0,0,0,0,0,1303,590,33
433.373,0,28065792,repair,526,2.67877e+08,2.67852e+08,7205,37,111,84,183,111,0,4063,2986,156
433.597,1,27401216,windows,0,1.28039e+07,1.28028e+07,1756,0,0,0,0,0,0,1179,539,38
433.627,0,28083200,repair,442,2.44625e+08,2.44601e+08,6929,22,101,82,152,85,0,3927,2850,152
433.857,1,27417600,windows,0,1.08148e+07,1.08079e+07,1645,0,0,0,0,0,0,1160,450,35
433.891,0,28101632,repair,357,2.22105e+08,2.22028e+08,6735,16,62,69,131,79,0,3942,2654,139
434.112,1,27433984,windows,0,9.1252e+06,9.12427e+06,1514,0,0,0,0,0,0,1077,406,31
434.148,0,28119040,repair,283,2.08062e+08,2.08038e+08,6567,11,47,32,120,73,0,3866,2554,147
434.372,1,27450368,windows,0,7.57627e+06,7.57155e+06,1361,0,0,0,0,0,0,944,394,23
434.402,0,28136448,repair,239,1.80903e+08,1.80885e+08,6104,11,33,41,104,50,0,3581,2396,127
434.637,1,27466752,windows,0,6.2022e+06,6.19782e+06,1243,0,0,0,0,0,0,877,342,24
434.654,0,28152832,repair,184,1.70739e+08,1.70693e+08,5935,13,32,38,60,41,0,3501,2328,106
434.902,1,27483136,windows,0,5.20374e+06,5.20309e+06,1134,0,0,0,0,0,0,791,321,22
434.909,0,28169216,repair,145,1.58414e+08,1.58349e+08,5793,8,27,16,64,30,0,3478,2202,113
435.16,1,27499520,windows,0,4.39772e+06,4.39398e+06,1048,0,0,0,0,0,0,748,282,18
435.162,0,28184576,repair,108,1.61196e+08,1.61193e+08,5769,6,12,13,54,23,0,3398,2267,104
435.414,0,28201984,repair,81,1.50709e+08,1.5069e+08,5631,3,10,13,39,16,0,3397,2152,82
435.422,1,27516928,windows,0,3.51368e+06,3.51368e+06,926,0,0,0,0,0,0,640,270,16
435.677,0,28218368,repair,52,1.46453e+08,1.46436e+08,5583,7,7,12,15,11,0,3365,2115,103
435.678,1,27533312,windows,0,2.87306e+06,2.87306e+06,844,0,0,0,0,0,0,583,241,20
435.936,0,28234752,repair,35,1.32365e+08,1.32322e+08,5314,4,6,5,11,9,0,3209,2007,98
435.942,1,27550720,windows,0,2.32517e+06,2.31824e+06,758,0,0,0,0,0,0,528,215,15
436.195,1,27566080,windows,0,1.9776e+06,1.97138e+06,706,0,0,0,0,0,0,509,184,13
436.198,0,28251136,repair,22,1.07728e+08,1.07676e+08,4879,0,8,3,7,4,0,3051,1746,82
436.453,0,28267520,repair,12,9.64769e+07,9.64602e+07,4616,0,2,0,7,3,0,2886,1653,77
436.463,1,27580416,windows,0,1.69981e+06,1.69981e+06,653,0,0,0,0,0,0,470,172,11
436.713,0,28282880,repair,4,8.83985e+07,8.83985e+07,4429,0,0,2,1,1,0,2794,1569,66
436.724,1,27593728,windows,0,1.32772e+06,1.32212e+06,573,0,0,0,0,0,0,398,163,12
436.978,1,27607040,windows,0,1.14299e+06,1.13989e+06,535,0,0,0,0,0,0,384,142,9
436.979,0,28297216,repair,3,7.19581e+07,7.19561e+07,4098,0,0,0,1,2,0,2706,1327,65
437.23,0,28311552,repair,2,6.34988e+07,6.34988e+07,3852,0,0,0,2,0,0,2547,1244,61
437.235,1,27620352,windows,0,985165,980434,497,0,0,0,0,0,0,353,134,10
437.483,0,28328960,windows,0,5.32118e+07,5.32102e+07,3529,0,0,0,0,0,0,2337,1136,56
437.487,1,27633664,windows,0,846030,844411,461,0,0,0,0,0,0,324,126,11
437.743,0,28346368,windows,0,4.32263e+07,4.32263e+07,3205,0,0,0,0,0,0,2171,990,44
437.75,1,27648000,windows,0,722780,722488,431,0,0,0,0,0,0,316,105,10
437.999,0,28363776,windows,0,3.23268e+07,3.23165e+07,2747,0,0,0,0,0,0,1823,885,39
438.008,1,27661312,windows,0,571490,571228,382,0,0,0,0,0,0,276,97,9
438.26,1,27675648,windows,0,473905,473612,346,0,0,0,0,0,0,241,95,10
438.261,0,28381184,windows,0,2.62379e+07,2.62296e+07,2490,0,0,0,0,0,0,1655,790,45
438.514,0,28397568,windows,0,2.22871e+07,2.22871e+07,2321,0,0,0,0,0,0,1588,694,39
438.521,1,27692032,windows,0,379700,378299,310,0,0,0,0,0,0,210,88,12
438.778,0,28414976,windows,0,1.839e+07,1.839e+07,2073,0,0,0,0,0,0,1380,665,28
438.782,1,27708416,windows,0,323710,321136,287,0,0,0,0,0,0,196,80,11
439.032,0,28430336,windows,0,1.47359e+07,1.47173e+07,1878,0,0,0,0,0,0,1282,570,26
439.034,1,27722752,windows,0,275165,275165,263,0,0,0,0,0,0,177,76,10
439.285,1,27735040,windows,0,208865,207558,232,0,0,0,0,0,0,169,57,6
439.291,0,28446720,windows,0,1.23509e+07,1.23503e+07,1732,0,0,0,0,0,0,1208,502,22
439.546,1,27749376,windows,0,174245,172184,213,0,0,0,0,0,0,151,54,8
439.55,0,28462080,windows,0,1.06829e+07,1.06823e+07,1608,0,0,0,0,0,0,1113,473,22
439.801,1,27763712,windows,0,152155,151461,198,0,0,0,0,0,0,139,52,7
439.807,0,28479488,windows,0,9.02548e+06,9.01194e+06,1495,0,0,0,0,0,0,1058,413,24
440.052,1,27778048,windows,0,135580,135580,186,0,0,0,0,0,0,130,50,6
440.065,0,28495872,windows,0,7.20312e+06,7.20237e+06,1328,0,0,0,0,0,0,917,386,25
440.307,1,27792384,windows,0,126275,126275,180,0,0,0,0,0,0,129,46,5
440.325,0,28513280,windows,0,5.79443e+06,5.79017e+06,1201,0,0,0,0,0,0,852,328,21
440.568,1,27806720,windows,0,96715,96181.2,156,0,0,0,0,0,0,107,44,5
440.579,0,28530688,windows,0,4.79834e+06,4.79443e+06,1096,0,0,0,0,0,0,782,294,20
440.828,1,27821056,windows,0,84380,83372.5,146,0,0,0,0,0,0,98,42,6
440.837,0,28548096,windows,0,3.95514e+06,3.9511e+06,993,0,0,0,0,0,0,707,269,17
441.079,1,27835392,windows,0,75995,75388.8,138,0,0,0,0,0,0,93,40,5
441.088,0,28563456,windows,0,3.09806e+06,3.09449e+06,875,0,0,0,0,0,0,608,249,18
441.339,1,27849728,windows,0,68745,68311.2,130,0,0,0,0,0,0,87,39,4
441.339,0,28578816,windows,0,2.53397e+06,2.53117e+06,794,0,0,0,0,0,0,560,219,15
441.59,0,28594176,windows,0,2.1349e+06,2.13228e+06,733,0,0,0,0,0,0,523,195,15
441.599,1,27864064,windows,0,63490,62795,126,0,0,0,0,0,0,88,35,3
441.847,0,28610560,windows,0,1.82722e+06,1.82116e+06,678,0,0,0,0,0,0,478,184,16
441.856,1,27878400,windows,0,45835,45501.2,104,0,0,0,0,0,0,67,34,3
442.109,1,27892736,windows,0,42530,41566.2,101,0,0,0,0,0,0,66,32,3
442.113,0,28624896,windows,0,1.46351e+06,1.45801e+06,602,0,0,0,0,0,0,418,171,13
442.364,0,28640256,windows,0,1.1861e+06,1.18278e+06,547,0,0,0,0,0,0,387,147,13
442.374,1,27908096,windows,0,38115,37520,96,0,0,0,0,0,0,63,30,3
442.624,0,28658688,windows,0,948675,948675,490,0,0,0,0,0,0,345,132,13
442.626,1,27922432,windows,0,34070,33535,92,0,0,0,0,0,0,62,27,3
442.881,1,27936768,windows,0,32395,31576.2,90,0,0,0,0,0,0,61,26,3
442.882,0,28676096,windows,0,793010,790392,450,0,0,0,0,0,0,324,115,11
443.141,1,27951104,windows,0,23855,23855,77,0,0,0,0,0,0,51,23,3
443.15,0,28692480,windows,0,626050,623755,392,0,0,0,0,0,0,268,115,9
443.397,1,27965440,windows,0,21955,21276.2,74,0,0,0,0,0,0,49,22,3
443.401,0,28705792,windows,0,502325,502325,357,0,0,0,0,0,0,251,96,10
443.649,1,27979776,windows,0,20995,20560,72,0,0,0,0,0,0,47,22,3
443.675,0,28720128,windows,0,411250,409829,322,0,0,0,0,0,0,220,91,11
443.907,1,27994112,windows,0,20530,20095,71,0,0,0,0,0,0,46,22,3
443.929,0,28734464,windows,0,354665,354665,302,0,0,0,0,0,0,213,79,10
444.174,1,28009472,windows,0,20530,20095,71,0,0,0,0,0,0,46,22,3
444.183,0,28747776,windows,0,309665,306914,286,0,0,0,0,0,0,205,69,12
444.436,1,28024832,windows,0,18335,17706.2,67,0,0,0,0,0,0,43,21,3
444.445,0,28762112,windows,0,243670,242841,250,0,0,0,0,0,0,166,71,13
444.689,1,28039168,windows,0,18335,17706.2,67,0,0,0,0,0,0,43,21,3
444.703,0,28775424,windows,0,191035,190261,224,0,0,0,0,0,0,155,58,11
444.943,1,28053504,windows,0,17910,17495,66,0,0,0,0,0,0,42,21,3
444.96,0,28788736,windows,0,160690,160690,203,0,0,0,0,0,0,134,58,11
445.197,1,28067840,windows,0,17495,17080,65,0,0,0,0,0,0,41,21,3
445.23,0,28803072,windows,0,134300,134300,189,0,0,0,0,0,0,132,47,10
445.46,1,28083200,windows,0,16270,15875,63,0,0,0,0,0,0,40,20,3
445.489,0,28817408,windows,0,116000,116000,177,0,0,0,0,0,0,126,41,10
445.71,1,28096512,windows,0,16270,15875,63,0,0,0,0,0,0,40,20,3
445.739,0,28829696,windows,0,103145,103145,168,0,0,0,0,0,0,123,35,10
445.966,1,28110848,windows,0,15490,14916.2,62,0,0,0,0,0,0,40,19,3
446.007,0,28844032,windows,0,73475,72497.5,140,0,0,0,0,0,0,95,36,9
446.218,1,28124160,windows,0,15095,14526.2,61,0,0,0,0,0,0,39,19,3
446.274,0,28857344,windows,0,63305,62650,130,0,0,0,0,0,0,89,33,8
446.47,1,28137472,windows,0,15095,14526.2,61,0,0,0,0,0,0,39,19,3
446.526,0,28870656,windows,0,54020,53026.2,121,0,0,0,0,0,0,84,29,8
446.735,1,28151808,windows,0,14710,14335,60,0,0,0,0,0,0,38,19,3
446.796,0,28883968,windows,0,50740,49766.2,117,0,0,0,0,0,0,80,29,8
447.003,1,28166144,windows,0,14710,14335,60,0,0,0,0,0,0,38,19,3
447.047,0,28896256,windows,0,46920,46531.2,113,0,0,0,0,0,0,78,27,8
447.264,1,28180480,windows,0,13970,13595,58,0,0,0,0,0,0,36,19,3
447.314,0,28909568,windows,0,34660,34660,96,0,0,0,0,0,0,62,26,8
447.532,1,28194816,windows,0,13970,13595,58,0,0,0,0,0,0,36,19,3
447.573,0,28921856,windows,0,29320,28865,89,0,0,0,0,0,0,58,23,8
447.797,1,28209152,windows,0,13615,13240,57,0,0,0,0,0,0,35,19,3
447.841,0,28935168,windows,0,26165,25486.2,85,0,0,0,0,0,0,57,20,8
448.058,1,28223488,windows,0,12290,11955,54,0,0,0,0,0,0,36,17,1
448.103,0,28948480,windows,0,22980,22980,80,0,0,0,0,0,0,54,18,8
448.314,1,28237824,windows,0,11935,11600,53,0,0,0,0,0,0,35,17,1
448.354,0,28962816,windows,0,22145,21891.2,78,0,0,0,0,0,0,51,19,8
448.567,1,28252160,windows,0,11935,11600,53,0,0,0,0,0,0,35,17,1
448.615,0,28977152,windows,0,20660,20285,75,0,0,0,0,0,0,48,19,8
448.829,1,28266496,windows,0,11255,10920,51,0,0,0,0,0,0,33,17,1
448.87,0,28990464,windows,0,16360,16171.2,65,0,0,0,0,0,0,38,19,8
449.083,1,28280832,windows,0,10930,10615,51,0,0,0,0,0,0,34,16,1
449.126,0,29003776,windows,0,14855,14661.2,63,0,0,0,0,0,0,39,17,7
449.338,1,28295168,windows,0,10930,10615,51,0,0,0,0,0,0,34,16,1
449.38,0,29019136,windows,0,14075,14075,60,0,0,0,0,0,0,35,18,7
449.597,1,28310528,windows,0,9535,9280,49,0,0,0,0,0,0,35,13,1
449.636,0,29033472,windows,0,12855,12855,59,0,0,0,0,0,0,39,15,5
449.856,1,28324864,windows,0,8855,8600,47,0,0,0,0,0,0,33,13,1
449.902,0,29047808,windows,0,12095,11616.2,57,0,0,0,0,0,0,37,15,5
450.115,1,28339200,windows,0,8120,7673.75,46,0,0,0,0,0,0,32,12,2
450.159,0,29061120,windows,0,10055,10055,51,0,0,0,0,0,0,31,15,5
450.379,1,28354560,windows,0,8120,7673.75,46,0,0,0,0,0,0,32,12,2
450.418,0,29077504,windows,0,9750,9750,50,0,0,0,0,0,0,30,15,5
450.645,1,28368896,windows,0,7660,7607.5,45,0,0,0,0,0,0,32,11,2
450.669,0,29092864,windows,0,9170,9021.25,49,0,0,0,0,0,0,30,14,5
450.909,1,28382208,windows,0,7040,6838.75,43,0,0,0,0,0,0,30,11,2
450.923,0,29107200,windows,0,8690,8332.5,47,0,0,0,0,0,0,30,14,3
451.162,1,28396544,windows,0,7040,6838.75,43,0,0,0,0,0,0,30,11,2
451.19,0,29122560,windows,0,8120,8120,46,0,0,0,0,0,0,32,12,2
451.42,1,28410880,windows,0,6745,6548.75,42,0,0,0,0,0,0,29,11,2
451.449,0,29138944,windows,0,6920,6781.25,42,0,0,0,0,0,0,28,12,2
451.686,1,28425216,windows,0,6745,6548.75,42,0,0,0,0,0,0,29,11,2
451.71,0,29153280,windows,0,6920,6781.25,42,0,0,0,0,0,0,28,12,2
451.943,1,28438528,windows,0,6745,6548.75,42,0,0,0,0,0,0,29,11,2
451.972,0,29167616,windows,0,6380,6380,40,0,0,0,0,0,0,26,12,2
452.197,1,28452864,windows,0,6645,6223.75,41,0,0,0,0,0,0,27,12,2
452.234,0,29182976,windows,0,6380,6380,40,0,0,0,0,0,0,26,12,2
452.45,1,28467200,windows,0,5675,5518.75,38,0,0,0,0,0,0,27,10,1
452.496,0,29198336,windows,0,6380,6380,40,0,0,0,0,0,0,26,12,2
452.711,1,28481536,windows,0,5295,5138.75,37,0,0,0,0,0,0,27,9,1
452.748,0,29211648,windows,0,5920,5576.25,39,0,0,0,0,0,0,26,11,2
452.97,1,28496896,windows,0,5265,5131.25,36,0,0,0,0,0,0,27,9,0
453.001,0,29227008,windows,0,5420,5205,37,0,0,0,0,0,0,24,11,2
453.228,1,28512256,windows,0,5000,4871.25,35,0,0,0,0,0,0,26,9,0
453.269,0,29242368,windows,0,5420,5205,37,0,0,0,0,0,0,24,11,2
453.491,1,28530688,windows,0,4160,4160,32,0,0,0,0,0,0,24,8,0
453.527,0,29257728,windows,0,4765,4765,35,0,0,0,0,0,0,23,10,2
453.743,1,28548096,windows,0,4160,4160,32,0,0,0,0,0,0,24,8,0
453.78,0,29273088,windows,0,4765,4765,35,0,0,0,0,0,0,23,10,2
453.996,1,28566528,windows,0,4160,4160,32,0,0,0,0,0,0,24,8,0
454.04,0,29288448,windows,0,4325,4325,33,0,0,0,0,0,0,21,10,2
454.262,1,28584960,windows,0,3925,3925,31,0,0,0,0,0,0,23,8,0
454.3,0,29303808,windows,0,4325,4325,33,0,0,0,0,0,0,21,10,2
454.513,1,28600320,windows,0,3925,3925,31,0,0,0,0,0,0,23,8,0
454.566,0,29320192,windows,0,3855,3855,31,0,0,0,0,0,0,21,9,1
454.771,1,28615680,windows,0,3925,3925,31,0,0,0,0,0,0,23,8,0
454.822,0,29335552,windows,0,3855,3855,31,0,0,0,0,0,0,21,9,1
455.035,1,28632064,windows,0,3925,3925,31,0,0,0,0,0,0,23,8,0
455.083,0,29351936,windows,0,3855,3855,31,0,0,0,0,0,0,21,9,1
455.293,1,28648448,windows,0,3925,3925,31,0,0,0,0,0,0,23,8,0
455.335,0,29368320,windows,0,3855,3855,31,0,0,0,0,0,0,21,9,1
455.551,1,28664832,windows,0,160,125,6,0,0,0,0,0,0,4,2,0
455.596,0,29385728,windows,0,160,125,6,0,0,0,0,0,0,4,2,0
455.814,1,28681216,windows,0,160,125,6,0,0,0,0,0,0,4,2,0
455.853,0,29403136,windows,0,160,125,6,0,0,0,0,0,0,4,2,0
456.064,1,28697600,windows,0,160,125,6,0,0,0,0,0,0,4,2,0
456.105,0,29419520,windows,0,160,125,6,0,0,0,0,0,0,4,2,0
456.324,1,28716032,windows,0,160,125,6,0,0,0,0,0,0,4,2,0
456.356,0,29436928,windows,0,160,125,6,0,0,0,0,0,0,4,2,0
456.586,1,28736512,windows,0,160,125,6,0,0,0,0,0,0,4,2,0
456.62,0,29454336,windows,0,160,125,6,0,0,0,0,0,0,4,2,0
456.844,1,28754944,windows,0,160,125,6,0,0,0,0,0,0,4,2,0
456.884,0,29471744,windows,0,160,125,6,0,0,0,0,0,0,4,2,0
457.095,1,28773376,windows,0,160,125,6,0,0,0,0,0,0,4,2,0
457.135,0,29489152,windows,0,160,125,6,0,0,0,0,0,0,4,2,0
457.348,1,28792832,windows,0,160,125,6,0,0,0,0,0,0,4,2,0
457.388,0,29505536,windows,0,160,125,6,0,0,0,0,0,0,4,2,0
457.607,1,28813312,windows,0,160,125,6,0,0,0,0,0,0,4,2,0
457.646,0,29523968,windows,0,160,125,6,0,0,0,0,0,0,4,2,0
457.868,1,28831744,windows,0,160,125,6,0,0,0,0,0,0,4,2,0
457.898,0,29544448,windows,0,160,125,6,0,0,0,0,0,0,4,2,0
458.123,1,28851200,windows,0,160,125,6,0,0,0,0,0,0,4,2,0
458.156,0,29566976,windows,0,160,125,6,0,0,0,0,0,0,4,2,0
458.373,1,28868608,windows,0,160,125,6,0,0,0,0,0,0,4,2,0
458.407,0,29587456,windows,0,160,125,6,0,0,0,0,0,0,4,2,0
458.626,1,28886016,windows,0,160,125,6,0,0,0,0,0,0,4,2,0
458.661,0,29605888,windows,0,160,125,6,0,0,0,0,0,0,4,2,0
458.886,1,28904448,windows,0,160,125,6,0,0,0,0,0,0,4,2,0
458.916,0,29621248,windows,0,160,125,6,0,0,0,0,0,0,4,2,0
459.136,1,28921856,windows,0,160,125,6,0,0,0,0,0,0,4,2,0
459.172,0,29635584,windows,0,160,125,6,0,0,0,0,0,0,4,2,0
459.398,1,28940288,windows,0,160,125,6,0,0,0,0,0,0,4,2,0
459.43,0,29650944,windows,0,160,125,6,0,0,0,0,0,0,4,2,0
459.653,1,28958720,windows,0,160,125,6,0,0,0,0,0,0,4,2,0
459.685,0,29666304,windows,0,160,125,6,0,0,0,0,0,0,4,2,0
459.905,1,28977152,windows,0,160,125,6,0,0,0,0,0,0,4,2,0
459.94,0,29682688,windows,0,160,125,6,0,0,0,0,0,0,4,2,0
460.159,1,28996608,windows,0,160,125,6,0,0,0,0,0,0,4,2,0
460.204,0,29699072,repair,0,160,125,6,0,0,0,0,0,0,4,2,0
460.41,1,29017088,repair,0,160,125,6,0,0,0,0,0,0,4,2,0
460.466,0,29714432,windows,0,160,125,6,0,0,0,0,0,0,4,2,0
460.671,1,29036544,windows,0,160,125,6,0,0,0,0,0,0,4,2,0
460.732,0,29730816,windows,0,160,125,6,0,0,0,0,0,0,4,2,0
460.929,1,29054976,windows,0,160,125,6,0,0,0,0,0,0,4,2,0
460.983,0,29745152,windows,0,160,125,6,0,0,0,0,0,0,4,2,0
461.181,1,29072384,windows,0,160,125,6,0,0,0,0,0,0,4,2,0
461.25,0,29760512,windows,0,160,125,6,0,0,0,0,0,0,4,2,0
461.437,1,29088768,windows,0,160,125,6,0,0,0,0,0,0,4,2,0
461.501,0,29775872,windows,0,160,125,6,0,0,0,0,0,0,4,2,0
461.696,1,29105152,windows,0,160,125,6,0,0,0,0,0,0,4,2,0
461.762,0,29791232,windows,0,160,125,6,0,0,0,0,0,0,4,2,0
461.957,1,29123584,windows,0,160,125,6,0,0,0,0,0,0,4,2,0
462.02,0,29805568,windows,0,160,125,6,0,0,0,0,0,0,4,2,0
462.216,1,29142016,repair,0,160,125,6,0,0,0,0,0,0,4,2,0
462.274,0,29819904,windows,0,160,125,6,0,0,0,0,0,0,4,2,0
462.477,1,29160448,repair,0,160,125,6,0,0,0,0,0,0,4,2,0
462.536,0,29836288,windows,0,160,125,6,0,0,0,0,0,0,4,2,0
462.734,1,29178880,repair,0,160,125,6,0,0,0,0,0,0,4,2,0
462.793,0,29851648,windows,0,160,125,6,0,0,0,0,0,0,4,2,0
462.997,1,29197312,repair,0,160,125,6,0,0,0,0,0,0,4,2,0
463.049,0,29867008,windows,0,160,125,6,0,0,0,0,0,0,4,2,0
463.263,1,29214720,windows,0,160,125,6,0,0,0,0,0,0,4,2,0
463.304,0,29882368,windows,0,160,125,6,0,0,0,0,0,0,4,2,0
463.521,1,29233152,windows,0,160,125,6,0,0,0,0,0,0,4,2,0
463.567,0,29898752,windows,0,160,125,6,0,0,0,0,0,0,4,2,0
463.78,1,29250560,windows,0,160,125,6,0,0,0,0,0,0,4,2,0
463.828,0,29915136,windows,0,160,125,6,0,0,0,0,0,0,4,2,0
464.037,1,29267968,windows,0,160,125,6,0,0,0,0,0,0,4,2,0
464.08,0,29930496,windows,0,160,125,6,0,0,0,0,0,0,4,2,0
464.3,1,29285376,windows,0,160,125,6,0,0,0,0,0,0,4,2,0
464.339,0,29945856,windows,0,160,125,6,0,0,0,0,0,0,4,2,0
464.561,1,29302784,windows,0,160,125,6,0,0,0,0,0,0,4,2,0
464.591,0,29961216,windows,0,160,125,6,0,0,0,0,0,0,4,2,0
464.811,1,29319168,windows,0,160,125,6,0,0,0,0,0,0,4,2,0
464.857,0,29978624,windows,0,160,125,6,0,0,0,0,0,0,4,2,0
465.068,1,29336576,windows,0,160,125,6,0,0,0,0,0,0,4,2,0
465.124,0,29995008,repair,0,160,125,6,0,0,0,0,0,0,4,2,0
465.331,1,29353984,windows,0,160,125,6,0,0,0,0,0,0,4,2,0
465.39,0,30009344,windows,0,160,125,6,0,0,0,0,0,0,4,2,0
465.588,1,29371392,windows,0,160,125,6,0,0,0,0,0,0,4,2,0
465.641,0,30024704,windows,0,160,125,6,0,0,0,0,0,0,4,2,0
465.852,1,29388800,windows,0,160,125,6,0,0,0,0,0,0,4,2,0
465.907,0,30040064,windows,0,160,125,6,0,0,0,0,0,0,4,2,0
466.105,1,29405184,windows,0,160,125,6,0,0,0,0,0,0,4,2,0
466.163,0,30054400,windows,0,160,125,6,0,0,0,0,0,0,4,2,0
466.359,1,29422592,windows,0,160,125,6,0,0,0,0,0,0,4,2,0
466.426,0,30069760,windows,0,160,125,6,0,0,0,0,0,0,4,2,0
466.611,1,29440000,repair,0,160,125,6,0,0,0,0,0,0,4,2,0
466.682,0,30084096,windows,0,160,125,6,0,0,0,0,0,0,4,2,0
466.862,1,29458432,repair,0,160,125,6,0,0,0,0,0,0,4,2,0
466.949,0,30099456,windows,0,160,125,6,0,0,0,0,0,0,4,2,0
467.114,1,29477888,windows,0,160,125,6,0,0,0,0,0,0,4,2,0
467.214,0,30114816,windows,0,160,125,6,0,0,0,0,0,0,4,2,0
467.369,1,29495296,windows,0,160,125,6,0,0,0,0,0,0,4,2,0
467.482,0,30130176,windows,0,160,125,6,0,0,0,0,0,0,4,2,0
467.624,1,29511680,windows,0,160,125,6,0,0,0,0,0,0,4,2,0
467.746,0,30145536,windows,0,160,125,6,0,0,0,0,0,0,4,2,0
467.877,1,29528064,windows,0,160,125,6,0,0,0,0,0,0,4,2,0
468.002,0,30159872,windows,0,160,125,6,0,0,0,0,0,0,4,2,0
468.129,1,29544448,windows,0,160,125,6,0,0,0,0,0,0,4,2,0
468.273,0,30175232,windows,0,160,125,6,0,0,0,0,0,0,4,2,0
468.397,1,29561856,windows,0,160,125,6,0,0,0,0,0,0,4,2,0
468.54,0,30190592,windows,0,160,125,6,0,0,0,0,0,0,4,2,0
468.66,1,29578240,windows,0,160,125,6,0,0,0,0,0,0,4,2,0
468.798,0,30204928,windows,0,160,125,6,0,0,0,0,0,0,4,2,0
468.921,1,29594624,windows,0,160,125,6,0,0,0,0,0,0,4,2,0
469.068,0,30220288,windows,0,160,125,6,0,0,0,0,0,0,4,2,0
469.172,1,29609984,windows,0,160,125,6,0,0,0,0,0,0,4,2,0
469.319,0,30234624,windows,0,160,125,6,0,0,0,0,0,0,4,2,0
469.43,1,29626368,repair,0,160,125,6,0,0,0,0,0,0,4,2,0
469.576,0,30248960,repair,0,160,125,6,0,0,0,0,0,0,4,2,0
469.684,1,29643776,repair,0,160,125,6,0,0,0,0,0,0,4,2,0
469.841,0,30265344,windows,0,160,125,6,0,0,0,0,0,0,4,2,0
469.946,1,29662208,windows,0,160,125,6,0,0,0,0,0,0,4,2,0
470.101,0,30280704,windows,0,160,125,6,0,0,0,0,0,0,4,2,0
470.2,1,29679616,windows,0,160,125,6,0,0,0,0,0,0,4,2,0
470.359,0,30296064,windows,0,160,125,6,0,0,0,0,0,0,4,2,0
470.451,1,29696000,windows,0,160,125,6,0,0,0,0,0,0,4,2,0
470.609,0,30310400,windows,0,160,125,6,0,0,0,0,0,0,4,2,0
470.719,1,29711360,windows,0,160,125,6,0,0,0,0,0,0,4,2,0
470.866,0,30324736,windows,0,160,125,6,0,0,0,0,0,0,4,2,0
470.975,1,29725696,windows,0,160,125,6,0,0,0,0,0,0,4,2,0
471.117,0,30339072,windows,0,160,125,6,0,0,0,0,0,0,4,2,0
471.237,1,29740032,windows,0,160,125,6,0,0,0,0,0,0,4,2,0
471.369,0,30352384,windows,0,160,125,6,0,0,0,0,0,0,4,2,0
471.498,1,29755392,windows,0,160,125,6,0,0,0,0,0,0,4,2,0
471.621,0,30365696,windows,0,160,125,6,0,0,0,0,0,0,4,2,0
471.753,1,29770752,windows,0,160,125,6,0,0,0,0,0,0,4,2,0
471.889,0,30381056,windows,0,160,125,6,0,0,0,0,0,0,4,2,0
472.011,1,29787136,windows,0,160,125,6,0,0,0,0,0,0,4,2,0
472.15,0,30395392,windows,0,160,125,6,0,0,0,0,0,0,4,2,0
472.266,1,29803520,windows,0,160,125,6,0,0,0,0,0,0,4,2,0
472.407,0,30409728,windows,0,160,125,6,0,0,0,0,0,0,4,2,0
472.519,1,29821952,windows,0,160,125,6,0,0,0,0,0,0,4,2,0
472.675,0,30423040,windows,0,160,125,6,0,0,0,0,0,0,4,2,0
472.779,1,29840384,windows,0,160,125,6,0,0,0,0,0,0,4,2,0
472.926,0,30437376,windows,0,160,125,6,0,0,0,0,0,0,4,2,0
473.041,1,29858816,windows,0,160,125,6,0,0,0,0,0,0,4,2,0
473.191,0,30452736,windows,0,160,125,6,0,0,0,0,0,0,4,2,0
473.304,1,29878272,windows,0,160,125,6,0,0,0,0,0,0,4,2,0
473.449,0,30467072,windows,0,160,125,6,0,0,0,0,0,0,4,2,0
473.569,1,29897728,windows,0,160,125,6,0,0,0,0,0,0,4,2,0
473.71,0,30481408,windows,0,160,125,6,0,0,0,0,0,0,4,2,0
473.821,1,29915136,windows,0,160,125,6,0,0,0,0,0,0,4,2,0
473.969,0,30495744,windows,0,160,125,6,0,0,0,0,0,0,4,2,0
474.085,1,29933568,windows,0,160,125,6,0,0,0,0,0,0,4,2,0
474.222,0,30510080,windows,0,160,125,6,0,0,0,0,0,0,4,2,0
474.34,1,29949952,repair,712,2.64987e+08,2.64962e+08,7120,54,137,142,256,123,0,4000,2941,179
474.472,0,30524416,windows,0,160,125,6,0,0,0,0,0,0,4,2,0
474.596,1,29971456,repair,557,2.82057e+08,2.81995e+08,7363,32,121,87,210,107,0,4109,3077,177
474.738,0,30538752,repair,0,160,125,6,0,0,0,0,0,0,4,2,0
474.857,1,29991936,repair,448,2.54775e+08,2.5475e+08,7113,38,96,85,155,74,0,4063,2891,159
475,0,30554112,repair,0,160,125,6,0,0,0,0,0,0,4,2,0
475.115,1,30012416,repair,354,2.18654e+08,2.18577e+08,6655,13,77,61,133,70,0,3840,2657,158
475.251,0,30569472,windows,0,160,125,6,0,0,0,0,0,0,4,2,0
475.368,1,30032896,repair,278,2.01368e+08,2.01345e+08,6394,10,47,50,109,62,0,3696,2555,143
475.509,0,30584832,windows,0,160,125,6,0,0,0,0,0,0,4,2,0
475.624,1,30054400,repair,219,1.76022e+08,1.75973e+08,6110,10,38,23,96,52,0,3691,2304,115
475.763,0,30599168,windows,0,160,125,6,0,0,0,0,0,0,4,2,0
475.882,1,30074880,repair,156,1.60817e+08,1.60799e+08,5907,10,24,23,67,32,0,3609,2175,123
476.025,0,30613504,windows,0,160,125,6,0,0,0,0,0,0,4,2,0
476.142,1,30093312,repair,116,1.46803e+08,1.46745e+08,5640,4,21,13,49,29,0,3451,2080,109
476.285,0,30627840,windows,0,160,125,6,0,0,0,0,0,0,4,2,0
476.396,1,30113792,repair,80,1.38103e+08,1.38063e+08,5486,5,7,13,38,17,0,3412,1994,80
476.536,0,30642176,windows,0,160,125,6,0,0,0,0,0,0,4,2,0
476.648,1,30134272,repair,51,1.15996e+08,1.15944e+08,5063,5,6,9,21,10,0,3171,1809,83
476.794,0,30656512,windows,0,160,125,6,0,0,0,0,0,0,4,2,0
476.899,1,30153728,repair,26,1.12956e+08,1.12918e+08,4993,1,3,1,13,8,0,3134,1784,75
477.048,0,30669824,windows,0,160,125,6,0,0,0,0,0,0,4,2,0
477.158,1,30174208,repair,11,1.00564e+08,1.00562e+08,4739,0,2,0,8,1,0,2998,1665,76
477.315,0,30684160,windows,0,160,125,6,0,0,0,0,0,0,4,2,0
477.415,1,30194688,repair,1,8.67003e+07,8.66839e+07,4420,0,1,0,0,0,0,2802,1537,81
477.576,0,30698496,windows,0,160,125,6,0,0,0,0,0,0,4,2,0
477.666,1,30213120,repair,1,8.67003e+07,8.66839e+07,4420,0,1,0,0,0,0,2802,1537,81
477.832,0,30712832,windows,0,160,125,6,0,0,0,0,0,0,4,2,0
477.922,1,30234624,repair,0,6.31697e+07,6.31456e+07,3870,0,0,0,0,0,0,2611,1204,55
478.087,0,30727168,windows,0,160,125,6,0,0,0,0,0,0,4,2,0
478.175,1,30252032,windows,0,4.29521e+07,4.29506e+07,3152,0,0,0,0,0,0,2059,1041,52
478.352,0,30742528,windows,0,160,125,6,0,0,0,0,0,0,4,2,0
478.433,1,30268416,windows,0,3.55867e+07,3.55867e+07,2893,0,0,0,0,0,0,1912,928,53
478.604,0,30756864,windows,0,160,125,6,0,0,0,0,0,0,4,2,0
478.701,1,30284800,windows,0,2.85124e+07,2.85111e+07,2579,0,0,0,0,0,0,1702,836,41
478.872,0,30771200,windows,0,160,125,6,0,0,0,0,0,0,4,2,0
478.966,1,30300160,windows,0,2.3738e+07,2.37371e+07,2364,0,0,0,0,0,0,1588,745,31
479.123,0,30784512,windows,0,160,125,6,0,0,0,0,0,0,4,2,0
479.229,1,30315520,windows,0,2.02355e+07,2.02211e+07,2193,0,0,0,0,0,0,1488,676,29
479.377,0,30798848,windows,0,160,125,6,0,0,0,0,0,0,4,2,0
479.491,1,30331904,windows,0,1.71377e+07,1.71306e+07,2036,0,0,0,0,0,0,1424,591,21
479.632,0,30813184,windows,0,160,125,6,0,0,0,0,0,0,4,2,0
479.743,1,30347264,windows,0,1.4268e+07,1.4257e+07,1852,0,0,0,0,0,0,1281,550,21
479.883,0,30827520,windows,0,160,125,6,0,0,0,0,0,0,4,2,0
480.007,1,30362624,windows,0,1.1501e+07,1.1501e+07,1639,0,0,0,0,0,0,1111,516,12
480.133,0,30841856,windows,0,160,125,6,0,0,0,0,0,0,4,2,0
480.263,1,30377984,windows,0,9.87198e+06,9.87198e+06,1543,0,0,0,0,0,0,1087,445,11
480.394,0,30856192,windows,0,160,125,6,0,0,0,0,0,0,4,2,0
480.514,1,30394368,windows,0,8.30981e+06,8.30943e+06,1424,0,0,0,0,0,0,1012,399,13
480.645,0,30870528,windows,0,160,125,6,0,0,0,0,0,0,4,2,0
480.777,1,30409728,windows,0,7.15247e+06,7.15247e+06,1314,0,0,0,0,0,0,918,383,13
480.895,0,30881792,repair,839,2.45978e+08,2.45916e+08,6749,58,182,150,290,159,0,3731,2826,192
481.03,1,30425088,windows,0,5.68994e+06,5.68994e+06,1175,0,0,0,0,0,0,816,343,16
481.158,0,30900224,repair,657,2.7396e+08,2.7388e+08,7278,50,144,118,220,125,0,4115,2992,171
481.286,1,30439424,windows,0,4.76906e+06,4.76906e+06,1083,0,0,0,0,0,0,765,303,15
481.411,0,30916608,repair,547,2.57942e+08,2.57922e+08,7100,41,111,80,213,102,0,4044,2901,155
481.537,1,30453760,windows,0,4.01204e+06,4.01163e+06,1005,0,0,0,0,0,0,737,254,14
481.675,0,30934016,repair,454,2.49584e+08,2.49564e+08,7023,22,67,99,187,79,0,4006,2861,156
481.802,1,30469120,windows,0,3.41592e+06,3.40717e+06,923,0,0,0,0,0,0,657,250,16
481.94,0,30951424,repair,380,2.33844e+08,2.33824e+08,6872,24,81,61,127,87,0,3967,2749,156
482.063,1,30483456,windows,0,2.84782e+06,2.84486e+06,843,0,0,0,0,0,0,592,233,18
482.201,0,30968832,repair,315,1.96477e+08,1.96477e+08,6395,15,47,47,134,72,0,3788,2465,142
482.33,1,30498816,windows,0,2.2781e+06,2.27102e+06,758,0,0,0,0,0,0,547,197,14
482.452,0,30985216,repair,257,1.93136e+08,1.93086e+08,6304,9,41,42,97,68,0,3697,2476,131
482.588,1,30512128,windows,0,1.92318e+06,1.92285e+06,693,0,0,0,0,0,0,497,185,11
482.707,0,31001600,repair,189,1.9639e+08,1.96372e+08,6233,10,26,39,75,39,0,3545,2572,116
482.851,1,30527488,windows,0,1.59806e+06,1.59806e+06,632,0,0,0,0,0,0,454,168,10
482.961,0,31017984,repair,164,1.51509e+08,1.51509e+08,5700,11,26,23,59,45,0,3478,2122,100
483.108,1,30542848,windows,0,1.38346e+06,1.3804e+06,591,0,0,0,0,0,0,427,153,11
483.218,0,31034368,repair,125,1.47933e+08,1.47871e+08,5658,5,33,23,48,16,0,3454,2092,112
483.361,1,30557184,windows,0,1.10636e+06,1.10603e+06,518,0,0,0,0,0,0,351,156,11
483.472,0,31049728,repair,89,1.50527e+08,1.50506e+08,5720,6,7,20,41,15,0,3534,2093,93
483.616,1,30572544,windows,0,908255,903744,481,0,0,0,0,0,0,347,123,11
483.737,0,31066112,repair,59,1.38559e+08,1.38518e+08,5472,2,15,12,18,12,0,3374,2017,81
483.874,1,30588928,windows,0,737435,735679,428,0,0,0,0,0,0,299,120,9
483.994,0,31083520,repair,40,1.21212e+08,1.21159e+08,5161,4,7,5,15,9,0,3223,1858,80
484.126,1,30605312,windows,0,612685,612392,397,0,0,0,0,0,0,289,98,10
484.252,0,31099904,repair,22,1.11731e+08,1.11693e+08,4937,2,7,1,6,6,0,3075,1793,69
484.383,1,30622720,windows,0,492835,491631,350,0,0,0,0,0,0,241,100,9
484.516,0,31117312,repair,11,9.8463e+07,9.8463e+07,4691,1,3,1,5,1,0,2970,1646,75
484.647,1,30640128,windows,0,369230,367595,305,0,0,0,0,0,0,216,82,7
484.771,0,31133696,repair,2,9.15907e+07,9.15884e+07,4578,0,1,1,0,0,0,2953,1546,79
484.909,1,30657536,windows,0,306765,305761,279,0,0,0,0,0,0,201,72,6
485.022,0,31150080,windows,0,7.33336e+07,7.32913e+07,4142,0,0,0,0,0,0,2747,1332,63
485.17,1,30673920,windows,0,261985,259726,258,0,0,0,0,0,0,185,67,6
485.274,0,31164416,windows,0,6.06903e+07,6.06535e+07,3769,0,0,0,0,0,0,2477,1222,70
485.422,1,30690304,windows,0,218620,218620,237,0,0,0,0,0,0,172,59,6
485.538,0,31179776,windows,0,4.94604e+07,4.94254e+07,3399,0,0,0,0,0,0,2235,1104,60
485.69,1,30706688,windows,0,143170,142561,187,0,0,0,0,0,0,122,58,7
485.797,0,31194112,windows,0,4.13605e+07,4.13589e+07,3133,0,0,0,0,0,0,2099,981,53
485.951,1,30723072,windows,0,119705,119705,176,0,0,0,0,0,0,125,45,6
486.06,0,31208448,windows,0,3.33585e+07,3.33572e+07,2819,0,0,0,0,0,0,1908,869,42
486.208,1,30738432,windows,0,105340,104485,165,0,0,0,0,0,0,116,43,6
486.318,0,31221760,windows,0,2.88088e+07,2.87827e+07,2625,0,0,0,0,0,0,1785,801,39
486.463,1,30753792,windows,0,93605,93071.2,155,0,0,0,0,0,0,107,42,6
486.582,0,31236096,windows,0,2.47412e+07,2.47402e+07,2416,0,0,0,0,0,0,1624,759,33
486.717,1,30769152,windows,0,65605,65151.2,131,0,0,0,0,0,0,91,34,6
486.837,0,31250432,windows,0,2.10849e+07,2.10772e+07,2252,0,0,0,0,0,0,1551,672,29
486.979,1,30785536,windows,0,51885,51481.2,117,0,0,0,0,0,0,81,30,6
487.103,0,31264768,windows,0,1.79673e+07,1.79673e+07,2068,0,0,0,0,0,0,1398,639,31
487.247,1,30800896,windows,0,45640,44706.2,110,0,0,0,0,0,0,76,28,6
487.359,0,31277056,windows,0,1.54076e+07,1.54076e+07,1919,0,0,0,0,0,0,1307,585,27
487.512,1,30816256,windows,0,39805,39451.2,103,0,0,0,0,0,0,71,26,6
487.613,0,31290368,windows,0,1.31173e+07,1.31066e+07,1781,0,0,0,0,0,0,1219,532,30
487.765,1,30831616,windows,0,36140,36140,97,0,0,0,0,0,0,64,27,6
487.87,0,31303680,windows,0,1.13519e+07,1.13453e+07,1668,0,0,0,0,0,0,1161,479,28
488.02,1,30846976,windows,0,28280,28280,86,0,0,0,0,0,0,56,24,6
488.127,0,31316992,windows,0,9.8624e+06,9.8624e+06,1554,0,0,0,0,0,0,1076,450,28
488.28,1,30863360,windows,0,22930,22930,77,0,0,0,0,0,0,50,22,5
488.382,0,31330304,windows,0,8.54266e+06,8.54179e+06,1443,0,0,0,0,0,0,987,427,29
488.541,1,30880768,windows,0,21490,21490,76,0,0,0,0,0,0,52,19,5
488.641,0,31343616,windows,0,7.02734e+06,7.01881e+06,1308,0,0,0,0,0,0,894,388,26
488.799,1,30897152,windows,0,19975,19600,73,0,0,0,0,0,0,49,19,5
488.904,0,31357952,windows,0,5.91808e+06,5.91808e+06,1211,0,0,0,0,0,0,842,343,26
489.059,1,30914560,windows,0,17215,17215,67,0,0,0,0,0,0,43,19,5
489.17,0,31372288,windows,0,5.09597e+06,5.09138e+06,1123,0,0,0,0,0,0,782,318,23
489.309,1,30928896,windows,0,15575,15575,63,0,0,0,0,0,0,39,19,5
489.427,0,31386624,windows,0,4.41517e+06,4.40509e+06,1054,0,0,0,0,0,0,748,283,23
489.563,1,30945280,windows,0,13440,13440,58,0,0,0,0,0,0,36,18,4
489.679,0,31399936,windows,0,3.69406e+06,3.68486e+06,965,0,0,0,0,0,0,687,257,21
489.818,1,30961664,windows,0,12740,12405,57,0,0,0,0,0,0,36,17,4
489.935,0,31413248,windows,0,3.07664e+06,3.07664e+06,865,0,0,0,0,0,0,593,256,16
490.072,1,30980096,windows,0,10760,10760,51,0,0,0,0,0,0,30,17,4
490.192,0,31426560,windows,0,2.61604e+06,2.60873e+06,804,0,0,0,0,0,0,567,224,13
490.324,1,30997504,windows,0,9905,9570,48,0,0,0,0,0,0,27,17,4
490.455,0,31440896,windows,0,2.26317e+06,2.25871e+06,751,0,0,0,0,0,0,534,204,13
490.583,1,31015936,windows,0,9905,9570,48,0,0,0,0,0,0,27,17,4
490.709,0,31455232,windows,0,1.94706e+06,1.94296e+06,689,0,0,0,0,0,0,469,205,15
490.843,1,31034368,windows,0,8900,8761.25,47,0,0,0,0,0,0,28,15,4
490.975,0,31469568,windows,0,1.60878e+06,1.60255e+06,629,0,0,0,0,0,0,432,183,14
491.106,1,31051776,windows,0,8360,7936.25,45,0,0,0,0,0,0,26,15,4
491.238,0,31482880,windows,0,1.3004e+06,1.29477e+06,567,0,0,0,0,0,0,389,164,14
491.36,1,31068160,windows,0,7745,7326.25,42,0,0,0,0,0,0,25,15,2
491.505,0,31497216,windows,0,1.06988e+06,1.06767e+06,521,0,0,0,0,0,0,373,136,12
491.617,1,31084544,windows,0,7265,6856.25,40,0,0,0,0,0,0,23,15,2
491.766,0,31511552,windows,0,914560,911905,477,0,0,0,0,0,0,334,133,10
491.867,1,31099904,windows,0,7265,6856.25,40,0,0,0,0,0,0,23,15,2
492.029,0,31525888,windows,0,784420,784420,443,0,0,0,0,0,0,316,119,8
492.127,1,31115264,windows,0,7040,6745,39,0,0,0,0,0,0,22,15,2
492.286,0,31539200,windows,0,664025,660396,410,0,0,0,0,0,0,291,109,10
492.382,1,31131648,windows,0,7040,6745,39,0,0,0,0,0,0,22,15,2
492.551,0,31552512,windows,0,534425,534425,368,0,0,0,0,0,0,259,99,10
492.635,1,31148032,windows,0,6825,6530,38,0,0,0,0,0,0,21,15,2
492.804,0,31566848,windows,0,435225,435225,334,0,0,0,0,0,0,237,87,10
492.904,1,31165440,windows,0,6040,6040,36,0,0,0,0,0,0,20,14,2
493.058,0,31581184,windows,0,363740,363740,309,0,0,0,0,0,0,228,71,10
493.161,1,31181824,windows,0,6040,6040,36,0,0,0,0,0,0,20,14,2
493.313,0,31595520,windows,0,317845,316330,287,0,0,0,0,0,0,199,76,12
493.42,1,31198208,windows,0,6040,6040,36,0,0,0,0,0,0,20,14,2
493.569,0,31609856,windows,0,244460,244460,248,0,0,0,0,0,0,166,72,10
493.685,1,31215616,windows,0,5320,5045,32,0,0,0,0,0,0,16,14,2
493.828,0,31624192,windows,0,189590,188539,220,0,0,0,0,0,0,146,63,11
493.948,1,31233024,windows,0,5165,4890,31,0,0,0,0,0,0,15,14,2
494.087,0,31638528,windows,0,157630,157368,201,0,0,0,0,0,0,136,56,9
494.199,1,31249408,windows,0,5165,4890,31,0,0,0,0,0,0,15,14,2
494.343,0,31652864,windows,0,128870,127692,182,0,0,0,0,0,0,126,49,7
494.456,1,31265792,windows,0,5165,4890,31,0,0,0,0,0,0,15,14,2
494.6,0,31667200,windows,0,111200,111028,169,0,0,0,0,0,0,118,45,6
494.719,1,31283200,windows,0,5165,4890,31,0,0,0,0,0,0,15,14,2
494.852,0,31681536,windows,0,89995,88666.2,152,0,0,0,0,0,0,107,40,5
494.983,1,31300608,windows,0,4880,4645,32,0,0,0,0,0,0,20,12,0
495.111,0,31695872,windows,0,66605,66432.5,131,0,0,0,0,0,0,89,36,6
495.237,1,31318016,windows,0,4255,3946.25,31,0,0,0,0,0,0,19,11,1
495.376,0,31711232,windows,0,57420,56532.5,120,0,0,0,0,0,0,78,36,6
495.493,1,31335424,windows,0,4040,3865,31,0,0,0,0,0,0,22,9,0
495.642,0,31726592,windows,0,54620,53772.5,118,0,0,0,0,0,0,78,34,6
495.753,1,31352832,windows,0,3240,3065,27,0,0,0,0,0,0,18,9,0
495.905,0,31740928,windows,0,48370,47203.8,109,0,0,0,0,0,0,70,34,5
496.009,1,31370240,windows,0,3065,2890,26,0,0,0,0,0,0,17,9,0
496.156,0,31754240,windows,0,39515,38960,98,0,0,0,0,0,0,69,28,1
496.268,1,31387648,windows,0,3065,2890,26,0,0,0,0,0,0,17,9,0
496.427,0,31768576,windows,0,33665,33665,92,0,0,0,0,0,0,61,27,4
496.527,1,31406080,windows,0,2405,2250,23,0,0,0,0,0,0,15,8,0
496.685,0,31779840,windows,0,31285,31285,87,0,0,0,0,0,0,55,28,4
496.784,1,31424512,windows,0,2405,2250,23,0,0,0,0,0,0,15,8,0
496.948,0,31794176,windows,0,29105,28570,84,0,0,0,0,0,0,53,27,4
497.044,1,31442944,windows,0,2260,2105,22,0,0,0,0,0,0,14,8,0
497.211,0,31809536,windows,0,26305,25626.2,84,0,0,0,0,0,0,61,19,4
497.301,1,31460352,windows,0,2260,2105,22,0,0,0,0,0,0,14,8,0
497.463,0,31822848,windows,0,24725,24330,81,0,0,0,0,0,0,57,20,4
497.562,1,31478784,windows,0,1960,1960,21,0,0,0,0,0,0,14,7,0
497.721,0,31837184,windows,0,17515,17301.2,66,0,0,0,0,0,0,43,20,3
497.818,1,31497216,windows,0,1960,1960,21,0,0,0,0,0,0,14,7,0
497.971,0,31851520,windows,0,15995,15781.2,64,0,0,0,0,0,0,43,18,3
498.069,1,31516672,windows,0,1960,1960,21,0,0,0,0,0,0,14,7,0
498.243,0,31866880,windows,0,15995,15781.2,64,0,0,0,0,0,0,43,18,3
498.321,1,31536128,windows,0,1960,1960,21,0,0,0,0,0,0,14,7,0
498.503,0,31882240,windows,0,13970,13615,59,0,0,0,0,0,0,38,18,3
498.573,1,31555584,windows,0,1825,1825,20,0,0,0,0,0,0,13,7,0
498.758,0,31897600,windows,0,13390,13390,59,0,0,0,0,0,0,40,16,3
498.829,1,31574016,windows,0,1825,1825,20,0,0,0,0,0,0,13,7,0
499.017,0,31912960,windows,0,12610,12421.2,57,0,0,0,0,0,0,38,16,3
499.091,1,31591424,windows,0,1825,1825,20,0,0,0,0,0,0,13,7,0
499.278,0,31927296,windows,0,11795,11795,56,0,0,0,0,0,0,39,14,3
499.351,1,31608832,windows,0,1825,1825,20,0,0,0,0,0,0,13,7,0
499.536,0,31943680,windows,0,10225,10041.2,50,0,0,0,0,0,0,37,13,0
499.606,1,31627264,windows,0,1825,1825,20,0,0,0,0,0,0,13,7,0
499.793,0,31962112,windows,0,9700,9256.25,48,0,0,0,0,0,0,34,14,0
499.865,1,31645696,windows,0,160,125,6,0,0,0,0,0,0,4,2,0
500.054,0,31979520,windows,0,8420,8145,44,0,0,0,0,0,0,30,14,0
500.119,1,31663104,windows,0,160,125,6,0,0,0,0,0,0,4,2,0
500.316,0,31997952,windows,0,7300,7300,41,0,0,0,0,0,0,28,13,0
500.369,1,31682560,windows,0,160,125,6,0,0,0,0,0,0,4,2,0
500.575,0,32017408,windows,0,6525,6290,39,0,0,0,0,0,0,27,12,0
500.627,1,31703040,windows,0,160,125,6,0,0,0,0,0,0,4,2,0
500.832,0,32036864,windows,0,6005,5770,37,0,0,0,0,0,0,25,12,0
500.886,1,31720448,windows,0,160,125,6,0,0,0,0,0,0,4,2,0
501.093,0,32054272,windows,0,5300,5300,35,0,0,0,0,0,0,24,11,0
501.15,1,31737856,windows,0,160,125,6,0,0,0,0,0,0,4,2,0
501.358,0,32071680,windows,0,5300,5300,35,0,0,0,0,0,0,24,11,0
501.401,1,31750144,windows,0,160,125,6,0,0,0,0,0,0,4,2,0
501.609,0,32086016,windows,0,5065,5065,34,0,0,0,0,0,0,23,11,0
501.657,1,31766528,windows,0,160,125,6,0,0,0,0,0,0,4,2,0
501.875,0,32101376,windows,0,5065,5065,34,0,0,0,0,0,0,23,11,0
501.914,1,31782912,windows,0,160,125,6,0,0,0,0,0,0,4,2,0
502.133,0,32116736,windows,0,4645,4645,33,0,0,0,0,0,0,23,10,0
502.173,1,31802368,windows,0,160,125,6,0,0,0,0,0,0,4,2,0
502.39,0,32132096,windows,0,4645,4645,33,0,0,0,0,0,0,23,10,0
502.436,1,31821824,windows,0,160,125,6,0,0,0,0,0,0,4,2,0
502.651,0,32147456,windows,0,4205,4010,31,0,0,0,0,0,0,21,10,0
502.7,1,31840256,windows,0,160,125,6,0,0,0,0,0,0,4,2,0
502.901,0,32161792,windows,0,4205,4010,31,0,0,0,0,0,0,21,10,0
502.961,1,31856640,windows,0,160,125,6,0,0,0,0,0,0,4,2,0
503.167,0,32177152,windows,0,4000,3805,30,0,0,0,0,0,0,20,10,0
503.218,1,31874048,windows,0,160,125,6,0,0,0,0,0,0,4,2,0
503.42,0,32192512,windows,0,4000,3805,30,0,0,0,0,0,0,20,10,0
503.472,1,31890432,windows,0,160,125,6,0,0,0,0,0,0,4,2,0
503.684,0,32207872,windows,0,3400,3265,29,0,0,0,0,0,0,22,7,0
503.725,1,31906816,windows,0,160,125,6,0,0,0,0,0,0,4,2,0
503.939,0,32223232,windows,0,3400,3265,29,0,0,0,0,0,0,22,7,0
503.983,1,31924224,windows,0,160,125,6,0,0,0,0,0,0,4,2,0
504.202,0,32238592,windows,0,3280,3125,28,0,0,0,0,0,0,20,8,0
504.24,1,31941632,windows,0,160,125,6,0,0,0,0,0,0,4,2,0
504.467,0,32253952,windows,0,3280,3125,28,0,0,0,0,0,0,20,8,0
504.496,1,31960064,windows,0,160,125,6,0,0,0,0,0,0,4,2,0
504.734,0,32269312,windows,0,2980,2845,27,0,0,0,0,0,0,20,7,0
504.749,1,31979520,windows,0,160,125,6,0,0,0,0,0,0,4,2,0
504.986,0,32284672,windows,0,2980,2845,27,0,0,0,0,0,0,20,7,0
505.012,1,31998976,windows,0,160,125,6,0,0,0,0,0,0,4,2,0
505.242,0,32300032,windows,0,2980,2845,27,0,0,0,0,0,0,20,7,0
505.276,1,32018432,windows,0,125,90,5,0,0,0,0,0,0,3,2,0
505.503,0,32316416,windows,0,2980,2845,27,0,0,0,0,0,0,20,7,0
505.53,1,32037888,windows,0,125,90,5,0,0,0,0,0,0,3,2,0
505.753,0,32330752,windows,0,2980,2845,27,0,0,0,0,0,0,20,7,0
505.786,1,32056320,windows,0,125,90,5,0,0,0,0,0,0,3,2,0
506.005,0,32346112,windows,0,125,90,5,0,0,0,0,0,0,3,2,0
506.04,1,32073728,windows,0,125,90,5,0,0,0,0,0,0,3,2,0
506.264,0,32363520,windows,0,125,90,5,0,0,0,0,0,0,3,2,0
506.29,1,32090112,windows,0,125,90,5,0,0,0,0,0,0,3,2,0
506.524,0,32380928,windows,0,125,90,5,0,0,0,0,0,0,3,2,0
506.552,1,32108544,windows,0,125,90,5,0,0,0,0,0,0,3,2,0
506.787,0,32398336,windows,0,125,90,5,0,0,0,0,0,0,3,2,0
506.812,1,32126976,windows,0,125,90,5,0,0,0,0,0,0,3,2,0
507.05,0,32415744,windows,0,125,90,5,0,0,0,0,0,0,3,2,0
507.075,1,32144384,windows,0,125,90,5,0,0,0,0,0,0,3,2,0
507.301,0,32432128,windows,0,125,90,5,0,0,0,0,0,0,3,2,0
507.331,1,32160768,windows,0,125,90,5,0,0,0,0,0,0,3,2,0
507.559,0,32449536,windows,0,125,90,5,0,0,0,0,0,0,3,2,0
507.596,1,32178176,windows,0,125,90,5,0,0,0,0,0,0,3,2,0
507.817,0,32465920,windows,0,125,90,5,0,0,0,0,0,0,3,2,0
507.85,1,32194560,windows,0,125,90,5,0,0,0,0,0,0,3,2,0
508.078,0,32483328,windows,0,125,90,5,0,0,0,0,0,0,3,2,0
508.11,1,32211968,windows,0,125,90,5,0,0,0,0,0,0,3,2,0
508.343,0,32500736,windows,0,125,90,5,0,0,0,0,0,0,3,2,0
508.364,1,32228352,windows,0,125,90,5,0,0,0,0,0,0,3,2,0
508.605,0,32518144,windows,0,125,90,5,0,0,0,0,0,0,3,2,0
508.625,1,32246784,windows,0,125,90,5,0,0,0,0,0,0,3,2,0
508.863,0,32535552,windows,0,125,90,5,0,0,0,0,0,0,3,2,0
508.888,1,32264192,windows,0,125,90,5,0,0,0,0,0,0,3,2,0
509.129,0,32551936,windows,0,125,90,5,0,0,0,0,0,0,3,2,0
509.146,1,32280576,windows,0,125,90,5,0,0,0,0,0,0,3,2,0
509.395,0,32568320,windows,0,125,90,5,0,0,0,0,0,0,3,2,0
509.396,1,32295936,windows,0,125,90,5,0,0,0,0,0,0,3,2,0
509.648,1,32312320,windows,0,125,90,5,0,0,0,0,0,0,3,2,0
509.65,0,32583680,windows,0,125,90,5,0,0,0,0,0,0,3,2,0
509.907,0,32598016,windows,0,125,90,5,0,0,0,0,0,0,3,2,0
509.908,1,32327680,windows,0,125,90,5,0,0,0,0,0,0,3,2,0
510.161,0,32613376,windows,0,125,90,5,0,0,0,0,0,0,3,2,0
510.164,1,32344064,windows,0,125,90,5,0,0,0,0,0,0,3,2,0
510.418,1,32359424,windows,0,125,90,5,0,0,0,0,0,0,3,2,0
510.428,0,32628736,windows,0,125,90,5,0,0,0,0,0,0,3,2,0
510.672,1,32375808,windows,0,125,90,5,0,0,0,0,0,0,3,2,0
510.693,0,32643072,windows,0,125,90,5,0,0,0,0,0,0,3,2,0
510.931,1,32391168,windows,0,125,90,5,0,0,0,0,0,0,3,2,0
510.962,0,32657408,windows,0,125,90,5,0,0,0,0,0,0,3,2,0
511.181,1,32407552,windows,0,125,90,5,0,0,0,0,0,0,3,2,0
511.231,0,32671744,windows,0,125,90,5,0,0,0,0,0,0,3,2,0
511.445,1,32425984,windows,0,125,90,5,0,0,0,0,0,0,3,2,0
511.49,0,32687104,windows,0,125,90,5,0,0,0,0,0,0,3,2,0
511.696,1,32443392,windows,0,125,90,5,0,0,0,0,0,0,3,2,0
511.74,0,32701440,windows,0,125,90,5,0,0,0,0,0,0,3,2,0
511.959,1,32460800,windows,0,125,90,5,0,0,0,0,0,0,3,2,0
511.996,0,32716800,windows,0,125,90,5,0,0,0,0,0,0,3,2,0
512.22,1,32477184,windows,0,125,90,5,0,0,0,0,0,0,3,2,0
512.259,0,32733184,windows,0,125,90,5,0,0,0,0,0,0,3,2,0
512.477,1,32494592,windows,0,125,90,5,0,0,0,0,0,0,3,2,0
512.524,0,32750592,windows,0,125,90,5,0,0,0,0,0,0,3,2,0
512.733,1,32510976,windows,0,125,90,5,0,0,0,0,0,0,3,2,0
512.782,0,32766976,windows,0,125,90,5,0,0,0,0,0,0,3,2,0
512.983,1,32528384,windows,0,125,90,5,0,0,0,0,0,0,3,2,0
513.032,0,32783360,windows,0,125,90,5,0,0,0,0,0,0,3,2,0
513.239,1,32545792,windows,0,125,90,5,0,0,0,0,0,0,3,2,0
513.286,0,32799744,windows,0,125,90,5,0,0,0,0,0,0,3,2,0
513.501,1,32564224,windows,0,125,90,5,0,0,0,0,0,0,3,2,0
513.539,0,32817152,windows,0,125,90,5,0,0,0,0,0,0,3,2,0
513.757,1,32580608,windows,0,125,90,5,0,0,0,0,0,0,3,2,0
513.791,0,32833536,windows,0,125,90,5,0,0,0,0,0,0,3,2,0
514.013,1,32599040,windows,0,125,90,5,0,0,0,0,0,0,3,2,0
514.054,0,32850944,windows,0,125,90,5,0,0,0,0,0,0,3,2,0
514.266,1,32618496,windows,0,125,90,5,0,0,0,0,0,0,3,2,0
514.309,0,32869376,windows,0,125,90,5,0,0,0,0,0,0,3,2,0
514.528,1,32638976,windows,0,125,90,5,0,0,0,0,0,0,3,2,0
514.563,0,32887808,windows,0,125,90,5,0,0,0,0,0,0,3,2,0
514.786,1,32658432,windows,0,125,90,5,0,0,0,0,0,0,3,2,0
514.821,0,32906240,windows,0,125,90,5,0,0,0,0,0,0,3,2,0
515.04,1,32676864,windows,0,125,90,5,0,0,0,0,0,0,3,2,0
515.077,0,32924672,windows,0,125,90,5,0,0,0,0,0,0,3,2,0
515.297,1,32695296,windows,0,125,90,5,0,0,0,0,0,0,3,2,0
515.332,0,32943104,windows,0,125,90,5,0,0,0,0,0,0,3,2,0
515.553,1,32714752,windows,0,125,90,5,0,0,0,0,0,0,3,2,0
515.59,0,32961536,repair,0,125,90,5,0,0,0,0,0,0,3,2,0
515.804,1,32732160,windows,0,125,90,5,0,0,0,0,0,0,3,2,0
515.847,0,32978944,repair,0,125,90,5,0,0,0,0,0,0,3,2,0
516.068,1,32750592,windows,0,125,90,5,0,0,0,0,0,0,3,2,0
516.105,0,32996352,windows,0,125,90,5,0,0,0,0,0,0,3,2,0
516.326,1,32766976,windows,0,125,90,5,0,0,0,0,0,0,3,2,0
516.362,0,33013760,windows,0,125,90,5,0,0,0,0,0,0,3,2,0
516.589,1,32785408,windows,0,125,90,5,0,0,0,0,0,0,3,2,0
516.619,0,33031168,windows,0,125,90,5,0,0,0,0,0,0,3,2,0
516.846,1,32802816,windows,0,125,90,5,0,0,0,0,0,0,3,2,0
516.87,0,33048576,windows,0,125,90,5,0,0,0,0,0,0,3,2,0
517.111,1,32821248,windows,0,125,90,5,0,0,0,0,0,0,3,2,0
517.124,0,33067008,windows,0,125,90,5,0,0,0,0,0,0,3,2,0
517.371,1,32839680,windows,0,125,90,5,0,0,0,0,0,0,3,2,0
517.379,0,33085440,windows,0,125,90,5,0,0,0,0,0,0,3,2,0
517.637,0,33103872,windows,0,125,90,5,0,0,0,0,0,0,3,2,0
517.643,1,32859136,windows,0,125,90,5,0,0,0,0,0,0,3,2,0
517.89,0,33122304,windows,0,125,90,5,0,0,0,0,0,0,3,2,0
517.896,1,32877568,windows,0,125,90,5,0,0,0,0,0,0,3,2,0
518.159,1,32893952,windows,0,125,90,5,0,0,0,0,0,0,3,2,0
518.16,0,33139712,windows,0,125,90,5,0,0,0,0,0,0,3,2,0
518.411,1,32908288,windows,0,125,90,5,0,0,0,0,0,0,3,2,0
518.423,0,33156096,windows,0,125,90,5,0,0,0,0,0,0,3,2,0
518.68,1,32923648,windows,0,125,90,5,0,0,0,0,0,0,3,2,0
518.683,0,33172480,windows,0,125,90,5,0,0,0,0,0,0,3,2,0
518.939,0,33188864,windows,0,125,90,5,0,0,0,0,0,0,3,2,0
518.943,1,32937984,windows,0,125,90,5,0,0,0,0,0,0,3,2,0
519.197,1,32953344,windows,0,125,90,5,0,0,0,0,0,0,3,2,0
519.197,0,33205248,windows,0,125,90,5,0,0,0,0,0,0,3,2,0
519.447,1,32969728,windows,0,125,90,5,0,0,0,0,0,0,3,2,0
519.462,0,33221632,windows,0,125,90,5,0,0,0,0,0,0,3,2,0
519.706,1,32987136,windows,0,125,90,5,0,0,0,0,0,0,3,2,0
519.726,0,33239040,windows,0,125,90,5,0,0,0,0,0,0,3,2,0
519.966,1,33004544,windows,0,125,90,5,0,0,0,0,0,0,3,2,0
519.977,0,33256448,windows,0,125,90,5,0,0,0,0,0,0,3,2,0
520.224,1,33021952,windows,0,125,90,5,0,0,0,0,0,0,3,2,0
520.232,0,33273856,windows,0,125,90,5,0,0,0,0,0,0,3,2,0
520.483,1,33039360,windows,0,125,90,5,0,0,0,0,0,0,3,2,0
520.495,0,33292288,windows,0,125,90,5,0,0,0,0,0,0,3,2,0
520.746,0,33308672,windows,0,125,90,5,0,0,0,0,0,0,3,2,0
520.747,1,33055744,repair,0,125,90,5,0,0,0,0,0,0,3,2,0
521.004,1,33072128,repair,0,125,90,5,0,0,0,0,0,0,3,2,0
521.008,0,33327104,windows,0,125,90,5,0,0,0,0,0,0,3,2,0
521.266,1,33088512,repair,0,125,90,5,0,0,0,0,0,0,3,2,0
521.272,0,33343488,repair,0,125,90,5,0,0,0,0,0,0,3,2,0
521.526,1,33104896,windows,0,125,90,5,0,0,0,0,0,0,3,2,0
521.531,0,33358848,repair,0,125,90,5,0,0,0,0,0,0,3,2,0
521.777,1,33119232,windows,0,125,90,5,0,0,0,0,0,0,3,2,0
521.799,0,33374208,windows,0,125,90,5,0,0,0,0,0,0,3,2,0
522.029,1,33133568,windows,0,125,90,5,0,0,0,0,0,0,3,2,0
522.05,0,33388544,windows,0,125,90,5,0,0,0,0,0,0,3,2,0
522.291,1,33147904,windows,0,125,90,5,0,0,0,0,0,0,3,2,0
522.313,0,33402880,windows,0,125,90,5,0,0,0,0,0,0,3,2,0
522.554,1,33163264,windows,0,125,90,5,0,0,0,0,0,0,3,2,0
522.567,0,33419264,windows,0,125,90,5,0,0,0,0,0,0,3,2,0
522.815,1,33179648,windows,0,125,90,5,0,0,0,0,0,0,3,2,0
522.831,0,33436672,windows,0,125,90,5,0,0,0,0,0,0,3,2,0
523.075,1,33197056,windows,0,125,90,5,0,0,0,0,0,0,3,2,0
523.087,0,33454080,windows,0,125,90,5,0,0,0,0,0,0,3,2,0
523.327,1,33215488,windows,0,125,90,5,0,0,0,0,0,0,3,2,0
523.341,0,33471488,windows,0,125,90,5,0,0,0,0,0,0,3,2,0
523.577,1,33232896,windows,0,125,90,5,0,0,0,0,0,0,3,2,0
523.594,0,33489920,repair,0,125,90,5,0,0,0,0,0,0,3,2,0
523.83,1,33250304,windows,0,125,90,5,0,0,0,0,0,0,3,2,0
523.848,0,33509376,windows,0,125,90,5,0,0,0,0,0,0,3,2,0
524.086,1,33267712,windows,0,125,90,5,0,0,0,0,0,0,3,2,0
524.105,0,33527808,windows,0,125,90,5,0,0,0,0,0,0,3,2,0
524.347,1,33285120,windows,0,125,90,5,0,0,0,0,0,0,3,2,0
524.361,0,33545216,windows,0,125,90,5,0,0,0,0,0,0,3,2,0
524.604,1,33302528,windows,0,125,90,5,0,0,0,0,0,0,3,2,0
524.613,0,33563648,windows,0,125,90,5,0,0,0,0,0,0,3,2,0
524.862,1,33319936,windows,0,125,90,5,0,0,0,0,0,0,3,2,0
524.875,0,33581056,windows,0,125,90,5,0,0,0,0,0,0,3,2,0
525.118,1,33336320,windows,0,125,90,5,0,0,0,0,0,0,3,2,0
525.127,0,33596416,windows,0,125,90,5,0,0,0,0,0,0,3,2,0
525.371,1,33352704,windows,0,125,90,5,0,0,0,0,0,0,3,2,0
525.391,0,33612800,windows,0,125,90,5,0,0,0,0,0,0,3,2,0
525.628,1,33370112,windows,0,125,90,5,0,0,0,0,0,0,3,2,0
525.65,0,33630208,windows,0,125,90,5,0,0,0,0,0,0,3,2,0
525.88,1,33386496,windows,0,125,90,5,0,0,0,0,0,0,3,2,0
525.915,0,33646592,windows,0,125,90,5,0,0,0,0,0,0,3,2,0
526.146,1,33403904,windows,0,125,90,5,0,0,0,0,0,0,3,2,0
526.169,0,33662976,windows,0,125,90,5,0,0,0,0,0,0,3,2,0
526.399,1,33421312,windows,0,125,90,5,0,0,0,0,0,0,3,2,0
526.432,0,33681408,windows,0,125,90,5,0,0,0,0,0,0,3,2,0
526.662,1,33438720,windows,0,125,90,5,0,0,0,0,0,0,3,2,0
526.682,0,33698816,windows,0,125,90,5,0,0,0,0,0,0,3,2,0
526.915,1,33452032,repair,838,2.15599e+08,2.15548e+08,6384,42,171,165,297,163,0,3593,2590,201
526.94,0,33715200,windows,0,125,90,5,0,0,0,0,0,0,3,2,0
527.171,1,33472512,repair,623,2.62781e+08,2.62721e+08,7070,47,115,120,218,123,0,3927,2969,174
527.198,0,33732608,windows,0,125,90,5,0,0,0,0,0,0,3,2,0
527.422,1,33490944,repair,500,2.66472e+08,2.66447e+08,7238,30,100,93,167,110,0,4133,2957,148
527.46,0,33748992,windows,0,125,90,5,0,0,0,0,0,0,3,2,0
527.675,1,33509376,repair,406,2.47606e+08,2.47525e+08,7020,30,88,63,152,73,0,4022,2848,150
527.713,0,33765376,windows,0,125,90,5,0,0,0,0,0,0,3,2,0
527.935,1,33530880,repair,327,2.04793e+08,2.0479e+08,6492,12,59,58,139,59,0,3840,2529,123
527.967,0,33783808,windows,0,125,90,5,0,0,0,0,0,0,3,2,0
528.198,1,33552384,repair,257,1.87417e+08,1.8735e+08,6150,21,43,51,99,43,0,3564,2470,116
528.229,0,33803264,windows,0,125,90,5,0,0,0,0,0,0,3,2,0
528.454,1,33572864,repair,202,1.75784e+08,1.75732e+08,5941,8,39,22,85,48,0,3414,2408,119
528.494,0,33822720,windows,0,125,90,5,0,0,0,0,0,0,3,2,0
528.71,1,33592320,repair,140,1.68823e+08,1.68819e+08,6002,7,24,27,58,24,0,3625,2261,116
528.756,0,33842176,windows,0,125,90,5,0,0,0,0,0,0,3,2,0
528.975,1,33611776,repair,103,1.49156e+08,1.49096e+08,5589,0,14,15,48,26,0,3331,2157,101
529.01,0,33858560,repair,980,1.50879e+08,1.50824e+08,5089,52,147,149,411,221,0,2810,2065,214
529.227,1,33630208,repair,75,1.37455e+08,1.37412e+08,5467,4,9,12,30,20,0,3368,2004,95
529.271,0,33879040,repair,682,2.7078e+08,2.70715e+08,7223,55,144,126,233,124,0,4068,2975,180
529.488,1,33647616,repair,45,1.27679e+08,1.27624e+08,5243,1,4,6,27,7,0,3209,1948,86
529.524,0,33898496,repair,538,2.87267e+08,2.87205e+08,7453,48,123,80,188,99,0,4185,3101,167
529.739,1,33666048,repair,29,1.12364e+08,1.12346e+08,5006,0,4,4,12,9,0,3164,1762,80
529.775,0,33917952,repair,459,2.3596e+08,2.3596e+08,6792,25,83,78,189,84,0,3854,2792,146
529.996,1,33684480,repair,13,1.05978e+08,1.05928e+08,4847,1,1,3,6,2,0,3047,1723,77
530.035,0,33937408,repair,365,2.08286e+08,2.08216e+08,6538,29,67,47,140,82,0,3838,2557,143
530.256,1,33702912,repair,7,8.86757e+07,8.86591e+07,4486,0,1,2,3,1,0,2877,1535,74
530.292,0,33956864,repair,292,2.00787e+08,2.00787e+08,6364,18,45,41,130,58,0,3691,2549,124
530.506,1,33723392,repair,1,9.0131e+07,9.00981e+07,4527,0,0,1,0,0,0,2915,1541,71
530.554,0,33977344,repair,233,1.76182e+08,1.76164e+08,5966,9,47,38,89,50,0,3444,2399,123
530.761,1,33742848,repair,1,5.82775e+07,5.82401e+07,3716,0,1,0,0,0,0,2495,1163,58
530.813,0,33995776,repair,175,1.59961e+08,1.59899e+08,5816,8,34,30,69,34,0,3478,2217,121
531.013,1,33759232,repair,1,4.90576e+07,4.9056e+07,3392,0,1,0,0,0,0,2247,1089,56
531.064,0,34013184,repair,126,1.59671e+08,1.59609e+08,5799,7,23,15,49,32,0,3460,2225,114
531.268,1,33774592,repair,1,4.21798e+07,4.21692e+07,3170,0,1,0,0,0,0,2130,985,55
531.318,0,34029568,repair,90,1.52378e+08,1.52378e+08,5646,8,15,10,42,15,0,3354,2186,106
531.529,1,33789952,windows,0,3.70832e+07,3.7053e+07,2939,0,0,0,0,0,0,1938,955,46
531.579,0,34045952,repair,71,1.30091e+08,1.30073e+08,5278,3,10,13,34,11,0,3216,1975,87
531.79,1,33804288,windows,0,3.00395e+07,3.00306e+07,2669,0,0,0,0,0,0,1785,838,46
531.831,0,34063360,repair,41,1.21167e+08,1.2115e+08,5207,3,5,3,24,6,0,3282,1830,95
532.04,1,33818624,windows,0,2.5333e+07,2.5333e+07,2453,0,0,0,0,0,0,1656,761,36
532.089,0,34082816,repair,25,1.03503e+08,1.03488e+08,4839,1,3,4,13,4,0,3091,1666,82
532.293,1,33835008,windows,0,2.12469e+07,2.12459e+07,2270,0,0,0,0,0,0,1573,665,32
532.34,0,34102272,repair,11,9.54895e+07,9.54747e+07,4629,1,3,1,5,1,0,2959,1606,64
532.563,1,33850368,windows,0,1.83148e+07,1.82938e+07,2092,0,0,0,0,0,0,1415,643,34
532.604,0,34119680,repair,4,8.70719e+07,8.70419e+07,4457,0,0,1,3,0,0,2897,1500,60
532.82,1,33865728,windows,0,1.53279e+07,1.53204e+07,1914,0,0,0,0,0,0,1289,591,34
532.864,0,34138112,repair,3,6.9694e+07,6.96924e+07,4042,0,0,0,2,1,0,2697,1289,56
533.078,1,33881088,windows,0,1.27143e+07,1.27133e+07,1750,0,0,0,0,0,0,1185,532,33
533.126,0,34158592,repair,1,5.86187e+07,5.85925e+07,3666,0,1,0,0,0,0,2384,1227,55
533.341,1,33897472,windows,0,1.07585e+07,1.07435e+07,1624,0,0,0,0,0,0,1129,467,28
533.387,0,34176000,windows,0,4.81382e+07,4.81382e+07,3330,0,0,0,0,0,0,2181,1102,47
533.598,1,33914880,windows,0,9.10602e+06,9.10602e+06,1506,0,0,0,0,0,0,1065,413,28
533.638,0,34192384,windows,0,3.79808e+07,3.79794e+07,3014,0,0,0,0,0,0,2049,920,45
533.858,1,33931264,windows,0,7.40954e+06,7.40954e+06,1344,0,0,0,0,0,0,935,389,20
533.895,0,34208768,windows,0,3.14915e+07,3.14903e+07,2724,0,0,0,0,0,0,1821,862,41
534.114,1,33947648,windows,0,6.09476e+06,6.08771e+06,1237,0,0,0,0,0,0,894,323,20
534.15,0,34225152,windows,0,2.612e+07,2.61118e+07,2472,0,0,0,0,0,0,1633,798,41
534.366,1,33964032,windows,0,5.21517e+06,5.21517e+06,1133,0,0,0,0,0,0,798,318,17
534.408,0,34242560,windows,0,2.13871e+07,2.13871e+07,2271,0,0,0,0,0,0,1552,682,37
534.633,1,33980416,windows,0,4.44828e+06,4.44218e+06,1053,0,0,0,0,0,0,755,282,16
534.66,0,34257920,windows,0,1.75095e+07,1.74891e+07,2034,0,0,0,0,0,0,1365,639,30
534.894,1,33995776,windows,0,3.81024e+06,3.80666e+06,983,0,0,0,0,0,0,717,248,18
534.926,0,34274304,windows,0,1.46142e+07,1.46142e+07,1867,0,0,0,0,0,0,1265,574,28
535.16,1,34011136,windows,0,3.03691e+06,3.03691e+06,869,0,0,0,0,0,0,616,238,15
535.182,0,34289664,windows,0,1.24371e+07,1.24203e+07,1740,0,0,0,0,0,0,1215,502,23
535.42,1,34026496,windows,0,2.56516e+06,2.56073e+06,797,0,0,0,0,0,0,561,222,14
535.446,0,34304000,windows,0,1.09146e+07,1.09051e+07,1634,0,0,0,0,0,0,1131,474,29
535.681,1,34041856,windows,0,2.19964e+06,2.19695e+06,744,0,0,0,0,0,0,537,194,13
535.697,0,34316288,windows,0,9.63742e+06,9.63742e+06,1548,0,0,0,0,0,0,1089,429,30
535.937,1,34058240,windows,0,1.87627e+06,1.87333e+06,691,0,0,0,0,0,0,500,176,15
535.949,0,34330624,windows,0,7.76164e+06,7.75268e+06,1358,0,0,0,0,0,0,919,420,19
536.192,1,34073600,windows,0,1.44736e+06,1.44362e+06,600,0,0,0,0,0,0,419,168,13
536.208,0,34347008,windows,0,6.50236e+06,6.49492e+06,1254,0,0,0,0,0,0,863,372,19
536.444,1,34088960,windows,0,1.19204e+06,1.1872e+06,550,0,0,0,0,0,0,393,144,13
536.459,0,34363392,windows,0,5.51822e+06,5.5112e+06,1160,0,0,0,0,0,0,815,331,14
536.696,1,34105344,windows,0,1.01668e+06,1.01621e+06,511,0,0,0,0,0,0,362,133,16
536.726,0,34380800,windows,0,4.68277e+06,4.68233e+06,1074,0,0,0,0,0,0,760,299,15
536.953,1,34121728,windows,0,858915,858472,468,0,0,0,0,0,0,327,126,15
536.981,0,34393088,windows,0,3.82687e+06,3.82649e+06,970,0,0,0,0,0,0,686,271,13
537.217,1,34138112,windows,0,619570,617849,394,0,0,0,0,0,0,268,113,13
537.246,0,34406400,windows,0,3.29128e+06,3.28268e+06,900,0,0,0,0,0,0,635,252,13
537.482,1,34154496,windows,0,504655,501224,361,0,0,0,0,0,0,259,91,11
537.503,0,34419712,windows,0,2.8947e+06,2.89134e+06,847,0,0,0,0,0,0,607,229,11
537.745,1,34171904,windows,0,416590,416590,329,0,0,0,0,0,0,236,82,11
537.764,0,34434048,windows,0,2.52711e+06,2.52685e+06,798,0,0,0,0,0,0,594,195,9
537.997,1,34188288,windows,0,364210,361576,308,0,0,0,0,0,0,220,77,11
538.019,0,34448384,windows,0,2.18694e+06,2.1832e+06,741,0,0,0,0,0,0,545,187,9
538.249,1,34204672,windows,0,302710,301439,278,0,0,0,0,0,0,190,77,11
538.28,0,34464768,windows,0,1.6286e+06,1.62619e+06,631,0,0,0,0,0,0,449,176,6
538.508,1,34221056,windows,0,223430,223430,238,0,0,0,0,0,0,162,67,9
538.538,0,34481152,windows,0,1.31015e+06,1.31015e+06,570,0,0,0,0,0,0,410,153,7
538.765,1,34238464,windows,0,180655,180655,209,0,0,0,0,0,0,133,67,9
538.802,0,34498560,windows,0,1.04722e+06,1.04722e+06,512,0,0,0,0,0,0,369,135,8
539.015,1,34254848,windows,0,152695,152061,195,0,0,0,0,0,0,127,59,9
539.063,0,34513920,windows,0,900280,898561,474,0,0,0,0,0,0,344,124,6
539.271,1,34271232,windows,0,134255,133379,185,0,0,0,0,0,0,123,53,9
539.323,0,34527232,windows,0,725525,721614,423,0,0,0,0,0,0,305,114,4
539.527,1,34287616,windows,0,95555,94337.5,154,0,0,0,0,0,0,97,48,9
539.579,0,34540544,windows,0,578520,577089,372,0,0,0,0,0,0,252,114,6
539.779,1,34304000,windows,0,80500,80267.5,147,0,0,0,0,0,0,104,35,8
539.832,0,34553856,windows,0,482750,479474,345,0,0,0,0,0,0,244,96,5
540.041,1,34320384,windows,0,68825,67937.5,136,0,0,0,0,0,0,95,33,8
540.083,0,34567168,windows,0,409170,409028,317,0,0,0,0,0,0,222,90,5
540.295,1,34336768,windows,0,62920,62112.5,131,0,0,0,0,0,0,94,29,8
540.341,0,34580480,windows,0,362370,362228,299,0,0,0,0,0,0,210,84,5
540.55,1,34353152,windows,0,45670,45670,110,0,0,0,0,0,0,74,29,7
540.605,0,34594816,windows,0,307345,307232,278,0,0,0,0,0,0,203,71,4
540.806,1,34368512,windows,0,41255,41255,105,0,0,0,0,0,0,71,27,7
540.867,0,34608128,windows,0,215245,215132,231,0,0,0,0,0,0,163,64,4
541.058,1,34384896,windows,0,39855,39511.2,103,0,0,0,0,0,0,69,27,7
541.12,0,34621440,windows,0,183325,181404,217,0,0,0,0,0,0,163,50,4
541.318,1,34401280,windows,0,34210,33901.2,95,0,0,0,0,0,0,62,26,7
541.38,0,34635776,windows,0,158850,158101,201,0,0,0,0,0,0,150,48,3
541.576,1,34417664,windows,0,31810,31810,91,0,0,0,0,0,0,58,26,7
541.647,0,34650112,windows,0,147895,147895,195,0,0,0,0,0,0,151,41,3
541.839,1,34434048,windows,0,24550,24550,80,0,0,0,0,0,0,50,23,7
541.898,0,34663424,windows,0,134725,134011,187,0,0,0,0,0,0,143,40,4
542.089,1,34449408,windows,0,24155,23901.2,80,0,0,0,0,0,0,51,22,7
542.158,0,34676736,windows,0,96095,96095,157,0,0,0,0,0,0,117,37,3
542.353,1,34464768,windows,0,21695,21695,77,0,0,0,0,0,0,51,19,7
542.412,0,34690048,windows,0,81730,81211.2,144,0,0,0,0,0,0,104,37,3
542.613,1,34480128,windows,0,20515,20515,74,0,0,0,0,0,0,47,20,7
542.671,0,34703360,windows,0,75305,75192.5,140,0,0,0,0,0,0,103,33,4
542.866,1,34494464,windows,0,19270,19041.2,72,0,0,0,0,0,0,46,19,7
542.928,0,34716672,windows,0,67385,66798.8,132,0,0,0,0,0,0,95,33,4
543.131,1,34509824,windows,0,16930,16711.2,68,0,0,0,0,0,0,44,17,7
543.187,0,34729984,windows,0,63070,63070,127,0,0,0,0,0,0,92,32,3
543.397,1,34526208,windows,0,15950,15751.2,65,0,0,0,0,0,0,40,18,7
543.453,0,34744320,windows,0,49570,48523.8,113,0,0,0,0,0,0,82,28,3
543.657,1,34542592,windows,0,15950,15751.2,65,0,0,0,0,0,0,40,18,7
543.706,0,34757632,windows,0,40895,40812.5,103,0,0,0,0,0,0,75,25,3
543.916,1,34554880,windows,0,13730,13730,60,0,0,0,0,0,0,36,17,7
543.975,0,34771968,windows,0,37970,37013.8,98,0,0,0,0,0,0,68,27,3
544.172,1,34571264,windows,0,13375,13201.2,59,0,0,0,0,0,0,35,17,7
544.234,0,34786304,windows,0,36845,36845,97,0,0,0,0,0,0,71,24,2
544.433,1,34585600,windows,0,12370,12201.2,57,0,0,0,0,0,0,34,16,7
544.492,0,34800640,windows,0,33420,32945,92,0,0,0,0,0,0,66,24,2
544.689,1,34599936,windows,0,11395,11395,54,0,0,0,0,0,0,31,16,7
544.754,0,34814976,windows,0,27710,27710,83,0,0,0,0,0,0,60,22,1
544.94,1,34613248,windows,0,11090,10775,53,0,0,0,0,0,0,30,16,7
545.016,0,34829312,windows,0,24290,23855,77,0,0,0,0,0,0,54,22,1
545.205,1,34627584,windows,0,10370,10370,51,0,0,0,0,0,0,30,16,5
545.275,0,34843648,windows,0,22300,22300,74,0,0,0,0,0,0,50,22,2
545.456,1,34640896,windows,0,10055,10055,51,0,0,0,0,0,0,31,15,5
545.527,0,34857984,windows,0,22300,22300,74,0,0,0,0,0,0,50,22,2
545.716,1,34654208,windows,0,9750,9601.25,50,0,0,0,0,0,0,30,15,5
545.785,0,34872320,windows,0,20945,20530,72,0,0,0,0,0,0,49,21,2
545.97,1,34667520,windows,0,9750,9601.25,50,0,0,0,0,0,0,30,15,5
546.041,0,34886656,windows,0,19520,19520,69,0,0,0,0,0,0,46,21,2
546.231,1,34680832,windows,0,9170,9031.25,48,0,0,0,0,0,0,28,15,5
546.299,0,34900992,windows,0,17800,17800,66,0,0,0,0,0,0,44,20,2
546.501,1,34693120,windows,0,9170,9031.25,48,0,0,0,0,0,0,28,15,5
546.55,0,34915328,windows,0,16940,16940,63,0,0,0,0,0,0,40,21,2
546.768,1,34706432,windows,0,8895,8466.25,47,0,0,0,0,0,0,27,15,5
546.809,0,34929664,windows,0,16940,16940,63,0,0,0,0,0,0,40,21,2
547.036,1,34720768,windows,0,8050,7656.25,46,0,0,0,0,0,0,28,13,5
547.073,0,34945024,windows,0,15655,15655,61,0,0,0,0,0,0,41,19,1
547.286,1,34734080,windows,0,7550,7176.25,45,0,0,0,0,0,0,28,12,5
547.335,0,34960384,windows,0,15250,14855,59,0,0,0,0,0,0,38,20,1
547.542,1,34747392,windows,0,6550,6550,42,0,0,0,0,0,0,26,11,5
547.6,0,34978816,windows,0,14470,14470,58,0,0,0,0,0,0,38,19,1
547.805,1,34761728,windows,0,6295,6295,41,0,0,0,0,0,0,25,11,5
547.85,0,34996224,windows,0,13730,13730,56,0,0,0,0,0,0,36,19,1
548.077,1,34777088,windows,0,5630,5630,39,0,0,0,0,0,0,24,10,5
548.108,0,35014656,windows,0,13730,13730,56,0,0,0,0,0,0,36,19,1
548.336,1,34790400,windows,0,5630,5630,39,0,0,0,0,0,0,24,10,5
548.371,0,35032064,windows,0,12655,12471.2,55,0,0,0,0,0,0,37,17,1
548.591,1,34803712,windows,0,5630,5630,39,0,0,0,0,0,0,24,10,5
548.623,0,35050496,windows,0,11590,11421.2,52,0,0,0,0,0,0,34,17,1
548.856,1,34818048,windows,0,5590,5375,38,0,0,0,0,0,0,22,11,5
548.882,0,35067904,windows,0,11590,11421.2,52,0,0,0,0,0,0,34,17,1
549.116,1,34834432,windows,0,5170,4955,36,0,0,0,0,0,0,20,11,5
549.141,0,35086336,windows,0,10930,10771.2,50,0,0,0,0,0,0,32,17,1
549.368,1,34848768,windows,0,4955,4955,36,0,0,0,0,0,0,21,10,5
549.403,0,35103744,windows,0,10595,10431.2,50,0,0,0,0,0,0,33,16,1
549.623,1,34864128,windows,0,4955,4955,36,0,0,0,0,0,0,21,10,5
549.664,0,35122176,windows,0,10270,10111.2,49,0,0,0,0,0,0,32,16,1
549.879,1,34879488,windows,0,4555,4555,34,0,0,0,0,0,0,19,10,5
549.928,0,35139584,windows,0,9650,9491.25,48,0,0,0,0,0,0,32,15,1
550.14,1,34896896,windows,0,4555,4555,34,0,0,0,0,0,0,19,10,5
550.185,0,35156992,windows,0,9650,9491.25,48,0,0,0,0,0,0,32,15,1
550.401,1,34914304,windows,0,4555,4555,34,0,0,0,0,0,0,19,10,5
550.442,0,35175424,windows,0,9335,9181.25,47,0,0,0,0,0,0,31,15,1
550.663,1,34930688,windows,0,4370,4370,33,0,0,0,0,0,0,18,10,5
550.706,0,35194880,windows,0,8855,8436.25,47,0,0,0,0,0,0,33,13,1
550.917,1,34946048,windows,0,4370,4370,33,0,0,0,0,0,0,18,10,5
550.962,0,35213312,windows,0,8855,8436.25,47,0,0,0,0,0,0,33,13,1
551.182,1,34962432,windows,0,4370,4370,33,0,0,0,0,0,0,18,10,5
551.224,0,35231744,windows,0,8030,7636.25,45,0,0,0,0,0,0,32,12,1
551.443,1,34978816,windows,0,4195,4111.25,32,0,0,0,0,0,0,17,10,5
551.486,0,35250176,windows,0,8030,7636.25,45,0,0,0,0,0,0,32,12,1
551.701,1,34995200,windows,0,4195,4111.25,32,0,0,0,0,0,0,17,10,5
551.747,0,35267584,windows,0,7715,7480,44,0,0,0,0,0,0,31,12,1
551.967,1,35010560,windows,0,4195,4111.25,32,0,0,0,0,0,0,17,10,5
552.003,0,35284992,windows,0,7715,7480,44,0,0,0,0,0,0,31,12,1
552.219,1,35025920,windows,0,4195,4111.25,32,0,0,0,0,0,0,17,10,5
552.261,0,35302400,windows,0,7715,7480,44,0,0,0,0,0,0,31,12,1
552.485,1,35041280,windows,0,4100,3703.75,32,0,0,0,0,0,0,18,10,4
552.523,0,35319808,windows,0,7255,7101.25,43,0,0,0,0,0,0,31,11,1
552.748,1,35057664,windows,0,3720,3607.5,31,0,0,0,0,0,0,18,9,4
552.782,0,35338240,windows,0,7255,7101.25,43,0,0,0,0,0,0,31,11,1
553,1,35073024,windows,0,3355,3261.25,30,0,0,0,0,0,0,19,8,3
553.045,0,35356672,windows,0,7255,7101.25,43,0,0,0,0,0,0,31,11,1
553.258,1,35090432,windows,0,3170,3170,29,0,0,0,0,0,0,18,8,3
553.301,0,35376128,windows,0,6805,6651.25,41,0,0,0,0,0,0,31,10,0
553.519,1,35107840,windows,0,3170,3170,29,0,0,0,0,0,0,18,8,3
553.554,0,35395584,windows,0,6340,5986.25,39,0,0,0,0,0,0,28,11,0
553.778,1,35125248,windows,0,2995,2995,28,0,0,0,0,0,0,17,8,3
553.809,0,35414016,windows,0,5920,5781.25,38,0,0,0,0,0,0,28,10,0
554.039,1,35142656,windows,0,2830,2751.25,27,0,0,0,0,0,0,16,8,3
554.063,0,35433472,windows,0,5645,5316.25,37,0,0,0,0,0,0,27,10,0
554.295,1,35159040,windows,0,2830,2751.25,27,0,0,0,0,0,0,16,8,3
554.328,0,35449856,windows,0,5645,5316.25,37,0,0,0,0,0,0,27,10,0
554.551,1,35175424,windows,0,2830,2751.25,27,0,0,0,0,0,0,16,8,3
554.589,0,35466240,windows,0,5380,5056.25,36,0,0,0,0,0,0,26,10,0
554.803,1,35191808,windows,0,2830,2751.25,27,0,0,0,0,0,0,16,8,3
554.842,0,35482624,windows,0,5380,5056.25,36,0,0,0,0,0,0,26,10,0
555.059,1,35209216,windows,0,125,90,5,0,0,0,0,0,0,3,2,0
555.098,0,35502080,windows,0,5000,4871.25,35,0,0,0,0,0,0,26,9,0
555.309,1,35228672,windows,0,125,90,5,0,0,0,0,0,0,3,2,0
555.36,0,35521536,windows,0,5000,4871.25,35,0,0,0,0,0,0,26,9,0
555.562,1,35246080,windows,0,125,90,5,0,0,0,0,0,0,3,2,0
555.616,0,35540992,windows,0,5000,4871.25,35,0,0,0,0,0,0,26,9,0
555.822,1,35266560,windows,0,125,90,5,0,0,0,0,0,0,3,2,0
555.877,0,35560448,windows,0,5000,4871.25,35,0,0,0,0,0,0,26,9,0
556.083,1,35287040,windows,0,125,90,5,0,0,0,0,0,0,3,2,0
556.136,0,35578880,windows,0,4745,4621.25,34,0,0,0,0,0,0,25,9,0
556.342,1,35305472,windows,0,125,90,5,0,0,0,0,0,0,3,2,0
556.395,0,35598336,windows,0,4745,4621.25,34,0,0,0,0,0,0,25,9,0
556.593,1,35323904,windows,0,125,90,5,0,0,0,0,0,0,3,2,0
556.646,0,35615744,windows,0,4745,4621.25,34,0,0,0,0,0,0,25,9,0
556.857,1,35344384,windows,0,125,90,5,0,0,0,0,0,0,3,2,0
556.902,0,35635200,windows,0,4745,4621.25,34,0,0,0,0,0,0,25,9,0
557.118,1,35363840,windows,0,125,90,5,0,0,0,0,0,0,3,2,0
557.161,0,35654656,windows,0,4745,4621.25,34,0,0,0,0,0,0,25,9,0
557.378,1,35381248,repair,0,125,90,5,0,0,0,0,0,0,3,2,0
557.422,0,35674112,windows,0,125,90,5,0,0,0,0,0,0,3,2,0
557.641,1,35397632,windows,0,125,90,5,0,0,0,0,0,0,3,2,0
557.677,0,35692544,windows,0,125,90,5,0,0,0,0,0,0,3,2,0
557.897,1,35414016,windows,0,125,90,5,0,0,0,0,0,0,3,2,0
557.93,0,35708928,windows,0,125,90,5,0,0,0,0,0,0,3,2,0
558.164,1,35429376,windows,0,125,90,5,0,0,0,0,0,0,3,2,0
558.181,0,35726336,windows,0,125,90,5,0,0,0,0,0,0,3,2,0
558.417,1,35444736,windows,0,125,90,5,0,0,0,0,0,0,3,2,0
558.439,0,35743744,windows,0,125,90,5,0,0,0,0,0,0,3,2,0
558.681,1,35463168,windows,0,125,90,5,0,0,0,0,0,0,3,2,0
558.69,0,35761152,windows,0,125,90,5,0,0,0,0,0,0,3,2,0
558.944,1,35480576,windows,0,125,90,5,0,0,0,0,0,0,3,2,0
558.963,0,35776512,windows,0,125,90,5,0,0,0,0,0,0,3,2,0
559.195,1,35494912,windows,0,125,90,5,0,0,0,0,0,0,3,2,0
559.225,0,35789824,windows,0,125,90,5,0,0,0,0,0,0,3,2,0
559.456,1,35509248,windows,0,125,90,5,0,0,0,0,0,0,3,2,0
559.479,0,35805184,windows,0,125,90,5,0,0,0,0,0,0,3,2,0
559.712,1,35522560,windows,0,125,90,5,0,0,0,0,0,0,3,2,0
559.741,0,35820544,windows,0,125,90,5,0,0,0,0,0,0,3,2,0
559.967,1,35536896,windows,0,125,90,5,0,0,0,0,0,0,3,2,0
559.993,0,35836928,windows,0,125,90,5,0,0,0,0,0,0,3,2,0
560.226,1,35551232,windows,0,125,90,5,0,0,0,0,0,0,3,2,0
560.255,0,35857408,windows,0,125,90,5,0,0,0,0,0,0,3,2,0
560.494,1,35565568,windows,0,125,90,5,0,0,0,0,0,0,3,2,0
560.512,0,35877888,windows,0,125,90,5,0,0,0,0,0,0,3,2,0
560.758,1,35579904,windows,0,125,90,5,0,0,0,0,0,0,3,2,0
560.771,0,35896320,windows,0,125,90,5,0,0,0,0,0,0,3,2,0
561.014,1,35594240,windows,0,125,90,5,0,0,0,0,0,0,3,2,0
561.031,0,35914752,windows,0,125,90,5,0,0,0,0,0,0,3,2,0
561.268,1,35608576,windows,0,125,90,5,0,0,0,0,0,0,3,2,0
561.283,0,35932160,repair,0,125,90,5,0,0,0,0,0,0,3,2,0
561.522,1,35623936,windows,0,125,90,5,0,0,0,0,0,0,3,2,0
561.536,0,35948544,windows,0,125,90,5,0,0,0,0,0,0,3,2,0
561.777,1,35639296,windows,0,125,90,5,0,0,0,0,0,0,3,2,0
561.799,0,35964928,windows,0,125,90,5,0,0,0,0,0,0,3,2,0
562.028,1,35654656,windows,0,125,90,5,0,0,0,0,0,0,3,2,0
562.049,0,35981312,windows,0,125,90,5,0,0,0,0,0,0,3,2,0
562.284,1,35670016,repair,0,125,90,5,0,0,0,0,0,0,3,2,0
562.302,0,35998720,windows,0,125,90,5,0,0,0,0,0,0,3,2,0
562.542,1,35685376,repair,0,125,90,5,0,0,0,0,0,0,3,2,0
562.552,0,36015104,windows,0,125,90,5,0,0,0,0,0,0,3,2,0
562.798,1,35700736,windows,0,125,90,5,0,0,0,0,0,0,3,2,0
562.805,0,36031488,windows,0,125,90,5,0,0,0,0,0,0,3,2,0
563.05,1,35716096,windows,0,125,90,5,0,0,0,0,0,0,3,2,0
563.064,0,36047872,windows,0,125,90,5,0,0,0,0,0,0,3,2,0
563.302,1,35730432,windows,0,125,90,5,0,0,0,0,0,0,3,2,0
563.317,0,36064256,windows,0,125,90,5,0,0,0,0,0,0,3,2,0
563.554,1,35744768,windows,0,125,90,5,0,0,0,0,0,0,3,2,0
563.573,0,36081664,windows,0,125,90,5,0,0,0,0,0,0,3,2,0
563.82,1,35759104,windows,0,125,90,5,0,0,0,0,0,0,3,2,0
563.832,0,36098048,windows,0,125,90,5,0,0,0,0,0,0,3,2,0
564.072,1,35773440,windows,0,125,90,5,0,0,0,0,0,0,3,2,0
564.092,0,36116480,windows,0,125,90,5,0,0,0,0,0,0,3,2,0
564.329,1,35787776,windows,0,125,90,5,0,0,0,0,0,0,3,2,0
564.345,0,36132864,windows,0,125,90,5,0,0,0,0,0,0,3,2,0
564.595,1,35803136,windows,0,125,90,5,0,0,0,0,0,0,3,2,0
564.604,0,36150272,windows,0,125,90,5,0,0,0,0,0,0,3,2,0
564.857,1,35818496,windows,0,125,90,5,0,0,0,0,0,0,3,2,0
564.865,0,36167680,windows,0,125,90,5,0,0,0,0,0,0,3,2,0
565.113,1,35833856,windows,0,125,90,5,0,0,0,0,0,0,3,2,0
565.125,0,36185088,windows,0,125,90,5,0,0,0,0,0,0,3,2,0
565.37,1,35849216,windows,0,125,90,5,0,0,0,0,0,0,3,2,0
565.385,0,36202496,windows,0,125,90,5,0,0,0,0,0,0,3,2,0
565.623,1,35863552,windows,0,125,90,5,0,0,0,0,0,0,3,2,0
565.646,0,36220928,repair,0,125,90,5,0,0,0,0,0,0,3,2,0
565.881,1,35878912,windows,0,125,90,5,0,0,0,0,0,0,3,2,0
565.9,0,36239360,windows,0,125,90,5,0,0,0,0,0,0,3,2,0
566.145,1,35894272,windows,0,125,90,5,0,0,0,0,0,0,3,2,0
566.151,0,36256768,windows,0,125,90,5,0,0,0,0,0,0,3,2,0
566.407,0,36273152,windows,0,125,90,5,0,0,0,0,0,0,3,2,0
566.408,1,35908608,windows,0,125,90,5,0,0,0,0,0,0,3,2,0
566.67,0,36290560,windows,0,125,90,5,0,0,0,0,0,0,3,2,0
566.675,1,35924992,windows,0,125,90,5,0,0,0,0,0,0,3,2,0
566.929,0,36306944,windows,0,125,90,5,0,0,0,0,0,0,3,2,0
566.94,1,35940352,windows,0,125,90,5,0,0,0,0,0,0,3,2,0
567.184,0,36324352,windows,0,125,90,5,0,0,0,0,0,0,3,2,0
567.195,1,35956736,windows,0,125,90,5,0,0,0,0,0,0,3,2,0
567.439,0,36341760,windows,0,125,90,5,0,0,0,0,0,0,3,2,0
567.457,1,35972096,windows,0,125,90,5,0,0,0,0,0,0,3,2,0
567.694,0,36360192,windows,0,125,90,5,0,0,0,0,0,0,3,2,0
567.721,1,35988480,windows,0,125,90,5,0,0,0,0,0,0,3,2,0
567.948,0,36378624,windows,0,125,90,5,0,0,0,0,0,0,3,2,0
567.979,1,36002816,windows,0,125,90,5,0,0,0,0,0,0,3,2,0
568.211,0,36398080,windows,0,125,90,5,0,0,0,0,0,0,3,2,0
568.24,1,36019200,windows,0,125,90,5,0,0,0,0,0,0,3,2,0
568.466,0,36417536,windows,0,125,90,5,0,0,0,0,0,0,3,2,0
568.49,1,36036608,windows,0,125,90,5,0,0,0,0,0,0,3,2,0
568.735,0,36438016,windows,0,125,90,5,0,0,0,0,0,0,3,2,0
568.753,1,36054016,windows,0,125,90,5,0,0,0,0,0,0,3,2,0
568.991,0,36456448,repair,0,125,90,5,0,0,0,0,0,0,3,2,0
569.005,1,36070400,windows,0,125,90,5,0,0,0,0,0,0,3,2,0
569.248,0,36475904,repair,0,125,90,5,0,0,0,0,0,0,3,2,0
569.255,1,36087808,windows,0,125,90,5,0,0,0,0,0,0,3,2,0
569.509,1,36106240,windows,0,125,90,5,0,0,0,0,0,0,3,2,0
569.511,0,36496384,windows,0,125,90,5,0,0,0,0,0,0,3,2,0
569.762,1,36124672,windows,0,125,90,5,0,0,0,0,0,0,3,2,0
569.775,0,36513792,windows,0,125,90,5,0,0,0,0,0,0,3,2,0
570.016,1,36143104,windows,0,125,90,5,0,0,0,0,0,0,3,2,0
570.036,0,36532224,windows,0,125,90,5,0,0,0,0,0,0,3,2,0
570.274,1,36162560,windows,0,125,90,5,0,0,0,0,0,0,3,2,0
570.292,0,36549632,windows,0,125,90,5,0,0,0,0,0,0,3,2,0
570.526,1,36180992,windows,0,125,90,5,0,0,0,0,0,0,3,2,0
570.552,0,36567040,windows,0,125,90,5,0,0,0,0,0,0,3,2,0
570.79,1,36199424,windows,0,125,90,5,0,0,0,0,0,0,3,2,0
570.809,0,36583424,windows,0,125,90,5,0,0,0,0,0,0,3,2,0
571.042,1,36217856,windows,0,125,90,5,0,0,0,0,0,0,3,2,0
571.073,0,36600832,windows,0,125,90,5,0,0,0,0,0,0,3,2,0
571.293,1,36235264,windows,0,125,90,5,0,0,0,0,0,0,3,2,0
571.325,0,36617216,windows,0,125,90,5,0,0,0,0,0,0,3,2,0
571.544,1,36254720,windows,0,125,90,5,0,0,0,0,0,0,3,2,0
571.586,0,36634624,windows,0,125,90,5,0,0,0,0,0,0,3,2,0
571.797,1,36273152,repair,0,125,90,5,0,0,0,0,0,0,3,2,0
571.849,0,36653056,windows,0,125,90,5,0,0,0,0,0,0,3,2,0
572.055,1,36291584,repair,0,125,90,5,0,0,0,0,0,0,3,2,0
572.104,0,36668416,windows,0,125,90,5,0,0,0,0,0,0,3,2,0
572.314,1,36308992,windows,0,125,90,5,0,0,0,0,0,0,3,2,0
572.356,0,36685824,windows,0,125,90,5,0,0,0,0,0,0,3,2,0
572.566,1,36324352,windows,0,125,90,5,0,0,0,0,0,0,3,2,0
572.614,0,36701184,windows,0,125,90,5,0,0,0,0,0,0,3,2,0
572.823,1,36340736,windows,0,125,90,5,0,0,0,0,0,0,3,2,0
572.875,0,36716544,windows,0,125,90,5,0,0,0,0,0,0,3,2,0
573.076,1,36357120,windows,0,125,90,5,0,0,0,0,0,0,3,2,0
573.137,0,36733952,windows,0,125,90,5,0,0,0,0,0,0,3,2,0
573.327,1,36373504,windows,0,125,90,5,0,0,0,0,0,0,3,2,0
573.396,0,36754432,repair,0,125,90,5,0,0,0,0,0,0,3,2,0
573.58,1,36389888,windows,0,125,90,5,0,0,0,0,0,0,3,2,0
573.646,0,36772864,windows,0,125,90,5,0,0,0,0,0,0,3,2,0
573.836,1,36406272,windows,0,125,90,5,0,0,0,0,0,0,3,2,0
573.899,0,36790272,windows,0,125,90,5,0,0,0,0,0,0,3,2,0
574.094,1,36422656,windows,0,125,90,5,0,0,0,0,0,0,3,2,0
574.161,0,36809728,windows,0,125,90,5,0,0,0,0,0,0,3,2,0
574.348,1,36440064,windows,0,125,90,5,0,0,0,0,0,0,3,2,0
574.414,0,36828160,windows,0,125,90,5,0,0,0,0,0,0,3,2,0
574.612,1,36458496,windows,0,125,90,5,0,0,0,0,0,0,3,2,0
574.685,0,36847616,windows,0,125,90,5,0,0,0,0,0,0,3,2,0
574.864,1,36474880,windows,0,125,90,5,0,0,0,0,0,0,3,2,0
574.937,0,36865024,windows,0,125,90,5,0,0,0,0,0,0,3,2,0
575.126,1,36489216,repair,879,2.03326e+08,2.0327e+08,6134,74,185,141,322,157,0,3419,2511,204
575.188,0,36882432,windows,0,125,90,5,0,0,0,0,0,0,3,2,0
575.382,1,36510720,repair,630,2.88343e+08,2.88338e+08,7386,55,124,105,212,134,0,4090,3123,173
575.446,0,36899840,windows,0,125,90,5,0,0,0,0,0,0,3,2,0
575.641,1,36532224,repair,503,2.58043e+08,2.58023e+08,7096,28,94,81,196,104,0,4034,2915,147
575.707,0,36918272,windows,0,125,90,5,0,0,0,0,0,0,3,2,0
575.897,1,36552704,repair,396,2.51063e+08,2.51059e+08,6996,24,83,55,144,90,0,3954,2903,139
575.958,0,36935680,windows,0,125,90,5,0,0,0,0,0,0,3,2,0
576.152,1,36572160,repair,328,2.07246e+08,2.07227e+08,6419,13,61,53,125,76,0,3672,2614,133
576.213,0,36952064,windows,0,125,90,5,0,0,0,0,0,0,3,2,0
576.413,1,36591616,repair,256,1.99011e+08,1.98941e+08,6351,12,52,45,98,49,0,3706,2534,111
576.478,0,36969472,windows,0,125,90,5,0,0,0,0,0,0,3,2,0
576.673,1,36612096,repair,180,2.03318e+08,2.03267e+08,6449,9,27,42,60,42,0,3790,2554,105
576.729,0,36986880,windows,0,125,90,5,0,0,0,0,0,0,3,2,0
576.933,1,36632576,repair,145,1.55512e+08,1.55465e+08,5722,6,25,15,59,40,0,3434,2187,101
576.99,0,37005312,windows,0,125,90,5,0,0,0,0,0,0,3,2,0
577.193,1,36653056,repair,109,1.3089e+08,1.30835e+08,5323,8,14,12,51,24,0,3309,1945,69
577.253,0,37020672,repair,991,1.21763e+08,1.21709e+08,4389,54,133,74,464,266,0,2426,1739,224
577.445,1,36673536,repair,63,1.39753e+08,1.3975e+08,5482,3,6,9,31,14,0,3370,2033,79
577.512,0,37043200,repair,646,3.06535e+08,3.06445e+08,7647,40,134,124,232,116,0,4292,3197,158
577.697,1,36691968,repair,36,1.19566e+08,1.1955e+08,5097,1,8,3,16,8,0,3171,1859,67
577.764,0,37064704,repair,526,2.71739e+08,2.71734e+08,7255,24,104,92,198,108,0,4079,3010,166
577.954,1,36710400,repair,18,1.08927e+08,1.08911e+08,4907,1,1,1,12,3,0,3082,1750,75
578.021,0,37086208,repair,407,2.5051e+08,2.50448e+08,7011,33,100,79,120,75,0,3956,2899,156
578.205,1,36729856,repair,9,9.07497e+07,9.07036e+07,4458,0,1,0,4,4,0,2805,1602,51
578.274,0,37108736,repair,333,2.05014e+08,2.05014e+08,6486,24,61,60,129,59,0,3801,2546,139
578.456,1,36749312,repair,2,7.89032e+07,7.88876e+07,4269,0,0,0,1,1,0,2819,1398,52
578.526,0,37129216,repair,252,1.98348e+08,1.98298e+08,6353,15,41,40,103,53,0,3695,2530,128
578.721,1,36766720,windows,0,6.33828e+07,6.33562e+07,3854,0,0,0,0,0,0,2554,1238,62
578.789,0,37148672,repair,183,1.81392e+08,1.81371e+08,6067,9,41,35,67,31,0,3510,2435,122
578.977,1,36782080,windows,0,5.28577e+07,5.28461e+07,3499,0,0,0,0,0,0,2305,1145,49
579.05,0,37168128,repair,147,1.50793e+08,1.50789e+08,5681,9,22,22,58,36,0,3416,2138,127
579.231,1,36796416,windows,0,4.40634e+07,4.40622e+07,3195,0,0,0,0,0,0,2118,1039,38
579.311,0,37185536,repair,105,1.50405e+08,1.50405e+08,5603,3,14,13,43,32,0,3299,2182,122
579.486,1,36811776,windows,0,3.52685e+07,3.52503e+07,2887,0,0,0,0,0,0,1935,908,44
579.569,0,37203968,repair,77,1.33261e+08,1.33205e+08,5337,2,8,12,35,20,0,3238,2005,94
579.75,1,36828160,windows,0,2.85593e+07,2.85343e+07,2586,0,0,0,0,0,0,1739,819,28
579.829,0,37223424,repair,42,1.24065e+08,1.24065e+08,5155,1,4,8,18,11,0,3115,1939,101
580.008,1,36844544,windows,0,2.37258e+07,2.37116e+07,2390,0,0,0,0,0,0,1643,714,33
580.083,0,37241856,repair,26,1.10216e+08,1.1018e+08,4913,1,3,3,16,3,0,3041,1785,87
580.272,1,36859904,windows,0,2.04239e+07,2.04026e+07,2240,0,0,0,0,0,0,1585,626,29
580.337,0,37260288,repair,13,1.01397e+08,1.0136e+08,4696,0,5,1,5,2,0,2900,1720,76
580.537,1,36876288,windows,0,1.67143e+07,1.67024e+07,2012,0,0,0,0,0,0,1386,595,31
580.597,0,37279744,repair,1,9.49142e+07,9.48811e+07,4555,0,0,0,0,1,0,2825,1656,74
580.795,1,36888576,windows,0,1.43028e+07,1.42851e+07,1843,0,0,0,0,0,0,1236,576,31
580.858,0,37297152,repair,1,7.15344e+07,7.15077e+07,4068,0,0,0,0,1,0,2669,1338,61
581.045,1,36902912,windows,0,1.21417e+07,1.21349e+07,1723,0,0,0,0,0,0,1212,489,22
581.112,0,37316608,repair,1,5.7298e+07,5.72739e+07,3704,0,0,0,0,1,0,2524,1126,54
581.303,1,36918272,windows,0,1.04557e+07,1.04496e+07,1589,0,0,0,0,0,0,1103,467,19
581.376,0,37335040,windows,0,4.76523e+07,4.76508e+07,3333,0,0,0,0,0,0,2200,1081,52
581.554,1,36932608,windows,0,9.07786e+06,9.06391e+06,1471,0,0,0,0,0,0,1011,445,15
581.644,0,37350400,windows,0,3.93593e+07,3.93388e+07,3047,0,0,0,0,0,0,2043,960,44
581.82,1,36947968,windows,0,7.32296e+06,7.32296e+06,1325,0,0,0,0,0,0,907,400,18
581.904,0,37366784,windows,0,3.20253e+07,3.20253e+07,2757,0,0,0,0,0,0,1873,850,34
582.075,1,36963328,windows,0,6.05008e+06,6.04963e+06,1220,0,0,0,0,0,0,867,338,15
582.163,0,37383168,windows,0,2.56069e+07,2.56069e+07,2446,0,0,0,0,0,0,1636,781,29
582.325,1,36978688,windows,0,5.07501e+06,5.06896e+06,1122,0,0,0,0,0,0,804,303,15
582.432,0,37400576,windows,0,2.13274e+07,2.13142e+07,2281,0,0,0,0,0,0,1579,664,38
582.583,1,36993024,windows,0,4.46274e+06,4.45274e+06,1057,0,0,0,0,0,0,755,283,19
582.685,0,37415936,windows,0,1.79775e+07,1.79775e+07,2110,0,0,0,0,0,0,1488,586,36
582.835,1,37007360,windows,0,3.89478e+06,3.88878e+06,981,0,0,0,0,0,0,689,275,17
582.949,0,37432320,windows,0,1.47889e+07,1.47778e+07,1899,0,0,0,0,0,0,1313,554,32
583.088,1,37021696,windows,0,3.15883e+06,3.15839e+06,883,0,0,0,0,0,0,620,248,15
583.213,0,37448704,windows,0,1.19598e+07,1.19589e+07,1698,0,0,0,0,0,0,1153,514,31
583.347,1,37035008,windows,0,2.653e+06,2.653e+06,809,0,0,0,0,0,0,567,228,14
583.465,0,37464064,windows,0,1.02472e+07,1.02409e+07,1589,0,0,0,0,0,0,1128,440,21
583.597,1,37048320,windows,0,2.28414e+06,2.28112e+06,751,0,0,0,0,0,0,527,211,13
583.718,0,37480448,windows,0,8.77235e+06,8.76709e+06,1469,0,0,0,0,0,0,1052,402,15
583.859,1,37061632,windows,0,1.95123e+06,1.94494e+06,695,0,0,0,0,0,0,492,192,11
583.975,0,37496832,windows,0,7.48448e+06,7.47136e+06,1355,0,0,0,0,0,0,946,387,22
584.133,1,37074944,windows,0,1.7435e+06,1.7435e+06,659,0,0,0,0,0,0,472,177,10
584.24,0,37512192,windows,0,5.98548e+06,5.97371e+06,1205,0,0,0,0,0,0,833,354,18
584.393,1,37088256,windows,0,1.3944e+06,1.39201e+06,588,0,0,0,0,0,0,413,164,11
584.51,0,37527552,windows,0,4.9838e+06,4.97761e+06,1111,0,0,0,0,0,0,781,310,20
584.644,1,37101568,windows,0,1.15696e+06,1.15667e+06,539,0,0,0,0,0,0,386,143,10
584.767,0,37542912,windows,0,4.2229e+06,4.21893e+06,1017,0,0,0,0,0,0,717,287,13
584.908,1,37115904,windows,0,985355,982600,494,0,0,0,0,0,0,347,138,9
585.02,0,37558272,windows,0,3.67007e+06,3.66636e+06,948,0,0,0,0,0,0,666,269,13
585.166,1,37131264,windows,0,858105,855650,462,0,0,0,0,0,0,333,123,6
585.276,0,37573632,windows,0,2.9489e+06,2.94356e+06,848,0,0,0,0,0,0,587,247,14
585.43,1,37147648,windows,0,697360,693354,416,0,0,0,0,0,0,292,116,8
585.535,0,37587968,windows,0,2.45986e+06,2.45572e+06,787,0,0,0,0,0,0,565,207,15
585.694,1,37163008,windows,0,545375,544071,367,0,0,0,0,0,0,261,101,5
585.796,0,37602304,windows,0,2.08677e+06,2.08627e+06,722,0,0,0,0,0,0,504,201,17
585.954,1,37177344,windows,0,468955,468812,338,0,0,0,0,0,0,235,98,5
586.057,0,37616640,windows,0,1.79418e+06,1.79128e+06,676,0,0,0,0,0,0,486,174,16
586.205,1,37191680,windows,0,409750,406764,320,0,0,0,0,0,0,230,85,5
586.324,0,37632000,windows,0,1.58598e+06,1.58598e+06,633,0,0,0,0,0,0,449,169,15
586.461,1,37207040,windows,0,345715,344631,296,0,0,0,0,0,0,217,74,5
586.587,0,37647360,windows,0,1.18246e+06,1.18195e+06,543,0,0,0,0,0,0,369,157,17
586.722,1,37222400,windows,0,277410,275832,263,0,0,0,0,0,0,186,72,5
586.848,0,37663744,windows,0,976750,972376,499,0,0,0,0,0,0,356,130,13
586.982,1,37237760,windows,0,216935,216935,231,0,0,0,0,0,0,159,67,5
587.107,0,37680128,windows,0,825695,821154,453,0,0,0,0,0,0,309,131,13
587.237,1,37254144,windows,0,188470,187295,216,0,0,0,0,0,0,154,59,3
587.358,0,37695488,windows,0,692635,692312,420,0,0,0,0,0,0,299,110,11
587.49,1,37270528,windows,0,165970,165970,204,0,0,0,0,0,0,148,53,3
587.612,0,37709824,windows,0,538580,538348,369,0,0,0,0,0,0,264,97,8
587.741,1,37285888,windows,0,145490,145490,191,0,0,0,0,0,0,138,50,3
587.867,0,37724160,windows,0,417985,417752,324,0,0,0,0,0,0,227,89,8
587.993,1,37302272,windows,0,100015,99200,159,0,0,0,0,0,0,115,41,3
588.123,0,37738496,windows,0,343715,343715,294,0,0,0,0,0,0,207,80,7
588.258,1,37317632,windows,0,88450,87126.2,149,0,0,0,0,0,0,106,40,3
588.388,0,37752832,windows,0,293515,293515,274,0,0,0,0,0,0,197,70,7
588.519,1,37332992,windows,0,75880,75767.5,139,0,0,0,0,0,0,98,37,4
588.645,0,37766144,windows,0,262690,261395,260,0,0,0,0,0,0,188,65,7
588.772,1,37348352,windows,0,70580,70467.5,134,0,0,0,0,0,0,94,36,4
588.91,0,37780480,windows,0,201540,201308,224,0,0,0,0,0,0,150,66,8
589.04,1,37363712,windows,0,61960,61418.8,125,0,0,0,0,0,0,86,35,4
589.175,0,37794816,windows,0,170750,169555,205,0,0,0,0,0,0,140,60,5
589.291,1,37377024,windows,0,51140,49993.8,113,0,0,0,0,0,0,76,33,4
589.428,0,37809152,windows,0,149265,149265,192,0,0,0,0,0,0,129,57,6
589.548,1,37391360,windows,0,43990,43990,104,0,0,0,0,0,0,70,31,3
589.69,0,37823488,windows,0,125170,124561,177,0,0,0,0,0,0,122,50,5
589.805,1,37405696,windows,0,41270,40326.2,100,0,0,0,0,0,0,66,31,3
589.941,0,37837824,windows,0,115400,114629,172,0,0,0,0,0,0,120,46,6
590.056,1,37420032,windows,0,36310,36001.2,94,0,0,0,0,0,0,62,29,3
590.207,0,37853184,windows,0,89495,88971.2,151,0,0,0,0,0,0,105,41,5
590.325,1,37435392,windows,0,34495,34495,91,0,0,0,0,0,0,59,29,3
590.462,0,37867520,windows,0,69160,68352.5,133,0,0,0,0,0,0,94,35,4
590.587,1,37449728,windows,0,27855,27855,81,0,0,0,0,0,0,51,27,3
590.72,0,37881856,windows,0,59620,59048.8,125,0,0,0,0,0,0,92,29,4
590.849,1,37464064,windows,0,27310,27051.2,81,0,0,0,0,0,0,52,26,3
590.971,0,37896192,windows,0,51845,51732.5,117,0,0,0,0,0,0,87,26,4
591.115,1,37479424,windows,0,25270,25021.2,78,0,0,0,0,0,0,50,25,3
591.222,0,37910528,windows,0,48445,48332.5,113,0,0,0,0,0,0,83,26,4
591.365,1,37493760,windows,0,22835,22601.2,74,0,0,0,0,0,0,47,24,3
591.477,0,37924864,windows,0,41870,41132.5,103,0,0,0,0,0,0,68,30,5
591.621,1,37508096,windows,0,22370,22370,73,0,0,0,0,0,0,46,24,3
591.731,0,37939200,windows,0,35125,35012.5,95,0,0,0,0,0,0,65,26,4
591.888,1,37523456,windows,0,20095,19640,69,0,0,0,0,0,0,43,23,3
591.984,0,37953536,windows,0,34760,34318.8,95,0,0,0,0,0,0,66,25,4
592.149,1,37538816,windows,0,19255,19255,67,0,0,0,0,0,0,41,23,3
592.245,0,37968896,windows,0,32605,31723.8,93,0,0,0,0,0,0,67,22,4
592.4,1,37554176,windows,0,19195,19195,68,0,0,0,0,0,0,43,22,3
592.506,0,37984256,windows,0,28325,27817.5,87,0,0,0,0,0,0,63,20,4
592.653,1,37568512,windows,0,18355,18355,66,0,0,0,0,0,0,41,22,3
592.768,0,37999616,windows,0,20660,20547.5,75,0,0,0,0,0,0,56,15,4
592.906,1,37582848,windows,0,18355,18355,66,0,0,0,0,0,0,41,22,3
593.028,0,38013952,windows,0,17905,17528.8,70,0,0,0,0,0,0,53,13,4
593.156,1,37597184,windows,0,17275,16880,64,0,0,0,0,0,0,43,20,1
593.28,0,38029312,windows,0,16360,15998.8,67,0,0,0,0,0,0,50,13,4
593.413,1,37612544,windows,0,15655,15076.2,61,0,0,0,0,0,0,41,19,1
593.537,0,38048768,windows,0,13540,13427.5,61,0,0,0,0,0,0,44,13,4
593.671,1,37628928,windows,0,14470,14470,58,0,0,0,0,0,0,38,19,1
593.788,0,38068224,windows,0,12200,11792.5,57,0,0,0,0,0,0,38,15,4
593.923,1,37643264,windows,0,13030,12655,54,0,0,0,0,0,0,34,19,1
594.05,0,38088704,windows,0,11460,11052.5,55,0,0,0,0,0,0,36,15,4
594.174,1,37657600,windows,0,13030,12655,54,0,0,0,0,0,0,34,19,1
594.303,0,38107136,windows,0,10315,9957.5,52,0,0,0,0,0,0,35,14,3
594.428,1,37672960,windows,0,12370,11836.2,52,0,0,0,0,0,0,32,19,1
594.554,0,38125568,windows,0,8980,8453.75,49,0,0,0,0,0,0,32,13,4
594.692,1,37688320,windows,0,11630,11116.2,51,0,0,0,0,0,0,32,18,1
594.805,0,38142976,windows,0,8135,8052.5,47,0,0,0,0,0,0,33,11,3
594.956,1,37703680,windows,0,10715,10571.2,48,0,0,0,0,0,0,29,18,1
595.069,0,38161408,windows,0,7650,7567.5,45,0,0,0,0,0,0,30,12,3
595.207,1,37719040,windows,0,10715,10571.2,48,0,0,0,0,0,0,29,18,1
595.332,0,38179840,windows,0,7190,7107.5,44,0,0,0,0,0,0,30,11,3
595.465,1,37734400,windows,0,10155,9666.25,46,0,0,0,0,0,0,27,18,1
595.594,0,38199296,windows,0,6070,5987.5,40,0,0,0,0,0,0,26,11,3
595.728,1,37750784,windows,0,8905,8446.25,42,0,0,0,0,0,0,25,17,0
595.857,0,38219776,windows,0,6070,5987.5,40,0,0,0,0,0,0,26,11,3
595.987,1,37765120,windows,0,8905,8446.25,42,0,0,0,0,0,0,25,17,0
596.119,0,38239232,windows,0,5570,5368.75,38,0,0,0,0,0,0,24,11,3
596.252,1,37780480,windows,0,8660,8206.25,41,0,0,0,0,0,0,24,17,0
596.379,0,38258688,windows,0,5335,5252.5,37,0,0,0,0,0,0,23,11,3
596.507,1,37796864,windows,0,8660,8206.25,41,0,0,0,0,0,0,24,17,0
596.639,0,38278144,windows,0,5335,5252.5,37,0,0,0,0,0,0,23,11,3
596.764,1,37813248,windows,0,7985,7650,38,0,0,0,0,0,0,21,17,0
596.891,0,38296576,windows,0,5335,5252.5,37,0,0,0,0,0,0,23,11,3
597.016,1,37830656,windows,0,7540,7225,38,0,0,0,0,0,0,22,16,0
597.148,0,38316032,windows,0,5335,5252.5,37,0,0,0,0,0,0,23,11,3
597.276,1,37849088,windows,0,7120,6805,36,0,0,0,0,0,0,20,16,0
597.403,0,38334464,windows,0,5110,4918.75,36,0,0,0,0,0,0,22,11,3
597.529,1,37866496,windows,0,6705,6410,36,0,0,0,0,0,0,21,15,0
597.663,0,38352896,windows,0,4895,4708.75,35,0,0,0,0,0,0,21,11,3
597.783,1,37883904,windows,0,6305,6010,34,0,0,0,0,0,0,19,15,0
597.916,0,38371328,windows,0,4895,4708.75,35,0,0,0,0,0,0,21,11,3
598.043,1,37902336,windows,0,6120,5825,33,0,0,0,0,0,0,18,15,0
598.172,0,38388736,windows,0,4895,4708.75,35,0,0,0,0,0,0,21,11,3
598.298,1,37916672,windows,0,5540,5265,32,0,0,0,0,0,0,18,14,0
598.436,0,38405120,windows,0,4895,4708.75,35,0,0,0,0,0,0,21,11,3
598.55,1,37932032,windows,0,5085,4850,33,0,0,0,0,0,0,21,12,0
598.691,0,38420480,windows,0,4895,4708.75,35,0,0,0,0,0,0,21,11,3
598.806,1,37946368,windows,0,4685,4356.25,31,0,0,0,0,0,0,19,12,0
598.95,0,38437888,windows,0,125,90,5,0,0,0,0,0,0,3,2,0
599.063,1,37961728,windows,0,4685,4356.25,31,0,0,0,0,0,0,19,12,0
599.204,0,38455296,windows,0,125,90,5,0,0,0,0,0,0,3,2,0
599.315,1,37977088,windows,0,4500,4176.25,30,0,0,0,0,0,0,18,12,0
599.456,0,38472704,windows,0,125,90,5,0,0,0,0,0,0,3,2,0
599.569,1,37996544,windows,0,4325,4090,29,0,0,0,0,0,0,17,12,0
599.715,0,38491136,windows,0,125,90,5,0,0,0,0,0,0,3,2,0
599.823,1,38014976,windows,0,4325,4090,29,0,0,0,0,0,0,17,12,0
599.965,0,38509568,windows,0,125,90,5,0,0,0,0,0,0,3,2,0
600.006,0,38512640,end,0,125,90,5,0,0,0,0,0,0,3,2,0
600.01,1,38028288,end,0,4325,4090,29,0,0,0,0,0,0,17,12,0
