seconds,worker,moves,phase,hard,objective,surrogate,soft,lecturerConflicts,groupConflicts,roomConflicts,groupTravel,lecturerTravel,abstractRoomOverflow,lecturerWindows,groupWindows,mixedOnlineDays
0.0548534,0,0,start,1144,8.77516e+07,8.7737e+07,2313,0,0,0,734,410,0,1606,487,220
0.0786724,1,0,start,1085,8.05158e+07,8.05085e+07,2292,0,0,0,692,393,0,1524,523,245
0.325002,0,20480,repair,785,3.2738e+08,3.2738e+08,7796,54,192,124,267,148,0,4288,3320,188
0.332527,1,17408,repair,772,3.04205e+08,3.04116e+08,7655,62,162,130,276,142,0,4360,3122,173
0.582495,0,39936,repair,646,3.01886e+08,3.01797e+08,7624,45,133,104,248,116,0,4299,3153,172
0.597961,1,34816,repair,643,2.77691e+08,2.77686e+08,7344,53,128,114,228,120,0,4172,3006,166
0.83563,0,61440,repair,534,2.55394e+08,2.55389e+08,7096,28,116,90,189,111,0,4067,2876,153
0.851994,1,52224,repair,535,2.7985e+08,2.79825e+08,7334,38,106,93,180,118,0,4136,3061,137
1.09447,0,82944,repair,405,2.40614e+08,2.40555e+08,7010,19,89,73,148,76,0,4102,2757,151
1.11323,1,68608,repair,442,2.41704e+08,2.41679e+08,7078,32,86,95,139,90,0,4198,2728,152
1.35555,0,104448,repair,327,2.1388e+08,2.13805e+08,6681,13,60,61,126,67,0,3980,2565,136
1.36868,1,86016,repair,358,2.28414e+08,2.28409e+08,6765,27,80,55,131,65,0,3897,2729,139
1.61029,0,124928,repair,251,1.99895e+08,1.99841e+08,6445,12,38,40,113,48,0,3804,2503,138
1.6205,1,102400,repair,305,2.07713e+08,2.07638e+08,6498,14,48,42,139,62,0,3784,2579,135
1.86387,0,145408,repair,185,1.77453e+08,1.77384e+08,6037,17,32,29,69,38,0,3529,2387,121
1.88538,1,118784,repair,252,1.83489e+08,1.8342e+08,6181,20,49,41,89,53,0,3668,2391,122
2.12441,0,165888,repair,140,1.56482e+08,1.5642e+08,5727,5,31,14,53,37,0,3423,2203,101
2.14915,1,136192,repair,191,1.72952e+08,1.7293e+08,6059,15,30,30,81,35,0,3634,2297,128
2.37848,0,184320,repair,104,1.45909e+08,1.4585e+08,5560,2,14,16,42,30,0,3364,2107,89
2.41222,1,151552,repair,151,1.62726e+08,1.62708e+08,5873,9,24,14,74,30,0,3538,2226,109
2.63987,0,205824,repair,64,1.26487e+08,1.26449e+08,5211,1,10,14,23,16,0,3210,1933,68
2.67269,1,167936,repair,118,1.51999e+08,1.51953e+08,5643,8,21,17,47,25,0,3369,2175,99
2.89885,0,224256,repair,38,1.18043e+08,1.18007e+08,5115,1,6,4,15,12,0,3223,1815,77
2.92725,1,182272,repair,91,1.49927e+08,1.4991e+08,5687,4,14,9,36,28,0,3479,2108,100
3.15568,0,241664,repair,18,1.11664e+08,1.11614e+08,4987,1,4,3,7,3,0,3159,1755,73
3.18802,1,196608,repair,57,1.47843e+08,1.4784e+08,5658,4,10,11,22,10,0,3491,2081,86
3.41833,0,259072,repair,7,1.01483e+08,1.01481e+08,4763,0,0,1,5,1,0,2998,1678,87
3.4413,1,210944,repair,42,1.24225e+08,1.24205e+08,5288,0,6,5,17,14,0,3369,1833,86
3.68156,0,276480,repair,6,7.7555e+07,7.7539e+07,4249,0,1,1,2,2,0,2803,1381,65
3.70364,1,225280,repair,27,1.17326e+08,1.17326e+08,5130,1,3,3,12,8,0,3234,1799,97
3.94129,0,295936,repair,3,6.38178e+07,6.37789e+07,3912,0,0,0,1,2,0,2662,1189,61
3.97003,1,239616,repair,16,1.05613e+08,1.0561e+08,4882,1,3,2,7,3,0,3107,1690,85
4.20233,0,314368,repair,1,5.54402e+07,5.54387e+07,3601,0,0,0,0,1,0,2393,1156,52
4.23244,1,253952,repair,9,9.69764e+07,9.69764e+07,4709,0,2,0,6,1,0,3036,1592,81
4.45649,0,333824,repair,1,4.65142e+07,4.65142e+07,3326,0,0,0,0,1,0,2240,1033,53
4.48313,1,268288,repair,2,8.74067e+07,8.7392e+07,4492,0,0,1,0,1,0,2938,1485,69
4.70855,0,351232,windows,0,3.99896e+07,3.99881e+07,3053,0,0,0,0,0,0,2016,990,47
4.73334,1,283648,repair,1,7.24498e+07,7.24498e+07,4099,0,0,0,0,1,0,2695,1342,62
4.97307,0,366592,windows,0,3.23364e+07,3.23352e+07,2782,0,0,0,0,0,0,1896,846,40
4.99138,1,297984,windows,0,6.12938e+07,6.12938e+07,3780,0,0,0,0,0,0,2493,1227,60
5.24007,0,379904,windows,0,2.74765e+07,2.74765e+07,2578,0,0,0,0,0,0,1766,769,43
5.2462,1,311296,windows,0,5.18973e+07,5.18973e+07,3485,0,0,0,0,0,0,2314,1119,52
5.49992,0,392192,windows,0,2.38988e+07,2.38846e+07,2410,0,0,0,0,0,0,1663,708,39
5.51316,1,325632,windows,0,4.23791e+07,4.23777e+07,3089,0,0,0,0,0,0,1975,1068,46
5.77267,0,404480,windows,0,2.08124e+07,2.08124e+07,2250,0,0,0,0,0,0,1562,655,33
5.78221,1,338944,windows,0,3.39845e+07,3.3965e+07,2812,0,0,0,0,0,0,1856,914,42
6.03264,0,415744,windows,0,1.76714e+07,1.76587e+07,2075,0,0,0,0,0,0,1454,595,26
6.04214,1,352256,windows,0,2.91853e+07,2.91598e+07,2605,0,0,0,0,0,0,1718,848,39
6.29046,0,429056,windows,0,1.49365e+07,1.49359e+07,1906,0,0,0,0,0,0,1337,547,22
6.29555,1,365568,windows,0,2.52572e+07,2.5248e+07,2438,0,0,0,0,0,0,1631,772,35
6.54573,0,442368,windows,0,1.29241e+07,1.29234e+07,1776,0,0,0,0,0,0,1243,509,24
6.56291,1,378880,windows,0,2.20277e+07,2.20266e+07,2260,0,0,0,0,0,0,1486,740,34
6.81433,0,455680,windows,0,1.12999e+07,1.12941e+07,1665,0,0,0,0,0,0,1165,474,26
6.82992,1,391168,windows,0,1.88688e+07,1.88485e+07,2121,0,0,0,0,0,0,1434,654,33
7.07531,0,468992,windows,0,9.85963e+06,9.85045e+06,1561,0,0,0,0,0,0,1112,428,21
7.08398,1,403456,windows,0,1.61303e+07,1.61183e+07,1961,0,0,0,0,0,0,1333,601,27
7.34523,0,482304,windows,0,8.34456e+06,8.33062e+06,1411,0,0,0,0,0,0,963,430,18
7.35059,1,415744,windows,0,1.39174e+07,1.39102e+07,1839,0,0,0,0,0,0,1275,537,27
7.59793,0,494592,windows,0,7.20854e+06,7.20854e+06,1325,0,0,0,0,0,0,927,381,17
7.61345,1,428032,windows,0,1.208e+07,1.20792e+07,1697,0,0,0,0,0,0,1146,524,27
7.85605,0,507904,windows,0,6.24258e+06,6.23755e+06,1247,0,0,0,0,0,0,893,335,19
7.87864,1,441344,windows,0,1.06973e+07,1.06917e+07,1617,0,0,0,0,0,0,1113,473,31
8.11662,0,520192,windows,0,5.45534e+06,5.44851e+06,1165,0,0,0,0,0,0,832,315,18
8.15512,1,454656,windows,0,9.5257e+06,9.52487e+06,1540,0,0,0,0,0,0,1090,422,28
8.36955,0,531456,windows,0,4.86437e+06,4.85838e+06,1097,0,0,0,0,0,0,782,300,15
8.43631,1,463872,windows,0,8.12688e+06,8.12611e+06,1395,0,0,0,0,0,0,939,430,26
8.6464,0,539648,windows,0,4.51116e+06,4.50176e+06,1064,0,0,0,0,0,0,769,278,17
8.72879,1,471040,windows,0,7.261e+06,7.261e+06,1324,0,0,0,0,0,0,903,398,23
8.90251,0,546816,windows,0,4.05534e+06,4.05495e+06,997,0,0,0,0,0,0,703,281,13
8.98187,1,480256,windows,0,6.60426e+06,6.60355e+06,1276,0,0,0,0,0,0,889,363,24
9.16225,0,560128,windows,0,3.31014e+06,3.30524e+06,905,0,0,0,0,0,0,649,245,11
9.24743,1,493568,windows,0,5.67485e+06,5.67429e+06,1170,0,0,0,0,0,0,800,351,19
9.41239,0,572416,windows,0,2.8537e+06,2.85331e+06,843,0,0,0,0,0,0,603,227,13
9.516,1,505856,windows,0,4.981e+06,4.97717e+06,1105,0,0,0,0,0,0,766,319,20
9.67479,0,584704,windows,0,2.5143e+06,2.5143e+06,793,0,0,0,0,0,0,569,211,13
9.77392,1,521216,windows,0,4.26714e+06,4.26649e+06,1032,0,0,0,0,0,0,725,285,22
9.93756,0,598016,windows,0,2.1929e+06,2.18844e+06,741,0,0,0,0,0,0,525,201,15
10.0364,1,537600,windows,0,3.2569e+06,3.25639e+06,903,0,0,0,0,0,0,643,243,17
10.1943,0,611328,windows,0,1.89374e+06,1.89131e+06,688,0,0,0,0,0,0,486,188,14
10.3001,1,553984,windows,0,2.61029e+06,2.6074e+06,809,0,0,0,0,0,0,578,216,15
10.4534,0,624640,windows,0,1.5038e+06,1.50136e+06,608,0,0,0,0,0,0,423,174,11
10.563,1,570368,windows,0,2.14198e+06,2.13935e+06,734,0,0,0,0,0,0,526,194,14
10.719,0,638976,windows,0,1.23284e+06,1.23284e+06,551,0,0,0,0,0,0,389,154,8
10.8245,1,587776,windows,0,1.81084e+06,1.80728e+06,676,0,0,0,0,0,0,484,178,14
10.9728,0,652288,windows,0,1.03483e+06,1.03301e+06,509,0,0,0,0,0,0,364,136,9
11.0824,1,604160,windows,0,1.40192e+06,1.40151e+06,595,0,0,0,0,0,0,422,159,14
11.2302,0,666624,windows,0,895730,893275,474,0,0,0,0,0,0,344,123,7
11.353,1,620544,windows,0,1.16484e+06,1.16154e+06,542,0,0,0,0,0,0,383,146,13
11.4832,0,679936,windows,0,780475,780475,444,0,0,0,0,0,0,325,112,7
11.6101,1,637952,windows,0,972820,969752,494,0,0,0,0,0,0,346,136,12
11.7406,0,693248,windows,0,614275,614275,396,0,0,0,0,0,0,287,100,9
11.8609,1,654336,windows,0,797315,794960,450,0,0,0,0,0,0,321,118,11
12,0,709632,windows,0,484000,482052,355,0,0,0,0,0,0,262,83,10
12.12,1,671744,windows,0,572485,570370,377,0,0,0,0,0,0,263,106,8
12.2592,0,726016,windows,0,394555,394292,318,0,0,0,0,0,0,227,82,9
12.3786,1,688128,windows,0,457820,456611,342,0,0,0,0,0,0,242,90,10
12.5117,0,740352,windows,0,328075,326298,290,0,0,0,0,0,0,205,76,9
12.6416,1,705536,windows,0,367430,365895,308,0,0,0,0,0,0,222,77,9
12.7734,0,754688,windows,0,294910,294648,277,0,0,0,0,0,0,200,68,9
12.8925,1,721920,windows,0,311585,311585,280,0,0,0,0,0,0,199,75,6
13.0384,0,769024,windows,0,218240,218240,235,0,0,0,0,0,0,166,63,6
13.1522,1,738304,windows,0,226335,225080,239,0,0,0,0,0,0,171,63,5
13.3003,0,783360,windows,0,173710,171856,211,0,0,0,0,0,0,148,56,7
13.4164,1,754688,windows,0,173410,173410,211,0,0,0,0,0,0,154,52,5
13.5562,0,797696,windows,0,150130,149451,196,0,0,0,0,0,0,136,53,7
13.6728,1,772096,windows,0,137570,136861,191,0,0,0,0,0,0,142,42,7
13.8078,0,812032,windows,0,130135,129160,183,0,0,0,0,0,0,127,49,7
13.9316,1,789504,windows,0,114705,114061,174,0,0,0,0,0,0,129,39,6
14.063,0,826368,windows,0,113395,112791,172,0,0,0,0,0,0,121,44,7
14.1926,1,805888,windows,0,90065,89511.2,154,0,0,0,0,0,0,111,37,6
14.3204,0,839680,windows,0,84545,84545,148,0,0,0,0,0,0,103,39,6
14.4458,1,822272,windows,0,67625,67028.8,130,0,0,0,0,0,0,85,39,6
14.5719,0,852992,windows,0,72875,72411.2,136,0,0,0,0,0,0,93,38,5
14.7049,1,839680,windows,0,54580,54580,118,0,0,0,0,0,0,82,32,4
14.8408,0,867328,windows,0,63095,62661.2,127,0,0,0,0,0,0,87,35,5
14.9702,1,857088,windows,0,48580,47965,111,0,0,0,0,0,0,76,31,4
15.0948,0,880640,windows,0,59510,59081.2,124,0,0,0,0,0,0,86,33,5
15.2239,1,873472,windows,0,40690,40690,102,0,0,0,0,0,0,68,29,5
15.3465,0,893952,windows,0,53590,53590,118,0,0,0,0,0,0,82,31,5
15.4814,1,888832,windows,0,29920,29611.2,87,0,0,0,0,0,0,62,23,2
15.6053,0,907264,windows,0,38405,38232.5,101,0,0,0,0,0,0,69,26,6
15.7334,1,905216,windows,0,27220,26516.2,82,0,0,0,0,0,0,62,20,0
15.857,0,920576,windows,0,34705,34532.5,96,0,0,0,0,0,0,65,25,6
15.9954,1,922624,windows,0,22900,22900,75,0,0,0,0,0,0,56,19,0
16.1221,0,934912,windows,0,31490,31490,91,0,0,0,0,0,0,62,24,5
16.2517,1,940032,windows,0,20000,19386.2,70,0,0,0,0,0,0,52,18,0
16.3724,0,948224,windows,0,30005,29832.5,89,0,0,0,0,0,0,59,24,6
16.5062,1,956416,windows,0,15700,15156.2,62,0,0,0,0,0,0,46,16,0
16.6435,0,962560,windows,0,28705,28037.5,86,0,0,0,0,0,0,55,25,6
16.7622,1,973824,windows,0,13745,13236.2,58,0,0,0,0,0,0,43,15,0
16.9067,0,975872,windows,0,23435,22857.5,78,0,0,0,0,0,0,51,22,5
17.0157,1,991232,windows,0,12625,12411.2,56,0,0,0,0,0,0,43,13,0
17.1637,0,989184,windows,0,20270,19732.5,73,0,0,0,0,0,0,48,20,5
17.2699,1,1008640,windows,0,11410,11211.2,54,0,0,0,0,0,0,40,13,1
17.4262,0,1002496,windows,0,18390,17623.8,68,0,0,0,0,0,0,42,21,5
17.5267,1,1025024,windows,0,10030,9831.25,51,0,0,0,0,0,0,40,10,1
17.6836,0,1015808,windows,0,17175,16617.5,65,0,0,0,0,0,0,39,21,5
17.7837,1,1042432,windows,0,10030,9831.25,51,0,0,0,0,0,0,40,10,1
17.9481,0,1029120,windows,0,17175,16617.5,65,0,0,0,0,0,0,39,21,5
18.0422,1,1058816,windows,0,8875,8691.25,48,0,0,0,0,0,0,37,10,1
18.2179,0,1042432,windows,0,14920,14545,61,0,0,0,0,0,0,38,19,4
18.2975,1,1074176,windows,0,8510,8510,47,0,0,0,0,0,0,36,10,1
18.4689,0,1054720,windows,0,14920,14545,61,0,0,0,0,0,0,38,19,4
18.5502,1,1088512,windows,0,8155,8155,46,0,0,0,0,0,0,35,10,1
18.7372,0,1068032,windows,0,13145,12770,56,0,0,0,0,0,0,33,19,4
18.8061,1,1104896,windows,0,7810,7810,45,0,0,0,0,0,0,34,10,1
18.989,0,1081344,windows,0,12505,11976.2,54,0,0,0,0,0,0,31,19,4
19.0623,1,1122304,windows,0,7475,7475,44,0,0,0,0,0,0,33,10,1
19.2565,0,1094656,windows,0,12505,11976.2,54,0,0,0,0,0,0,31,19,4
19.321,1,1138688,windows,0,7475,7475,44,0,0,0,0,0,0,33,10,1
19.5149,0,1108992,windows,0,12200,11676.2,53,0,0,0,0,0,0,30,19,4
19.5872,1,1155072,windows,0,6835,6835,42,0,0,0,0,0,0,31,10,1
19.7666,0,1124352,windows,0,12045,11526.2,53,0,0,0,0,0,0,33,18,2
19.8544,1,1171456,windows,0,6530,6530,41,0,0,0,0,0,0,30,10,1
20.0237,0,1139712,windows,0,11020,10526.2,51,0,0,0,0,0,0,32,17,2
20.1074,1,1186816,windows,0,6370,6155,40,0,0,0,0,0,0,28,11,1
20.2753,0,1155072,windows,0,11020,10526.2,51,0,0,0,0,0,0,32,17,2
20.3643,1,1202176,windows,0,6370,6155,40,0,0,0,0,0,0,28,11,1
20.534,0,1170432,windows,0,9740,9425,48,0,0,0,0,0,0,30,16,2
20.6249,1,1216512,windows,0,5155,5155,36,0,0,0,0,0,0,25,10,1
20.7985,0,1186816,windows,0,9740,9425,48,0,0,0,0,0,0,30,16,2
20.8762,1,1229824,windows,0,5030,5030,36,0,0,0,0,0,0,26,9,1
21.0631,0,1204224,windows,0,9335,8886.25,47,0,0,0,0,0,0,31,15,1
21.1363,1,1245184,windows,0,5030,5030,36,0,0,0,0,0,0,26,9,1
21.3217,0,1221632,windows,0,9030,8881.25,46,0,0,0,0,0,0,30,15,1
21.4003,1,1261568,windows,0,4775,4775,35,0,0,0,0,0,0,25,9,1
21.5807,0,1239040,windows,0,8175,7880,43,0,0,0,0,0,0,27,15,1
21.6632,1,1277952,windows,0,4675,4366.25,34,0,0,0,0,0,0,23,10,1
21.8425,0,1256448,windows,0,7910,7615,42,0,0,0,0,0,0,26,15,1
21.9144,1,1292288,windows,0,4450,4146.25,33,0,0,0,0,0,0,22,10,1
22.1027,0,1273856,windows,0,7910,7615,42,0,0,0,0,0,0,26,15,1
22.1773,1,1306624,windows,0,3650,3650,30,0,0,0,0,0,0,20,9,1
22.3665,0,1291264,windows,0,7910,7615,42,0,0,0,0,0,0,26,15,1
22.4394,1,1321984,windows,0,3650,3650,30,0,0,0,0,0,0,20,9,1
22.6199,0,1307648,windows,0,7655,7236.25,41,0,0,0,0,0,0,25,15,1
22.6952,1,1339392,windows,0,3455,3455,29,0,0,0,0,0,0,19,9,1
22.8736,0,1323008,windows,0,7655,7236.25,41,0,0,0,0,0,0,25,15,1
22.9601,1,1354752,windows,0,3455,3455,29,0,0,0,0,0,0,19,9,1
23.1362,0,1339392,windows,0,7410,6996.25,40,0,0,0,0,0,0,24,15,1
23.2172,1,1368064,windows,0,3095,3095,27,0,0,0,0,0,0,17,9,1
23.3948,0,1354752,windows,0,6735,6440,37,0,0,0,0,0,0,21,15,1
23.4834,1,1383424,windows,0,3095,3095,27,0,0,0,0,0,0,17,9,1
23.6539,0,1372160,windows,0,6530,6235,36,0,0,0,0,0,0,20,15,1
23.7432,1,1399808,windows,0,3095,3095,27,0,0,0,0,0,0,17,9,1
23.9164,0,1390592,windows,0,6530,6235,36,0,0,0,0,0,0,20,15,1
24.0026,1,1416192,windows,0,2930,2930,26,0,0,0,0,0,0,16,9,1
24.1741,0,1405952,windows,0,6530,6235,36,0,0,0,0,0,0,20,15,1
24.2537,1,1430528,windows,0,2775,2775,25,0,0,0,0,0,0,15,9,1
24.4348,0,1421312,windows,0,6530,6235,36,0,0,0,0,0,0,20,15,1
24.5074,1,1444864,windows,0,2775,2775,25,0,0,0,0,0,0,15,9,1
24.7025,0,1436672,windows,0,2775,2775,25,0,0,0,0,0,0,15,9,1
24.76,1,1459200,windows,0,2775,2775,25,0,0,0,0,0,0,15,9,1
24.9585,0,1453056,windows,0,2630,2630,24,0,0,0,0,0,0,14,9,1
25.0217,1,1473536,windows,0,2775,2775,25,0,0,0,0,0,0,15,9,1
25.2171,0,1469440,windows,0,2630,2630,24,0,0,0,0,0,0,14,9,1
25.2737,1,1486848,windows,0,2775,2775,25,0,0,0,0,0,0,15,9,1
25.4776,0,1485824,windows,0,2630,2630,24,0,0,0,0,0,0,14,9,1
25.5264,1,1500160,windows,0,2630,2630,24,0,0,0,0,0,0,14,9,1
25.7369,0,1502208,windows,0,2630,2630,24,0,0,0,0,0,0,14,9,1
25.7844,1,1514496,windows,0,2630,2630,24,0,0,0,0,0,0,14,9,1
25.9966,0,1518592,windows,0,2495,2495,23,0,0,0,0,0,0,13,9,1
26.0414,1,1528832,windows,0,2630,2630,24,0,0,0,0,0,0,14,9,1
26.2493,0,1534976,windows,0,2495,2495,23,0,0,0,0,0,0,13,9,1
26.3071,1,1543168,windows,0,2630,2630,24,0,0,0,0,0,0,14,9,1
26.5137,0,1552384,windows,0,2495,2495,23,0,0,0,0,0,0,13,9,1
26.5604,1,1557504,windows,0,2630,2630,24,0,0,0,0,0,0,14,9,1
26.7745,0,1568768,windows,0,2495,2495,23,0,0,0,0,0,0,13,9,1
26.8208,1,1572864,windows,0,2630,2630,24,0,0,0,0,0,0,14,9,1
27.0285,0,1586176,windows,0,2495,2495,23,0,0,0,0,0,0,13,9,1
27.0737,1,1588224,windows,0,2495,2495,23,0,0,0,0,0,0,13,9,1
27.2833,0,1603584,windows,0,2290,2290,23,0,0,0,0,0,0,14,8,1
27.33,1,1602560,windows,0,2495,2495,23,0,0,0,0,0,0,13,9,1
27.5431,0,1620992,windows,0,2290,2290,23,0,0,0,0,0,0,14,8,1
27.6001,1,1616896,windows,0,2495,2495,23,0,0,0,0,0,0,13,9,1
27.7943,0,1638400,windows,0,2290,2290,23,0,0,0,0,0,0,14,8,1
27.8602,1,1631232,windows,0,2495,2495,23,0,0,0,0,0,0,13,9,1
28.0504,0,1655808,windows,0,2290,2290,23,0,0,0,0,0,0,14,8,1
28.115,1,1645568,windows,0,2495,2495,23,0,0,0,0,0,0,13,9,1
28.3118,0,1673216,windows,0,2155,2155,22,0,0,0,0,0,0,13,8,1
28.3724,1,1660928,windows,0,2495,2495,23,0,0,0,0,0,0,13,9,1
28.574,0,1689600,windows,0,2155,2155,22,0,0,0,0,0,0,13,8,1
28.6285,1,1676288,windows,0,2495,2495,23,0,0,0,0,0,0,13,9,1
28.8313,0,1705984,windows,0,2155,2155,22,0,0,0,0,0,0,13,8,1
28.8933,1,1691648,windows,0,2495,2495,23,0,0,0,0,0,0,13,9,1
29.0902,0,1723392,windows,0,2030,2030,21,0,0,0,0,0,0,12,8,1
29.1563,1,1708032,windows,0,2495,2495,23,0,0,0,0,0,0,13,9,1
29.3509,0,1740800,windows,0,2030,2030,21,0,0,0,0,0,0,12,8,1
29.4226,1,1726464,windows,0,2370,2370,22,0,0,0,0,0,0,12,9,1
29.6022,0,1759232,windows,0,2030,2030,21,0,0,0,0,0,0,12,8,1
29.6795,1,1745920,windows,0,2370,2370,22,0,0,0,0,0,0,12,9,1
29.8657,0,1778688,windows,0,2030,2030,21,0,0,0,0,0,0,12,8,1
29.9312,1,1765376,windows,0,2370,2370,22,0,0,0,0,0,0,12,9,1
30.1214,0,1797120,windows,0,2030,2030,21,0,0,0,0,0,0,12,8,1
30.1932,1,1782784,windows,0,2150,2150,20,0,0,0,0,0,0,10,9,1
30.388,0,1814528,windows,0,2030,2030,21,0,0,0,0,0,0,12,8,1
30.4514,1,1801216,windows,0,2150,2150,20,0,0,0,0,0,0,10,9,1
30.6501,0,1830912,windows,0,2030,2030,21,0,0,0,0,0,0,12,8,1
30.7143,1,1819648,windows,0,2150,2150,20,0,0,0,0,0,0,10,9,1
30.9031,0,1848320,windows,0,2030,2030,21,0,0,0,0,0,0,12,8,1
30.9726,1,1837056,windows,0,2150,2150,20,0,0,0,0,0,0,10,9,1
31.1717,0,1864704,windows,0,2030,2030,21,0,0,0,0,0,0,12,8,1
31.2411,1,1854464,windows,0,2030,2030,21,0,0,0,0,0,0,12,8,1
31.4298,0,1882112,windows,0,2030,2030,21,0,0,0,0,0,0,12,8,1
31.4946,1,1870848,windows,0,2030,2030,21,0,0,0,0,0,0,12,8,1
31.6896,0,1898496,windows,0,2030,2030,21,0,0,0,0,0,0,12,8,1
31.7574,1,1886208,windows,0,1915,1915,20,0,0,0,0,0,0,11,8,1
31.9457,0,1915904,windows,0,1730,1730,21,0,0,0,0,0,0,14,6,1
32.0114,1,1900544,windows,0,1915,1915,20,0,0,0,0,0,0,11,8,1
32.2003,0,1934336,windows,0,1510,1510,20,0,0,0,0,0,0,14,5,1
32.2742,1,1915904,windows,0,1915,1915,20,0,0,0,0,0,0,11,8,1
32.4612,0,1951744,windows,0,1300,1300,18,0,0,0,0,0,0,14,4,0
32.5373,1,1930240,windows,0,1915,1915,20,0,0,0,0,0,0,11,8,1
32.7167,0,1968128,windows,0,1300,1300,18,0,0,0,0,0,0,14,4,0
32.8033,1,1945600,windows,0,1825,1761.25,20,0,0,0,0,0,0,13,7,0
32.9797,0,1985536,windows,0,1165,1165,17,0,0,0,0,0,0,13,4,0
33.0661,1,1960960,windows,0,1585,1531.25,18,0,0,0,0,0,0,11,7,0
33.2318,0,2001920,windows,0,1165,1165,17,0,0,0,0,0,0,13,4,0
33.3334,1,1976320,windows,0,1585,1531.25,18,0,0,0,0,0,0,11,7,0
33.4935,0,2018304,windows,0,1040,1040,16,0,0,0,0,0,0,12,4,0
33.6024,1,1990656,windows,0,1480,1431.25,17,0,0,0,0,0,0,10,7,0
33.7454,0,2034688,windows,0,1040,1040,16,0,0,0,0,0,0,12,4,0
33.8713,1,2004992,windows,0,1480,1431.25,17,0,0,0,0,0,0,10,7,0
34.0063,0,2051072,windows,0,1040,1040,16,0,0,0,0,0,0,12,4,0
34.1281,1,2019328,windows,0,1480,1431.25,17,0,0,0,0,0,0,10,7,0
34.258,0,2067456,windows,0,1040,1040,16,0,0,0,0,0,0,12,4,0
34.3947,1,2033664,windows,0,1480,1431.25,17,0,0,0,0,0,0,10,7,0
34.5253,0,2083840,windows,0,925,925,15,0,0,0,0,0,0,11,4,0
34.6573,1,2048000,windows,0,925,925,15,0,0,0,0,0,0,11,4,0
34.7833,0,2100224,windows,0,925,925,15,0,0,0,0,0,0,11,4,0
34.9086,1,2064384,windows,0,820,820,14,0,0,0,0,0,0,10,4,0
35.043,0,2116608,windows,0,925,925,15,0,0,0,0,0,0,11,4,0
35.171,1,2080768,windows,0,820,820,14,0,0,0,0,0,0,10,4,0
35.3094,0,2132992,windows,0,925,925,15,0,0,0,0,0,0,11,4,0
35.4293,1,2097152,windows,0,820,820,14,0,0,0,0,0,0,10,4,0
35.5759,0,2149376,windows,0,925,925,15,0,0,0,0,0,0,11,4,0
35.6825,1,2112512,windows,0,820,820,14,0,0,0,0,0,0,10,4,0
35.8292,0,2164736,windows,0,925,925,15,0,0,0,0,0,0,11,4,0
35.9459,1,2128896,windows,0,820,820,14,0,0,0,0,0,0,10,4,0
36.0941,0,2180096,windows,0,925,925,15,0,0,0,0,0,0,11,4,0
36.203,1,2144256,windows,0,820,820,14,0,0,0,0,0,0,10,4,0
36.3523,0,2196480,windows,0,925,925,15,0,0,0,0,0,0,11,4,0
36.4663,1,2160640,windows,0,820,820,14,0,0,0,0,0,0,10,4,0
36.6135,0,2213888,windows,0,925,925,15,0,0,0,0,0,0,11,4,0
36.7242,1,2174976,windows,0,685,685,13,0,0,0,0,0,0,11,2,0
36.8642,0,2229248,windows,0,725,725,13,0,0,0,0,0,0,9,4,0
36.9836,1,2192384,windows,0,685,685,13,0,0,0,0,0,0,11,2,0
37.1306,0,2245632,windows,0,725,725,13,0,0,0,0,0,0,9,4,0
37.2405,1,2208768,windows,0,685,685,13,0,0,0,0,0,0,11,2,0
37.3884,0,2262016,windows,0,725,725,13,0,0,0,0,0,0,9,4,0
37.4931,1,2224128,windows,0,685,685,13,0,0,0,0,0,0,11,2,0
37.6396,0,2278400,windows,0,725,725,13,0,0,0,0,0,0,9,4,0
37.7557,1,2239488,repair,0,685,685,13,0,0,0,0,0,0,11,2,0
37.899,0,2294784,windows,0,725,725,13,0,0,0,0,0,0,9,4,0
38.0126,1,2255872,windows,0,685,685,13,0,0,0,0,0,0,11,2,0
38.1652,0,2312192,windows,0,725,725,13,0,0,0,0,0,0,9,4,0
38.2742,1,2272256,windows,0,685,685,13,0,0,0,0,0,0,11,2,0
38.429,0,2327552,windows,0,725,725,13,0,0,0,0,0,0,9,4,0
38.5335,1,2287616,windows,0,685,685,13,0,0,0,0,0,0,11,2,0
38.6927,0,2343936,windows,0,725,725,13,0,0,0,0,0,0,9,4,0
38.7872,1,2301952,windows,0,685,685,13,0,0,0,0,0,0,11,2,0
38.9449,0,2360320,windows,0,725,725,13,0,0,0,0,0,0,9,4,0
39.051,1,2317312,windows,0,685,685,13,0,0,0,0,0,0,11,2,0
39.2043,0,2376704,windows,0,725,725,13,0,0,0,0,0,0,9,4,0
39.3052,1,2331648,windows,0,685,685,13,0,0,0,0,0,0,11,2,0
39.4688,0,2393088,windows,0,580,580,12,0,0,0,0,0,0,10,2,0
39.5716,1,2345984,windows,0,685,685,13,0,0,0,0,0,0,11,2,0
39.724,0,2409472,windows,0,580,580,12,0,0,0,0,0,0,10,2,0
39.8245,1,2359296,windows,0,685,685,13,0,0,0,0,0,0,11,2,0
39.9803,0,2425856,windows,0,580,580,12,0,0,0,0,0,0,10,2,0
40.0932,1,2373632,windows,0,685,685,13,0,0,0,0,0,0,11,2,0
40.2427,0,2442240,windows,0,580,580,12,0,0,0,0,0,0,10,2,0
40.3606,1,2387968,windows,0,685,685,13,0,0,0,0,0,0,11,2,0
40.5062,0,2458624,windows,0,485,485,11,0,0,0,0,0,0,9,2,0
40.6145,1,2402304,windows,0,685,685,13,0,0,0,0,0,0,11,2,0
40.7636,0,2475008,windows,0,485,485,11,0,0,0,0,0,0,9,2,0
40.8657,1,2415616,windows,0,685,685,13,0,0,0,0,0,0,11,2,0
41.014,0,2491392,windows,0,485,485,11,0,0,0,0,0,0,9,2,0
41.1283,1,2430976,windows,0,685,685,13,0,0,0,0,0,0,11,2,0
41.2686,0,2507776,windows,0,485,485,11,0,0,0,0,0,0,9,2,0
41.386,1,2445312,windows,0,685,685,13,0,0,0,0,0,0,11,2,0
41.5211,0,2524160,windows,0,485,485,11,0,0,0,0,0,0,9,2,0
41.6426,1,2459648,windows,0,685,685,13,0,0,0,0,0,0,11,2,0
41.7742,0,2541568,windows,0,485,485,11,0,0,0,0,0,0,9,2,0
41.9063,1,2476032,windows,0,485,485,11,0,0,0,0,0,0,9,2,0
42.03,0,2558976,windows,0,485,485,11,0,0,0,0,0,0,9,2,0
42.159,1,2495488,windows,0,485,485,11,0,0,0,0,0,0,9,2,0
42.2834,0,2575360,windows,0,485,485,11,0,0,0,0,0,0,9,2,0
42.4128,1,2513920,windows,0,485,485,11,0,0,0,0,0,0,9,2,0
42.5342,0,2590720,windows,0,485,485,11,0,0,0,0,0,0,9,2,0
42.6677,1,2533376,windows,0,485,485,11,0,0,0,0,0,0,9,2,0
42.789,0,2606080,windows,0,485,485,11,0,0,0,0,0,0,9,2,0
42.9263,1,2550784,windows,0,485,485,11,0,0,0,0,0,0,9,2,0
43.0539,0,2623488,windows,0,485,485,11,0,0,0,0,0,0,9,2,0
43.1767,1,2569216,windows,0,485,485,11,0,0,0,0,0,0,9,2,0
43.3127,0,2639872,windows,0,485,485,11,0,0,0,0,0,0,9,2,0
43.4329,1,2586624,windows,0,485,485,11,0,0,0,0,0,0,9,2,0
43.5705,0,2654208,windows,0,485,485,11,0,0,0,0,0,0,9,2,0
43.685,1,2604032,windows,0,485,485,11,0,0,0,0,0,0,9,2,0
43.8277,0,2669568,windows,0,485,485,11,0,0,0,0,0,0,9,2,0
43.9352,1,2621440,windows,0,485,485,11,0,0,0,0,0,0,9,2,0
44.0895,0,2684928,windows,0,485,485,11,0,0,0,0,0,0,9,2,0
44.2019,1,2637824,windows,0,485,485,11,0,0,0,0,0,0,9,2,0
44.3498,0,2700288,windows,0,485,485,11,0,0,0,0,0,0,9,2,0
44.4603,1,2655232,windows,0,485,485,11,0,0,0,0,0,0,9,2,0
44.6098,0,2714624,windows,0,485,485,11,0,0,0,0,0,0,9,2,0
44.7128,1,2673664,windows,0,485,485,11,0,0,0,0,0,0,9,2,0
44.8647,0,2729984,windows,0,485,485,11,0,0,0,0,0,0,9,2,0
44.9707,1,2691072,windows,0,485,485,11,0,0,0,0,0,0,9,2,0
45.1312,0,2748416,windows,0,485,485,11,0,0,0,0,0,0,9,2,0
45.2237,1,2706432,windows,0,485,485,11,0,0,0,0,0,0,9,2,0
45.3883,0,2764800,windows,0,485,485,11,0,0,0,0,0,0,9,2,0
45.4888,1,2721792,windows,0,485,485,11,0,0,0,0,0,0,9,2,0
45.6405,0,2781184,windows,0,485,485,11,0,0,0,0,0,0,9,2,0
45.7487,1,2737152,windows,0,485,485,11,0,0,0,0,0,0,9,2,0
45.9093,0,2796544,windows,0,485,485,11,0,0,0,0,0,0,9,2,0
46.0093,1,2751488,windows,0,485,485,11,0,0,0,0,0,0,9,2,0
46.1661,0,2811904,windows,0,485,485,11,0,0,0,0,0,0,9,2,0
46.2653,1,2765824,windows,0,485,485,11,0,0,0,0,0,0,9,2,0
46.419,0,2828288,windows,0,485,485,11,0,0,0,0,0,0,9,2,0
46.5272,1,2780160,windows,0,485,485,11,0,0,0,0,0,0,9,2,0
46.6719,0,2846720,windows,0,485,485,11,0,0,0,0,0,0,9,2,0
46.7833,1,2794496,windows,0,485,485,11,0,0,0,0,0,0,9,2,0
46.9258,0,2865152,windows,0,485,485,11,0,0,0,0,0,0,9,2,0
47.0473,1,2809856,windows,0,485,485,11,0,0,0,0,0,0,9,2,0
47.1838,0,2881536,windows,0,485,485,11,0,0,0,0,0,0,9,2,0
47.3152,1,2824192,windows,0,485,485,11,0,0,0,0,0,0,9,2,0
47.4436,0,2897920,windows,0,485,485,11,0,0,0,0,0,0,9,2,0
47.5754,1,2838528,windows,0,485,485,11,0,0,0,0,0,0,9,2,0
47.7082,0,2913280,repair,0,485,485,11,0,0,0,0,0,0,9,2,0
47.8282,1,2852864,windows,0,485,485,11,0,0,0,0,0,0,9,2,0
47.9627,0,2929664,repair,0,485,485,11,0,0,0,0,0,0,9,2,0
48.0817,1,2867200,windows,0,485,485,11,0,0,0,0,0,0,9,2,0
48.228,0,2945024,repair,0,485,485,11,0,0,0,0,0,0,9,2,0
48.3479,1,2882560,windows,0,485,485,11,0,0,0,0,0,0,9,2,0
48.4837,0,2960384,repair,0,485,485,11,0,0,0,0,0,0,9,2,0
48.6025,1,2896896,windows,0,485,485,11,0,0,0,0,0,0,9,2,0
48.7428,0,2974720,windows,0,485,485,11,0,0,0,0,0,0,9,2,0
48.8649,1,2911232,windows,0,485,485,11,0,0,0,0,0,0,9,2,0
49.0064,0,2989056,windows,0,485,485,11,0,0,0,0,0,0,9,2,0
49.1192,1,2925568,windows,0,485,485,11,0,0,0,0,0,0,9,2,0
49.2672,0,3003392,windows,0,485,485,11,0,0,0,0,0,0,9,2,0
49.383,1,2939904,windows,0,485,485,11,0,0,0,0,0,0,9,2,0
49.52,0,3017728,windows,0,485,485,11,0,0,0,0,0,0,9,2,0
49.6482,1,2955264,windows,0,485,485,11,0,0,0,0,0,0,9,2,0
49.7742,0,3032064,windows,0,485,485,11,0,0,0,0,0,0,9,2,0
49.9094,1,2970624,windows,0,485,485,11,0,0,0,0,0,0,9,2,0
50.0398,0,3045376,windows,0,485,485,11,0,0,0,0,0,0,9,2,0
50.1744,1,2985984,windows,0,485,485,11,0,0,0,0,0,0,9,2,0
50.2962,0,3059712,windows,0,485,485,11,0,0,0,0,0,0,9,2,0
50.4301,1,3000320,windows,0,485,485,11,0,0,0,0,0,0,9,2,0
50.5515,0,3074048,windows,0,485,485,11,0,0,0,0,0,0,9,2,0
50.6848,1,3014656,windows,0,485,485,11,0,0,0,0,0,0,9,2,0
50.8139,0,3088384,windows,0,485,485,11,0,0,0,0,0,0,9,2,0
50.9365,1,3028992,windows,0,485,485,11,0,0,0,0,0,0,9,2,0
51.0662,0,3101696,windows,0,485,485,11,0,0,0,0,0,0,9,2,0
51.1977,1,3043328,windows,0,485,485,11,0,0,0,0,0,0,9,2,0
51.3254,0,3116032,windows,0,485,485,11,0,0,0,0,0,0,9,2,0
51.4572,1,3057664,windows,0,485,485,11,0,0,0,0,0,0,9,2,0
51.5776,0,3130368,windows,0,485,485,11,0,0,0,0,0,0,9,2,0
51.7101,1,3072000,windows,0,485,485,11,0,0,0,0,0,0,9,2,0
51.8315,0,3144704,windows,0,485,485,11,0,0,0,0,0,0,9,2,0
51.9767,1,3087360,windows,0,485,485,11,0,0,0,0,0,0,9,2,0
52.0856,0,3159040,windows,0,485,485,11,0,0,0,0,0,0,9,2,0
52.2283,1,3101696,windows,0,485,485,11,0,0,0,0,0,0,9,2,0
52.3364,0,3173376,windows,0,485,485,11,0,0,0,0,0,0,9,2,0
52.4855,1,3116032,windows,0,485,485,11,0,0,0,0,0,0,9,2,0
52.5941,0,3187712,windows,0,485,485,11,0,0,0,0,0,0,9,2,0
52.7465,1,3131392,windows,0,485,485,11,0,0,0,0,0,0,9,2,0
52.8526,0,3202048,windows,0,485,485,11,0,0,0,0,0,0,9,2,0
53.0078,1,3147776,windows,0,485,485,11,0,0,0,0,0,0,9,2,0
53.1198,0,3217408,windows,0,485,485,11,0,0,0,0,0,0,9,2,0
53.2594,1,3162112,repair,0,485,485,11,0,0,0,0,0,0,9,2,0
53.3713,0,3231744,windows,0,485,485,11,0,0,0,0,0,0,9,2,0
53.5158,1,3177472,repair,0,485,485,11,0,0,0,0,0,0,9,2,0
53.6252,0,3246080,windows,0,485,485,11,0,0,0,0,0,0,9,2,0
53.7761,1,3192832,windows,0,485,485,11,0,0,0,0,0,0,9,2,0
53.8908,0,3261440,windows,0,485,485,11,0,0,0,0,0,0,9,2,0
54.042,1,3208192,windows,0,485,485,11,0,0,0,0,0,0,9,2,0
54.1507,0,3276800,windows,0,485,485,11,0,0,0,0,0,0,9,2,0
54.3049,1,3222528,windows,0,485,485,11,0,0,0,0,0,0,9,2,0
54.4084,0,3292160,windows,0,485,485,11,0,0,0,0,0,0,9,2,0
54.5637,1,3236864,windows,0,485,485,11,0,0,0,0,0,0,9,2,0
54.6736,0,3307520,windows,0,485,485,11,0,0,0,0,0,0,9,2,0
54.8209,1,3251200,windows,0,485,485,11,0,0,0,0,0,0,9,2,0
54.9313,0,3322880,windows,0,485,485,11,0,0,0,0,0,0,9,2,0
55.0715,1,3265536,windows,0,485,485,11,0,0,0,0,0,0,9,2,0
55.1849,0,3338240,windows,0,485,485,11,0,0,0,0,0,0,9,2,0
55.3297,1,3279872,windows,0,485,485,11,0,0,0,0,0,0,9,2,0
55.4481,0,3354624,windows,0,485,485,11,0,0,0,0,0,0,9,2,0
55.5896,1,3294208,windows,0,485,485,11,0,0,0,0,0,0,9,2,0
55.7021,0,3369984,windows,0,485,485,11,0,0,0,0,0,0,9,2,0
55.8514,1,3308544,windows,0,485,485,11,0,0,0,0,0,0,9,2,0
55.9689,0,3386368,windows,0,485,485,11,0,0,0,0,0,0,9,2,0
56.1151,1,3318784,windows,0,485,485,11,0,0,0,0,0,0,9,2,0
56.2202,0,3401728,windows,0,485,485,11,0,0,0,0,0,0,9,2,0
56.3805,1,3332096,windows,0,485,485,11,0,0,0,0,0,0,9,2,0
56.4858,0,3417088,windows,0,485,485,11,0,0,0,0,0,0,9,2,0
56.6439,1,3345408,windows,0,485,485,11,0,0,0,0,0,0,9,2,0
56.7518,0,3433472,windows,0,485,485,11,0,0,0,0,0,0,9,2,0
56.9002,1,3359744,windows,0,485,485,11,0,0,0,0,0,0,9,2,0
57.0125,0,3448832,windows,0,485,485,11,0,0,0,0,0,0,9,2,0
57.1573,1,3374080,windows,0,485,485,11,0,0,0,0,0,0,9,2,0
57.2759,0,3464192,windows,0,485,485,11,0,0,0,0,0,0,9,2,0
57.4136,1,3387392,windows,0,485,485,11,0,0,0,0,0,0,9,2,0
57.5281,0,3477504,windows,0,485,485,11,0,0,0,0,0,0,9,2,0
57.6826,1,3402752,windows,0,485,485,11,0,0,0,0,0,0,9,2,0
57.7932,0,3491840,windows,0,485,485,11,0,0,0,0,0,0,9,2,0
57.9481,1,3418112,windows,0,485,485,11,0,0,0,0,0,0,9,2,0
58.0591,0,3506176,windows,0,485,485,11,0,0,0,0,0,0,9,2,0
58.2085,1,3432448,windows,0,485,485,11,0,0,0,0,0,0,9,2,0
58.3133,0,3520512,windows,0,485,485,11,0,0,0,0,0,0,9,2,0
58.4757,1,3446784,windows,0,485,485,11,0,0,0,0,0,0,9,2,0
58.5718,0,3534848,windows,0,485,485,11,0,0,0,0,0,0,9,2,0
58.7362,1,3461120,windows,0,485,485,11,0,0,0,0,0,0,9,2,0
58.8337,0,3549184,windows,0,485,485,11,0,0,0,0,0,0,9,2,0
58.9956,1,3475456,windows,0,485,485,11,0,0,0,0,0,0,9,2,0
59.0862,0,3566592,windows,0,485,485,11,0,0,0,0,0,0,9,2,0
59.2506,1,3489792,windows,0,485,485,11,0,0,0,0,0,0,9,2,0
59.3401,0,3582976,windows,0,485,485,11,0,0,0,0,0,0,9,2,0
59.5175,1,3504128,repair,0,485,485,11,0,0,0,0,0,0,9,2,0
59.5997,0,3600384,windows,0,485,485,11,0,0,0,0,0,0,9,2,0
59.7835,1,3519488,repair,0,485,485,11,0,0,0,0,0,0,9,2,0
59.8585,0,3616768,windows,0,485,485,11,0,0,0,0,0,0,9,2,0
60.0343,1,3533824,windows,0,485,485,11,0,0,0,0,0,0,9,2,0
60.1113,0,3634176,windows,0,485,485,11,0,0,0,0,0,0,9,2,0
60.2871,1,3547136,windows,0,485,485,11,0,0,0,0,0,0,9,2,0
60.3634,0,3650560,windows,0,485,485,11,0,0,0,0,0,0,9,2,0
60.5518,1,3560448,windows,0,485,485,11,0,0,0,0,0,0,9,2,0
60.6142,0,3666944,windows,0,485,485,11,0,0,0,0,0,0,9,2,0
60.8134,1,3576832,windows,0,485,485,11,0,0,0,0,0,0,9,2,0
60.8663,0,3683328,windows,0,485,485,11,0,0,0,0,0,0,9,2,0
61.0756,1,3593216,windows,0,485,485,11,0,0,0,0,0,0,9,2,0
61.1229,0,3696640,repair,935,1.56513e+08,1.56506e+08,5300,50,142,137,401,205,0,2999,2090,211
61.3351,1,3610624,windows,0,485,485,11,0,0,0,0,0,0,9,2,0
61.3886,0,3716096,repair,667,3.0843e+08,3.08403e+08,7584,53,134,121,234,125,0,4152,3252,180
61.5967,1,3627008,windows,0,485,485,11,0,0,0,0,0,0,9,2,0
61.6457,0,3735552,repair,546,2.76808e+08,2.76748e+08,7410,32,118,92,179,125,0,4273,2984,153
61.8481,1,3642368,windows,0,485,485,11,0,0,0,0,0,0,9,2,0
61.9049,0,3753984,repair,466,2.61309e+08,2.61285e+08,7092,38,97,82,152,97,0,3953,2981,158
62.0984,1,3657728,windows,0,485,485,11,0,0,0,0,0,0,9,2,0
62.1613,0,3773440,repair,368,2.18938e+08,2.18933e+08,6538,19,72,62,136,79,0,3666,2719,153
62.3588,1,3673088,windows,0,485,485,11,0,0,0,0,0,0,9,2,0
62.4159,0,3791872,repair,300,1.9305e+08,1.92978e+08,6270,9,59,54,108,70,0,3671,2481,118
62.6206,1,3689472,windows,0,485,485,11,0,0,0,0,0,0,9,2,0
62.6803,0,3810304,repair,231,2.01127e+08,2.01076e+08,6401,8,41,43,87,52,0,3720,2551,130
62.8802,1,3705856,windows,0,485,485,11,0,0,0,0,0,0,9,2,0
62.9345,0,3828736,repair,176,1.72491e+08,1.72469e+08,6085,9,27,23,69,48,0,3720,2260,105
63.1333,1,3722240,windows,0,485,485,11,0,0,0,0,0,0,9,2,0
63.201,0,3845120,repair,141,1.54002e+08,1.53938e+08,5750,6,21,12,59,43,0,3482,2149,119
63.3977,1,3738624,windows,0,485,485,11,0,0,0,0,0,0,9,2,0
63.4563,0,3861504,repair,107,1.45542e+08,1.45542e+08,5616,2,15,14,48,28,0,3451,2066,99
63.649,1,3755008,windows,0,485,485,11,0,0,0,0,0,0,9,2,0
63.7166,0,3877888,repair,79,1.35687e+08,1.35687e+08,5391,2,14,6,38,19,0,3277,2019,95
63.9071,1,3771392,windows,0,485,485,11,0,0,0,0,0,0,9,2,0
63.9803,0,3894272,repair,56,1.17223e+08,1.1717e+08,5115,3,6,11,26,10,0,3221,1803,91
64.1591,1,3787776,windows,0,485,485,11,0,0,0,0,0,0,9,2,0
64.2444,0,3910656,repair,31,1.1623e+08,1.16228e+08,5075,3,5,4,11,8,0,3179,1809,87
64.4217,1,3804160,windows,0,485,485,11,0,0,0,0,0,0,9,2,0
64.4978,0,3926016,repair,16,1.07148e+08,1.07145e+08,4883,0,3,2,6,5,0,3058,1734,91
64.6756,1,3820544,windows,0,485,485,11,0,0,0,0,0,0,9,2,0
64.7577,0,3941376,repair,9,9.68192e+07,9.67839e+07,4679,0,0,0,6,3,0,2962,1623,94
64.9377,1,3837952,windows,0,485,485,11,0,0,0,0,0,0,9,2,0
65.0235,0,3956736,repair,2,8.21084e+07,8.20797e+07,4370,0,0,0,0,2,0,2854,1435,81
65.1939,1,3854336,windows,0,485,485,11,0,0,0,0,0,0,9,2,0
65.2756,0,3971072,repair,1,7.91018e+07,7.91018e+07,4288,0,0,0,0,1,0,2807,1406,75
65.4515,1,3867648,repair,1024,9.29219e+07,9.2891e+07,3575,30,74,67,546,307,0,2140,1215,220
65.528,0,3985408,repair,0,6.17989e+07,6.17969e+07,3806,0,0,0,0,0,0,2510,1228,68
65.7226,1,3887104,repair,679,2.79303e+08,2.79283e+08,7261,50,136,138,223,132,0,3987,3073,201
65.7886,0,3999744,repair,0,5.14484e+07,5.14251e+07,3511,0,0,0,0,0,0,2378,1074,59
65.9839,1,3906560,repair,556,2.55509e+08,2.55447e+08,7123,36,97,101,209,113,0,4092,2862,169
66.0475,0,4015104,windows,0,4.23878e+07,4.23878e+07,3191,0,0,0,0,0,0,2171,968,52
66.2349,1,3924992,repair,466,2.2978e+08,2.29757e+08,6669,31,88,73,167,107,0,3763,2769,137
66.3107,0,4028416,windows,0,3.48034e+07,3.48019e+07,2886,0,0,0,0,0,0,1949,887,50
66.4857,1,3942400,repair,352,2.44356e+08,2.44356e+08,6887,22,67,47,146,70,0,3859,2882,146
66.5615,0,4041728,windows,0,2.97079e+07,2.9681e+07,2653,0,0,0,0,0,0,1772,835,46
66.7466,1,3961856,repair,307,1.96659e+08,1.96609e+08,6366,14,51,59,127,56,0,3745,2487,134
66.8195,0,4055040,windows,0,2.55885e+07,2.55649e+07,2476,0,0,0,0,0,0,1674,759,43
66.9981,1,3980288,repair,239,1.9741e+08,1.97406e+08,6319,8,33,38,102,58,0,3644,2539,136
67.0759,0,4068352,windows,0,2.19854e+07,2.197e+07,2283,0,0,0,0,0,0,1531,715,37
67.2579,1,3998720,repair,178,1.75775e+08,1.7571e+08,6027,13,32,33,62,38,0,3565,2358,104
67.3313,0,4081664,windows,0,1.80393e+07,1.80313e+07,2067,0,0,0,0,0,0,1374,654,39
67.5121,1,4017152,repair,148,1.45043e+08,1.44997e+08,5475,6,29,11,62,40,0,3221,2147,107
67.5904,0,4094976,windows,0,1.51772e+07,1.51764e+07,1907,0,0,0,0,0,0,1298,580,29
67.7693,1,4035584,repair,101,1.49007e+08,1.48965e+08,5626,4,17,12,44,24,0,3394,2131,101
67.8475,0,4108288,windows,0,1.31084e+07,1.31084e+07,1793,0,0,0,0,0,0,1247,515,31
68.0245,1,4054016,repair,73,1.31188e+08,1.31148e+08,5286,4,8,7,36,18,0,3179,2002,105
68.1052,0,4121600,windows,0,1.14896e+07,1.14888e+07,1673,0,0,0,0,0,0,1158,488,27
68.2852,1,4072448,repair,35,1.28394e+08,1.28355e+08,5263,1,5,4,14,11,0,3225,1951,87
68.3578,0,4133888,windows,0,1.03437e+07,1.03437e+07,1595,0,0,0,0,0,0,1122,449,24
68.5442,1,4087808,repair,27,1.08183e+08,1.08149e+08,4910,1,1,4,12,9,0,3112,1726,72
68.6169,0,4145152,windows,0,9.16421e+06,9.16421e+06,1492,0,0,0,0,0,0,1036,435,21
68.8031,1,4103168,repair,13,1.00234e+08,1.00232e+08,4705,0,2,3,5,3,0,2949,1682,74
68.8769,0,4157440,windows,0,7.58424e+06,7.57133e+06,1377,0,0,0,0,0,0,989,366,22
69.0548,1,4115456,repair,6,9.31116e+07,9.31093e+07,4562,1,1,1,2,1,0,2880,1604,78
69.1273,0,4169728,windows,0,6.6509e+06,6.64319e+06,1282,0,0,0,0,0,0,906,356,20
69.3157,1,4131840,repair,2,7.92551e+07,7.92528e+07,4250,0,1,0,0,1,0,2728,1447,75
69.402,0,4183040,windows,0,5.85327e+06,5.84626e+06,1192,0,0,0,0,0,0,822,351,19
69.5707,1,4146176,repair,2,6.7496e+07,6.7494e+07,3940,0,1,0,0,1,0,2554,1318,68
69.6625,0,4195328,windows,0,5.20914e+06,5.20855e+06,1133,0,0,0,0,0,0,792,321,20
69.8257,1,4161536,repair,1,5.6729e+07,5.66916e+07,3648,0,0,0,0,1,0,2410,1174,64
69.9133,0,4207616,windows,0,4.6263e+06,4.62037e+06,1072,0,0,0,0,0,0,755,297,20
70.0883,1,4177920,windows,0,4.67317e+07,4.67205e+07,3328,0,0,0,0,0,0,2243,1037,48
70.1815,0,4220928,windows,0,3.87008e+06,3.87008e+06,971,0,0,0,0,0,0,667,286,18
70.3423,1,4194304,windows,0,3.77821e+07,3.77639e+07,3006,0,0,0,0,0,0,2058,910,38
70.44,0,4234240,windows,0,3.18738e+06,3.18738e+06,891,0,0,0,0,0,0,629,245,17
70.6032,1,4210688,windows,0,3.0162e+07,3.01529e+07,2683,0,0,0,0,0,0,1828,819,36
70.6912,0,4248576,windows,0,2.70973e+06,2.70917e+06,820,0,0,0,0,0,0,568,233,19
70.8574,1,4227072,windows,0,2.52783e+07,2.527e+07,2448,0,0,0,0,0,0,1649,763,36
70.9498,0,4264960,windows,0,2.3048e+06,2.30421e+06,760,0,0,0,0,0,0,528,212,20
71.1108,1,4242432,windows,0,2.13665e+07,2.13665e+07,2282,0,0,0,0,0,0,1569,671,42
71.211,0,4280320,windows,0,1.96427e+06,1.96427e+06,709,0,0,0,0,0,0,520,174,15
71.3787,1,4258816,windows,0,1.80521e+07,1.80521e+07,2080,0,0,0,0,0,0,1405,638,37
71.4686,0,4294656,windows,0,1.57818e+06,1.5725e+06,631,0,0,0,0,0,0,437,175,19
71.6489,1,4273152,windows,0,1.50018e+07,1.50018e+07,1910,0,0,0,0,0,0,1310,565,35
71.7247,0,4308992,windows,0,1.33484e+06,1.33278e+06,583,0,0,0,0,0,0,413,154,16
71.9102,1,4289536,windows,0,1.25378e+07,1.25316e+07,1757,0,0,0,0,0,0,1234,495,28
71.985,0,4324352,windows,0,1.14439e+06,1.1413e+06,534,0,0,0,0,0,0,362,155,17
72.1685,1,4305920,windows,0,1.07171e+07,1.0707e+07,1630,0,0,0,0,0,0,1141,457,32
72.2508,0,4340736,windows,0,979300,977551,500,0,0,0,0,0,0,350,134,16
72.4282,1,4323328,windows,0,9.01984e+06,9.01008e+06,1479,0,0,0,0,0,0,1005,444,30
72.5065,0,4356096,windows,0,801145,798730,452,0,0,0,0,0,0,317,121,14
72.6904,1,4339712,windows,0,7.22294e+06,7.21755e+06,1333,0,0,0,0,0,0,924,383,26
72.7732,0,4371456,windows,0,629615,626026,399,0,0,0,0,0,0,275,111,13
72.9413,1,4355072,windows,0,6.15146e+06,6.13939e+06,1221,0,0,0,0,0,0,837,363,21
73.0339,0,4385792,windows,0,519920,518681,362,0,0,0,0,0,0,248,102,12
73.2006,1,4370432,windows,0,5.36618e+06,5.3557e+06,1152,0,0,0,0,0,0,810,322,20
73.2903,0,4401152,windows,0,457070,453996,339,0,0,0,0,0,0,232,96,11
73.4645,1,4386816,windows,0,4.52676e+06,4.52044e+06,1061,0,0,0,0,0,0,753,290,18
73.5429,0,4415488,windows,0,403405,400194,321,0,0,0,0,0,0,221,88,12
73.7247,1,4402176,windows,0,3.61222e+06,3.60356e+06,941,0,0,0,0,0,0,657,269,15
73.7971,0,4430848,windows,0,309275,309275,282,0,0,0,0,0,0,195,76,11
73.9875,1,4418560,windows,0,2.92178e+06,2.91832e+06,856,0,0,0,0,0,0,623,221,12
74.06,0,4447232,windows,0,251555,251555,254,0,0,0,0,0,0,177,68,9
74.2413,1,4433920,windows,0,2.50484e+06,2.50197e+06,791,0,0,0,0,0,0,575,206,10
74.3201,0,4462592,windows,0,211750,211750,232,0,0,0,0,0,0,158,65,9
74.4967,1,4449280,windows,0,2.18043e+06,2.17384e+06,735,0,0,0,0,0,0,528,198,9
74.5714,0,4478976,windows,0,183205,182451,217,0,0,0,0,0,0,151,58,8
74.7522,1,4465664,windows,0,1.75261e+06,1.74633e+06,650,0,0,0,0,0,0,452,191,7
74.8341,0,4495360,windows,0,160745,160061,202,0,0,0,0,0,0,137,57,8
75.0062,1,4481024,windows,0,1.40842e+06,1.40842e+06,587,0,0,0,0,0,0,412,167,8
75.0978,0,4510720,windows,0,106830,105875,165,0,0,0,0,0,0,108,48,9
75.2668,1,4497408,windows,0,1.1627e+06,1.15953e+06,540,0,0,0,0,0,0,386,144,10
75.354,0,4527104,windows,0,89405,88570,151,0,0,0,0,0,0,103,42,6
75.5295,1,4513792,windows,0,961830,961568,492,0,0,0,0,0,0,354,129,9
75.6053,0,4542464,windows,0,74155,73360,136,0,0,0,0,0,0,91,40,5
75.7907,1,4530176,windows,0,814225,812571,454,0,0,0,0,0,0,331,115,8
75.8618,0,4558848,windows,0,65710,65710,129,0,0,0,0,0,0,92,34,3
76.0485,1,4545536,windows,0,614095,611838,393,0,0,0,0,0,0,283,103,7
76.112,0,4574208,windows,0,54415,54272.5,119,0,0,0,0,0,0,83,31,5
76.3142,1,4561920,windows,0,525275,525072,366,0,0,0,0,0,0,269,90,7
76.3792,0,4590592,windows,0,46580,46580,110,0,0,0,0,0,0,78,28,4
76.5654,1,4577280,windows,0,459560,459328,345,0,0,0,0,0,0,258,79,8
76.6391,0,4605952,windows,0,41365,40810,103,0,0,0,0,0,0,71,28,4
76.8228,1,4593664,windows,0,393115,391600,318,0,0,0,0,0,0,235,76,7
76.899,0,4622336,windows,0,36185,35861.2,96,0,0,0,0,0,0,65,27,4
77.0752,1,4609024,windows,0,303350,301752,276,0,0,0,0,0,0,198,73,5
77.1551,0,4637696,windows,0,33455,32920,91,0,0,0,0,0,0,61,27,3
77.3384,1,4625408,windows,0,251455,251252,253,0,0,0,0,0,0,179,67,7
77.4218,0,4654080,windows,0,26915,26641.2,82,0,0,0,0,0,0,55,24,3
77.6038,1,4641792,windows,0,215885,215712,235,0,0,0,0,0,0,169,60,6
77.6814,0,4669440,windows,0,24795,24066.2,78,0,0,0,0,0,0,51,24,3
77.865,1,4658176,windows,0,173495,172731,209,0,0,0,0,0,0,153,53,3
77.9362,0,4685824,windows,0,22855,22855,75,0,0,0,0,0,0,49,23,3
78.1277,1,4674560,windows,0,140025,140025,188,0,0,0,0,0,0,141,45,2
78.1863,0,4701184,windows,0,22855,22855,75,0,0,0,0,0,0,49,23,3
78.3855,1,4689920,windows,0,106185,104744,164,0,0,0,0,0,0,123,39,2
78.451,0,4716544,windows,0,18770,18770,68,0,0,0,0,0,0,44,21,3
78.6414,1,4705280,windows,0,95875,95875,154,0,0,0,0,0,0,113,40,1
78.7159,0,4731904,windows,0,18770,18770,68,0,0,0,0,0,0,44,21,3
78.9072,1,4721664,windows,0,83195,82661.2,144,0,0,0,0,0,0,107,36,1
78.9736,0,4748288,windows,0,17540,17427.5,68,0,0,0,0,0,0,46,18,4
79.1699,1,4739072,windows,0,66050,66050,129,0,0,0,0,0,0,98,30,1
79.2364,0,4764672,windows,0,16875,16875,66,0,0,0,0,0,0,45,18,3
79.4326,1,4755456,windows,0,50270,50270,113,0,0,0,0,0,0,88,24,1
79.4867,0,4779008,windows,0,16430,16075,65,0,0,0,0,0,0,44,18,3
79.6974,1,4771840,windows,0,47555,47120,110,0,0,0,0,0,0,87,22,1
79.7393,0,4794368,windows,0,14260,14061.2,61,0,0,0,0,0,0,40,17,4
79.9626,1,4789248,windows,0,42755,42755,104,0,0,0,0,0,0,79,24,1
80.0053,0,4811776,windows,0,12820,12820,58,0,0,0,0,0,0,38,16,4
80.2249,1,4806656,windows,0,39490,39035,100,0,0,0,0,0,0,76,23,1
80.2606,0,4827136,windows,0,11725,11551.2,55,0,0,0,0,0,0,35,16,4
80.4912,1,4824064,windows,0,32155,31720,90,0,0,0,0,0,0,67,22,1
80.5189,0,4843520,windows,0,11725,11551.2,55,0,0,0,0,0,0,35,16,4
80.7457,1,4841472,windows,0,27085,26791.2,81,0,0,0,0,0,0,59,22,0
80.7762,0,4859904,windows,0,10405,9977.5,51,0,0,0,0,0,0,31,16,4
80.9982,1,4857856,windows,0,27085,26791.2,81,0,0,0,0,0,0,59,22,0
81.0265,0,4876288,windows,0,10100,9672.5,50,0,0,0,0,0,0,30,16,4
81.2525,1,4875264,windows,0,21365,20766.2,73,0,0,0,0,0,0,57,16,0
81.2903,0,4892672,windows,0,10100,9672.5,50,0,0,0,0,0,0,30,16,4
81.5125,1,4892672,windows,0,19165,18586.2,69,0,0,0,0,0,0,53,16,0
81.5557,0,4908032,windows,0,9520,9092.5,48,0,0,0,0,0,0,28,16,4
81.7748,1,4910080,windows,0,17345,16970,64,0,0,0,0,0,0,45,19,0
81.8067,0,4923392,windows,0,9520,9092.5,48,0,0,0,0,0,0,28,16,4
82.0381,1,4928512,windows,0,16040,15831.2,61,0,0,0,0,0,0,42,19,0
82.0646,0,4938752,windows,0,9520,9092.5,48,0,0,0,0,0,0,28,16,4
82.2992,1,4945920,windows,0,13600,13381.2,58,0,0,0,0,0,0,44,14,0
82.3173,0,4954112,windows,0,8975,8831.25,47,0,0,0,0,0,0,29,15,3
82.5496,1,4963328,windows,0,12200,12200,55,0,0,0,0,0,0,42,13,0
82.5813,0,4971520,windows,0,8150,8150,44,0,0,0,0,0,0,26,15,3
82.8043,1,4980736,windows,0,12200,12200,55,0,0,0,0,0,0,42,13,0
82.8419,0,4986880,windows,0,8150,8150,44,0,0,0,0,0,0,26,15,3
83.0617,1,4999168,windows,0,10765,10765,51,0,0,0,0,0,0,37,14,0
83.0987,0,5003264,windows,0,8150,8150,44,0,0,0,0,0,0,26,15,3
83.3157,1,5016576,windows,0,9505,9505,48,0,0,0,0,0,0,35,13,0
83.353,0,5019648,windows,0,7570,7570,43,0,0,0,0,0,0,26,14,3
83.5732,1,5033984,windows,0,8825,8825,46,0,0,0,0,0,0,33,13,0
83.6035,0,5037056,windows,0,7570,7570,43,0,0,0,0,0,0,26,14,3
83.8334,1,5052416,windows,0,8200,8200,45,0,0,0,0,0,0,34,11,0
83.8581,0,5054464,windows,0,7315,7315,42,0,0,0,0,0,0,25,14,3
84.0896,1,5071872,windows,0,7380,7380,42,0,0,0,0,0,0,30,12,0
84.1173,0,5072896,windows,0,7070,7070,41,0,0,0,0,0,0,24,14,3
84.3401,1,5090304,windows,0,6800,6800,40,0,0,0,0,0,0,28,12,0
84.3803,0,5091328,windows,0,7070,7070,41,0,0,0,0,0,0,24,14,3
84.5956,1,5108736,windows,0,6340,6201.25,39,0,0,0,0,0,0,28,11,0
84.6399,0,5109760,windows,0,6835,6835,40,0,0,0,0,0,0,23,14,3
84.8607,1,5128192,windows,0,6065,6065,38,0,0,0,0,0,0,27,11,0
84.9016,0,5127168,windows,0,6835,6835,40,0,0,0,0,0,0,23,14,3
85.1241,1,5144576,windows,0,6065,6065,38,0,0,0,0,0,0,27,11,0
85.1684,0,5142528,windows,0,6835,6835,40,0,0,0,0,0,0,23,14,3
85.3763,1,5159936,windows,0,5800,5800,37,0,0,0,0,0,0,26,11,0
85.4337,0,5157888,windows,0,6835,6835,40,0,0,0,0,0,0,23,14,3
85.6344,1,5176320,windows,0,5800,5800,37,0,0,0,0,0,0,26,11,0
85.6955,0,5173248,windows,0,6610,6610,39,0,0,0,0,0,0,22,14,3
85.9018,1,5192704,windows,0,5545,5545,36,0,0,0,0,0,0,25,11,0
85.9496,0,5187584,windows,0,6610,6610,39,0,0,0,0,0,0,22,14,3
86.1546,1,5209088,windows,0,5545,5545,36,0,0,0,0,0,0,25,11,0
86.2023,0,5201920,windows,0,6610,6610,39,0,0,0,0,0,0,22,14,3
86.4195,1,5227520,windows,0,5545,5545,36,0,0,0,0,0,0,25,11,0
86.4619,0,5216256,windows,0,6190,6091.25,37,0,0,0,0,0,0,20,14,3
86.6771,1,5245952,windows,0,5545,5545,36,0,0,0,0,0,0,25,11,0
86.7123,0,5230592,windows,0,6190,6091.25,37,0,0,0,0,0,0,20,14,3
86.9306,1,5264384,windows,0,5300,5300,35,0,0,0,0,0,0,24,11,0
86.9652,0,5245952,windows,0,5995,5995,36,0,0,0,0,0,0,19,14,3
87.1861,1,5283840,windows,0,5300,5300,35,0,0,0,0,0,0,24,11,0
87.2218,0,5261312,windows,0,5995,5995,36,0,0,0,0,0,0,19,14,3
87.445,1,5303296,windows,0,5300,5300,35,0,0,0,0,0,0,24,11,0
87.489,0,5276672,windows,0,5995,5995,36,0,0,0,0,0,0,19,14,3
87.699,1,5321728,windows,0,485,485,11,0,0,0,0,0,0,9,2,0
87.749,0,5292032,windows,0,5995,5995,36,0,0,0,0,0,0,19,14,3
87.9493,1,5341184,windows,0,485,485,11,0,0,0,0,0,0,9,2,0
88.0149,0,5307392,windows,0,5995,5995,36,0,0,0,0,0,0,19,14,3
88.2109,1,5360640,windows,0,485,485,11,0,0,0,0,0,0,9,2,0
88.2734,0,5322752,windows,0,5995,5995,36,0,0,0,0,0,0,19,14,3
88.4731,1,5381120,windows,0,485,485,11,0,0,0,0,0,0,9,2,0
88.5342,0,5337088,windows,0,485,485,11,0,0,0,0,0,0,9,2,0
88.7243,1,5399552,windows,0,485,485,11,0,0,0,0,0,0,9,2,0
88.7964,0,5354496,windows,0,485,485,11,0,0,0,0,0,0,9,2,0
88.977,1,5415936,windows,0,485,485,11,0,0,0,0,0,0,9,2,0
89.0545,0,5370880,windows,0,485,485,11,0,0,0,0,0,0,9,2,0
89.2348,1,5429248,windows,0,485,485,11,0,0,0,0,0,0,9,2,0
89.3093,0,5385216,windows,0,485,485,11,0,0,0,0,0,0,9,2,0
89.4898,1,5442560,windows,0,485,485,11,0,0,0,0,0,0,9,2,0
89.5636,0,5399552,windows,0,400,400,10,0,0,0,0,0,0,8,2,0
89.7495,1,5456896,windows,0,485,485,11,0,0,0,0,0,0,9,2,0
89.8182,0,5419008,windows,0,400,400,10,0,0,0,0,0,0,8,2,0
90.0159,1,5471232,windows,0,485,485,11,0,0,0,0,0,0,9,2,0
90.0754,0,5438464,windows,0,400,400,10,0,0,0,0,0,0,8,2,0
90.2781,1,5485568,windows,0,485,485,11,0,0,0,0,0,0,9,2,0
90.3306,0,5455872,windows,0,400,400,10,0,0,0,0,0,0,8,2,0
90.5326,1,5498880,windows,0,485,485,11,0,0,0,0,0,0,9,2,0
90.5882,0,5473280,windows,0,400,400,10,0,0,0,0,0,0,8,2,0
90.7907,1,5513216,windows,0,485,485,11,0,0,0,0,0,0,9,2,0
90.8447,0,5491712,windows,0,400,400,10,0,0,0,0,0,0,8,2,0
91.0456,1,5528576,windows,0,485,485,11,0,0,0,0,0,0,9,2,0
91.0993,0,5511168,windows,0,400,400,10,0,0,0,0,0,0,8,2,0
91.3003,1,5542912,windows,0,485,485,11,0,0,0,0,0,0,9,2,0
91.3547,0,5527552,windows,0,400,400,10,0,0,0,0,0,0,8,2,0
91.5626,1,5557248,windows,0,485,485,11,0,0,0,0,0,0,9,2,0
91.614,0,5545984,windows,0,400,400,10,0,0,0,0,0,0,8,2,0
91.8259,1,5572608,windows,0,400,400,10,0,0,0,0,0,0,8,2,0
91.8645,0,5562368,windows,0,400,400,10,0,0,0,0,0,0,8,2,0
92.0785,1,5586944,windows,0,400,400,10,0,0,0,0,0,0,8,2,0
92.1195,0,5578752,windows,0,400,400,10,0,0,0,0,0,0,8,2,0
92.3408,1,5602304,windows,0,400,400,10,0,0,0,0,0,0,8,2,0
92.3701,0,5595136,windows,0,400,400,10,0,0,0,0,0,0,8,2,0
92.5937,1,5617664,windows,0,400,400,10,0,0,0,0,0,0,8,2,0
92.6247,0,5611520,windows,0,400,400,10,0,0,0,0,0,0,8,2,0
92.8537,1,5632000,windows,0,400,400,10,0,0,0,0,0,0,8,2,0
92.8876,0,5628928,windows,0,400,400,10,0,0,0,0,0,0,8,2,0
93.1192,1,5647360,windows,0,400,400,10,0,0,0,0,0,0,8,2,0
93.1385,0,5646336,windows,0,400,400,10,0,0,0,0,0,0,8,2,0
93.3818,1,5661696,windows,0,400,400,10,0,0,0,0,0,0,8,2,0
93.4092,0,5663744,windows,0,400,400,10,0,0,0,0,0,0,8,2,0
93.6342,1,5676032,windows,0,400,400,10,0,0,0,0,0,0,8,2,0
93.6656,0,5682176,windows,0,400,400,10,0,0,0,0,0,0,8,2,0
93.8844,1,5689344,windows,0,400,400,10,0,0,0,0,0,0,8,2,0
93.9167,0,5698560,windows,0,400,400,10,0,0,0,0,0,0,8,2,0
94.1404,1,5703680,windows,0,400,400,10,0,0,0,0,0,0,8,2,0
94.1706,0,5716992,windows,0,400,400,10,0,0,0,0,0,0,8,2,0
94.4015,1,5719040,windows,0,400,400,10,0,0,0,0,0,0,8,2,0
94.4285,0,5733376,windows,0,400,400,10,0,0,0,0,0,0,8,2,0
94.6673,1,5735424,windows,0,400,400,10,0,0,0,0,0,0,8,2,0
94.6856,0,5750784,windows,0,400,400,10,0,0,0,0,0,0,8,2,0
94.9253,1,5749760,windows,0,400,400,10,0,0,0,0,0,0,8,2,0
94.9526,0,5767168,windows,0,400,400,10,0,0,0,0,0,0,8,2,0
95.1799,1,5766144,windows,0,400,400,10,0,0,0,0,0,0,8,2,0
95.2213,0,5780480,windows,0,400,400,10,0,0,0,0,0,0,8,2,0
95.4355,1,5783552,windows,0,400,400,10,0,0,0,0,0,0,8,2,0
95.4852,0,5791744,windows,0,400,400,10,0,0,0,0,0,0,8,2,0
95.6913,1,5801984,windows,0,400,400,10,0,0,0,0,0,0,8,2,0
95.7523,0,5806080,windows,0,400,400,10,0,0,0,0,0,0,8,2,0
95.9441,1,5817344,windows,0,400,400,10,0,0,0,0,0,0,8,2,0
96.0034,0,5820416,windows,0,400,400,10,0,0,0,0,0,0,8,2,0
96.1965,1,5834752,windows,0,400,400,10,0,0,0,0,0,0,8,2,0
96.2672,0,5834752,windows,0,400,400,10,0,0,0,0,0,0,8,2,0
96.4596,1,5851136,windows,0,400,400,10,0,0,0,0,0,0,8,2,0
96.5217,0,5848064,windows,0,400,400,10,0,0,0,0,0,0,8,2,0
96.7121,1,5868544,windows,0,400,400,10,0,0,0,0,0,0,8,2,0
96.7767,0,5862400,windows,0,400,400,10,0,0,0,0,0,0,8,2,0
96.963,1,5885952,windows,0,400,400,10,0,0,0,0,0,0,8,2,0
97.0403,0,5877760,windows,0,400,400,10,0,0,0,0,0,0,8,2,0
97.217,1,5901312,windows,0,400,400,10,0,0,0,0,0,0,8,2,0
97.3034,0,5893120,windows,0,400,400,10,0,0,0,0,0,0,8,2,0
97.4735,1,5915648,windows,0,400,400,10,0,0,0,0,0,0,8,2,0
97.5618,0,5908480,windows,0,400,400,10,0,0,0,0,0,0,8,2,0
97.7332,1,5929984,windows,0,400,400,10,0,0,0,0,0,0,8,2,0
97.8245,0,5924864,windows,0,400,400,10,0,0,0,0,0,0,8,2,0
97.9966,1,5943296,windows,0,400,400,10,0,0,0,0,0,0,8,2,0
98.0804,0,5940224,windows,0,400,400,10,0,0,0,0,0,0,8,2,0
98.2564,1,5956608,windows,0,400,400,10,0,0,0,0,0,0,8,2,0
98.3463,0,5954560,windows,0,400,400,10,0,0,0,0,0,0,8,2,0
98.521,1,5970944,windows,0,400,400,10,0,0,0,0,0,0,8,2,0
98.6086,0,5967872,windows,0,400,400,10,0,0,0,0,0,0,8,2,0
98.7806,1,5987328,windows,0,400,400,10,0,0,0,0,0,0,8,2,0
98.8755,0,5982208,windows,0,400,400,10,0,0,0,0,0,0,8,2,0
99.0345,1,6003712,windows,0,400,400,10,0,0,0,0,0,0,8,2,0
99.1424,0,5994496,windows,0,400,400,10,0,0,0,0,0,0,8,2,0
99.2929,1,6021120,windows,0,400,400,10,0,0,0,0,0,0,8,2,0
99.4171,0,6008832,windows,0,400,400,10,0,0,0,0,0,0,8,2,0
99.5543,1,6039552,windows,0,400,400,10,0,0,0,0,0,0,8,2,0
99.676,0,6024192,windows,0,400,400,10,0,0,0,0,0,0,8,2,0
99.8103,1,6055936,windows,0,400,400,10,0,0,0,0,0,0,8,2,0
99.9313,0,6039552,windows,0,400,400,10,0,0,0,0,0,0,8,2,0
100.073,1,6072320,windows,0,400,400,10,0,0,0,0,0,0,8,2,0
100.184,0,6054912,windows,0,400,400,10,0,0,0,0,0,0,8,2,0
100.33,1,6088704,windows,0,400,400,10,0,0,0,0,0,0,8,2,0
100.448,0,6070272,windows,0,400,400,10,0,0,0,0,0,0,8,2,0
100.592,1,6105088,windows,0,400,400,10,0,0,0,0,0,0,8,2,0
100.707,0,6086656,windows,0,400,400,10,0,0,0,0,0,0,8,2,0
100.85,1,6121472,windows,0,400,400,10,0,0,0,0,0,0,8,2,0
100.958,0,6103040,windows,0,400,400,10,0,0,0,0,0,0,8,2,0
101.118,1,6136832,repair,0,400,400,10,0,0,0,0,0,0,8,2,0
101.223,0,6122496,windows,0,400,400,10,0,0,0,0,0,0,8,2,0
101.376,1,6150144,windows,0,400,400,10,0,0,0,0,0,0,8,2,0
101.479,0,6139904,windows,0,400,400,10,0,0,0,0,0,0,8,2,0
101.629,1,6163456,windows,0,400,400,10,0,0,0,0,0,0,8,2,0
101.734,0,6157312,windows,0,400,400,10,0,0,0,0,0,0,8,2,0
101.892,1,6176768,windows,0,400,400,10,0,0,0,0,0,0,8,2,0
101.999,0,6174720,repair,0,400,400,10,0,0,0,0,0,0,8,2,0
102.153,1,6191104,windows,0,400,400,10,0,0,0,0,0,0,8,2,0
102.257,0,6191104,repair,0,400,400,10,0,0,0,0,0,0,8,2,0
102.417,1,6204416,windows,0,400,400,10,0,0,0,0,0,0,8,2,0
102.512,0,6207488,repair,0,400,400,10,0,0,0,0,0,0,8,2,0
102.673,1,6217728,windows,0,400,400,10,0,0,0,0,0,0,8,2,0
102.762,0,6223872,repair,0,400,400,10,0,0,0,0,0,0,8,2,0
102.937,1,6232064,windows,0,400,400,10,0,0,0,0,0,0,8,2,0
103.021,0,6242304,repair,0,400,400,10,0,0,0,0,0,0,8,2,0
103.202,1,6246400,windows,0,400,400,10,0,0,0,0,0,0,8,2,0
103.278,0,6262784,windows,0,400,400,10,0,0,0,0,0,0,8,2,0
103.458,1,6259712,windows,0,400,400,10,0,0,0,0,0,0,8,2,0
103.54,0,6279168,windows,0,400,400,10,0,0,0,0,0,0,8,2,0
103.722,1,6274048,windows,0,400,400,10,0,0,0,0,0,0,8,2,0
103.797,0,6295552,windows,0,400,400,10,0,0,0,0,0,0,8,2,0
103.973,1,6287360,windows,0,400,400,10,0,0,0,0,0,0,8,2,0
104.056,0,6312960,windows,0,400,400,10,0,0,0,0,0,0,8,2,0
104.236,1,6301696,windows,0,400,400,10,0,0,0,0,0,0,8,2,0
104.307,0,6327296,windows,0,400,400,10,0,0,0,0,0,0,8,2,0
104.487,1,6315008,windows,0,400,400,10,0,0,0,0,0,0,8,2,0
104.568,0,6340608,windows,0,400,400,10,0,0,0,0,0,0,8,2,0
104.755,1,6330368,windows,0,400,400,10,0,0,0,0,0,0,8,2,0
104.823,0,6353920,windows,0,400,400,10,0,0,0,0,0,0,8,2,0
105.02,1,6345728,windows,0,400,400,10,0,0,0,0,0,0,8,2,0
105.075,0,6367232,windows,0,400,400,10,0,0,0,0,0,0,8,2,0
105.281,1,6364160,windows,0,400,400,10,0,0,0,0,0,0,8,2,0
105.334,0,6380544,windows,0,400,400,10,0,0,0,0,0,0,8,2,0
105.532,1,6379520,windows,0,400,400,10,0,0,0,0,0,0,8,2,0
105.59,0,6393856,windows,0,400,400,10,0,0,0,0,0,0,8,2,0
105.783,1,6393856,windows,0,400,400,10,0,0,0,0,0,0,8,2,0
105.842,0,6407168,windows,0,400,400,10,0,0,0,0,0,0,8,2,0
106.044,1,6410240,windows,0,400,400,10,0,0,0,0,0,0,8,2,0
106.1,0,6421504,windows,0,400,400,10,0,0,0,0,0,0,8,2,0
106.301,1,6427648,windows,0,400,400,10,0,0,0,0,0,0,8,2,0
106.351,0,6434816,windows,0,400,400,10,0,0,0,0,0,0,8,2,0
106.569,1,6443008,repair,0,400,400,10,0,0,0,0,0,0,8,2,0
106.611,0,6451200,windows,0,400,400,10,0,0,0,0,0,0,8,2,0
106.82,1,6457344,repair,0,400,400,10,0,0,0,0,0,0,8,2,0
106.867,0,6467584,windows,0,400,400,10,0,0,0,0,0,0,8,2,0
107.082,1,6472704,windows,0,400,400,10,0,0,0,0,0,0,8,2,0
107.117,0,6481920,windows,0,400,400,10,0,0,0,0,0,0,8,2,0
107.345,1,6488064,windows,0,400,400,10,0,0,0,0,0,0,8,2,0
107.379,0,6497280,windows,0,400,400,10,0,0,0,0,0,0,8,2,0
107.609,1,6502400,windows,0,400,400,10,0,0,0,0,0,0,8,2,0
107.638,0,6512640,windows,0,400,400,10,0,0,0,0,0,0,8,2,0
107.864,1,6516736,windows,0,400,400,10,0,0,0,0,0,0,8,2,0
107.902,0,6528000,windows,0,400,400,10,0,0,0,0,0,0,8,2,0
108.128,1,6531072,windows,0,400,400,10,0,0,0,0,0,0,8,2,0
108.153,0,6543360,windows,0,400,400,10,0,0,0,0,0,0,8,2,0
108.392,1,6545408,windows,0,400,400,10,0,0,0,0,0,0,8,2,0
108.408,0,6557696,windows,0,400,400,10,0,0,0,0,0,0,8,2,0
108.659,1,6559744,windows,0,400,400,10,0,0,0,0,0,0,8,2,0
108.673,0,6573056,windows,0,400,400,10,0,0,0,0,0,0,8,2,0
108.91,1,6574080,windows,0,400,400,10,0,0,0,0,0,0,8,2,0
108.927,0,6587392,windows,0,400,400,10,0,0,0,0,0,0,8,2,0
109.173,1,6590464,windows,0,400,400,10,0,0,0,0,0,0,8,2,0
109.187,0,6602752,windows,0,400,400,10,0,0,0,0,0,0,8,2,0
109.425,1,6605824,windows,0,400,400,10,0,0,0,0,0,0,8,2,0
109.498,0,6616064,repair,1028,1.08003e+08,1.07985e+08,4080,42,76,102,520,288,0,2425,1442,213
109.691,1,6622208,windows,0,400,400,10,0,0,0,0,0,0,8,2,0
109.759,0,6629376,repair,704,2.84036e+08,2.83948e+08,7379,46,147,141,231,139,0,4120,3061,198
109.95,1,6638592,windows,0,400,400,10,0,0,0,0,0,0,8,2,0
110.011,0,6647808,repair,575,2.94289e+08,2.94289e+08,7542,41,115,104,201,114,0,4223,3137,182
110.203,1,6654976,windows,0,400,400,10,0,0,0,0,0,0,8,2,0
110.265,0,6665216,repair,480,2.67192e+08,2.67167e+08,7160,29,67,83,199,102,0,3990,3009,161
110.46,1,6671360,windows,0,400,400,10,0,0,0,0,0,0,8,2,0
110.517,0,6682624,repair,402,2.31315e+08,2.31315e+08,6866,28,81,74,135,84,0,4015,2707,144
110.714,1,6689792,windows,0,400,400,10,0,0,0,0,0,0,8,2,0
110.769,0,6703104,repair,317,2.1287e+08,2.12847e+08,6490,16,65,52,114,70,0,3688,2664,138
110.97,1,6708224,windows,0,400,400,10,0,0,0,0,0,0,8,2,0
111.026,0,6722560,repair,251,2.01742e+08,2.01672e+08,6425,19,51,34,89,58,0,3740,2547,138
111.229,1,6727680,windows,0,400,400,10,0,0,0,0,0,0,8,2,0
111.29,0,6742016,repair,198,1.74183e+08,1.74165e+08,6010,11,38,30,84,35,0,3540,2346,124
111.49,1,6748160,windows,0,400,400,10,0,0,0,0,0,0,8,2,0
111.556,0,6758400,repair,148,1.57501e+08,1.57501e+08,5738,10,25,24,64,25,0,3418,2216,104
111.746,1,6767616,windows,0,400,400,10,0,0,0,0,0,0,8,2,0
111.819,0,6774784,repair,113,1.48313e+08,1.48296e+08,5591,3,16,16,50,28,0,3368,2133,90
112.007,1,6784000,repair,1050,7.79914e+07,7.79724e+07,2364,0,0,2,677,371,0,1576,557,231
112.074,0,6790144,repair,79,1.49778e+08,1.49761e+08,5635,3,11,11,34,20,0,3398,2140,97
112.27,1,6802432,repair,662,2.78775e+08,2.78714e+08,7316,50,142,125,229,116,0,4104,3034,178
112.332,0,6805504,repair,62,1.29927e+08,1.29872e+08,5343,3,9,7,28,15,0,3305,1935,103
112.523,1,6820864,repair,559,2.60077e+08,2.60014e+08,7137,33,108,104,207,107,0,4075,2909,153
112.588,0,6823936,repair,32,1.1794e+08,1.1794e+08,5108,0,6,4,13,9,0,3201,1823,84
112.789,1,6837248,repair,477,2.28238e+08,2.28179e+08,6762,25,86,83,189,94,0,3905,2700,157
112.844,0,6843392,repair,14,1.07681e+08,1.07631e+08,4907,1,4,2,4,3,0,3104,1722,81
113.051,1,6853632,repair,378,2.2566e+08,2.25641e+08,6710,28,83,67,130,70,0,3828,2725,157
113.098,0,6860800,repair,7,9.26428e+07,9.25966e+07,4549,0,1,0,5,1,0,2897,1590,62
113.316,1,6870016,repair,325,1.86199e+08,1.86181e+08,6140,19,68,58,107,73,0,3570,2446,124
113.357,0,6879232,repair,1,8.00375e+07,8.00071e+07,4272,0,1,0,0,0,0,2778,1438,56
113.584,1,6885376,repair,262,1.86057e+08,1.86057e+08,6212,17,47,37,98,63,0,3670,2414,128
113.62,0,6896640,repair,1,6.62765e+07,6.62511e+07,3928,0,0,0,1,0,0,2601,1272,55
113.843,1,6900736,repair,221,1.74619e+08,1.74616e+08,6041,9,38,37,79,58,0,3589,2330,122
113.877,0,6913024,repair,1,5.6089e+07,5.60537e+07,3620,0,0,0,1,0,0,2419,1157,44
114.105,1,6916096,repair,163,1.89565e+08,1.89561e+08,6301,11,33,26,63,30,0,3738,2435,128
114.139,0,6929408,repair,1,4.84929e+07,4.84715e+07,3365,0,0,0,1,0,0,2257,1072,36
114.355,1,6932480,repair,125,1.6697e+08,1.66921e+08,5913,8,22,18,57,20,0,3508,2287,118
114.401,0,6944768,repair,0,4.25908e+07,4.25788e+07,3186,0,0,0,0,0,0,2186,966,34
114.613,1,6949888,repair,107,1.39951e+08,1.39934e+08,5494,4,15,15,47,26,0,3357,2037,100
114.655,0,6964224,repair,0,3.74478e+07,3.74366e+07,2992,0,0,0,0,0,0,2069,895,28
114.871,1,6967296,repair,74,1.32365e+08,1.32363e+08,5309,2,11,11,26,24,0,3236,1996,77
114.918,0,6985728,repair,0,3.13134e+07,3.13134e+07,2746,0,0,0,0,0,0,1920,802,24
115.133,1,6984704,repair,45,1.1918e+08,1.19127e+08,5132,2,7,3,20,13,0,3221,1831,80
115.185,0,7002112,windows,0,2.46909e+07,2.46817e+07,2427,0,0,0,0,0,0,1654,741,32
115.399,1,7002112,repair,29,1.07726e+08,1.07673e+08,4863,2,10,1,10,6,0,3028,1756,79
115.438,0,7015424,windows,0,2.18244e+07,2.18104e+07,2285,0,0,0,0,0,0,1552,698,35
115.66,1,7019520,repair,12,1.03991e+08,1.03955e+08,4826,1,3,1,4,3,0,3072,1683,71
115.704,0,7030784,windows,0,1.85379e+07,1.85295e+07,2134,0,0,0,0,0,0,1499,603,32
115.915,1,7035904,repair,8,8.67677e+07,8.67231e+07,4437,0,3,0,2,3,0,2863,1511,63
115.964,0,7044096,windows,0,1.60243e+07,1.60243e+07,1975,0,0,0,0,0,0,1361,580,34
116.177,1,7053312,repair,1,8.83166e+07,8.83024e+07,4454,0,0,1,0,0,0,2856,1540,58
116.23,0,7057408,windows,0,1.29702e+07,1.29632e+07,1773,0,0,0,0,0,0,1208,531,34
116.437,1,7071744,repair,1,7.29197e+07,7.28916e+07,4109,0,0,0,0,1,0,2726,1336,47
116.484,0,7070720,windows,0,1.12124e+07,1.12124e+07,1639,0,0,0,0,0,0,1105,504,30
116.699,1,7091200,repair,0,6.0118e+07,6.00942e+07,3757,0,0,0,0,0,0,2523,1188,46
116.75,0,7085056,windows,0,9.63563e+06,9.6268e+06,1539,0,0,0,0,0,0,1068,442,29
116.959,1,7108608,repair,0,4.66683e+07,4.66466e+07,3328,0,0,0,0,0,0,2265,1024,39
117.001,0,7098368,windows,0,8.61832e+06,8.61832e+06,1468,0,0,0,0,0,0,1045,396,27
117.218,1,7129088,repair,0,4.66683e+07,4.66466e+07,3328,0,0,0,0,0,0,2265,1024,39
117.261,0,7111680,windows,0,7.50557e+06,7.49796e+06,1370,0,0,0,0,0,0,956,381,33
117.477,1,7143424,windows,0,2.95625e+07,2.95459e+07,2628,0,0,0,0,0,0,1774,831,23
117.529,0,7124992,windows,0,6.28266e+06,6.27458e+06,1237,0,0,0,0,0,0,845,367,25
117.737,1,7157760,windows,0,2.51171e+07,2.51021e+07,2439,0,0,0,0,0,0,1668,748,23
117.798,0,7139328,windows,0,5.30803e+06,5.30803e+06,1155,0,0,0,0,0,0,824,308,23
117.99,1,7172096,windows,0,2.15039e+07,2.1482e+07,2275,0,0,0,0,0,0,1587,667,21
118.051,0,7152640,windows,0,4.67258e+06,4.67187e+06,1076,0,0,0,0,0,0,746,306,24
118.258,1,7186432,windows,0,1.87612e+07,1.87415e+07,2131,0,0,0,0,0,0,1499,613,19
118.321,0,7165952,windows,0,4.10666e+06,4.10304e+06,1014,0,0,0,0,0,0,725,271,18
118.525,1,7200768,windows,0,1.58899e+07,1.58715e+07,1956,0,0,0,0,0,0,1356,578,22
118.585,0,7179264,windows,0,3.53616e+06,3.5309e+06,951,0,0,0,0,0,0,697,234,20
118.782,1,7215104,windows,0,1.32494e+07,1.32494e+07,1779,0,0,0,0,0,0,1213,542,24
118.848,0,7193600,windows,0,2.84044e+06,2.83999e+06,842,0,0,0,0,0,0,599,228,15
119.052,1,7229440,windows,0,1.12145e+07,1.11983e+07,1649,0,0,0,0,0,0,1134,488,27
119.112,0,7207936,windows,0,2.39392e+06,2.39114e+06,774,0,0,0,0,0,0,555,206,13
119.317,1,7242752,windows,0,9.74048e+06,9.73017e+06,1511,0,0,0,0,0,0,1006,483,22
119.379,0,7222272,windows,0,2.04402e+06,2.04369e+06,713,0,0,0,0,0,0,509,193,11
119.584,1,7256064,windows,0,8.64277e+06,8.62934e+06,1450,0,0,0,0,0,0,1012,419,19
119.646,0,7235584,windows,0,1.80413e+06,1.79776e+06,669,0,0,0,0,0,0,474,184,11
119.854,1,7269376,windows,0,7.26202e+06,7.25448e+06,1335,0,0,0,0,0,0,939,377,19
119.913,0,7249920,windows,0,1.54835e+06,1.54476e+06,611,0,0,0,0,0,0,424,180,7
120.108,1,7281664,windows,0,6.19868e+06,6.19868e+06,1223,0,0,0,0,0,0,845,362,16
120.174,0,7263232,windows,0,1.23998e+06,1.23693e+06,556,0,0,0,0,0,0,406,144,6
120.359,1,7293952,windows,0,5.44336e+06,5.44336e+06,1158,0,0,0,0,0,0,820,322,16
120.442,0,7276544,windows,0,1.04162e+06,1.0389e+06,510,0,0,0,0,0,0,366,136,8
120.61,1,7306240,windows,0,4.80306e+06,4.80259e+06,1090,0,0,0,0,0,0,774,300,16
120.703,0,7289856,windows,0,911120,911120,478,0,0,0,0,0,0,344,126,8
120.862,1,7320576,windows,0,4.13396e+06,4.12849e+06,1011,0,0,0,0,0,0,725,274,12
120.959,0,7303168,windows,0,802045,801812,447,0,0,0,0,0,0,317,122,8
121.113,1,7336960,windows,0,3.39829e+06,3.38994e+06,912,0,0,0,0,0,0,644,257,11
121.214,0,7317504,windows,0,684795,683341,412,0,0,0,0,0,0,291,114,7
121.376,1,7354368,windows,0,2.63344e+06,2.63344e+06,799,0,0,0,0,0,0,566,227,6
121.48,0,7330816,windows,0,515105,514932,356,0,0,0,0,0,0,249,101,6
121.634,1,7370752,windows,0,2.17435e+06,2.17153e+06,731,0,0,0,0,0,0,524,200,7
121.732,0,7344128,windows,0,441805,438806,331,0,0,0,0,0,0,233,92,6
121.888,1,7386112,windows,0,1.84912e+06,1.84912e+06,677,0,0,0,0,0,0,482,185,10
121.984,0,7357440,windows,0,384380,384380,314,0,0,0,0,0,0,234,74,6
122.143,1,7402496,windows,0,1.53083e+06,1.52859e+06,619,0,0,0,0,0,0,448,162,9
122.252,0,7370752,windows,0,325070,325070,287,0,0,0,0,0,0,204,76,7
122.401,1,7417856,windows,0,1.16603e+06,1.16385e+06,539,0,0,0,0,0,0,384,146,9
122.506,0,7383040,windows,0,295970,293596,274,0,0,0,0,0,0,200,69,5
122.652,1,7431168,windows,0,989975,989975,497,0,0,0,0,0,0,353,135,9
122.77,0,7397376,windows,0,207230,205216,229,0,0,0,0,0,0,164,60,5
122.915,1,7447552,windows,0,854600,854308,468,0,0,0,0,0,0,344,114,10
123.026,0,7412736,windows,0,166450,165569,206,0,0,0,0,0,0,148,53,5
123.181,1,7463936,windows,0,740325,738489,433,0,0,0,0,0,0,309,114,10
123.284,0,7429120,windows,0,137810,137728,187,0,0,0,0,0,0,138,46,3
123.44,1,7478272,windows,0,586555,586292,376,0,0,0,0,0,0,251,116,9
123.54,0,7445504,windows,0,112675,112675,168,0,0,0,0,0,0,127,40,1
123.695,1,7493632,windows,0,476215,474018,345,0,0,0,0,0,0,239,97,9
123.801,0,7461888,windows,0,100910,100155,159,0,0,0,0,0,0,120,38,1
123.956,1,7510016,windows,0,400690,400690,315,0,0,0,0,0,0,214,92,9
124.058,0,7477248,windows,0,77970,76746.2,139,0,0,0,0,0,0,102,36,1
124.206,1,7525376,windows,0,352720,349814,298,0,0,0,0,0,0,208,82,8
124.317,0,7493632,windows,0,72155,72155,134,0,0,0,0,0,0,99,34,1
124.459,1,7540736,windows,0,316900,315719,280,0,0,0,0,0,0,190,82,8
124.569,0,7508992,windows,0,63215,62761.2,125,0,0,0,0,0,0,91,33,1
124.719,1,7557120,windows,0,227090,226251,240,0,0,0,0,0,0,168,65,7
124.823,0,7525376,windows,0,57095,56480,119,0,0,0,0,0,0,87,31,1
124.979,1,7572480,windows,0,170405,169489,209,0,0,0,0,0,0,149,54,6
125.088,0,7539712,windows,0,47510,46852.5,110,0,0,0,0,0,0,78,29,3
125.243,1,7586816,windows,0,152780,152608,199,0,0,0,0,0,0,144,49,6
125.346,0,7552000,windows,0,43295,42253.8,103,0,0,0,0,0,0,69,31,3
125.518,1,7600128,windows,0,138620,137532,190,0,0,0,0,0,0,138,46,6
125.61,0,7560192,windows,0,41345,40393.8,102,0,0,0,0,0,0,73,27,2
125.788,1,7613440,windows,0,131065,129958,184,0,0,0,0,0,0,131,47,6
125.866,0,7573504,windows,0,37580,36972.5,96,0,0,0,0,0,0,66,28,2
126.046,1,7623680,windows,0,109525,108438,167,0,0,0,0,0,0,115,46,6
126.126,0,7587840,windows,0,33485,33432.5,91,0,0,0,0,0,0,63,26,2
126.298,1,7635968,windows,0,91940,91940,152,0,0,0,0,0,0,106,42,4
126.393,0,7602176,windows,0,31750,30923.8,88,0,0,0,0,0,0,62,25,1
126.55,1,7649280,windows,0,86450,86450,150,0,0,0,0,0,0,108,37,5
126.659,0,7616512,windows,0,24065,23738.8,78,0,0,0,0,0,0,55,21,2
126.813,1,7665664,windows,0,78295,77600,143,0,0,0,0,0,0,103,35,5
126.914,0,7630848,windows,0,23155,22486.2,76,0,0,0,0,0,0,55,20,1
127.077,1,7682048,windows,0,71535,70880,137,0,0,0,0,0,0,99,33,5
127.168,0,7645184,windows,0,21490,21155,74,0,0,0,0,0,0,56,17,1
127.342,1,7697408,windows,0,57970,57970,122,0,0,0,0,0,0,80,35,7
127.436,0,7658496,windows,0,20390,20055,72,0,0,0,0,0,0,54,17,1
127.596,1,7712768,windows,0,52690,52291.2,118,0,0,0,0,0,0,80,31,7
127.699,0,7672832,windows,0,17245,16686.2,67,0,0,0,0,0,0,49,16,2
127.847,1,7728128,windows,0,48350,47971.2,113,0,0,0,0,0,0,76,30,7
127.962,0,7687168,windows,0,16625,16086.2,66,0,0,0,0,0,0,49,15,2
128.115,1,7743488,windows,0,44210,44210,108,0,0,0,0,0,0,72,29,7
128.233,0,7701504,windows,0,16625,16086.2,66,0,0,0,0,0,0,49,15,2
128.367,1,7758848,windows,0,41650,41095,105,0,0,0,0,0,0,70,28,7
128.502,0,7715840,windows,0,14530,14301.2,61,0,0,0,0,0,0,46,14,1
128.622,1,7774208,windows,0,32990,32488.8,93,0,0,0,0,0,0,60,26,7
128.771,0,7731200,windows,0,13350,13141.2,58,0,0,0,0,0,0,42,15,1
128.879,1,7790592,windows,0,29330,28576.2,88,0,0,0,0,0,0,60,23,5
129.035,0,7746560,windows,0,11750,11750,54,0,0,0,0,0,0,38,15,1
129.14,1,7806976,windows,0,26740,26740,83,0,0,0,0,0,0,56,23,4
129.301,0,7761920,windows,0,10065,10065,50,0,0,0,0,0,0,33,15,2
129.398,1,7823360,windows,0,24740,24036.2,80,0,0,0,0,0,0,54,22,4
129.565,0,7777280,windows,0,10065,10065,50,0,0,0,0,0,0,33,15,2
129.663,1,7839744,windows,0,23165,22730,77,0,0,0,0,0,0,51,22,4
129.827,0,7792640,windows,0,8855,8577.5,47,0,0,0,0,0,0,33,13,1
129.929,1,7856128,windows,0,19840,19405,70,0,0,0,0,0,0,44,22,4
130.086,0,7808000,windows,0,8855,8577.5,47,0,0,0,0,0,0,33,13,1
130.186,1,7871488,windows,0,18545,18331.2,68,0,0,0,0,0,0,43,21,4
130.355,0,7823360,windows,0,8530,8371.25,46,0,0,0,0,0,0,32,13,1
130.442,1,7886848,windows,0,17765,17765,65,0,0,0,0,0,0,39,22,4
130.612,0,7837696,windows,0,8530,8371.25,46,0,0,0,0,0,0,32,13,1
130.702,1,7904256,windows,0,17765,17765,65,0,0,0,0,0,0,39,22,4
130.869,0,7852032,windows,0,8325,8161.25,45,0,0,0,0,0,0,33,12,0
130.959,1,7921664,windows,0,17005,17005,63,0,0,0,0,0,0,37,22,4
131.131,0,7866368,windows,0,8325,8161.25,45,0,0,0,0,0,0,33,12,0
131.21,1,7939072,windows,0,15420,14856.2,62,0,0,0,0,0,0,42,18,2
131.397,0,7881728,windows,0,7225,7225,42,0,0,0,0,0,0,31,11,0
131.469,1,7955456,windows,0,15340,14766.2,61,0,0,0,0,0,0,40,19,2
131.663,0,7897088,windows,0,7225,7225,42,0,0,0,0,0,0,31,11,0
131.724,1,7972864,windows,0,14305,13766.2,60,0,0,0,0,0,0,41,17,2
131.916,0,7911424,windows,0,6920,6920,41,0,0,0,0,0,0,30,11,0
131.974,1,7989248,windows,0,13240,13240,58,0,0,0,0,0,0,40,16,2
132.169,0,7925760,windows,0,6920,6920,41,0,0,0,0,0,0,30,11,0
132.229,1,8005632,windows,0,13240,13240,58,0,0,0,0,0,0,40,16,2
132.438,0,7940096,windows,0,6625,6481.25,40,0,0,0,0,0,0,29,11,0
132.479,1,8020992,windows,0,12085,12085,55,0,0,0,0,0,0,37,16,2
132.707,0,7955456,windows,0,6340,5986.25,39,0,0,0,0,0,0,28,11,0
132.743,1,8036352,windows,0,12085,12085,55,0,0,0,0,0,0,37,16,2
132.962,0,7969792,windows,0,5545,5421.25,36,0,0,0,0,0,0,25,11,0
133.004,1,8051712,windows,0,11465,11465,54,0,0,0,0,0,0,37,15,2
133.218,0,7984128,windows,0,5065,4951.25,34,0,0,0,0,0,0,23,11,0
133.267,1,8067072,windows,0,11465,11465,54,0,0,0,0,0,0,37,15,2
133.483,0,7999488,windows,0,5065,4951.25,34,0,0,0,0,0,0,23,11,0
133.523,1,8082432,windows,0,11465,11465,54,0,0,0,0,0,0,37,15,2
133.745,0,8014848,windows,0,4840,4516.25,33,0,0,0,0,0,0,22,11,0
133.777,1,8097792,windows,0,11465,11465,54,0,0,0,0,0,0,37,15,2
134.005,0,8030208,windows,0,4840,4516.25,33,0,0,0,0,0,0,22,11,0
134.031,1,8114176,windows,0,11465,11465,54,0,0,0,0,0,0,37,15,2
134.257,0,8045568,windows,0,4840,4516.25,33,0,0,0,0,0,0,22,11,0
134.282,1,8129536,windows,0,400,400,10,0,0,0,0,0,0,8,2,0
134.522,0,8060928,windows,0,4420,4106.25,31,0,0,0,0,0,0,20,11,0
134.539,1,8147968,windows,0,400,400,10,0,0,0,0,0,0,8,2,0
134.787,0,8076288,windows,0,4225,4010,30,0,0,0,0,0,0,19,11,0
134.802,1,8167424,windows,0,400,400,10,0,0,0,0,0,0,8,2,0
135.043,0,8091648,windows,0,3805,3711.25,29,0,0,0,0,0,0,19,10,0
135.062,1,8186880,windows,0,400,400,10,0,0,0,0,0,0,8,2,0
135.3,0,8107008,windows,0,3805,3711.25,29,0,0,0,0,0,0,19,10,0
135.316,1,8203264,repair,0,400,400,10,0,0,0,0,0,0,8,2,0
135.564,0,8122368,windows,0,3805,3711.25,29,0,0,0,0,0,0,19,10,0
135.579,1,8219648,windows,0,400,400,10,0,0,0,0,0,0,8,2,0
135.82,0,8136704,windows,0,3805,3711.25,29,0,0,0,0,0,0,19,10,0
135.835,1,8235008,windows,0,400,400,10,0,0,0,0,0,0,8,2,0
136.074,0,8151040,windows,0,3445,3361.25,27,0,0,0,0,0,0,17,10,0
136.091,1,8250368,windows,0,400,400,10,0,0,0,0,0,0,8,2,0
136.333,0,8166400,windows,0,3445,3361.25,27,0,0,0,0,0,0,17,10,0
136.353,1,8265728,windows,0,400,400,10,0,0,0,0,0,0,8,2,0
136.588,0,8181760,windows,0,3445,3361.25,27,0,0,0,0,0,0,17,10,0
136.604,1,8282112,windows,0,400,400,10,0,0,0,0,0,0,8,2,0
136.848,0,8198144,windows,0,3445,3361.25,27,0,0,0,0,0,0,17,10,0
136.857,1,8298496,windows,0,400,400,10,0,0,0,0,0,0,8,2,0
137.104,0,8213504,windows,0,3445,3361.25,27,0,0,0,0,0,0,17,10,0
137.108,1,8313856,windows,0,400,400,10,0,0,0,0,0,0,8,2,0
137.359,1,8329216,windows,0,400,400,10,0,0,0,0,0,0,8,2,0
137.366,0,8229888,windows,0,3445,3361.25,27,0,0,0,0,0,0,17,10,0
137.618,0,8244224,windows,0,400,400,10,0,0,0,0,0,0,8,2,0
137.622,1,8345600,windows,0,400,400,10,0,0,0,0,0,0,8,2,0
137.881,0,8260608,windows,0,400,400,10,0,0,0,0,0,0,8,2,0
137.882,1,8363008,windows,0,400,400,10,0,0,0,0,0,0,8,2,0
138.139,1,8380416,windows,0,400,400,10,0,0,0,0,0,0,8,2,0
138.14,0,8278016,windows,0,400,400,10,0,0,0,0,0,0,8,2,0
138.39,1,8395776,windows,0,400,400,10,0,0,0,0,0,0,8,2,0
138.392,0,8294400,windows,0,400,400,10,0,0,0,0,0,0,8,2,0
138.643,1,8412160,windows,0,400,400,10,0,0,0,0,0,0,8,2,0
138.651,0,8310784,windows,0,400,400,10,0,0,0,0,0,0,8,2,0
138.901,1,8429568,windows,0,400,400,10,0,0,0,0,0,0,8,2,0
138.911,0,8327168,windows,0,400,400,10,0,0,0,0,0,0,8,2,0
139.155,1,8448000,windows,0,400,400,10,0,0,0,0,0,0,8,2,0
139.17,0,8343552,windows,0,400,400,10,0,0,0,0,0,0,8,2,0
139.406,1,8465408,windows,0,400,400,10,0,0,0,0,0,0,8,2,0
139.426,0,8358912,windows,0,400,400,10,0,0,0,0,0,0,8,2,0
139.658,1,8482816,windows,0,400,400,10,0,0,0,0,0,0,8,2,0
139.691,0,8375296,windows,0,400,400,10,0,0,0,0,0,0,8,2,0
139.909,1,8499200,windows,0,400,400,10,0,0,0,0,0,0,8,2,0
139.953,0,8390656,windows,0,400,400,10,0,0,0,0,0,0,8,2,0
140.169,1,8515584,windows,0,400,400,10,0,0,0,0,0,0,8,2,0
140.205,0,8406016,windows,0,400,400,10,0,0,0,0,0,0,8,2,0
140.422,1,8532992,windows,0,400,400,10,0,0,0,0,0,0,8,2,0
140.468,0,8421376,windows,0,400,400,10,0,0,0,0,0,0,8,2,0
140.679,1,8550400,windows,0,400,400,10,0,0,0,0,0,0,8,2,0
140.734,0,8436736,windows,0,400,400,10,0,0,0,0,0,0,8,2,0
140.935,1,8569856,windows,0,400,400,10,0,0,0,0,0,0,8,2,0
141,0,8453120,windows,0,400,400,10,0,0,0,0,0,0,8,2,0
141.198,1,8588288,repair,0,400,400,10,0,0,0,0,0,0,8,2,0
141.265,0,8470528,windows,0,325,325,9,0,0,0,0,0,0,7,2,0
141.458,1,8604672,repair,0,400,400,10,0,0,0,0,0,0,8,2,0
141.519,0,8486912,windows,0,325,325,9,0,0,0,0,0,0,7,2,0
141.717,1,8623104,repair,0,400,400,10,0,0,0,0,0,0,8,2,0
141.776,0,8502272,windows,0,325,325,9,0,0,0,0,0,0,7,2,0
141.982,1,8641536,windows,0,400,400,10,0,0,0,0,0,0,8,2,0
142.039,0,8518656,windows,0,325,325,9,0,0,0,0,0,0,7,2,0
142.246,1,8657920,windows,0,400,400,10,0,0,0,0,0,0,8,2,0
142.3,0,8535040,windows,0,325,325,9,0,0,0,0,0,0,7,2,0
142.51,1,8674304,windows,0,400,400,10,0,0,0,0,0,0,8,2,0
142.552,0,8551424,windows,0,325,325,9,0,0,0,0,0,0,7,2,0
142.772,1,8690688,windows,0,400,400,10,0,0,0,0,0,0,8,2,0
142.813,0,8568832,windows,0,325,325,9,0,0,0,0,0,0,7,2,0
143.033,1,8706048,windows,0,400,400,10,0,0,0,0,0,0,8,2,0
143.072,0,8585216,windows,0,325,325,9,0,0,0,0,0,0,7,2,0
143.288,1,8721408,windows,0,400,400,10,0,0,0,0,0,0,8,2,0
143.331,0,8601600,windows,0,325,325,9,0,0,0,0,0,0,7,2,0
143.54,1,8735744,windows,0,400,400,10,0,0,0,0,0,0,8,2,0
143.594,0,8616960,windows,0,325,325,9,0,0,0,0,0,0,7,2,0
143.806,1,8753152,windows,0,400,400,10,0,0,0,0,0,0,8,2,0
143.86,0,8632320,windows,0,325,325,9,0,0,0,0,0,0,7,2,0
144.058,1,8770560,windows,0,400,400,10,0,0,0,0,0,0,8,2,0
144.125,0,8647680,windows,0,325,325,9,0,0,0,0,0,0,7,2,0
144.317,1,8786944,windows,0,400,400,10,0,0,0,0,0,0,8,2,0
144.387,0,8663040,windows,0,325,325,9,0,0,0,0,0,0,7,2,0
144.575,1,8803328,windows,0,400,400,10,0,0,0,0,0,0,8,2,0
144.645,0,8678400,windows,0,325,325,9,0,0,0,0,0,0,7,2,0
144.833,1,8819712,windows,0,400,400,10,0,0,0,0,0,0,8,2,0
144.902,0,8695808,windows,0,325,325,9,0,0,0,0,0,0,7,2,0
145.089,1,8836096,windows,0,400,400,10,0,0,0,0,0,0,8,2,0
145.16,0,8712192,windows,0,325,325,9,0,0,0,0,0,0,7,2,0
145.349,1,8852480,windows,0,400,400,10,0,0,0,0,0,0,8,2,0
145.417,0,8728576,windows,0,325,325,9,0,0,0,0,0,0,7,2,0
145.607,1,8869888,windows,0,325,325,9,0,0,0,0,0,0,7,2,0
145.668,0,8743936,windows,0,325,325,9,0,0,0,0,0,0,7,2,0
145.871,1,8889344,windows,0,325,325,9,0,0,0,0,0,0,7,2,0
145.922,0,8758272,windows,0,325,325,9,0,0,0,0,0,0,7,2,0
146.125,1,8907776,windows,0,325,325,9,0,0,0,0,0,0,7,2,0
146.174,0,8772608,windows,0,325,325,9,0,0,0,0,0,0,7,2,0
146.381,1,8926208,windows,0,325,325,9,0,0,0,0,0,0,7,2,0
146.438,0,8787968,windows,0,325,325,9,0,0,0,0,0,0,7,2,0
146.642,1,8944640,repair,0,325,325,9,0,0,0,0,0,0,7,2,0
146.691,0,8802304,windows,0,325,325,9,0,0,0,0,0,0,7,2,0
146.905,1,8963072,windows,0,325,325,9,0,0,0,0,0,0,7,2,0
146.95,0,8817664,windows,0,325,325,9,0,0,0,0,0,0,7,2,0
147.165,1,8981504,windows,0,325,325,9,0,0,0,0,0,0,7,2,0
147.207,0,8833024,windows,0,325,325,9,0,0,0,0,0,0,7,2,0
147.423,1,8998912,windows,0,325,325,9,0,0,0,0,0,0,7,2,0
147.464,0,8848384,windows,0,325,325,9,0,0,0,0,0,0,7,2,0
147.68,1,9015296,windows,0,325,325,9,0,0,0,0,0,0,7,2,0
147.729,0,8863744,windows,0,325,325,9,0,0,0,0,0,0,7,2,0
147.931,1,9030656,windows,0,325,325,9,0,0,0,0,0,0,7,2,0
147.987,0,8878080,windows,0,325,325,9,0,0,0,0,0,0,7,2,0
148.196,1,9048064,windows,0,325,325,9,0,0,0,0,0,0,7,2,0
148.244,0,8893440,windows,0,325,325,9,0,0,0,0,0,0,7,2,0
148.454,1,9064448,windows,0,325,325,9,0,0,0,0,0,0,7,2,0
148.5,0,8908800,repair,0,325,325,9,0,0,0,0,0,0,7,2,0
148.712,1,9081856,windows,0,325,325,9,0,0,0,0,0,0,7,2,0
148.764,0,8925184,windows,0,325,325,9,0,0,0,0,0,0,7,2,0
148.964,1,9098240,windows,0,325,325,9,0,0,0,0,0,0,7,2,0
149.023,0,8941568,windows,0,325,325,9,0,0,0,0,0,0,7,2,0
149.222,1,9115648,windows,0,325,325,9,0,0,0,0,0,0,7,2,0
149.288,0,8956928,windows,0,325,325,9,0,0,0,0,0,0,7,2,0
149.478,1,9133056,windows,0,325,325,9,0,0,0,0,0,0,7,2,0
149.545,0,8971264,windows,0,325,325,9,0,0,0,0,0,0,7,2,0
149.742,1,9151488,windows,0,325,325,9,0,0,0,0,0,0,7,2,0
149.813,0,8985600,windows,0,325,325,9,0,0,0,0,0,0,7,2,0
150.005,1,9168896,windows,0,325,325,9,0,0,0,0,0,0,7,2,0
150.072,0,8998912,windows,0,325,325,9,0,0,0,0,0,0,7,2,0
150.259,1,9185280,windows,0,325,325,9,0,0,0,0,0,0,7,2,0
150.329,0,9013248,windows,0,325,325,9,0,0,0,0,0,0,7,2,0
150.518,1,9201664,windows,0,325,325,9,0,0,0,0,0,0,7,2,0
150.586,0,9026560,windows,0,325,325,9,0,0,0,0,0,0,7,2,0
150.769,1,9219072,windows,0,325,325,9,0,0,0,0,0,0,7,2,0
150.847,0,9040896,windows,0,325,325,9,0,0,0,0,0,0,7,2,0
151.022,1,9237504,repair,0,325,325,9,0,0,0,0,0,0,7,2,0
151.102,0,9055232,windows,0,325,325,9,0,0,0,0,0,0,7,2,0
151.286,1,9256960,windows,0,325,325,9,0,0,0,0,0,0,7,2,0
151.354,0,9069568,windows,0,325,325,9,0,0,0,0,0,0,7,2,0
151.54,1,9273344,windows,0,325,325,9,0,0,0,0,0,0,7,2,0
151.614,0,9083904,windows,0,325,325,9,0,0,0,0,0,0,7,2,0
151.793,1,9289728,windows,0,325,325,9,0,0,0,0,0,0,7,2,0
151.868,0,9101312,windows,0,325,325,9,0,0,0,0,0,0,7,2,0
152.051,1,9306112,windows,0,325,325,9,0,0,0,0,0,0,7,2,0
152.122,0,9119744,windows,0,325,325,9,0,0,0,0,0,0,7,2,0
152.306,1,9322496,windows,0,325,325,9,0,0,0,0,0,0,7,2,0
152.376,0,9138176,windows,0,325,325,9,0,0,0,0,0,0,7,2,0
152.561,1,9337856,windows,0,325,325,9,0,0,0,0,0,0,7,2,0
152.628,0,9153536,windows,0,325,325,9,0,0,0,0,0,0,7,2,0
152.813,1,9354240,windows,0,325,325,9,0,0,0,0,0,0,7,2,0
152.88,0,9170944,windows,0,325,325,9,0,0,0,0,0,0,7,2,0
153.075,1,9372672,windows,0,325,325,9,0,0,0,0,0,0,7,2,0
153.131,0,9189376,windows,0,325,325,9,0,0,0,0,0,0,7,2,0
153.34,1,9391104,windows,0,325,325,9,0,0,0,0,0,0,7,2,0
153.392,0,9206784,repair,0,325,325,9,0,0,0,0,0,0,7,2,0
153.602,1,9409536,windows,0,325,325,9,0,0,0,0,0,0,7,2,0
153.653,0,9224192,repair,0,325,325,9,0,0,0,0,0,0,7,2,0
153.855,1,9428992,windows,0,325,325,9,0,0,0,0,0,0,7,2,0
153.913,0,9242624,windows,0,325,325,9,0,0,0,0,0,0,7,2,0
154.107,1,9447424,windows,0,325,325,9,0,0,0,0,0,0,7,2,0
154.179,0,9260032,windows,0,325,325,9,0,0,0,0,0,0,7,2,0
154.365,1,9464832,windows,0,325,325,9,0,0,0,0,0,0,7,2,0
154.44,0,9276416,windows,0,325,325,9,0,0,0,0,0,0,7,2,0
154.618,1,9482240,windows,0,325,325,9,0,0,0,0,0,0,7,2,0
154.701,0,9292800,windows,0,325,325,9,0,0,0,0,0,0,7,2,0
154.876,1,9501696,windows,0,325,325,9,0,0,0,0,0,0,7,2,0
154.96,0,9310208,windows,0,325,325,9,0,0,0,0,0,0,7,2,0
155.138,1,9522176,windows,0,325,325,9,0,0,0,0,0,0,7,2,0
155.21,0,9326592,windows,0,325,325,9,0,0,0,0,0,0,7,2,0
155.395,1,9542656,windows,0,325,325,9,0,0,0,0,0,0,7,2,0
155.467,0,9342976,windows,0,325,325,9,0,0,0,0,0,0,7,2,0
155.652,1,9559040,repair,0,325,325,9,0,0,0,0,0,0,7,2,0
155.718,0,9357312,windows,0,325,325,9,0,0,0,0,0,0,7,2,0
155.905,1,9576448,windows,0,325,325,9,0,0,0,0,0,0,7,2,0
155.969,0,9371648,windows,0,325,325,9,0,0,0,0,0,0,7,2,0
156.166,1,9591808,windows,0,325,325,9,0,0,0,0,0,0,7,2,0
156.231,0,9388032,windows,0,325,325,9,0,0,0,0,0,0,7,2,0
156.428,1,9608192,windows,0,325,325,9,0,0,0,0,0,0,7,2,0
156.487,0,9404416,windows,0,325,325,9,0,0,0,0,0,0,7,2,0
156.681,1,9623552,windows,0,325,325,9,0,0,0,0,0,0,7,2,0
156.747,0,9420800,windows,0,325,325,9,0,0,0,0,0,0,7,2,0
156.935,1,9639936,windows,0,325,325,9,0,0,0,0,0,0,7,2,0
157.009,0,9438208,windows,0,325,325,9,0,0,0,0,0,0,7,2,0
157.186,1,9655296,windows,0,325,325,9,0,0,0,0,0,0,7,2,0
157.271,0,9455616,windows,0,325,325,9,0,0,0,0,0,0,7,2,0
157.462,1,9671680,windows,0,325,325,9,0,0,0,0,0,0,7,2,0
157.524,0,9472000,windows,0,325,325,9,0,0,0,0,0,0,7,2,0
157.728,1,9690112,windows,0,325,325,9,0,0,0,0,0,0,7,2,0
157.786,0,9490432,windows,0,325,325,9,0,0,0,0,0,0,7,2,0
157.98,1,9706496,windows,0,325,325,9,0,0,0,0,0,0,7,2,0
158.043,0,9508864,windows,0,325,325,9,0,0,0,0,0,0,7,2,0
158.246,1,9723904,windows,0,325,325,9,0,0,0,0,0,0,7,2,0
158.306,0,9526272,repair,0,325,325,9,0,0,0,0,0,0,7,2,0
158.503,1,9739264,windows,0,325,325,9,0,0,0,0,0,0,7,2,0
158.562,0,9542656,repair,0,325,325,9,0,0,0,0,0,0,7,2,0
158.761,1,9756672,windows,0,325,325,9,0,0,0,0,0,0,7,2,0
158.821,0,9560064,repair,0,325,325,9,0,0,0,0,0,0,7,2,0
159.011,1,9772032,windows,0,325,325,9,0,0,0,0,0,0,7,2,0
159.072,0,9576448,windows,0,325,325,9,0,0,0,0,0,0,7,2,0
159.262,1,9788416,windows,0,325,325,9,0,0,0,0,0,0,7,2,0
159.327,0,9592832,windows,0,325,325,9,0,0,0,0,0,0,7,2,0
159.512,1,9804800,windows,0,325,325,9,0,0,0,0,0,0,7,2,0
159.582,0,9609216,windows,0,325,325,9,0,0,0,0,0,0,7,2,0
159.774,1,9819136,windows,0,325,325,9,0,0,0,0,0,0,7,2,0
159.844,0,9625600,windows,0,325,325,9,0,0,0,0,0,0,7,2,0
160.034,1,9835520,windows,0,325,325,9,0,0,0,0,0,0,7,2,0
160.104,0,9641984,windows,0,325,325,9,0,0,0,0,0,0,7,2,0
160.294,1,9853952,windows,0,325,325,9,0,0,0,0,0,0,7,2,0
160.362,0,9658368,windows,0,325,325,9,0,0,0,0,0,0,7,2,0
160.551,1,9873408,windows,0,325,325,9,0,0,0,0,0,0,7,2,0
160.627,0,9674752,windows,0,325,325,9,0,0,0,0,0,0,7,2,0
160.811,1,9892864,windows,0,325,325,9,0,0,0,0,0,0,7,2,0
160.88,0,9691136,windows,0,325,325,9,0,0,0,0,0,0,7,2,0
161.073,1,9914368,windows,0,325,325,9,0,0,0,0,0,0,7,2,0
161.135,0,9708544,windows,0,325,325,9,0,0,0,0,0,0,7,2,0
161.332,1,9933824,windows,0,325,325,9,0,0,0,0,0,0,7,2,0
161.387,0,9723904,windows,0,325,325,9,0,0,0,0,0,0,7,2,0
161.583,1,9951232,windows,0,325,325,9,0,0,0,0,0,0,7,2,0
161.641,0,9739264,windows,0,325,325,9,0,0,0,0,0,0,7,2,0
161.846,1,9968640,windows,0,325,325,9,0,0,0,0,0,0,7,2,0
161.896,0,9755648,windows,0,325,325,9,0,0,0,0,0,0,7,2,0
162.11,1,9987072,windows,0,325,325,9,0,0,0,0,0,0,7,2,0
162.152,0,9773056,windows,0,325,325,9,0,0,0,0,0,0,7,2,0
162.362,1,10004480,windows,0,325,325,9,0,0,0,0,0,0,7,2,0
162.409,0,9790464,windows,0,325,325,9,0,0,0,0,0,0,7,2,0
162.624,1,10021888,windows,0,325,325,9,0,0,0,0,0,0,7,2,0
162.667,0,9807872,windows,0,325,325,9,0,0,0,0,0,0,7,2,0
162.881,1,10039296,windows,0,325,325,9,0,0,0,0,0,0,7,2,0
162.923,0,9825280,windows,0,325,325,9,0,0,0,0,0,0,7,2,0
163.137,1,10056704,windows,0,325,325,9,0,0,0,0,0,0,7,2,0
163.176,0,9842688,windows,0,325,325,9,0,0,0,0,0,0,7,2,0
163.399,1,10074112,windows,0,325,325,9,0,0,0,0,0,0,7,2,0
163.436,0,9861120,windows,0,325,325,9,0,0,0,0,0,0,7,2,0
163.654,1,10091520,windows,0,325,325,9,0,0,0,0,0,0,7,2,0
163.689,0,9874432,repair,893,2.13796e+08,2.13743e+08,6197,70,175,149,338,161,0,3359,2624,214
163.914,1,10110976,windows,0,325,325,9,0,0,0,0,0,0,7,2,0
163.947,0,9895936,repair,659,2.77117e+08,2.77051e+08,7227,50,135,110,222,142,0,4012,3051,164
164.176,1,10131456,windows,0,325,325,9,0,0,0,0,0,0,7,2,0
164.205,0,9916416,repair,534,2.52888e+08,2.5281e+08,7072,27,113,100,183,111,0,4047,2862,163
164.431,1,10149888,windows,0,325,325,9,0,0,0,0,0,0,7,2,0
164.464,0,9936896,repair,400,2.55242e+08,2.55183e+08,7048,24,71,84,141,80,0,3950,2941,157
164.683,1,10168320,windows,0,325,325,9,0,0,0,0,0,0,7,2,0
164.715,0,9957376,repair,330,2.01582e+08,2.01528e+08,6448,15,60,50,126,79,0,3819,2505,124
164.945,1,10186752,windows,0,325,325,9,0,0,0,0,0,0,7,2,0
164.974,0,9977856,repair,261,1.85123e+08,1.85101e+08,6175,11,49,34,114,53,0,3633,2417,125
165.199,1,10203136,windows,0,325,325,9,0,0,0,0,0,0,7,2,0
165.227,0,9997312,repair,188,1.86642e+08,1.86623e+08,6248,12,40,35,66,35,0,3717,2412,119
165.459,1,10217472,windows,0,325,325,9,0,0,0,0,0,0,7,2,0
165.491,0,10017792,repair,136,1.70464e+08,1.70398e+08,6004,6,21,19,58,32,0,3628,2279,97
165.724,1,10228736,repair,968,1.39094e+08,1.39094e+08,4882,47,123,132,436,230,0,2769,1916,197
165.743,0,10036224,repair,100,1.61142e+08,1.61142e+08,5851,3,15,13,45,24,0,3516,2221,114
165.983,1,10246144,repair,707,2.67321e+08,2.67242e+08,7155,51,156,124,242,134,0,4045,2947,163
165.998,0,10054656,repair,74,1.40794e+08,1.40734e+08,5588,2,13,7,38,14,0,3506,1986,96
166.237,1,10263552,repair,582,2.75592e+08,2.75507e+08,7379,37,105,119,201,120,0,4232,2982,165
166.252,0,10073088,repair,43,1.26106e+08,1.26065e+08,5248,3,7,5,19,9,0,3257,1908,83
166.495,1,10279936,repair,500,2.43483e+08,2.43427e+08,6919,25,93,90,195,97,0,3975,2811,133
166.511,0,10091520,repair,28,1.05785e+08,1.0577e+08,4863,1,4,4,12,7,0,3090,1701,72
166.755,1,10297344,repair,393,2.41716e+08,2.41692e+08,6905,24,87,85,129,68,0,3906,2841,158
166.77,0,10109952,repair,18,9.12625e+07,9.1217e+07,4571,0,6,1,9,2,0,2968,1534,69
167.018,1,10315776,repair,324,2.06645e+08,2.06645e+08,6535,19,55,51,127,72,0,3851,2543,141
167.026,0,10129408,repair,3,8.88455e+07,8.88004e+07,4481,0,1,0,0,2,0,2887,1534,60
167.273,1,10332160,repair,278,1.9086e+08,1.90806e+08,6214,12,48,43,111,64,0,3581,2492,141
167.288,0,10148864,repair,3,7.04282e+07,7.03869e+07,4058,1,1,0,0,1,0,2695,1304,59
167.524,1,10347520,repair,232,1.75533e+08,1.75482e+08,6027,12,40,29,96,55,0,3553,2351,123
167.544,0,10168320,repair,1,6.03707e+07,6.0358e+07,3774,0,1,0,0,0,0,2542,1183,49
167.778,1,10363904,repair,174,1.63744e+08,1.63699e+08,5838,7,31,32,74,30,0,3474,2262,102
167.81,0,10187776,windows,0,5.0308e+07,5.02852e+07,3447,0,0,0,0,0,0,2326,1077,44
168.032,1,10380288,repair,139,1.47997e+08,1.47981e+08,5529,5,22,22,52,38,0,3256,2170,103
168.076,0,10204160,windows,0,3.96569e+07,3.96468e+07,3040,0,0,0,0,0,0,2022,979,39
168.296,1,10396672,repair,111,1.35713e+08,1.35694e+08,5384,3,16,20,43,29,0,3275,2019,90
168.344,0,10220544,windows,0,3.23644e+07,3.23644e+07,2760,0,0,0,0,0,0,1860,867,33
168.55,1,10412032,repair,77,1.37313e+08,1.37271e+08,5464,3,14,12,32,16,0,3374,2000,90
168.611,0,10237952,windows,0,2.69064e+07,2.6897e+07,2522,0,0,0,0,0,0,1708,784,30
168.808,1,10428416,repair,47,1.2721e+08,1.27208e+08,5268,2,8,5,18,14,0,3290,1909,69
168.863,0,10254336,windows,0,2.25568e+07,2.25417e+07,2312,0,0,0,0,0,0,1569,715,28
169.074,1,10444800,repair,25,1.18812e+08,1.18796e+08,5082,1,2,2,14,6,0,3154,1856,72
169.12,0,10268672,windows,0,1.87652e+07,1.87652e+07,2120,0,0,0,0,0,0,1460,636,24
169.329,1,10461184,repair,16,1.02426e+08,1.02375e+08,4789,0,1,1,12,2,0,3061,1665,63
169.379,0,10284032,windows,0,1.55032e+07,1.5485e+07,1931,0,0,0,0,0,0,1323,580,28
169.592,1,10477568,repair,9,9.0417e+07,9.03714e+07,4504,0,0,0,7,2,0,2895,1556,53
169.629,0,10299392,windows,0,1.31207e+07,1.31199e+07,1800,0,0,0,0,0,0,1271,501,28
169.853,1,10492928,repair,4,8.4347e+07,8.43032e+07,4379,0,0,1,3,0,0,2842,1481,56
169.881,0,10314752,windows,0,1.12246e+07,1.12152e+07,1669,0,0,0,0,0,0,1167,468,34
170.114,1,10506240,repair,1,7.04231e+07,7.04101e+07,4001,0,0,0,1,0,0,2593,1355,53
170.142,0,10330112,windows,0,9.36496e+06,9.35113e+06,1524,0,0,0,0,0,0,1072,424,28
170.372,1,10520576,windows,0,5.9133e+07,5.91192e+07,3710,0,0,0,0,0,0,2460,1200,50
170.404,0,10345472,windows,0,7.79527e+06,7.78734e+06,1382,0,0,0,0,0,0,962,397,23
170.636,1,10534912,windows,0,4.8624e+07,4.86225e+07,3349,0,0,0,0,0,0,2195,1106,48
170.671,0,10361856,windows,0,6.52074e+06,6.51564e+06,1267,0,0,0,0,0,0,883,361,23
170.897,1,10549248,windows,0,4.10958e+07,4.10947e+07,3089,0,0,0,0,0,0,2050,1001,38
170.935,0,10378240,windows,0,5.54814e+06,5.54133e+06,1164,0,0,0,0,0,0,801,341,22
171.166,1,10563584,windows,0,3.304e+07,3.30117e+07,2763,0,0,0,0,0,0,1817,908,38
171.188,0,10393600,windows,0,4.83028e+06,4.82581e+06,1094,0,0,0,0,0,0,764,308,22
171.442,1,10577920,windows,0,2.80748e+07,2.80662e+07,2566,0,0,0,0,0,0,1718,815,33
171.451,0,10407936,windows,0,3.94202e+06,3.9363e+06,980,0,0,0,0,0,0,678,286,16
171.704,1,10592256,windows,0,2.37318e+07,2.37081e+07,2378,0,0,0,0,0,0,1615,730,33
171.706,0,10422272,windows,0,3.3378e+06,3.33733e+06,911,0,0,0,0,0,0,645,250,16
171.956,0,10437632,windows,0,2.81173e+06,2.81173e+06,836,0,0,0,0,0,0,596,227,13
171.959,1,10606592,windows,0,2.05754e+07,2.05754e+07,2208,0,0,0,0,0,0,1504,680,24
172.208,0,10454016,windows,0,2.38628e+06,2.37908e+06,769,0,0,0,0,0,0,551,208,10
172.225,1,10622976,windows,0,1.64628e+07,1.64505e+07,1970,0,0,0,0,0,0,1331,616,23
172.47,0,10470400,windows,0,1.91666e+06,1.91631e+06,680,0,0,0,0,0,0,463,205,12
172.48,1,10638336,windows,0,1.37472e+07,1.37359e+07,1815,0,0,0,0,0,0,1261,538,16
172.725,0,10486784,windows,0,1.44872e+06,1.44301e+06,602,0,0,0,0,0,0,429,162,11
172.735,1,10654720,windows,0,1.15239e+07,1.15234e+07,1660,0,0,0,0,0,0,1145,498,17
172.978,0,10502144,windows,0,1.20994e+06,1.20652e+06,547,0,0,0,0,0,0,381,155,11
172.988,1,10669056,windows,0,9.97394e+06,9.96473e+06,1548,0,0,0,0,0,0,1069,461,18
173.233,0,10517504,windows,0,1.03251e+06,1.02976e+06,509,0,0,0,0,0,0,360,138,11
173.253,1,10684416,windows,0,8.43558e+06,8.43517e+06,1422,0,0,0,0,0,0,985,423,14
173.485,0,10532864,windows,0,870710,870710,468,0,0,0,0,0,0,330,127,11
173.513,1,10698752,windows,0,6.81128e+06,6.80629e+06,1283,0,0,0,0,0,0,881,382,20
173.737,0,10548224,windows,0,655285,655285,395,0,0,0,0,0,0,263,124,8
173.77,1,10715136,windows,0,5.61854e+06,5.61193e+06,1174,0,0,0,0,0,0,827,331,16
173.999,0,10565632,windows,0,503845,503612,351,0,0,0,0,0,0,239,104,8
174.033,1,10732544,windows,0,4.71494e+06,4.71117e+06,1072,0,0,0,0,0,0,755,305,12
174.256,0,10583040,windows,0,413630,412511,319,0,0,0,0,0,0,224,90,5
174.296,1,10748928,windows,0,4.0087e+06,4.0037e+06,1006,0,0,0,0,0,0,742,250,14
174.512,0,10600448,windows,0,349950,348931,293,0,0,0,0,0,0,204,84,5
174.561,1,10765312,windows,0,3.13938e+06,3.13462e+06,890,0,0,0,0,0,0,657,221,12
174.769,0,10617856,windows,0,257710,256769,249,0,0,0,0,0,0,172,74,3
174.813,1,10781696,windows,0,2.59346e+06,2.59058e+06,804,0,0,0,0,0,0,577,215,12
175.026,0,10635264,windows,0,200255,200112,223,0,0,0,0,0,0,155,63,5
175.064,1,10798080,windows,0,2.20472e+06,2.20057e+06,735,0,0,0,0,0,0,517,208,10
175.285,0,10652672,windows,0,166070,165988,202,0,0,0,0,0,0,142,57,3
175.32,1,10814464,windows,0,1.87696e+06,1.87046e+06,682,0,0,0,0,0,0,483,188,11
175.536,0,10668032,windows,0,140155,140072,186,0,0,0,0,0,0,131,52,3
175.572,1,10829824,windows,0,1.4627e+06,1.46034e+06,598,0,0,0,0,0,0,415,173,10
175.797,0,10684416,windows,0,98290,97718.8,151,0,0,0,0,0,0,98,50,3
175.833,1,10847232,windows,0,1.17556e+06,1.17068e+06,539,0,0,0,0,0,0,382,149,8
176.064,0,10700800,windows,0,81910,81338.8,142,0,0,0,0,0,0,98,41,3
176.098,1,10863616,windows,0,1.02548e+06,1.02342e+06,507,0,0,0,0,0,0,366,133,8
176.327,0,10717184,windows,0,70555,70472.5,132,0,0,0,0,0,0,91,38,3
176.363,1,10881024,windows,0,839230,837591,461,0,0,0,0,0,0,328,122,11
176.582,0,10733568,windows,0,61470,60672.5,123,0,0,0,0,0,0,84,36,3
176.615,1,10896384,windows,0,649425,648061,400,0,0,0,0,0,0,273,117,10
176.836,0,10749952,windows,0,56770,56687.5,118,0,0,0,0,0,0,80,35,3
176.865,1,10912768,windows,0,511810,511810,362,0,0,0,0,0,0,256,95,11
177.087,0,10766336,windows,0,41875,41792.5,100,0,0,0,0,0,0,65,32,3
177.121,1,10929152,windows,0,410345,408438,326,0,0,0,0,0,0,235,81,10
177.351,0,10782720,windows,0,41230,41147.5,99,0,0,0,0,0,0,64,32,3
177.386,1,10945536,windows,0,349075,347739,300,0,0,0,0,0,0,215,76,9
177.608,0,10798080,windows,0,32195,31828.8,88,0,0,0,0,0,0,57,28,3
177.65,1,10961920,windows,0,286265,284638,268,0,0,0,0,0,0,189,73,6
177.86,0,10813440,windows,0,29735,29200,83,0,0,0,0,0,0,55,27,1
177.912,1,10978304,windows,0,215095,214892,237,0,0,0,0,0,0,175,55,7
178.123,0,10829824,windows,0,26665,26401.2,80,0,0,0,0,0,0,53,25,2
178.168,1,10993664,windows,0,179330,178551,216,0,0,0,0,0,0,156,53,7
178.388,0,10846208,windows,0,24645,24391.2,77,0,0,0,0,0,0,51,24,2
178.421,1,11009024,windows,0,153345,153112,200,0,0,0,0,0,0,141,51,8
178.644,0,10860544,windows,0,23705,23705,76,0,0,0,0,0,0,51,23,2
178.683,1,11025408,windows,0,137060,135852,189,0,0,0,0,0,0,132,49,8
178.908,0,10876928,windows,0,18955,18306.2,66,0,0,0,0,0,0,43,22,1
178.935,1,11040768,windows,0,102520,102520,162,0,0,0,0,0,0,112,44,6
179.158,0,10893312,windows,0,17245,17031.2,63,0,0,0,0,0,0,43,20,0
179.185,1,11057152,windows,0,84085,84085,147,0,0,0,0,0,0,101,40,6
179.411,0,10909696,windows,0,16405,16405,61,0,0,0,0,0,0,41,20,0
179.446,1,11073536,windows,0,70780,70780,135,0,0,0,0,0,0,92,37,6
179.67,0,10927104,windows,0,16405,16405,61,0,0,0,0,0,0,41,20,0
179.698,1,11089920,windows,0,64845,64845,129,0,0,0,0,0,0,87,36,6
179.92,0,10945536,windows,0,13345,12970,54,0,0,0,0,0,0,35,19,0
179.954,1,11107328,windows,0,50770,50567.5,117,0,0,0,0,0,0,82,28,7
180.174,0,10963968,windows,0,12695,12320,53,0,0,0,0,0,0,33,19,1
180.216,1,11123712,windows,0,40930,40026.2,103,0,0,0,0,0,0,70,28,5
180.432,0,10981376,windows,0,11925,11761.2,51,0,0,0,0,0,0,33,18,0
180.479,1,11139072,windows,0,38210,37655,99,0,0,0,0,0,0,66,28,5
180.685,0,10998784,windows,0,11285,11131.2,49,0,0,0,0,0,0,31,18,0
180.742,1,11155456,windows,0,31250,30755,90,0,0,0,0,0,0,60,25,5
180.937,0,11016192,windows,0,8420,8420,44,0,0,0,0,0,0,30,14,0
180.996,1,11171840,windows,0,28930,28435,86,0,0,0,0,0,0,56,25,5
181.192,0,11033600,windows,0,8125,8125,43,0,0,0,0,0,0,29,14,0
181.253,1,11188224,windows,0,23435,23435,78,0,0,0,0,0,0,51,22,5
181.445,0,11049984,windows,0,7045,7045,39,0,0,0,0,0,0,25,14,0
181.503,1,11203584,windows,0,20555,20120,72,0,0,0,0,0,0,45,22,5
181.699,0,11065344,windows,0,7045,7045,39,0,0,0,0,0,0,25,14,0
181.759,1,11219968,windows,0,19250,19031.2,70,0,0,0,0,0,0,44,21,5
181.953,0,11082752,windows,0,6800,6800,38,0,0,0,0,0,0,24,14,0
182.02,1,11237376,windows,0,17570,17570,66,0,0,0,0,0,0,40,21,5
182.216,0,11100160,windows,0,6800,6800,38,0,0,0,0,0,0,24,14,0
182.281,1,11253760,windows,0,17275,16840,64,0,0,0,0,0,0,37,22,5
182.479,0,11115520,windows,0,6565,6565,37,0,0,0,0,0,0,23,14,0
182.544,1,11269120,windows,0,14530,14530,59,0,0,0,0,0,0,34,20,5
182.732,0,11131904,windows,0,6505,6505,38,0,0,0,0,0,0,25,13,0
182.802,1,11285504,windows,0,14195,14195,58,0,0,0,0,0,0,33,20,5
182.986,0,11147264,windows,0,6505,6505,38,0,0,0,0,0,0,25,13,0
183.061,1,11301888,windows,0,13750,13750,58,0,0,0,0,0,0,34,19,5
183.251,0,11162624,windows,0,6505,6505,38,0,0,0,0,0,0,25,13,0
183.321,1,11317248,windows,0,13090,13090,56,0,0,0,0,0,0,32,19,5
183.51,0,11176960,windows,0,6505,6505,38,0,0,0,0,0,0,25,13,0
183.572,1,11332608,windows,0,11435,11435,52,0,0,0,0,0,0,29,18,5
183.773,0,11192320,windows,0,6340,6065,36,0,0,0,0,0,0,22,14,0
183.823,1,11347968,windows,0,11150,11011.2,51,0,0,0,0,0,0,28,18,5
184.026,0,11208704,windows,0,5085,4746.25,33,0,0,0,0,0,0,21,12,0
184.078,1,11364352,windows,0,10875,10741.2,50,0,0,0,0,0,0,27,18,5
184.285,0,11225088,windows,0,4840,4625,33,0,0,0,0,0,0,22,11,0
184.335,1,11380736,windows,0,10610,10481.2,49,0,0,0,0,0,0,26,18,5
184.537,0,11240448,windows,0,4840,4625,33,0,0,0,0,0,0,22,11,0
184.598,1,11397120,windows,0,10355,10231.2,48,0,0,0,0,0,0,25,18,5
184.803,0,11254784,windows,0,4840,4625,33,0,0,0,0,0,0,22,11,0
184.861,1,11413504,windows,0,9245,9111.25,47,0,0,0,0,0,0,27,16,4
185.053,0,11270144,windows,0,4840,4625,33,0,0,0,0,0,0,22,11,0
185.119,1,11429888,windows,0,9245,9111.25,47,0,0,0,0,0,0,27,16,4
185.311,0,11285504,windows,0,4840,4625,33,0,0,0,0,0,0,22,11,0
185.385,1,11443200,windows,0,8360,8231.25,45,0,0,0,0,0,0,26,15,4
185.562,0,11299840,windows,0,325,325,9,0,0,0,0,0,0,7,2,0
185.65,1,11457536,windows,0,8150,8001.25,46,0,0,0,0,0,0,30,13,3
185.828,0,11315200,windows,0,325,325,9,0,0,0,0,0,0,7,2,0
185.91,1,11472896,windows,0,8110,7696.25,45,0,0,0,0,0,0,28,14,3
186.082,0,11330560,windows,0,325,325,9,0,0,0,0,0,0,7,2,0
186.177,1,11488256,windows,0,7835,7426.25,44,0,0,0,0,0,0,27,14,3
186.339,0,11345920,windows,0,325,325,9,0,0,0,0,0,0,7,2,0
186.436,1,11503616,windows,0,7570,7166.25,43,0,0,0,0,0,0,26,14,3
186.596,0,11362304,windows,0,325,325,9,0,0,0,0,0,0,7,2,0
186.699,1,11517952,windows,0,7070,6676.25,41,0,0,0,0,0,0,24,14,3
186.862,0,11378688,windows,0,325,325,9,0,0,0,0,0,0,7,2,0
186.965,1,11533312,windows,0,6775,6651.25,41,0,0,0,0,0,0,25,13,3
187.114,0,11396096,windows,0,325,325,9,0,0,0,0,0,0,7,2,0
187.233,1,11548672,windows,0,6775,6651.25,41,0,0,0,0,0,0,25,13,3
187.381,0,11413504,windows,0,325,325,9,0,0,0,0,0,0,7,2,0
187.486,1,11563008,windows,0,6070,5961.25,38,0,0,0,0,0,0,22,13,3
187.641,0,11426816,windows,0,325,325,9,0,0,0,0,0,0,7,2,0
187.749,1,11580416,windows,0,6070,5961.25,38,0,0,0,0,0,0,22,13,3
187.896,0,11444224,windows,0,325,325,9,0,0,0,0,0,0,7,2,0
188.009,1,11596800,windows,0,5920,5791.25,39,0,0,0,0,0,0,26,11,2
188.158,0,11462656,windows,0,325,325,9,0,0,0,0,0,0,7,2,0
188.262,1,11612160,windows,0,5420,5301.25,37,0,0,0,0,0,0,24,11,2
188.412,0,11482112,windows,0,260,260,8,0,0,0,0,0,0,6,2,0
188.515,1,11627520,windows,0,5420,5301.25,37,0,0,0,0,0,0,24,11,2
188.675,0,11500544,windows,0,260,260,8,0,0,0,0,0,0,6,2,0
188.776,1,11643904,windows,0,4960,4851.25,35,0,0,0,0,0,0,22,11,2
188.933,0,11520000,windows,0,260,260,8,0,0,0,0,0,0,6,2,0
189.034,1,11661312,windows,0,4960,4851.25,35,0,0,0,0,0,0,22,11,2
189.185,0,11536384,windows,0,260,260,8,0,0,0,0,0,0,6,2,0
189.294,1,11677696,windows,0,4540,4540,33,0,0,0,0,0,0,20,11,2
189.447,0,11551744,windows,0,260,260,8,0,0,0,0,0,0,6,2,0
189.553,1,11694080,windows,0,4540,4540,33,0,0,0,0,0,0,20,11,2
189.7,0,11566080,windows,0,260,260,8,0,0,0,0,0,0,6,2,0
189.809,1,11710464,windows,0,4540,4540,33,0,0,0,0,0,0,20,11,2
189.957,0,11581440,windows,0,260,260,8,0,0,0,0,0,0,6,2,0
190.072,1,11726848,windows,0,3985,3985,30,0,0,0,0,0,0,17,11,2
190.212,0,11595776,windows,0,260,260,8,0,0,0,0,0,0,6,2,0
190.324,1,11742208,windows,0,3985,3985,30,0,0,0,0,0,0,17,11,2
190.464,0,11611136,windows,0,260,260,8,0,0,0,0,0,0,6,2,0
190.578,1,11757568,windows,0,3985,3985,30,0,0,0,0,0,0,17,11,2
190.724,0,11626496,windows,0,260,260,8,0,0,0,0,0,0,6,2,0
190.841,1,11773952,windows,0,3475,3475,28,0,0,0,0,0,0,17,10,1
190.977,0,11642880,windows,0,260,260,8,0,0,0,0,0,0,6,2,0
191.093,1,11790336,windows,0,3475,3475,28,0,0,0,0,0,0,17,10,1
191.24,0,11660288,windows,0,260,260,8,0,0,0,0,0,0,6,2,0
191.355,1,11806720,windows,0,3310,3310,27,0,0,0,0,0,0,16,10,1
191.496,0,11678720,windows,0,260,260,8,0,0,0,0,0,0,6,2,0
191.607,1,11823104,windows,0,3310,3310,27,0,0,0,0,0,0,16,10,1
191.757,0,11696128,windows,0,260,260,8,0,0,0,0,0,0,6,2,0
191.868,1,11840512,windows,0,3310,3310,27,0,0,0,0,0,0,16,10,1
192.025,0,11712512,windows,0,260,260,8,0,0,0,0,0,0,6,2,0
192.126,1,11856896,windows,0,3155,3155,26,0,0,0,0,0,0,15,10,1
192.287,0,11728896,windows,0,260,260,8,0,0,0,0,0,0,6,2,0
192.377,1,11873280,windows,0,3155,3155,26,0,0,0,0,0,0,15,10,1
192.541,0,11746304,windows,0,260,260,8,0,0,0,0,0,0,6,2,0
192.629,1,11890688,windows,0,2875,2875,24,0,0,0,0,0,0,13,10,1
192.797,0,11765760,windows,0,260,260,8,0,0,0,0,0,0,6,2,0
192.885,1,11908096,windows,0,2775,2775,25,0,0,0,0,0,0,15,9,1
193.068,0,11784192,repair,0,260,260,8,0,0,0,0,0,0,6,2,0
193.139,1,11925504,windows,0,2495,2495,23,0,0,0,0,0,0,13,9,1
193.319,0,11796480,repair,0,260,260,8,0,0,0,0,0,0,6,2,0
193.396,1,11939840,windows,0,2495,2495,23,0,0,0,0,0,0,13,9,1
193.576,0,11809792,repair,0,260,260,8,0,0,0,0,0,0,6,2,0
193.66,1,11958272,windows,0,2495,2495,23,0,0,0,0,0,0,13,9,1
193.837,0,11825152,repair,0,260,260,8,0,0,0,0,0,0,6,2,0
193.914,1,11975680,windows,0,2495,2495,23,0,0,0,0,0,0,13,9,1
194.092,0,11839488,repair,0,260,260,8,0,0,0,0,0,0,6,2,0
194.173,1,11993088,windows,0,260,260,8,0,0,0,0,0,0,6,2,0
194.358,0,11853824,windows,0,260,260,8,0,0,0,0,0,0,6,2,0
194.44,1,12012544,windows,0,260,260,8,0,0,0,0,0,0,6,2,0
194.628,0,11868160,windows,0,260,260,8,0,0,0,0,0,0,6,2,0
194.699,1,12028928,windows,0,260,260,8,0,0,0,0,0,0,6,2,0
194.898,0,11883520,windows,0,260,260,8,0,0,0,0,0,0,6,2,0
194.953,1,12048384,windows,0,260,260,8,0,0,0,0,0,0,6,2,0
195.153,0,11897856,windows,0,260,260,8,0,0,0,0,0,0,6,2,0
195.203,1,12066816,windows,0,260,260,8,0,0,0,0,0,0,6,2,0
195.406,0,11911168,windows,0,260,260,8,0,0,0,0,0,0,6,2,0
195.46,1,12082176,windows,0,260,260,8,0,0,0,0,0,0,6,2,0
195.675,0,11925504,windows,0,260,260,8,0,0,0,0,0,0,6,2,0
195.71,1,12095488,windows,0,260,260,8,0,0,0,0,0,0,6,2,0
195.939,0,11940864,windows,0,260,260,8,0,0,0,0,0,0,6,2,0
195.978,1,12109824,windows,0,260,260,8,0,0,0,0,0,0,6,2,0
196.193,0,11955200,windows,0,260,260,8,0,0,0,0,0,0,6,2,0
196.252,1,12124160,windows,0,260,260,8,0,0,0,0,0,0,6,2,0
196.447,0,11969536,windows,0,260,260,8,0,0,0,0,0,0,6,2,0
196.513,1,12138496,windows,0,260,260,8,0,0,0,0,0,0,6,2,0
196.707,0,11985920,windows,0,260,260,8,0,0,0,0,0,0,6,2,0
196.769,1,12154880,windows,0,260,260,8,0,0,0,0,0,0,6,2,0
196.961,0,12002304,windows,0,260,260,8,0,0,0,0,0,0,6,2,0
197.029,1,12172288,windows,0,260,260,8,0,0,0,0,0,0,6,2,0
197.221,0,12018688,windows,0,260,260,8,0,0,0,0,0,0,6,2,0
197.282,1,12188672,windows,0,260,260,8,0,0,0,0,0,0,6,2,0
197.481,0,12033024,windows,0,260,260,8,0,0,0,0,0,0,6,2,0
197.541,1,12205056,windows,0,260,260,8,0,0,0,0,0,0,6,2,0
197.735,0,12050432,windows,0,260,260,8,0,0,0,0,0,0,6,2,0
197.804,1,12222464,windows,0,260,260,8,0,0,0,0,0,0,6,2,0
198,0,12067840,windows,0,260,260,8,0,0,0,0,0,0,6,2,0
198.069,1,12239872,windows,0,260,260,8,0,0,0,0,0,0,6,2,0
198.265,0,12084224,windows,0,260,260,8,0,0,0,0,0,0,6,2,0
198.33,1,12255232,windows,0,260,260,8,0,0,0,0,0,0,6,2,0
198.517,0,12098560,windows,0,260,260,8,0,0,0,0,0,0,6,2,0
198.589,1,12271616,windows,0,260,260,8,0,0,0,0,0,0,6,2,0
198.774,0,12114944,windows,0,260,260,8,0,0,0,0,0,0,6,2,0
198.85,1,12288000,windows,0,260,260,8,0,0,0,0,0,0,6,2,0
199.033,0,12132352,windows,0,260,260,8,0,0,0,0,0,0,6,2,0
199.103,1,12305408,windows,0,260,260,8,0,0,0,0,0,0,6,2,0
199.286,0,12149760,windows,0,260,260,8,0,0,0,0,0,0,6,2,0
199.354,1,12321792,windows,0,260,260,8,0,0,0,0,0,0,6,2,0
199.539,0,12167168,windows,0,260,260,8,0,0,0,0,0,0,6,2,0
199.608,1,12337152,windows,0,260,260,8,0,0,0,0,0,0,6,2,0
199.796,0,12185600,windows,0,260,260,8,0,0,0,0,0,0,6,2,0
199.865,1,12354560,windows,0,260,260,8,0,0,0,0,0,0,6,2,0
200.047,0,12203008,windows,0,260,260,8,0,0,0,0,0,0,6,2,0
200.123,1,12370944,windows,0,260,260,8,0,0,0,0,0,0,6,2,0
200.297,0,12220416,windows,0,260,260,8,0,0,0,0,0,0,6,2,0
200.376,1,12387328,windows,0,260,260,8,0,0,0,0,0,0,6,2,0
200.551,0,12235776,windows,0,260,260,8,0,0,0,0,0,0,6,2,0
200.631,1,12403712,windows,0,260,260,8,0,0,0,0,0,0,6,2,0
200.815,0,12253184,windows,0,260,260,8,0,0,0,0,0,0,6,2,0
200.882,1,12422144,windows,0,260,260,8,0,0,0,0,0,0,6,2,0
201.068,0,12270592,windows,0,260,260,8,0,0,0,0,0,0,6,2,0
201.139,1,12442624,windows,0,260,260,8,0,0,0,0,0,0,6,2,0
201.328,0,12288000,windows,0,260,260,8,0,0,0,0,0,0,6,2,0
201.391,1,12463104,windows,0,260,260,8,0,0,0,0,0,0,6,2,0
201.593,0,12305408,windows,0,260,260,8,0,0,0,0,0,0,6,2,0
201.652,1,12482560,windows,0,205,205,7,0,0,0,0,0,0,5,2,0
201.844,0,12321792,windows,0,260,260,8,0,0,0,0,0,0,6,2,0
201.911,1,12504064,windows,0,160,160,6,0,0,0,0,0,0,4,2,0
202.101,0,12339200,windows,0,260,260,8,0,0,0,0,0,0,6,2,0
202.17,1,12524544,windows,0,160,160,6,0,0,0,0,0,0,4,2,0
202.353,0,12356608,windows,0,260,260,8,0,0,0,0,0,0,6,2,0
202.433,1,12545024,windows,0,160,160,6,0,0,0,0,0,0,4,2,0
202.61,0,12372992,windows,0,260,260,8,0,0,0,0,0,0,6,2,0
202.688,1,12564480,windows,0,160,160,6,0,0,0,0,0,0,4,2,0
202.871,0,12391424,windows,0,260,260,8,0,0,0,0,0,0,6,2,0
202.952,1,12583936,windows,0,160,160,6,0,0,0,0,0,0,4,2,0
203.122,0,12408832,windows,0,260,260,8,0,0,0,0,0,0,6,2,0
203.217,1,12602368,windows,0,160,160,6,0,0,0,0,0,0,4,2,0
203.389,0,12424192,windows,0,260,260,8,0,0,0,0,0,0,6,2,0
203.483,1,12619776,windows,0,160,160,6,0,0,0,0,0,0,4,2,0
203.651,0,12440576,windows,0,260,260,8,0,0,0,0,0,0,6,2,0
203.745,1,12640256,windows,0,160,160,6,0,0,0,0,0,0,4,2,0
203.908,0,12459008,windows,0,260,260,8,0,0,0,0,0,0,6,2,0
204.002,1,12659712,repair,0,160,160,6,0,0,0,0,0,0,4,2,0
204.164,0,12477440,windows,0,260,260,8,0,0,0,0,0,0,6,2,0
204.253,1,12677120,windows,0,160,160,6,0,0,0,0,0,0,4,2,0
204.417,0,12494848,windows,0,260,260,8,0,0,0,0,0,0,6,2,0
204.514,1,12694528,windows,0,160,160,6,0,0,0,0,0,0,4,2,0
204.684,0,12511232,windows,0,260,260,8,0,0,0,0,0,0,6,2,0
204.77,1,12710912,windows,0,160,160,6,0,0,0,0,0,0,4,2,0
204.943,0,12528640,windows,0,260,260,8,0,0,0,0,0,0,6,2,0
205.035,1,12726272,windows,0,160,160,6,0,0,0,0,0,0,4,2,0
205.202,0,12545024,windows,0,260,260,8,0,0,0,0,0,0,6,2,0
205.294,1,12739584,windows,0,160,160,6,0,0,0,0,0,0,4,2,0
205.456,0,12563456,windows,0,260,260,8,0,0,0,0,0,0,6,2,0
205.553,1,12753920,windows,0,160,160,6,0,0,0,0,0,0,4,2,0
205.707,0,12579840,windows,0,160,160,6,0,0,0,0,0,0,4,2,0
205.803,1,12767232,windows,0,160,160,6,0,0,0,0,0,0,4,2,0
205.969,0,12597248,windows,0,160,160,6,0,0,0,0,0,0,4,2,0
206.057,1,12779520,windows,0,160,160,6,0,0,0,0,0,0,4,2,0
206.227,0,12615680,windows,0,160,160,6,0,0,0,0,0,0,4,2,0
206.316,1,12792832,windows,0,160,160,6,0,0,0,0,0,0,4,2,0
206.484,0,12633088,windows,0,160,160,6,0,0,0,0,0,0,4,2,0
206.579,1,12807168,windows,0,160,160,6,0,0,0,0,0,0,4,2,0
206.736,0,12651520,repair,0,160,160,6,0,0,0,0,0,0,4,2,0
206.833,1,12822528,windows,0,160,160,6,0,0,0,0,0,0,4,2,0
207.001,0,12667904,windows,0,160,160,6,0,0,0,0,0,0,4,2,0
207.088,1,12838912,windows,0,160,160,6,0,0,0,0,0,0,4,2,0
207.264,0,12683264,windows,0,160,160,6,0,0,0,0,0,0,4,2,0
207.35,1,12855296,windows,0,160,160,6,0,0,0,0,0,0,4,2,0
207.533,0,12697600,windows,0,160,160,6,0,0,0,0,0,0,4,2,0
207.617,1,12871680,windows,0,160,160,6,0,0,0,0,0,0,4,2,0
207.795,0,12711936,windows,0,160,160,6,0,0,0,0,0,0,4,2,0
207.88,1,12888064,windows,0,160,160,6,0,0,0,0,0,0,4,2,0
208.055,0,12726272,windows,0,160,160,6,0,0,0,0,0,0,4,2,0
208.132,1,12904448,windows,0,160,160,6,0,0,0,0,0,0,4,2,0
208.31,0,12739584,windows,0,160,160,6,0,0,0,0,0,0,4,2,0
208.392,1,12921856,windows,0,160,160,6,0,0,0,0,0,0,4,2,0
208.574,0,12754944,windows,0,160,160,6,0,0,0,0,0,0,4,2,0
208.65,1,12939264,windows,0,160,160,6,0,0,0,0,0,0,4,2,0
208.837,0,12771328,windows,0,160,160,6,0,0,0,0,0,0,4,2,0
208.913,1,12957696,windows,0,160,160,6,0,0,0,0,0,0,4,2,0
209.096,0,12788736,windows,0,160,160,6,0,0,0,0,0,0,4,2,0
209.166,1,12976128,windows,0,160,160,6,0,0,0,0,0,0,4,2,0
209.352,0,12804096,windows,0,160,160,6,0,0,0,0,0,0,4,2,0
209.427,1,12995584,windows,0,160,160,6,0,0,0,0,0,0,4,2,0
209.607,0,12819456,windows,0,160,160,6,0,0,0,0,0,0,4,2,0
209.681,1,13012992,windows,0,160,160,6,0,0,0,0,0,0,4,2,0
209.859,0,12836864,windows,0,160,160,6,0,0,0,0,0,0,4,2,0
209.944,1,13031424,windows,0,160,160,6,0,0,0,0,0,0,4,2,0
210.121,0,12856320,windows,0,160,160,6,0,0,0,0,0,0,4,2,0
210.206,1,13047808,repair,0,160,160,6,0,0,0,0,0,0,4,2,0
210.371,0,12873728,windows,0,160,160,6,0,0,0,0,0,0,4,2,0
210.477,1,13062144,repair,0,160,160,6,0,0,0,0,0,0,4,2,0
210.624,0,12891136,windows,0,160,160,6,0,0,0,0,0,0,4,2,0
210.74,1,13076480,repair,0,160,160,6,0,0,0,0,0,0,4,2,0
210.884,0,12908544,windows,0,160,160,6,0,0,0,0,0,0,4,2,0
210.993,1,13090816,repair,0,160,160,6,0,0,0,0,0,0,4,2,0
211.142,0,12925952,windows,0,160,160,6,0,0,0,0,0,0,4,2,0
211.244,1,13104128,windows,0,160,160,6,0,0,0,0,0,0,4,2,0
211.401,0,12943360,windows,0,160,160,6,0,0,0,0,0,0,4,2,0
211.502,1,13117440,windows,0,160,160,6,0,0,0,0,0,0,4,2,0
211.662,0,12961792,windows,0,160,160,6,0,0,0,0,0,0,4,2,0
211.765,1,13131776,windows,0,160,160,6,0,0,0,0,0,0,4,2,0
211.923,0,12981248,windows,0,160,160,6,0,0,0,0,0,0,4,2,0
212.027,1,13146112,windows,0,160,160,6,0,0,0,0,0,0,4,2,0
212.185,0,13000704,windows,0,160,160,6,0,0,0,0,0,0,4,2,0
212.282,1,13160448,windows,0,160,160,6,0,0,0,0,0,0,4,2,0
212.441,0,13020160,windows,0,160,160,6,0,0,0,0,0,0,4,2,0
212.532,1,13173760,windows,0,160,160,6,0,0,0,0,0,0,4,2,0
212.695,0,13038592,repair,0,160,160,6,0,0,0,0,0,0,4,2,0
212.799,1,13188096,windows,0,160,160,6,0,0,0,0,0,0,4,2,0
212.951,0,13057024,windows,0,160,160,6,0,0,0,0,0,0,4,2,0
213.063,1,13201408,windows,0,160,160,6,0,0,0,0,0,0,4,2,0
213.207,0,13074432,windows,0,160,160,6,0,0,0,0,0,0,4,2,0
213.323,1,13215744,windows,0,160,160,6,0,0,0,0,0,0,4,2,0
213.464,0,13090816,windows,0,160,160,6,0,0,0,0,0,0,4,2,0
213.574,1,13229056,windows,0,160,160,6,0,0,0,0,0,0,4,2,0
213.728,0,13108224,windows,0,160,160,6,0,0,0,0,0,0,4,2,0
213.831,1,13243392,windows,0,160,160,6,0,0,0,0,0,0,4,2,0
213.995,0,13125632,windows,0,160,160,6,0,0,0,0,0,0,4,2,0
214.093,1,13257728,windows,0,160,160,6,0,0,0,0,0,0,4,2,0
214.255,0,13142016,windows,0,160,160,6,0,0,0,0,0,0,4,2,0
214.354,1,13272064,windows,0,160,160,6,0,0,0,0,0,0,4,2,0
214.506,0,13155328,windows,0,160,160,6,0,0,0,0,0,0,4,2,0
214.618,1,13286400,windows,0,160,160,6,0,0,0,0,0,0,4,2,0
214.766,0,13169664,windows,0,160,160,6,0,0,0,0,0,0,4,2,0
214.873,1,13300736,windows,0,160,160,6,0,0,0,0,0,0,4,2,0
215.02,0,13184000,windows,0,160,160,6,0,0,0,0,0,0,4,2,0
215.126,1,13315072,windows,0,160,160,6,0,0,0,0,0,0,4,2,0
215.283,0,13198336,windows,0,160,160,6,0,0,0,0,0,0,4,2,0
215.389,1,13329408,windows,0,160,160,6,0,0,0,0,0,0,4,2,0
215.538,0,13212672,windows,0,160,160,6,0,0,0,0,0,0,4,2,0
215.654,1,13343744,repair,0,160,160,6,0,0,0,0,0,0,4,2,0
215.806,0,13228032,windows,0,160,160,6,0,0,0,0,0,0,4,2,0
215.921,1,13359104,repair,0,160,160,6,0,0,0,0,0,0,4,2,0
216.071,0,13242368,windows,0,160,160,6,0,0,0,0,0,0,4,2,0
216.185,1,13375488,windows,0,160,160,6,0,0,0,0,0,0,4,2,0
216.327,0,13256704,windows,0,160,160,6,0,0,0,0,0,0,4,2,0
216.435,1,13389824,windows,0,160,160,6,0,0,0,0,0,0,4,2,0
216.592,0,13272064,windows,0,160,160,6,0,0,0,0,0,0,4,2,0
216.686,1,13403136,windows,0,160,160,6,0,0,0,0,0,0,4,2,0
216.847,0,13289472,windows,0,160,160,6,0,0,0,0,0,0,4,2,0
216.945,1,13417472,windows,0,160,160,6,0,0,0,0,0,0,4,2,0
217.097,0,13306880,windows,0,160,160,6,0,0,0,0,0,0,4,2,0
217.202,1,13431808,windows,0,160,160,6,0,0,0,0,0,0,4,2,0
217.359,0,13326336,windows,0,160,160,6,0,0,0,0,0,0,4,2,0
217.463,1,13445120,windows,0,160,160,6,0,0,0,0,0,0,4,2,0
217.622,0,13343744,windows,0,160,160,6,0,0,0,0,0,0,4,2,0
217.721,1,13458432,windows,0,160,160,6,0,0,0,0,0,0,4,2,0
217.875,0,13358080,windows,0,160,160,6,0,0,0,0,0,0,4,2,0
217.997,1,13472768,windows,0,160,160,6,0,0,0,0,0,0,4,2,0
218.134,0,13375488,windows,0,160,160,6,0,0,0,0,0,0,4,2,0
218.257,1,13487104,windows,0,160,160,6,0,0,0,0,0,0,4,2,0
218.396,0,13393920,windows,0,160,160,6,0,0,0,0,0,0,4,2,0
218.519,1,13500416,windows,0,160,160,6,0,0,0,0,0,0,4,2,0
218.65,0,13408256,repair,0,160,160,6,0,0,0,0,0,0,4,2,0
218.78,1,13514752,windows,0,160,160,6,0,0,0,0,0,0,4,2,0
218.905,0,13423616,repair,0,160,160,6,0,0,0,0,0,0,4,2,0
219.045,1,13529088,windows,0,160,160,6,0,0,0,0,0,0,4,2,0
219.157,0,13438976,windows,0,160,160,6,0,0,0,0,0,0,4,2,0
219.303,1,13541376,windows,0,160,160,6,0,0,0,0,0,0,4,2,0
219.412,0,13453312,windows,0,160,160,6,0,0,0,0,0,0,4,2,0
219.569,1,13556736,windows,0,160,160,6,0,0,0,0,0,0,4,2,0
219.663,0,13465600,windows,0,160,160,6,0,0,0,0,0,0,4,2,0
219.825,1,13570048,windows,0,160,160,6,0,0,0,0,0,0,4,2,0
219.925,0,13478912,windows,0,160,160,6,0,0,0,0,0,0,4,2,0
220.076,1,13584384,windows,0,160,160,6,0,0,0,0,0,0,4,2,0
220.188,0,13493248,windows,0,160,160,6,0,0,0,0,0,0,4,2,0
220.333,1,13598720,windows,0,160,160,6,0,0,0,0,0,0,4,2,0
220.439,0,13506560,windows,0,160,160,6,0,0,0,0,0,0,4,2,0
220.598,1,13613056,windows,0,160,160,6,0,0,0,0,0,0,4,2,0
220.704,0,13520896,windows,0,160,160,6,0,0,0,0,0,0,4,2,0
220.867,1,13627392,windows,0,160,160,6,0,0,0,0,0,0,4,2,0
220.967,0,13535232,windows,0,160,160,6,0,0,0,0,0,0,4,2,0
221.125,1,13641728,repair,0,160,160,6,0,0,0,0,0,0,4,2,0
221.233,0,13549568,windows,0,160,160,6,0,0,0,0,0,0,4,2,0
221.385,1,13656064,repair,0,160,160,6,0,0,0,0,0,0,4,2,0
221.495,0,13562880,windows,0,160,160,6,0,0,0,0,0,0,4,2,0
221.635,1,13670400,repair,0,160,160,6,0,0,0,0,0,0,4,2,0
221.762,0,13577216,windows,0,160,160,6,0,0,0,0,0,0,4,2,0
221.898,1,13685760,windows,0,160,160,6,0,0,0,0,0,0,4,2,0
222.02,0,13591552,windows,0,160,160,6,0,0,0,0,0,0,4,2,0
222.153,1,13700096,windows,0,160,160,6,0,0,0,0,0,0,4,2,0
222.275,0,13604864,windows,0,160,160,6,0,0,0,0,0,0,4,2,0
222.412,1,13713408,windows,0,160,160,6,0,0,0,0,0,0,4,2,0
222.535,0,13619200,windows,0,160,160,6,0,0,0,0,0,0,4,2,0
222.674,1,13727744,windows,0,160,160,6,0,0,0,0,0,0,4,2,0
222.793,0,13633536,windows,0,160,160,6,0,0,0,0,0,0,4,2,0
222.937,1,13742080,windows,0,160,160,6,0,0,0,0,0,0,4,2,0
223.044,0,13647872,windows,0,160,160,6,0,0,0,0,0,0,4,2,0
223.192,1,13756416,windows,0,160,160,6,0,0,0,0,0,0,4,2,0
223.3,0,13662208,windows,0,160,160,6,0,0,0,0,0,0,4,2,0
223.452,1,13771776,windows,0,160,160,6,0,0,0,0,0,0,4,2,0
223.552,0,13675520,windows,0,160,160,6,0,0,0,0,0,0,4,2,0
223.707,1,13786112,windows,0,160,160,6,0,0,0,0,0,0,4,2,0
223.804,0,13689856,windows,0,160,160,6,0,0,0,0,0,0,4,2,0
223.973,1,13801472,windows,0,160,160,6,0,0,0,0,0,0,4,2,0
224.071,0,13704192,windows,0,160,160,6,0,0,0,0,0,0,4,2,0
224.234,1,13815808,windows,0,160,160,6,0,0,0,0,0,0,4,2,0
224.329,0,13718528,windows,0,160,160,6,0,0,0,0,0,0,4,2,0
224.486,1,13830144,windows,0,160,160,6,0,0,0,0,0,0,4,2,0
224.594,0,13732864,windows,0,160,160,6,0,0,0,0,0,0,4,2,0
224.75,1,13844480,windows,0,160,160,6,0,0,0,0,0,0,4,2,0
224.862,0,13747200,windows,0,160,160,6,0,0,0,0,0,0,4,2,0
225.004,1,13858816,windows,0,160,160,6,0,0,0,0,0,0,4,2,0
225.129,0,13762560,windows,0,160,160,6,0,0,0,0,0,0,4,2,0
225.255,1,13872128,windows,0,160,160,6,0,0,0,0,0,0,4,2,0
225.384,0,13776896,windows,0,160,160,6,0,0,0,0,0,0,4,2,0
225.518,1,13886464,windows,0,160,160,6,0,0,0,0,0,0,4,2,0
225.637,0,13790208,windows,0,160,160,6,0,0,0,0,0,0,4,2,0
225.773,1,13900800,windows,0,160,160,6,0,0,0,0,0,0,4,2,0
225.899,0,13801472,repair,1061,9.18606e+07,9.18371e+07,3440,26,76,76,558,325,0,2064,1177,199
226.029,1,13914112,windows,0,160,160,6,0,0,0,0,0,0,4,2,0
226.153,0,13817856,repair,709,2.65205e+08,2.65147e+08,7101,46,129,123,261,150,0,3996,2941,164
226.292,1,13928448,windows,0,160,160,6,0,0,0,0,0,0,4,2,0
226.403,0,13835264,repair,578,2.8662e+08,2.86553e+08,7419,43,114,111,209,101,0,4146,3102,171
226.545,1,13942784,windows,0,160,160,6,0,0,0,0,0,0,4,2,0
226.661,0,13852672,repair,489,2.53486e+08,2.53461e+08,7058,32,85,92,173,107,0,4018,2887,153
226.811,1,13957120,windows,0,160,160,6,0,0,0,0,0,0,4,2,0
226.921,0,13870080,repair,397,2.37162e+08,2.37137e+08,6909,25,75,79,130,88,0,3984,2772,153
227.078,1,13971456,windows,0,160,160,6,0,0,0,0,0,0,4,2,0
227.175,0,13887488,repair,322,2.21924e+08,2.21871e+08,6745,15,64,59,128,56,0,3980,2644,121
227.342,1,13985792,windows,0,160,160,6,0,0,0,0,0,0,4,2,0
227.439,0,13904896,repair,275,1.8243e+08,1.8243e+08,6084,14,38,50,114,59,0,3541,2423,120
227.594,1,14000128,windows,0,160,160,6,0,0,0,0,0,0,4,2,0
227.696,0,13921280,repair,220,1.82085e+08,1.82064e+08,6085,12,39,34,90,45,0,3568,2418,99
227.848,1,14014464,windows,0,160,160,6,0,0,0,0,0,0,4,2,0
227.947,0,13934592,repair,172,1.74874e+08,1.7481e+08,6011,9,25,27,68,43,0,3545,2355,111
228.106,1,14029824,windows,0,160,160,6,0,0,0,0,0,0,4,2,0
228.209,0,13953024,repair,138,1.52875e+08,1.52832e+08,5706,9,16,14,66,33,0,3453,2149,104
228.372,1,14045184,windows,0,160,160,6,0,0,0,0,0,0,4,2,0
228.461,0,13969408,repair,96,1.56984e+08,1.56964e+08,5743,6,10,12,47,21,0,3411,2215,117
228.628,1,14060544,windows,0,160,160,6,0,0,0,0,0,0,4,2,0
228.717,0,13984768,repair,67,1.54202e+08,1.54155e+08,5708,1,5,13,31,17,0,3421,2182,105
228.88,1,14071808,repair,986,1.36117e+08,1.36079e+08,4702,52,118,93,470,253,0,2589,1888,225
228.969,0,14000128,repair,50,1.34228e+08,1.34189e+08,5439,3,12,8,18,9,0,3385,1957,97
229.137,1,14089216,repair,710,2.70117e+08,2.70052e+08,7192,50,144,131,252,133,0,4016,2976,200
229.234,0,14016512,repair,35,1.08946e+08,1.08928e+08,4896,0,9,2,14,10,0,3051,1763,82
229.392,1,14106624,repair,571,2.7444e+08,2.74435e+08,7346,36,132,101,183,119,0,4203,2985,158
229.488,0,14031872,repair,19,1.07442e+08,1.0744e+08,4876,2,3,2,9,3,0,3043,1745,88
229.654,1,14124032,repair,478,2.59442e+08,2.59421e+08,7201,37,101,86,165,89,0,4119,2904,178
229.742,0,14049280,repair,12,9.14261e+07,9.13914e+07,4491,1,1,1,6,3,0,2795,1615,81
229.912,1,14141440,repair,382,2.41274e+08,2.41198e+08,7026,34,77,74,127,70,0,4105,2768,153
229.997,0,14066688,repair,4,7.73175e+07,7.73175e+07,4223,0,2,0,0,2,0,2736,1409,78
230.163,1,14158848,repair,325,2.06827e+08,2.06803e+08,6516,20,59,37,135,74,0,3805,2559,152
230.26,0,14082048,windows,0,6.82243e+07,6.81852e+07,3985,0,0,0,0,0,0,2608,1305,72
230.426,1,14176256,repair,262,1.94085e+08,1.94017e+08,6351,15,43,42,107,55,0,3777,2456,118
230.528,0,14097408,windows,0,5.5941e+07,5.59269e+07,3654,0,0,0,0,0,0,2467,1127,60
230.685,1,14192640,repair,217,1.7593e+08,1.75926e+08,6049,11,34,31,90,51,0,3565,2352,132
230.796,0,14111744,windows,0,4.65424e+07,4.65295e+07,3321,0,0,0,0,0,0,2212,1048,61
230.943,1,14209024,repair,158,1.70904e+08,1.70836e+08,6051,5,30,24,67,32,0,3661,2267,123
231.06,0,14127104,windows,0,3.78658e+07,3.78466e+07,2970,0,0,0,0,0,0,1971,959,40
231.206,1,14226432,repair,121,1.60097e+08,1.60093e+08,5863,3,21,18,59,20,0,3543,2196,124
231.322,0,14143488,windows,0,3.01399e+07,3.01299e+07,2655,0,0,0,0,0,0,1761,854,40
231.464,1,14242816,repair,88,1.51636e+08,1.51576e+08,5678,6,12,7,48,15,0,3412,2154,112
231.579,0,14159872,windows,0,2.48926e+07,2.48915e+07,2453,0,0,0,0,0,0,1692,726,35
231.726,1,14259200,repair,60,1.4296e+08,1.42957e+08,5524,1,11,9,25,14,0,3320,2090,114
231.831,0,14175232,windows,0,2.1e+07,2.09992e+07,2242,0,0,0,0,0,0,1535,678,29
231.979,1,14275584,repair,36,1.25175e+08,1.25159e+08,5204,2,7,3,14,10,0,3200,1920,84
232.094,0,14190592,windows,0,1.80939e+07,1.80858e+07,2083,0,0,0,0,0,0,1406,639,38
232.238,1,14291968,repair,20,1.15608e+08,1.15554e+08,4988,1,4,4,9,2,0,3063,1851,74
232.35,0,14205952,windows,0,1.45145e+07,1.4508e+07,1878,0,0,0,0,0,0,1301,549,28
232.494,1,14307328,repair,12,9.97296e+07,9.97133e+07,4639,0,2,2,4,4,0,2863,1712,64
232.615,0,14222336,windows,0,1.22163e+07,1.22102e+07,1733,0,0,0,0,0,0,1221,487,25
232.75,1,14323712,repair,6,8.78606e+07,8.78153e+07,4402,0,0,2,3,1,0,2766,1573,63
232.873,0,14237696,windows,0,1.03448e+07,1.03392e+07,1596,0,0,0,0,0,0,1127,446,23
233.01,1,14341120,repair,1,8.58724e+07,8.58566e+07,4382,0,1,0,0,0,0,2786,1532,64
233.136,0,14254080,windows,0,8.7091e+06,8.70857e+06,1460,0,0,0,0,0,0,1030,412,18
233.273,1,14358528,repair,0,6.94313e+07,6.94296e+07,4008,0,0,0,0,0,0,2632,1317,59
233.402,0,14270464,windows,0,6.98664e+06,6.9743e+06,1299,0,0,0,0,0,0,915,374,10
233.54,1,14374912,windows,0,5.04041e+07,5.0393e+07,3411,0,0,0,0,0,0,2226,1130,55
233.662,0,14285824,windows,0,5.87285e+06,5.86162e+06,1195,0,0,0,0,0,0,850,336,9
233.793,1,14389248,windows,0,4.18283e+07,4.18166e+07,3128,0,0,0,0,0,0,2087,1000,41
233.925,0,14302208,windows,0,4.86095e+06,4.8506e+06,1092,0,0,0,0,0,0,774,305,13
234.048,1,14403584,windows,0,3.55849e+07,3.55837e+07,2876,0,0,0,0,0,0,1900,935,41
234.178,0,14318592,windows,0,4.05957e+06,4.05568e+06,997,0,0,0,0,0,0,702,282,13
234.299,1,14416896,windows,0,2.98295e+07,2.98025e+07,2641,0,0,0,0,0,0,1749,851,41
234.435,0,14332928,windows,0,3.26495e+06,3.25634e+06,894,0,0,0,0,0,0,626,255,13
234.557,1,14430208,windows,0,2.48782e+07,2.48701e+07,2412,0,0,0,0,0,0,1610,771,31
234.691,0,14348288,windows,0,2.60354e+06,2.60325e+06,792,0,0,0,0,0,0,547,235,10
234.821,1,14444544,windows,0,2.12008e+07,2.11998e+07,2240,0,0,0,0,0,0,1504,702,34
234.943,0,14363648,windows,0,2.18564e+06,2.18138e+06,733,0,0,0,0,0,0,523,202,8
235.075,1,14457856,windows,0,1.8301e+07,1.82805e+07,2104,0,0,0,0,0,0,1457,619,28
235.206,0,14380032,windows,0,1.83893e+06,1.83653e+06,674,0,0,0,0,0,0,480,185,9
235.326,1,14471168,windows,0,1.58551e+07,1.58551e+07,1951,0,0,0,0,0,0,1326,593,32
235.467,0,14395392,windows,0,1.48378e+06,1.48378e+06,607,0,0,0,0,0,0,436,163,8
235.577,1,14483456,windows,0,1.35284e+07,1.35223e+07,1804,0,0,0,0,0,0,1226,547,31
235.729,0,14410752,windows,0,1.16643e+06,1.1617e+06,541,0,0,0,0,0,0,396,138,7
235.832,1,14496768,windows,0,1.14745e+07,1.14587e+07,1650,0,0,0,0,0,0,1113,513,24
235.999,0,14426112,windows,0,980855,976486,499,0,0,0,0,0,0,359,129,11
236.096,1,14509056,windows,0,1.0081e+07,1.0081e+07,1575,0,0,0,0,0,0,1118,437,20
236.25,0,14441472,windows,0,813385,813092,458,0,0,0,0,0,0,341,107,10
236.361,1,14523392,windows,0,8.7861e+06,8.78103e+06,1457,0,0,0,0,0,0,1013,427,17
236.513,0,14456832,windows,0,719885,717558,431,0,0,0,0,0,0,319,102,10
236.614,1,14536704,windows,0,7.7777e+06,7.76504e+06,1376,0,0,0,0,0,0,971,391,14
236.764,0,14472192,windows,0,549490,545884,375,0,0,0,0,0,0,266,98,11
236.885,1,14551040,windows,0,6.48936e+06,6.48897e+06,1250,0,0,0,0,0,0,869,368,13
237.015,0,14487552,windows,0,438790,438790,334,0,0,0,0,0,0,242,85,7
237.143,1,14564352,windows,0,5.49276e+06,5.49276e+06,1156,0,0,0,0,0,0,817,328,11
237.276,0,14502912,windows,0,365375,365375,301,0,0,0,0,0,0,213,83,5
237.414,1,14578688,windows,0,4.65562e+06,4.65188e+06,1065,0,0,0,0,0,0,747,305,13
237.531,0,14516224,windows,0,329250,329250,290,0,0,0,0,0,0,216,69,5
237.673,1,14592000,windows,0,4.1224e+06,4.11677e+06,1005,0,0,0,0,0,0,711,282,12
237.796,0,14532608,windows,0,282135,280880,269,0,0,0,0,0,0,201,63,5
237.935,1,14606336,windows,0,3.59992e+06,3.59992e+06,944,0,0,0,0,0,0,676,256,12
238.05,0,14545920,windows,0,212260,212148,232,0,0,0,0,0,0,170,58,4
238.191,1,14619648,windows,0,2.95933e+06,2.9542e+06,838,0,0,0,0,0,0,572,257,9
238.318,0,14559232,windows,0,171710,170991,207,0,0,0,0,0,0,144,58,5
238.451,1,14632960,windows,0,2.44344e+06,2.44057e+06,766,0,0,0,0,0,0,533,226,7
238.571,0,14571520,windows,0,152830,151989,197,0,0,0,0,0,0,140,52,5
238.716,1,14647296,windows,0,2.03006e+06,2.03006e+06,706,0,0,0,0,0,0,497,199,10
238.837,0,14584832,windows,0,137465,137292,190,0,0,0,0,0,0,141,43,6
238.978,1,14661632,windows,0,1.75008e+06,1.74744e+06,660,0,0,0,0,0,0,475,176,9
239.105,0,14599168,windows,0,113250,113250,170,0,0,0,0,0,0,120,45,5
239.236,1,14675968,windows,0,1.49898e+06,1.49363e+06,613,0,0,0,0,0,0,451,155,7
239.366,0,14612480,windows,0,87415,86600,149,0,0,0,0,0,0,103,41,5
239.506,1,14690304,windows,0,1.19815e+06,1.19505e+06,546,0,0,0,0,0,0,394,145,7
239.616,0,14624768,windows,0,67555,67555,130,0,0,0,0,0,0,97,32,1
239.774,1,14704640,windows,0,970760,966246,488,0,0,0,0,0,0,336,142,10
239.877,0,14638080,windows,0,59525,59018.8,123,0,0,0,0,0,0,91,30,2
240.038,1,14718976,windows,0,812800,812508,445,0,0,0,0,0,0,302,133,10
240.143,0,14652416,windows,0,53120,53067.5,117,0,0,0,0,0,0,90,25,2
240.289,1,14733312,windows,0,709600,707939,419,0,0,0,0,0,0,298,115,6
240.4,0,14665728,windows,0,48430,47995,111,0,0,0,0,0,0,88,22,1
240.541,1,14747648,windows,0,617420,616061,389,0,0,0,0,0,0,272,111,6
240.656,0,14679040,windows,0,45055,44186.2,107,0,0,0,0,0,0,83,23,1
240.806,1,14761984,windows,0,481270,481270,342,0,0,0,0,0,0,242,97,3
240.921,0,14692352,windows,0,31060,30605,87,0,0,0,0,0,0,64,23,0
241.067,1,14776320,windows,0,395990,394841,314,0,0,0,0,0,0,230,81,3
241.173,0,14705664,windows,0,24480,24125,78,0,0,0,0,0,0,60,18,0
241.322,1,14790656,windows,0,340205,338650,289,0,0,0,0,0,0,209,78,2
241.437,0,14718976,windows,0,23780,23146.2,77,0,0,0,0,0,0,60,17,0
241.578,1,14804992,windows,0,282725,280344,265,0,0,0,0,0,0,195,68,2
241.694,0,14732288,windows,0,22025,21690,74,0,0,0,0,0,0,57,17,0
241.843,1,14819328,windows,0,240515,239200,244,0,0,0,0,0,0,175,66,3
241.954,0,14745600,windows,0,19080,18785,69,0,0,0,0,0,0,54,15,0
242.113,1,14833664,windows,0,176230,176230,206,0,0,0,0,0,0,146,59,1
242.213,0,14759936,windows,0,15380,15380,62,0,0,0,0,0,0,50,12,0
242.363,1,14846976,windows,0,143635,142919,186,0,0,0,0,0,0,127,56,3
242.477,0,14774272,windows,0,12560,12325,56,0,0,0,0,0,0,44,12,0
242.626,1,14861312,windows,0,123325,123325,173,0,0,0,0,0,0,121,50,2
242.741,0,14788608,windows,0,10055,10055,51,0,0,0,0,0,0,39,11,1
242.878,1,14875648,windows,0,102620,101146,157,0,0,0,0,0,0,108,47,2
243,0,14802944,windows,0,9635,9635,50,0,0,0,0,0,0,39,10,1
243.13,1,14889984,windows,0,93445,92026.2,149,0,0,0,0,0,0,101,46,2
243.259,0,14817280,windows,0,9635,9635,50,0,0,0,0,0,0,39,10,1
243.398,1,14904320,windows,0,65135,65052.5,125,0,0,0,0,0,0,83,39,3
243.517,0,14831616,windows,0,7810,7615,45,0,0,0,0,0,0,34,10,1
243.652,1,14917632,windows,0,53555,52837.5,116,0,0,0,0,0,0,81,32,3
243.779,0,14845952,windows,0,7810,7615,45,0,0,0,0,0,0,34,10,1
243.909,1,14931968,windows,0,48690,48607.5,111,0,0,0,0,0,0,78,30,3
244.043,0,14861312,windows,0,7095,7095,43,0,0,0,0,0,0,33,9,1
244.16,1,14945280,windows,0,41650,41188.8,104,0,0,0,0,0,0,76,25,3
244.298,0,14875648,windows,0,6770,6436.25,42,0,0,0,0,0,0,32,9,1
244.418,1,14959616,windows,0,38975,38892.5,101,0,0,0,0,0,0,75,23,3
244.564,0,14891008,windows,0,6770,6436.25,42,0,0,0,0,0,0,32,9,1
244.671,1,14973952,windows,0,26130,25386.2,79,0,0,0,0,0,0,54,24,1
244.826,0,14906368,windows,0,6770,6436.25,42,0,0,0,0,0,0,32,9,1
244.928,1,14989312,windows,0,21190,20961.2,70,0,0,0,0,0,0,46,23,1
245.08,0,14921728,windows,0,6770,6436.25,42,0,0,0,0,0,0,32,9,1
245.185,1,15004672,windows,0,19835,19611.2,68,0,0,0,0,0,0,45,22,1
245.334,0,14937088,windows,0,6770,6436.25,42,0,0,0,0,0,0,32,9,1
245.436,1,15019008,windows,0,17710,17511.2,63,0,0,0,0,0,0,40,22,1
245.594,0,14951424,windows,0,6770,6436.25,42,0,0,0,0,0,0,32,9,1
245.692,1,15034368,windows,0,16850,16651.2,62,0,0,0,0,0,0,40,21,1
245.851,0,14966784,windows,0,6770,6436.25,42,0,0,0,0,0,0,32,9,1
245.955,1,15050752,windows,0,13475,13080,54,0,0,0,0,0,0,33,20,1
246.117,0,14982144,windows,0,6530,6186.25,41,0,0,0,0,0,0,30,10,1
246.215,1,15067136,windows,0,12960,12426.2,54,0,0,0,0,0,0,36,18,0
246.376,0,14997504,windows,0,6235,5896.25,40,0,0,0,0,0,0,29,10,1
246.466,1,15082496,windows,0,11560,11391.2,51,0,0,0,0,0,0,34,17,0
246.633,0,15012864,windows,0,6235,5896.25,40,0,0,0,0,0,0,29,10,1
246.72,1,15097856,windows,0,11225,11061.2,50,0,0,0,0,0,0,33,17,0
246.883,0,15027200,windows,0,5855,5536.25,39,0,0,0,0,0,0,29,9,1
246.975,1,15114240,windows,0,10565,10401.2,49,0,0,0,0,0,0,33,16,0
247.143,0,15042560,windows,0,5855,5536.25,39,0,0,0,0,0,0,29,9,1
247.236,1,15131648,windows,0,8145,8145,42,0,0,0,0,0,0,27,15,0
247.395,0,15057920,windows,0,5855,5536.25,39,0,0,0,0,0,0,29,9,1
247.492,1,15148032,windows,0,7625,7625,40,0,0,0,0,0,0,25,15,0
247.655,0,15073280,windows,0,5295,4986.25,37,0,0,0,0,0,0,27,9,1
247.753,1,15164416,windows,0,7625,7625,40,0,0,0,0,0,0,25,15,0
247.921,0,15089664,windows,0,5295,4986.25,37,0,0,0,0,0,0,27,9,1
248.008,1,15179776,windows,0,7625,7625,40,0,0,0,0,0,0,25,15,0
248.178,0,15105024,windows,0,5030,4726.25,36,0,0,0,0,0,0,26,9,1
248.274,1,15196160,windows,0,7380,7261.25,39,0,0,0,0,0,0,24,15,0
248.435,0,15120384,windows,0,5030,4726.25,36,0,0,0,0,0,0,26,9,1
248.541,1,15211520,windows,0,7145,7031.25,38,0,0,0,0,0,0,23,15,0
248.688,0,15135744,windows,0,4775,4600,35,0,0,0,0,0,0,25,9,1
248.797,1,15226880,windows,0,6500,6401.25,35,0,0,0,0,0,0,20,15,0
248.94,0,15151104,windows,0,4530,4236.25,34,0,0,0,0,0,0,24,9,1
249.05,1,15243264,windows,0,5800,5691.25,35,0,0,0,0,0,0,22,13,0
249.192,0,15166464,windows,0,4295,4120,33,0,0,0,0,0,0,23,9,1
249.307,1,15258624,windows,0,5800,5691.25,35,0,0,0,0,0,0,22,13,0
249.446,0,15181824,windows,0,4070,3895,32,0,0,0,0,0,0,22,9,1
249.561,1,15271936,windows,0,5525,5176.25,35,0,0,0,0,0,0,23,12,0
249.696,0,15196160,windows,0,4070,3895,32,0,0,0,0,0,0,22,9,1
249.813,1,15285248,windows,0,5300,5065,34,0,0,0,0,0,0,22,12,0
249.961,0,15212544,windows,0,4070,3895,32,0,0,0,0,0,0,22,9,1
250.067,1,15302656,windows,0,4420,4420,31,0,0,0,0,0,0,20,11,0
250.225,0,15227904,windows,0,4070,3895,32,0,0,0,0,0,0,22,9,1
250.325,1,15320064,windows,0,4225,4225,30,0,0,0,0,0,0,19,11,0
250.482,0,15243264,windows,0,4070,3895,32,0,0,0,0,0,0,22,9,1
250.578,1,15337472,windows,0,4225,4225,30,0,0,0,0,0,0,19,11,0
250.746,0,15259648,windows,0,4070,3895,32,0,0,0,0,0,0,22,9,1
250.841,1,15355904,windows,0,4225,4225,30,0,0,0,0,0,0,19,11,0
251.007,0,15276032,windows,0,160,160,6,0,0,0,0,0,0,4,2,0
251.104,1,15374336,windows,0,4225,4225,30,0,0,0,0,0,0,19,11,0
251.269,0,15292416,windows,0,160,160,6,0,0,0,0,0,0,4,2,0
251.365,1,15392768,windows,0,160,160,6,0,0,0,0,0,0,4,2,0
251.524,0,15306752,windows,0,160,160,6,0,0,0,0,0,0,4,2,0
251.623,1,15412224,windows,0,160,160,6,0,0,0,0,0,0,4,2,0
251.785,0,15322112,windows,0,160,160,6,0,0,0,0,0,0,4,2,0
251.873,1,15431680,windows,0,160,160,6,0,0,0,0,0,0,4,2,0
252.035,0,15337472,windows,0,160,160,6,0,0,0,0,0,0,4,2,0
252.124,1,15451136,windows,0,160,160,6,0,0,0,0,0,0,4,2,0
252.286,0,15352832,windows,0,160,160,6,0,0,0,0,0,0,4,2,0
252.381,1,15470592,windows,0,160,160,6,0,0,0,0,0,0,4,2,0
252.543,0,15369216,windows,0,160,160,6,0,0,0,0,0,0,4,2,0
252.631,1,15490048,windows,0,160,160,6,0,0,0,0,0,0,4,2,0
252.794,0,15385600,windows,0,160,160,6,0,0,0,0,0,0,4,2,0
252.886,1,15510528,windows,0,160,160,6,0,0,0,0,0,0,4,2,0
253.051,0,15403008,windows,0,160,160,6,0,0,0,0,0,0,4,2,0
253.139,1,15529984,windows,0,160,160,6,0,0,0,0,0,0,4,2,0
253.313,0,15419392,repair,0,160,160,6,0,0,0,0,0,0,4,2,0
253.409,1,15547392,repair,0,160,160,6,0,0,0,0,0,0,4,2,0
253.575,0,15435776,repair,0,160,160,6,0,0,0,0,0,0,4,2,0
253.66,1,15560704,repair,0,160,160,6,0,0,0,0,0,0,4,2,0
253.826,0,15451136,windows,0,160,160,6,0,0,0,0,0,0,4,2,0
253.92,1,15576064,windows,0,160,160,6,0,0,0,0,0,0,4,2,0
254.089,0,15466496,windows,0,160,160,6,0,0,0,0,0,0,4,2,0
254.182,1,15591424,windows,0,160,160,6,0,0,0,0,0,0,4,2,0
254.35,0,15480832,windows,0,160,160,6,0,0,0,0,0,0,4,2,0
254.434,1,15604736,windows,0,160,160,6,0,0,0,0,0,0,4,2,0
254.609,0,15495168,windows,0,160,160,6,0,0,0,0,0,0,4,2,0
254.698,1,15620096,windows,0,160,160,6,0,0,0,0,0,0,4,2,0
254.863,0,15509504,windows,0,160,160,6,0,0,0,0,0,0,4,2,0
254.963,1,15637504,windows,0,160,160,6,0,0,0,0,0,0,4,2,0
255.115,0,15523840,windows,0,160,160,6,0,0,0,0,0,0,4,2,0
255.225,1,15654912,windows,0,160,160,6,0,0,0,0,0,0,4,2,0
255.376,0,15539200,windows,0,160,160,6,0,0,0,0,0,0,4,2,0
255.488,1,15672320,windows,0,160,160,6,0,0,0,0,0,0,4,2,0
255.638,0,15556608,windows,0,160,160,6,0,0,0,0,0,0,4,2,0
255.75,1,15688704,windows,0,160,160,6,0,0,0,0,0,0,4,2,0
255.891,0,15572992,windows,0,160,160,6,0,0,0,0,0,0,4,2,0
256.013,1,15705088,windows,0,160,160,6,0,0,0,0,0,0,4,2,0
256.154,0,15590400,windows,0,160,160,6,0,0,0,0,0,0,4,2,0
256.27,1,15722496,windows,0,160,160,6,0,0,0,0,0,0,4,2,0
256.413,0,15604736,windows,0,160,160,6,0,0,0,0,0,0,4,2,0
256.523,1,15738880,windows,0,160,160,6,0,0,0,0,0,0,4,2,0
256.674,0,15619072,windows,0,160,160,6,0,0,0,0,0,0,4,2,0
256.78,1,15755264,windows,0,160,160,6,0,0,0,0,0,0,4,2,0
256.927,0,15633408,windows,0,160,160,6,0,0,0,0,0,0,4,2,0
257.035,1,15773696,windows,0,160,160,6,0,0,0,0,0,0,4,2,0
257.194,0,15648768,windows,0,160,160,6,0,0,0,0,0,0,4,2,0
257.293,1,15794176,windows,0,160,160,6,0,0,0,0,0,0,4,2,0
257.458,0,15664128,windows,0,160,160,6,0,0,0,0,0,0,4,2,0
257.549,1,15814656,windows,0,160,160,6,0,0,0,0,0,0,4,2,0
257.71,0,15679488,windows,0,160,160,6,0,0,0,0,0,0,4,2,0
257.811,1,15837184,repair,0,160,160,6,0,0,0,0,0,0,4,2,0
257.963,0,15694848,windows,0,160,160,6,0,0,0,0,0,0,4,2,0
258.074,1,15854592,repair,0,160,160,6,0,0,0,0,0,0,4,2,0
258.22,0,15709184,windows,0,160,160,6,0,0,0,0,0,0,4,2,0
258.341,1,15872000,windows,0,160,160,6,0,0,0,0,0,0,4,2,0
258.478,0,15723520,windows,0,160,160,6,0,0,0,0,0,0,4,2,0
258.607,1,15888384,windows,0,160,160,6,0,0,0,0,0,0,4,2,0
258.731,0,15737856,windows,0,160,160,6,0,0,0,0,0,0,4,2,0
258.867,1,15903744,windows,0,160,160,6,0,0,0,0,0,0,4,2,0
258.99,0,15753216,windows,0,160,160,6,0,0,0,0,0,0,4,2,0
259.127,1,15920128,windows,0,160,160,6,0,0,0,0,0,0,4,2,0
259.247,0,15767552,windows,0,160,160,6,0,0,0,0,0,0,4,2,0
259.394,1,15935488,windows,0,160,160,6,0,0,0,0,0,0,4,2,0
259.518,0,15781888,repair,0,160,160,6,0,0,0,0,0,0,4,2,0
259.66,1,15952896,windows,0,160,160,6,0,0,0,0,0,0,4,2,0
259.787,0,15797248,repair,0,160,160,6,0,0,0,0,0,0,4,2,0
259.925,1,15970304,windows,0,160,160,6,0,0,0,0,0,0,4,2,0
260.041,0,15812608,repair,0,160,160,6,0,0,0,0,0,0,4,2,0
260.177,1,15986688,windows,0,160,160,6,0,0,0,0,0,0,4,2,0
260.291,0,15828992,repair,0,160,160,6,0,0,0,0,0,0,4,2,0
260.43,1,16004096,windows,0,160,160,6,0,0,0,0,0,0,4,2,0
260.541,0,15843328,windows,0,160,160,6,0,0,0,0,0,0,4,2,0
260.694,1,16021504,windows,0,160,160,6,0,0,0,0,0,0,4,2,0
260.801,0,15855616,windows,0,160,160,6,0,0,0,0,0,0,4,2,0
260.952,1,16038912,windows,0,160,160,6,0,0,0,0,0,0,4,2,0
261.059,0,15868928,windows,0,160,160,6,0,0,0,0,0,0,4,2,0
261.21,1,16057344,windows,0,160,160,6,0,0,0,0,0,0,4,2,0
261.318,0,15881216,windows,0,160,160,6,0,0,0,0,0,0,4,2,0
261.467,1,16074752,windows,0,160,160,6,0,0,0,0,0,0,4,2,0
261.583,0,15893504,windows,0,160,160,6,0,0,0,0,0,0,4,2,0
261.722,1,16091136,windows,0,160,160,6,0,0,0,0,0,0,4,2,0
261.849,0,15907840,windows,0,160,160,6,0,0,0,0,0,0,4,2,0
261.982,1,16108544,repair,0,160,160,6,0,0,0,0,0,0,4,2,0
262.116,0,15923200,windows,0,160,160,6,0,0,0,0,0,0,4,2,0
262.238,1,16126976,repair,0,160,160,6,0,0,0,0,0,0,4,2,0
262.368,0,15936512,windows,0,160,160,6,0,0,0,0,0,0,4,2,0
262.495,1,16146432,repair,0,160,160,6,0,0,0,0,0,0,4,2,0
262.625,0,15950848,windows,0,160,160,6,0,0,0,0,0,0,4,2,0
262.748,1,16163840,windows,0,160,160,6,0,0,0,0,0,0,4,2,0
262.877,0,15964160,windows,0,160,160,6,0,0,0,0,0,0,4,2,0
263.009,1,16180224,windows,0,160,160,6,0,0,0,0,0,0,4,2,0
263.142,0,15977472,windows,0,160,160,6,0,0,0,0,0,0,4,2,0
263.268,1,16195584,windows,0,160,160,6,0,0,0,0,0,0,4,2,0
263.406,0,15991808,windows,0,160,160,6,0,0,0,0,0,0,4,2,0
263.531,1,16210944,windows,0,160,160,6,0,0,0,0,0,0,4,2,0
263.665,0,16006144,windows,0,160,160,6,0,0,0,0,0,0,4,2,0
263.784,1,16225280,windows,0,160,160,6,0,0,0,0,0,0,4,2,0
263.917,0,16018432,repair,0,160,160,6,0,0,0,0,0,0,4,2,0
264.042,1,16240640,windows,0,160,160,6,0,0,0,0,0,0,4,2,0
264.178,0,16033792,windows,0,160,160,6,0,0,0,0,0,0,4,2,0
264.306,1,16257024,windows,0,160,160,6,0,0,0,0,0,0,4,2,0
264.432,0,16049152,windows,0,160,160,6,0,0,0,0,0,0,4,2,0
264.563,1,16272384,windows,0,160,160,6,0,0,0,0,0,0,4,2,0
264.686,0,16062464,windows,0,160,160,6,0,0,0,0,0,0,4,2,0
264.822,1,16288768,windows,0,160,160,6,0,0,0,0,0,0,4,2,0
264.937,0,16075776,windows,0,160,160,6,0,0,0,0,0,0,4,2,0
265.08,1,16306176,windows,0,160,160,6,0,0,0,0,0,0,4,2,0
265.195,0,16089088,windows,0,160,160,6,0,0,0,0,0,0,4,2,0
265.334,1,16321536,windows,0,160,160,6,0,0,0,0,0,0,4,2,0
265.451,0,16102400,windows,0,160,160,6,0,0,0,0,0,0,4,2,0
265.6,1,16338944,windows,0,160,160,6,0,0,0,0,0,0,4,2,0
265.72,0,16116736,windows,0,160,160,6,0,0,0,0,0,0,4,2,0
265.864,1,16355328,windows,0,160,160,6,0,0,0,0,0,0,4,2,0
265.978,0,16130048,windows,0,160,160,6,0,0,0,0,0,0,4,2,0
266.128,1,16369664,windows,0,160,160,6,0,0,0,0,0,0,4,2,0
266.242,0,16145408,windows,0,160,160,6,0,0,0,0,0,0,4,2,0
266.394,1,16384000,windows,0,160,160,6,0,0,0,0,0,0,4,2,0
266.499,0,16159744,windows,0,160,160,6,0,0,0,0,0,0,4,2,0
266.645,1,16399360,windows,0,160,160,6,0,0,0,0,0,0,4,2,0
266.76,0,16175104,windows,0,160,160,6,0,0,0,0,0,0,4,2,0
266.903,1,16415744,repair,0,160,160,6,0,0,0,0,0,0,4,2,0
267.016,0,16189440,windows,0,160,160,6,0,0,0,0,0,0,4,2,0
267.167,1,16434176,repair,0,160,160,6,0,0,0,0,0,0,4,2,0
267.273,0,16204800,windows,0,160,160,6,0,0,0,0,0,0,4,2,0
267.422,1,16449536,repair,0,160,160,6,0,0,0,0,0,0,4,2,0
267.53,0,16219136,windows,0,160,160,6,0,0,0,0,0,0,4,2,0
267.673,1,16461824,windows,0,160,160,6,0,0,0,0,0,0,4,2,0
267.788,0,16235520,windows,0,160,160,6,0,0,0,0,0,0,4,2,0
267.938,1,16475136,windows,0,160,160,6,0,0,0,0,0,0,4,2,0
268.04,0,16250880,windows,0,160,160,6,0,0,0,0,0,0,4,2,0
268.202,1,16491520,windows,0,160,160,6,0,0,0,0,0,0,4,2,0
268.292,0,16266240,windows,0,160,160,6,0,0,0,0,0,0,4,2,0
268.463,1,16506880,windows,0,160,160,6,0,0,0,0,0,0,4,2,0
268.549,0,16280576,windows,0,160,160,6,0,0,0,0,0,0,4,2,0
268.718,1,16523264,windows,0,160,160,6,0,0,0,0,0,0,4,2,0
268.8,0,16295936,windows,0,160,160,6,0,0,0,0,0,0,4,2,0
268.981,1,16539648,windows,0,160,160,6,0,0,0,0,0,0,4,2,0
269.054,0,16312320,windows,0,160,160,6,0,0,0,0,0,0,4,2,0
269.244,1,16556032,windows,0,160,160,6,0,0,0,0,0,0,4,2,0
269.316,0,16330752,windows,0,160,160,6,0,0,0,0,0,0,4,2,0
269.508,1,16572416,windows,0,160,160,6,0,0,0,0,0,0,4,2,0
269.573,0,16348160,windows,0,160,160,6,0,0,0,0,0,0,4,2,0
269.761,1,16588800,windows,0,160,160,6,0,0,0,0,0,0,4,2,0
269.836,0,16365568,windows,0,160,160,6,0,0,0,0,0,0,4,2,0
270.016,1,16605184,windows,0,160,160,6,0,0,0,0,0,0,4,2,0
270.1,0,16384000,windows,0,160,160,6,0,0,0,0,0,0,4,2,0
270.281,1,16622592,windows,0,160,160,6,0,0,0,0,0,0,4,2,0
270.361,0,16402432,windows,0,160,160,6,0,0,0,0,0,0,4,2,0
270.543,1,16640000,windows,0,160,160,6,0,0,0,0,0,0,4,2,0
270.624,0,16420864,windows,0,160,160,6,0,0,0,0,0,0,4,2,0
270.806,1,16657408,windows,0,160,160,6,0,0,0,0,0,0,4,2,0
270.879,0,16437248,windows,0,160,160,6,0,0,0,0,0,0,4,2,0
271.059,1,16674816,windows,0,160,160,6,0,0,0,0,0,0,4,2,0
271.142,0,16453632,windows,0,160,160,6,0,0,0,0,0,0,4,2,0
271.317,1,16693248,windows,0,160,160,6,0,0,0,0,0,0,4,2,0
271.393,0,16468992,windows,0,160,160,6,0,0,0,0,0,0,4,2,0
271.579,1,16710656,windows,0,160,160,6,0,0,0,0,0,0,4,2,0
271.645,0,16483328,windows,0,160,160,6,0,0,0,0,0,0,4,2,0
271.83,1,16728064,windows,0,160,160,6,0,0,0,0,0,0,4,2,0
271.899,0,16498688,windows,0,160,160,6,0,0,0,0,0,0,4,2,0
272.081,1,16745472,windows,0,160,160,6,0,0,0,0,0,0,4,2,0
272.161,0,16515072,windows,0,160,160,6,0,0,0,0,0,0,4,2,0
272.339,1,16759808,repair,985,1.50652e+08,1.50652e+08,5106,52,160,131,431,211,0,2876,2027,203
272.422,0,16530432,windows,0,160,160,6,0,0,0,0,0,0,4,2,0
272.593,1,16779264,repair,695,2.85907e+08,2.85825e+08,7376,54,163,107,253,118,0,4111,3076,189
272.681,0,16542720,repair,763,2.77526e+08,2.77439e+08,7197,65,177,130,238,153,0,3954,3047,196
272.845,1,16799744,repair,562,2.77854e+08,2.77767e+08,7310,26,115,105,204,112,0,4085,3052,173
272.942,0,16561152,repair,624,2.81157e+08,2.81095e+08,7326,38,122,108,222,134,0,4071,3069,186
273.101,1,16820224,repair,457,2.55902e+08,2.55844e+08,7119,31,96,76,168,86,0,4062,2897,160
273.206,0,16579584,repair,506,2.83709e+08,2.83648e+08,7508,30,96,87,194,99,0,4294,3038,176
273.352,1,16839680,repair,364,2.17022e+08,2.16998e+08,6691,25,75,51,133,80,0,3946,2602,143
273.471,0,16598016,repair,412,2.44438e+08,2.44413e+08,6930,24,83,78,143,84,0,3902,2861,167
273.612,1,16859136,repair,296,2.07299e+08,2.07225e+08,6552,18,51,50,121,56,0,3879,2544,129
273.727,0,16616448,repair,342,2.12794e+08,2.12794e+08,6648,19,63,52,133,75,0,3941,2566,141
273.863,1,16877568,repair,238,1.81729e+08,1.81681e+08,6156,16,38,35,94,55,0,3678,2370,108
273.981,0,16633856,repair,278,1.94965e+08,1.94915e+08,6327,19,56,40,111,52,0,3718,2485,124
274.119,1,16892928,repair,187,1.67826e+08,1.67826e+08,5941,13,32,17,82,43,0,3565,2269,107
274.242,0,16651264,repair,221,1.90585e+08,1.90585e+08,6334,17,30,35,88,51,0,3792,2419,123
274.379,1,16909312,repair,141,1.63633e+08,1.63613e+08,5811,4,28,19,61,29,0,3433,2279,99
274.504,0,16668672,repair,164,1.80336e+08,1.80288e+08,6118,12,26,32,55,39,0,3598,2393,127
274.634,1,16924672,repair,110,1.51533e+08,1.51487e+08,5641,7,12,13,56,22,0,3372,2168,101
274.765,0,16686080,repair,125,1.63525e+08,1.6348e+08,5843,7,17,26,47,28,0,3452,2271,120
274.885,1,16941056,repair,85,1.38746e+08,1.38706e+08,5479,5,11,19,35,15,0,3360,2023,96
275.023,0,16703488,repair,93,1.48999e+08,1.4894e+08,5586,3,5,17,40,28,0,3337,2154,95
275.15,1,16957440,repair,54,1.26216e+08,1.26159e+08,5322,2,8,9,25,10,0,3374,1857,91
275.273,0,16719872,repair,71,1.35684e+08,1.35624e+08,5264,3,12,3,35,18,0,3064,2101,99
275.414,1,16973824,repair,37,1.15602e+08,1.15549e+08,5070,2,2,4,20,9,0,3227,1780,63
275.532,0,16737280,repair,34,1.383e+08,1.3826e+08,5474,2,7,2,16,7,0,3358,2020,96
275.665,1,16989184,repair,19,1.10941e+08,1.10906e+08,4935,1,2,1,9,6,0,3101,1771,63
275.787,0,16753664,repair,22,1.16079e+08,1.16079e+08,5071,2,1,2,11,6,0,3159,1815,97
275.93,1,17006592,repair,6,1.01861e+08,1.01844e+08,4752,0,0,1,4,1,0,3017,1677,58
276.043,0,16772096,repair,12,1.00066e+08,1.00051e+08,4743,1,2,0,4,5,0,2982,1663,98
276.191,1,17022976,repair,1,8.71776e+07,8.71335e+07,4498,0,0,0,1,0,0,2994,1454,50
276.3,0,16791552,repair,4,8.573e+07,8.56964e+07,4378,0,0,1,3,0,0,2741,1548,89
276.448,1,17038336,repair,1,7.27313e+07,7.26899e+07,4128,0,0,0,1,0,0,2773,1308,47
276.55,0,16809984,repair,0,7.19532e+07,7.19106e+07,4071,0,0,0,0,0,0,2636,1361,74
276.71,1,17053696,repair,1,6.1313e+07,6.12743e+07,3761,0,0,0,1,0,0,2469,1240,52
276.807,0,16828416,windows,0,5.81425e+07,5.81049e+07,3688,0,0,0,0,0,0,2444,1187,57
276.98,1,17069056,windows,0,5.26315e+07,5.263e+07,3484,0,0,0,0,0,0,2283,1151,50
277.064,0,16844800,windows,0,4.68026e+07,4.67816e+07,3325,0,0,0,0,0,0,2219,1051,55
277.236,1,17083392,windows,0,4.40455e+07,4.40443e+07,3188,0,0,0,0,0,0,2099,1048,41
277.315,0,16860160,windows,0,3.81596e+07,3.81497e+07,2991,0,0,0,0,0,0,1987,958,46
277.503,1,17096704,windows,0,3.5915e+07,3.59053e+07,2908,0,0,0,0,0,0,1954,916,38
277.569,0,16875520,windows,0,3.09326e+07,3.09221e+07,2723,0,0,0,0,0,0,1853,828,42
277.754,1,17110016,windows,0,3.07798e+07,3.07632e+07,2713,0,0,0,0,0,0,1845,828,40
277.827,0,16890880,windows,0,2.58649e+07,2.58564e+07,2491,0,0,0,0,0,0,1704,752,35
278.016,1,17124352,windows,0,2.59324e+07,2.59313e+07,2471,0,0,0,0,0,0,1649,784,38
278.087,0,16905216,windows,0,2.2188e+07,2.218e+07,2323,0,0,0,0,0,0,1608,679,36
278.273,1,17139712,windows,0,2.20365e+07,2.20229e+07,2306,0,0,0,0,0,0,1596,681,29
278.341,0,16919552,windows,0,1.94601e+07,1.94514e+07,2186,0,0,0,0,0,0,1527,623,36
278.54,1,17154048,windows,0,1.79521e+07,1.79313e+07,2053,0,0,0,0,0,0,1369,654,30
278.603,0,16933888,windows,0,1.59238e+07,1.59228e+07,1953,0,0,0,0,0,0,1324,597,32
278.803,1,17169408,windows,0,1.48329e+07,1.48329e+07,1884,0,0,0,0,0,0,1286,572,26
278.865,0,16950272,windows,0,1.29504e+07,1.29394e+07,1782,0,0,0,0,0,0,1248,507,27
279.061,1,17185792,windows,0,1.25832e+07,1.25733e+07,1755,0,0,0,0,0,0,1230,500,25
279.123,0,16965632,windows,0,1.08227e+07,1.08162e+07,1626,0,0,0,0,0,0,1121,475,30
279.323,1,17201152,windows,0,1.07599e+07,1.0751e+07,1631,0,0,0,0,0,0,1165,445,21
279.393,0,16979968,windows,0,9.54582e+06,9.53705e+06,1530,0,0,0,0,0,0,1065,439,26
279.577,1,17214464,windows,0,9.48877e+06,9.48333e+06,1538,0,0,0,0,0,0,1088,421,29
279.652,0,16995328,windows,0,7.87156e+06,7.87156e+06,1390,0,0,0,0,0,0,961,402,27
279.84,1,17227776,windows,0,7.90438e+06,7.90385e+06,1385,0,0,0,0,0,0,964,403,18
279.919,0,17010688,windows,0,6.6265e+06,6.61451e+06,1289,0,0,0,0,0,0,932,337,20
280.102,1,17241088,windows,0,6.7044e+06,6.7044e+06,1289,0,0,0,0,0,0,905,360,24
280.182,0,17026048,windows,0,5.65301e+06,5.65301e+06,1183,0,0,0,0,0,0,842,324,17
280.359,1,17254400,windows,0,5.80044e+06,5.79979e+06,1198,0,0,0,0,0,0,840,336,22
280.435,0,17038336,windows,0,5.03428e+06,5.0304e+06,1110,0,0,0,0,0,0,775,318,17
280.619,1,17267712,windows,0,5.08142e+06,5.07447e+06,1115,0,0,0,0,0,0,776,321,18
280.692,0,17051648,windows,0,4.40148e+06,4.40101e+06,1051,0,0,0,0,0,0,762,273,16
280.883,1,17281024,windows,0,4.46629e+06,4.46567e+06,1062,0,0,0,0,0,0,764,277,21
280.955,0,17063936,windows,0,3.65188e+06,3.65188e+06,950,0,0,0,0,0,0,671,264,15
281.148,1,17294336,windows,0,3.5619e+06,3.55602e+06,935,0,0,0,0,0,0,649,269,17
281.223,0,17076224,windows,0,3.0304e+06,3.02243e+06,858,0,0,0,0,0,0,596,250,12
281.413,1,17307648,windows,0,3.06125e+06,3.05618e+06,863,0,0,0,0,0,0,594,254,15
281.488,0,17089536,windows,0,2.55503e+06,2.55224e+06,792,0,0,0,0,0,0,558,223,11
281.665,1,17320960,windows,0,2.63068e+06,2.62359e+06,816,0,0,0,0,0,0,596,206,14
281.75,0,17102848,windows,0,2.20218e+06,2.19934e+06,733,0,0,0,0,0,0,515,209,9
281.928,1,17337344,windows,0,2.18212e+06,2.17901e+06,744,0,0,0,0,0,0,545,186,13
282.018,0,17117184,windows,0,1.83854e+06,1.83854e+06,668,0,0,0,0,0,0,462,196,10
282.196,1,17353728,windows,0,1.83892e+06,1.83853e+06,680,0,0,0,0,0,0,487,180,13
282.287,0,17131520,windows,0,1.45565e+06,1.45539e+06,598,0,0,0,0,0,0,420,169,9
282.449,1,17366016,windows,0,1.50413e+06,1.50375e+06,611,0,0,0,0,0,0,426,172,13
282.551,0,17144832,windows,0,1.17636e+06,1.17636e+06,536,0,0,0,0,0,0,367,158,11
282.708,1,17379328,windows,0,1.25256e+06,1.25256e+06,560,0,0,0,0,0,0,403,148,9
282.813,0,17159168,windows,0,982820,978114,493,0,0,0,0,0,0,348,137,8
282.971,1,17393664,windows,0,1.05309e+06,1.05034e+06,513,0,0,0,0,0,0,366,138,9
283.076,0,17173504,windows,0,829895,827218,457,0,0,0,0,0,0,327,121,9
283.222,1,17408000,windows,0,896905,896905,476,0,0,0,0,0,0,341,125,10
283.339,0,17187840,windows,0,714610,710806,421,0,0,0,0,0,0,298,116,7
283.488,1,17422336,windows,0,760825,756694,440,0,0,0,0,0,0,317,113,10
283.611,0,17202176,windows,0,550615,548600,369,0,0,0,0,0,0,263,101,5
283.743,1,17435648,windows,0,559445,557158,377,0,0,0,0,0,0,267,100,10
283.873,0,17216512,windows,0,426020,424205,323,0,0,0,0,0,0,228,91,4
284.012,1,17449984,windows,0,479890,479628,351,0,0,0,0,0,0,254,88,9
284.134,0,17230848,windows,0,364210,363141,301,0,0,0,0,0,0,214,82,5
284.275,1,17465344,windows,0,403790,402571,325,0,0,0,0,0,0,244,72,9
284.385,0,17244160,windows,0,313250,312109,280,0,0,0,0,0,0,200,75,5
284.539,1,17480704,windows,0,346850,346588,301,0,0,0,0,0,0,222,70,9
284.642,0,17258496,windows,0,270050,269908,259,0,0,0,0,0,0,182,72,5
284.796,1,17498112,windows,0,251300,251068,252,0,0,0,0,0,0,174,70,8
284.901,0,17273856,windows,0,212745,211869,226,0,0,0,0,0,0,153,69,4
285.057,1,17512448,windows,0,202295,202295,227,0,0,0,0,0,0,159,61,7
285.155,0,17290240,windows,0,168580,167871,204,0,0,0,0,0,0,142,58,4
285.312,1,17525760,windows,0,173710,171654,211,0,0,0,0,0,0,148,56,7
285.412,0,17307648,windows,0,134185,134185,180,0,0,0,0,0,0,121,55,4
285.582,1,17539072,windows,0,152605,152372,199,0,0,0,0,0,0,139,52,8
285.674,0,17325056,windows,0,118195,117631,168,0,0,0,0,0,0,113,52,3
285.847,1,17553408,windows,0,138640,138408,192,0,0,0,0,0,0,140,44,8
285.929,0,17342464,windows,0,91720,91720,152,0,0,0,0,0,0,112,38,2
286.11,1,17569792,windows,0,109705,109472,170,0,0,0,0,0,0,119,43,8
286.186,0,17359872,windows,0,74120,73701.2,130,0,0,0,0,0,0,84,44,2
286.364,1,17585152,windows,0,84040,83285,148,0,0,0,0,0,0,104,38,6
286.441,0,17376256,windows,0,67270,67270,124,0,0,0,0,0,0,82,41,1
286.627,1,17600512,windows,0,71305,70690,138,0,0,0,0,0,0,101,31,6
286.694,0,17393664,windows,0,60095,60095,117,0,0,0,0,0,0,77,39,1
286.882,1,17616896,windows,0,59580,58985,126,0,0,0,0,0,0,90,30,6
286.952,0,17411072,windows,0,53330,53330,111,0,0,0,0,0,0,74,36,1
287.145,1,17633280,windows,0,52040,51485,118,0,0,0,0,0,0,84,28,6
287.211,0,17428480,windows,0,38630,38630,96,0,0,0,0,0,0,66,29,1
287.401,1,17649664,windows,0,34760,34760,94,0,0,0,0,0,0,60,28,6
287.464,0,17444864,windows,0,30925,30631.2,85,0,0,0,0,0,0,59,26,0
287.665,1,17664000,windows,0,31010,31010,89,0,0,0,0,0,0,62,24,3
287.721,0,17462272,windows,0,28645,28371.2,81,0,0,0,0,0,0,55,26,0
287.918,1,17680384,windows,0,28610,27846.2,85,0,0,0,0,0,0,58,24,3
287.976,0,17479680,windows,0,27080,26585,79,0,0,0,0,0,0,54,25,0
288.169,1,17695744,windows,0,24005,23892.5,77,0,0,0,0,0,0,49,24,4
288.234,0,17497088,windows,0,18500,17866.2,65,0,0,0,0,0,0,44,21,0
288.425,1,17712128,windows,0,22370,21666.2,73,0,0,0,0,0,0,46,24,3
288.491,0,17514496,windows,0,16405,16201.2,61,0,0,0,0,0,0,41,20,0
288.681,1,17728512,windows,0,16310,15935,64,0,0,0,0,0,0,42,19,3
288.75,0,17532928,windows,0,15625,15625,60,0,0,0,0,0,0,41,19,0
288.936,1,17744896,windows,0,15490,15115,62,0,0,0,0,0,0,40,19,3
289.001,0,17549312,windows,0,14065,14065,56,0,0,0,0,0,0,37,19,0
289.191,1,17762304,windows,0,13655,13126.2,59,0,0,0,0,0,0,39,17,3
289.262,0,17567744,windows,0,11600,11600,50,0,0,0,0,0,0,32,18,0
289.448,1,17779712,windows,0,12290,11955,54,0,0,0,0,0,0,36,17,1
289.523,0,17585152,windows,0,11600,11600,50,0,0,0,0,0,0,32,18,0
289.702,1,17798144,windows,0,9730,9286.25,49,0,0,0,0,0,0,34,14,1
289.776,0,17602560,windows,0,10400,10261.2,46,0,0,0,0,0,0,28,18,0
289.957,1,17815552,windows,0,8620,8461.25,47,0,0,0,0,0,0,32,13,2
290.027,0,17619968,windows,0,9325,9181.25,45,0,0,0,0,0,0,29,16,0
290.207,1,17833984,windows,0,7420,7281.25,43,0,0,0,0,0,0,28,13,2
290.294,0,17638400,windows,0,8765,8765,43,0,0,0,0,0,0,27,16,0
290.464,1,17852416,windows,0,7145,7011.25,42,0,0,0,0,0,0,27,13,2
290.551,0,17655808,windows,0,8765,8765,43,0,0,0,0,0,0,27,16,0
290.724,1,17868800,windows,0,6555,6320,40,0,0,0,0,0,0,27,12,1
290.812,0,17673216,windows,0,7880,7880,41,0,0,0,0,0,0,26,15,0
290.983,1,17886208,windows,0,6535,6280,39,0,0,0,0,0,0,25,13,1
291.071,0,17690624,windows,0,7625,7625,40,0,0,0,0,0,0,25,15,0
291.237,1,17903616,windows,0,6290,6035,38,0,0,0,0,0,0,24,13,1
291.323,0,17707008,windows,0,7380,7261.25,39,0,0,0,0,0,0,24,15,0
291.496,1,17920000,windows,0,5555,5320,36,0,0,0,0,0,0,23,12,1
291.581,0,17724416,windows,0,7380,7261.25,39,0,0,0,0,0,0,24,15,0
291.748,1,17936384,windows,0,5555,5320,36,0,0,0,0,0,0,23,12,1
291.835,0,17741824,windows,0,7380,7261.25,39,0,0,0,0,0,0,24,15,0
292.003,1,17954816,windows,0,5330,5095,35,0,0,0,0,0,0,22,12,1
292.093,0,17759232,windows,0,6920,6811.25,37,0,0,0,0,0,0,22,15,0
292.253,1,17973248,windows,0,5330,5095,35,0,0,0,0,0,0,22,12,1
292.346,0,17776640,windows,0,6760,6505,39,0,0,0,0,0,0,26,13,0
292.527,1,17992704,windows,0,5065,4850,34,0,0,0,0,0,0,23,11,0
292.606,0,17795072,windows,0,5760,5760,36,0,0,0,0,0,0,24,12,0
292.778,1,18010112,windows,0,5065,4850,34,0,0,0,0,0,0,23,11,0
292.865,0,17813504,windows,0,5300,5300,34,0,0,0,0,0,0,22,12,0
293.032,1,18026496,windows,0,4840,4840,33,0,0,0,0,0,0,22,11,0
293.133,0,17831936,windows,0,5085,5085,33,0,0,0,0,0,0,21,12,0
293.286,1,18042880,windows,0,4420,4225,32,0,0,0,0,0,0,22,10,0
293.383,0,17849344,windows,0,5085,5085,33,0,0,0,0,0,0,21,12,0
293.537,1,18059264,windows,0,4420,4225,32,0,0,0,0,0,0,22,10,0
293.644,0,17867776,windows,0,5085,5085,33,0,0,0,0,0,0,21,12,0
293.794,1,18076672,windows,0,4420,4225,32,0,0,0,0,0,0,22,10,0
293.896,0,17885184,windows,0,5085,5085,33,0,0,0,0,0,0,21,12,0
294.056,1,18095104,windows,0,4205,4010,31,0,0,0,0,0,0,21,10,0
294.148,0,17903616,windows,0,160,160,6,0,0,0,0,0,0,4,2,0
294.318,1,18112512,windows,0,4000,3805,30,0,0,0,0,0,0,20,10,0
294.41,0,17923072,windows,0,100,100,4,0,0,0,0,0,0,2,2,0
294.571,1,18128896,windows,0,4000,3805,30,0,0,0,0,0,0,20,10,0
294.661,0,17942528,windows,0,100,100,4,0,0,0,0,0,0,2,2,0
294.827,1,18147328,windows,0,4000,3805,30,0,0,0,0,0,0,20,10,0
294.912,0,17961984,windows,0,100,100,4,0,0,0,0,0,0,2,2,0
295.087,1,18166784,windows,0,3805,3610,29,0,0,0,0,0,0,19,10,0
295.173,0,17982464,windows,0,100,100,4,0,0,0,0,0,0,2,2,0
295.34,1,18184192,windows,0,3805,3610,29,0,0,0,0,0,0,19,10,0
295.425,0,18002944,windows,0,100,100,4,0,0,0,0,0,0,2,2,0
295.604,1,18201600,windows,0,3805,3610,29,0,0,0,0,0,0,19,10,0
295.677,0,18024448,windows,0,100,100,4,0,0,0,0,0,0,2,2,0
295.856,1,18219008,windows,0,3620,3425,28,0,0,0,0,0,0,18,10,0
295.933,0,18044928,windows,0,100,100,4,0,0,0,0,0,0,2,2,0
296.117,1,18236416,windows,0,3240,3065,27,0,0,0,0,0,0,18,9,0
296.184,0,18063360,windows,0,100,100,4,0,0,0,0,0,0,2,2,0
296.371,1,18252800,windows,0,3240,3065,27,0,0,0,0,0,0,18,9,0
296.446,0,18082816,windows,0,100,100,4,0,0,0,0,0,0,2,2,0
296.628,1,18270208,windows,0,3085,2836.25,27,0,0,0,0,0,0,19,8,0
296.699,0,18102272,windows,0,100,100,4,0,0,0,0,0,0,2,2,0
296.884,1,18288640,windows,0,3085,2836.25,27,0,0,0,0,0,0,19,8,0
296.96,0,18123776,windows,0,100,100,4,0,0,0,0,0,0,2,2,0
297.142,1,18307072,windows,0,2900,2656.25,26,0,0,0,0,0,0,18,8,0
297.221,0,18145280,windows,0,100,100,4,0,0,0,0,0,0,2,2,0
297.394,1,18323456,windows,0,2900,2656.25,26,0,0,0,0,0,0,18,8,0
297.482,0,18164736,windows,0,100,100,4,0,0,0,0,0,0,2,2,0
297.648,1,18339840,windows,0,2900,2656.25,26,0,0,0,0,0,0,18,8,0
297.737,0,18185216,windows,0,100,100,4,0,0,0,0,0,0,2,2,0
297.899,1,18357248,windows,0,2900,2656.25,26,0,0,0,0,0,0,18,8,0
297.995,0,18203648,windows,0,100,100,4,0,0,0,0,0,0,2,2,0
298.153,1,18374656,windows,0,2725,2570,25,0,0,0,0,0,0,17,8,0
298.246,0,18221056,windows,0,100,100,4,0,0,0,0,0,0,2,2,0
298.406,1,18391040,windows,0,2725,2570,25,0,0,0,0,0,0,17,8,0
298.498,0,18238464,windows,0,100,100,4,0,0,0,0,0,0,2,2,0
298.659,1,18409472,windows,0,2725,2570,25,0,0,0,0,0,0,17,8,0
298.758,0,18255872,windows,0,100,100,4,0,0,0,0,0,0,2,2,0
298.913,1,18427904,windows,0,2560,2405,24,0,0,0,0,0,0,16,8,0
299.014,0,18273280,windows,0,100,100,4,0,0,0,0,0,0,2,2,0
299.172,1,18446336,windows,0,2560,2405,24,0,0,0,0,0,0,16,8,0
299.27,0,18289664,windows,0,100,100,4,0,0,0,0,0,0,2,2,0
299.429,1,18463744,windows,0,2560,2405,24,0,0,0,0,0,0,16,8,0
299.528,0,18307072,windows,0,100,100,4,0,0,0,0,0,0,2,2,0
299.685,1,18481152,windows,0,2560,2405,24,0,0,0,0,0,0,16,8,0
299.787,0,18324480,windows,0,100,100,4,0,0,0,0,0,0,2,2,0
299.943,1,18499584,windows,0,2560,2405,24,0,0,0,0,0,0,16,8,0
300.05,0,18341888,windows,0,100,100,4,0,0,0,0,0,0,2,2,0
300.204,1,18518016,windows,0,100,100,4,0,0,0,0,0,0,2,2,0
300.301,0,18359296,windows,0,100,100,4,0,0,0,0,0,0,2,2,0
300.459,1,18537472,windows,0,100,100,4,0,0,0,0,0,0,2,2,0
300.559,0,18377728,windows,0,100,100,4,0,0,0,0,0,0,2,2,0
300.713,1,18556928,windows,0,100,100,4,0,0,0,0,0,0,2,2,0
300.812,0,18396160,windows,0,100,100,4,0,0,0,0,0,0,2,2,0
300.978,1,18577408,repair,0,100,100,4,0,0,0,0,0,0,2,2,0
301.064,0,18415616,windows,0,100,100,4,0,0,0,0,0,0,2,2,0
301.23,1,18596864,repair,0,100,100,4,0,0,0,0,0,0,2,2,0
301.323,0,18436096,windows,0,100,100,4,0,0,0,0,0,0,2,2,0
301.481,1,18615296,windows,0,100,100,4,0,0,0,0,0,0,2,2,0
301.583,0,18456576,windows,0,100,100,4,0,0,0,0,0,0,2,2,0
301.736,1,18635776,windows,0,100,100,4,0,0,0,0,0,0,2,2,0
301.844,0,18479104,windows,0,100,100,4,0,0,0,0,0,0,2,2,0
302.001,1,18654208,windows,0,100,100,4,0,0,0,0,0,0,2,2,0
302.108,0,18496512,repair,0,100,100,4,0,0,0,0,0,0,2,2,0
302.265,1,18671616,windows,0,100,100,4,0,0,0,0,0,0,2,2,0
302.364,0,18510848,repair,0,100,100,4,0,0,0,0,0,0,2,2,0
302.529,1,18688000,windows,0,100,100,4,0,0,0,0,0,0,2,2,0
302.623,0,18524160,repair,0,100,100,4,0,0,0,0,0,0,2,2,0
302.791,1,18704384,windows,0,100,100,4,0,0,0,0,0,0,2,2,0
302.883,0,18537472,repair,0,100,100,4,0,0,0,0,0,0,2,2,0
303.044,1,18721792,windows,0,100,100,4,0,0,0,0,0,0,2,2,0
303.136,0,18549760,windows,0,100,100,4,0,0,0,0,0,0,2,2,0
303.302,1,18738176,windows,0,100,100,4,0,0,0,0,0,0,2,2,0
303.398,0,18563072,windows,0,100,100,4,0,0,0,0,0,0,2,2,0
303.567,1,18754560,windows,0,100,100,4,0,0,0,0,0,0,2,2,0
303.652,0,18576384,windows,0,100,100,4,0,0,0,0,0,0,2,2,0
303.82,1,18771968,windows,0,100,100,4,0,0,0,0,0,0,2,2,0
303.909,0,18590720,windows,0,100,100,4,0,0,0,0,0,0,2,2,0
304.074,1,18787328,windows,0,100,100,4,0,0,0,0,0,0,2,2,0
304.171,0,18604032,windows,0,100,100,4,0,0,0,0,0,0,2,2,0
304.337,1,18803712,windows,0,100,100,4,0,0,0,0,0,0,2,2,0
304.426,0,18617344,windows,0,100,100,4,0,0,0,0,0,0,2,2,0
304.588,1,18820096,windows,0,100,100,4,0,0,0,0,0,0,2,2,0
304.684,0,18630656,windows,0,100,100,4,0,0,0,0,0,0,2,2,0
304.839,1,18838528,windows,0,100,100,4,0,0,0,0,0,0,2,2,0
304.948,0,18644992,windows,0,100,100,4,0,0,0,0,0,0,2,2,0
305.091,1,18857984,windows,0,100,100,4,0,0,0,0,0,0,2,2,0
305.215,0,18659328,windows,0,100,100,4,0,0,0,0,0,0,2,2,0
305.354,1,18874368,windows,0,100,100,4,0,0,0,0,0,0,2,2,0
305.47,0,18673664,windows,0,100,100,4,0,0,0,0,0,0,2,2,0
305.606,1,18893824,windows,0,100,100,4,0,0,0,0,0,0,2,2,0
305.733,0,18688000,windows,0,100,100,4,0,0,0,0,0,0,2,2,0
305.857,1,18912256,windows,0,100,100,4,0,0,0,0,0,0,2,2,0
305.991,0,18703360,windows,0,100,100,4,0,0,0,0,0,0,2,2,0
306.118,1,18930688,windows,0,100,100,4,0,0,0,0,0,0,2,2,0
306.245,0,18718720,windows,0,100,100,4,0,0,0,0,0,0,2,2,0
306.377,1,18948096,windows,0,100,100,4,0,0,0,0,0,0,2,2,0
306.506,0,18735104,repair,0,100,100,4,0,0,0,0,0,0,2,2,0
306.637,1,18964480,windows,0,100,100,4,0,0,0,0,0,0,2,2,0
306.77,0,18751488,windows,0,100,100,4,0,0,0,0,0,0,2,2,0
306.887,1,18980864,windows,0,100,100,4,0,0,0,0,0,0,2,2,0
307.031,0,18768896,windows,0,100,100,4,0,0,0,0,0,0,2,2,0
307.145,1,18998272,windows,0,100,100,4,0,0,0,0,0,0,2,2,0
307.292,0,18786304,windows,0,100,100,4,0,0,0,0,0,0,2,2,0
307.395,1,19015680,windows,0,100,100,4,0,0,0,0,0,0,2,2,0
307.547,0,18802688,windows,0,100,100,4,0,0,0,0,0,0,2,2,0
307.649,1,19032064,windows,0,100,100,4,0,0,0,0,0,0,2,2,0
307.807,0,18819072,windows,0,100,100,4,0,0,0,0,0,0,2,2,0
307.916,1,19049472,windows,0,100,100,4,0,0,0,0,0,0,2,2,0
308.058,0,18835456,windows,0,100,100,4,0,0,0,0,0,0,2,2,0
308.182,1,19066880,windows,0,100,100,4,0,0,0,0,0,0,2,2,0
308.324,0,18851840,windows,0,100,100,4,0,0,0,0,0,0,2,2,0
308.438,1,19081216,windows,0,100,100,4,0,0,0,0,0,0,2,2,0
308.59,0,18868224,windows,0,100,100,4,0,0,0,0,0,0,2,2,0
308.695,1,19097600,windows,0,100,100,4,0,0,0,0,0,0,2,2,0
308.85,0,18884608,windows,0,100,100,4,0,0,0,0,0,0,2,2,0
308.952,1,19115008,windows,0,100,100,4,0,0,0,0,0,0,2,2,0
309.108,0,18899968,windows,0,100,100,4,0,0,0,0,0,0,2,2,0
309.216,1,19132416,windows,0,100,100,4,0,0,0,0,0,0,2,2,0
309.372,0,18915328,windows,0,100,100,4,0,0,0,0,0,0,2,2,0
309.468,1,19147776,windows,0,100,100,4,0,0,0,0,0,0,2,2,0
309.626,0,18929664,windows,0,100,100,4,0,0,0,0,0,0,2,2,0
309.728,1,19164160,windows,0,100,100,4,0,0,0,0,0,0,2,2,0
309.881,0,18945024,windows,0,100,100,4,0,0,0,0,0,0,2,2,0
309.982,1,19181568,windows,0,100,100,4,0,0,0,0,0,0,2,2,0
310.138,0,18961408,windows,0,100,100,4,0,0,0,0,0,0,2,2,0
310.238,1,19198976,windows,0,100,100,4,0,0,0,0,0,0,2,2,0
310.404,0,18979840,windows,0,100,100,4,0,0,0,0,0,0,2,2,0
310.495,1,19216384,repair,0,100,100,4,0,0,0,0,0,0,2,2,0
310.655,0,18996224,windows,0,100,100,4,0,0,0,0,0,0,2,2,0
310.755,1,19232768,windows,0,100,100,4,0,0,0,0,0,0,2,2,0
310.907,0,19012608,windows,0,100,100,4,0,0,0,0,0,0,2,2,0
311.021,1,19249152,windows,0,100,100,4,0,0,0,0,0,0,2,2,0
311.166,0,19030016,windows,0,100,100,4,0,0,0,0,0,0,2,2,0
311.282,1,19265536,windows,0,100,100,4,0,0,0,0,0,0,2,2,0
311.421,0,19047424,windows,0,100,100,4,0,0,0,0,0,0,2,2,0
311.54,1,19279872,windows,0,100,100,4,0,0,0,0,0,0,2,2,0
311.684,0,19063808,windows,0,100,100,4,0,0,0,0,0,0,2,2,0
311.802,1,19295232,windows,0,100,100,4,0,0,0,0,0,0,2,2,0
311.935,0,19081216,windows,0,100,100,4,0,0,0,0,0,0,2,2,0
312.057,1,19311616,windows,0,100,100,4,0,0,0,0,0,0,2,2,0
312.192,0,19099648,windows,0,100,100,4,0,0,0,0,0,0,2,2,0
312.317,1,19328000,windows,0,100,100,4,0,0,0,0,0,0,2,2,0
312.455,0,19120128,windows,0,100,100,4,0,0,0,0,0,0,2,2,0
312.571,1,19343360,windows,0,100,100,4,0,0,0,0,0,0,2,2,0
312.713,0,19135488,repair,1012,1.41297e+08,1.41245e+08,4827,54,137,114,460,247,0,2667,1935,225
312.834,1,19358720,windows,0,100,100,4,0,0,0,0,0,0,2,2,0
312.968,0,19153920,repair,721,2.71824e+08,2.71744e+08,7152,42,144,134,258,143,0,3963,3005,184
313.1,1,19375104,windows,0,100,100,4,0,0,0,0,0,0,2,2,0
313.223,0,19172352,repair,582,2.81158e+08,2.81136e+08,7457,33,114,125,201,109,0,4280,3012,165
313.352,1,19389440,windows,0,100,100,4,0,0,0,0,0,0,2,2,0
313.485,0,19190784,repair,489,2.51597e+08,2.51535e+08,6977,43,88,79,164,115,0,3935,2900,142
313.61,1,19403776,windows,0,100,100,4,0,0,0,0,0,0,2,2,0
313.745,0,19209216,repair,387,2.22122e+08,2.22045e+08,6690,34,69,64,142,78,0,3860,2679,151
313.868,1,19419136,windows,0,100,100,4,0,0,0,0,0,0,2,2,0
314.007,0,19227648,repair,314,2.07501e+08,2.07497e+08,6492,18,66,53,113,64,0,3772,2584,136
314.132,1,19434496,windows,0,100,100,4,0,0,0,0,0,0,2,2,0
314.269,0,19245056,repair,253,1.95536e+08,1.95518e+08,6365,14,50,36,98,55,0,3744,2483,138
314.395,1,19449856,windows,0,100,100,4,0,0,0,0,0,0,2,2,0
314.521,0,19262464,repair,191,1.91439e+08,1.91371e+08,6307,12,34,40,68,37,0,3736,2454,117
314.646,1,19465216,windows,0,100,100,4,0,0,0,0,0,0,2,2,0
314.775,0,19279872,repair,153,1.6061e+08,1.6061e+08,5810,5,24,19,70,35,0,3470,2229,111
314.901,1,19481600,windows,0,100,100,4,0,0,0,0,0,0,2,2,0
315.025,0,19297280,repair,120,1.53896e+08,1.53854e+08,5760,5,19,16,56,24,0,3527,2133,100
315.157,1,19497984,windows,0,100,100,4,0,0,0,0,0,0,2,2,0
315.282,0,19313664,repair,87,1.38544e+08,1.38528e+08,5459,3,14,9,36,25,0,3328,2033,98
315.408,1,19512320,windows,0,100,100,4,0,0,0,0,0,0,2,2,0
315.538,0,19330048,repair,58,1.25012e+08,1.24993e+08,5200,6,14,10,15,13,0,3188,1922,90
315.669,1,19527680,windows,0,100,100,4,0,0,0,0,0,0,2,2,0
315.788,0,19346432,repair,35,1.18956e+08,1.18901e+08,5140,2,2,5,20,6,0,3237,1821,82
315.924,1,19544064,windows,0,100,100,4,0,0,0,0,0,0,2,2,0
316.042,0,19362816,repair,22,1.07597e+08,1.07594e+08,4873,0,2,4,10,6,0,3052,1744,77
316.185,1,19559424,windows,0,100,100,4,0,0,0,0,0,0,2,2,0
316.296,0,19379200,repair,14,9.81899e+07,9.81427e+07,4749,0,2,0,8,4,0,3089,1586,74
316.445,1,19574784,windows,0,100,100,4,0,0,0,0,0,0,2,2,0
316.548,0,19395584,repair,3,9.56732e+07,9.56588e+07,4605,0,0,0,3,0,0,2893,1638,74
316.698,1,19589120,windows,0,100,100,4,0,0,0,0,0,0,2,2,0
316.808,0,19411968,repair,3,7.38894e+07,7.38486e+07,4123,0,0,0,3,0,0,2690,1371,62
316.96,1,19605504,windows,0,100,100,4,0,0,0,0,0,0,2,2,0
317.073,0,19428352,repair,1,6.45961e+07,6.45707e+07,3873,0,0,0,1,0,0,2536,1271,66
317.212,1,19620864,windows,0,100,100,4,0,0,0,0,0,0,2,2,0
317.33,0,19442688,repair,1,5.62189e+07,5.61841e+07,3680,0,0,0,1,0,0,2497,1116,67
317.467,1,19636224,windows,0,100,100,4,0,0,0,0,0,0,2,2,0
317.591,0,19458048,repair,1,4.87398e+07,4.87057e+07,3430,0,0,0,1,0,0,2338,1032,60
317.734,1,19648512,windows,0,100,100,4,0,0,0,0,0,0,2,2,0
317.845,0,19472384,repair,0,4.65784e+07,4.65446e+07,3321,0,0,0,0,0,0,2216,1047,58
317.99,1,19662848,windows,0,100,100,4,0,0,0,0,0,0,2,2,0
318.111,0,19489792,repair,0,3.81128e+07,3.81007e+07,3045,0,0,0,0,0,0,2100,894,51
318.253,1,19680256,windows,0,100,100,4,0,0,0,0,0,0,2,2,0
318.362,0,19504128,windows,0,3.02603e+07,3.0259e+07,2683,0,0,0,0,0,0,1811,831,41
318.517,1,19697664,windows,0,100,100,4,0,0,0,0,0,0,2,2,0
318.625,0,19517440,windows,0,2.59386e+07,2.59291e+07,2486,0,0,0,0,0,0,1683,766,37
318.774,1,19714048,repair,0,100,100,4,0,0,0,0,0,0,2,2,0
318.881,0,19531776,windows,0,2.2394e+07,2.23707e+07,2300,0,0,0,0,0,0,1539,725,36
319.025,1,19730432,repair,0,100,100,4,0,0,0,0,0,0,2,2,0
319.132,0,19545088,windows,0,1.93212e+07,1.93011e+07,2170,0,0,0,0,0,0,1524,620,26
319.293,1,19747840,repair,0,100,100,4,0,0,0,0,0,0,2,2,0
319.389,0,19557376,windows,0,1.6429e+07,1.64214e+07,1977,0,0,0,0,0,0,1335,612,30
319.55,1,19763200,windows,0,100,100,4,0,0,0,0,0,0,2,2,0
319.646,0,19570688,windows,0,1.40022e+07,1.39958e+07,1845,0,0,0,0,0,0,1287,534,24
319.804,1,19779584,windows,0,100,100,4,0,0,0,0,0,0,2,2,0
319.897,0,19584000,windows,0,1.21317e+07,1.21147e+07,1693,0,0,0,0,0,0,1136,532,25
320.059,1,19793920,windows,0,100,100,4,0,0,0,0,0,0,2,2,0
320.154,0,19599360,windows,0,1.04131e+07,1.04131e+07,1582,0,0,0,0,0,0,1085,475,22
320.319,1,19808256,windows,0,100,100,4,0,0,0,0,0,0,2,2,0
320.408,0,19614720,windows,0,8.88578e+06,8.87679e+06,1474,0,0,0,0,0,0,1034,420,20
320.583,1,19822592,windows,0,100,100,4,0,0,0,0,0,0,2,2,0
320.667,0,19629056,windows,0,7.30013e+06,7.28708e+06,1331,0,0,0,0,0,0,918,392,21
320.841,1,19836928,windows,0,100,100,4,0,0,0,0,0,0,2,2,0
320.934,0,19643392,windows,0,6.24194e+06,6.23762e+06,1241,0,0,0,0,0,0,864,353,24
321.101,1,19851264,windows,0,100,100,4,0,0,0,0,0,0,2,2,0
321.198,0,19657728,windows,0,5.45531e+06,5.45055e+06,1161,0,0,0,0,0,0,804,332,25
321.357,1,19865600,windows,0,100,100,4,0,0,0,0,0,0,2,2,0
321.458,0,19671040,windows,0,4.80482e+06,4.80482e+06,1098,0,0,0,0,0,0,781,295,22
321.609,1,19878912,windows,0,100,100,4,0,0,0,0,0,0,2,2,0
321.725,0,19685376,windows,0,4.07508e+06,4.07099e+06,1007,0,0,0,0,0,0,713,276,18
321.875,1,19893248,windows,0,100,100,4,0,0,0,0,0,0,2,2,0
321.98,0,19698688,windows,0,3.26174e+06,3.25865e+06,890,0,0,0,0,0,0,619,259,12
322.133,1,19907584,windows,0,100,100,4,0,0,0,0,0,0,2,2,0
322.246,0,19713024,windows,0,2.74532e+06,2.74023e+06,825,0,0,0,0,0,0,578,231,16
322.386,1,19920896,windows,0,100,100,4,0,0,0,0,0,0,2,2,0
322.497,0,19726336,windows,0,2.38172e+06,2.38172e+06,768,0,0,0,0,0,0,537,216,15
322.642,1,19935232,windows,0,100,100,4,0,0,0,0,0,0,2,2,0
322.75,0,19739648,windows,0,2.11838e+06,2.11797e+06,729,0,0,0,0,0,0,520,195,14
322.895,1,19949568,windows,0,100,100,4,0,0,0,0,0,0,2,2,0
323.007,0,19753984,windows,0,1.80028e+06,1.80028e+06,672,0,0,0,0,0,0,479,180,13
323.155,1,19963904,windows,0,100,100,4,0,0,0,0,0,0,2,2,0
323.273,0,19767296,windows,0,1.42997e+06,1.42442e+06,588,0,0,0,0,0,0,396,179,13
323.409,1,19977216,windows,0,100,100,4,0,0,0,0,0,0,2,2,0
323.534,0,19779584,windows,0,1.23263e+06,1.23263e+06,546,0,0,0,0,0,0,370,165,11
323.662,1,19987456,repair,909,1.93082e+08,1.93059e+08,5963,62,167,138,357,185,0,3370,2401,192
323.802,0,19793920,windows,0,1.08813e+06,1.08813e+06,521,0,0,0,0,0,0,366,144,11
323.922,1,20004864,repair,685,2.84088e+08,2.84062e+08,7340,53,134,118,249,131,0,4078,3077,185
324.066,0,19810304,windows,0,932015,929360,483,0,0,0,0,0,0,339,133,11
324.184,1,20022272,repair,564,2.61902e+08,2.61838e+08,7049,30,105,115,202,112,0,3918,2978,153
324.335,0,19825664,windows,0,757120,756768,438,0,0,0,0,0,0,308,118,12
324.438,1,20038656,repair,470,2.74394e+08,2.74389e+08,7316,30,92,88,182,78,0,4127,3028,161
324.593,0,19837952,windows,0,604750,604750,389,0,0,0,0,0,0,268,110,11
324.69,1,20055040,repair,387,2.24337e+08,2.24283e+08,6745,31,73,60,144,79,0,3947,2669,129
324.854,0,19852288,windows,0,505100,504808,360,0,0,0,0,0,0,258,92,10
324.943,1,20071424,repair,330,2.06087e+08,2.06087e+08,6412,26,45,47,131,81,0,3703,2592,117
325.122,0,19867648,windows,0,418355,418032,328,0,0,0,0,0,0,231,86,11
325.198,1,20089856,repair,276,1.98061e+08,1.9801e+08,6343,17,39,42,113,65,0,3707,2520,116
325.385,0,19883008,windows,0,347830,347508,302,0,0,0,0,0,0,218,73,11
325.451,1,20108288,repair,210,1.78397e+08,1.78329e+08,6066,12,33,28,90,47,0,3588,2372,106
325.654,0,19897344,windows,0,286300,283614,271,0,0,0,0,0,0,188,73,10
325.713,1,20126720,repair,160,1.52496e+08,1.52493e+08,5693,8,23,28,54,47,0,3446,2147,100
325.913,0,19909632,windows,0,232925,232632,245,0,0,0,0,0,0,169,66,10
325.97,1,20145152,repair,126,1.34756e+08,1.34739e+08,5373,4,13,21,45,43,0,3284,2002,87
326.168,0,19921920,windows,0,193730,193468,224,0,0,0,0,0,0,156,59,9
326.224,1,20163584,repair,89,1.45654e+08,1.45612e+08,5532,6,13,12,44,14,0,3309,2126,97
326.425,0,19934208,windows,0,161635,160649,206,0,0,0,0,0,0,145,52,9
326.486,1,20180992,repair,51,1.28663e+08,1.28663e+08,5264,3,9,5,22,12,0,3209,1960,95
326.692,0,19947520,windows,0,143110,142848,192,0,0,0,0,0,0,130,53,9
326.746,1,20197376,repair,31,1.14397e+08,1.1436e+08,4966,0,4,6,13,8,0,3030,1847,89
326.958,0,19961856,windows,0,122615,122352,181,0,0,0,0,0,0,129,43,9
327.005,1,20214784,repair,18,1.00907e+08,1.0089e+08,4706,1,2,0,11,4,0,2940,1696,70
327.225,0,19975168,windows,0,87465,87232.5,152,0,0,0,0,0,0,105,39,8
327.264,1,20232192,repair,10,9.42258e+07,9.41913e+07,4579,1,1,0,7,1,0,2888,1618,73
327.479,0,19987456,windows,0,76520,75276.2,141,0,0,0,0,0,0,94,39,8
327.522,1,20247552,repair,4,7.99283e+07,7.98969e+07,4252,0,1,0,1,2,0,2717,1464,71
327.747,0,20000768,windows,0,71300,70851.2,136,0,0,0,0,0,0,90,38,8
327.784,1,20263936,repair,1,6.96382e+07,6.96118e+07,4020,0,0,0,0,1,0,2637,1318,65
328,0,20014080,windows,0,64420,63256.2,128,0,0,0,0,0,0,82,38,8
328.034,1,20279296,windows,0,6.02238e+07,6.02238e+07,3755,0,0,0,0,0,0,2483,1210,62
328.255,0,20028416,windows,0,59840,58726.2,124,0,0,0,0,0,0,80,36,8
328.296,1,20291584,windows,0,5.12521e+07,5.12285e+07,3462,0,0,0,0,0,0,2306,1109,47
328.509,0,20042752,windows,0,53945,53330,120,0,0,0,0,0,0,81,31,8
328.551,1,20303872,windows,0,4.43032e+07,4.42716e+07,3202,0,0,0,0,0,0,2111,1048,43
328.759,0,20056064,windows,0,41635,40756.2,106,0,0,0,0,0,0,73,26,7
328.807,1,20317184,windows,0,3.61079e+07,3.60794e+07,2885,0,0,0,0,0,0,1894,952,39
329.018,0,20069376,windows,0,38495,37626.2,101,0,0,0,0,0,0,67,27,7
329.065,1,20330496,windows,0,3.02637e+07,3.02474e+07,2691,0,0,0,0,0,0,1837,817,37
329.273,0,20082688,windows,0,35465,35465,98,0,0,0,0,0,0,69,23,6
329.328,1,20343808,windows,0,2.60329e+07,2.60329e+07,2521,0,0,0,0,0,0,1780,713,28
329.532,0,20096000,windows,0,34105,34105,96,0,0,0,0,0,0,67,23,6
329.596,1,20357120,windows,0,2.26493e+07,2.26353e+07,2329,0,0,0,0,0,0,1598,702,29
329.785,0,20109312,windows,0,32140,32140,93,0,0,0,0,0,0,64,23,6
329.846,1,20370432,windows,0,1.97569e+07,1.97569e+07,2172,0,0,0,0,0,0,1481,662,29
330.043,0,20122624,windows,0,27575,27575,85,0,0,0,0,0,0,57,23,5
330.099,1,20383744,windows,0,1.61191e+07,1.61182e+07,1920,0,0,0,0,0,0,1247,645,28
330.3,0,20137984,windows,0,22270,21875,77,0,0,0,0,0,0,52,20,5
330.362,1,20397056,windows,0,1.36891e+07,1.36718e+07,1798,0,0,0,0,0,0,1205,566,27
330.556,0,20153344,windows,0,19975,19600,73,0,0,0,0,0,0,49,19,5
330.615,1,20410368,windows,0,1.19993e+07,1.19928e+07,1702,0,0,0,0,0,0,1175,504,23
330.817,0,20170752,windows,0,17575,17240,69,0,0,0,0,0,0,47,17,5
330.876,1,20424704,windows,0,1.03639e+07,1.03547e+07,1585,0,0,0,0,0,0,1103,462,20
331.067,0,20188160,windows,0,16910,16555,67,0,0,0,0,0,0,44,18,5
331.141,1,20439040,windows,0,9.05719e+06,9.04801e+06,1490,0,0,0,0,0,0,1042,425,23
331.331,0,20206592,windows,0,14935,14600,63,0,0,0,0,0,0,41,17,5
331.394,1,20453376,windows,0,7.36175e+06,7.35341e+06,1338,0,0,0,0,0,0,930,389,19
331.581,0,20221952,windows,0,14530,13996.2,62,0,0,0,0,0,0,40,17,5
331.648,1,20467712,windows,0,6.22966e+06,6.22216e+06,1239,0,0,0,0,0,0,873,347,19
331.838,0,20237312,windows,0,14135,13606.2,61,0,0,0,0,0,0,39,17,5
331.902,1,20482048,windows,0,5.36964e+06,5.36503e+06,1153,0,0,0,0,0,0,817,318,18
332.104,0,20252672,windows,0,13750,13226.2,60,0,0,0,0,0,0,38,17,5
332.169,1,20497408,windows,0,4.65456e+06,4.6504e+06,1067,0,0,0,0,0,0,750,303,14
332.361,0,20267008,windows,0,13010,12831.2,58,0,0,0,0,0,0,36,17,5
332.43,1,20511744,windows,0,3.88991e+06,3.88371e+06,966,0,0,0,0,0,0,662,291,13
332.619,0,20282368,windows,0,12655,12481.2,57,0,0,0,0,0,0,35,17,5
332.68,1,20525056,windows,0,3.12606e+06,3.12112e+06,873,0,0,0,0,0,0,617,247,9
332.88,0,20296704,windows,0,11650,11156.2,54,0,0,0,0,0,0,32,17,5
332.938,1,20538368,windows,0,2.67803e+06,2.67517e+06,809,0,0,0,0,0,0,572,228,9
333.139,0,20312064,windows,0,11650,11156.2,54,0,0,0,0,0,0,32,17,5
333.199,1,20553728,windows,0,2.25274e+06,2.24864e+06,745,0,0,0,0,0,0,531,205,9
333.392,0,20327424,windows,0,11335,10846.2,53,0,0,0,0,0,0,31,17,5
333.462,1,20570112,windows,0,1.9241e+06,1.92381e+06,688,0,0,0,0,0,0,485,193,10
333.643,0,20341760,windows,0,11335,10846.2,53,0,0,0,0,0,0,31,17,5
333.72,1,20585472,windows,0,1.50598e+06,1.50364e+06,602,0,0,0,0,0,0,410,182,10
333.895,0,20357120,windows,0,11335,10846.2,53,0,0,0,0,0,0,31,17,5
333.986,1,20602880,windows,0,1.22234e+06,1.22211e+06,550,0,0,0,0,0,0,391,151,8
334.153,0,20372480,windows,0,11335,10846.2,53,0,0,0,0,0,0,31,17,5
334.251,1,20619264,windows,0,1.02832e+06,1.02537e+06,503,0,0,0,0,0,0,358,139,6
334.409,0,20387840,windows,0,100,100,4,0,0,0,0,0,0,2,2,0
334.508,1,20634624,windows,0,876400,874761,462,0,0,0,0,0,0,328,130,4
334.66,0,20404224,windows,0,100,100,4,0,0,0,0,0,0,2,2,0
334.769,1,20647936,windows,0,707205,707092,409,0,0,0,0,0,0,279,126,4
334.922,0,20421632,windows,0,100,100,4,0,0,0,0,0,0,2,2,0
335.036,1,20662272,windows,0,577940,575805,375,0,0,0,0,0,0,264,107,4
335.182,0,20440064,windows,0,100,100,4,0,0,0,0,0,0,2,2,0
335.288,1,20676608,windows,0,491255,491112,349,0,0,0,0,0,0,249,95,5
335.439,0,20456448,repair,0,100,100,4,0,0,0,0,0,0,2,2,0
335.541,1,20690944,windows,0,429140,426216,326,0,0,0,0,0,0,234,88,4
335.696,0,20470784,windows,0,100,100,4,0,0,0,0,0,0,2,2,0
335.808,1,20707328,windows,0,362825,362712,300,0,0,0,0,0,0,215,81,4
335.949,0,20486144,windows,0,100,100,4,0,0,0,0,0,0,2,2,0
336.059,1,20722688,windows,0,288605,286074,267,0,0,0,0,0,0,189,74,4
336.2,0,20500480,windows,0,100,100,4,0,0,0,0,0,0,2,2,0
336.314,1,20737024,windows,0,226920,225432,235,0,0,0,0,0,0,162,69,4
336.45,0,20514816,windows,0,100,100,4,0,0,0,0,0,0,2,2,0
336.581,1,20751360,windows,0,189380,188012,215,0,0,0,0,0,0,148,63,4
336.709,0,20529152,windows,0,100,100,4,0,0,0,0,0,0,2,2,0
336.844,1,20765696,windows,0,172675,172592,206,0,0,0,0,0,0,145,58,3
336.971,0,20543488,windows,0,100,100,4,0,0,0,0,0,0,2,2,0
337.107,1,20780032,windows,0,151670,150532,194,0,0,0,0,0,0,138,53,3
337.221,0,20556800,windows,0,100,100,4,0,0,0,0,0,0,2,2,0
337.364,1,20793344,windows,0,116660,115725,171,0,0,0,0,0,0,120,47,4
337.48,0,20571136,windows,0,100,100,4,0,0,0,0,0,0,2,2,0
337.634,1,20807680,windows,0,89985,89090,148,0,0,0,0,0,0,99,45,4
337.745,0,20586496,windows,0,100,100,4,0,0,0,0,0,0,2,2,0
337.885,1,20820992,windows,0,76190,75608.8,139,0,0,0,0,0,0,100,36,3
338.001,0,20600832,windows,0,100,100,4,0,0,0,0,0,0,2,2,0
338.152,1,20835328,windows,0,69055,68237.5,131,0,0,0,0,0,0,91,37,3
338.258,0,20615168,windows,0,100,100,4,0,0,0,0,0,0,2,2,0
338.423,1,20849664,windows,0,60770,60248.8,124,0,0,0,0,0,0,88,33,3
338.521,0,20630528,windows,0,100,100,4,0,0,0,0,0,0,2,2,0
338.685,1,20862976,windows,0,51170,50781.2,113,0,0,0,0,0,0,78,32,3
338.789,0,20645888,windows,0,100,100,4,0,0,0,0,0,0,2,2,0
338.937,1,20876288,windows,0,43010,42927.5,104,0,0,0,0,0,0,72,29,3
339.043,0,20661248,windows,0,100,100,4,0,0,0,0,0,0,2,2,0
339.192,1,20890624,windows,0,39395,38717.5,98,0,0,0,0,0,0,65,30,3
339.293,0,20676608,windows,0,100,100,4,0,0,0,0,0,0,2,2,0
339.452,1,20904960,windows,0,34695,34612.5,93,0,0,0,0,0,0,63,27,3
339.553,0,20691968,windows,0,100,100,4,0,0,0,0,0,0,2,2,0
339.71,1,20919296,windows,0,32255,31637.5,89,0,0,0,0,0,0,59,27,3
339.815,0,20708352,windows,0,100,100,4,0,0,0,0,0,0,2,2,0
339.97,1,20933632,windows,0,31095,30477.5,87,0,0,0,0,0,0,57,27,3
340.081,0,20724736,windows,0,100,100,4,0,0,0,0,0,0,2,2,0
340.224,1,20947968,windows,0,25630,25547.5,81,0,0,0,0,0,0,56,22,3
340.334,0,20740096,windows,0,100,100,4,0,0,0,0,0,0,2,2,0
340.476,1,20962304,windows,0,24370,24287.5,78,0,0,0,0,0,0,52,23,3
340.604,0,20755456,windows,0,100,100,4,0,0,0,0,0,0,2,2,0
340.734,1,20976640,windows,0,23795,23237.5,76,0,0,0,0,0,0,49,24,3
340.868,0,20770816,windows,0,100,100,4,0,0,0,0,0,0,2,2,0
340.988,1,20990976,windows,0,21430,21347.5,72,0,0,0,0,0,0,46,23,3
341.127,0,20786176,windows,0,100,100,4,0,0,0,0,0,0,2,2,0
341.239,1,21005312,windows,0,20975,20892.5,71,0,0,0,0,0,0,45,23,3
341.378,0,20801536,windows,0,100,100,4,0,0,0,0,0,0,2,2,0
341.493,1,21019648,windows,0,20075,19768.8,70,0,0,0,0,0,0,45,22,3
341.641,0,20816896,windows,0,100,100,4,0,0,0,0,0,0,2,2,0
341.757,1,21033984,windows,0,18335,18252.5,67,0,0,0,0,0,0,43,21,3
341.904,0,20833280,windows,0,100,100,4,0,0,0,0,0,0,2,2,0
342.023,1,21049344,windows,0,17090,16808.8,64,0,0,0,0,0,0,40,21,3
342.159,0,20849664,windows,0,100,100,4,0,0,0,0,0,0,2,2,0
342.275,1,21063680,windows,0,17090,16808.8,64,0,0,0,0,0,0,40,21,3
342.416,0,20866048,windows,0,100,100,4,0,0,0,0,0,0,2,2,0
342.535,1,21078016,windows,0,15215,15132.5,59,0,0,0,0,0,0,35,21,3
342.668,0,20882432,windows,0,100,100,4,0,0,0,0,0,0,2,2,0
342.79,1,21092352,windows,0,14750,14667.5,59,0,0,0,0,0,0,36,20,3
342.919,0,20899840,windows,0,100,100,4,0,0,0,0,0,0,2,2,0
343.048,1,21106688,windows,0,14050,13967.5,57,0,0,0,0,0,0,34,20,3
343.17,0,20914176,repair,0,100,100,4,0,0,0,0,0,0,2,2,0
343.315,1,21121024,windows,0,13615,13532.5,57,0,0,0,0,0,0,35,19,3
343.428,0,20930560,windows,0,100,100,4,0,0,0,0,0,0,2,2,0
343.581,1,21136384,windows,0,13615,13532.5,57,0,0,0,0,0,0,35,19,3
343.692,0,20944896,windows,0,100,100,4,0,0,0,0,0,0,2,2,0
343.848,1,21151744,windows,0,13465,12916.2,56,0,0,0,0,0,0,35,19,2
343.942,0,20958208,windows,0,100,100,4,0,0,0,0,0,0,2,2,0
344.104,1,21166080,windows,0,13465,12916.2,56,0,0,0,0,0,0,35,19,2
344.203,0,20972544,windows,0,100,100,4,0,0,0,0,0,0,2,2,0
344.365,1,21180416,windows,0,12785,12246.2,54,0,0,0,0,0,0,33,19,2
344.463,0,20984832,windows,0,100,100,4,0,0,0,0,0,0,2,2,0
344.616,1,21193728,windows,0,12145,11770,52,0,0,0,0,0,0,31,19,2
344.725,0,20999168,windows,0,100,100,4,0,0,0,0,0,0,2,2,0
344.881,1,21208064,windows,0,11720,11365,52,0,0,0,0,0,0,32,18,2
344.989,0,21013504,windows,0,100,100,4,0,0,0,0,0,0,2,2,0
345.145,1,21223424,windows,0,11345,11345,52,0,0,0,0,0,0,33,17,2
345.258,0,21026816,windows,0,100,100,4,0,0,0,0,0,0,2,2,0
345.406,1,21237760,windows,0,10685,10685,51,0,0,0,0,0,0,33,16,2
345.509,0,21039104,windows,0,100,100,4,0,0,0,0,0,0,2,2,0
345.659,1,21252096,windows,0,10045,10045,49,0,0,0,0,0,0,31,16,2
345.771,0,21052416,windows,0,100,100,4,0,0,0,0,0,0,2,2,0
345.921,1,21267456,windows,0,9445,9445,47,0,0,0,0,0,0,29,16,2
346.029,0,21066752,windows,0,100,100,4,0,0,0,0,0,0,2,2,0
346.189,1,21282816,windows,0,9280,9280,49,0,0,0,0,0,0,34,13,2
346.294,0,21081088,windows,0,100,100,4,0,0,0,0,0,0,2,2,0
346.444,1,21296128,windows,0,9280,9280,49,0,0,0,0,0,0,34,13,2
346.559,0,21095424,windows,0,100,100,4,0,0,0,0,0,0,2,2,0
346.708,1,21310464,windows,0,7420,7420,43,0,0,0,0,0,0,28,13,2
346.812,0,21108736,windows,0,100,100,4,0,0,0,0,0,0,2,2,0
346.963,1,21324800,windows,0,7420,7420,43,0,0,0,0,0,0,28,13,2
347.065,0,21122048,windows,0,100,100,4,0,0,0,0,0,0,2,2,0
347.22,1,21339136,windows,0,7145,7145,42,0,0,0,0,0,0,27,13,2
347.317,0,21135360,windows,0,100,100,4,0,0,0,0,0,0,2,2,0
347.485,1,21353472,windows,0,7145,7145,42,0,0,0,0,0,0,27,13,2
347.578,0,21148672,windows,0,100,100,4,0,0,0,0,0,0,2,2,0
347.739,1,21366784,windows,0,7115,7115,42,0,0,0,0,0,0,29,12,1
347.832,0,21161984,windows,0,100,100,4,0,0,0,0,0,0,2,2,0
347.992,1,21381120,windows,0,7115,7115,42,0,0,0,0,0,0,29,12,1
348.09,0,21175296,windows,0,100,100,4,0,0,0,0,0,0,2,2,0
348.243,1,21395456,windows,0,7115,7115,42,0,0,0,0,0,0,29,12,1
348.345,0,21186560,windows,0,100,100,4,0,0,0,0,0,0,2,2,0
348.498,1,21408768,windows,0,6555,6555,40,0,0,0,0,0,0,27,12,1
348.601,0,21199872,repair,0,100,100,4,0,0,0,0,0,0,2,2,0
348.766,1,21423104,windows,0,6125,6125,39,0,0,0,0,0,0,25,12,2
348.855,0,21214208,repair,0,100,100,4,0,0,0,0,0,0,2,2,0
349.03,1,21438464,windows,0,6125,6125,39,0,0,0,0,0,0,25,12,2
349.117,0,21229568,windows,0,100,100,4,0,0,0,0,0,0,2,2,0
349.294,1,21453824,windows,0,6125,6125,39,0,0,0,0,0,0,25,12,2
349.37,0,21243904,windows,0,100,100,4,0,0,0,0,0,0,2,2,0
349.554,1,21468160,windows,0,5645,5645,37,0,0,0,0,0,0,23,12,2
349.637,0,21258240,windows,0,100,100,4,0,0,0,0,0,0,2,2,0
349.808,1,21483520,windows,0,5645,5645,37,0,0,0,0,0,0,23,12,2
349.899,0,21273600,windows,0,100,100,4,0,0,0,0,0,0,2,2,0
350.069,1,21500928,windows,0,5645,5645,37,0,0,0,0,0,0,23,12,2
350.165,0,21287936,windows,0,100,100,4,0,0,0,0,0,0,2,2,0
350.33,1,21518336,windows,0,5575,5575,37,0,0,0,0,0,0,25,11,1
350.431,0,21302272,windows,0,100,100,4,0,0,0,0,0,0,2,2,0
350.58,1,21534720,windows,0,5095,5095,35,0,0,0,0,0,0,23,11,1
350.697,0,21316608,windows,0,100,100,4,0,0,0,0,0,0,2,2,0
350.831,1,21552128,windows,0,5095,5095,35,0,0,0,0,0,0,23,11,1
350.956,0,21330944,windows,0,100,100,4,0,0,0,0,0,0,2,2,0
351.088,1,21568512,windows,0,5095,5095,35,0,0,0,0,0,0,23,11,1
351.215,0,21345280,windows,0,100,100,4,0,0,0,0,0,0,2,2,0
351.339,1,21582848,windows,0,5095,5095,35,0,0,0,0,0,0,23,11,1
351.48,0,21360640,windows,0,100,100,4,0,0,0,0,0,0,2,2,0
351.61,1,21598208,windows,0,5095,5095,35,0,0,0,0,0,0,23,11,1
351.746,0,21374976,windows,0,100,100,4,0,0,0,0,0,0,2,2,0
351.862,1,21613568,windows,0,100,100,4,0,0,0,0,0,0,2,2,0
352.01,0,21389312,windows,0,100,100,4,0,0,0,0,0,0,2,2,0
352.123,1,21630976,windows,0,100,100,4,0,0,0,0,0,0,2,2,0
352.262,0,21402624,windows,0,100,100,4,0,0,0,0,0,0,2,2,0
352.373,1,21647360,windows,0,100,100,4,0,0,0,0,0,0,2,2,0
352.527,0,21417984,windows,0,100,100,4,0,0,0,0,0,0,2,2,0
352.636,1,21665792,windows,0,100,100,4,0,0,0,0,0,0,2,2,0
352.792,0,21432320,windows,0,100,100,4,0,0,0,0,0,0,2,2,0
352.899,1,21683200,windows,0,100,100,4,0,0,0,0,0,0,2,2,0
353.059,0,21447680,windows,0,100,100,4,0,0,0,0,0,0,2,2,0
353.158,1,21699584,windows,0,100,100,4,0,0,0,0,0,0,2,2,0
353.319,0,21463040,windows,0,100,100,4,0,0,0,0,0,0,2,2,0
353.414,1,21714944,windows,0,100,100,4,0,0,0,0,0,0,2,2,0
353.577,0,21478400,windows,0,100,100,4,0,0,0,0,0,0,2,2,0
353.673,1,21730304,windows,0,100,100,4,0,0,0,0,0,0,2,2,0
353.835,0,21493760,windows,0,100,100,4,0,0,0,0,0,0,2,2,0
353.924,1,21744640,windows,0,100,100,4,0,0,0,0,0,0,2,2,0
354.099,0,21509120,windows,0,100,100,4,0,0,0,0,0,0,2,2,0
354.19,1,21760000,windows,0,100,100,4,0,0,0,0,0,0,2,2,0
354.353,0,21524480,windows,0,100,100,4,0,0,0,0,0,0,2,2,0
354.458,1,21774336,windows,0,100,100,4,0,0,0,0,0,0,2,2,0
354.605,0,21539840,windows,0,100,100,4,0,0,0,0,0,0,2,2,0
354.71,1,21787648,windows,0,100,100,4,0,0,0,0,0,0,2,2,0
354.86,0,21556224,windows,0,100,100,4,0,0,0,0,0,0,2,2,0
354.967,1,21803008,windows,0,100,100,4,0,0,0,0,0,0,2,2,0
355.122,0,21572608,repair,0,100,100,4,0,0,0,0,0,0,2,2,0
355.22,1,21817344,windows,0,100,100,4,0,0,0,0,0,0,2,2,0
355.377,0,21590016,windows,0,100,100,4,0,0,0,0,0,0,2,2,0
355.478,1,21831680,windows,0,100,100,4,0,0,0,0,0,0,2,2,0
355.635,0,21606400,windows,0,100,100,4,0,0,0,0,0,0,2,2,0
355.741,1,21846016,windows,0,100,100,4,0,0,0,0,0,0,2,2,0
355.893,0,21620736,windows,0,100,100,4,0,0,0,0,0,0,2,2,0
355.991,1,21860352,windows,0,100,100,4,0,0,0,0,0,0,2,2,0
356.148,0,21634048,windows,0,100,100,4,0,0,0,0,0,0,2,2,0
356.258,1,21876736,windows,0,100,100,4,0,0,0,0,0,0,2,2,0
356.41,0,21648384,windows,0,100,100,4,0,0,0,0,0,0,2,2,0
356.521,1,21893120,windows,0,100,100,4,0,0,0,0,0,0,2,2,0
356.665,0,21661696,windows,0,100,100,4,0,0,0,0,0,0,2,2,0
356.772,1,21909504,windows,0,100,100,4,0,0,0,0,0,0,2,2,0
356.926,0,21677056,windows,0,100,100,4,0,0,0,0,0,0,2,2,0
357.032,1,21925888,repair,0,100,100,4,0,0,0,0,0,0,2,2,0
357.182,0,21691392,windows,0,100,100,4,0,0,0,0,0,0,2,2,0
357.283,1,21943296,repair,0,100,100,4,0,0,0,0,0,0,2,2,0
357.439,0,21705728,windows,0,100,100,4,0,0,0,0,0,0,2,2,0
357.546,1,21960704,windows,0,100,100,4,0,0,0,0,0,0,2,2,0
357.694,0,21720064,windows,0,100,100,4,0,0,0,0,0,0,2,2,0
357.81,1,21978112,windows,0,100,100,4,0,0,0,0,0,0,2,2,0
357.957,0,21735424,windows,0,100,100,4,0,0,0,0,0,0,2,2,0
358.06,1,21994496,windows,0,100,100,4,0,0,0,0,0,0,2,2,0
358.218,0,21750784,windows,0,100,100,4,0,0,0,0,0,0,2,2,0
358.327,1,22011904,windows,0,100,100,4,0,0,0,0,0,0,2,2,0
358.474,0,21765120,windows,0,100,100,4,0,0,0,0,0,0,2,2,0
358.583,1,22028288,windows,0,100,100,4,0,0,0,0,0,0,2,2,0
358.742,0,21779456,windows,0,100,100,4,0,0,0,0,0,0,2,2,0
358.838,1,22044672,windows,0,100,100,4,0,0,0,0,0,0,2,2,0
358.994,0,21793792,windows,0,100,100,4,0,0,0,0,0,0,2,2,0
359.103,1,22063104,windows,0,100,100,4,0,0,0,0,0,0,2,2,0
359.256,0,21808128,windows,0,100,100,4,0,0,0,0,0,0,2,2,0
359.36,1,22080512,windows,0,100,100,4,0,0,0,0,0,0,2,2,0
359.52,0,21822464,windows,0,100,100,4,0,0,0,0,0,0,2,2,0
359.623,1,22097920,windows,0,100,100,4,0,0,0,0,0,0,2,2,0
359.772,0,21833728,repair,758,2.70026e+08,2.70026e+08,7156,48,160,139,261,150,0,3984,2973,199
359.884,1,22117376,windows,0,100,100,4,0,0,0,0,0,0,2,2,0
360.025,0,21851136,repair,616,2.80351e+08,2.80351e+08,7287,42,141,108,215,110,0,4000,3088,199
360.142,1,22135808,windows,0,100,100,4,0,0,0,0,0,0,2,2,0
360.282,0,21868544,repair,515,2.61728e+08,2.61649e+08,7170,35,114,105,166,95,0,4052,2942,176
360.397,1,22154240,windows,0,100,100,4,0,0,0,0,0,0,2,2,0
360.533,0,21884928,repair,439,2.40851e+08,2.40831e+08,6926,29,74,77,169,90,0,3953,2805,168
360.647,1,22171648,windows,0,100,100,4,0,0,0,0,0,0,2,2,0
360.791,0,21902336,repair,349,2.19064e+08,2.19007e+08,6709,19,64,62,134,70,0,3926,2631,152
360.905,1,22191104,windows,0,100,100,4,0,0,0,0,0,0,2,2,0
361.054,0,21921792,repair,278,2.03582e+08,2.03512e+08,6488,9,41,41,130,57,0,3812,2531,145
361.164,1,22213632,windows,0,100,100,4,0,0,0,0,0,0,2,2,0
361.305,0,21940224,repair,214,2.00357e+08,2.00357e+08,6514,11,39,39,75,50,0,3914,2472,128
361.421,1,22234112,windows,0,100,100,4,0,0,0,0,0,0,2,2,0
361.562,0,21955584,repair,160,1.97887e+08,1.97868e+08,6386,9,21,28,69,33,0,3743,2517,126
361.673,1,22251520,repair,0,100,100,4,0,0,0,0,0,0,2,2,0
361.823,0,21975040,repair,126,1.68483e+08,1.68433e+08,5940,10,23,18,50,25,0,3523,2298,119
361.928,1,22269952,repair,0,100,100,4,0,0,0,0,0,0,2,2,0
362.08,0,21993472,repair,92,1.50903e+08,1.5086e+08,5662,5,21,10,43,13,0,3410,2147,105
362.188,1,22288384,windows,0,100,100,4,0,0,0,0,0,0,2,2,0
362.342,0,22011904,repair,64,1.33338e+08,1.33279e+08,5358,6,12,5,31,10,0,3277,1991,90
362.449,1,22305792,windows,0,100,100,4,0,0,0,0,0,0,2,2,0
362.601,0,22030336,repair,33,1.22397e+08,1.22357e+08,5214,1,6,7,12,7,0,3267,1854,93
362.701,1,22322176,windows,0,100,100,4,0,0,0,0,0,0,2,2,0
362.857,0,22048768,repair,19,1.10728e+08,1.10712e+08,5013,2,3,5,5,4,0,3220,1713,80
362.958,1,22338560,windows,0,100,100,4,0,0,0,0,0,0,2,2,0
363.12,0,22066176,repair,14,9.12562e+07,9.12397e+07,4517,1,1,3,8,1,0,2858,1585,74
363.219,1,22354944,windows,0,100,100,4,0,0,0,0,0,0,2,2,0
363.371,0,22083584,repair,6,8.06673e+07,8.06653e+07,4289,2,0,0,4,0,0,2770,1452,67
363.478,1,22369280,windows,0,100,100,4,0,0,0,0,0,0,2,2,0
363.625,0,22102016,repair,2,6.85847e+07,6.85568e+07,3984,0,0,0,1,1,0,2620,1307,57
363.732,1,22384640,windows,0,100,100,4,0,0,0,0,0,0,2,2,0
363.88,0,22119424,windows,0,5.76893e+07,5.76879e+07,3671,0,0,0,0,0,0,2448,1176,47
363.984,1,22402048,windows,0,100,100,4,0,0,0,0,0,0,2,2,0
364.138,0,22135808,windows,0,4.7061e+07,4.70502e+07,3279,0,0,0,0,0,0,2153,1092,34
364.25,1,22419456,windows,0,100,100,4,0,0,0,0,0,0,2,2,0
364.388,0,22150144,windows,0,3.82857e+07,3.82857e+07,2984,0,0,0,0,0,0,1989,961,34
364.507,1,22435840,windows,0,100,100,4,0,0,0,0,0,0,2,2,0
364.647,0,22165504,windows,0,3.05007e+07,3.04748e+07,2679,0,0,0,0,0,0,1807,841,31
364.769,1,22451200,windows,0,100,100,4,0,0,0,0,0,0,2,2,0
364.904,0,22180864,windows,0,2.552e+07,2.55118e+07,2453,0,0,0,0,0,0,1659,766,28
365.029,1,22466560,windows,0,100,100,4,0,0,0,0,0,0,2,2,0
365.167,0,22195200,windows,0,2.16045e+07,2.15965e+07,2282,0,0,0,0,0,0,1595,666,21
365.286,1,22481920,windows,0,100,100,4,0,0,0,0,0,0,2,2,0
365.434,0,22208512,windows,0,1.87301e+07,1.87301e+07,2118,0,0,0,0,0,0,1463,633,22
365.549,1,22498304,windows,0,100,100,4,0,0,0,0,0,0,2,2,0
365.698,0,22220800,windows,0,1.54464e+07,1.54276e+07,1910,0,0,0,0,0,0,1300,591,19
365.805,1,22513664,windows,0,100,100,4,0,0,0,0,0,0,2,2,0
365.949,0,22232064,windows,0,1.34786e+07,1.34679e+07,1797,0,0,0,0,0,0,1241,537,19
366.064,1,22530048,windows,0,100,100,4,0,0,0,0,0,0,2,2,0
366.205,0,22245376,windows,0,1.16564e+07,1.1647e+07,1689,0,0,0,0,0,0,1196,474,19
366.317,1,22546432,windows,0,100,100,4,0,0,0,0,0,0,2,2,0
366.465,0,22258688,windows,0,9.99032e+06,9.97591e+06,1551,0,0,0,0,0,0,1093,448,10
366.569,1,22561792,repair,0,100,100,4,0,0,0,0,0,0,2,2,0
366.716,0,22272000,windows,0,8.73314e+06,8.72424e+06,1458,0,0,0,0,0,0,1021,419,18
366.833,1,22579200,repair,0,100,100,4,0,0,0,0,0,0,2,2,0
366.969,0,22285312,windows,0,7.45236e+06,7.45183e+06,1350,0,0,0,0,0,0,948,384,18
367.083,1,22594560,windows,0,100,100,4,0,0,0,0,0,0,2,2,0
367.226,0,22300672,windows,0,6.16622e+06,6.15913e+06,1224,0,0,0,0,0,0,853,355,16
367.343,1,22608896,windows,0,100,100,4,0,0,0,0,0,0,2,2,0
367.481,0,22316032,windows,0,5.24069e+06,5.24019e+06,1135,0,0,0,0,0,0,798,320,17
367.606,1,22623232,windows,0,100,100,4,0,0,0,0,0,0,2,2,0
367.731,0,22331392,windows,0,4.4868e+06,4.47652e+06,1042,0,0,0,0,0,0,715,310,17
367.859,1,22637568,windows,0,100,100,4,0,0,0,0,0,0,2,2,0
367.99,0,22346752,windows,0,3.86364e+06,3.86023e+06,975,0,0,0,0,0,0,683,276,16
368.113,1,22650880,windows,0,100,100,4,0,0,0,0,0,0,2,2,0
368.25,0,22361088,windows,0,3.04925e+06,3.04925e+06,871,0,0,0,0,0,0,618,238,15
368.369,1,22664192,windows,0,100,100,4,0,0,0,0,0,0,2,2,0
368.511,0,22375424,windows,0,2.55316e+06,2.54611e+06,802,0,0,0,0,0,0,580,208,14
368.628,1,22677504,windows,0,100,100,4,0,0,0,0,0,0,2,2,0
368.773,0,22389760,windows,0,2.24176e+06,2.23742e+06,750,0,0,0,0,0,0,539,198,13
368.892,1,22692864,windows,0,100,100,4,0,0,0,0,0,0,2,2,0
369.033,0,22406144,windows,0,1.85304e+06,1.85029e+06,679,0,0,0,0,0,0,481,186,12
369.159,1,22708224,windows,0,100,100,4,0,0,0,0,0,0,2,2,0
369.284,0,22420480,windows,0,1.5214e+06,1.5214e+06,610,0,0,0,0,0,0,424,176,10
369.418,1,22722560,windows,0,100,100,4,0,0,0,0,0,0,2,2,0
369.547,0,22434816,windows,0,1.22501e+06,1.22475e+06,551,0,0,0,0,0,0,390,152,9
369.675,1,22735872,windows,0,100,100,4,0,0,0,0,0,0,2,2,0
369.814,0,22447104,windows,0,1.05746e+06,1.05723e+06,510,0,0,0,0,0,0,358,144,8
369.939,1,22750208,windows,0,100,100,4,0,0,0,0,0,0,2,2,0
370.077,0,22461440,windows,0,903755,903755,474,0,0,0,0,0,0,339,128,7
370.199,1,22766592,windows,0,100,100,4,0,0,0,0,0,0,2,2,0
370.342,0,22476800,windows,0,744910,744910,431,0,0,0,0,0,0,308,116,7
370.456,1,22782976,windows,0,100,100,4,0,0,0,0,0,0,2,2,0
370.595,0,22492160,windows,0,589490,587899,383,0,0,0,0,0,0,266,108,9
370.708,1,22797312,windows,0,100,100,4,0,0,0,0,0,0,2,2,0
370.848,0,22507520,windows,0,464465,463261,340,0,0,0,0,0,0,241,93,6
370.97,1,22812672,windows,0,100,100,4,0,0,0,0,0,0,2,2,0
371.114,0,22523904,windows,0,375365,375365,307,0,0,0,0,0,0,219,82,6
371.222,1,22832128,windows,0,100,100,4,0,0,0,0,0,0,2,2,0
371.369,0,22540288,windows,0,318370,317189,282,0,0,0,0,0,0,196,79,7
371.486,1,22847488,repair,1032,9.25035e+07,9.248e+07,3444,19,54,68,581,310,0,2043,1175,226
371.631,0,22557696,windows,0,261700,260761,257,0,0,0,0,0,0,188,65,4
371.746,1,22866944,repair,693,2.76027e+08,2.75941e+08,7200,49,153,120,243,128,0,4002,3037,161
371.888,0,22574080,windows,0,180525,178596,211,0,0,0,0,0,0,147,60,4
371.997,1,22888448,repair,549,2.63631e+08,2.63631e+08,7196,47,98,82,231,91,0,4095,2928,173
372.154,0,22591488,windows,0,142280,142280,189,0,0,0,0,0,0,134,51,4
372.248,1,22908928,repair,457,2.34411e+08,2.34388e+08,6778,30,88,71,170,98,0,3838,2785,155
372.415,0,22608896,windows,0,118105,118105,174,0,0,0,0,0,0,127,43,4
372.5,1,22929408,repair,352,2.13551e+08,2.13494e+08,6555,15,60,52,147,78,0,3791,2626,138
372.668,0,22625280,windows,0,104740,104161,163,0,0,0,0,0,0,116,43,4
372.762,1,22949888,repair,277,2.02559e+08,2.02486e+08,6380,12,43,50,107,65,0,3683,2573,124
372.934,0,22641664,windows,0,71315,70043.8,134,0,0,0,0,0,0,95,36,3
373.024,1,22970368,repair,209,1.92034e+08,1.91962e+08,6211,15,33,34,78,49,0,3577,2516,118
373.194,0,22658048,windows,0,62110,61435,125,0,0,0,0,0,0,88,34,3
373.284,1,22990848,repair,150,1.67632e+08,1.67611e+08,5912,8,26,17,62,37,0,3516,2290,106
373.451,0,22674432,windows,0,52370,51795,116,0,0,0,0,0,0,84,29,3
373.546,1,23011328,repair,107,1.55174e+08,1.55154e+08,5710,9,25,9,40,24,0,3403,2198,109
373.703,0,22689792,windows,0,46370,45815,109,0,0,0,0,0,0,78,28,3
373.799,1,23029760,repair,77,1.41807e+08,1.41765e+08,5445,4,14,5,40,14,0,3236,2109,100
373.954,0,22705152,windows,0,39905,39370,100,0,0,0,0,0,0,71,27,2
374.055,1,23049216,repair,41,1.31047e+08,1.31006e+08,5372,2,8,8,16,7,0,3350,1932,90
374.218,0,22721536,windows,0,32120,31645,90,0,0,0,0,0,0,64,24,2
374.316,1,23066624,repair,25,1.15967e+08,1.15915e+08,4996,0,4,1,12,8,0,3048,1861,87
374.481,0,22737920,windows,0,29920,29156.2,87,0,0,0,0,0,0,62,23,2
374.58,1,23083008,repair,13,1.04278e+08,1.04228e+08,4743,0,1,1,5,6,0,2908,1758,77
374.744,0,22754304,windows,0,26620,26331.2,82,0,0,0,0,0,0,58,22,2
374.84,1,23099392,repair,8,8.85843e+07,8.85821e+07,4461,0,0,2,4,2,0,2835,1553,73
375.002,0,22771712,windows,0,24070,24070,78,0,0,0,0,0,0,58,19,1
375.104,1,23115776,repair,2,7.80803e+07,7.8038e+07,4209,0,0,1,1,0,0,2703,1439,67
375.259,0,22788096,windows,0,19515,19515,70,0,0,0,0,0,0,51,18,1
375.354,1,23132160,repair,1,6.76729e+07,6.76603e+07,3922,0,0,0,1,0,0,2515,1340,67
375.522,0,22804480,windows,0,18310,18061.2,68,0,0,0,0,0,0,50,17,1
375.621,1,23148544,windows,0,5.7541e+07,5.7541e+07,3661,0,0,0,0,0,0,2378,1206,77
375.773,0,22818816,windows,0,16535,16535,65,0,0,0,0,0,0,49,15,1
375.882,1,23162880,windows,0,4.86529e+07,4.86296e+07,3392,0,0,0,0,0,0,2255,1075,62
376.038,0,22833152,windows,0,14830,14830,61,0,0,0,0,0,0,44,16,1
376.151,1,23176192,windows,0,3.99803e+07,3.99594e+07,3078,0,0,0,0,0,0,2059,967,52
376.303,0,22848512,windows,0,13865,13812.5,60,0,0,0,0,0,0,43,15,2
376.419,1,23189504,windows,0,3.32824e+07,3.32824e+07,2794,0,0,0,0,0,0,1857,894,43
376.565,0,22864896,windows,0,12355,12355,56,0,0,0,0,0,0,41,14,1
376.686,1,23202816,windows,0,2.82882e+07,2.82795e+07,2588,0,0,0,0,0,0,1739,810,39
376.821,0,22881280,windows,0,11950,11751.2,55,0,0,0,0,0,0,40,14,1
376.949,1,23216128,windows,0,2.45942e+07,2.45861e+07,2419,0,0,0,0,0,0,1621,755,43
377.08,0,22898688,windows,0,11555,11280,54,0,0,0,0,0,0,39,14,1
377.2,1,23229440,windows,0,2.13087e+07,2.13077e+07,2264,0,0,0,0,0,0,1551,680,33
377.335,0,22915072,windows,0,11410,11410,54,0,0,0,0,0,0,40,13,1
377.467,1,23242752,windows,0,1.78753e+07,1.78617e+07,2068,0,0,0,0,0,0,1404,632,32
377.589,0,22932480,windows,0,10540,10325,53,0,0,0,0,0,0,40,11,2
377.725,1,23256064,windows,0,1.52673e+07,1.52664e+07,1914,0,0,0,0,0,0,1303,581,30
377.846,0,22949888,windows,0,9760,9760,51,0,0,0,0,0,0,38,11,2
377.99,1,23270400,windows,0,1.30963e+07,1.30791e+07,1787,0,0,0,0,0,0,1252,512,23
378.109,0,22967296,windows,0,9385,9170,50,0,0,0,0,0,0,37,11,2
378.245,1,23283712,windows,0,1.14644e+07,1.14586e+07,1672,0,0,0,0,0,0,1161,485,26
378.373,0,22984704,windows,0,9385,9170,50,0,0,0,0,0,0,37,11,2
378.496,1,23297024,windows,0,9.9661e+06,9.9661e+06,1554,0,0,0,0,0,0,1071,459,24
378.625,0,23001088,windows,0,9020,8841.25,49,0,0,0,0,0,0,36,11,2
378.756,1,23309312,windows,0,8.29332e+06,8.2885e+06,1407,0,0,0,0,0,0,965,426,16
378.878,0,23017472,windows,0,8665,8491.25,48,0,0,0,0,0,0,35,11,2
379.008,1,23322624,windows,0,6.97784e+06,6.96996e+06,1309,0,0,0,0,0,0,923,368,18
379.14,0,23033856,windows,0,8665,8491.25,48,0,0,0,0,0,0,35,11,2
379.267,1,23335936,windows,0,6.04344e+06,6.03885e+06,1207,0,0,0,0,0,0,837,356,14
379.397,0,23048192,windows,0,8320,8105,47,0,0,0,0,0,0,34,11,2
379.536,1,23349248,windows,0,5.21663e+06,5.21266e+06,1126,0,0,0,0,0,0,794,321,11
379.655,0,23063552,windows,0,8320,8105,47,0,0,0,0,0,0,34,11,2
379.805,1,23362560,windows,0,4.51926e+06,4.51336e+06,1051,0,0,0,0,0,0,745,295,11
379.909,0,23080960,windows,0,8320,8105,47,0,0,0,0,0,0,34,11,2
380.057,1,23375872,windows,0,3.81596e+06,3.81252e+06,971,0,0,0,0,0,0,689,268,14
380.179,0,23094272,windows,0,8320,8105,47,0,0,0,0,0,0,34,11,2
380.308,1,23390208,windows,0,3.1133e+06,3.10999e+06,868,0,0,0,0,0,0,605,253,10
380.443,0,23108608,windows,0,100,100,4,0,0,0,0,0,0,2,2,0
380.567,1,23405568,windows,0,2.63136e+06,2.62381e+06,811,0,0,0,0,0,0,585,214,12
380.704,0,23124992,windows,0,100,100,4,0,0,0,0,0,0,2,2,0
380.822,1,23420928,windows,0,2.24036e+06,2.24007e+06,743,0,0,0,0,0,0,527,206,10
380.956,0,23142400,windows,0,100,100,4,0,0,0,0,0,0,2,2,0
381.085,1,23436288,windows,0,1.91515e+06,1.90892e+06,687,0,0,0,0,0,0,488,190,9
381.212,0,23160832,windows,0,100,100,4,0,0,0,0,0,0,2,2,0
381.336,1,23450624,windows,0,1.48117e+06,1.479e+06,605,0,0,0,0,0,0,434,164,7
381.465,0,23177216,windows,0,100,100,4,0,0,0,0,0,0,2,2,0
381.594,1,23463936,windows,0,1.23751e+06,1.23454e+06,554,0,0,0,0,0,0,398,149,7
381.724,0,23192576,windows,0,100,100,4,0,0,0,0,0,0,2,2,0
381.861,1,23478272,windows,0,1.05674e+06,1.05461e+06,517,0,0,0,0,0,0,380,129,8
381.987,0,23211008,windows,0,100,100,4,0,0,0,0,0,0,2,2,0
382.12,1,23493632,windows,0,915035,914772,478,0,0,0,0,0,0,339,130,9
382.244,0,23229440,windows,0,100,100,4,0,0,0,0,0,0,2,2,0
382.385,1,23508992,windows,0,784565,784272,447,0,0,0,0,0,0,323,114,10
382.499,0,23247872,windows,0,100,100,4,0,0,0,0,0,0,2,2,0
382.647,1,23523328,windows,0,569120,569120,378,0,0,0,0,0,0,268,102,8
382.76,0,23265280,windows,0,100,100,4,0,0,0,0,0,0,2,2,0
382.907,1,23537664,windows,0,477480,477480,347,0,0,0,0,0,0,246,93,8
383.014,0,23281664,windows,0,100,100,4,0,0,0,0,0,0,2,2,0
383.167,1,23553024,windows,0,410320,407326,314,0,0,0,0,0,0,208,98,8
383.268,0,23298048,windows,0,100,100,4,0,0,0,0,0,0,2,2,0
383.432,1,23568384,windows,0,347485,346441,295,0,0,0,0,0,0,209,80,6
383.524,0,23314432,windows,0,100,100,4,0,0,0,0,0,0,2,2,0
383.692,1,23583744,windows,0,279475,279475,266,0,0,0,0,0,0,193,68,5
383.777,0,23330816,windows,0,100,100,4,0,0,0,0,0,0,2,2,0
383.942,1,23600128,windows,0,202795,202795,224,0,0,0,0,0,0,155,64,5
384.034,0,23349248,windows,0,100,100,4,0,0,0,0,0,0,2,2,0
384.205,1,23617536,windows,0,164525,164525,205,0,0,0,0,0,0,145,54,6
384.293,0,23365632,windows,0,100,100,4,0,0,0,0,0,0,2,2,0
384.456,1,23633920,windows,0,140225,139250,190,0,0,0,0,0,0,135,49,6
384.556,0,23383040,windows,0,100,100,4,0,0,0,0,0,0,2,2,0
384.717,1,23650304,windows,0,123170,122275,178,0,0,0,0,0,0,128,45,5
384.814,0,23400448,windows,0,100,100,4,0,0,0,0,0,0,2,2,0
384.971,1,23665664,windows,0,87820,86456.2,148,0,0,0,0,0,0,98,44,6
385.068,0,23417856,windows,0,100,100,4,0,0,0,0,0,0,2,2,0
385.222,1,23681024,windows,0,74550,74550,140,0,0,0,0,0,0,102,33,5
385.327,0,23435264,windows,0,100,100,4,0,0,0,0,0,0,2,2,0
385.484,1,23697408,windows,0,63215,63215,129,0,0,0,0,0,0,93,31,5
385.588,0,23452672,windows,0,100,100,4,0,0,0,0,0,0,2,2,0
385.735,1,23712768,windows,0,59395,59395,126,0,0,0,0,0,0,95,26,5
385.855,0,23470080,windows,0,100,100,4,0,0,0,0,0,0,2,2,0
385.987,1,23727104,windows,0,45695,45321.2,109,0,0,0,0,0,0,75,29,5
386.11,0,23485440,windows,0,100,100,4,0,0,0,0,0,0,2,2,0
386.238,1,23742464,windows,0,39205,39205,101,0,0,0,0,0,0,71,26,4
386.371,0,23502848,windows,0,100,100,4,0,0,0,0,0,0,2,2,0
386.492,1,23757824,windows,0,33460,33460,93,0,0,0,0,0,0,64,25,4
386.63,0,23521280,windows,0,100,100,4,0,0,0,0,0,0,2,2,0
386.751,1,23773184,windows,0,29665,29210,88,0,0,0,0,0,0,61,23,4
386.886,0,23538688,windows,0,100,100,4,0,0,0,0,0,0,2,2,0
387.016,1,23789568,windows,0,26705,25996.2,84,0,0,0,0,0,0,59,21,4
387.147,0,23556096,windows,0,100,100,4,0,0,0,0,0,0,2,2,0
387.272,1,23803904,windows,0,21385,21385,76,0,0,0,0,0,0,55,17,4
387.412,0,23573504,windows,0,100,100,4,0,0,0,0,0,0,2,2,0
387.529,1,23818240,windows,0,20060,20060,74,0,0,0,0,0,0,50,18,6
387.665,0,23590912,windows,0,100,100,4,0,0,0,0,0,0,2,2,0
387.793,1,23832576,windows,0,18480,18480,70,0,0,0,0,0,0,48,18,4
387.916,0,23607296,windows,0,100,100,4,0,0,0,0,0,0,2,2,0
388.051,1,23846912,windows,0,18280,17905,69,0,0,0,0,0,0,46,19,4
388.169,0,23623680,windows,0,100,100,4,0,0,0,0,0,0,2,2,0
388.302,1,23861248,windows,0,15505,15505,64,0,0,0,0,0,0,43,17,4
388.432,0,23640064,windows,0,100,100,4,0,0,0,0,0,0,2,2,0
388.554,1,23875584,windows,0,15280,15280,64,0,0,0,0,0,0,44,16,4
388.689,0,23657472,windows,0,100,100,4,0,0,0,0,0,0,2,2,0
388.818,1,23889920,windows,0,14845,14845,63,0,0,0,0,0,0,43,16,4
388.943,0,23674880,windows,0,100,100,4,0,0,0,0,0,0,2,2,0
389.075,1,23904256,windows,0,13800,13591.2,61,0,0,0,0,0,0,42,15,4
389.198,0,23692288,windows,0,100,100,4,0,0,0,0,0,0,2,2,0
389.338,1,23919616,windows,0,13800,13591.2,61,0,0,0,0,0,0,42,15,4
389.457,0,23709696,repair,0,100,100,4,0,0,0,0,0,0,2,2,0
389.597,1,23933952,windows,0,12005,11536.2,57,0,0,0,0,0,0,39,14,4
389.708,0,23724032,repair,0,100,100,4,0,0,0,0,0,0,2,2,0
389.864,1,23949312,windows,0,11620,11156.2,56,0,0,0,0,0,0,38,14,4
389.967,0,23741440,repair,0,100,100,4,0,0,0,0,0,0,2,2,0
390.117,1,23963648,windows,0,10525,10351.2,53,0,0,0,0,0,0,35,14,4
390.231,0,23758848,windows,0,100,100,4,0,0,0,0,0,0,2,2,0
390.383,1,23979008,windows,0,9670,9481.25,50,0,0,0,0,0,0,38,11,1
390.488,0,23774208,windows,0,100,100,4,0,0,0,0,0,0,2,2,0
390.638,1,23993344,windows,0,9625,9451.25,50,0,0,0,0,0,0,35,13,2
390.751,0,23790592,windows,0,100,100,4,0,0,0,0,0,0,2,2,0
390.893,1,24007680,windows,0,8770,8356.25,48,0,0,0,0,0,0,32,13,3
391.005,0,23805952,windows,0,100,100,4,0,0,0,0,0,0,2,2,0
391.161,1,24023040,windows,0,8770,8356.25,48,0,0,0,0,0,0,32,13,3
391.26,0,23822336,windows,0,100,100,4,0,0,0,0,0,0,2,2,0
391.421,1,24038400,windows,0,7855,7456.25,45,0,0,0,0,0,0,29,13,3
391.526,0,23839744,windows,0,100,100,4,0,0,0,0,0,0,2,2,0
391.675,1,24052736,windows,0,7345,7345,44,0,0,0,0,0,0,31,11,2
391.784,0,23856128,windows,0,100,100,4,0,0,0,0,0,0,2,2,0
391.937,1,24069120,windows,0,7040,7040,43,0,0,0,0,0,0,30,11,2
392.047,0,23873536,windows,0,100,100,4,0,0,0,0,0,0,2,2,0
392.197,1,24086528,windows,0,6745,6386.25,42,0,0,0,0,0,0,29,11,2
392.303,0,23889920,windows,0,100,100,4,0,0,0,0,0,0,2,2,0
392.456,1,24103936,windows,0,6745,6386.25,42,0,0,0,0,0,0,29,11,2
392.564,0,23906304,windows,0,100,100,4,0,0,0,0,0,0,2,2,0
392.722,1,24121344,windows,0,6460,6106.25,41,0,0,0,0,0,0,28,11,2
392.823,0,23922688,windows,0,100,100,4,0,0,0,0,0,0,2,2,0
392.975,1,24137728,windows,0,5920,5705,39,0,0,0,0,0,0,26,11,2
393.073,0,23938048,windows,0,100,100,4,0,0,0,0,0,0,2,2,0
393.232,1,24154112,windows,0,5920,5705,39,0,0,0,0,0,0,26,11,2
393.333,0,23953408,windows,0,100,100,4,0,0,0,0,0,0,2,2,0
393.491,1,24170496,windows,0,5920,5705,39,0,0,0,0,0,0,26,11,2
393.589,0,23968768,windows,0,100,100,4,0,0,0,0,0,0,2,2,0
393.749,1,24187904,windows,0,5920,5705,39,0,0,0,0,0,0,26,11,2
393.847,0,23986176,windows,0,100,100,4,0,0,0,0,0,0,2,2,0
394.003,1,24204288,windows,0,5665,5326.25,38,0,0,0,0,0,0,25,11,2
394.114,0,24002560,windows,0,100,100,4,0,0,0,0,0,0,2,2,0
394.265,1,24218624,windows,0,5665,5326.25,38,0,0,0,0,0,0,25,11,2
394.366,0,24017920,windows,0,100,100,4,0,0,0,0,0,0,2,2,0
394.526,1,24233984,windows,0,5665,5326.25,38,0,0,0,0,0,0,25,11,2
394.616,0,24034304,windows,0,100,100,4,0,0,0,0,0,0,2,2,0
394.79,1,24249344,windows,0,5410,5086.25,37,0,0,0,0,0,0,26,10,1
394.874,0,24050688,windows,0,100,100,4,0,0,0,0,0,0,2,2,0
395.044,1,24263680,windows,0,5410,5086.25,37,0,0,0,0,0,0,26,10,1
395.128,0,24066048,windows,0,100,100,4,0,0,0,0,0,0,2,2,0
395.296,1,24278016,windows,0,5030,4726.25,36,0,0,0,0,0,0,26,9,1
395.389,0,24082432,windows,0,100,100,4,0,0,0,0,0,0,2,2,0
395.563,1,24292352,windows,0,4420,4116.25,32,0,0,0,0,0,0,22,10,0
395.654,0,24097792,windows,0,100,100,4,0,0,0,0,0,0,2,2,0
395.819,1,24306688,windows,0,4420,4116.25,32,0,0,0,0,0,0,22,10,0
395.905,0,24114176,windows,0,100,100,4,0,0,0,0,0,0,2,2,0
396.079,1,24321024,windows,0,3485,3226.25,29,0,0,0,0,0,0,21,8,0
396.157,0,24130560,windows,0,100,100,4,0,0,0,0,0,0,2,2,0
396.345,1,24336384,windows,0,3455,3280,29,0,0,0,0,0,0,19,9,1
396.417,0,24147968,windows,0,100,100,4,0,0,0,0,0,0,2,2,0
396.597,1,24350720,windows,0,3270,3006.25,28,0,0,0,0,0,0,18,9,1
396.673,0,24165376,windows,0,100,100,4,0,0,0,0,0,0,2,2,0
396.857,1,24366080,windows,0,3270,3006.25,28,0,0,0,0,0,0,18,9,1
396.925,0,24183808,windows,0,100,100,4,0,0,0,0,0,0,2,2,0
397.121,1,24381440,windows,0,3085,2836.25,27,0,0,0,0,0,0,19,8,0
397.184,0,24201216,repair,0,100,100,4,0,0,0,0,0,0,2,2,0
397.384,1,24397824,windows,0,3085,2836.25,27,0,0,0,0,0,0,19,8,0
397.448,0,24216576,repair,0,100,100,4,0,0,0,0,0,0,2,2,0
397.642,1,24413184,windows,0,3085,2836.25,27,0,0,0,0,0,0,19,8,0
397.702,0,24232960,repair,0,100,100,4,0,0,0,0,0,0,2,2,0
397.895,1,24428544,windows,0,3085,2836.25,27,0,0,0,0,0,0,19,8,0
397.968,0,24250368,repair,0,100,100,4,0,0,0,0,0,0,2,2,0
398.151,1,24442880,windows,0,3085,2836.25,27,0,0,0,0,0,0,19,8,0
398.232,0,24266752,windows,0,100,100,4,0,0,0,0,0,0,2,2,0
398.41,1,24458240,windows,0,100,100,4,0,0,0,0,0,0,2,2,0
398.495,0,24282112,windows,0,100,100,4,0,0,0,0,0,0,2,2,0
398.671,1,24474624,windows,0,100,100,4,0,0,0,0,0,0,2,2,0
398.753,0,24296448,windows,0,100,100,4,0,0,0,0,0,0,2,2,0
398.923,1,24492032,windows,0,100,100,4,0,0,0,0,0,0,2,2,0
399.004,0,24311808,windows,0,100,100,4,0,0,0,0,0,0,2,2,0
399.174,1,24509440,windows,0,100,100,4,0,0,0,0,0,0,2,2,0
399.26,0,24327168,windows,0,100,100,4,0,0,0,0,0,0,2,2,0
399.438,1,24526848,windows,0,100,100,4,0,0,0,0,0,0,2,2,0
399.516,0,24342528,windows,0,100,100,4,0,0,0,0,0,0,2,2,0
399.703,1,24546304,windows,0,100,100,4,0,0,0,0,0,0,2,2,0
399.778,0,24358912,windows,0,100,100,4,0,0,0,0,0,0,2,2,0
399.967,1,24567808,windows,0,100,100,4,0,0,0,0,0,0,2,2,0
400.03,0,24375296,windows,0,100,100,4,0,0,0,0,0,0,2,2,0
400.224,1,24585216,windows,0,100,100,4,0,0,0,0,0,0,2,2,0
400.281,0,24391680,windows,0,100,100,4,0,0,0,0,0,0,2,2,0
400.474,1,24603648,windows,0,100,100,4,0,0,0,0,0,0,2,2,0
400.544,0,24409088,windows,0,100,100,4,0,0,0,0,0,0,2,2,0
400.736,1,24620032,windows,0,100,100,4,0,0,0,0,0,0,2,2,0
400.803,0,24426496,windows,0,100,100,4,0,0,0,0,0,0,2,2,0
400.992,1,24635392,windows,0,100,100,4,0,0,0,0,0,0,2,2,0
401.068,0,24444928,windows,0,100,100,4,0,0,0,0,0,0,2,2,0
401.25,1,24650752,windows,0,100,100,4,0,0,0,0,0,0,2,2,0
401.338,0,24462336,windows,0,100,100,4,0,0,0,0,0,0,2,2,0
401.514,1,24666112,windows,0,100,100,4,0,0,0,0,0,0,2,2,0
401.593,0,24477696,windows,0,100,100,4,0,0,0,0,0,0,2,2,0
401.772,1,24682496,windows,0,100,100,4,0,0,0,0,0,0,2,2,0
401.848,0,24494080,windows,0,100,100,4,0,0,0,0,0,0,2,2,0
402.038,1,24698880,windows,0,100,100,4,0,0,0,0,0,0,2,2,0
402.105,0,24509440,windows,0,100,100,4,0,0,0,0,0,0,2,2,0
402.288,1,24715264,windows,0,100,100,4,0,0,0,0,0,0,2,2,0
402.356,0,24523776,windows,0,100,100,4,0,0,0,0,0,0,2,2,0
402.544,1,24730624,windows,0,100,100,4,0,0,0,0,0,0,2,2,0
402.606,0,24538112,windows,0,100,100,4,0,0,0,0,0,0,2,2,0
402.797,1,24748032,windows,0,100,100,4,0,0,0,0,0,0,2,2,0
402.865,0,24554496,windows,0,100,100,4,0,0,0,0,0,0,2,2,0
403.063,1,24765440,repair,0,100,100,4,0,0,0,0,0,0,2,2,0
403.128,0,24572928,windows,0,100,100,4,0,0,0,0,0,0,2,2,0
403.325,1,24780800,repair,0,100,100,4,0,0,0,0,0,0,2,2,0
403.386,0,24591360,windows,0,100,100,4,0,0,0,0,0,0,2,2,0
403.588,1,24797184,windows,0,100,100,4,0,0,0,0,0,0,2,2,0
403.636,0,24604672,repair,907,1.84254e+08,1.84238e+08,5819,64,183,169,307,184,0,3253,2369,197
403.846,1,24814592,windows,0,100,100,4,0,0,0,0,0,0,2,2,0
403.899,0,24624128,repair,672,2.87409e+08,2.87342e+08,7306,45,142,114,258,113,0,4017,3126,163
404.103,1,24832000,windows,0,100,100,4,0,0,0,0,0,0,2,2,0
404.159,0,24643584,repair,546,2.62387e+08,2.62324e+08,7245,44,116,124,175,87,0,4168,2903,174
404.354,1,24847360,windows,0,100,100,4,0,0,0,0,0,0,2,2,0
404.416,0,24663040,repair,444,2.39136e+08,2.3913e+08,6950,19,94,75,156,100,0,3993,2773,184
404.62,1,24863744,windows,0,100,100,4,0,0,0,0,0,0,2,2,0
404.671,0,24681472,repair,350,2.222e+08,2.22127e+08,6603,20,69,57,138,66,0,3731,2730,142
404.876,1,24880128,windows,0,100,100,4,0,0,0,0,0,0,2,2,0
404.933,0,24699904,repair,284,2.05524e+08,2.05501e+08,6473,18,35,45,132,54,0,3777,2564,132
405.142,1,24896512,windows,0,100,100,4,0,0,0,0,0,0,2,2,0
405.196,0,24715264,repair,235,1.85431e+08,1.85427e+08,6184,7,31,35,102,60,0,3639,2421,124
405.398,1,24912896,windows,0,100,100,4,0,0,0,0,0,0,2,2,0
405.45,0,24730624,repair,176,2.02916e+08,2.02846e+08,6489,10,47,33,55,31,0,3827,2535,127
405.65,1,24929280,windows,0,100,100,4,0,0,0,0,0,0,2,2,0
405.714,0,24747008,repair,144,1.56254e+08,1.56236e+08,5784,6,27,25,56,30,0,3492,2172,120
405.902,1,24945664,windows,0,100,100,4,0,0,0,0,0,0,2,2,0
405.976,0,24763392,repair,105,1.55866e+08,1.55845e+08,5725,2,15,18,50,20,0,3403,2205,117
406.158,1,24963072,windows,0,100,100,4,0,0,0,0,0,0,2,2,0
406.231,0,24778752,repair,76,1.4616e+08,1.46156e+08,5597,2,8,12,39,15,0,3372,2106,119
406.415,1,24980480,windows,0,100,100,4,0,0,0,0,0,0,2,2,0
406.492,0,24794112,repair,48,1.42481e+08,1.42439e+08,5523,1,8,10,18,11,0,3344,2076,103
406.674,1,24995840,windows,0,100,100,4,0,0,0,0,0,0,2,2,0
406.749,0,24809472,repair,34,1.22054e+08,1.21998e+08,5198,2,6,5,12,9,0,3237,1862,99
406.936,1,25011200,windows,0,100,100,4,0,0,0,0,0,0,2,2,0
407.008,0,24825856,repair,23,1.06134e+08,1.06085e+08,4850,0,6,5,6,6,0,3014,1738,98
407.193,1,25027584,windows,0,100,100,4,0,0,0,0,0,0,2,2,0
407.274,0,24843264,repair,11,9.96463e+07,9.96463e+07,4715,0,0,3,4,4,0,2961,1667,87
407.447,1,25046016,windows,0,100,100,4,0,0,0,0,0,0,2,2,0
407.526,0,24858624,repair,4,8.98413e+07,8.98265e+07,4552,0,2,0,2,0,0,2958,1515,79
407.698,1,25063424,windows,0,100,100,4,0,0,0,0,0,0,2,2,0
407.791,0,24875008,repair,1,7.38743e+07,7.38609e+07,4129,0,0,1,0,0,0,2695,1368,66
407.961,1,25082880,windows,0,100,100,4,0,0,0,0,0,0,2,2,0
408.043,0,24890368,windows,0,6.29171e+07,6.29153e+07,3815,0,0,0,0,0,0,2494,1259,62
408.216,1,25102336,windows,0,100,100,4,0,0,0,0,0,0,2,2,0
408.307,0,24904704,windows,0,5.22796e+07,5.22454e+07,3493,0,0,0,0,0,0,2296,1136,61
408.477,1,25120768,windows,0,100,100,4,0,0,0,0,0,0,2,2,0
408.572,0,24919040,windows,0,4.39688e+07,4.3967e+07,3220,0,0,0,0,0,0,2134,1027,59
408.74,1,25136128,windows,0,100,100,4,0,0,0,0,0,0,2,2,0
408.837,0,24934400,windows,0,3.45224e+07,3.45043e+07,2854,0,0,0,0,0,0,1895,908,51
408.994,1,25152512,windows,0,100,100,4,0,0,0,0,0,0,2,2,0
409.102,0,24951808,windows,0,2.8344e+07,2.8344e+07,2584,0,0,0,0,0,0,1719,822,43
409.246,1,25169920,windows,0,100,100,4,0,0,0,0,0,0,2,2,0
409.358,0,24968192,windows,0,2.35805e+07,2.35723e+07,2383,0,0,0,0,0,0,1632,715,36
409.51,1,25185280,repair,0,100,100,4,0,0,0,0,0,0,2,2,0
409.619,0,24982528,windows,0,2.02925e+07,2.02789e+07,2197,0,0,0,0,0,0,1486,679,32
409.767,1,25199616,repair,0,100,100,4,0,0,0,0,0,0,2,2,0
409.882,0,24994816,windows,0,1.68371e+07,1.68179e+07,1999,0,0,0,0,0,0,1349,621,29
410.018,1,25213952,windows,0,100,100,4,0,0,0,0,0,0,2,2,0
410.145,0,25008128,windows,0,1.42821e+07,1.42637e+07,1837,0,0,0,0,0,0,1237,575,25
410.271,1,25228288,windows,0,100,100,4,0,0,0,0,0,0,2,2,0
410.395,0,25021440,windows,0,1.23848e+07,1.23848e+07,1721,0,0,0,0,0,0,1182,519,20
410.534,1,25242624,windows,0,100,100,4,0,0,0,0,0,0,2,2,0
410.662,0,25035776,windows,0,1.06059e+07,1.06001e+07,1613,0,0,0,0,0,0,1149,447,17
410.801,1,25256960,windows,0,100,100,4,0,0,0,0,0,0,2,2,0
410.928,0,25050112,windows,0,9.14735e+06,9.14735e+06,1508,0,0,0,0,0,0,1082,405,21
411.064,1,25272320,windows,0,100,100,4,0,0,0,0,0,0,2,2,0
411.18,0,25063424,windows,0,7.67216e+06,7.66424e+06,1360,0,0,0,0,0,0,952,396,12
411.318,1,25287680,windows,0,100,100,4,0,0,0,0,0,0,2,2,0
411.443,0,25076736,windows,0,6.51612e+06,6.51583e+06,1253,0,0,0,0,0,0,879,364,10
411.572,1,25302016,windows,0,100,100,4,0,0,0,0,0,0,2,2,0
411.7,0,25090048,windows,0,5.66293e+06,5.66293e+06,1176,0,0,0,0,0,0,836,329,11
411.829,1,25318400,windows,0,100,100,4,0,0,0,0,0,0,2,2,0
411.965,0,25104384,windows,0,4.91638e+06,4.90988e+06,1095,0,0,0,0,0,0,775,309,11
412.088,1,25334784,windows,0,100,100,4,0,0,0,0,0,0,2,2,0
412.221,0,25117696,windows,0,4.36842e+06,4.36261e+06,1032,0,0,0,0,0,0,731,291,10
412.344,1,25350144,windows,0,100,100,4,0,0,0,0,0,0,2,2,0
412.477,0,25131008,windows,0,3.614e+06,3.60497e+06,938,0,0,0,0,0,0,656,270,12
412.595,1,25364480,windows,0,100,100,4,0,0,0,0,0,0,2,2,0
412.738,0,25144320,windows,0,3.01746e+06,3.0126e+06,866,0,0,0,0,0,0,627,229,10
412.847,1,25381888,windows,0,100,100,4,0,0,0,0,0,0,2,2,0
413.002,0,25157632,windows,0,2.60404e+06,2.59937e+06,791,0,0,0,0,0,0,549,234,8
413.1,1,25398272,windows,0,100,100,4,0,0,0,0,0,0,2,2,0
413.272,0,25171968,windows,0,2.19602e+06,2.19602e+06,738,0,0,0,0,0,0,534,196,8
413.364,1,25415680,windows,0,100,100,4,0,0,0,0,0,0,2,2,0
413.536,0,25186304,windows,0,1.89877e+06,1.89263e+06,685,0,0,0,0,0,0,494,184,7
413.621,1,25433088,windows,0,100,100,4,0,0,0,0,0,0,2,2,0
413.801,0,25199616,windows,0,1.54372e+06,1.54355e+06,609,0,0,0,0,0,0,423,180,6
413.882,1,25451520,windows,0,100,100,4,0,0,0,0,0,0,2,2,0
414.067,0,25212928,windows,0,1.28613e+06,1.2808e+06,557,0,0,0,0,0,0,390,162,5
414.142,1,25469952,windows,0,100,100,4,0,0,0,0,0,0,2,2,0
414.325,0,25225216,windows,0,1.13844e+06,1.13344e+06,523,0,0,0,0,0,0,366,153,4
414.396,1,25488384,windows,0,100,100,4,0,0,0,0,0,0,2,2,0
414.576,0,25237504,windows,0,992210,990389,490,0,0,0,0,0,0,348,139,3
414.647,1,25506816,windows,0,100,100,4,0,0,0,0,0,0,2,2,0
414.833,0,25251840,windows,0,850900,849261,457,0,0,0,0,0,0,328,125,4
414.91,1,25526272,windows,0,100,100,4,0,0,0,0,0,0,2,2,0
415.097,0,25266176,windows,0,705815,704331,415,0,0,0,0,0,0,297,115,3
415.163,1,25544704,repair,0,100,100,4,0,0,0,0,0,0,2,2,0
415.36,0,25280512,windows,0,588745,588572,384,0,0,0,0,0,0,277,101,6
415.416,1,25563136,windows,0,100,100,4,0,0,0,0,0,0,2,2,0
415.621,0,25294848,windows,0,504370,501256,356,0,0,0,0,0,0,260,91,5
415.674,1,25580544,windows,0,100,100,4,0,0,0,0,0,0,2,2,0
415.882,0,25309184,windows,0,435790,434195,331,0,0,0,0,0,0,248,80,3
415.939,1,25597952,windows,0,100,100,4,0,0,0,0,0,0,2,2,0
416.139,0,25323520,windows,0,388270,385616,313,0,0,0,0,0,0,236,74,3
416.199,1,25614336,windows,0,100,100,4,0,0,0,0,0,0,2,2,0
416.395,0,25337856,windows,0,314985,313869,280,0,0,0,0,0,0,201,75,4
416.459,1,25631744,windows,0,100,100,4,0,0,0,0,0,0,2,2,0
416.662,0,25352192,windows,0,243885,243001,245,0,0,0,0,0,0,177,66,2
416.711,1,25648128,windows,0,100,100,4,0,0,0,0,0,0,2,2,0
416.924,0,25366528,windows,0,202525,201751,223,0,0,0,0,0,0,155,64,4
416.975,1,25666560,windows,0,100,100,4,0,0,0,0,0,0,2,2,0
417.19,0,25381888,windows,0,174625,174625,208,0,0,0,0,0,0,151,55,2
417.237,1,25682944,windows,0,100,100,4,0,0,0,0,0,0,2,2,0
417.446,0,25398272,windows,0,147980,146274,193,0,0,0,0,0,0,144,47,2
417.499,1,25699328,windows,0,100,100,4,0,0,0,0,0,0,2,2,0
417.708,0,25413632,windows,0,117320,117320,172,0,0,0,0,0,0,128,42,2
417.765,1,25713664,windows,0,100,100,4,0,0,0,0,0,0,2,2,0
417.96,0,25428992,windows,0,91040,90265,151,0,0,0,0,0,0,110,39,2
418.03,1,25726976,windows,0,100,100,4,0,0,0,0,0,0,2,2,0
418.217,0,25446400,windows,0,73920,73920,137,0,0,0,0,0,0,102,33,2
418.295,1,25742336,windows,0,100,100,4,0,0,0,0,0,0,2,2,0
418.474,0,25462784,windows,0,63640,63587.5,128,0,0,0,0,0,0,100,26,2
418.562,1,25756672,windows,0,100,100,4,0,0,0,0,0,0,2,2,0
418.729,0,25479168,windows,0,58790,58790,122,0,0,0,0,0,0,94,27,1
418.815,1,25769984,windows,0,100,100,4,0,0,0,0,0,0,2,2,0
418.994,0,25496576,windows,0,39175,39175,99,0,0,0,0,0,0,73,25,1
419.066,1,25784320,windows,0,100,100,4,0,0,0,0,0,0,2,2,0
419.25,0,25513984,windows,0,37030,36681.2,96,0,0,0,0,0,0,70,25,1
419.321,1,25799680,windows,0,100,100,4,0,0,0,0,0,0,2,2,0
419.501,0,25529344,windows,0,35995,35995,94,0,0,0,0,0,0,67,26,1
419.595,1,25816064,windows,0,100,100,4,0,0,0,0,0,0,2,2,0
419.756,0,25543680,windows,0,32245,31888.8,89,0,0,0,0,0,0,61,26,2
419.859,1,25832448,windows,0,100,100,4,0,0,0,0,0,0,2,2,0
420.009,0,25558016,windows,0,28105,28052.5,84,0,0,0,0,0,0,59,23,2
420.111,1,25849856,windows,0,100,100,4,0,0,0,0,0,0,2,2,0
420.272,0,25573376,windows,0,22145,21757.5,76,0,0,0,0,0,0,57,17,2
420.364,1,25866240,windows,0,100,100,4,0,0,0,0,0,0,2,2,0
420.526,0,25586688,windows,0,19200,18852.5,71,0,0,0,0,0,0,54,15,2
420.626,1,25882624,windows,0,100,100,4,0,0,0,0,0,0,2,2,0
420.778,0,25600000,windows,0,18140,17792.5,69,0,0,0,0,0,0,52,15,2
420.882,1,25900032,windows,0,100,100,4,0,0,0,0,0,0,2,2,0
421.033,0,25614336,windows,0,15415,15160,63,0,0,0,0,0,0,49,13,1
421.136,1,25918464,windows,0,100,100,4,0,0,0,0,0,0,2,2,0
421.299,0,25631744,windows,0,13990,13735,60,0,0,0,0,0,0,46,13,1
421.399,1,25937920,windows,0,100,100,4,0,0,0,0,0,0,2,2,0
421.552,0,25647104,windows,0,10910,10711.2,53,0,0,0,0,0,0,40,12,1
421.656,1,25955328,windows,0,100,100,4,0,0,0,0,0,0,2,2,0
421.814,0,25663488,windows,0,9890,9456.25,50,0,0,0,0,0,0,36,13,1
421.908,1,25969664,repair,953,1.63366e+08,1.63359e+08,5346,40,148,144,389,232,0,2955,2177,214
422.077,0,25680896,windows,0,8690,8690,47,0,0,0,0,0,0,34,12,1
422.161,1,25989120,repair,683,2.91361e+08,2.91292e+08,7409,58,153,108,219,145,0,4074,3138,197
422.336,0,25697280,windows,0,7775,7775,45,0,0,0,0,0,0,35,9,1
422.417,1,26008576,repair,556,2.75744e+08,2.75739e+08,7345,29,95,123,186,123,0,4151,3016,178
422.591,0,25713664,windows,0,7095,7095,43,0,0,0,0,0,0,33,9,1
422.675,1,26028032,repair,460,2.47451e+08,2.47389e+08,7046,28,100,81,170,81,0,4047,2827,172
422.843,0,25730048,windows,0,6770,6770,42,0,0,0,0,0,0,32,9,1
422.937,1,26047488,repair,363,2.34159e+08,2.34159e+08,6844,24,75,56,132,76,0,3923,2770,151
423.105,0,25748480,windows,0,6150,6001.25,40,0,0,0,0,0,0,30,9,1
423.196,1,26066944,repair,301,1.96425e+08,1.96357e+08,6438,16,53,49,115,68,0,3872,2437,129
423.36,0,25765888,windows,0,5855,5536.25,39,0,0,0,0,0,0,29,9,1
423.461,1,26085376,repair,245,1.77964e+08,1.77914e+08,6111,10,51,41,84,59,0,3670,2333,108
423.626,0,25781248,windows,0,5295,4986.25,37,0,0,0,0,0,0,27,9,1
423.713,1,26101760,repair,188,1.78526e+08,1.78526e+08,6138,13,32,31,72,40,0,3649,2351,138
423.885,0,25796608,windows,0,4955,4821.25,36,0,0,0,0,0,0,27,8,1
423.982,1,26120192,repair,144,1.56287e+08,1.56226e+08,5792,4,24,20,64,32,0,3500,2168,124
424.15,0,25810944,windows,0,4690,4561.25,35,0,0,0,0,0,0,26,8,1
424.242,1,26137600,repair,111,1.39728e+08,1.39728e+08,5431,5,19,13,50,24,0,3240,2080,111
424.401,0,25825280,windows,0,4435,4311.25,34,0,0,0,0,0,0,25,8,1
424.494,1,26152960,repair,78,1.43249e+08,1.4323e+08,5505,1,13,7,42,15,0,3311,2097,97
424.655,0,25840640,windows,0,4435,4311.25,34,0,0,0,0,0,0,25,8,1
424.753,1,26170368,repair,47,1.34375e+08,1.34319e+08,5397,0,7,6,20,14,0,3317,1988,92
424.923,0,25856000,windows,0,4190,4190,33,0,0,0,0,0,0,24,8,1
425.011,1,26187776,repair,28,1.2355e+08,1.23532e+08,5131,1,3,0,14,10,0,3112,1935,84
425.189,0,25871360,windows,0,4190,4190,33,0,0,0,0,0,0,24,8,1
425.273,1,26206208,repair,19,1.11413e+08,1.11361e+08,4922,1,2,1,9,6,0,3050,1799,73
425.445,0,25885696,windows,0,3730,3730,31,0,0,0,0,0,0,22,8,1
425.525,1,26222592,repair,12,9.1262e+07,9.12471e+07,4581,1,1,1,5,4,0,2980,1528,73
425.711,0,25901056,windows,0,3650,3650,30,0,0,0,0,0,0,20,9,1
425.788,1,26238976,repair,1,8.54605e+07,8.54288e+07,4394,0,1,0,0,0,0,2835,1503,56
425.974,0,25916416,windows,0,3310,3310,29,0,0,0,0,0,0,20,8,1
426.05,1,26256384,repair,1,7.768e+07,7.76515e+07,4197,0,0,1,0,0,0,2722,1424,51
426.234,0,25930752,windows,0,3310,3310,29,0,0,0,0,0,0,20,8,1
426.316,1,26273792,windows,0,5.14738e+07,5.14513e+07,3445,0,0,0,0,0,0,2290,1123,32
426.493,0,25945088,windows,0,3310,3310,29,0,0,0,0,0,0,20,8,1
426.567,1,26289152,windows,0,4.27426e+07,4.2712e+07,3173,0,0,0,0,0,0,2142,994,37
426.75,0,25959424,windows,0,3310,3310,29,0,0,0,0,0,0,20,8,1
426.833,1,26304512,windows,0,3.59706e+07,3.59531e+07,2935,0,0,0,0,0,0,2035,873,27
427.017,0,25976832,windows,0,3115,2960,28,0,0,0,0,0,0,19,8,1
427.09,1,26318848,windows,0,3.09955e+07,3.09687e+07,2724,0,0,0,0,0,0,1868,822,34
427.269,0,25992192,windows,0,3115,2960,28,0,0,0,0,0,0,19,8,1
427.356,1,26332160,windows,0,2.5505e+07,2.5497e+07,2429,0,0,0,0,0,0,1600,796,33
427.525,0,26007552,windows,0,3115,2960,28,0,0,0,0,0,0,19,8,1
427.62,1,26344448,windows,0,2.18543e+07,2.18458e+07,2270,0,0,0,0,0,0,1533,710,27
427.787,0,26024960,windows,0,3115,2960,28,0,0,0,0,0,0,19,8,1
427.887,1,26358784,windows,0,1.87544e+07,1.87473e+07,2107,0,0,0,0,0,0,1421,657,29
428.051,0,26044416,windows,0,2930,2775,27,0,0,0,0,0,0,18,8,1
428.152,1,26372096,windows,0,1.61968e+07,1.61968e+07,1968,0,0,0,0,0,0,1349,595,24
428.307,0,26062848,windows,0,2930,2775,27,0,0,0,0,0,0,18,8,1
428.417,1,26386432,windows,0,1.3897e+07,1.3897e+07,1830,0,0,0,0,0,0,1269,540,21
428.567,0,26078208,windows,0,2930,2775,27,0,0,0,0,0,0,18,8,1
428.672,1,26399744,windows,0,1.16701e+07,1.16643e+07,1685,0,0,0,0,0,0,1174,488,23
428.822,0,26093568,windows,0,100,100,4,0,0,0,0,0,0,2,2,0
428.923,1,26413056,windows,0,9.77274e+06,9.76716e+06,1522,0,0,0,0,0,0,1047,463,12
429.083,0,26109952,windows,0,100,100,4,0,0,0,0,0,0,2,2,0
429.176,1,26427392,windows,0,8.36994e+06,8.35658e+06,1412,0,0,0,0,0,0,975,425,12
429.336,0,26126336,windows,0,100,100,4,0,0,0,0,0,0,2,2,0
429.446,1,26441728,windows,0,7.29332e+06,7.29332e+06,1327,0,0,0,0,0,0,930,385,12
429.601,0,26142720,windows,0,100,100,4,0,0,0,0,0,0,2,2,0
429.706,1,26455040,windows,0,6.33638e+06,6.33609e+06,1233,0,0,0,0,0,0,860,363,10
429.861,0,26159104,windows,0,100,100,4,0,0,0,0,0,0,2,2,0
429.972,1,26468352,windows,0,5.27342e+06,5.26681e+06,1122,0,0,0,0,0,0,785,331,6
430.118,0,26175488,windows,0,100,100,4,0,0,0,0,0,0,2,2,0
430.239,1,26482688,windows,0,4.33835e+06,4.32847e+06,1023,0,0,0,0,0,0,712,300,11
430.373,0,26192896,windows,0,100,100,4,0,0,0,0,0,0,2,2,0
430.495,1,26496000,windows,0,3.76469e+06,3.7609e+06,967,0,0,0,0,0,0,706,252,9
430.629,0,26211328,windows,0,100,100,4,0,0,0,0,0,0,2,2,0
430.758,1,26510336,windows,0,3.27328e+06,3.27328e+06,898,0,0,0,0,0,0,645,244,9
430.883,0,26230784,windows,0,100,100,4,0,0,0,0,0,0,2,2,0
431.012,1,26523648,windows,0,2.8682e+06,2.86385e+06,845,0,0,0,0,0,0,619,218,8
431.139,0,26252288,windows,0,100,100,4,0,0,0,0,0,0,2,2,0
431.269,1,26536960,windows,0,2.37438e+06,2.37417e+06,759,0,0,0,0,0,0,535,217,7
431.389,0,26270720,windows,0,100,100,4,0,0,0,0,0,0,2,2,0
431.529,1,26550272,windows,0,1.94419e+06,1.94405e+06,687,0,0,0,0,0,0,488,194,5
431.64,0,26290176,windows,0,100,100,4,0,0,0,0,0,0,2,2,0
431.791,1,26563584,windows,0,1.668e+06,1.66585e+06,631,0,0,0,0,0,0,431,192,8
431.892,0,26307584,windows,0,100,100,4,0,0,0,0,0,0,2,2,0
432.048,1,26576896,windows,0,1.41543e+06,1.41543e+06,594,0,0,0,0,0,0,426,159,9
432.15,0,26326016,windows,0,100,100,4,0,0,0,0,0,0,2,2,0
432.316,1,26590208,windows,0,1.19821e+06,1.19524e+06,544,0,0,0,0,0,0,388,149,7
432.407,0,26343424,windows,0,100,100,4,0,0,0,0,0,0,2,2,0
432.575,1,26603520,windows,0,986420,984731,486,0,0,0,0,0,0,338,144,4
432.66,0,26360832,windows,0,100,100,4,0,0,0,0,0,0,2,2,0
432.841,1,26616832,windows,0,815060,815060,447,0,0,0,0,0,0,320,123,4
432.92,0,26379264,windows,0,100,100,4,0,0,0,0,0,0,2,2,0
433.098,1,26631168,windows,0,690985,690872,412,0,0,0,0,0,0,295,113,4
433.174,0,26397696,windows,0,100,100,4,0,0,0,0,0,0,2,2,0
433.359,1,26645504,windows,0,613105,610858,388,0,0,0,0,0,0,277,107,4
433.427,0,26416128,windows,0,100,100,4,0,0,0,0,0,0,2,2,0
433.619,1,26659840,windows,0,525980,525980,362,0,0,0,0,0,0,258,98,6
433.689,0,26435584,windows,0,100,100,4,0,0,0,0,0,0,2,2,0
433.871,1,26673152,windows,0,418655,415494,321,0,0,0,0,0,0,221,93,7
433.951,0,26454016,repair,0,100,100,4,0,0,0,0,0,0,2,2,0
434.125,1,26686464,windows,0,330030,330030,285,0,0,0,0,0,0,204,78,3
434.213,0,26472448,repair,0,100,100,4,0,0,0,0,0,0,2,2,0
434.386,1,26699776,windows,0,283510,283510,260,0,0,0,0,0,0,178,79,3
434.469,0,26489856,windows,0,100,100,4,0,0,0,0,0,0,2,2,0
434.64,1,26713088,windows,0,243250,240864,245,0,0,0,0,0,0,170,70,5
434.726,0,26507264,windows,0,100,100,4,0,0,0,0,0,0,2,2,0
434.897,1,26727424,windows,0,207860,207061,227,0,0,0,0,0,0,160,63,4
434.989,0,26525696,windows,0,100,100,4,0,0,0,0,0,0,2,2,0
435.154,1,26741760,windows,0,169085,169085,203,0,0,0,0,0,0,139,60,4
435.244,0,26542080,windows,0,100,100,4,0,0,0,0,0,0,2,2,0
435.417,1,26755072,windows,0,127150,127150,177,0,0,0,0,0,0,124,50,3
435.497,0,26558464,windows,0,100,100,4,0,0,0,0,0,0,2,2,0
435.68,1,26769408,windows,0,105600,105548,161,0,0,0,0,0,0,114,45,2
435.749,0,26573824,windows,0,100,100,4,0,0,0,0,0,0,2,2,0
435.943,1,26785792,windows,0,93665,92770,150,0,0,0,0,0,0,103,45,2
436.012,0,26590208,windows,0,100,100,4,0,0,0,0,0,0,2,2,0
436.2,1,26803200,windows,0,84655,84655,143,0,0,0,0,0,0,101,41,1
436.277,0,26606592,windows,0,100,100,4,0,0,0,0,0,0,2,2,0
436.455,1,26820608,windows,0,63775,62957.5,125,0,0,0,0,0,0,85,37,3
436.529,0,26621952,windows,0,100,100,4,0,0,0,0,0,0,2,2,0
436.716,1,26838016,windows,0,53255,53172.5,115,0,0,0,0,0,0,79,33,3
436.781,0,26638336,windows,0,100,100,4,0,0,0,0,0,0,2,2,0
436.974,1,26855424,windows,0,47395,46948.8,108,0,0,0,0,0,0,73,32,3
437.032,0,26654720,windows,0,100,100,4,0,0,0,0,0,0,2,2,0
437.235,1,26874880,windows,0,43585,43221.2,104,0,0,0,0,0,0,73,29,2
437.285,0,26671104,windows,0,100,100,4,0,0,0,0,0,0,2,2,0
437.488,1,26892288,windows,0,34760,34760,94,0,0,0,0,0,0,68,24,2
437.535,0,26687488,windows,0,100,100,4,0,0,0,0,0,0,2,2,0
437.74,1,26908672,windows,0,30395,30312.5,88,0,0,0,0,0,0,61,24,3
437.786,0,26702848,windows,0,100,100,4,0,0,0,0,0,0,2,2,0
438.004,1,26927104,windows,0,27470,27108.8,83,0,0,0,0,0,0,56,24,3
438.043,0,26719232,windows,0,100,100,4,0,0,0,0,0,0,2,2,0
438.255,1,26943488,windows,0,25685,25210,79,0,0,0,0,0,0,53,24,2
438.306,0,26737664,windows,0,100,100,4,0,0,0,0,0,0,2,2,0
438.517,1,26961920,windows,0,24745,24290,78,0,0,0,0,0,0,53,23,2
438.559,0,26755072,windows,0,100,100,4,0,0,0,0,0,0,2,2,0
438.778,1,26979328,windows,0,21320,20845,70,0,0,0,0,0,0,44,24,2
438.815,0,26772480,windows,0,100,100,4,0,0,0,0,0,0,2,2,0
439.039,1,26997760,windows,0,20845,20410,71,0,0,0,0,0,0,47,22,2
439.068,0,26789888,windows,0,100,100,4,0,0,0,0,0,0,2,2,0
439.293,1,27015168,windows,0,19925,19490,69,0,0,0,0,0,0,45,22,2
439.321,0,26805248,windows,0,100,100,4,0,0,0,0,0,0,2,2,0
439.547,1,27032576,windows,0,18620,17986.2,67,0,0,0,0,0,0,44,21,2
439.579,0,26823680,windows,0,100,100,4,0,0,0,0,0,0,2,2,0
439.809,1,27048960,windows,0,16940,16525,63,0,0,0,0,0,0,40,21,2
439.832,0,26839040,windows,0,100,100,4,0,0,0,0,0,0,2,2,0
440.071,1,27067392,windows,0,16545,16130,62,0,0,0,0,0,0,39,21,2
440.086,0,26856448,windows,0,100,100,4,0,0,0,0,0,0,2,2,0
440.332,1,27085824,windows,0,16545,16130,62,0,0,0,0,0,0,39,21,2
440.341,0,26872832,windows,0,100,100,4,0,0,0,0,0,0,2,2,0
440.589,1,27103232,windows,0,14560,14185,59,0,0,0,0,0,0,38,19,2
440.594,0,26890240,windows,0,100,100,4,0,0,0,0,0,0,2,2,0
440.84,1,27120640,windows,0,14560,14185,59,0,0,0,0,0,0,38,19,2
440.855,0,26907648,windows,0,100,100,4,0,0,0,0,0,0,2,2,0
441.093,1,27138048,windows,0,12745,12410,56,0,0,0,0,0,0,37,17,2
441.106,0,26924032,windows,0,100,100,4,0,0,0,0,0,0,2,2,0
441.345,1,27155456,windows,0,11345,11010,52,0,0,0,0,0,0,33,17,2
441.366,0,26940416,windows,0,100,100,4,0,0,0,0,0,0,2,2,0
441.598,1,27171840,windows,0,10360,9886.25,50,0,0,0,0,0,0,32,16,2
441.622,0,26956800,windows,0,100,100,4,0,0,0,0,0,0,2,2,0
441.861,1,27190272,windows,0,9335,9040,47,0,0,0,0,0,0,31,15,1
441.874,0,26973184,windows,0,100,100,4,0,0,0,0,0,0,2,2,0
442.124,1,27208704,windows,0,9030,8586.25,46,0,0,0,0,0,0,30,15,1
442.132,0,26989568,windows,0,100,100,4,0,0,0,0,0,0,2,2,0
442.378,1,27226112,windows,0,8450,8155,44,0,0,0,0,0,0,28,15,1
442.397,0,27005952,windows,0,100,100,4,0,0,0,0,0,0,2,2,0
442.629,1,27244544,windows,0,8175,7880,43,0,0,0,0,0,0,27,15,1
442.653,0,27022336,windows,0,100,100,4,0,0,0,0,0,0,2,2,0
442.886,1,27264000,windows,0,8175,7880,43,0,0,0,0,0,0,27,15,1
442.909,0,27039744,windows,0,100,100,4,0,0,0,0,0,0,2,2,0
443.138,1,27283456,windows,0,7655,7360,41,0,0,0,0,0,0,25,15,1
443.163,0,27057152,windows,0,100,100,4,0,0,0,0,0,0,2,2,0
443.4,1,27302912,windows,0,7410,6996.25,40,0,0,0,0,0,0,24,15,1
443.425,0,27074560,windows,0,100,100,4,0,0,0,0,0,0,2,2,0
443.662,1,27320320,windows,0,6950,6655,38,0,0,0,0,0,0,22,15,1
443.68,0,27090944,repair,0,100,100,4,0,0,0,0,0,0,2,2,0
443.924,1,27339776,windows,0,6335,6040,35,0,0,0,0,0,0,19,15,1
443.937,0,27107328,repair,0,100,100,4,0,0,0,0,0,0,2,2,0
444.186,1,27360256,windows,0,6150,5766.25,34,0,0,0,0,0,0,18,15,1
444.199,0,27124736,windows,0,100,100,4,0,0,0,0,0,0,2,2,0
444.442,1,27379712,windows,0,6150,5766.25,34,0,0,0,0,0,0,18,15,1
444.452,0,27141120,windows,0,100,100,4,0,0,0,0,0,0,2,2,0
444.704,1,27399168,windows,0,6150,5766.25,34,0,0,0,0,0,0,18,15,1
444.708,0,27157504,windows,0,100,100,4,0,0,0,0,0,0,2,2,0
444.969,0,27173888,windows,0,100,100,4,0,0,0,0,0,0,2,2,0
444.977,1,27417600,windows,0,100,100,4,0,0,0,0,0,0,2,2,0
445.224,0,27188224,windows,0,100,100,4,0,0,0,0,0,0,2,2,0
445.23,1,27433984,windows,0,100,100,4,0,0,0,0,0,0,2,2,0
445.484,1,27449344,windows,0,100,100,4,0,0,0,0,0,0,2,2,0
445.488,0,27201536,windows,0,100,100,4,0,0,0,0,0,0,2,2,0
445.742,0,27213824,windows,0,100,100,4,0,0,0,0,0,0,2,2,0
445.744,1,27466752,windows,0,100,100,4,0,0,0,0,0,0,2,2,0
445.997,0,27228160,windows,0,100,100,4,0,0,0,0,0,0,2,2,0
446.011,1,27485184,windows,0,100,100,4,0,0,0,0,0,0,2,2,0
446.256,0,27244544,windows,0,100,100,4,0,0,0,0,0,0,2,2,0
446.271,1,27505664,windows,0,100,100,4,0,0,0,0,0,0,2,2,0
446.516,0,27261952,windows,0,100,100,4,0,0,0,0,0,0,2,2,0
446.522,1,27526144,windows,0,100,100,4,0,0,0,0,0,0,2,2,0
446.779,1,27545600,windows,0,100,100,4,0,0,0,0,0,0,2,2,0
446.78,0,27279360,windows,0,100,100,4,0,0,0,0,0,0,2,2,0
447.038,1,27564032,windows,0,100,100,4,0,0,0,0,0,0,2,2,0
447.04,0,27296768,windows,0,100,100,4,0,0,0,0,0,0,2,2,0
447.293,0,27314176,windows,0,100,100,4,0,0,0,0,0,0,2,2,0
447.3,1,27583488,windows,0,100,100,4,0,0,0,0,0,0,2,2,0
447.549,0,27330560,windows,0,100,100,4,0,0,0,0,0,0,2,2,0
447.553,1,27601920,windows,0,100,100,4,0,0,0,0,0,0,2,2,0
447.805,1,27620352,windows,0,100,100,4,0,0,0,0,0,0,2,2,0
447.814,0,27347968,windows,0,100,100,4,0,0,0,0,0,0,2,2,0
448.068,1,27639808,windows,0,100,100,4,0,0,0,0,0,0,2,2,0
448.072,0,27366400,windows,0,100,100,4,0,0,0,0,0,0,2,2,0
448.33,0,27384832,windows,0,100,100,4,0,0,0,0,0,0,2,2,0
448.332,1,27658240,windows,0,100,100,4,0,0,0,0,0,0,2,2,0
448.581,0,27401216,windows,0,100,100,4,0,0,0,0,0,0,2,2,0
448.588,1,27674624,windows,0,100,100,4,0,0,0,0,0,0,2,2,0
448.841,0,27419648,windows,0,100,100,4,0,0,0,0,0,0,2,2,0
448.847,1,27694080,windows,0,100,100,4,0,0,0,0,0,0,2,2,0
449.104,0,27439104,windows,0,100,100,4,0,0,0,0,0,0,2,2,0
449.109,1,27713536,windows,0,100,100,4,0,0,0,0,0,0,2,2,0
449.368,0,27457536,windows,0,100,100,4,0,0,0,0,0,0,2,2,0
449.372,1,27731968,windows,0,100,100,4,0,0,0,0,0,0,2,2,0
449.629,0,27475968,windows,0,100,100,4,0,0,0,0,0,0,2,2,0
449.633,1,27750400,windows,0,100,100,4,0,0,0,0,0,0,2,2,0
449.89,0,27492352,repair,1057,8.89942e+07,8.89721e+07,3229,25,68,49,599,316,0,1901,1107,221
449.896,1,27768832,windows,0,100,100,4,0,0,0,0,0,0,2,2,0
450.15,0,27512832,repair,697,2.95891e+08,2.95828e+08,7485,45,164,136,225,127,0,4154,3148,183
450.153,1,27787264,windows,0,100,100,4,0,0,0,0,0,0,2,2,0
450.401,0,27533312,repair,575,2.62101e+08,2.62022e+08,7117,39,122,99,202,113,0,3997,2949,171
450.417,1,27806720,windows,0,100,100,4,0,0,0,0,0,0,2,2,0
450.655,0,27551744,repair,467,2.4754e+08,2.47483e+08,6957,23,84,73,185,102,0,3940,2862,155
450.674,1,27824128,windows,0,100,100,4,0,0,0,0,0,0,2,2,0
450.913,0,27571200,repair,381,2.23027e+08,2.23023e+08,6785,30,74,63,133,81,0,3998,2638,149
450.93,1,27842560,windows,0,100,100,4,0,0,0,0,0,0,2,2,0
451.167,0,27590656,repair,311,1.93055e+08,1.93006e+08,6364,9,58,61,119,64,0,3776,2437,151
451.181,1,27860992,windows,0,100,100,4,0,0,0,0,0,0,2,2,0
451.425,0,27609088,repair,239,1.99796e+08,1.99792e+08,6399,18,40,41,104,36,0,3756,2524,119
451.434,1,27879424,windows,0,100,100,4,0,0,0,0,0,0,2,2,0
451.679,0,27627520,repair,175,1.88168e+08,1.88164e+08,6299,11,26,44,50,44,0,3763,2411,125
451.684,1,27897856,windows,0,100,100,4,0,0,0,0,0,0,2,2,0
451.934,1,27916288,windows,0,65,65,4,0,0,0,0,0,0,3,1,0
451.939,0,27646976,repair,130,1.60427e+08,1.60424e+08,5793,8,18,22,44,38,0,3441,2241,111
452.187,1,27936768,windows,0,65,65,4,0,0,0,0,0,0,3,1,0
452.194,0,27666432,repair,97,1.35315e+08,1.35276e+08,5428,5,13,13,44,22,0,3364,1978,86
452.437,1,27957248,windows,0,65,65,4,0,0,0,0,0,0,3,1,0
452.446,0,27683840,repair,56,1.43196e+08,1.43179e+08,5536,3,9,9,19,16,0,3380,2071,85
452.688,1,27977728,windows,0,65,65,4,0,0,0,0,0,0,3,1,0
452.696,0,27701248,repair,41,1.17528e+08,1.1751e+08,5043,3,5,6,18,9,0,3096,1862,85
452.941,1,27999232,windows,0,65,65,4,0,0,0,0,0,0,3,1,0
452.951,0,27720704,repair,23,1.06433e+08,1.06417e+08,4894,1,1,2,10,9,0,3114,1699,81
453.192,1,28019712,windows,0,65,65,4,0,0,0,0,0,0,3,1,0
453.207,0,27739136,repair,11,9.60583e+07,9.60098e+07,4697,1,1,0,7,2,0,3068,1563,66
453.444,1,28038144,windows,0,65,65,4,0,0,0,0,0,0,3,1,0
453.47,0,27757568,repair,4,9.13628e+07,9.13628e+07,4522,0,0,1,2,1,0,2881,1577,64
453.702,1,28056576,windows,0,65,65,4,0,0,0,0,0,0,3,1,0
453.726,0,27776000,repair,2,6.88535e+07,6.88388e+07,3998,0,1,0,0,1,0,2657,1294,47
453.96,1,28072960,windows,0,65,65,4,0,0,0,0,0,0,3,1,0
453.986,0,27795456,repair,0,6.232e+07,6.22811e+07,3776,0,0,0,0,0,0,2470,1260,46
454.227,1,28089344,windows,0,65,65,4,0,0,0,0,0,0,3,1,0
454.255,0,27812864,windows,0,4.72802e+07,4.7269e+07,3343,0,0,0,0,0,0,2247,1048,48
454.491,1,28106752,windows,0,65,65,4,0,0,0,0,0,0,3,1,0
454.519,0,27829248,windows,0,3.69543e+07,3.69533e+07,2916,0,0,0,0,0,0,1923,960,33
454.744,1,28124160,windows,0,65,65,4,0,0,0,0,0,0,3,1,0
454.784,0,27845632,windows,0,3.07689e+07,3.07679e+07,2686,0,0,0,0,0,0,1799,853,34
455.003,1,28141568,windows,0,65,65,4,0,0,0,0,0,0,3,1,0
455.043,0,27862016,windows,0,2.57556e+07,2.57475e+07,2452,0,0,0,0,0,0,1625,791,36
455.254,1,28158976,windows,0,65,65,4,0,0,0,0,0,0,3,1,0
455.302,0,27878400,windows,0,2.14944e+07,2.14726e+07,2259,0,0,0,0,0,0,1499,714,46
455.508,1,28176384,windows,0,65,65,4,0,0,0,0,0,0,3,1,0
455.566,0,27894784,windows,0,1.71388e+07,1.71377e+07,2028,0,0,0,0,0,0,1372,620,36
455.763,1,28195840,windows,0,65,65,4,0,0,0,0,0,0,3,1,0
455.827,0,27910144,windows,0,1.4209e+07,1.42026e+07,1865,0,0,0,0,0,0,1279,547,39
456.017,1,28213248,windows,0,65,65,4,0,0,0,0,0,0,3,1,0
456.089,0,27927552,windows,0,1.16852e+07,1.16842e+07,1697,0,0,0,0,0,0,1177,486,34
456.275,1,28228608,windows,0,65,65,4,0,0,0,0,0,0,3,1,0
456.351,0,27945984,windows,0,9.89184e+06,9.89107e+06,1553,0,0,0,0,0,0,1074,453,26
456.533,1,28243968,windows,0,65,65,4,0,0,0,0,0,0,3,1,0
456.619,0,27961344,windows,0,8.03384e+06,8.0287e+06,1372,0,0,0,0,0,0,915,438,19
456.798,1,28260352,windows,0,65,65,4,0,0,0,0,0,0,3,1,0
456.877,0,27977728,windows,0,6.58886e+06,6.57728e+06,1278,0,0,0,0,0,0,902,354,22
457.064,1,28275712,windows,0,65,65,4,0,0,0,0,0,0,3,1,0
457.132,0,27994112,windows,0,5.50912e+06,5.50859e+06,1155,0,0,0,0,0,0,795,342,18
457.317,1,28289024,repair,0,65,65,4,0,0,0,0,0,0,3,1,0
457.383,0,28009472,windows,0,4.72836e+06,4.71801e+06,1080,0,0,0,0,0,0,761,302,17
457.578,1,28302336,repair,0,65,65,4,0,0,0,0,0,0,3,1,0
457.648,0,28023808,windows,0,3.81035e+06,3.80435e+06,965,0,0,0,0,0,0,672,278,15
457.829,1,28315648,repair,0,65,65,4,0,0,0,0,0,0,3,1,0
457.902,0,28039168,windows,0,3.07682e+06,3.07377e+06,874,0,0,0,0,0,0,611,245,18
458.081,1,28329984,repair,0,65,65,4,0,0,0,0,0,0,3,1,0
458.16,0,28054528,windows,0,2.57342e+06,2.57342e+06,801,0,0,0,0,0,0,567,219,15
458.334,1,28343296,windows,0,65,65,4,0,0,0,0,0,0,3,1,0
458.413,0,28068864,windows,0,2.22195e+06,2.22195e+06,743,0,0,0,0,0,0,516,210,17
458.601,1,28356608,windows,0,65,65,4,0,0,0,0,0,0,3,1,0
458.668,0,28084224,windows,0,1.9767e+06,1.97239e+06,701,0,0,0,0,0,0,492,195,14
458.857,1,28369920,windows,0,65,65,4,0,0,0,0,0,0,3,1,0
458.92,0,28095488,windows,0,1.61998e+06,1.61734e+06,639,0,0,0,0,0,0,463,165,11
459.115,1,28384256,windows,0,65,65,4,0,0,0,0,0,0,3,1,0
459.179,0,28110848,windows,0,1.34068e+06,1.3386e+06,576,0,0,0,0,0,0,416,154,6
459.375,1,28399616,windows,0,65,65,4,0,0,0,0,0,0,3,1,0
459.43,0,28125184,windows,0,1.1379e+06,1.13287e+06,535,0,0,0,0,0,0,384,141,10
459.638,1,28413952,windows,0,65,65,4,0,0,0,0,0,0,3,1,0
459.694,0,28139520,windows,0,972800,972508,495,0,0,0,0,0,0,354,131,10
459.898,1,28431360,windows,0,65,65,4,0,0,0,0,0,0,3,1,0
459.951,0,28154880,windows,0,840125,838109,465,0,0,0,0,0,0,345,110,10
460.162,1,28448768,windows,0,65,65,4,0,0,0,0,0,0,3,1,0
460.213,0,28170240,windows,0,629195,625224,394,0,0,0,0,0,0,267,116,11
460.422,1,28466176,windows,0,65,65,4,0,0,0,0,0,0,3,1,0
460.465,0,28185600,windows,0,524105,520614,366,0,0,0,0,0,0,261,95,10
460.683,1,28484608,windows,0,65,65,4,0,0,0,0,0,0,3,1,0
460.722,0,28200960,windows,0,459100,457325,343,0,0,0,0,0,0,244,89,10
460.939,1,28503040,windows,0,65,65,4,0,0,0,0,0,0,3,1,0
460.988,0,28217344,windows,0,401430,401108,320,0,0,0,0,0,0,222,87,11
461.194,1,28521472,windows,0,65,65,4,0,0,0,0,0,0,3,1,0
461.252,0,28233728,windows,0,322310,321119,284,0,0,0,0,0,0,198,79,7
461.446,1,28539904,windows,0,65,65,4,0,0,0,0,0,0,3,1,0
461.517,0,28250112,windows,0,254125,253952,255,0,0,0,0,0,0,185,64,6
461.7,1,28558336,windows,0,65,65,4,0,0,0,0,0,0,3,1,0
461.782,0,28265472,windows,0,211615,210318,235,0,0,0,0,0,0,173,55,7
461.961,1,28578816,windows,0,65,65,4,0,0,0,0,0,0,3,1,0
462.037,0,28281856,windows,0,179720,178911,215,0,0,0,0,0,0,162,49,4
462.224,1,28600320,windows,0,65,65,4,0,0,0,0,0,0,3,1,0
462.301,0,28299264,windows,0,147310,147310,193,0,0,0,0,0,0,136,52,5
462.476,1,28619776,windows,0,65,65,4,0,0,0,0,0,0,3,1,0
462.554,0,28314624,windows,0,115445,115445,173,0,0,0,0,0,0,123,44,6
462.73,1,28636160,windows,0,65,65,4,0,0,0,0,0,0,3,1,0
462.819,0,28331008,windows,0,95015,94240,157,0,0,0,0,0,0,113,39,5
462.988,1,28653568,windows,0,65,65,4,0,0,0,0,0,0,3,1,0
463.072,0,28347392,windows,0,81795,80556.2,146,0,0,0,0,0,0,105,36,5
463.242,1,28670976,windows,0,65,65,4,0,0,0,0,0,0,3,1,0
463.327,0,28363776,windows,0,76610,76610,142,0,0,0,0,0,0,104,33,5
463.508,1,28688384,windows,0,65,65,4,0,0,0,0,0,0,3,1,0
463.588,0,28380160,windows,0,61950,61235,125,0,0,0,0,0,0,84,36,5
463.764,1,28705792,windows,0,65,65,4,0,0,0,0,0,0,3,1,0
463.854,0,28397568,windows,0,53320,52911.2,117,0,0,0,0,0,0,82,31,4
464.014,1,28725248,windows,0,65,65,4,0,0,0,0,0,0,3,1,0
464.105,0,28413952,windows,0,47605,46970,109,0,0,0,0,0,0,73,32,4
464.266,1,28745728,windows,0,65,65,4,0,0,0,0,0,0,3,1,0
464.362,0,28431360,windows,0,43955,43955,106,0,0,0,0,0,0,71,30,5
464.527,1,28766208,windows,0,65,65,4,0,0,0,0,0,0,3,1,0
464.621,0,28448768,windows,0,37285,36961.2,97,0,0,0,0,0,0,65,28,4
464.788,1,28787712,windows,0,65,65,4,0,0,0,0,0,0,3,1,0
464.875,0,28465152,windows,0,33250,32675,90,0,0,0,0,0,0,56,29,5
465.044,1,28808192,windows,0,65,65,4,0,0,0,0,0,0,3,1,0
465.139,0,28482560,windows,0,32405,32405,89,0,0,0,0,0,0,57,28,4
465.304,1,28827648,windows,0,65,65,4,0,0,0,0,0,0,3,1,0
465.4,0,28497920,windows,0,31305,31021.2,88,0,0,0,0,0,0,57,27,4
465.56,1,28846080,windows,0,65,65,4,0,0,0,0,0,0,3,1,0
465.66,0,28514304,windows,0,30025,30025,86,0,0,0,0,0,0,59,25,2
465.816,1,28862464,repair,0,65,65,4,0,0,0,0,0,0,3,1,0
465.922,0,28530688,windows,0,24140,24140,75,0,0,0,0,0,0,48,25,2
466.067,1,28880896,windows,0,65,65,4,0,0,0,0,0,0,3,1,0
466.173,0,28547072,windows,0,22220,22220,72,0,0,0,0,0,0,46,24,2
466.33,1,28899328,windows,0,65,65,4,0,0,0,0,0,0,3,1,0
466.438,0,28563456,windows,0,20380,20380,70,0,0,0,0,0,0,46,22,2
466.585,1,28915712,windows,0,65,65,4,0,0,0,0,0,0,3,1,0
466.689,0,28579840,windows,0,19925,19490,69,0,0,0,0,0,0,45,22,2
466.848,1,28933120,windows,0,65,65,4,0,0,0,0,0,0,3,1,0
466.941,0,28596224,windows,0,16190,16190,63,0,0,0,0,0,0,44,18,1
467.099,1,28949504,windows,0,65,65,4,0,0,0,0,0,0,3,1,0
467.207,0,28613632,windows,0,16190,16190,63,0,0,0,0,0,0,44,18,1
467.351,1,28964864,windows,0,65,65,4,0,0,0,0,0,0,3,1,0
467.459,0,28628992,windows,0,14965,14965,59,0,0,0,0,0,0,37,20,2
467.62,1,28980224,windows,0,65,65,4,0,0,0,0,0,0,3,1,0
467.714,0,28645376,windows,0,14965,14965,59,0,0,0,0,0,0,37,20,2
467.884,1,28996608,windows,0,65,65,4,0,0,0,0,0,0,3,1,0
467.972,0,28660736,windows,0,14115,13760,58,0,0,0,0,0,0,39,18,1
468.138,1,29011968,windows,0,65,65,4,0,0,0,0,0,0,3,1,0
468.232,0,28676096,windows,0,14115,13760,58,0,0,0,0,0,0,39,18,1
468.403,1,29027328,windows,0,65,65,4,0,0,0,0,0,0,3,1,0
468.488,0,28691456,windows,0,11935,11935,53,0,0,0,0,0,0,35,17,1
468.669,1,29042688,windows,0,65,65,4,0,0,0,0,0,0,3,1,0
468.75,0,28707840,windows,0,11630,11451.2,53,0,0,0,0,0,0,36,16,1
468.924,1,29059072,windows,0,65,65,4,0,0,0,0,0,0,3,1,0
469.007,0,28725248,windows,0,10930,10761.2,51,0,0,0,0,0,0,34,16,1
469.18,1,29076480,windows,0,65,65,4,0,0,0,0,0,0,3,1,0
469.265,0,28742656,windows,0,10270,10111.2,49,0,0,0,0,0,0,32,16,1
469.44,1,29092864,windows,0,65,65,4,0,0,0,0,0,0,3,1,0
469.53,0,28760064,windows,0,9955,9801.25,48,0,0,0,0,0,0,31,16,1
469.692,1,29109248,windows,0,65,65,4,0,0,0,0,0,0,3,1,0
469.788,0,28776448,windows,0,9650,9650,47,0,0,0,0,0,0,30,16,1
469.948,1,29127680,windows,0,65,65,4,0,0,0,0,0,0,3,1,0
470.044,0,28793856,windows,0,9335,9181.25,47,0,0,0,0,0,0,31,15,1
470.201,1,29146112,windows,0,65,65,4,0,0,0,0,0,0,3,1,0
470.301,0,28811264,windows,0,8735,8735,45,0,0,0,0,0,0,29,15,1
470.455,1,29164544,windows,0,65,65,4,0,0,0,0,0,0,3,1,0
470.553,0,28828672,windows,0,8450,8026.25,45,0,0,0,0,0,0,30,14,1
470.719,1,29180928,repair,732,2.86343e+08,2.86255e+08,7320,49,171,134,240,138,0,4037,3100,183
470.809,0,28845056,windows,0,7115,7115,42,0,0,0,0,0,0,29,12,1
470.977,1,29202432,repair,585,2.56879e+08,2.56879e+08,7075,40,123,107,210,105,0,4036,2891,148
471.074,0,28862464,windows,0,6555,6555,40,0,0,0,0,0,0,27,12,1
471.237,1,29223936,repair,454,2.51051e+08,2.50993e+08,7006,22,85,78,175,94,0,3969,2887,150
471.33,0,28878848,windows,0,6290,6290,39,0,0,0,0,0,0,26,12,1
471.492,1,29244416,repair,359,2.23486e+08,2.23486e+08,6719,25,62,50,145,77,0,3916,2675,128
471.593,0,28896256,windows,0,6035,6035,38,0,0,0,0,0,0,25,12,1
471.744,1,29263872,repair,288,1.94597e+08,1.94597e+08,6263,16,47,44,125,56,0,3608,2518,137
471.852,0,28912640,windows,0,5555,5555,36,0,0,0,0,0,0,23,12,1
472.007,1,29284352,repair,232,1.76158e+08,1.76139e+08,6093,16,37,35,83,61,0,3646,2323,124
472.107,0,28930048,windows,0,5555,5555,36,0,0,0,0,0,0,23,12,1
472.261,1,29303808,repair,159,1.78287e+08,1.78284e+08,6093,13,24,32,53,37,0,3617,2366,110
472.364,0,28947456,windows,0,5095,5095,35,0,0,0,0,0,0,23,11,1
472.516,1,29322240,repair,131,1.47137e+08,1.47134e+08,5660,4,23,19,54,31,0,3469,2075,116
472.616,0,28963840,windows,0,4450,4450,33,0,0,0,0,0,0,22,10,1
472.768,1,29339648,repair,91,1.52316e+08,1.52316e+08,5641,3,18,12,38,20,0,3353,2186,102
472.872,0,28980224,windows,0,3855,3855,31,0,0,0,0,0,0,21,9,1
473.023,1,29357056,repair,65,1.39578e+08,1.39578e+08,5507,5,6,7,29,18,0,3391,2021,95
473.123,0,28996608,windows,0,3855,3855,31,0,0,0,0,0,0,21,9,1
473.288,1,29375488,repair,39,1.18249e+08,1.18197e+08,5165,6,7,4,16,6,0,3280,1791,94
473.382,0,29012992,windows,0,3730,3621.25,31,0,0,0,0,0,0,22,8,1
473.545,1,29391872,repair,25,1.07882e+08,1.07866e+08,4885,0,8,2,12,3,0,3053,1747,85
473.646,0,29029376,windows,0,3455,3361.25,29,0,0,0,0,0,0,19,9,1
473.798,1,29409280,repair,15,9.36818e+07,9.36352e+07,4580,0,2,2,7,4,0,2885,1610,85
473.907,0,29046784,windows,0,3455,3361.25,29,0,0,0,0,0,0,19,9,1
474.058,1,29427712,repair,3,8.91367e+07,8.91344e+07,4494,0,0,0,2,1,0,2871,1545,78
474.171,0,29064192,windows,0,3270,3270,28,0,0,0,0,0,0,18,9,1
474.321,1,29445120,repair,2,7.03481e+07,7.03086e+07,4064,0,0,0,1,1,0,2701,1299,64
474.429,0,29081600,windows,0,3270,3270,28,0,0,0,0,0,0,18,9,1
474.577,1,29461504,repair,2,5.95378e+07,5.9536e+07,3738,0,0,0,1,1,0,2485,1195,58
474.682,0,29097984,windows,0,3270,3270,28,0,0,0,0,0,0,18,9,1
474.828,1,29477888,repair,2,5.26136e+07,5.25896e+07,3513,0,0,0,1,1,0,2339,1122,52
474.933,0,29114368,windows,0,65,65,4,0,0,0,0,0,0,3,1,0
475.089,1,29495296,windows,0,4.5636e+07,4.5613e+07,3242,0,0,0,0,0,0,2117,1076,49
475.19,0,29135872,windows,0,65,65,4,0,0,0,0,0,0,3,1,0
475.349,1,29510656,windows,0,3.59728e+07,3.59617e+07,2917,0,0,0,0,0,0,1950,919,48
475.445,0,29157376,windows,0,65,65,4,0,0,0,0,0,0,3,1,0
475.618,1,29526016,windows,0,3.00572e+07,3.00304e+07,2689,0,0,0,0,0,0,1830,814,45
475.696,0,29177856,windows,0,65,65,4,0,0,0,0,0,0,3,1,0
475.877,1,29541376,windows,0,2.51797e+07,2.51641e+07,2459,0,0,0,0,0,0,1694,735,30
475.953,0,29198336,windows,0,65,65,4,0,0,0,0,0,0,3,1,0
476.142,1,29557760,windows,0,2.09532e+07,2.09453e+07,2255,0,0,0,0,0,0,1575,653,27
476.208,0,29216768,windows,0,65,65,4,0,0,0,0,0,0,3,1,0
476.397,1,29573120,windows,0,1.69562e+07,1.69479e+07,2046,0,0,0,0,0,0,1434,576,36
476.475,0,29235200,windows,0,65,65,4,0,0,0,0,0,0,3,1,0
476.66,1,29588480,windows,0,1.40533e+07,1.40524e+07,1850,0,0,0,0,0,0,1282,539,29
476.728,0,29252608,windows,0,65,65,4,0,0,0,0,0,0,3,1,0
476.914,1,29604864,windows,0,1.20268e+07,1.20171e+07,1715,0,0,0,0,0,0,1204,488,23
476.984,0,29270016,windows,0,65,65,4,0,0,0,0,0,0,3,1,0
477.166,1,29620224,windows,0,1.035e+07,1.03345e+07,1579,0,0,0,0,0,0,1088,470,21
477.239,0,29288448,windows,0,65,65,4,0,0,0,0,0,0,3,1,0
477.422,1,29635584,windows,0,8.14788e+06,8.14299e+06,1408,0,0,0,0,0,0,977,410,21
477.497,0,29307904,windows,0,65,65,4,0,0,0,0,0,0,3,1,0
477.683,1,29650944,windows,0,6.84655e+06,6.84655e+06,1292,0,0,0,0,0,0,914,365,13
477.752,0,29327360,windows,0,65,65,4,0,0,0,0,0,0,3,1,0
477.944,1,29665280,windows,0,5.83988e+06,5.83947e+06,1206,0,0,0,0,0,0,876,316,14
478.01,0,29345792,windows,0,65,65,4,0,0,0,0,0,0,3,1,0
478.205,1,29680640,windows,0,5.0308e+06,5.02634e+06,1118,0,0,0,0,0,0,803,300,15
478.268,0,29365248,windows,0,65,65,4,0,0,0,0,0,0,3,1,0
478.458,1,29693952,windows,0,4.3439e+06,4.3439e+06,1038,0,0,0,0,0,0,749,277,12
478.525,0,29384704,windows,0,65,65,4,0,0,0,0,0,0,3,1,0
478.723,1,29707264,windows,0,3.59684e+06,3.59156e+06,940,0,0,0,0,0,0,663,264,13
478.789,0,29406208,windows,0,65,65,4,0,0,0,0,0,0,3,1,0
478.981,1,29721600,windows,0,2.96116e+06,2.95307e+06,860,0,0,0,0,0,0,616,230,14
479.046,0,29425664,windows,0,65,65,4,0,0,0,0,0,0,3,1,0
479.234,1,29735936,windows,0,2.56482e+06,2.5616e+06,800,0,0,0,0,0,0,575,213,12
479.306,0,29444096,windows,0,65,65,4,0,0,0,0,0,0,3,1,0
479.503,1,29751296,windows,0,2.1924e+06,2.1924e+06,740,0,0,0,0,0,0,533,196,11
479.564,0,29458432,windows,0,65,65,4,0,0,0,0,0,0,3,1,0
479.754,1,29765632,windows,0,1.80544e+06,1.80186e+06,671,0,0,0,0,0,0,482,179,10
479.815,0,29476864,windows,0,65,65,4,0,0,0,0,0,0,3,1,0
480.021,1,29780992,windows,0,1.43197e+06,1.43197e+06,597,0,0,0,0,0,0,422,164,11
480.072,0,29496320,windows,0,65,65,4,0,0,0,0,0,0,3,1,0
480.289,1,29797376,windows,0,1.19032e+06,1.18728e+06,542,0,0,0,0,0,0,381,152,9
480.334,0,29515776,windows,0,65,65,4,0,0,0,0,0,0,3,1,0
480.545,1,29811712,windows,0,1.01518e+06,1.01048e+06,508,0,0,0,0,0,0,370,128,10
480.596,0,29534208,repair,0,65,65,4,0,0,0,0,0,0,3,1,0
480.81,1,29826048,windows,0,899105,898872,474,0,0,0,0,0,0,339,127,8
480.858,0,29552640,windows,0,65,65,4,0,0,0,0,0,0,3,1,0
481.072,1,29839360,windows,0,685805,684451,403,0,0,0,0,0,0,271,126,6
481.108,0,29569024,windows,0,65,65,4,0,0,0,0,0,0,3,1,0
481.33,1,29852672,windows,0,525985,525985,362,0,0,0,0,0,0,253,101,8
481.36,0,29584384,windows,0,65,65,4,0,0,0,0,0,0,3,1,0
481.591,1,29867008,windows,0,435220,433405,327,0,0,0,0,0,0,232,91,4
481.62,0,29600768,windows,0,65,65,4,0,0,0,0,0,0,3,1,0
481.855,1,29882368,windows,0,370595,369481,304,0,0,0,0,0,0,223,78,3
481.882,0,29617152,windows,0,65,65,4,0,0,0,0,0,0,3,1,0
482.117,1,29898752,windows,0,323875,322801,286,0,0,0,0,0,0,215,68,3
482.136,0,29632512,windows,0,65,65,4,0,0,0,0,0,0,3,1,0
482.384,1,29915136,windows,0,223490,223490,232,0,0,0,0,0,0,160,69,3
482.392,0,29648896,windows,0,65,65,4,0,0,0,0,0,0,3,1,0
482.644,0,29665280,windows,0,65,65,4,0,0,0,0,0,0,3,1,0
482.65,1,29931520,windows,0,184805,183929,215,0,0,0,0,0,0,153,58,4
482.904,0,29681664,windows,0,65,65,4,0,0,0,0,0,0,3,1,0
482.914,1,29947904,windows,0,154535,154535,197,0,0,0,0,0,0,143,51,3
483.155,0,29698048,windows,0,65,65,4,0,0,0,0,0,0,3,1,0
483.174,1,29963264,windows,0,129555,128911,180,0,0,0,0,0,0,129,48,3
483.406,0,29715456,windows,0,65,65,4,0,0,0,0,0,0,3,1,0
483.432,1,29979648,windows,0,101885,101050,161,0,0,0,0,0,0,115,42,4
483.659,0,29731840,windows,0,65,65,4,0,0,0,0,0,0,3,1,0
483.683,1,29995008,windows,0,76645,75970,141,0,0,0,0,0,0,103,34,4
483.912,0,29748224,windows,0,65,65,4,0,0,0,0,0,0,3,1,0
483.942,1,30011392,windows,0,71525,70930,137,0,0,0,0,0,0,103,30,4
484.174,0,29763584,windows,0,65,65,4,0,0,0,0,0,0,3,1,0
484.193,1,30026752,windows,0,64850,64248.8,130,0,0,0,0,0,0,92,33,5
484.432,0,29779968,windows,0,65,65,4,0,0,0,0,0,0,3,1,0
484.459,1,30041088,windows,0,59240,58698.8,123,0,0,0,0,0,0,86,33,4
484.687,0,29795328,windows,0,65,65,4,0,0,0,0,0,0,3,1,0
484.724,1,30054400,windows,0,43295,43295,103,0,0,0,0,0,0,69,31,3
484.952,0,29812736,windows,0,65,65,4,0,0,0,0,0,0,3,1,0
484.985,1,30067712,windows,0,37075,37075,96,0,0,0,0,0,0,65,28,3
485.206,0,29828096,windows,0,65,65,4,0,0,0,0,0,0,3,1,0
485.253,1,30082048,windows,0,34235,34235,94,0,0,0,0,0,0,67,24,3
485.468,0,29844480,windows,0,65,65,4,0,0,0,0,0,0,3,1,0
485.509,1,30096384,windows,0,31975,31975,91,0,0,0,0,0,0,65,23,3
485.735,0,29859840,windows,0,65,65,4,0,0,0,0,0,0,3,1,0
485.772,1,30109696,windows,0,31075,30751.2,90,0,0,0,0,0,0,65,22,3
485.997,0,29875200,windows,0,65,65,4,0,0,0,0,0,0,3,1,0
486.023,1,30123008,windows,0,27880,27312.5,85,0,0,0,0,0,0,58,23,4
486.251,0,29890560,windows,0,65,65,4,0,0,0,0,0,0,3,1,0
486.286,1,30136320,windows,0,25075,24801.2,80,0,0,0,0,0,0,55,22,3
486.511,0,29905920,windows,0,65,65,4,0,0,0,0,0,0,3,1,0
486.543,1,30148608,windows,0,25075,24801.2,80,0,0,0,0,0,0,55,22,3
486.772,0,29921280,repair,0,65,65,4,0,0,0,0,0,0,3,1,0
486.801,1,30161920,windows,0,23995,23995,78,0,0,0,0,0,0,53,22,3
487.028,0,29936640,repair,0,65,65,4,0,0,0,0,0,0,3,1,0
487.064,1,30176256,windows,0,22955,22955,76,0,0,0,0,0,0,51,22,3
487.295,0,29953024,repair,0,65,65,4,0,0,0,0,0,0,3,1,0
487.315,1,30190592,windows,0,22450,22201.2,75,0,0,0,0,0,0,50,22,3
487.548,0,29967360,windows,0,65,65,4,0,0,0,0,0,0,3,1,0
487.578,1,30202880,windows,0,20770,20770,73,0,0,0,0,0,0,50,20,3
487.806,0,29980672,windows,0,65,65,4,0,0,0,0,0,0,3,1,0
487.842,1,30216192,windows,0,20770,20770,73,0,0,0,0,0,0,50,20,3
488.068,0,29995008,windows,0,65,65,4,0,0,0,0,0,0,3,1,0
488.107,1,30232576,windows,0,17540,17311.2,68,0,0,0,0,0,0,46,18,4
488.335,0,30009344,windows,0,65,65,4,0,0,0,0,0,0,3,1,0
488.359,1,30248960,windows,0,17085,16861.2,67,0,0,0,0,0,0,45,18,4
488.599,0,30023680,windows,0,65,65,4,0,0,0,0,0,0,3,1,0
488.623,1,30264320,windows,0,15970,15741.2,65,0,0,0,0,0,0,46,16,3
488.854,0,30036992,windows,0,65,65,4,0,0,0,0,0,0,3,1,0
488.877,1,30279680,windows,0,13795,13795,60,0,0,0,0,0,0,41,16,3
489.108,0,30050304,windows,0,65,65,4,0,0,0,0,0,0,3,1,0
489.138,1,30296064,windows,0,12995,12995,58,0,0,0,0,0,0,39,16,3
489.359,0,30062592,windows,0,65,65,4,0,0,0,0,0,0,3,1,0
489.389,1,30311424,windows,0,11990,11801.2,56,0,0,0,0,0,0,38,15,3
489.625,0,30075904,windows,0,65,65,4,0,0,0,0,0,0,3,1,0
489.649,1,30326784,windows,0,11990,11801.2,56,0,0,0,0,0,0,38,15,3
489.879,0,30089216,windows,0,65,65,4,0,0,0,0,0,0,3,1,0
489.912,1,30343168,windows,0,10895,10600,53,0,0,0,0,0,0,35,15,3
490.139,0,30103552,windows,0,65,65,4,0,0,0,0,0,0,3,1,0
490.165,1,30359552,windows,0,10895,10600,53,0,0,0,0,0,0,35,15,3
490.404,0,30116864,windows,0,65,65,4,0,0,0,0,0,0,3,1,0
490.421,1,30374912,windows,0,10315,9866.25,52,0,0,0,0,0,0,35,14,3
490.66,0,30129152,windows,0,65,65,4,0,0,0,0,0,0,3,1,0
490.678,1,30389248,windows,0,10315,9866.25,52,0,0,0,0,0,0,35,14,3
490.915,0,30140416,windows,0,65,65,4,0,0,0,0,0,0,3,1,0
490.936,1,30403584,windows,0,10180,9898.75,52,0,0,0,0,0,0,34,14,4
491.186,0,30152704,windows,0,65,65,4,0,0,0,0,0,0,3,1,0
491.197,1,30418944,windows,0,10180,9898.75,52,0,0,0,0,0,0,34,14,4
491.442,0,30161920,windows,0,65,65,4,0,0,0,0,0,0,3,1,0
491.447,1,30434304,windows,0,9890,9436.25,50,0,0,0,0,0,0,32,15,3
491.699,1,30449664,windows,0,9310,8876.25,49,0,0,0,0,0,0,32,14,3
491.701,0,30173184,windows,0,65,65,4,0,0,0,0,0,0,3,1,0
491.955,1,30466048,windows,0,9310,8876.25,49,0,0,0,0,0,0,32,14,3
491.968,0,30186496,windows,0,65,65,4,0,0,0,0,0,0,3,1,0
492.219,1,30483456,windows,0,8995,8720,48,0,0,0,0,0,0,31,14,3
492.224,0,30199808,windows,0,65,65,4,0,0,0,0,0,0,3,1,0
492.471,1,30499840,windows,0,8995,8720,48,0,0,0,0,0,0,31,14,3
492.481,0,30213120,windows,0,65,65,4,0,0,0,0,0,0,3,1,0
492.728,1,30516224,windows,0,8395,7976.25,46,0,0,0,0,0,0,29,14,3
492.733,0,30226432,windows,0,65,65,4,0,0,0,0,0,0,3,1,0
492.985,0,30239744,repair,0,65,65,4,0,0,0,0,0,0,3,1,0
492.985,1,30533632,windows,0,8395,7976.25,46,0,0,0,0,0,0,29,14,3
493.237,0,30254080,repair,0,65,65,4,0,0,0,0,0,0,3,1,0
493.244,1,30550016,windows,0,8395,7976.25,46,0,0,0,0,0,0,29,14,3
493.488,0,30267392,repair,0,65,65,4,0,0,0,0,0,0,3,1,0
493.504,1,30565376,windows,0,8395,7976.25,46,0,0,0,0,0,0,29,14,3
493.753,0,30282752,repair,0,65,65,4,0,0,0,0,0,0,3,1,0
493.763,1,30579712,windows,0,8110,7696.25,45,0,0,0,0,0,0,28,14,3
494.015,0,30297088,windows,0,65,65,4,0,0,0,0,0,0,3,1,0
494.015,1,30595072,windows,0,8110,7696.25,45,0,0,0,0,0,0,28,14,3
494.267,1,30611456,windows,0,7295,7295,43,0,0,0,0,0,0,27,13,3
494.274,0,30310400,windows,0,65,65,4,0,0,0,0,0,0,3,1,0
494.531,0,30323712,windows,0,65,65,4,0,0,0,0,0,0,3,1,0
494.532,1,30628864,windows,0,7030,7030,42,0,0,0,0,0,0,26,13,3
494.788,0,30337024,windows,0,65,65,4,0,0,0,0,0,0,3,1,0
494.797,1,30646272,windows,0,6795,6560,42,0,0,0,0,0,0,27,12,3
495.041,0,30350336,windows,0,65,65,4,0,0,0,0,0,0,3,1,0
495.055,1,30662656,windows,0,6460,6460,41,0,0,0,0,0,0,28,11,2
495.308,0,30364672,windows,0,65,65,4,0,0,0,0,0,0,3,1,0
495.318,1,30680064,windows,0,6185,5836.25,40,0,0,0,0,0,0,27,11,2
495.566,0,30377984,windows,0,65,65,4,0,0,0,0,0,0,3,1,0
495.578,1,30697472,windows,0,5920,5576.25,39,0,0,0,0,0,0,26,11,2
495.818,0,30391296,windows,0,65,65,4,0,0,0,0,0,0,3,1,0
495.837,1,30714880,windows,0,5920,5576.25,39,0,0,0,0,0,0,26,11,2
496.072,0,30404608,windows,0,65,65,4,0,0,0,0,0,0,3,1,0
496.09,1,30731264,windows,0,5920,5576.25,39,0,0,0,0,0,0,26,11,2
496.334,0,30418944,windows,0,65,65,4,0,0,0,0,0,0,3,1,0
496.356,1,30749696,windows,0,65,65,4,0,0,0,0,0,0,3,1,0
496.605,0,30432256,windows,0,65,65,4,0,0,0,0,0,0,3,1,0
496.607,1,30769152,windows,0,65,65,4,0,0,0,0,0,0,3,1,0
496.857,1,30788608,windows,0,65,65,4,0,0,0,0,0,0,3,1,0
496.859,0,30444544,windows,0,65,65,4,0,0,0,0,0,0,3,1,0
497.119,1,30809088,windows,0,65,65,4,0,0,0,0,0,0,3,1,0
497.12,0,30459904,windows,0,65,65,4,0,0,0,0,0,0,3,1,0
497.377,0,30476288,windows,0,65,65,4,0,0,0,0,0,0,3,1,0
497.381,1,30828544,windows,0,65,65,4,0,0,0,0,0,0,3,1,0
497.638,0,30491648,windows,0,65,65,4,0,0,0,0,0,0,3,1,0
497.644,1,30846976,windows,0,65,65,4,0,0,0,0,0,0,3,1,0
497.896,0,30507008,windows,0,65,65,4,0,0,0,0,0,0,3,1,0
497.899,1,30865408,windows,0,65,65,4,0,0,0,0,0,0,3,1,0
498.147,0,30518272,repair,895,2.29304e+08,2.2928e+08,6565,57,191,177,296,174,0,3689,2672,204
498.157,1,30883840,windows,0,65,65,4,0,0,0,0,0,0,3,1,0
498.404,0,30536704,repair,693,2.77381e+08,2.77321e+08,7292,40,137,118,263,135,0,4097,3010,185
498.416,1,30902272,windows,0,65,65,4,0,0,0,0,0,0,3,1,0
498.655,0,30555136,repair,568,2.66358e+08,2.66353e+08,7269,36,118,113,184,117,0,4151,2935,183
498.679,1,30920704,windows,0,65,65,4,0,0,0,0,0,0,3,1,0
498.915,0,30574592,repair,463,2.52942e+08,2.52922e+08,7106,26,96,79,175,87,0,4096,2858,152
498.934,1,30939136,windows,0,65,65,4,0,0,0,0,0,0,3,1,0
499.173,0,30594048,repair,366,2.12807e+08,2.12784e+08,6548,19,48,62,145,92,0,3804,2613,131
499.184,1,30954496,windows,0,65,65,4,0,0,0,0,0,0,3,1,0
499.431,0,30611456,repair,305,2.01702e+08,2.0165e+08,6354,17,54,47,129,58,0,3657,2569,128
499.448,1,30969856,windows,0,65,65,4,0,0,0,0,0,0,3,1,0
499.691,0,30628864,repair,243,1.85274e+08,1.8522e+08,6071,11,28,37,106,61,0,3453,2485,133
499.712,1,30986240,windows,0,65,65,4,0,0,0,0,0,0,3,1,0
499.944,0,30647296,repair,177,1.86424e+08,1.86353e+08,6135,10,36,30,57,44,0,3547,2474,114
499.969,1,31000576,windows,0,65,65,4,0,0,0,0,0,0,3,1,0
500.205,0,30666752,repair,136,1.56874e+08,1.56813e+08,5728,5,21,24,50,36,0,3401,2216,111
500.237,1,31015936,windows,0,65,65,4,0,0,0,0,0,0,3,1,0
500.466,0,30685184,repair,96,1.46509e+08,1.46509e+08,5531,1,15,11,40,29,0,3298,2140,93
500.491,1,31030272,windows,0,65,65,4,0,0,0,0,0,0,3,1,0
500.729,0,30702592,repair,69,1.33485e+08,1.33467e+08,5328,2,9,5,37,16,0,3240,2008,80
500.742,1,31044608,windows,0,65,65,4,0,0,0,0,0,0,3,1,0
500.985,0,30720000,repair,40,1.19576e+08,1.19574e+08,5133,0,5,9,14,12,0,3221,1837,75
500.998,1,31058944,windows,0,65,65,4,0,0,0,0,0,0,3,1,0
501.236,0,30737408,repair,23,1.09835e+08,1.09797e+08,4889,0,3,2,13,5,0,3036,1783,70
501.26,1,31074304,windows,0,65,65,4,0,0,0,0,0,0,3,1,0
501.497,0,30753792,repair,8,1.06247e+08,1.06231e+08,4856,1,0,1,4,2,0,3073,1716,67
501.514,1,31088640,windows,0,65,65,4,0,0,0,0,0,0,3,1,0
501.757,0,30769152,repair,1,9.44165e+07,9.44016e+07,4622,0,1,0,0,0,0,2972,1583,67
501.766,1,31104000,windows,0,65,65,4,0,0,0,0,0,0,3,1,0
502.024,0,30786560,windows,0,7.30969e+07,7.30835e+07,4103,0,0,0,0,0,0,2681,1361,61
502.024,1,31121408,windows,0,65,65,4,0,0,0,0,0,0,3,1,0
502.275,0,30801920,windows,0,5.84715e+07,5.84457e+07,3683,0,0,0,0,0,0,2418,1207,58
502.285,1,31139840,windows,0,65,65,4,0,0,0,0,0,0,3,1,0
502.528,0,30817280,windows,0,4.79402e+07,4.79276e+07,3347,0,0,0,0,0,0,2215,1080,52
502.547,1,31158272,windows,0,65,65,4,0,0,0,0,0,0,3,1,0
502.779,0,30831616,windows,0,4.04462e+07,4.04359e+07,3084,0,0,0,0,0,0,2066,976,42
502.804,1,31174656,windows,0,65,65,4,0,0,0,0,0,0,3,1,0
503.029,0,30844928,windows,0,3.31177e+07,3.31177e+07,2788,0,0,0,0,0,0,1858,889,41
503.056,1,31192064,windows,0,65,65,4,0,0,0,0,0,0,3,1,0
503.288,0,30858240,windows,0,2.82914e+07,2.82824e+07,2622,0,0,0,0,0,0,1810,770,42
503.315,1,31210496,windows,0,65,65,4,0,0,0,0,0,0,3,1,0
503.553,0,30872576,windows,0,2.4199e+07,2.41978e+07,2408,0,0,0,0,0,0,1632,736,40
503.565,1,31228928,windows,0,65,65,4,0,0,0,0,0,0,3,1,0
503.807,0,30885888,windows,0,2.1085e+07,2.10763e+07,2260,0,0,0,0,0,0,1568,662,30
503.819,1,31248384,windows,0,65,65,4,0,0,0,0,0,0,3,1,0
504.059,0,30899200,windows,0,1.82971e+07,1.829e+07,2087,0,0,0,0,0,0,1422,639,26
504.072,1,31265792,windows,0,65,65,4,0,0,0,0,0,0,3,1,0
504.313,0,30911488,windows,0,1.50841e+07,1.50729e+07,1922,0,0,0,0,0,0,1328,558,36
504.33,1,31284224,windows,0,65,65,4,0,0,0,0,0,0,3,1,0
504.576,0,30924800,windows,0,1.29533e+07,1.29359e+07,1780,0,0,0,0,0,0,1231,517,32
504.591,1,31300608,windows,0,65,65,4,0,0,0,0,0,0,3,1,0
504.846,0,30938112,windows,0,1.11596e+07,1.11498e+07,1645,0,0,0,0,0,0,1129,488,28
504.847,1,31315968,windows,0,65,65,4,0,0,0,0,0,0,3,1,0
505.107,1,31331328,windows,0,65,65,4,0,0,0,0,0,0,3,1,0
505.113,0,30951424,windows,0,9.7965e+06,9.79023e+06,1558,0,0,0,0,0,0,1101,431,26
505.361,1,31345664,windows,0,65,65,4,0,0,0,0,0,0,3,1,0
505.373,0,30964736,windows,0,8.61748e+06,8.61231e+06,1465,0,0,0,0,0,0,1034,403,28
505.615,1,31360000,windows,0,65,65,4,0,0,0,0,0,0,3,1,0
505.624,0,30976000,windows,0,7.18412e+06,7.18347e+06,1322,0,0,0,0,0,0,912,388,22
505.876,0,30988288,windows,0,6.26304e+06,6.25102e+06,1243,0,0,0,0,0,0,870,351,22
505.884,1,31375360,windows,0,65,65,4,0,0,0,0,0,0,3,1,0
506.129,0,31000576,windows,0,5.5451e+06,5.5451e+06,1166,0,0,0,0,0,0,811,335,20
506.141,1,31389696,windows,0,65,65,4,0,0,0,0,0,0,3,1,0
506.392,1,31407104,windows,0,65,65,4,0,0,0,0,0,0,3,1,0
506.397,0,31013888,windows,0,4.84581e+06,4.83514e+06,1087,0,0,0,0,0,0,750,318,19
506.654,1,31426560,windows,0,65,65,4,0,0,0,0,0,0,3,1,0
506.658,0,31027200,windows,0,4.26164e+06,4.26099e+06,1034,0,0,0,0,0,0,732,280,22
506.914,1,31448064,windows,0,65,65,4,0,0,0,0,0,0,3,1,0
506.916,0,31040512,windows,0,3.48146e+06,3.48093e+06,926,0,0,0,0,0,0,643,265,18
507.17,0,31053824,windows,0,2.94223e+06,2.9373e+06,846,0,0,0,0,0,0,586,247,13
507.172,1,31468544,repair,0,65,65,4,0,0,0,0,0,0,3,1,0
507.429,0,31067136,windows,0,2.54989e+06,2.54229e+06,794,0,0,0,0,0,0,560,221,13
507.432,1,31488000,windows,0,65,65,4,0,0,0,0,0,0,3,1,0
507.684,0,31080448,windows,0,2.19446e+06,2.1905e+06,742,0,0,0,0,0,0,530,198,14
507.693,1,31506432,windows,0,65,65,4,0,0,0,0,0,0,3,1,0
507.95,1,31523840,windows,0,65,65,4,0,0,0,0,0,0,3,1,0
507.954,0,31094784,windows,0,1.92988e+06,1.92734e+06,700,0,0,0,0,0,0,508,178,14
508.202,1,31541248,windows,0,65,65,4,0,0,0,0,0,0,3,1,0
508.213,0,31108096,windows,0,1.58347e+06,1.57984e+06,623,0,0,0,0,0,0,428,182,13
508.454,1,31557632,windows,0,65,65,4,0,0,0,0,0,0,3,1,0
508.475,0,31121408,windows,0,1.29179e+06,1.28829e+06,569,0,0,0,0,0,0,400,156,13
508.705,1,31574016,windows,0,65,65,4,0,0,0,0,0,0,3,1,0
508.741,0,31135744,windows,0,1.09898e+06,1.09863e+06,523,0,0,0,0,0,0,364,147,12
508.961,1,31590400,windows,0,65,65,4,0,0,0,0,0,0,3,1,0
509.011,0,31149056,windows,0,934770,934770,481,0,0,0,0,0,0,342,132,7
509.228,1,31607808,windows,0,65,65,4,0,0,0,0,0,0,3,1,0
509.277,0,31161344,windows,0,825895,824049,455,0,0,0,0,0,0,329,119,7
509.479,1,31624192,windows,0,65,65,4,0,0,0,0,0,0,3,1,0
509.544,0,31176704,windows,0,646105,643730,394,0,0,0,0,0,0,269,119,6
509.738,1,31640576,windows,0,65,65,4,0,0,0,0,0,0,3,1,0
509.811,0,31191040,windows,0,505445,504009,355,0,0,0,0,0,0,253,96,6
509.997,1,31655936,windows,0,65,65,4,0,0,0,0,0,0,3,1,0
510.08,0,31205376,windows,0,431330,431128,330,0,0,0,0,0,0,236,87,7
510.254,1,31673344,windows,0,65,65,4,0,0,0,0,0,0,3,1,0
510.332,0,31218688,windows,0,376235,376032,306,0,0,0,0,0,0,213,86,7
510.518,1,31687680,windows,0,65,65,4,0,0,0,0,0,0,3,1,0
510.587,0,31232000,windows,0,335395,335192,292,0,0,0,0,0,0,209,76,7
510.772,1,31705088,windows,0,65,65,4,0,0,0,0,0,0,3,1,0
510.839,0,31245312,windows,0,289970,288839,269,0,0,0,0,0,0,186,76,7
511.029,1,31723520,windows,0,65,65,4,0,0,0,0,0,0,3,1,0
511.094,0,31259648,windows,0,216130,215928,235,0,0,0,0,0,0,166,62,7
511.29,1,31741952,windows,0,65,65,4,0,0,0,0,0,0,3,1,0
511.354,0,31275008,windows,0,180610,179669,214,0,0,0,0,0,0,148,59,7
511.541,1,31759360,windows,0,65,65,4,0,0,0,0,0,0,3,1,0
511.611,0,31291392,windows,0,150670,149829,193,0,0,0,0,0,0,128,58,7
511.796,1,31776768,windows,0,65,65,4,0,0,0,0,0,0,3,1,0
511.865,0,31306752,windows,0,130870,130281,178,0,0,0,0,0,0,118,55,5
512.059,1,31795200,windows,0,65,65,4,0,0,0,0,0,0,3,1,0
512.127,0,31323136,windows,0,100750,99256.2,155,0,0,0,0,0,0,100,50,5
512.315,1,31813632,windows,0,65,65,4,0,0,0,0,0,0,3,1,0
512.38,0,31338496,windows,0,81790,80915,141,0,0,0,0,0,0,92,44,5
512.573,1,31831040,windows,0,65,65,4,0,0,0,0,0,0,3,1,0
512.647,0,31350784,windows,0,73975,73975,135,0,0,0,0,0,0,89,41,5
512.827,1,31848448,windows,0,65,65,4,0,0,0,0,0,0,3,1,0
512.912,0,31364096,windows,0,69650,69231.2,130,0,0,0,0,0,0,84,41,5
513.085,1,31866880,windows,0,65,65,4,0,0,0,0,0,0,3,1,0
513.169,0,31377408,windows,0,62435,61680,124,0,0,0,0,0,0,81,38,5
513.338,1,31886336,windows,0,65,65,4,0,0,0,0,0,0,3,1,0
513.437,0,31391744,windows,0,55840,55105,117,0,0,0,0,0,0,74,37,6
513.593,1,31905792,windows,0,65,65,4,0,0,0,0,0,0,3,1,0
513.699,0,31405056,windows,0,46665,46665,108,0,0,0,0,0,0,69,33,6
513.853,1,31924224,windows,0,65,65,4,0,0,0,0,0,0,3,1,0
513.962,0,31419392,windows,0,44680,44680,104,0,0,0,0,0,0,64,34,6
514.103,1,31943680,windows,0,65,65,4,0,0,0,0,0,0,3,1,0
514.225,0,31435776,windows,0,42200,41901.2,100,0,0,0,0,0,0,60,34,6
514.355,1,31960064,repair,987,9.81924e+07,9.81804e+07,3941,36,96,91,497,267,0,2396,1340,205
514.487,0,31452160,windows,0,39560,39261.2,98,0,0,0,0,0,0,60,32,6
514.614,1,31980544,repair,674,2.53483e+08,2.53462e+08,7056,54,135,129,232,124,0,4069,2830,157
514.749,0,31466496,windows,0,36545,36545,94,0,0,0,0,0,0,57,31,6
514.877,1,32001024,repair,527,2.53957e+08,2.53937e+08,7027,51,103,98,177,98,0,3987,2898,142
515.002,0,31478784,windows,0,32270,31675,87,0,0,0,0,0,0,52,30,5
515.136,1,32021504,repair,423,2.47691e+08,2.47613e+08,6970,21,84,64,179,75,0,3955,2866,149
515.259,0,31494144,windows,0,28930,28126.2,83,0,0,0,0,0,0,50,28,5
515.388,1,32040960,repair,333,2.12616e+08,2.1256e+08,6517,11,57,58,119,88,0,3760,2634,123
515.518,0,31509504,windows,0,26255,26001.2,81,0,0,0,0,0,0,51,25,5
515.656,1,32061440,repair,265,1.90805e+08,1.90787e+08,6231,17,46,40,102,60,0,3641,2474,116
515.777,0,31525888,windows,0,24770,24275,78,0,0,0,0,0,0,48,25,5
515.908,1,32080896,repair,214,1.70515e+08,1.70511e+08,5978,8,36,33,86,51,0,3581,2290,107
516.041,0,31542272,windows,0,21250,21250,70,0,0,0,0,0,0,40,25,5
516.16,1,32100352,repair,141,1.75528e+08,1.75463e+08,6046,9,25,23,54,30,0,3599,2345,102
516.297,0,31559680,windows,0,20395,19706.2,66,0,0,0,0,0,0,35,26,5
516.414,1,32119808,repair,106,1.52213e+08,1.5221e+08,5725,6,16,8,48,28,0,3484,2131,110
516.56,0,31577088,windows,0,19715,19036.2,64,0,0,0,0,0,0,33,26,5
516.664,1,32137216,repair,82,1.30739e+08,1.30683e+08,5298,3,7,14,40,18,0,3242,1972,84
516.813,0,31590400,windows,0,18475,17960,60,0,0,0,0,0,0,29,26,5
516.919,1,32155648,repair,50,1.21683e+08,1.21683e+08,5139,4,9,11,19,7,0,3150,1894,95
517.071,0,31604736,windows,0,17455,16960,59,0,0,0,0,0,0,29,25,5
517.171,1,32175104,repair,24,1.12797e+08,1.12761e+08,5000,0,3,5,13,3,0,3137,1780,83
517.324,0,31619072,windows,0,17455,16960,59,0,0,0,0,0,0,29,25,5
517.423,1,32194560,repair,8,1.03218e+08,1.03166e+08,4776,1,1,0,3,3,0,3002,1703,71
517.593,0,31632384,windows,0,16190,15576.2,57,0,0,0,0,0,0,28,24,5
517.675,1,32210944,repair,8,8.41011e+07,8.40555e+07,4411,0,3,0,4,1,0,2889,1453,69
517.854,0,31645696,windows,0,16190,15576.2,57,0,0,0,0,0,0,28,24,5
517.93,1,32228352,repair,3,7.46714e+07,7.46714e+07,4175,0,0,0,3,0,0,2779,1341,55
518.107,0,31659008,windows,0,15650,15175,55,0,0,0,0,0,0,26,24,5
518.191,1,32246784,repair,2,5.8967e+07,5.89547e+07,3715,0,0,0,2,0,0,2464,1194,57
518.374,0,31673344,windows,0,15395,14920,54,0,0,0,0,0,0,25,24,5
518.442,1,32263168,repair,1,5.06911e+07,5.06795e+07,3461,0,0,0,1,0,0,2323,1087,51
518.635,0,31687680,windows,0,15395,14920,54,0,0,0,0,0,0,25,24,5
518.701,1,32278528,windows,0,4.27194e+07,4.27177e+07,3185,0,0,0,0,0,0,2133,997,55
518.888,0,31700992,windows,0,14975,14520,55,0,0,0,0,0,0,27,23,5
518.962,1,32294912,windows,0,3.35582e+07,3.35399e+07,2790,0,0,0,0,0,0,1837,912,41
519.148,0,31715328,windows,0,14455,13876.2,53,0,0,0,0,0,0,25,23,5
519.223,1,32311296,windows,0,2.73683e+07,2.73672e+07,2563,0,0,0,0,0,0,1750,775,38
519.413,0,31728640,windows,0,14210,13755,52,0,0,0,0,0,0,24,23,5
519.474,1,32325632,windows,0,2.32967e+07,2.32828e+07,2375,0,0,0,0,0,0,1648,696,31
519.68,0,31742976,windows,0,14210,13755,52,0,0,0,0,0,0,24,23,5
519.726,1,32339968,windows,0,2.00432e+07,2.00432e+07,2206,0,0,0,0,0,0,1522,649,35
519.949,0,31757312,windows,0,13075,12526.2,50,0,0,0,0,0,0,23,22,5
519.987,1,32355328,windows,0,1.66379e+07,1.66248e+07,1990,0,0,0,0,0,0,1349,613,28
520.202,0,31771648,windows,0,12635,12635,48,0,0,0,0,0,0,21,22,5
520.237,1,32370688,windows,0,1.38481e+07,1.38412e+07,1815,0,0,0,0,0,0,1237,556,22
520.452,0,31785984,windows,0,11775,11775,47,0,0,0,0,0,0,21,21,5
520.49,1,32386048,windows,0,1.18274e+07,1.18117e+07,1695,0,0,0,0,0,0,1186,489,20
520.703,0,31800320,windows,0,11775,11775,47,0,0,0,0,0,0,21,21,5
520.743,1,32401408,windows,0,9.98429e+06,9.97558e+06,1573,0,0,0,0,0,0,1110,436,27
520.968,0,31814656,windows,0,11775,11775,47,0,0,0,0,0,0,21,21,5
520.993,1,32416768,windows,0,8.74238e+06,8.72851e+06,1475,0,0,0,0,0,0,1056,397,22
521.236,0,31828992,windows,0,11775,11775,47,0,0,0,0,0,0,21,21,5
521.26,1,32432128,windows,0,7.02365e+06,7.01158e+06,1314,0,0,0,0,0,0,916,375,23
521.499,0,31844352,windows,0,11775,11775,47,0,0,0,0,0,0,21,21,5
521.514,1,32446464,windows,0,5.95272e+06,5.94849e+06,1212,0,0,0,0,0,0,845,344,23
521.755,0,31858688,windows,0,11360,10965,48,0,0,0,0,0,0,24,20,4
521.771,1,32460800,windows,0,5.14674e+06,5.14674e+06,1118,0,0,0,0,0,0,771,329,18
522.021,0,31874048,windows,0,11360,10965,48,0,0,0,0,0,0,24,20,4
522.031,1,32478208,windows,0,4.28744e+06,4.28744e+06,1028,0,0,0,0,0,0,724,288,16
522.277,0,31888384,windows,0,10580,10461.2,47,0,0,0,0,0,0,24,19,4
522.287,1,32494592,windows,0,3.3384e+06,3.333e+06,898,0,0,0,0,0,0,612,270,16
522.53,0,31902720,windows,0,9905,9801.25,44,0,0,0,0,0,0,21,19,4
522.549,1,32509952,windows,0,2.745e+06,2.74004e+06,825,0,0,0,0,0,0,583,228,14
522.781,0,31917056,windows,0,9905,9801.25,44,0,0,0,0,0,0,21,19,4
522.805,1,32525312,windows,0,2.37765e+06,2.37454e+06,769,0,0,0,0,0,0,546,210,13
523.031,0,31929344,windows,0,9905,9801.25,44,0,0,0,0,0,0,21,19,4
523.066,1,32540672,windows,0,2.03444e+06,2.03409e+06,713,0,0,0,0,0,0,510,191,12
523.298,0,31942656,windows,0,9905,9801.25,44,0,0,0,0,0,0,21,19,4
523.317,1,32553984,windows,0,1.73741e+06,1.73508e+06,657,0,0,0,0,0,0,466,180,11
523.565,0,31954944,windows,0,9700,9226.25,43,0,0,0,0,0,0,20,19,4
523.568,1,32568320,windows,0,1.3341e+06,1.3341e+06,575,0,0,0,0,0,0,403,161,11
523.831,1,32581632,windows,0,1.07733e+06,1.07221e+06,512,0,0,0,0,0,0,348,153,11
523.832,0,31968256,windows,0,9505,9036.25,42,0,0,0,0,0,0,19,19,4
524.085,1,32596992,windows,0,892450,892450,475,0,0,0,0,0,0,350,118,7
524.097,0,31981568,windows,0,8765,8765,41,0,0,0,0,0,0,19,18,4
524.338,1,32613376,windows,0,739705,737338,434,0,0,0,0,0,0,319,107,8
524.353,0,31994880,windows,0,8765,8765,41,0,0,0,0,0,0,19,18,4
524.602,1,32629760,windows,0,567220,564812,373,0,0,0,0,0,0,256,109,8
524.616,0,32009216,windows,0,8580,8225,40,0,0,0,0,0,0,18,18,4
524.856,1,32644096,windows,0,430870,428912,326,0,0,0,0,0,0,230,91,5
524.866,0,32024576,windows,0,8405,7966.25,39,0,0,0,0,0,0,17,18,4
525.12,0,32037888,windows,0,8240,7806.25,38,0,0,0,0,0,0,16,18,4
525.12,1,32660480,windows,0,332885,332712,289,0,0,0,0,0,0,205,78,6
525.383,1,32676864,windows,0,276050,273766,265,0,0,0,0,0,0,194,66,5
525.383,0,32052224,windows,0,8240,7806.25,38,0,0,0,0,0,0,16,18,4
525.648,1,32693248,windows,0,241910,241041,246,0,0,0,0,0,0,174,67,5
525.65,0,32066560,windows,0,7955,7600,36,0,0,0,0,0,0,17,18,1
525.908,0,32079872,windows,0,7790,7435,35,0,0,0,0,0,0,16,18,1
525.912,1,32705536,windows,0,174305,173369,212,0,0,0,0,0,0,153,53,6
526.162,0,32093184,windows,0,6335,6335,35,0,0,0,0,0,0,19,15,1
526.176,1,32717824,windows,0,138905,137718,188,0,0,0,0,0,0,131,51,6
526.42,0,32106496,windows,0,6335,6335,35,0,0,0,0,0,0,19,15,1
526.439,1,32731136,windows,0,116605,114914,173,0,0,0,0,0,0,121,46,6
526.686,0,32120832,windows,0,6150,5855,34,0,0,0,0,0,0,18,15,1
526.693,1,32744448,windows,0,96925,95393.8,159,0,0,0,0,0,0,113,40,6
526.949,0,32136192,windows,0,5410,5056.25,34,0,0,0,0,0,0,20,13,1
526.952,1,32758784,windows,0,85580,84113.8,149,0,0,0,0,0,0,104,39,6
527.208,1,32772096,windows,0,64225,63781.2,126,0,0,0,0,0,0,89,35,2
527.209,0,32153600,windows,0,5030,4775,32,0,0,0,0,0,0,18,13,1
527.459,1,32785408,windows,0,52715,52715,116,0,0,0,0,0,0,83,30,3
527.463,0,32171008,windows,0,4535,4280,29,0,0,0,0,0,0,15,13,1
527.717,1,32800768,windows,0,47510,46546.2,110,0,0,0,0,0,0,78,29,3
527.722,0,32188416,windows,0,4190,3955,29,0,0,0,0,0,0,16,12,1
527.978,1,32817152,windows,0,43735,43735,105,0,0,0,0,0,0,73,29,3
527.985,0,32202752,windows,0,4190,3955,29,0,0,0,0,0,0,16,12,1
528.231,1,32831488,windows,0,42825,42290,104,0,0,0,0,0,0,75,27,2
528.249,0,32217088,windows,0,4035,3800,28,0,0,0,0,0,0,15,12,1
528.483,1,32844800,windows,0,31640,31640,88,0,0,0,0,0,0,60,26,2
528.52,0,32232448,windows,0,4035,3800,28,0,0,0,0,0,0,15,12,1
528.734,1,32857088,windows,0,30610,29806.2,87,0,0,0,0,0,0,58,26,3
528.772,0,32246784,windows,0,3890,3655,27,0,0,0,0,0,0,14,12,1
528.985,1,32870400,windows,0,28895,28360,83,0,0,0,0,0,0,53,27,3
529.031,0,32263168,windows,0,3890,3655,27,0,0,0,0,0,0,14,12,1
529.25,1,32884736,windows,0,26290,26031.2,80,0,0,0,0,0,0,52,25,3
529.282,0,32279552,windows,0,3890,3655,27,0,0,0,0,0,0,14,12,1
529.512,1,32899072,windows,0,23795,23795,76,0,0,0,0,0,0,49,24,3
529.533,0,32295936,windows,0,3430,3215,26,0,0,0,0,0,0,14,11,1
529.779,1,32913408,windows,0,20845,20611.2,71,0,0,0,0,0,0,47,22,2
529.784,0,32313344,windows,0,3310,3115,27,0,0,0,0,0,0,16,10,1
530.039,0,32331776,windows,0,3310,3115,27,0,0,0,0,0,0,16,10,1
530.04,1,32927744,windows,0,16585,16585,64,0,0,0,0,0,0,43,19,2
530.292,0,32350208,windows,0,3010,2815,25,0,0,0,0,0,0,14,10,1
530.303,1,32942080,windows,0,16525,15926.2,63,0,0,0,0,0,0,41,20,2
530.55,0,32368640,windows,0,3010,2815,25,0,0,0,0,0,0,14,10,1
530.561,1,32956416,windows,0,14560,14371.2,59,0,0,0,0,0,0,38,19,2
530.803,0,32387072,windows,0,2875,2680,24,0,0,0,0,0,0,13,10,1
530.823,1,32970752,windows,0,13445,13445,57,0,0,0,0,0,0,37,18,2
531.055,0,32405504,windows,0,2875,2680,24,0,0,0,0,0,0,13,10,1
531.078,1,32988160,windows,0,12725,12551.2,55,0,0,0,0,0,0,35,18,2
531.318,0,32422912,windows,0,2875,2680,24,0,0,0,0,0,0,13,10,1
531.341,1,33005568,windows,0,11345,11181.2,52,0,0,0,0,0,0,33,17,2
531.583,0,32441344,windows,0,2875,2680,24,0,0,0,0,0,0,13,10,1
531.605,1,33022976,windows,0,10595,10572.5,50,0,0,0,0,0,0,33,16,1
531.846,0,32458752,windows,0,2875,2680,24,0,0,0,0,0,0,13,10,1
531.859,1,33039360,windows,0,9955,9617.5,48,0,0,0,0,0,0,31,16,1
532.102,0,32478208,windows,0,65,65,4,0,0,0,0,0,0,3,1,0
532.119,1,33057792,windows,0,9030,9007.5,46,0,0,0,0,0,0,30,15,1
532.361,0,32501760,windows,0,65,65,4,0,0,0,0,0,0,3,1,0
532.375,1,33076224,windows,0,8450,8427.5,45,0,0,0,0,0,0,30,14,1
532.621,0,32524288,windows,0,65,65,4,0,0,0,0,0,0,3,1,0
532.635,1,33093632,windows,0,7615,7448.75,43,0,0,0,0,0,0,29,13,1
532.883,0,32543744,repair,0,65,65,4,0,0,0,0,0,0,3,1,0
532.887,1,33110016,windows,0,6370,6208.75,40,0,0,0,0,0,0,28,11,1
533.144,0,32562176,windows,0,65,65,4,0,0,0,0,0,0,3,1,0
533.153,1,33127424,windows,0,6370,6208.75,40,0,0,0,0,0,0,28,11,1
533.404,1,33144832,windows,0,6095,5938.75,39,0,0,0,0,0,0,27,11,1
533.406,0,32579584,windows,0,65,65,4,0,0,0,0,0,0,3,1,0
533.66,0,32596992,windows,0,65,65,4,0,0,0,0,0,0,3,1,0
533.666,1,33162240,windows,0,5830,5463.75,38,0,0,0,0,0,0,26,11,1
533.917,1,33179648,windows,0,5575,5337.5,37,0,0,0,0,0,0,25,11,1
533.927,0,32615424,windows,0,65,65,4,0,0,0,0,0,0,3,1,0
534.169,1,33196032,windows,0,5575,5337.5,37,0,0,0,0,0,0,25,11,1
534.186,0,32631808,windows,0,65,65,4,0,0,0,0,0,0,3,1,0
534.428,1,33212416,windows,0,4910,4692.5,35,0,0,0,0,0,0,24,10,1
534.445,0,32649216,windows,0,65,65,4,0,0,0,0,0,0,3,1,0
534.682,1,33229824,windows,0,4675,4457.5,34,0,0,0,0,0,0,23,10,1
534.703,0,32666624,windows,0,65,65,4,0,0,0,0,0,0,3,1,0
534.936,1,33247232,windows,0,4450,4232.5,33,0,0,0,0,0,0,22,10,1
534.961,0,32684032,windows,0,65,65,4,0,0,0,0,0,0,3,1,0
535.193,1,33265664,windows,0,4040,3865,31,0,0,0,0,0,0,22,9,0
535.219,0,32702464,windows,0,65,65,4,0,0,0,0,0,0,3,1,0
535.45,1,33284096,windows,0,4040,3865,31,0,0,0,0,0,0,22,9,0
535.475,0,32720896,windows,0,65,65,4,0,0,0,0,0,0,3,1,0
535.707,1,33303552,windows,0,4040,3865,31,0,0,0,0,0,0,22,9,0
535.739,0,32739328,windows,0,65,65,4,0,0,0,0,0,0,3,1,0
535.963,1,33319936,windows,0,4040,3865,31,0,0,0,0,0,0,22,9,0
536.006,0,32755712,windows,0,65,65,4,0,0,0,0,0,0,3,1,0
536.224,1,33335296,windows,0,3700,3591.25,30,0,0,0,0,0,0,22,8,0
536.266,0,32772096,windows,0,65,65,4,0,0,0,0,0,0,3,1,0
536.49,1,33351680,windows,0,3700,3591.25,30,0,0,0,0,0,0,22,8,0
536.519,0,32788480,windows,0,65,65,4,0,0,0,0,0,0,3,1,0
536.745,1,33367040,windows,0,3485,3226.25,29,0,0,0,0,0,0,21,8,0
536.78,0,32804864,windows,0,65,65,4,0,0,0,0,0,0,3,1,0
537.004,1,33384448,windows,0,3485,3226.25,29,0,0,0,0,0,0,21,8,0
537.038,0,32824320,windows,0,65,65,4,0,0,0,0,0,0,3,1,0
537.255,1,33399808,windows,0,3485,3226.25,29,0,0,0,0,0,0,21,8,0
537.291,0,32845824,windows,0,65,65,4,0,0,0,0,0,0,3,1,0
537.517,1,33416192,windows,0,3485,3226.25,29,0,0,0,0,0,0,21,8,0
537.544,0,32864256,windows,0,65,65,4,0,0,0,0,0,0,3,1,0
537.77,1,33432576,windows,0,3280,3026.25,28,0,0,0,0,0,0,20,8,0
537.805,0,32882688,windows,0,65,65,4,0,0,0,0,0,0,3,1,0
538.026,1,33446912,windows,0,3280,3026.25,28,0,0,0,0,0,0,20,8,0
538.069,0,32899072,windows,0,65,65,4,0,0,0,0,0,0,3,1,0
538.282,1,33462272,windows,0,3280,3026.25,28,0,0,0,0,0,0,20,8,0
538.329,0,32915456,windows,0,65,65,4,0,0,0,0,0,0,3,1,0
538.538,1,33477632,windows,0,3280,3026.25,28,0,0,0,0,0,0,20,8,0
538.584,0,32930816,windows,0,65,65,4,0,0,0,0,0,0,3,1,0
538.799,1,33494016,windows,0,3280,3026.25,28,0,0,0,0,0,0,20,8,0
538.844,0,32948224,windows,0,65,65,4,0,0,0,0,0,0,3,1,0
539.059,1,33510400,windows,0,3280,3026.25,28,0,0,0,0,0,0,20,8,0
539.11,0,32965632,windows,0,65,65,4,0,0,0,0,0,0,3,1,0
539.31,1,33526784,windows,0,65,65,4,0,0,0,0,0,0,3,1,0
539.367,0,32983040,windows,0,65,65,4,0,0,0,0,0,0,3,1,0
539.563,1,33545216,windows,0,65,65,4,0,0,0,0,0,0,3,1,0
539.625,0,33000448,windows,0,65,65,4,0,0,0,0,0,0,3,1,0
539.814,1,33563648,windows,0,65,65,4,0,0,0,0,0,0,3,1,0
539.888,0,33018880,windows,0,65,65,4,0,0,0,0,0,0,3,1,0
540.073,1,33582080,windows,0,65,65,4,0,0,0,0,0,0,3,1,0
540.145,0,33037312,windows,0,65,65,4,0,0,0,0,0,0,3,1,0
540.324,1,33598464,windows,0,65,65,4,0,0,0,0,0,0,3,1,0
540.402,0,33056768,windows,0,65,65,4,0,0,0,0,0,0,3,1,0
540.575,1,33614848,windows,0,65,65,4,0,0,0,0,0,0,3,1,0
540.668,0,33075200,windows,0,65,65,4,0,0,0,0,0,0,3,1,0
540.828,1,33632256,windows,0,65,65,4,0,0,0,0,0,0,3,1,0
540.922,0,33094656,windows,0,65,65,4,0,0,0,0,0,0,3,1,0
541.081,1,33649664,windows,0,65,65,4,0,0,0,0,0,0,3,1,0
541.18,0,33113088,windows,0,65,65,4,0,0,0,0,0,0,3,1,0
541.341,1,33668096,windows,0,65,65,4,0,0,0,0,0,0,3,1,0
541.434,0,33129472,windows,0,65,65,4,0,0,0,0,0,0,3,1,0
541.605,1,33686528,windows,0,65,65,4,0,0,0,0,0,0,3,1,0
541.694,0,33145856,windows,0,65,65,4,0,0,0,0,0,0,3,1,0
541.855,1,33704960,windows,0,65,65,4,0,0,0,0,0,0,3,1,0
541.944,0,33163264,windows,0,65,65,4,0,0,0,0,0,0,3,1,0
542.115,1,33725440,windows,0,65,65,4,0,0,0,0,0,0,3,1,0
542.195,0,33181696,windows,0,65,65,4,0,0,0,0,0,0,3,1,0
542.368,1,33744896,windows,0,65,65,4,0,0,0,0,0,0,3,1,0
542.445,0,33200128,windows,0,65,65,4,0,0,0,0,0,0,3,1,0
542.629,1,33765376,windows,0,65,65,4,0,0,0,0,0,0,3,1,0
542.702,0,33216512,windows,0,65,65,4,0,0,0,0,0,0,3,1,0
542.889,1,33785856,repair,0,65,65,4,0,0,0,0,0,0,3,1,0
542.967,0,33233920,windows,0,65,65,4,0,0,0,0,0,0,3,1,0
543.146,1,33805312,repair,0,65,65,4,0,0,0,0,0,0,3,1,0
543.225,0,33253376,windows,0,65,65,4,0,0,0,0,0,0,3,1,0
543.399,1,33824768,repair,0,65,65,4,0,0,0,0,0,0,3,1,0
543.487,0,33272832,windows,0,65,65,4,0,0,0,0,0,0,3,1,0
543.655,1,33844224,repair,0,65,65,4,0,0,0,0,0,0,3,1,0
543.752,0,33289216,windows,0,65,65,4,0,0,0,0,0,0,3,1,0
543.916,1,33862656,windows,0,65,65,4,0,0,0,0,0,0,3,1,0
544.008,0,33305600,windows,0,65,65,4,0,0,0,0,0,0,3,1,0
544.177,1,33881088,windows,0,65,65,4,0,0,0,0,0,0,3,1,0
544.273,0,33321984,windows,0,65,65,4,0,0,0,0,0,0,3,1,0
544.433,1,33899520,windows,0,65,65,4,0,0,0,0,0,0,3,1,0
544.527,0,33336320,repair,0,65,65,4,0,0,0,0,0,0,3,1,0
544.692,1,33917952,windows,0,65,65,4,0,0,0,0,0,0,3,1,0
544.797,0,33350656,repair,0,65,65,4,0,0,0,0,0,0,3,1,0
544.954,1,33937408,windows,0,65,65,4,0,0,0,0,0,0,3,1,0
545.055,0,33363968,windows,0,65,65,4,0,0,0,0,0,0,3,1,0
545.216,1,33955840,windows,0,65,65,4,0,0,0,0,0,0,3,1,0
545.315,0,33377280,windows,0,65,65,4,0,0,0,0,0,0,3,1,0
545.467,1,33972224,windows,0,65,65,4,0,0,0,0,0,0,3,1,0
545.566,0,33390592,windows,0,65,65,4,0,0,0,0,0,0,3,1,0
545.72,1,33988608,windows,0,65,65,4,0,0,0,0,0,0,3,1,0
545.816,0,33404928,windows,0,65,65,4,0,0,0,0,0,0,3,1,0
545.971,1,34003968,windows,0,65,65,4,0,0,0,0,0,0,3,1,0
546.071,0,33419264,windows,0,65,65,4,0,0,0,0,0,0,3,1,0
546.224,1,34020352,windows,0,65,65,4,0,0,0,0,0,0,3,1,0
546.324,0,33434624,windows,0,65,65,4,0,0,0,0,0,0,3,1,0
546.484,1,34039808,windows,0,65,65,4,0,0,0,0,0,0,3,1,0
546.588,0,33452032,windows,0,65,65,4,0,0,0,0,0,0,3,1,0
546.744,1,34060288,windows,0,65,65,4,0,0,0,0,0,0,3,1,0
546.849,0,33469440,windows,0,65,65,4,0,0,0,0,0,0,3,1,0
546.999,1,34080768,windows,0,65,65,4,0,0,0,0,0,0,3,1,0
547.114,0,33486848,windows,0,65,65,4,0,0,0,0,0,0,3,1,0
547.255,1,34104320,windows,0,65,65,4,0,0,0,0,0,0,3,1,0
547.377,0,33504256,windows,0,65,65,4,0,0,0,0,0,0,3,1,0
547.516,1,34125824,windows,0,65,65,4,0,0,0,0,0,0,3,1,0
547.637,0,33519616,windows,0,65,65,4,0,0,0,0,0,0,3,1,0
547.779,1,34147328,repair,0,65,65,4,0,0,0,0,0,0,3,1,0
547.902,0,33537024,windows,0,65,65,4,0,0,0,0,0,0,3,1,0
548.03,1,34164736,windows,0,65,65,4,0,0,0,0,0,0,3,1,0
548.162,0,33552384,windows,0,65,65,4,0,0,0,0,0,0,3,1,0
548.287,1,34182144,windows,0,65,65,4,0,0,0,0,0,0,3,1,0
548.423,0,33568768,windows,0,65,65,4,0,0,0,0,0,0,3,1,0
548.546,1,34199552,windows,0,65,65,4,0,0,0,0,0,0,3,1,0
548.682,0,33585152,windows,0,65,65,4,0,0,0,0,0,0,3,1,0
548.802,1,34215936,windows,0,65,65,4,0,0,0,0,0,0,3,1,0
548.945,0,33603584,windows,0,65,65,4,0,0,0,0,0,0,3,1,0
549.055,1,34234368,windows,0,65,65,4,0,0,0,0,0,0,3,1,0
549.204,0,33622016,windows,0,65,65,4,0,0,0,0,0,0,3,1,0
549.314,1,34253824,windows,0,65,65,4,0,0,0,0,0,0,3,1,0
549.456,0,33639424,windows,0,65,65,4,0,0,0,0,0,0,3,1,0
549.571,1,34272256,windows,0,65,65,4,0,0,0,0,0,0,3,1,0
549.717,0,33657856,windows,0,65,65,4,0,0,0,0,0,0,3,1,0
549.826,1,34289664,windows,0,65,65,4,0,0,0,0,0,0,3,1,0
549.976,0,33675264,windows,0,65,65,4,0,0,0,0,0,0,3,1,0
550.079,1,34307072,windows,0,65,65,4,0,0,0,0,0,0,3,1,0
550.235,0,33689600,repair,749,2.76614e+08,2.76609e+08,7172,51,163,154,261,120,0,3939,3049,184
550.331,1,34324480,windows,0,65,65,4,0,0,0,0,0,0,3,1,0
550.485,0,33711104,repair,600,2.55533e+08,2.55528e+08,7053,37,115,106,234,108,0,4011,2880,162
550.584,1,34342912,windows,0,65,65,4,0,0,0,0,0,0,3,1,0
550.738,0,33731584,repair,482,2.51819e+08,2.51794e+08,7035,24,92,88,186,92,0,3978,2884,173
550.843,1,34361344,windows,0,65,65,4,0,0,0,0,0,0,3,1,0
550.992,0,33751040,repair,388,2.24391e+08,2.24391e+08,6655,24,76,70,129,89,0,3787,2727,141
551.097,1,34379776,windows,0,65,65,4,0,0,0,0,0,0,3,1,0
551.252,0,33771520,repair,295,2.1564e+08,2.1564e+08,6631,12,55,47,120,61,0,3861,2630,140
551.358,1,34399232,windows,0,65,65,4,0,0,0,0,0,0,3,1,0
551.512,0,33790976,repair,240,1.89395e+08,1.89376e+08,6255,13,44,35,96,52,0,3658,2454,143
551.62,1,34418688,windows,0,65,65,4,0,0,0,0,0,0,3,1,0
551.767,0,33810432,repair,173,1.79147e+08,1.79147e+08,6051,20,31,34,57,31,0,3541,2403,107
551.871,1,34438144,windows,0,65,65,4,0,0,0,0,0,0,3,1,0
552.029,0,33830912,repair,135,1.43951e+08,1.43948e+08,5541,7,19,18,56,35,0,3372,2078,91
552.124,1,34459648,windows,0,65,65,4,0,0,0,0,0,0,3,1,0
552.289,0,33850368,repair,97,1.342e+08,1.342e+08,5437,5,13,20,41,18,0,3386,1954,97
552.374,1,34479104,windows,0,65,65,4,0,0,0,0,0,0,3,1,0
552.54,0,33869824,repair,53,1.46241e+08,1.46179e+08,5591,2,8,5,24,14,0,3380,2106,105
552.63,1,34496512,windows,0,65,65,4,0,0,0,0,0,0,3,1,0
552.798,0,33889280,repair,28,1.28032e+08,1.27991e+08,5257,2,4,3,14,5,0,3232,1944,81
552.888,1,34513920,windows,0,65,65,4,0,0,0,0,0,0,3,1,0
553.058,0,33910784,repair,13,1.07352e+08,1.0735e+08,4927,1,2,0,8,2,0,3155,1694,78
553.151,1,34533376,windows,0,65,65,4,0,0,0,0,0,0,3,1,0
553.32,0,33930240,repair,6,9.56541e+07,9.56519e+07,4671,0,1,0,5,0,0,3012,1583,76
553.406,1,34549760,windows,0,65,65,4,0,0,0,0,0,0,3,1,0
553.571,0,33946624,windows,0,7.898e+07,7.89661e+07,4254,0,0,0,0,0,0,2768,1424,62
553.666,1,34565120,windows,0,65,65,4,0,0,0,0,0,0,3,1,0
553.823,0,33961984,windows,0,6.19404e+07,6.19388e+07,3794,0,0,0,0,0,0,2508,1233,53
553.931,1,34581504,windows,0,65,65,4,0,0,0,0,0,0,3,1,0
554.082,0,33978368,windows,0,4.97163e+07,4.9705e+07,3412,0,0,0,0,0,0,2261,1097,54
554.186,1,34597888,windows,0,65,65,4,0,0,0,0,0,0,3,1,0
554.335,0,33993728,windows,0,4.1191e+07,4.11793e+07,3118,0,0,0,0,0,0,2100,977,41
554.442,1,34614272,windows,0,65,65,4,0,0,0,0,0,0,3,1,0
554.592,0,34009088,windows,0,3.34997e+07,3.34806e+07,2794,0,0,0,0,0,0,1858,900,36
554.701,1,34630656,windows,0,65,65,4,0,0,0,0,0,0,3,1,0
554.857,0,34025472,windows,0,2.74899e+07,2.74646e+07,2544,0,0,0,0,0,0,1724,794,26
554.959,1,34648064,windows,0,65,65,4,0,0,0,0,0,0,3,1,0
555.117,0,34041856,windows,0,2.26542e+07,2.26542e+07,2314,0,0,0,0,0,0,1568,719,27
555.22,1,34666496,windows,0,65,65,4,0,0,0,0,0,0,3,1,0
555.373,0,34058240,windows,0,1.89343e+07,1.89261e+07,2117,0,0,0,0,0,0,1412,668,37
555.479,1,34683904,windows,0,65,65,4,0,0,0,0,0,0,3,1,0
555.635,0,34074624,windows,0,1.49777e+07,1.49661e+07,1894,0,0,0,0,0,0,1286,578,30
555.731,1,34701312,windows,0,65,65,4,0,0,0,0,0,0,3,1,0
555.898,0,34091008,windows,0,1.23252e+07,1.23147e+07,1720,0,0,0,0,0,0,1163,526,31
555.985,1,34719744,windows,0,65,65,4,0,0,0,0,0,0,3,1,0
556.154,0,34107392,windows,0,1.0443e+07,1.04366e+07,1594,0,0,0,0,0,0,1088,474,32
556.242,1,34736128,repair,773,2.484e+08,2.48318e+08,6889,60,174,135,261,143,0,3889,2817,183
556.411,0,34124800,windows,0,8.66063e+06,8.6548e+06,1456,0,0,0,0,0,0,1006,423,27
556.497,1,34757632,repair,592,2.60738e+08,2.60733e+08,7209,38,121,95,223,115,0,4180,2867,162
556.663,0,34140160,windows,0,7.30499e+06,7.30499e+06,1341,0,0,0,0,0,0,924,388,29
556.748,1,34777088,repair,485,2.41963e+08,2.41883e+08,6922,28,80,82,192,103,0,3966,2801,155
556.926,0,34156544,windows,0,5.98018e+06,5.97324e+06,1215,0,0,0,0,0,0,843,347,25
557.003,1,34797568,repair,374,2.22586e+08,2.22513e+08,6715,24,59,64,141,86,0,3910,2667,138
557.178,0,34172928,windows,0,5.02861e+06,5.02466e+06,1117,0,0,0,0,0,0,790,308,19
557.262,1,34819072,repair,299,1.88926e+08,1.88877e+08,6238,15,47,54,122,61,0,3661,2441,136
557.435,0,34190336,windows,0,4.18133e+06,4.17712e+06,1021,0,0,0,0,0,0,718,282,21
557.521,1,34839552,repair,234,1.79217e+08,1.79151e+08,6132,14,38,43,90,49,0,3662,2350,120
557.691,0,34207744,windows,0,3.40716e+06,3.40716e+06,911,0,0,0,0,0,0,615,274,22
557.774,1,34860032,repair,161,1.70377e+08,1.70359e+08,6012,11,22,26,61,41,0,3630,2275,107
557.948,0,34223104,windows,0,2.79122e+06,2.7862e+06,819,0,0,0,0,0,0,552,251,16
558.037,1,34880512,repair,120,1.53223e+08,1.53177e+08,5690,2,21,19,48,30,0,3433,2164,93
558.199,0,34238464,windows,0,2.35499e+06,2.35455e+06,763,0,0,0,0,0,0,532,216,15
558.298,1,34899968,repair,86,1.3511e+08,1.35093e+08,5391,6,11,11,43,15,0,3307,2000,84
558.464,0,34254848,windows,0,1.96548e+06,1.96257e+06,698,0,0,0,0,0,0,481,200,17
558.559,1,34918400,repair,47,1.42388e+08,1.42385e+08,5482,4,12,7,19,5,0,3304,2092,86
558.724,0,34271232,windows,0,1.69528e+06,1.69528e+06,650,0,0,0,0,0,0,453,182,15
558.821,1,34936832,repair,31,1.15624e+08,1.15624e+08,5106,2,3,6,13,7,0,3268,1761,77
558.981,0,34285568,windows,0,1.32388e+06,1.32388e+06,571,0,0,0,0,0,0,386,169,16
559.079,1,34954240,repair,13,1.07548e+08,1.07514e+08,4930,0,1,1,6,5,0,3150,1699,81
559.245,0,34300928,windows,0,1.06998e+06,1.06998e+06,517,0,0,0,0,0,0,359,145,13
559.345,1,34972672,repair,7,9.45904e+07,9.45881e+07,4610,0,2,1,3,1,0,2929,1605,76
559.5,0,34316288,windows,0,895570,895188,478,0,0,0,0,0,0,340,125,13
559.608,1,34991104,repair,1,8.6362e+07,8.63175e+07,4439,0,0,0,0,1,0,2853,1508,78
559.757,0,34332672,windows,0,771335,771335,439,0,0,0,0,0,0,305,123,11
559.872,1,35010560,windows,0,6.43539e+07,6.43157e+07,3837,0,0,0,0,0,0,2482,1293,62
560.015,0,34349056,windows,0,597515,595360,386,0,0,0,0,0,0,269,108,9
560.132,1,35027968,windows,0,5.12972e+07,5.12858e+07,3457,0,0,0,0,0,0,2284,1121,52
560.27,0,34365440,windows,0,456805,455379,339,0,0,0,0,0,0,239,92,8
560.388,1,35045376,windows,0,4.14927e+07,4.14911e+07,3141,0,0,0,0,0,0,2107,980,54
560.525,0,34381824,windows,0,380775,377924,313,0,0,0,0,0,0,231,75,7
560.649,1,35061760,windows,0,3.25733e+07,3.25642e+07,2763,0,0,0,0,0,0,1817,894,52
560.78,0,34397184,windows,0,324520,323279,287,0,0,0,0,0,0,202,77,8
560.914,1,35079168,windows,0,2.65315e+07,2.65067e+07,2526,0,0,0,0,0,0,1734,757,35
561.036,0,34413568,windows,0,272020,270869,263,0,0,0,0,0,0,184,71,8
561.173,1,35096576,windows,0,2.18611e+07,2.18482e+07,2335,0,0,0,0,0,0,1643,644,48
561.29,0,34429952,windows,0,198080,197361,220,0,0,0,0,0,0,144,68,8
561.432,1,35115008,windows,0,1.79067e+07,1.79067e+07,2085,0,0,0,0,0,0,1415,626,44
561.553,0,34447360,windows,0,164605,164372,201,0,0,0,0,0,0,131,62,8
561.686,1,35130368,windows,0,1.44003e+07,1.44003e+07,1893,0,0,0,0,0,0,1330,525,38
561.804,0,34463744,windows,0,146675,145278,188,0,0,0,0,0,0,121,60,7
561.94,1,35147776,windows,0,1.17054e+07,1.17054e+07,1686,0,0,0,0,0,0,1150,503,33
562.059,0,34481152,windows,0,127070,126868,177,0,0,0,0,0,0,116,54,7
562.203,1,35165184,windows,0,9.7404e+06,9.72546e+06,1552,0,0,0,0,0,0,1091,434,27
562.325,0,34498560,windows,0,90805,90128.8,151,0,0,0,0,0,0,101,44,6
562.468,1,35182592,windows,0,8.16262e+06,8.15677e+06,1426,0,0,0,0,0,0,1005,393,28
562.579,0,34515968,windows,0,77405,76788.8,141,0,0,0,0,0,0,101,36,4
562.719,1,35197952,windows,0,6.49908e+06,6.48688e+06,1270,0,0,0,0,0,0,895,352,23
562.832,0,34533376,windows,0,65495,64978.8,127,0,0,0,0,0,0,87,37,3
562.981,1,35214336,windows,0,5.47095e+06,5.47045e+06,1166,0,0,0,0,0,0,834,315,17
563.099,0,34550784,windows,0,60370,59858.8,123,0,0,0,0,0,0,86,34,3
563.245,1,35230720,windows,0,4.63685e+06,4.63641e+06,1078,0,0,0,0,0,0,784,279,15
563.359,0,34567168,windows,0,45970,45887.5,108,0,0,0,0,0,0,76,29,3
563.507,1,35247104,windows,0,3.99236e+06,3.98836e+06,996,0,0,0,0,0,0,711,270,15
563.622,0,34584576,windows,0,37730,37647.5,97,0,0,0,0,0,0,66,28,3
563.759,1,35262464,windows,0,3.17552e+06,3.167e+06,883,0,0,0,0,0,0,618,251,14
563.878,0,34600960,windows,0,32675,32351.2,90,0,0,0,0,0,0,65,24,1
564.021,1,35278848,windows,0,2.61629e+06,2.61597e+06,808,0,0,0,0,0,0,584,213,11
564.14,0,34618368,windows,0,27795,27511.2,82,0,0,0,0,0,0,57,24,1
564.278,1,35296256,windows,0,2.16725e+06,2.16687e+06,729,0,0,0,0,0,0,506,210,13
564.393,0,34635776,windows,0,24130,24130,76,0,0,0,0,0,0,52,23,1
564.54,1,35313664,windows,0,1.81922e+06,1.81887e+06,679,0,0,0,0,0,0,496,171,12
564.658,0,34653184,windows,0,19855,19855,67,0,0,0,0,0,0,43,23,1
564.804,1,35330048,windows,0,1.3281e+06,1.32501e+06,576,0,0,0,0,0,0,411,155,10
564.924,0,34669568,windows,0,18155,18155,66,0,0,0,0,0,0,45,20,1
565.072,1,35344384,windows,0,1.09176e+06,1.08872e+06,526,0,0,0,0,0,0,379,136,11
565.18,0,34683904,windows,0,18155,18155,66,0,0,0,0,0,0,45,20,1
565.332,1,35358720,windows,0,905915,903038,478,0,0,0,0,0,0,339,128,11
565.438,0,34698240,windows,0,15635,15046.2,60,0,0,0,0,0,0,39,20,1
565.592,1,35373056,windows,0,778630,778368,442,0,0,0,0,0,0,314,119,9
565.692,0,34712576,windows,0,14855,14286.2,59,0,0,0,0,0,0,39,19,1
565.859,1,35387392,windows,0,670915,670652,410,0,0,0,0,0,0,289,112,9
565.943,0,34725888,windows,0,13030,12841.2,56,0,0,0,0,0,0,38,17,1
566.125,1,35400704,windows,0,500915,500652,352,0,0,0,0,0,0,241,102,9
566.211,0,34740224,windows,0,13030,12841.2,56,0,0,0,0,0,0,38,17,1
566.384,1,35414016,windows,0,413960,413960,320,0,0,0,0,0,0,224,90,6
566.47,0,34754560,windows,0,11750,11561.2,54,0,0,0,0,0,0,38,15,1
566.644,1,35428352,windows,0,349250,348201,295,0,0,0,0,0,0,210,80,5
566.72,0,34767872,windows,0,9535,9361.25,49,0,0,0,0,0,0,35,13,1
566.899,1,35441664,windows,0,296510,296510,273,0,0,0,0,0,0,196,72,5
566.98,0,34782208,windows,0,8450,8301.25,45,0,0,0,0,0,0,30,14,1
567.159,1,35456000,windows,0,257035,257035,254,0,0,0,0,0,0,187,64,3
567.234,0,34796544,windows,0,8450,8301.25,45,0,0,0,0,0,0,30,14,1
567.409,1,35469312,windows,0,199345,198541,222,0,0,0,0,0,0,161,59,2
567.492,0,34810880,windows,0,7380,6996.25,42,0,0,0,0,0,0,30,12,0
567.675,1,35483648,windows,0,154670,154588,193,0,0,0,0,0,0,132,58,3
567.756,0,34825216,windows,0,7085,6706.25,41,0,0,0,0,0,0,29,12,0
567.935,1,35499008,windows,0,134060,134008,181,0,0,0,0,0,0,128,51,2
568.009,0,34839552,windows,0,6525,6290,39,0,0,0,0,0,0,27,12,0
568.194,1,35515392,windows,0,120140,119112,171,0,0,0,0,0,0,120,49,2
568.264,0,34853888,windows,0,6260,6025,38,0,0,0,0,0,0,26,12,0
568.457,1,35531776,windows,0,97600,96692.5,155,0,0,0,0,0,0,110,43,2
568.527,0,34868224,windows,0,6005,5770,37,0,0,0,0,0,0,25,12,0
568.719,1,35547136,windows,0,62690,61955,122,0,0,0,0,0,0,84,37,1
568.786,0,34882560,windows,0,6005,5770,37,0,0,0,0,0,0,25,12,0
568.97,1,35562496,windows,0,54075,53360,112,0,0,0,0,0,0,75,36,1
569.054,0,34897920,windows,0,5300,5085,35,0,0,0,0,0,0,24,11,0
569.229,1,35578880,windows,0,46130,46130,107,0,0,0,0,0,0,78,28,1
569.307,0,34912256,windows,0,5300,5085,35,0,0,0,0,0,0,24,11,0
569.486,1,35593216,windows,0,42080,41658.8,103,0,0,0,0,0,0,74,27,2
569.576,0,34927616,windows,0,5300,5085,35,0,0,0,0,0,0,24,11,0
569.754,1,35607552,windows,0,33330,32855,91,0,0,0,0,0,0,66,24,1
569.826,0,34940928,windows,0,4880,4685,34,0,0,0,0,0,0,24,10,0
570.014,1,35620864,windows,0,26635,26635,82,0,0,0,0,0,0,61,20,1
570.076,0,34955264,windows,0,4160,4041.25,32,0,0,0,0,0,0,24,8,0
570.275,1,35634176,windows,0,24070,24070,78,0,0,0,0,0,0,58,19,1
570.337,0,34970624,windows,0,3860,3741.25,31,0,0,0,0,0,0,24,7,0
570.529,1,35647488,windows,0,22930,22930,76,0,0,0,0,0,0,56,19,1
570.595,0,34985984,windows,0,3625,3511.25,30,0,0,0,0,0,0,23,7,0
570.788,1,35660800,windows,0,22075,21811.2,74,0,0,0,0,0,0,53,20,1
570.847,0,35000320,windows,0,3625,3511.25,30,0,0,0,0,0,0,23,7,0
571.056,1,35675136,windows,0,20770,20770,72,0,0,0,0,0,0,52,19,1
571.113,0,35016704,windows,0,3625,3511.25,30,0,0,0,0,0,0,23,7,0
571.315,1,35688448,windows,0,16930,16555,64,0,0,0,0,0,0,44,19,1
571.367,0,35032064,windows,0,3625,3511.25,30,0,0,0,0,0,0,23,7,0
571.58,1,35701760,windows,0,15490,15155,62,0,0,0,0,0,0,44,17,1
571.629,0,35047424,windows,0,3400,3291.25,29,0,0,0,0,0,0,22,7,0
571.843,1,35716096,windows,0,14215,13880,59,0,0,0,0,0,0,41,17,1
571.885,0,35062784,windows,0,3185,3185,28,0,0,0,0,0,0,21,7,0
572.094,1,35729408,windows,0,11630,11136.2,53,0,0,0,0,0,0,36,16,1
572.141,0,35078144,windows,0,3140,3140,28,0,0,0,0,0,0,22,6,0
572.358,1,35743744,windows,0,11275,10786.2,52,0,0,0,0,0,0,35,16,1
572.399,0,35094528,windows,0,2925,2821.25,27,0,0,0,0,0,0,21,6,0
572.62,1,35758080,windows,0,10270,10111.2,49,0,0,0,0,0,0,32,16,1
572.67,0,35111936,windows,0,2925,2821.25,27,0,0,0,0,0,0,21,6,0
572.878,1,35771392,windows,0,10270,10111.2,49,0,0,0,0,0,0,32,16,1
572.922,0,35128320,windows,0,2525,2431.25,25,0,0,0,0,0,0,19,6,0
573.137,1,35784704,windows,0,9955,9955,48,0,0,0,0,0,0,31,16,1
573.187,0,35145728,windows,0,2525,2431.25,25,0,0,0,0,0,0,19,6,0
573.399,1,35799040,windows,0,9650,9650,48,0,0,0,0,0,0,32,15,1
573.445,0,35162112,windows,0,2525,2431.25,25,0,0,0,0,0,0,19,6,0
573.65,1,35812352,windows,0,9335,9335,47,0,0,0,0,0,0,31,15,1
573.707,0,35178496,windows,0,2525,2431.25,25,0,0,0,0,0,0,19,6,0
573.922,1,35826688,windows,0,9070,9070,47,0,0,0,0,0,0,32,14,1
573.958,0,35194880,windows,0,65,65,4,0,0,0,0,0,0,3,1,0
574.179,1,35840000,windows,0,9070,9070,47,0,0,0,0,0,0,32,14,1
574.219,0,35212288,windows,0,65,65,4,0,0,0,0,0,0,3,1,0
574.446,1,35854336,windows,0,8450,8450,45,0,0,0,0,0,0,30,14,1
574.479,0,35230720,windows,0,65,65,4,0,0,0,0,0,0,3,1,0
574.707,1,35868672,windows,0,8450,8450,45,0,0,0,0,0,0,30,14,1
574.734,0,35248128,windows,0,65,65,4,0,0,0,0,0,0,3,1,0
574.963,1,35883008,windows,0,8450,8450,45,0,0,0,0,0,0,30,14,1
574.987,0,35266560,windows,0,65,65,4,0,0,0,0,0,0,3,1,0
575.229,1,35897344,windows,0,8155,8155,44,0,0,0,0,0,0,29,14,1
575.246,0,35281920,windows,0,65,65,4,0,0,0,0,0,0,3,1,0
575.482,1,35911680,windows,0,8155,8155,44,0,0,0,0,0,0,29,14,1
575.508,0,35298304,windows,0,65,65,4,0,0,0,0,0,0,3,1,0
575.749,1,35927040,windows,0,8155,8155,44,0,0,0,0,0,0,29,14,1
575.765,0,35313664,windows,0,65,65,4,0,0,0,0,0,0,3,1,0
576.004,1,35943424,windows,0,8155,8155,44,0,0,0,0,0,0,29,14,1
576.018,0,35329024,windows,0,65,65,4,0,0,0,0,0,0,3,1,0
576.257,1,35963904,windows,0,65,65,4,0,0,0,0,0,0,3,1,0
576.276,0,35344384,windows,0,65,65,4,0,0,0,0,0,0,3,1,0
576.507,1,35986432,windows,0,65,65,4,0,0,0,0,0,0,3,1,0
576.528,0,35358720,windows,0,65,65,4,0,0,0,0,0,0,3,1,0
576.757,1,36008960,repair,0,65,65,4,0,0,0,0,0,0,3,1,0
576.782,0,35376128,windows,0,65,65,4,0,0,0,0,0,0,3,1,0
577.016,1,36030464,windows,0,65,65,4,0,0,0,0,0,0,3,1,0
577.033,0,35394560,windows,0,65,65,4,0,0,0,0,0,0,3,1,0
577.276,1,36049920,windows,0,65,65,4,0,0,0,0,0,0,3,1,0
577.295,0,35415040,windows,0,65,65,4,0,0,0,0,0,0,3,1,0
577.538,1,36068352,windows,0,65,65,4,0,0,0,0,0,0,3,1,0
577.548,0,35431424,windows,0,65,65,4,0,0,0,0,0,0,3,1,0
577.795,1,36086784,windows,0,65,65,4,0,0,0,0,0,0,3,1,0
577.802,0,35445760,windows,0,65,65,4,0,0,0,0,0,0,3,1,0
578.049,1,36103168,windows,0,65,65,4,0,0,0,0,0,0,3,1,0
578.057,0,35461120,windows,0,65,65,4,0,0,0,0,0,0,3,1,0
578.305,1,36119552,windows,0,65,65,4,0,0,0,0,0,0,3,1,0
578.318,0,35477504,windows,0,65,65,4,0,0,0,0,0,0,3,1,0
578.56,1,36136960,windows,0,65,65,4,0,0,0,0,0,0,3,1,0
578.571,0,35491840,windows,0,65,65,4,0,0,0,0,0,0,3,1,0
578.812,1,36154368,windows,0,65,65,4,0,0,0,0,0,0,3,1,0
578.822,0,35506176,windows,0,65,65,4,0,0,0,0,0,0,3,1,0
579.064,1,36171776,windows,0,65,65,4,0,0,0,0,0,0,3,1,0
579.073,0,35521536,windows,0,65,65,4,0,0,0,0,0,0,3,1,0
579.321,1,36189184,windows,0,65,65,4,0,0,0,0,0,0,3,1,0
579.331,0,35536896,windows,0,65,65,4,0,0,0,0,0,0,3,1,0
579.578,1,36207616,windows,0,65,65,4,0,0,0,0,0,0,3,1,0
579.591,0,35553280,repair,0,65,65,4,0,0,0,0,0,0,3,1,0
579.838,1,36228096,windows,0,65,65,4,0,0,0,0,0,0,3,1,0
579.846,0,35568640,windows,0,65,65,4,0,0,0,0,0,0,3,1,0
580.093,1,36247552,windows,0,65,65,4,0,0,0,0,0,0,3,1,0
580.109,0,35584000,windows,0,65,65,4,0,0,0,0,0,0,3,1,0
580.346,1,36264960,windows,0,65,65,4,0,0,0,0,0,0,3,1,0
580.375,0,35599360,windows,0,65,65,4,0,0,0,0,0,0,3,1,0
580.598,1,36283392,windows,0,65,65,4,0,0,0,0,0,0,3,1,0
580.63,0,35612672,windows,0,65,65,4,0,0,0,0,0,0,3,1,0
580.862,1,36300800,windows,0,65,65,4,0,0,0,0,0,0,3,1,0
580.881,0,35625984,windows,0,65,65,4,0,0,0,0,0,0,3,1,0
581.112,1,36317184,windows,0,65,65,4,0,0,0,0,0,0,3,1,0
581.138,0,35639296,windows,0,65,65,4,0,0,0,0,0,0,3,1,0
581.365,1,36334592,windows,0,65,65,4,0,0,0,0,0,0,3,1,0
581.405,0,35653632,windows,0,65,65,4,0,0,0,0,0,0,3,1,0
581.628,1,36353024,windows,0,65,65,4,0,0,0,0,0,0,3,1,0
581.673,0,35666944,windows,0,65,65,4,0,0,0,0,0,0,3,1,0
581.89,1,36371456,windows,0,65,65,4,0,0,0,0,0,0,3,1,0
581.925,0,35681280,windows,0,65,65,4,0,0,0,0,0,0,3,1,0
582.146,1,36390912,windows,0,65,65,4,0,0,0,0,0,0,3,1,0
582.178,0,35694592,windows,0,65,65,4,0,0,0,0,0,0,3,1,0
582.402,1,36410368,windows,0,65,65,4,0,0,0,0,0,0,3,1,0
582.432,0,35708928,windows,0,65,65,4,0,0,0,0,0,0,3,1,0
582.661,1,36431872,windows,0,65,65,4,0,0,0,0,0,0,3,1,0
582.7,0,35723264,windows,0,65,65,4,0,0,0,0,0,0,3,1,0
582.92,1,36452352,windows,0,65,65,4,0,0,0,0,0,0,3,1,0
582.951,0,35737600,windows,0,65,65,4,0,0,0,0,0,0,3,1,0
583.17,1,36472832,windows,0,65,65,4,0,0,0,0,0,0,3,1,0
583.203,0,35750912,windows,0,65,65,4,0,0,0,0,0,0,3,1,0
583.427,1,36493312,windows,0,65,65,4,0,0,0,0,0,0,3,1,0
583.463,0,35764224,windows,0,65,65,4,0,0,0,0,0,0,3,1,0
583.689,1,36512768,repair,0,65,65,4,0,0,0,0,0,0,3,1,0
583.724,0,35778560,windows,0,65,65,4,0,0,0,0,0,0,3,1,0
583.943,1,36530176,windows,0,65,65,4,0,0,0,0,0,0,3,1,0
583.976,0,35792896,windows,0,65,65,4,0,0,0,0,0,0,3,1,0
584.199,1,36545536,windows,0,65,65,4,0,0,0,0,0,0,3,1,0
584.228,0,35807232,windows,0,65,65,4,0,0,0,0,0,0,3,1,0
584.466,1,36561920,windows,0,65,65,4,0,0,0,0,0,0,3,1,0
584.478,0,35821568,windows,0,65,65,4,0,0,0,0,0,0,3,1,0
584.729,1,36579328,windows,0,65,65,4,0,0,0,0,0,0,3,1,0
584.734,0,35836928,repair,0,65,65,4,0,0,0,0,0,0,3,1,0
584.988,1,36596736,windows,0,65,65,4,0,0,0,0,0,0,3,1,0
584.992,0,35852288,windows,0,65,65,4,0,0,0,0,0,0,3,1,0
585.243,1,36614144,windows,0,65,65,4,0,0,0,0,0,0,3,1,0
585.262,0,35867648,windows,0,65,65,4,0,0,0,0,0,0,3,1,0
585.501,1,36630528,windows,0,65,65,4,0,0,0,0,0,0,3,1,0
585.52,0,35880960,windows,0,65,65,4,0,0,0,0,0,0,3,1,0
585.76,1,36646912,windows,0,65,65,4,0,0,0,0,0,0,3,1,0
585.771,0,35894272,windows,0,65,65,4,0,0,0,0,0,0,3,1,0
586.015,1,36662272,windows,0,65,65,4,0,0,0,0,0,0,3,1,0
586.038,0,35908608,windows,0,65,65,4,0,0,0,0,0,0,3,1,0
586.273,1,36678656,windows,0,65,65,4,0,0,0,0,0,0,3,1,0
586.292,0,35922944,windows,0,65,65,4,0,0,0,0,0,0,3,1,0
586.524,1,36695040,windows,0,65,65,4,0,0,0,0,0,0,3,1,0
586.555,0,35937280,windows,0,65,65,4,0,0,0,0,0,0,3,1,0
586.774,1,36711424,windows,0,65,65,4,0,0,0,0,0,0,3,1,0
586.807,0,35950592,windows,0,65,65,4,0,0,0,0,0,0,3,1,0
587.033,1,36729856,windows,0,65,65,4,0,0,0,0,0,0,3,1,0
587.07,0,35964928,windows,0,65,65,4,0,0,0,0,0,0,3,1,0
587.287,1,36748288,windows,0,65,65,4,0,0,0,0,0,0,3,1,0
587.323,0,35978240,windows,0,65,65,4,0,0,0,0,0,0,3,1,0
587.548,1,36766720,windows,0,65,65,4,0,0,0,0,0,0,3,1,0
587.591,0,35991552,windows,0,65,65,4,0,0,0,0,0,0,3,1,0
587.8,1,36785152,windows,0,65,65,4,0,0,0,0,0,0,3,1,0
587.858,0,36004864,windows,0,65,65,4,0,0,0,0,0,0,3,1,0
588.053,1,36803584,windows,0,65,65,4,0,0,0,0,0,0,3,1,0
588.118,0,36019200,windows,0,65,65,4,0,0,0,0,0,0,3,1,0
588.305,1,36822016,windows,0,65,65,4,0,0,0,0,0,0,3,1,0
588.385,0,36033536,windows,0,65,65,4,0,0,0,0,0,0,3,1,0
588.565,1,36841472,windows,0,65,65,4,0,0,0,0,0,0,3,1,0
588.642,0,36046848,windows,0,65,65,4,0,0,0,0,0,0,3,1,0
588.828,1,36861952,windows,0,65,65,4,0,0,0,0,0,0,3,1,0
588.901,0,36060160,windows,0,65,65,4,0,0,0,0,0,0,3,1,0
589.087,1,36884480,windows,0,65,65,4,0,0,0,0,0,0,3,1,0
589.153,0,36072448,repair,0,65,65,4,0,0,0,0,0,0,3,1,0
589.337,1,36903936,repair,0,65,65,4,0,0,0,0,0,0,3,1,0
589.417,0,36087808,repair,0,65,65,4,0,0,0,0,0,0,3,1,0
589.596,1,36923392,windows,0,65,65,4,0,0,0,0,0,0,3,1,0
589.676,0,36104192,repair,0,65,65,4,0,0,0,0,0,0,3,1,0
589.862,1,36941824,windows,0,65,65,4,0,0,0,0,0,0,3,1,0
589.929,0,36118528,windows,0,65,65,4,0,0,0,0,0,0,3,1,0
590.116,1,36958208,windows,0,65,65,4,0,0,0,0,0,0,3,1,0
590.195,0,36132864,windows,0,65,65,4,0,0,0,0,0,0,3,1,0
590.372,1,36975616,windows,0,65,65,4,0,0,0,0,0,0,3,1,0
590.454,0,36147200,windows,0,65,65,4,0,0,0,0,0,0,3,1,0
590.622,1,36989952,windows,0,65,65,4,0,0,0,0,0,0,3,1,0
590.705,0,36160512,windows,0,65,65,4,0,0,0,0,0,0,3,1,0
590.886,1,37004288,windows,0,65,65,4,0,0,0,0,0,0,3,1,0
590.969,0,36174848,windows,0,65,65,4,0,0,0,0,0,0,3,1,0
591.146,1,37018624,windows,0,65,65,4,0,0,0,0,0,0,3,1,0
591.229,0,36189184,windows,0,65,65,4,0,0,0,0,0,0,3,1,0
591.411,1,37032960,windows,0,65,65,4,0,0,0,0,0,0,3,1,0
591.491,0,36202496,windows,0,65,65,4,0,0,0,0,0,0,3,1,0
591.681,1,37047296,windows,0,65,65,4,0,0,0,0,0,0,3,1,0
591.747,0,36215808,windows,0,65,65,4,0,0,0,0,0,0,3,1,0
591.934,1,37061632,windows,0,65,65,4,0,0,0,0,0,0,3,1,0
592.012,0,36230144,windows,0,65,65,4,0,0,0,0,0,0,3,1,0
592.186,1,37075968,windows,0,65,65,4,0,0,0,0,0,0,3,1,0
592.279,0,36243456,windows,0,65,65,4,0,0,0,0,0,0,3,1,0
592.455,1,37090304,windows,0,65,65,4,0,0,0,0,0,0,3,1,0
592.546,0,36257792,windows,0,65,65,4,0,0,0,0,0,0,3,1,0
592.715,1,37104640,windows,0,65,65,4,0,0,0,0,0,0,3,1,0
592.803,0,36271104,windows,0,65,65,4,0,0,0,0,0,0,3,1,0
592.971,1,37118976,windows,0,65,65,4,0,0,0,0,0,0,3,1,0
593.056,0,36286464,windows,0,65,65,4,0,0,0,0,0,0,3,1,0
593.231,1,37133312,windows,0,65,65,4,0,0,0,0,0,0,3,1,0
593.316,0,36301824,windows,0,65,65,4,0,0,0,0,0,0,3,1,0
593.491,1,37147648,windows,0,65,65,4,0,0,0,0,0,0,3,1,0
593.569,0,36317184,windows,0,65,65,4,0,0,0,0,0,0,3,1,0
593.748,1,37160960,windows,0,65,65,4,0,0,0,0,0,0,3,1,0
593.831,0,36333568,windows,0,65,65,4,0,0,0,0,0,0,3,1,0
594.002,1,37175296,windows,0,65,65,4,0,0,0,0,0,0,3,1,0
594.09,0,36350976,windows,0,65,65,4,0,0,0,0,0,0,3,1,0
594.259,1,37189632,windows,0,65,65,4,0,0,0,0,0,0,3,1,0
594.341,0,36368384,windows,0,65,65,4,0,0,0,0,0,0,3,1,0
594.556,1,37201920,repair,1014,7.83207e+07,7.83046e+07,2861,9,24,35,601,345,0,1852,807,202
594.606,0,36385792,windows,0,65,65,4,0,0,0,0,0,0,3,1,0
594.807,1,37216256,repair,709,2.63726e+08,2.63706e+08,7098,53,150,121,257,128,0,3966,2938,194
594.856,0,36402176,windows,0,65,65,4,0,0,0,0,0,0,3,1,0
595.059,1,37233664,repair,574,2.68448e+08,2.68448e+08,7293,30,112,95,211,126,0,4200,2930,163
595.109,0,36419584,windows,0,65,65,4,0,0,0,0,0,0,3,1,0
595.318,1,37251072,repair,491,2.38972e+08,2.38947e+08,6897,31,91,85,194,90,0,3959,2776,162
595.361,0,36436992,windows,0,65,65,4,0,0,0,0,0,0,3,1,0
595.579,1,37267456,repair,391,2.51059e+08,2.51035e+08,7043,21,87,86,127,70,0,4023,2884,136
595.612,0,36451328,windows,0,65,65,4,0,0,0,0,0,0,3,1,0
595.834,1,37283840,repair,325,2.17405e+08,2.17405e+08,6650,13,52,51,130,79,0,3884,2634,132
595.87,0,36465664,windows,0,65,65,4,0,0,0,0,0,0,3,1,0
596.098,1,37300224,repair,272,1.9678e+08,1.96776e+08,6370,22,50,45,100,55,0,3756,2491,123
596.129,0,36480000,windows,0,65,65,4,0,0,0,0,0,0,3,1,0
596.354,1,37316608,repair,221,1.9135e+08,1.91278e+08,6336,11,39,33,86,52,0,3763,2437,136
596.396,0,36492288,repair,971,1.09332e+08,1.09295e+08,4123,25,69,92,512,273,0,2395,1512,216
596.609,1,37331968,repair,175,1.81742e+08,1.81672e+08,6202,11,30,27,66,41,0,3722,2359,121
596.662,0,36508672,repair,671,2.9016e+08,2.9016e+08,7410,48,133,139,226,125,0,4111,3124,175
596.869,1,37348352,repair,139,1.56037e+08,1.55994e+08,5803,6,22,30,49,32,0,3541,2151,111
596.926,0,36527104,repair,559,2.62471e+08,2.62466e+08,7095,32,115,98,205,109,0,3941,2972,182
597.124,1,37364736,repair,112,1.38721e+08,1.38718e+08,5451,5,17,17,47,26,0,3310,2041,100
597.183,0,36544512,repair,469,2.56305e+08,2.56286e+08,7022,32,84,77,178,98,0,3898,2952,172
597.382,1,37380096,repair,87,1.28596e+08,1.28577e+08,5250,3,19,13,36,16,0,3177,1970,103
597.442,0,36560896,repair,371,2.41541e+08,2.41516e+08,6994,29,72,67,129,74,0,4047,2792,155
597.651,1,37395456,repair,50,1.34224e+08,1.34221e+08,5398,2,7,4,26,11,0,3308,1989,101
597.707,0,36579328,repair,299,2.30474e+08,2.30454e+08,6809,14,61,43,118,63,0,3949,2737,123
597.91,1,37411840,repair,37,1.07684e+08,1.07668e+08,4910,1,5,3,19,9,0,3087,1728,95
597.961,0,36598784,repair,249,1.90814e+08,1.90792e+08,6263,11,48,43,94,53,0,3700,2455,108
598.162,1,37427200,repair,15,1.06223e+08,1.06186e+08,4808,1,0,1,6,7,0,2969,1760,79
598.214,0,36618240,repair,188,1.77587e+08,1.77587e+08,6097,7,34,37,64,46,0,3619,2354,124
598.429,1,37443584,repair,9,9.186e+07,9.18429e+07,4576,0,2,2,1,4,0,2941,1556,79
598.467,0,36637696,repair,137,1.5912e+08,1.59099e+08,5803,4,28,25,52,28,0,3479,2211,113
598.683,1,37458944,repair,5,8.14733e+07,8.14421e+07,4319,0,0,1,3,1,0,2792,1455,72
598.721,0,36657152,repair,96,1.49538e+08,1.49475e+08,5636,2,12,18,42,22,0,3395,2137,104
598.95,1,37474304,repair,2,7.04347e+07,7.04213e+07,4044,0,0,1,1,0,0,2668,1318,58
598.983,0,36675584,repair,61,1.4836e+08,1.4836e+08,5684,2,9,9,27,14,0,3492,2085,107
599.217,1,37489664,windows,0,6.06008e+07,6.05865e+07,3774,0,0,0,0,0,0,2510,1204,60
599.242,0,36695040,repair,36,1.24907e+08,1.2485e+08,5239,0,10,0,17,9,0,3246,1896,97
599.476,1,37502976,windows,0,4.90613e+07,4.90392e+07,3375,0,0,0,0,0,0,2216,1105,54
599.499,0,36713472,repair,20,1.10241e+08,1.10225e+08,4974,0,4,2,10,4,0,3159,1734,81
599.744,1,37517312,windows,0,4.14716e+07,4.14613e+07,3116,0,0,0,0,0,0,2067,1001,48
599.754,0,36732928,repair,12,9.44583e+07,9.44413e+07,4613,0,1,2,6,3,0,2935,1600,78
600.003,1,37530624,end,0,3.45893e+07,3.45605e+07,2857,0,0,0,0,0,0,1913,901,43
600.011,0,36752384,end,0,8.74698e+07,8.74395e+07,4456,0,0,0,0,0,0,2877,1516,63
