seconds,worker,moves,phase,hard,objective,surrogate,soft,lecturerConflicts,groupConflicts,roomConflicts,groupTravel,lecturerTravel,abstractRoomOverflow,lecturerWindows,groupWindows,mixedOnlineDays
0.061377,0,0,start,1144,8.77516e+07,8.7737e+07,2313,0,0,0,734,410,0,1606,487,220
0.0680778,1,0,start,1085,8.05158e+07,8.05085e+07,2292,0,0,0,692,393,0,1524,523,245
0.318064,0,17408,repair,820,3.1478e+08,3.14715e+08,7650,68,207,137,272,136,0,4217,3240,193
0.333409,1,18432,repair,762,3.0041e+08,3.00326e+08,7601,62,171,133,259,137,0,4330,3108,163
0.576107,0,32768,repair,687,3.08406e+08,3.08321e+08,7711,52,149,137,239,110,0,4341,3186,184
0.587237,1,36864,repair,633,2.67233e+08,2.67169e+08,7223,56,119,112,226,120,0,4129,2936,158
0.838696,1,53248,repair,528,2.7502e+08,2.7502e+08,7285,29,105,102,184,108,0,4117,3029,139
0.840424,0,51200,repair,584,2.7298e+08,2.72915e+08,7312,29,131,101,216,107,0,4154,2982,176
1.09264,1,69632,repair,427,2.47126e+08,2.47046e+08,7178,32,80,89,137,89,0,4280,2748,150
1.09688,0,65536,repair,495,2.51095e+08,2.51075e+08,7052,37,99,88,178,93,0,4035,2859,158
1.34779,0,80896,repair,410,2.46875e+08,2.46819e+08,7036,23,89,70,151,77,0,4059,2828,149
1.35201,1,82944,repair,364,2.4445e+08,2.44446e+08,6973,19,74,53,132,86,0,3998,2835,140
1.60486,0,97280,repair,349,2.19886e+08,2.19886e+08,6701,18,68,57,138,68,0,3924,2640,137
1.61533,1,99328,repair,316,2.14582e+08,2.1451e+08,6634,18,62,59,119,58,0,3907,2603,124
1.86295,0,112640,repair,298,2.02414e+08,2.02364e+08,6453,11,49,58,114,66,0,3803,2525,125
1.87943,1,115712,repair,264,1.83106e+08,1.83039e+08,6124,22,56,40,86,60,0,3588,2416,120
2.13345,0,129024,repair,223,2.09559e+08,2.09535e+08,6615,16,56,49,58,44,0,3908,2565,142
2.13637,1,132096,repair,194,1.88678e+08,1.88629e+08,6261,12,30,26,83,43,0,3700,2437,124
2.38564,0,146432,repair,183,1.75541e+08,1.75473e+08,6034,13,33,30,73,34,0,3558,2356,120
2.39914,1,148480,repair,162,1.62011e+08,1.61945e+08,5789,10,23,21,84,24,0,3413,2265,111
2.64418,0,166912,repair,140,1.52666e+08,1.52603e+08,5697,7,30,15,50,38,0,3447,2150,100
2.65888,1,164864,repair,123,1.54549e+08,1.54546e+08,5737,6,20,17,52,28,0,3469,2164,104
2.90972,0,184320,repair,104,1.45909e+08,1.4585e+08,5560,2,14,16,42,30,0,3364,2107,89
2.92149,1,181248,repair,91,1.49927e+08,1.4991e+08,5687,4,14,9,36,28,0,3479,2108,100
3.16594,0,200704,repair,68,1.35019e+08,1.34979e+08,5376,4,13,14,24,13,0,3305,2002,69
3.17709,1,196608,repair,57,1.47843e+08,1.4784e+08,5658,4,10,11,22,10,0,3491,2081,86
3.42788,0,217088,repair,46,1.21208e+08,1.21171e+08,5171,0,6,9,18,13,0,3253,1845,73
3.43713,1,212992,repair,39,1.24386e+08,1.24333e+08,5276,1,7,2,18,11,0,3336,1850,90
3.68433,0,233472,repair,28,1.10939e+08,1.10936e+08,5028,1,7,3,8,9,0,3243,1705,80
3.69649,1,229376,repair,22,1.17722e+08,1.17703e+08,5130,1,2,2,13,4,0,3239,1803,88
3.94552,0,249856,repair,12,1.07781e+08,1.07746e+08,4907,1,3,0,5,3,0,3098,1726,83
3.95965,1,244736,repair,12,1.03973e+08,1.03937e+08,4852,0,3,1,6,2,0,3100,1669,83
4.20302,0,268288,repair,7,1.01483e+08,1.01481e+08,4763,0,0,1,5,1,0,2998,1678,87
4.22064,1,261120,repair,4,9.59995e+07,9.59649e+07,4673,0,0,1,3,0,0,2988,1599,86
4.46025,0,286720,repair,4,7.16465e+07,7.16048e+07,4108,0,0,0,2,2,0,2739,1304,65
4.47905,1,276480,repair,1,8.03538e+07,8.03397e+07,4310,0,0,1,0,0,0,2827,1419,64
4.7205,0,307200,repair,1,5.96397e+07,5.96163e+07,3759,0,0,0,0,1,0,2533,1172,54
4.73579,1,291840,windows,0,6.70251e+07,6.70251e+07,3926,0,0,0,0,0,0,2555,1309,62
4.97942,0,328704,repair,1,4.87345e+07,4.87001e+07,3378,0,0,0,0,1,0,2243,1084,51
4.99418,1,306176,windows,0,5.54324e+07,5.5397e+07,3570,0,0,0,0,0,0,2329,1188,53
5.23685,0,340992,repair,1,4.42317e+07,4.42191e+07,3253,0,0,0,0,1,0,2205,996,52
5.25268,1,313344,windows,0,5.05689e+07,5.05353e+07,3426,0,0,0,0,0,0,2256,1119,51
5.50941,1,320512,windows,0,4.6028e+07,4.60155e+07,3292,0,0,0,0,0,0,2204,1041,47
5.50994,0,351232,windows,0,3.99896e+07,3.99881e+07,3053,0,0,0,0,0,0,2016,990,47
5.76868,0,366592,windows,0,3.23364e+07,3.23352e+07,2782,0,0,0,0,0,0,1896,846,40
5.76887,1,332800,windows,0,3.72248e+07,3.72139e+07,2935,0,0,0,0,0,0,1930,963,42
6.02211,0,381952,windows,0,2.68491e+07,2.68328e+07,2556,0,0,0,0,0,0,1765,749,42
6.03242,1,347136,windows,0,3.08407e+07,3.08234e+07,2685,0,0,0,0,0,0,1777,866,42
6.28279,1,360448,windows,0,2.67998e+07,2.67753e+07,2504,0,0,0,0,0,0,1659,806,39
6.28655,0,396288,windows,0,2.2708e+07,2.26988e+07,2347,0,0,0,0,0,0,1618,692,37
6.54703,0,412672,windows,0,1.85839e+07,1.85831e+07,2100,0,0,0,0,0,0,1422,650,28
6.5553,1,374784,windows,0,2.28723e+07,2.28723e+07,2310,0,0,0,0,0,0,1526,748,36
6.81467,0,429056,windows,0,1.49365e+07,1.49359e+07,1906,0,0,0,0,0,0,1337,547,22
6.81614,1,388096,windows,0,2.00046e+07,1.99915e+07,2199,0,0,0,0,0,0,1511,654,34
7.07142,1,401408,windows,0,1.6526e+07,1.65191e+07,1996,0,0,0,0,0,0,1369,597,30
7.08123,0,445440,windows,0,1.24955e+07,1.24955e+07,1747,0,0,0,0,0,0,1216,504,27
7.3276,1,414720,windows,0,1.41093e+07,1.40975e+07,1845,0,0,0,0,0,0,1266,551,28
7.33357,0,460800,windows,0,1.07192e+07,1.07043e+07,1621,0,0,0,0,0,0,1141,458,22
7.59102,0,476160,windows,0,9.21413e+06,9.21351e+06,1505,0,0,0,0,0,0,1062,422,21
7.59247,1,429056,windows,0,1.19977e+07,1.19912e+07,1693,0,0,0,0,0,0,1150,518,25
7.84243,0,490496,windows,0,7.5807e+06,7.58023e+06,1356,0,0,0,0,0,0,947,393,16
7.84702,1,441344,windows,0,1.06973e+07,1.06917e+07,1617,0,0,0,0,0,0,1113,473,31
8.09733,1,455680,windows,0,9.34476e+06,9.33576e+06,1527,0,0,0,0,0,0,1089,412,26
8.10557,0,505856,windows,0,6.39973e+06,6.39973e+06,1260,0,0,0,0,0,0,892,347,21
8.35663,1,468992,windows,0,7.54747e+06,7.53936e+06,1351,0,0,0,0,0,0,920,406,25
8.35677,0,519168,windows,0,5.54458e+06,5.54045e+06,1168,0,0,0,0,0,0,826,326,16
8.61688,0,534528,windows,0,4.72878e+06,4.72827e+06,1085,0,0,0,0,0,0,775,293,17
8.62033,1,483328,windows,0,6.42832e+06,6.42401e+06,1250,0,0,0,0,0,0,861,368,21
8.87672,0,549888,windows,0,3.83146e+06,3.82758e+06,975,0,0,0,0,0,0,699,263,13
8.88241,1,496640,windows,0,5.52067e+06,5.50988e+06,1157,0,0,0,0,0,0,800,340,17
9.13311,1,509952,windows,0,4.75936e+06,4.75349e+06,1091,0,0,0,0,0,0,777,294,20
9.14073,0,564224,windows,0,3.15606e+06,3.15606e+06,883,0,0,0,0,0,0,631,241,11
9.38847,1,523264,windows,0,4.13157e+06,4.12507e+06,1010,0,0,0,0,0,0,696,291,23
9.39536,0,578560,windows,0,2.68882e+06,2.68544e+06,821,0,0,0,0,0,0,587,219,15
9.64088,1,536576,windows,0,3.30866e+06,3.30815e+06,911,0,0,0,0,0,0,651,243,17
9.65846,0,593920,windows,0,2.29975e+06,2.2957e+06,760,0,0,0,0,0,0,542,203,15
9.90611,1,550912,windows,0,2.72008e+06,2.71675e+06,820,0,0,0,0,0,0,572,232,16
9.91089,0,609280,windows,0,1.92134e+06,1.92134e+06,692,0,0,0,0,0,0,487,191,14
10.1653,1,564224,windows,0,2.27748e+06,2.27701e+06,751,0,0,0,0,0,0,522,213,16
10.174,0,624640,windows,0,1.5038e+06,1.50136e+06,608,0,0,0,0,0,0,423,174,11
10.4175,1,577536,windows,0,2.00912e+06,2.00912e+06,713,0,0,0,0,0,0,515,184,14
10.4359,0,641024,windows,0,1.18688e+06,1.185e+06,539,0,0,0,0,0,0,377,154,8
10.6806,1,591872,windows,0,1.71538e+06,1.70947e+06,655,0,0,0,0,0,0,459,181,15
10.6989,0,657408,windows,0,974110,972331,495,0,0,0,0,0,0,356,130,9
10.9337,1,606208,windows,0,1.37379e+06,1.36819e+06,589,0,0,0,0,0,0,420,156,13
10.962,0,673792,windows,0,822415,820791,453,0,0,0,0,0,0,325,121,7
11.1891,1,621568,windows,0,1.15644e+06,1.15416e+06,541,0,0,0,0,0,0,387,142,12
11.2202,0,689152,windows,0,658190,658190,405,0,0,0,0,0,0,288,110,7
11.4527,1,635904,windows,0,984680,984328,499,0,0,0,0,0,0,354,133,12
11.4776,0,705536,windows,0,509005,507389,363,0,0,0,0,0,0,265,88,10
11.7153,1,650240,windows,0,832610,832610,462,0,0,0,0,0,0,336,115,11
11.7408,0,721920,windows,0,410840,409409,324,0,0,0,0,0,0,228,86,10
11.9828,1,665600,windows,0,644800,642545,401,0,0,0,0,0,0,278,113,10
12.0015,0,738304,windows,0,338510,335634,293,0,0,0,0,0,0,204,80,9
12.2366,1,679936,windows,0,507010,503806,357,0,0,0,0,0,0,250,98,9
12.2639,0,754688,windows,0,294910,294648,277,0,0,0,0,0,0,200,68,9
12.4997,1,694272,windows,0,414485,412578,325,0,0,0,0,0,0,233,84,8
12.5286,0,771072,windows,0,212525,211330,233,0,0,0,0,0,0,167,60,6
12.7674,1,708608,windows,0,357245,357012,303,0,0,0,0,0,0,219,76,8
12.7879,0,786432,windows,0,166750,165595,205,0,0,0,0,0,0,140,58,7
13.0244,1,723968,windows,0,304645,304645,277,0,0,0,0,0,0,197,74,6
13.0381,0,801792,windows,0,141355,141355,190,0,0,0,0,0,0,131,52,7
13.2883,1,739328,windows,0,223090,223090,238,0,0,0,0,0,0,172,61,5
13.2973,0,819200,windows,0,122530,121911,178,0,0,0,0,0,0,124,47,7
13.5502,1,752640,windows,0,179195,178120,214,0,0,0,0,0,0,155,54,5
13.5511,0,834560,windows,0,89650,89650,153,0,0,0,0,0,0,106,40,7
13.8124,0,848896,windows,0,78205,76936.2,141,0,0,0,0,0,0,95,40,6
13.8139,1,765952,windows,0,146270,145435,197,0,0,0,0,0,0,148,42,7
14.0712,1,781312,windows,0,123005,122130,179,0,0,0,0,0,0,129,44,6
14.0761,0,865280,windows,0,65390,65390,129,0,0,0,0,0,0,88,36,5
14.328,0,879616,windows,0,60375,59941.2,125,0,0,0,0,0,0,87,33,5
14.3326,1,796672,windows,0,106815,106201,167,0,0,0,0,0,0,123,39,5
14.5823,0,894976,windows,0,53230,52595,117,0,0,0,0,0,0,80,32,5
14.5846,1,812032,windows,0,82440,82267.5,144,0,0,0,0,0,0,96,42,6
14.835,0,910336,windows,0,34705,34532.5,96,0,0,0,0,0,0,65,25,6
14.8489,1,828416,windows,0,63125,62952.5,127,0,0,0,0,0,0,85,36,6
15.0887,0,925696,windows,0,34060,33392.5,95,0,0,0,0,0,0,64,25,6
15.1088,1,843776,windows,0,52505,52505,116,0,0,0,0,0,0,81,31,4
15.3449,0,940032,windows,0,31205,31032.5,91,0,0,0,0,0,0,61,24,6
15.3707,1,858112,windows,0,45860,45860,108,0,0,0,0,0,0,74,30,4
15.607,0,956416,windows,0,28705,28037.5,86,0,0,0,0,0,0,55,25,6
15.6235,1,872448,windows,0,40690,40690,102,0,0,0,0,0,0,68,29,5
15.8618,0,971776,windows,0,27395,26777.5,84,0,0,0,0,0,0,55,24,5
15.8867,1,886784,windows,0,31225,31225,88,0,0,0,0,0,0,61,25,2
16.1146,0,987136,windows,0,20270,19732.5,73,0,0,0,0,0,0,48,20,5
16.1414,1,903168,windows,0,27425,26706.2,82,0,0,0,0,0,0,61,21,0
16.3707,0,1001472,windows,0,18390,17623.8,68,0,0,0,0,0,0,42,21,5
16.3941,1,919552,windows,0,22900,22900,75,0,0,0,0,0,0,56,19,0
16.6247,0,1016832,windows,0,17175,16617.5,65,0,0,0,0,0,0,39,21,5
16.6535,1,936960,windows,0,20360,20091.2,71,0,0,0,0,0,0,54,17,0
16.8864,0,1033216,windows,0,16355,15623.8,64,0,0,0,0,0,0,39,20,5
16.9176,1,954368,windows,0,15700,15156.2,62,0,0,0,0,0,0,46,16,0
17.1519,0,1048576,windows,0,14920,14545,61,0,0,0,0,0,0,38,19,4
17.1714,1,970752,windows,0,13745,13236.2,58,0,0,0,0,0,0,43,15,0
17.4113,0,1064960,windows,0,13145,12770,56,0,0,0,0,0,0,33,19,4
17.4274,1,988160,windows,0,13745,13236.2,58,0,0,0,0,0,0,43,15,0
17.6724,0,1081344,windows,0,12505,11976.2,54,0,0,0,0,0,0,31,19,4
17.6923,1,1005568,windows,0,11815,11611.2,55,0,0,0,0,0,0,41,13,1
17.9313,0,1096704,windows,0,12505,11976.2,54,0,0,0,0,0,0,31,19,4
17.9445,1,1021952,windows,0,10435,10435,52,0,0,0,0,0,0,41,10,1
18.1872,0,1112064,windows,0,12200,11676.2,53,0,0,0,0,0,0,30,19,4
18.1948,1,1038336,windows,0,10030,9831.25,51,0,0,0,0,0,0,40,10,1
18.444,0,1127424,windows,0,12045,11526.2,53,0,0,0,0,0,0,33,18,2
18.4494,1,1053696,windows,0,8875,8691.25,48,0,0,0,0,0,0,37,10,1
18.7056,0,1142784,windows,0,11020,10526.2,51,0,0,0,0,0,0,32,17,2
18.7193,1,1069056,windows,0,8510,8510,47,0,0,0,0,0,0,36,10,1
18.958,0,1157120,windows,0,11020,10526.2,51,0,0,0,0,0,0,32,17,2
18.9748,1,1083392,windows,0,8155,8155,46,0,0,0,0,0,0,35,10,1
19.2081,0,1169408,windows,0,9740,9425,48,0,0,0,0,0,0,30,16,2
19.2374,1,1099776,windows,0,7810,7810,45,0,0,0,0,0,0,34,10,1
19.4598,0,1181696,windows,0,9740,9425,48,0,0,0,0,0,0,30,16,2
19.4893,1,1113088,windows,0,7810,7810,45,0,0,0,0,0,0,34,10,1
19.7133,0,1198080,windows,0,9335,8886.25,47,0,0,0,0,0,0,31,15,1
19.7503,1,1127424,windows,0,7475,7475,44,0,0,0,0,0,0,33,10,1
19.9739,0,1214464,windows,0,9030,8881.25,46,0,0,0,0,0,0,30,15,1
20.0008,1,1140736,windows,0,7475,7475,44,0,0,0,0,0,0,33,10,1
20.2342,0,1231872,windows,0,9030,8881.25,46,0,0,0,0,0,0,30,15,1
20.2615,1,1156096,windows,0,6835,6835,42,0,0,0,0,0,0,31,10,1
20.4983,0,1246208,windows,0,8175,7880,43,0,0,0,0,0,0,27,15,1
20.523,1,1170432,windows,0,6530,6530,41,0,0,0,0,0,0,30,10,1
20.755,0,1262592,windows,0,7910,7615,42,0,0,0,0,0,0,26,15,1
20.7801,1,1187840,windows,0,6370,6155,40,0,0,0,0,0,0,28,11,1
21.0128,0,1278976,windows,0,7910,7615,42,0,0,0,0,0,0,26,15,1
21.0431,1,1205248,windows,0,5950,5950,39,0,0,0,0,0,0,28,10,1
21.2669,0,1295360,windows,0,7910,7615,42,0,0,0,0,0,0,26,15,1
21.3072,1,1222656,windows,0,5155,5155,36,0,0,0,0,0,0,25,10,1
21.527,0,1311744,windows,0,7655,7236.25,41,0,0,0,0,0,0,25,15,1
21.5693,1,1239040,windows,0,5030,5030,36,0,0,0,0,0,0,26,9,1
21.7904,0,1329152,windows,0,7655,7236.25,41,0,0,0,0,0,0,25,15,1
21.8203,1,1255424,windows,0,4775,4775,35,0,0,0,0,0,0,25,9,1
22.048,0,1346560,windows,0,7175,6766.25,39,0,0,0,0,0,0,23,15,1
22.083,1,1272832,windows,0,4775,4775,35,0,0,0,0,0,0,25,9,1
22.3113,0,1362944,windows,0,6735,6440,37,0,0,0,0,0,0,21,15,1
22.3422,1,1289216,windows,0,4450,4146.25,33,0,0,0,0,0,0,22,10,1
22.5698,0,1380352,windows,0,6530,6235,36,0,0,0,0,0,0,20,15,1
22.5972,1,1305600,windows,0,3650,3650,30,0,0,0,0,0,0,20,9,1
22.8225,0,1397760,windows,0,6530,6235,36,0,0,0,0,0,0,20,15,1
22.8566,1,1323008,windows,0,3650,3650,30,0,0,0,0,0,0,20,9,1
23.0816,0,1415168,windows,0,6530,6235,36,0,0,0,0,0,0,20,15,1
23.1158,1,1337344,windows,0,3455,3455,29,0,0,0,0,0,0,19,9,1
23.3339,0,1431552,windows,0,6530,6235,36,0,0,0,0,0,0,20,15,1
23.3671,1,1351680,windows,0,3455,3455,29,0,0,0,0,0,0,19,9,1
23.5894,0,1447936,windows,0,3270,3270,28,0,0,0,0,0,0,18,9,1
23.632,1,1366016,windows,0,3095,3095,27,0,0,0,0,0,0,17,9,1
23.8456,0,1464320,windows,0,3270,3270,28,0,0,0,0,0,0,18,9,1
23.8867,1,1380352,windows,0,3095,3095,27,0,0,0,0,0,0,17,9,1
24.1076,0,1481728,windows,0,3270,3270,28,0,0,0,0,0,0,18,9,1
24.1507,1,1394688,windows,0,3095,3095,27,0,0,0,0,0,0,17,9,1
24.3639,0,1498112,windows,0,3270,3270,28,0,0,0,0,0,0,18,9,1
24.4157,1,1409024,windows,0,2930,2930,26,0,0,0,0,0,0,16,9,1
24.629,0,1515520,windows,0,3270,3270,28,0,0,0,0,0,0,18,9,1
24.671,1,1423360,windows,0,2930,2930,26,0,0,0,0,0,0,16,9,1
24.8832,0,1532928,windows,0,3270,3270,28,0,0,0,0,0,0,18,9,1
24.9341,1,1438720,windows,0,2775,2775,25,0,0,0,0,0,0,15,9,1
25.1476,0,1549312,windows,0,3095,3095,27,0,0,0,0,0,0,17,9,1
25.1969,1,1453056,windows,0,2775,2775,25,0,0,0,0,0,0,15,9,1
25.4007,0,1565696,windows,0,2405,2405,23,0,0,0,0,0,0,15,8,0
25.4599,1,1467392,windows,0,2775,2775,25,0,0,0,0,0,0,15,9,1
25.6542,0,1583104,windows,0,2405,2405,23,0,0,0,0,0,0,15,8,0
25.7138,1,1481728,windows,0,2775,2775,25,0,0,0,0,0,0,15,9,1
25.9044,0,1599488,windows,0,2405,2405,23,0,0,0,0,0,0,15,8,0
25.969,1,1496064,windows,0,2775,2775,25,0,0,0,0,0,0,15,9,1
26.1665,0,1615872,windows,0,2405,2405,23,0,0,0,0,0,0,15,8,0
26.2191,1,1509376,windows,0,2630,2630,24,0,0,0,0,0,0,14,9,1
26.4308,0,1631232,windows,0,2405,2405,23,0,0,0,0,0,0,15,8,0
26.4863,1,1524736,windows,0,2630,2630,24,0,0,0,0,0,0,14,9,1
26.6815,0,1647616,windows,0,2405,2405,23,0,0,0,0,0,0,15,8,0
26.7375,1,1539072,windows,0,2630,2630,24,0,0,0,0,0,0,14,9,1
26.9407,0,1664000,windows,0,2405,2405,23,0,0,0,0,0,0,15,8,0
26.9911,1,1553408,windows,0,2630,2630,24,0,0,0,0,0,0,14,9,1
27.2081,0,1679360,windows,0,2405,2405,23,0,0,0,0,0,0,15,8,0
27.2466,1,1567744,windows,0,2630,2630,24,0,0,0,0,0,0,14,9,1
27.471,0,1694720,windows,0,2405,2405,23,0,0,0,0,0,0,15,8,0
27.5057,1,1583104,windows,0,2630,2630,24,0,0,0,0,0,0,14,9,1
27.7372,0,1711104,windows,0,2405,2405,23,0,0,0,0,0,0,15,8,0
27.7679,1,1595392,windows,0,2260,2260,22,0,0,0,0,0,0,14,8,0
27.9903,0,1726464,repair,0,2405,2405,23,0,0,0,0,0,0,15,8,0
28.0351,1,1610752,windows,0,2260,2260,22,0,0,0,0,0,0,14,8,0
28.2537,0,1741824,repair,0,2405,2405,23,0,0,0,0,0,0,15,8,0
28.3005,1,1623040,windows,0,2225,2037.5,24,0,0,0,0,0,0,15,7,2
28.5066,0,1757184,windows,0,2405,2405,23,0,0,0,0,0,0,15,8,0
28.5564,1,1637376,windows,0,2195,2057.5,24,0,0,0,0,0,0,17,6,1
28.7711,0,1774592,windows,0,2405,2405,23,0,0,0,0,0,0,15,8,0
28.8124,1,1651712,windows,0,1945,1945,22,0,0,0,0,0,0,17,5,0
29.0366,0,1792000,windows,0,2405,2405,23,0,0,0,0,0,0,15,8,0
29.0669,1,1666048,windows,0,1875,1875,22,0,0,0,0,0,0,15,6,1
29.3022,0,1808384,windows,0,2405,2405,23,0,0,0,0,0,0,15,8,0
29.3185,1,1681408,windows,0,1625,1625,20,0,0,0,0,0,0,15,5,0
29.5595,0,1824768,windows,0,2405,2405,23,0,0,0,0,0,0,15,8,0
29.5855,1,1697792,windows,0,1595,1457.5,20,0,0,0,0,0,0,13,6,1
29.8244,0,1842176,windows,0,2405,2405,23,0,0,0,0,0,0,15,8,0
29.8436,1,1714176,windows,0,1595,1457.5,20,0,0,0,0,0,0,13,6,1
30.0749,0,1857536,windows,0,2405,2405,23,0,0,0,0,0,0,15,8,0
30.0958,1,1729536,windows,0,1345,1345,18,0,0,0,0,0,0,13,5,0
30.3334,0,1872896,windows,0,2405,2405,23,0,0,0,0,0,0,15,8,0
30.347,1,1744896,windows,0,1345,1345,18,0,0,0,0,0,0,13,5,0
30.5926,0,1889280,windows,0,2405,2405,23,0,0,0,0,0,0,15,8,0
30.5973,1,1760256,windows,0,1345,1345,18,0,0,0,0,0,0,13,5,0
30.8453,0,1904640,windows,0,2405,2405,23,0,0,0,0,0,0,15,8,0
30.86,1,1776640,windows,0,1345,1345,18,0,0,0,0,0,0,13,5,0
31.0971,0,1920000,windows,0,2405,2405,23,0,0,0,0,0,0,15,8,0
31.1176,1,1793024,windows,0,1345,1345,18,0,0,0,0,0,0,13,5,0
31.3542,0,1935360,windows,0,2405,2405,23,0,0,0,0,0,0,15,8,0
31.3681,1,1808384,windows,0,1345,1345,18,0,0,0,0,0,0,13,5,0
31.6098,0,1952768,windows,0,2405,2405,23,0,0,0,0,0,0,15,8,0
31.6232,1,1824768,windows,0,1345,1345,18,0,0,0,0,0,0,13,5,0
31.8719,0,1970176,windows,0,2405,2405,23,0,0,0,0,0,0,15,8,0
31.888,1,1840128,windows,0,1345,1345,18,0,0,0,0,0,0,13,5,0
32.1305,0,1987584,windows,0,1220,1220,17,0,0,0,0,0,0,12,5,0
32.1412,1,1854464,windows,0,1345,1345,18,0,0,0,0,0,0,13,5,0
32.3859,0,2002944,windows,0,1220,1220,17,0,0,0,0,0,0,12,5,0
32.3988,1,1870848,windows,0,1345,1345,18,0,0,0,0,0,0,13,5,0
32.6471,0,2019328,windows,0,1220,1220,17,0,0,0,0,0,0,12,5,0
32.6636,1,1887232,windows,0,1345,1345,18,0,0,0,0,0,0,13,5,0
32.8984,0,2035712,windows,0,1220,1220,17,0,0,0,0,0,0,12,5,0
32.9223,1,1903616,windows,0,1345,1345,18,0,0,0,0,0,0,13,5,0
33.1647,0,2052096,windows,0,1220,1220,17,0,0,0,0,0,0,12,5,0
33.1846,1,1920000,windows,0,1345,1345,18,0,0,0,0,0,0,13,5,0
33.4302,0,2068480,windows,0,1220,1220,17,0,0,0,0,0,0,12,5,0
33.4429,1,1937408,windows,0,1345,1345,18,0,0,0,0,0,0,13,5,0
33.6948,0,2084864,windows,0,1220,1220,17,0,0,0,0,0,0,12,5,0
33.6966,1,1953792,windows,0,1220,1220,17,0,0,0,0,0,0,12,5,0
33.9455,0,2101248,windows,0,1220,1220,17,0,0,0,0,0,0,12,5,0
33.9553,1,1970176,windows,0,1220,1220,17,0,0,0,0,0,0,12,5,0
34.2024,0,2117632,windows,0,1220,1220,17,0,0,0,0,0,0,12,5,0
34.2166,1,1986560,windows,0,1220,1220,17,0,0,0,0,0,0,12,5,0
34.4576,0,2134016,windows,0,1220,1220,17,0,0,0,0,0,0,12,5,0
34.4719,1,2001920,windows,0,1220,1220,17,0,0,0,0,0,0,12,5,0
34.7148,0,2150400,windows,0,1220,1220,17,0,0,0,0,0,0,12,5,0
34.7231,1,2017280,windows,0,1220,1220,17,0,0,0,0,0,0,12,5,0
34.9722,0,2167808,windows,0,1220,1220,17,0,0,0,0,0,0,12,5,0
34.986,1,2032640,windows,0,1220,1220,17,0,0,0,0,0,0,12,5,0
35.236,0,2185216,windows,0,1220,1220,17,0,0,0,0,0,0,12,5,0
35.246,1,2048000,windows,0,1165,1165,17,0,0,0,0,0,0,13,4,0
35.4947,0,2200576,windows,0,1220,1220,17,0,0,0,0,0,0,12,5,0
35.5103,1,2064384,windows,0,1165,1165,17,0,0,0,0,0,0,13,4,0
35.7455,0,2215936,windows,0,1220,1220,17,0,0,0,0,0,0,12,5,0
35.7641,1,2080768,windows,0,1165,1165,17,0,0,0,0,0,0,13,4,0
36.0019,0,2231296,windows,0,1220,1220,17,0,0,0,0,0,0,12,5,0
36.0264,1,2098176,windows,0,1165,1165,17,0,0,0,0,0,0,13,4,0
36.2642,0,2246656,windows,0,1040,1040,16,0,0,0,0,0,0,12,4,0
36.2898,1,2115584,windows,0,1165,1165,17,0,0,0,0,0,0,13,4,0
36.5271,0,2263040,windows,0,1040,1040,16,0,0,0,0,0,0,12,4,0
36.547,1,2132992,windows,0,1165,1165,17,0,0,0,0,0,0,13,4,0
36.7861,0,2279424,windows,0,925,925,15,0,0,0,0,0,0,11,4,0
36.8139,1,2149376,windows,0,1165,1165,17,0,0,0,0,0,0,13,4,0
37.0439,0,2296832,windows,0,925,925,15,0,0,0,0,0,0,11,4,0
37.066,1,2164736,windows,0,1165,1165,17,0,0,0,0,0,0,13,4,0
37.2955,0,2313216,windows,0,925,925,15,0,0,0,0,0,0,11,4,0
37.333,1,2182144,windows,0,1165,1165,17,0,0,0,0,0,0,13,4,0
37.56,0,2330624,windows,0,925,925,15,0,0,0,0,0,0,11,4,0
37.5897,1,2198528,windows,0,1165,1165,17,0,0,0,0,0,0,13,4,0
37.8208,0,2348032,windows,0,925,925,15,0,0,0,0,0,0,11,4,0
37.8564,1,2215936,windows,0,1165,1165,17,0,0,0,0,0,0,13,4,0
38.0745,0,2365440,windows,0,925,925,15,0,0,0,0,0,0,11,4,0
38.1268,1,2232320,windows,0,1165,1165,17,0,0,0,0,0,0,13,4,0
38.3355,0,2382848,windows,0,925,925,15,0,0,0,0,0,0,11,4,0
38.3939,1,2247680,windows,0,1165,1165,17,0,0,0,0,0,0,13,4,0
38.5865,0,2399232,repair,0,925,925,15,0,0,0,0,0,0,11,4,0
38.6507,1,2263040,windows,0,1165,1165,17,0,0,0,0,0,0,13,4,0
38.8475,0,2414592,repair,0,925,925,15,0,0,0,0,0,0,11,4,0
38.9107,1,2278400,windows,0,1165,1165,17,0,0,0,0,0,0,13,4,0
39.113,0,2432000,windows,0,925,925,15,0,0,0,0,0,0,11,4,0
39.182,1,2293760,windows,0,1165,1165,17,0,0,0,0,0,0,13,4,0
39.3663,0,2449408,windows,0,925,925,15,0,0,0,0,0,0,11,4,0
39.4414,1,2309120,windows,0,1165,1165,17,0,0,0,0,0,0,13,4,0
39.6223,0,2465792,windows,0,925,925,15,0,0,0,0,0,0,11,4,0
39.7046,1,2324480,windows,0,1165,1165,17,0,0,0,0,0,0,13,4,0
39.882,0,2483200,windows,0,925,925,15,0,0,0,0,0,0,11,4,0
39.9679,1,2340864,windows,0,1165,1165,17,0,0,0,0,0,0,13,4,0
40.1367,0,2500608,windows,0,925,925,15,0,0,0,0,0,0,11,4,0
40.2212,1,2357248,windows,0,1165,1165,17,0,0,0,0,0,0,13,4,0
40.3894,0,2519040,windows,0,925,925,15,0,0,0,0,0,0,11,4,0
40.4727,1,2374656,windows,0,1165,1165,17,0,0,0,0,0,0,13,4,0
40.6397,0,2536448,windows,0,925,925,15,0,0,0,0,0,0,11,4,0
40.7245,1,2392064,windows,0,1165,1165,17,0,0,0,0,0,0,13,4,0
40.8945,0,2554880,windows,0,925,925,15,0,0,0,0,0,0,11,4,0
40.9821,1,2410496,windows,0,1165,1165,17,0,0,0,0,0,0,13,4,0
41.1571,0,2574336,windows,0,925,925,15,0,0,0,0,0,0,11,4,0
41.2406,1,2430976,windows,0,1165,1165,17,0,0,0,0,0,0,13,4,0
41.4075,0,2590720,windows,0,925,925,15,0,0,0,0,0,0,11,4,0
41.4971,1,2451456,windows,0,925,925,15,0,0,0,0,0,0,11,4,0
41.663,0,2606080,windows,0,925,925,15,0,0,0,0,0,0,11,4,0
41.7535,1,2469888,windows,0,925,925,15,0,0,0,0,0,0,11,4,0
41.9213,0,2623488,windows,0,925,925,15,0,0,0,0,0,0,11,4,0
42.0076,1,2485248,windows,0,925,925,15,0,0,0,0,0,0,11,4,0
42.1809,0,2641920,windows,0,925,925,15,0,0,0,0,0,0,11,4,0
42.2581,1,2501632,windows,0,925,925,15,0,0,0,0,0,0,11,4,0
42.4445,0,2661376,windows,0,925,925,15,0,0,0,0,0,0,11,4,0
42.5122,1,2520064,windows,0,925,925,15,0,0,0,0,0,0,11,4,0
42.7035,0,2679808,windows,0,925,925,15,0,0,0,0,0,0,11,4,0
42.7708,1,2540544,windows,0,925,925,15,0,0,0,0,0,0,11,4,0
42.9707,0,2698240,windows,0,925,925,15,0,0,0,0,0,0,11,4,0
43.0268,1,2560000,windows,0,925,925,15,0,0,0,0,0,0,11,4,0
43.2314,0,2715648,windows,0,925,925,15,0,0,0,0,0,0,11,4,0
43.281,1,2579456,windows,0,925,925,15,0,0,0,0,0,0,11,4,0
43.4868,0,2733056,windows,0,925,925,15,0,0,0,0,0,0,11,4,0
43.5434,1,2599936,windows,0,925,925,15,0,0,0,0,0,0,11,4,0
43.7413,0,2750464,windows,0,925,925,15,0,0,0,0,0,0,11,4,0
43.7953,1,2620416,windows,0,820,820,14,0,0,0,0,0,0,10,4,0
43.9944,0,2768896,windows,0,925,925,15,0,0,0,0,0,0,11,4,0
44.0496,1,2640896,windows,0,820,820,14,0,0,0,0,0,0,10,4,0
44.2524,0,2789376,windows,0,925,925,15,0,0,0,0,0,0,11,4,0
44.3085,1,2661376,windows,0,820,820,14,0,0,0,0,0,0,10,4,0
44.5133,0,2809856,windows,0,820,820,14,0,0,0,0,0,0,10,4,0
44.5688,1,2680832,windows,0,820,820,14,0,0,0,0,0,0,10,4,0
44.775,0,2828288,windows,0,820,820,14,0,0,0,0,0,0,10,4,0
44.8283,1,2701312,windows,0,820,820,14,0,0,0,0,0,0,10,4,0
45.0298,0,2845696,windows,0,820,820,14,0,0,0,0,0,0,10,4,0
45.0801,1,2719744,windows,0,820,820,14,0,0,0,0,0,0,10,4,0
45.2809,0,2864128,windows,0,820,820,14,0,0,0,0,0,0,10,4,0
45.3474,1,2736128,windows,0,820,820,14,0,0,0,0,0,0,10,4,0
45.5377,0,2884608,windows,0,820,820,14,0,0,0,0,0,0,10,4,0
45.6046,1,2752512,windows,0,820,820,14,0,0,0,0,0,0,10,4,0
45.7966,0,2903040,windows,0,820,820,14,0,0,0,0,0,0,10,4,0
45.8645,1,2768896,windows,0,820,820,14,0,0,0,0,0,0,10,4,0
46.0556,0,2920448,windows,0,820,820,14,0,0,0,0,0,0,10,4,0
46.1208,1,2784256,windows,0,820,820,14,0,0,0,0,0,0,10,4,0
46.3085,0,2937856,windows,0,820,820,14,0,0,0,0,0,0,10,4,0
46.3732,1,2799616,windows,0,680,680,13,0,0,0,0,0,0,10,3,0
46.5706,0,2956288,windows,0,820,820,14,0,0,0,0,0,0,10,4,0
46.632,1,2816000,windows,0,680,680,13,0,0,0,0,0,0,10,3,0
46.8236,0,2974720,windows,0,820,820,14,0,0,0,0,0,0,10,4,0
46.8852,1,2832384,windows,0,580,580,12,0,0,0,0,0,0,10,2,0
47.0798,0,2992128,windows,0,820,820,14,0,0,0,0,0,0,10,4,0
47.143,1,2848768,windows,0,580,580,12,0,0,0,0,0,0,10,2,0
47.3359,0,3009536,windows,0,580,580,12,0,0,0,0,0,0,10,2,0
47.4061,1,2868224,windows,0,580,580,12,0,0,0,0,0,0,10,2,0
47.5907,0,3030016,windows,0,580,580,12,0,0,0,0,0,0,10,2,0
47.6614,1,2887680,windows,0,580,580,12,0,0,0,0,0,0,10,2,0
47.8419,0,3050496,windows,0,580,580,12,0,0,0,0,0,0,10,2,0
47.9125,1,2906112,windows,0,580,580,12,0,0,0,0,0,0,10,2,0
48.0919,0,3068928,windows,0,580,580,12,0,0,0,0,0,0,10,2,0
48.1663,1,2924544,windows,0,580,580,12,0,0,0,0,0,0,10,2,0
48.3541,0,3088384,windows,0,580,580,12,0,0,0,0,0,0,10,2,0
48.4295,1,2941952,windows,0,580,580,12,0,0,0,0,0,0,10,2,0
48.612,0,3107840,windows,0,580,580,12,0,0,0,0,0,0,10,2,0
48.6861,1,2960384,windows,0,580,580,12,0,0,0,0,0,0,10,2,0
48.8731,0,3128320,windows,0,580,580,12,0,0,0,0,0,0,10,2,0
48.9472,1,2978816,windows,0,580,580,12,0,0,0,0,0,0,10,2,0
49.1288,0,3148800,windows,0,580,580,12,0,0,0,0,0,0,10,2,0
49.2027,1,2997248,windows,0,580,580,12,0,0,0,0,0,0,10,2,0
49.393,0,3168256,repair,0,580,580,12,0,0,0,0,0,0,10,2,0
49.4544,1,3015680,windows,0,580,580,12,0,0,0,0,0,0,10,2,0
49.6483,0,3186688,windows,0,580,580,12,0,0,0,0,0,0,10,2,0
49.7046,1,3034112,windows,0,580,580,12,0,0,0,0,0,0,10,2,0
49.9083,0,3198976,windows,0,580,580,12,0,0,0,0,0,0,10,2,0
49.9651,1,3053568,windows,0,580,580,12,0,0,0,0,0,0,10,2,0
50.1692,0,3217408,windows,0,580,580,12,0,0,0,0,0,0,10,2,0
50.219,1,3073024,windows,0,580,580,12,0,0,0,0,0,0,10,2,0
50.4212,0,3234816,windows,0,580,580,12,0,0,0,0,0,0,10,2,0
50.4723,1,3091456,windows,0,580,580,12,0,0,0,0,0,0,10,2,0
50.6755,0,3253248,windows,0,580,580,12,0,0,0,0,0,0,10,2,0
50.7302,1,3109888,windows,0,580,580,12,0,0,0,0,0,0,10,2,0
50.9393,0,3271680,windows,0,580,580,12,0,0,0,0,0,0,10,2,0
50.9877,1,3128320,windows,0,580,580,12,0,0,0,0,0,0,10,2,0
51.2031,0,3289088,windows,0,580,580,12,0,0,0,0,0,0,10,2,0
51.2463,1,3146752,windows,0,580,580,12,0,0,0,0,0,0,10,2,0
51.4597,0,3306496,windows,0,580,580,12,0,0,0,0,0,0,10,2,0
51.5032,1,3164160,windows,0,580,580,12,0,0,0,0,0,0,10,2,0
51.7174,0,3323904,windows,0,580,580,12,0,0,0,0,0,0,10,2,0
51.7541,1,3181568,windows,0,580,580,12,0,0,0,0,0,0,10,2,0
51.9676,0,3340288,windows,0,580,580,12,0,0,0,0,0,0,10,2,0
52.0086,1,3198976,windows,0,580,580,12,0,0,0,0,0,0,10,2,0
52.2224,0,3357696,windows,0,580,580,12,0,0,0,0,0,0,10,2,0
52.2719,1,3217408,windows,0,580,580,12,0,0,0,0,0,0,10,2,0
52.4772,0,3375104,windows,0,580,580,12,0,0,0,0,0,0,10,2,0
52.5284,1,3235840,windows,0,580,580,12,0,0,0,0,0,0,10,2,0
52.7369,0,3393536,windows,0,580,580,12,0,0,0,0,0,0,10,2,0
52.7923,1,3254272,windows,0,580,580,12,0,0,0,0,0,0,10,2,0
52.992,0,3410944,repair,0,580,580,12,0,0,0,0,0,0,10,2,0
53.0432,1,3272704,windows,0,485,485,11,0,0,0,0,0,0,9,2,0
53.2444,0,3428352,windows,0,580,580,12,0,0,0,0,0,0,10,2,0
53.2937,1,3291136,windows,0,485,485,11,0,0,0,0,0,0,9,2,0
53.5021,0,3446784,windows,0,580,580,12,0,0,0,0,0,0,10,2,0
53.5469,1,3311616,windows,0,485,485,11,0,0,0,0,0,0,9,2,0
53.7659,0,3465216,windows,0,580,580,12,0,0,0,0,0,0,10,2,0
53.8091,1,3332096,windows,0,485,485,11,0,0,0,0,0,0,9,2,0
54.0179,0,3482624,windows,0,580,580,12,0,0,0,0,0,0,10,2,0
54.0633,1,3350528,windows,0,485,485,11,0,0,0,0,0,0,9,2,0
54.2732,0,3497984,windows,0,580,580,12,0,0,0,0,0,0,10,2,0
54.3151,1,3368960,windows,0,485,485,11,0,0,0,0,0,0,9,2,0
54.5295,0,3514368,windows,0,580,580,12,0,0,0,0,0,0,10,2,0
54.5725,1,3388416,windows,0,485,485,11,0,0,0,0,0,0,9,2,0
54.7857,0,3531776,windows,0,580,580,12,0,0,0,0,0,0,10,2,0
54.826,1,3406848,windows,0,485,485,11,0,0,0,0,0,0,9,2,0
55.0457,0,3550208,windows,0,580,580,12,0,0,0,0,0,0,10,2,0
55.082,1,3425280,windows,0,485,485,11,0,0,0,0,0,0,9,2,0
55.3003,0,3567616,windows,0,580,580,12,0,0,0,0,0,0,10,2,0
55.3397,1,3442688,windows,0,485,485,11,0,0,0,0,0,0,9,2,0
55.5581,0,3586048,windows,0,580,580,12,0,0,0,0,0,0,10,2,0
55.5969,1,3460096,windows,0,485,485,11,0,0,0,0,0,0,9,2,0
55.8086,0,3603456,windows,0,580,580,12,0,0,0,0,0,0,10,2,0
55.8493,1,3476480,windows,0,485,485,11,0,0,0,0,0,0,9,2,0
56.0669,0,3620864,windows,0,580,580,12,0,0,0,0,0,0,10,2,0
56.1069,1,3492864,windows,0,485,485,11,0,0,0,0,0,0,9,2,0
56.3285,0,3638272,windows,0,580,580,12,0,0,0,0,0,0,10,2,0
56.3634,1,3508224,windows,0,485,485,11,0,0,0,0,0,0,9,2,0
56.584,0,3656704,windows,0,580,580,12,0,0,0,0,0,0,10,2,0
56.6204,1,3522560,windows,0,485,485,11,0,0,0,0,0,0,9,2,0
56.8381,0,3675136,windows,0,485,485,11,0,0,0,0,0,0,9,2,0
56.8719,1,3537920,windows,0,485,485,11,0,0,0,0,0,0,9,2,0
57.0993,0,3695616,windows,0,400,400,10,0,0,0,0,0,0,8,2,0
57.1345,1,3555328,windows,0,485,485,11,0,0,0,0,0,0,9,2,0
57.3634,0,3713024,windows,0,400,400,10,0,0,0,0,0,0,8,2,0
57.387,1,3571712,windows,0,485,485,11,0,0,0,0,0,0,9,2,0
57.6158,0,3728384,windows,0,400,400,10,0,0,0,0,0,0,8,2,0
57.6513,1,3589120,windows,0,485,485,11,0,0,0,0,0,0,9,2,0
57.868,0,3746816,windows,0,400,400,10,0,0,0,0,0,0,8,2,0
57.9017,1,3604480,windows,0,400,400,10,0,0,0,0,0,0,8,2,0
58.1318,0,3767296,windows,0,400,400,10,0,0,0,0,0,0,8,2,0
58.1682,1,3622912,windows,0,400,400,10,0,0,0,0,0,0,8,2,0
58.3842,0,3785728,windows,0,400,400,10,0,0,0,0,0,0,8,2,0
58.4295,1,3641344,windows,0,400,400,10,0,0,0,0,0,0,8,2,0
58.635,0,3805184,windows,0,400,400,10,0,0,0,0,0,0,8,2,0
58.6853,1,3659776,windows,0,400,400,10,0,0,0,0,0,0,8,2,0
58.8908,0,3825664,windows,0,400,400,10,0,0,0,0,0,0,8,2,0
58.9445,1,3679232,windows,0,400,400,10,0,0,0,0,0,0,8,2,0
59.1496,0,3844096,windows,0,400,400,10,0,0,0,0,0,0,8,2,0
59.2067,1,3697664,windows,0,400,400,10,0,0,0,0,0,0,8,2,0
59.4091,0,3863552,windows,0,400,400,10,0,0,0,0,0,0,8,2,0
59.4672,1,3716096,windows,0,400,400,10,0,0,0,0,0,0,8,2,0
59.6644,0,3884032,windows,0,400,400,10,0,0,0,0,0,0,8,2,0
59.7207,1,3736576,windows,0,400,400,10,0,0,0,0,0,0,8,2,0
59.9145,0,3904512,windows,0,400,400,10,0,0,0,0,0,0,8,2,0
59.9764,1,3757056,windows,0,400,400,10,0,0,0,0,0,0,8,2,0
60.1755,0,3923968,windows,0,400,400,10,0,0,0,0,0,0,8,2,0
60.2316,1,3776512,windows,0,400,400,10,0,0,0,0,0,0,8,2,0
60.4358,0,3945472,windows,0,400,400,10,0,0,0,0,0,0,8,2,0
60.4911,1,3795968,windows,0,400,400,10,0,0,0,0,0,0,8,2,0
60.6944,0,3965952,windows,0,400,400,10,0,0,0,0,0,0,8,2,0
60.7448,1,3813376,windows,0,400,400,10,0,0,0,0,0,0,8,2,0
60.948,0,3983360,windows,0,400,400,10,0,0,0,0,0,0,8,2,0
61.0085,1,3831808,windows,0,400,400,10,0,0,0,0,0,0,8,2,0
61.2046,0,3999744,windows,0,400,400,10,0,0,0,0,0,0,8,2,0
61.2705,1,3849216,windows,0,400,400,10,0,0,0,0,0,0,8,2,0
61.4595,0,4017152,windows,0,400,400,10,0,0,0,0,0,0,8,2,0
61.5238,1,3863552,windows,0,400,400,10,0,0,0,0,0,0,8,2,0
61.7127,0,4034560,windows,0,400,400,10,0,0,0,0,0,0,8,2,0
61.783,1,3877888,windows,0,400,400,10,0,0,0,0,0,0,8,2,0
61.9776,0,4051968,windows,0,400,400,10,0,0,0,0,0,0,8,2,0
62.0357,1,3891200,windows,0,400,400,10,0,0,0,0,0,0,8,2,0
62.2343,0,4068352,windows,0,400,400,10,0,0,0,0,0,0,8,2,0
62.2885,1,3906560,windows,0,400,400,10,0,0,0,0,0,0,8,2,0
62.4846,0,4084736,windows,0,400,400,10,0,0,0,0,0,0,8,2,0
62.5426,1,3921920,windows,0,400,400,10,0,0,0,0,0,0,8,2,0
62.7492,0,4103168,windows,0,400,400,10,0,0,0,0,0,0,8,2,0
62.797,1,3938304,windows,0,400,400,10,0,0,0,0,0,0,8,2,0
63.0021,0,4120576,windows,0,400,400,10,0,0,0,0,0,0,8,2,0
63.0513,1,3955712,windows,0,400,400,10,0,0,0,0,0,0,8,2,0
63.2637,0,4139008,windows,0,400,400,10,0,0,0,0,0,0,8,2,0
63.3177,1,3973120,windows,0,400,400,10,0,0,0,0,0,0,8,2,0
63.5259,0,4157440,windows,0,400,400,10,0,0,0,0,0,0,8,2,0
63.5704,1,3988480,windows,0,400,400,10,0,0,0,0,0,0,8,2,0
63.7798,0,4175872,windows,0,400,400,10,0,0,0,0,0,0,8,2,0
63.8246,1,4003840,windows,0,400,400,10,0,0,0,0,0,0,8,2,0
64.0371,0,4195328,windows,0,400,400,10,0,0,0,0,0,0,8,2,0
64.0912,1,4020224,windows,0,400,400,10,0,0,0,0,0,0,8,2,0
64.2882,0,4214784,windows,0,400,400,10,0,0,0,0,0,0,8,2,0
64.3428,1,4034560,windows,0,325,325,9,0,0,0,0,0,0,7,2,0
64.5501,0,4234240,repair,0,400,400,10,0,0,0,0,0,0,8,2,0
64.6025,1,4050944,windows,0,325,325,9,0,0,0,0,0,0,7,2,0
64.8127,0,4254720,windows,0,400,400,10,0,0,0,0,0,0,8,2,0
64.8649,1,4068352,windows,0,260,260,8,0,0,0,0,0,0,6,2,0
65.064,0,4273152,windows,0,400,400,10,0,0,0,0,0,0,8,2,0
65.1166,1,4084736,windows,0,260,260,8,0,0,0,0,0,0,6,2,0
65.3185,0,4290560,windows,0,400,400,10,0,0,0,0,0,0,8,2,0
65.3706,1,4101120,windows,0,260,260,8,0,0,0,0,0,0,6,2,0
65.5817,0,4305920,windows,0,400,400,10,0,0,0,0,0,0,8,2,0
65.6276,1,4117504,windows,0,260,260,8,0,0,0,0,0,0,6,2,0
65.8481,0,4320256,windows,0,400,400,10,0,0,0,0,0,0,8,2,0
65.8801,1,4134912,windows,0,260,260,8,0,0,0,0,0,0,6,2,0
66.11,0,4335616,windows,0,400,400,10,0,0,0,0,0,0,8,2,0
66.1323,1,4154368,windows,0,205,205,7,0,0,0,0,0,0,5,2,0
66.3706,0,4350976,windows,0,400,400,10,0,0,0,0,0,0,8,2,0
66.3835,1,4171776,windows,0,205,205,7,0,0,0,0,0,0,5,2,0
66.6281,0,4367360,windows,0,400,400,10,0,0,0,0,0,0,8,2,0
66.6343,1,4190208,windows,0,205,205,7,0,0,0,0,0,0,5,2,0
66.8899,0,4383744,windows,0,400,400,10,0,0,0,0,0,0,8,2,0
66.8932,1,4209664,windows,0,205,205,7,0,0,0,0,0,0,5,2,0
67.1435,0,4400128,windows,0,400,400,10,0,0,0,0,0,0,8,2,0
67.1518,1,4229120,windows,0,205,205,7,0,0,0,0,0,0,5,2,0
67.4018,0,4417536,windows,0,400,400,10,0,0,0,0,0,0,8,2,0
67.4145,1,4248576,repair,0,205,205,7,0,0,0,0,0,0,5,2,0
67.6609,0,4435968,windows,0,400,400,10,0,0,0,0,0,0,8,2,0
67.6676,1,4267008,windows,0,205,205,7,0,0,0,0,0,0,5,2,0
67.9195,0,4451328,windows,0,400,400,10,0,0,0,0,0,0,8,2,0
67.924,1,4284416,windows,0,205,205,7,0,0,0,0,0,0,5,2,0
68.1815,1,4301824,windows,0,205,205,7,0,0,0,0,0,0,5,2,0
68.183,0,4466688,windows,0,400,400,10,0,0,0,0,0,0,8,2,0
68.4427,1,4319232,windows,0,205,205,7,0,0,0,0,0,0,5,2,0
68.4436,0,4483072,windows,0,400,400,10,0,0,0,0,0,0,8,2,0
68.6937,0,4500480,windows,0,400,400,10,0,0,0,0,0,0,8,2,0
68.7026,1,4336640,windows,0,205,205,7,0,0,0,0,0,0,5,2,0
68.956,0,4518912,windows,0,205,205,7,0,0,0,0,0,0,5,2,0
68.9671,1,4355072,windows,0,205,205,7,0,0,0,0,0,0,5,2,0
69.2131,0,4538368,windows,0,205,205,7,0,0,0,0,0,0,5,2,0
69.2208,1,4369408,windows,0,205,205,7,0,0,0,0,0,0,5,2,0
69.4668,0,4556800,windows,0,205,205,7,0,0,0,0,0,0,5,2,0
69.4855,1,4384768,windows,0,205,205,7,0,0,0,0,0,0,5,2,0
69.7186,0,4575232,windows,0,205,205,7,0,0,0,0,0,0,5,2,0
69.7492,1,4401152,windows,0,205,205,7,0,0,0,0,0,0,5,2,0
69.9728,0,4592640,windows,0,205,205,7,0,0,0,0,0,0,5,2,0
70.0101,1,4417536,windows,0,205,205,7,0,0,0,0,0,0,5,2,0
70.2257,0,4610048,windows,0,205,205,7,0,0,0,0,0,0,5,2,0
70.2776,1,4432896,windows,0,205,205,7,0,0,0,0,0,0,5,2,0
70.4929,0,4625408,windows,0,205,205,7,0,0,0,0,0,0,5,2,0
70.5365,1,4449280,windows,0,205,205,7,0,0,0,0,0,0,5,2,0
70.7517,0,4640768,windows,0,205,205,7,0,0,0,0,0,0,5,2,0
70.7974,1,4467712,windows,0,205,205,7,0,0,0,0,0,0,5,2,0
71.0187,0,4656128,windows,0,205,205,7,0,0,0,0,0,0,5,2,0
71.0518,1,4486144,windows,0,205,205,7,0,0,0,0,0,0,5,2,0
71.2696,0,4670464,windows,0,205,205,7,0,0,0,0,0,0,5,2,0
71.3021,1,4504576,windows,0,205,205,7,0,0,0,0,0,0,5,2,0
71.5281,0,4686848,windows,0,205,205,7,0,0,0,0,0,0,5,2,0
71.5538,1,4524032,windows,0,205,205,7,0,0,0,0,0,0,5,2,0
71.7905,0,4703232,windows,0,205,205,7,0,0,0,0,0,0,5,2,0
71.8152,1,4542464,windows,0,205,205,7,0,0,0,0,0,0,5,2,0
72.0488,0,4719616,windows,0,205,205,7,0,0,0,0,0,0,5,2,0
72.0676,1,4559872,windows,0,205,205,7,0,0,0,0,0,0,5,2,0
72.3061,0,4736000,windows,0,205,205,7,0,0,0,0,0,0,5,2,0
72.3244,1,4577280,windows,0,205,205,7,0,0,0,0,0,0,5,2,0
72.5608,0,4752384,windows,0,205,205,7,0,0,0,0,0,0,5,2,0
72.5825,1,4595712,windows,0,205,205,7,0,0,0,0,0,0,5,2,0
72.8202,0,4767744,windows,0,205,205,7,0,0,0,0,0,0,5,2,0
72.851,1,4612096,windows,0,205,205,7,0,0,0,0,0,0,5,2,0
73.0719,0,4782080,windows,0,205,205,7,0,0,0,0,0,0,5,2,0
73.1141,1,4627456,windows,0,205,205,7,0,0,0,0,0,0,5,2,0
73.3224,0,4798464,windows,0,205,205,7,0,0,0,0,0,0,5,2,0
73.3712,1,4644864,windows,0,205,205,7,0,0,0,0,0,0,5,2,0
73.5855,0,4816896,windows,0,205,205,7,0,0,0,0,0,0,5,2,0
73.6375,1,4663296,windows,0,205,205,7,0,0,0,0,0,0,5,2,0
73.8381,0,4832256,windows,0,205,205,7,0,0,0,0,0,0,5,2,0
73.889,1,4678656,windows,0,205,205,7,0,0,0,0,0,0,5,2,0
74.0929,0,4846592,windows,0,205,205,7,0,0,0,0,0,0,5,2,0
74.1521,1,4695040,windows,0,205,205,7,0,0,0,0,0,0,5,2,0
74.3479,0,4860928,windows,0,205,205,7,0,0,0,0,0,0,5,2,0
74.4071,1,4712448,windows,0,205,205,7,0,0,0,0,0,0,5,2,0
74.6096,0,4877312,windows,0,205,205,7,0,0,0,0,0,0,5,2,0
74.6656,1,4730880,windows,0,205,205,7,0,0,0,0,0,0,5,2,0
74.8738,0,4892672,windows,0,205,205,7,0,0,0,0,0,0,5,2,0
74.9297,1,4749312,windows,0,205,205,7,0,0,0,0,0,0,5,2,0
75.1391,0,4908032,windows,0,205,205,7,0,0,0,0,0,0,5,2,0
75.1805,1,4767744,windows,0,205,205,7,0,0,0,0,0,0,5,2,0
75.4032,0,4925440,windows,0,205,205,7,0,0,0,0,0,0,5,2,0
75.4403,1,4786176,windows,0,205,205,7,0,0,0,0,0,0,5,2,0
75.6553,0,4944896,windows,0,205,205,7,0,0,0,0,0,0,5,2,0
75.7075,1,4804608,windows,0,205,205,7,0,0,0,0,0,0,5,2,0
75.9171,0,4964352,windows,0,205,205,7,0,0,0,0,0,0,5,2,0
75.962,1,4820992,windows,0,205,205,7,0,0,0,0,0,0,5,2,0
76.1745,0,4979712,windows,0,205,205,7,0,0,0,0,0,0,5,2,0
76.2244,1,4837376,windows,0,205,205,7,0,0,0,0,0,0,5,2,0
76.4301,0,4997120,windows,0,205,205,7,0,0,0,0,0,0,5,2,0
76.4813,1,4852736,windows,0,205,205,7,0,0,0,0,0,0,5,2,0
76.6826,0,5013504,windows,0,205,205,7,0,0,0,0,0,0,5,2,0
76.7389,1,4869120,windows,0,205,205,7,0,0,0,0,0,0,5,2,0
76.9438,0,5029888,windows,0,205,205,7,0,0,0,0,0,0,5,2,0
76.9929,1,4883456,repair,0,205,205,7,0,0,0,0,0,0,5,2,0
77.2031,0,5047296,windows,0,205,205,7,0,0,0,0,0,0,5,2,0
77.2548,1,4898816,repair,0,205,205,7,0,0,0,0,0,0,5,2,0
77.466,0,5063680,windows,0,205,205,7,0,0,0,0,0,0,5,2,0
77.5176,1,4913152,windows,0,205,205,7,0,0,0,0,0,0,5,2,0
77.7168,0,5079040,windows,0,205,205,7,0,0,0,0,0,0,5,2,0
77.7824,1,4927488,windows,0,205,205,7,0,0,0,0,0,0,5,2,0
77.9689,0,5093376,windows,0,205,205,7,0,0,0,0,0,0,5,2,0
78.0366,1,4941824,windows,0,205,205,7,0,0,0,0,0,0,5,2,0
78.233,0,5109760,windows,0,205,205,7,0,0,0,0,0,0,5,2,0
78.2885,1,4955136,windows,0,205,205,7,0,0,0,0,0,0,5,2,0
78.4923,0,5121024,windows,0,205,205,7,0,0,0,0,0,0,5,2,0
78.5576,1,4969472,windows,0,205,205,7,0,0,0,0,0,0,5,2,0
78.7424,0,5134336,windows,0,205,205,7,0,0,0,0,0,0,5,2,0
78.821,1,4983808,windows,0,205,205,7,0,0,0,0,0,0,5,2,0
79.0098,0,5148672,windows,0,205,205,7,0,0,0,0,0,0,5,2,0
79.0885,1,4997120,windows,0,205,205,7,0,0,0,0,0,0,5,2,0
79.2768,0,5163008,windows,0,205,205,7,0,0,0,0,0,0,5,2,0
79.361,1,5010432,windows,0,205,205,7,0,0,0,0,0,0,5,2,0
79.5444,0,5178368,windows,0,205,205,7,0,0,0,0,0,0,5,2,0
79.6194,1,5024768,windows,0,205,205,7,0,0,0,0,0,0,5,2,0
79.8091,0,5193728,windows,0,205,205,7,0,0,0,0,0,0,5,2,0
79.8716,1,5039104,windows,0,205,205,7,0,0,0,0,0,0,5,2,0
80.0631,0,5209088,windows,0,205,205,7,0,0,0,0,0,0,5,2,0
80.1222,1,5053440,windows,0,205,205,7,0,0,0,0,0,0,5,2,0
80.3176,0,5224448,windows,0,205,205,7,0,0,0,0,0,0,5,2,0
80.3776,1,5067776,windows,0,205,205,7,0,0,0,0,0,0,5,2,0
80.5783,0,5238784,repair,0,205,205,7,0,0,0,0,0,0,5,2,0
80.6397,1,5083136,windows,0,205,205,7,0,0,0,0,0,0,5,2,0
80.8371,0,5254144,repair,0,205,205,7,0,0,0,0,0,0,5,2,0
80.9053,1,5099520,windows,0,205,205,7,0,0,0,0,0,0,5,2,0
81.0897,0,5270528,windows,0,205,205,7,0,0,0,0,0,0,5,2,0
81.1569,1,5113856,windows,0,205,205,7,0,0,0,0,0,0,5,2,0
81.3584,0,5285888,windows,0,205,205,7,0,0,0,0,0,0,5,2,0
81.4139,1,5129216,windows,0,205,205,7,0,0,0,0,0,0,5,2,0
81.6094,0,5300224,windows,0,205,205,7,0,0,0,0,0,0,5,2,0
81.6697,1,5147648,windows,0,205,205,7,0,0,0,0,0,0,5,2,0
81.8703,0,5315584,windows,0,205,205,7,0,0,0,0,0,0,5,2,0
81.932,1,5168128,windows,0,205,205,7,0,0,0,0,0,0,5,2,0
82.1272,0,5331968,windows,0,205,205,7,0,0,0,0,0,0,5,2,0
82.1916,1,5188608,windows,0,205,205,7,0,0,0,0,0,0,5,2,0
82.3784,0,5346304,windows,0,205,205,7,0,0,0,0,0,0,5,2,0
82.4438,1,5204992,repair,0,205,205,7,0,0,0,0,0,0,5,2,0
82.6465,0,5363712,windows,0,205,205,7,0,0,0,0,0,0,5,2,0
82.7076,1,5221376,repair,0,205,205,7,0,0,0,0,0,0,5,2,0
82.8998,0,5379072,windows,0,205,205,7,0,0,0,0,0,0,5,2,0
82.9611,1,5237760,repair,0,205,205,7,0,0,0,0,0,0,5,2,0
83.1688,0,5395456,windows,0,205,205,7,0,0,0,0,0,0,5,2,0
83.2371,1,5255168,windows,0,205,205,7,0,0,0,0,0,0,5,2,0
83.4297,0,5411840,windows,0,205,205,7,0,0,0,0,0,0,5,2,0
83.4955,1,5272576,windows,0,205,205,7,0,0,0,0,0,0,5,2,0
83.6866,0,5428224,windows,0,205,205,7,0,0,0,0,0,0,5,2,0
83.7473,1,5286912,windows,0,205,205,7,0,0,0,0,0,0,5,2,0
83.9386,0,5445632,windows,0,205,205,7,0,0,0,0,0,0,5,2,0
84.0127,1,5301248,windows,0,205,205,7,0,0,0,0,0,0,5,2,0
84.1983,0,5463040,windows,0,205,205,7,0,0,0,0,0,0,5,2,0
84.2717,1,5315584,windows,0,205,205,7,0,0,0,0,0,0,5,2,0
84.4584,0,5480448,windows,0,205,205,7,0,0,0,0,0,0,5,2,0
84.5316,1,5329920,windows,0,205,205,7,0,0,0,0,0,0,5,2,0
84.7134,0,5498880,windows,0,205,205,7,0,0,0,0,0,0,5,2,0
84.7974,1,5345280,windows,0,205,205,7,0,0,0,0,0,0,5,2,0
84.9678,0,5517312,windows,0,205,205,7,0,0,0,0,0,0,5,2,0
85.0577,1,5360640,windows,0,205,205,7,0,0,0,0,0,0,5,2,0
85.2231,0,5534720,windows,0,205,205,7,0,0,0,0,0,0,5,2,0
85.3251,1,5376000,windows,0,205,205,7,0,0,0,0,0,0,5,2,0
85.4821,0,5553152,repair,0,205,205,7,0,0,0,0,0,0,5,2,0
85.584,1,5391360,windows,0,205,205,7,0,0,0,0,0,0,5,2,0
85.7335,0,5571584,repair,0,205,205,7,0,0,0,0,0,0,5,2,0
85.8389,1,5405696,windows,0,205,205,7,0,0,0,0,0,0,5,2,0
85.9915,0,5588992,windows,0,205,205,7,0,0,0,0,0,0,5,2,0
86.1055,1,5420032,windows,0,205,205,7,0,0,0,0,0,0,5,2,0
86.2434,0,5603328,windows,0,205,205,7,0,0,0,0,0,0,5,2,0
86.3571,1,5433344,windows,0,205,205,7,0,0,0,0,0,0,5,2,0
86.4944,0,5617664,windows,0,205,205,7,0,0,0,0,0,0,5,2,0
86.6137,1,5449728,windows,0,205,205,7,0,0,0,0,0,0,5,2,0
86.7554,0,5633024,windows,0,205,205,7,0,0,0,0,0,0,5,2,0
86.8726,1,5465088,repair,0,205,205,7,0,0,0,0,0,0,5,2,0
87.0133,0,5647360,windows,0,205,205,7,0,0,0,0,0,0,5,2,0
87.1295,1,5480448,repair,0,205,205,7,0,0,0,0,0,0,5,2,0
87.2785,0,5661696,windows,0,205,205,7,0,0,0,0,0,0,5,2,0
87.3986,1,5496832,windows,0,205,205,7,0,0,0,0,0,0,5,2,0
87.5483,0,5676032,windows,0,205,205,7,0,0,0,0,0,0,5,2,0
87.6487,1,5511168,windows,0,205,205,7,0,0,0,0,0,0,5,2,0
87.8086,0,5690368,windows,0,205,205,7,0,0,0,0,0,0,5,2,0
87.9066,1,5524480,windows,0,205,205,7,0,0,0,0,0,0,5,2,0
88.0764,0,5704704,windows,0,205,205,7,0,0,0,0,0,0,5,2,0
88.1677,1,5538816,windows,0,205,205,7,0,0,0,0,0,0,5,2,0
88.3304,0,5718016,windows,0,205,205,7,0,0,0,0,0,0,5,2,0
88.4337,1,5553152,windows,0,205,205,7,0,0,0,0,0,0,5,2,0
88.581,0,5732352,windows,0,205,205,7,0,0,0,0,0,0,5,2,0
88.69,1,5567488,windows,0,205,205,7,0,0,0,0,0,0,5,2,0
88.8374,0,5746688,windows,0,205,205,7,0,0,0,0,0,0,5,2,0
88.9484,1,5581824,windows,0,205,205,7,0,0,0,0,0,0,5,2,0
89.1055,0,5761024,windows,0,205,205,7,0,0,0,0,0,0,5,2,0
89.2164,1,5597184,windows,0,205,205,7,0,0,0,0,0,0,5,2,0
89.3721,0,5776384,windows,0,205,205,7,0,0,0,0,0,0,5,2,0
89.4732,1,5611520,windows,0,205,205,7,0,0,0,0,0,0,5,2,0
89.6241,0,5791744,windows,0,205,205,7,0,0,0,0,0,0,5,2,0
89.7261,1,5625856,windows,0,205,205,7,0,0,0,0,0,0,5,2,0
89.8902,0,5807104,windows,0,205,205,7,0,0,0,0,0,0,5,2,0
89.9801,1,5638144,windows,0,205,205,7,0,0,0,0,0,0,5,2,0
90.1548,0,5822464,windows,0,205,205,7,0,0,0,0,0,0,5,2,0
90.2476,1,5652480,windows,0,205,205,7,0,0,0,0,0,0,5,2,0
90.4065,0,5837824,windows,0,205,205,7,0,0,0,0,0,0,5,2,0
90.5038,1,5666816,windows,0,205,205,7,0,0,0,0,0,0,5,2,0
90.6664,0,5854208,windows,0,205,205,7,0,0,0,0,0,0,5,2,0
90.7557,1,5680128,windows,0,205,205,7,0,0,0,0,0,0,5,2,0
90.9171,0,5869568,repair,0,205,205,7,0,0,0,0,0,0,5,2,0
91.0138,1,5694464,windows,0,205,205,7,0,0,0,0,0,0,5,2,0
91.1823,0,5883904,repair,0,205,205,7,0,0,0,0,0,0,5,2,0
91.2762,1,5708800,windows,0,205,205,7,0,0,0,0,0,0,5,2,0
91.4358,0,5899264,repair,0,205,205,7,0,0,0,0,0,0,5,2,0
91.5325,1,5723136,windows,0,205,205,7,0,0,0,0,0,0,5,2,0
91.6994,0,5913600,windows,0,205,205,7,0,0,0,0,0,0,5,2,0
91.797,1,5738496,windows,0,205,205,7,0,0,0,0,0,0,5,2,0
91.9526,0,5926912,windows,0,205,205,7,0,0,0,0,0,0,5,2,0
92.056,1,5753856,windows,0,205,205,7,0,0,0,0,0,0,5,2,0
92.2157,0,5941248,windows,0,205,205,7,0,0,0,0,0,0,5,2,0
92.3082,1,5769216,windows,0,205,205,7,0,0,0,0,0,0,5,2,0
92.477,0,5955584,windows,0,205,205,7,0,0,0,0,0,0,5,2,0
92.5716,1,5784576,windows,0,205,205,7,0,0,0,0,0,0,5,2,0
92.7332,0,5969920,windows,0,205,205,7,0,0,0,0,0,0,5,2,0
92.8283,1,5799936,windows,0,205,205,7,0,0,0,0,0,0,5,2,0
92.9985,0,5984256,windows,0,205,205,7,0,0,0,0,0,0,5,2,0
93.0907,1,5816320,windows,0,205,205,7,0,0,0,0,0,0,5,2,0
93.261,0,5998592,windows,0,205,205,7,0,0,0,0,0,0,5,2,0
93.3554,1,5831680,windows,0,205,205,7,0,0,0,0,0,0,5,2,0
93.5243,0,6012928,windows,0,205,205,7,0,0,0,0,0,0,5,2,0
93.609,1,5848064,windows,0,205,205,7,0,0,0,0,0,0,5,2,0
93.7757,0,6027264,windows,0,205,205,7,0,0,0,0,0,0,5,2,0
93.87,1,5864448,windows,0,205,205,7,0,0,0,0,0,0,5,2,0
94.0357,0,6040576,windows,0,205,205,7,0,0,0,0,0,0,5,2,0
94.1229,1,5878784,windows,0,205,205,7,0,0,0,0,0,0,5,2,0
94.2948,0,6053888,windows,0,205,205,7,0,0,0,0,0,0,5,2,0
94.3766,1,5893120,windows,0,205,205,7,0,0,0,0,0,0,5,2,0
94.5625,0,6068224,windows,0,205,205,7,0,0,0,0,0,0,5,2,0
94.631,1,5909504,windows,0,205,205,7,0,0,0,0,0,0,5,2,0
94.8303,0,6082560,windows,0,205,205,7,0,0,0,0,0,0,5,2,0
94.892,1,5925888,windows,0,205,205,7,0,0,0,0,0,0,5,2,0
95.0956,0,6096896,windows,0,205,205,7,0,0,0,0,0,0,5,2,0
95.1462,1,5944320,windows,0,205,205,7,0,0,0,0,0,0,5,2,0
95.3585,0,6111232,windows,0,205,205,7,0,0,0,0,0,0,5,2,0
95.4077,1,5961728,windows,0,205,205,7,0,0,0,0,0,0,5,2,0
95.6193,0,6124544,windows,0,205,205,7,0,0,0,0,0,0,5,2,0
95.6707,1,5976064,windows,0,205,205,7,0,0,0,0,0,0,5,2,0
95.8805,0,6137856,windows,0,205,205,7,0,0,0,0,0,0,5,2,0
95.9235,1,5992448,windows,0,205,205,7,0,0,0,0,0,0,5,2,0
96.1511,0,6152192,windows,0,205,205,7,0,0,0,0,0,0,5,2,0
96.1793,1,6008832,windows,0,205,205,7,0,0,0,0,0,0,5,2,0
96.4168,0,6165504,windows,0,205,205,7,0,0,0,0,0,0,5,2,0
96.4308,1,6023168,repair,0,205,205,7,0,0,0,0,0,0,5,2,0
96.6837,0,6180864,repair,0,205,205,7,0,0,0,0,0,0,5,2,0
96.6876,1,6038528,repair,0,205,205,7,0,0,0,0,0,0,5,2,0
96.9419,0,6195200,repair,0,205,205,7,0,0,0,0,0,0,5,2,0
96.9428,1,6053888,repair,0,205,205,7,0,0,0,0,0,0,5,2,0
97.2035,0,6211584,repair,0,205,205,7,0,0,0,0,0,0,5,2,0
97.206,1,6069248,windows,0,205,205,7,0,0,0,0,0,0,5,2,0
97.4686,0,6228992,repair,0,205,205,7,0,0,0,0,0,0,5,2,0
97.4716,1,6083584,windows,0,205,205,7,0,0,0,0,0,0,5,2,0
97.7238,1,6096896,windows,0,205,205,7,0,0,0,0,0,0,5,2,0
97.7263,0,6246400,repair,0,205,205,7,0,0,0,0,0,0,5,2,0
97.9788,0,6261760,windows,0,205,205,7,0,0,0,0,0,0,5,2,0
97.9858,1,6110208,windows,0,205,205,7,0,0,0,0,0,0,5,2,0
98.2324,0,6278144,windows,0,205,205,7,0,0,0,0,0,0,5,2,0
98.2483,1,6123520,windows,0,205,205,7,0,0,0,0,0,0,5,2,0
98.4976,0,6293504,windows,0,205,205,7,0,0,0,0,0,0,5,2,0
98.5015,1,6135808,windows,0,205,205,7,0,0,0,0,0,0,5,2,0
98.7497,0,6309888,windows,0,205,205,7,0,0,0,0,0,0,5,2,0
98.7558,1,6150144,windows,0,205,205,7,0,0,0,0,0,0,5,2,0
99.0094,0,6326272,windows,0,205,205,7,0,0,0,0,0,0,5,2,0
99.0217,1,6164480,windows,0,205,205,7,0,0,0,0,0,0,5,2,0
99.2725,0,6342656,windows,0,205,205,7,0,0,0,0,0,0,5,2,0
99.2873,1,6177792,windows,0,205,205,7,0,0,0,0,0,0,5,2,0
99.5291,0,6356992,windows,0,205,205,7,0,0,0,0,0,0,5,2,0
99.5404,1,6191104,windows,0,205,205,7,0,0,0,0,0,0,5,2,0
99.78,0,6372352,windows,0,205,205,7,0,0,0,0,0,0,5,2,0
99.7936,1,6204416,windows,0,205,205,7,0,0,0,0,0,0,5,2,0
100.031,0,6388736,windows,0,205,205,7,0,0,0,0,0,0,5,2,0
100.064,1,6218752,windows,0,205,205,7,0,0,0,0,0,0,5,2,0
100.299,0,6406144,windows,0,205,205,7,0,0,0,0,0,0,5,2,0
100.315,1,6232064,windows,0,205,205,7,0,0,0,0,0,0,5,2,0
100.565,0,6422528,windows,0,205,205,7,0,0,0,0,0,0,5,2,0
100.585,1,6246400,windows,0,205,205,7,0,0,0,0,0,0,5,2,0
100.82,0,6438912,windows,0,205,205,7,0,0,0,0,0,0,5,2,0
100.847,1,6260736,windows,0,205,205,7,0,0,0,0,0,0,5,2,0
101.084,0,6455296,windows,0,205,205,7,0,0,0,0,0,0,5,2,0
101.114,1,6275072,windows,0,205,205,7,0,0,0,0,0,0,5,2,0
101.342,0,6470656,windows,0,205,205,7,0,0,0,0,0,0,5,2,0
101.381,1,6289408,windows,0,205,205,7,0,0,0,0,0,0,5,2,0
101.605,0,6487040,windows,0,205,205,7,0,0,0,0,0,0,5,2,0
101.643,1,6302720,windows,0,205,205,7,0,0,0,0,0,0,5,2,0
101.871,0,6503424,windows,0,205,205,7,0,0,0,0,0,0,5,2,0
101.91,1,6316032,windows,0,205,205,7,0,0,0,0,0,0,5,2,0
102.124,0,6519808,windows,0,205,205,7,0,0,0,0,0,0,5,2,0
102.176,1,6329344,repair,0,205,205,7,0,0,0,0,0,0,5,2,0
102.378,0,6536192,windows,0,205,205,7,0,0,0,0,0,0,5,2,0
102.437,1,6343680,repair,0,205,205,7,0,0,0,0,0,0,5,2,0
102.629,0,6552576,repair,0,205,205,7,0,0,0,0,0,0,5,2,0
102.699,1,6359040,repair,0,205,205,7,0,0,0,0,0,0,5,2,0
102.88,0,6569984,repair,0,205,205,7,0,0,0,0,0,0,5,2,0
102.966,1,6374400,windows,0,205,205,7,0,0,0,0,0,0,5,2,0
103.132,0,6586368,windows,0,205,205,7,0,0,0,0,0,0,5,2,0
103.227,1,6390784,windows,0,205,205,7,0,0,0,0,0,0,5,2,0
103.392,0,6601728,windows,0,205,205,7,0,0,0,0,0,0,5,2,0
103.483,1,6404096,windows,0,205,205,7,0,0,0,0,0,0,5,2,0
103.656,0,6618112,windows,0,205,205,7,0,0,0,0,0,0,5,2,0
103.734,1,6416384,windows,0,205,205,7,0,0,0,0,0,0,5,2,0
103.908,0,6634496,windows,0,205,205,7,0,0,0,0,0,0,5,2,0
104,1,6429696,windows,0,205,205,7,0,0,0,0,0,0,5,2,0
104.166,0,6651904,windows,0,205,205,7,0,0,0,0,0,0,5,2,0
104.26,1,6444032,windows,0,205,205,7,0,0,0,0,0,0,5,2,0
104.431,0,6668288,windows,0,205,205,7,0,0,0,0,0,0,5,2,0
104.515,1,6458368,windows,0,205,205,7,0,0,0,0,0,0,5,2,0
104.691,0,6682624,windows,0,205,205,7,0,0,0,0,0,0,5,2,0
104.773,1,6473728,windows,0,205,205,7,0,0,0,0,0,0,5,2,0
104.955,0,6696960,windows,0,205,205,7,0,0,0,0,0,0,5,2,0
105.037,1,6491136,windows,0,205,205,7,0,0,0,0,0,0,5,2,0
105.211,0,6710272,windows,0,205,205,7,0,0,0,0,0,0,5,2,0
105.3,1,6508544,windows,0,205,205,7,0,0,0,0,0,0,5,2,0
105.479,0,6724608,windows,0,205,205,7,0,0,0,0,0,0,5,2,0
105.561,1,6523904,windows,0,205,205,7,0,0,0,0,0,0,5,2,0
105.747,0,6738944,windows,0,205,205,7,0,0,0,0,0,0,5,2,0
105.817,1,6537216,windows,0,205,205,7,0,0,0,0,0,0,5,2,0
106.003,0,6753280,windows,0,205,205,7,0,0,0,0,0,0,5,2,0
106.081,1,6553600,windows,0,205,205,7,0,0,0,0,0,0,5,2,0
106.264,0,6767616,windows,0,205,205,7,0,0,0,0,0,0,5,2,0
106.345,1,6567936,windows,0,205,205,7,0,0,0,0,0,0,5,2,0
106.526,0,6781952,windows,0,205,205,7,0,0,0,0,0,0,5,2,0
106.604,1,6583296,windows,0,205,205,7,0,0,0,0,0,0,5,2,0
106.788,0,6796288,windows,0,205,205,7,0,0,0,0,0,0,5,2,0
106.858,1,6597632,windows,0,205,205,7,0,0,0,0,0,0,5,2,0
107.057,0,6810624,windows,0,205,205,7,0,0,0,0,0,0,5,2,0
107.117,1,6612992,windows,0,205,205,7,0,0,0,0,0,0,5,2,0
107.324,0,6825984,windows,0,205,205,7,0,0,0,0,0,0,5,2,0
107.369,1,6627328,windows,0,205,205,7,0,0,0,0,0,0,5,2,0
107.591,0,6841344,windows,0,205,205,7,0,0,0,0,0,0,5,2,0
107.638,1,6642688,windows,0,205,205,7,0,0,0,0,0,0,5,2,0
107.852,0,6855680,windows,0,205,205,7,0,0,0,0,0,0,5,2,0
107.904,1,6658048,windows,0,205,205,7,0,0,0,0,0,0,5,2,0
108.11,0,6871040,windows,0,205,205,7,0,0,0,0,0,0,5,2,0
108.165,1,6672384,windows,0,205,205,7,0,0,0,0,0,0,5,2,0
108.375,0,6886400,windows,0,205,205,7,0,0,0,0,0,0,5,2,0
108.427,1,6686720,windows,0,205,205,7,0,0,0,0,0,0,5,2,0
108.633,0,6901760,windows,0,205,205,7,0,0,0,0,0,0,5,2,0
108.678,1,6701056,repair,0,205,205,7,0,0,0,0,0,0,5,2,0
108.896,0,6917120,windows,0,205,205,7,0,0,0,0,0,0,5,2,0
108.934,1,6716416,repair,0,205,205,7,0,0,0,0,0,0,5,2,0
109.153,0,6932480,windows,0,205,205,7,0,0,0,0,0,0,5,2,0
109.198,1,6732800,repair,0,205,205,7,0,0,0,0,0,0,5,2,0
109.405,0,6947840,windows,0,205,205,7,0,0,0,0,0,0,5,2,0
109.456,1,6747136,windows,0,205,205,7,0,0,0,0,0,0,5,2,0
109.668,0,6964224,windows,0,205,205,7,0,0,0,0,0,0,5,2,0
109.724,1,6761472,windows,0,205,205,7,0,0,0,0,0,0,5,2,0
109.928,0,6979584,windows,0,205,205,7,0,0,0,0,0,0,5,2,0
109.977,1,6775808,windows,0,205,205,7,0,0,0,0,0,0,5,2,0
110.18,0,6994944,windows,0,205,205,7,0,0,0,0,0,0,5,2,0
110.242,1,6790144,windows,0,205,205,7,0,0,0,0,0,0,5,2,0
110.432,0,7010304,windows,0,205,205,7,0,0,0,0,0,0,5,2,0
110.5,1,6804480,windows,0,205,205,7,0,0,0,0,0,0,5,2,0
110.683,0,7025664,repair,0,205,205,7,0,0,0,0,0,0,5,2,0
110.76,1,6818816,windows,0,205,205,7,0,0,0,0,0,0,5,2,0
110.945,0,7045120,repair,0,205,205,7,0,0,0,0,0,0,5,2,0
111.011,1,6833152,windows,0,205,205,7,0,0,0,0,0,0,5,2,0
111.21,0,7063552,windows,0,205,205,7,0,0,0,0,0,0,5,2,0
111.27,1,6847488,windows,0,205,205,7,0,0,0,0,0,0,5,2,0
111.474,0,7080960,windows,0,205,205,7,0,0,0,0,0,0,5,2,0
111.537,1,6861824,windows,0,205,205,7,0,0,0,0,0,0,5,2,0
111.729,0,7097344,windows,0,205,205,7,0,0,0,0,0,0,5,2,0
111.788,1,6876160,windows,0,205,205,7,0,0,0,0,0,0,5,2,0
111.986,0,7113728,windows,0,205,205,7,0,0,0,0,0,0,5,2,0
112.041,1,6889472,windows,0,205,205,7,0,0,0,0,0,0,5,2,0
112.251,0,7131136,windows,0,205,205,7,0,0,0,0,0,0,5,2,0
112.293,1,6902784,windows,0,205,205,7,0,0,0,0,0,0,5,2,0
112.514,0,7148544,windows,0,205,205,7,0,0,0,0,0,0,5,2,0
112.548,1,6917120,windows,0,205,205,7,0,0,0,0,0,0,5,2,0
112.774,0,7166976,windows,0,205,205,7,0,0,0,0,0,0,5,2,0
112.803,1,6931456,windows,0,205,205,7,0,0,0,0,0,0,5,2,0
113.033,0,7184384,windows,0,205,205,7,0,0,0,0,0,0,5,2,0
113.057,1,6945792,windows,0,205,205,7,0,0,0,0,0,0,5,2,0
113.294,0,7200768,windows,0,205,205,7,0,0,0,0,0,0,5,2,0
113.311,1,6959104,windows,0,205,205,7,0,0,0,0,0,0,5,2,0
113.557,0,7218176,windows,0,205,205,7,0,0,0,0,0,0,5,2,0
113.568,1,6972416,windows,0,205,205,7,0,0,0,0,0,0,5,2,0
113.821,0,7236608,windows,0,205,205,7,0,0,0,0,0,0,5,2,0
113.829,1,6986752,windows,0,205,205,7,0,0,0,0,0,0,5,2,0
114.071,0,7254016,windows,0,205,205,7,0,0,0,0,0,0,5,2,0
114.087,1,7004160,windows,0,205,205,7,0,0,0,0,0,0,5,2,0
114.321,0,7270400,windows,0,205,205,7,0,0,0,0,0,0,5,2,0
114.346,1,7021568,windows,0,205,205,7,0,0,0,0,0,0,5,2,0
114.58,0,7288832,windows,0,205,205,7,0,0,0,0,0,0,5,2,0
114.607,1,7038976,windows,0,205,205,7,0,0,0,0,0,0,5,2,0
114.837,0,7306240,windows,0,205,205,7,0,0,0,0,0,0,5,2,0
114.869,1,7056384,windows,0,205,205,7,0,0,0,0,0,0,5,2,0
115.09,0,7321600,windows,0,205,205,7,0,0,0,0,0,0,5,2,0
115.126,1,7071744,windows,0,205,205,7,0,0,0,0,0,0,5,2,0
115.348,0,7336960,windows,0,205,205,7,0,0,0,0,0,0,5,2,0
115.388,1,7086080,windows,0,205,205,7,0,0,0,0,0,0,5,2,0
115.61,0,7352320,windows,0,205,205,7,0,0,0,0,0,0,5,2,0
115.652,1,7101440,windows,0,205,205,7,0,0,0,0,0,0,5,2,0
115.869,0,7367680,windows,0,205,205,7,0,0,0,0,0,0,5,2,0
115.916,1,7117824,windows,0,205,205,7,0,0,0,0,0,0,5,2,0
116.126,0,7383040,windows,0,205,205,7,0,0,0,0,0,0,5,2,0
116.168,1,7136256,repair,0,205,205,7,0,0,0,0,0,0,5,2,0
116.389,0,7398400,windows,0,205,205,7,0,0,0,0,0,0,5,2,0
116.426,1,7155712,windows,0,205,205,7,0,0,0,0,0,0,5,2,0
116.641,0,7412736,windows,0,205,205,7,0,0,0,0,0,0,5,2,0
116.682,1,7174144,windows,0,205,205,7,0,0,0,0,0,0,5,2,0
116.896,0,7428096,windows,0,205,205,7,0,0,0,0,0,0,5,2,0
116.938,1,7191552,windows,0,205,205,7,0,0,0,0,0,0,5,2,0
117.158,0,7444480,windows,0,205,205,7,0,0,0,0,0,0,5,2,0
117.199,1,7208960,windows,0,205,205,7,0,0,0,0,0,0,5,2,0
117.41,0,7459840,windows,0,205,205,7,0,0,0,0,0,0,5,2,0
117.454,1,7226368,windows,0,205,205,7,0,0,0,0,0,0,5,2,0
117.681,0,7476224,windows,0,205,205,7,0,0,0,0,0,0,5,2,0
117.708,1,7241728,windows,0,205,205,7,0,0,0,0,0,0,5,2,0
117.945,0,7489536,windows,0,205,205,7,0,0,0,0,0,0,5,2,0
117.962,1,7258112,windows,0,205,205,7,0,0,0,0,0,0,5,2,0
118.203,0,7505920,windows,0,205,205,7,0,0,0,0,0,0,5,2,0
118.223,1,7275520,windows,0,205,205,7,0,0,0,0,0,0,5,2,0
118.463,0,7523328,repair,0,205,205,7,0,0,0,0,0,0,5,2,0
118.486,1,7292928,windows,0,205,205,7,0,0,0,0,0,0,5,2,0
118.719,0,7538688,repair,0,205,205,7,0,0,0,0,0,0,5,2,0
118.745,1,7310336,windows,0,205,205,7,0,0,0,0,0,0,5,2,0
118.973,0,7557120,repair,0,205,205,7,0,0,0,0,0,0,5,2,0
119.01,1,7327744,windows,0,205,205,7,0,0,0,0,0,0,5,2,0
119.233,0,7572480,windows,0,205,205,7,0,0,0,0,0,0,5,2,0
119.266,1,7345152,windows,0,205,205,7,0,0,0,0,0,0,5,2,0
119.497,0,7587840,windows,0,205,205,7,0,0,0,0,0,0,5,2,0
119.521,1,7361536,windows,0,205,205,7,0,0,0,0,0,0,5,2,0
119.762,0,7604224,windows,0,205,205,7,0,0,0,0,0,0,5,2,0
119.78,1,7379968,windows,0,205,205,7,0,0,0,0,0,0,5,2,0
120.02,0,7619584,windows,0,205,205,7,0,0,0,0,0,0,5,2,0
120.043,1,7398400,windows,0,205,205,7,0,0,0,0,0,0,5,2,0
120.282,0,7634944,windows,0,205,205,7,0,0,0,0,0,0,5,2,0
120.308,1,7415808,windows,0,205,205,7,0,0,0,0,0,0,5,2,0
120.541,0,7652352,windows,0,205,205,7,0,0,0,0,0,0,5,2,0
120.569,1,7434240,windows,0,205,205,7,0,0,0,0,0,0,5,2,0
120.793,0,7668736,windows,0,205,205,7,0,0,0,0,0,0,5,2,0
120.828,1,7452672,windows,0,205,205,7,0,0,0,0,0,0,5,2,0
121.053,0,7685120,windows,0,205,205,7,0,0,0,0,0,0,5,2,0
121.081,1,7471104,windows,0,205,205,7,0,0,0,0,0,0,5,2,0
121.309,0,7699456,windows,0,205,205,7,0,0,0,0,0,0,5,2,0
121.335,1,7489536,windows,0,205,205,7,0,0,0,0,0,0,5,2,0
121.561,0,7712768,windows,0,205,205,7,0,0,0,0,0,0,5,2,0
121.589,1,7507968,windows,0,205,205,7,0,0,0,0,0,0,5,2,0
121.813,0,7727104,windows,0,205,205,7,0,0,0,0,0,0,5,2,0
121.844,1,7526400,repair,0,205,205,7,0,0,0,0,0,0,5,2,0
122.066,0,7740416,repair,0,205,205,7,0,0,0,0,0,0,5,2,0
122.098,1,7545856,repair,0,205,205,7,0,0,0,0,0,0,5,2,0
122.323,0,7754752,repair,0,205,205,7,0,0,0,0,0,0,5,2,0
122.356,1,7564288,windows,0,205,205,7,0,0,0,0,0,0,5,2,0
122.586,0,7770112,repair,0,205,205,7,0,0,0,0,0,0,5,2,0
122.612,1,7581696,windows,0,205,205,7,0,0,0,0,0,0,5,2,0
122.839,0,7785472,windows,0,205,205,7,0,0,0,0,0,0,5,2,0
122.865,1,7600128,windows,0,205,205,7,0,0,0,0,0,0,5,2,0
123.099,0,7800832,windows,0,205,205,7,0,0,0,0,0,0,5,2,0
123.119,1,7617536,windows,0,205,205,7,0,0,0,0,0,0,5,2,0
123.363,0,7814144,windows,0,205,205,7,0,0,0,0,0,0,5,2,0
123.381,1,7634944,windows,0,205,205,7,0,0,0,0,0,0,5,2,0
123.617,0,7828480,windows,0,205,205,7,0,0,0,0,0,0,5,2,0
123.641,1,7651328,windows,0,205,205,7,0,0,0,0,0,0,5,2,0
123.879,0,7843840,windows,0,205,205,7,0,0,0,0,0,0,5,2,0
123.902,1,7668736,windows,0,205,205,7,0,0,0,0,0,0,5,2,0
124.149,0,7858176,windows,0,205,205,7,0,0,0,0,0,0,5,2,0
124.155,1,7685120,windows,0,205,205,7,0,0,0,0,0,0,5,2,0
124.404,0,7871488,windows,0,205,205,7,0,0,0,0,0,0,5,2,0
124.418,1,7702528,windows,0,205,205,7,0,0,0,0,0,0,5,2,0
124.664,0,7884800,windows,0,205,205,7,0,0,0,0,0,0,5,2,0
124.674,1,7719936,windows,0,205,205,7,0,0,0,0,0,0,5,2,0
124.924,0,7899136,windows,0,205,205,7,0,0,0,0,0,0,5,2,0
124.937,1,7738368,windows,0,205,205,7,0,0,0,0,0,0,5,2,0
125.18,0,7913472,windows,0,205,205,7,0,0,0,0,0,0,5,2,0
125.199,1,7754752,windows,0,205,205,7,0,0,0,0,0,0,5,2,0
125.448,0,7927808,windows,0,205,205,7,0,0,0,0,0,0,5,2,0
125.452,1,7772160,windows,0,205,205,7,0,0,0,0,0,0,5,2,0
125.698,0,7941120,windows,0,205,205,7,0,0,0,0,0,0,5,2,0
125.708,1,7788544,windows,0,205,205,7,0,0,0,0,0,0,5,2,0
125.964,1,7804928,windows,0,205,205,7,0,0,0,0,0,0,5,2,0
125.965,0,7954432,windows,0,205,205,7,0,0,0,0,0,0,5,2,0
126.229,1,7821312,repair,0,205,205,7,0,0,0,0,0,0,5,2,0
126.231,0,7968768,repair,0,205,205,7,0,0,0,0,0,0,5,2,0
126.486,0,7985152,repair,0,205,205,7,0,0,0,0,0,0,5,2,0
126.49,1,7838720,repair,0,205,205,7,0,0,0,0,0,0,5,2,0
126.742,1,7855104,repair,0,205,205,7,0,0,0,0,0,0,5,2,0
126.743,0,8001536,repair,0,205,205,7,0,0,0,0,0,0,5,2,0
126.993,0,8015872,repair,0,205,205,7,0,0,0,0,0,0,5,2,0
127.004,1,7871488,repair,0,205,205,7,0,0,0,0,0,0,5,2,0
127.25,0,8031232,windows,0,205,205,7,0,0,0,0,0,0,5,2,0
127.259,1,7889920,repair,0,205,205,7,0,0,0,0,0,0,5,2,0
127.512,0,8047616,windows,0,205,205,7,0,0,0,0,0,0,5,2,0
127.513,1,7909376,repair,0,205,205,7,0,0,0,0,0,0,5,2,0
127.769,1,7924736,windows,0,205,205,7,0,0,0,0,0,0,5,2,0
127.774,0,8062976,windows,0,205,205,7,0,0,0,0,0,0,5,2,0
128.033,1,7940096,windows,0,205,205,7,0,0,0,0,0,0,5,2,0
128.043,0,8079360,windows,0,205,205,7,0,0,0,0,0,0,5,2,0
128.284,1,7954432,windows,0,205,205,7,0,0,0,0,0,0,5,2,0
128.306,0,8092672,windows,0,205,205,7,0,0,0,0,0,0,5,2,0
128.55,1,7969792,windows,0,205,205,7,0,0,0,0,0,0,5,2,0
128.56,0,8104960,windows,0,205,205,7,0,0,0,0,0,0,5,2,0
128.807,1,7986176,windows,0,205,205,7,0,0,0,0,0,0,5,2,0
128.826,0,8119296,windows,0,205,205,7,0,0,0,0,0,0,5,2,0
129.072,1,8002560,windows,0,205,205,7,0,0,0,0,0,0,5,2,0
129.083,0,8133632,windows,0,205,205,7,0,0,0,0,0,0,5,2,0
129.337,1,8017920,windows,0,205,205,7,0,0,0,0,0,0,5,2,0
129.345,0,8146944,windows,0,205,205,7,0,0,0,0,0,0,5,2,0
129.597,1,8033280,windows,0,205,205,7,0,0,0,0,0,0,5,2,0
129.605,0,8160256,windows,0,205,205,7,0,0,0,0,0,0,5,2,0
129.859,1,8048640,windows,0,205,205,7,0,0,0,0,0,0,5,2,0
129.863,0,8173568,windows,0,205,205,7,0,0,0,0,0,0,5,2,0
130.113,0,8186880,windows,0,205,205,7,0,0,0,0,0,0,5,2,0
130.114,1,8062976,windows,0,205,205,7,0,0,0,0,0,0,5,2,0
130.366,0,8199168,windows,0,205,205,7,0,0,0,0,0,0,5,2,0
130.37,1,8077312,windows,0,205,205,7,0,0,0,0,0,0,5,2,0
130.628,0,8213504,windows,0,205,205,7,0,0,0,0,0,0,5,2,0
130.629,1,8092672,windows,0,205,205,7,0,0,0,0,0,0,5,2,0
130.896,0,8227840,windows,0,205,205,7,0,0,0,0,0,0,5,2,0
130.897,1,8108032,windows,0,205,205,7,0,0,0,0,0,0,5,2,0
131.157,1,8123392,windows,0,205,205,7,0,0,0,0,0,0,5,2,0
131.166,0,8242176,windows,0,205,205,7,0,0,0,0,0,0,5,2,0
131.422,0,8257536,windows,0,205,205,7,0,0,0,0,0,0,5,2,0
131.426,1,8139776,windows,0,205,205,7,0,0,0,0,0,0,5,2,0
131.675,0,8271872,windows,0,205,205,7,0,0,0,0,0,0,5,2,0
131.685,1,8154112,windows,0,205,205,7,0,0,0,0,0,0,5,2,0
131.938,0,8287232,windows,0,205,205,7,0,0,0,0,0,0,5,2,0
131.948,1,8169472,windows,0,205,205,7,0,0,0,0,0,0,5,2,0
132.21,0,8301568,windows,0,205,205,7,0,0,0,0,0,0,5,2,0
132.212,1,8185856,windows,0,205,205,7,0,0,0,0,0,0,5,2,0
132.469,0,8316928,windows,0,205,205,7,0,0,0,0,0,0,5,2,0
132.477,1,8204288,windows,0,205,205,7,0,0,0,0,0,0,5,2,0
132.734,1,8221696,windows,0,205,205,7,0,0,0,0,0,0,5,2,0
132.736,0,8332288,windows,0,205,205,7,0,0,0,0,0,0,5,2,0
132.991,0,8347648,windows,0,205,205,7,0,0,0,0,0,0,5,2,0
132.999,1,8239104,windows,0,205,205,7,0,0,0,0,0,0,5,2,0
133.249,0,8363008,windows,0,205,205,7,0,0,0,0,0,0,5,2,0
133.252,1,8254464,windows,0,205,205,7,0,0,0,0,0,0,5,2,0
133.501,0,8378368,windows,0,205,205,7,0,0,0,0,0,0,5,2,0
133.507,1,8269824,windows,0,205,205,7,0,0,0,0,0,0,5,2,0
133.752,0,8394752,windows,0,205,205,7,0,0,0,0,0,0,5,2,0
133.769,1,8287232,windows,0,205,205,7,0,0,0,0,0,0,5,2,0
134.005,0,8409088,repair,0,205,205,7,0,0,0,0,0,0,5,2,0
134.032,1,8305664,windows,0,205,205,7,0,0,0,0,0,0,5,2,0
134.272,0,8425472,repair,0,205,205,7,0,0,0,0,0,0,5,2,0
134.289,1,8323072,windows,0,205,205,7,0,0,0,0,0,0,5,2,0
134.526,0,8439808,windows,0,205,205,7,0,0,0,0,0,0,5,2,0
134.552,1,8338432,windows,0,205,205,7,0,0,0,0,0,0,5,2,0
134.79,0,8454144,windows,0,205,205,7,0,0,0,0,0,0,5,2,0
134.809,1,8354816,windows,0,205,205,7,0,0,0,0,0,0,5,2,0
135.051,0,8468480,windows,0,205,205,7,0,0,0,0,0,0,5,2,0
135.066,1,8371200,repair,0,205,205,7,0,0,0,0,0,0,5,2,0
135.313,0,8482816,windows,0,205,205,7,0,0,0,0,0,0,5,2,0
135.322,1,8386560,windows,0,205,205,7,0,0,0,0,0,0,5,2,0
135.563,0,8496128,windows,0,205,205,7,0,0,0,0,0,0,5,2,0
135.576,1,8401920,windows,0,205,205,7,0,0,0,0,0,0,5,2,0
135.826,0,8510464,windows,0,205,205,7,0,0,0,0,0,0,5,2,0
135.829,1,8417280,windows,0,205,205,7,0,0,0,0,0,0,5,2,0
136.09,1,8433664,windows,0,205,205,7,0,0,0,0,0,0,5,2,0
136.091,0,8524800,windows,0,205,205,7,0,0,0,0,0,0,5,2,0
136.349,0,8538112,windows,0,205,205,7,0,0,0,0,0,0,5,2,0
136.357,1,8449024,windows,0,205,205,7,0,0,0,0,0,0,5,2,0
136.61,1,8464384,windows,0,205,205,7,0,0,0,0,0,0,5,2,0
136.614,0,8552448,windows,0,205,205,7,0,0,0,0,0,0,5,2,0
136.861,1,8479744,windows,0,205,205,7,0,0,0,0,0,0,5,2,0
136.878,0,8566784,windows,0,205,205,7,0,0,0,0,0,0,5,2,0
137.114,1,8495104,windows,0,205,205,7,0,0,0,0,0,0,5,2,0
137.142,0,8581120,windows,0,205,205,7,0,0,0,0,0,0,5,2,0
137.366,1,8509440,windows,0,205,205,7,0,0,0,0,0,0,5,2,0
137.396,0,8595456,windows,0,205,205,7,0,0,0,0,0,0,5,2,0
137.627,1,8524800,windows,0,205,205,7,0,0,0,0,0,0,5,2,0
137.646,0,8608768,windows,0,205,205,7,0,0,0,0,0,0,5,2,0
137.878,1,8540160,windows,0,205,205,7,0,0,0,0,0,0,5,2,0
137.901,0,8622080,windows,0,205,205,7,0,0,0,0,0,0,5,2,0
138.138,1,8556544,windows,0,205,205,7,0,0,0,0,0,0,5,2,0
138.172,0,8636416,windows,0,205,205,7,0,0,0,0,0,0,5,2,0
138.395,1,8571904,windows,0,205,205,7,0,0,0,0,0,0,5,2,0
138.423,0,8650752,windows,0,205,205,7,0,0,0,0,0,0,5,2,0
138.652,1,8587264,windows,0,205,205,7,0,0,0,0,0,0,5,2,0
138.687,0,8665088,windows,0,205,205,7,0,0,0,0,0,0,5,2,0
138.907,1,8602624,windows,0,205,205,7,0,0,0,0,0,0,5,2,0
138.946,0,8679424,windows,0,205,205,7,0,0,0,0,0,0,5,2,0
139.171,1,8619008,windows,0,205,205,7,0,0,0,0,0,0,5,2,0
139.202,0,8693760,windows,0,205,205,7,0,0,0,0,0,0,5,2,0
139.429,1,8634368,windows,0,205,205,7,0,0,0,0,0,0,5,2,0
139.466,0,8708096,windows,0,205,205,7,0,0,0,0,0,0,5,2,0
139.694,1,8648704,windows,0,205,205,7,0,0,0,0,0,0,5,2,0
139.732,0,8722432,windows,0,205,205,7,0,0,0,0,0,0,5,2,0
139.954,1,8664064,windows,0,205,205,7,0,0,0,0,0,0,5,2,0
139.993,0,8736768,windows,0,205,205,7,0,0,0,0,0,0,5,2,0
140.209,1,8680448,windows,0,205,205,7,0,0,0,0,0,0,5,2,0
140.253,0,8752128,windows,0,205,205,7,0,0,0,0,0,0,5,2,0
140.461,1,8696832,windows,0,205,205,7,0,0,0,0,0,0,5,2,0
140.508,0,8767488,windows,0,205,205,7,0,0,0,0,0,0,5,2,0
140.729,1,8714240,windows,0,205,205,7,0,0,0,0,0,0,5,2,0
140.774,0,8782848,windows,0,205,205,7,0,0,0,0,0,0,5,2,0
140.986,1,8731648,windows,0,205,205,7,0,0,0,0,0,0,5,2,0
141.024,0,8798208,windows,0,205,205,7,0,0,0,0,0,0,5,2,0
141.24,1,8750080,windows,0,205,205,7,0,0,0,0,0,0,5,2,0
141.277,0,8812544,windows,0,205,205,7,0,0,0,0,0,0,5,2,0
141.499,1,8767488,windows,0,205,205,7,0,0,0,0,0,0,5,2,0
141.528,0,8827904,windows,0,205,205,7,0,0,0,0,0,0,5,2,0
141.759,1,8783872,windows,0,205,205,7,0,0,0,0,0,0,5,2,0
141.784,0,8842240,repair,0,205,205,7,0,0,0,0,0,0,5,2,0
142.01,1,8799232,windows,0,205,205,7,0,0,0,0,0,0,5,2,0
142.042,0,8857600,repair,0,205,205,7,0,0,0,0,0,0,5,2,0
142.27,1,8814592,repair,0,205,205,7,0,0,0,0,0,0,5,2,0
142.3,0,8872960,repair,0,205,205,7,0,0,0,0,0,0,5,2,0
142.531,1,8830976,repair,0,205,205,7,0,0,0,0,0,0,5,2,0
142.559,0,8887296,repair,0,205,205,7,0,0,0,0,0,0,5,2,0
142.792,1,8848384,windows,0,205,205,7,0,0,0,0,0,0,5,2,0
142.826,0,8901632,windows,0,205,205,7,0,0,0,0,0,0,5,2,0
143.044,1,8864768,windows,0,205,205,7,0,0,0,0,0,0,5,2,0
143.089,0,8916992,windows,0,205,205,7,0,0,0,0,0,0,5,2,0
143.307,1,8881152,windows,0,205,205,7,0,0,0,0,0,0,5,2,0
143.355,0,8932352,windows,0,205,205,7,0,0,0,0,0,0,5,2,0
143.567,1,8897536,windows,0,205,205,7,0,0,0,0,0,0,5,2,0
143.607,0,8946688,windows,0,205,205,7,0,0,0,0,0,0,5,2,0
143.826,1,8913920,windows,0,205,205,7,0,0,0,0,0,0,5,2,0
143.861,0,8961024,windows,0,205,205,7,0,0,0,0,0,0,5,2,0
144.079,1,8930304,windows,0,205,205,7,0,0,0,0,0,0,5,2,0
144.127,0,8976384,windows,0,205,205,7,0,0,0,0,0,0,5,2,0
144.347,1,8947712,windows,0,205,205,7,0,0,0,0,0,0,5,2,0
144.378,0,8990720,windows,0,205,205,7,0,0,0,0,0,0,5,2,0
144.601,1,8964096,windows,0,205,205,7,0,0,0,0,0,0,5,2,0
144.635,0,9005056,windows,0,205,205,7,0,0,0,0,0,0,5,2,0
144.852,1,8981504,windows,0,205,205,7,0,0,0,0,0,0,5,2,0
144.887,0,9019392,windows,0,205,205,7,0,0,0,0,0,0,5,2,0
145.106,1,8997888,windows,0,205,205,7,0,0,0,0,0,0,5,2,0
145.138,0,9033728,windows,0,205,205,7,0,0,0,0,0,0,5,2,0
145.381,1,9014272,windows,0,205,205,7,0,0,0,0,0,0,5,2,0
145.398,0,9049088,windows,0,205,205,7,0,0,0,0,0,0,5,2,0
145.64,1,9030656,windows,0,205,205,7,0,0,0,0,0,0,5,2,0
145.656,0,9063424,windows,0,205,205,7,0,0,0,0,0,0,5,2,0
145.896,1,9046016,windows,0,205,205,7,0,0,0,0,0,0,5,2,0
145.918,0,9078784,windows,0,205,205,7,0,0,0,0,0,0,5,2,0
146.15,1,9061376,windows,0,205,205,7,0,0,0,0,0,0,5,2,0
146.181,0,9092096,windows,0,205,205,7,0,0,0,0,0,0,5,2,0
146.413,1,9076736,windows,0,205,205,7,0,0,0,0,0,0,5,2,0
146.432,0,9106432,windows,0,205,205,7,0,0,0,0,0,0,5,2,0
146.668,1,9092096,windows,0,205,205,7,0,0,0,0,0,0,5,2,0
146.696,0,9121792,windows,0,205,205,7,0,0,0,0,0,0,5,2,0
146.929,1,9107456,windows,0,205,205,7,0,0,0,0,0,0,5,2,0
146.951,0,9137152,windows,0,205,205,7,0,0,0,0,0,0,5,2,0
147.189,1,9121792,windows,0,205,205,7,0,0,0,0,0,0,5,2,0
147.206,0,9153536,windows,0,205,205,7,0,0,0,0,0,0,5,2,0
147.454,1,9136128,windows,0,205,205,7,0,0,0,0,0,0,5,2,0
147.459,0,9170944,windows,0,205,205,7,0,0,0,0,0,0,5,2,0
147.709,1,9150464,windows,0,205,205,7,0,0,0,0,0,0,5,2,0
147.721,0,9188352,windows,0,205,205,7,0,0,0,0,0,0,5,2,0
147.961,1,9164800,windows,0,205,205,7,0,0,0,0,0,0,5,2,0
147.986,0,9205760,windows,0,205,205,7,0,0,0,0,0,0,5,2,0
148.216,1,9180160,windows,0,205,205,7,0,0,0,0,0,0,5,2,0
148.244,0,9223168,windows,0,205,205,7,0,0,0,0,0,0,5,2,0
148.466,1,9195520,windows,0,205,205,7,0,0,0,0,0,0,5,2,0
148.497,0,9238528,windows,0,205,205,7,0,0,0,0,0,0,5,2,0
148.734,1,9213952,windows,0,205,205,7,0,0,0,0,0,0,5,2,0
148.76,0,9255936,windows,0,205,205,7,0,0,0,0,0,0,5,2,0
148.988,1,9228288,windows,0,205,205,7,0,0,0,0,0,0,5,2,0
149.01,0,9271296,repair,0,205,205,7,0,0,0,0,0,0,5,2,0
149.255,1,9241600,repair,0,205,205,7,0,0,0,0,0,0,5,2,0
149.262,0,9289728,repair,0,205,205,7,0,0,0,0,0,0,5,2,0
149.509,1,9254912,repair,0,205,205,7,0,0,0,0,0,0,5,2,0
149.52,0,9308160,repair,0,205,205,7,0,0,0,0,0,0,5,2,0
149.77,1,9270272,repair,0,205,205,7,0,0,0,0,0,0,5,2,0
149.775,0,9325568,repair,0,205,205,7,0,0,0,0,0,0,5,2,0
150.028,1,9284608,windows,0,205,205,7,0,0,0,0,0,0,5,2,0
150.03,0,9342976,windows,0,205,205,7,0,0,0,0,0,0,5,2,0
150.291,1,9297920,windows,0,205,205,7,0,0,0,0,0,0,5,2,0
150.291,0,9360384,windows,0,205,205,7,0,0,0,0,0,0,5,2,0
150.551,0,9376768,windows,0,205,205,7,0,0,0,0,0,0,5,2,0
150.553,1,9312256,windows,0,205,205,7,0,0,0,0,0,0,5,2,0
150.806,1,9325568,windows,0,205,205,7,0,0,0,0,0,0,5,2,0
150.813,0,9393152,windows,0,205,205,7,0,0,0,0,0,0,5,2,0
151.063,1,9338880,windows,0,205,205,7,0,0,0,0,0,0,5,2,0
151.066,0,9409536,windows,0,205,205,7,0,0,0,0,0,0,5,2,0
151.329,0,9426944,windows,0,205,205,7,0,0,0,0,0,0,5,2,0
151.33,1,9353216,windows,0,205,205,7,0,0,0,0,0,0,5,2,0
151.582,0,9443328,windows,0,205,205,7,0,0,0,0,0,0,5,2,0
151.594,1,9366528,windows,0,205,205,7,0,0,0,0,0,0,5,2,0
151.834,0,9459712,windows,0,205,205,7,0,0,0,0,0,0,5,2,0
151.849,1,9379840,windows,0,205,205,7,0,0,0,0,0,0,5,2,0
152.095,0,9475072,windows,0,205,205,7,0,0,0,0,0,0,5,2,0
152.105,1,9393152,windows,0,205,205,7,0,0,0,0,0,0,5,2,0
152.35,0,9490432,windows,0,205,205,7,0,0,0,0,0,0,5,2,0
152.356,1,9406464,windows,0,205,205,7,0,0,0,0,0,0,5,2,0
152.606,0,9506816,windows,0,205,205,7,0,0,0,0,0,0,5,2,0
152.622,1,9420800,windows,0,205,205,7,0,0,0,0,0,0,5,2,0
152.87,0,9524224,windows,0,205,205,7,0,0,0,0,0,0,5,2,0
152.884,1,9436160,windows,0,205,205,7,0,0,0,0,0,0,5,2,0
153.129,0,9540608,windows,0,205,205,7,0,0,0,0,0,0,5,2,0
153.15,1,9453568,windows,0,205,205,7,0,0,0,0,0,0,5,2,0
153.385,0,9555968,windows,0,205,205,7,0,0,0,0,0,0,5,2,0
153.405,1,9469952,windows,0,205,205,7,0,0,0,0,0,0,5,2,0
153.642,0,9572352,windows,0,205,205,7,0,0,0,0,0,0,5,2,0
153.663,1,9485312,windows,0,205,205,7,0,0,0,0,0,0,5,2,0
153.894,0,9588736,windows,0,205,205,7,0,0,0,0,0,0,5,2,0
153.926,1,9499648,windows,0,205,205,7,0,0,0,0,0,0,5,2,0
154.149,0,9605120,windows,0,205,205,7,0,0,0,0,0,0,5,2,0
154.181,1,9513984,windows,0,205,205,7,0,0,0,0,0,0,5,2,0
154.403,0,9620480,windows,0,205,205,7,0,0,0,0,0,0,5,2,0
154.444,1,9531392,windows,0,205,205,7,0,0,0,0,0,0,5,2,0
154.662,0,9636864,windows,0,205,205,7,0,0,0,0,0,0,5,2,0
154.701,1,9547776,windows,0,205,205,7,0,0,0,0,0,0,5,2,0
154.914,0,9653248,windows,0,205,205,7,0,0,0,0,0,0,5,2,0
154.954,1,9566208,windows,0,205,205,7,0,0,0,0,0,0,5,2,0
155.169,0,9669632,windows,0,205,205,7,0,0,0,0,0,0,5,2,0
155.207,1,9584640,windows,0,205,205,7,0,0,0,0,0,0,5,2,0
155.421,0,9687040,windows,0,205,205,7,0,0,0,0,0,0,5,2,0
155.459,1,9602048,windows,0,205,205,7,0,0,0,0,0,0,5,2,0
155.674,0,9703424,windows,0,205,205,7,0,0,0,0,0,0,5,2,0
155.723,1,9621504,windows,0,205,205,7,0,0,0,0,0,0,5,2,0
155.927,0,9719808,windows,0,205,205,7,0,0,0,0,0,0,5,2,0
155.979,1,9639936,repair,0,205,205,7,0,0,0,0,0,0,5,2,0
156.177,0,9736192,windows,0,205,205,7,0,0,0,0,0,0,5,2,0
156.243,1,9656320,windows,0,205,205,7,0,0,0,0,0,0,5,2,0
156.436,0,9753600,windows,0,205,205,7,0,0,0,0,0,0,5,2,0
156.499,1,9673728,windows,0,205,205,7,0,0,0,0,0,0,5,2,0
156.697,0,9772032,windows,0,205,205,7,0,0,0,0,0,0,5,2,0
156.753,1,9690112,windows,0,205,205,7,0,0,0,0,0,0,5,2,0
156.947,0,9787392,windows,0,205,205,7,0,0,0,0,0,0,5,2,0
157.01,1,9704448,windows,0,205,205,7,0,0,0,0,0,0,5,2,0
157.203,0,9802752,windows,0,205,205,7,0,0,0,0,0,0,5,2,0
157.263,1,9718784,windows,0,205,205,7,0,0,0,0,0,0,5,2,0
157.464,0,9819136,windows,0,205,205,7,0,0,0,0,0,0,5,2,0
157.527,1,9737216,windows,0,205,205,7,0,0,0,0,0,0,5,2,0
157.72,0,9835520,windows,0,205,205,7,0,0,0,0,0,0,5,2,0
157.79,1,9755648,windows,0,205,205,7,0,0,0,0,0,0,5,2,0
157.976,0,9850880,repair,0,205,205,7,0,0,0,0,0,0,5,2,0
158.042,1,9773056,windows,0,205,205,7,0,0,0,0,0,0,5,2,0
158.236,0,9868288,repair,0,205,205,7,0,0,0,0,0,0,5,2,0
158.293,1,9788416,windows,0,205,205,7,0,0,0,0,0,0,5,2,0
158.492,0,9886720,windows,0,205,205,7,0,0,0,0,0,0,5,2,0
158.558,1,9803776,windows,0,205,205,7,0,0,0,0,0,0,5,2,0
158.744,0,9903104,windows,0,205,205,7,0,0,0,0,0,0,5,2,0
158.822,1,9820160,windows,0,205,205,7,0,0,0,0,0,0,5,2,0
159,0,9920512,windows,0,205,205,7,0,0,0,0,0,0,5,2,0
159.087,1,9837568,windows,0,205,205,7,0,0,0,0,0,0,5,2,0
159.258,0,9937920,windows,0,205,205,7,0,0,0,0,0,0,5,2,0
159.34,1,9853952,windows,0,205,205,7,0,0,0,0,0,0,5,2,0
159.512,0,9955328,windows,0,205,205,7,0,0,0,0,0,0,5,2,0
159.594,1,9871360,windows,0,205,205,7,0,0,0,0,0,0,5,2,0
159.774,0,9973760,windows,0,205,205,7,0,0,0,0,0,0,5,2,0
159.859,1,9888768,windows,0,205,205,7,0,0,0,0,0,0,5,2,0
160.039,0,9992192,windows,0,205,205,7,0,0,0,0,0,0,5,2,0
160.116,1,9906176,windows,0,205,205,7,0,0,0,0,0,0,5,2,0
160.301,0,10011648,windows,0,205,205,7,0,0,0,0,0,0,5,2,0
160.38,1,9924608,windows,0,205,205,7,0,0,0,0,0,0,5,2,0
160.557,0,10030080,windows,0,205,205,7,0,0,0,0,0,0,5,2,0
160.633,1,9944064,windows,0,205,205,7,0,0,0,0,0,0,5,2,0
160.818,0,10048512,windows,0,205,205,7,0,0,0,0,0,0,5,2,0
160.893,1,9963520,repair,0,205,205,7,0,0,0,0,0,0,5,2,0
161.073,0,10066944,windows,0,205,205,7,0,0,0,0,0,0,5,2,0
161.145,1,9982976,windows,0,205,205,7,0,0,0,0,0,0,5,2,0
161.331,0,10085376,windows,0,205,205,7,0,0,0,0,0,0,5,2,0
161.399,1,10000384,windows,0,205,205,7,0,0,0,0,0,0,5,2,0
161.583,0,10101760,windows,0,205,205,7,0,0,0,0,0,0,5,2,0
161.657,1,10017792,windows,0,205,205,7,0,0,0,0,0,0,5,2,0
161.839,0,10118144,windows,0,205,205,7,0,0,0,0,0,0,5,2,0
161.912,1,10034176,windows,0,205,205,7,0,0,0,0,0,0,5,2,0
162.095,0,10134528,windows,0,205,205,7,0,0,0,0,0,0,5,2,0
162.176,1,10050560,windows,0,205,205,7,0,0,0,0,0,0,5,2,0
162.358,0,10151936,windows,0,205,205,7,0,0,0,0,0,0,5,2,0
162.436,1,10066944,windows,0,205,205,7,0,0,0,0,0,0,5,2,0
162.619,0,10170368,windows,0,205,205,7,0,0,0,0,0,0,5,2,0
162.696,1,10084352,windows,0,205,205,7,0,0,0,0,0,0,5,2,0
162.885,0,10189824,windows,0,205,205,7,0,0,0,0,0,0,5,2,0
162.958,1,10101760,windows,0,205,205,7,0,0,0,0,0,0,5,2,0
163.137,0,10209280,windows,0,205,205,7,0,0,0,0,0,0,5,2,0
163.221,1,10119168,windows,0,205,205,7,0,0,0,0,0,0,5,2,0
163.389,0,10227712,windows,0,205,205,7,0,0,0,0,0,0,5,2,0
163.488,1,10133504,windows,0,205,205,7,0,0,0,0,0,0,5,2,0
163.648,0,10247168,windows,0,205,205,7,0,0,0,0,0,0,5,2,0
163.74,1,10147840,windows,0,205,205,7,0,0,0,0,0,0,5,2,0
163.906,0,10267648,windows,0,205,205,7,0,0,0,0,0,0,5,2,0
163.99,1,10162176,windows,0,205,205,7,0,0,0,0,0,0,5,2,0
164.157,0,10287104,windows,0,205,205,7,0,0,0,0,0,0,5,2,0
164.244,1,10176512,windows,0,205,205,7,0,0,0,0,0,0,5,2,0
164.417,0,10306560,repair,0,205,205,7,0,0,0,0,0,0,5,2,0
164.504,1,10190848,windows,0,205,205,7,0,0,0,0,0,0,5,2,0
164.672,0,10326016,windows,0,205,205,7,0,0,0,0,0,0,5,2,0
164.763,1,10206208,windows,0,205,205,7,0,0,0,0,0,0,5,2,0
164.929,0,10344448,windows,0,205,205,7,0,0,0,0,0,0,5,2,0
165.015,1,10220544,windows,0,205,205,7,0,0,0,0,0,0,5,2,0
165.194,0,10361856,windows,0,205,205,7,0,0,0,0,0,0,5,2,0
165.27,1,10234880,windows,0,205,205,7,0,0,0,0,0,0,5,2,0
165.453,0,10379264,windows,0,205,205,7,0,0,0,0,0,0,5,2,0
165.53,1,10252288,windows,0,205,205,7,0,0,0,0,0,0,5,2,0
165.704,0,10395648,windows,0,205,205,7,0,0,0,0,0,0,5,2,0
165.789,1,10270720,windows,0,205,205,7,0,0,0,0,0,0,5,2,0
165.964,0,10413056,windows,0,205,205,7,0,0,0,0,0,0,5,2,0
166.049,1,10289152,windows,0,205,205,7,0,0,0,0,0,0,5,2,0
166.228,0,10430464,windows,0,205,205,7,0,0,0,0,0,0,5,2,0
166.302,1,10306560,windows,0,205,205,7,0,0,0,0,0,0,5,2,0
166.479,0,10446848,windows,0,205,205,7,0,0,0,0,0,0,5,2,0
166.562,1,10324992,windows,0,205,205,7,0,0,0,0,0,0,5,2,0
166.734,0,10464256,windows,0,205,205,7,0,0,0,0,0,0,5,2,0
166.814,1,10343424,windows,0,205,205,7,0,0,0,0,0,0,5,2,0
166.999,0,10481664,windows,0,205,205,7,0,0,0,0,0,0,5,2,0
167.074,1,10361856,repair,0,205,205,7,0,0,0,0,0,0,5,2,0
167.264,0,10499072,windows,0,205,205,7,0,0,0,0,0,0,5,2,0
167.326,1,10378240,repair,0,205,205,7,0,0,0,0,0,0,5,2,0
167.529,0,10516480,windows,0,205,205,7,0,0,0,0,0,0,5,2,0
167.585,1,10397696,repair,0,205,205,7,0,0,0,0,0,0,5,2,0
167.794,0,10533888,windows,0,205,205,7,0,0,0,0,0,0,5,2,0
167.845,1,10416128,windows,0,205,205,7,0,0,0,0,0,0,5,2,0
168.05,0,10551296,windows,0,205,205,7,0,0,0,0,0,0,5,2,0
168.105,1,10433536,windows,0,205,205,7,0,0,0,0,0,0,5,2,0
168.312,0,10568704,windows,0,205,205,7,0,0,0,0,0,0,5,2,0
168.355,1,10449920,windows,0,205,205,7,0,0,0,0,0,0,5,2,0
168.576,0,10586112,windows,0,205,205,7,0,0,0,0,0,0,5,2,0
168.61,1,10466304,windows,0,205,205,7,0,0,0,0,0,0,5,2,0
168.833,0,10603520,windows,0,205,205,7,0,0,0,0,0,0,5,2,0
168.871,1,10483712,windows,0,205,205,7,0,0,0,0,0,0,5,2,0
169.096,0,10620928,windows,0,205,205,7,0,0,0,0,0,0,5,2,0
169.127,1,10501120,windows,0,205,205,7,0,0,0,0,0,0,5,2,0
169.354,0,10638336,windows,0,205,205,7,0,0,0,0,0,0,5,2,0
169.385,1,10517504,windows,0,205,205,7,0,0,0,0,0,0,5,2,0
169.614,0,10655744,windows,0,205,205,7,0,0,0,0,0,0,5,2,0
169.649,1,10534912,windows,0,205,205,7,0,0,0,0,0,0,5,2,0
169.868,0,10673152,windows,0,205,205,7,0,0,0,0,0,0,5,2,0
169.908,1,10552320,windows,0,205,205,7,0,0,0,0,0,0,5,2,0
170.118,0,10690560,windows,0,205,205,7,0,0,0,0,0,0,5,2,0
170.175,1,10569728,windows,0,205,205,7,0,0,0,0,0,0,5,2,0
170.384,0,10708992,windows,0,205,205,7,0,0,0,0,0,0,5,2,0
170.427,1,10586112,windows,0,205,205,7,0,0,0,0,0,0,5,2,0
170.646,0,10727424,repair,0,205,205,7,0,0,0,0,0,0,5,2,0
170.684,1,10603520,windows,0,205,205,7,0,0,0,0,0,0,5,2,0
170.904,0,10744832,repair,0,205,205,7,0,0,0,0,0,0,5,2,0
170.944,1,10620928,windows,0,205,205,7,0,0,0,0,0,0,5,2,0
171.154,0,10762240,repair,0,205,205,7,0,0,0,0,0,0,5,2,0
171.204,1,10637312,windows,0,205,205,7,0,0,0,0,0,0,5,2,0
171.411,0,10779648,repair,0,205,205,7,0,0,0,0,0,0,5,2,0
171.46,1,10654720,windows,0,205,205,7,0,0,0,0,0,0,5,2,0
171.666,0,10796032,windows,0,205,205,7,0,0,0,0,0,0,5,2,0
171.713,1,10672128,windows,0,205,205,7,0,0,0,0,0,0,5,2,0
171.931,0,10813440,windows,0,205,205,7,0,0,0,0,0,0,5,2,0
171.975,1,10689536,windows,0,205,205,7,0,0,0,0,0,0,5,2,0
172.192,0,10827776,windows,0,205,205,7,0,0,0,0,0,0,5,2,0
172.23,1,10705920,windows,0,205,205,7,0,0,0,0,0,0,5,2,0
172.446,0,10842112,windows,0,205,205,7,0,0,0,0,0,0,5,2,0
172.482,1,10722304,windows,0,205,205,7,0,0,0,0,0,0,5,2,0
172.707,0,10857472,windows,0,205,205,7,0,0,0,0,0,0,5,2,0
172.738,1,10738688,windows,0,205,205,7,0,0,0,0,0,0,5,2,0
172.968,0,10872832,windows,0,205,205,7,0,0,0,0,0,0,5,2,0
172.997,1,10755072,windows,0,205,205,7,0,0,0,0,0,0,5,2,0
173.219,0,10886144,windows,0,205,205,7,0,0,0,0,0,0,5,2,0
173.26,1,10771456,windows,0,205,205,7,0,0,0,0,0,0,5,2,0
173.478,0,10902528,windows,0,205,205,7,0,0,0,0,0,0,5,2,0
173.513,1,10787840,windows,0,205,205,7,0,0,0,0,0,0,5,2,0
173.734,0,10918912,windows,0,205,205,7,0,0,0,0,0,0,5,2,0
173.774,1,10805248,windows,0,205,205,7,0,0,0,0,0,0,5,2,0
173.99,0,10936320,windows,0,205,205,7,0,0,0,0,0,0,5,2,0
174.026,1,10822656,windows,0,205,205,7,0,0,0,0,0,0,5,2,0
174.241,0,10952704,windows,0,205,205,7,0,0,0,0,0,0,5,2,0
174.283,1,10839040,windows,0,205,205,7,0,0,0,0,0,0,5,2,0
174.496,0,10969088,windows,0,205,205,7,0,0,0,0,0,0,5,2,0
174.544,1,10855424,windows,0,205,205,7,0,0,0,0,0,0,5,2,0
174.754,0,10986496,windows,0,205,205,7,0,0,0,0,0,0,5,2,0
174.801,1,10872832,windows,0,205,205,7,0,0,0,0,0,0,5,2,0
175.019,0,11004928,windows,0,205,205,7,0,0,0,0,0,0,5,2,0
175.056,1,10890240,windows,0,205,205,7,0,0,0,0,0,0,5,2,0
175.275,0,11022336,windows,0,205,205,7,0,0,0,0,0,0,5,2,0
175.314,1,10906624,repair,0,205,205,7,0,0,0,0,0,0,5,2,0
175.538,0,11039744,windows,0,205,205,7,0,0,0,0,0,0,5,2,0
175.575,1,10924032,repair,0,205,205,7,0,0,0,0,0,0,5,2,0
175.801,0,11057152,windows,0,205,205,7,0,0,0,0,0,0,5,2,0
175.836,1,10943488,repair,0,205,205,7,0,0,0,0,0,0,5,2,0
176.057,0,11074560,windows,0,205,205,7,0,0,0,0,0,0,5,2,0
176.093,1,10960896,windows,0,205,205,7,0,0,0,0,0,0,5,2,0
176.315,0,11090944,windows,0,205,205,7,0,0,0,0,0,0,5,2,0
176.356,1,10977280,windows,0,205,205,7,0,0,0,0,0,0,5,2,0
176.567,0,11108352,windows,0,205,205,7,0,0,0,0,0,0,5,2,0
176.617,1,10993664,windows,0,205,205,7,0,0,0,0,0,0,5,2,0
176.823,0,11124736,windows,0,205,205,7,0,0,0,0,0,0,5,2,0
176.876,1,11009024,windows,0,205,205,7,0,0,0,0,0,0,5,2,0
177.082,0,11142144,windows,0,205,205,7,0,0,0,0,0,0,5,2,0
177.141,1,11025408,windows,0,205,205,7,0,0,0,0,0,0,5,2,0
177.338,0,11156480,repair,0,205,205,7,0,0,0,0,0,0,5,2,0
177.397,1,11039744,windows,0,205,205,7,0,0,0,0,0,0,5,2,0
177.596,0,11173888,windows,0,205,205,7,0,0,0,0,0,0,5,2,0
177.659,1,11056128,windows,0,205,205,7,0,0,0,0,0,0,5,2,0
177.854,0,11190272,windows,0,205,205,7,0,0,0,0,0,0,5,2,0
177.92,1,11071488,windows,0,205,205,7,0,0,0,0,0,0,5,2,0
178.113,0,11206656,windows,0,205,205,7,0,0,0,0,0,0,5,2,0
178.184,1,11087872,windows,0,205,205,7,0,0,0,0,0,0,5,2,0
178.367,0,11220992,windows,0,205,205,7,0,0,0,0,0,0,5,2,0
178.443,1,11104256,windows,0,205,205,7,0,0,0,0,0,0,5,2,0
178.628,0,11237376,windows,0,205,205,7,0,0,0,0,0,0,5,2,0
178.701,1,11120640,windows,0,205,205,7,0,0,0,0,0,0,5,2,0
178.884,0,11252736,windows,0,205,205,7,0,0,0,0,0,0,5,2,0
178.965,1,11137024,windows,0,205,205,7,0,0,0,0,0,0,5,2,0
179.141,0,11269120,windows,0,205,205,7,0,0,0,0,0,0,5,2,0
179.216,1,11153408,windows,0,205,205,7,0,0,0,0,0,0,5,2,0
179.4,0,11284480,windows,0,205,205,7,0,0,0,0,0,0,5,2,0
179.481,1,11169792,windows,0,205,205,7,0,0,0,0,0,0,5,2,0
179.667,0,11300864,windows,0,205,205,7,0,0,0,0,0,0,5,2,0
179.741,1,11186176,windows,0,205,205,7,0,0,0,0,0,0,5,2,0
179.927,0,11317248,windows,0,205,205,7,0,0,0,0,0,0,5,2,0
179.997,1,11203584,windows,0,205,205,7,0,0,0,0,0,0,5,2,0
180.181,0,11333632,windows,0,205,205,7,0,0,0,0,0,0,5,2,0
180.252,1,11220992,windows,0,205,205,7,0,0,0,0,0,0,5,2,0
180.434,0,11348992,windows,0,205,205,7,0,0,0,0,0,0,5,2,0
180.509,1,11237376,windows,0,205,205,7,0,0,0,0,0,0,5,2,0
180.686,0,11365376,windows,0,205,205,7,0,0,0,0,0,0,5,2,0
180.77,1,11254784,windows,0,205,205,7,0,0,0,0,0,0,5,2,0
180.941,0,11382784,windows,0,205,205,7,0,0,0,0,0,0,5,2,0
181.022,1,11270144,windows,0,205,205,7,0,0,0,0,0,0,5,2,0
181.197,0,11399168,windows,0,205,205,7,0,0,0,0,0,0,5,2,0
181.273,1,11283456,windows,0,205,205,7,0,0,0,0,0,0,5,2,0
181.455,0,11415552,windows,0,205,205,7,0,0,0,0,0,0,5,2,0
181.54,1,11297792,windows,0,205,205,7,0,0,0,0,0,0,5,2,0
181.714,0,11432960,windows,0,205,205,7,0,0,0,0,0,0,5,2,0
181.794,1,11312128,windows,0,205,205,7,0,0,0,0,0,0,5,2,0
181.964,0,11449344,windows,0,205,205,7,0,0,0,0,0,0,5,2,0
182.046,1,11326464,windows,0,205,205,7,0,0,0,0,0,0,5,2,0
182.217,0,11465728,windows,0,205,205,7,0,0,0,0,0,0,5,2,0
182.302,1,11340800,windows,0,205,205,7,0,0,0,0,0,0,5,2,0
182.469,0,11483136,windows,0,205,205,7,0,0,0,0,0,0,5,2,0
182.567,1,11356160,windows,0,205,205,7,0,0,0,0,0,0,5,2,0
182.729,0,11501568,windows,0,205,205,7,0,0,0,0,0,0,5,2,0
182.826,1,11371520,windows,0,205,205,7,0,0,0,0,0,0,5,2,0
182.986,0,11520000,windows,0,205,205,7,0,0,0,0,0,0,5,2,0
183.083,1,11388928,repair,0,205,205,7,0,0,0,0,0,0,5,2,0
183.25,0,11537408,windows,0,205,205,7,0,0,0,0,0,0,5,2,0
183.338,1,11406336,repair,0,205,205,7,0,0,0,0,0,0,5,2,0
183.504,0,11553792,repair,0,205,205,7,0,0,0,0,0,0,5,2,0
183.59,1,11420672,windows,0,205,205,7,0,0,0,0,0,0,5,2,0
183.766,0,11571200,repair,0,205,205,7,0,0,0,0,0,0,5,2,0
183.842,1,11435008,windows,0,205,205,7,0,0,0,0,0,0,5,2,0
184.032,0,11590656,windows,0,205,205,7,0,0,0,0,0,0,5,2,0
184.103,1,11450368,windows,0,205,205,7,0,0,0,0,0,0,5,2,0
184.292,0,11607040,windows,0,205,205,7,0,0,0,0,0,0,5,2,0
184.361,1,11465728,windows,0,205,205,7,0,0,0,0,0,0,5,2,0
184.556,0,11623424,windows,0,205,205,7,0,0,0,0,0,0,5,2,0
184.622,1,11481088,windows,0,205,205,7,0,0,0,0,0,0,5,2,0
184.814,0,11639808,windows,0,205,205,7,0,0,0,0,0,0,5,2,0
184.874,1,11496448,windows,0,205,205,7,0,0,0,0,0,0,5,2,0
185.073,0,11656192,windows,0,205,205,7,0,0,0,0,0,0,5,2,0
185.136,1,11511808,windows,0,205,205,7,0,0,0,0,0,0,5,2,0
185.326,0,11671552,windows,0,205,205,7,0,0,0,0,0,0,5,2,0
185.401,1,11528192,windows,0,205,205,7,0,0,0,0,0,0,5,2,0
185.591,0,11687936,windows,0,205,205,7,0,0,0,0,0,0,5,2,0
185.652,1,11542528,windows,0,205,205,7,0,0,0,0,0,0,5,2,0
185.853,0,11704320,windows,0,205,205,7,0,0,0,0,0,0,5,2,0
185.911,1,11556864,windows,0,205,205,7,0,0,0,0,0,0,5,2,0
186.118,0,11720704,windows,0,205,205,7,0,0,0,0,0,0,5,2,0
186.174,1,11572224,windows,0,205,205,7,0,0,0,0,0,0,5,2,0
186.373,0,11736064,windows,0,205,205,7,0,0,0,0,0,0,5,2,0
186.431,1,11587584,windows,0,205,205,7,0,0,0,0,0,0,5,2,0
186.634,0,11752448,windows,0,205,205,7,0,0,0,0,0,0,5,2,0
186.695,1,11602944,windows,0,205,205,7,0,0,0,0,0,0,5,2,0
186.892,0,11768832,windows,0,205,205,7,0,0,0,0,0,0,5,2,0
186.953,1,11618304,windows,0,205,205,7,0,0,0,0,0,0,5,2,0
187.146,0,11786240,windows,0,205,205,7,0,0,0,0,0,0,5,2,0
187.206,1,11634688,windows,0,205,205,7,0,0,0,0,0,0,5,2,0
187.404,0,11801600,windows,0,205,205,7,0,0,0,0,0,0,5,2,0
187.461,1,11651072,windows,0,205,205,7,0,0,0,0,0,0,5,2,0
187.66,0,11817984,windows,0,205,205,7,0,0,0,0,0,0,5,2,0
187.719,1,11667456,windows,0,205,205,7,0,0,0,0,0,0,5,2,0
187.921,0,11834368,windows,0,205,205,7,0,0,0,0,0,0,5,2,0
187.984,1,11683840,windows,0,205,205,7,0,0,0,0,0,0,5,2,0
188.18,0,11848704,windows,0,205,205,7,0,0,0,0,0,0,5,2,0
188.245,1,11700224,windows,0,205,205,7,0,0,0,0,0,0,5,2,0
188.439,0,11864064,windows,0,205,205,7,0,0,0,0,0,0,5,2,0
188.506,1,11715584,repair,0,205,205,7,0,0,0,0,0,0,5,2,0
188.694,0,11880448,windows,0,205,205,7,0,0,0,0,0,0,5,2,0
188.759,1,11731968,repair,0,205,205,7,0,0,0,0,0,0,5,2,0
188.946,0,11896832,windows,0,205,205,7,0,0,0,0,0,0,5,2,0
189.016,1,11748352,repair,0,205,205,7,0,0,0,0,0,0,5,2,0
189.198,0,11912192,windows,0,205,205,7,0,0,0,0,0,0,5,2,0
189.277,1,11763712,repair,0,205,205,7,0,0,0,0,0,0,5,2,0
189.456,0,11928576,windows,0,205,205,7,0,0,0,0,0,0,5,2,0
189.533,1,11778048,repair,0,205,205,7,0,0,0,0,0,0,5,2,0
189.707,0,11944960,windows,0,205,205,7,0,0,0,0,0,0,5,2,0
189.798,1,11794432,windows,0,205,205,7,0,0,0,0,0,0,5,2,0
189.97,0,11962368,windows,0,205,205,7,0,0,0,0,0,0,5,2,0
190.052,1,11808768,windows,0,205,205,7,0,0,0,0,0,0,5,2,0
190.226,0,11979776,windows,0,205,205,7,0,0,0,0,0,0,5,2,0
190.318,1,11823104,windows,0,205,205,7,0,0,0,0,0,0,5,2,0
190.485,0,11997184,windows,0,205,205,7,0,0,0,0,0,0,5,2,0
190.572,1,11837440,windows,0,205,205,7,0,0,0,0,0,0,5,2,0
190.749,0,12013568,repair,0,205,205,7,0,0,0,0,0,0,5,2,0
190.835,1,11851776,windows,0,205,205,7,0,0,0,0,0,0,5,2,0
191.01,0,12030976,repair,0,205,205,7,0,0,0,0,0,0,5,2,0
191.101,1,11867136,windows,0,205,205,7,0,0,0,0,0,0,5,2,0
191.267,0,12048384,repair,0,205,205,7,0,0,0,0,0,0,5,2,0
191.361,1,11883520,windows,0,205,205,7,0,0,0,0,0,0,5,2,0
191.531,0,12065792,windows,0,205,205,7,0,0,0,0,0,0,5,2,0
191.619,1,11899904,windows,0,205,205,7,0,0,0,0,0,0,5,2,0
191.787,0,12082176,windows,0,205,205,7,0,0,0,0,0,0,5,2,0
191.873,1,11915264,windows,0,205,205,7,0,0,0,0,0,0,5,2,0
192.047,0,12098560,windows,0,205,205,7,0,0,0,0,0,0,5,2,0
192.128,1,11931648,windows,0,205,205,7,0,0,0,0,0,0,5,2,0
192.305,0,12114944,windows,0,205,205,7,0,0,0,0,0,0,5,2,0
192.393,1,11948032,windows,0,205,205,7,0,0,0,0,0,0,5,2,0
192.571,0,12130304,windows,0,205,205,7,0,0,0,0,0,0,5,2,0
192.648,1,11964416,windows,0,205,205,7,0,0,0,0,0,0,5,2,0
192.835,0,12146688,windows,0,205,205,7,0,0,0,0,0,0,5,2,0
192.899,1,11979776,windows,0,205,205,7,0,0,0,0,0,0,5,2,0
193.088,0,12163072,windows,0,205,205,7,0,0,0,0,0,0,5,2,0
193.153,1,11996160,windows,0,205,205,7,0,0,0,0,0,0,5,2,0
193.345,0,12178432,windows,0,205,205,7,0,0,0,0,0,0,5,2,0
193.413,1,12012544,windows,0,205,205,7,0,0,0,0,0,0,5,2,0
193.608,0,12194816,windows,0,205,205,7,0,0,0,0,0,0,5,2,0
193.674,1,12028928,windows,0,205,205,7,0,0,0,0,0,0,5,2,0
193.862,0,12210176,windows,0,205,205,7,0,0,0,0,0,0,5,2,0
193.929,1,12045312,windows,0,205,205,7,0,0,0,0,0,0,5,2,0
194.123,0,12226560,windows,0,205,205,7,0,0,0,0,0,0,5,2,0
194.185,1,12061696,windows,0,205,205,7,0,0,0,0,0,0,5,2,0
194.391,0,12242944,windows,0,205,205,7,0,0,0,0,0,0,5,2,0
194.451,1,12078080,windows,0,205,205,7,0,0,0,0,0,0,5,2,0
194.643,0,12259328,windows,0,205,205,7,0,0,0,0,0,0,5,2,0
194.712,1,12095488,windows,0,205,205,7,0,0,0,0,0,0,5,2,0
194.9,0,12275712,windows,0,205,205,7,0,0,0,0,0,0,5,2,0
194.966,1,12113920,windows,0,205,205,7,0,0,0,0,0,0,5,2,0
195.156,0,12292096,windows,0,205,205,7,0,0,0,0,0,0,5,2,0
195.22,1,12132352,windows,0,205,205,7,0,0,0,0,0,0,5,2,0
195.414,0,12307456,windows,0,205,205,7,0,0,0,0,0,0,5,2,0
195.477,1,12150784,windows,0,205,205,7,0,0,0,0,0,0,5,2,0
195.669,0,12323840,windows,0,205,205,7,0,0,0,0,0,0,5,2,0
195.73,1,12169216,windows,0,205,205,7,0,0,0,0,0,0,5,2,0
195.928,0,12340224,windows,0,205,205,7,0,0,0,0,0,0,5,2,0
195.981,1,12186624,repair,0,205,205,7,0,0,0,0,0,0,5,2,0
196.181,0,12355584,windows,0,205,205,7,0,0,0,0,0,0,5,2,0
196.234,1,12205056,repair,0,205,205,7,0,0,0,0,0,0,5,2,0
196.439,0,12371968,windows,0,205,205,7,0,0,0,0,0,0,5,2,0
196.495,1,12226560,windows,0,205,205,7,0,0,0,0,0,0,5,2,0
196.692,0,12389376,windows,0,205,205,7,0,0,0,0,0,0,5,2,0
196.748,1,12242944,windows,0,205,205,7,0,0,0,0,0,0,5,2,0
196.945,0,12406784,windows,0,205,205,7,0,0,0,0,0,0,5,2,0
197.008,1,12260352,windows,0,205,205,7,0,0,0,0,0,0,5,2,0
197.207,0,12424192,windows,0,205,205,7,0,0,0,0,0,0,5,2,0
197.272,1,12277760,windows,0,205,205,7,0,0,0,0,0,0,5,2,0
197.458,0,12440576,windows,0,205,205,7,0,0,0,0,0,0,5,2,0
197.533,1,12294144,windows,0,205,205,7,0,0,0,0,0,0,5,2,0
197.715,0,12457984,windows,0,205,205,7,0,0,0,0,0,0,5,2,0
197.79,1,12310528,windows,0,205,205,7,0,0,0,0,0,0,5,2,0
197.966,0,12474368,repair,0,205,205,7,0,0,0,0,0,0,5,2,0
198.044,1,12325888,windows,0,205,205,7,0,0,0,0,0,0,5,2,0
198.226,0,12491776,windows,0,205,205,7,0,0,0,0,0,0,5,2,0
198.309,1,12342272,windows,0,205,205,7,0,0,0,0,0,0,5,2,0
198.478,0,12508160,windows,0,205,205,7,0,0,0,0,0,0,5,2,0
198.565,1,12358656,windows,0,205,205,7,0,0,0,0,0,0,5,2,0
198.741,0,12525568,windows,0,205,205,7,0,0,0,0,0,0,5,2,0
198.825,1,12375040,windows,0,205,205,7,0,0,0,0,0,0,5,2,0
198.991,0,12541952,windows,0,205,205,7,0,0,0,0,0,0,5,2,0
199.081,1,12391424,windows,0,205,205,7,0,0,0,0,0,0,5,2,0
199.253,0,12557312,windows,0,205,205,7,0,0,0,0,0,0,5,2,0
199.332,1,12406784,windows,0,205,205,7,0,0,0,0,0,0,5,2,0
199.507,0,12573696,windows,0,205,205,7,0,0,0,0,0,0,5,2,0
199.586,1,12421120,windows,0,205,205,7,0,0,0,0,0,0,5,2,0
199.769,0,12591104,windows,0,205,205,7,0,0,0,0,0,0,5,2,0
199.848,1,12438528,windows,0,205,205,7,0,0,0,0,0,0,5,2,0
200.03,0,12608512,windows,0,205,205,7,0,0,0,0,0,0,5,2,0
200.103,1,12453888,windows,0,205,205,7,0,0,0,0,0,0,5,2,0
200.286,0,12625920,windows,0,205,205,7,0,0,0,0,0,0,5,2,0
200.366,1,12470272,windows,0,205,205,7,0,0,0,0,0,0,5,2,0
200.542,0,12642304,windows,0,205,205,7,0,0,0,0,0,0,5,2,0
200.623,1,12485632,windows,0,205,205,7,0,0,0,0,0,0,5,2,0
200.801,0,12659712,windows,0,205,205,7,0,0,0,0,0,0,5,2,0
200.885,1,12503040,windows,0,205,205,7,0,0,0,0,0,0,5,2,0
201.063,0,12677120,windows,0,205,205,7,0,0,0,0,0,0,5,2,0
201.135,1,12520448,windows,0,205,205,7,0,0,0,0,0,0,5,2,0
201.322,0,12694528,windows,0,205,205,7,0,0,0,0,0,0,5,2,0
201.388,1,12536832,windows,0,205,205,7,0,0,0,0,0,0,5,2,0
201.574,0,12711936,windows,0,205,205,7,0,0,0,0,0,0,5,2,0
201.648,1,12554240,windows,0,205,205,7,0,0,0,0,0,0,5,2,0
201.832,0,12729344,windows,0,205,205,7,0,0,0,0,0,0,5,2,0
201.913,1,12571648,windows,0,205,205,7,0,0,0,0,0,0,5,2,0
202.093,0,12746752,windows,0,205,205,7,0,0,0,0,0,0,5,2,0
202.174,1,12589056,windows,0,205,205,7,0,0,0,0,0,0,5,2,0
202.347,0,12763136,windows,0,205,205,7,0,0,0,0,0,0,5,2,0
202.429,1,12606464,windows,0,205,205,7,0,0,0,0,0,0,5,2,0
202.603,0,12780544,windows,0,205,205,7,0,0,0,0,0,0,5,2,0
202.686,1,12624896,windows,0,205,205,7,0,0,0,0,0,0,5,2,0
202.857,0,12797952,windows,0,205,205,7,0,0,0,0,0,0,5,2,0
202.949,1,12642304,windows,0,205,205,7,0,0,0,0,0,0,5,2,0
203.108,0,12814336,windows,0,205,205,7,0,0,0,0,0,0,5,2,0
203.209,1,12658688,windows,0,205,205,7,0,0,0,0,0,0,5,2,0
203.362,0,12830720,windows,0,205,205,7,0,0,0,0,0,0,5,2,0
203.461,1,12676096,windows,0,205,205,7,0,0,0,0,0,0,5,2,0
203.621,0,12848128,windows,0,205,205,7,0,0,0,0,0,0,5,2,0
203.713,1,12692480,windows,0,205,205,7,0,0,0,0,0,0,5,2,0
203.876,0,12864512,repair,0,205,205,7,0,0,0,0,0,0,5,2,0
203.969,1,12709888,windows,0,205,205,7,0,0,0,0,0,0,5,2,0
204.133,0,12882944,repair,0,205,205,7,0,0,0,0,0,0,5,2,0
204.231,1,12727296,repair,0,205,205,7,0,0,0,0,0,0,5,2,0
204.396,0,12901376,windows,0,205,205,7,0,0,0,0,0,0,5,2,0
204.488,1,12746752,repair,0,205,205,7,0,0,0,0,0,0,5,2,0
204.659,0,12918784,windows,0,205,205,7,0,0,0,0,0,0,5,2,0
204.744,1,12767232,windows,0,205,205,7,0,0,0,0,0,0,5,2,0
204.911,0,12935168,windows,0,205,205,7,0,0,0,0,0,0,5,2,0
204.997,1,12783616,windows,0,205,205,7,0,0,0,0,0,0,5,2,0
205.163,0,12951552,windows,0,205,205,7,0,0,0,0,0,0,5,2,0
205.252,1,12800000,windows,0,205,205,7,0,0,0,0,0,0,5,2,0
205.415,0,12965888,windows,0,205,205,7,0,0,0,0,0,0,5,2,0
205.506,1,12816384,windows,0,205,205,7,0,0,0,0,0,0,5,2,0
205.672,0,12980224,windows,0,205,205,7,0,0,0,0,0,0,5,2,0
205.76,1,12831744,windows,0,205,205,7,0,0,0,0,0,0,5,2,0
205.933,0,12994560,windows,0,205,205,7,0,0,0,0,0,0,5,2,0
206.018,1,12847104,windows,0,205,205,7,0,0,0,0,0,0,5,2,0
206.209,0,13008896,windows,0,205,205,7,0,0,0,0,0,0,5,2,0
206.281,1,12861440,windows,0,205,205,7,0,0,0,0,0,0,5,2,0
206.467,0,13022208,windows,0,205,205,7,0,0,0,0,0,0,5,2,0
206.535,1,12876800,windows,0,205,205,7,0,0,0,0,0,0,5,2,0
206.734,0,13036544,windows,0,205,205,7,0,0,0,0,0,0,5,2,0
206.796,1,12892160,windows,0,205,205,7,0,0,0,0,0,0,5,2,0
207.004,0,13050880,windows,0,205,205,7,0,0,0,0,0,0,5,2,0
207.061,1,12905472,windows,0,205,205,7,0,0,0,0,0,0,5,2,0
207.272,0,13065216,windows,0,205,205,7,0,0,0,0,0,0,5,2,0
207.315,1,12918784,windows,0,205,205,7,0,0,0,0,0,0,5,2,0
207.535,0,13079552,windows,0,205,205,7,0,0,0,0,0,0,5,2,0
207.582,1,12933120,windows,0,205,205,7,0,0,0,0,0,0,5,2,0
207.794,0,13092864,windows,0,205,205,7,0,0,0,0,0,0,5,2,0
207.833,1,12946432,windows,0,205,205,7,0,0,0,0,0,0,5,2,0
208.044,0,13106176,windows,0,205,205,7,0,0,0,0,0,0,5,2,0
208.099,1,12962816,windows,0,205,205,7,0,0,0,0,0,0,5,2,0
208.308,0,13119488,windows,0,205,205,7,0,0,0,0,0,0,5,2,0
208.361,1,12978176,windows,0,205,205,7,0,0,0,0,0,0,5,2,0
208.57,0,13132800,windows,0,205,205,7,0,0,0,0,0,0,5,2,0
208.623,1,12993536,windows,0,205,205,7,0,0,0,0,0,0,5,2,0
208.825,0,13146112,windows,0,205,205,7,0,0,0,0,0,0,5,2,0
208.88,1,13008896,windows,0,205,205,7,0,0,0,0,0,0,5,2,0
209.084,0,13160448,windows,0,205,205,7,0,0,0,0,0,0,5,2,0
209.134,1,13024256,repair,0,205,205,7,0,0,0,0,0,0,5,2,0
209.347,0,13174784,windows,0,205,205,7,0,0,0,0,0,0,5,2,0
209.39,1,13040640,repair,0,205,205,7,0,0,0,0,0,0,5,2,0
209.607,0,13189120,windows,0,205,205,7,0,0,0,0,0,0,5,2,0
209.642,1,13057024,windows,0,205,205,7,0,0,0,0,0,0,5,2,0
209.86,0,13203456,windows,0,205,205,7,0,0,0,0,0,0,5,2,0
209.906,1,13074432,windows,0,205,205,7,0,0,0,0,0,0,5,2,0
210.111,0,13217792,windows,0,205,205,7,0,0,0,0,0,0,5,2,0
210.163,1,13090816,windows,0,205,205,7,0,0,0,0,0,0,5,2,0
210.366,0,13232128,windows,0,205,205,7,0,0,0,0,0,0,5,2,0
210.417,1,13107200,windows,0,205,205,7,0,0,0,0,0,0,5,2,0
210.621,0,13247488,windows,0,205,205,7,0,0,0,0,0,0,5,2,0
210.682,1,13124608,windows,0,205,205,7,0,0,0,0,0,0,5,2,0
210.887,0,13262848,windows,0,205,205,7,0,0,0,0,0,0,5,2,0
210.946,1,13140992,windows,0,205,205,7,0,0,0,0,0,0,5,2,0
211.138,0,13280256,windows,0,205,205,7,0,0,0,0,0,0,5,2,0
211.212,1,13158400,windows,0,205,205,7,0,0,0,0,0,0,5,2,0
211.407,0,13297664,windows,0,205,205,7,0,0,0,0,0,0,5,2,0
211.477,1,13175808,windows,0,205,205,7,0,0,0,0,0,0,5,2,0
211.662,0,13315072,windows,0,205,205,7,0,0,0,0,0,0,5,2,0
211.734,1,13192192,windows,0,205,205,7,0,0,0,0,0,0,5,2,0
211.914,0,13331456,repair,0,205,205,7,0,0,0,0,0,0,5,2,0
211.984,1,13208576,windows,0,205,205,7,0,0,0,0,0,0,5,2,0
212.173,0,13349888,windows,0,205,205,7,0,0,0,0,0,0,5,2,0
212.249,1,13225984,windows,0,205,205,7,0,0,0,0,0,0,5,2,0
212.438,0,13366272,windows,0,205,205,7,0,0,0,0,0,0,5,2,0
212.509,1,13243392,windows,0,205,205,7,0,0,0,0,0,0,5,2,0
212.7,0,13383680,windows,0,205,205,7,0,0,0,0,0,0,5,2,0
212.77,1,13260800,windows,0,205,205,7,0,0,0,0,0,0,5,2,0
212.952,0,13400064,windows,0,205,205,7,0,0,0,0,0,0,5,2,0
213.022,1,13278208,windows,0,205,205,7,0,0,0,0,0,0,5,2,0
213.205,0,13415424,windows,0,205,205,7,0,0,0,0,0,0,5,2,0
213.286,1,13296640,windows,0,205,205,7,0,0,0,0,0,0,5,2,0
213.467,0,13432832,windows,0,205,205,7,0,0,0,0,0,0,5,2,0
213.549,1,13314048,windows,0,205,205,7,0,0,0,0,0,0,5,2,0
213.725,0,13450240,windows,0,205,205,7,0,0,0,0,0,0,5,2,0
213.813,1,13333504,windows,0,205,205,7,0,0,0,0,0,0,5,2,0
213.984,0,13467648,windows,0,205,205,7,0,0,0,0,0,0,5,2,0
214.076,1,13352960,windows,0,205,205,7,0,0,0,0,0,0,5,2,0
214.243,0,13484032,windows,0,205,205,7,0,0,0,0,0,0,5,2,0
214.333,1,13371392,windows,0,205,205,7,0,0,0,0,0,0,5,2,0
214.51,0,13500416,windows,0,205,205,7,0,0,0,0,0,0,5,2,0
214.596,1,13389824,repair,0,205,205,7,0,0,0,0,0,0,5,2,0
214.769,0,13516800,windows,0,205,205,7,0,0,0,0,0,0,5,2,0
214.85,1,13407232,repair,0,205,205,7,0,0,0,0,0,0,5,2,0
215.033,0,13532160,windows,0,205,205,7,0,0,0,0,0,0,5,2,0
215.104,1,13424640,repair,0,205,205,7,0,0,0,0,0,0,5,2,0
215.296,0,13547520,windows,0,205,205,7,0,0,0,0,0,0,5,2,0
215.354,1,13441024,windows,0,205,205,7,0,0,0,0,0,0,5,2,0
215.553,0,13562880,windows,0,205,205,7,0,0,0,0,0,0,5,2,0
215.615,1,13456384,windows,0,205,205,7,0,0,0,0,0,0,5,2,0
215.814,0,13579264,windows,0,205,205,7,0,0,0,0,0,0,5,2,0
215.877,1,13473792,windows,0,205,205,7,0,0,0,0,0,0,5,2,0
216.076,0,13597696,windows,0,205,205,7,0,0,0,0,0,0,5,2,0
216.131,1,13491200,windows,0,205,205,7,0,0,0,0,0,0,5,2,0
216.335,0,13615104,windows,0,205,205,7,0,0,0,0,0,0,5,2,0
216.384,1,13507584,windows,0,205,205,7,0,0,0,0,0,0,5,2,0
216.592,0,13632512,windows,0,205,205,7,0,0,0,0,0,0,5,2,0
216.645,1,13524992,windows,0,205,205,7,0,0,0,0,0,0,5,2,0
216.849,0,13649920,windows,0,205,205,7,0,0,0,0,0,0,5,2,0
216.899,1,13541376,windows,0,205,205,7,0,0,0,0,0,0,5,2,0
217.1,0,13667328,windows,0,205,205,7,0,0,0,0,0,0,5,2,0
217.156,1,13557760,windows,0,205,205,7,0,0,0,0,0,0,5,2,0
217.351,0,13684736,windows,0,205,205,7,0,0,0,0,0,0,5,2,0
217.411,1,13574144,windows,0,205,205,7,0,0,0,0,0,0,5,2,0
217.604,0,13703168,windows,0,205,205,7,0,0,0,0,0,0,5,2,0
217.667,1,13591552,windows,0,205,205,7,0,0,0,0,0,0,5,2,0
217.862,0,13721600,windows,0,205,205,7,0,0,0,0,0,0,5,2,0
217.923,1,13607936,windows,0,205,205,7,0,0,0,0,0,0,5,2,0
218.117,0,13740032,windows,0,205,205,7,0,0,0,0,0,0,5,2,0
218.195,1,13625344,windows,0,205,205,7,0,0,0,0,0,0,5,2,0
218.372,0,13758464,windows,0,205,205,7,0,0,0,0,0,0,5,2,0
218.446,1,13640704,repair,0,205,205,7,0,0,0,0,0,0,5,2,0
218.635,0,13777920,windows,0,205,205,7,0,0,0,0,0,0,5,2,0
218.71,1,13659136,windows,0,205,205,7,0,0,0,0,0,0,5,2,0
218.886,0,13795328,windows,0,205,205,7,0,0,0,0,0,0,5,2,0
218.964,1,13675520,windows,0,205,205,7,0,0,0,0,0,0,5,2,0
219.139,0,13813760,windows,0,205,205,7,0,0,0,0,0,0,5,2,0
219.222,1,13691904,windows,0,205,205,7,0,0,0,0,0,0,5,2,0
219.393,0,13833216,windows,0,205,205,7,0,0,0,0,0,0,5,2,0
219.477,1,13705216,windows,0,205,205,7,0,0,0,0,0,0,5,2,0
219.648,0,13851648,repair,0,205,205,7,0,0,0,0,0,0,5,2,0
219.735,1,13719552,windows,0,205,205,7,0,0,0,0,0,0,5,2,0
219.904,0,13872128,repair,0,205,205,7,0,0,0,0,0,0,5,2,0
220,1,13733888,windows,0,205,205,7,0,0,0,0,0,0,5,2,0
220.159,0,13894656,repair,0,205,205,7,0,0,0,0,0,0,5,2,0
220.272,1,13749248,windows,0,205,205,7,0,0,0,0,0,0,5,2,0
220.423,0,13914112,windows,0,205,205,7,0,0,0,0,0,0,5,2,0
220.537,1,13763584,windows,0,205,205,7,0,0,0,0,0,0,5,2,0
220.687,0,13932544,windows,0,205,205,7,0,0,0,0,0,0,5,2,0
220.802,1,13777920,windows,0,205,205,7,0,0,0,0,0,0,5,2,0
220.948,0,13949952,windows,0,205,205,7,0,0,0,0,0,0,5,2,0
221.054,1,13794304,windows,0,205,205,7,0,0,0,0,0,0,5,2,0
221.209,0,13967360,windows,0,205,205,7,0,0,0,0,0,0,5,2,0
221.317,1,13812736,repair,0,205,205,7,0,0,0,0,0,0,5,2,0
221.469,0,13983744,windows,0,205,205,7,0,0,0,0,0,0,5,2,0
221.58,1,13831168,repair,0,205,205,7,0,0,0,0,0,0,5,2,0
221.728,0,14000128,windows,0,205,205,7,0,0,0,0,0,0,5,2,0
221.838,1,13848576,windows,0,205,205,7,0,0,0,0,0,0,5,2,0
221.984,0,14015488,windows,0,205,205,7,0,0,0,0,0,0,5,2,0
222.096,1,13864960,windows,0,205,205,7,0,0,0,0,0,0,5,2,0
222.236,0,14030848,windows,0,205,205,7,0,0,0,0,0,0,5,2,0
222.352,1,13881344,windows,0,205,205,7,0,0,0,0,0,0,5,2,0
222.496,0,14047232,windows,0,205,205,7,0,0,0,0,0,0,5,2,0
222.612,1,13897728,windows,0,205,205,7,0,0,0,0,0,0,5,2,0
222.747,0,14063616,windows,0,205,205,7,0,0,0,0,0,0,5,2,0
222.869,1,13914112,windows,0,205,205,7,0,0,0,0,0,0,5,2,0
223.006,0,14080000,windows,0,205,205,7,0,0,0,0,0,0,5,2,0
223.121,1,13928448,windows,0,205,205,7,0,0,0,0,0,0,5,2,0
223.262,0,14095360,windows,0,205,205,7,0,0,0,0,0,0,5,2,0
223.374,1,13943808,windows,0,205,205,7,0,0,0,0,0,0,5,2,0
223.518,0,14110720,windows,0,205,205,7,0,0,0,0,0,0,5,2,0
223.627,1,13958144,windows,0,205,205,7,0,0,0,0,0,0,5,2,0
223.783,0,14127104,windows,0,205,205,7,0,0,0,0,0,0,5,2,0
223.878,1,13973504,windows,0,205,205,7,0,0,0,0,0,0,5,2,0
224.041,0,14143488,windows,0,205,205,7,0,0,0,0,0,0,5,2,0
224.14,1,13990912,windows,0,205,205,7,0,0,0,0,0,0,5,2,0
224.292,0,14159872,windows,0,205,205,7,0,0,0,0,0,0,5,2,0
224.398,1,14007296,windows,0,205,205,7,0,0,0,0,0,0,5,2,0
224.546,0,14177280,windows,0,205,205,7,0,0,0,0,0,0,5,2,0
224.657,1,14024704,windows,0,205,205,7,0,0,0,0,0,0,5,2,0
224.8,0,14193664,windows,0,205,205,7,0,0,0,0,0,0,5,2,0
224.911,1,14040064,windows,0,205,205,7,0,0,0,0,0,0,5,2,0
225.059,0,14211072,windows,0,205,205,7,0,0,0,0,0,0,5,2,0
225.174,1,14057472,windows,0,205,205,7,0,0,0,0,0,0,5,2,0
225.309,0,14227456,windows,0,205,205,7,0,0,0,0,0,0,5,2,0
225.44,1,14073856,windows,0,205,205,7,0,0,0,0,0,0,5,2,0
225.568,0,14243840,windows,0,205,205,7,0,0,0,0,0,0,5,2,0
225.695,1,14090240,windows,0,205,205,7,0,0,0,0,0,0,5,2,0
225.828,0,14260224,windows,0,205,205,7,0,0,0,0,0,0,5,2,0
225.958,1,14105600,windows,0,205,205,7,0,0,0,0,0,0,5,2,0
226.086,0,14275584,windows,0,205,205,7,0,0,0,0,0,0,5,2,0
226.212,1,14120960,windows,0,205,205,7,0,0,0,0,0,0,5,2,0
226.339,0,14290944,windows,0,205,205,7,0,0,0,0,0,0,5,2,0
226.471,1,14137344,windows,0,205,205,7,0,0,0,0,0,0,5,2,0
226.598,0,14308352,repair,0,205,205,7,0,0,0,0,0,0,5,2,0
226.723,1,14153728,windows,0,205,205,7,0,0,0,0,0,0,5,2,0
226.851,0,14325760,repair,0,205,205,7,0,0,0,0,0,0,5,2,0
226.976,1,14170112,windows,0,205,205,7,0,0,0,0,0,0,5,2,0
227.111,0,14345216,windows,0,205,205,7,0,0,0,0,0,0,5,2,0
227.233,1,14188544,windows,0,205,205,7,0,0,0,0,0,0,5,2,0
227.372,0,14361600,windows,0,205,205,7,0,0,0,0,0,0,5,2,0
227.498,1,14205952,windows,0,205,205,7,0,0,0,0,0,0,5,2,0
227.627,0,14377984,windows,0,205,205,7,0,0,0,0,0,0,5,2,0
227.754,1,14223360,windows,0,205,205,7,0,0,0,0,0,0,5,2,0
227.887,0,14394368,windows,0,205,205,7,0,0,0,0,0,0,5,2,0
228.016,1,14241792,windows,0,205,205,7,0,0,0,0,0,0,5,2,0
228.153,0,14411776,windows,0,205,205,7,0,0,0,0,0,0,5,2,0
228.27,1,14260224,windows,0,205,205,7,0,0,0,0,0,0,5,2,0
228.414,0,14428160,windows,0,205,205,7,0,0,0,0,0,0,5,2,0
228.533,1,14278656,windows,0,205,205,7,0,0,0,0,0,0,5,2,0
228.677,0,14445568,windows,0,205,205,7,0,0,0,0,0,0,5,2,0
228.792,1,14294016,repair,0,205,205,7,0,0,0,0,0,0,5,2,0
228.94,0,14462976,windows,0,205,205,7,0,0,0,0,0,0,5,2,0
229.052,1,14311424,windows,0,205,205,7,0,0,0,0,0,0,5,2,0
229.193,0,14478336,windows,0,205,205,7,0,0,0,0,0,0,5,2,0
229.307,1,14328832,windows,0,205,205,7,0,0,0,0,0,0,5,2,0
229.454,0,14491648,windows,0,205,205,7,0,0,0,0,0,0,5,2,0
229.563,1,14346240,windows,0,205,205,7,0,0,0,0,0,0,5,2,0
229.721,0,14505984,windows,0,205,205,7,0,0,0,0,0,0,5,2,0
229.821,1,14363648,windows,0,205,205,7,0,0,0,0,0,0,5,2,0
229.973,0,14520320,windows,0,205,205,7,0,0,0,0,0,0,5,2,0
230.072,1,14380032,windows,0,205,205,7,0,0,0,0,0,0,5,2,0
230.227,0,14533632,windows,0,205,205,7,0,0,0,0,0,0,5,2,0
230.332,1,14397440,windows,0,205,205,7,0,0,0,0,0,0,5,2,0
230.487,0,14547968,windows,0,205,205,7,0,0,0,0,0,0,5,2,0
230.593,1,14414848,windows,0,205,205,7,0,0,0,0,0,0,5,2,0
230.745,0,14562304,windows,0,205,205,7,0,0,0,0,0,0,5,2,0
230.846,1,14432256,windows,0,205,205,7,0,0,0,0,0,0,5,2,0
231.001,0,14576640,windows,0,205,205,7,0,0,0,0,0,0,5,2,0
231.1,1,14449664,windows,0,205,205,7,0,0,0,0,0,0,5,2,0
231.259,0,14590976,windows,0,205,205,7,0,0,0,0,0,0,5,2,0
231.356,1,14467072,windows,0,205,205,7,0,0,0,0,0,0,5,2,0
231.509,0,14605312,windows,0,205,205,7,0,0,0,0,0,0,5,2,0
231.626,1,14483456,windows,0,205,205,7,0,0,0,0,0,0,5,2,0
231.774,0,14619648,windows,0,205,205,7,0,0,0,0,0,0,5,2,0
231.888,1,14499840,windows,0,205,205,7,0,0,0,0,0,0,5,2,0
232.038,0,14633984,windows,0,205,205,7,0,0,0,0,0,0,5,2,0
232.146,1,14518272,windows,0,205,205,7,0,0,0,0,0,0,5,2,0
232.306,0,14648320,windows,0,205,205,7,0,0,0,0,0,0,5,2,0
232.405,1,14536704,windows,0,205,205,7,0,0,0,0,0,0,5,2,0
232.558,0,14662656,windows,0,205,205,7,0,0,0,0,0,0,5,2,0
232.656,1,14554112,repair,0,205,205,7,0,0,0,0,0,0,5,2,0
232.817,0,14678016,windows,0,205,205,7,0,0,0,0,0,0,5,2,0
232.921,1,14572544,repair,0,205,205,7,0,0,0,0,0,0,5,2,0
233.069,0,14692352,windows,0,205,205,7,0,0,0,0,0,0,5,2,0
233.176,1,14587904,repair,0,205,205,7,0,0,0,0,0,0,5,2,0
233.337,0,14707712,windows,0,205,205,7,0,0,0,0,0,0,5,2,0
233.427,1,14603264,windows,0,205,205,7,0,0,0,0,0,0,5,2,0
233.598,0,14722048,windows,0,205,205,7,0,0,0,0,0,0,5,2,0
233.686,1,14618624,windows,0,205,205,7,0,0,0,0,0,0,5,2,0
233.857,0,14737408,windows,0,205,205,7,0,0,0,0,0,0,5,2,0
233.95,1,14632960,windows,0,205,205,7,0,0,0,0,0,0,5,2,0
234.112,0,14750720,windows,0,205,205,7,0,0,0,0,0,0,5,2,0
234.211,1,14646272,windows,0,205,205,7,0,0,0,0,0,0,5,2,0
234.371,0,14765056,repair,0,205,205,7,0,0,0,0,0,0,5,2,0
234.466,1,14659584,windows,0,205,205,7,0,0,0,0,0,0,5,2,0
234.622,0,14780416,repair,0,205,205,7,0,0,0,0,0,0,5,2,0
234.731,1,14673920,windows,0,205,205,7,0,0,0,0,0,0,5,2,0
234.875,0,14794752,windows,0,205,205,7,0,0,0,0,0,0,5,2,0
234.995,1,14688256,windows,0,205,205,7,0,0,0,0,0,0,5,2,0
235.139,0,14810112,windows,0,205,205,7,0,0,0,0,0,0,5,2,0
235.252,1,14702592,windows,0,205,205,7,0,0,0,0,0,0,5,2,0
235.405,0,14824448,windows,0,205,205,7,0,0,0,0,0,0,5,2,0
235.509,1,14716928,windows,0,205,205,7,0,0,0,0,0,0,5,2,0
235.665,0,14838784,windows,0,205,205,7,0,0,0,0,0,0,5,2,0
235.773,1,14731264,windows,0,205,205,7,0,0,0,0,0,0,5,2,0
235.93,0,14853120,windows,0,205,205,7,0,0,0,0,0,0,5,2,0
236.042,1,14745600,windows,0,205,205,7,0,0,0,0,0,0,5,2,0
236.183,0,14867456,windows,0,205,205,7,0,0,0,0,0,0,5,2,0
236.307,1,14759936,windows,0,205,205,7,0,0,0,0,0,0,5,2,0
236.433,0,14879744,windows,0,205,205,7,0,0,0,0,0,0,5,2,0
236.564,1,14773248,windows,0,205,205,7,0,0,0,0,0,0,5,2,0
236.696,0,14894080,windows,0,205,205,7,0,0,0,0,0,0,5,2,0
236.823,1,14788608,windows,0,205,205,7,0,0,0,0,0,0,5,2,0
236.946,0,14907392,windows,0,205,205,7,0,0,0,0,0,0,5,2,0
237.079,1,14806016,windows,0,205,205,7,0,0,0,0,0,0,5,2,0
237.213,0,14921728,windows,0,205,205,7,0,0,0,0,0,0,5,2,0
237.344,1,14823424,windows,0,205,205,7,0,0,0,0,0,0,5,2,0
237.465,0,14936064,windows,0,205,205,7,0,0,0,0,0,0,5,2,0
237.601,1,14839808,windows,0,205,205,7,0,0,0,0,0,0,5,2,0
237.722,0,14950400,windows,0,205,205,7,0,0,0,0,0,0,5,2,0
237.859,1,14854144,windows,0,205,205,7,0,0,0,0,0,0,5,2,0
237.979,0,14964736,windows,0,205,205,7,0,0,0,0,0,0,5,2,0
238.112,1,14870528,windows,0,205,205,7,0,0,0,0,0,0,5,2,0
238.24,0,14979072,windows,0,205,205,7,0,0,0,0,0,0,5,2,0
238.371,1,14886912,windows,0,205,205,7,0,0,0,0,0,0,5,2,0
238.507,0,14993408,windows,0,205,205,7,0,0,0,0,0,0,5,2,0
238.623,1,14903296,windows,0,205,205,7,0,0,0,0,0,0,5,2,0
238.774,0,15007744,windows,0,205,205,7,0,0,0,0,0,0,5,2,0
238.877,1,14920704,windows,0,205,205,7,0,0,0,0,0,0,5,2,0
239.03,0,15022080,windows,0,205,205,7,0,0,0,0,0,0,5,2,0
239.141,1,14938112,windows,0,205,205,7,0,0,0,0,0,0,5,2,0
239.29,0,15038464,windows,0,205,205,7,0,0,0,0,0,0,5,2,0
239.396,1,14955520,windows,0,205,205,7,0,0,0,0,0,0,5,2,0
239.544,0,15056896,windows,0,205,205,7,0,0,0,0,0,0,5,2,0
239.648,1,14972928,windows,0,205,205,7,0,0,0,0,0,0,5,2,0
239.81,0,15074304,windows,0,205,205,7,0,0,0,0,0,0,5,2,0
239.906,1,14990336,windows,0,205,205,7,0,0,0,0,0,0,5,2,0
240.073,0,15088640,windows,0,205,205,7,0,0,0,0,0,0,5,2,0
240.171,1,15007744,windows,0,205,205,7,0,0,0,0,0,0,5,2,0
240.325,0,15102976,windows,0,205,205,7,0,0,0,0,0,0,5,2,0
240.432,1,15024128,windows,0,205,205,7,0,0,0,0,0,0,5,2,0
240.592,0,15118336,windows,0,205,205,7,0,0,0,0,0,0,5,2,0
240.694,1,15043584,windows,0,205,205,7,0,0,0,0,0,0,5,2,0
240.853,0,15135744,repair,0,205,205,7,0,0,0,0,0,0,5,2,0
240.945,1,15062016,windows,0,205,205,7,0,0,0,0,0,0,5,2,0
241.11,0,15156224,repair,0,205,205,7,0,0,0,0,0,0,5,2,0
241.213,1,15081472,repair,0,205,205,7,0,0,0,0,0,0,5,2,0
241.372,0,15176704,windows,0,205,205,7,0,0,0,0,0,0,5,2,0
241.465,1,15098880,repair,0,205,205,7,0,0,0,0,0,0,5,2,0
241.628,0,15195136,windows,0,205,205,7,0,0,0,0,0,0,5,2,0
241.718,1,15117312,repair,0,205,205,7,0,0,0,0,0,0,5,2,0
241.884,0,15212544,windows,0,205,205,7,0,0,0,0,0,0,5,2,0
241.975,1,15136768,repair,0,205,205,7,0,0,0,0,0,0,5,2,0
242.143,0,15230976,windows,0,205,205,7,0,0,0,0,0,0,5,2,0
242.226,1,15153152,windows,0,205,205,7,0,0,0,0,0,0,5,2,0
242.4,0,15250432,windows,0,205,205,7,0,0,0,0,0,0,5,2,0
242.481,1,15169536,windows,0,205,205,7,0,0,0,0,0,0,5,2,0
242.661,0,15268864,windows,0,205,205,7,0,0,0,0,0,0,5,2,0
242.738,1,15185920,windows,0,205,205,7,0,0,0,0,0,0,5,2,0
242.913,0,15286272,windows,0,205,205,7,0,0,0,0,0,0,5,2,0
243.001,1,15203328,windows,0,205,205,7,0,0,0,0,0,0,5,2,0
243.166,0,15303680,windows,0,205,205,7,0,0,0,0,0,0,5,2,0
243.263,1,15220736,windows,0,205,205,7,0,0,0,0,0,0,5,2,0
243.422,0,15322112,windows,0,205,205,7,0,0,0,0,0,0,5,2,0
243.523,1,15237120,windows,0,205,205,7,0,0,0,0,0,0,5,2,0
243.677,0,15340544,windows,0,205,205,7,0,0,0,0,0,0,5,2,0
243.787,1,15254528,windows,0,205,205,7,0,0,0,0,0,0,5,2,0
243.934,0,15358976,windows,0,205,205,7,0,0,0,0,0,0,5,2,0
244.053,1,15271936,windows,0,205,205,7,0,0,0,0,0,0,5,2,0
244.2,0,15377408,windows,0,205,205,7,0,0,0,0,0,0,5,2,0
244.317,1,15288320,windows,0,205,205,7,0,0,0,0,0,0,5,2,0
244.454,0,15394816,windows,0,205,205,7,0,0,0,0,0,0,5,2,0
244.579,1,15305728,windows,0,205,205,7,0,0,0,0,0,0,5,2,0
244.712,0,15413248,windows,0,205,205,7,0,0,0,0,0,0,5,2,0
244.846,1,15322112,windows,0,205,205,7,0,0,0,0,0,0,5,2,0
244.964,0,15430656,windows,0,205,205,7,0,0,0,0,0,0,5,2,0
245.097,1,15337472,windows,0,205,205,7,0,0,0,0,0,0,5,2,0
245.219,0,15449088,windows,0,205,205,7,0,0,0,0,0,0,5,2,0
245.364,1,15350784,windows,0,205,205,7,0,0,0,0,0,0,5,2,0
245.481,0,15467520,windows,0,205,205,7,0,0,0,0,0,0,5,2,0
245.628,1,15365120,windows,0,205,205,7,0,0,0,0,0,0,5,2,0
245.737,0,15483904,windows,0,205,205,7,0,0,0,0,0,0,5,2,0
245.885,1,15378432,windows,0,205,205,7,0,0,0,0,0,0,5,2,0
245.987,0,15500288,windows,0,205,205,7,0,0,0,0,0,0,5,2,0
246.149,1,15392768,windows,0,205,205,7,0,0,0,0,0,0,5,2,0
246.252,0,15517696,windows,0,205,205,7,0,0,0,0,0,0,5,2,0
246.403,1,15406080,windows,0,205,205,7,0,0,0,0,0,0,5,2,0
246.51,0,15534080,windows,0,205,205,7,0,0,0,0,0,0,5,2,0
246.668,1,15420416,windows,0,205,205,7,0,0,0,0,0,0,5,2,0
246.77,0,15552512,windows,0,205,205,7,0,0,0,0,0,0,5,2,0
246.936,1,15434752,windows,0,205,205,7,0,0,0,0,0,0,5,2,0
247.023,0,15568896,windows,0,205,205,7,0,0,0,0,0,0,5,2,0
247.2,1,15449088,windows,0,205,205,7,0,0,0,0,0,0,5,2,0
247.281,0,15586304,windows,0,205,205,7,0,0,0,0,0,0,5,2,0
247.457,1,15463424,windows,0,205,205,7,0,0,0,0,0,0,5,2,0
247.545,0,15605760,windows,0,205,205,7,0,0,0,0,0,0,5,2,0
247.715,1,15478784,windows,0,205,205,7,0,0,0,0,0,0,5,2,0
247.803,0,15623168,windows,0,205,205,7,0,0,0,0,0,0,5,2,0
247.977,1,15495168,windows,0,205,205,7,0,0,0,0,0,0,5,2,0
248.059,0,15641600,windows,0,205,205,7,0,0,0,0,0,0,5,2,0
248.231,1,15510528,windows,0,205,205,7,0,0,0,0,0,0,5,2,0
248.314,0,15657984,windows,0,205,205,7,0,0,0,0,0,0,5,2,0
248.496,1,15525888,windows,0,205,205,7,0,0,0,0,0,0,5,2,0
248.569,0,15675392,windows,0,205,205,7,0,0,0,0,0,0,5,2,0
248.753,1,15541248,windows,0,205,205,7,0,0,0,0,0,0,5,2,0
248.83,0,15692800,windows,0,205,205,7,0,0,0,0,0,0,5,2,0
249.009,1,15557632,windows,0,205,205,7,0,0,0,0,0,0,5,2,0
249.08,0,15708160,windows,0,205,205,7,0,0,0,0,0,0,5,2,0
249.272,1,15574016,windows,0,205,205,7,0,0,0,0,0,0,5,2,0
249.332,0,15724544,windows,0,205,205,7,0,0,0,0,0,0,5,2,0
249.525,1,15590400,windows,0,205,205,7,0,0,0,0,0,0,5,2,0
249.582,0,15741952,windows,0,205,205,7,0,0,0,0,0,0,5,2,0
249.777,1,15605760,repair,0,205,205,7,0,0,0,0,0,0,5,2,0
249.836,0,15759360,windows,0,205,205,7,0,0,0,0,0,0,5,2,0
250.041,1,15622144,repair,0,205,205,7,0,0,0,0,0,0,5,2,0
250.098,0,15776768,windows,0,205,205,7,0,0,0,0,0,0,5,2,0
250.305,1,15638528,repair,0,205,205,7,0,0,0,0,0,0,5,2,0
250.358,0,15794176,windows,0,205,205,7,0,0,0,0,0,0,5,2,0
250.561,1,15653888,repair,0,205,205,7,0,0,0,0,0,0,5,2,0
250.619,0,15812608,windows,0,205,205,7,0,0,0,0,0,0,5,2,0
250.825,1,15669248,windows,0,205,205,7,0,0,0,0,0,0,5,2,0
250.878,0,15830016,windows,0,205,205,7,0,0,0,0,0,0,5,2,0
251.095,1,15684608,windows,0,205,205,7,0,0,0,0,0,0,5,2,0
251.141,0,15847424,windows,0,205,205,7,0,0,0,0,0,0,5,2,0
251.362,1,15698944,windows,0,205,205,7,0,0,0,0,0,0,5,2,0
251.402,0,15865856,windows,0,205,205,7,0,0,0,0,0,0,5,2,0
251.619,1,15713280,windows,0,205,205,7,0,0,0,0,0,0,5,2,0
251.66,0,15884288,windows,0,205,205,7,0,0,0,0,0,0,5,2,0
251.876,1,15727616,windows,0,205,205,7,0,0,0,0,0,0,5,2,0
251.911,0,15901696,windows,0,205,205,7,0,0,0,0,0,0,5,2,0
252.13,1,15742976,windows,0,205,205,7,0,0,0,0,0,0,5,2,0
252.17,0,15919104,windows,0,205,205,7,0,0,0,0,0,0,5,2,0
252.393,1,15757312,windows,0,205,205,7,0,0,0,0,0,0,5,2,0
252.43,0,15938560,windows,0,205,205,7,0,0,0,0,0,0,5,2,0
252.657,1,15771648,windows,0,205,205,7,0,0,0,0,0,0,5,2,0
252.693,0,15958016,windows,0,205,205,7,0,0,0,0,0,0,5,2,0
252.928,1,15787008,windows,0,205,205,7,0,0,0,0,0,0,5,2,0
252.956,0,15977472,windows,0,205,205,7,0,0,0,0,0,0,5,2,0
253.185,1,15801344,windows,0,205,205,7,0,0,0,0,0,0,5,2,0
253.214,0,15996928,windows,0,205,205,7,0,0,0,0,0,0,5,2,0
253.441,1,15815680,windows,0,205,205,7,0,0,0,0,0,0,5,2,0
253.468,0,16015360,windows,0,205,205,7,0,0,0,0,0,0,5,2,0
253.705,1,15831040,windows,0,205,205,7,0,0,0,0,0,0,5,2,0
253.731,0,16035840,windows,0,205,205,7,0,0,0,0,0,0,5,2,0
253.967,1,15846400,windows,0,205,205,7,0,0,0,0,0,0,5,2,0
253.981,0,16055296,windows,0,205,205,7,0,0,0,0,0,0,5,2,0
254.234,1,15861760,windows,0,205,205,7,0,0,0,0,0,0,5,2,0
254.235,0,16074752,windows,0,205,205,7,0,0,0,0,0,0,5,2,0
254.49,1,15877120,windows,0,205,205,7,0,0,0,0,0,0,5,2,0
254.5,0,16091136,repair,0,205,205,7,0,0,0,0,0,0,5,2,0
254.748,1,15892480,windows,0,205,205,7,0,0,0,0,0,0,5,2,0
254.761,0,16108544,windows,0,205,205,7,0,0,0,0,0,0,5,2,0
255,1,15906816,windows,0,205,205,7,0,0,0,0,0,0,5,2,0
255.018,0,16124928,windows,0,205,205,7,0,0,0,0,0,0,5,2,0
255.254,1,15921152,windows,0,205,205,7,0,0,0,0,0,0,5,2,0
255.277,0,16141312,windows,0,205,205,7,0,0,0,0,0,0,5,2,0
255.507,1,15934464,windows,0,205,205,7,0,0,0,0,0,0,5,2,0
255.532,0,16156672,windows,0,205,205,7,0,0,0,0,0,0,5,2,0
255.763,1,15949824,repair,0,205,205,7,0,0,0,0,0,0,5,2,0
255.791,0,16174080,windows,0,205,205,7,0,0,0,0,0,0,5,2,0
256.024,1,15965184,repair,0,205,205,7,0,0,0,0,0,0,5,2,0
256.055,0,16191488,windows,0,205,205,7,0,0,0,0,0,0,5,2,0
256.286,1,15980544,windows,0,205,205,7,0,0,0,0,0,0,5,2,0
256.308,0,16206848,windows,0,205,205,7,0,0,0,0,0,0,5,2,0
256.542,1,15995904,windows,0,205,205,7,0,0,0,0,0,0,5,2,0
256.562,0,16224256,windows,0,205,205,7,0,0,0,0,0,0,5,2,0
256.801,1,16010240,windows,0,205,205,7,0,0,0,0,0,0,5,2,0
256.82,0,16242688,windows,0,205,205,7,0,0,0,0,0,0,5,2,0
257.063,1,16024576,windows,0,205,205,7,0,0,0,0,0,0,5,2,0
257.081,0,16260096,windows,0,205,205,7,0,0,0,0,0,0,5,2,0
257.328,1,16038912,windows,0,205,205,7,0,0,0,0,0,0,5,2,0
257.334,0,16277504,windows,0,205,205,7,0,0,0,0,0,0,5,2,0
257.587,1,16053248,windows,0,205,205,7,0,0,0,0,0,0,5,2,0
257.593,0,16294912,windows,0,205,205,7,0,0,0,0,0,0,5,2,0
257.841,1,16067584,windows,0,205,205,7,0,0,0,0,0,0,5,2,0
257.857,0,16311296,windows,0,205,205,7,0,0,0,0,0,0,5,2,0
258.107,1,16082944,windows,0,205,205,7,0,0,0,0,0,0,5,2,0
258.116,0,16328704,windows,0,205,205,7,0,0,0,0,0,0,5,2,0
258.362,1,16097280,windows,0,205,205,7,0,0,0,0,0,0,5,2,0
258.38,0,16345088,windows,0,205,205,7,0,0,0,0,0,0,5,2,0
258.615,1,16111616,windows,0,205,205,7,0,0,0,0,0,0,5,2,0
258.64,0,16362496,windows,0,205,205,7,0,0,0,0,0,0,5,2,0
258.87,1,16125952,windows,0,205,205,7,0,0,0,0,0,0,5,2,0
258.899,0,16379904,windows,0,205,205,7,0,0,0,0,0,0,5,2,0
259.129,1,16140288,windows,0,205,205,7,0,0,0,0,0,0,5,2,0
259.16,0,16398336,windows,0,205,205,7,0,0,0,0,0,0,5,2,0
259.388,1,16155648,windows,0,205,205,7,0,0,0,0,0,0,5,2,0
259.418,0,16416768,windows,0,205,205,7,0,0,0,0,0,0,5,2,0
259.656,1,16169984,windows,0,205,205,7,0,0,0,0,0,0,5,2,0
259.676,0,16434176,windows,0,205,205,7,0,0,0,0,0,0,5,2,0
259.917,1,16185344,windows,0,205,205,7,0,0,0,0,0,0,5,2,0
259.936,0,16451584,windows,0,205,205,7,0,0,0,0,0,0,5,2,0
260.177,1,16200704,windows,0,205,205,7,0,0,0,0,0,0,5,2,0
260.189,0,16470016,windows,0,205,205,7,0,0,0,0,0,0,5,2,0
260.44,0,16488448,windows,0,205,205,7,0,0,0,0,0,0,5,2,0
260.445,1,16216064,windows,0,205,205,7,0,0,0,0,0,0,5,2,0
260.692,0,16506880,windows,0,205,205,7,0,0,0,0,0,0,5,2,0
260.698,1,16230400,windows,0,205,205,7,0,0,0,0,0,0,5,2,0
260.952,0,16526336,windows,0,205,205,7,0,0,0,0,0,0,5,2,0
260.966,1,16245760,windows,0,205,205,7,0,0,0,0,0,0,5,2,0
261.206,0,16544768,repair,0,205,205,7,0,0,0,0,0,0,5,2,0
261.222,1,16260096,windows,0,205,205,7,0,0,0,0,0,0,5,2,0
261.466,0,16562176,repair,0,205,205,7,0,0,0,0,0,0,5,2,0
261.482,1,16274432,windows,0,205,205,7,0,0,0,0,0,0,5,2,0
261.729,0,16581632,windows,0,205,205,7,0,0,0,0,0,0,5,2,0
261.734,1,16287744,windows,0,205,205,7,0,0,0,0,0,0,5,2,0
261.983,0,16599040,windows,0,205,205,7,0,0,0,0,0,0,5,2,0
261.986,1,16301056,windows,0,205,205,7,0,0,0,0,0,0,5,2,0
262.247,0,16616448,windows,0,205,205,7,0,0,0,0,0,0,5,2,0
262.253,1,16315392,windows,0,205,205,7,0,0,0,0,0,0,5,2,0
262.501,0,16632832,windows,0,205,205,7,0,0,0,0,0,0,5,2,0
262.515,1,16329728,windows,0,205,205,7,0,0,0,0,0,0,5,2,0
262.756,0,16650240,windows,0,205,205,7,0,0,0,0,0,0,5,2,0
262.77,1,16343040,repair,0,205,205,7,0,0,0,0,0,0,5,2,0
263.014,0,16666624,windows,0,205,205,7,0,0,0,0,0,0,5,2,0
263.028,1,16357376,repair,0,205,205,7,0,0,0,0,0,0,5,2,0
263.266,0,16680960,windows,0,205,205,7,0,0,0,0,0,0,5,2,0
263.297,1,16372736,repair,0,205,205,7,0,0,0,0,0,0,5,2,0
263.516,0,16695296,windows,0,205,205,7,0,0,0,0,0,0,5,2,0
263.55,1,16386048,windows,0,205,205,7,0,0,0,0,0,0,5,2,0
263.774,0,16712704,windows,0,205,205,7,0,0,0,0,0,0,5,2,0
263.806,1,16398336,windows,0,205,205,7,0,0,0,0,0,0,5,2,0
264.032,0,16731136,windows,0,205,205,7,0,0,0,0,0,0,5,2,0
264.074,1,16411648,windows,0,205,205,7,0,0,0,0,0,0,5,2,0
264.288,0,16747520,windows,0,205,205,7,0,0,0,0,0,0,5,2,0
264.326,1,16423936,windows,0,205,205,7,0,0,0,0,0,0,5,2,0
264.549,0,16763904,windows,0,205,205,7,0,0,0,0,0,0,5,2,0
264.582,1,16436224,windows,0,205,205,7,0,0,0,0,0,0,5,2,0
264.81,0,16780288,windows,0,205,205,7,0,0,0,0,0,0,5,2,0
264.841,1,16449536,windows,0,205,205,7,0,0,0,0,0,0,5,2,0
265.068,0,16796672,windows,0,205,205,7,0,0,0,0,0,0,5,2,0
265.105,1,16463872,windows,0,205,205,7,0,0,0,0,0,0,5,2,0
265.331,0,16812032,windows,0,205,205,7,0,0,0,0,0,0,5,2,0
265.363,1,16479232,windows,0,205,205,7,0,0,0,0,0,0,5,2,0
265.594,0,16828416,windows,0,205,205,7,0,0,0,0,0,0,5,2,0
265.629,1,16493568,windows,0,205,205,7,0,0,0,0,0,0,5,2,0
265.86,0,16845824,windows,0,205,205,7,0,0,0,0,0,0,5,2,0
265.88,1,16507904,windows,0,205,205,7,0,0,0,0,0,0,5,2,0
266.115,0,16860160,windows,0,205,205,7,0,0,0,0,0,0,5,2,0
266.143,1,16523264,windows,0,205,205,7,0,0,0,0,0,0,5,2,0
266.366,0,16873472,windows,0,205,205,7,0,0,0,0,0,0,5,2,0
266.405,1,16535552,windows,0,205,205,7,0,0,0,0,0,0,5,2,0
266.632,0,16890880,windows,0,205,205,7,0,0,0,0,0,0,5,2,0
266.665,1,16547840,windows,0,205,205,7,0,0,0,0,0,0,5,2,0
266.891,0,16908288,windows,0,205,205,7,0,0,0,0,0,0,5,2,0
266.915,1,16560128,windows,0,205,205,7,0,0,0,0,0,0,5,2,0
267.145,0,16924672,windows,0,205,205,7,0,0,0,0,0,0,5,2,0
267.181,1,16573440,windows,0,205,205,7,0,0,0,0,0,0,5,2,0
267.396,0,16942080,windows,0,205,205,7,0,0,0,0,0,0,5,2,0
267.445,1,16586752,windows,0,205,205,7,0,0,0,0,0,0,5,2,0
267.654,0,16960512,windows,0,205,205,7,0,0,0,0,0,0,5,2,0
267.699,1,16599040,windows,0,205,205,7,0,0,0,0,0,0,5,2,0
267.915,0,16977920,windows,0,205,205,7,0,0,0,0,0,0,5,2,0
267.958,1,16612352,windows,0,205,205,7,0,0,0,0,0,0,5,2,0
268.18,0,16995328,repair,0,205,205,7,0,0,0,0,0,0,5,2,0
268.222,1,16625664,windows,0,205,205,7,0,0,0,0,0,0,5,2,0
268.432,0,17011712,repair,0,205,205,7,0,0,0,0,0,0,5,2,0
268.476,1,16638976,repair,0,205,205,7,0,0,0,0,0,0,5,2,0
268.684,0,17029120,windows,0,205,205,7,0,0,0,0,0,0,5,2,0
268.738,1,16653312,repair,0,205,205,7,0,0,0,0,0,0,5,2,0
268.948,0,17046528,windows,0,205,205,7,0,0,0,0,0,0,5,2,0
268.993,1,16666624,windows,0,205,205,7,0,0,0,0,0,0,5,2,0
269.201,0,17062912,windows,0,205,205,7,0,0,0,0,0,0,5,2,0
269.258,1,16680960,windows,0,205,205,7,0,0,0,0,0,0,5,2,0
269.459,0,17079296,windows,0,205,205,7,0,0,0,0,0,0,5,2,0
269.512,1,16693248,windows,0,205,205,7,0,0,0,0,0,0,5,2,0
269.716,0,17094656,windows,0,205,205,7,0,0,0,0,0,0,5,2,0
269.765,1,16705536,windows,0,205,205,7,0,0,0,0,0,0,5,2,0
269.966,0,17110016,windows,0,205,205,7,0,0,0,0,0,0,5,2,0
270.031,1,16717824,windows,0,205,205,7,0,0,0,0,0,0,5,2,0
270.22,0,17126400,windows,0,205,205,7,0,0,0,0,0,0,5,2,0
270.3,1,16729088,windows,0,205,205,7,0,0,0,0,0,0,5,2,0
270.477,0,17141760,windows,0,205,205,7,0,0,0,0,0,0,5,2,0
270.572,1,16741376,windows,0,205,205,7,0,0,0,0,0,0,5,2,0
270.729,0,17158144,windows,0,205,205,7,0,0,0,0,0,0,5,2,0
270.841,1,16753664,windows,0,205,205,7,0,0,0,0,0,0,5,2,0
270.992,0,17174528,windows,0,205,205,7,0,0,0,0,0,0,5,2,0
271.107,1,16765952,windows,0,205,205,7,0,0,0,0,0,0,5,2,0
271.244,0,17190912,windows,0,205,205,7,0,0,0,0,0,0,5,2,0
271.381,1,16778240,windows,0,205,205,7,0,0,0,0,0,0,5,2,0
271.507,0,17208320,windows,0,205,205,7,0,0,0,0,0,0,5,2,0
271.642,1,16790528,windows,0,205,205,7,0,0,0,0,0,0,5,2,0
271.759,0,17226752,windows,0,205,205,7,0,0,0,0,0,0,5,2,0
271.906,1,16802816,windows,0,205,205,7,0,0,0,0,0,0,5,2,0
272.022,0,17245184,windows,0,205,205,7,0,0,0,0,0,0,5,2,0
272.176,1,16815104,windows,0,205,205,7,0,0,0,0,0,0,5,2,0
272.28,0,17263616,windows,0,205,205,7,0,0,0,0,0,0,5,2,0
272.427,1,16826368,windows,0,205,205,7,0,0,0,0,0,0,5,2,0
272.545,0,17284096,windows,0,205,205,7,0,0,0,0,0,0,5,2,0
272.692,1,16838656,windows,0,205,205,7,0,0,0,0,0,0,5,2,0
272.803,0,17302528,windows,0,205,205,7,0,0,0,0,0,0,5,2,0
272.953,1,16850944,windows,0,205,205,7,0,0,0,0,0,0,5,2,0
273.053,0,17318912,windows,0,205,205,7,0,0,0,0,0,0,5,2,0
273.214,1,16862208,windows,0,205,205,7,0,0,0,0,0,0,5,2,0
273.307,0,17336320,windows,0,205,205,7,0,0,0,0,0,0,5,2,0
273.475,1,16874496,windows,0,205,205,7,0,0,0,0,0,0,5,2,0
273.569,0,17354752,windows,0,205,205,7,0,0,0,0,0,0,5,2,0
273.739,1,16886784,windows,0,205,205,7,0,0,0,0,0,0,5,2,0
273.834,0,17374208,repair,0,205,205,7,0,0,0,0,0,0,5,2,0
273.991,1,16898048,windows,0,205,205,7,0,0,0,0,0,0,5,2,0
274.095,0,17391616,repair,0,205,205,7,0,0,0,0,0,0,5,2,0
274.251,1,16910336,windows,0,205,205,7,0,0,0,0,0,0,5,2,0
274.359,0,17409024,repair,0,205,205,7,0,0,0,0,0,0,5,2,0
274.516,1,16922624,windows,0,205,205,7,0,0,0,0,0,0,5,2,0
274.625,0,17426432,windows,0,205,205,7,0,0,0,0,0,0,5,2,0
274.775,1,16934912,windows,0,205,205,7,0,0,0,0,0,0,5,2,0
274.878,0,17442816,windows,0,205,205,7,0,0,0,0,0,0,5,2,0
275.029,1,16947200,windows,0,205,205,7,0,0,0,0,0,0,5,2,0
275.138,0,17459200,windows,0,205,205,7,0,0,0,0,0,0,5,2,0
275.284,1,16959488,windows,0,205,205,7,0,0,0,0,0,0,5,2,0
275.394,0,17475584,windows,0,205,205,7,0,0,0,0,0,0,5,2,0
275.544,1,16971776,windows,0,205,205,7,0,0,0,0,0,0,5,2,0
275.656,0,17488896,windows,0,205,205,7,0,0,0,0,0,0,5,2,0
275.804,1,16984064,windows,0,205,205,7,0,0,0,0,0,0,5,2,0
275.916,0,17505280,windows,0,205,205,7,0,0,0,0,0,0,5,2,0
276.066,1,16996352,windows,0,205,205,7,0,0,0,0,0,0,5,2,0
276.175,0,17521664,windows,0,205,205,7,0,0,0,0,0,0,5,2,0
276.327,1,17010688,repair,0,205,205,7,0,0,0,0,0,0,5,2,0
276.435,0,17538048,windows,0,205,205,7,0,0,0,0,0,0,5,2,0
276.578,1,17025024,windows,0,205,205,7,0,0,0,0,0,0,5,2,0
276.69,0,17554432,windows,0,205,205,7,0,0,0,0,0,0,5,2,0
276.85,1,17038336,windows,0,205,205,7,0,0,0,0,0,0,5,2,0
276.947,0,17571840,windows,0,205,205,7,0,0,0,0,0,0,5,2,0
277.122,1,17051648,windows,0,205,205,7,0,0,0,0,0,0,5,2,0
277.198,0,17588224,windows,0,205,205,7,0,0,0,0,0,0,5,2,0
277.385,1,17062912,windows,0,205,205,7,0,0,0,0,0,0,5,2,0
277.451,0,17603584,windows,0,205,205,7,0,0,0,0,0,0,5,2,0
277.642,1,17075200,windows,0,205,205,7,0,0,0,0,0,0,5,2,0
277.702,0,17619968,windows,0,205,205,7,0,0,0,0,0,0,5,2,0
277.894,1,17087488,windows,0,205,205,7,0,0,0,0,0,0,5,2,0
277.953,0,17635328,windows,0,205,205,7,0,0,0,0,0,0,5,2,0
278.152,1,17099776,windows,0,205,205,7,0,0,0,0,0,0,5,2,0
278.219,0,17652736,windows,0,205,205,7,0,0,0,0,0,0,5,2,0
278.42,1,17113088,windows,0,205,205,7,0,0,0,0,0,0,5,2,0
278.479,0,17669120,windows,0,205,205,7,0,0,0,0,0,0,5,2,0
278.67,1,17124352,windows,0,205,205,7,0,0,0,0,0,0,5,2,0
278.729,0,17684480,windows,0,205,205,7,0,0,0,0,0,0,5,2,0
278.928,1,17136640,windows,0,205,205,7,0,0,0,0,0,0,5,2,0
278.99,0,17700864,windows,0,205,205,7,0,0,0,0,0,0,5,2,0
279.192,1,17148928,windows,0,205,205,7,0,0,0,0,0,0,5,2,0
279.253,0,17717248,windows,0,205,205,7,0,0,0,0,0,0,5,2,0
279.454,1,17161216,windows,0,205,205,7,0,0,0,0,0,0,5,2,0
279.506,0,17733632,windows,0,205,205,7,0,0,0,0,0,0,5,2,0
279.708,1,17173504,windows,0,205,205,7,0,0,0,0,0,0,5,2,0
279.771,0,17750016,windows,0,205,205,7,0,0,0,0,0,0,5,2,0
279.958,1,17185792,windows,0,205,205,7,0,0,0,0,0,0,5,2,0
280.025,0,17767424,windows,0,205,205,7,0,0,0,0,0,0,5,2,0
280.226,1,17199104,windows,0,205,205,7,0,0,0,0,0,0,5,2,0
280.281,0,17784832,windows,0,205,205,7,0,0,0,0,0,0,5,2,0
280.497,1,17212416,windows,0,205,205,7,0,0,0,0,0,0,5,2,0
280.543,0,17802240,repair,0,205,205,7,0,0,0,0,0,0,5,2,0
280.749,1,17224704,windows,0,205,205,7,0,0,0,0,0,0,5,2,0
280.803,0,17821696,repair,0,205,205,7,0,0,0,0,0,0,5,2,0
281.006,1,17238016,windows,0,205,205,7,0,0,0,0,0,0,5,2,0
281.053,0,17840128,windows,0,205,205,7,0,0,0,0,0,0,5,2,0
281.274,1,17252352,windows,0,205,205,7,0,0,0,0,0,0,5,2,0
281.319,0,17858560,windows,0,205,205,7,0,0,0,0,0,0,5,2,0
281.543,1,17265664,windows,0,205,205,7,0,0,0,0,0,0,5,2,0
281.571,0,17874944,windows,0,205,205,7,0,0,0,0,0,0,5,2,0
281.807,1,17278976,windows,0,205,205,7,0,0,0,0,0,0,5,2,0
281.825,0,17891328,windows,0,205,205,7,0,0,0,0,0,0,5,2,0
282.072,1,17292288,windows,0,205,205,7,0,0,0,0,0,0,5,2,0
282.085,0,17907712,windows,0,205,205,7,0,0,0,0,0,0,5,2,0
282.33,1,17305600,windows,0,205,205,7,0,0,0,0,0,0,5,2,0
282.343,0,17923072,windows,0,205,205,7,0,0,0,0,0,0,5,2,0
282.596,1,17318912,windows,0,205,205,7,0,0,0,0,0,0,5,2,0
282.608,0,17939456,windows,0,205,205,7,0,0,0,0,0,0,5,2,0
282.86,1,17332224,windows,0,205,205,7,0,0,0,0,0,0,5,2,0
282.866,0,17955840,windows,0,205,205,7,0,0,0,0,0,0,5,2,0
283.119,1,17345536,windows,0,205,205,7,0,0,0,0,0,0,5,2,0
283.127,0,17973248,windows,0,205,205,7,0,0,0,0,0,0,5,2,0
283.385,1,17358848,windows,0,205,205,7,0,0,0,0,0,0,5,2,0
283.386,0,17991680,windows,0,205,205,7,0,0,0,0,0,0,5,2,0
283.638,0,18008064,windows,0,205,205,7,0,0,0,0,0,0,5,2,0
283.654,1,17372160,windows,0,205,205,7,0,0,0,0,0,0,5,2,0
283.899,0,18026496,windows,0,205,205,7,0,0,0,0,0,0,5,2,0
283.907,1,17384448,windows,0,205,205,7,0,0,0,0,0,0,5,2,0
284.152,0,18043904,repair,0,205,205,7,0,0,0,0,0,0,5,2,0
284.171,1,17397760,windows,0,205,205,7,0,0,0,0,0,0,5,2,0
284.41,0,18061312,windows,0,205,205,7,0,0,0,0,0,0,5,2,0
284.427,1,17410048,repair,0,205,205,7,0,0,0,0,0,0,5,2,0
284.66,0,18079744,windows,0,205,205,7,0,0,0,0,0,0,5,2,0
284.695,1,17423360,repair,0,205,205,7,0,0,0,0,0,0,5,2,0
284.924,0,18099200,windows,0,205,205,7,0,0,0,0,0,0,5,2,0
284.953,1,17436672,windows,0,205,205,7,0,0,0,0,0,0,5,2,0
285.191,0,18116608,windows,0,205,205,7,0,0,0,0,0,0,5,2,0
285.207,1,17448960,windows,0,205,205,7,0,0,0,0,0,0,5,2,0
285.442,0,18129920,windows,0,205,205,7,0,0,0,0,0,0,5,2,0
285.459,1,17461248,windows,0,205,205,7,0,0,0,0,0,0,5,2,0
285.706,0,18144256,windows,0,205,205,7,0,0,0,0,0,0,5,2,0
285.718,1,17473536,windows,0,205,205,7,0,0,0,0,0,0,5,2,0
285.969,0,18158592,windows,0,205,205,7,0,0,0,0,0,0,5,2,0
285.981,1,17485824,windows,0,205,205,7,0,0,0,0,0,0,5,2,0
286.229,0,18172928,windows,0,205,205,7,0,0,0,0,0,0,5,2,0
286.245,1,17498112,windows,0,205,205,7,0,0,0,0,0,0,5,2,0
286.485,0,18186240,windows,0,205,205,7,0,0,0,0,0,0,5,2,0
286.508,1,17510400,windows,0,205,205,7,0,0,0,0,0,0,5,2,0
286.739,0,18199552,windows,0,205,205,7,0,0,0,0,0,0,5,2,0
286.771,1,17522688,windows,0,205,205,7,0,0,0,0,0,0,5,2,0
286.994,0,18212864,windows,0,205,205,7,0,0,0,0,0,0,5,2,0
287.039,1,17534976,windows,0,205,205,7,0,0,0,0,0,0,5,2,0
287.255,0,18226176,windows,0,205,205,7,0,0,0,0,0,0,5,2,0
287.289,1,17547264,windows,0,205,205,7,0,0,0,0,0,0,5,2,0
287.512,0,18239488,windows,0,205,205,7,0,0,0,0,0,0,5,2,0
287.542,1,17559552,windows,0,205,205,7,0,0,0,0,0,0,5,2,0
287.777,0,18253824,windows,0,205,205,7,0,0,0,0,0,0,5,2,0
287.801,1,17571840,windows,0,205,205,7,0,0,0,0,0,0,5,2,0
288.046,0,18268160,windows,0,205,205,7,0,0,0,0,0,0,5,2,0
288.066,1,17584128,windows,0,205,205,7,0,0,0,0,0,0,5,2,0
288.308,0,18282496,windows,0,205,205,7,0,0,0,0,0,0,5,2,0
288.333,1,17596416,windows,0,205,205,7,0,0,0,0,0,0,5,2,0
288.562,0,18295808,windows,0,205,205,7,0,0,0,0,0,0,5,2,0
288.596,1,17608704,windows,0,205,205,7,0,0,0,0,0,0,5,2,0
288.825,0,18310144,windows,0,205,205,7,0,0,0,0,0,0,5,2,0
288.85,1,17620992,windows,0,205,205,7,0,0,0,0,0,0,5,2,0
289.077,0,18324480,windows,0,205,205,7,0,0,0,0,0,0,5,2,0
289.107,1,17633280,windows,0,205,205,7,0,0,0,0,0,0,5,2,0
289.328,0,18338816,windows,0,205,205,7,0,0,0,0,0,0,5,2,0
289.357,1,17644544,windows,0,205,205,7,0,0,0,0,0,0,5,2,0
289.583,0,18353152,windows,0,205,205,7,0,0,0,0,0,0,5,2,0
289.619,1,17656832,windows,0,205,205,7,0,0,0,0,0,0,5,2,0
289.834,0,18367488,windows,0,205,205,7,0,0,0,0,0,0,5,2,0
289.883,1,17668096,windows,0,205,205,7,0,0,0,0,0,0,5,2,0
290.087,0,18384896,windows,0,205,205,7,0,0,0,0,0,0,5,2,0
290.149,1,17680384,windows,0,205,205,7,0,0,0,0,0,0,5,2,0
290.348,0,18402304,windows,0,205,205,7,0,0,0,0,0,0,5,2,0
290.411,1,17692672,windows,0,205,205,7,0,0,0,0,0,0,5,2,0
290.605,0,18419712,windows,0,205,205,7,0,0,0,0,0,0,5,2,0
290.68,1,17704960,windows,0,205,205,7,0,0,0,0,0,0,5,2,0
290.864,0,18435072,windows,0,205,205,7,0,0,0,0,0,0,5,2,0
290.95,1,17717248,windows,0,205,205,7,0,0,0,0,0,0,5,2,0
291.128,0,18450432,windows,0,205,205,7,0,0,0,0,0,0,5,2,0
291.21,1,17729536,windows,0,205,205,7,0,0,0,0,0,0,5,2,0
291.383,0,18464768,repair,0,205,205,7,0,0,0,0,0,0,5,2,0
291.463,1,17741824,windows,0,205,205,7,0,0,0,0,0,0,5,2,0
291.65,0,18480128,repair,0,205,205,7,0,0,0,0,0,0,5,2,0
291.722,1,17754112,windows,0,205,205,7,0,0,0,0,0,0,5,2,0
291.915,0,18495488,windows,0,205,205,7,0,0,0,0,0,0,5,2,0
291.973,1,17767424,windows,0,205,205,7,0,0,0,0,0,0,5,2,0
292.175,0,18509824,windows,0,205,205,7,0,0,0,0,0,0,5,2,0
292.237,1,17780736,windows,0,205,205,7,0,0,0,0,0,0,5,2,0
292.437,0,18523136,windows,0,205,205,7,0,0,0,0,0,0,5,2,0
292.496,1,17794048,windows,0,205,205,7,0,0,0,0,0,0,5,2,0
292.687,0,18536448,windows,0,205,205,7,0,0,0,0,0,0,5,2,0
292.758,1,17807360,windows,0,205,205,7,0,0,0,0,0,0,5,2,0
292.948,0,18549760,windows,0,205,205,7,0,0,0,0,0,0,5,2,0
293.009,1,17820672,windows,0,205,205,7,0,0,0,0,0,0,5,2,0
293.204,0,18563072,windows,0,205,205,7,0,0,0,0,0,0,5,2,0
293.26,1,17833984,windows,0,205,205,7,0,0,0,0,0,0,5,2,0
293.471,0,18576384,windows,0,205,205,7,0,0,0,0,0,0,5,2,0
293.52,1,17850368,windows,0,205,205,7,0,0,0,0,0,0,5,2,0
293.733,0,18590720,windows,0,205,205,7,0,0,0,0,0,0,5,2,0
293.778,1,17866752,windows,0,205,205,7,0,0,0,0,0,0,5,2,0
293.984,0,18604032,windows,0,205,205,7,0,0,0,0,0,0,5,2,0
294.031,1,17880064,windows,0,205,205,7,0,0,0,0,0,0,5,2,0
294.249,0,18618368,windows,0,205,205,7,0,0,0,0,0,0,5,2,0
294.296,1,17893376,windows,0,205,205,7,0,0,0,0,0,0,5,2,0
294.513,0,18632704,windows,0,205,205,7,0,0,0,0,0,0,5,2,0
294.563,1,17905664,repair,0,205,205,7,0,0,0,0,0,0,5,2,0
294.771,0,18647040,windows,0,205,205,7,0,0,0,0,0,0,5,2,0
294.813,1,17917952,repair,0,205,205,7,0,0,0,0,0,0,5,2,0
295.021,0,18660352,windows,0,205,205,7,0,0,0,0,0,0,5,2,0
295.086,1,17931264,windows,0,205,205,7,0,0,0,0,0,0,5,2,0
295.288,0,18674688,windows,0,205,205,7,0,0,0,0,0,0,5,2,0
295.354,1,17943552,windows,0,205,205,7,0,0,0,0,0,0,5,2,0
295.546,0,18688000,windows,0,205,205,7,0,0,0,0,0,0,5,2,0
295.605,1,17954816,windows,0,205,205,7,0,0,0,0,0,0,5,2,0
295.805,0,18702336,windows,0,205,205,7,0,0,0,0,0,0,5,2,0
295.865,1,17967104,windows,0,205,205,7,0,0,0,0,0,0,5,2,0
296.058,0,18715648,windows,0,205,205,7,0,0,0,0,0,0,5,2,0
296.13,1,17979392,windows,0,205,205,7,0,0,0,0,0,0,5,2,0
296.326,0,18729984,windows,0,205,205,7,0,0,0,0,0,0,5,2,0
296.392,1,17990656,windows,0,205,205,7,0,0,0,0,0,0,5,2,0
296.579,0,18743296,windows,0,205,205,7,0,0,0,0,0,0,5,2,0
296.646,1,18001920,windows,0,205,205,7,0,0,0,0,0,0,5,2,0
296.838,0,18757632,windows,0,205,205,7,0,0,0,0,0,0,5,2,0
296.902,1,18013184,windows,0,205,205,7,0,0,0,0,0,0,5,2,0
297.094,0,18771968,windows,0,205,205,7,0,0,0,0,0,0,5,2,0
297.152,1,18024448,windows,0,205,205,7,0,0,0,0,0,0,5,2,0
297.362,0,18787328,windows,0,205,205,7,0,0,0,0,0,0,5,2,0
297.425,1,18036736,windows,0,205,205,7,0,0,0,0,0,0,5,2,0
297.625,0,18802688,windows,0,205,205,7,0,0,0,0,0,0,5,2,0
297.698,1,18049024,windows,0,205,205,7,0,0,0,0,0,0,5,2,0
297.883,0,18817024,windows,0,205,205,7,0,0,0,0,0,0,5,2,0
297.971,1,18061312,windows,0,205,205,7,0,0,0,0,0,0,5,2,0
298.139,0,18832384,windows,0,205,205,7,0,0,0,0,0,0,5,2,0
298.234,1,18073600,windows,0,205,205,7,0,0,0,0,0,0,5,2,0
298.405,0,18848768,windows,0,205,205,7,0,0,0,0,0,0,5,2,0
298.489,1,18084864,windows,0,205,205,7,0,0,0,0,0,0,5,2,0
298.67,0,18864128,windows,0,205,205,7,0,0,0,0,0,0,5,2,0
298.754,1,18097152,windows,0,205,205,7,0,0,0,0,0,0,5,2,0
298.923,0,18877440,windows,0,205,205,7,0,0,0,0,0,0,5,2,0
299.006,1,18109440,windows,0,205,205,7,0,0,0,0,0,0,5,2,0
299.174,0,18890752,windows,0,205,205,7,0,0,0,0,0,0,5,2,0
299.268,1,18121728,windows,0,205,205,7,0,0,0,0,0,0,5,2,0
299.428,0,18906112,windows,0,205,205,7,0,0,0,0,0,0,5,2,0
299.536,1,18134016,windows,0,205,205,7,0,0,0,0,0,0,5,2,0
299.682,0,18918400,windows,0,205,205,7,0,0,0,0,0,0,5,2,0
299.796,1,18146304,windows,0,205,205,7,0,0,0,0,0,0,5,2,0
299.944,0,18933760,windows,0,205,205,7,0,0,0,0,0,0,5,2,0
300.06,1,18158592,windows,0,205,205,7,0,0,0,0,0,0,5,2,0
300.206,0,18949120,windows,0,205,205,7,0,0,0,0,0,0,5,2,0
300.328,1,18170880,windows,0,205,205,7,0,0,0,0,0,0,5,2,0
300.459,0,18964480,windows,0,205,205,7,0,0,0,0,0,0,5,2,0
300.592,1,18183168,windows,0,205,205,7,0,0,0,0,0,0,5,2,0
300.725,0,18980864,repair,0,205,205,7,0,0,0,0,0,0,5,2,0
300.849,1,18194432,windows,0,205,205,7,0,0,0,0,0,0,5,2,0
300.976,0,18996224,repair,0,205,205,7,0,0,0,0,0,0,5,2,0
301.116,1,18206720,windows,0,205,205,7,0,0,0,0,0,0,5,2,0
301.236,0,19012608,repair,0,205,205,7,0,0,0,0,0,0,5,2,0
301.381,1,18217984,windows,0,205,205,7,0,0,0,0,0,0,5,2,0
301.489,0,19026944,windows,0,205,205,7,0,0,0,0,0,0,5,2,0
301.642,1,18229248,windows,0,205,205,7,0,0,0,0,0,0,5,2,0
301.741,0,19041280,windows,0,205,205,7,0,0,0,0,0,0,5,2,0
301.899,1,18241536,windows,0,205,205,7,0,0,0,0,0,0,5,2,0
302.006,0,19055616,windows,0,205,205,7,0,0,0,0,0,0,5,2,0
302.152,1,18252800,windows,0,205,205,7,0,0,0,0,0,0,5,2,0
302.276,0,19069952,windows,0,205,205,7,0,0,0,0,0,0,5,2,0
302.416,1,18265088,windows,0,205,205,7,0,0,0,0,0,0,5,2,0
302.533,0,19083264,windows,0,205,205,7,0,0,0,0,0,0,5,2,0
302.679,1,18277376,windows,0,205,205,7,0,0,0,0,0,0,5,2,0
302.799,0,19097600,windows,0,205,205,7,0,0,0,0,0,0,5,2,0
302.943,1,18290688,windows,0,205,205,7,0,0,0,0,0,0,5,2,0
303.054,0,19110912,windows,0,205,205,7,0,0,0,0,0,0,5,2,0
303.206,1,18302976,repair,0,205,205,7,0,0,0,0,0,0,5,2,0
303.322,0,19125248,windows,0,205,205,7,0,0,0,0,0,0,5,2,0
303.476,1,18316288,repair,0,205,205,7,0,0,0,0,0,0,5,2,0
303.585,0,19139584,windows,0,205,205,7,0,0,0,0,0,0,5,2,0
303.746,1,18330624,repair,0,205,205,7,0,0,0,0,0,0,5,2,0
303.844,0,19153920,windows,0,205,205,7,0,0,0,0,0,0,5,2,0
304.011,1,18343936,windows,0,205,205,7,0,0,0,0,0,0,5,2,0
304.098,0,19168256,windows,0,205,205,7,0,0,0,0,0,0,5,2,0
304.271,1,18356224,windows,0,205,205,7,0,0,0,0,0,0,5,2,0
304.353,0,19182592,windows,0,205,205,7,0,0,0,0,0,0,5,2,0
304.536,1,18368512,windows,0,205,205,7,0,0,0,0,0,0,5,2,0
304.605,0,19196928,windows,0,205,205,7,0,0,0,0,0,0,5,2,0
304.797,1,18380800,windows,0,205,205,7,0,0,0,0,0,0,5,2,0
304.869,0,19212288,windows,0,205,205,7,0,0,0,0,0,0,5,2,0
305.057,1,18392064,windows,0,205,205,7,0,0,0,0,0,0,5,2,0
305.123,0,19226624,windows,0,205,205,7,0,0,0,0,0,0,5,2,0
305.316,1,18403328,windows,0,205,205,7,0,0,0,0,0,0,5,2,0
305.391,0,19241984,windows,0,205,205,7,0,0,0,0,0,0,5,2,0
305.584,1,18415616,windows,0,205,205,7,0,0,0,0,0,0,5,2,0
305.648,0,19256320,windows,0,205,205,7,0,0,0,0,0,0,5,2,0
305.856,1,18427904,windows,0,205,205,7,0,0,0,0,0,0,5,2,0
305.92,0,19271680,windows,0,205,205,7,0,0,0,0,0,0,5,2,0
306.115,1,18439168,windows,0,205,205,7,0,0,0,0,0,0,5,2,0
306.186,0,19286016,windows,0,205,205,7,0,0,0,0,0,0,5,2,0
306.381,1,18450432,windows,0,205,205,7,0,0,0,0,0,0,5,2,0
306.45,0,19300352,windows,0,205,205,7,0,0,0,0,0,0,5,2,0
306.632,1,18461696,windows,0,205,205,7,0,0,0,0,0,0,5,2,0
306.706,0,19314688,windows,0,205,205,7,0,0,0,0,0,0,5,2,0
306.887,1,18472960,windows,0,205,205,7,0,0,0,0,0,0,5,2,0
306.967,0,19329024,windows,0,205,205,7,0,0,0,0,0,0,5,2,0
307.138,1,18484224,windows,0,205,205,7,0,0,0,0,0,0,5,2,0
307.226,0,19343360,windows,0,205,205,7,0,0,0,0,0,0,5,2,0
307.39,1,18494464,windows,0,205,205,7,0,0,0,0,0,0,5,2,0
307.49,0,19357696,repair,0,205,205,7,0,0,0,0,0,0,5,2,0
307.651,1,18505728,windows,0,205,205,7,0,0,0,0,0,0,5,2,0
307.759,0,19373056,repair,0,205,205,7,0,0,0,0,0,0,5,2,0
307.919,1,18518016,windows,0,205,205,7,0,0,0,0,0,0,5,2,0
308.011,0,19388416,repair,0,205,205,7,0,0,0,0,0,0,5,2,0
308.188,1,18530304,windows,0,205,205,7,0,0,0,0,0,0,5,2,0
308.277,0,19403776,windows,0,205,205,7,0,0,0,0,0,0,5,2,0
308.457,1,18541568,windows,0,205,205,7,0,0,0,0,0,0,5,2,0
308.533,0,19419136,windows,0,205,205,7,0,0,0,0,0,0,5,2,0
308.725,1,18553856,windows,0,205,205,7,0,0,0,0,0,0,5,2,0
308.793,0,19434496,windows,0,205,205,7,0,0,0,0,0,0,5,2,0
308.982,1,18566144,windows,0,205,205,7,0,0,0,0,0,0,5,2,0
309.047,0,19449856,windows,0,205,205,7,0,0,0,0,0,0,5,2,0
309.245,1,18578432,windows,0,205,205,7,0,0,0,0,0,0,5,2,0
309.31,0,19466240,windows,0,205,205,7,0,0,0,0,0,0,5,2,0
309.505,1,18589696,windows,0,205,205,7,0,0,0,0,0,0,5,2,0
309.561,0,19481600,windows,0,205,205,7,0,0,0,0,0,0,5,2,0
309.774,1,18601984,windows,0,205,205,7,0,0,0,0,0,0,5,2,0
309.813,0,19497984,windows,0,205,205,7,0,0,0,0,0,0,5,2,0
310.045,1,18614272,windows,0,205,205,7,0,0,0,0,0,0,5,2,0
310.073,0,19515392,windows,0,205,205,7,0,0,0,0,0,0,5,2,0
310.297,1,18625536,windows,0,205,205,7,0,0,0,0,0,0,5,2,0
310.331,0,19531776,windows,0,205,205,7,0,0,0,0,0,0,5,2,0
310.561,1,18637824,windows,0,205,205,7,0,0,0,0,0,0,5,2,0
310.589,0,19548160,windows,0,205,205,7,0,0,0,0,0,0,5,2,0
310.825,1,18650112,windows,0,205,205,7,0,0,0,0,0,0,5,2,0
310.85,0,19564544,windows,0,205,205,7,0,0,0,0,0,0,5,2,0
311.085,1,18662400,windows,0,205,205,7,0,0,0,0,0,0,5,2,0
311.106,0,19580928,windows,0,205,205,7,0,0,0,0,0,0,5,2,0
311.336,1,18673664,windows,0,205,205,7,0,0,0,0,0,0,5,2,0
311.364,0,19597312,windows,0,205,205,7,0,0,0,0,0,0,5,2,0
311.592,1,18685952,windows,0,205,205,7,0,0,0,0,0,0,5,2,0
311.625,0,19613696,windows,0,205,205,7,0,0,0,0,0,0,5,2,0
311.842,1,18698240,windows,0,205,205,7,0,0,0,0,0,0,5,2,0
311.89,0,19631104,windows,0,205,205,7,0,0,0,0,0,0,5,2,0
312.11,1,18710528,windows,0,205,205,7,0,0,0,0,0,0,5,2,0
312.152,0,19648512,windows,0,205,205,7,0,0,0,0,0,0,5,2,0
312.38,1,18722816,windows,0,205,205,7,0,0,0,0,0,0,5,2,0
312.404,0,19665920,windows,0,205,205,7,0,0,0,0,0,0,5,2,0
312.639,1,18734080,repair,0,205,205,7,0,0,0,0,0,0,5,2,0
312.66,0,19682304,windows,0,205,205,7,0,0,0,0,0,0,5,2,0
312.901,1,18746368,repair,0,205,205,7,0,0,0,0,0,0,5,2,0
312.927,0,19697664,windows,0,205,205,7,0,0,0,0,0,0,5,2,0
313.171,1,18759680,repair,0,205,205,7,0,0,0,0,0,0,5,2,0
313.184,0,19713024,windows,0,205,205,7,0,0,0,0,0,0,5,2,0
313.436,1,18770944,windows,0,205,205,7,0,0,0,0,0,0,5,2,0
313.44,0,19728384,windows,0,205,205,7,0,0,0,0,0,0,5,2,0
313.694,1,18782208,windows,0,205,205,7,0,0,0,0,0,0,5,2,0
313.699,0,19744768,windows,0,205,205,7,0,0,0,0,0,0,5,2,0
313.958,0,19761152,windows,0,205,205,7,0,0,0,0,0,0,5,2,0
313.962,1,18794496,windows,0,205,205,7,0,0,0,0,0,0,5,2,0
314.214,0,19777536,windows,0,205,205,7,0,0,0,0,0,0,5,2,0
314.217,1,18805760,windows,0,205,205,7,0,0,0,0,0,0,5,2,0
314.464,0,19792896,windows,0,205,205,7,0,0,0,0,0,0,5,2,0
314.486,1,18817024,windows,0,205,205,7,0,0,0,0,0,0,5,2,0
314.723,0,19809280,windows,0,205,205,7,0,0,0,0,0,0,5,2,0
314.753,1,18829312,windows,0,205,205,7,0,0,0,0,0,0,5,2,0
314.978,0,19826688,windows,0,205,205,7,0,0,0,0,0,0,5,2,0
315.01,1,18840576,windows,0,205,205,7,0,0,0,0,0,0,5,2,0
315.242,0,19844096,repair,0,205,205,7,0,0,0,0,0,0,5,2,0
315.284,1,18852864,windows,0,205,205,7,0,0,0,0,0,0,5,2,0
315.502,0,19862528,repair,0,205,205,7,0,0,0,0,0,0,5,2,0
315.554,1,18865152,windows,0,205,205,7,0,0,0,0,0,0,5,2,0
315.762,0,19881984,repair,0,205,205,7,0,0,0,0,0,0,5,2,0
315.809,1,18876416,windows,0,205,205,7,0,0,0,0,0,0,5,2,0
316.021,0,19903488,windows,0,205,205,7,0,0,0,0,0,0,5,2,0
316.074,1,18888704,windows,0,205,205,7,0,0,0,0,0,0,5,2,0
316.28,0,19919872,windows,0,205,205,7,0,0,0,0,0,0,5,2,0
316.33,1,18899968,windows,0,205,205,7,0,0,0,0,0,0,5,2,0
316.534,0,19937280,windows,0,205,205,7,0,0,0,0,0,0,5,2,0
316.595,1,18912256,windows,0,205,205,7,0,0,0,0,0,0,5,2,0
316.795,0,19954688,windows,0,205,205,7,0,0,0,0,0,0,5,2,0
316.865,1,18924544,windows,0,205,205,7,0,0,0,0,0,0,5,2,0
317.055,0,19972096,windows,0,205,205,7,0,0,0,0,0,0,5,2,0
317.138,1,18936832,windows,0,205,205,7,0,0,0,0,0,0,5,2,0
317.308,0,19989504,windows,0,205,205,7,0,0,0,0,0,0,5,2,0
317.392,1,18948096,windows,0,205,205,7,0,0,0,0,0,0,5,2,0
317.572,0,20006912,windows,0,205,205,7,0,0,0,0,0,0,5,2,0
317.662,1,18960384,windows,0,205,205,7,0,0,0,0,0,0,5,2,0
317.837,0,20022272,windows,0,205,205,7,0,0,0,0,0,0,5,2,0
317.913,1,18971648,windows,0,205,205,7,0,0,0,0,0,0,5,2,0
318.096,0,20038656,windows,0,205,205,7,0,0,0,0,0,0,5,2,0
318.177,1,18983936,windows,0,205,205,7,0,0,0,0,0,0,5,2,0
318.355,0,20054016,windows,0,205,205,7,0,0,0,0,0,0,5,2,0
318.439,1,18996224,windows,0,205,205,7,0,0,0,0,0,0,5,2,0
318.611,0,20068352,windows,0,205,205,7,0,0,0,0,0,0,5,2,0
318.692,1,19009536,windows,0,205,205,7,0,0,0,0,0,0,5,2,0
318.868,0,20085760,windows,0,205,205,7,0,0,0,0,0,0,5,2,0
318.942,1,19023872,windows,0,205,205,7,0,0,0,0,0,0,5,2,0
319.123,0,20101120,windows,0,205,205,7,0,0,0,0,0,0,5,2,0
319.205,1,19038208,windows,0,205,205,7,0,0,0,0,0,0,5,2,0
319.39,0,20116480,windows,0,205,205,7,0,0,0,0,0,0,5,2,0
319.465,1,19052544,windows,0,205,205,7,0,0,0,0,0,0,5,2,0
319.657,0,20130816,windows,0,205,205,7,0,0,0,0,0,0,5,2,0
319.721,1,19066880,windows,0,205,205,7,0,0,0,0,0,0,5,2,0
319.92,0,20146176,windows,0,205,205,7,0,0,0,0,0,0,5,2,0
319.984,1,19081216,windows,0,205,205,7,0,0,0,0,0,0,5,2,0
320.18,0,20163584,windows,0,205,205,7,0,0,0,0,0,0,5,2,0
320.241,1,19095552,windows,0,205,205,7,0,0,0,0,0,0,5,2,0
320.433,0,20179968,windows,0,205,205,7,0,0,0,0,0,0,5,2,0
320.505,1,19109888,windows,0,205,205,7,0,0,0,0,0,0,5,2,0
320.685,0,20194304,windows,0,205,205,7,0,0,0,0,0,0,5,2,0
320.767,1,19124224,repair,0,205,205,7,0,0,0,0,0,0,5,2,0
320.943,0,20210688,windows,0,205,205,7,0,0,0,0,0,0,5,2,0
321.023,1,19139584,repair,0,205,205,7,0,0,0,0,0,0,5,2,0
321.207,0,20228096,windows,0,205,205,7,0,0,0,0,0,0,5,2,0
321.29,1,19153920,repair,0,205,205,7,0,0,0,0,0,0,5,2,0
321.458,0,20245504,windows,0,205,205,7,0,0,0,0,0,0,5,2,0
321.541,1,19165184,windows,0,205,205,7,0,0,0,0,0,0,5,2,0
321.725,0,20264960,windows,0,205,205,7,0,0,0,0,0,0,5,2,0
321.804,1,19177472,windows,0,205,205,7,0,0,0,0,0,0,5,2,0
321.987,0,20284416,windows,0,205,205,7,0,0,0,0,0,0,5,2,0
322.072,1,19190784,windows,0,205,205,7,0,0,0,0,0,0,5,2,0
322.239,0,20301824,windows,0,205,205,7,0,0,0,0,0,0,5,2,0
322.343,1,19203072,windows,0,205,205,7,0,0,0,0,0,0,5,2,0
322.492,0,20319232,windows,0,205,205,7,0,0,0,0,0,0,5,2,0
322.607,1,19215360,windows,0,205,205,7,0,0,0,0,0,0,5,2,0
322.753,0,20337664,repair,0,205,205,7,0,0,0,0,0,0,5,2,0
322.868,1,19228672,windows,0,205,205,7,0,0,0,0,0,0,5,2,0
323.016,0,20357120,repair,0,205,205,7,0,0,0,0,0,0,5,2,0
323.122,1,19243008,windows,0,205,205,7,0,0,0,0,0,0,5,2,0
323.27,0,20376576,repair,0,205,205,7,0,0,0,0,0,0,5,2,0
323.384,1,19257344,windows,0,205,205,7,0,0,0,0,0,0,5,2,0
323.521,0,20393984,windows,0,205,205,7,0,0,0,0,0,0,5,2,0
323.643,1,19271680,windows,0,205,205,7,0,0,0,0,0,0,5,2,0
323.781,0,20409344,windows,0,205,205,7,0,0,0,0,0,0,5,2,0
323.908,1,19287040,windows,0,205,205,7,0,0,0,0,0,0,5,2,0
324.041,0,20423680,windows,0,205,205,7,0,0,0,0,0,0,5,2,0
324.166,1,19302400,windows,0,205,205,7,0,0,0,0,0,0,5,2,0
324.298,0,20436992,windows,0,205,205,7,0,0,0,0,0,0,5,2,0
324.42,1,19317760,repair,0,205,205,7,0,0,0,0,0,0,5,2,0
324.555,0,20450304,windows,0,205,205,7,0,0,0,0,0,0,5,2,0
324.682,1,19334144,repair,0,205,205,7,0,0,0,0,0,0,5,2,0
324.816,0,20466688,windows,0,205,205,7,0,0,0,0,0,0,5,2,0
324.937,1,19350528,windows,0,205,205,7,0,0,0,0,0,0,5,2,0
325.07,0,20484096,windows,0,205,205,7,0,0,0,0,0,0,5,2,0
325.205,1,19364864,windows,0,205,205,7,0,0,0,0,0,0,5,2,0
325.339,0,20497408,windows,0,205,205,7,0,0,0,0,0,0,5,2,0
325.48,1,19376128,windows,0,205,205,7,0,0,0,0,0,0,5,2,0
325.589,0,20509696,windows,0,205,205,7,0,0,0,0,0,0,5,2,0
325.736,1,19387392,windows,0,205,205,7,0,0,0,0,0,0,5,2,0
325.841,0,20523008,windows,0,205,205,7,0,0,0,0,0,0,5,2,0
326.007,1,19399680,windows,0,205,205,7,0,0,0,0,0,0,5,2,0
326.102,0,20536320,windows,0,205,205,7,0,0,0,0,0,0,5,2,0
326.272,1,19411968,windows,0,205,205,7,0,0,0,0,0,0,5,2,0
326.356,0,20548608,windows,0,205,205,7,0,0,0,0,0,0,5,2,0
326.531,1,19423232,windows,0,205,205,7,0,0,0,0,0,0,5,2,0
326.617,0,20561920,windows,0,205,205,7,0,0,0,0,0,0,5,2,0
326.791,1,19434496,windows,0,205,205,7,0,0,0,0,0,0,5,2,0
326.886,0,20575232,windows,0,205,205,7,0,0,0,0,0,0,5,2,0
327.056,1,19446784,windows,0,205,205,7,0,0,0,0,0,0,5,2,0
327.153,0,20589568,windows,0,205,205,7,0,0,0,0,0,0,5,2,0
327.314,1,19458048,windows,0,205,205,7,0,0,0,0,0,0,5,2,0
327.411,0,20602880,windows,0,205,205,7,0,0,0,0,0,0,5,2,0
327.57,1,19469312,windows,0,205,205,7,0,0,0,0,0,0,5,2,0
327.675,0,20616192,windows,0,205,205,7,0,0,0,0,0,0,5,2,0
327.83,1,19480576,windows,0,205,205,7,0,0,0,0,0,0,5,2,0
327.929,0,20628480,windows,0,205,205,7,0,0,0,0,0,0,5,2,0
328.094,1,19491840,windows,0,205,205,7,0,0,0,0,0,0,5,2,0
328.193,0,20641792,windows,0,205,205,7,0,0,0,0,0,0,5,2,0
328.364,1,19504128,windows,0,205,205,7,0,0,0,0,0,0,5,2,0
328.449,0,20654080,windows,0,205,205,7,0,0,0,0,0,0,5,2,0
328.623,1,19515392,windows,0,205,205,7,0,0,0,0,0,0,5,2,0
328.713,0,20667392,windows,0,205,205,7,0,0,0,0,0,0,5,2,0
328.887,1,19527680,windows,0,205,205,7,0,0,0,0,0,0,5,2,0
328.976,0,20678656,windows,0,205,205,7,0,0,0,0,0,0,5,2,0
329.14,1,19538944,windows,0,205,205,7,0,0,0,0,0,0,5,2,0
329.245,0,20692992,windows,0,205,205,7,0,0,0,0,0,0,5,2,0
329.398,1,19550208,windows,0,205,205,7,0,0,0,0,0,0,5,2,0
329.499,0,20706304,windows,0,205,205,7,0,0,0,0,0,0,5,2,0
329.665,1,19562496,windows,0,205,205,7,0,0,0,0,0,0,5,2,0
329.768,0,20720640,windows,0,205,205,7,0,0,0,0,0,0,5,2,0
329.934,1,19573760,windows,0,205,205,7,0,0,0,0,0,0,5,2,0
330.029,0,20734976,windows,0,205,205,7,0,0,0,0,0,0,5,2,0
330.185,1,19585024,windows,0,205,205,7,0,0,0,0,0,0,5,2,0
330.291,0,20749312,windows,0,205,205,7,0,0,0,0,0,0,5,2,0
330.446,1,19596288,windows,0,205,205,7,0,0,0,0,0,0,5,2,0
330.542,0,20763648,windows,0,205,205,7,0,0,0,0,0,0,5,2,0
330.697,1,19607552,windows,0,205,205,7,0,0,0,0,0,0,5,2,0
330.797,0,20779008,windows,0,205,205,7,0,0,0,0,0,0,5,2,0
330.967,1,19619840,windows,0,205,205,7,0,0,0,0,0,0,5,2,0
331.053,0,20794368,windows,0,205,205,7,0,0,0,0,0,0,5,2,0
331.231,1,19632128,windows,0,205,205,7,0,0,0,0,0,0,5,2,0
331.313,0,20809728,windows,0,205,205,7,0,0,0,0,0,0,5,2,0
331.493,1,19644416,windows,0,205,205,7,0,0,0,0,0,0,5,2,0
331.578,0,20826112,windows,0,205,205,7,0,0,0,0,0,0,5,2,0
331.766,1,19656704,windows,0,205,205,7,0,0,0,0,0,0,5,2,0
331.836,0,20841472,windows,0,205,205,7,0,0,0,0,0,0,5,2,0
332.037,1,19668992,windows,0,205,205,7,0,0,0,0,0,0,5,2,0
332.092,0,20856832,windows,0,205,205,7,0,0,0,0,0,0,5,2,0
332.305,1,19681280,windows,0,205,205,7,0,0,0,0,0,0,5,2,0
332.352,0,20871168,repair,0,205,205,7,0,0,0,0,0,0,5,2,0
332.565,1,19693568,windows,0,205,205,7,0,0,0,0,0,0,5,2,0
332.613,0,20886528,repair,0,205,205,7,0,0,0,0,0,0,5,2,0
332.821,1,19705856,windows,0,205,205,7,0,0,0,0,0,0,5,2,0
332.879,0,20901888,windows,0,205,205,7,0,0,0,0,0,0,5,2,0
333.092,1,19718144,repair,0,205,205,7,0,0,0,0,0,0,5,2,0
333.132,0,20916224,windows,0,205,205,7,0,0,0,0,0,0,5,2,0
333.351,1,19730432,repair,0,205,205,7,0,0,0,0,0,0,5,2,0
333.387,0,20929536,windows,0,205,205,7,0,0,0,0,0,0,5,2,0
333.608,1,19742720,repair,0,205,205,7,0,0,0,0,0,0,5,2,0
333.644,0,20942848,windows,0,205,205,7,0,0,0,0,0,0,5,2,0
333.864,1,19755008,windows,0,205,205,7,0,0,0,0,0,0,5,2,0
333.912,0,20957184,windows,0,205,205,7,0,0,0,0,0,0,5,2,0
334.133,1,19767296,windows,0,205,205,7,0,0,0,0,0,0,5,2,0
334.17,0,20970496,windows,0,205,205,7,0,0,0,0,0,0,5,2,0
334.384,1,19778560,windows,0,205,205,7,0,0,0,0,0,0,5,2,0
334.432,0,20982784,windows,0,205,205,7,0,0,0,0,0,0,5,2,0
334.637,1,19789824,windows,0,205,205,7,0,0,0,0,0,0,5,2,0
334.694,0,20996096,windows,0,205,205,7,0,0,0,0,0,0,5,2,0
334.893,1,19801088,windows,0,205,205,7,0,0,0,0,0,0,5,2,0
334.944,0,21009408,windows,0,205,205,7,0,0,0,0,0,0,5,2,0
335.143,1,19812352,windows,0,205,205,7,0,0,0,0,0,0,5,2,0
335.202,0,21022720,windows,0,205,205,7,0,0,0,0,0,0,5,2,0
335.411,1,19823616,windows,0,205,205,7,0,0,0,0,0,0,5,2,0
335.464,0,21036032,windows,0,205,205,7,0,0,0,0,0,0,5,2,0
335.667,1,19834880,windows,0,205,205,7,0,0,0,0,0,0,5,2,0
335.723,0,21050368,windows,0,205,205,7,0,0,0,0,0,0,5,2,0
335.92,1,19846144,windows,0,205,205,7,0,0,0,0,0,0,5,2,0
335.99,0,21064704,windows,0,205,205,7,0,0,0,0,0,0,5,2,0
336.19,1,19858432,windows,0,205,205,7,0,0,0,0,0,0,5,2,0
336.255,0,21079040,windows,0,205,205,7,0,0,0,0,0,0,5,2,0
336.442,1,19869696,windows,0,205,205,7,0,0,0,0,0,0,5,2,0
336.507,0,21091328,windows,0,205,205,7,0,0,0,0,0,0,5,2,0
336.71,1,19881984,windows,0,205,205,7,0,0,0,0,0,0,5,2,0
336.762,0,21104640,windows,0,205,205,7,0,0,0,0,0,0,5,2,0
336.964,1,19894272,windows,0,205,205,7,0,0,0,0,0,0,5,2,0
337.017,0,21117952,windows,0,205,205,7,0,0,0,0,0,0,5,2,0
337.229,1,19906560,windows,0,205,205,7,0,0,0,0,0,0,5,2,0
337.276,0,21131264,windows,0,205,205,7,0,0,0,0,0,0,5,2,0
337.497,1,19919872,windows,0,205,205,7,0,0,0,0,0,0,5,2,0
337.531,0,21144576,windows,0,205,205,7,0,0,0,0,0,0,5,2,0
337.752,1,19932160,windows,0,205,205,7,0,0,0,0,0,0,5,2,0
337.785,0,21157888,windows,0,205,205,7,0,0,0,0,0,0,5,2,0
338.018,1,19945472,windows,0,205,205,7,0,0,0,0,0,0,5,2,0
338.038,0,21171200,windows,0,205,205,7,0,0,0,0,0,0,5,2,0
338.268,1,19957760,windows,0,205,205,7,0,0,0,0,0,0,5,2,0
338.288,0,21184512,windows,0,205,205,7,0,0,0,0,0,0,5,2,0
338.521,1,19970048,windows,0,205,205,7,0,0,0,0,0,0,5,2,0
338.546,0,21199872,windows,0,205,205,7,0,0,0,0,0,0,5,2,0
338.795,1,19982336,windows,0,205,205,7,0,0,0,0,0,0,5,2,0
338.812,0,21215232,windows,0,205,205,7,0,0,0,0,0,0,5,2,0
339.069,0,21229568,windows,0,205,205,7,0,0,0,0,0,0,5,2,0
339.074,1,19995648,repair,0,205,205,7,0,0,0,0,0,0,5,2,0
339.334,0,21244928,windows,0,205,205,7,0,0,0,0,0,0,5,2,0
339.343,1,20007936,repair,0,205,205,7,0,0,0,0,0,0,5,2,0
339.588,0,21259264,windows,0,205,205,7,0,0,0,0,0,0,5,2,0
339.598,1,20020224,repair,0,205,205,7,0,0,0,0,0,0,5,2,0
339.842,0,21274624,windows,0,205,205,7,0,0,0,0,0,0,5,2,0
339.869,1,20033536,windows,0,205,205,7,0,0,0,0,0,0,5,2,0
340.109,0,21288960,windows,0,205,205,7,0,0,0,0,0,0,5,2,0
340.121,1,20044800,windows,0,205,205,7,0,0,0,0,0,0,5,2,0
340.374,0,21303296,repair,0,205,205,7,0,0,0,0,0,0,5,2,0
340.386,1,20057088,windows,0,205,205,7,0,0,0,0,0,0,5,2,0
340.631,0,21318656,repair,0,205,205,7,0,0,0,0,0,0,5,2,0
340.654,1,20069376,windows,0,205,205,7,0,0,0,0,0,0,5,2,0
340.893,0,21335040,repair,0,205,205,7,0,0,0,0,0,0,5,2,0
340.907,1,20080640,windows,0,205,205,7,0,0,0,0,0,0,5,2,0
341.155,0,21350400,windows,0,205,205,7,0,0,0,0,0,0,5,2,0
341.159,1,20091904,windows,0,205,205,7,0,0,0,0,0,0,5,2,0
341.411,0,21364736,windows,0,205,205,7,0,0,0,0,0,0,5,2,0
341.411,1,20103168,windows,0,205,205,7,0,0,0,0,0,0,5,2,0
341.662,0,21378048,windows,0,205,205,7,0,0,0,0,0,0,5,2,0
341.675,1,20114432,windows,0,205,205,7,0,0,0,0,0,0,5,2,0
341.93,0,21392384,windows,0,205,205,7,0,0,0,0,0,0,5,2,0
341.943,1,20126720,windows,0,205,205,7,0,0,0,0,0,0,5,2,0
342.188,0,21406720,windows,0,205,205,7,0,0,0,0,0,0,5,2,0
342.207,1,20139008,windows,0,205,205,7,0,0,0,0,0,0,5,2,0
342.444,0,21420032,windows,0,205,205,7,0,0,0,0,0,0,5,2,0
342.458,1,20150272,windows,0,205,205,7,0,0,0,0,0,0,5,2,0
342.709,0,21433344,windows,0,205,205,7,0,0,0,0,0,0,5,2,0
342.71,1,20161536,windows,0,205,205,7,0,0,0,0,0,0,5,2,0
342.963,1,20172800,windows,0,205,205,7,0,0,0,0,0,0,5,2,0
342.974,0,21446656,windows,0,205,205,7,0,0,0,0,0,0,5,2,0
343.231,0,21459968,windows,0,205,205,7,0,0,0,0,0,0,5,2,0
343.233,1,20185088,windows,0,205,205,7,0,0,0,0,0,0,5,2,0
343.484,0,21472256,windows,0,205,205,7,0,0,0,0,0,0,5,2,0
343.502,1,20197376,windows,0,205,205,7,0,0,0,0,0,0,5,2,0
343.748,0,21486592,windows,0,205,205,7,0,0,0,0,0,0,5,2,0
343.758,1,20208640,windows,0,205,205,7,0,0,0,0,0,0,5,2,0
344.006,0,21499904,windows,0,205,205,7,0,0,0,0,0,0,5,2,0
344.008,1,20219904,windows,0,205,205,7,0,0,0,0,0,0,5,2,0
344.259,1,20232192,windows,0,205,205,7,0,0,0,0,0,0,5,2,0
344.262,0,21513216,windows,0,205,205,7,0,0,0,0,0,0,5,2,0
344.519,1,20246528,windows,0,205,205,7,0,0,0,0,0,0,5,2,0
344.521,0,21524480,windows,0,205,205,7,0,0,0,0,0,0,5,2,0
344.773,1,20260864,windows,0,205,205,7,0,0,0,0,0,0,5,2,0
344.774,0,21537792,windows,0,205,205,7,0,0,0,0,0,0,5,2,0
345.027,0,21552128,windows,0,205,205,7,0,0,0,0,0,0,5,2,0
345.029,1,20275200,windows,0,205,205,7,0,0,0,0,0,0,5,2,0
345.283,0,21566464,windows,0,205,205,7,0,0,0,0,0,0,5,2,0
345.306,1,20289536,windows,0,205,205,7,0,0,0,0,0,0,5,2,0
345.545,0,21579776,windows,0,205,205,7,0,0,0,0,0,0,5,2,0
345.567,1,20303872,windows,0,205,205,7,0,0,0,0,0,0,5,2,0
345.803,0,21594112,windows,0,205,205,7,0,0,0,0,0,0,5,2,0
345.819,1,20318208,windows,0,205,205,7,0,0,0,0,0,0,5,2,0
346.056,0,21608448,windows,0,205,205,7,0,0,0,0,0,0,5,2,0
346.072,1,20332544,windows,0,205,205,7,0,0,0,0,0,0,5,2,0
346.315,0,21622784,windows,0,205,205,7,0,0,0,0,0,0,5,2,0
346.331,1,20346880,windows,0,205,205,7,0,0,0,0,0,0,5,2,0
346.566,0,21636096,windows,0,205,205,7,0,0,0,0,0,0,5,2,0
346.598,1,20362240,windows,0,205,205,7,0,0,0,0,0,0,5,2,0
346.828,0,21650432,windows,0,205,205,7,0,0,0,0,0,0,5,2,0
346.849,1,20375552,windows,0,205,205,7,0,0,0,0,0,0,5,2,0
347.079,0,21665792,windows,0,205,205,7,0,0,0,0,0,0,5,2,0
347.113,1,20390912,windows,0,205,205,7,0,0,0,0,0,0,5,2,0
347.334,0,21680128,windows,0,205,205,7,0,0,0,0,0,0,5,2,0
347.382,1,20406272,windows,0,205,205,7,0,0,0,0,0,0,5,2,0
347.593,0,21694464,windows,0,205,205,7,0,0,0,0,0,0,5,2,0
347.637,1,20421632,windows,0,205,205,7,0,0,0,0,0,0,5,2,0
347.849,0,21708800,windows,0,205,205,7,0,0,0,0,0,0,5,2,0
347.903,1,20436992,windows,0,205,205,7,0,0,0,0,0,0,5,2,0
348.1,0,21722112,windows,0,205,205,7,0,0,0,0,0,0,5,2,0
348.163,1,20452352,repair,0,205,205,7,0,0,0,0,0,0,5,2,0
348.361,0,21734400,windows,0,205,205,7,0,0,0,0,0,0,5,2,0
348.414,1,20466688,windows,0,205,205,7,0,0,0,0,0,0,5,2,0
348.62,0,21746688,repair,0,205,205,7,0,0,0,0,0,0,5,2,0
348.681,1,20485120,windows,0,205,205,7,0,0,0,0,0,0,5,2,0
348.88,0,21761024,repair,0,205,205,7,0,0,0,0,0,0,5,2,0
348.933,1,20500480,windows,0,205,205,7,0,0,0,0,0,0,5,2,0
349.147,0,21776384,repair,0,205,205,7,0,0,0,0,0,0,5,2,0
349.185,1,20516864,windows,0,205,205,7,0,0,0,0,0,0,5,2,0
349.4,0,21790720,windows,0,205,205,7,0,0,0,0,0,0,5,2,0
349.45,1,20534272,windows,0,205,205,7,0,0,0,0,0,0,5,2,0
349.651,0,21804032,windows,0,205,205,7,0,0,0,0,0,0,5,2,0
349.709,1,20549632,windows,0,205,205,7,0,0,0,0,0,0,5,2,0
349.904,0,21817344,windows,0,205,205,7,0,0,0,0,0,0,5,2,0
349.972,1,20566016,windows,0,205,205,7,0,0,0,0,0,0,5,2,0
350.161,0,21830656,windows,0,205,205,7,0,0,0,0,0,0,5,2,0
350.234,1,20582400,windows,0,205,205,7,0,0,0,0,0,0,5,2,0
350.428,0,21843968,windows,0,205,205,7,0,0,0,0,0,0,5,2,0
350.491,1,20598784,windows,0,205,205,7,0,0,0,0,0,0,5,2,0
350.696,0,21857280,windows,0,205,205,7,0,0,0,0,0,0,5,2,0
350.746,1,20615168,windows,0,205,205,7,0,0,0,0,0,0,5,2,0
350.965,0,21870592,windows,0,205,205,7,0,0,0,0,0,0,5,2,0
351.008,1,20631552,windows,0,205,205,7,0,0,0,0,0,0,5,2,0
351.227,0,21883904,windows,0,205,205,7,0,0,0,0,0,0,5,2,0
351.272,1,20648960,windows,0,205,205,7,0,0,0,0,0,0,5,2,0
351.489,0,21896192,windows,0,205,205,7,0,0,0,0,0,0,5,2,0
351.532,1,20666368,windows,0,205,205,7,0,0,0,0,0,0,5,2,0
351.75,0,21909504,windows,0,205,205,7,0,0,0,0,0,0,5,2,0
351.795,1,20682752,windows,0,205,205,7,0,0,0,0,0,0,5,2,0
352.012,0,21922816,windows,0,205,205,7,0,0,0,0,0,0,5,2,0
352.047,1,20697088,windows,0,205,205,7,0,0,0,0,0,0,5,2,0
352.288,0,21936128,windows,0,205,205,7,0,0,0,0,0,0,5,2,0
352.306,1,20712448,windows,0,205,205,7,0,0,0,0,0,0,5,2,0
352.554,0,21949440,windows,0,205,205,7,0,0,0,0,0,0,5,2,0
352.57,1,20730880,windows,0,205,205,7,0,0,0,0,0,0,5,2,0
352.819,0,21963776,windows,0,205,205,7,0,0,0,0,0,0,5,2,0
352.828,1,20746240,windows,0,205,205,7,0,0,0,0,0,0,5,2,0
353.075,0,21976064,windows,0,205,205,7,0,0,0,0,0,0,5,2,0
353.09,1,20759552,windows,0,205,205,7,0,0,0,0,0,0,5,2,0
353.334,0,21990400,windows,0,205,205,7,0,0,0,0,0,0,5,2,0
353.345,1,20774912,windows,0,205,205,7,0,0,0,0,0,0,5,2,0
353.592,0,22004736,windows,0,205,205,7,0,0,0,0,0,0,5,2,0
353.601,1,20789248,repair,0,205,205,7,0,0,0,0,0,0,5,2,0
353.858,0,22020096,windows,0,205,205,7,0,0,0,0,0,0,5,2,0
353.859,1,20804608,repair,0,205,205,7,0,0,0,0,0,0,5,2,0
354.121,0,22033408,windows,0,205,205,7,0,0,0,0,0,0,5,2,0
354.123,1,20822016,windows,0,205,205,7,0,0,0,0,0,0,5,2,0
354.381,0,22046720,windows,0,205,205,7,0,0,0,0,0,0,5,2,0
354.388,1,20838400,windows,0,205,205,7,0,0,0,0,0,0,5,2,0
354.634,0,22059008,windows,0,205,205,7,0,0,0,0,0,0,5,2,0
354.646,1,20853760,windows,0,205,205,7,0,0,0,0,0,0,5,2,0
354.897,1,20869120,windows,0,205,205,7,0,0,0,0,0,0,5,2,0
354.902,0,22073344,windows,0,205,205,7,0,0,0,0,0,0,5,2,0
355.157,1,20884480,windows,0,205,205,7,0,0,0,0,0,0,5,2,0
355.17,0,22088704,windows,0,205,205,7,0,0,0,0,0,0,5,2,0
355.417,1,20898816,windows,0,205,205,7,0,0,0,0,0,0,5,2,0
355.435,0,22102016,windows,0,205,205,7,0,0,0,0,0,0,5,2,0
355.68,1,20913152,windows,0,205,205,7,0,0,0,0,0,0,5,2,0
355.697,0,22116352,windows,0,205,205,7,0,0,0,0,0,0,5,2,0
355.946,1,20927488,windows,0,205,205,7,0,0,0,0,0,0,5,2,0
355.947,0,22130688,windows,0,205,205,7,0,0,0,0,0,0,5,2,0
356.207,1,20942848,windows,0,205,205,7,0,0,0,0,0,0,5,2,0
356.208,0,22145024,windows,0,205,205,7,0,0,0,0,0,0,5,2,0
356.46,0,22157312,windows,0,205,205,7,0,0,0,0,0,0,5,2,0
356.468,1,20958208,windows,0,205,205,7,0,0,0,0,0,0,5,2,0
356.714,0,22171648,repair,0,205,205,7,0,0,0,0,0,0,5,2,0
356.726,1,20974592,windows,0,205,205,7,0,0,0,0,0,0,5,2,0
356.966,0,22187008,repair,0,205,205,7,0,0,0,0,0,0,5,2,0
356.977,1,20989952,windows,0,205,205,7,0,0,0,0,0,0,5,2,0
357.224,0,22205440,repair,0,205,205,7,0,0,0,0,0,0,5,2,0
357.239,1,21006336,windows,0,205,205,7,0,0,0,0,0,0,5,2,0
357.481,0,22220800,windows,0,205,205,7,0,0,0,0,0,0,5,2,0
357.498,1,21022720,windows,0,205,205,7,0,0,0,0,0,0,5,2,0
357.74,0,22237184,windows,0,205,205,7,0,0,0,0,0,0,5,2,0
357.751,1,21039104,windows,0,205,205,7,0,0,0,0,0,0,5,2,0
358.004,0,22251520,windows,0,205,205,7,0,0,0,0,0,0,5,2,0
358.006,1,21054464,windows,0,205,205,7,0,0,0,0,0,0,5,2,0
358.26,0,22264832,windows,0,205,205,7,0,0,0,0,0,0,5,2,0
358.261,1,21069824,windows,0,205,205,7,0,0,0,0,0,0,5,2,0
358.522,1,21084160,windows,0,205,205,7,0,0,0,0,0,0,5,2,0
358.526,0,22279168,windows,0,205,205,7,0,0,0,0,0,0,5,2,0
358.784,1,21100544,windows,0,205,205,7,0,0,0,0,0,0,5,2,0
358.786,0,22293504,windows,0,205,205,7,0,0,0,0,0,0,5,2,0
359.048,0,22307840,windows,0,205,205,7,0,0,0,0,0,0,5,2,0
359.048,1,21115904,windows,0,205,205,7,0,0,0,0,0,0,5,2,0
359.308,1,21130240,windows,0,205,205,7,0,0,0,0,0,0,5,2,0
359.312,0,22323200,windows,0,205,205,7,0,0,0,0,0,0,5,2,0
359.565,0,22338560,windows,0,205,205,7,0,0,0,0,0,0,5,2,0
359.574,1,21145600,windows,0,205,205,7,0,0,0,0,0,0,5,2,0
359.83,0,22353920,windows,0,205,205,7,0,0,0,0,0,0,5,2,0
359.841,1,21159936,windows,0,205,205,7,0,0,0,0,0,0,5,2,0
360.086,0,22369280,windows,0,205,205,7,0,0,0,0,0,0,5,2,0
360.092,1,21173248,windows,0,205,205,7,0,0,0,0,0,0,5,2,0
360.345,1,21187584,windows,0,205,205,7,0,0,0,0,0,0,5,2,0
360.347,0,22383616,windows,0,205,205,7,0,0,0,0,0,0,5,2,0
360.595,1,21200896,windows,0,205,205,7,0,0,0,0,0,0,5,2,0
360.599,0,22395904,windows,0,205,205,7,0,0,0,0,0,0,5,2,0
360.854,0,22409216,windows,0,205,205,7,0,0,0,0,0,0,5,2,0
360.855,1,21215232,windows,0,205,205,7,0,0,0,0,0,0,5,2,0
361.109,0,22422528,windows,0,205,205,7,0,0,0,0,0,0,5,2,0
361.118,1,21230592,windows,0,205,205,7,0,0,0,0,0,0,5,2,0
361.367,0,22435840,windows,0,205,205,7,0,0,0,0,0,0,5,2,0
361.374,1,21244928,repair,0,205,205,7,0,0,0,0,0,0,5,2,0
361.63,1,21259264,repair,0,205,205,7,0,0,0,0,0,0,5,2,0
361.633,0,22450176,windows,0,205,205,7,0,0,0,0,0,0,5,2,0
361.886,1,21273600,repair,0,205,205,7,0,0,0,0,0,0,5,2,0
361.897,0,22464512,windows,0,205,205,7,0,0,0,0,0,0,5,2,0
362.143,1,21286912,repair,0,205,205,7,0,0,0,0,0,0,5,2,0
362.151,0,22478848,windows,0,205,205,7,0,0,0,0,0,0,5,2,0
362.398,1,21299200,windows,0,205,205,7,0,0,0,0,0,0,5,2,0
362.411,0,22492160,windows,0,205,205,7,0,0,0,0,0,0,5,2,0
362.666,1,21313536,windows,0,205,205,7,0,0,0,0,0,0,5,2,0
362.671,0,22506496,windows,0,205,205,7,0,0,0,0,0,0,5,2,0
362.917,1,21326848,windows,0,205,205,7,0,0,0,0,0,0,5,2,0
362.939,0,22520832,windows,0,205,205,7,0,0,0,0,0,0,5,2,0
363.182,1,21341184,windows,0,205,205,7,0,0,0,0,0,0,5,2,0
363.201,0,22535168,windows,0,205,205,7,0,0,0,0,0,0,5,2,0
363.432,1,21354496,windows,0,205,205,7,0,0,0,0,0,0,5,2,0
363.459,0,22548480,windows,0,205,205,7,0,0,0,0,0,0,5,2,0
363.697,1,21367808,windows,0,205,205,7,0,0,0,0,0,0,5,2,0
363.722,0,22561792,windows,0,205,205,7,0,0,0,0,0,0,5,2,0
363.947,1,21381120,windows,0,205,205,7,0,0,0,0,0,0,5,2,0
363.981,0,22577152,windows,0,205,205,7,0,0,0,0,0,0,5,2,0
364.199,1,21394432,windows,0,205,205,7,0,0,0,0,0,0,5,2,0
364.244,0,22592512,windows,0,205,205,7,0,0,0,0,0,0,5,2,0
364.458,1,21407744,windows,0,205,205,7,0,0,0,0,0,0,5,2,0
364.505,0,22606848,windows,0,205,205,7,0,0,0,0,0,0,5,2,0
364.712,1,21421056,windows,0,205,205,7,0,0,0,0,0,0,5,2,0
364.758,0,22622208,windows,0,205,205,7,0,0,0,0,0,0,5,2,0
364.976,1,21435392,windows,0,205,205,7,0,0,0,0,0,0,5,2,0
365.025,0,22637568,windows,0,205,205,7,0,0,0,0,0,0,5,2,0
365.235,1,21449728,windows,0,205,205,7,0,0,0,0,0,0,5,2,0
365.306,0,22652928,repair,0,205,205,7,0,0,0,0,0,0,5,2,0
365.498,1,21464064,windows,0,205,205,7,0,0,0,0,0,0,5,2,0
365.563,0,22667264,repair,0,205,205,7,0,0,0,0,0,0,5,2,0
365.763,1,21478400,windows,0,205,205,7,0,0,0,0,0,0,5,2,0
365.829,0,22682624,repair,0,205,205,7,0,0,0,0,0,0,5,2,0
366.028,1,21492736,windows,0,205,205,7,0,0,0,0,0,0,5,2,0
366.081,0,22696960,windows,0,205,205,7,0,0,0,0,0,0,5,2,0
366.293,1,21507072,windows,0,205,205,7,0,0,0,0,0,0,5,2,0
366.348,0,22710272,windows,0,205,205,7,0,0,0,0,0,0,5,2,0
366.552,1,21522432,windows,0,205,205,7,0,0,0,0,0,0,5,2,0
366.615,0,22723584,windows,0,205,205,7,0,0,0,0,0,0,5,2,0
366.812,1,21537792,windows,0,205,205,7,0,0,0,0,0,0,5,2,0
366.87,0,22736896,windows,0,205,205,7,0,0,0,0,0,0,5,2,0
367.082,1,21553152,windows,0,205,205,7,0,0,0,0,0,0,5,2,0
367.131,0,22750208,windows,0,205,205,7,0,0,0,0,0,0,5,2,0
367.346,1,21568512,windows,0,205,205,7,0,0,0,0,0,0,5,2,0
367.383,0,22762496,windows,0,205,205,7,0,0,0,0,0,0,5,2,0
367.607,1,21580800,windows,0,205,205,7,0,0,0,0,0,0,5,2,0
367.635,0,22774784,windows,0,205,205,7,0,0,0,0,0,0,5,2,0
367.868,1,21597184,windows,0,205,205,7,0,0,0,0,0,0,5,2,0
367.89,0,22788096,windows,0,205,205,7,0,0,0,0,0,0,5,2,0
368.128,1,21614592,windows,0,205,205,7,0,0,0,0,0,0,5,2,0
368.154,0,22801408,windows,0,205,205,7,0,0,0,0,0,0,5,2,0
368.387,1,21632000,windows,0,205,205,7,0,0,0,0,0,0,5,2,0
368.408,0,22814720,windows,0,205,205,7,0,0,0,0,0,0,5,2,0
368.639,1,21647360,windows,0,205,205,7,0,0,0,0,0,0,5,2,0
368.662,0,22827008,windows,0,205,205,7,0,0,0,0,0,0,5,2,0
368.894,1,21661696,repair,0,205,205,7,0,0,0,0,0,0,5,2,0
368.922,0,22839296,windows,0,205,205,7,0,0,0,0,0,0,5,2,0
369.159,1,21679104,windows,0,205,205,7,0,0,0,0,0,0,5,2,0
369.186,0,22853632,windows,0,205,205,7,0,0,0,0,0,0,5,2,0
369.421,1,21695488,windows,0,205,205,7,0,0,0,0,0,0,5,2,0
369.439,0,22867968,windows,0,205,205,7,0,0,0,0,0,0,5,2,0
369.678,1,21711872,windows,0,205,205,7,0,0,0,0,0,0,5,2,0
369.703,0,22883328,windows,0,205,205,7,0,0,0,0,0,0,5,2,0
369.942,1,21728256,windows,0,205,205,7,0,0,0,0,0,0,5,2,0
369.961,0,22897664,windows,0,205,205,7,0,0,0,0,0,0,5,2,0
370.203,1,21745664,windows,0,205,205,7,0,0,0,0,0,0,5,2,0
370.216,0,22913024,windows,0,205,205,7,0,0,0,0,0,0,5,2,0
370.465,1,21762048,windows,0,205,205,7,0,0,0,0,0,0,5,2,0
370.467,0,22927360,windows,0,205,205,7,0,0,0,0,0,0,5,2,0
370.717,1,21777408,windows,0,205,205,7,0,0,0,0,0,0,5,2,0
370.72,0,22940672,windows,0,205,205,7,0,0,0,0,0,0,5,2,0
370.972,1,21791744,windows,0,205,205,7,0,0,0,0,0,0,5,2,0
370.979,0,22953984,windows,0,205,205,7,0,0,0,0,0,0,5,2,0
371.229,1,21807104,windows,0,205,205,7,0,0,0,0,0,0,5,2,0
371.248,0,22966272,windows,0,205,205,7,0,0,0,0,0,0,5,2,0
371.482,1,21822464,windows,0,205,205,7,0,0,0,0,0,0,5,2,0
371.511,0,22979584,windows,0,205,205,7,0,0,0,0,0,0,5,2,0
371.744,1,21837824,windows,0,205,205,7,0,0,0,0,0,0,5,2,0
371.766,0,22992896,windows,0,205,205,7,0,0,0,0,0,0,5,2,0
372.001,1,21852160,windows,0,205,205,7,0,0,0,0,0,0,5,2,0
372.021,0,23007232,windows,0,205,205,7,0,0,0,0,0,0,5,2,0
372.251,1,21866496,windows,0,205,205,7,0,0,0,0,0,0,5,2,0
372.279,0,23022592,windows,0,205,205,7,0,0,0,0,0,0,5,2,0
372.512,1,21882880,windows,0,205,205,7,0,0,0,0,0,0,5,2,0
372.536,0,23035904,windows,0,205,205,7,0,0,0,0,0,0,5,2,0
372.769,1,21899264,windows,0,205,205,7,0,0,0,0,0,0,5,2,0
372.796,0,23053312,windows,0,205,205,7,0,0,0,0,0,0,5,2,0
373.028,1,21916672,windows,0,205,205,7,0,0,0,0,0,0,5,2,0
373.057,0,23069696,repair,0,205,205,7,0,0,0,0,0,0,5,2,0
373.285,1,21934080,windows,0,205,205,7,0,0,0,0,0,0,5,2,0
373.32,0,23086080,windows,0,205,205,7,0,0,0,0,0,0,5,2,0
373.539,1,21950464,windows,0,205,205,7,0,0,0,0,0,0,5,2,0
373.587,0,23101440,windows,0,205,205,7,0,0,0,0,0,0,5,2,0
373.8,1,21966848,repair,0,205,205,7,0,0,0,0,0,0,5,2,0
373.846,0,23116800,windows,0,205,205,7,0,0,0,0,0,0,5,2,0
374.057,1,21985280,repair,0,205,205,7,0,0,0,0,0,0,5,2,0
374.113,0,23132160,windows,0,205,205,7,0,0,0,0,0,0,5,2,0
374.316,1,22004736,repair,0,205,205,7,0,0,0,0,0,0,5,2,0
374.366,0,23146496,windows,0,205,205,7,0,0,0,0,0,0,5,2,0
374.578,1,22021120,windows,0,205,205,7,0,0,0,0,0,0,5,2,0
374.622,0,23160832,windows,0,205,205,7,0,0,0,0,0,0,5,2,0
374.836,1,22038528,windows,0,205,205,7,0,0,0,0,0,0,5,2,0
374.883,0,23176192,windows,0,205,205,7,0,0,0,0,0,0,5,2,0
375.099,1,22056960,windows,0,205,205,7,0,0,0,0,0,0,5,2,0
375.139,0,23190528,windows,0,205,205,7,0,0,0,0,0,0,5,2,0
375.352,1,22074368,windows,0,205,205,7,0,0,0,0,0,0,5,2,0
375.402,0,23204864,windows,0,205,205,7,0,0,0,0,0,0,5,2,0
375.617,1,22090752,windows,0,205,205,7,0,0,0,0,0,0,5,2,0
375.653,0,23219200,windows,0,205,205,7,0,0,0,0,0,0,5,2,0
375.868,1,22105088,windows,0,205,205,7,0,0,0,0,0,0,5,2,0
375.912,0,23236608,windows,0,205,205,7,0,0,0,0,0,0,5,2,0
376.129,1,22121472,windows,0,205,205,7,0,0,0,0,0,0,5,2,0
376.168,0,23254016,windows,0,205,205,7,0,0,0,0,0,0,5,2,0
376.382,1,22136832,windows,0,205,205,7,0,0,0,0,0,0,5,2,0
376.421,0,23269376,windows,0,205,205,7,0,0,0,0,0,0,5,2,0
376.645,1,22153216,windows,0,205,205,7,0,0,0,0,0,0,5,2,0
376.678,0,23284736,windows,0,205,205,7,0,0,0,0,0,0,5,2,0
376.896,1,22169600,windows,0,205,205,7,0,0,0,0,0,0,5,2,0
376.941,0,23301120,windows,0,205,205,7,0,0,0,0,0,0,5,2,0
377.161,1,22185984,windows,0,205,205,7,0,0,0,0,0,0,5,2,0
377.197,0,23317504,windows,0,205,205,7,0,0,0,0,0,0,5,2,0
377.411,1,22199296,windows,0,205,205,7,0,0,0,0,0,0,5,2,0
377.46,0,23332864,windows,0,205,205,7,0,0,0,0,0,0,5,2,0
377.678,1,22214656,windows,0,205,205,7,0,0,0,0,0,0,5,2,0
377.717,0,23349248,windows,0,205,205,7,0,0,0,0,0,0,5,2,0
377.943,1,22230016,windows,0,205,205,7,0,0,0,0,0,0,5,2,0
377.97,0,23365632,windows,0,205,205,7,0,0,0,0,0,0,5,2,0
378.212,1,22245376,windows,0,205,205,7,0,0,0,0,0,0,5,2,0
378.228,0,23382016,windows,0,205,205,7,0,0,0,0,0,0,5,2,0
378.465,1,22259712,windows,0,205,205,7,0,0,0,0,0,0,5,2,0
378.493,0,23397376,windows,0,205,205,7,0,0,0,0,0,0,5,2,0
378.726,1,22275072,windows,0,205,205,7,0,0,0,0,0,0,5,2,0
378.751,0,23411712,repair,0,205,205,7,0,0,0,0,0,0,5,2,0
378.98,1,22290432,windows,0,205,205,7,0,0,0,0,0,0,5,2,0
379.016,0,23428096,windows,0,205,205,7,0,0,0,0,0,0,5,2,0
379.237,1,22305792,windows,0,205,205,7,0,0,0,0,0,0,5,2,0
379.281,0,23443456,windows,0,205,205,7,0,0,0,0,0,0,5,2,0
379.493,1,22321152,windows,0,205,205,7,0,0,0,0,0,0,5,2,0
379.55,0,23457792,windows,0,205,205,7,0,0,0,0,0,0,5,2,0
379.745,1,22336512,windows,0,205,205,7,0,0,0,0,0,0,5,2,0
379.807,0,23472128,windows,0,205,205,7,0,0,0,0,0,0,5,2,0
379.997,1,22352896,windows,0,205,205,7,0,0,0,0,0,0,5,2,0
380.062,0,23486464,windows,0,205,205,7,0,0,0,0,0,0,5,2,0
380.251,1,22369280,windows,0,205,205,7,0,0,0,0,0,0,5,2,0
380.317,0,23499776,windows,0,205,205,7,0,0,0,0,0,0,5,2,0
380.513,1,22386688,windows,0,205,205,7,0,0,0,0,0,0,5,2,0
380.57,0,23513088,windows,0,205,205,7,0,0,0,0,0,0,5,2,0
380.767,1,22404096,windows,0,205,205,7,0,0,0,0,0,0,5,2,0
380.834,0,23527424,windows,0,205,205,7,0,0,0,0,0,0,5,2,0
381.035,1,22420480,windows,0,205,205,7,0,0,0,0,0,0,5,2,0
381.085,0,23541760,windows,0,205,205,7,0,0,0,0,0,0,5,2,0
381.289,1,22432768,windows,0,205,205,7,0,0,0,0,0,0,5,2,0
381.336,0,23558144,windows,0,205,205,7,0,0,0,0,0,0,5,2,0
381.546,1,22447104,windows,0,205,205,7,0,0,0,0,0,0,5,2,0
381.597,0,23574528,windows,0,205,205,7,0,0,0,0,0,0,5,2,0
381.798,1,22460416,windows,0,205,205,7,0,0,0,0,0,0,5,2,0
381.854,0,23591936,windows,0,205,205,7,0,0,0,0,0,0,5,2,0
382.063,1,22475776,windows,0,205,205,7,0,0,0,0,0,0,5,2,0
382.121,0,23607296,windows,0,205,205,7,0,0,0,0,0,0,5,2,0
382.319,1,22491136,windows,0,205,205,7,0,0,0,0,0,0,5,2,0
382.383,0,23621632,windows,0,205,205,7,0,0,0,0,0,0,5,2,0
382.581,1,22506496,windows,0,205,205,7,0,0,0,0,0,0,5,2,0
382.642,0,23635968,windows,0,205,205,7,0,0,0,0,0,0,5,2,0
382.838,1,22520832,repair,0,205,205,7,0,0,0,0,0,0,5,2,0
382.895,0,23650304,windows,0,205,205,7,0,0,0,0,0,0,5,2,0
383.096,1,22535168,repair,0,205,205,7,0,0,0,0,0,0,5,2,0
383.155,0,23664640,windows,0,205,205,7,0,0,0,0,0,0,5,2,0
383.359,1,22549504,windows,0,205,205,7,0,0,0,0,0,0,5,2,0
383.41,0,23678976,windows,0,205,205,7,0,0,0,0,0,0,5,2,0
383.624,1,22563840,windows,0,205,205,7,0,0,0,0,0,0,5,2,0
383.673,0,23693312,windows,0,205,205,7,0,0,0,0,0,0,5,2,0
383.883,1,22577152,windows,0,205,205,7,0,0,0,0,0,0,5,2,0
383.933,0,23709696,windows,0,205,205,7,0,0,0,0,0,0,5,2,0
384.136,1,22590464,windows,0,205,205,7,0,0,0,0,0,0,5,2,0
384.195,0,23728128,repair,0,205,205,7,0,0,0,0,0,0,5,2,0
384.387,1,22602752,windows,0,205,205,7,0,0,0,0,0,0,5,2,0
384.449,0,23746560,repair,0,205,205,7,0,0,0,0,0,0,5,2,0
384.649,1,22616064,windows,0,205,205,7,0,0,0,0,0,0,5,2,0
384.711,0,23763968,windows,0,205,205,7,0,0,0,0,0,0,5,2,0
384.911,1,22629376,windows,0,205,205,7,0,0,0,0,0,0,5,2,0
384.963,0,23779328,windows,0,205,205,7,0,0,0,0,0,0,5,2,0
385.18,1,22642688,windows,0,205,205,7,0,0,0,0,0,0,5,2,0
385.229,0,23793664,windows,0,205,205,7,0,0,0,0,0,0,5,2,0
385.444,1,22656000,windows,0,205,205,7,0,0,0,0,0,0,5,2,0
385.487,0,23806976,windows,0,205,205,7,0,0,0,0,0,0,5,2,0
385.701,1,22669312,windows,0,205,205,7,0,0,0,0,0,0,5,2,0
385.738,0,23820288,windows,0,205,205,7,0,0,0,0,0,0,5,2,0
385.96,1,22682624,windows,0,205,205,7,0,0,0,0,0,0,5,2,0
386.001,0,23834624,windows,0,205,205,7,0,0,0,0,0,0,5,2,0
386.217,1,22694912,windows,0,205,205,7,0,0,0,0,0,0,5,2,0
386.251,0,23846912,windows,0,205,205,7,0,0,0,0,0,0,5,2,0
386.487,1,22709248,windows,0,205,205,7,0,0,0,0,0,0,5,2,0
386.511,0,23860224,windows,0,205,205,7,0,0,0,0,0,0,5,2,0
386.748,1,22724608,windows,0,205,205,7,0,0,0,0,0,0,5,2,0
386.779,0,23874560,windows,0,205,205,7,0,0,0,0,0,0,5,2,0
387.015,1,22738944,windows,0,205,205,7,0,0,0,0,0,0,5,2,0
387.031,0,23887872,windows,0,205,205,7,0,0,0,0,0,0,5,2,0
387.272,1,22753280,windows,0,205,205,7,0,0,0,0,0,0,5,2,0
387.3,0,23901184,windows,0,205,205,7,0,0,0,0,0,0,5,2,0
387.522,1,22767616,windows,0,205,205,7,0,0,0,0,0,0,5,2,0
387.564,0,23914496,windows,0,205,205,7,0,0,0,0,0,0,5,2,0
387.785,1,22782976,windows,0,205,205,7,0,0,0,0,0,0,5,2,0
387.821,0,23926784,windows,0,205,205,7,0,0,0,0,0,0,5,2,0
388.036,1,22797312,windows,0,205,205,7,0,0,0,0,0,0,5,2,0
388.079,0,23941120,windows,0,205,205,7,0,0,0,0,0,0,5,2,0
388.287,1,22812672,windows,0,205,205,7,0,0,0,0,0,0,5,2,0
388.337,0,23954432,windows,0,205,205,7,0,0,0,0,0,0,5,2,0
388.545,1,22828032,windows,0,205,205,7,0,0,0,0,0,0,5,2,0
388.598,0,23967744,windows,0,205,205,7,0,0,0,0,0,0,5,2,0
388.807,1,22843392,windows,0,205,205,7,0,0,0,0,0,0,5,2,0
388.85,0,23982080,windows,0,205,205,7,0,0,0,0,0,0,5,2,0
389.064,1,22858752,repair,0,205,205,7,0,0,0,0,0,0,5,2,0
389.107,0,23997440,windows,0,205,205,7,0,0,0,0,0,0,5,2,0
389.326,1,22875136,repair,0,205,205,7,0,0,0,0,0,0,5,2,0
389.364,0,24010752,windows,0,205,205,7,0,0,0,0,0,0,5,2,0
389.584,1,22892544,repair,0,205,205,7,0,0,0,0,0,0,5,2,0
389.63,0,24024064,windows,0,205,205,7,0,0,0,0,0,0,5,2,0
389.838,1,22909952,repair,0,205,205,7,0,0,0,0,0,0,5,2,0
389.884,0,24037376,windows,0,205,205,7,0,0,0,0,0,0,5,2,0
390.105,1,22926336,repair,0,205,205,7,0,0,0,0,0,0,5,2,0
390.136,0,24053760,windows,0,205,205,7,0,0,0,0,0,0,5,2,0
390.372,1,22940672,windows,0,205,205,7,0,0,0,0,0,0,5,2,0
390.393,0,24070144,windows,0,205,205,7,0,0,0,0,0,0,5,2,0
390.626,1,22955008,windows,0,205,205,7,0,0,0,0,0,0,5,2,0
390.656,0,24086528,windows,0,205,205,7,0,0,0,0,0,0,5,2,0
390.877,1,22968320,windows,0,205,205,7,0,0,0,0,0,0,5,2,0
390.926,0,24102912,windows,0,205,205,7,0,0,0,0,0,0,5,2,0
391.135,1,22983680,windows,0,205,205,7,0,0,0,0,0,0,5,2,0
391.179,0,24115200,windows,0,205,205,7,0,0,0,0,0,0,5,2,0
391.395,1,22999040,windows,0,205,205,7,0,0,0,0,0,0,5,2,0
391.438,0,24128512,windows,0,205,205,7,0,0,0,0,0,0,5,2,0
391.662,1,23014400,windows,0,205,205,7,0,0,0,0,0,0,5,2,0
391.699,0,24142848,windows,0,205,205,7,0,0,0,0,0,0,5,2,0
391.931,1,23029760,windows,0,205,205,7,0,0,0,0,0,0,5,2,0
391.962,0,24157184,windows,0,205,205,7,0,0,0,0,0,0,5,2,0
392.192,1,23045120,windows,0,205,205,7,0,0,0,0,0,0,5,2,0
392.22,0,24168448,windows,0,205,205,7,0,0,0,0,0,0,5,2,0
392.443,1,23059456,windows,0,205,205,7,0,0,0,0,0,0,5,2,0
392.485,0,24180736,windows,0,205,205,7,0,0,0,0,0,0,5,2,0
392.698,1,23073792,windows,0,205,205,7,0,0,0,0,0,0,5,2,0
392.737,0,24194048,windows,0,205,205,7,0,0,0,0,0,0,5,2,0
392.958,1,23089152,windows,0,205,205,7,0,0,0,0,0,0,5,2,0
392.988,0,24208384,repair,0,205,205,7,0,0,0,0,0,0,5,2,0
393.224,1,23102464,windows,0,205,205,7,0,0,0,0,0,0,5,2,0
393.25,0,24223744,repair,0,205,205,7,0,0,0,0,0,0,5,2,0
393.475,1,23114752,windows,0,205,205,7,0,0,0,0,0,0,5,2,0
393.516,0,24239104,repair,0,205,205,7,0,0,0,0,0,0,5,2,0
393.741,1,23126016,windows,0,205,205,7,0,0,0,0,0,0,5,2,0
393.774,0,24252416,windows,0,205,205,7,0,0,0,0,0,0,5,2,0
394.009,1,23139328,windows,0,205,205,7,0,0,0,0,0,0,5,2,0
394.039,0,24265728,windows,0,205,205,7,0,0,0,0,0,0,5,2,0
394.264,1,23155712,windows,0,205,205,7,0,0,0,0,0,0,5,2,0
394.311,0,24280064,windows,0,205,205,7,0,0,0,0,0,0,5,2,0
394.518,1,23171072,windows,0,205,205,7,0,0,0,0,0,0,5,2,0
394.563,0,24294400,windows,0,205,205,7,0,0,0,0,0,0,5,2,0
394.783,1,23187456,windows,0,205,205,7,0,0,0,0,0,0,5,2,0
394.819,0,24310784,windows,0,205,205,7,0,0,0,0,0,0,5,2,0
395.033,1,23203840,windows,0,205,205,7,0,0,0,0,0,0,5,2,0
395.083,0,24327168,windows,0,205,205,7,0,0,0,0,0,0,5,2,0
395.299,1,23220224,windows,0,205,205,7,0,0,0,0,0,0,5,2,0
395.347,0,24342528,windows,0,205,205,7,0,0,0,0,0,0,5,2,0
395.554,1,23234560,windows,0,205,205,7,0,0,0,0,0,0,5,2,0
395.611,0,24357888,windows,0,205,205,7,0,0,0,0,0,0,5,2,0
395.819,1,23248896,windows,0,205,205,7,0,0,0,0,0,0,5,2,0
395.865,0,24371200,windows,0,205,205,7,0,0,0,0,0,0,5,2,0
396.081,1,23264256,windows,0,205,205,7,0,0,0,0,0,0,5,2,0
396.128,0,24385536,windows,0,205,205,7,0,0,0,0,0,0,5,2,0
396.337,1,23278592,windows,0,205,205,7,0,0,0,0,0,0,5,2,0
396.39,0,24398848,windows,0,205,205,7,0,0,0,0,0,0,5,2,0
396.6,1,23292928,windows,0,205,205,7,0,0,0,0,0,0,5,2,0
396.656,0,24413184,windows,0,205,205,7,0,0,0,0,0,0,5,2,0
396.86,1,23306240,windows,0,205,205,7,0,0,0,0,0,0,5,2,0
396.91,0,24426496,windows,0,205,205,7,0,0,0,0,0,0,5,2,0
397.12,1,23320576,windows,0,205,205,7,0,0,0,0,0,0,5,2,0
397.172,0,24440832,windows,0,205,205,7,0,0,0,0,0,0,5,2,0
397.37,1,23333888,windows,0,205,205,7,0,0,0,0,0,0,5,2,0
397.437,0,24454144,windows,0,205,205,7,0,0,0,0,0,0,5,2,0
397.621,1,23347200,windows,0,205,205,7,0,0,0,0,0,0,5,2,0
397.694,0,24468480,windows,0,205,205,7,0,0,0,0,0,0,5,2,0
397.88,1,23360512,windows,0,205,205,7,0,0,0,0,0,0,5,2,0
397.944,0,24481792,windows,0,205,205,7,0,0,0,0,0,0,5,2,0
398.136,1,23375872,windows,0,205,205,7,0,0,0,0,0,0,5,2,0
398.194,0,24495104,windows,0,205,205,7,0,0,0,0,0,0,5,2,0
398.395,1,23391232,windows,0,205,205,7,0,0,0,0,0,0,5,2,0
398.454,0,24508416,windows,0,205,205,7,0,0,0,0,0,0,5,2,0
398.66,1,23405568,windows,0,205,205,7,0,0,0,0,0,0,5,2,0
398.711,0,24522752,windows,0,205,205,7,0,0,0,0,0,0,5,2,0
398.924,1,23419904,windows,0,205,205,7,0,0,0,0,0,0,5,2,0
398.975,0,24538112,windows,0,205,205,7,0,0,0,0,0,0,5,2,0
399.181,1,23434240,repair,0,205,205,7,0,0,0,0,0,0,5,2,0
399.239,0,24553472,windows,0,205,205,7,0,0,0,0,0,0,5,2,0
399.435,1,23449600,repair,0,205,205,7,0,0,0,0,0,0,5,2,0
399.501,0,24567808,windows,0,205,205,7,0,0,0,0,0,0,5,2,0
399.691,1,23463936,windows,0,205,205,7,0,0,0,0,0,0,5,2,0
399.759,0,24582144,windows,0,205,205,7,0,0,0,0,0,0,5,2,0
399.943,1,23477248,windows,0,205,205,7,0,0,0,0,0,0,5,2,0
400.018,0,24596480,windows,0,205,205,7,0,0,0,0,0,0,5,2,0
400.196,1,23490560,windows,0,205,205,7,0,0,0,0,0,0,5,2,0
400.269,0,24610816,windows,0,205,205,7,0,0,0,0,0,0,5,2,0
400.457,1,23506944,windows,0,205,205,7,0,0,0,0,0,0,5,2,0
400.536,0,24624128,windows,0,205,205,7,0,0,0,0,0,0,5,2,0
400.728,1,23523328,windows,0,205,205,7,0,0,0,0,0,0,5,2,0
400.793,0,24639488,windows,0,205,205,7,0,0,0,0,0,0,5,2,0
400.98,1,23539712,windows,0,205,205,7,0,0,0,0,0,0,5,2,0
401.056,0,24654848,windows,0,205,205,7,0,0,0,0,0,0,5,2,0
401.24,1,23557120,windows,0,205,205,7,0,0,0,0,0,0,5,2,0
401.319,0,24670208,windows,0,205,205,7,0,0,0,0,0,0,5,2,0
401.493,1,23572480,windows,0,205,205,7,0,0,0,0,0,0,5,2,0
401.58,0,24684544,windows,0,205,205,7,0,0,0,0,0,0,5,2,0
401.746,1,23588864,windows,0,205,205,7,0,0,0,0,0,0,5,2,0
401.841,0,24699904,windows,0,205,205,7,0,0,0,0,0,0,5,2,0
402.005,1,23605248,windows,0,205,205,7,0,0,0,0,0,0,5,2,0
402.093,0,24714240,repair,0,205,205,7,0,0,0,0,0,0,5,2,0
402.266,1,23622656,windows,0,205,205,7,0,0,0,0,0,0,5,2,0
402.347,0,24729600,repair,0,205,205,7,0,0,0,0,0,0,5,2,0
402.531,1,23639040,windows,0,205,205,7,0,0,0,0,0,0,5,2,0
402.599,0,24744960,repair,0,205,205,7,0,0,0,0,0,0,5,2,0
402.781,1,23655424,windows,0,205,205,7,0,0,0,0,0,0,5,2,0
402.854,0,24760320,windows,0,205,205,7,0,0,0,0,0,0,5,2,0
403.038,1,23671808,windows,0,205,205,7,0,0,0,0,0,0,5,2,0
403.113,0,24775680,windows,0,205,205,7,0,0,0,0,0,0,5,2,0
403.301,1,23689216,windows,0,205,205,7,0,0,0,0,0,0,5,2,0
403.37,0,24792064,windows,0,205,205,7,0,0,0,0,0,0,5,2,0
403.562,1,23705600,windows,0,205,205,7,0,0,0,0,0,0,5,2,0
403.621,0,24807424,windows,0,205,205,7,0,0,0,0,0,0,5,2,0
403.818,1,23723008,windows,0,205,205,7,0,0,0,0,0,0,5,2,0
403.889,0,24824832,windows,0,205,205,7,0,0,0,0,0,0,5,2,0
404.081,1,23740416,windows,0,205,205,7,0,0,0,0,0,0,5,2,0
404.145,0,24840192,windows,0,205,205,7,0,0,0,0,0,0,5,2,0
404.337,1,23755776,windows,0,205,205,7,0,0,0,0,0,0,5,2,0
404.401,0,24855552,windows,0,205,205,7,0,0,0,0,0,0,5,2,0
404.601,1,23772160,windows,0,205,205,7,0,0,0,0,0,0,5,2,0
404.664,0,24871936,windows,0,205,205,7,0,0,0,0,0,0,5,2,0
404.863,1,23788544,windows,0,205,205,7,0,0,0,0,0,0,5,2,0
404.919,0,24888320,windows,0,205,205,7,0,0,0,0,0,0,5,2,0
405.125,1,23803904,windows,0,205,205,7,0,0,0,0,0,0,5,2,0
405.176,0,24903680,windows,0,205,205,7,0,0,0,0,0,0,5,2,0
405.38,1,23818240,windows,0,205,205,7,0,0,0,0,0,0,5,2,0
405.43,0,24918016,windows,0,205,205,7,0,0,0,0,0,0,5,2,0
405.638,1,23834624,windows,0,205,205,7,0,0,0,0,0,0,5,2,0
405.692,0,24934400,windows,0,205,205,7,0,0,0,0,0,0,5,2,0
405.898,1,23847936,repair,0,205,205,7,0,0,0,0,0,0,5,2,0
405.953,0,24950784,windows,0,205,205,7,0,0,0,0,0,0,5,2,0
406.159,1,23861248,repair,0,205,205,7,0,0,0,0,0,0,5,2,0
406.217,0,24966144,windows,0,205,205,7,0,0,0,0,0,0,5,2,0
406.416,1,23874560,windows,0,205,205,7,0,0,0,0,0,0,5,2,0
406.48,0,24982528,windows,0,205,205,7,0,0,0,0,0,0,5,2,0
406.672,1,23888896,windows,0,205,205,7,0,0,0,0,0,0,5,2,0
406.739,0,24998912,windows,0,205,205,7,0,0,0,0,0,0,5,2,0
406.943,1,23904256,windows,0,205,205,7,0,0,0,0,0,0,5,2,0
407.001,0,25016320,windows,0,205,205,7,0,0,0,0,0,0,5,2,0
407.204,1,23917568,windows,0,205,205,7,0,0,0,0,0,0,5,2,0
407.257,0,25032704,windows,0,205,205,7,0,0,0,0,0,0,5,2,0
407.474,1,23930880,windows,0,205,205,7,0,0,0,0,0,0,5,2,0
407.509,0,25047040,windows,0,205,205,7,0,0,0,0,0,0,5,2,0
407.73,1,23945216,windows,0,205,205,7,0,0,0,0,0,0,5,2,0
407.764,0,25062400,windows,0,205,205,7,0,0,0,0,0,0,5,2,0
407.982,1,23959552,windows,0,205,205,7,0,0,0,0,0,0,5,2,0
408.017,0,25076736,windows,0,205,205,7,0,0,0,0,0,0,5,2,0
408.239,1,23974912,windows,0,205,205,7,0,0,0,0,0,0,5,2,0
408.272,0,25091072,windows,0,205,205,7,0,0,0,0,0,0,5,2,0
408.494,1,23989248,windows,0,205,205,7,0,0,0,0,0,0,5,2,0
408.537,0,25105408,windows,0,205,205,7,0,0,0,0,0,0,5,2,0
408.757,1,24004608,windows,0,205,205,7,0,0,0,0,0,0,5,2,0
408.798,0,25119744,windows,0,205,205,7,0,0,0,0,0,0,5,2,0
409.011,1,24018944,windows,0,205,205,7,0,0,0,0,0,0,5,2,0
409.051,0,25133056,windows,0,205,205,7,0,0,0,0,0,0,5,2,0
409.262,1,24035328,windows,0,205,205,7,0,0,0,0,0,0,5,2,0
409.315,0,25149440,windows,0,205,205,7,0,0,0,0,0,0,5,2,0
409.526,1,24050688,windows,0,205,205,7,0,0,0,0,0,0,5,2,0
409.566,0,25164800,windows,0,205,205,7,0,0,0,0,0,0,5,2,0
409.792,1,24066048,windows,0,205,205,7,0,0,0,0,0,0,5,2,0
409.824,0,25180160,windows,0,205,205,7,0,0,0,0,0,0,5,2,0
410.045,1,24078336,windows,0,205,205,7,0,0,0,0,0,0,5,2,0
410.088,0,25193472,windows,0,205,205,7,0,0,0,0,0,0,5,2,0
410.307,1,24091648,windows,0,205,205,7,0,0,0,0,0,0,5,2,0
410.353,0,25207808,repair,0,205,205,7,0,0,0,0,0,0,5,2,0
410.571,1,24105984,windows,0,205,205,7,0,0,0,0,0,0,5,2,0
410.614,0,25223168,repair,0,205,205,7,0,0,0,0,0,0,5,2,0
410.823,1,24120320,windows,0,205,205,7,0,0,0,0,0,0,5,2,0
410.882,0,25238528,repair,0,205,205,7,0,0,0,0,0,0,5,2,0
411.08,1,24134656,windows,0,205,205,7,0,0,0,0,0,0,5,2,0
411.137,0,25254912,repair,0,205,205,7,0,0,0,0,0,0,5,2,0
411.334,1,24147968,repair,0,205,205,7,0,0,0,0,0,0,5,2,0
411.394,0,25268224,windows,0,205,205,7,0,0,0,0,0,0,5,2,0
411.594,1,24161280,repair,0,205,205,7,0,0,0,0,0,0,5,2,0
411.657,0,25281536,windows,0,205,205,7,0,0,0,0,0,0,5,2,0
411.852,1,24175616,repair,0,205,205,7,0,0,0,0,0,0,5,2,0
411.925,0,25294848,windows,0,205,205,7,0,0,0,0,0,0,5,2,0
412.103,1,24190976,windows,0,205,205,7,0,0,0,0,0,0,5,2,0
412.183,0,25308160,windows,0,205,205,7,0,0,0,0,0,0,5,2,0
412.36,1,24205312,windows,0,205,205,7,0,0,0,0,0,0,5,2,0
412.454,0,25321472,windows,0,205,205,7,0,0,0,0,0,0,5,2,0
412.612,1,24219648,windows,0,205,205,7,0,0,0,0,0,0,5,2,0
412.714,0,25335808,windows,0,205,205,7,0,0,0,0,0,0,5,2,0
412.867,1,24235008,windows,0,205,205,7,0,0,0,0,0,0,5,2,0
412.969,0,25349120,windows,0,205,205,7,0,0,0,0,0,0,5,2,0
413.129,1,24250368,windows,0,205,205,7,0,0,0,0,0,0,5,2,0
413.241,0,25363456,windows,0,205,205,7,0,0,0,0,0,0,5,2,0
413.396,1,24265728,windows,0,205,205,7,0,0,0,0,0,0,5,2,0
413.494,0,25375744,windows,0,205,205,7,0,0,0,0,0,0,5,2,0
413.66,1,24280064,windows,0,205,205,7,0,0,0,0,0,0,5,2,0
413.745,0,25389056,windows,0,205,205,7,0,0,0,0,0,0,5,2,0
413.914,1,24294400,windows,0,205,205,7,0,0,0,0,0,0,5,2,0
414.009,0,25402368,windows,0,205,205,7,0,0,0,0,0,0,5,2,0
414.175,1,24309760,windows,0,205,205,7,0,0,0,0,0,0,5,2,0
414.277,0,25415680,windows,0,205,205,7,0,0,0,0,0,0,5,2,0
414.441,1,24324096,windows,0,205,205,7,0,0,0,0,0,0,5,2,0
414.539,0,25428992,windows,0,205,205,7,0,0,0,0,0,0,5,2,0
414.707,1,24339456,windows,0,205,205,7,0,0,0,0,0,0,5,2,0
414.796,0,25444352,windows,0,205,205,7,0,0,0,0,0,0,5,2,0
414.959,1,24352768,windows,0,205,205,7,0,0,0,0,0,0,5,2,0
415.056,0,25460736,windows,0,205,205,7,0,0,0,0,0,0,5,2,0
415.225,1,24368128,repair,0,205,205,7,0,0,0,0,0,0,5,2,0
415.308,0,25476096,windows,0,205,205,7,0,0,0,0,0,0,5,2,0
415.494,1,24382464,repair,0,205,205,7,0,0,0,0,0,0,5,2,0
415.566,0,25489408,windows,0,205,205,7,0,0,0,0,0,0,5,2,0
415.753,1,24396800,repair,0,205,205,7,0,0,0,0,0,0,5,2,0
415.821,0,25503744,windows,0,205,205,7,0,0,0,0,0,0,5,2,0
416.013,1,24412160,repair,0,205,205,7,0,0,0,0,0,0,5,2,0
416.086,0,25519104,windows,0,205,205,7,0,0,0,0,0,0,5,2,0
416.265,1,24428544,repair,0,205,205,7,0,0,0,0,0,0,5,2,0
416.347,0,25533440,windows,0,205,205,7,0,0,0,0,0,0,5,2,0
416.522,1,24443904,windows,0,205,205,7,0,0,0,0,0,0,5,2,0
416.599,0,25548800,windows,0,205,205,7,0,0,0,0,0,0,5,2,0
416.777,1,24459264,windows,0,205,205,7,0,0,0,0,0,0,5,2,0
416.853,0,25566208,windows,0,205,205,7,0,0,0,0,0,0,5,2,0
417.047,1,24475648,windows,0,205,205,7,0,0,0,0,0,0,5,2,0
417.109,0,25583616,windows,0,205,205,7,0,0,0,0,0,0,5,2,0
417.307,1,24489984,windows,0,205,205,7,0,0,0,0,0,0,5,2,0
417.369,0,25601024,windows,0,205,205,7,0,0,0,0,0,0,5,2,0
417.572,1,24504320,windows,0,205,205,7,0,0,0,0,0,0,5,2,0
417.624,0,25617408,windows,0,205,205,7,0,0,0,0,0,0,5,2,0
417.827,1,24517632,windows,0,205,205,7,0,0,0,0,0,0,5,2,0
417.885,0,25634816,windows,0,205,205,7,0,0,0,0,0,0,5,2,0
418.077,1,24530944,windows,0,205,205,7,0,0,0,0,0,0,5,2,0
418.147,0,25651200,windows,0,205,205,7,0,0,0,0,0,0,5,2,0
418.336,1,24545280,windows,0,205,205,7,0,0,0,0,0,0,5,2,0
418.403,0,25667584,repair,0,205,205,7,0,0,0,0,0,0,5,2,0
418.595,1,24559616,windows,0,205,205,7,0,0,0,0,0,0,5,2,0
418.663,0,25683968,repair,0,205,205,7,0,0,0,0,0,0,5,2,0
418.86,1,24574976,windows,0,205,205,7,0,0,0,0,0,0,5,2,0
418.917,0,25698304,windows,0,205,205,7,0,0,0,0,0,0,5,2,0
419.117,1,24590336,windows,0,205,205,7,0,0,0,0,0,0,5,2,0
419.175,0,25713664,windows,0,205,205,7,0,0,0,0,0,0,5,2,0
419.379,1,24604672,windows,0,205,205,7,0,0,0,0,0,0,5,2,0
419.43,0,25729024,windows,0,205,205,7,0,0,0,0,0,0,5,2,0
419.63,1,24619008,windows,0,205,205,7,0,0,0,0,0,0,5,2,0
419.684,0,25744384,windows,0,205,205,7,0,0,0,0,0,0,5,2,0
419.892,1,24633344,windows,0,205,205,7,0,0,0,0,0,0,5,2,0
419.947,0,25759744,windows,0,205,205,7,0,0,0,0,0,0,5,2,0
420.145,1,24648704,windows,0,205,205,7,0,0,0,0,0,0,5,2,0
420.212,0,25775104,windows,0,205,205,7,0,0,0,0,0,0,5,2,0
420.397,1,24663040,windows,0,205,205,7,0,0,0,0,0,0,5,2,0
420.465,0,25789440,windows,0,205,205,7,0,0,0,0,0,0,5,2,0
420.655,1,24678400,windows,0,205,205,7,0,0,0,0,0,0,5,2,0
420.728,0,25804800,windows,0,205,205,7,0,0,0,0,0,0,5,2,0
420.918,1,24693760,windows,0,205,205,7,0,0,0,0,0,0,5,2,0
420.981,0,25818112,windows,0,205,205,7,0,0,0,0,0,0,5,2,0
421.188,1,24709120,windows,0,205,205,7,0,0,0,0,0,0,5,2,0
421.235,0,25831424,windows,0,205,205,7,0,0,0,0,0,0,5,2,0
421.44,1,24723456,windows,0,205,205,7,0,0,0,0,0,0,5,2,0
421.497,0,25845760,windows,0,205,205,7,0,0,0,0,0,0,5,2,0
421.698,1,24738816,repair,0,205,205,7,0,0,0,0,0,0,5,2,0
421.761,0,25860096,windows,0,205,205,7,0,0,0,0,0,0,5,2,0
421.958,1,24756224,repair,0,205,205,7,0,0,0,0,0,0,5,2,0
422.023,0,25874432,windows,0,205,205,7,0,0,0,0,0,0,5,2,0
422.212,1,24772608,repair,0,205,205,7,0,0,0,0,0,0,5,2,0
422.274,0,25888768,windows,0,205,205,7,0,0,0,0,0,0,5,2,0
422.475,1,24790016,repair,0,205,205,7,0,0,0,0,0,0,5,2,0
422.531,0,25904128,windows,0,205,205,7,0,0,0,0,0,0,5,2,0
422.732,1,24806400,repair,0,205,205,7,0,0,0,0,0,0,5,2,0
422.793,0,25919488,windows,0,205,205,7,0,0,0,0,0,0,5,2,0
422.983,1,24821760,windows,0,205,205,7,0,0,0,0,0,0,5,2,0
423.048,0,25935872,windows,0,205,205,7,0,0,0,0,0,0,5,2,0
423.234,1,24837120,windows,0,205,205,7,0,0,0,0,0,0,5,2,0
423.307,0,25953280,windows,0,205,205,7,0,0,0,0,0,0,5,2,0
423.49,1,24851456,windows,0,205,205,7,0,0,0,0,0,0,5,2,0
423.568,0,25970688,windows,0,205,205,7,0,0,0,0,0,0,5,2,0
423.746,1,24866816,windows,0,205,205,7,0,0,0,0,0,0,5,2,0
423.828,0,25988096,windows,0,205,205,7,0,0,0,0,0,0,5,2,0
424.006,1,24882176,windows,0,205,205,7,0,0,0,0,0,0,5,2,0
424.085,0,26006528,windows,0,205,205,7,0,0,0,0,0,0,5,2,0
424.27,1,24898560,windows,0,205,205,7,0,0,0,0,0,0,5,2,0
424.335,0,26019840,repair,0,205,205,7,0,0,0,0,0,0,5,2,0
424.529,1,24912896,windows,0,205,205,7,0,0,0,0,0,0,5,2,0
424.603,0,26035200,repair,0,205,205,7,0,0,0,0,0,0,5,2,0
424.784,1,24928256,windows,0,205,205,7,0,0,0,0,0,0,5,2,0
424.856,0,26050560,repair,0,205,205,7,0,0,0,0,0,0,5,2,0
425.051,1,24944640,windows,0,205,205,7,0,0,0,0,0,0,5,2,0
425.114,0,26065920,repair,0,205,205,7,0,0,0,0,0,0,5,2,0
425.306,1,24961024,windows,0,205,205,7,0,0,0,0,0,0,5,2,0
425.373,0,26081280,windows,0,205,205,7,0,0,0,0,0,0,5,2,0
425.572,1,24974336,windows,0,205,205,7,0,0,0,0,0,0,5,2,0
425.634,0,26094592,windows,0,205,205,7,0,0,0,0,0,0,5,2,0
425.838,1,24989696,windows,0,205,205,7,0,0,0,0,0,0,5,2,0
425.884,0,26107904,windows,0,205,205,7,0,0,0,0,0,0,5,2,0
426.094,1,25005056,windows,0,205,205,7,0,0,0,0,0,0,5,2,0
426.146,0,26123264,windows,0,205,205,7,0,0,0,0,0,0,5,2,0
426.35,1,25019392,windows,0,205,205,7,0,0,0,0,0,0,5,2,0
426.397,0,26138624,windows,0,205,205,7,0,0,0,0,0,0,5,2,0
426.617,1,25034752,windows,0,205,205,7,0,0,0,0,0,0,5,2,0
426.663,0,26155008,windows,0,205,205,7,0,0,0,0,0,0,5,2,0
426.877,1,25051136,windows,0,205,205,7,0,0,0,0,0,0,5,2,0
426.915,0,26170368,windows,0,205,205,7,0,0,0,0,0,0,5,2,0
427.127,1,25066496,windows,0,205,205,7,0,0,0,0,0,0,5,2,0
427.166,0,26185728,windows,0,205,205,7,0,0,0,0,0,0,5,2,0
427.388,1,25082880,windows,0,205,205,7,0,0,0,0,0,0,5,2,0
427.418,0,26201088,windows,0,205,205,7,0,0,0,0,0,0,5,2,0
427.64,1,25098240,windows,0,205,205,7,0,0,0,0,0,0,5,2,0
427.67,0,26216448,windows,0,205,205,7,0,0,0,0,0,0,5,2,0
427.908,1,25113600,windows,0,205,205,7,0,0,0,0,0,0,5,2,0
427.928,0,26231808,windows,0,205,205,7,0,0,0,0,0,0,5,2,0
428.166,1,25128960,windows,0,205,205,7,0,0,0,0,0,0,5,2,0
428.184,0,26246144,windows,0,205,205,7,0,0,0,0,0,0,5,2,0
428.418,1,25144320,windows,0,205,205,7,0,0,0,0,0,0,5,2,0
428.437,0,26258432,windows,0,205,205,7,0,0,0,0,0,0,5,2,0
428.677,1,25158656,windows,0,205,205,7,0,0,0,0,0,0,5,2,0
428.703,0,26272768,windows,0,205,205,7,0,0,0,0,0,0,5,2,0
428.93,1,25174016,windows,0,205,205,7,0,0,0,0,0,0,5,2,0
428.971,0,26287104,windows,0,205,205,7,0,0,0,0,0,0,5,2,0
429.197,1,25190400,windows,0,205,205,7,0,0,0,0,0,0,5,2,0
429.238,0,26301440,windows,0,205,205,7,0,0,0,0,0,0,5,2,0
429.458,1,25205760,windows,0,205,205,7,0,0,0,0,0,0,5,2,0
429.488,0,26314752,windows,0,205,205,7,0,0,0,0,0,0,5,2,0
429.717,1,25222144,windows,0,205,205,7,0,0,0,0,0,0,5,2,0
429.753,0,26329088,windows,0,205,205,7,0,0,0,0,0,0,5,2,0
429.968,1,25239552,windows,0,205,205,7,0,0,0,0,0,0,5,2,0
430.013,0,26344448,windows,0,205,205,7,0,0,0,0,0,0,5,2,0
430.226,1,25256960,windows,0,205,205,7,0,0,0,0,0,0,5,2,0
430.269,0,26357760,windows,0,205,205,7,0,0,0,0,0,0,5,2,0
430.482,1,25273344,windows,0,205,205,7,0,0,0,0,0,0,5,2,0
430.527,0,26371072,windows,0,205,205,7,0,0,0,0,0,0,5,2,0
430.745,1,25291776,windows,0,205,205,7,0,0,0,0,0,0,5,2,0
430.777,0,26384384,windows,0,205,205,7,0,0,0,0,0,0,5,2,0
431.008,1,25311232,windows,0,205,205,7,0,0,0,0,0,0,5,2,0
431.038,0,26398720,windows,0,205,205,7,0,0,0,0,0,0,5,2,0
431.266,1,25329664,repair,0,205,205,7,0,0,0,0,0,0,5,2,0
431.296,0,26415104,windows,0,205,205,7,0,0,0,0,0,0,5,2,0
431.536,1,25347072,repair,0,205,205,7,0,0,0,0,0,0,5,2,0
431.553,0,26431488,windows,0,205,205,7,0,0,0,0,0,0,5,2,0
431.793,1,25365504,repair,0,205,205,7,0,0,0,0,0,0,5,2,0
431.818,0,26446848,windows,0,205,205,7,0,0,0,0,0,0,5,2,0
432.057,1,25381888,windows,0,205,205,7,0,0,0,0,0,0,5,2,0
432.073,0,26461184,windows,0,205,205,7,0,0,0,0,0,0,5,2,0
432.329,1,25398272,windows,0,205,205,7,0,0,0,0,0,0,5,2,0
432.335,0,26477568,windows,0,205,205,7,0,0,0,0,0,0,5,2,0
432.585,1,25414656,windows,0,205,205,7,0,0,0,0,0,0,5,2,0
432.598,0,26494976,windows,0,205,205,7,0,0,0,0,0,0,5,2,0
432.84,1,25431040,windows,0,205,205,7,0,0,0,0,0,0,5,2,0
432.86,0,26512384,windows,0,205,205,7,0,0,0,0,0,0,5,2,0
433.099,1,25446400,windows,0,205,205,7,0,0,0,0,0,0,5,2,0
433.121,0,26529792,windows,0,205,205,7,0,0,0,0,0,0,5,2,0
433.363,1,25462784,windows,0,205,205,7,0,0,0,0,0,0,5,2,0
433.382,0,26546176,repair,0,205,205,7,0,0,0,0,0,0,5,2,0
433.629,1,25478144,windows,0,205,205,7,0,0,0,0,0,0,5,2,0
433.643,0,26564608,repair,0,205,205,7,0,0,0,0,0,0,5,2,0
433.88,1,25493504,windows,0,205,205,7,0,0,0,0,0,0,5,2,0
433.898,0,26583040,windows,0,205,205,7,0,0,0,0,0,0,5,2,0
434.138,1,25508864,windows,0,205,205,7,0,0,0,0,0,0,5,2,0
434.154,0,26599424,windows,0,205,205,7,0,0,0,0,0,0,5,2,0
434.388,1,25524224,windows,0,205,205,7,0,0,0,0,0,0,5,2,0
434.408,0,26615808,windows,0,205,205,7,0,0,0,0,0,0,5,2,0
434.653,1,25540608,windows,0,205,205,7,0,0,0,0,0,0,5,2,0
434.663,0,26631168,windows,0,205,205,7,0,0,0,0,0,0,5,2,0
434.916,1,25556992,repair,0,205,205,7,0,0,0,0,0,0,5,2,0
434.916,0,26647552,windows,0,205,205,7,0,0,0,0,0,0,5,2,0
435.168,0,26663936,windows,0,205,205,7,0,0,0,0,0,0,5,2,0
435.172,1,25576448,repair,0,205,205,7,0,0,0,0,0,0,5,2,0
435.433,1,25594880,repair,0,205,205,7,0,0,0,0,0,0,5,2,0
435.437,0,26680320,windows,0,205,205,7,0,0,0,0,0,0,5,2,0
435.687,0,26696704,windows,0,205,205,7,0,0,0,0,0,0,5,2,0
435.69,1,25610240,windows,0,205,205,7,0,0,0,0,0,0,5,2,0
435.944,0,26712064,windows,0,205,205,7,0,0,0,0,0,0,5,2,0
435.946,1,25624576,windows,0,205,205,7,0,0,0,0,0,0,5,2,0
436.208,0,26728448,windows,0,205,205,7,0,0,0,0,0,0,5,2,0
436.21,1,25639936,windows,0,205,205,7,0,0,0,0,0,0,5,2,0
436.468,0,26743808,windows,0,205,205,7,0,0,0,0,0,0,5,2,0
436.475,1,25654272,windows,0,205,205,7,0,0,0,0,0,0,5,2,0
436.72,0,26759168,windows,0,205,205,7,0,0,0,0,0,0,5,2,0
436.728,1,25668608,windows,0,205,205,7,0,0,0,0,0,0,5,2,0
436.981,0,26775552,windows,0,205,205,7,0,0,0,0,0,0,5,2,0
436.994,1,25684992,windows,0,205,205,7,0,0,0,0,0,0,5,2,0
437.234,0,26790912,windows,0,205,205,7,0,0,0,0,0,0,5,2,0
437.259,1,25700352,windows,0,205,205,7,0,0,0,0,0,0,5,2,0
437.494,0,26806272,windows,0,205,205,7,0,0,0,0,0,0,5,2,0
437.514,1,25714688,windows,0,205,205,7,0,0,0,0,0,0,5,2,0
437.745,0,26821632,windows,0,205,205,7,0,0,0,0,0,0,5,2,0
437.766,1,25729024,windows,0,205,205,7,0,0,0,0,0,0,5,2,0
437.996,0,26838016,windows,0,205,205,7,0,0,0,0,0,0,5,2,0
438.024,1,25744384,windows,0,205,205,7,0,0,0,0,0,0,5,2,0
438.261,0,26853376,windows,0,205,205,7,0,0,0,0,0,0,5,2,0
438.281,1,25758720,windows,0,205,205,7,0,0,0,0,0,0,5,2,0
438.515,0,26869760,windows,0,205,205,7,0,0,0,0,0,0,5,2,0
438.544,1,25773056,windows,0,205,205,7,0,0,0,0,0,0,5,2,0
438.769,0,26886144,windows,0,205,205,7,0,0,0,0,0,0,5,2,0
438.808,1,25789440,windows,0,205,205,7,0,0,0,0,0,0,5,2,0
439.022,0,26900480,windows,0,205,205,7,0,0,0,0,0,0,5,2,0
439.06,1,25804800,windows,0,205,205,7,0,0,0,0,0,0,5,2,0
439.282,0,26913792,windows,0,205,205,7,0,0,0,0,0,0,5,2,0
439.313,1,25820160,windows,0,205,205,7,0,0,0,0,0,0,5,2,0
439.536,0,26927104,windows,0,205,205,7,0,0,0,0,0,0,5,2,0
439.577,1,25834496,windows,0,205,205,7,0,0,0,0,0,0,5,2,0
439.787,0,26940416,windows,0,205,205,7,0,0,0,0,0,0,5,2,0
439.843,1,25849856,windows,0,205,205,7,0,0,0,0,0,0,5,2,0
440.043,0,26952704,windows,0,205,205,7,0,0,0,0,0,0,5,2,0
440.105,1,25865216,windows,0,205,205,7,0,0,0,0,0,0,5,2,0
440.309,0,26966016,windows,0,205,205,7,0,0,0,0,0,0,5,2,0
440.362,1,25879552,windows,0,205,205,7,0,0,0,0,0,0,5,2,0
440.562,0,26979328,windows,0,205,205,7,0,0,0,0,0,0,5,2,0
440.618,1,25893888,windows,0,205,205,7,0,0,0,0,0,0,5,2,0
440.828,0,26993664,repair,0,205,205,7,0,0,0,0,0,0,5,2,0
440.881,1,25909248,windows,0,205,205,7,0,0,0,0,0,0,5,2,0
441.084,0,27010048,repair,0,205,205,7,0,0,0,0,0,0,5,2,0
441.133,1,25923584,windows,0,205,205,7,0,0,0,0,0,0,5,2,0
441.347,0,27026432,windows,0,205,205,7,0,0,0,0,0,0,5,2,0
441.393,1,25937920,windows,0,205,205,7,0,0,0,0,0,0,5,2,0
441.612,0,27042816,windows,0,205,205,7,0,0,0,0,0,0,5,2,0
441.645,1,25952256,windows,0,205,205,7,0,0,0,0,0,0,5,2,0
441.876,0,27058176,windows,0,205,205,7,0,0,0,0,0,0,5,2,0
441.911,1,25968640,windows,0,205,205,7,0,0,0,0,0,0,5,2,0
442.127,0,27073536,windows,0,205,205,7,0,0,0,0,0,0,5,2,0
442.167,1,25985024,windows,0,205,205,7,0,0,0,0,0,0,5,2,0
442.394,0,27089920,windows,0,205,205,7,0,0,0,0,0,0,5,2,0
442.42,1,26001408,windows,0,205,205,7,0,0,0,0,0,0,5,2,0
442.653,0,27105280,windows,0,205,205,7,0,0,0,0,0,0,5,2,0
442.684,1,26018816,repair,0,205,205,7,0,0,0,0,0,0,5,2,0
442.907,0,27120640,windows,0,205,205,7,0,0,0,0,0,0,5,2,0
442.943,1,26036224,windows,0,205,205,7,0,0,0,0,0,0,5,2,0
443.176,0,27137024,windows,0,205,205,7,0,0,0,0,0,0,5,2,0
443.195,1,26052608,windows,0,205,205,7,0,0,0,0,0,0,5,2,0
443.436,0,27153408,windows,0,205,205,7,0,0,0,0,0,0,5,2,0
443.451,1,26067968,windows,0,205,205,7,0,0,0,0,0,0,5,2,0
443.696,0,27169792,windows,0,205,205,7,0,0,0,0,0,0,5,2,0
443.72,1,26083328,windows,0,205,205,7,0,0,0,0,0,0,5,2,0
443.954,0,27187200,windows,0,205,205,7,0,0,0,0,0,0,5,2,0
443.992,1,26097664,windows,0,205,205,7,0,0,0,0,0,0,5,2,0
444.215,0,27205632,windows,0,205,205,7,0,0,0,0,0,0,5,2,0
444.248,1,26112000,windows,0,205,205,7,0,0,0,0,0,0,5,2,0
444.469,0,27223040,windows,0,205,205,7,0,0,0,0,0,0,5,2,0
444.504,1,26125312,windows,0,205,205,7,0,0,0,0,0,0,5,2,0
444.725,0,27240448,windows,0,205,205,7,0,0,0,0,0,0,5,2,0
444.766,1,26139648,windows,0,205,205,7,0,0,0,0,0,0,5,2,0
444.981,0,27257856,windows,0,205,205,7,0,0,0,0,0,0,5,2,0
445.035,1,26155008,windows,0,205,205,7,0,0,0,0,0,0,5,2,0
445.243,0,27273216,windows,0,205,205,7,0,0,0,0,0,0,5,2,0
445.289,1,26169344,windows,0,205,205,7,0,0,0,0,0,0,5,2,0
445.501,0,27286528,windows,0,205,205,7,0,0,0,0,0,0,5,2,0
445.539,1,26182656,windows,0,205,205,7,0,0,0,0,0,0,5,2,0
445.751,0,27299840,windows,0,205,205,7,0,0,0,0,0,0,5,2,0
445.812,1,26199040,windows,0,205,205,7,0,0,0,0,0,0,5,2,0
446.008,0,27314176,windows,0,205,205,7,0,0,0,0,0,0,5,2,0
446.069,1,26214400,windows,0,205,205,7,0,0,0,0,0,0,5,2,0
446.258,0,27328512,repair,0,205,205,7,0,0,0,0,0,0,5,2,0
446.33,1,26229760,windows,0,205,205,7,0,0,0,0,0,0,5,2,0
446.511,0,27343872,repair,0,205,205,7,0,0,0,0,0,0,5,2,0
446.586,1,26245120,windows,0,205,205,7,0,0,0,0,0,0,5,2,0
446.764,0,27359232,repair,0,205,205,7,0,0,0,0,0,0,5,2,0
446.847,1,26261504,windows,0,205,205,7,0,0,0,0,0,0,5,2,0
447.026,0,27375616,repair,0,205,205,7,0,0,0,0,0,0,5,2,0
447.104,1,26278912,windows,0,205,205,7,0,0,0,0,0,0,5,2,0
447.286,0,27392000,windows,0,205,205,7,0,0,0,0,0,0,5,2,0
447.36,1,26296320,windows,0,205,205,7,0,0,0,0,0,0,5,2,0
447.55,0,27407360,windows,0,205,205,7,0,0,0,0,0,0,5,2,0
447.617,1,26315776,windows,0,205,205,7,0,0,0,0,0,0,5,2,0
447.818,0,27421696,windows,0,205,205,7,0,0,0,0,0,0,5,2,0
447.874,1,26332160,repair,0,205,205,7,0,0,0,0,0,0,5,2,0
448.079,0,27436032,windows,0,205,205,7,0,0,0,0,0,0,5,2,0
448.135,1,26350592,repair,0,205,205,7,0,0,0,0,0,0,5,2,0
448.342,0,27452416,windows,0,205,205,7,0,0,0,0,0,0,5,2,0
448.388,1,26369024,windows,0,205,205,7,0,0,0,0,0,0,5,2,0
448.595,0,27468800,windows,0,205,205,7,0,0,0,0,0,0,5,2,0
448.641,1,26386432,windows,0,205,205,7,0,0,0,0,0,0,5,2,0
448.847,0,27486208,windows,0,205,205,7,0,0,0,0,0,0,5,2,0
448.906,1,26404864,windows,0,205,205,7,0,0,0,0,0,0,5,2,0
449.104,0,27503616,windows,0,205,205,7,0,0,0,0,0,0,5,2,0
449.167,1,26422272,windows,0,205,205,7,0,0,0,0,0,0,5,2,0
449.357,0,27520000,windows,0,205,205,7,0,0,0,0,0,0,5,2,0
449.431,1,26438656,windows,0,205,205,7,0,0,0,0,0,0,5,2,0
449.609,0,27536384,windows,0,205,205,7,0,0,0,0,0,0,5,2,0
449.684,1,26455040,windows,0,205,205,7,0,0,0,0,0,0,5,2,0
449.86,0,27552768,windows,0,205,205,7,0,0,0,0,0,0,5,2,0
449.947,1,26471424,windows,0,205,205,7,0,0,0,0,0,0,5,2,0
450.124,0,27569152,windows,0,205,205,7,0,0,0,0,0,0,5,2,0
450.206,1,26487808,windows,0,205,205,7,0,0,0,0,0,0,5,2,0
450.375,0,27585536,windows,0,205,205,7,0,0,0,0,0,0,5,2,0
450.469,1,26504192,windows,0,205,205,7,0,0,0,0,0,0,5,2,0
450.631,0,27601920,windows,0,205,205,7,0,0,0,0,0,0,5,2,0
450.733,1,26519552,windows,0,205,205,7,0,0,0,0,0,0,5,2,0
450.894,0,27618304,windows,0,205,205,7,0,0,0,0,0,0,5,2,0
450.989,1,26535936,windows,0,205,205,7,0,0,0,0,0,0,5,2,0
451.156,0,27635712,windows,0,205,205,7,0,0,0,0,0,0,5,2,0
451.25,1,26553344,windows,0,205,205,7,0,0,0,0,0,0,5,2,0
451.406,0,27652096,windows,0,205,205,7,0,0,0,0,0,0,5,2,0
451.501,1,26568704,windows,0,205,205,7,0,0,0,0,0,0,5,2,0
451.661,0,27668480,windows,0,205,205,7,0,0,0,0,0,0,5,2,0
451.766,1,26584064,windows,0,205,205,7,0,0,0,0,0,0,5,2,0
451.918,0,27684864,windows,0,205,205,7,0,0,0,0,0,0,5,2,0
452.028,1,26600448,windows,0,205,205,7,0,0,0,0,0,0,5,2,0
452.175,0,27701248,windows,0,205,205,7,0,0,0,0,0,0,5,2,0
452.289,1,26613760,windows,0,205,205,7,0,0,0,0,0,0,5,2,0
452.431,0,27717632,windows,0,205,205,7,0,0,0,0,0,0,5,2,0
452.556,1,26628096,windows,0,205,205,7,0,0,0,0,0,0,5,2,0
452.697,0,27735040,windows,0,205,205,7,0,0,0,0,0,0,5,2,0
452.815,1,26642432,windows,0,205,205,7,0,0,0,0,0,0,5,2,0
452.969,0,27752448,repair,0,205,205,7,0,0,0,0,0,0,5,2,0
453.078,1,26657792,windows,0,205,205,7,0,0,0,0,0,0,5,2,0
453.221,0,27769856,windows,0,205,205,7,0,0,0,0,0,0,5,2,0
453.346,1,26675200,windows,0,205,205,7,0,0,0,0,0,0,5,2,0
453.48,0,27787264,windows,0,205,205,7,0,0,0,0,0,0,5,2,0
453.606,1,26691584,windows,0,205,205,7,0,0,0,0,0,0,5,2,0
453.741,0,27804672,windows,0,205,205,7,0,0,0,0,0,0,5,2,0
453.863,1,26708992,windows,0,205,205,7,0,0,0,0,0,0,5,2,0
454.003,0,27822080,windows,0,205,205,7,0,0,0,0,0,0,5,2,0
454.126,1,26726400,repair,0,205,205,7,0,0,0,0,0,0,5,2,0
454.256,0,27838464,windows,0,205,205,7,0,0,0,0,0,0,5,2,0
454.385,1,26743808,repair,0,205,205,7,0,0,0,0,0,0,5,2,0
454.508,0,27853824,windows,0,205,205,7,0,0,0,0,0,0,5,2,0
454.647,1,26761216,windows,0,205,205,7,0,0,0,0,0,0,5,2,0
454.771,0,27870208,windows,0,205,205,7,0,0,0,0,0,0,5,2,0
454.903,1,26778624,windows,0,205,205,7,0,0,0,0,0,0,5,2,0
455.035,0,27887616,windows,0,205,205,7,0,0,0,0,0,0,5,2,0
455.154,1,26795008,windows,0,205,205,7,0,0,0,0,0,0,5,2,0
455.287,0,27904000,windows,0,205,205,7,0,0,0,0,0,0,5,2,0
455.415,1,26811392,windows,0,205,205,7,0,0,0,0,0,0,5,2,0
455.547,0,27921408,windows,0,205,205,7,0,0,0,0,0,0,5,2,0
455.667,1,26824704,windows,0,205,205,7,0,0,0,0,0,0,5,2,0
455.802,0,27937792,windows,0,205,205,7,0,0,0,0,0,0,5,2,0
455.938,1,26839040,windows,0,205,205,7,0,0,0,0,0,0,5,2,0
456.066,0,27955200,windows,0,205,205,7,0,0,0,0,0,0,5,2,0
456.201,1,26853376,windows,0,205,205,7,0,0,0,0,0,0,5,2,0
456.319,0,27971584,windows,0,205,205,7,0,0,0,0,0,0,5,2,0
456.454,1,26866688,windows,0,205,205,7,0,0,0,0,0,0,5,2,0
456.583,0,27988992,windows,0,205,205,7,0,0,0,0,0,0,5,2,0
456.712,1,26880000,windows,0,205,205,7,0,0,0,0,0,0,5,2,0
456.84,0,28004352,windows,0,205,205,7,0,0,0,0,0,0,5,2,0
456.977,1,26894336,windows,0,205,205,7,0,0,0,0,0,0,5,2,0
457.097,0,28021760,windows,0,205,205,7,0,0,0,0,0,0,5,2,0
457.239,1,26908672,windows,0,205,205,7,0,0,0,0,0,0,5,2,0
457.35,0,28039168,windows,0,205,205,7,0,0,0,0,0,0,5,2,0
457.492,1,26921984,windows,0,205,205,7,0,0,0,0,0,0,5,2,0
457.614,0,28057600,windows,0,205,205,7,0,0,0,0,0,0,5,2,0
457.748,1,26935296,windows,0,205,205,7,0,0,0,0,0,0,5,2,0
457.866,0,28075008,windows,0,205,205,7,0,0,0,0,0,0,5,2,0
458.009,1,26949632,windows,0,205,205,7,0,0,0,0,0,0,5,2,0
458.127,0,28092416,windows,0,205,205,7,0,0,0,0,0,0,5,2,0
458.265,1,26964992,windows,0,205,205,7,0,0,0,0,0,0,5,2,0
458.378,0,28108800,windows,0,205,205,7,0,0,0,0,0,0,5,2,0
458.524,1,26978304,windows,0,205,205,7,0,0,0,0,0,0,5,2,0
458.638,0,28126208,windows,0,205,205,7,0,0,0,0,0,0,5,2,0
458.785,1,26992640,windows,0,205,205,7,0,0,0,0,0,0,5,2,0
458.892,0,28142592,repair,0,205,205,7,0,0,0,0,0,0,5,2,0
459.037,1,27008000,windows,0,205,205,7,0,0,0,0,0,0,5,2,0
459.147,0,28160000,repair,0,205,205,7,0,0,0,0,0,0,5,2,0
459.299,1,27023360,windows,0,205,205,7,0,0,0,0,0,0,5,2,0
459.406,0,28177408,windows,0,205,205,7,0,0,0,0,0,0,5,2,0
459.552,1,27036672,windows,0,205,205,7,0,0,0,0,0,0,5,2,0
459.661,0,28194816,windows,0,205,205,7,0,0,0,0,0,0,5,2,0
459.813,1,27051008,windows,0,205,205,7,0,0,0,0,0,0,5,2,0
459.925,0,28212224,windows,0,205,205,7,0,0,0,0,0,0,5,2,0
460.067,1,27065344,repair,0,205,205,7,0,0,0,0,0,0,5,2,0
460.18,0,28228608,windows,0,205,205,7,0,0,0,0,0,0,5,2,0
460.32,1,27080704,windows,0,205,205,7,0,0,0,0,0,0,5,2,0
460.443,0,28246016,windows,0,205,205,7,0,0,0,0,0,0,5,2,0
460.578,1,27095040,windows,0,205,205,7,0,0,0,0,0,0,5,2,0
460.698,0,28260352,windows,0,205,205,7,0,0,0,0,0,0,5,2,0
460.842,1,27109376,windows,0,205,205,7,0,0,0,0,0,0,5,2,0
460.958,0,28273664,windows,0,205,205,7,0,0,0,0,0,0,5,2,0
461.105,1,27123712,windows,0,205,205,7,0,0,0,0,0,0,5,2,0
461.221,0,28291072,windows,0,205,205,7,0,0,0,0,0,0,5,2,0
461.373,1,27138048,windows,0,205,205,7,0,0,0,0,0,0,5,2,0
461.488,0,28306432,windows,0,205,205,7,0,0,0,0,0,0,5,2,0
461.639,1,27152384,windows,0,205,205,7,0,0,0,0,0,0,5,2,0
461.742,0,28319744,windows,0,205,205,7,0,0,0,0,0,0,5,2,0
461.893,1,27165696,windows,0,205,205,7,0,0,0,0,0,0,5,2,0
462.001,0,28335104,windows,0,205,205,7,0,0,0,0,0,0,5,2,0
462.155,1,27180032,windows,0,205,205,7,0,0,0,0,0,0,5,2,0
462.261,0,28351488,windows,0,205,205,7,0,0,0,0,0,0,5,2,0
462.418,1,27194368,windows,0,205,205,7,0,0,0,0,0,0,5,2,0
462.527,0,28366848,windows,0,205,205,7,0,0,0,0,0,0,5,2,0
462.683,1,27207680,windows,0,205,205,7,0,0,0,0,0,0,5,2,0
462.781,0,28383232,windows,0,205,205,7,0,0,0,0,0,0,5,2,0
462.944,1,27220992,windows,0,205,205,7,0,0,0,0,0,0,5,2,0
463.031,0,28397568,windows,0,205,205,7,0,0,0,0,0,0,5,2,0
463.197,1,27234304,windows,0,205,205,7,0,0,0,0,0,0,5,2,0
463.284,0,28410880,windows,0,205,205,7,0,0,0,0,0,0,5,2,0
463.456,1,27248640,windows,0,205,205,7,0,0,0,0,0,0,5,2,0
463.55,0,28424192,windows,0,205,205,7,0,0,0,0,0,0,5,2,0
463.711,1,27262976,windows,0,205,205,7,0,0,0,0,0,0,5,2,0
463.804,0,28438528,windows,0,205,205,7,0,0,0,0,0,0,5,2,0
463.973,1,27277312,windows,0,205,205,7,0,0,0,0,0,0,5,2,0
464.065,0,28453888,windows,0,205,205,7,0,0,0,0,0,0,5,2,0
464.228,1,27291648,windows,0,205,205,7,0,0,0,0,0,0,5,2,0
464.326,0,28469248,windows,0,205,205,7,0,0,0,0,0,0,5,2,0
464.48,1,27305984,windows,0,205,205,7,0,0,0,0,0,0,5,2,0
464.59,0,28483584,windows,0,205,205,7,0,0,0,0,0,0,5,2,0
464.747,1,27321344,windows,0,205,205,7,0,0,0,0,0,0,5,2,0
464.855,0,28498944,windows,0,205,205,7,0,0,0,0,0,0,5,2,0
465.001,1,27335680,windows,0,205,205,7,0,0,0,0,0,0,5,2,0
465.12,0,28514304,windows,0,205,205,7,0,0,0,0,0,0,5,2,0
465.254,1,27350016,windows,0,205,205,7,0,0,0,0,0,0,5,2,0
465.386,0,28529664,windows,0,205,205,7,0,0,0,0,0,0,5,2,0
465.51,1,27364352,windows,0,205,205,7,0,0,0,0,0,0,5,2,0
465.648,0,28544000,windows,0,205,205,7,0,0,0,0,0,0,5,2,0
465.768,1,27379712,windows,0,205,205,7,0,0,0,0,0,0,5,2,0
465.9,0,28558336,repair,0,205,205,7,0,0,0,0,0,0,5,2,0
466.027,1,27395072,windows,0,205,205,7,0,0,0,0,0,0,5,2,0
466.16,0,28574720,repair,0,205,205,7,0,0,0,0,0,0,5,2,0
466.285,1,27409408,windows,0,205,205,7,0,0,0,0,0,0,5,2,0
466.415,0,28590080,repair,0,205,205,7,0,0,0,0,0,0,5,2,0
466.543,1,27424768,windows,0,205,205,7,0,0,0,0,0,0,5,2,0
466.667,0,28606464,windows,0,205,205,7,0,0,0,0,0,0,5,2,0
466.807,1,27441152,windows,0,205,205,7,0,0,0,0,0,0,5,2,0
466.92,0,28623872,windows,0,205,205,7,0,0,0,0,0,0,5,2,0
467.066,1,27456512,windows,0,205,205,7,0,0,0,0,0,0,5,2,0
467.171,0,28640256,windows,0,205,205,7,0,0,0,0,0,0,5,2,0
467.326,1,27472896,windows,0,205,205,7,0,0,0,0,0,0,5,2,0
467.431,0,28656640,windows,0,205,205,7,0,0,0,0,0,0,5,2,0
467.58,1,27488256,windows,0,205,205,7,0,0,0,0,0,0,5,2,0
467.684,0,28673024,windows,0,205,205,7,0,0,0,0,0,0,5,2,0
467.837,1,27503616,windows,0,205,205,7,0,0,0,0,0,0,5,2,0
467.944,0,28690432,windows,0,205,205,7,0,0,0,0,0,0,5,2,0
468.094,1,27520000,windows,0,205,205,7,0,0,0,0,0,0,5,2,0
468.198,0,28706816,windows,0,205,205,7,0,0,0,0,0,0,5,2,0
468.354,1,27534336,repair,0,205,205,7,0,0,0,0,0,0,5,2,0
468.449,0,28722176,windows,0,205,205,7,0,0,0,0,0,0,5,2,0
468.618,1,27548672,repair,0,205,205,7,0,0,0,0,0,0,5,2,0
468.709,0,28738560,windows,0,205,205,7,0,0,0,0,0,0,5,2,0
468.87,1,27564032,repair,0,205,205,7,0,0,0,0,0,0,5,2,0
468.961,0,28754944,windows,0,205,205,7,0,0,0,0,0,0,5,2,0
469.136,1,27580416,windows,0,205,205,7,0,0,0,0,0,0,5,2,0
469.226,0,28772352,windows,0,205,205,7,0,0,0,0,0,0,5,2,0
469.4,1,27593728,windows,0,205,205,7,0,0,0,0,0,0,5,2,0
469.482,0,28788736,windows,0,205,205,7,0,0,0,0,0,0,5,2,0
469.661,1,27608064,windows,0,205,205,7,0,0,0,0,0,0,5,2,0
469.738,0,28805120,windows,0,205,205,7,0,0,0,0,0,0,5,2,0
469.923,1,27624448,windows,0,205,205,7,0,0,0,0,0,0,5,2,0
469.993,0,28821504,windows,0,205,205,7,0,0,0,0,0,0,5,2,0
470.187,1,27640832,windows,0,205,205,7,0,0,0,0,0,0,5,2,0
470.248,0,28837888,windows,0,205,205,7,0,0,0,0,0,0,5,2,0
470.447,1,27657216,windows,0,205,205,7,0,0,0,0,0,0,5,2,0
470.507,0,28854272,windows,0,205,205,7,0,0,0,0,0,0,5,2,0
470.7,1,27673600,windows,0,205,205,7,0,0,0,0,0,0,5,2,0
470.766,0,28871680,windows,0,205,205,7,0,0,0,0,0,0,5,2,0
470.957,1,27691008,windows,0,205,205,7,0,0,0,0,0,0,5,2,0
471.027,0,28890112,windows,0,205,205,7,0,0,0,0,0,0,5,2,0
471.218,1,27707392,windows,0,205,205,7,0,0,0,0,0,0,5,2,0
471.284,0,28908544,windows,0,205,205,7,0,0,0,0,0,0,5,2,0
471.474,1,27721728,windows,0,205,205,7,0,0,0,0,0,0,5,2,0
471.547,0,28925952,windows,0,205,205,7,0,0,0,0,0,0,5,2,0
471.735,1,27736064,windows,0,205,205,7,0,0,0,0,0,0,5,2,0
471.806,0,28944384,windows,0,205,205,7,0,0,0,0,0,0,5,2,0
471.998,1,27750400,windows,0,205,205,7,0,0,0,0,0,0,5,2,0
472.067,0,28962816,windows,0,205,205,7,0,0,0,0,0,0,5,2,0
472.255,1,27764736,windows,0,205,205,7,0,0,0,0,0,0,5,2,0
472.33,0,28982272,windows,0,205,205,7,0,0,0,0,0,0,5,2,0
472.506,1,27779072,windows,0,205,205,7,0,0,0,0,0,0,5,2,0
472.595,0,28999680,repair,0,205,205,7,0,0,0,0,0,0,5,2,0
472.77,1,27793408,windows,0,205,205,7,0,0,0,0,0,0,5,2,0
472.86,0,29018112,repair,0,205,205,7,0,0,0,0,0,0,5,2,0
473.028,1,27807744,windows,0,205,205,7,0,0,0,0,0,0,5,2,0
473.123,0,29035520,windows,0,205,205,7,0,0,0,0,0,0,5,2,0
473.284,1,27822080,windows,0,205,205,7,0,0,0,0,0,0,5,2,0
473.385,0,29050880,windows,0,205,205,7,0,0,0,0,0,0,5,2,0
473.544,1,27836416,windows,0,205,205,7,0,0,0,0,0,0,5,2,0
473.647,0,29067264,windows,0,205,205,7,0,0,0,0,0,0,5,2,0
473.794,1,27850752,windows,0,205,205,7,0,0,0,0,0,0,5,2,0
473.897,0,29083648,windows,0,205,205,7,0,0,0,0,0,0,5,2,0
474.056,1,27866112,windows,0,205,205,7,0,0,0,0,0,0,5,2,0
474.148,0,29100032,windows,0,205,205,7,0,0,0,0,0,0,5,2,0
474.321,1,27880448,windows,0,205,205,7,0,0,0,0,0,0,5,2,0
474.4,0,29115392,windows,0,205,205,7,0,0,0,0,0,0,5,2,0
474.572,1,27894784,windows,0,205,205,7,0,0,0,0,0,0,5,2,0
474.658,0,29131776,windows,0,205,205,7,0,0,0,0,0,0,5,2,0
474.837,1,27910144,windows,0,205,205,7,0,0,0,0,0,0,5,2,0
474.918,0,29148160,windows,0,205,205,7,0,0,0,0,0,0,5,2,0
475.101,1,27925504,repair,0,205,205,7,0,0,0,0,0,0,5,2,0
475.181,0,29165568,windows,0,205,205,7,0,0,0,0,0,0,5,2,0
475.364,1,27941888,repair,0,205,205,7,0,0,0,0,0,0,5,2,0
475.433,0,29181952,windows,0,205,205,7,0,0,0,0,0,0,5,2,0
475.618,1,27957248,windows,0,205,205,7,0,0,0,0,0,0,5,2,0
475.688,0,29198336,windows,0,205,205,7,0,0,0,0,0,0,5,2,0
475.869,1,27971584,windows,0,205,205,7,0,0,0,0,0,0,5,2,0
475.943,0,29215744,windows,0,205,205,7,0,0,0,0,0,0,5,2,0
476.127,1,27985920,windows,0,205,205,7,0,0,0,0,0,0,5,2,0
476.199,0,29233152,windows,0,205,205,7,0,0,0,0,0,0,5,2,0
476.388,1,28000256,windows,0,205,205,7,0,0,0,0,0,0,5,2,0
476.468,0,29249536,windows,0,205,205,7,0,0,0,0,0,0,5,2,0
476.639,1,28013568,windows,0,205,205,7,0,0,0,0,0,0,5,2,0
476.724,0,29266944,windows,0,205,205,7,0,0,0,0,0,0,5,2,0
476.899,1,28027904,windows,0,205,205,7,0,0,0,0,0,0,5,2,0
476.984,0,29285376,windows,0,205,205,7,0,0,0,0,0,0,5,2,0
477.16,1,28042240,windows,0,205,205,7,0,0,0,0,0,0,5,2,0
477.241,0,29303808,windows,0,205,205,7,0,0,0,0,0,0,5,2,0
477.412,1,28056576,windows,0,205,205,7,0,0,0,0,0,0,5,2,0
477.493,0,29321216,windows,0,205,205,7,0,0,0,0,0,0,5,2,0
477.669,1,28070912,windows,0,205,205,7,0,0,0,0,0,0,5,2,0
477.757,0,29339648,windows,0,205,205,7,0,0,0,0,0,0,5,2,0
477.935,1,28084224,windows,0,205,205,7,0,0,0,0,0,0,5,2,0
478.014,0,29357056,windows,0,205,205,7,0,0,0,0,0,0,5,2,0
478.196,1,28098560,windows,0,205,205,7,0,0,0,0,0,0,5,2,0
478.266,0,29373440,repair,0,205,205,7,0,0,0,0,0,0,5,2,0
478.45,1,28113920,windows,0,205,205,7,0,0,0,0,0,0,5,2,0
478.52,0,29390848,windows,0,205,205,7,0,0,0,0,0,0,5,2,0
478.701,1,28129280,windows,0,205,205,7,0,0,0,0,0,0,5,2,0
478.772,0,29407232,windows,0,205,205,7,0,0,0,0,0,0,5,2,0
478.956,1,28145664,windows,0,205,205,7,0,0,0,0,0,0,5,2,0
479.036,0,29424640,windows,0,205,205,7,0,0,0,0,0,0,5,2,0
479.208,1,28161024,windows,0,205,205,7,0,0,0,0,0,0,5,2,0
479.295,0,29442048,windows,0,205,205,7,0,0,0,0,0,0,5,2,0
479.458,1,28174336,windows,0,205,205,7,0,0,0,0,0,0,5,2,0
479.555,0,29458432,windows,0,205,205,7,0,0,0,0,0,0,5,2,0
479.709,1,28187648,windows,0,205,205,7,0,0,0,0,0,0,5,2,0
479.815,0,29475840,windows,0,205,205,7,0,0,0,0,0,0,5,2,0
479.963,1,28201984,windows,0,205,205,7,0,0,0,0,0,0,5,2,0
480.082,0,29493248,windows,0,205,205,7,0,0,0,0,0,0,5,2,0
480.217,1,28216320,windows,0,205,205,7,0,0,0,0,0,0,5,2,0
480.349,0,29508608,windows,0,205,205,7,0,0,0,0,0,0,5,2,0
480.473,1,28232704,windows,0,205,205,7,0,0,0,0,0,0,5,2,0
480.608,0,29526016,windows,0,205,205,7,0,0,0,0,0,0,5,2,0
480.728,1,28250112,windows,0,205,205,7,0,0,0,0,0,0,5,2,0
480.868,0,29544448,windows,0,205,205,7,0,0,0,0,0,0,5,2,0
480.979,1,28268544,windows,0,205,205,7,0,0,0,0,0,0,5,2,0
481.121,0,29562880,windows,0,205,205,7,0,0,0,0,0,0,5,2,0
481.243,1,28288000,windows,0,205,205,7,0,0,0,0,0,0,5,2,0
481.387,0,29581312,windows,0,205,205,7,0,0,0,0,0,0,5,2,0
481.504,1,28305408,windows,0,205,205,7,0,0,0,0,0,0,5,2,0
481.649,0,29598720,windows,0,205,205,7,0,0,0,0,0,0,5,2,0
481.769,1,28322816,windows,0,205,205,7,0,0,0,0,0,0,5,2,0
481.907,0,29617152,windows,0,205,205,7,0,0,0,0,0,0,5,2,0
482.021,1,28341248,windows,0,205,205,7,0,0,0,0,0,0,5,2,0
482.168,0,29636608,windows,0,205,205,7,0,0,0,0,0,0,5,2,0
482.277,1,28360704,windows,0,205,205,7,0,0,0,0,0,0,5,2,0
482.426,0,29656064,windows,0,205,205,7,0,0,0,0,0,0,5,2,0
482.545,1,28381184,windows,0,205,205,7,0,0,0,0,0,0,5,2,0
482.682,0,29675520,windows,0,205,205,7,0,0,0,0,0,0,5,2,0
482.805,1,28399616,repair,0,205,205,7,0,0,0,0,0,0,5,2,0
482.934,0,29692928,windows,0,205,205,7,0,0,0,0,0,0,5,2,0
483.059,1,28418048,repair,0,205,205,7,0,0,0,0,0,0,5,2,0
483.19,0,29710336,repair,0,205,205,7,0,0,0,0,0,0,5,2,0
483.312,1,28438528,repair,0,205,205,7,0,0,0,0,0,0,5,2,0
483.447,0,29728768,repair,0,205,205,7,0,0,0,0,0,0,5,2,0
483.576,1,28454912,windows,0,205,205,7,0,0,0,0,0,0,5,2,0
483.698,0,29748224,repair,0,205,205,7,0,0,0,0,0,0,5,2,0
483.838,1,28472320,windows,0,205,205,7,0,0,0,0,0,0,5,2,0
483.958,0,29765632,windows,0,205,205,7,0,0,0,0,0,0,5,2,0
484.101,1,28488704,windows,0,205,205,7,0,0,0,0,0,0,5,2,0
484.223,0,29783040,windows,0,205,205,7,0,0,0,0,0,0,5,2,0
484.366,1,28505088,windows,0,205,205,7,0,0,0,0,0,0,5,2,0
484.483,0,29800448,windows,0,205,205,7,0,0,0,0,0,0,5,2,0
484.628,1,28521472,windows,0,205,205,7,0,0,0,0,0,0,5,2,0
484.735,0,29816832,windows,0,205,205,7,0,0,0,0,0,0,5,2,0
484.882,1,28538880,windows,0,205,205,7,0,0,0,0,0,0,5,2,0
484.993,0,29835264,windows,0,205,205,7,0,0,0,0,0,0,5,2,0
485.134,1,28556288,windows,0,205,205,7,0,0,0,0,0,0,5,2,0
485.248,0,29852672,windows,0,205,205,7,0,0,0,0,0,0,5,2,0
485.389,1,28570624,windows,0,205,205,7,0,0,0,0,0,0,5,2,0
485.514,0,29870080,windows,0,205,205,7,0,0,0,0,0,0,5,2,0
485.642,1,28584960,windows,0,205,205,7,0,0,0,0,0,0,5,2,0
485.78,0,29887488,windows,0,205,205,7,0,0,0,0,0,0,5,2,0
485.909,1,28600320,windows,0,205,205,7,0,0,0,0,0,0,5,2,0
486.041,0,29904896,windows,0,205,205,7,0,0,0,0,0,0,5,2,0
486.169,1,28615680,windows,0,205,205,7,0,0,0,0,0,0,5,2,0
486.305,0,29921280,windows,0,205,205,7,0,0,0,0,0,0,5,2,0
486.433,1,28632064,windows,0,205,205,7,0,0,0,0,0,0,5,2,0
486.56,0,29937664,windows,0,205,205,7,0,0,0,0,0,0,5,2,0
486.696,1,28648448,windows,0,205,205,7,0,0,0,0,0,0,5,2,0
486.81,0,29955072,windows,0,205,205,7,0,0,0,0,0,0,5,2,0
486.957,1,28663808,windows,0,205,205,7,0,0,0,0,0,0,5,2,0
487.074,0,29973504,windows,0,205,205,7,0,0,0,0,0,0,5,2,0
487.207,1,28678144,windows,0,205,205,7,0,0,0,0,0,0,5,2,0
487.324,0,29990912,windows,0,205,205,7,0,0,0,0,0,0,5,2,0
487.472,1,28693504,windows,0,205,205,7,0,0,0,0,0,0,5,2,0
487.576,0,30008320,windows,0,205,205,7,0,0,0,0,0,0,5,2,0
487.734,1,28707840,windows,0,205,205,7,0,0,0,0,0,0,5,2,0
487.829,0,30025728,windows,0,205,205,7,0,0,0,0,0,0,5,2,0
487.997,1,28723200,windows,0,205,205,7,0,0,0,0,0,0,5,2,0
488.088,0,30043136,windows,0,205,205,7,0,0,0,0,0,0,5,2,0
488.248,1,28736512,repair,0,205,205,7,0,0,0,0,0,0,5,2,0
488.342,0,30060544,windows,0,205,205,7,0,0,0,0,0,0,5,2,0
488.502,1,28750848,windows,0,205,205,7,0,0,0,0,0,0,5,2,0
488.606,0,30077952,windows,0,205,205,7,0,0,0,0,0,0,5,2,0
488.758,1,28765184,windows,0,205,205,7,0,0,0,0,0,0,5,2,0
488.859,0,30095360,windows,0,205,205,7,0,0,0,0,0,0,5,2,0
489.017,1,28779520,windows,0,205,205,7,0,0,0,0,0,0,5,2,0
489.121,0,30113792,windows,0,205,205,7,0,0,0,0,0,0,5,2,0
489.273,1,28793856,windows,0,205,205,7,0,0,0,0,0,0,5,2,0
489.379,0,30131200,repair,0,205,205,7,0,0,0,0,0,0,5,2,0
489.529,1,28808192,windows,0,205,205,7,0,0,0,0,0,0,5,2,0
489.635,0,30149632,repair,0,205,205,7,0,0,0,0,0,0,5,2,0
489.785,1,28822528,windows,0,205,205,7,0,0,0,0,0,0,5,2,0
489.887,0,30167040,windows,0,205,205,7,0,0,0,0,0,0,5,2,0
490.042,1,28837888,windows,0,205,205,7,0,0,0,0,0,0,5,2,0
490.139,0,30184448,windows,0,205,205,7,0,0,0,0,0,0,5,2,0
490.305,1,28853248,windows,0,205,205,7,0,0,0,0,0,0,5,2,0
490.402,0,30201856,windows,0,205,205,7,0,0,0,0,0,0,5,2,0
490.568,1,28868608,windows,0,205,205,7,0,0,0,0,0,0,5,2,0
490.665,0,30219264,windows,0,205,205,7,0,0,0,0,0,0,5,2,0
490.825,1,28883968,windows,0,205,205,7,0,0,0,0,0,0,5,2,0
490.921,0,30236672,windows,0,205,205,7,0,0,0,0,0,0,5,2,0
491.078,1,28898304,windows,0,205,205,7,0,0,0,0,0,0,5,2,0
491.183,0,30254080,windows,0,205,205,7,0,0,0,0,0,0,5,2,0
491.335,1,28913664,windows,0,205,205,7,0,0,0,0,0,0,5,2,0
491.438,0,30270464,windows,0,205,205,7,0,0,0,0,0,0,5,2,0
491.6,1,28929024,windows,0,205,205,7,0,0,0,0,0,0,5,2,0
491.692,0,30286848,windows,0,205,205,7,0,0,0,0,0,0,5,2,0
491.862,1,28944384,windows,0,205,205,7,0,0,0,0,0,0,5,2,0
491.957,0,30304256,windows,0,205,205,7,0,0,0,0,0,0,5,2,0
492.123,1,28959744,windows,0,205,205,7,0,0,0,0,0,0,5,2,0
492.211,0,30321664,windows,0,205,205,7,0,0,0,0,0,0,5,2,0
492.387,1,28975104,windows,0,205,205,7,0,0,0,0,0,0,5,2,0
492.469,0,30338048,windows,0,205,205,7,0,0,0,0,0,0,5,2,0
492.651,1,28990464,windows,0,205,205,7,0,0,0,0,0,0,5,2,0
492.735,0,30354432,windows,0,205,205,7,0,0,0,0,0,0,5,2,0
492.906,1,29005824,windows,0,205,205,7,0,0,0,0,0,0,5,2,0
492.998,0,30371840,windows,0,205,205,7,0,0,0,0,0,0,5,2,0
493.163,1,29021184,windows,0,205,205,7,0,0,0,0,0,0,5,2,0
493.248,0,30388224,windows,0,205,205,7,0,0,0,0,0,0,5,2,0
493.428,1,29037568,windows,0,205,205,7,0,0,0,0,0,0,5,2,0
493.503,0,30404608,windows,0,205,205,7,0,0,0,0,0,0,5,2,0
493.697,1,29053952,repair,0,205,205,7,0,0,0,0,0,0,5,2,0
493.765,0,30422016,windows,0,205,205,7,0,0,0,0,0,0,5,2,0
493.958,1,29069312,repair,0,205,205,7,0,0,0,0,0,0,5,2,0
494.026,0,30436352,windows,0,205,205,7,0,0,0,0,0,0,5,2,0
494.217,1,29084672,windows,0,205,205,7,0,0,0,0,0,0,5,2,0
494.285,0,30454784,windows,0,205,205,7,0,0,0,0,0,0,5,2,0
494.469,1,29097984,windows,0,205,205,7,0,0,0,0,0,0,5,2,0
494.543,0,30473216,windows,0,205,205,7,0,0,0,0,0,0,5,2,0
494.722,1,29111296,windows,0,205,205,7,0,0,0,0,0,0,5,2,0
494.794,0,30491648,windows,0,205,205,7,0,0,0,0,0,0,5,2,0
494.98,1,29124608,windows,0,205,205,7,0,0,0,0,0,0,5,2,0
495.048,0,30509056,windows,0,205,205,7,0,0,0,0,0,0,5,2,0
495.241,1,29140992,windows,0,205,205,7,0,0,0,0,0,0,5,2,0
495.306,0,30527488,windows,0,205,205,7,0,0,0,0,0,0,5,2,0
495.501,1,29157376,windows,0,205,205,7,0,0,0,0,0,0,5,2,0
495.557,0,30544896,windows,0,205,205,7,0,0,0,0,0,0,5,2,0
495.759,1,29171712,windows,0,205,205,7,0,0,0,0,0,0,5,2,0
495.817,0,30564352,windows,0,205,205,7,0,0,0,0,0,0,5,2,0
496.01,1,29185024,windows,0,205,205,7,0,0,0,0,0,0,5,2,0
496.072,0,30583808,windows,0,205,205,7,0,0,0,0,0,0,5,2,0
496.27,1,29198336,windows,0,205,205,7,0,0,0,0,0,0,5,2,0
496.33,0,30604288,windows,0,205,205,7,0,0,0,0,0,0,5,2,0
496.53,1,29211648,windows,0,205,205,7,0,0,0,0,0,0,5,2,0
496.582,0,30623744,windows,0,205,205,7,0,0,0,0,0,0,5,2,0
496.784,1,29224960,windows,0,205,205,7,0,0,0,0,0,0,5,2,0
496.838,0,30643200,windows,0,205,205,7,0,0,0,0,0,0,5,2,0
497.043,1,29239296,windows,0,205,205,7,0,0,0,0,0,0,5,2,0
497.093,0,30661632,repair,0,205,205,7,0,0,0,0,0,0,5,2,0
497.309,1,29253632,windows,0,205,205,7,0,0,0,0,0,0,5,2,0
497.349,0,30680064,repair,0,205,205,7,0,0,0,0,0,0,5,2,0
497.573,1,29266944,windows,0,205,205,7,0,0,0,0,0,0,5,2,0
497.602,0,30700544,repair,0,205,205,7,0,0,0,0,0,0,5,2,0
497.827,1,29280256,windows,0,205,205,7,0,0,0,0,0,0,5,2,0
497.86,0,30717952,windows,0,205,205,7,0,0,0,0,0,0,5,2,0
498.083,1,29294592,windows,0,205,205,7,0,0,0,0,0,0,5,2,0
498.119,0,30735360,windows,0,205,205,7,0,0,0,0,0,0,5,2,0
498.347,1,29308928,windows,0,205,205,7,0,0,0,0,0,0,5,2,0
498.371,0,30751744,windows,0,205,205,7,0,0,0,0,0,0,5,2,0
498.61,1,29322240,windows,0,205,205,7,0,0,0,0,0,0,5,2,0
498.631,0,30769152,windows,0,205,205,7,0,0,0,0,0,0,5,2,0
498.881,1,29336576,windows,0,205,205,7,0,0,0,0,0,0,5,2,0
498.891,0,30786560,windows,0,205,205,7,0,0,0,0,0,0,5,2,0
499.138,1,29350912,windows,0,205,205,7,0,0,0,0,0,0,5,2,0
499.154,0,30803968,windows,0,205,205,7,0,0,0,0,0,0,5,2,0
499.393,1,29364224,windows,0,205,205,7,0,0,0,0,0,0,5,2,0
499.416,0,30821376,windows,0,205,205,7,0,0,0,0,0,0,5,2,0
499.655,1,29377536,windows,0,205,205,7,0,0,0,0,0,0,5,2,0
499.67,0,30837760,windows,0,205,205,7,0,0,0,0,0,0,5,2,0
499.911,1,29390848,windows,0,205,205,7,0,0,0,0,0,0,5,2,0
499.933,0,30855168,windows,0,205,205,7,0,0,0,0,0,0,5,2,0
500.176,1,29405184,windows,0,205,205,7,0,0,0,0,0,0,5,2,0
500.19,0,30872576,windows,0,205,205,7,0,0,0,0,0,0,5,2,0
500.436,1,29419520,windows,0,205,205,7,0,0,0,0,0,0,5,2,0
500.454,0,30889984,windows,0,205,205,7,0,0,0,0,0,0,5,2,0
500.694,1,29435904,windows,0,205,205,7,0,0,0,0,0,0,5,2,0
500.707,0,30907392,windows,0,205,205,7,0,0,0,0,0,0,5,2,0
500.947,1,29452288,windows,0,205,205,7,0,0,0,0,0,0,5,2,0
500.962,0,30925824,windows,0,205,205,7,0,0,0,0,0,0,5,2,0
501.199,1,29468672,windows,0,205,205,7,0,0,0,0,0,0,5,2,0
501.219,0,30944256,windows,0,205,205,7,0,0,0,0,0,0,5,2,0
501.457,1,29486080,windows,0,205,205,7,0,0,0,0,0,0,5,2,0
501.472,0,30962688,windows,0,205,205,7,0,0,0,0,0,0,5,2,0
501.716,1,29503488,windows,0,205,205,7,0,0,0,0,0,0,5,2,0
501.722,0,30980096,windows,0,205,205,7,0,0,0,0,0,0,5,2,0
501.967,1,29519872,windows,0,205,205,7,0,0,0,0,0,0,5,2,0
501.983,0,30998528,windows,0,205,205,7,0,0,0,0,0,0,5,2,0
502.22,1,29537280,windows,0,205,205,7,0,0,0,0,0,0,5,2,0
502.242,0,31017984,windows,0,205,205,7,0,0,0,0,0,0,5,2,0
502.476,1,29554688,windows,0,205,205,7,0,0,0,0,0,0,5,2,0
502.499,0,31037440,windows,0,205,205,7,0,0,0,0,0,0,5,2,0
502.729,1,29571072,repair,0,205,205,7,0,0,0,0,0,0,5,2,0
502.753,0,31056896,windows,0,205,205,7,0,0,0,0,0,0,5,2,0
502.99,1,29589504,repair,0,205,205,7,0,0,0,0,0,0,5,2,0
503.004,0,31076352,windows,0,205,205,7,0,0,0,0,0,0,5,2,0
503.25,1,29606912,windows,0,205,205,7,0,0,0,0,0,0,5,2,0
503.255,0,31093760,repair,0,205,205,7,0,0,0,0,0,0,5,2,0
503.5,1,29622272,windows,0,205,205,7,0,0,0,0,0,0,5,2,0
503.51,0,31112192,repair,0,205,205,7,0,0,0,0,0,0,5,2,0
503.755,1,29638656,windows,0,205,205,7,0,0,0,0,0,0,5,2,0
503.763,0,31131648,repair,0,205,205,7,0,0,0,0,0,0,5,2,0
504.006,1,29656064,windows,0,205,205,7,0,0,0,0,0,0,5,2,0
504.026,0,31150080,windows,0,205,205,7,0,0,0,0,0,0,5,2,0
504.264,1,29673472,windows,0,205,205,7,0,0,0,0,0,0,5,2,0
504.279,0,31167488,windows,0,205,205,7,0,0,0,0,0,0,5,2,0
504.518,1,29690880,windows,0,205,205,7,0,0,0,0,0,0,5,2,0
504.544,0,31185920,windows,0,205,205,7,0,0,0,0,0,0,5,2,0
504.776,1,29708288,windows,0,205,205,7,0,0,0,0,0,0,5,2,0
504.801,0,31203328,windows,0,205,205,7,0,0,0,0,0,0,5,2,0
505.033,1,29725696,windows,0,205,205,7,0,0,0,0,0,0,5,2,0
505.063,0,31220736,windows,0,205,205,7,0,0,0,0,0,0,5,2,0
505.298,1,29744128,windows,0,205,205,7,0,0,0,0,0,0,5,2,0
505.321,0,31238144,windows,0,205,205,7,0,0,0,0,0,0,5,2,0
505.556,1,29760512,windows,0,205,205,7,0,0,0,0,0,0,5,2,0
505.58,0,31255552,windows,0,205,205,7,0,0,0,0,0,0,5,2,0
505.815,1,29776896,windows,0,205,205,7,0,0,0,0,0,0,5,2,0
505.831,0,31271936,windows,0,205,205,7,0,0,0,0,0,0,5,2,0
506.073,1,29792256,windows,0,205,205,7,0,0,0,0,0,0,5,2,0
506.087,0,31289344,windows,0,205,205,7,0,0,0,0,0,0,5,2,0
506.334,1,29808640,windows,0,205,205,7,0,0,0,0,0,0,5,2,0
506.34,0,31305728,windows,0,205,205,7,0,0,0,0,0,0,5,2,0
506.587,1,29822976,windows,0,205,205,7,0,0,0,0,0,0,5,2,0
506.597,0,31323136,windows,0,205,205,7,0,0,0,0,0,0,5,2,0
506.837,1,29839360,windows,0,205,205,7,0,0,0,0,0,0,5,2,0
506.848,0,31340544,windows,0,205,205,7,0,0,0,0,0,0,5,2,0
507.091,1,29856768,windows,0,205,205,7,0,0,0,0,0,0,5,2,0
507.107,0,31358976,windows,0,205,205,7,0,0,0,0,0,0,5,2,0
507.346,1,29875200,windows,0,205,205,7,0,0,0,0,0,0,5,2,0
507.364,0,31377408,windows,0,205,205,7,0,0,0,0,0,0,5,2,0
507.597,1,29891584,windows,0,205,205,7,0,0,0,0,0,0,5,2,0
507.624,0,31395840,windows,0,205,205,7,0,0,0,0,0,0,5,2,0
507.857,1,29907968,windows,0,205,205,7,0,0,0,0,0,0,5,2,0
507.881,0,31413248,windows,0,205,205,7,0,0,0,0,0,0,5,2,0
508.122,1,29926400,windows,0,205,205,7,0,0,0,0,0,0,5,2,0
508.138,0,31430656,windows,0,205,205,7,0,0,0,0,0,0,5,2,0
508.373,1,29942784,repair,0,205,205,7,0,0,0,0,0,0,5,2,0
508.399,0,31450112,windows,0,205,205,7,0,0,0,0,0,0,5,2,0
508.636,1,29960192,repair,0,205,205,7,0,0,0,0,0,0,5,2,0
508.655,0,31468544,windows,0,205,205,7,0,0,0,0,0,0,5,2,0
508.887,1,29978624,repair,0,205,205,7,0,0,0,0,0,0,5,2,0
508.906,0,31486976,windows,0,205,205,7,0,0,0,0,0,0,5,2,0
509.142,1,29998080,repair,0,205,205,7,0,0,0,0,0,0,5,2,0
509.158,0,31505408,windows,0,205,205,7,0,0,0,0,0,0,5,2,0
509.396,1,30015488,windows,0,205,205,7,0,0,0,0,0,0,5,2,0
509.419,0,31524864,windows,0,205,205,7,0,0,0,0,0,0,5,2,0
509.649,1,30031872,windows,0,205,205,7,0,0,0,0,0,0,5,2,0
509.674,0,31543296,repair,0,205,205,7,0,0,0,0,0,0,5,2,0
509.904,1,30049280,windows,0,205,205,7,0,0,0,0,0,0,5,2,0
509.926,0,31561728,repair,0,205,205,7,0,0,0,0,0,0,5,2,0
510.166,1,30066688,windows,0,205,205,7,0,0,0,0,0,0,5,2,0
510.187,0,31581184,windows,0,205,205,7,0,0,0,0,0,0,5,2,0
510.421,1,30083072,windows,0,205,205,7,0,0,0,0,0,0,5,2,0
510.438,0,31598592,windows,0,205,205,7,0,0,0,0,0,0,5,2,0
510.678,1,30099456,windows,0,205,205,7,0,0,0,0,0,0,5,2,0
510.688,0,31614976,windows,0,205,205,7,0,0,0,0,0,0,5,2,0
510.931,1,30114816,windows,0,205,205,7,0,0,0,0,0,0,5,2,0
510.947,0,31631360,windows,0,205,205,7,0,0,0,0,0,0,5,2,0
511.194,1,30129152,windows,0,205,205,7,0,0,0,0,0,0,5,2,0
511.202,0,31648768,windows,0,205,205,7,0,0,0,0,0,0,5,2,0
511.454,1,30144512,windows,0,205,205,7,0,0,0,0,0,0,5,2,0
511.456,0,31664128,windows,0,205,205,7,0,0,0,0,0,0,5,2,0
511.711,1,30160896,windows,0,205,205,7,0,0,0,0,0,0,5,2,0
511.719,0,31681536,windows,0,205,205,7,0,0,0,0,0,0,5,2,0
511.961,1,30177280,windows,0,205,205,7,0,0,0,0,0,0,5,2,0
511.978,0,31698944,windows,0,205,205,7,0,0,0,0,0,0,5,2,0
512.225,1,30194688,windows,0,205,205,7,0,0,0,0,0,0,5,2,0
512.237,0,31716352,windows,0,205,205,7,0,0,0,0,0,0,5,2,0
512.489,1,30212096,windows,0,205,205,7,0,0,0,0,0,0,5,2,0
512.494,0,31733760,windows,0,205,205,7,0,0,0,0,0,0,5,2,0
512.741,1,30228480,windows,0,205,205,7,0,0,0,0,0,0,5,2,0
512.759,0,31751168,windows,0,205,205,7,0,0,0,0,0,0,5,2,0
513.003,1,30246912,windows,0,205,205,7,0,0,0,0,0,0,5,2,0
513.018,0,31768576,windows,0,205,205,7,0,0,0,0,0,0,5,2,0
513.261,1,30264320,windows,0,205,205,7,0,0,0,0,0,0,5,2,0
513.273,0,31785984,windows,0,205,205,7,0,0,0,0,0,0,5,2,0
513.515,1,30280704,windows,0,205,205,7,0,0,0,0,0,0,5,2,0
513.527,0,31803392,windows,0,205,205,7,0,0,0,0,0,0,5,2,0
513.77,1,30298112,windows,0,205,205,7,0,0,0,0,0,0,5,2,0
513.782,0,31821824,windows,0,205,205,7,0,0,0,0,0,0,5,2,0
514.03,1,30317568,windows,0,205,205,7,0,0,0,0,0,0,5,2,0
514.046,0,31840256,windows,0,205,205,7,0,0,0,0,0,0,5,2,0
514.293,1,30336000,windows,0,205,205,7,0,0,0,0,0,0,5,2,0
514.3,0,31858688,windows,0,205,205,7,0,0,0,0,0,0,5,2,0
514.553,1,30353408,windows,0,205,205,7,0,0,0,0,0,0,5,2,0
514.556,0,31877120,windows,0,205,205,7,0,0,0,0,0,0,5,2,0
514.807,0,31894528,repair,0,205,205,7,0,0,0,0,0,0,5,2,0
514.808,1,30370816,windows,0,205,205,7,0,0,0,0,0,0,5,2,0
515.066,0,31913984,repair,0,205,205,7,0,0,0,0,0,0,5,2,0
515.07,1,30389248,windows,0,205,205,7,0,0,0,0,0,0,5,2,0
515.324,0,31934464,repair,0,205,205,7,0,0,0,0,0,0,5,2,0
515.326,1,30407680,windows,0,205,205,7,0,0,0,0,0,0,5,2,0
515.576,0,31953920,repair,0,205,205,7,0,0,0,0,0,0,5,2,0
515.582,1,30424064,windows,0,205,205,7,0,0,0,0,0,0,5,2,0
515.831,0,31973376,repair,0,205,205,7,0,0,0,0,0,0,5,2,0
515.842,1,30442496,windows,0,205,205,7,0,0,0,0,0,0,5,2,0
516.091,0,31990784,windows,0,205,205,7,0,0,0,0,0,0,5,2,0
516.097,1,30460928,repair,0,205,205,7,0,0,0,0,0,0,5,2,0
516.351,1,30478336,repair,0,205,205,7,0,0,0,0,0,0,5,2,0
516.355,0,32007168,windows,0,205,205,7,0,0,0,0,0,0,5,2,0
516.614,1,30496768,windows,0,205,205,7,0,0,0,0,0,0,5,2,0
516.623,0,32024576,windows,0,205,205,7,0,0,0,0,0,0,5,2,0
516.876,1,30514176,windows,0,205,205,7,0,0,0,0,0,0,5,2,0
516.882,0,32040960,windows,0,205,205,7,0,0,0,0,0,0,5,2,0
517.133,1,30530560,windows,0,205,205,7,0,0,0,0,0,0,5,2,0
517.138,0,32058368,windows,0,205,205,7,0,0,0,0,0,0,5,2,0
517.384,1,30546944,windows,0,205,205,7,0,0,0,0,0,0,5,2,0
517.396,0,32075776,windows,0,205,205,7,0,0,0,0,0,0,5,2,0
517.634,1,30563328,windows,0,205,205,7,0,0,0,0,0,0,5,2,0
517.648,0,32092160,windows,0,205,205,7,0,0,0,0,0,0,5,2,0
517.887,1,30579712,windows,0,205,205,7,0,0,0,0,0,0,5,2,0
517.899,0,32108544,windows,0,205,205,7,0,0,0,0,0,0,5,2,0
518.142,1,30596096,windows,0,205,205,7,0,0,0,0,0,0,5,2,0
518.163,0,32125952,windows,0,205,205,7,0,0,0,0,0,0,5,2,0
518.402,1,30612480,windows,0,205,205,7,0,0,0,0,0,0,5,2,0
518.426,0,32143360,windows,0,205,205,7,0,0,0,0,0,0,5,2,0
518.661,1,30627840,windows,0,205,205,7,0,0,0,0,0,0,5,2,0
518.687,0,32160768,windows,0,205,205,7,0,0,0,0,0,0,5,2,0
518.911,1,30644224,windows,0,205,205,7,0,0,0,0,0,0,5,2,0
518.941,0,32178176,windows,0,205,205,7,0,0,0,0,0,0,5,2,0
519.174,1,30661632,windows,0,205,205,7,0,0,0,0,0,0,5,2,0
519.203,0,32195584,windows,0,205,205,7,0,0,0,0,0,0,5,2,0
519.436,1,30678016,windows,0,205,205,7,0,0,0,0,0,0,5,2,0
519.456,0,32212992,windows,0,205,205,7,0,0,0,0,0,0,5,2,0
519.686,1,30693376,windows,0,205,205,7,0,0,0,0,0,0,5,2,0
519.711,0,32230400,windows,0,205,205,7,0,0,0,0,0,0,5,2,0
519.952,1,30710784,windows,0,205,205,7,0,0,0,0,0,0,5,2,0
519.976,0,32248832,windows,0,205,205,7,0,0,0,0,0,0,5,2,0
520.204,1,30726144,windows,0,205,205,7,0,0,0,0,0,0,5,2,0
520.229,0,32266240,windows,0,205,205,7,0,0,0,0,0,0,5,2,0
520.461,1,30742528,windows,0,205,205,7,0,0,0,0,0,0,5,2,0
520.492,0,32284672,windows,0,205,205,7,0,0,0,0,0,0,5,2,0
520.715,1,30758912,windows,0,205,205,7,0,0,0,0,0,0,5,2,0
520.75,0,32302080,windows,0,205,205,7,0,0,0,0,0,0,5,2,0
520.969,1,30775296,windows,0,205,205,7,0,0,0,0,0,0,5,2,0
521.006,0,32319488,windows,0,205,205,7,0,0,0,0,0,0,5,2,0
521.226,1,30792704,windows,0,205,205,7,0,0,0,0,0,0,5,2,0
521.264,0,32337920,windows,0,205,205,7,0,0,0,0,0,0,5,2,0
521.477,1,30810112,windows,0,205,205,7,0,0,0,0,0,0,5,2,0
521.525,0,32355328,windows,0,205,205,7,0,0,0,0,0,0,5,2,0
521.727,1,30825472,windows,0,205,205,7,0,0,0,0,0,0,5,2,0
521.776,0,32372736,windows,0,205,205,7,0,0,0,0,0,0,5,2,0
521.981,1,30840832,windows,0,205,205,7,0,0,0,0,0,0,5,2,0
522.028,0,32390144,windows,0,205,205,7,0,0,0,0,0,0,5,2,0
522.235,1,30857216,windows,0,205,205,7,0,0,0,0,0,0,5,2,0
522.286,0,32407552,repair,0,205,205,7,0,0,0,0,0,0,5,2,0
522.488,1,30873600,windows,0,205,205,7,0,0,0,0,0,0,5,2,0
522.547,0,32425984,windows,0,205,205,7,0,0,0,0,0,0,5,2,0
522.742,1,30891008,windows,0,205,205,7,0,0,0,0,0,0,5,2,0
522.805,0,32443392,windows,0,205,205,7,0,0,0,0,0,0,5,2,0
523.002,1,30908416,windows,0,205,205,7,0,0,0,0,0,0,5,2,0
523.068,0,32460800,windows,0,205,205,7,0,0,0,0,0,0,5,2,0
523.253,1,30924800,windows,0,205,205,7,0,0,0,0,0,0,5,2,0
523.323,0,32478208,windows,0,205,205,7,0,0,0,0,0,0,5,2,0
523.512,1,30940160,windows,0,205,205,7,0,0,0,0,0,0,5,2,0
523.584,0,32494592,windows,0,205,205,7,0,0,0,0,0,0,5,2,0
523.778,1,30956544,windows,0,205,205,7,0,0,0,0,0,0,5,2,0
523.844,0,32512000,windows,0,205,205,7,0,0,0,0,0,0,5,2,0
524.038,1,30972928,windows,0,205,205,7,0,0,0,0,0,0,5,2,0
524.095,0,32528384,windows,0,205,205,7,0,0,0,0,0,0,5,2,0
524.3,1,30990336,windows,0,205,205,7,0,0,0,0,0,0,5,2,0
524.352,0,32545792,windows,0,205,205,7,0,0,0,0,0,0,5,2,0
524.555,1,31005696,windows,0,205,205,7,0,0,0,0,0,0,5,2,0
524.611,0,32564224,windows,0,205,205,7,0,0,0,0,0,0,5,2,0
524.816,1,31022080,windows,0,205,205,7,0,0,0,0,0,0,5,2,0
524.862,0,32581632,windows,0,205,205,7,0,0,0,0,0,0,5,2,0
525.068,1,31039488,repair,0,205,205,7,0,0,0,0,0,0,5,2,0
525.119,0,32600064,windows,0,205,205,7,0,0,0,0,0,0,5,2,0
525.326,1,31055872,repair,0,205,205,7,0,0,0,0,0,0,5,2,0
525.377,0,32616448,windows,0,205,205,7,0,0,0,0,0,0,5,2,0
525.587,1,31075328,repair,0,205,205,7,0,0,0,0,0,0,5,2,0
525.639,0,32635904,windows,0,205,205,7,0,0,0,0,0,0,5,2,0
525.838,1,31092736,windows,0,205,205,7,0,0,0,0,0,0,5,2,0
525.89,0,32654336,windows,0,205,205,7,0,0,0,0,0,0,5,2,0
526.1,1,31108096,windows,0,205,205,7,0,0,0,0,0,0,5,2,0
526.15,0,32673792,windows,0,205,205,7,0,0,0,0,0,0,5,2,0
526.356,1,31122432,windows,0,205,205,7,0,0,0,0,0,0,5,2,0
526.404,0,32692224,windows,0,205,205,7,0,0,0,0,0,0,5,2,0
526.619,1,31137792,windows,0,205,205,7,0,0,0,0,0,0,5,2,0
526.661,0,32711680,windows,0,205,205,7,0,0,0,0,0,0,5,2,0
526.879,1,31152128,windows,0,205,205,7,0,0,0,0,0,0,5,2,0
526.916,0,32731136,windows,0,205,205,7,0,0,0,0,0,0,5,2,0
527.146,1,31167488,windows,0,205,205,7,0,0,0,0,0,0,5,2,0
527.173,0,32750592,repair,0,205,205,7,0,0,0,0,0,0,5,2,0
527.399,1,31180800,windows,0,205,205,7,0,0,0,0,0,0,5,2,0
527.427,0,32766976,repair,0,205,205,7,0,0,0,0,0,0,5,2,0
527.664,1,31195136,windows,0,205,205,7,0,0,0,0,0,0,5,2,0
527.679,0,32785408,repair,0,205,205,7,0,0,0,0,0,0,5,2,0
527.915,1,31208448,windows,0,205,205,7,0,0,0,0,0,0,5,2,0
527.936,0,32805888,repair,0,205,205,7,0,0,0,0,0,0,5,2,0
528.169,1,31222784,windows,0,205,205,7,0,0,0,0,0,0,5,2,0
528.197,0,32823296,windows,0,205,205,7,0,0,0,0,0,0,5,2,0
528.422,1,31235072,windows,0,205,205,7,0,0,0,0,0,0,5,2,0
528.462,0,32839680,windows,0,205,205,7,0,0,0,0,0,0,5,2,0
528.685,1,31249408,windows,0,205,205,7,0,0,0,0,0,0,5,2,0
528.715,0,32855040,windows,0,205,205,7,0,0,0,0,0,0,5,2,0
528.949,1,31263744,repair,0,205,205,7,0,0,0,0,0,0,5,2,0
528.965,0,32870400,windows,0,205,205,7,0,0,0,0,0,0,5,2,0
529.207,1,31280128,repair,0,205,205,7,0,0,0,0,0,0,5,2,0
529.217,0,32885760,windows,0,205,205,7,0,0,0,0,0,0,5,2,0
529.465,1,31297536,repair,0,205,205,7,0,0,0,0,0,0,5,2,0
529.479,0,32901120,windows,0,205,205,7,0,0,0,0,0,0,5,2,0
529.721,1,31312896,windows,0,205,205,7,0,0,0,0,0,0,5,2,0
529.74,0,32917504,windows,0,205,205,7,0,0,0,0,0,0,5,2,0
529.981,1,31328256,windows,0,205,205,7,0,0,0,0,0,0,5,2,0
529.992,0,32933888,windows,0,205,205,7,0,0,0,0,0,0,5,2,0
530.234,1,31344640,windows,0,205,205,7,0,0,0,0,0,0,5,2,0
530.249,0,32950272,windows,0,205,205,7,0,0,0,0,0,0,5,2,0
530.492,1,31361024,windows,0,205,205,7,0,0,0,0,0,0,5,2,0
530.5,0,32965632,windows,0,205,205,7,0,0,0,0,0,0,5,2,0
530.755,1,31378432,windows,0,205,205,7,0,0,0,0,0,0,5,2,0
530.758,0,32982016,windows,0,205,205,7,0,0,0,0,0,0,5,2,0
531.006,1,31394816,windows,0,205,205,7,0,0,0,0,0,0,5,2,0
531.009,0,32998400,windows,0,205,205,7,0,0,0,0,0,0,5,2,0
531.261,0,33014784,windows,0,205,205,7,0,0,0,0,0,0,5,2,0
531.262,1,31411200,windows,0,205,205,7,0,0,0,0,0,0,5,2,0
531.516,1,31427584,windows,0,205,205,7,0,0,0,0,0,0,5,2,0
531.52,0,33031168,windows,0,205,205,7,0,0,0,0,0,0,5,2,0
531.775,0,33047552,windows,0,205,205,7,0,0,0,0,0,0,5,2,0
531.781,1,31444992,windows,0,205,205,7,0,0,0,0,0,0,5,2,0
532.031,0,33063936,windows,0,205,205,7,0,0,0,0,0,0,5,2,0
532.043,1,31461376,windows,0,205,205,7,0,0,0,0,0,0,5,2,0
532.282,0,33080320,windows,0,205,205,7,0,0,0,0,0,0,5,2,0
532.302,1,31477760,windows,0,205,205,7,0,0,0,0,0,0,5,2,0
532.546,0,33097728,windows,0,205,205,7,0,0,0,0,0,0,5,2,0
532.561,1,31495168,windows,0,205,205,7,0,0,0,0,0,0,5,2,0
532.805,0,33115136,windows,0,205,205,7,0,0,0,0,0,0,5,2,0
532.825,1,31512576,windows,0,205,205,7,0,0,0,0,0,0,5,2,0
533.062,0,33132544,windows,0,205,205,7,0,0,0,0,0,0,5,2,0
533.086,1,31529984,windows,0,205,205,7,0,0,0,0,0,0,5,2,0
533.321,0,33149952,windows,0,205,205,7,0,0,0,0,0,0,5,2,0
533.343,1,31546368,windows,0,205,205,7,0,0,0,0,0,0,5,2,0
533.583,0,33167360,windows,0,205,205,7,0,0,0,0,0,0,5,2,0
533.598,1,31562752,windows,0,205,205,7,0,0,0,0,0,0,5,2,0
533.84,0,33184768,repair,0,205,205,7,0,0,0,0,0,0,5,2,0
533.859,1,31580160,windows,0,205,205,7,0,0,0,0,0,0,5,2,0
534.097,0,33202176,repair,0,205,205,7,0,0,0,0,0,0,5,2,0
534.12,1,31596544,windows,0,205,205,7,0,0,0,0,0,0,5,2,0
534.348,0,33220608,repair,0,205,205,7,0,0,0,0,0,0,5,2,0
534.388,1,31611904,windows,0,205,205,7,0,0,0,0,0,0,5,2,0
534.606,0,33239040,repair,0,205,205,7,0,0,0,0,0,0,5,2,0
534.651,1,31627264,windows,0,205,205,7,0,0,0,0,0,0,5,2,0
534.865,0,33257472,windows,0,205,205,7,0,0,0,0,0,0,5,2,0
534.913,1,31642624,windows,0,205,205,7,0,0,0,0,0,0,5,2,0
535.127,0,33274880,windows,0,205,205,7,0,0,0,0,0,0,5,2,0
535.173,1,31659008,windows,0,205,205,7,0,0,0,0,0,0,5,2,0
535.399,0,33293312,windows,0,205,205,7,0,0,0,0,0,0,5,2,0
535.425,1,31675392,windows,0,205,205,7,0,0,0,0,0,0,5,2,0
535.651,0,33309696,windows,0,205,205,7,0,0,0,0,0,0,5,2,0
535.682,1,31690752,repair,0,205,205,7,0,0,0,0,0,0,5,2,0
535.903,0,33326080,windows,0,205,205,7,0,0,0,0,0,0,5,2,0
535.933,1,31706112,repair,0,205,205,7,0,0,0,0,0,0,5,2,0
536.161,0,33342464,windows,0,205,205,7,0,0,0,0,0,0,5,2,0
536.187,1,31723520,repair,0,205,205,7,0,0,0,0,0,0,5,2,0
536.428,0,33356800,windows,0,205,205,7,0,0,0,0,0,0,5,2,0
536.439,1,31742976,repair,0,205,205,7,0,0,0,0,0,0,5,2,0
536.687,0,33373184,windows,0,205,205,7,0,0,0,0,0,0,5,2,0
536.692,1,31762432,repair,0,205,205,7,0,0,0,0,0,0,5,2,0
536.945,0,33389568,windows,0,205,205,7,0,0,0,0,0,0,5,2,0
536.955,1,31778816,windows,0,205,205,7,0,0,0,0,0,0,5,2,0
537.199,0,33404928,windows,0,205,205,7,0,0,0,0,0,0,5,2,0
537.222,1,31794176,windows,0,205,205,7,0,0,0,0,0,0,5,2,0
537.457,0,33420288,windows,0,205,205,7,0,0,0,0,0,0,5,2,0
537.486,1,31808512,windows,0,205,205,7,0,0,0,0,0,0,5,2,0
537.715,0,33436672,windows,0,205,205,7,0,0,0,0,0,0,5,2,0
537.744,1,31824896,windows,0,205,205,7,0,0,0,0,0,0,5,2,0
537.971,0,33453056,windows,0,205,205,7,0,0,0,0,0,0,5,2,0
538.008,1,31840256,windows,0,205,205,7,0,0,0,0,0,0,5,2,0
538.224,0,33469440,windows,0,205,205,7,0,0,0,0,0,0,5,2,0
538.269,1,31855616,windows,0,205,205,7,0,0,0,0,0,0,5,2,0
538.489,0,33486848,windows,0,205,205,7,0,0,0,0,0,0,5,2,0
538.536,1,31872000,windows,0,205,205,7,0,0,0,0,0,0,5,2,0
538.74,0,33503232,repair,0,205,205,7,0,0,0,0,0,0,5,2,0
538.802,1,31887360,windows,0,205,205,7,0,0,0,0,0,0,5,2,0
538.995,0,33520640,windows,0,205,205,7,0,0,0,0,0,0,5,2,0
539.073,1,31901696,windows,0,205,205,7,0,0,0,0,0,0,5,2,0
539.252,0,33538048,windows,0,205,205,7,0,0,0,0,0,0,5,2,0
539.33,1,31915008,windows,0,205,205,7,0,0,0,0,0,0,5,2,0
539.506,0,33554432,windows,0,205,205,7,0,0,0,0,0,0,5,2,0
539.596,1,31929344,windows,0,205,205,7,0,0,0,0,0,0,5,2,0
539.76,0,33570816,windows,0,205,205,7,0,0,0,0,0,0,5,2,0
539.849,1,31942656,windows,0,205,205,7,0,0,0,0,0,0,5,2,0
540.025,0,33588224,windows,0,205,205,7,0,0,0,0,0,0,5,2,0
540.119,1,31958016,windows,0,205,205,7,0,0,0,0,0,0,5,2,0
540.282,0,33604608,windows,0,205,205,7,0,0,0,0,0,0,5,2,0
540.381,1,31971328,windows,0,205,205,7,0,0,0,0,0,0,5,2,0
540.538,0,33618944,windows,0,205,205,7,0,0,0,0,0,0,5,2,0
540.634,1,31984640,windows,0,205,205,7,0,0,0,0,0,0,5,2,0
540.803,0,33635328,windows,0,205,205,7,0,0,0,0,0,0,5,2,0
540.898,1,31998976,windows,0,205,205,7,0,0,0,0,0,0,5,2,0
541.057,0,33650688,windows,0,205,205,7,0,0,0,0,0,0,5,2,0
541.152,1,32012288,windows,0,205,205,7,0,0,0,0,0,0,5,2,0
541.311,0,33667072,windows,0,205,205,7,0,0,0,0,0,0,5,2,0
541.413,1,32026624,windows,0,205,205,7,0,0,0,0,0,0,5,2,0
541.562,0,33682432,windows,0,205,205,7,0,0,0,0,0,0,5,2,0
541.674,1,32040960,windows,0,205,205,7,0,0,0,0,0,0,5,2,0
541.82,0,33697792,windows,0,205,205,7,0,0,0,0,0,0,5,2,0
541.932,1,32055296,windows,0,205,205,7,0,0,0,0,0,0,5,2,0
542.077,0,33714176,windows,0,205,205,7,0,0,0,0,0,0,5,2,0
542.192,1,32070656,windows,0,205,205,7,0,0,0,0,0,0,5,2,0
542.328,0,33730560,windows,0,205,205,7,0,0,0,0,0,0,5,2,0
542.448,1,32084992,windows,0,205,205,7,0,0,0,0,0,0,5,2,0
542.594,0,33747968,windows,0,205,205,7,0,0,0,0,0,0,5,2,0
542.709,1,32099328,windows,0,205,205,7,0,0,0,0,0,0,5,2,0
542.854,0,33765376,windows,0,205,205,7,0,0,0,0,0,0,5,2,0
542.972,1,32113664,windows,0,205,205,7,0,0,0,0,0,0,5,2,0
543.114,0,33782784,windows,0,205,205,7,0,0,0,0,0,0,5,2,0
543.236,1,32129024,windows,0,205,205,7,0,0,0,0,0,0,5,2,0
543.372,0,33800192,windows,0,205,205,7,0,0,0,0,0,0,5,2,0
543.487,1,32143360,windows,0,205,205,7,0,0,0,0,0,0,5,2,0
543.629,0,33816576,windows,0,205,205,7,0,0,0,0,0,0,5,2,0
543.751,1,32157696,windows,0,205,205,7,0,0,0,0,0,0,5,2,0
543.893,0,33835008,windows,0,205,205,7,0,0,0,0,0,0,5,2,0
544.003,1,32169984,windows,0,205,205,7,0,0,0,0,0,0,5,2,0
544.153,0,33853440,windows,0,205,205,7,0,0,0,0,0,0,5,2,0
544.27,1,32185344,windows,0,205,205,7,0,0,0,0,0,0,5,2,0
544.417,0,33869824,windows,0,205,205,7,0,0,0,0,0,0,5,2,0
544.52,1,32199680,windows,0,205,205,7,0,0,0,0,0,0,5,2,0
544.677,0,33886208,windows,0,205,205,7,0,0,0,0,0,0,5,2,0
544.784,1,32215040,windows,0,205,205,7,0,0,0,0,0,0,5,2,0
544.935,0,33904640,repair,0,205,205,7,0,0,0,0,0,0,5,2,0
545.048,1,32229376,repair,0,205,205,7,0,0,0,0,0,0,5,2,0
545.186,0,33924096,repair,0,205,205,7,0,0,0,0,0,0,5,2,0
545.305,1,32244736,repair,0,205,205,7,0,0,0,0,0,0,5,2,0
545.448,0,33944576,windows,0,205,205,7,0,0,0,0,0,0,5,2,0
545.56,1,32260096,repair,0,205,205,7,0,0,0,0,0,0,5,2,0
545.702,0,33960960,windows,0,205,205,7,0,0,0,0,0,0,5,2,0
545.82,1,32276480,repair,0,205,205,7,0,0,0,0,0,0,5,2,0
545.961,0,33977344,windows,0,205,205,7,0,0,0,0,0,0,5,2,0
546.083,1,32293888,repair,0,205,205,7,0,0,0,0,0,0,5,2,0
546.22,0,33993728,windows,0,205,205,7,0,0,0,0,0,0,5,2,0
546.333,1,32310272,repair,0,205,205,7,0,0,0,0,0,0,5,2,0
546.47,0,34008064,windows,0,205,205,7,0,0,0,0,0,0,5,2,0
546.591,1,32324608,windows,0,205,205,7,0,0,0,0,0,0,5,2,0
546.727,0,34023424,windows,0,205,205,7,0,0,0,0,0,0,5,2,0
546.853,1,32340992,windows,0,205,205,7,0,0,0,0,0,0,5,2,0
546.981,0,34038784,windows,0,205,205,7,0,0,0,0,0,0,5,2,0
547.109,1,32356352,windows,0,205,205,7,0,0,0,0,0,0,5,2,0
547.245,0,34055168,windows,0,205,205,7,0,0,0,0,0,0,5,2,0
547.376,1,32371712,windows,0,205,205,7,0,0,0,0,0,0,5,2,0
547.502,0,34070528,windows,0,205,205,7,0,0,0,0,0,0,5,2,0
547.633,1,32385024,windows,0,205,205,7,0,0,0,0,0,0,5,2,0
547.765,0,34086912,windows,0,205,205,7,0,0,0,0,0,0,5,2,0
547.898,1,32398336,windows,0,205,205,7,0,0,0,0,0,0,5,2,0
548.02,0,34103296,windows,0,205,205,7,0,0,0,0,0,0,5,2,0
548.15,1,32411648,windows,0,205,205,7,0,0,0,0,0,0,5,2,0
548.278,0,34118656,windows,0,205,205,7,0,0,0,0,0,0,5,2,0
548.411,1,32424960,windows,0,205,205,7,0,0,0,0,0,0,5,2,0
548.543,0,34131968,windows,0,205,205,7,0,0,0,0,0,0,5,2,0
548.67,1,32438272,windows,0,205,205,7,0,0,0,0,0,0,5,2,0
548.81,0,34147328,windows,0,205,205,7,0,0,0,0,0,0,5,2,0
548.931,1,32452608,windows,0,205,205,7,0,0,0,0,0,0,5,2,0
549.074,0,34162688,windows,0,205,205,7,0,0,0,0,0,0,5,2,0
549.182,1,32466944,windows,0,205,205,7,0,0,0,0,0,0,5,2,0
549.337,0,34179072,windows,0,205,205,7,0,0,0,0,0,0,5,2,0
549.448,1,32483328,windows,0,205,205,7,0,0,0,0,0,0,5,2,0
549.599,0,34195456,windows,0,205,205,7,0,0,0,0,0,0,5,2,0
549.704,1,32499712,windows,0,205,205,7,0,0,0,0,0,0,5,2,0
549.849,0,34211840,windows,0,205,205,7,0,0,0,0,0,0,5,2,0
549.97,1,32517120,windows,0,205,205,7,0,0,0,0,0,0,5,2,0
550.107,0,34229248,windows,0,205,205,7,0,0,0,0,0,0,5,2,0
550.224,1,32533504,windows,0,205,205,7,0,0,0,0,0,0,5,2,0
550.362,0,34245632,windows,0,205,205,7,0,0,0,0,0,0,5,2,0
550.488,1,32550912,windows,0,205,205,7,0,0,0,0,0,0,5,2,0
550.62,0,34262016,windows,0,205,205,7,0,0,0,0,0,0,5,2,0
550.742,1,32568320,windows,0,205,205,7,0,0,0,0,0,0,5,2,0
550.877,0,34279424,windows,0,205,205,7,0,0,0,0,0,0,5,2,0
551.004,1,32584704,windows,0,205,205,7,0,0,0,0,0,0,5,2,0
551.139,0,34293760,windows,0,205,205,7,0,0,0,0,0,0,5,2,0
551.268,1,32599040,windows,0,205,205,7,0,0,0,0,0,0,5,2,0
551.4,0,34307072,windows,0,205,205,7,0,0,0,0,0,0,5,2,0
551.518,1,32612352,windows,0,205,205,7,0,0,0,0,0,0,5,2,0
551.655,0,34320384,windows,0,205,205,7,0,0,0,0,0,0,5,2,0
551.781,1,32626688,windows,0,205,205,7,0,0,0,0,0,0,5,2,0
551.909,0,34333696,windows,0,205,205,7,0,0,0,0,0,0,5,2,0
552.035,1,32641024,windows,0,205,205,7,0,0,0,0,0,0,5,2,0
552.164,0,34347008,repair,0,205,205,7,0,0,0,0,0,0,5,2,0
552.302,1,32655360,windows,0,205,205,7,0,0,0,0,0,0,5,2,0
552.423,0,34361344,repair,0,205,205,7,0,0,0,0,0,0,5,2,0
552.562,1,32669696,windows,0,205,205,7,0,0,0,0,0,0,5,2,0
552.676,0,34374656,windows,0,205,205,7,0,0,0,0,0,0,5,2,0
552.812,1,32684032,repair,0,205,205,7,0,0,0,0,0,0,5,2,0
552.937,0,34388992,windows,0,205,205,7,0,0,0,0,0,0,5,2,0
553.065,1,32698368,repair,0,205,205,7,0,0,0,0,0,0,5,2,0
553.191,0,34403328,windows,0,205,205,7,0,0,0,0,0,0,5,2,0
553.316,1,32715776,windows,0,205,205,7,0,0,0,0,0,0,5,2,0
553.448,0,34416640,windows,0,205,205,7,0,0,0,0,0,0,5,2,0
553.581,1,32732160,windows,0,205,205,7,0,0,0,0,0,0,5,2,0
553.708,0,34430976,windows,0,205,205,7,0,0,0,0,0,0,5,2,0
553.839,1,32747520,windows,0,205,205,7,0,0,0,0,0,0,5,2,0
553.962,0,34445312,windows,0,205,205,7,0,0,0,0,0,0,5,2,0
554.099,1,32764928,windows,0,205,205,7,0,0,0,0,0,0,5,2,0
554.226,0,34460672,windows,0,205,205,7,0,0,0,0,0,0,5,2,0
554.361,1,32781312,windows,0,205,205,7,0,0,0,0,0,0,5,2,0
554.484,0,34475008,windows,0,205,205,7,0,0,0,0,0,0,5,2,0
554.615,1,32796672,windows,0,205,205,7,0,0,0,0,0,0,5,2,0
554.741,0,34489344,windows,0,205,205,7,0,0,0,0,0,0,5,2,0
554.883,1,32811008,windows,0,205,205,7,0,0,0,0,0,0,5,2,0
554.992,0,34503680,windows,0,205,205,7,0,0,0,0,0,0,5,2,0
555.136,1,32824320,windows,0,205,205,7,0,0,0,0,0,0,5,2,0
555.252,0,34518016,repair,0,205,205,7,0,0,0,0,0,0,5,2,0
555.39,1,32837632,windows,0,205,205,7,0,0,0,0,0,0,5,2,0
555.509,0,34532352,repair,0,205,205,7,0,0,0,0,0,0,5,2,0
555.655,1,32851968,windows,0,205,205,7,0,0,0,0,0,0,5,2,0
555.764,0,34547712,repair,0,205,205,7,0,0,0,0,0,0,5,2,0
555.911,1,32866304,windows,0,205,205,7,0,0,0,0,0,0,5,2,0
556.023,0,34562048,windows,0,205,205,7,0,0,0,0,0,0,5,2,0
556.161,1,32880640,windows,0,205,205,7,0,0,0,0,0,0,5,2,0
556.275,0,34575360,windows,0,205,205,7,0,0,0,0,0,0,5,2,0
556.414,1,32896000,windows,0,205,205,7,0,0,0,0,0,0,5,2,0
556.532,0,34589696,windows,0,205,205,7,0,0,0,0,0,0,5,2,0
556.666,1,32912384,windows,0,205,205,7,0,0,0,0,0,0,5,2,0
556.798,0,34604032,windows,0,205,205,7,0,0,0,0,0,0,5,2,0
556.921,1,32928768,windows,0,205,205,7,0,0,0,0,0,0,5,2,0
557.063,0,34618368,windows,0,205,205,7,0,0,0,0,0,0,5,2,0
557.182,1,32946176,windows,0,205,205,7,0,0,0,0,0,0,5,2,0
557.314,0,34631680,windows,0,205,205,7,0,0,0,0,0,0,5,2,0
557.434,1,32962560,windows,0,205,205,7,0,0,0,0,0,0,5,2,0
557.565,0,34644992,windows,0,205,205,7,0,0,0,0,0,0,5,2,0
557.685,1,32977920,windows,0,205,205,7,0,0,0,0,0,0,5,2,0
557.834,0,34659328,windows,0,205,205,7,0,0,0,0,0,0,5,2,0
557.935,1,32995328,windows,0,205,205,7,0,0,0,0,0,0,5,2,0
558.089,0,34673664,windows,0,205,205,7,0,0,0,0,0,0,5,2,0
558.193,1,33012736,windows,0,205,205,7,0,0,0,0,0,0,5,2,0
558.347,0,34688000,windows,0,205,205,7,0,0,0,0,0,0,5,2,0
558.45,1,33030144,windows,0,205,205,7,0,0,0,0,0,0,5,2,0
558.611,0,34701312,windows,0,205,205,7,0,0,0,0,0,0,5,2,0
558.714,1,33048576,windows,0,205,205,7,0,0,0,0,0,0,5,2,0
558.862,0,34714624,windows,0,205,205,7,0,0,0,0,0,0,5,2,0
558.965,1,33065984,windows,0,205,205,7,0,0,0,0,0,0,5,2,0
559.129,0,34728960,windows,0,205,205,7,0,0,0,0,0,0,5,2,0
559.226,1,33085440,windows,0,205,205,7,0,0,0,0,0,0,5,2,0
559.386,0,34743296,windows,0,205,205,7,0,0,0,0,0,0,5,2,0
559.485,1,33104896,windows,0,205,205,7,0,0,0,0,0,0,5,2,0
559.642,0,34756608,windows,0,205,205,7,0,0,0,0,0,0,5,2,0
559.737,1,33121280,repair,0,205,205,7,0,0,0,0,0,0,5,2,0
559.896,0,34770944,windows,0,205,205,7,0,0,0,0,0,0,5,2,0
559.989,1,33139712,windows,0,205,205,7,0,0,0,0,0,0,5,2,0
560.156,0,34786304,windows,0,205,205,7,0,0,0,0,0,0,5,2,0
560.242,1,33157120,windows,0,205,205,7,0,0,0,0,0,0,5,2,0
560.418,0,34800640,windows,0,205,205,7,0,0,0,0,0,0,5,2,0
560.501,1,33175552,windows,0,205,205,7,0,0,0,0,0,0,5,2,0
560.687,0,34814976,windows,0,205,205,7,0,0,0,0,0,0,5,2,0
560.766,1,33192960,windows,0,205,205,7,0,0,0,0,0,0,5,2,0
560.95,0,34829312,windows,0,205,205,7,0,0,0,0,0,0,5,2,0
561.026,1,33211392,windows,0,205,205,7,0,0,0,0,0,0,5,2,0
561.209,0,34843648,windows,0,205,205,7,0,0,0,0,0,0,5,2,0
561.279,1,33227776,windows,0,205,205,7,0,0,0,0,0,0,5,2,0
561.461,0,34857984,windows,0,205,205,7,0,0,0,0,0,0,5,2,0
561.543,1,33242112,windows,0,205,205,7,0,0,0,0,0,0,5,2,0
561.717,0,34873344,windows,0,205,205,7,0,0,0,0,0,0,5,2,0
561.81,1,33256448,windows,0,205,205,7,0,0,0,0,0,0,5,2,0
561.979,0,34891776,windows,0,205,205,7,0,0,0,0,0,0,5,2,0
562.065,1,33270784,windows,0,205,205,7,0,0,0,0,0,0,5,2,0
562.24,0,34911232,windows,0,205,205,7,0,0,0,0,0,0,5,2,0
562.326,1,33285120,windows,0,205,205,7,0,0,0,0,0,0,5,2,0
562.502,0,34929664,windows,0,205,205,7,0,0,0,0,0,0,5,2,0
562.585,1,33299456,windows,0,205,205,7,0,0,0,0,0,0,5,2,0
562.762,0,34947072,windows,0,205,205,7,0,0,0,0,0,0,5,2,0
562.839,1,33312768,windows,0,205,205,7,0,0,0,0,0,0,5,2,0
563.013,0,34963456,windows,0,205,205,7,0,0,0,0,0,0,5,2,0
563.105,1,33328128,windows,0,205,205,7,0,0,0,0,0,0,5,2,0
563.273,0,34980864,repair,0,205,205,7,0,0,0,0,0,0,5,2,0
563.364,1,33343488,windows,0,205,205,7,0,0,0,0,0,0,5,2,0
563.531,0,34999296,repair,0,205,205,7,0,0,0,0,0,0,5,2,0
563.631,1,33357824,windows,0,205,205,7,0,0,0,0,0,0,5,2,0
563.792,0,35015680,repair,0,205,205,7,0,0,0,0,0,0,5,2,0
563.882,1,33372160,windows,0,205,205,7,0,0,0,0,0,0,5,2,0
564.043,0,35031040,windows,0,205,205,7,0,0,0,0,0,0,5,2,0
564.146,1,33387520,windows,0,205,205,7,0,0,0,0,0,0,5,2,0
564.303,0,35047424,windows,0,205,205,7,0,0,0,0,0,0,5,2,0
564.408,1,33401856,windows,0,205,205,7,0,0,0,0,0,0,5,2,0
564.565,0,35063808,windows,0,205,205,7,0,0,0,0,0,0,5,2,0
564.659,1,33416192,windows,0,205,205,7,0,0,0,0,0,0,5,2,0
564.834,0,35080192,windows,0,205,205,7,0,0,0,0,0,0,5,2,0
564.922,1,33431552,windows,0,205,205,7,0,0,0,0,0,0,5,2,0
565.094,0,35097600,windows,0,205,205,7,0,0,0,0,0,0,5,2,0
565.177,1,33446912,repair,0,205,205,7,0,0,0,0,0,0,5,2,0
565.36,0,35111936,windows,0,205,205,7,0,0,0,0,0,0,5,2,0
565.431,1,33464320,repair,0,205,205,7,0,0,0,0,0,0,5,2,0
565.629,0,35126272,windows,0,205,205,7,0,0,0,0,0,0,5,2,0
565.682,1,33480704,windows,0,205,205,7,0,0,0,0,0,0,5,2,0
565.89,0,35140608,windows,0,205,205,7,0,0,0,0,0,0,5,2,0
565.932,1,33496064,windows,0,205,205,7,0,0,0,0,0,0,5,2,0
566.143,0,35153920,windows,0,205,205,7,0,0,0,0,0,0,5,2,0
566.185,1,33510400,windows,0,205,205,7,0,0,0,0,0,0,5,2,0
566.411,0,35168256,windows,0,205,205,7,0,0,0,0,0,0,5,2,0
566.436,1,33523712,windows,0,205,205,7,0,0,0,0,0,0,5,2,0
566.669,0,35182592,windows,0,205,205,7,0,0,0,0,0,0,5,2,0
566.693,1,33538048,windows,0,205,205,7,0,0,0,0,0,0,5,2,0
566.927,0,35195904,windows,0,205,205,7,0,0,0,0,0,0,5,2,0
566.961,1,33551360,windows,0,205,205,7,0,0,0,0,0,0,5,2,0
567.192,0,35211264,windows,0,205,205,7,0,0,0,0,0,0,5,2,0
567.214,1,33564672,windows,0,205,205,7,0,0,0,0,0,0,5,2,0
567.45,0,35224576,windows,0,205,205,7,0,0,0,0,0,0,5,2,0
567.468,1,33577984,windows,0,205,205,7,0,0,0,0,0,0,5,2,0
567.701,0,35237888,windows,0,205,205,7,0,0,0,0,0,0,5,2,0
567.721,1,33591296,windows,0,205,205,7,0,0,0,0,0,0,5,2,0
567.966,0,35252224,windows,0,205,205,7,0,0,0,0,0,0,5,2,0
567.987,1,33605632,windows,0,205,205,7,0,0,0,0,0,0,5,2,0
568.229,0,35266560,windows,0,205,205,7,0,0,0,0,0,0,5,2,0
568.253,1,33619968,windows,0,205,205,7,0,0,0,0,0,0,5,2,0
568.494,0,35280896,windows,0,205,205,7,0,0,0,0,0,0,5,2,0
568.503,1,33633280,windows,0,205,205,7,0,0,0,0,0,0,5,2,0
568.76,1,33647616,windows,0,205,205,7,0,0,0,0,0,0,5,2,0
568.763,0,35295232,windows,0,205,205,7,0,0,0,0,0,0,5,2,0
569.021,0,35309568,windows,0,205,205,7,0,0,0,0,0,0,5,2,0
569.03,1,33661952,windows,0,205,205,7,0,0,0,0,0,0,5,2,0
569.279,0,35323904,windows,0,205,205,7,0,0,0,0,0,0,5,2,0
569.288,1,33675264,windows,0,205,205,7,0,0,0,0,0,0,5,2,0
569.539,1,33687552,windows,0,205,205,7,0,0,0,0,0,0,5,2,0
569.539,0,35338240,windows,0,205,205,7,0,0,0,0,0,0,5,2,0
569.798,1,33700864,windows,0,205,205,7,0,0,0,0,0,0,5,2,0
569.8,0,35352576,windows,0,205,205,7,0,0,0,0,0,0,5,2,0
570.053,0,35367936,windows,0,205,205,7,0,0,0,0,0,0,5,2,0
570.06,1,33714176,windows,0,205,205,7,0,0,0,0,0,0,5,2,0
570.306,0,35383296,windows,0,205,205,7,0,0,0,0,0,0,5,2,0
570.314,1,33728512,windows,0,205,205,7,0,0,0,0,0,0,5,2,0
570.562,0,35397632,repair,0,205,205,7,0,0,0,0,0,0,5,2,0
570.569,1,33743872,windows,0,205,205,7,0,0,0,0,0,0,5,2,0
570.822,0,35412992,repair,0,205,205,7,0,0,0,0,0,0,5,2,0
570.835,1,33760256,windows,0,205,205,7,0,0,0,0,0,0,5,2,0
571.088,0,35429376,windows,0,205,205,7,0,0,0,0,0,0,5,2,0
571.101,1,33776640,windows,0,205,205,7,0,0,0,0,0,0,5,2,0
571.346,0,35443712,windows,0,205,205,7,0,0,0,0,0,0,5,2,0
571.354,1,33789952,windows,0,205,205,7,0,0,0,0,0,0,5,2,0
571.6,0,35457024,windows,0,205,205,7,0,0,0,0,0,0,5,2,0
571.611,1,33804288,repair,0,205,205,7,0,0,0,0,0,0,5,2,0
571.863,0,35472384,windows,0,205,205,7,0,0,0,0,0,0,5,2,0
571.865,1,33821696,windows,0,205,205,7,0,0,0,0,0,0,5,2,0
572.129,0,35487744,windows,0,205,205,7,0,0,0,0,0,0,5,2,0
572.132,1,33838080,windows,0,205,205,7,0,0,0,0,0,0,5,2,0
572.395,1,33856512,windows,0,205,205,7,0,0,0,0,0,0,5,2,0
572.398,0,35503104,windows,0,205,205,7,0,0,0,0,0,0,5,2,0
572.653,0,35517440,windows,0,205,205,7,0,0,0,0,0,0,5,2,0
572.655,1,33874944,windows,0,205,205,7,0,0,0,0,0,0,5,2,0
572.906,1,33892352,windows,0,205,205,7,0,0,0,0,0,0,5,2,0
572.912,0,35531776,windows,0,205,205,7,0,0,0,0,0,0,5,2,0
573.162,1,33909760,windows,0,205,205,7,0,0,0,0,0,0,5,2,0
573.166,0,35545088,windows,0,205,205,7,0,0,0,0,0,0,5,2,0
573.424,1,33928192,windows,0,205,205,7,0,0,0,0,0,0,5,2,0
573.424,0,35559424,windows,0,205,205,7,0,0,0,0,0,0,5,2,0
573.679,1,33945600,windows,0,205,205,7,0,0,0,0,0,0,5,2,0
573.689,0,35573760,windows,0,205,205,7,0,0,0,0,0,0,5,2,0
573.939,1,33964032,windows,0,205,205,7,0,0,0,0,0,0,5,2,0
573.952,0,35588096,windows,0,205,205,7,0,0,0,0,0,0,5,2,0
574.197,1,33982464,windows,0,205,205,7,0,0,0,0,0,0,5,2,0
574.21,0,35602432,windows,0,205,205,7,0,0,0,0,0,0,5,2,0
574.453,1,33999872,windows,0,205,205,7,0,0,0,0,0,0,5,2,0
574.475,0,35616768,windows,0,205,205,7,0,0,0,0,0,0,5,2,0
574.71,1,34017280,windows,0,205,205,7,0,0,0,0,0,0,5,2,0
574.736,0,35631104,windows,0,205,205,7,0,0,0,0,0,0,5,2,0
574.967,1,34035712,windows,0,205,205,7,0,0,0,0,0,0,5,2,0
574.988,0,35645440,windows,0,205,205,7,0,0,0,0,0,0,5,2,0
575.228,1,34055168,windows,0,205,205,7,0,0,0,0,0,0,5,2,0
575.238,0,35658752,windows,0,205,205,7,0,0,0,0,0,0,5,2,0
575.49,1,34073600,windows,0,205,205,7,0,0,0,0,0,0,5,2,0
575.493,0,35672064,windows,0,205,205,7,0,0,0,0,0,0,5,2,0
575.745,1,34092032,windows,0,205,205,7,0,0,0,0,0,0,5,2,0
575.748,0,35684352,windows,0,205,205,7,0,0,0,0,0,0,5,2,0
575.997,1,34109440,windows,0,205,205,7,0,0,0,0,0,0,5,2,0
576.003,0,35698688,windows,0,205,205,7,0,0,0,0,0,0,5,2,0
576.251,1,34126848,windows,0,205,205,7,0,0,0,0,0,0,5,2,0
576.264,0,35713024,windows,0,205,205,7,0,0,0,0,0,0,5,2,0
576.52,1,34147328,windows,0,205,205,7,0,0,0,0,0,0,5,2,0
576.525,0,35727360,windows,0,205,205,7,0,0,0,0,0,0,5,2,0
576.774,1,34166784,windows,0,205,205,7,0,0,0,0,0,0,5,2,0
576.784,0,35742720,windows,0,205,205,7,0,0,0,0,0,0,5,2,0
577.027,1,34187264,windows,0,205,205,7,0,0,0,0,0,0,5,2,0
577.05,0,35759104,windows,0,205,205,7,0,0,0,0,0,0,5,2,0
577.288,1,34208768,windows,0,205,205,7,0,0,0,0,0,0,5,2,0
577.312,0,35775488,windows,0,205,205,7,0,0,0,0,0,0,5,2,0
577.543,1,34228224,windows,0,205,205,7,0,0,0,0,0,0,5,2,0
577.565,0,35791872,windows,0,205,205,7,0,0,0,0,0,0,5,2,0
577.797,1,34246656,repair,0,205,205,7,0,0,0,0,0,0,5,2,0
577.823,0,35807232,windows,0,205,205,7,0,0,0,0,0,0,5,2,0
578.057,1,34265088,repair,0,205,205,7,0,0,0,0,0,0,5,2,0
578.077,0,35823616,windows,0,205,205,7,0,0,0,0,0,0,5,2,0
578.32,1,34281472,windows,0,205,205,7,0,0,0,0,0,0,5,2,0
578.34,0,35841024,repair,0,205,205,7,0,0,0,0,0,0,5,2,0
578.586,1,34294784,windows,0,205,205,7,0,0,0,0,0,0,5,2,0
578.6,0,35858432,repair,0,205,205,7,0,0,0,0,0,0,5,2,0
578.844,1,34308096,windows,0,205,205,7,0,0,0,0,0,0,5,2,0
578.859,0,35876864,repair,0,205,205,7,0,0,0,0,0,0,5,2,0
579.108,1,34322432,windows,0,205,205,7,0,0,0,0,0,0,5,2,0
579.121,0,35892224,windows,0,205,205,7,0,0,0,0,0,0,5,2,0
579.371,1,34336768,windows,0,205,205,7,0,0,0,0,0,0,5,2,0
579.376,0,35908608,windows,0,205,205,7,0,0,0,0,0,0,5,2,0
579.636,1,34351104,windows,0,205,205,7,0,0,0,0,0,0,5,2,0
579.644,0,35924992,windows,0,205,205,7,0,0,0,0,0,0,5,2,0
579.888,1,34364416,windows,0,205,205,7,0,0,0,0,0,0,5,2,0
579.913,0,35942400,windows,0,205,205,7,0,0,0,0,0,0,5,2,0
580.151,1,34378752,windows,0,205,205,7,0,0,0,0,0,0,5,2,0
580.164,0,35958784,windows,0,205,205,7,0,0,0,0,0,0,5,2,0
580.409,1,34392064,windows,0,205,205,7,0,0,0,0,0,0,5,2,0
580.425,0,35975168,windows,0,205,205,7,0,0,0,0,0,0,5,2,0
580.666,1,34405376,windows,0,205,205,7,0,0,0,0,0,0,5,2,0
580.687,0,35991552,windows,0,205,205,7,0,0,0,0,0,0,5,2,0
580.93,1,34419712,windows,0,205,205,7,0,0,0,0,0,0,5,2,0
580.946,0,36008960,windows,0,205,205,7,0,0,0,0,0,0,5,2,0
581.188,1,34434048,windows,0,205,205,7,0,0,0,0,0,0,5,2,0
581.203,0,36026368,windows,0,205,205,7,0,0,0,0,0,0,5,2,0
581.442,1,34447360,windows,0,205,205,7,0,0,0,0,0,0,5,2,0
581.465,0,36043776,windows,0,205,205,7,0,0,0,0,0,0,5,2,0
581.702,1,34461696,windows,0,205,205,7,0,0,0,0,0,0,5,2,0
581.726,0,36061184,windows,0,205,205,7,0,0,0,0,0,0,5,2,0
581.968,1,34476032,windows,0,205,205,7,0,0,0,0,0,0,5,2,0
581.991,0,36078592,windows,0,205,205,7,0,0,0,0,0,0,5,2,0
582.234,1,34490368,windows,0,205,205,7,0,0,0,0,0,0,5,2,0
582.244,0,36094976,windows,0,205,205,7,0,0,0,0,0,0,5,2,0
582.486,1,34503680,windows,0,205,205,7,0,0,0,0,0,0,5,2,0
582.501,0,36109312,windows,0,205,205,7,0,0,0,0,0,0,5,2,0
582.747,1,34518016,windows,0,205,205,7,0,0,0,0,0,0,5,2,0
582.767,0,36124672,windows,0,205,205,7,0,0,0,0,0,0,5,2,0
583.012,1,34533376,windows,0,205,205,7,0,0,0,0,0,0,5,2,0
583.03,0,36140032,windows,0,205,205,7,0,0,0,0,0,0,5,2,0
583.274,1,34548736,windows,0,205,205,7,0,0,0,0,0,0,5,2,0
583.289,0,36155392,windows,0,205,205,7,0,0,0,0,0,0,5,2,0
583.541,0,36171776,windows,0,205,205,7,0,0,0,0,0,0,5,2,0
583.543,1,34563072,windows,0,205,205,7,0,0,0,0,0,0,5,2,0
583.794,1,34576384,repair,0,205,205,7,0,0,0,0,0,0,5,2,0
583.801,0,36189184,windows,0,205,205,7,0,0,0,0,0,0,5,2,0
584.045,1,34592768,repair,0,205,205,7,0,0,0,0,0,0,5,2,0
584.058,0,36205568,windows,0,205,205,7,0,0,0,0,0,0,5,2,0
584.307,1,34611200,repair,0,205,205,7,0,0,0,0,0,0,5,2,0
584.312,0,36221952,windows,0,205,205,7,0,0,0,0,0,0,5,2,0
584.558,1,34626560,windows,0,205,205,7,0,0,0,0,0,0,5,2,0
584.577,0,36237312,windows,0,205,205,7,0,0,0,0,0,0,5,2,0
584.816,1,34642944,windows,0,205,205,7,0,0,0,0,0,0,5,2,0
584.833,0,36253696,windows,0,205,205,7,0,0,0,0,0,0,5,2,0
585.074,1,34658304,windows,0,205,205,7,0,0,0,0,0,0,5,2,0
585.09,0,36272128,windows,0,205,205,7,0,0,0,0,0,0,5,2,0
585.338,1,34671616,windows,0,205,205,7,0,0,0,0,0,0,5,2,0
585.343,0,36289536,windows,0,205,205,7,0,0,0,0,0,0,5,2,0
585.593,0,36305920,windows,0,205,205,7,0,0,0,0,0,0,5,2,0
585.599,1,34684928,windows,0,205,205,7,0,0,0,0,0,0,5,2,0
585.854,0,36322304,windows,0,205,205,7,0,0,0,0,0,0,5,2,0
585.856,1,34698240,windows,0,205,205,7,0,0,0,0,0,0,5,2,0
586.11,1,34712576,windows,0,205,205,7,0,0,0,0,0,0,5,2,0
586.116,0,36337664,windows,0,205,205,7,0,0,0,0,0,0,5,2,0
586.369,1,34726912,windows,0,205,205,7,0,0,0,0,0,0,5,2,0
586.378,0,36353024,windows,0,205,205,7,0,0,0,0,0,0,5,2,0
586.632,0,36367360,windows,0,205,205,7,0,0,0,0,0,0,5,2,0
586.633,1,34741248,windows,0,205,205,7,0,0,0,0,0,0,5,2,0
586.892,0,36384768,windows,0,205,205,7,0,0,0,0,0,0,5,2,0
586.898,1,34756608,windows,0,205,205,7,0,0,0,0,0,0,5,2,0
587.154,0,36402176,windows,0,205,205,7,0,0,0,0,0,0,5,2,0
587.165,1,34769920,windows,0,205,205,7,0,0,0,0,0,0,5,2,0
587.406,0,36419584,windows,0,205,205,7,0,0,0,0,0,0,5,2,0
587.417,1,34782208,windows,0,205,205,7,0,0,0,0,0,0,5,2,0
587.659,0,36436992,windows,0,205,205,7,0,0,0,0,0,0,5,2,0
587.675,1,34794496,windows,0,205,205,7,0,0,0,0,0,0,5,2,0
587.913,0,36453376,windows,0,205,205,7,0,0,0,0,0,0,5,2,0
587.939,1,34809856,windows,0,205,205,7,0,0,0,0,0,0,5,2,0
588.168,0,36469760,repair,0,205,205,7,0,0,0,0,0,0,5,2,0
588.193,1,34823168,windows,0,205,205,7,0,0,0,0,0,0,5,2,0
588.424,0,36487168,repair,0,205,205,7,0,0,0,0,0,0,5,2,0
588.447,1,34836480,windows,0,205,205,7,0,0,0,0,0,0,5,2,0
588.677,0,36502528,windows,0,205,205,7,0,0,0,0,0,0,5,2,0
588.711,1,34850816,windows,0,205,205,7,0,0,0,0,0,0,5,2,0
588.943,0,36517888,windows,0,205,205,7,0,0,0,0,0,0,5,2,0
588.978,1,34864128,windows,0,205,205,7,0,0,0,0,0,0,5,2,0
589.194,0,36533248,windows,0,205,205,7,0,0,0,0,0,0,5,2,0
589.246,1,34877440,windows,0,205,205,7,0,0,0,0,0,0,5,2,0
589.444,0,36548608,windows,0,205,205,7,0,0,0,0,0,0,5,2,0
589.503,1,34891776,windows,0,205,205,7,0,0,0,0,0,0,5,2,0
589.697,0,36563968,windows,0,205,205,7,0,0,0,0,0,0,5,2,0
589.753,1,34906112,windows,0,205,205,7,0,0,0,0,0,0,5,2,0
589.948,0,36579328,windows,0,205,205,7,0,0,0,0,0,0,5,2,0
590.018,1,34920448,windows,0,205,205,7,0,0,0,0,0,0,5,2,0
590.2,0,36596736,windows,0,205,205,7,0,0,0,0,0,0,5,2,0
590.268,1,34934784,windows,0,205,205,7,0,0,0,0,0,0,5,2,0
590.45,0,36613120,windows,0,205,205,7,0,0,0,0,0,0,5,2,0
590.53,1,34950144,windows,0,205,205,7,0,0,0,0,0,0,5,2,0
590.7,0,36629504,windows,0,205,205,7,0,0,0,0,0,0,5,2,0
590.786,1,34964480,windows,0,205,205,7,0,0,0,0,0,0,5,2,0
590.957,0,36645888,windows,0,205,205,7,0,0,0,0,0,0,5,2,0
591.043,1,34979840,windows,0,205,205,7,0,0,0,0,0,0,5,2,0
591.212,0,36663296,windows,0,205,205,7,0,0,0,0,0,0,5,2,0
591.305,1,34995200,windows,0,205,205,7,0,0,0,0,0,0,5,2,0
591.471,0,36680704,windows,0,205,205,7,0,0,0,0,0,0,5,2,0
591.562,1,35009536,windows,0,205,205,7,0,0,0,0,0,0,5,2,0
591.735,0,36698112,windows,0,205,205,7,0,0,0,0,0,0,5,2,0
591.823,1,35023872,windows,0,205,205,7,0,0,0,0,0,0,5,2,0
591.993,0,36713472,windows,0,205,205,7,0,0,0,0,0,0,5,2,0
592.075,1,35038208,windows,0,205,205,7,0,0,0,0,0,0,5,2,0
592.253,0,36729856,windows,0,205,205,7,0,0,0,0,0,0,5,2,0
592.334,1,35053568,windows,0,205,205,7,0,0,0,0,0,0,5,2,0
592.513,0,36745216,windows,0,205,205,7,0,0,0,0,0,0,5,2,0
592.59,1,35067904,windows,0,205,205,7,0,0,0,0,0,0,5,2,0
592.77,0,36762624,windows,0,205,205,7,0,0,0,0,0,0,5,2,0
592.841,1,35083264,windows,0,205,205,7,0,0,0,0,0,0,5,2,0
593.024,0,36777984,windows,0,205,205,7,0,0,0,0,0,0,5,2,0
593.098,1,35097600,repair,0,205,205,7,0,0,0,0,0,0,5,2,0
593.277,0,36793344,windows,0,205,205,7,0,0,0,0,0,0,5,2,0
593.348,1,35112960,windows,0,205,205,7,0,0,0,0,0,0,5,2,0
593.536,0,36808704,windows,0,205,205,7,0,0,0,0,0,0,5,2,0
593.612,1,35128320,windows,0,205,205,7,0,0,0,0,0,0,5,2,0
593.8,0,36825088,windows,0,205,205,7,0,0,0,0,0,0,5,2,0
593.878,1,35143680,windows,0,205,205,7,0,0,0,0,0,0,5,2,0
594.06,0,36843520,windows,0,205,205,7,0,0,0,0,0,0,5,2,0
594.14,1,35159040,windows,0,205,205,7,0,0,0,0,0,0,5,2,0
594.324,0,36861952,windows,0,205,205,7,0,0,0,0,0,0,5,2,0
594.404,1,35174400,windows,0,205,205,7,0,0,0,0,0,0,5,2,0
594.587,0,36878336,windows,0,205,205,7,0,0,0,0,0,0,5,2,0
594.666,1,35188736,windows,0,205,205,7,0,0,0,0,0,0,5,2,0
594.853,0,36896768,windows,0,205,205,7,0,0,0,0,0,0,5,2,0
594.927,1,35203072,windows,0,205,205,7,0,0,0,0,0,0,5,2,0
595.106,0,36914176,windows,0,205,205,7,0,0,0,0,0,0,5,2,0
595.192,1,35217408,windows,0,205,205,7,0,0,0,0,0,0,5,2,0
595.356,0,36932608,repair,0,205,205,7,0,0,0,0,0,0,5,2,0
595.448,1,35231744,windows,0,205,205,7,0,0,0,0,0,0,5,2,0
595.611,0,36951040,repair,0,205,205,7,0,0,0,0,0,0,5,2,0
595.702,1,35246080,windows,0,205,205,7,0,0,0,0,0,0,5,2,0
595.864,0,36971520,repair,0,205,205,7,0,0,0,0,0,0,5,2,0
595.971,1,35260416,windows,0,205,205,7,0,0,0,0,0,0,5,2,0
596.124,0,36992000,repair,0,205,205,7,0,0,0,0,0,0,5,2,0
596.227,1,35273728,windows,0,205,205,7,0,0,0,0,0,0,5,2,0
596.387,0,37009408,repair,0,205,205,7,0,0,0,0,0,0,5,2,0
596.48,1,35287040,windows,0,205,205,7,0,0,0,0,0,0,5,2,0
596.638,0,37024768,windows,0,205,205,7,0,0,0,0,0,0,5,2,0
596.733,1,35302400,windows,0,205,205,7,0,0,0,0,0,0,5,2,0
596.893,0,37041152,windows,0,205,205,7,0,0,0,0,0,0,5,2,0
596.998,1,35318784,windows,0,205,205,7,0,0,0,0,0,0,5,2,0
597.148,0,37058560,windows,0,205,205,7,0,0,0,0,0,0,5,2,0
597.267,1,35334144,windows,0,205,205,7,0,0,0,0,0,0,5,2,0
597.407,0,37074944,windows,0,205,205,7,0,0,0,0,0,0,5,2,0
597.526,1,35348480,windows,0,205,205,7,0,0,0,0,0,0,5,2,0
597.671,0,37091328,windows,0,205,205,7,0,0,0,0,0,0,5,2,0
597.796,1,35362816,windows,0,205,205,7,0,0,0,0,0,0,5,2,0
597.93,0,37107712,windows,0,205,205,7,0,0,0,0,0,0,5,2,0
598.051,1,35377152,windows,0,205,205,7,0,0,0,0,0,0,5,2,0
598.184,0,37124096,windows,0,205,205,7,0,0,0,0,0,0,5,2,0
598.314,1,35391488,windows,0,205,205,7,0,0,0,0,0,0,5,2,0
598.437,0,37139456,windows,0,205,205,7,0,0,0,0,0,0,5,2,0
598.564,1,35404800,repair,0,205,205,7,0,0,0,0,0,0,5,2,0
598.696,0,37155840,windows,0,205,205,7,0,0,0,0,0,0,5,2,0
598.819,1,35420160,repair,0,205,205,7,0,0,0,0,0,0,5,2,0
598.948,0,37172224,windows,0,205,205,7,0,0,0,0,0,0,5,2,0
599.08,1,35434496,windows,0,205,205,7,0,0,0,0,0,0,5,2,0
599.211,0,37187584,windows,0,205,205,7,0,0,0,0,0,0,5,2,0
599.346,1,35448832,windows,0,205,205,7,0,0,0,0,0,0,5,2,0
599.463,0,37203968,windows,0,205,205,7,0,0,0,0,0,0,5,2,0
599.6,1,35461120,windows,0,205,205,7,0,0,0,0,0,0,5,2,0
599.725,0,37220352,windows,0,205,205,7,0,0,0,0,0,0,5,2,0
599.853,1,35474432,windows,0,205,205,7,0,0,0,0,0,0,5,2,0
599.982,0,37236736,windows,0,205,205,7,0,0,0,0,0,0,5,2,0
600.004,1,35482624,end,0,205,205,7,0,0,0,0,0,0,5,2,0
600.017,0,37238784,end,0,205,205,7,0,0,0,0,0,0,5,2,0
